Vertex 1,Vertex 2,Edge Weight,Relationship
user_00000bad6fd9,The Doll 3 (2022),1,komentar
user_01cbf62bb822,FILM::The Doll 3 (2022),1,komentar
user_01d409d245da,FILM::The Doll 3 (2022),1,komentar
user_01fbe4c296e9,FILM::The Doll 3 (2022),1,komentar
user_033f8099c0df,FILM::The Doll 3 (2022),1,komentar
user_034621e5c6f8,FILM::The Doll 3 (2022),3,komentar
user_041d7ba459d5,FILM::The Doll 3 (2022),1,komentar
user_048cb794ba7c,FILM::The Doll 3 (2022),1,komentar
user_05661496cd99,FILM::The Doll 3 (2022),2,komentar
user_05aa0f3a2e0f,FILM::The Doll 3 (2022),1,komentar
user_06258b8289c1,FILM::The Doll 3 (2022),2,komentar
user_064bfca5c306,FILM::The Doll 3 (2022),1,komentar
user_070f0b669b50,FILM::The Doll 3 (2022),1,komentar
user_07fe3f4e0bee,FILM::The Doll 3 (2022),1,komentar
user_089806cc623a,FILM::The Doll 3 (2022),1,komentar
user_08e2d51ad655,FILM::The Doll 3 (2022),1,komentar
user_097057f649c7,FILM::The Doll 3 (2022),2,komentar
user_0999c2c9d8aa,FILM::The Doll 3 (2022),1,komentar
user_09cea4e8f048,FILM::The Doll 3 (2022),1,komentar
user_09f25bb993cc,FILM::The Doll 3 (2022),2,komentar
user_0a38f93ad766,FILM::The Doll 3 (2022),1,komentar
user_0a494e29aca0,FILM::The Doll 3 (2022),4,komentar
user_0aa83a23eaac,FILM::The Doll 3 (2022),1,komentar
user_0b1a74efd6f9,FILM::The Doll 3 (2022),1,komentar
user_0c797f599d5d,FILM::The Doll 3 (2022),1,komentar
user_0cb363c4082b,FILM::The Doll 3 (2022),1,komentar
user_0cca077296bf,FILM::The Doll 3 (2022),1,komentar
user_0cce30418774,FILM::The Doll 3 (2022),1,komentar
user_0daea66e02af,FILM::The Doll 3 (2022),1,komentar
user_0dbf23dd63fe,FILM::The Doll 3 (2022),1,komentar
user_0e098b69f16a,FILM::The Doll 3 (2022),1,komentar
user_0e4035c7e9b4,FILM::The Doll 3 (2022),1,komentar
user_0e53ab8a61c1,FILM::The Doll 3 (2022),1,komentar
user_0ead1f87825d,FILM::The Doll 3 (2022),1,komentar
user_0ef076758aa1,FILM::The Doll 3 (2022),1,komentar
user_0ef834c4eaed,FILM::The Doll 3 (2022),1,komentar
user_0f4018f3029d,FILM::The Doll 3 (2022),1,komentar
user_0f446f4ef5ac,FILM::The Doll 3 (2022),1,komentar
user_0fa4a5d9e54a,FILM::The Doll 3 (2022),1,komentar
user_0fd0d281f6b8,FILM::The Doll 3 (2022),1,komentar
user_110320d2c1f9,FILM::The Doll 3 (2022),1,komentar
user_119890fca1f4,FILM::The Doll 3 (2022),1,komentar
user_11e9000ec55a,FILM::The Doll 3 (2022),1,komentar
user_120a28cae58f,FILM::The Doll 3 (2022),1,komentar
user_12661ae2f772,FILM::The Doll 3 (2022),1,komentar
user_12c8708e75cf,FILM::The Doll 3 (2022),1,komentar
user_13c807594f0c,FILM::The Doll 3 (2022),1,komentar
user_14f8e2454d94,FILM::The Doll 3 (2022),1,komentar
user_1525cebcb7af,FILM::The Doll 3 (2022),1,komentar
user_168bf76d152f,FILM::The Doll 3 (2022),1,komentar
user_169f38237230,FILM::The Doll 3 (2022),1,komentar
user_16d19680ca50,FILM::The Doll 3 (2022),1,komentar
user_171144d60894,FILM::The Doll 3 (2022),1,komentar
user_1783b79c4abb,FILM::The Doll 3 (2022),1,komentar
user_1895d0d2f883,FILM::The Doll 3 (2022),1,komentar
user_18c0f7a4fd9d,FILM::The Doll 3 (2022),1,komentar
user_18c98585e682,FILM::The Doll 3 (2022),1,komentar
user_1933c27cdf7c,FILM::The Doll 3 (2022),1,komentar
user_19a97c99c17d,FILM::The Doll 3 (2022),1,komentar
user_1ad319409a54,FILM::The Doll 3 (2022),1,komentar
user_1b9f7a06d87e,FILM::The Doll 3 (2022),1,komentar
user_1c14bf81b12c,FILM::The Doll 3 (2022),1,komentar
user_1cc6b6f0f7a3,FILM::The Doll 3 (2022),1,komentar
user_1ce0dbd2cea5,FILM::The Doll 3 (2022),1,komentar
user_1dcc4c0ea2b6,FILM::The Doll 3 (2022),1,komentar
user_1e6fd0f4a946,FILM::The Doll 3 (2022),1,komentar
user_1ebcfb2396e9,FILM::The Doll 3 (2022),1,komentar
user_1fcd798af303,FILM::The Doll 3 (2022),2,komentar
user_1fde2effbc1e,FILM::The Doll 3 (2022),1,komentar
user_208d34381c01,FILM::The Doll 3 (2022),1,komentar
user_20b9dbbb9aa2,FILM::The Doll 3 (2022),1,komentar
user_20e797c00d5b,FILM::The Doll 3 (2022),1,komentar
user_211d9b9862c1,FILM::The Doll 3 (2022),1,komentar
user_215467f32864,FILM::The Doll 3 (2022),1,komentar
user_21693d22f06a,FILM::The Doll 3 (2022),2,komentar
user_21dcf068b873,FILM::The Doll 3 (2022),1,komentar
user_2263a02ea932,FILM::The Doll 3 (2022),2,komentar
user_234c09427a5a,FILM::The Doll 3 (2022),1,komentar
user_2376d864b91b,FILM::The Doll 3 (2022),1,komentar
user_24e4925cc6c9,FILM::The Doll 3 (2022),1,komentar
user_253aa360787b,FILM::The Doll 3 (2022),1,komentar
user_25918226a408,FILM::The Doll 3 (2022),1,komentar
user_26385048d6c6,FILM::The Doll 3 (2022),1,komentar
user_263ac8debe39,FILM::The Doll 3 (2022),1,komentar
user_266206898745,FILM::The Doll 3 (2022),1,komentar
user_26dff564f17f,FILM::The Doll 3 (2022),1,komentar
user_279943e2834c,FILM::The Doll 3 (2022),1,komentar
user_27cdf3b33a1b,FILM::The Doll 3 (2022),1,komentar
user_27ce960a41ed,FILM::The Doll 3 (2022),1,komentar
user_280cc99cba4f,FILM::The Doll 3 (2022),1,komentar
user_2966c6f2b189,FILM::The Doll 3 (2022),1,komentar
user_2974e8825727,FILM::The Doll 3 (2022),1,komentar
user_298488c99acb,FILM::The Doll 3 (2022),2,komentar
user_29a22d339c04,FILM::The Doll 3 (2022),1,komentar
user_29ae681fec84,FILM::The Doll 3 (2022),1,komentar
user_29bd8dbace91,FILM::The Doll 3 (2022),1,komentar
user_29fd34eff804,FILM::The Doll 3 (2022),1,komentar
user_2aa26b3159fc,FILM::The Doll 3 (2022),1,komentar
user_2b7074261c0e,FILM::The Doll 3 (2022),1,komentar
user_2b903451cb94,FILM::The Doll 3 (2022),1,komentar
user_2be1089f1fd1,FILM::The Doll 3 (2022),1,komentar
user_2d8af91106bc,FILM::The Doll 3 (2022),1,komentar
user_2dba904289ca,FILM::The Doll 3 (2022),2,komentar
user_2ddcd5ac3326,FILM::The Doll 3 (2022),17,komentar
user_2e2d9dbdb804,FILM::The Doll 3 (2022),2,komentar
user_2e6996411792,FILM::The Doll 3 (2022),1,komentar
user_2f529000a074,FILM::The Doll 3 (2022),1,komentar
user_2fc5a35b4a0d,FILM::The Doll 3 (2022),1,komentar
user_307e25af3794,FILM::The Doll 3 (2022),1,komentar
user_311764ec8d75,FILM::The Doll 3 (2022),1,komentar
user_3268bc07be3b,FILM::The Doll 3 (2022),1,komentar
user_33198e34ea2a,FILM::The Doll 3 (2022),1,komentar
user_334437188f6e,FILM::The Doll 3 (2022),1,komentar
user_3359954fc4c9,FILM::The Doll 3 (2022),1,komentar
user_3573e2d6fa6b,FILM::The Doll 3 (2022),1,komentar
user_35b0f52c8679,FILM::The Doll 3 (2022),2,komentar
user_362c01cccac9,FILM::The Doll 3 (2022),4,komentar
user_36450be0f335,FILM::The Doll 3 (2022),1,komentar
user_367ed82e20f2,FILM::The Doll 3 (2022),1,komentar
user_36e0447c6a54,FILM::The Doll 3 (2022),2,komentar
user_36f844f1905a,FILM::The Doll 3 (2022),1,komentar
user_37a6f315cbad,FILM::The Doll 3 (2022),2,komentar
user_3822e9e0006d,FILM::The Doll 3 (2022),1,komentar
user_399de7c28985,FILM::The Doll 3 (2022),1,komentar
user_39aaa2bd69ed,FILM::The Doll 3 (2022),1,komentar
user_3a136a8fbf0b,FILM::The Doll 3 (2022),1,komentar
user_3ab19f710ef1,FILM::The Doll 3 (2022),1,komentar
user_3ae2a3ac3838,FILM::The Doll 3 (2022),4,komentar
user_3c45e9c9cebc,FILM::The Doll 3 (2022),1,komentar
user_3ca35991d599,FILM::The Doll 3 (2022),1,komentar
user_3d75554148f1,FILM::The Doll 3 (2022),1,komentar
user_3d97515f1a50,FILM::The Doll 3 (2022),1,komentar
user_3ebfd59fa254,FILM::The Doll 3 (2022),2,komentar
user_3f8eff816ed7,FILM::The Doll 3 (2022),1,komentar
user_40bb9f64f84f,FILM::The Doll 3 (2022),2,komentar
user_412d0e1bc116,FILM::The Doll 3 (2022),1,komentar
user_41636003930f,FILM::The Doll 3 (2022),1,komentar
user_41aa0db7423d,FILM::The Doll 3 (2022),1,komentar
user_420746dfe39f,FILM::The Doll 3 (2022),1,komentar
user_4213a5e2b4e8,FILM::The Doll 3 (2022),1,komentar
user_422743546d03,FILM::The Doll 3 (2022),1,komentar
user_4257b25be9ca,FILM::The Doll 3 (2022),2,komentar
user_425f3e21cfcd,FILM::The Doll 3 (2022),1,komentar
user_427f25d47cda,FILM::The Doll 3 (2022),1,komentar
user_42bd8eaa0f57,FILM::The Doll 3 (2022),15,komentar
user_42c1574334b6,FILM::The Doll 3 (2022),1,komentar
user_42fe58881d29,FILM::The Doll 3 (2022),1,komentar
user_438b608e5959,FILM::The Doll 3 (2022),1,komentar
user_461eacebd101,FILM::The Doll 3 (2022),1,komentar
user_4647f7b34718,FILM::The Doll 3 (2022),1,komentar
user_467cbe1002be,FILM::The Doll 3 (2022),1,komentar
user_46a368250be4,FILM::The Doll 3 (2022),1,komentar
user_46f8a9661446,FILM::The Doll 3 (2022),1,komentar
user_496210195a05,FILM::The Doll 3 (2022),1,komentar
user_497e433aff34,FILM::The Doll 3 (2022),1,komentar
user_4ad1ee52175e,FILM::The Doll 3 (2022),1,komentar
user_4b88f9bda260,FILM::The Doll 3 (2022),1,komentar
user_4c641897bb05,FILM::The Doll 3 (2022),2,komentar
user_4cd5549ba1d6,FILM::The Doll 3 (2022),1,komentar
user_4d5bf49a62cc,FILM::The Doll 3 (2022),1,komentar
user_4f0271bf7bb6,FILM::The Doll 3 (2022),1,komentar
user_4f636070074c,FILM::The Doll 3 (2022),1,komentar
user_4ff8c9871c50,FILM::The Doll 3 (2022),1,komentar
user_508f1c8550d5,FILM::The Doll 3 (2022),1,komentar
user_5186bc5f8cb9,FILM::The Doll 3 (2022),1,komentar
user_51cd452496f9,FILM::The Doll 3 (2022),1,komentar
user_52de7413846d,FILM::The Doll 3 (2022),1,komentar
user_52f967d771e6,FILM::The Doll 3 (2022),1,komentar
user_530bcee9dccc,FILM::The Doll 3 (2022),2,komentar
user_539fcdee2cf1,FILM::The Doll 3 (2022),2,komentar
user_54979107f6e6,FILM::The Doll 3 (2022),1,komentar
user_572b42851d0c,FILM::The Doll 3 (2022),1,komentar
user_57f7437ddb52,FILM::The Doll 3 (2022),1,komentar
user_58b06cc7820b,FILM::The Doll 3 (2022),1,komentar
user_58d8216b0610,FILM::The Doll 3 (2022),1,komentar
user_5949826f5e5f,FILM::The Doll 3 (2022),1,komentar
user_59e2db3fb7b7,FILM::The Doll 3 (2022),1,komentar
user_5a064dadac7c,FILM::The Doll 3 (2022),2,komentar
user_5a93ec4748d6,FILM::The Doll 3 (2022),1,komentar
user_5ab970b713fc,FILM::The Doll 3 (2022),1,komentar
user_5acd530ad68b,FILM::The Doll 3 (2022),1,komentar
user_5b35c8724cac,FILM::The Doll 3 (2022),1,komentar
user_5c5184324f59,FILM::The Doll 3 (2022),1,komentar
user_5c71078ea2c1,FILM::The Doll 3 (2022),1,komentar
user_5ce088166ebc,FILM::The Doll 3 (2022),1,komentar
user_5d0c1450c87f,FILM::The Doll 3 (2022),3,komentar
user_5d25fc3b84f0,FILM::The Doll 3 (2022),1,komentar
user_5d4d4293b889,FILM::The Doll 3 (2022),2,komentar
user_5e1cff391b10,FILM::The Doll 3 (2022),1,komentar
user_5f22ee6318ec,FILM::The Doll 3 (2022),2,komentar
user_5f26a8a21095,FILM::The Doll 3 (2022),1,komentar
user_5f408fcbc31c,FILM::The Doll 3 (2022),1,komentar
user_5f51840b4e3f,FILM::The Doll 3 (2022),2,komentar
user_603bad37d572,FILM::The Doll 3 (2022),2,komentar
user_60e6a73b3067,FILM::The Doll 3 (2022),1,komentar
user_6138efaa569c,FILM::The Doll 3 (2022),1,komentar
user_61a4451c1d83,FILM::The Doll 3 (2022),1,komentar
user_62685a1d7661,FILM::The Doll 3 (2022),1,komentar
user_62e19578ba45,FILM::The Doll 3 (2022),1,komentar
user_62eef40b8f8f,FILM::The Doll 3 (2022),1,komentar
user_634628716e78,FILM::The Doll 3 (2022),1,komentar
user_6371f257de44,FILM::The Doll 3 (2022),1,komentar
user_63778ca9d56f,FILM::The Doll 3 (2022),1,komentar
user_63cd7786636b,FILM::The Doll 3 (2022),1,komentar
user_6470a782e3d1,FILM::The Doll 3 (2022),1,komentar
user_64b2be4382f4,FILM::The Doll 3 (2022),1,komentar
user_64c2cf3bb1fa,FILM::The Doll 3 (2022),1,komentar
user_659a12daa2e6,FILM::The Doll 3 (2022),1,komentar
user_667e3a82a16d,FILM::The Doll 3 (2022),1,komentar
user_671b518e1e71,FILM::The Doll 3 (2022),1,komentar
user_6747b8c08cba,FILM::The Doll 3 (2022),1,komentar
user_67b6e94b5e63,FILM::The Doll 3 (2022),1,komentar
user_68121b05094d,FILM::The Doll 3 (2022),1,komentar
user_68a12b56bc2a,FILM::The Doll 3 (2022),1,komentar
user_68be0bf7a1b7,FILM::The Doll 3 (2022),2,komentar
user_68d4607fcfbb,FILM::The Doll 3 (2022),1,komentar
user_6999ee4c3c27,FILM::The Doll 3 (2022),1,komentar
user_69e2a49e56a5,FILM::The Doll 3 (2022),1,komentar
user_6c7a26315e82,FILM::The Doll 3 (2022),1,komentar
user_6cce8ca923d4,FILM::The Doll 3 (2022),1,komentar
user_6da1ba113ce3,FILM::The Doll 3 (2022),1,komentar
user_6ecd82bcde47,FILM::The Doll 3 (2022),10,komentar
user_6f3f50d1140c,FILM::The Doll 3 (2022),1,komentar
user_706514f418fc,FILM::The Doll 3 (2022),1,komentar
user_708f40d87715,FILM::The Doll 3 (2022),1,komentar
user_70935a501fbc,FILM::The Doll 3 (2022),1,komentar
user_7098b445d203,FILM::The Doll 3 (2022),1,komentar
user_70d55ee975de,FILM::The Doll 3 (2022),1,komentar
user_719679c95318,FILM::The Doll 3 (2022),1,komentar
user_719beb952568,FILM::The Doll 3 (2022),1,komentar
user_72fcd77aa215,FILM::The Doll 3 (2022),1,komentar
user_7371a8dac586,FILM::The Doll 3 (2022),1,komentar
user_73ba08e7d901,FILM::The Doll 3 (2022),1,komentar
user_746b66f6b39c,FILM::The Doll 3 (2022),1,komentar
user_752ae51353c7,FILM::The Doll 3 (2022),1,komentar
user_75eee9a0b669,FILM::The Doll 3 (2022),1,komentar
user_75f27dfaad5b,FILM::The Doll 3 (2022),1,komentar
user_7642ebfa91a6,FILM::The Doll 3 (2022),1,komentar
user_76a7bb6572b9,FILM::The Doll 3 (2022),1,komentar
user_76e037e54f62,FILM::The Doll 3 (2022),1,komentar
user_788317022b41,FILM::The Doll 3 (2022),1,komentar
user_7903a1a10de8,FILM::The Doll 3 (2022),1,komentar
user_797ddbd4f073,FILM::The Doll 3 (2022),1,komentar
user_79af63fa5958,FILM::The Doll 3 (2022),1,komentar
user_7a1ea4753c51,FILM::The Doll 3 (2022),1,komentar
user_7b68008cde71,FILM::The Doll 3 (2022),4,komentar
user_7bccac41c317,FILM::The Doll 3 (2022),1,komentar
user_7bea67fa2aee,FILM::The Doll 3 (2022),1,komentar
user_7c4431df87b2,FILM::The Doll 3 (2022),1,komentar
user_7c66493b12b0,FILM::The Doll 3 (2022),1,komentar
user_7cfcade94699,FILM::The Doll 3 (2022),1,komentar
user_7d09f4413b5e,FILM::The Doll 3 (2022),1,komentar
user_7d5a2164eb3f,FILM::The Doll 3 (2022),1,komentar
user_7da6666ada55,FILM::The Doll 3 (2022),1,komentar
user_7e342847b920,FILM::The Doll 3 (2022),1,komentar
user_7f1977209328,FILM::The Doll 3 (2022),1,komentar
user_7fa07194ee34,FILM::The Doll 3 (2022),2,komentar
user_80173e226fa6,FILM::The Doll 3 (2022),1,komentar
user_806b9028a194,FILM::The Doll 3 (2022),1,komentar
user_80cb9a5a8e8b,FILM::The Doll 3 (2022),1,komentar
user_80dd647e3e6b,FILM::The Doll 3 (2022),1,komentar
user_8106c3e235eb,FILM::The Doll 3 (2022),1,komentar
user_81312feab544,FILM::The Doll 3 (2022),1,komentar
user_814f842aba15,FILM::The Doll 3 (2022),1,komentar
user_8222458190b3,FILM::The Doll 3 (2022),1,komentar
user_8258f4032d93,FILM::The Doll 3 (2022),1,komentar
user_83c419e340a5,FILM::The Doll 3 (2022),4,komentar
user_83f579e99b05,FILM::The Doll 3 (2022),1,komentar
user_84454825b23f,FILM::The Doll 3 (2022),1,komentar
user_851d1f88d022,FILM::The Doll 3 (2022),4,komentar
user_8537ba6107a4,FILM::The Doll 3 (2022),1,komentar
user_85fa3a9b019c,FILM::The Doll 3 (2022),1,komentar
user_864ae4ad1e16,FILM::The Doll 3 (2022),1,komentar
user_86c9ed9cef0b,FILM::The Doll 3 (2022),2,komentar
user_86db7052c71c,FILM::The Doll 3 (2022),1,komentar
user_874836db98b2,FILM::The Doll 3 (2022),1,komentar
user_87c9485a81a1,FILM::The Doll 3 (2022),1,komentar
user_882c8270130a,FILM::The Doll 3 (2022),1,komentar
user_884008f75675,FILM::The Doll 3 (2022),1,komentar
user_88f1148d1666,FILM::The Doll 3 (2022),1,komentar
user_894bf6dd7a10,FILM::The Doll 3 (2022),1,komentar
user_89c0d8e904ab,FILM::The Doll 3 (2022),1,komentar
user_8a2f80d96bc0,FILM::The Doll 3 (2022),1,komentar
user_8b4dbaa89df6,FILM::The Doll 3 (2022),1,komentar
user_8ba8c546fe46,FILM::The Doll 3 (2022),1,komentar
user_8c08485fcb46,FILM::The Doll 3 (2022),1,komentar
user_8c58bb3d46b2,FILM::The Doll 3 (2022),2,komentar
user_8cb5a1e85bd9,FILM::The Doll 3 (2022),1,komentar
user_8d3001806cac,FILM::The Doll 3 (2022),5,komentar
user_8d6b77a6f046,FILM::The Doll 3 (2022),1,komentar
user_8d7998bc5daa,FILM::The Doll 3 (2022),1,komentar
user_8da5801155c3,FILM::The Doll 3 (2022),1,komentar
user_8dfb8e8cf23e,FILM::The Doll 3 (2022),1,komentar
user_8dfbe436bafd,FILM::The Doll 3 (2022),1,komentar
user_8e9d640da745,FILM::The Doll 3 (2022),1,komentar
user_8f3fd20141b5,FILM::The Doll 3 (2022),1,komentar
user_8fbee96a5c4d,FILM::The Doll 3 (2022),1,komentar
user_91a4bc881cc6,FILM::The Doll 3 (2022),1,komentar
user_91d360a720bf,FILM::The Doll 3 (2022),1,komentar
user_929454d03116,FILM::The Doll 3 (2022),1,komentar
user_936623eb99a5,FILM::The Doll 3 (2022),1,komentar
user_93f449779bd9,FILM::The Doll 3 (2022),1,komentar
user_9487808ee79c,FILM::The Doll 3 (2022),1,komentar
user_94a524f273f5,FILM::The Doll 3 (2022),2,komentar
user_95022f91655d,FILM::The Doll 3 (2022),1,komentar
user_95324028795d,FILM::The Doll 3 (2022),1,komentar
user_96a87926c70e,FILM::The Doll 3 (2022),1,komentar
user_96f8e5e5f614,FILM::The Doll 3 (2022),1,komentar
user_972d99fe93fb,FILM::The Doll 3 (2022),1,komentar
user_97be8dd2c253,FILM::The Doll 3 (2022),1,komentar
user_97de939b0d55,FILM::The Doll 3 (2022),1,komentar
user_98006ee2827b,FILM::The Doll 3 (2022),1,komentar
user_9854460f0e80,FILM::The Doll 3 (2022),1,komentar
user_98604c639404,FILM::The Doll 3 (2022),2,komentar
user_989311bd6395,FILM::The Doll 3 (2022),1,komentar
user_98cb1ea31d41,FILM::The Doll 3 (2022),1,komentar
user_98cffe89ece6,FILM::The Doll 3 (2022),1,komentar
user_98dc501e08c8,FILM::The Doll 3 (2022),2,komentar
user_99ed989ccc21,FILM::The Doll 3 (2022),1,komentar
user_99ffd05d2fbc,FILM::The Doll 3 (2022),1,komentar
user_9a5e788adb16,FILM::The Doll 3 (2022),1,komentar
user_9a81f1c83402,FILM::The Doll 3 (2022),1,komentar
user_9a9ec31fb0aa,FILM::The Doll 3 (2022),1,komentar
user_9ba3beaedbab,FILM::The Doll 3 (2022),3,komentar
user_9d4af1720978,FILM::The Doll 3 (2022),1,komentar
user_9e7355d8f6a4,FILM::The Doll 3 (2022),1,komentar
user_9f0745bae2f8,FILM::The Doll 3 (2022),1,komentar
user_9f9a20eb4ec4,FILM::The Doll 3 (2022),1,komentar
user_a04fd00d6463,FILM::The Doll 3 (2022),2,komentar
user_a09fa3a87272,FILM::The Doll 3 (2022),1,komentar
user_a0c0a073c357,FILM::The Doll 3 (2022),1,komentar
user_a16b74a7883a,FILM::The Doll 3 (2022),1,komentar
user_a1e9fe3a5a3f,FILM::The Doll 3 (2022),1,komentar
user_a204207ee378,FILM::The Doll 3 (2022),1,komentar
user_a2a016de89dd,FILM::The Doll 3 (2022),1,komentar
user_a331337bfaaf,FILM::The Doll 3 (2022),1,komentar
user_a44feb82c0a1,FILM::The Doll 3 (2022),1,komentar
user_a45ac52b0524,FILM::The Doll 3 (2022),1,komentar
user_a4c75939d623,FILM::The Doll 3 (2022),2,komentar
user_a51012b3c75f,FILM::The Doll 3 (2022),1,komentar
user_a566db5258d3,FILM::The Doll 3 (2022),1,komentar
user_a68011a63dca,FILM::The Doll 3 (2022),1,komentar
user_a69b754f2433,FILM::The Doll 3 (2022),2,komentar
user_a6f5864355ca,FILM::The Doll 3 (2022),1,komentar
user_a748b76ded55,FILM::The Doll 3 (2022),1,komentar
user_a7aa0e0c8ca5,FILM::The Doll 3 (2022),1,komentar
user_a896cfbd0c53,FILM::The Doll 3 (2022),1,komentar
user_a8d16e123142,FILM::The Doll 3 (2022),1,komentar
user_a8f984f138ee,FILM::The Doll 3 (2022),1,komentar
user_a959552b9ed7,FILM::The Doll 3 (2022),1,komentar
user_aa4727bed7fe,FILM::The Doll 3 (2022),2,komentar
user_ab3269bfa837,FILM::The Doll 3 (2022),1,komentar
user_ab96d1a0270b,FILM::The Doll 3 (2022),3,komentar
user_ac2f6b72e1e5,FILM::The Doll 3 (2022),2,komentar
user_ad1d60dd0fe9,FILM::The Doll 3 (2022),6,komentar
user_ad760db86e05,FILM::The Doll 3 (2022),1,komentar
user_ad85e0c5ec15,FILM::The Doll 3 (2022),3,komentar
user_ad8938bb5979,FILM::The Doll 3 (2022),1,komentar
user_add9f2c49a59,FILM::The Doll 3 (2022),1,komentar
user_adff6bca7194,FILM::The Doll 3 (2022),1,komentar
user_ae03311a498f,FILM::The Doll 3 (2022),1,komentar
user_aee5c56aef6c,FILM::The Doll 3 (2022),1,komentar
user_af67eacdf96b,FILM::The Doll 3 (2022),1,komentar
user_afb6ccbce122,FILM::The Doll 3 (2022),1,komentar
user_afbb952f7b71,FILM::The Doll 3 (2022),1,komentar
user_afe0543d196f,FILM::The Doll 3 (2022),1,komentar
user_b040b09ea710,FILM::The Doll 3 (2022),1,komentar
user_b0968067b60c,FILM::The Doll 3 (2022),1,komentar
user_b0a43b703de2,FILM::The Doll 3 (2022),1,komentar
user_b120e2e700b9,FILM::The Doll 3 (2022),1,komentar
user_b1bcee415dae,FILM::The Doll 3 (2022),1,komentar
user_b1d3baf18c24,FILM::The Doll 3 (2022),2,komentar
user_b3901407ac9f,FILM::The Doll 3 (2022),1,komentar
user_b3dd64d68997,FILM::The Doll 3 (2022),1,komentar
user_b3fcebc59581,FILM::The Doll 3 (2022),1,komentar
user_b41d766a9054,FILM::The Doll 3 (2022),1,komentar
user_b450f426b355,FILM::The Doll 3 (2022),1,komentar
user_b46ca064d374,FILM::The Doll 3 (2022),1,komentar
user_b4f4de22ee24,FILM::The Doll 3 (2022),4,komentar
user_b516366d39b1,FILM::The Doll 3 (2022),1,komentar
user_b56d223c9e57,FILM::The Doll 3 (2022),2,komentar
user_b5f01ab7e86f,FILM::The Doll 3 (2022),1,komentar
user_b6360f60765f,FILM::The Doll 3 (2022),1,komentar
user_b6b5aa52e122,FILM::The Doll 3 (2022),1,komentar
user_b6d013caae90,FILM::The Doll 3 (2022),1,komentar
user_b707e5ab2fc8,FILM::The Doll 3 (2022),1,komentar
user_b7212d51c948,FILM::The Doll 3 (2022),1,komentar
user_b81d4e851aa3,FILM::The Doll 3 (2022),1,komentar
user_b86b55f9ca81,FILM::The Doll 3 (2022),1,komentar
user_b91bc95176d4,FILM::The Doll 3 (2022),1,komentar
user_b928ec7f5e20,FILM::The Doll 3 (2022),1,komentar
user_b950d70a9997,FILM::The Doll 3 (2022),1,komentar
user_b9ea239738da,FILM::The Doll 3 (2022),1,komentar
user_ba059199e0f7,FILM::The Doll 3 (2022),2,komentar
user_ba131dfc1f1f,FILM::The Doll 3 (2022),2,komentar
user_ba2dc528a88a,FILM::The Doll 3 (2022),1,komentar
user_ba4f928f942d,FILM::The Doll 3 (2022),2,komentar
user_ba733cf5d304,FILM::The Doll 3 (2022),1,komentar
user_bad7852bcf3e,FILM::The Doll 3 (2022),1,komentar
user_baf717c3a892,FILM::The Doll 3 (2022),1,komentar
user_bb1fb77a1e89,FILM::The Doll 3 (2022),1,komentar
user_bc3bd0895a29,FILM::The Doll 3 (2022),1,komentar
user_bc8648b797f3,FILM::The Doll 3 (2022),1,komentar
user_bd20638c855a,FILM::The Doll 3 (2022),1,komentar
user_bd43d276480f,FILM::The Doll 3 (2022),6,komentar
user_bd6330b65e4d,FILM::The Doll 3 (2022),1,komentar
user_bd91bc523ff5,FILM::The Doll 3 (2022),1,komentar
user_be6ddd364cd1,FILM::The Doll 3 (2022),1,komentar
user_bf0e16100b86,FILM::The Doll 3 (2022),1,komentar
user_bf33f55c8964,FILM::The Doll 3 (2022),1,komentar
user_bfd5cff0f5f5,FILM::The Doll 3 (2022),4,komentar
user_c108d689c6f5,FILM::The Doll 3 (2022),1,komentar
user_c15c50712d42,FILM::The Doll 3 (2022),2,komentar
user_c1bbf4c3e308,FILM::The Doll 3 (2022),1,komentar
user_c1c965b3f8be,FILM::The Doll 3 (2022),1,komentar
user_c1ecb70e4e2c,FILM::The Doll 3 (2022),1,komentar
user_c2debd829fac,FILM::The Doll 3 (2022),1,komentar
user_c32d6414731b,FILM::The Doll 3 (2022),1,komentar
user_c4d116460868,FILM::The Doll 3 (2022),1,komentar
user_c528d5b6e1c3,FILM::The Doll 3 (2022),1,komentar
user_c54233c2928f,FILM::The Doll 3 (2022),1,komentar
user_c68027c5fb7f,FILM::The Doll 3 (2022),2,komentar
user_c69ed0169e25,FILM::The Doll 3 (2022),3,komentar
user_c769d2035017,FILM::The Doll 3 (2022),1,komentar
user_c80892d8a0ea,FILM::The Doll 3 (2022),1,komentar
user_c8a8d426f05c,FILM::The Doll 3 (2022),2,komentar
user_c8e756c50440,FILM::The Doll 3 (2022),1,komentar
user_c8fdfe4cc317,FILM::The Doll 3 (2022),1,komentar
user_ca0c6249dd3b,FILM::The Doll 3 (2022),1,komentar
user_ca5e22da21dd,FILM::The Doll 3 (2022),1,komentar
user_cac4940b304c,FILM::The Doll 3 (2022),1,komentar
user_cb9867093146,FILM::The Doll 3 (2022),1,komentar
user_cbab80e940c8,FILM::The Doll 3 (2022),1,komentar
user_cc124b022ba2,FILM::The Doll 3 (2022),1,komentar
user_cc468fe71d1f,FILM::The Doll 3 (2022),3,komentar
user_ccc33b264465,FILM::The Doll 3 (2022),1,komentar
user_cdbcf29fc193,FILM::The Doll 3 (2022),1,komentar
user_cdc4e7e53245,FILM::The Doll 3 (2022),1,komentar
user_ce3f685cc26e,FILM::The Doll 3 (2022),1,komentar
user_ce726857c8c1,FILM::The Doll 3 (2022),2,komentar
user_cebb448ee4de,FILM::The Doll 3 (2022),1,komentar
user_cf7ca1e57224,FILM::The Doll 3 (2022),1,komentar
user_cfdc5c1760e2,FILM::The Doll 3 (2022),1,komentar
user_cffcd428f98a,FILM::The Doll 3 (2022),1,komentar
user_d1530a7ad557,FILM::The Doll 3 (2022),1,komentar
user_d274f2659aa4,FILM::The Doll 3 (2022),1,komentar
user_d28df7a2a29b,FILM::The Doll 3 (2022),1,komentar
user_d2f9f96ed0ba,FILM::The Doll 3 (2022),1,komentar
user_d45a516fd288,FILM::The Doll 3 (2022),1,komentar
user_d46b6d9d1dae,FILM::The Doll 3 (2022),1,komentar
user_d46b8d4e89ba,FILM::The Doll 3 (2022),1,komentar
user_d53e24ea2e6a,FILM::The Doll 3 (2022),1,komentar
user_d622a59d81fb,FILM::The Doll 3 (2022),1,komentar
user_d6f1bab545b7,FILM::The Doll 3 (2022),1,komentar
user_d81825086b6d,FILM::The Doll 3 (2022),1,komentar
user_d924ec680179,FILM::The Doll 3 (2022),1,komentar
user_d9a7c5078a84,FILM::The Doll 3 (2022),1,komentar
user_da15518b84da,FILM::The Doll 3 (2022),1,komentar
user_db3f783d8621,FILM::The Doll 3 (2022),1,komentar
user_dcb2233b3738,FILM::The Doll 3 (2022),1,komentar
user_dcfb582dccbe,FILM::The Doll 3 (2022),1,komentar
user_dd0d22b66158,FILM::The Doll 3 (2022),1,komentar
user_dd19b599e64f,FILM::The Doll 3 (2022),1,komentar
user_dd1e6aed566c,FILM::The Doll 3 (2022),1,komentar
user_dd521d84a188,FILM::The Doll 3 (2022),1,komentar
user_de8a3c2ccd5d,FILM::The Doll 3 (2022),2,komentar
user_dea584abb51f,FILM::The Doll 3 (2022),2,komentar
user_df389007b238,FILM::The Doll 3 (2022),1,komentar
user_df66aac04d93,FILM::The Doll 3 (2022),2,komentar
user_e124207e826e,FILM::The Doll 3 (2022),1,komentar
user_e18f5d28e9a7,FILM::The Doll 3 (2022),2,komentar
user_e2273082295c,FILM::The Doll 3 (2022),1,komentar
user_e22b0cfd7f80,FILM::The Doll 3 (2022),1,komentar
user_e23672664961,FILM::The Doll 3 (2022),1,komentar
user_e2b5a839ab5d,FILM::The Doll 3 (2022),1,komentar
user_e2f631601c01,FILM::The Doll 3 (2022),1,komentar
user_e4b3ca5fa884,FILM::The Doll 3 (2022),1,komentar
user_e4f6778a56f6,FILM::The Doll 3 (2022),1,komentar
user_e4fa4edaa59e,FILM::The Doll 3 (2022),1,komentar
user_e589b93ab03d,FILM::The Doll 3 (2022),1,komentar
user_e6cb5855c8db,FILM::The Doll 3 (2022),1,komentar
user_e824be914144,FILM::The Doll 3 (2022),1,komentar
user_e83f0d434910,FILM::The Doll 3 (2022),2,komentar
user_e8b81a00e945,FILM::The Doll 3 (2022),1,komentar
user_e93e9584aa9d,FILM::The Doll 3 (2022),1,komentar
user_e9db76ea9ffd,FILM::The Doll 3 (2022),1,komentar
user_e9f7f262e523,FILM::The Doll 3 (2022),1,komentar
user_ea184ea62032,FILM::The Doll 3 (2022),1,komentar
user_eaae18d66030,FILM::The Doll 3 (2022),1,komentar
user_ead31d6a676b,FILM::The Doll 3 (2022),1,komentar
user_eb141b3f459a,FILM::The Doll 3 (2022),1,komentar
user_ebd8ad19a350,FILM::The Doll 3 (2022),1,komentar
user_ebfb0e89d7de,FILM::The Doll 3 (2022),2,komentar
user_ec22e1a3af65,FILM::The Doll 3 (2022),1,komentar
user_ec4ed632f342,FILM::The Doll 3 (2022),1,komentar
user_ed2867765dcf,FILM::The Doll 3 (2022),1,komentar
user_edf3660765e3,FILM::The Doll 3 (2022),2,komentar
user_eee70cb62d3a,FILM::The Doll 3 (2022),3,komentar
user_ef23336aead0,FILM::The Doll 3 (2022),1,komentar
user_ef4a9dade1b2,FILM::The Doll 3 (2022),1,komentar
user_ef7fe80d9c4b,FILM::The Doll 3 (2022),1,komentar
user_f03546169553,FILM::The Doll 3 (2022),1,komentar
user_f19818c5c4e8,FILM::The Doll 3 (2022),1,komentar
user_f1b743788c5f,FILM::The Doll 3 (2022),1,komentar
user_f26be27dfd38,FILM::The Doll 3 (2022),1,komentar
user_f2ed82e72900,FILM::The Doll 3 (2022),1,komentar
user_f352343cac27,FILM::The Doll 3 (2022),1,komentar
user_f35958c12a8b,FILM::The Doll 3 (2022),1,komentar
user_f3acb050d788,FILM::The Doll 3 (2022),1,komentar
user_f3e87d1a15de,FILM::The Doll 3 (2022),1,komentar
user_f42bffec13f0,FILM::The Doll 3 (2022),1,komentar
user_f4512de281a7,FILM::The Doll 3 (2022),1,komentar
user_f4574055a9da,FILM::The Doll 3 (2022),1,komentar
user_f51231e3cf63,FILM::The Doll 3 (2022),1,komentar
user_f54884ee5cf0,FILM::The Doll 3 (2022),1,komentar
user_f5708bca651c,FILM::The Doll 3 (2022),1,komentar
user_f5e021e0d3d6,FILM::The Doll 3 (2022),1,komentar
user_f71942144a35,FILM::The Doll 3 (2022),1,komentar
user_f7f629d9117d,FILM::The Doll 3 (2022),1,komentar
user_f943339fdc89,FILM::The Doll 3 (2022),1,komentar
user_f96905ec5379,FILM::The Doll 3 (2022),1,komentar
user_f9e9b871a096,FILM::The Doll 3 (2022),1,komentar
user_f9f2a2a99693,FILM::The Doll 3 (2022),1,komentar
user_fa7f96025493,FILM::The Doll 3 (2022),1,komentar
user_fa953e50da5e,FILM::The Doll 3 (2022),1,komentar
user_fade64850070,FILM::The Doll 3 (2022),1,komentar
user_fb04a79a28d4,FILM::The Doll 3 (2022),1,komentar
user_fb7f94ae179e,FILM::The Doll 3 (2022),1,komentar
user_fd02a40a7f94,FILM::The Doll 3 (2022),1,komentar
user_fd99f644f5e6,FILM::The Doll 3 (2022),1,komentar
user_fd9cb0952986,FILM::The Doll 3 (2022),1,komentar
user_fdcde02e8e89,FILM::The Doll 3 (2022),1,komentar
user_fe76f275c638,FILM::The Doll 3 (2022),1,komentar
user_fea92d9042a3,FILM::The Doll 3 (2022),1,komentar
user_fff0aedc3544,FILM::The Doll 3 (2022),1,komentar
user_00136d49ffec,Suzzanna: Santet Dosa di Atas Dosa (2026),1,komentar
user_004e5e502d9e,FILM::Suzzanna: Santet Dosa di Atas Dosa (2026),1,komentar
user_00534a6c4308,FILM::Suzzanna: Santet Dosa di Atas Dosa (2026),1,komentar
user_005b5b5b2ed8,FILM::Suzzanna: Santet Dosa di Atas Dosa (2026),1,komentar
user_007b73d7a3b6,FILM::Suzzanna: Santet Dosa di Atas Dosa (2026),1,komentar
user_008ce41baa2b,FILM::Suzzanna: Santet Dosa di Atas Dosa (2026),1,komentar
user_009cb3e5b73a,FILM::Suzzanna: Santet Dosa di Atas Dosa (2026),1,komentar
user_00a476862feb,FILM::Suzzanna: Santet Dosa di Atas Dosa (2026),1,komentar
user_00f4579afde6,FILM::Suzzanna: Santet Dosa di Atas Dosa (2026),1,komentar
user_01b682a9e28a,FILM::Suzzanna: Santet Dosa di Atas Dosa (2026),1,komentar
user_01fdbf96fdf9,FILM::Suzzanna: Santet Dosa di Atas Dosa (2026),1,komentar
user_021005817eed,FILM::Suzzanna: Santet Dosa di Atas Dosa (2026),1,komentar
user_0227db36c26e,FILM::Suzzanna: Santet Dosa di Atas Dosa (2026),1,komentar
user_02788f196988,FILM::Suzzanna: Santet Dosa di Atas Dosa (2026),1,komentar
user_02a101cf4b7b,FILM::Suzzanna: Santet Dosa di Atas Dosa (2026),1,komentar
user_02e3c4b4393e,FILM::Suzzanna: Santet Dosa di Atas Dosa (2026),1,komentar
user_02eec71565e2,FILM::Suzzanna: Santet Dosa di Atas Dosa (2026),2,komentar
user_0308080ba99d,FILM::Suzzanna: Santet Dosa di Atas Dosa (2026),1,komentar
user_035e5d29e472,FILM::Suzzanna: Santet Dosa di Atas Dosa (2026),2,komentar
user_03776b886d65,FILM::Suzzanna: Santet Dosa di Atas Dosa (2026),1,komentar
user_039a30216d84,FILM::Suzzanna: Santet Dosa di Atas Dosa (2026),1,komentar
user_039e2b88b53e,FILM::Suzzanna: Santet Dosa di Atas Dosa (2026),1,komentar
user_03a1f0a6276e,FILM::Suzzanna: Santet Dosa di Atas Dosa (2026),1,komentar
user_03de65aa78eb,FILM::Suzzanna: Santet Dosa di Atas Dosa (2026),1,komentar
user_04de4534c842,FILM::Suzzanna: Santet Dosa di Atas Dosa (2026),2,komentar
user_04f9abdc8cb3,FILM::Suzzanna: Santet Dosa di Atas Dosa (2026),1,komentar
user_0514d531ba56,FILM::Suzzanna: Santet Dosa di Atas Dosa (2026),2,komentar
user_0532b6357a1b,FILM::Suzzanna: Santet Dosa di Atas Dosa (2026),1,komentar
user_05558b32118a,FILM::Suzzanna: Santet Dosa di Atas Dosa (2026),1,komentar
user_057ed6328330,FILM::Suzzanna: Santet Dosa di Atas Dosa (2026),1,komentar
user_05c86b820d2e,FILM::Suzzanna: Santet Dosa di Atas Dosa (2026),2,komentar
user_05cbda0b548d,FILM::Suzzanna: Santet Dosa di Atas Dosa (2026),1,komentar
user_05e836406a31,FILM::Suzzanna: Santet Dosa di Atas Dosa (2026),1,komentar
user_060375c218aa,FILM::Suzzanna: Santet Dosa di Atas Dosa (2026),1,komentar
user_0621522efe77,FILM::Suzzanna: Santet Dosa di Atas Dosa (2026),1,komentar
user_063f14ba229c,FILM::Suzzanna: Santet Dosa di Atas Dosa (2026),1,komentar
user_06ba55a69677,FILM::Suzzanna: Santet Dosa di Atas Dosa (2026),1,komentar
user_06cf475d21b7,FILM::Suzzanna: Santet Dosa di Atas Dosa (2026),1,komentar
user_06fdbbd67398,FILM::Suzzanna: Santet Dosa di Atas Dosa (2026),2,komentar
user_077ee51b9ee1,FILM::Suzzanna: Santet Dosa di Atas Dosa (2026),1,komentar
user_079bd2de123b,FILM::Suzzanna: Santet Dosa di Atas Dosa (2026),1,komentar
user_07b5e07720c6,FILM::Suzzanna: Santet Dosa di Atas Dosa (2026),1,komentar
user_07bd23eee43a,FILM::Suzzanna: Santet Dosa di Atas Dosa (2026),1,komentar
user_07db18f813f8,FILM::Suzzanna: Santet Dosa di Atas Dosa (2026),1,komentar
user_07e160fe69f5,FILM::Suzzanna: Santet Dosa di Atas Dosa (2026),1,komentar
user_081b616a5fdb,FILM::Suzzanna: Santet Dosa di Atas Dosa (2026),1,komentar
user_086235a34ea4,FILM::Suzzanna: Santet Dosa di Atas Dosa (2026),1,komentar
user_08cc76f29a4a,FILM::Suzzanna: Santet Dosa di Atas Dosa (2026),1,komentar
user_08d0e216eb0d,FILM::Suzzanna: Santet Dosa di Atas Dosa (2026),1,komentar
user_08e5b7b3b385,FILM::Suzzanna: Santet Dosa di Atas Dosa (2026),1,komentar
user_097447673cd8,FILM::Suzzanna: Santet Dosa di Atas Dosa (2026),1,komentar
user_098ee14d868c,FILM::Suzzanna: Santet Dosa di Atas Dosa (2026),1,komentar
user_09af056ebc05,FILM::Suzzanna: Santet Dosa di Atas Dosa (2026),1,komentar
user_09cb666570ae,FILM::Suzzanna: Santet Dosa di Atas Dosa (2026),1,komentar
user_09e078704d47,FILM::Suzzanna: Santet Dosa di Atas Dosa (2026),1,komentar
user_0a5985b21f91,FILM::Suzzanna: Santet Dosa di Atas Dosa (2026),1,komentar
user_0a709c8f2912,FILM::Suzzanna: Santet Dosa di Atas Dosa (2026),1,komentar
user_0ade2f9894c4,FILM::Suzzanna: Santet Dosa di Atas Dosa (2026),1,komentar
user_0b3d09c62210,FILM::Suzzanna: Santet Dosa di Atas Dosa (2026),3,komentar
user_0b8728754976,FILM::Suzzanna: Santet Dosa di Atas Dosa (2026),1,komentar
user_0bded558377d,FILM::Suzzanna: Santet Dosa di Atas Dosa (2026),2,komentar
user_0bed02ff063b,FILM::Suzzanna: Santet Dosa di Atas Dosa (2026),1,komentar
user_0bef6968690a,FILM::Suzzanna: Santet Dosa di Atas Dosa (2026),1,komentar
user_0bfe92de42d7,FILM::Suzzanna: Santet Dosa di Atas Dosa (2026),1,komentar
user_0c009e091315,FILM::Suzzanna: Santet Dosa di Atas Dosa (2026),2,komentar
user_0c2209a58414,FILM::Suzzanna: Santet Dosa di Atas Dosa (2026),3,komentar
user_0c797f599d5d,FILM::Suzzanna: Santet Dosa di Atas Dosa (2026),2,komentar
user_0c84aba3624b,FILM::Suzzanna: Santet Dosa di Atas Dosa (2026),1,komentar
user_0cf15ee9e82b,FILM::Suzzanna: Santet Dosa di Atas Dosa (2026),1,komentar
user_0cf509974fe7,FILM::Suzzanna: Santet Dosa di Atas Dosa (2026),1,komentar
user_0d2bbdc94c65,FILM::Suzzanna: Santet Dosa di Atas Dosa (2026),1,komentar
user_0d2df52add2c,FILM::Suzzanna: Santet Dosa di Atas Dosa (2026),1,komentar
user_0d57c1ba7d64,FILM::Suzzanna: Santet Dosa di Atas Dosa (2026),2,komentar
user_0d8b09d5e43f,FILM::Suzzanna: Santet Dosa di Atas Dosa (2026),1,komentar
user_0d90f228b4a5,FILM::Suzzanna: Santet Dosa di Atas Dosa (2026),2,komentar
user_0df15509ab39,FILM::Suzzanna: Santet Dosa di Atas Dosa (2026),1,komentar
user_0e530d716fd2,FILM::Suzzanna: Santet Dosa di Atas Dosa (2026),1,komentar
user_0ea7b61d9208,FILM::Suzzanna: Santet Dosa di Atas Dosa (2026),1,komentar
user_0eb03e0cdcc3,FILM::Suzzanna: Santet Dosa di Atas Dosa (2026),1,komentar
user_0ef076758aa1,FILM::Suzzanna: Santet Dosa di Atas Dosa (2026),1,komentar
user_0f16d68cfe99,FILM::Suzzanna: Santet Dosa di Atas Dosa (2026),1,komentar
user_0f4f933d5357,FILM::Suzzanna: Santet Dosa di Atas Dosa (2026),1,komentar
user_0f929ab55f6a,FILM::Suzzanna: Santet Dosa di Atas Dosa (2026),1,komentar
user_0ff841273a25,FILM::Suzzanna: Santet Dosa di Atas Dosa (2026),1,komentar
user_0ffa77c8b173,FILM::Suzzanna: Santet Dosa di Atas Dosa (2026),1,komentar
user_10128330a759,FILM::Suzzanna: Santet Dosa di Atas Dosa (2026),1,komentar
user_101fc99e2b35,FILM::Suzzanna: Santet Dosa di Atas Dosa (2026),1,komentar
user_1048bf1c61c6,FILM::Suzzanna: Santet Dosa di Atas Dosa (2026),1,komentar
user_106505297e8f,FILM::Suzzanna: Santet Dosa di Atas Dosa (2026),1,komentar
user_109dd6f91b89,FILM::Suzzanna: Santet Dosa di Atas Dosa (2026),1,komentar
user_10f6270b3376,FILM::Suzzanna: Santet Dosa di Atas Dosa (2026),1,komentar
user_110675eaa565,FILM::Suzzanna: Santet Dosa di Atas Dosa (2026),1,komentar
user_115239db9db6,FILM::Suzzanna: Santet Dosa di Atas Dosa (2026),1,komentar
user_1164e05b5460,FILM::Suzzanna: Santet Dosa di Atas Dosa (2026),1,komentar
user_120250e615c9,FILM::Suzzanna: Santet Dosa di Atas Dosa (2026),1,komentar
user_122e79b89de9,FILM::Suzzanna: Santet Dosa di Atas Dosa (2026),1,komentar
user_124704b35c24,FILM::Suzzanna: Santet Dosa di Atas Dosa (2026),1,komentar
user_12491483b182,FILM::Suzzanna: Santet Dosa di Atas Dosa (2026),1,komentar
user_12beb3e29e4c,FILM::Suzzanna: Santet Dosa di Atas Dosa (2026),1,komentar
user_130f8029163e,FILM::Suzzanna: Santet Dosa di Atas Dosa (2026),1,komentar
user_13422ce3a7c4,FILM::Suzzanna: Santet Dosa di Atas Dosa (2026),1,komentar
user_136bcfec5c22,FILM::Suzzanna: Santet Dosa di Atas Dosa (2026),2,komentar
user_137d4fd4a6e5,FILM::Suzzanna: Santet Dosa di Atas Dosa (2026),1,komentar
user_13bf3346cf4b,FILM::Suzzanna: Santet Dosa di Atas Dosa (2026),1,komentar
user_1408c7b4c782,FILM::Suzzanna: Santet Dosa di Atas Dosa (2026),1,komentar
user_1425c2917dba,FILM::Suzzanna: Santet Dosa di Atas Dosa (2026),1,komentar
user_143e80dc17ab,FILM::Suzzanna: Santet Dosa di Atas Dosa (2026),1,komentar
user_14a91b84615d,FILM::Suzzanna: Santet Dosa di Atas Dosa (2026),1,komentar
user_14e8cbe66dfc,FILM::Suzzanna: Santet Dosa di Atas Dosa (2026),1,komentar
user_14eeb1562b3a,FILM::Suzzanna: Santet Dosa di Atas Dosa (2026),1,komentar
user_1530f1cf9839,FILM::Suzzanna: Santet Dosa di Atas Dosa (2026),1,komentar
user_157b5668b305,FILM::Suzzanna: Santet Dosa di Atas Dosa (2026),1,komentar
user_1582ba5af6b9,FILM::Suzzanna: Santet Dosa di Atas Dosa (2026),1,komentar
user_15861666d056,FILM::Suzzanna: Santet Dosa di Atas Dosa (2026),1,komentar
user_15a2a52d51d5,FILM::Suzzanna: Santet Dosa di Atas Dosa (2026),1,komentar
user_1680c5e28416,FILM::Suzzanna: Santet Dosa di Atas Dosa (2026),1,komentar
user_16a68c73b4b7,FILM::Suzzanna: Santet Dosa di Atas Dosa (2026),1,komentar
user_16b3d613abde,FILM::Suzzanna: Santet Dosa di Atas Dosa (2026),1,komentar
user_16e0aa10a35f,FILM::Suzzanna: Santet Dosa di Atas Dosa (2026),1,komentar
user_16fa54da11d4,FILM::Suzzanna: Santet Dosa di Atas Dosa (2026),1,komentar
user_16fd72719e0b,FILM::Suzzanna: Santet Dosa di Atas Dosa (2026),1,komentar
user_1758c0db1aac,FILM::Suzzanna: Santet Dosa di Atas Dosa (2026),1,komentar
user_176344a3f4d2,FILM::Suzzanna: Santet Dosa di Atas Dosa (2026),1,komentar
user_17c4bd232a63,FILM::Suzzanna: Santet Dosa di Atas Dosa (2026),1,komentar
user_18536a63237e,FILM::Suzzanna: Santet Dosa di Atas Dosa (2026),1,komentar
user_18a38fc13a10,FILM::Suzzanna: Santet Dosa di Atas Dosa (2026),1,komentar
user_18fac461bb4b,FILM::Suzzanna: Santet Dosa di Atas Dosa (2026),1,komentar
user_195b8068cb8c,FILM::Suzzanna: Santet Dosa di Atas Dosa (2026),1,komentar
user_19c52e0d9964,FILM::Suzzanna: Santet Dosa di Atas Dosa (2026),1,komentar
user_19e9b3d9d45a,FILM::Suzzanna: Santet Dosa di Atas Dosa (2026),1,komentar
user_19f59a1517bf,FILM::Suzzanna: Santet Dosa di Atas Dosa (2026),1,komentar
user_1a28e9d322bc,FILM::Suzzanna: Santet Dosa di Atas Dosa (2026),1,komentar
user_1a671443fa20,FILM::Suzzanna: Santet Dosa di Atas Dosa (2026),1,komentar
user_1aacb18bca54,FILM::Suzzanna: Santet Dosa di Atas Dosa (2026),1,komentar
user_1af3ba266551,FILM::Suzzanna: Santet Dosa di Atas Dosa (2026),1,komentar
user_1b1bfe91d2e7,FILM::Suzzanna: Santet Dosa di Atas Dosa (2026),1,komentar
user_1b289db7dc86,FILM::Suzzanna: Santet Dosa di Atas Dosa (2026),1,komentar
user_1b8853d489a9,FILM::Suzzanna: Santet Dosa di Atas Dosa (2026),1,komentar
user_1bca1513cb01,FILM::Suzzanna: Santet Dosa di Atas Dosa (2026),1,komentar
user_1bf186f0c0de,FILM::Suzzanna: Santet Dosa di Atas Dosa (2026),2,komentar
user_1c49ef903dc2,FILM::Suzzanna: Santet Dosa di Atas Dosa (2026),1,komentar
user_1cf409d08547,FILM::Suzzanna: Santet Dosa di Atas Dosa (2026),1,komentar
user_1d100ef1c5ec,FILM::Suzzanna: Santet Dosa di Atas Dosa (2026),1,komentar
user_1d386fddc755,FILM::Suzzanna: Santet Dosa di Atas Dosa (2026),1,komentar
user_1d3aa0201804,FILM::Suzzanna: Santet Dosa di Atas Dosa (2026),1,komentar
user_1d8876151f83,FILM::Suzzanna: Santet Dosa di Atas Dosa (2026),1,komentar
user_1d8b694864c6,FILM::Suzzanna: Santet Dosa di Atas Dosa (2026),1,komentar
user_1de7e804b560,FILM::Suzzanna: Santet Dosa di Atas Dosa (2026),1,komentar
user_1e0a7bdf79e8,FILM::Suzzanna: Santet Dosa di Atas Dosa (2026),1,komentar
user_1e57a1a6b6dc,FILM::Suzzanna: Santet Dosa di Atas Dosa (2026),1,komentar
user_1e95fe8ef5e9,FILM::Suzzanna: Santet Dosa di Atas Dosa (2026),1,komentar
user_1ee154c71f5a,FILM::Suzzanna: Santet Dosa di Atas Dosa (2026),1,komentar
user_1ee5cc1140dc,FILM::Suzzanna: Santet Dosa di Atas Dosa (2026),1,komentar
user_1efd7fd2e199,FILM::Suzzanna: Santet Dosa di Atas Dosa (2026),1,komentar
user_1efea53ab36c,FILM::Suzzanna: Santet Dosa di Atas Dosa (2026),1,komentar
user_1f827c7e10a4,FILM::Suzzanna: Santet Dosa di Atas Dosa (2026),1,komentar
user_1f9a447a3804,FILM::Suzzanna: Santet Dosa di Atas Dosa (2026),1,komentar
user_1fbbf0632830,FILM::Suzzanna: Santet Dosa di Atas Dosa (2026),1,komentar
user_205871c9a6ce,FILM::Suzzanna: Santet Dosa di Atas Dosa (2026),1,komentar
user_209c54c65343,FILM::Suzzanna: Santet Dosa di Atas Dosa (2026),1,komentar
user_2112faf3334f,FILM::Suzzanna: Santet Dosa di Atas Dosa (2026),1,komentar
user_2156595b8370,FILM::Suzzanna: Santet Dosa di Atas Dosa (2026),1,komentar
user_21ff3d2bdf5e,FILM::Suzzanna: Santet Dosa di Atas Dosa (2026),1,komentar
user_221218d36d6a,FILM::Suzzanna: Santet Dosa di Atas Dosa (2026),1,komentar
user_2223636afe46,FILM::Suzzanna: Santet Dosa di Atas Dosa (2026),1,komentar
user_2262a821d7c8,FILM::Suzzanna: Santet Dosa di Atas Dosa (2026),1,komentar
user_228f73055a93,FILM::Suzzanna: Santet Dosa di Atas Dosa (2026),1,komentar
user_22a1721ac7b5,FILM::Suzzanna: Santet Dosa di Atas Dosa (2026),2,komentar
user_22b0afcc0f20,FILM::Suzzanna: Santet Dosa di Atas Dosa (2026),1,komentar
user_22bbc0529eec,FILM::Suzzanna: Santet Dosa di Atas Dosa (2026),1,komentar
user_22df660cbd17,FILM::Suzzanna: Santet Dosa di Atas Dosa (2026),1,komentar
user_231510e9fbd5,FILM::Suzzanna: Santet Dosa di Atas Dosa (2026),1,komentar
user_2354292f3886,FILM::Suzzanna: Santet Dosa di Atas Dosa (2026),1,komentar
user_249b5e1b0c35,FILM::Suzzanna: Santet Dosa di Atas Dosa (2026),1,komentar
user_24be3b72f686,FILM::Suzzanna: Santet Dosa di Atas Dosa (2026),1,komentar
user_24d5b8fedc0f,FILM::Suzzanna: Santet Dosa di Atas Dosa (2026),1,komentar
user_24ea88be71a5,FILM::Suzzanna: Santet Dosa di Atas Dosa (2026),1,komentar
user_253d84c8e07a,FILM::Suzzanna: Santet Dosa di Atas Dosa (2026),1,komentar
user_2578d624d4e9,FILM::Suzzanna: Santet Dosa di Atas Dosa (2026),3,komentar
user_25892acfc0b5,FILM::Suzzanna: Santet Dosa di Atas Dosa (2026),1,komentar
user_25f31acb466d,FILM::Suzzanna: Santet Dosa di Atas Dosa (2026),1,komentar
user_25f9611c4534,FILM::Suzzanna: Santet Dosa di Atas Dosa (2026),2,komentar
user_2605e216aaa4,FILM::Suzzanna: Santet Dosa di Atas Dosa (2026),1,komentar
user_2608525e9816,FILM::Suzzanna: Santet Dosa di Atas Dosa (2026),1,komentar
user_2684371daef8,FILM::Suzzanna: Santet Dosa di Atas Dosa (2026),1,komentar
user_2696fe18a34e,FILM::Suzzanna: Santet Dosa di Atas Dosa (2026),1,komentar
user_26a9110bd546,FILM::Suzzanna: Santet Dosa di Atas Dosa (2026),1,komentar
user_27294413fec6,FILM::Suzzanna: Santet Dosa di Atas Dosa (2026),1,komentar
user_274093650f94,FILM::Suzzanna: Santet Dosa di Atas Dosa (2026),2,komentar
user_2777f004f8ea,FILM::Suzzanna: Santet Dosa di Atas Dosa (2026),1,komentar
user_27ec8d3dcfb3,FILM::Suzzanna: Santet Dosa di Atas Dosa (2026),1,komentar
user_2833d17816ea,FILM::Suzzanna: Santet Dosa di Atas Dosa (2026),1,komentar
user_28581b54820e,FILM::Suzzanna: Santet Dosa di Atas Dosa (2026),1,komentar
user_288817fe8ea1,FILM::Suzzanna: Santet Dosa di Atas Dosa (2026),1,komentar
user_289ed14426d2,FILM::Suzzanna: Santet Dosa di Atas Dosa (2026),1,komentar
user_291b831f676c,FILM::Suzzanna: Santet Dosa di Atas Dosa (2026),1,komentar
user_296059d4328b,FILM::Suzzanna: Santet Dosa di Atas Dosa (2026),1,komentar
user_2965d66e7b99,FILM::Suzzanna: Santet Dosa di Atas Dosa (2026),1,komentar
user_298a830a2f3c,FILM::Suzzanna: Santet Dosa di Atas Dosa (2026),1,komentar
user_29c358a40ce2,FILM::Suzzanna: Santet Dosa di Atas Dosa (2026),1,komentar
user_2a343bcb4a91,FILM::Suzzanna: Santet Dosa di Atas Dosa (2026),1,komentar
user_2aa505d499a0,FILM::Suzzanna: Santet Dosa di Atas Dosa (2026),1,komentar
user_2aeffd850056,FILM::Suzzanna: Santet Dosa di Atas Dosa (2026),1,komentar
user_2af76faa9a88,FILM::Suzzanna: Santet Dosa di Atas Dosa (2026),2,komentar
user_2b15c90c8ae1,FILM::Suzzanna: Santet Dosa di Atas Dosa (2026),1,komentar
user_2ce14be17ea1,FILM::Suzzanna: Santet Dosa di Atas Dosa (2026),2,komentar
user_2d42c80bee61,FILM::Suzzanna: Santet Dosa di Atas Dosa (2026),1,komentar
user_2d90ea4952b8,FILM::Suzzanna: Santet Dosa di Atas Dosa (2026),1,komentar
user_2e3af8eabe3c,FILM::Suzzanna: Santet Dosa di Atas Dosa (2026),1,komentar
user_2e40a648fd76,FILM::Suzzanna: Santet Dosa di Atas Dosa (2026),1,komentar
user_2e783b7ab65e,FILM::Suzzanna: Santet Dosa di Atas Dosa (2026),2,komentar
user_2e7846db335d,FILM::Suzzanna: Santet Dosa di Atas Dosa (2026),1,komentar
user_2f1b3ff78baa,FILM::Suzzanna: Santet Dosa di Atas Dosa (2026),1,komentar
user_2f8ae744a794,FILM::Suzzanna: Santet Dosa di Atas Dosa (2026),1,komentar
user_2f9b63828ec6,FILM::Suzzanna: Santet Dosa di Atas Dosa (2026),2,komentar
user_2fbac9dd999e,FILM::Suzzanna: Santet Dosa di Atas Dosa (2026),1,komentar
user_2ff9b92dd5bb,FILM::Suzzanna: Santet Dosa di Atas Dosa (2026),1,komentar
user_3075f9c639f6,FILM::Suzzanna: Santet Dosa di Atas Dosa (2026),1,komentar
user_3107ce868935,FILM::Suzzanna: Santet Dosa di Atas Dosa (2026),1,komentar
user_319a05cbd3c0,FILM::Suzzanna: Santet Dosa di Atas Dosa (2026),1,komentar
user_32209fb301d4,FILM::Suzzanna: Santet Dosa di Atas Dosa (2026),1,komentar
user_32468a7f19b7,FILM::Suzzanna: Santet Dosa di Atas Dosa (2026),1,komentar
user_32820c506109,FILM::Suzzanna: Santet Dosa di Atas Dosa (2026),1,komentar
user_3296d9c642ac,FILM::Suzzanna: Santet Dosa di Atas Dosa (2026),1,komentar
user_32a725e047fb,FILM::Suzzanna: Santet Dosa di Atas Dosa (2026),1,komentar
user_32b2784a585a,FILM::Suzzanna: Santet Dosa di Atas Dosa (2026),1,komentar
user_32fce1551593,FILM::Suzzanna: Santet Dosa di Atas Dosa (2026),1,komentar
user_32fe3c212b8f,FILM::Suzzanna: Santet Dosa di Atas Dosa (2026),2,komentar
user_332a07a3ac78,FILM::Suzzanna: Santet Dosa di Atas Dosa (2026),1,komentar
user_3369eac65f77,FILM::Suzzanna: Santet Dosa di Atas Dosa (2026),1,komentar
user_33a0d10e488e,FILM::Suzzanna: Santet Dosa di Atas Dosa (2026),1,komentar
user_34098c7004c2,FILM::Suzzanna: Santet Dosa di Atas Dosa (2026),1,komentar
user_341e4a0677df,FILM::Suzzanna: Santet Dosa di Atas Dosa (2026),1,komentar
user_347d31bf7a1c,FILM::Suzzanna: Santet Dosa di Atas Dosa (2026),12,komentar
user_34ed84b493bb,FILM::Suzzanna: Santet Dosa di Atas Dosa (2026),1,komentar
user_34f5d77a261b,FILM::Suzzanna: Santet Dosa di Atas Dosa (2026),1,komentar
user_3576dc7722c4,FILM::Suzzanna: Santet Dosa di Atas Dosa (2026),2,komentar
user_359fb76c6927,FILM::Suzzanna: Santet Dosa di Atas Dosa (2026),2,komentar
user_35c146306578,FILM::Suzzanna: Santet Dosa di Atas Dosa (2026),1,komentar
user_35ec6ea93fcf,FILM::Suzzanna: Santet Dosa di Atas Dosa (2026),2,komentar
user_360efe741056,FILM::Suzzanna: Santet Dosa di Atas Dosa (2026),1,komentar
user_3627cbc83c66,FILM::Suzzanna: Santet Dosa di Atas Dosa (2026),1,komentar
user_366d14dbb551,FILM::Suzzanna: Santet Dosa di Atas Dosa (2026),1,komentar
user_367b41dc9e2d,FILM::Suzzanna: Santet Dosa di Atas Dosa (2026),1,komentar
user_36f4ff164b9e,FILM::Suzzanna: Santet Dosa di Atas Dosa (2026),2,komentar
user_3724b8c6840b,FILM::Suzzanna: Santet Dosa di Atas Dosa (2026),1,komentar
user_3732b28cdfcc,FILM::Suzzanna: Santet Dosa di Atas Dosa (2026),1,komentar
user_3736a30dccfb,FILM::Suzzanna: Santet Dosa di Atas Dosa (2026),1,komentar
user_374249693d03,FILM::Suzzanna: Santet Dosa di Atas Dosa (2026),1,komentar
user_3751df822d89,FILM::Suzzanna: Santet Dosa di Atas Dosa (2026),1,komentar
user_3753950e4a38,FILM::Suzzanna: Santet Dosa di Atas Dosa (2026),1,komentar
user_37647af01d52,FILM::Suzzanna: Santet Dosa di Atas Dosa (2026),1,komentar
user_37aef45e0b35,FILM::Suzzanna: Santet Dosa di Atas Dosa (2026),3,komentar
user_37d7d6cedd77,FILM::Suzzanna: Santet Dosa di Atas Dosa (2026),1,komentar
user_37d7d845c073,FILM::Suzzanna: Santet Dosa di Atas Dosa (2026),1,komentar
user_37ef238b89ea,FILM::Suzzanna: Santet Dosa di Atas Dosa (2026),2,komentar
user_380b8692b160,FILM::Suzzanna: Santet Dosa di Atas Dosa (2026),1,komentar
user_382365d70ed7,FILM::Suzzanna: Santet Dosa di Atas Dosa (2026),1,komentar
user_38518b7c1ec1,FILM::Suzzanna: Santet Dosa di Atas Dosa (2026),5,komentar
user_38b5dfa762e9,FILM::Suzzanna: Santet Dosa di Atas Dosa (2026),1,komentar
user_38b911fb29ed,FILM::Suzzanna: Santet Dosa di Atas Dosa (2026),1,komentar
user_38fb02642b25,FILM::Suzzanna: Santet Dosa di Atas Dosa (2026),1,komentar
user_391207cbc014,FILM::Suzzanna: Santet Dosa di Atas Dosa (2026),1,komentar
user_397c988b53d8,FILM::Suzzanna: Santet Dosa di Atas Dosa (2026),1,komentar
user_3a2731a54a4f,FILM::Suzzanna: Santet Dosa di Atas Dosa (2026),1,komentar
user_3a3cce7ea60b,FILM::Suzzanna: Santet Dosa di Atas Dosa (2026),1,komentar
user_3a688d0118b6,FILM::Suzzanna: Santet Dosa di Atas Dosa (2026),1,komentar
user_3a730ecce661,FILM::Suzzanna: Santet Dosa di Atas Dosa (2026),2,komentar
user_3a8b380d2bba,FILM::Suzzanna: Santet Dosa di Atas Dosa (2026),1,komentar
user_3abe08bc3a99,FILM::Suzzanna: Santet Dosa di Atas Dosa (2026),1,komentar
user_3b177114eb49,FILM::Suzzanna: Santet Dosa di Atas Dosa (2026),1,komentar
user_3b8d3053c046,FILM::Suzzanna: Santet Dosa di Atas Dosa (2026),1,komentar
user_3bb6d0dbcda3,FILM::Suzzanna: Santet Dosa di Atas Dosa (2026),1,komentar
user_3bde357cc47e,FILM::Suzzanna: Santet Dosa di Atas Dosa (2026),1,komentar
user_3bef2ab9d018,FILM::Suzzanna: Santet Dosa di Atas Dosa (2026),1,komentar
user_3c0cfb5830c1,FILM::Suzzanna: Santet Dosa di Atas Dosa (2026),1,komentar
user_3c0fb3920e68,FILM::Suzzanna: Santet Dosa di Atas Dosa (2026),1,komentar
user_3c1530c73430,FILM::Suzzanna: Santet Dosa di Atas Dosa (2026),2,komentar
user_3c684a8e727f,FILM::Suzzanna: Santet Dosa di Atas Dosa (2026),1,komentar
user_3ca615c1757d,FILM::Suzzanna: Santet Dosa di Atas Dosa (2026),1,komentar
user_3ca82c19816c,FILM::Suzzanna: Santet Dosa di Atas Dosa (2026),1,komentar
user_3d4b8e87b2ae,FILM::Suzzanna: Santet Dosa di Atas Dosa (2026),1,komentar
user_3d686f4c641b,FILM::Suzzanna: Santet Dosa di Atas Dosa (2026),3,komentar
user_3d692a580a75,FILM::Suzzanna: Santet Dosa di Atas Dosa (2026),2,komentar
user_3d71c884a229,FILM::Suzzanna: Santet Dosa di Atas Dosa (2026),1,komentar
user_3dc66560d019,FILM::Suzzanna: Santet Dosa di Atas Dosa (2026),1,komentar
user_3df696ccadd2,FILM::Suzzanna: Santet Dosa di Atas Dosa (2026),1,komentar
user_3e151c86e70d,FILM::Suzzanna: Santet Dosa di Atas Dosa (2026),1,komentar
user_3fbc583a9b70,FILM::Suzzanna: Santet Dosa di Atas Dosa (2026),1,komentar
user_3fe8212a653c,FILM::Suzzanna: Santet Dosa di Atas Dosa (2026),1,komentar
user_4012bc2478e8,FILM::Suzzanna: Santet Dosa di Atas Dosa (2026),1,komentar
user_401fc067a2a5,FILM::Suzzanna: Santet Dosa di Atas Dosa (2026),1,komentar
user_404d0dd8628c,FILM::Suzzanna: Santet Dosa di Atas Dosa (2026),2,komentar
user_405af08fd711,FILM::Suzzanna: Santet Dosa di Atas Dosa (2026),1,komentar
user_40c073fbdd84,FILM::Suzzanna: Santet Dosa di Atas Dosa (2026),1,komentar
user_40e708e2f8dd,FILM::Suzzanna: Santet Dosa di Atas Dosa (2026),1,komentar
user_40eb98958af8,FILM::Suzzanna: Santet Dosa di Atas Dosa (2026),1,komentar
user_410cfdeb146f,FILM::Suzzanna: Santet Dosa di Atas Dosa (2026),1,komentar
user_4114cc04a4f6,FILM::Suzzanna: Santet Dosa di Atas Dosa (2026),1,komentar
user_4114f2cf4682,FILM::Suzzanna: Santet Dosa di Atas Dosa (2026),1,komentar
user_4141240917f8,FILM::Suzzanna: Santet Dosa di Atas Dosa (2026),1,komentar
user_4149771a3cc5,FILM::Suzzanna: Santet Dosa di Atas Dosa (2026),2,komentar
user_41cc6259ef60,FILM::Suzzanna: Santet Dosa di Atas Dosa (2026),2,komentar
user_420746dfe39f,FILM::Suzzanna: Santet Dosa di Atas Dosa (2026),1,komentar
user_421e1e2dcf31,FILM::Suzzanna: Santet Dosa di Atas Dosa (2026),1,komentar
user_425722958867,FILM::Suzzanna: Santet Dosa di Atas Dosa (2026),1,komentar
user_42d4ea1da958,FILM::Suzzanna: Santet Dosa di Atas Dosa (2026),2,komentar
user_4309376ddb66,FILM::Suzzanna: Santet Dosa di Atas Dosa (2026),1,komentar
user_4408d1e04f29,FILM::Suzzanna: Santet Dosa di Atas Dosa (2026),1,komentar
user_441e9eb32ae2,FILM::Suzzanna: Santet Dosa di Atas Dosa (2026),2,komentar
user_443e8904e1b2,FILM::Suzzanna: Santet Dosa di Atas Dosa (2026),1,komentar
user_44a5a949b1ad,FILM::Suzzanna: Santet Dosa di Atas Dosa (2026),1,komentar
user_44c48b986f05,FILM::Suzzanna: Santet Dosa di Atas Dosa (2026),1,komentar
user_456701ea7d76,FILM::Suzzanna: Santet Dosa di Atas Dosa (2026),1,komentar
user_456fcd5a0f67,FILM::Suzzanna: Santet Dosa di Atas Dosa (2026),1,komentar
user_45e81c00d535,FILM::Suzzanna: Santet Dosa di Atas Dosa (2026),2,komentar
user_461143058020,FILM::Suzzanna: Santet Dosa di Atas Dosa (2026),1,komentar
user_46411a924df0,FILM::Suzzanna: Santet Dosa di Atas Dosa (2026),1,komentar
user_467235df2530,FILM::Suzzanna: Santet Dosa di Atas Dosa (2026),1,komentar
user_46a368250be4,FILM::Suzzanna: Santet Dosa di Atas Dosa (2026),1,komentar
user_47527fa583de,FILM::Suzzanna: Santet Dosa di Atas Dosa (2026),1,komentar
user_47b3430f1563,FILM::Suzzanna: Santet Dosa di Atas Dosa (2026),1,komentar
user_47bbf112b1da,FILM::Suzzanna: Santet Dosa di Atas Dosa (2026),1,komentar
user_47f5d1d99942,FILM::Suzzanna: Santet Dosa di Atas Dosa (2026),1,komentar
user_492540d85de1,FILM::Suzzanna: Santet Dosa di Atas Dosa (2026),1,komentar
user_49703e9d5976,FILM::Suzzanna: Santet Dosa di Atas Dosa (2026),1,komentar
user_49d92af514af,FILM::Suzzanna: Santet Dosa di Atas Dosa (2026),1,komentar
user_49def42160b4,FILM::Suzzanna: Santet Dosa di Atas Dosa (2026),1,komentar
user_4a3c4156452d,FILM::Suzzanna: Santet Dosa di Atas Dosa (2026),1,komentar
user_4a42cb499d57,FILM::Suzzanna: Santet Dosa di Atas Dosa (2026),1,komentar
user_4a8a996db042,FILM::Suzzanna: Santet Dosa di Atas Dosa (2026),1,komentar
user_4adfc440d57a,FILM::Suzzanna: Santet Dosa di Atas Dosa (2026),1,komentar
user_4aed9389a765,FILM::Suzzanna: Santet Dosa di Atas Dosa (2026),1,komentar
user_4b6ffa51f762,FILM::Suzzanna: Santet Dosa di Atas Dosa (2026),1,komentar
user_4b704185816a,FILM::Suzzanna: Santet Dosa di Atas Dosa (2026),1,komentar
user_4b9587d0b2d9,FILM::Suzzanna: Santet Dosa di Atas Dosa (2026),1,komentar
user_4c1a076b466b,FILM::Suzzanna: Santet Dosa di Atas Dosa (2026),1,komentar
user_4c88eded9d44,FILM::Suzzanna: Santet Dosa di Atas Dosa (2026),1,komentar
user_4ca6032d4b54,FILM::Suzzanna: Santet Dosa di Atas Dosa (2026),1,komentar
user_4caca487d05f,FILM::Suzzanna: Santet Dosa di Atas Dosa (2026),1,komentar
user_4ce3c71ef514,FILM::Suzzanna: Santet Dosa di Atas Dosa (2026),1,komentar
user_4d779ee2a497,FILM::Suzzanna: Santet Dosa di Atas Dosa (2026),1,komentar
user_4d8d315a8e3d,FILM::Suzzanna: Santet Dosa di Atas Dosa (2026),1,komentar
user_4dc727c91f05,FILM::Suzzanna: Santet Dosa di Atas Dosa (2026),1,komentar
user_4df99848e5ff,FILM::Suzzanna: Santet Dosa di Atas Dosa (2026),1,komentar
user_4e0218c78c5c,FILM::Suzzanna: Santet Dosa di Atas Dosa (2026),1,komentar
user_4e33734bbc77,FILM::Suzzanna: Santet Dosa di Atas Dosa (2026),1,komentar
user_4e5cc88507d2,FILM::Suzzanna: Santet Dosa di Atas Dosa (2026),1,komentar
user_4e68092aa051,FILM::Suzzanna: Santet Dosa di Atas Dosa (2026),1,komentar
user_4e8d2ebefb3d,FILM::Suzzanna: Santet Dosa di Atas Dosa (2026),1,komentar
user_4eb2e6be821c,FILM::Suzzanna: Santet Dosa di Atas Dosa (2026),1,komentar
user_4ebd5685f235,FILM::Suzzanna: Santet Dosa di Atas Dosa (2026),2,komentar
user_4f0f1ed9f587,FILM::Suzzanna: Santet Dosa di Atas Dosa (2026),2,komentar
user_4f3125c76883,FILM::Suzzanna: Santet Dosa di Atas Dosa (2026),1,komentar
user_4f4e7c3d7c58,FILM::Suzzanna: Santet Dosa di Atas Dosa (2026),1,komentar
user_500c6c46a08b,FILM::Suzzanna: Santet Dosa di Atas Dosa (2026),1,komentar
user_502006a98094,FILM::Suzzanna: Santet Dosa di Atas Dosa (2026),1,komentar
user_505a4ebdf847,FILM::Suzzanna: Santet Dosa di Atas Dosa (2026),1,komentar
user_50c2ffcba0ec,FILM::Suzzanna: Santet Dosa di Atas Dosa (2026),2,komentar
user_50ff457dbb51,FILM::Suzzanna: Santet Dosa di Atas Dosa (2026),1,komentar
user_51f8aae428b6,FILM::Suzzanna: Santet Dosa di Atas Dosa (2026),1,komentar
user_52081cfbef08,FILM::Suzzanna: Santet Dosa di Atas Dosa (2026),1,komentar
user_525a30b4c533,FILM::Suzzanna: Santet Dosa di Atas Dosa (2026),3,komentar
user_5271201b62da,FILM::Suzzanna: Santet Dosa di Atas Dosa (2026),1,komentar
user_53001e8ce90e,FILM::Suzzanna: Santet Dosa di Atas Dosa (2026),1,komentar
user_531a4fc80cad,FILM::Suzzanna: Santet Dosa di Atas Dosa (2026),1,komentar
user_533da78701ff,FILM::Suzzanna: Santet Dosa di Atas Dosa (2026),1,komentar
user_5341da031714,FILM::Suzzanna: Santet Dosa di Atas Dosa (2026),1,komentar
user_537729881f46,FILM::Suzzanna: Santet Dosa di Atas Dosa (2026),1,komentar
user_5399f5fd300d,FILM::Suzzanna: Santet Dosa di Atas Dosa (2026),1,komentar
user_53a4354e1d4a,FILM::Suzzanna: Santet Dosa di Atas Dosa (2026),1,komentar
user_53a58578a454,FILM::Suzzanna: Santet Dosa di Atas Dosa (2026),2,komentar
user_53da92923ff3,FILM::Suzzanna: Santet Dosa di Atas Dosa (2026),1,komentar
user_5420646ba8b9,FILM::Suzzanna: Santet Dosa di Atas Dosa (2026),1,komentar
user_5436eae0cb72,FILM::Suzzanna: Santet Dosa di Atas Dosa (2026),1,komentar
user_548d36c370b3,FILM::Suzzanna: Santet Dosa di Atas Dosa (2026),1,komentar
user_5494eacd75ab,FILM::Suzzanna: Santet Dosa di Atas Dosa (2026),1,komentar
user_5545dc970134,FILM::Suzzanna: Santet Dosa di Atas Dosa (2026),1,komentar
user_556fc1de5585,FILM::Suzzanna: Santet Dosa di Atas Dosa (2026),1,komentar
user_5580e83aebcc,FILM::Suzzanna: Santet Dosa di Atas Dosa (2026),1,komentar
user_55d05310d420,FILM::Suzzanna: Santet Dosa di Atas Dosa (2026),1,komentar
user_5686c93459e3,FILM::Suzzanna: Santet Dosa di Atas Dosa (2026),2,komentar
user_56b9c351f05d,FILM::Suzzanna: Santet Dosa di Atas Dosa (2026),1,komentar
user_56baf232876a,FILM::Suzzanna: Santet Dosa di Atas Dosa (2026),1,komentar
user_56e8bdc500a6,FILM::Suzzanna: Santet Dosa di Atas Dosa (2026),1,komentar
user_56ffdddd0ff9,FILM::Suzzanna: Santet Dosa di Atas Dosa (2026),2,komentar
user_57222ae1a111,FILM::Suzzanna: Santet Dosa di Atas Dosa (2026),1,komentar
user_5727b1692235,FILM::Suzzanna: Santet Dosa di Atas Dosa (2026),1,komentar
user_5750dfdec5f9,FILM::Suzzanna: Santet Dosa di Atas Dosa (2026),2,komentar
user_577a31e29207,FILM::Suzzanna: Santet Dosa di Atas Dosa (2026),3,komentar
user_589220f3146e,FILM::Suzzanna: Santet Dosa di Atas Dosa (2026),2,komentar
user_58ba010ae3ac,FILM::Suzzanna: Santet Dosa di Atas Dosa (2026),3,komentar
user_58d38a1386c5,FILM::Suzzanna: Santet Dosa di Atas Dosa (2026),1,komentar
user_5901c6c883f8,FILM::Suzzanna: Santet Dosa di Atas Dosa (2026),1,komentar
user_592109934a6c,FILM::Suzzanna: Santet Dosa di Atas Dosa (2026),1,komentar
user_5973677c9c3a,FILM::Suzzanna: Santet Dosa di Atas Dosa (2026),1,komentar
user_59ede183a182,FILM::Suzzanna: Santet Dosa di Atas Dosa (2026),1,komentar
user_5a37ffa29063,FILM::Suzzanna: Santet Dosa di Atas Dosa (2026),1,komentar
user_5a4c77051b8f,FILM::Suzzanna: Santet Dosa di Atas Dosa (2026),1,komentar
user_5a685d9159c3,FILM::Suzzanna: Santet Dosa di Atas Dosa (2026),1,komentar
user_5ad568c3accd,FILM::Suzzanna: Santet Dosa di Atas Dosa (2026),1,komentar
user_5b27d5392f63,FILM::Suzzanna: Santet Dosa di Atas Dosa (2026),1,komentar
user_5b625131f807,FILM::Suzzanna: Santet Dosa di Atas Dosa (2026),1,komentar
user_5c05de2fa7e4,FILM::Suzzanna: Santet Dosa di Atas Dosa (2026),1,komentar
user_5c06b76feade,FILM::Suzzanna: Santet Dosa di Atas Dosa (2026),2,komentar
user_5c65e55638c0,FILM::Suzzanna: Santet Dosa di Atas Dosa (2026),1,komentar
user_5c74aec148ed,FILM::Suzzanna: Santet Dosa di Atas Dosa (2026),1,komentar
user_5cccaed1f5ac,FILM::Suzzanna: Santet Dosa di Atas Dosa (2026),1,komentar
user_5d1864d7a1b4,FILM::Suzzanna: Santet Dosa di Atas Dosa (2026),1,komentar
user_5d2ded85b416,FILM::Suzzanna: Santet Dosa di Atas Dosa (2026),1,komentar
user_5d720252a777,FILM::Suzzanna: Santet Dosa di Atas Dosa (2026),1,komentar
user_5df6a74455b8,FILM::Suzzanna: Santet Dosa di Atas Dosa (2026),1,komentar
user_5e789d976f49,FILM::Suzzanna: Santet Dosa di Atas Dosa (2026),1,komentar
user_5ec74373eb2e,FILM::Suzzanna: Santet Dosa di Atas Dosa (2026),1,komentar
user_5eebb1ab42d0,FILM::Suzzanna: Santet Dosa di Atas Dosa (2026),1,komentar
user_5f334bd16766,FILM::Suzzanna: Santet Dosa di Atas Dosa (2026),1,komentar
user_5f637082d7a0,FILM::Suzzanna: Santet Dosa di Atas Dosa (2026),4,komentar
user_5f899070c8e8,FILM::Suzzanna: Santet Dosa di Atas Dosa (2026),1,komentar
user_5f9119dcd1bb,FILM::Suzzanna: Santet Dosa di Atas Dosa (2026),1,komentar
user_5fb840fa6567,FILM::Suzzanna: Santet Dosa di Atas Dosa (2026),1,komentar
user_5fc25bf3c1ef,FILM::Suzzanna: Santet Dosa di Atas Dosa (2026),1,komentar
user_5fc83f36befe,FILM::Suzzanna: Santet Dosa di Atas Dosa (2026),1,komentar
user_605bb7002187,FILM::Suzzanna: Santet Dosa di Atas Dosa (2026),1,komentar
user_606d2962025f,FILM::Suzzanna: Santet Dosa di Atas Dosa (2026),1,komentar
user_606ee19aed42,FILM::Suzzanna: Santet Dosa di Atas Dosa (2026),1,komentar
user_60e6a73b3067,FILM::Suzzanna: Santet Dosa di Atas Dosa (2026),2,komentar
user_61103adc98c2,FILM::Suzzanna: Santet Dosa di Atas Dosa (2026),1,komentar
user_614e25238ac3,FILM::Suzzanna: Santet Dosa di Atas Dosa (2026),1,komentar
user_6186eaf8eba7,FILM::Suzzanna: Santet Dosa di Atas Dosa (2026),2,komentar
user_61a4451c1d83,FILM::Suzzanna: Santet Dosa di Atas Dosa (2026),1,komentar
user_61b15bc9d457,FILM::Suzzanna: Santet Dosa di Atas Dosa (2026),1,komentar
user_626a83cd711f,FILM::Suzzanna: Santet Dosa di Atas Dosa (2026),1,komentar
user_626b94211574,FILM::Suzzanna: Santet Dosa di Atas Dosa (2026),1,komentar
user_6279982938c8,FILM::Suzzanna: Santet Dosa di Atas Dosa (2026),1,komentar
user_62cc3b78a759,FILM::Suzzanna: Santet Dosa di Atas Dosa (2026),1,komentar
user_6345038a9bec,FILM::Suzzanna: Santet Dosa di Atas Dosa (2026),2,komentar
user_6367d56cb2f8,FILM::Suzzanna: Santet Dosa di Atas Dosa (2026),1,komentar
user_63b921b5d150,FILM::Suzzanna: Santet Dosa di Atas Dosa (2026),1,komentar
user_640fc7512880,FILM::Suzzanna: Santet Dosa di Atas Dosa (2026),1,komentar
user_64128fac4077,FILM::Suzzanna: Santet Dosa di Atas Dosa (2026),1,komentar
user_644c328c04b9,FILM::Suzzanna: Santet Dosa di Atas Dosa (2026),1,komentar
user_64eaea220840,FILM::Suzzanna: Santet Dosa di Atas Dosa (2026),1,komentar
user_652403d1bc23,FILM::Suzzanna: Santet Dosa di Atas Dosa (2026),2,komentar
user_6588c5b318b2,FILM::Suzzanna: Santet Dosa di Atas Dosa (2026),1,komentar
user_65ed7ae3bd66,FILM::Suzzanna: Santet Dosa di Atas Dosa (2026),1,komentar
user_661570bd6f68,FILM::Suzzanna: Santet Dosa di Atas Dosa (2026),1,komentar
user_6735ace3d054,FILM::Suzzanna: Santet Dosa di Atas Dosa (2026),2,komentar
user_67bdf36b3765,FILM::Suzzanna: Santet Dosa di Atas Dosa (2026),1,komentar
user_6809506f3f6e,FILM::Suzzanna: Santet Dosa di Atas Dosa (2026),1,komentar
user_683336741a8e,FILM::Suzzanna: Santet Dosa di Atas Dosa (2026),1,komentar
user_683554781513,FILM::Suzzanna: Santet Dosa di Atas Dosa (2026),1,komentar
user_684f6c4db027,FILM::Suzzanna: Santet Dosa di Atas Dosa (2026),1,komentar
user_68d1708a33ec,FILM::Suzzanna: Santet Dosa di Atas Dosa (2026),1,komentar
user_69291a4d93dc,FILM::Suzzanna: Santet Dosa di Atas Dosa (2026),1,komentar
user_6966cda75dfa,FILM::Suzzanna: Santet Dosa di Atas Dosa (2026),1,komentar
user_6a666370ef48,FILM::Suzzanna: Santet Dosa di Atas Dosa (2026),1,komentar
user_6a7de6f6776b,FILM::Suzzanna: Santet Dosa di Atas Dosa (2026),1,komentar
user_6ac40f8bbd6a,FILM::Suzzanna: Santet Dosa di Atas Dosa (2026),1,komentar
user_6ac9c1ab4547,FILM::Suzzanna: Santet Dosa di Atas Dosa (2026),1,komentar
user_6afb2745d3a9,FILM::Suzzanna: Santet Dosa di Atas Dosa (2026),1,komentar
user_6afe95c39f56,FILM::Suzzanna: Santet Dosa di Atas Dosa (2026),1,komentar
user_6b18a7b481bf,FILM::Suzzanna: Santet Dosa di Atas Dosa (2026),1,komentar
user_6b37bac4e5a8,FILM::Suzzanna: Santet Dosa di Atas Dosa (2026),1,komentar
user_6ba6d1d464ee,FILM::Suzzanna: Santet Dosa di Atas Dosa (2026),1,komentar
user_6c20109c178f,FILM::Suzzanna: Santet Dosa di Atas Dosa (2026),1,komentar
user_6c9cfd15e2da,FILM::Suzzanna: Santet Dosa di Atas Dosa (2026),1,komentar
user_6cb93e8a8fd3,FILM::Suzzanna: Santet Dosa di Atas Dosa (2026),1,komentar
user_6d38d031dedc,FILM::Suzzanna: Santet Dosa di Atas Dosa (2026),1,komentar
user_6d46f590bb98,FILM::Suzzanna: Santet Dosa di Atas Dosa (2026),1,komentar
user_6d5d9fdf0041,FILM::Suzzanna: Santet Dosa di Atas Dosa (2026),1,komentar
user_6d880c45bd89,FILM::Suzzanna: Santet Dosa di Atas Dosa (2026),1,komentar
user_6dfef8610a90,FILM::Suzzanna: Santet Dosa di Atas Dosa (2026),1,komentar
user_6e377cd09e30,FILM::Suzzanna: Santet Dosa di Atas Dosa (2026),1,komentar
user_6e58502d20cd,FILM::Suzzanna: Santet Dosa di Atas Dosa (2026),1,komentar
user_6e5875b1179e,FILM::Suzzanna: Santet Dosa di Atas Dosa (2026),1,komentar
user_6ebcc68e1ac2,FILM::Suzzanna: Santet Dosa di Atas Dosa (2026),2,komentar
user_6ee50cda10cd,FILM::Suzzanna: Santet Dosa di Atas Dosa (2026),1,komentar
user_6f78a844ba5e,FILM::Suzzanna: Santet Dosa di Atas Dosa (2026),9,komentar
user_6fcf431520c0,FILM::Suzzanna: Santet Dosa di Atas Dosa (2026),1,komentar
user_7067c2ca1728,FILM::Suzzanna: Santet Dosa di Atas Dosa (2026),2,komentar
user_709d28316f37,FILM::Suzzanna: Santet Dosa di Atas Dosa (2026),1,komentar
user_70f0a1ae9100,FILM::Suzzanna: Santet Dosa di Atas Dosa (2026),1,komentar
user_7171e5476a89,FILM::Suzzanna: Santet Dosa di Atas Dosa (2026),3,komentar
user_71e68d210095,FILM::Suzzanna: Santet Dosa di Atas Dosa (2026),1,komentar
user_72114a4c0130,FILM::Suzzanna: Santet Dosa di Atas Dosa (2026),2,komentar
user_722b04b11021,FILM::Suzzanna: Santet Dosa di Atas Dosa (2026),2,komentar
user_722cf8ee6fd6,FILM::Suzzanna: Santet Dosa di Atas Dosa (2026),3,komentar
user_7239eaf0452a,FILM::Suzzanna: Santet Dosa di Atas Dosa (2026),3,komentar
user_72f7391d765d,FILM::Suzzanna: Santet Dosa di Atas Dosa (2026),1,komentar
user_72fcd77aa215,FILM::Suzzanna: Santet Dosa di Atas Dosa (2026),3,komentar
user_73afd873b856,FILM::Suzzanna: Santet Dosa di Atas Dosa (2026),2,komentar
user_742eafa8f746,FILM::Suzzanna: Santet Dosa di Atas Dosa (2026),1,komentar
user_74d54c083b97,FILM::Suzzanna: Santet Dosa di Atas Dosa (2026),1,komentar
user_7618b6fbc191,FILM::Suzzanna: Santet Dosa di Atas Dosa (2026),1,komentar
user_761b8eb5da05,FILM::Suzzanna: Santet Dosa di Atas Dosa (2026),2,komentar
user_76472a02f200,FILM::Suzzanna: Santet Dosa di Atas Dosa (2026),1,komentar
user_76f90f8e0687,FILM::Suzzanna: Santet Dosa di Atas Dosa (2026),1,komentar
user_77298920ea81,FILM::Suzzanna: Santet Dosa di Atas Dosa (2026),1,komentar
user_7750872e9e62,FILM::Suzzanna: Santet Dosa di Atas Dosa (2026),1,komentar
user_77598ad72e76,FILM::Suzzanna: Santet Dosa di Atas Dosa (2026),2,komentar
user_7779ad396763,FILM::Suzzanna: Santet Dosa di Atas Dosa (2026),2,komentar
user_77a8ca44408e,FILM::Suzzanna: Santet Dosa di Atas Dosa (2026),1,komentar
user_77cc4d252d02,FILM::Suzzanna: Santet Dosa di Atas Dosa (2026),1,komentar
user_790d5a5a3211,FILM::Suzzanna: Santet Dosa di Atas Dosa (2026),1,komentar
user_793225c9507a,FILM::Suzzanna: Santet Dosa di Atas Dosa (2026),1,komentar
user_795e415b6a31,FILM::Suzzanna: Santet Dosa di Atas Dosa (2026),1,komentar
user_795fc9de4b08,FILM::Suzzanna: Santet Dosa di Atas Dosa (2026),2,komentar
user_798fc47abc77,FILM::Suzzanna: Santet Dosa di Atas Dosa (2026),1,komentar
user_79bf94da48ea,FILM::Suzzanna: Santet Dosa di Atas Dosa (2026),2,komentar
user_7a8a95133b37,FILM::Suzzanna: Santet Dosa di Atas Dosa (2026),1,komentar
user_7abd038501c8,FILM::Suzzanna: Santet Dosa di Atas Dosa (2026),1,komentar
user_7acb4d7e63ac,FILM::Suzzanna: Santet Dosa di Atas Dosa (2026),1,komentar
user_7acfef2c5a69,FILM::Suzzanna: Santet Dosa di Atas Dosa (2026),2,komentar
user_7b2ea548da44,FILM::Suzzanna: Santet Dosa di Atas Dosa (2026),1,komentar
user_7b6a0a14a0cb,FILM::Suzzanna: Santet Dosa di Atas Dosa (2026),1,komentar
user_7ba33b87936b,FILM::Suzzanna: Santet Dosa di Atas Dosa (2026),1,komentar
user_7bb4d01a57d7,FILM::Suzzanna: Santet Dosa di Atas Dosa (2026),1,komentar
user_7bccab152fec,FILM::Suzzanna: Santet Dosa di Atas Dosa (2026),1,komentar
user_7bd97c78210c,FILM::Suzzanna: Santet Dosa di Atas Dosa (2026),1,komentar
user_7c2994353ef0,FILM::Suzzanna: Santet Dosa di Atas Dosa (2026),1,komentar
user_7c459b313708,FILM::Suzzanna: Santet Dosa di Atas Dosa (2026),1,komentar
user_7c5336d773df,FILM::Suzzanna: Santet Dosa di Atas Dosa (2026),1,komentar
user_7c578c45d3b3,FILM::Suzzanna: Santet Dosa di Atas Dosa (2026),1,komentar
user_7cae64e33ba4,FILM::Suzzanna: Santet Dosa di Atas Dosa (2026),1,komentar
user_7d27d30202e5,FILM::Suzzanna: Santet Dosa di Atas Dosa (2026),1,komentar
user_7d4b6fcc9064,FILM::Suzzanna: Santet Dosa di Atas Dosa (2026),1,komentar
user_7d569d47f43b,FILM::Suzzanna: Santet Dosa di Atas Dosa (2026),2,komentar
user_7da6d158bbff,FILM::Suzzanna: Santet Dosa di Atas Dosa (2026),1,komentar
user_7dbbaa9c1486,FILM::Suzzanna: Santet Dosa di Atas Dosa (2026),1,komentar
user_7dc250bf419e,FILM::Suzzanna: Santet Dosa di Atas Dosa (2026),1,komentar
user_7e8132096b41,FILM::Suzzanna: Santet Dosa di Atas Dosa (2026),1,komentar
user_7e8179585791,FILM::Suzzanna: Santet Dosa di Atas Dosa (2026),1,komentar
user_801626add9f3,FILM::Suzzanna: Santet Dosa di Atas Dosa (2026),1,komentar
user_8037e2216ba5,FILM::Suzzanna: Santet Dosa di Atas Dosa (2026),1,komentar
user_8090dde1e87d,FILM::Suzzanna: Santet Dosa di Atas Dosa (2026),1,komentar
user_80b764850b57,FILM::Suzzanna: Santet Dosa di Atas Dosa (2026),1,komentar
user_80d9eba34dae,FILM::Suzzanna: Santet Dosa di Atas Dosa (2026),1,komentar
user_80f14c7df47f,FILM::Suzzanna: Santet Dosa di Atas Dosa (2026),1,komentar
user_815382e50d41,FILM::Suzzanna: Santet Dosa di Atas Dosa (2026),1,komentar
user_817ac8e3713b,FILM::Suzzanna: Santet Dosa di Atas Dosa (2026),2,komentar
user_818d430ed143,FILM::Suzzanna: Santet Dosa di Atas Dosa (2026),1,komentar
user_819082b96962,FILM::Suzzanna: Santet Dosa di Atas Dosa (2026),1,komentar
user_81c0bd69b8ed,FILM::Suzzanna: Santet Dosa di Atas Dosa (2026),1,komentar
user_81fbc3c28cee,FILM::Suzzanna: Santet Dosa di Atas Dosa (2026),1,komentar
user_8202eca3ec89,FILM::Suzzanna: Santet Dosa di Atas Dosa (2026),1,komentar
user_8274ea606c0c,FILM::Suzzanna: Santet Dosa di Atas Dosa (2026),1,komentar
user_829e418bf92f,FILM::Suzzanna: Santet Dosa di Atas Dosa (2026),1,komentar
user_8311b07c02fe,FILM::Suzzanna: Santet Dosa di Atas Dosa (2026),1,komentar
user_834c8b6c9283,FILM::Suzzanna: Santet Dosa di Atas Dosa (2026),1,komentar
user_834e3c234176,FILM::Suzzanna: Santet Dosa di Atas Dosa (2026),1,komentar
user_83b6ad3b32e2,FILM::Suzzanna: Santet Dosa di Atas Dosa (2026),1,komentar
user_8447b00d5ab1,FILM::Suzzanna: Santet Dosa di Atas Dosa (2026),1,komentar
user_8476a78d3515,FILM::Suzzanna: Santet Dosa di Atas Dosa (2026),1,komentar
user_847d2c4871c0,FILM::Suzzanna: Santet Dosa di Atas Dosa (2026),1,komentar
user_8483659fc4c9,FILM::Suzzanna: Santet Dosa di Atas Dosa (2026),1,komentar
user_849a658d0208,FILM::Suzzanna: Santet Dosa di Atas Dosa (2026),1,komentar
user_84b3298b06c8,FILM::Suzzanna: Santet Dosa di Atas Dosa (2026),1,komentar
user_84e28a32cdb6,FILM::Suzzanna: Santet Dosa di Atas Dosa (2026),1,komentar
user_84e886c32452,FILM::Suzzanna: Santet Dosa di Atas Dosa (2026),1,komentar
user_84f809bedcf7,FILM::Suzzanna: Santet Dosa di Atas Dosa (2026),1,komentar
user_85134480578e,FILM::Suzzanna: Santet Dosa di Atas Dosa (2026),1,komentar
user_85288c7a2b0a,FILM::Suzzanna: Santet Dosa di Atas Dosa (2026),1,komentar
user_85d3fe7035b3,FILM::Suzzanna: Santet Dosa di Atas Dosa (2026),1,komentar
user_86a015f2924b,FILM::Suzzanna: Santet Dosa di Atas Dosa (2026),1,komentar
user_86dea654d28f,FILM::Suzzanna: Santet Dosa di Atas Dosa (2026),1,komentar
user_877da0fb1bc3,FILM::Suzzanna: Santet Dosa di Atas Dosa (2026),3,komentar
user_8780adb1545d,FILM::Suzzanna: Santet Dosa di Atas Dosa (2026),1,komentar
user_87d323ce94cd,FILM::Suzzanna: Santet Dosa di Atas Dosa (2026),1,komentar
user_87e64e44a7d8,FILM::Suzzanna: Santet Dosa di Atas Dosa (2026),1,komentar
user_883522c88f26,FILM::Suzzanna: Santet Dosa di Atas Dosa (2026),1,komentar
user_8854ed1b55af,FILM::Suzzanna: Santet Dosa di Atas Dosa (2026),1,komentar
user_88829d2bb481,FILM::Suzzanna: Santet Dosa di Atas Dosa (2026),1,komentar
user_88a6e0dd756f,FILM::Suzzanna: Santet Dosa di Atas Dosa (2026),1,komentar
user_88db69e32da1,FILM::Suzzanna: Santet Dosa di Atas Dosa (2026),1,komentar
user_88df4817c3c8,FILM::Suzzanna: Santet Dosa di Atas Dosa (2026),1,komentar
user_88fdb25d79a3,FILM::Suzzanna: Santet Dosa di Atas Dosa (2026),1,komentar
user_89335d85e764,FILM::Suzzanna: Santet Dosa di Atas Dosa (2026),2,komentar
user_893454f0c307,FILM::Suzzanna: Santet Dosa di Atas Dosa (2026),2,komentar
user_89899f88a710,FILM::Suzzanna: Santet Dosa di Atas Dosa (2026),1,komentar
user_89b458301627,FILM::Suzzanna: Santet Dosa di Atas Dosa (2026),1,komentar
user_89bd8a0b53ef,FILM::Suzzanna: Santet Dosa di Atas Dosa (2026),1,komentar
user_89dd908bd62d,FILM::Suzzanna: Santet Dosa di Atas Dosa (2026),1,komentar
user_8a47a3fb7067,FILM::Suzzanna: Santet Dosa di Atas Dosa (2026),2,komentar
user_8ac0200a8c25,FILM::Suzzanna: Santet Dosa di Atas Dosa (2026),1,komentar
user_8acfa800af4c,FILM::Suzzanna: Santet Dosa di Atas Dosa (2026),1,komentar
user_8af162034548,FILM::Suzzanna: Santet Dosa di Atas Dosa (2026),1,komentar
user_8b9b8a02b0da,FILM::Suzzanna: Santet Dosa di Atas Dosa (2026),1,komentar
user_8ba5142c4178,FILM::Suzzanna: Santet Dosa di Atas Dosa (2026),1,komentar
user_8c2224eb7992,FILM::Suzzanna: Santet Dosa di Atas Dosa (2026),1,komentar
user_8d8caf8a4f68,FILM::Suzzanna: Santet Dosa di Atas Dosa (2026),1,komentar
user_8d9c4147e4a5,FILM::Suzzanna: Santet Dosa di Atas Dosa (2026),1,komentar
user_8d9c89956a23,FILM::Suzzanna: Santet Dosa di Atas Dosa (2026),1,komentar
user_8d9f1edd3d48,FILM::Suzzanna: Santet Dosa di Atas Dosa (2026),1,komentar
user_8ddfbb0a8f36,FILM::Suzzanna: Santet Dosa di Atas Dosa (2026),1,komentar
user_8eb40ad9a3e7,FILM::Suzzanna: Santet Dosa di Atas Dosa (2026),3,komentar
user_8eddf1284e72,FILM::Suzzanna: Santet Dosa di Atas Dosa (2026),1,komentar
user_901b815fbe8b,FILM::Suzzanna: Santet Dosa di Atas Dosa (2026),1,komentar
user_904e9a88d289,FILM::Suzzanna: Santet Dosa di Atas Dosa (2026),1,komentar
user_90c08600c6e9,FILM::Suzzanna: Santet Dosa di Atas Dosa (2026),1,komentar
user_90d444ba84fd,FILM::Suzzanna: Santet Dosa di Atas Dosa (2026),1,komentar
user_90d6140700d4,FILM::Suzzanna: Santet Dosa di Atas Dosa (2026),1,komentar
user_9115bbffaaa9,FILM::Suzzanna: Santet Dosa di Atas Dosa (2026),1,komentar
user_912ea7b84112,FILM::Suzzanna: Santet Dosa di Atas Dosa (2026),1,komentar
user_91d6f62ba94f,FILM::Suzzanna: Santet Dosa di Atas Dosa (2026),1,komentar
user_91fad7dc182c,FILM::Suzzanna: Santet Dosa di Atas Dosa (2026),2,komentar
user_9230668b4480,FILM::Suzzanna: Santet Dosa di Atas Dosa (2026),1,komentar
user_923d7df7da04,FILM::Suzzanna: Santet Dosa di Atas Dosa (2026),1,komentar
user_926efae18d18,FILM::Suzzanna: Santet Dosa di Atas Dosa (2026),1,komentar
user_9281751fa32d,FILM::Suzzanna: Santet Dosa di Atas Dosa (2026),1,komentar
user_9298fde69a43,FILM::Suzzanna: Santet Dosa di Atas Dosa (2026),1,komentar
user_92b3fcebcd82,FILM::Suzzanna: Santet Dosa di Atas Dosa (2026),1,komentar
user_92bd760016ab,FILM::Suzzanna: Santet Dosa di Atas Dosa (2026),1,komentar
user_92d60851c642,FILM::Suzzanna: Santet Dosa di Atas Dosa (2026),1,komentar
user_93b39b9e49af,FILM::Suzzanna: Santet Dosa di Atas Dosa (2026),1,komentar
user_93ed5ee21a13,FILM::Suzzanna: Santet Dosa di Atas Dosa (2026),1,komentar
user_9419ea2780a9,FILM::Suzzanna: Santet Dosa di Atas Dosa (2026),1,komentar
user_9453ccae3987,FILM::Suzzanna: Santet Dosa di Atas Dosa (2026),1,komentar
user_9578363832c2,FILM::Suzzanna: Santet Dosa di Atas Dosa (2026),1,komentar
user_961f3d26d8d0,FILM::Suzzanna: Santet Dosa di Atas Dosa (2026),1,komentar
user_96552742b865,FILM::Suzzanna: Santet Dosa di Atas Dosa (2026),1,komentar
user_966b33b83a17,FILM::Suzzanna: Santet Dosa di Atas Dosa (2026),1,komentar
user_9686bfae9c7b,FILM::Suzzanna: Santet Dosa di Atas Dosa (2026),1,komentar
user_968b9686ce51,FILM::Suzzanna: Santet Dosa di Atas Dosa (2026),1,komentar
user_968e7d4174ab,FILM::Suzzanna: Santet Dosa di Atas Dosa (2026),1,komentar
user_96ec0ea5ae7c,FILM::Suzzanna: Santet Dosa di Atas Dosa (2026),1,komentar
user_98e93cfcf8af,FILM::Suzzanna: Santet Dosa di Atas Dosa (2026),1,komentar
user_9947903b4619,FILM::Suzzanna: Santet Dosa di Atas Dosa (2026),1,komentar
user_997059875462,FILM::Suzzanna: Santet Dosa di Atas Dosa (2026),1,komentar
user_99bcdb61c6ed,FILM::Suzzanna: Santet Dosa di Atas Dosa (2026),1,komentar
user_99db38df27f6,FILM::Suzzanna: Santet Dosa di Atas Dosa (2026),1,komentar
user_99fd9034815a,FILM::Suzzanna: Santet Dosa di Atas Dosa (2026),1,komentar
user_9a8796b8d7fc,FILM::Suzzanna: Santet Dosa di Atas Dosa (2026),1,komentar
user_9aa39f4a6d53,FILM::Suzzanna: Santet Dosa di Atas Dosa (2026),1,komentar
user_9ab88523df09,FILM::Suzzanna: Santet Dosa di Atas Dosa (2026),1,komentar
user_9b0ed6dd03dc,FILM::Suzzanna: Santet Dosa di Atas Dosa (2026),1,komentar
user_9b7c04654155,FILM::Suzzanna: Santet Dosa di Atas Dosa (2026),1,komentar
user_9ba2d88c0a23,FILM::Suzzanna: Santet Dosa di Atas Dosa (2026),1,komentar
user_9c1e250adf6d,FILM::Suzzanna: Santet Dosa di Atas Dosa (2026),1,komentar
user_9c248bda4ad1,FILM::Suzzanna: Santet Dosa di Atas Dosa (2026),1,komentar
user_9c3fe654a4fe,FILM::Suzzanna: Santet Dosa di Atas Dosa (2026),1,komentar
user_9ca72c375b53,FILM::Suzzanna: Santet Dosa di Atas Dosa (2026),1,komentar
user_9d2bea2ce585,FILM::Suzzanna: Santet Dosa di Atas Dosa (2026),1,komentar
user_9d6c82229bae,FILM::Suzzanna: Santet Dosa di Atas Dosa (2026),1,komentar
user_9dd692fc3b28,FILM::Suzzanna: Santet Dosa di Atas Dosa (2026),1,komentar
user_9e205d0321b0,FILM::Suzzanna: Santet Dosa di Atas Dosa (2026),1,komentar
user_9e21c8d3566f,FILM::Suzzanna: Santet Dosa di Atas Dosa (2026),1,komentar
user_9e805316f884,FILM::Suzzanna: Santet Dosa di Atas Dosa (2026),2,komentar
user_9eac978153c0,FILM::Suzzanna: Santet Dosa di Atas Dosa (2026),1,komentar
user_9ee4cfe24785,FILM::Suzzanna: Santet Dosa di Atas Dosa (2026),1,komentar
user_9fa3eeac9bcb,FILM::Suzzanna: Santet Dosa di Atas Dosa (2026),1,komentar
user_a05a038126ef,FILM::Suzzanna: Santet Dosa di Atas Dosa (2026),4,komentar
user_a05ce2e40fc5,FILM::Suzzanna: Santet Dosa di Atas Dosa (2026),1,komentar
user_a062c41577a2,FILM::Suzzanna: Santet Dosa di Atas Dosa (2026),1,komentar
user_a06d01c145e7,FILM::Suzzanna: Santet Dosa di Atas Dosa (2026),1,komentar
user_a117cf60e6f8,FILM::Suzzanna: Santet Dosa di Atas Dosa (2026),1,komentar
user_a13b95545977,FILM::Suzzanna: Santet Dosa di Atas Dosa (2026),1,komentar
user_a147dad32292,FILM::Suzzanna: Santet Dosa di Atas Dosa (2026),1,komentar
user_a1f8af430fd7,FILM::Suzzanna: Santet Dosa di Atas Dosa (2026),1,komentar
user_a23dea80cf77,FILM::Suzzanna: Santet Dosa di Atas Dosa (2026),1,komentar
user_a24588e55416,FILM::Suzzanna: Santet Dosa di Atas Dosa (2026),1,komentar
user_a25edd97e259,FILM::Suzzanna: Santet Dosa di Atas Dosa (2026),1,komentar
user_a27b117c8970,FILM::Suzzanna: Santet Dosa di Atas Dosa (2026),1,komentar
user_a27f78eea180,FILM::Suzzanna: Santet Dosa di Atas Dosa (2026),1,komentar
user_a280b3ac1dc5,FILM::Suzzanna: Santet Dosa di Atas Dosa (2026),1,komentar
user_a2c57ba1d7ba,FILM::Suzzanna: Santet Dosa di Atas Dosa (2026),1,komentar
user_a2e8713f55e6,FILM::Suzzanna: Santet Dosa di Atas Dosa (2026),1,komentar
user_a3198c4df209,FILM::Suzzanna: Santet Dosa di Atas Dosa (2026),1,komentar
user_a3e24c4798db,FILM::Suzzanna: Santet Dosa di Atas Dosa (2026),1,komentar
user_a42a5bdeefa3,FILM::Suzzanna: Santet Dosa di Atas Dosa (2026),1,komentar
user_a4d15b273a55,FILM::Suzzanna: Santet Dosa di Atas Dosa (2026),1,komentar
user_a510b38c0c43,FILM::Suzzanna: Santet Dosa di Atas Dosa (2026),1,komentar
user_a5b9d769cca4,FILM::Suzzanna: Santet Dosa di Atas Dosa (2026),1,komentar
user_a6cb5c3e4c05,FILM::Suzzanna: Santet Dosa di Atas Dosa (2026),2,komentar
user_a729a389fd5f,FILM::Suzzanna: Santet Dosa di Atas Dosa (2026),1,komentar
user_a754730fe3b3,FILM::Suzzanna: Santet Dosa di Atas Dosa (2026),1,komentar
user_a77e9cbb0b0b,FILM::Suzzanna: Santet Dosa di Atas Dosa (2026),3,komentar
user_a7eff1f850f0,FILM::Suzzanna: Santet Dosa di Atas Dosa (2026),1,komentar
user_a86260934a9f,FILM::Suzzanna: Santet Dosa di Atas Dosa (2026),1,komentar
user_a89b1e00edfc,FILM::Suzzanna: Santet Dosa di Atas Dosa (2026),1,komentar
user_a8cd225d7fb9,FILM::Suzzanna: Santet Dosa di Atas Dosa (2026),1,komentar
user_a921332e3840,FILM::Suzzanna: Santet Dosa di Atas Dosa (2026),1,komentar
user_a980e7013794,FILM::Suzzanna: Santet Dosa di Atas Dosa (2026),1,komentar
user_a9ca4638374e,FILM::Suzzanna: Santet Dosa di Atas Dosa (2026),1,komentar
user_a9da7c4bc0b6,FILM::Suzzanna: Santet Dosa di Atas Dosa (2026),1,komentar
user_aa293019e584,FILM::Suzzanna: Santet Dosa di Atas Dosa (2026),1,komentar
user_aa5ef7dcd574,FILM::Suzzanna: Santet Dosa di Atas Dosa (2026),2,komentar
user_aa82905e6f7e,FILM::Suzzanna: Santet Dosa di Atas Dosa (2026),9,komentar
user_aa9189f0873f,FILM::Suzzanna: Santet Dosa di Atas Dosa (2026),2,komentar
user_aa9ce760ea89,FILM::Suzzanna: Santet Dosa di Atas Dosa (2026),3,komentar
user_aab012191eab,FILM::Suzzanna: Santet Dosa di Atas Dosa (2026),1,komentar
user_aae048a39479,FILM::Suzzanna: Santet Dosa di Atas Dosa (2026),1,komentar
user_aaf1c8454bbd,FILM::Suzzanna: Santet Dosa di Atas Dosa (2026),1,komentar
user_ab3d00be8047,FILM::Suzzanna: Santet Dosa di Atas Dosa (2026),2,komentar
user_ab782eb8f6d0,FILM::Suzzanna: Santet Dosa di Atas Dosa (2026),1,komentar
user_abba31e849c2,FILM::Suzzanna: Santet Dosa di Atas Dosa (2026),2,komentar
user_ad05184fdfb9,FILM::Suzzanna: Santet Dosa di Atas Dosa (2026),1,komentar
user_ad14779e30c9,FILM::Suzzanna: Santet Dosa di Atas Dosa (2026),1,komentar
user_ad1d60dd0fe9,FILM::Suzzanna: Santet Dosa di Atas Dosa (2026),1,komentar
user_ae2a29de97c4,FILM::Suzzanna: Santet Dosa di Atas Dosa (2026),1,komentar
user_ae49cf498c1b,FILM::Suzzanna: Santet Dosa di Atas Dosa (2026),1,komentar
user_ae961214128c,FILM::Suzzanna: Santet Dosa di Atas Dosa (2026),1,komentar
user_aec371f399e0,FILM::Suzzanna: Santet Dosa di Atas Dosa (2026),1,komentar
user_aefdf05044d2,FILM::Suzzanna: Santet Dosa di Atas Dosa (2026),1,komentar
user_af7296c9e463,FILM::Suzzanna: Santet Dosa di Atas Dosa (2026),1,komentar
user_afa384f44800,FILM::Suzzanna: Santet Dosa di Atas Dosa (2026),1,komentar
user_b04eb538e705,FILM::Suzzanna: Santet Dosa di Atas Dosa (2026),1,komentar
user_b07b2f142c99,FILM::Suzzanna: Santet Dosa di Atas Dosa (2026),1,komentar
user_b139f2694ec1,FILM::Suzzanna: Santet Dosa di Atas Dosa (2026),1,komentar
user_b169d4e331bf,FILM::Suzzanna: Santet Dosa di Atas Dosa (2026),1,komentar
user_b1b6353ec8e7,FILM::Suzzanna: Santet Dosa di Atas Dosa (2026),1,komentar
user_b1e36520afc4,FILM::Suzzanna: Santet Dosa di Atas Dosa (2026),1,komentar
user_b2416c0939fc,FILM::Suzzanna: Santet Dosa di Atas Dosa (2026),1,komentar
user_b2562eb57bbc,FILM::Suzzanna: Santet Dosa di Atas Dosa (2026),1,komentar
user_b2660a229afa,FILM::Suzzanna: Santet Dosa di Atas Dosa (2026),1,komentar
user_b2e66a95ea4b,FILM::Suzzanna: Santet Dosa di Atas Dosa (2026),1,komentar
user_b3738da276ff,FILM::Suzzanna: Santet Dosa di Atas Dosa (2026),1,komentar
user_b49f35fa2ee0,FILM::Suzzanna: Santet Dosa di Atas Dosa (2026),1,komentar
user_b4a6c65417bd,FILM::Suzzanna: Santet Dosa di Atas Dosa (2026),1,komentar
user_b4f78d44b9ed,FILM::Suzzanna: Santet Dosa di Atas Dosa (2026),1,komentar
user_b5044b64e724,FILM::Suzzanna: Santet Dosa di Atas Dosa (2026),2,komentar
user_b5606d9e08a7,FILM::Suzzanna: Santet Dosa di Atas Dosa (2026),1,komentar
user_b58612562d86,FILM::Suzzanna: Santet Dosa di Atas Dosa (2026),1,komentar
user_b6881c7da3ea,FILM::Suzzanna: Santet Dosa di Atas Dosa (2026),1,komentar
user_b695a8b10b39,FILM::Suzzanna: Santet Dosa di Atas Dosa (2026),1,komentar
user_b737f94e2c27,FILM::Suzzanna: Santet Dosa di Atas Dosa (2026),1,komentar
user_b766f1f64ed4,FILM::Suzzanna: Santet Dosa di Atas Dosa (2026),1,komentar
user_b7dc17c88297,FILM::Suzzanna: Santet Dosa di Atas Dosa (2026),4,komentar
user_b7eefef90709,FILM::Suzzanna: Santet Dosa di Atas Dosa (2026),2,komentar
user_b85ba5f4b715,FILM::Suzzanna: Santet Dosa di Atas Dosa (2026),1,komentar
user_b8a4b73aa77b,FILM::Suzzanna: Santet Dosa di Atas Dosa (2026),1,komentar
user_b8a5a9158ec5,FILM::Suzzanna: Santet Dosa di Atas Dosa (2026),1,komentar
user_b8c735e4c3d1,FILM::Suzzanna: Santet Dosa di Atas Dosa (2026),1,komentar
user_b8fefd8c36f2,FILM::Suzzanna: Santet Dosa di Atas Dosa (2026),2,komentar
user_b936701921ce,FILM::Suzzanna: Santet Dosa di Atas Dosa (2026),1,komentar
user_b957a774082c,FILM::Suzzanna: Santet Dosa di Atas Dosa (2026),1,komentar
user_b9f09d2dbb11,FILM::Suzzanna: Santet Dosa di Atas Dosa (2026),1,komentar
user_ba5565115991,FILM::Suzzanna: Santet Dosa di Atas Dosa (2026),1,komentar
user_bb50bc8aa107,FILM::Suzzanna: Santet Dosa di Atas Dosa (2026),1,komentar
user_bb6f5447dd26,FILM::Suzzanna: Santet Dosa di Atas Dosa (2026),1,komentar
user_bb75924a10c1,FILM::Suzzanna: Santet Dosa di Atas Dosa (2026),1,komentar
user_bb9202713e13,FILM::Suzzanna: Santet Dosa di Atas Dosa (2026),1,komentar
user_bbc89b4b9aa7,FILM::Suzzanna: Santet Dosa di Atas Dosa (2026),1,komentar
user_bbcd4ec0865a,FILM::Suzzanna: Santet Dosa di Atas Dosa (2026),1,komentar
user_bc133ffb9c1b,FILM::Suzzanna: Santet Dosa di Atas Dosa (2026),1,komentar
user_bc1f76487837,FILM::Suzzanna: Santet Dosa di Atas Dosa (2026),1,komentar
user_bc9f50f1e65b,FILM::Suzzanna: Santet Dosa di Atas Dosa (2026),1,komentar
user_bd7985cb534c,FILM::Suzzanna: Santet Dosa di Atas Dosa (2026),1,komentar
user_bd7b7da774da,FILM::Suzzanna: Santet Dosa di Atas Dosa (2026),1,komentar
user_bda5f404b34b,FILM::Suzzanna: Santet Dosa di Atas Dosa (2026),1,komentar
user_bdbafab54801,FILM::Suzzanna: Santet Dosa di Atas Dosa (2026),1,komentar
user_bdbc4b869597,FILM::Suzzanna: Santet Dosa di Atas Dosa (2026),1,komentar
user_be4d30451a46,FILM::Suzzanna: Santet Dosa di Atas Dosa (2026),1,komentar
user_be635bd5b16e,FILM::Suzzanna: Santet Dosa di Atas Dosa (2026),1,komentar
user_bf1905a7598f,FILM::Suzzanna: Santet Dosa di Atas Dosa (2026),1,komentar
user_bf63cd2a4356,FILM::Suzzanna: Santet Dosa di Atas Dosa (2026),1,komentar
user_bf73ec2b9632,FILM::Suzzanna: Santet Dosa di Atas Dosa (2026),1,komentar
user_bf7d83490b68,FILM::Suzzanna: Santet Dosa di Atas Dosa (2026),1,komentar
user_bfc17fd83f5d,FILM::Suzzanna: Santet Dosa di Atas Dosa (2026),1,komentar
user_c007b48c2567,FILM::Suzzanna: Santet Dosa di Atas Dosa (2026),1,komentar
user_c00aa0bf0631,FILM::Suzzanna: Santet Dosa di Atas Dosa (2026),1,komentar
user_c036b4e94f83,FILM::Suzzanna: Santet Dosa di Atas Dosa (2026),1,komentar
user_c11cd8e5042f,FILM::Suzzanna: Santet Dosa di Atas Dosa (2026),1,komentar
user_c1938ce9e9e9,FILM::Suzzanna: Santet Dosa di Atas Dosa (2026),1,komentar
user_c1aa1b61445c,FILM::Suzzanna: Santet Dosa di Atas Dosa (2026),1,komentar
user_c1c72b8fbcd0,FILM::Suzzanna: Santet Dosa di Atas Dosa (2026),1,komentar
user_c2518f4e7055,FILM::Suzzanna: Santet Dosa di Atas Dosa (2026),1,komentar
user_c2bc92e6608e,FILM::Suzzanna: Santet Dosa di Atas Dosa (2026),1,komentar
user_c2e24e628a9a,FILM::Suzzanna: Santet Dosa di Atas Dosa (2026),2,komentar
user_c45a3a69e8c0,FILM::Suzzanna: Santet Dosa di Atas Dosa (2026),1,komentar
user_c47ab7217e3c,FILM::Suzzanna: Santet Dosa di Atas Dosa (2026),1,komentar
user_c4a65d2dd87f,FILM::Suzzanna: Santet Dosa di Atas Dosa (2026),1,komentar
user_c4e6572eec5a,FILM::Suzzanna: Santet Dosa di Atas Dosa (2026),1,komentar
user_c4ea4a3e5323,FILM::Suzzanna: Santet Dosa di Atas Dosa (2026),1,komentar
user_c4ee76f8dfce,FILM::Suzzanna: Santet Dosa di Atas Dosa (2026),1,komentar
user_c5460cd5d3b7,FILM::Suzzanna: Santet Dosa di Atas Dosa (2026),1,komentar
user_c5aca83c5c3b,FILM::Suzzanna: Santet Dosa di Atas Dosa (2026),1,komentar
user_c5b0ed158e1a,FILM::Suzzanna: Santet Dosa di Atas Dosa (2026),1,komentar
user_c606f3ce7ebd,FILM::Suzzanna: Santet Dosa di Atas Dosa (2026),1,komentar
user_c632143ef869,FILM::Suzzanna: Santet Dosa di Atas Dosa (2026),1,komentar
user_c66c16aaa14b,FILM::Suzzanna: Santet Dosa di Atas Dosa (2026),1,komentar
user_c6810b48bde7,FILM::Suzzanna: Santet Dosa di Atas Dosa (2026),1,komentar
user_c6d9b1bb290d,FILM::Suzzanna: Santet Dosa di Atas Dosa (2026),6,komentar
user_c73e8ac91109,FILM::Suzzanna: Santet Dosa di Atas Dosa (2026),1,komentar
user_c752026f897e,FILM::Suzzanna: Santet Dosa di Atas Dosa (2026),1,komentar
user_c76a6ca9e71a,FILM::Suzzanna: Santet Dosa di Atas Dosa (2026),1,komentar
user_c7a15d2f1d60,FILM::Suzzanna: Santet Dosa di Atas Dosa (2026),1,komentar
user_c7b1182aa0c3,FILM::Suzzanna: Santet Dosa di Atas Dosa (2026),1,komentar
user_c7de3ff6d871,FILM::Suzzanna: Santet Dosa di Atas Dosa (2026),2,komentar
user_c7ed237be7a1,FILM::Suzzanna: Santet Dosa di Atas Dosa (2026),1,komentar
user_c86d4bca5d7c,FILM::Suzzanna: Santet Dosa di Atas Dosa (2026),1,komentar
user_c9269af59191,FILM::Suzzanna: Santet Dosa di Atas Dosa (2026),1,komentar
user_c97e6c759ac0,FILM::Suzzanna: Santet Dosa di Atas Dosa (2026),1,komentar
user_c991a3549157,FILM::Suzzanna: Santet Dosa di Atas Dosa (2026),2,komentar
user_c99ad531b8e6,FILM::Suzzanna: Santet Dosa di Atas Dosa (2026),1,komentar
user_c9a0d2374efa,FILM::Suzzanna: Santet Dosa di Atas Dosa (2026),1,komentar
user_ca178476268b,FILM::Suzzanna: Santet Dosa di Atas Dosa (2026),1,komentar
user_cab9fae5c859,FILM::Suzzanna: Santet Dosa di Atas Dosa (2026),2,komentar
user_cb12cf727163,FILM::Suzzanna: Santet Dosa di Atas Dosa (2026),1,komentar
user_cb352cc78052,FILM::Suzzanna: Santet Dosa di Atas Dosa (2026),1,komentar
user_cb38e9c1fdf1,FILM::Suzzanna: Santet Dosa di Atas Dosa (2026),1,komentar
user_cba6188e9d0f,FILM::Suzzanna: Santet Dosa di Atas Dosa (2026),1,komentar
user_cbad30185bd1,FILM::Suzzanna: Santet Dosa di Atas Dosa (2026),1,komentar
user_cbb1142bb161,FILM::Suzzanna: Santet Dosa di Atas Dosa (2026),1,komentar
user_cc0a5b93ecdf,FILM::Suzzanna: Santet Dosa di Atas Dosa (2026),1,komentar
user_cc85f06c39d1,FILM::Suzzanna: Santet Dosa di Atas Dosa (2026),1,komentar
user_ccc58ef68f3e,FILM::Suzzanna: Santet Dosa di Atas Dosa (2026),1,komentar
user_cd34620cb116,FILM::Suzzanna: Santet Dosa di Atas Dosa (2026),1,komentar
user_cd9a959ea5c5,FILM::Suzzanna: Santet Dosa di Atas Dosa (2026),1,komentar
user_cdbecc04ba5c,FILM::Suzzanna: Santet Dosa di Atas Dosa (2026),1,komentar
user_ce1019e76282,FILM::Suzzanna: Santet Dosa di Atas Dosa (2026),2,komentar
user_ce1b38d8e362,FILM::Suzzanna: Santet Dosa di Atas Dosa (2026),1,komentar
user_ce2212711b05,FILM::Suzzanna: Santet Dosa di Atas Dosa (2026),1,komentar
user_ce2a914c01a1,FILM::Suzzanna: Santet Dosa di Atas Dosa (2026),1,komentar
user_ce3fd1527937,FILM::Suzzanna: Santet Dosa di Atas Dosa (2026),1,komentar
user_ce651cf44279,FILM::Suzzanna: Santet Dosa di Atas Dosa (2026),1,komentar
user_ce7be4f99928,FILM::Suzzanna: Santet Dosa di Atas Dosa (2026),1,komentar
user_ce855d119dea,FILM::Suzzanna: Santet Dosa di Atas Dosa (2026),1,komentar
user_ce954dba84a0,FILM::Suzzanna: Santet Dosa di Atas Dosa (2026),1,komentar
user_ceb14e101d17,FILM::Suzzanna: Santet Dosa di Atas Dosa (2026),1,komentar
user_cf005ac9107d,FILM::Suzzanna: Santet Dosa di Atas Dosa (2026),2,komentar
user_cf0f212c6675,FILM::Suzzanna: Santet Dosa di Atas Dosa (2026),1,komentar
user_cfb57e130ee9,FILM::Suzzanna: Santet Dosa di Atas Dosa (2026),5,komentar
user_cfdbeda30f8d,FILM::Suzzanna: Santet Dosa di Atas Dosa (2026),1,komentar
user_d00a35f13202,FILM::Suzzanna: Santet Dosa di Atas Dosa (2026),1,komentar
user_d043d3ad852d,FILM::Suzzanna: Santet Dosa di Atas Dosa (2026),1,komentar
user_d07fd5ad272e,FILM::Suzzanna: Santet Dosa di Atas Dosa (2026),1,komentar
user_d1c9a267a3eb,FILM::Suzzanna: Santet Dosa di Atas Dosa (2026),1,komentar
user_d1ce58d072ca,FILM::Suzzanna: Santet Dosa di Atas Dosa (2026),1,komentar
user_d21a095edd9a,FILM::Suzzanna: Santet Dosa di Atas Dosa (2026),1,komentar
user_d237b16774fe,FILM::Suzzanna: Santet Dosa di Atas Dosa (2026),1,komentar
user_d2cce0f3acf5,FILM::Suzzanna: Santet Dosa di Atas Dosa (2026),1,komentar
user_d2e9c7419ad5,FILM::Suzzanna: Santet Dosa di Atas Dosa (2026),1,komentar
user_d3aa6937e67a,FILM::Suzzanna: Santet Dosa di Atas Dosa (2026),1,komentar
user_d40e89b29f9b,FILM::Suzzanna: Santet Dosa di Atas Dosa (2026),1,komentar
user_d423ffe38802,FILM::Suzzanna: Santet Dosa di Atas Dosa (2026),1,komentar
user_d44976551406,FILM::Suzzanna: Santet Dosa di Atas Dosa (2026),1,komentar
user_d476fa0e45e7,FILM::Suzzanna: Santet Dosa di Atas Dosa (2026),1,komentar
user_d4c04b5efb22,FILM::Suzzanna: Santet Dosa di Atas Dosa (2026),1,komentar
user_d4d0dea84d18,FILM::Suzzanna: Santet Dosa di Atas Dosa (2026),2,komentar
user_d4f3df1f151f,FILM::Suzzanna: Santet Dosa di Atas Dosa (2026),1,komentar
user_d5d558f1d94c,FILM::Suzzanna: Santet Dosa di Atas Dosa (2026),1,komentar
user_d628f6a18727,FILM::Suzzanna: Santet Dosa di Atas Dosa (2026),1,komentar
user_d64541577260,FILM::Suzzanna: Santet Dosa di Atas Dosa (2026),1,komentar
user_d6535886b484,FILM::Suzzanna: Santet Dosa di Atas Dosa (2026),1,komentar
user_d662f47a4d11,FILM::Suzzanna: Santet Dosa di Atas Dosa (2026),1,komentar
user_d6a035e256e6,FILM::Suzzanna: Santet Dosa di Atas Dosa (2026),1,komentar
user_d73cdf7d9b19,FILM::Suzzanna: Santet Dosa di Atas Dosa (2026),6,komentar
user_d7632ee3e45b,FILM::Suzzanna: Santet Dosa di Atas Dosa (2026),1,komentar
user_d7a57483e1a3,FILM::Suzzanna: Santet Dosa di Atas Dosa (2026),3,komentar
user_d7c83143a960,FILM::Suzzanna: Santet Dosa di Atas Dosa (2026),1,komentar
user_d7ca9dd6f7b1,FILM::Suzzanna: Santet Dosa di Atas Dosa (2026),1,komentar
user_d7da12c9dcfa,FILM::Suzzanna: Santet Dosa di Atas Dosa (2026),1,komentar
user_d7f947e43cd2,FILM::Suzzanna: Santet Dosa di Atas Dosa (2026),1,komentar
user_d86fe2510992,FILM::Suzzanna: Santet Dosa di Atas Dosa (2026),1,komentar
user_d87589c81daf,FILM::Suzzanna: Santet Dosa di Atas Dosa (2026),1,komentar
user_d89a9bddf20d,FILM::Suzzanna: Santet Dosa di Atas Dosa (2026),1,komentar
user_d923196ffeb7,FILM::Suzzanna: Santet Dosa di Atas Dosa (2026),1,komentar
user_d94f0fed6ab2,FILM::Suzzanna: Santet Dosa di Atas Dosa (2026),1,komentar
user_da4ce9a483ef,FILM::Suzzanna: Santet Dosa di Atas Dosa (2026),1,komentar
user_da701b304e05,FILM::Suzzanna: Santet Dosa di Atas Dosa (2026),1,komentar
user_da71ddaa9912,FILM::Suzzanna: Santet Dosa di Atas Dosa (2026),1,komentar
user_da8adb42e89d,FILM::Suzzanna: Santet Dosa di Atas Dosa (2026),1,komentar
user_dac5facc9ea4,FILM::Suzzanna: Santet Dosa di Atas Dosa (2026),1,komentar
user_daf7e6945143,FILM::Suzzanna: Santet Dosa di Atas Dosa (2026),2,komentar
user_dbf8f35a2432,FILM::Suzzanna: Santet Dosa di Atas Dosa (2026),1,komentar
user_dcb07e0c60ba,FILM::Suzzanna: Santet Dosa di Atas Dosa (2026),1,komentar
user_dcb67e9c47b2,FILM::Suzzanna: Santet Dosa di Atas Dosa (2026),1,komentar
user_dce19ba54ae5,FILM::Suzzanna: Santet Dosa di Atas Dosa (2026),1,komentar
user_dd322215ea5d,FILM::Suzzanna: Santet Dosa di Atas Dosa (2026),1,komentar
user_dd616835d271,FILM::Suzzanna: Santet Dosa di Atas Dosa (2026),27,komentar
user_dd6c0309994e,FILM::Suzzanna: Santet Dosa di Atas Dosa (2026),1,komentar
user_dd8e8ec36225,FILM::Suzzanna: Santet Dosa di Atas Dosa (2026),1,komentar
user_dd9c9f0a0a6b,FILM::Suzzanna: Santet Dosa di Atas Dosa (2026),1,komentar
user_ddf933586e93,FILM::Suzzanna: Santet Dosa di Atas Dosa (2026),1,komentar
user_de1595470019,FILM::Suzzanna: Santet Dosa di Atas Dosa (2026),1,komentar
user_de4e3e61c73f,FILM::Suzzanna: Santet Dosa di Atas Dosa (2026),1,komentar
user_dfa1571076d2,FILM::Suzzanna: Santet Dosa di Atas Dosa (2026),1,komentar
user_dfce21f9c231,FILM::Suzzanna: Santet Dosa di Atas Dosa (2026),1,komentar
user_e11e52957c39,FILM::Suzzanna: Santet Dosa di Atas Dosa (2026),2,komentar
user_e1a69823e096,FILM::Suzzanna: Santet Dosa di Atas Dosa (2026),1,komentar
user_e23672664961,FILM::Suzzanna: Santet Dosa di Atas Dosa (2026),1,komentar
user_e2b3169ac283,FILM::Suzzanna: Santet Dosa di Atas Dosa (2026),1,komentar
user_e2be284a7168,FILM::Suzzanna: Santet Dosa di Atas Dosa (2026),2,komentar
user_e328bf2ba4bb,FILM::Suzzanna: Santet Dosa di Atas Dosa (2026),1,komentar
user_e3f8c0a43fb1,FILM::Suzzanna: Santet Dosa di Atas Dosa (2026),1,komentar
user_e47e11536eaf,FILM::Suzzanna: Santet Dosa di Atas Dosa (2026),1,komentar
user_e4a57279bcac,FILM::Suzzanna: Santet Dosa di Atas Dosa (2026),1,komentar
user_e4c89b840484,FILM::Suzzanna: Santet Dosa di Atas Dosa (2026),1,komentar
user_e4da96edae57,FILM::Suzzanna: Santet Dosa di Atas Dosa (2026),1,komentar
user_e4f74251fd24,FILM::Suzzanna: Santet Dosa di Atas Dosa (2026),1,komentar
user_e50d8df9be7c,FILM::Suzzanna: Santet Dosa di Atas Dosa (2026),1,komentar
user_e561d1adbd9b,FILM::Suzzanna: Santet Dosa di Atas Dosa (2026),1,komentar
user_e6461501b4a0,FILM::Suzzanna: Santet Dosa di Atas Dosa (2026),1,komentar
user_e672c5f0665a,FILM::Suzzanna: Santet Dosa di Atas Dosa (2026),1,komentar
user_e68ba184009b,FILM::Suzzanna: Santet Dosa di Atas Dosa (2026),1,komentar
user_e7030f415776,FILM::Suzzanna: Santet Dosa di Atas Dosa (2026),1,komentar
user_e713779bb067,FILM::Suzzanna: Santet Dosa di Atas Dosa (2026),1,komentar
user_e79d26cea653,FILM::Suzzanna: Santet Dosa di Atas Dosa (2026),1,komentar
user_e7cf66833071,FILM::Suzzanna: Santet Dosa di Atas Dosa (2026),1,komentar
user_e82c08e768e0,FILM::Suzzanna: Santet Dosa di Atas Dosa (2026),1,komentar
user_e83f0d434910,FILM::Suzzanna: Santet Dosa di Atas Dosa (2026),1,komentar
user_e848fb25dc36,FILM::Suzzanna: Santet Dosa di Atas Dosa (2026),1,komentar
user_e8766cdca455,FILM::Suzzanna: Santet Dosa di Atas Dosa (2026),1,komentar
user_e99c4a7e1370,FILM::Suzzanna: Santet Dosa di Atas Dosa (2026),1,komentar
user_e9c4f8d1fd2c,FILM::Suzzanna: Santet Dosa di Atas Dosa (2026),1,komentar
user_ea70b78e6019,FILM::Suzzanna: Santet Dosa di Atas Dosa (2026),1,komentar
user_ea9b2015c36d,FILM::Suzzanna: Santet Dosa di Atas Dosa (2026),2,komentar
user_eac5e1b05165,FILM::Suzzanna: Santet Dosa di Atas Dosa (2026),1,komentar
user_eaccae9bd0ce,FILM::Suzzanna: Santet Dosa di Atas Dosa (2026),1,komentar
user_eae63989108b,FILM::Suzzanna: Santet Dosa di Atas Dosa (2026),1,komentar
user_eb00d493ee1c,FILM::Suzzanna: Santet Dosa di Atas Dosa (2026),1,komentar
user_eb186582a814,FILM::Suzzanna: Santet Dosa di Atas Dosa (2026),1,komentar
user_eb19e0b1e6fb,FILM::Suzzanna: Santet Dosa di Atas Dosa (2026),1,komentar
user_ebb80d90e103,FILM::Suzzanna: Santet Dosa di Atas Dosa (2026),1,komentar
user_ebea838a88f0,FILM::Suzzanna: Santet Dosa di Atas Dosa (2026),2,komentar
user_ec7ef8fe6341,FILM::Suzzanna: Santet Dosa di Atas Dosa (2026),1,komentar
user_eca7bb86f067,FILM::Suzzanna: Santet Dosa di Atas Dosa (2026),1,komentar
user_ecc6bd8dbaf4,FILM::Suzzanna: Santet Dosa di Atas Dosa (2026),1,komentar
user_ecc6ee10367f,FILM::Suzzanna: Santet Dosa di Atas Dosa (2026),1,komentar
user_ecd22d6e27d8,FILM::Suzzanna: Santet Dosa di Atas Dosa (2026),1,komentar
user_ed49989a3225,FILM::Suzzanna: Santet Dosa di Atas Dosa (2026),13,komentar
user_ed67be59e5b8,FILM::Suzzanna: Santet Dosa di Atas Dosa (2026),1,komentar
user_ed7cf17c69db,FILM::Suzzanna: Santet Dosa di Atas Dosa (2026),1,komentar
user_ee2cd261bfe9,FILM::Suzzanna: Santet Dosa di Atas Dosa (2026),1,komentar
user_ee4aadfd5f79,FILM::Suzzanna: Santet Dosa di Atas Dosa (2026),1,komentar
user_ee81199f3eec,FILM::Suzzanna: Santet Dosa di Atas Dosa (2026),1,komentar
user_eea0ea72d355,FILM::Suzzanna: Santet Dosa di Atas Dosa (2026),5,komentar
user_eee70cb62d3a,FILM::Suzzanna: Santet Dosa di Atas Dosa (2026),3,komentar
user_eefb659589be,FILM::Suzzanna: Santet Dosa di Atas Dosa (2026),1,komentar
user_eefeaa20f8ff,FILM::Suzzanna: Santet Dosa di Atas Dosa (2026),1,komentar
user_eeffe396b424,FILM::Suzzanna: Santet Dosa di Atas Dosa (2026),1,komentar
user_ef13e89503b3,FILM::Suzzanna: Santet Dosa di Atas Dosa (2026),1,komentar
user_ef7a638280e3,FILM::Suzzanna: Santet Dosa di Atas Dosa (2026),1,komentar
user_efb83ee899e4,FILM::Suzzanna: Santet Dosa di Atas Dosa (2026),1,komentar
user_f0166ac754f1,FILM::Suzzanna: Santet Dosa di Atas Dosa (2026),1,komentar
user_f032a5c94a19,FILM::Suzzanna: Santet Dosa di Atas Dosa (2026),1,komentar
user_f042537c00aa,FILM::Suzzanna: Santet Dosa di Atas Dosa (2026),1,komentar
user_f059f40be5a6,FILM::Suzzanna: Santet Dosa di Atas Dosa (2026),1,komentar
user_f0ec2fb9349d,FILM::Suzzanna: Santet Dosa di Atas Dosa (2026),1,komentar
user_f118250f08d4,FILM::Suzzanna: Santet Dosa di Atas Dosa (2026),1,komentar
user_f1b86c429095,FILM::Suzzanna: Santet Dosa di Atas Dosa (2026),1,komentar
user_f1c51a80ef44,FILM::Suzzanna: Santet Dosa di Atas Dosa (2026),1,komentar
user_f1ed60339764,FILM::Suzzanna: Santet Dosa di Atas Dosa (2026),1,komentar
user_f27e5a42fb5e,FILM::Suzzanna: Santet Dosa di Atas Dosa (2026),1,komentar
user_f2aad344766a,FILM::Suzzanna: Santet Dosa di Atas Dosa (2026),2,komentar
user_f308adfbc942,FILM::Suzzanna: Santet Dosa di Atas Dosa (2026),1,komentar
user_f335f2669ddf,FILM::Suzzanna: Santet Dosa di Atas Dosa (2026),1,komentar
user_f3581e7a83ce,FILM::Suzzanna: Santet Dosa di Atas Dosa (2026),1,komentar
user_f485166a0aff,FILM::Suzzanna: Santet Dosa di Atas Dosa (2026),1,komentar
user_f4dc79b52f64,FILM::Suzzanna: Santet Dosa di Atas Dosa (2026),1,komentar
user_f636109e3b6a,FILM::Suzzanna: Santet Dosa di Atas Dosa (2026),1,komentar
user_f647877fa9f3,FILM::Suzzanna: Santet Dosa di Atas Dosa (2026),1,komentar
user_f70a3019c9f4,FILM::Suzzanna: Santet Dosa di Atas Dosa (2026),1,komentar
user_f7961dfd9aeb,FILM::Suzzanna: Santet Dosa di Atas Dosa (2026),1,komentar
user_f7a0c2f49516,FILM::Suzzanna: Santet Dosa di Atas Dosa (2026),1,komentar
user_f7ef74248cb1,FILM::Suzzanna: Santet Dosa di Atas Dosa (2026),1,komentar
user_f86f146dd694,FILM::Suzzanna: Santet Dosa di Atas Dosa (2026),4,komentar
user_f8b4afa38177,FILM::Suzzanna: Santet Dosa di Atas Dosa (2026),5,komentar
user_f9083e855ed2,FILM::Suzzanna: Santet Dosa di Atas Dosa (2026),1,komentar
user_f92fe5151e45,FILM::Suzzanna: Santet Dosa di Atas Dosa (2026),1,komentar
user_f952da063f4c,FILM::Suzzanna: Santet Dosa di Atas Dosa (2026),1,komentar
user_f95de7965d32,FILM::Suzzanna: Santet Dosa di Atas Dosa (2026),1,komentar
user_f986699ab72b,FILM::Suzzanna: Santet Dosa di Atas Dosa (2026),1,komentar
user_fa3233391460,FILM::Suzzanna: Santet Dosa di Atas Dosa (2026),2,komentar
user_fa743f7f135e,FILM::Suzzanna: Santet Dosa di Atas Dosa (2026),2,komentar
user_fbaac5f9bbe6,FILM::Suzzanna: Santet Dosa di Atas Dosa (2026),1,komentar
user_fc1a6754be3f,FILM::Suzzanna: Santet Dosa di Atas Dosa (2026),1,komentar
user_fc2a45b0fda1,FILM::Suzzanna: Santet Dosa di Atas Dosa (2026),1,komentar
user_fc5878208439,FILM::Suzzanna: Santet Dosa di Atas Dosa (2026),1,komentar
user_fd0523b63536,FILM::Suzzanna: Santet Dosa di Atas Dosa (2026),1,komentar
user_fd5a22e44ee0,FILM::Suzzanna: Santet Dosa di Atas Dosa (2026),1,komentar
user_fd8496750530,FILM::Suzzanna: Santet Dosa di Atas Dosa (2026),1,komentar
user_fddf026176b1,FILM::Suzzanna: Santet Dosa di Atas Dosa (2026),1,komentar
user_fe039d9fe0e5,FILM::Suzzanna: Santet Dosa di Atas Dosa (2026),1,komentar
user_fe082d35c6bf,FILM::Suzzanna: Santet Dosa di Atas Dosa (2026),1,komentar
user_fe1b86156a2c,FILM::Suzzanna: Santet Dosa di Atas Dosa (2026),1,komentar
user_fe647001e5c6,FILM::Suzzanna: Santet Dosa di Atas Dosa (2026),1,komentar
user_fe94009d487b,FILM::Suzzanna: Santet Dosa di Atas Dosa (2026),1,komentar
user_fef8bae0d71b,FILM::Suzzanna: Santet Dosa di Atas Dosa (2026),2,komentar
user_ff132b2174cb,FILM::Suzzanna: Santet Dosa di Atas Dosa (2026),1,komentar
user_ff78fd50cd7f,FILM::Suzzanna: Santet Dosa di Atas Dosa (2026),1,komentar
user_ffa43c9c3ec4,FILM::Suzzanna: Santet Dosa di Atas Dosa (2026),1,komentar
user_ffd4688e2122,FILM::Suzzanna: Santet Dosa di Atas Dosa (2026),1,komentar
user_ffeb607300f5,FILM::Suzzanna: Santet Dosa di Atas Dosa (2026),1,komentar
user_ffecfbde9de4,FILM::Suzzanna: Santet Dosa di Atas Dosa (2026),1,komentar
user_001791ff21e1,Suzzanna: Bernapas dalam Kubur (2018),1,komentar
user_0118cce7e4df,FILM::Suzzanna: Bernapas dalam Kubur (2018),1,komentar
user_0172d79e7e95,FILM::Suzzanna: Bernapas dalam Kubur (2018),1,komentar
user_0207a0758ad4,FILM::Suzzanna: Bernapas dalam Kubur (2018),1,komentar
user_022e04602a5e,FILM::Suzzanna: Bernapas dalam Kubur (2018),1,komentar
user_02b0cca6bb02,FILM::Suzzanna: Bernapas dalam Kubur (2018),1,komentar
user_03b312ef96a9,FILM::Suzzanna: Bernapas dalam Kubur (2018),1,komentar
user_03f1eddbfe04,FILM::Suzzanna: Bernapas dalam Kubur (2018),1,komentar
user_0417dfc3fe50,FILM::Suzzanna: Bernapas dalam Kubur (2018),1,komentar
user_041b0ab04e45,FILM::Suzzanna: Bernapas dalam Kubur (2018),1,komentar
user_05826126b5a9,FILM::Suzzanna: Bernapas dalam Kubur (2018),1,komentar
user_05972a413052,FILM::Suzzanna: Bernapas dalam Kubur (2018),1,komentar
user_05e4ed38817d,FILM::Suzzanna: Bernapas dalam Kubur (2018),1,komentar
user_05fa20df6bf9,FILM::Suzzanna: Bernapas dalam Kubur (2018),1,komentar
user_06241d11bb04,FILM::Suzzanna: Bernapas dalam Kubur (2018),1,komentar
user_0670cd2423fd,FILM::Suzzanna: Bernapas dalam Kubur (2018),1,komentar
user_07471e7ee75d,FILM::Suzzanna: Bernapas dalam Kubur (2018),1,komentar
user_07c126db99f9,FILM::Suzzanna: Bernapas dalam Kubur (2018),1,komentar
user_081b0f8604be,FILM::Suzzanna: Bernapas dalam Kubur (2018),1,komentar
user_088dc9c57ad1,FILM::Suzzanna: Bernapas dalam Kubur (2018),1,komentar
user_09a17e295fe5,FILM::Suzzanna: Bernapas dalam Kubur (2018),1,komentar
user_0a263531e9cf,FILM::Suzzanna: Bernapas dalam Kubur (2018),1,komentar
user_0a9daa4c4c1a,FILM::Suzzanna: Bernapas dalam Kubur (2018),1,komentar
user_0c1692bf30c8,FILM::Suzzanna: Bernapas dalam Kubur (2018),1,komentar
user_0c655293ef4d,FILM::Suzzanna: Bernapas dalam Kubur (2018),2,komentar
user_0d5dc435f8ef,FILM::Suzzanna: Bernapas dalam Kubur (2018),1,komentar
user_0dba813004e7,FILM::Suzzanna: Bernapas dalam Kubur (2018),1,komentar
user_0dca52abb272,FILM::Suzzanna: Bernapas dalam Kubur (2018),1,komentar
user_0dcea1a94a26,FILM::Suzzanna: Bernapas dalam Kubur (2018),1,komentar
user_0ee72366805b,FILM::Suzzanna: Bernapas dalam Kubur (2018),2,komentar
user_0ef43904dced,FILM::Suzzanna: Bernapas dalam Kubur (2018),1,komentar
user_0fa712047258,FILM::Suzzanna: Bernapas dalam Kubur (2018),1,komentar
user_0fea3f76a8b3,FILM::Suzzanna: Bernapas dalam Kubur (2018),1,komentar
user_1002279ef3af,FILM::Suzzanna: Bernapas dalam Kubur (2018),1,komentar
user_1048bf1c61c6,FILM::Suzzanna: Bernapas dalam Kubur (2018),1,komentar
user_1109cc73e2a3,FILM::Suzzanna: Bernapas dalam Kubur (2018),1,komentar
user_118244200e05,FILM::Suzzanna: Bernapas dalam Kubur (2018),1,komentar
user_11b8df208b33,FILM::Suzzanna: Bernapas dalam Kubur (2018),1,komentar
user_11fd2fa78b47,FILM::Suzzanna: Bernapas dalam Kubur (2018),1,komentar
user_123f0b8456e0,FILM::Suzzanna: Bernapas dalam Kubur (2018),1,komentar
user_12abd08bbec1,FILM::Suzzanna: Bernapas dalam Kubur (2018),1,komentar
user_136bcfec5c22,FILM::Suzzanna: Bernapas dalam Kubur (2018),1,komentar
user_14a7b6309634,FILM::Suzzanna: Bernapas dalam Kubur (2018),1,komentar
user_14eebd7c18fb,FILM::Suzzanna: Bernapas dalam Kubur (2018),1,komentar
user_15c255e0134b,FILM::Suzzanna: Bernapas dalam Kubur (2018),1,komentar
user_15ddf58d463e,FILM::Suzzanna: Bernapas dalam Kubur (2018),3,komentar
user_17071c3b6042,FILM::Suzzanna: Bernapas dalam Kubur (2018),1,komentar
user_176344a3f4d2,FILM::Suzzanna: Bernapas dalam Kubur (2018),1,komentar
user_17f412f28b7b,FILM::Suzzanna: Bernapas dalam Kubur (2018),1,komentar
user_1831e4fc57e3,FILM::Suzzanna: Bernapas dalam Kubur (2018),1,komentar
user_189fb74d8501,FILM::Suzzanna: Bernapas dalam Kubur (2018),1,komentar
user_18dd4d8c9f5a,FILM::Suzzanna: Bernapas dalam Kubur (2018),1,komentar
user_18fa3149724e,FILM::Suzzanna: Bernapas dalam Kubur (2018),1,komentar
user_1ab7b4d69e6c,FILM::Suzzanna: Bernapas dalam Kubur (2018),2,komentar
user_1ac2b71e27a6,FILM::Suzzanna: Bernapas dalam Kubur (2018),1,komentar
user_1bf24ed7b8e5,FILM::Suzzanna: Bernapas dalam Kubur (2018),1,komentar
user_1d552704ea96,FILM::Suzzanna: Bernapas dalam Kubur (2018),1,komentar
user_1d71c787e19c,FILM::Suzzanna: Bernapas dalam Kubur (2018),1,komentar
user_1d85d88edf09,FILM::Suzzanna: Bernapas dalam Kubur (2018),1,komentar
user_1f922d8e68da,FILM::Suzzanna: Bernapas dalam Kubur (2018),1,komentar
user_20db8418e4fe,FILM::Suzzanna: Bernapas dalam Kubur (2018),1,komentar
user_210791b92003,FILM::Suzzanna: Bernapas dalam Kubur (2018),1,komentar
user_214a8da468d7,FILM::Suzzanna: Bernapas dalam Kubur (2018),1,komentar
user_2355538de05d,FILM::Suzzanna: Bernapas dalam Kubur (2018),1,komentar
user_24717cbd21c1,FILM::Suzzanna: Bernapas dalam Kubur (2018),1,komentar
user_24caeded9d84,FILM::Suzzanna: Bernapas dalam Kubur (2018),2,komentar
user_254e91393265,FILM::Suzzanna: Bernapas dalam Kubur (2018),1,komentar
user_267f5c6339b7,FILM::Suzzanna: Bernapas dalam Kubur (2018),1,komentar
user_276e278d3e2c,FILM::Suzzanna: Bernapas dalam Kubur (2018),1,komentar
user_2778a841ad51,FILM::Suzzanna: Bernapas dalam Kubur (2018),2,komentar
user_288717f8041a,FILM::Suzzanna: Bernapas dalam Kubur (2018),1,komentar
user_2951750f388c,FILM::Suzzanna: Bernapas dalam Kubur (2018),2,komentar
user_2976a4857599,FILM::Suzzanna: Bernapas dalam Kubur (2018),1,komentar
user_29914948860b,FILM::Suzzanna: Bernapas dalam Kubur (2018),1,komentar
user_2a76f92d0f1d,FILM::Suzzanna: Bernapas dalam Kubur (2018),2,komentar
user_2abefee8c906,FILM::Suzzanna: Bernapas dalam Kubur (2018),1,komentar
user_2b03a0f85de3,FILM::Suzzanna: Bernapas dalam Kubur (2018),4,komentar
user_2b19efef06f0,FILM::Suzzanna: Bernapas dalam Kubur (2018),1,komentar
user_2b6c02e2d1d3,FILM::Suzzanna: Bernapas dalam Kubur (2018),1,komentar
user_2c44d2b30604,FILM::Suzzanna: Bernapas dalam Kubur (2018),1,komentar
user_2cea5f21f52f,FILM::Suzzanna: Bernapas dalam Kubur (2018),1,komentar
user_2e06cc00844a,FILM::Suzzanna: Bernapas dalam Kubur (2018),1,komentar
user_2fc8cbd70d31,FILM::Suzzanna: Bernapas dalam Kubur (2018),1,komentar
user_30dc86fcb57e,FILM::Suzzanna: Bernapas dalam Kubur (2018),1,komentar
user_316b077a0a87,FILM::Suzzanna: Bernapas dalam Kubur (2018),1,komentar
user_32a8606b5ee2,FILM::Suzzanna: Bernapas dalam Kubur (2018),1,komentar
user_32a9c425baa9,FILM::Suzzanna: Bernapas dalam Kubur (2018),1,komentar
user_32d981ea7ede,FILM::Suzzanna: Bernapas dalam Kubur (2018),1,komentar
user_32e05ad3ac79,FILM::Suzzanna: Bernapas dalam Kubur (2018),1,komentar
user_33aa0d68754e,FILM::Suzzanna: Bernapas dalam Kubur (2018),1,komentar
user_343c88c7b066,FILM::Suzzanna: Bernapas dalam Kubur (2018),1,komentar
user_34c011286eba,FILM::Suzzanna: Bernapas dalam Kubur (2018),1,komentar
user_350c61845947,FILM::Suzzanna: Bernapas dalam Kubur (2018),1,komentar
user_3534517d3c66,FILM::Suzzanna: Bernapas dalam Kubur (2018),1,komentar
user_3578c5280961,FILM::Suzzanna: Bernapas dalam Kubur (2018),1,komentar
user_37560b340929,FILM::Suzzanna: Bernapas dalam Kubur (2018),1,komentar
user_37eb6c095ed9,FILM::Suzzanna: Bernapas dalam Kubur (2018),1,komentar
user_38dbdca74e42,FILM::Suzzanna: Bernapas dalam Kubur (2018),2,komentar
user_39d5581b7826,FILM::Suzzanna: Bernapas dalam Kubur (2018),1,komentar
user_3c3ca2fd1a5e,FILM::Suzzanna: Bernapas dalam Kubur (2018),1,komentar
user_3c594debb578,FILM::Suzzanna: Bernapas dalam Kubur (2018),1,komentar
user_3ce71860a022,FILM::Suzzanna: Bernapas dalam Kubur (2018),1,komentar
user_3db2fa648de2,FILM::Suzzanna: Bernapas dalam Kubur (2018),1,komentar
user_3ed32944d987,FILM::Suzzanna: Bernapas dalam Kubur (2018),2,komentar
user_402ad10a70c7,FILM::Suzzanna: Bernapas dalam Kubur (2018),1,komentar
user_410b37af31e1,FILM::Suzzanna: Bernapas dalam Kubur (2018),1,komentar
user_413c0e4c3393,FILM::Suzzanna: Bernapas dalam Kubur (2018),1,komentar
user_41bfe331e97f,FILM::Suzzanna: Bernapas dalam Kubur (2018),1,komentar
user_41da2f6bd610,FILM::Suzzanna: Bernapas dalam Kubur (2018),1,komentar
user_41ead3ec41ad,FILM::Suzzanna: Bernapas dalam Kubur (2018),1,komentar
user_4379a6b2c7b2,FILM::Suzzanna: Bernapas dalam Kubur (2018),1,komentar
user_43e53ffacb47,FILM::Suzzanna: Bernapas dalam Kubur (2018),1,komentar
user_447dde998759,FILM::Suzzanna: Bernapas dalam Kubur (2018),1,komentar
user_454908dae6d8,FILM::Suzzanna: Bernapas dalam Kubur (2018),1,komentar
user_460cd2f5e2e2,FILM::Suzzanna: Bernapas dalam Kubur (2018),1,komentar
user_48373fe51514,FILM::Suzzanna: Bernapas dalam Kubur (2018),1,komentar
user_4852c410fe24,FILM::Suzzanna: Bernapas dalam Kubur (2018),1,komentar
user_48ef7f6041eb,FILM::Suzzanna: Bernapas dalam Kubur (2018),1,komentar
user_493ff65874c5,FILM::Suzzanna: Bernapas dalam Kubur (2018),1,komentar
user_4958fe37a0f9,FILM::Suzzanna: Bernapas dalam Kubur (2018),1,komentar
user_495e56c3928b,FILM::Suzzanna: Bernapas dalam Kubur (2018),1,komentar
user_4aabd9eaca68,FILM::Suzzanna: Bernapas dalam Kubur (2018),1,komentar
user_4ace52e57747,FILM::Suzzanna: Bernapas dalam Kubur (2018),1,komentar
user_4b0bb736a582,FILM::Suzzanna: Bernapas dalam Kubur (2018),1,komentar
user_4d4c4cd48e2a,FILM::Suzzanna: Bernapas dalam Kubur (2018),1,komentar
user_4d96e928949b,FILM::Suzzanna: Bernapas dalam Kubur (2018),1,komentar
user_4e56c68ea951,FILM::Suzzanna: Bernapas dalam Kubur (2018),1,komentar
user_4fdc96741554,FILM::Suzzanna: Bernapas dalam Kubur (2018),1,komentar
user_50048d45b535,FILM::Suzzanna: Bernapas dalam Kubur (2018),1,komentar
user_51939dfc8ac2,FILM::Suzzanna: Bernapas dalam Kubur (2018),1,komentar
user_51a2d2186f98,FILM::Suzzanna: Bernapas dalam Kubur (2018),1,komentar
user_539529c7d62b,FILM::Suzzanna: Bernapas dalam Kubur (2018),1,komentar
user_544f839cdb88,FILM::Suzzanna: Bernapas dalam Kubur (2018),1,komentar
user_54fa1f0b74f8,FILM::Suzzanna: Bernapas dalam Kubur (2018),1,komentar
user_564397a1a69f,FILM::Suzzanna: Bernapas dalam Kubur (2018),1,komentar
user_56478f9a07c5,FILM::Suzzanna: Bernapas dalam Kubur (2018),1,komentar
user_56d79546ee57,FILM::Suzzanna: Bernapas dalam Kubur (2018),1,komentar
user_56e198bc3fd7,FILM::Suzzanna: Bernapas dalam Kubur (2018),1,komentar
user_580859e381f8,FILM::Suzzanna: Bernapas dalam Kubur (2018),1,komentar
user_582722fb0cdf,FILM::Suzzanna: Bernapas dalam Kubur (2018),2,komentar
user_5a16afc05fa2,FILM::Suzzanna: Bernapas dalam Kubur (2018),1,komentar
user_5b1c6da21e04,FILM::Suzzanna: Bernapas dalam Kubur (2018),1,komentar
user_5bc90e18757a,FILM::Suzzanna: Bernapas dalam Kubur (2018),1,komentar
user_5bd418616011,FILM::Suzzanna: Bernapas dalam Kubur (2018),1,komentar
user_5c3fd44b0bc1,FILM::Suzzanna: Bernapas dalam Kubur (2018),1,komentar
user_5e48dab0d771,FILM::Suzzanna: Bernapas dalam Kubur (2018),1,komentar
user_5e9cb185431f,FILM::Suzzanna: Bernapas dalam Kubur (2018),1,komentar
user_5ec88755d425,FILM::Suzzanna: Bernapas dalam Kubur (2018),1,komentar
user_5f3511f6abed,FILM::Suzzanna: Bernapas dalam Kubur (2018),1,komentar
user_5f7d109200dc,FILM::Suzzanna: Bernapas dalam Kubur (2018),1,komentar
user_5fb6a12423ac,FILM::Suzzanna: Bernapas dalam Kubur (2018),1,komentar
user_60e6a73b3067,FILM::Suzzanna: Bernapas dalam Kubur (2018),8,komentar
user_616e87acc4a8,FILM::Suzzanna: Bernapas dalam Kubur (2018),1,komentar
user_61a4451c1d83,FILM::Suzzanna: Bernapas dalam Kubur (2018),1,komentar
user_6207eaa67735,FILM::Suzzanna: Bernapas dalam Kubur (2018),1,komentar
user_63f30569cb64,FILM::Suzzanna: Bernapas dalam Kubur (2018),1,komentar
user_64f0609e5dd3,FILM::Suzzanna: Bernapas dalam Kubur (2018),1,komentar
user_655309934f31,FILM::Suzzanna: Bernapas dalam Kubur (2018),1,komentar
user_6558984258ac,FILM::Suzzanna: Bernapas dalam Kubur (2018),1,komentar
user_65a5fcc64072,FILM::Suzzanna: Bernapas dalam Kubur (2018),1,komentar
user_65a8d50fda8a,FILM::Suzzanna: Bernapas dalam Kubur (2018),1,komentar
user_664ee1ad6948,FILM::Suzzanna: Bernapas dalam Kubur (2018),1,komentar
user_66b1a6e39759,FILM::Suzzanna: Bernapas dalam Kubur (2018),1,komentar
user_67971e6d4a37,FILM::Suzzanna: Bernapas dalam Kubur (2018),1,komentar
user_680ae1f87d11,FILM::Suzzanna: Bernapas dalam Kubur (2018),2,komentar
user_681c08f5f5aa,FILM::Suzzanna: Bernapas dalam Kubur (2018),1,komentar
user_695a94770843,FILM::Suzzanna: Bernapas dalam Kubur (2018),1,komentar
user_69b4a633950c,FILM::Suzzanna: Bernapas dalam Kubur (2018),1,komentar
user_69ca97ca0530,FILM::Suzzanna: Bernapas dalam Kubur (2018),1,komentar
user_6ac51d872bc1,FILM::Suzzanna: Bernapas dalam Kubur (2018),1,komentar
user_6b0cf86e319f,FILM::Suzzanna: Bernapas dalam Kubur (2018),1,komentar
user_6cb2f08f2570,FILM::Suzzanna: Bernapas dalam Kubur (2018),1,komentar
user_6da5546935bc,FILM::Suzzanna: Bernapas dalam Kubur (2018),8,komentar
user_6dab0c863e22,FILM::Suzzanna: Bernapas dalam Kubur (2018),2,komentar
user_6dc002aa8136,FILM::Suzzanna: Bernapas dalam Kubur (2018),1,komentar
user_6dec0d52eeb0,FILM::Suzzanna: Bernapas dalam Kubur (2018),1,komentar
user_6deff9afdb59,FILM::Suzzanna: Bernapas dalam Kubur (2018),1,komentar
user_6e267d23706f,FILM::Suzzanna: Bernapas dalam Kubur (2018),1,komentar
user_6e3e49068078,FILM::Suzzanna: Bernapas dalam Kubur (2018),1,komentar
user_6e47deb2992d,FILM::Suzzanna: Bernapas dalam Kubur (2018),1,komentar
user_6e49e7e1cbec,FILM::Suzzanna: Bernapas dalam Kubur (2018),1,komentar
user_6e629668069b,FILM::Suzzanna: Bernapas dalam Kubur (2018),1,komentar
user_6ef3cfa0a51c,FILM::Suzzanna: Bernapas dalam Kubur (2018),1,komentar
user_6f5e263ba397,FILM::Suzzanna: Bernapas dalam Kubur (2018),1,komentar
user_6fb60b51832b,FILM::Suzzanna: Bernapas dalam Kubur (2018),1,komentar
user_7037667a87e1,FILM::Suzzanna: Bernapas dalam Kubur (2018),1,komentar
user_7054cbba8778,FILM::Suzzanna: Bernapas dalam Kubur (2018),1,komentar
user_7058c2cad38e,FILM::Suzzanna: Bernapas dalam Kubur (2018),1,komentar
user_713df1cf181e,FILM::Suzzanna: Bernapas dalam Kubur (2018),2,komentar
user_73848db937b6,FILM::Suzzanna: Bernapas dalam Kubur (2018),1,komentar
user_73b886d12fca,FILM::Suzzanna: Bernapas dalam Kubur (2018),1,komentar
user_744a911728f6,FILM::Suzzanna: Bernapas dalam Kubur (2018),1,komentar
user_7779ad396763,FILM::Suzzanna: Bernapas dalam Kubur (2018),1,komentar
user_77fc9235905f,FILM::Suzzanna: Bernapas dalam Kubur (2018),1,komentar
user_785f7b928adc,FILM::Suzzanna: Bernapas dalam Kubur (2018),1,komentar
user_7874fc188ff4,FILM::Suzzanna: Bernapas dalam Kubur (2018),1,komentar
user_7879f06378bf,FILM::Suzzanna: Bernapas dalam Kubur (2018),1,komentar
user_78bae0b69c7f,FILM::Suzzanna: Bernapas dalam Kubur (2018),1,komentar
user_791e8b8c538c,FILM::Suzzanna: Bernapas dalam Kubur (2018),10,komentar
user_7971f0f6a85e,FILM::Suzzanna: Bernapas dalam Kubur (2018),1,komentar
user_79965df08204,FILM::Suzzanna: Bernapas dalam Kubur (2018),1,komentar
user_7a5d51af99f6,FILM::Suzzanna: Bernapas dalam Kubur (2018),1,komentar
user_7b294e972bcb,FILM::Suzzanna: Bernapas dalam Kubur (2018),1,komentar
user_7bc9f8cfa47c,FILM::Suzzanna: Bernapas dalam Kubur (2018),2,komentar
user_7bd2f11d34a1,FILM::Suzzanna: Bernapas dalam Kubur (2018),1,komentar
user_7dd7b3ecf0ef,FILM::Suzzanna: Bernapas dalam Kubur (2018),3,komentar
user_7e1652183f65,FILM::Suzzanna: Bernapas dalam Kubur (2018),1,komentar
user_7e52e01e3e32,FILM::Suzzanna: Bernapas dalam Kubur (2018),1,komentar
user_7f05a5b22968,FILM::Suzzanna: Bernapas dalam Kubur (2018),1,komentar
user_7f576abb7676,FILM::Suzzanna: Bernapas dalam Kubur (2018),1,komentar
user_7f7c0ce69d83,FILM::Suzzanna: Bernapas dalam Kubur (2018),1,komentar
user_813f35826d1f,FILM::Suzzanna: Bernapas dalam Kubur (2018),1,komentar
user_816c19531e52,FILM::Suzzanna: Bernapas dalam Kubur (2018),1,komentar
user_81c649a4bbc9,FILM::Suzzanna: Bernapas dalam Kubur (2018),1,komentar
user_82131ee352f3,FILM::Suzzanna: Bernapas dalam Kubur (2018),1,komentar
user_822f1905c9da,FILM::Suzzanna: Bernapas dalam Kubur (2018),1,komentar
user_8246fc4d0472,FILM::Suzzanna: Bernapas dalam Kubur (2018),1,komentar
user_8277a9a9b58c,FILM::Suzzanna: Bernapas dalam Kubur (2018),1,komentar
user_82b053bf906f,FILM::Suzzanna: Bernapas dalam Kubur (2018),1,komentar
user_82e8e0c931dc,FILM::Suzzanna: Bernapas dalam Kubur (2018),1,komentar
user_84110201f654,FILM::Suzzanna: Bernapas dalam Kubur (2018),1,komentar
user_8448b1ca4fd5,FILM::Suzzanna: Bernapas dalam Kubur (2018),1,komentar
user_84a4151ddea5,FILM::Suzzanna: Bernapas dalam Kubur (2018),2,komentar
user_8509e45099a2,FILM::Suzzanna: Bernapas dalam Kubur (2018),1,komentar
user_854d29abaa7b,FILM::Suzzanna: Bernapas dalam Kubur (2018),1,komentar
user_864c29799dcc,FILM::Suzzanna: Bernapas dalam Kubur (2018),1,komentar
user_86cddfd677ca,FILM::Suzzanna: Bernapas dalam Kubur (2018),1,komentar
user_8702f676ba1a,FILM::Suzzanna: Bernapas dalam Kubur (2018),2,komentar
user_874f5e86c07f,FILM::Suzzanna: Bernapas dalam Kubur (2018),1,komentar
user_87ce153b44cb,FILM::Suzzanna: Bernapas dalam Kubur (2018),1,komentar
user_88c2396c7b5a,FILM::Suzzanna: Bernapas dalam Kubur (2018),1,komentar
user_89209e220157,FILM::Suzzanna: Bernapas dalam Kubur (2018),1,komentar
user_89b44025f08b,FILM::Suzzanna: Bernapas dalam Kubur (2018),1,komentar
user_8a72d82e883b,FILM::Suzzanna: Bernapas dalam Kubur (2018),1,komentar
user_8b48b89e8087,FILM::Suzzanna: Bernapas dalam Kubur (2018),1,komentar
user_8b4edfe3cf38,FILM::Suzzanna: Bernapas dalam Kubur (2018),1,komentar
user_8bff4c46f512,FILM::Suzzanna: Bernapas dalam Kubur (2018),1,komentar
user_8c0b3691c3bd,FILM::Suzzanna: Bernapas dalam Kubur (2018),1,komentar
user_8d068fd0db1a,FILM::Suzzanna: Bernapas dalam Kubur (2018),1,komentar
user_8d9bed64b2fd,FILM::Suzzanna: Bernapas dalam Kubur (2018),1,komentar
user_8dfbe436bafd,FILM::Suzzanna: Bernapas dalam Kubur (2018),1,komentar
user_8e6418cb5383,FILM::Suzzanna: Bernapas dalam Kubur (2018),1,komentar
user_8ea96176bae3,FILM::Suzzanna: Bernapas dalam Kubur (2018),1,komentar
user_8f2e29647a20,FILM::Suzzanna: Bernapas dalam Kubur (2018),1,komentar
user_8f34417dfe33,FILM::Suzzanna: Bernapas dalam Kubur (2018),1,komentar
user_8f67a947c17d,FILM::Suzzanna: Bernapas dalam Kubur (2018),1,komentar
user_8f6f1694b6c4,FILM::Suzzanna: Bernapas dalam Kubur (2018),1,komentar
user_8faa96942710,FILM::Suzzanna: Bernapas dalam Kubur (2018),1,komentar
user_90d6140700d4,FILM::Suzzanna: Bernapas dalam Kubur (2018),1,komentar
user_90f626f1a927,FILM::Suzzanna: Bernapas dalam Kubur (2018),1,komentar
user_917ea62cb767,FILM::Suzzanna: Bernapas dalam Kubur (2018),1,komentar
user_91f8c82e6454,FILM::Suzzanna: Bernapas dalam Kubur (2018),2,komentar
user_92781fcaa7f0,FILM::Suzzanna: Bernapas dalam Kubur (2018),1,komentar
user_93b40258600d,FILM::Suzzanna: Bernapas dalam Kubur (2018),1,komentar
user_93facb71cc9f,FILM::Suzzanna: Bernapas dalam Kubur (2018),1,komentar
user_9558353c733f,FILM::Suzzanna: Bernapas dalam Kubur (2018),1,komentar
user_95b062b3182e,FILM::Suzzanna: Bernapas dalam Kubur (2018),1,komentar
user_961f3d26d8d0,FILM::Suzzanna: Bernapas dalam Kubur (2018),1,komentar
user_96a20b859207,FILM::Suzzanna: Bernapas dalam Kubur (2018),1,komentar
user_974a261d0092,FILM::Suzzanna: Bernapas dalam Kubur (2018),1,komentar
user_984609fe29cb,FILM::Suzzanna: Bernapas dalam Kubur (2018),1,komentar
user_98f03da7629e,FILM::Suzzanna: Bernapas dalam Kubur (2018),1,komentar
user_993b1db5ae1d,FILM::Suzzanna: Bernapas dalam Kubur (2018),1,komentar
user_9a65db13ae74,FILM::Suzzanna: Bernapas dalam Kubur (2018),1,komentar
user_9abfc7c090f6,FILM::Suzzanna: Bernapas dalam Kubur (2018),1,komentar
user_9b91829d6422,FILM::Suzzanna: Bernapas dalam Kubur (2018),2,komentar
user_9ba82f9b1ec5,FILM::Suzzanna: Bernapas dalam Kubur (2018),1,komentar
user_9cd79927f147,FILM::Suzzanna: Bernapas dalam Kubur (2018),1,komentar
user_9ef865bb4999,FILM::Suzzanna: Bernapas dalam Kubur (2018),1,komentar
user_9f32e81abbc2,FILM::Suzzanna: Bernapas dalam Kubur (2018),1,komentar
user_9fc8c6bb2184,FILM::Suzzanna: Bernapas dalam Kubur (2018),1,komentar
user_a187d796267b,FILM::Suzzanna: Bernapas dalam Kubur (2018),1,komentar
user_a1933a512943,FILM::Suzzanna: Bernapas dalam Kubur (2018),1,komentar
user_a2e4dc403850,FILM::Suzzanna: Bernapas dalam Kubur (2018),1,komentar
user_a2f5e83d9525,FILM::Suzzanna: Bernapas dalam Kubur (2018),1,komentar
user_a2fd7d86ca62,FILM::Suzzanna: Bernapas dalam Kubur (2018),1,komentar
user_a30f0417a860,FILM::Suzzanna: Bernapas dalam Kubur (2018),1,komentar
user_a3c2aa30eded,FILM::Suzzanna: Bernapas dalam Kubur (2018),1,komentar
user_a3e2e9a9e60b,FILM::Suzzanna: Bernapas dalam Kubur (2018),1,komentar
user_a3fc29b72556,FILM::Suzzanna: Bernapas dalam Kubur (2018),1,komentar
user_a414e5090d3f,FILM::Suzzanna: Bernapas dalam Kubur (2018),1,komentar
user_a812d173961c,FILM::Suzzanna: Bernapas dalam Kubur (2018),1,komentar
user_ab8fad45fb07,FILM::Suzzanna: Bernapas dalam Kubur (2018),1,komentar
user_aceb7595758c,FILM::Suzzanna: Bernapas dalam Kubur (2018),1,komentar
user_ad2c0bb2c090,FILM::Suzzanna: Bernapas dalam Kubur (2018),1,komentar
user_ada3b3a923af,FILM::Suzzanna: Bernapas dalam Kubur (2018),1,komentar
user_adfa257cb611,FILM::Suzzanna: Bernapas dalam Kubur (2018),1,komentar
user_adfd7eb9812b,FILM::Suzzanna: Bernapas dalam Kubur (2018),2,komentar
user_ae411075423f,FILM::Suzzanna: Bernapas dalam Kubur (2018),1,komentar
user_aee5c56aef6c,FILM::Suzzanna: Bernapas dalam Kubur (2018),1,komentar
user_afe71fc2a973,FILM::Suzzanna: Bernapas dalam Kubur (2018),1,komentar
user_b09d6eec5b87,FILM::Suzzanna: Bernapas dalam Kubur (2018),1,komentar
user_b0e15cd15915,FILM::Suzzanna: Bernapas dalam Kubur (2018),1,komentar
user_b1b0fdb82467,FILM::Suzzanna: Bernapas dalam Kubur (2018),1,komentar
user_b21dacae2099,FILM::Suzzanna: Bernapas dalam Kubur (2018),1,komentar
user_b24e7ab27adb,FILM::Suzzanna: Bernapas dalam Kubur (2018),1,komentar
user_b2961f12e661,FILM::Suzzanna: Bernapas dalam Kubur (2018),1,komentar
user_b2fba9d95ea8,FILM::Suzzanna: Bernapas dalam Kubur (2018),1,komentar
user_b322612abd21,FILM::Suzzanna: Bernapas dalam Kubur (2018),1,komentar
user_b43d0fbf882d,FILM::Suzzanna: Bernapas dalam Kubur (2018),1,komentar
user_b45306fbcc61,FILM::Suzzanna: Bernapas dalam Kubur (2018),1,komentar
user_b45f22df6501,FILM::Suzzanna: Bernapas dalam Kubur (2018),1,komentar
user_b4b83943caf5,FILM::Suzzanna: Bernapas dalam Kubur (2018),1,komentar
user_b4f31ae390c8,FILM::Suzzanna: Bernapas dalam Kubur (2018),1,komentar
user_b50ee7adcc90,FILM::Suzzanna: Bernapas dalam Kubur (2018),1,komentar
user_b51f30309907,FILM::Suzzanna: Bernapas dalam Kubur (2018),1,komentar
user_b525f10069b6,FILM::Suzzanna: Bernapas dalam Kubur (2018),1,komentar
user_b6b5aa52e122,FILM::Suzzanna: Bernapas dalam Kubur (2018),1,komentar
user_b6c0482d46c6,FILM::Suzzanna: Bernapas dalam Kubur (2018),2,komentar
user_b762b80554d4,FILM::Suzzanna: Bernapas dalam Kubur (2018),1,komentar
user_b767642afb4a,FILM::Suzzanna: Bernapas dalam Kubur (2018),1,komentar
user_b8424df71da8,FILM::Suzzanna: Bernapas dalam Kubur (2018),1,komentar
user_ba9e353fc186,FILM::Suzzanna: Bernapas dalam Kubur (2018),1,komentar
user_baf453a79ba9,FILM::Suzzanna: Bernapas dalam Kubur (2018),1,komentar
user_bb923bbfa165,FILM::Suzzanna: Bernapas dalam Kubur (2018),1,komentar
user_bcd9ad8d0298,FILM::Suzzanna: Bernapas dalam Kubur (2018),1,komentar
user_bd8295a007a2,FILM::Suzzanna: Bernapas dalam Kubur (2018),1,komentar
user_bda7a61c45d1,FILM::Suzzanna: Bernapas dalam Kubur (2018),1,komentar
user_bdaa62c44ee8,FILM::Suzzanna: Bernapas dalam Kubur (2018),1,komentar
user_be6b4adb10e6,FILM::Suzzanna: Bernapas dalam Kubur (2018),1,komentar
user_bea2ce176425,FILM::Suzzanna: Bernapas dalam Kubur (2018),1,komentar
user_bed804a8d32b,FILM::Suzzanna: Bernapas dalam Kubur (2018),1,komentar
user_bef92c815e1c,FILM::Suzzanna: Bernapas dalam Kubur (2018),1,komentar
user_bf368d7fe254,FILM::Suzzanna: Bernapas dalam Kubur (2018),1,komentar
user_bffbc3b2a6d4,FILM::Suzzanna: Bernapas dalam Kubur (2018),1,komentar
user_c07e0193d08a,FILM::Suzzanna: Bernapas dalam Kubur (2018),1,komentar
user_c1ab45f06629,FILM::Suzzanna: Bernapas dalam Kubur (2018),1,komentar
user_c20f2d0bfede,FILM::Suzzanna: Bernapas dalam Kubur (2018),1,komentar
user_c29ca0f94748,FILM::Suzzanna: Bernapas dalam Kubur (2018),1,komentar
user_c2bed3f71cf3,FILM::Suzzanna: Bernapas dalam Kubur (2018),1,komentar
user_c2cb0bb784da,FILM::Suzzanna: Bernapas dalam Kubur (2018),1,komentar
user_c32b915227aa,FILM::Suzzanna: Bernapas dalam Kubur (2018),1,komentar
user_c32f9e8b3331,FILM::Suzzanna: Bernapas dalam Kubur (2018),1,komentar
user_c368adbb7da6,FILM::Suzzanna: Bernapas dalam Kubur (2018),1,komentar
user_c42474be6532,FILM::Suzzanna: Bernapas dalam Kubur (2018),1,komentar
user_c479f0bcd42f,FILM::Suzzanna: Bernapas dalam Kubur (2018),1,komentar
user_c5a658959a83,FILM::Suzzanna: Bernapas dalam Kubur (2018),1,komentar
user_c5e1b3af3c21,FILM::Suzzanna: Bernapas dalam Kubur (2018),2,komentar
user_c62d8bf11817,FILM::Suzzanna: Bernapas dalam Kubur (2018),1,komentar
user_c6f24947216a,FILM::Suzzanna: Bernapas dalam Kubur (2018),1,komentar
user_c8fe0f52b8eb,FILM::Suzzanna: Bernapas dalam Kubur (2018),1,komentar
user_ca5de3a00750,FILM::Suzzanna: Bernapas dalam Kubur (2018),1,komentar
user_ca60c3756def,FILM::Suzzanna: Bernapas dalam Kubur (2018),1,komentar
user_cb4a1fc00a2c,FILM::Suzzanna: Bernapas dalam Kubur (2018),1,komentar
user_cbca31a278a6,FILM::Suzzanna: Bernapas dalam Kubur (2018),1,komentar
user_cbde7c490a85,FILM::Suzzanna: Bernapas dalam Kubur (2018),1,komentar
user_cbff6b31e587,FILM::Suzzanna: Bernapas dalam Kubur (2018),1,komentar
user_cd1ef3b2b539,FILM::Suzzanna: Bernapas dalam Kubur (2018),1,komentar
user_cfc70167974c,FILM::Suzzanna: Bernapas dalam Kubur (2018),1,komentar
user_cfff7ea5cf58,FILM::Suzzanna: Bernapas dalam Kubur (2018),1,komentar
user_d0c7a6d7a22a,FILM::Suzzanna: Bernapas dalam Kubur (2018),1,komentar
user_d1491752739c,FILM::Suzzanna: Bernapas dalam Kubur (2018),1,komentar
user_d16208284a47,FILM::Suzzanna: Bernapas dalam Kubur (2018),1,komentar
user_d293c664d2d4,FILM::Suzzanna: Bernapas dalam Kubur (2018),1,komentar
user_d3aa27c9d2d7,FILM::Suzzanna: Bernapas dalam Kubur (2018),1,komentar
user_d4f2546e23e3,FILM::Suzzanna: Bernapas dalam Kubur (2018),1,komentar
user_d5160882cd27,FILM::Suzzanna: Bernapas dalam Kubur (2018),1,komentar
user_d561fb2fd504,FILM::Suzzanna: Bernapas dalam Kubur (2018),1,komentar
user_d5e0b8bd834e,FILM::Suzzanna: Bernapas dalam Kubur (2018),1,komentar
user_d61c67c8f3d3,FILM::Suzzanna: Bernapas dalam Kubur (2018),1,komentar
user_d66c5e4790cd,FILM::Suzzanna: Bernapas dalam Kubur (2018),1,komentar
user_d810f8b63454,FILM::Suzzanna: Bernapas dalam Kubur (2018),1,komentar
user_d81655da1ccd,FILM::Suzzanna: Bernapas dalam Kubur (2018),1,komentar
user_d868c4503058,FILM::Suzzanna: Bernapas dalam Kubur (2018),1,komentar
user_d8a94dc6b25e,FILM::Suzzanna: Bernapas dalam Kubur (2018),1,komentar
user_d8c78e76a256,FILM::Suzzanna: Bernapas dalam Kubur (2018),1,komentar
user_d8d54e57709b,FILM::Suzzanna: Bernapas dalam Kubur (2018),1,komentar
user_d903c9bedc3c,FILM::Suzzanna: Bernapas dalam Kubur (2018),1,komentar
user_d93cc6f0938a,FILM::Suzzanna: Bernapas dalam Kubur (2018),1,komentar
user_d9732cd7abaa,FILM::Suzzanna: Bernapas dalam Kubur (2018),1,komentar
user_d993b1de80ef,FILM::Suzzanna: Bernapas dalam Kubur (2018),1,komentar
user_db044cebd60d,FILM::Suzzanna: Bernapas dalam Kubur (2018),1,komentar
user_dbbf84995259,FILM::Suzzanna: Bernapas dalam Kubur (2018),1,komentar
user_dcb01a20ca37,FILM::Suzzanna: Bernapas dalam Kubur (2018),1,komentar
user_dda5fd867fe6,FILM::Suzzanna: Bernapas dalam Kubur (2018),1,komentar
user_de7b1e6d751d,FILM::Suzzanna: Bernapas dalam Kubur (2018),1,komentar
user_df08a600c5e8,FILM::Suzzanna: Bernapas dalam Kubur (2018),1,komentar
user_df6f454b783b,FILM::Suzzanna: Bernapas dalam Kubur (2018),1,komentar
user_dfc3c849e272,FILM::Suzzanna: Bernapas dalam Kubur (2018),2,komentar
user_e03d412378fa,FILM::Suzzanna: Bernapas dalam Kubur (2018),1,komentar
user_e12ef994c1e3,FILM::Suzzanna: Bernapas dalam Kubur (2018),1,komentar
user_e258eed0d560,FILM::Suzzanna: Bernapas dalam Kubur (2018),1,komentar
user_e27fc1042677,FILM::Suzzanna: Bernapas dalam Kubur (2018),1,komentar
user_e2911df22ecd,FILM::Suzzanna: Bernapas dalam Kubur (2018),1,komentar
user_e397d570f752,FILM::Suzzanna: Bernapas dalam Kubur (2018),1,komentar
user_e3d850ff82ed,FILM::Suzzanna: Bernapas dalam Kubur (2018),1,komentar
user_e3fbc07f5636,FILM::Suzzanna: Bernapas dalam Kubur (2018),2,komentar
user_e467d969b7e1,FILM::Suzzanna: Bernapas dalam Kubur (2018),1,komentar
user_e48e5662d2b3,FILM::Suzzanna: Bernapas dalam Kubur (2018),1,komentar
user_e650d0c8aac2,FILM::Suzzanna: Bernapas dalam Kubur (2018),1,komentar
user_e6946814aeae,FILM::Suzzanna: Bernapas dalam Kubur (2018),1,komentar
user_e75276e296e5,FILM::Suzzanna: Bernapas dalam Kubur (2018),1,komentar
user_e771e5f095c3,FILM::Suzzanna: Bernapas dalam Kubur (2018),1,komentar
user_e7cc55242ad5,FILM::Suzzanna: Bernapas dalam Kubur (2018),1,komentar
user_e7d3b8308462,FILM::Suzzanna: Bernapas dalam Kubur (2018),1,komentar
user_e7d50216cbf5,FILM::Suzzanna: Bernapas dalam Kubur (2018),1,komentar
user_e87fa7744654,FILM::Suzzanna: Bernapas dalam Kubur (2018),1,komentar
user_e93567e3f6dd,FILM::Suzzanna: Bernapas dalam Kubur (2018),1,komentar
user_e9956946d05b,FILM::Suzzanna: Bernapas dalam Kubur (2018),1,komentar
user_ea1d515cd6e2,FILM::Suzzanna: Bernapas dalam Kubur (2018),1,komentar
user_eb2f28861f69,FILM::Suzzanna: Bernapas dalam Kubur (2018),2,komentar
user_eb4e39448129,FILM::Suzzanna: Bernapas dalam Kubur (2018),1,komentar
user_eb5b51d530c0,FILM::Suzzanna: Bernapas dalam Kubur (2018),3,komentar
user_eb7bbb1d39b6,FILM::Suzzanna: Bernapas dalam Kubur (2018),1,komentar
user_ed0ad532d7e7,FILM::Suzzanna: Bernapas dalam Kubur (2018),1,komentar
user_ed2dd995f1fa,FILM::Suzzanna: Bernapas dalam Kubur (2018),1,komentar
user_ed67be59e5b8,FILM::Suzzanna: Bernapas dalam Kubur (2018),1,komentar
user_eeb3010a6392,FILM::Suzzanna: Bernapas dalam Kubur (2018),1,komentar
user_efe146df0043,FILM::Suzzanna: Bernapas dalam Kubur (2018),1,komentar
user_f13b70476944,FILM::Suzzanna: Bernapas dalam Kubur (2018),1,komentar
user_f14106f32400,FILM::Suzzanna: Bernapas dalam Kubur (2018),4,komentar
user_f17f8ca15f58,FILM::Suzzanna: Bernapas dalam Kubur (2018),1,komentar
user_f265a32410b3,FILM::Suzzanna: Bernapas dalam Kubur (2018),1,komentar
user_f3934e455dfe,FILM::Suzzanna: Bernapas dalam Kubur (2018),1,komentar
user_f467a51918b1,FILM::Suzzanna: Bernapas dalam Kubur (2018),1,komentar
user_f4c5743a9f5d,FILM::Suzzanna: Bernapas dalam Kubur (2018),1,komentar
user_f52c49a923b6,FILM::Suzzanna: Bernapas dalam Kubur (2018),1,komentar
user_f5f3c46a79c2,FILM::Suzzanna: Bernapas dalam Kubur (2018),1,komentar
user_f66c14c99648,FILM::Suzzanna: Bernapas dalam Kubur (2018),1,komentar
user_f69e0a421975,FILM::Suzzanna: Bernapas dalam Kubur (2018),2,komentar
user_f739acaf0d7a,FILM::Suzzanna: Bernapas dalam Kubur (2018),1,komentar
user_f7a84c4cdbd3,FILM::Suzzanna: Bernapas dalam Kubur (2018),1,komentar
user_f7af97771c14,FILM::Suzzanna: Bernapas dalam Kubur (2018),1,komentar
user_f7ce829912d1,FILM::Suzzanna: Bernapas dalam Kubur (2018),1,komentar
user_f7fcff9be9dd,FILM::Suzzanna: Bernapas dalam Kubur (2018),1,komentar
user_f85ec95e654b,FILM::Suzzanna: Bernapas dalam Kubur (2018),2,komentar
user_f91f584cf7f3,FILM::Suzzanna: Bernapas dalam Kubur (2018),1,komentar
user_f9f950b99f04,FILM::Suzzanna: Bernapas dalam Kubur (2018),1,komentar
user_fa2be7cebfd0,FILM::Suzzanna: Bernapas dalam Kubur (2018),1,komentar
user_fa2d9bb4447c,FILM::Suzzanna: Bernapas dalam Kubur (2018),1,komentar
user_fa7f96025493,FILM::Suzzanna: Bernapas dalam Kubur (2018),2,komentar
user_fa8bf600bcfe,FILM::Suzzanna: Bernapas dalam Kubur (2018),1,komentar
user_fcba5084f694,FILM::Suzzanna: Bernapas dalam Kubur (2018),1,komentar
user_fdfb9247eced,FILM::Suzzanna: Bernapas dalam Kubur (2018),1,komentar
user_fe9ab38a3be8,FILM::Suzzanna: Bernapas dalam Kubur (2018),1,komentar
user_ff78fd50cd7f,FILM::Suzzanna: Bernapas dalam Kubur (2018),1,komentar
user_ff95c4f470ab,FILM::Suzzanna: Bernapas dalam Kubur (2018),1,komentar
user_ffa6f9c6889f,FILM::Suzzanna: Bernapas dalam Kubur (2018),1,komentar
user_0038190d7388,Indigo: What Do You See? (2023),1,komentar
user_0038190d7388,user_420746dfe39f,1,balasan
user_00eded391d6a,FILM::Indigo: What Do You See? (2023),1,komentar
user_02db637abd81,FILM::Indigo: What Do You See? (2023),1,komentar
user_0336f0ebe047,FILM::Indigo: What Do You See? (2023),1,komentar
user_035bf3a0f176,FILM::Indigo: What Do You See? (2023),1,komentar
user_03d091eb63b2,FILM::Indigo: What Do You See? (2023),1,komentar
user_057bfdb25539,FILM::Indigo: What Do You See? (2023),1,komentar
user_05876a7ba4ca,FILM::Indigo: What Do You See? (2023),1,komentar
user_05dbaed3b05a,FILM::Indigo: What Do You See? (2023),1,komentar
user_06a52a2afe41,FILM::Indigo: What Do You See? (2023),1,komentar
user_06c1d2b46de6,FILM::Indigo: What Do You See? (2023),1,komentar
user_07511d1bb618,FILM::Indigo: What Do You See? (2023),1,komentar
user_089f7139fcff,FILM::Indigo: What Do You See? (2023),1,komentar
user_08c7b37df3ed,FILM::Indigo: What Do You See? (2023),1,komentar
user_0a8ea7a20b68,FILM::Indigo: What Do You See? (2023),1,komentar
user_0a92b198288b,FILM::Indigo: What Do You See? (2023),1,komentar
user_0c1692bf30c8,FILM::Indigo: What Do You See? (2023),1,komentar
user_0c3f0ade6980,FILM::Indigo: What Do You See? (2023),1,komentar
user_0c5d5622f7a1,FILM::Indigo: What Do You See? (2023),2,komentar
user_0ca3dae5bd5a,FILM::Indigo: What Do You See? (2023),2,komentar
user_0cbf6fddedb6,FILM::Indigo: What Do You See? (2023),1,komentar
user_0ce974f97c4b,FILM::Indigo: What Do You See? (2023),1,komentar
user_0d6bc97b3338,FILM::Indigo: What Do You See? (2023),1,komentar
user_0db4559f0273,FILM::Indigo: What Do You See? (2023),1,komentar
user_0dc6cda5df13,FILM::Indigo: What Do You See? (2023),1,komentar
user_0dcbcee38869,FILM::Indigo: What Do You See? (2023),1,komentar
user_0dd654c79c3f,FILM::Indigo: What Do You See? (2023),1,komentar
user_0e57d90972f2,FILM::Indigo: What Do You See? (2023),2,komentar
user_0efe18bc1513,FILM::Indigo: What Do You See? (2023),1,komentar
user_0f4c3887210b,FILM::Indigo: What Do You See? (2023),1,komentar
user_0fb3a2000812,FILM::Indigo: What Do You See? (2023),1,komentar
user_101bb64b3289,FILM::Indigo: What Do You See? (2023),1,komentar
user_102a01eeb194,FILM::Indigo: What Do You See? (2023),1,komentar
user_10665464b978,FILM::Indigo: What Do You See? (2023),1,komentar
user_10954c970b04,FILM::Indigo: What Do You See? (2023),2,komentar
user_10e45b4bf27e,FILM::Indigo: What Do You See? (2023),2,komentar
user_110320d2c1f9,FILM::Indigo: What Do You See? (2023),1,komentar
user_110cf4a6f89f,FILM::Indigo: What Do You See? (2023),1,komentar
user_11215850ab15,FILM::Indigo: What Do You See? (2023),1,komentar
user_11757c8e54be,FILM::Indigo: What Do You See? (2023),1,komentar
user_12153f668a9e,FILM::Indigo: What Do You See? (2023),1,komentar
user_127f8083c446,FILM::Indigo: What Do You See? (2023),1,komentar
user_128cca26d5f6,FILM::Indigo: What Do You See? (2023),1,komentar
user_1394639ec1cf,FILM::Indigo: What Do You See? (2023),1,komentar
user_143ab55c392d,FILM::Indigo: What Do You See? (2023),2,komentar
user_144dfcd57b7b,FILM::Indigo: What Do You See? (2023),1,komentar
user_145f6e4815f1,FILM::Indigo: What Do You See? (2023),1,komentar
user_148f95ebe1e8,FILM::Indigo: What Do You See? (2023),1,komentar
user_151369da227d,FILM::Indigo: What Do You See? (2023),1,komentar
user_159a3630feeb,FILM::Indigo: What Do You See? (2023),1,komentar
user_15b8d333bef2,FILM::Indigo: What Do You See? (2023),1,komentar
user_16ee36b98bd8,FILM::Indigo: What Do You See? (2023),1,komentar
user_170b47ca8389,FILM::Indigo: What Do You See? (2023),1,komentar
user_174151138ae4,FILM::Indigo: What Do You See? (2023),1,komentar
user_178784d2a52c,FILM::Indigo: What Do You See? (2023),1,komentar
user_17f6603e6238,FILM::Indigo: What Do You See? (2023),1,komentar
user_189ae821449b,FILM::Indigo: What Do You See? (2023),1,komentar
user_192d378444a4,FILM::Indigo: What Do You See? (2023),1,komentar
user_195b8068cb8c,FILM::Indigo: What Do You See? (2023),1,komentar
user_197279111347,FILM::Indigo: What Do You See? (2023),1,komentar
user_1a04cec49e2e,FILM::Indigo: What Do You See? (2023),1,komentar
user_1a58fce57e2d,FILM::Indigo: What Do You See? (2023),1,komentar
user_1a623b7ad6d8,FILM::Indigo: What Do You See? (2023),1,komentar
user_1a6f9ea80157,FILM::Indigo: What Do You See? (2023),3,komentar
user_1a918b55c21c,FILM::Indigo: What Do You See? (2023),1,komentar
user_1b1dcee19ca4,FILM::Indigo: What Do You See? (2023),1,komentar
user_1b950f2137bd,FILM::Indigo: What Do You See? (2023),1,komentar
user_1bb3b646e2db,FILM::Indigo: What Do You See? (2023),1,komentar
user_1bc2cf7741d1,FILM::Indigo: What Do You See? (2023),1,komentar
user_1c5ac3185494,FILM::Indigo: What Do You See? (2023),1,komentar
user_1c81956b3d92,FILM::Indigo: What Do You See? (2023),1,komentar
user_1cf9b6f04543,FILM::Indigo: What Do You See? (2023),1,komentar
user_1d200e899e87,FILM::Indigo: What Do You See? (2023),3,komentar
user_1d7a565dfe44,FILM::Indigo: What Do You See? (2023),1,komentar
user_1e8990edcaa5,FILM::Indigo: What Do You See? (2023),1,komentar
user_1ed52841631e,FILM::Indigo: What Do You See? (2023),1,komentar
user_1fac80942d5a,FILM::Indigo: What Do You See? (2023),1,komentar
user_202515c2489e,FILM::Indigo: What Do You See? (2023),1,komentar
user_2049598c02de,FILM::Indigo: What Do You See? (2023),1,komentar
user_210f4f89f33d,FILM::Indigo: What Do You See? (2023),1,komentar
user_2126fb9b2fad,FILM::Indigo: What Do You See? (2023),1,komentar
user_2140af8d88dc,FILM::Indigo: What Do You See? (2023),1,komentar
user_21ff3d2bdf5e,FILM::Indigo: What Do You See? (2023),1,komentar
user_226f42363ac7,FILM::Indigo: What Do You See? (2023),2,komentar
user_22d518bd1236,FILM::Indigo: What Do You See? (2023),1,komentar
user_238c80df48e6,FILM::Indigo: What Do You See? (2023),1,komentar
user_23a78a61cf19,FILM::Indigo: What Do You See? (2023),1,komentar
user_23cb365d6de8,FILM::Indigo: What Do You See? (2023),1,komentar
user_23ed663069af,FILM::Indigo: What Do You See? (2023),1,komentar
user_246838e9f8ff,FILM::Indigo: What Do You See? (2023),1,komentar
user_24847cc802e1,FILM::Indigo: What Do You See? (2023),2,komentar
user_257c32c1046a,FILM::Indigo: What Do You See? (2023),7,komentar
user_25b5c10de5e4,FILM::Indigo: What Do You See? (2023),1,komentar
user_264496a88bb2,FILM::Indigo: What Do You See? (2023),1,komentar
user_266f2ce082be,FILM::Indigo: What Do You See? (2023),1,komentar
user_28d202d98d83,FILM::Indigo: What Do You See? (2023),1,komentar
user_2905be65c788,FILM::Indigo: What Do You See? (2023),1,komentar
user_29731f5cd7de,FILM::Indigo: What Do You See? (2023),1,komentar
user_29e76af447cc,FILM::Indigo: What Do You See? (2023),1,komentar
user_2a9bdc63bf84,FILM::Indigo: What Do You See? (2023),1,komentar
user_2b176dfb2849,FILM::Indigo: What Do You See? (2023),1,komentar
user_2d05e8e59257,FILM::Indigo: What Do You See? (2023),1,komentar
user_2e5354ded1c0,FILM::Indigo: What Do You See? (2023),1,komentar
user_2e5cd52a5f49,FILM::Indigo: What Do You See? (2023),2,komentar
user_2edb075dc6fd,FILM::Indigo: What Do You See? (2023),1,komentar
user_2f325f14d547,FILM::Indigo: What Do You See? (2023),1,komentar
user_2fcb2962533d,FILM::Indigo: What Do You See? (2023),1,komentar
user_30a6b2e94a16,FILM::Indigo: What Do You See? (2023),1,komentar
user_32c6b18a8ba9,FILM::Indigo: What Do You See? (2023),1,komentar
user_33853a359de0,FILM::Indigo: What Do You See? (2023),1,komentar
user_33bbf1f136ac,FILM::Indigo: What Do You See? (2023),1,komentar
user_33c5ca667ae4,FILM::Indigo: What Do You See? (2023),1,komentar
user_348aba16931e,FILM::Indigo: What Do You See? (2023),1,komentar
user_34b16a8b8b9c,FILM::Indigo: What Do You See? (2023),1,komentar
user_34e109ca15d1,FILM::Indigo: What Do You See? (2023),1,komentar
user_351dd503716f,FILM::Indigo: What Do You See? (2023),1,komentar
user_3534517d3c66,FILM::Indigo: What Do You See? (2023),3,komentar
user_353a3c5cd620,FILM::Indigo: What Do You See? (2023),1,komentar
user_35461564ccbc,FILM::Indigo: What Do You See? (2023),1,komentar
user_354c29266138,FILM::Indigo: What Do You See? (2023),1,komentar
user_354f50cd69f4,FILM::Indigo: What Do You See? (2023),1,komentar
user_361dfd7d4633,FILM::Indigo: What Do You See? (2023),1,komentar
user_36542191124c,FILM::Indigo: What Do You See? (2023),1,komentar
user_3693aa82f7e5,FILM::Indigo: What Do You See? (2023),1,komentar
user_36a484151d2f,FILM::Indigo: What Do You See? (2023),1,komentar
user_372255fd9d18,FILM::Indigo: What Do You See? (2023),1,komentar
user_3773732c8e87,FILM::Indigo: What Do You See? (2023),1,komentar
user_37ece19d975b,FILM::Indigo: What Do You See? (2023),1,komentar
user_391616fe4c75,FILM::Indigo: What Do You See? (2023),1,komentar
user_399de7c28985,FILM::Indigo: What Do You See? (2023),1,komentar
user_3abf69da61d7,FILM::Indigo: What Do You See? (2023),1,komentar
user_3b7ac7280893,FILM::Indigo: What Do You See? (2023),1,komentar
user_3b89c47f3bba,FILM::Indigo: What Do You See? (2023),1,komentar
user_3bf63f42610c,FILM::Indigo: What Do You See? (2023),1,komentar
user_3c57734a1285,FILM::Indigo: What Do You See? (2023),1,komentar
user_3c6504001698,FILM::Indigo: What Do You See? (2023),1,komentar
user_3cb3386f7264,FILM::Indigo: What Do You See? (2023),1,komentar
user_3cb40073793c,FILM::Indigo: What Do You See? (2023),1,komentar
user_3d4b40fbae4e,FILM::Indigo: What Do You See? (2023),1,komentar
user_3d8db1be195b,FILM::Indigo: What Do You See? (2023),1,komentar
user_3df744cd8027,FILM::Indigo: What Do You See? (2023),1,komentar
user_3e771afb90e9,FILM::Indigo: What Do You See? (2023),1,komentar
user_3ea9de5deb0e,FILM::Indigo: What Do You See? (2023),1,komentar
user_3ec2f7c26dea,FILM::Indigo: What Do You See? (2023),1,komentar
user_3fca09859845,FILM::Indigo: What Do You See? (2023),1,komentar
user_40304ce93ba3,FILM::Indigo: What Do You See? (2023),1,komentar
user_405c81763c2b,FILM::Indigo: What Do You See? (2023),2,komentar
user_40659b8f3508,FILM::Indigo: What Do You See? (2023),1,komentar
user_4066514bd3d3,FILM::Indigo: What Do You See? (2023),1,komentar
user_418187573fc0,FILM::Indigo: What Do You See? (2023),1,komentar
user_41a1ddccb460,FILM::Indigo: What Do You See? (2023),3,komentar
user_420746dfe39f,FILM::Indigo: What Do You See? (2023),5,komentar
user_4226a463a87f,FILM::Indigo: What Do You See? (2023),1,komentar
user_43441937c794,FILM::Indigo: What Do You See? (2023),1,komentar
user_435dcd40dc0f,FILM::Indigo: What Do You See? (2023),2,komentar
user_44f601130ef9,FILM::Indigo: What Do You See? (2023),1,komentar
user_45d9510968c7,FILM::Indigo: What Do You See? (2023),1,komentar
user_467f1b5c76ba,FILM::Indigo: What Do You See? (2023),1,komentar
user_468429db699b,FILM::Indigo: What Do You See? (2023),1,komentar
user_468904e47471,FILM::Indigo: What Do You See? (2023),1,komentar
user_47549a4fc9bb,FILM::Indigo: What Do You See? (2023),1,komentar
user_4797fb801eee,FILM::Indigo: What Do You See? (2023),1,komentar
user_47e3c4db9a13,FILM::Indigo: What Do You See? (2023),1,komentar
user_48100c1d78d2,FILM::Indigo: What Do You See? (2023),2,komentar
user_4811c8c122c5,FILM::Indigo: What Do You See? (2023),1,komentar
user_496caa22d488,FILM::Indigo: What Do You See? (2023),1,komentar
user_49fbc3855332,FILM::Indigo: What Do You See? (2023),1,komentar
user_4a02d8c10e62,FILM::Indigo: What Do You See? (2023),1,komentar
user_4a309f8b7cbd,FILM::Indigo: What Do You See? (2023),1,komentar
user_4ace5188318f,FILM::Indigo: What Do You See? (2023),1,komentar
user_4b3013fa86b5,FILM::Indigo: What Do You See? (2023),1,komentar
user_4b992b83d60d,FILM::Indigo: What Do You See? (2023),2,komentar
user_4be982d8c2fb,FILM::Indigo: What Do You See? (2023),1,komentar
user_4c40386e8b50,FILM::Indigo: What Do You See? (2023),1,komentar
user_4cb02e8085b1,FILM::Indigo: What Do You See? (2023),1,komentar
user_4d6fec41a815,FILM::Indigo: What Do You See? (2023),1,komentar
user_4e9fe0cb5207,FILM::Indigo: What Do You See? (2023),1,komentar
user_4f0f1ed9f587,FILM::Indigo: What Do You See? (2023),5,komentar
user_4f1529c5431e,FILM::Indigo: What Do You See? (2023),1,komentar
user_50158e35f425,FILM::Indigo: What Do You See? (2023),1,komentar
user_50a256e0d51a,FILM::Indigo: What Do You See? (2023),1,komentar
user_518448d567b7,FILM::Indigo: What Do You See? (2023),1,komentar
user_518c3ca896c3,FILM::Indigo: What Do You See? (2023),1,komentar
user_5203416c18a3,FILM::Indigo: What Do You See? (2023),1,komentar
user_523e5d3839a7,FILM::Indigo: What Do You See? (2023),5,komentar
user_528fe31a0cf0,FILM::Indigo: What Do You See? (2023),1,komentar
user_537729881f46,FILM::Indigo: What Do You See? (2023),1,komentar
user_53eedf7cdc90,FILM::Indigo: What Do You See? (2023),1,komentar
user_5425b551c58d,FILM::Indigo: What Do You See? (2023),1,komentar
user_54723131bd00,FILM::Indigo: What Do You See? (2023),1,komentar
user_5482eb6bae9d,FILM::Indigo: What Do You See? (2023),1,komentar
user_549c4b566015,FILM::Indigo: What Do You See? (2023),1,komentar
user_54f4b35fa6ef,FILM::Indigo: What Do You See? (2023),1,komentar
user_5514904fdc5b,FILM::Indigo: What Do You See? (2023),1,komentar
user_5616c8ead67e,FILM::Indigo: What Do You See? (2023),1,komentar
user_56373241a8b1,FILM::Indigo: What Do You See? (2023),1,komentar
user_56c45bb7ebce,FILM::Indigo: What Do You See? (2023),1,komentar
user_56d97eab041e,FILM::Indigo: What Do You See? (2023),1,komentar
user_5797ed8b604a,FILM::Indigo: What Do You See? (2023),1,komentar
user_57a0838560b3,FILM::Indigo: What Do You See? (2023),1,komentar
user_585802ab06b3,FILM::Indigo: What Do You See? (2023),4,komentar
user_58fa1590921d,FILM::Indigo: What Do You See? (2023),1,komentar
user_591c6c024b6a,FILM::Indigo: What Do You See? (2023),1,komentar
user_5924d75aa8a1,FILM::Indigo: What Do You See? (2023),1,komentar
user_592a5ed63f6d,FILM::Indigo: What Do You See? (2023),2,komentar
user_592d0cdf57a6,FILM::Indigo: What Do You See? (2023),1,komentar
user_5952e86f8542,FILM::Indigo: What Do You See? (2023),1,komentar
user_59bd7bf1146a,FILM::Indigo: What Do You See? (2023),1,komentar
user_59f25dfe0e02,FILM::Indigo: What Do You See? (2023),1,komentar
user_5ab23d13cdec,FILM::Indigo: What Do You See? (2023),1,komentar
user_5ad038fdd6c0,FILM::Indigo: What Do You See? (2023),1,komentar
user_5aed916d5a39,FILM::Indigo: What Do You See? (2023),1,komentar
user_5b26cfb17023,FILM::Indigo: What Do You See? (2023),1,komentar
user_5b6a7feada88,FILM::Indigo: What Do You See? (2023),1,komentar
user_5b8473527e7b,FILM::Indigo: What Do You See? (2023),1,komentar
user_5ba3ca6547e1,FILM::Indigo: What Do You See? (2023),2,komentar
user_5c616203f0b5,FILM::Indigo: What Do You See? (2023),1,komentar
user_5d6890238bc6,FILM::Indigo: What Do You See? (2023),1,komentar
user_5e64764fe55a,FILM::Indigo: What Do You See? (2023),1,komentar
user_5e9b62bce8e0,FILM::Indigo: What Do You See? (2023),2,komentar
user_5ea02d694b52,FILM::Indigo: What Do You See? (2023),1,komentar
user_5eace04a4552,FILM::Indigo: What Do You See? (2023),1,komentar
user_5ed9377013b5,FILM::Indigo: What Do You See? (2023),1,komentar
user_5f62a196c85e,FILM::Indigo: What Do You See? (2023),1,komentar
user_5f75706e0cdf,FILM::Indigo: What Do You See? (2023),38,komentar
user_5fecf6674f2a,FILM::Indigo: What Do You See? (2023),1,komentar
user_60d0a18bae15,FILM::Indigo: What Do You See? (2023),1,komentar
user_618758e7cce7,FILM::Indigo: What Do You See? (2023),1,komentar
user_6210c6ee153e,FILM::Indigo: What Do You See? (2023),2,komentar
user_6252d8492349,FILM::Indigo: What Do You See? (2023),1,komentar
user_628e801dcc99,FILM::Indigo: What Do You See? (2023),1,komentar
user_62cd7244a5c6,FILM::Indigo: What Do You See? (2023),1,komentar
user_62e866f557b1,FILM::Indigo: What Do You See? (2023),1,komentar
user_6337aa0eba65,FILM::Indigo: What Do You See? (2023),2,komentar
user_63762894da65,FILM::Indigo: What Do You See? (2023),1,komentar
user_66609f4c55d9,FILM::Indigo: What Do You See? (2023),1,komentar
user_671f52cf1f52,FILM::Indigo: What Do You See? (2023),1,komentar
user_67864b382b79,FILM::Indigo: What Do You See? (2023),1,komentar
user_67936a1c5d46,FILM::Indigo: What Do You See? (2023),1,komentar
user_683f6224245d,FILM::Indigo: What Do You See? (2023),1,komentar
user_68666302138c,FILM::Indigo: What Do You See? (2023),1,komentar
user_689760a46b34,FILM::Indigo: What Do You See? (2023),1,komentar
user_68ed3d38787d,FILM::Indigo: What Do You See? (2023),1,komentar
user_68f2453fab6c,FILM::Indigo: What Do You See? (2023),1,komentar
user_6961f526d88e,FILM::Indigo: What Do You See? (2023),1,komentar
user_699ee69045e2,FILM::Indigo: What Do You See? (2023),3,komentar
user_69f574ae77a8,FILM::Indigo: What Do You See? (2023),1,komentar
user_6aace3a48b85,FILM::Indigo: What Do You See? (2023),1,komentar
user_6bcb6a649f30,FILM::Indigo: What Do You See? (2023),1,komentar
user_6bda5259989d,FILM::Indigo: What Do You See? (2023),1,komentar
user_6cda57299eb2,FILM::Indigo: What Do You See? (2023),1,komentar
user_6d169d6f5568,FILM::Indigo: What Do You See? (2023),1,komentar
user_6d6ebe0f2f09,FILM::Indigo: What Do You See? (2023),1,komentar
user_6da6745fa1df,FILM::Indigo: What Do You See? (2023),6,komentar
user_6dcf44618580,FILM::Indigo: What Do You See? (2023),1,komentar
user_6dd182f49539,FILM::Indigo: What Do You See? (2023),1,komentar
user_6e4f76361047,FILM::Indigo: What Do You See? (2023),1,komentar
user_6e604f796c0f,FILM::Indigo: What Do You See? (2023),3,komentar
user_6efeceee5d25,FILM::Indigo: What Do You See? (2023),1,komentar
user_6f171615b30c,FILM::Indigo: What Do You See? (2023),1,komentar
user_6f5948210f1f,FILM::Indigo: What Do You See? (2023),1,komentar
user_6ff4c8baf9ec,FILM::Indigo: What Do You See? (2023),1,komentar
user_7065ef9d38ff,FILM::Indigo: What Do You See? (2023),1,komentar
user_71d389d3a256,FILM::Indigo: What Do You See? (2023),1,komentar
user_71ed88afbcc8,FILM::Indigo: What Do You See? (2023),4,komentar
user_7241631ba357,FILM::Indigo: What Do You See? (2023),1,komentar
user_72731693103c,FILM::Indigo: What Do You See? (2023),1,komentar
user_72f66d12a55d,FILM::Indigo: What Do You See? (2023),1,komentar
user_7397160cb29e,FILM::Indigo: What Do You See? (2023),1,komentar
user_73c77b62715b,FILM::Indigo: What Do You See? (2023),1,komentar
user_7425247e5e5d,FILM::Indigo: What Do You See? (2023),1,komentar
user_744dd16cd8b5,FILM::Indigo: What Do You See? (2023),1,komentar
user_7512ac158634,FILM::Indigo: What Do You See? (2023),1,komentar
user_7559dd714c62,FILM::Indigo: What Do You See? (2023),1,komentar
user_75b4186e290d,FILM::Indigo: What Do You See? (2023),1,komentar
user_75e0c2f391c7,FILM::Indigo: What Do You See? (2023),1,komentar
user_7648b3766513,FILM::Indigo: What Do You See? (2023),1,komentar
user_76ac5eae4598,FILM::Indigo: What Do You See? (2023),1,komentar
user_7716ecd3b996,FILM::Indigo: What Do You See? (2023),1,komentar
user_77f8aaf277f1,FILM::Indigo: What Do You See? (2023),1,komentar
user_7a3c66edbdba,FILM::Indigo: What Do You See? (2023),1,komentar
user_7b03995c6f52,FILM::Indigo: What Do You See? (2023),1,komentar
user_7b3270757d37,FILM::Indigo: What Do You See? (2023),1,komentar
user_7b51e2a4a8ab,FILM::Indigo: What Do You See? (2023),1,komentar
user_7c33fc634b7b,FILM::Indigo: What Do You See? (2023),1,komentar
user_7c54d2a8b813,FILM::Indigo: What Do You See? (2023),1,komentar
user_7d28c186c136,FILM::Indigo: What Do You See? (2023),1,komentar
user_7e374a26f836,FILM::Indigo: What Do You See? (2023),2,komentar
user_7e5617c943d2,FILM::Indigo: What Do You See? (2023),1,komentar
user_7eb1445a7295,FILM::Indigo: What Do You See? (2023),1,komentar
user_7f49346a6054,FILM::Indigo: What Do You See? (2023),1,komentar
user_7f84711f9a2d,FILM::Indigo: What Do You See? (2023),1,komentar
user_7f9bf19978d7,FILM::Indigo: What Do You See? (2023),1,komentar
user_7fda1be5adf4,FILM::Indigo: What Do You See? (2023),1,komentar
user_7fdd1c5abc0d,FILM::Indigo: What Do You See? (2023),1,komentar
user_8066398769e2,FILM::Indigo: What Do You See? (2023),5,komentar
user_809482d1a436,FILM::Indigo: What Do You See? (2023),1,komentar
user_80b8e4d533f9,FILM::Indigo: What Do You See? (2023),1,komentar
user_80bcbcd40c30,FILM::Indigo: What Do You See? (2023),1,komentar
user_82272e88c759,FILM::Indigo: What Do You See? (2023),1,komentar
user_83d0443da917,FILM::Indigo: What Do You See? (2023),1,komentar
user_83e4c58f97c5,FILM::Indigo: What Do You See? (2023),1,komentar
user_8417a95ba334,FILM::Indigo: What Do You See? (2023),2,komentar
user_846e8c641644,FILM::Indigo: What Do You See? (2023),1,komentar
user_84a2d6749f3c,FILM::Indigo: What Do You See? (2023),2,komentar
user_84ab9eb527d6,FILM::Indigo: What Do You See? (2023),1,komentar
user_84b7bea303ff,FILM::Indigo: What Do You See? (2023),1,komentar
user_8503d1b138ac,FILM::Indigo: What Do You See? (2023),1,komentar
user_853dbf232e80,FILM::Indigo: What Do You See? (2023),1,komentar
user_85b4246ca6ce,FILM::Indigo: What Do You See? (2023),1,komentar
user_85d450c290eb,FILM::Indigo: What Do You See? (2023),1,komentar
user_862bd10c92d1,FILM::Indigo: What Do You See? (2023),3,komentar
user_865b95160cdc,FILM::Indigo: What Do You See? (2023),1,komentar
user_869fec6ab785,FILM::Indigo: What Do You See? (2023),1,komentar
user_86ed16e16779,FILM::Indigo: What Do You See? (2023),1,komentar
user_87191a205dd3,FILM::Indigo: What Do You See? (2023),1,komentar
user_872db1e02146,FILM::Indigo: What Do You See? (2023),1,komentar
user_87627089d631,FILM::Indigo: What Do You See? (2023),1,komentar
user_88bab2ce8163,FILM::Indigo: What Do You See? (2023),1,komentar
user_890f0e526faa,FILM::Indigo: What Do You See? (2023),1,komentar
user_895f8b2904ac,FILM::Indigo: What Do You See? (2023),1,komentar
user_89d678f93aa8,FILM::Indigo: What Do You See? (2023),1,komentar
user_89fc5d6c377b,FILM::Indigo: What Do You See? (2023),1,komentar
user_8aed587ae772,FILM::Indigo: What Do You See? (2023),1,komentar
user_8bb1b92841cf,FILM::Indigo: What Do You See? (2023),1,komentar
user_8bf7620485c6,FILM::Indigo: What Do You See? (2023),1,komentar
user_8d00d4bc46eb,FILM::Indigo: What Do You See? (2023),1,komentar
user_8dfbe436bafd,FILM::Indigo: What Do You See? (2023),1,komentar
user_8e68edaa8926,FILM::Indigo: What Do You See? (2023),1,komentar
user_8fa954cf4a0b,FILM::Indigo: What Do You See? (2023),1,komentar
user_8faa3eaa3fd6,FILM::Indigo: What Do You See? (2023),1,komentar
user_8fcbbfcf2298,FILM::Indigo: What Do You See? (2023),1,komentar
user_8ff0d39988a2,FILM::Indigo: What Do You See? (2023),1,komentar
user_907eaa19330a,FILM::Indigo: What Do You See? (2023),1,komentar
user_9095e12edd04,FILM::Indigo: What Do You See? (2023),1,komentar
user_9115bbffaaa9,FILM::Indigo: What Do You See? (2023),1,komentar
user_9198acb1c840,FILM::Indigo: What Do You See? (2023),1,komentar
user_9311c2476181,FILM::Indigo: What Do You See? (2023),1,komentar
user_9330ea43fd19,FILM::Indigo: What Do You See? (2023),1,komentar
user_9373a0274cf0,FILM::Indigo: What Do You See? (2023),1,komentar
user_93e0fa093455,FILM::Indigo: What Do You See? (2023),1,komentar
user_94194dd843f9,FILM::Indigo: What Do You See? (2023),1,komentar
user_9436582ce4ac,FILM::Indigo: What Do You See? (2023),1,komentar
user_947b6cc94eb1,FILM::Indigo: What Do You See? (2023),2,komentar
user_948b11d28e11,FILM::Indigo: What Do You See? (2023),1,komentar
user_94c0f80ebb2d,FILM::Indigo: What Do You See? (2023),1,komentar
user_94dca41d0145,FILM::Indigo: What Do You See? (2023),1,komentar
user_95256fd609c2,FILM::Indigo: What Do You See? (2023),1,komentar
user_95c3e50fe0bb,FILM::Indigo: What Do You See? (2023),1,komentar
user_96d466673ae6,FILM::Indigo: What Do You See? (2023),1,komentar
user_976aebc3e154,FILM::Indigo: What Do You See? (2023),1,komentar
user_99e649f2f28a,FILM::Indigo: What Do You See? (2023),1,komentar
user_9a4237a548a8,FILM::Indigo: What Do You See? (2023),1,komentar
user_9a5b10f59d33,FILM::Indigo: What Do You See? (2023),1,komentar
user_9abcd4fea25f,FILM::Indigo: What Do You See? (2023),1,komentar
user_9aea534d87cb,FILM::Indigo: What Do You See? (2023),1,komentar
user_9b387ff01c07,FILM::Indigo: What Do You See? (2023),1,komentar
user_9bd2b50f162c,FILM::Indigo: What Do You See? (2023),1,komentar
user_9c7c6d505158,FILM::Indigo: What Do You See? (2023),1,komentar
user_9cbb4dc35934,FILM::Indigo: What Do You See? (2023),1,komentar
user_9ce0b11deb78,FILM::Indigo: What Do You See? (2023),1,komentar
user_9d1ff6e3d991,FILM::Indigo: What Do You See? (2023),1,komentar
user_9d86a1f7a695,FILM::Indigo: What Do You See? (2023),1,komentar
user_9d8c402c4230,FILM::Indigo: What Do You See? (2023),1,komentar
user_9e4b4dadc0d6,FILM::Indigo: What Do You See? (2023),1,komentar
user_9e7a07c79abe,FILM::Indigo: What Do You See? (2023),1,komentar
user_9f09ccf1761d,FILM::Indigo: What Do You See? (2023),1,komentar
user_9fc321e1ef59,FILM::Indigo: What Do You See? (2023),1,komentar
user_a05a038126ef,FILM::Indigo: What Do You See? (2023),1,komentar
user_a12c7a5955c2,FILM::Indigo: What Do You See? (2023),1,komentar
user_a15914d144d5,FILM::Indigo: What Do You See? (2023),4,komentar
user_a17e7a3c6f13,FILM::Indigo: What Do You See? (2023),1,komentar
user_a1cf69af82b6,FILM::Indigo: What Do You See? (2023),1,komentar
user_a24588e55416,FILM::Indigo: What Do You See? (2023),3,komentar
user_a331f5bf2f62,FILM::Indigo: What Do You See? (2023),1,komentar
user_a332cb378527,FILM::Indigo: What Do You See? (2023),2,komentar
user_a3e7af6c0905,FILM::Indigo: What Do You See? (2023),1,komentar
user_a45ac52b0524,FILM::Indigo: What Do You See? (2023),5,komentar
user_a46439446d5c,FILM::Indigo: What Do You See? (2023),1,komentar
user_a4b77e16272f,FILM::Indigo: What Do You See? (2023),1,komentar
user_a5cda81f8bf4,FILM::Indigo: What Do You See? (2023),1,komentar
user_a5f7aa774423,FILM::Indigo: What Do You See? (2023),1,komentar
user_a68945d9e50f,FILM::Indigo: What Do You See? (2023),1,komentar
user_a6da04902cff,FILM::Indigo: What Do You See? (2023),1,komentar
user_a75d7faaac4c,FILM::Indigo: What Do You See? (2023),1,komentar
user_a79273a9aa14,FILM::Indigo: What Do You See? (2023),1,komentar
user_a7c8280a9cd0,FILM::Indigo: What Do You See? (2023),1,komentar
user_a7e53f751263,FILM::Indigo: What Do You See? (2023),1,komentar
user_a83f929b1ae5,FILM::Indigo: What Do You See? (2023),1,komentar
user_a88bc648d1a5,FILM::Indigo: What Do You See? (2023),1,komentar
user_a97837313eb5,FILM::Indigo: What Do You See? (2023),1,komentar
user_a9e3afa36b48,FILM::Indigo: What Do You See? (2023),1,komentar
user_a9fe25b34ae7,FILM::Indigo: What Do You See? (2023),1,komentar
user_aa650cc587b5,FILM::Indigo: What Do You See? (2023),1,komentar
user_ab03e22a92e3,FILM::Indigo: What Do You See? (2023),1,komentar
user_ab58be42c4f4,FILM::Indigo: What Do You See? (2023),1,komentar
user_ab749030dbf0,FILM::Indigo: What Do You See? (2023),1,komentar
user_abe299355414,FILM::Indigo: What Do You See? (2023),1,komentar
user_ac4fa88ab7da,FILM::Indigo: What Do You See? (2023),1,komentar
user_ac70894114b4,FILM::Indigo: What Do You See? (2023),2,komentar
user_ac7d69027942,FILM::Indigo: What Do You See? (2023),1,komentar
user_ad08b5d8a5c7,FILM::Indigo: What Do You See? (2023),1,komentar
user_ad1d60dd0fe9,FILM::Indigo: What Do You See? (2023),5,komentar
user_ad2e519a1dd4,FILM::Indigo: What Do You See? (2023),1,komentar
user_ad4f91f4dbc3,FILM::Indigo: What Do You See? (2023),1,komentar
user_ae2da4d5bc8f,FILM::Indigo: What Do You See? (2023),1,komentar
user_ae40a74a9817,FILM::Indigo: What Do You See? (2023),1,komentar
user_ae435b900a5b,FILM::Indigo: What Do You See? (2023),1,komentar
user_ae816bfc3f7c,FILM::Indigo: What Do You See? (2023),1,komentar
user_aecfd3a5f7bc,FILM::Indigo: What Do You See? (2023),2,komentar
user_af35195acc7e,FILM::Indigo: What Do You See? (2023),1,komentar
user_af4b2be3a738,FILM::Indigo: What Do You See? (2023),1,komentar
user_af56bc9a5fa2,FILM::Indigo: What Do You See? (2023),1,komentar
user_af6282507adf,FILM::Indigo: What Do You See? (2023),1,komentar
user_afe5e4f8a5fa,FILM::Indigo: What Do You See? (2023),1,komentar
user_b066aa9b3c1a,FILM::Indigo: What Do You See? (2023),1,komentar
user_b19899d94618,FILM::Indigo: What Do You See? (2023),1,komentar
user_b1d2831c180f,FILM::Indigo: What Do You See? (2023),1,komentar
user_b2660a229afa,FILM::Indigo: What Do You See? (2023),1,komentar
user_b2c41769f1dd,FILM::Indigo: What Do You See? (2023),1,komentar
user_b31d74ccc62d,FILM::Indigo: What Do You See? (2023),1,komentar
user_b4594fb9478e,FILM::Indigo: What Do You See? (2023),1,komentar
user_b4a372ca4094,FILM::Indigo: What Do You See? (2023),1,komentar
user_b56e60f0eb95,FILM::Indigo: What Do You See? (2023),3,komentar
user_b5879316635a,FILM::Indigo: What Do You See? (2023),2,komentar
user_b5f01ab7e86f,FILM::Indigo: What Do You See? (2023),1,komentar
user_b63cc398aec8,FILM::Indigo: What Do You See? (2023),1,komentar
user_b6ca520b92d6,FILM::Indigo: What Do You See? (2023),2,komentar
user_b6dd5b953856,FILM::Indigo: What Do You See? (2023),1,komentar
user_b6e2d6a1ba75,FILM::Indigo: What Do You See? (2023),1,komentar
user_b76c6c3d7cdf,FILM::Indigo: What Do You See? (2023),1,komentar
user_b7f8c46204a4,FILM::Indigo: What Do You See? (2023),1,komentar
user_b8d503887661,FILM::Indigo: What Do You See? (2023),1,komentar
user_b8d8b086bd31,FILM::Indigo: What Do You See? (2023),1,komentar
user_b8e720a5e885,FILM::Indigo: What Do You See? (2023),1,komentar
user_ba1626671f4c,FILM::Indigo: What Do You See? (2023),1,komentar
user_ba2beb7ec338,FILM::Indigo: What Do You See? (2023),1,komentar
user_ba3d737c7f33,FILM::Indigo: What Do You See? (2023),1,komentar
user_ba5c09b042df,FILM::Indigo: What Do You See? (2023),1,komentar
user_ba5dc173825a,FILM::Indigo: What Do You See? (2023),1,komentar
user_bb04af7afa15,FILM::Indigo: What Do You See? (2023),1,komentar
user_bb2f7ee94559,FILM::Indigo: What Do You See? (2023),2,komentar
user_bbc21bc7f3e6,FILM::Indigo: What Do You See? (2023),1,komentar
user_bc1cd6f06fbc,FILM::Indigo: What Do You See? (2023),1,komentar
user_bc1daf5ff404,FILM::Indigo: What Do You See? (2023),1,komentar
user_bc3cc0701916,FILM::Indigo: What Do You See? (2023),1,komentar
user_bc7385361127,FILM::Indigo: What Do You See? (2023),1,komentar
user_bcd604ea3563,FILM::Indigo: What Do You See? (2023),1,komentar
user_bda7069e32cd,FILM::Indigo: What Do You See? (2023),1,komentar
user_be33edee8650,FILM::Indigo: What Do You See? (2023),1,komentar
user_bf22ae122a96,FILM::Indigo: What Do You See? (2023),1,komentar
user_bf2d773abde3,FILM::Indigo: What Do You See? (2023),1,komentar
user_bf6fd7c0219c,FILM::Indigo: What Do You See? (2023),1,komentar
user_bf7260178fcd,FILM::Indigo: What Do You See? (2023),1,komentar
user_bfe4ccaae9c8,FILM::Indigo: What Do You See? (2023),1,komentar
user_c0808862c5da,FILM::Indigo: What Do You See? (2023),1,komentar
user_c1787e6eb4f2,FILM::Indigo: What Do You See? (2023),1,komentar
user_c192421d51f9,FILM::Indigo: What Do You See? (2023),1,komentar
user_c1da9ef7b12f,FILM::Indigo: What Do You See? (2023),1,komentar
user_c21fddb2cc89,FILM::Indigo: What Do You See? (2023),4,komentar
user_c280cb849042,FILM::Indigo: What Do You See? (2023),2,komentar
user_c29e3e65c58b,FILM::Indigo: What Do You See? (2023),1,komentar
user_c38ab7cfede5,FILM::Indigo: What Do You See? (2023),1,komentar
user_c3a81b627624,FILM::Indigo: What Do You See? (2023),1,komentar
user_c51da238fe6f,FILM::Indigo: What Do You See? (2023),1,komentar
user_c58972484986,FILM::Indigo: What Do You See? (2023),1,komentar
user_c5f032f6144f,FILM::Indigo: What Do You See? (2023),1,komentar
user_c645fb7cdf28,FILM::Indigo: What Do You See? (2023),1,komentar
user_c6fcfadf25d5,FILM::Indigo: What Do You See? (2023),1,komentar
user_c77f10adfc74,FILM::Indigo: What Do You See? (2023),1,komentar
user_c7924fb38ec6,FILM::Indigo: What Do You See? (2023),1,komentar
user_c8e1d529d3e0,FILM::Indigo: What Do You See? (2023),2,komentar
user_c96e1d600562,FILM::Indigo: What Do You See? (2023),1,komentar
user_c98c32ccf72b,FILM::Indigo: What Do You See? (2023),1,komentar
user_c99f45eec897,FILM::Indigo: What Do You See? (2023),1,komentar
user_c9c91632563c,FILM::Indigo: What Do You See? (2023),1,komentar
user_cae2d4b97375,FILM::Indigo: What Do You See? (2023),1,komentar
user_cb070e3a2f67,FILM::Indigo: What Do You See? (2023),1,komentar
user_cbf00a041c6f,FILM::Indigo: What Do You See? (2023),1,komentar
user_cc1e33fc49af,FILM::Indigo: What Do You See? (2023),2,komentar
user_ccdaebb93e7e,FILM::Indigo: What Do You See? (2023),1,komentar
user_ccf9aa2b80ef,FILM::Indigo: What Do You See? (2023),1,komentar
user_cdc2370c13c4,FILM::Indigo: What Do You See? (2023),1,komentar
user_cddf359615d6,FILM::Indigo: What Do You See? (2023),1,komentar
user_ce09b8d306c1,FILM::Indigo: What Do You See? (2023),1,komentar
user_ce4253e6430c,FILM::Indigo: What Do You See? (2023),1,komentar
user_cf0d69dd1d3f,FILM::Indigo: What Do You See? (2023),2,komentar
user_cf1f72e1b268,FILM::Indigo: What Do You See? (2023),1,komentar
user_cf29c399c45b,FILM::Indigo: What Do You See? (2023),1,komentar
user_cfaf042207ee,FILM::Indigo: What Do You See? (2023),1,komentar
user_d0192d667af7,FILM::Indigo: What Do You See? (2023),1,komentar
user_d12651adb731,FILM::Indigo: What Do You See? (2023),1,komentar
user_d1988d33a5ce,FILM::Indigo: What Do You See? (2023),1,komentar
user_d31450814b59,FILM::Indigo: What Do You See? (2023),1,komentar
user_d33f1d012a42,FILM::Indigo: What Do You See? (2023),1,komentar
user_d4299f5a84df,FILM::Indigo: What Do You See? (2023),1,komentar
user_d4c4466e8c1d,FILM::Indigo: What Do You See? (2023),1,komentar
user_d59df9f14f5f,FILM::Indigo: What Do You See? (2023),1,komentar
user_d5cc2e29c604,FILM::Indigo: What Do You See? (2023),1,komentar
user_d5fbf09d70b3,FILM::Indigo: What Do You See? (2023),1,komentar
user_d629e7a77c66,FILM::Indigo: What Do You See? (2023),2,komentar
user_d634ea729d8a,FILM::Indigo: What Do You See? (2023),1,komentar
user_d65528c5826e,FILM::Indigo: What Do You See? (2023),1,komentar
user_d70ade4506e9,FILM::Indigo: What Do You See? (2023),1,komentar
user_d75f3a9226d5,FILM::Indigo: What Do You See? (2023),1,komentar
user_d7b68d97b40b,FILM::Indigo: What Do You See? (2023),1,komentar
user_d7f8fcc80d38,FILM::Indigo: What Do You See? (2023),1,komentar
user_d811b06551d2,FILM::Indigo: What Do You See? (2023),1,komentar
user_d8cc5ae03125,FILM::Indigo: What Do You See? (2023),3,komentar
user_d9955c71621d,FILM::Indigo: What Do You See? (2023),1,komentar
user_d9a53b9cd1aa,FILM::Indigo: What Do You See? (2023),3,komentar
user_d9a7c5078a84,FILM::Indigo: What Do You See? (2023),2,komentar
user_d9c7e20f030d,FILM::Indigo: What Do You See? (2023),1,komentar
user_da179397393d,FILM::Indigo: What Do You See? (2023),1,komentar
user_da2893f21997,FILM::Indigo: What Do You See? (2023),1,komentar
user_da578e9d1ac2,FILM::Indigo: What Do You See? (2023),1,komentar
user_dad77cd1bf13,FILM::Indigo: What Do You See? (2023),2,komentar
user_db017a1ce7f3,FILM::Indigo: What Do You See? (2023),2,komentar
user_db5a504ca6e9,FILM::Indigo: What Do You See? (2023),1,komentar
user_dbc9a641a778,FILM::Indigo: What Do You See? (2023),1,komentar
user_dc2136753423,FILM::Indigo: What Do You See? (2023),1,komentar
user_dc3397b03bc5,FILM::Indigo: What Do You See? (2023),1,komentar
user_dc787be0cdf5,FILM::Indigo: What Do You See? (2023),1,komentar
user_dce96610f897,FILM::Indigo: What Do You See? (2023),2,komentar
user_dd1d5f55815a,FILM::Indigo: What Do You See? (2023),1,komentar
user_dd7328cf0c24,FILM::Indigo: What Do You See? (2023),1,komentar
user_dd9d10a313a0,FILM::Indigo: What Do You See? (2023),2,komentar
user_ddae4e85b646,FILM::Indigo: What Do You See? (2023),1,komentar
user_ddf2d38e0bd8,FILM::Indigo: What Do You See? (2023),4,komentar
user_ddfea5d3a26b,FILM::Indigo: What Do You See? (2023),1,komentar
user_de1595470019,FILM::Indigo: What Do You See? (2023),1,komentar
user_de5245cdce35,FILM::Indigo: What Do You See? (2023),3,komentar
user_deb72799b74f,FILM::Indigo: What Do You See? (2023),1,komentar
user_decdaf3e9cb3,FILM::Indigo: What Do You See? (2023),1,komentar
user_df0f836681c6,FILM::Indigo: What Do You See? (2023),1,komentar
user_df66aac04d93,FILM::Indigo: What Do You See? (2023),1,komentar
user_df9b3e6b7aa8,FILM::Indigo: What Do You See? (2023),1,komentar
user_e056ffecb263,FILM::Indigo: What Do You See? (2023),1,komentar
user_e153346ce814,FILM::Indigo: What Do You See? (2023),2,komentar
user_e160d80e7055,FILM::Indigo: What Do You See? (2023),1,komentar
user_e17751aa194d,FILM::Indigo: What Do You See? (2023),1,komentar
user_e1912564ced4,FILM::Indigo: What Do You See? (2023),1,komentar
user_e1d079372822,FILM::Indigo: What Do You See? (2023),1,komentar
user_e23e63bad448,FILM::Indigo: What Do You See? (2023),1,komentar
user_e35c8721fd9e,FILM::Indigo: What Do You See? (2023),1,komentar
user_e37aaabcaaee,FILM::Indigo: What Do You See? (2023),1,komentar
user_e4800db79d52,FILM::Indigo: What Do You See? (2023),5,komentar
user_e4bab611d141,FILM::Indigo: What Do You See? (2023),1,komentar
user_e4fc0558fd2a,FILM::Indigo: What Do You See? (2023),1,komentar
user_e558d88c1685,FILM::Indigo: What Do You See? (2023),1,komentar
user_e55a58187eac,FILM::Indigo: What Do You See? (2023),1,komentar
user_e6060de55d7b,FILM::Indigo: What Do You See? (2023),1,komentar
user_e62e9587d802,FILM::Indigo: What Do You See? (2023),1,komentar
user_e67e507721c8,FILM::Indigo: What Do You See? (2023),1,komentar
user_e6cdab667e9f,FILM::Indigo: What Do You See? (2023),4,komentar
user_e79e1b44f03a,FILM::Indigo: What Do You See? (2023),1,komentar
user_e7a3ef28a55c,FILM::Indigo: What Do You See? (2023),1,komentar
user_e7d6dbf6556c,FILM::Indigo: What Do You See? (2023),1,komentar
user_e855d4c9f97b,FILM::Indigo: What Do You See? (2023),4,komentar
user_e8f3ebbe3dca,FILM::Indigo: What Do You See? (2023),1,komentar
user_e98323a90eda,FILM::Indigo: What Do You See? (2023),1,komentar
user_e9dbecd5026c,FILM::Indigo: What Do You See? (2023),1,komentar
user_ea8686462ba7,FILM::Indigo: What Do You See? (2023),1,komentar
user_ea9b2015c36d,FILM::Indigo: What Do You See? (2023),1,komentar
user_eafe457c622c,FILM::Indigo: What Do You See? (2023),1,komentar
user_ec2a8806e8c0,FILM::Indigo: What Do You See? (2023),1,komentar
user_ec426b631c71,FILM::Indigo: What Do You See? (2023),1,komentar
user_ec6b9bedd909,FILM::Indigo: What Do You See? (2023),1,komentar
user_ed0f96dc60dd,FILM::Indigo: What Do You See? (2023),1,komentar
user_ed84ba8eccae,FILM::Indigo: What Do You See? (2023),1,komentar
user_ed85f27630b1,FILM::Indigo: What Do You See? (2023),1,komentar
user_edcb4ee7aeb5,FILM::Indigo: What Do You See? (2023),1,komentar
user_ede3ddf7afe8,FILM::Indigo: What Do You See? (2023),1,komentar
user_ee825800b061,FILM::Indigo: What Do You See? (2023),1,komentar
user_eeb54c0140b8,FILM::Indigo: What Do You See? (2023),1,komentar
user_eed6f3e48aae,FILM::Indigo: What Do You See? (2023),1,komentar
user_eefae4307a50,FILM::Indigo: What Do You See? (2023),1,komentar
user_ef12b32f4dbf,FILM::Indigo: What Do You See? (2023),1,komentar
user_ef42b4c3bad7,FILM::Indigo: What Do You See? (2023),13,komentar
user_efc1f916b247,FILM::Indigo: What Do You See? (2023),1,komentar
user_f0294bfd882b,FILM::Indigo: What Do You See? (2023),1,komentar
user_f04211123a73,FILM::Indigo: What Do You See? (2023),1,komentar
user_f1a6d2bbb3a9,FILM::Indigo: What Do You See? (2023),1,komentar
user_f2058242f547,FILM::Indigo: What Do You See? (2023),1,komentar
user_f3659fc9eda2,FILM::Indigo: What Do You See? (2023),1,komentar
user_f3a66783c656,FILM::Indigo: What Do You See? (2023),1,komentar
user_f3b0fbdc1300,FILM::Indigo: What Do You See? (2023),3,komentar
user_f4188c8c1a0e,FILM::Indigo: What Do You See? (2023),1,komentar
user_f5055a69ddcb,FILM::Indigo: What Do You See? (2023),1,komentar
user_f53a95b12def,FILM::Indigo: What Do You See? (2023),1,komentar
user_f57d9b7dfbcc,FILM::Indigo: What Do You See? (2023),1,komentar
user_f59661d21b27,FILM::Indigo: What Do You See? (2023),1,komentar
user_f6a6ce3f4fde,FILM::Indigo: What Do You See? (2023),1,komentar
user_f7319bf780fc,FILM::Indigo: What Do You See? (2023),1,komentar
user_f73559000666,FILM::Indigo: What Do You See? (2023),1,komentar
user_f76522239c33,FILM::Indigo: What Do You See? (2023),1,komentar
user_f7ccfa5e2e9d,FILM::Indigo: What Do You See? (2023),1,komentar
user_f7d302158193,FILM::Indigo: What Do You See? (2023),1,komentar
user_f7f1e5b32e25,FILM::Indigo: What Do You See? (2023),1,komentar
user_fa12e89da56c,FILM::Indigo: What Do You See? (2023),1,komentar
user_fa743f7f135e,FILM::Indigo: What Do You See? (2023),1,komentar
user_fa7f96025493,FILM::Indigo: What Do You See? (2023),1,komentar
user_faa428a786d8,FILM::Indigo: What Do You See? (2023),2,komentar
user_fbd04539357a,FILM::Indigo: What Do You See? (2023),1,komentar
user_fbeb78b9eafc,FILM::Indigo: What Do You See? (2023),1,komentar
user_fbf23bab722a,FILM::Indigo: What Do You See? (2023),1,komentar
user_fc0318246f25,FILM::Indigo: What Do You See? (2023),1,komentar
user_fc745de6a9cb,FILM::Indigo: What Do You See? (2023),1,komentar
user_fd16d23dcbc4,FILM::Indigo: What Do You See? (2023),1,komentar
user_fd727196431b,FILM::Indigo: What Do You See? (2023),2,komentar
user_fd9c5d3789b8,FILM::Indigo: What Do You See? (2023),1,komentar
user_fddc1a9240b5,FILM::Indigo: What Do You See? (2023),1,komentar
user_fe05cab0c090,FILM::Indigo: What Do You See? (2023),2,komentar
user_fe56d66fb880,FILM::Indigo: What Do You See? (2023),1,komentar
user_fe5fddf9347a,FILM::Indigo: What Do You See? (2023),1,komentar
user_fedf62dbc7d2,FILM::Indigo: What Do You See? (2023),1,komentar
user_003a9f01e150,Suzzanna: Malam Jumat Kliwon (2023),1,komentar
user_003d7932404b,FILM::Suzzanna: Malam Jumat Kliwon (2023),1,komentar
user_007b73d7a3b6,FILM::Suzzanna: Malam Jumat Kliwon (2023),1,komentar
user_009e54879cc0,FILM::Suzzanna: Malam Jumat Kliwon (2023),1,komentar
user_00abbdb2efa2,FILM::Suzzanna: Malam Jumat Kliwon (2023),1,komentar
user_01330670ed68,FILM::Suzzanna: Malam Jumat Kliwon (2023),1,komentar
user_0172d79e7e95,FILM::Suzzanna: Malam Jumat Kliwon (2023),1,komentar
user_0190fabc4b5a,FILM::Suzzanna: Malam Jumat Kliwon (2023),1,komentar
user_019cf99451d2,FILM::Suzzanna: Malam Jumat Kliwon (2023),1,komentar
user_01cbcb061668,FILM::Suzzanna: Malam Jumat Kliwon (2023),1,komentar
user_01d005d9cd06,FILM::Suzzanna: Malam Jumat Kliwon (2023),1,komentar
user_01eeb14da846,FILM::Suzzanna: Malam Jumat Kliwon (2023),1,komentar
user_01f199193dd5,FILM::Suzzanna: Malam Jumat Kliwon (2023),2,komentar
user_021005817eed,FILM::Suzzanna: Malam Jumat Kliwon (2023),1,komentar
user_0219bae63d71,FILM::Suzzanna: Malam Jumat Kliwon (2023),1,komentar
user_025142e508bb,FILM::Suzzanna: Malam Jumat Kliwon (2023),1,komentar
user_026919504477,FILM::Suzzanna: Malam Jumat Kliwon (2023),1,komentar
user_026db1ddaa31,FILM::Suzzanna: Malam Jumat Kliwon (2023),1,komentar
user_02cda1defcba,FILM::Suzzanna: Malam Jumat Kliwon (2023),1,komentar
user_032250eb2d4f,FILM::Suzzanna: Malam Jumat Kliwon (2023),1,komentar
user_035d4465566f,FILM::Suzzanna: Malam Jumat Kliwon (2023),1,komentar
user_0381ff2137ca,FILM::Suzzanna: Malam Jumat Kliwon (2023),1,komentar
user_0389c051b22f,FILM::Suzzanna: Malam Jumat Kliwon (2023),1,komentar
user_03c90ffdefaf,FILM::Suzzanna: Malam Jumat Kliwon (2023),1,komentar
user_03cd017950e7,FILM::Suzzanna: Malam Jumat Kliwon (2023),1,komentar
user_03eb0006d7be,FILM::Suzzanna: Malam Jumat Kliwon (2023),1,komentar
user_0413b0106689,FILM::Suzzanna: Malam Jumat Kliwon (2023),1,komentar
user_04a55960f69a,FILM::Suzzanna: Malam Jumat Kliwon (2023),1,komentar
user_0500da4b83f8,FILM::Suzzanna: Malam Jumat Kliwon (2023),1,komentar
user_05413a1faf0f,FILM::Suzzanna: Malam Jumat Kliwon (2023),1,komentar
user_0567c94f1d83,FILM::Suzzanna: Malam Jumat Kliwon (2023),2,komentar
user_05826126b5a9,FILM::Suzzanna: Malam Jumat Kliwon (2023),5,komentar
user_05928c74cadf,FILM::Suzzanna: Malam Jumat Kliwon (2023),1,komentar
user_05a3bdd1be26,FILM::Suzzanna: Malam Jumat Kliwon (2023),2,komentar
user_060485a67bdb,FILM::Suzzanna: Malam Jumat Kliwon (2023),1,komentar
user_06a28ac639ef,FILM::Suzzanna: Malam Jumat Kliwon (2023),1,komentar
user_06e23482fdf1,FILM::Suzzanna: Malam Jumat Kliwon (2023),1,komentar
user_06fdbbd67398,FILM::Suzzanna: Malam Jumat Kliwon (2023),24,komentar
user_074156a77c1f,FILM::Suzzanna: Malam Jumat Kliwon (2023),6,komentar
user_0759a5ed6b47,FILM::Suzzanna: Malam Jumat Kliwon (2023),1,komentar
user_07ab2ab1f7a2,FILM::Suzzanna: Malam Jumat Kliwon (2023),1,komentar
user_07b8a2a0f875,FILM::Suzzanna: Malam Jumat Kliwon (2023),1,komentar
user_07fa7875b6c5,FILM::Suzzanna: Malam Jumat Kliwon (2023),1,komentar
user_08175017b15a,FILM::Suzzanna: Malam Jumat Kliwon (2023),1,komentar
user_08599ddd4254,FILM::Suzzanna: Malam Jumat Kliwon (2023),2,komentar
user_087dc4eb9046,FILM::Suzzanna: Malam Jumat Kliwon (2023),1,komentar
user_08b19582c1fc,FILM::Suzzanna: Malam Jumat Kliwon (2023),1,komentar
user_08cdee26853f,FILM::Suzzanna: Malam Jumat Kliwon (2023),1,komentar
user_08d677144187,FILM::Suzzanna: Malam Jumat Kliwon (2023),1,komentar
user_08f5926dfece,FILM::Suzzanna: Malam Jumat Kliwon (2023),1,komentar
user_09c4483c3f35,FILM::Suzzanna: Malam Jumat Kliwon (2023),1,komentar
user_0a278f49204b,FILM::Suzzanna: Malam Jumat Kliwon (2023),2,komentar
user_0a4e0a833a7c,FILM::Suzzanna: Malam Jumat Kliwon (2023),1,komentar
user_0a975de4c93d,FILM::Suzzanna: Malam Jumat Kliwon (2023),1,komentar
user_0b100fcda828,FILM::Suzzanna: Malam Jumat Kliwon (2023),1,komentar
user_0b13bb432c74,FILM::Suzzanna: Malam Jumat Kliwon (2023),1,komentar
user_0b3740328cd6,FILM::Suzzanna: Malam Jumat Kliwon (2023),1,komentar
user_0b3d09c62210,FILM::Suzzanna: Malam Jumat Kliwon (2023),2,komentar
user_0b60597a7088,FILM::Suzzanna: Malam Jumat Kliwon (2023),1,komentar
user_0b99ce64b3c6,FILM::Suzzanna: Malam Jumat Kliwon (2023),1,komentar
user_0c193ee906b9,FILM::Suzzanna: Malam Jumat Kliwon (2023),1,komentar
user_0c22f095c283,FILM::Suzzanna: Malam Jumat Kliwon (2023),1,komentar
user_0c456935d09a,FILM::Suzzanna: Malam Jumat Kliwon (2023),1,komentar
user_0c51c353c2a2,FILM::Suzzanna: Malam Jumat Kliwon (2023),1,komentar
user_0c7670c8347d,FILM::Suzzanna: Malam Jumat Kliwon (2023),1,komentar
user_0c7e01e29e4b,FILM::Suzzanna: Malam Jumat Kliwon (2023),1,komentar
user_0c84aba3624b,FILM::Suzzanna: Malam Jumat Kliwon (2023),3,komentar
user_0c90e83d87ab,FILM::Suzzanna: Malam Jumat Kliwon (2023),1,komentar
user_0cd96bfa674b,FILM::Suzzanna: Malam Jumat Kliwon (2023),1,komentar
user_0e044eab802b,FILM::Suzzanna: Malam Jumat Kliwon (2023),1,komentar
user_0e04ec7df4df,FILM::Suzzanna: Malam Jumat Kliwon (2023),1,komentar
user_0e28fa5deaef,FILM::Suzzanna: Malam Jumat Kliwon (2023),1,komentar
user_0e2f9e876d4a,FILM::Suzzanna: Malam Jumat Kliwon (2023),1,komentar
user_0e596f267994,FILM::Suzzanna: Malam Jumat Kliwon (2023),1,komentar
user_0e80bb0ffa4c,FILM::Suzzanna: Malam Jumat Kliwon (2023),1,komentar
user_0ed57f0c829c,FILM::Suzzanna: Malam Jumat Kliwon (2023),1,komentar
user_0edb4a3ead3e,FILM::Suzzanna: Malam Jumat Kliwon (2023),3,komentar
user_0f13a1eaa427,FILM::Suzzanna: Malam Jumat Kliwon (2023),1,komentar
user_0f3796efa785,FILM::Suzzanna: Malam Jumat Kliwon (2023),1,komentar
user_0f3e65a520cd,FILM::Suzzanna: Malam Jumat Kliwon (2023),2,komentar
user_0f6ac5dfdf13,FILM::Suzzanna: Malam Jumat Kliwon (2023),1,komentar
user_0f9bbb06ca0a,FILM::Suzzanna: Malam Jumat Kliwon (2023),1,komentar
user_1048bf1c61c6,FILM::Suzzanna: Malam Jumat Kliwon (2023),2,komentar
user_106504e2e1a7,FILM::Suzzanna: Malam Jumat Kliwon (2023),1,komentar
user_10c93b94f784,FILM::Suzzanna: Malam Jumat Kliwon (2023),1,komentar
user_1105448ed289,FILM::Suzzanna: Malam Jumat Kliwon (2023),1,komentar
user_110700d19d18,FILM::Suzzanna: Malam Jumat Kliwon (2023),2,komentar
user_1141941bcf8e,FILM::Suzzanna: Malam Jumat Kliwon (2023),1,komentar
user_1148c4d3afa3,FILM::Suzzanna: Malam Jumat Kliwon (2023),1,komentar
user_115435f25007,FILM::Suzzanna: Malam Jumat Kliwon (2023),1,komentar
user_118b7009a3bb,FILM::Suzzanna: Malam Jumat Kliwon (2023),1,komentar
user_1191839a77a8,FILM::Suzzanna: Malam Jumat Kliwon (2023),1,komentar
user_11a6281078db,FILM::Suzzanna: Malam Jumat Kliwon (2023),1,komentar
user_11e4a21084be,FILM::Suzzanna: Malam Jumat Kliwon (2023),1,komentar
user_130f8029163e,FILM::Suzzanna: Malam Jumat Kliwon (2023),2,komentar
user_1377f1d26ce4,FILM::Suzzanna: Malam Jumat Kliwon (2023),1,komentar
user_13ae57412524,FILM::Suzzanna: Malam Jumat Kliwon (2023),1,komentar
user_13afa2034497,FILM::Suzzanna: Malam Jumat Kliwon (2023),1,komentar
user_13bc982d92ab,FILM::Suzzanna: Malam Jumat Kliwon (2023),1,komentar
user_13fb3c7f619d,FILM::Suzzanna: Malam Jumat Kliwon (2023),1,komentar
user_14378e327538,FILM::Suzzanna: Malam Jumat Kliwon (2023),1,komentar
user_143caaadea94,FILM::Suzzanna: Malam Jumat Kliwon (2023),1,komentar
user_14f6f4cb6fba,FILM::Suzzanna: Malam Jumat Kliwon (2023),1,komentar
user_151cf168d76d,FILM::Suzzanna: Malam Jumat Kliwon (2023),1,komentar
user_156b4f33d298,FILM::Suzzanna: Malam Jumat Kliwon (2023),1,komentar
user_1570922bb5b5,FILM::Suzzanna: Malam Jumat Kliwon (2023),1,komentar
user_1590892a7430,FILM::Suzzanna: Malam Jumat Kliwon (2023),1,komentar
user_15dcb508f8ae,FILM::Suzzanna: Malam Jumat Kliwon (2023),1,komentar
user_15e41cfe5961,FILM::Suzzanna: Malam Jumat Kliwon (2023),1,komentar
user_15f399379008,FILM::Suzzanna: Malam Jumat Kliwon (2023),1,komentar
user_1660e1aa80a5,FILM::Suzzanna: Malam Jumat Kliwon (2023),1,komentar
user_1688c67f39e6,FILM::Suzzanna: Malam Jumat Kliwon (2023),1,komentar
user_16c8d2c7ff33,FILM::Suzzanna: Malam Jumat Kliwon (2023),3,komentar
user_16d6d6a24981,FILM::Suzzanna: Malam Jumat Kliwon (2023),1,komentar
user_1715201be95c,FILM::Suzzanna: Malam Jumat Kliwon (2023),1,komentar
user_17256963f20b,FILM::Suzzanna: Malam Jumat Kliwon (2023),1,komentar
user_175976a3a91b,FILM::Suzzanna: Malam Jumat Kliwon (2023),1,komentar
user_17878376ab73,FILM::Suzzanna: Malam Jumat Kliwon (2023),3,komentar
user_181f4a22c681,FILM::Suzzanna: Malam Jumat Kliwon (2023),1,komentar
user_185a70ee3926,FILM::Suzzanna: Malam Jumat Kliwon (2023),1,komentar
user_1893359550fd,FILM::Suzzanna: Malam Jumat Kliwon (2023),1,komentar
user_1894ec4d3ede,FILM::Suzzanna: Malam Jumat Kliwon (2023),1,komentar
user_18dda0fdcaa9,FILM::Suzzanna: Malam Jumat Kliwon (2023),1,komentar
user_18ded7fc3631,FILM::Suzzanna: Malam Jumat Kliwon (2023),1,komentar
user_19187bba13de,FILM::Suzzanna: Malam Jumat Kliwon (2023),1,komentar
user_1928148c4d62,FILM::Suzzanna: Malam Jumat Kliwon (2023),1,komentar
user_192e5d915866,FILM::Suzzanna: Malam Jumat Kliwon (2023),1,komentar
user_195b8068cb8c,FILM::Suzzanna: Malam Jumat Kliwon (2023),2,komentar
user_19744de301a2,FILM::Suzzanna: Malam Jumat Kliwon (2023),1,komentar
user_198acd133a63,FILM::Suzzanna: Malam Jumat Kliwon (2023),2,komentar
user_199ff0f1d5f1,FILM::Suzzanna: Malam Jumat Kliwon (2023),1,komentar
user_19bd21e46ae9,FILM::Suzzanna: Malam Jumat Kliwon (2023),1,komentar
user_19c52e0d9964,FILM::Suzzanna: Malam Jumat Kliwon (2023),1,komentar
user_19db1847c3a3,FILM::Suzzanna: Malam Jumat Kliwon (2023),1,komentar
user_1a56297dba20,FILM::Suzzanna: Malam Jumat Kliwon (2023),1,komentar
user_1b38a98b2de0,FILM::Suzzanna: Malam Jumat Kliwon (2023),1,komentar
user_1b575e45cc74,FILM::Suzzanna: Malam Jumat Kliwon (2023),1,komentar
user_1b82e85fa3fc,FILM::Suzzanna: Malam Jumat Kliwon (2023),1,komentar
user_1bebf7153255,FILM::Suzzanna: Malam Jumat Kliwon (2023),1,komentar
user_1c2c3a776ea5,FILM::Suzzanna: Malam Jumat Kliwon (2023),1,komentar
user_1c2e0124c944,FILM::Suzzanna: Malam Jumat Kliwon (2023),1,komentar
user_1c2e218dafa4,FILM::Suzzanna: Malam Jumat Kliwon (2023),1,komentar
user_1c390507512a,FILM::Suzzanna: Malam Jumat Kliwon (2023),1,komentar
user_1c3949030099,FILM::Suzzanna: Malam Jumat Kliwon (2023),1,komentar
user_1c44b5c424f6,FILM::Suzzanna: Malam Jumat Kliwon (2023),2,komentar
user_1c7576a37e0c,FILM::Suzzanna: Malam Jumat Kliwon (2023),1,komentar
user_1c81956b3d92,FILM::Suzzanna: Malam Jumat Kliwon (2023),1,komentar
user_1ceb0b08186b,FILM::Suzzanna: Malam Jumat Kliwon (2023),1,komentar
user_1cf0f93bba39,FILM::Suzzanna: Malam Jumat Kliwon (2023),1,komentar
user_1d12b9937913,FILM::Suzzanna: Malam Jumat Kliwon (2023),1,komentar
user_1d3d9ef0ca70,FILM::Suzzanna: Malam Jumat Kliwon (2023),1,komentar
user_1d43f94308c7,FILM::Suzzanna: Malam Jumat Kliwon (2023),1,komentar
user_1d748524aa39,FILM::Suzzanna: Malam Jumat Kliwon (2023),1,komentar
user_1d85711b4619,FILM::Suzzanna: Malam Jumat Kliwon (2023),1,komentar
user_1d8926f1a0e0,FILM::Suzzanna: Malam Jumat Kliwon (2023),1,komentar
user_1d9a9fefdc06,FILM::Suzzanna: Malam Jumat Kliwon (2023),1,komentar
user_1dc0d7205737,FILM::Suzzanna: Malam Jumat Kliwon (2023),1,komentar
user_1dc362e275ab,FILM::Suzzanna: Malam Jumat Kliwon (2023),1,komentar
user_1df4cb9658f5,FILM::Suzzanna: Malam Jumat Kliwon (2023),1,komentar
user_1e00b3e3eb61,FILM::Suzzanna: Malam Jumat Kliwon (2023),1,komentar
user_1e338feca566,FILM::Suzzanna: Malam Jumat Kliwon (2023),1,komentar
user_1e354e1695b4,FILM::Suzzanna: Malam Jumat Kliwon (2023),1,komentar
user_1e4e9f723fbf,FILM::Suzzanna: Malam Jumat Kliwon (2023),1,komentar
user_1e5e67944f36,FILM::Suzzanna: Malam Jumat Kliwon (2023),1,komentar
user_1e6c04d5921f,FILM::Suzzanna: Malam Jumat Kliwon (2023),1,komentar
user_1ebd6332406e,FILM::Suzzanna: Malam Jumat Kliwon (2023),2,komentar
user_1ed52841631e,FILM::Suzzanna: Malam Jumat Kliwon (2023),1,komentar
user_1ee308c9a97b,FILM::Suzzanna: Malam Jumat Kliwon (2023),1,komentar
user_1fbbf0632830,FILM::Suzzanna: Malam Jumat Kliwon (2023),1,komentar
user_1fe09528b1f3,FILM::Suzzanna: Malam Jumat Kliwon (2023),1,komentar
user_1feeaea9cb41,FILM::Suzzanna: Malam Jumat Kliwon (2023),1,komentar
user_204dddb30298,FILM::Suzzanna: Malam Jumat Kliwon (2023),1,komentar
user_2077f73f8a86,FILM::Suzzanna: Malam Jumat Kliwon (2023),1,komentar
user_20f8ffa802a8,FILM::Suzzanna: Malam Jumat Kliwon (2023),3,komentar
user_2124ad412be9,FILM::Suzzanna: Malam Jumat Kliwon (2023),1,komentar
user_217bc83613f7,FILM::Suzzanna: Malam Jumat Kliwon (2023),1,komentar
user_21a95f4a0e9b,FILM::Suzzanna: Malam Jumat Kliwon (2023),1,komentar
user_22279f9cb8de,FILM::Suzzanna: Malam Jumat Kliwon (2023),1,komentar
user_225082212f3b,FILM::Suzzanna: Malam Jumat Kliwon (2023),1,komentar
user_22553112d948,FILM::Suzzanna: Malam Jumat Kliwon (2023),1,komentar
user_2261b1e6e020,FILM::Suzzanna: Malam Jumat Kliwon (2023),1,komentar
user_22628fcf8b2d,FILM::Suzzanna: Malam Jumat Kliwon (2023),1,komentar
user_22a9748ccc36,FILM::Suzzanna: Malam Jumat Kliwon (2023),1,komentar
user_22af2274a9f9,FILM::Suzzanna: Malam Jumat Kliwon (2023),1,komentar
user_22bfc6d85ac2,FILM::Suzzanna: Malam Jumat Kliwon (2023),1,komentar
user_22cd34f54bfa,FILM::Suzzanna: Malam Jumat Kliwon (2023),1,komentar
user_233cb7b6e55f,FILM::Suzzanna: Malam Jumat Kliwon (2023),1,komentar
user_23b0201f2cdb,FILM::Suzzanna: Malam Jumat Kliwon (2023),1,komentar
user_23b98e69c246,FILM::Suzzanna: Malam Jumat Kliwon (2023),2,komentar
user_23e9b44f4949,FILM::Suzzanna: Malam Jumat Kliwon (2023),1,komentar
user_2419f2e2703d,FILM::Suzzanna: Malam Jumat Kliwon (2023),1,komentar
user_244b472dfbdc,FILM::Suzzanna: Malam Jumat Kliwon (2023),1,komentar
user_2455bb89e7f6,FILM::Suzzanna: Malam Jumat Kliwon (2023),1,komentar
user_24717cbd21c1,FILM::Suzzanna: Malam Jumat Kliwon (2023),3,komentar
user_2494cc6ebe83,FILM::Suzzanna: Malam Jumat Kliwon (2023),1,komentar
user_24a611eb3524,FILM::Suzzanna: Malam Jumat Kliwon (2023),1,komentar
user_24be8216fc65,FILM::Suzzanna: Malam Jumat Kliwon (2023),1,komentar
user_24dcd0b3a4d4,FILM::Suzzanna: Malam Jumat Kliwon (2023),1,komentar
user_25229bb4bf58,FILM::Suzzanna: Malam Jumat Kliwon (2023),1,komentar
user_253774e28337,FILM::Suzzanna: Malam Jumat Kliwon (2023),1,komentar
user_2557032cca0f,FILM::Suzzanna: Malam Jumat Kliwon (2023),1,komentar
user_255d89d7e575,FILM::Suzzanna: Malam Jumat Kliwon (2023),1,komentar
user_2578d624d4e9,FILM::Suzzanna: Malam Jumat Kliwon (2023),1,komentar
user_260187d217a1,FILM::Suzzanna: Malam Jumat Kliwon (2023),1,komentar
user_2612dc3f9aff,FILM::Suzzanna: Malam Jumat Kliwon (2023),1,komentar
user_263640bfcd53,FILM::Suzzanna: Malam Jumat Kliwon (2023),1,komentar
user_26ab7f6ce665,FILM::Suzzanna: Malam Jumat Kliwon (2023),1,komentar
user_26d8e32e3e7e,FILM::Suzzanna: Malam Jumat Kliwon (2023),1,komentar
user_2701f61f09d2,FILM::Suzzanna: Malam Jumat Kliwon (2023),1,komentar
user_2725d1ea2284,FILM::Suzzanna: Malam Jumat Kliwon (2023),1,komentar
user_27a65ac2a53b,FILM::Suzzanna: Malam Jumat Kliwon (2023),1,komentar
user_27b7c845c68d,FILM::Suzzanna: Malam Jumat Kliwon (2023),1,komentar
user_280dbc06a8aa,FILM::Suzzanna: Malam Jumat Kliwon (2023),1,komentar
user_283884825a8f,FILM::Suzzanna: Malam Jumat Kliwon (2023),1,komentar
user_286a5567d54a,FILM::Suzzanna: Malam Jumat Kliwon (2023),1,komentar
user_28c454b96472,FILM::Suzzanna: Malam Jumat Kliwon (2023),1,komentar
user_28cd1743087b,FILM::Suzzanna: Malam Jumat Kliwon (2023),1,komentar
user_295e2a596534,FILM::Suzzanna: Malam Jumat Kliwon (2023),1,komentar
user_2979d40266f6,FILM::Suzzanna: Malam Jumat Kliwon (2023),1,komentar
user_298fd6e1bc19,FILM::Suzzanna: Malam Jumat Kliwon (2023),2,komentar
user_2996a691f7bd,FILM::Suzzanna: Malam Jumat Kliwon (2023),1,komentar
user_299e55bcde10,FILM::Suzzanna: Malam Jumat Kliwon (2023),1,komentar
user_29c32bf1414e,FILM::Suzzanna: Malam Jumat Kliwon (2023),1,komentar
user_29e60fecc44b,FILM::Suzzanna: Malam Jumat Kliwon (2023),1,komentar
user_2a146af869b9,FILM::Suzzanna: Malam Jumat Kliwon (2023),1,komentar
user_2a4aa1934fa0,FILM::Suzzanna: Malam Jumat Kliwon (2023),1,komentar
user_2a86303c5b0e,FILM::Suzzanna: Malam Jumat Kliwon (2023),1,komentar
user_2a93c010f7e9,FILM::Suzzanna: Malam Jumat Kliwon (2023),1,komentar
user_2a9c299a0011,FILM::Suzzanna: Malam Jumat Kliwon (2023),1,komentar
user_2ab7bc53cd14,FILM::Suzzanna: Malam Jumat Kliwon (2023),1,komentar
user_2af16f8e5043,FILM::Suzzanna: Malam Jumat Kliwon (2023),1,komentar
user_2af5c37a1a90,FILM::Suzzanna: Malam Jumat Kliwon (2023),1,komentar
user_2b4647b5b18a,FILM::Suzzanna: Malam Jumat Kliwon (2023),1,komentar
user_2b5d1f583b73,FILM::Suzzanna: Malam Jumat Kliwon (2023),1,komentar
user_2b84e4da9791,FILM::Suzzanna: Malam Jumat Kliwon (2023),1,komentar
user_2b85d3b4dcbf,FILM::Suzzanna: Malam Jumat Kliwon (2023),1,komentar
user_2c432e415c6b,FILM::Suzzanna: Malam Jumat Kliwon (2023),1,komentar
user_2c53009efac3,FILM::Suzzanna: Malam Jumat Kliwon (2023),1,komentar
user_2c6d2c471262,FILM::Suzzanna: Malam Jumat Kliwon (2023),1,komentar
user_2caf3f244464,FILM::Suzzanna: Malam Jumat Kliwon (2023),1,komentar
user_2ccf2c0daacb,FILM::Suzzanna: Malam Jumat Kliwon (2023),1,komentar
user_2cd0098581cd,FILM::Suzzanna: Malam Jumat Kliwon (2023),1,komentar
user_2d0d3b80d3af,FILM::Suzzanna: Malam Jumat Kliwon (2023),1,komentar
user_2d388e7af3b5,FILM::Suzzanna: Malam Jumat Kliwon (2023),1,komentar
user_2d4f2a099a15,FILM::Suzzanna: Malam Jumat Kliwon (2023),1,komentar
user_2dad5469c278,FILM::Suzzanna: Malam Jumat Kliwon (2023),1,komentar
user_2dc6d211c3c9,FILM::Suzzanna: Malam Jumat Kliwon (2023),1,komentar
user_2e59e452ef46,FILM::Suzzanna: Malam Jumat Kliwon (2023),2,komentar
user_2e6f4114311c,FILM::Suzzanna: Malam Jumat Kliwon (2023),1,komentar
user_2e70d741f503,FILM::Suzzanna: Malam Jumat Kliwon (2023),1,komentar
user_2eb4417d3137,FILM::Suzzanna: Malam Jumat Kliwon (2023),1,komentar
user_2eef54aab3a1,FILM::Suzzanna: Malam Jumat Kliwon (2023),1,komentar
user_2ef3a230ba94,FILM::Suzzanna: Malam Jumat Kliwon (2023),1,komentar
user_2eff611461e2,FILM::Suzzanna: Malam Jumat Kliwon (2023),1,komentar
user_2f1675cc7a61,FILM::Suzzanna: Malam Jumat Kliwon (2023),1,komentar
user_2f727141fe5d,FILM::Suzzanna: Malam Jumat Kliwon (2023),1,komentar
user_2f8376a69e3e,FILM::Suzzanna: Malam Jumat Kliwon (2023),1,komentar
user_2fa85f2d427f,FILM::Suzzanna: Malam Jumat Kliwon (2023),1,komentar
user_2fa9ce65dbd6,FILM::Suzzanna: Malam Jumat Kliwon (2023),1,komentar
user_306c840a807f,FILM::Suzzanna: Malam Jumat Kliwon (2023),2,komentar
user_30944f9ea2af,FILM::Suzzanna: Malam Jumat Kliwon (2023),1,komentar
user_30a7fc3cc9fe,FILM::Suzzanna: Malam Jumat Kliwon (2023),1,komentar
user_30b8de4d925c,FILM::Suzzanna: Malam Jumat Kliwon (2023),1,komentar
user_30f3dc568142,FILM::Suzzanna: Malam Jumat Kliwon (2023),1,komentar
user_3103bb0bccb9,FILM::Suzzanna: Malam Jumat Kliwon (2023),1,komentar
user_3104d590b8f0,FILM::Suzzanna: Malam Jumat Kliwon (2023),1,komentar
user_3173ea04d6f3,FILM::Suzzanna: Malam Jumat Kliwon (2023),1,komentar
user_31aa6c035cb1,FILM::Suzzanna: Malam Jumat Kliwon (2023),1,komentar
user_31e23df10027,FILM::Suzzanna: Malam Jumat Kliwon (2023),1,komentar
user_32039493556d,FILM::Suzzanna: Malam Jumat Kliwon (2023),1,komentar
user_3232e07681cd,FILM::Suzzanna: Malam Jumat Kliwon (2023),1,komentar
user_32468a7f19b7,FILM::Suzzanna: Malam Jumat Kliwon (2023),1,komentar
user_325d74a66945,FILM::Suzzanna: Malam Jumat Kliwon (2023),1,komentar
user_326ca355c97f,FILM::Suzzanna: Malam Jumat Kliwon (2023),1,komentar
user_32d46507bc11,FILM::Suzzanna: Malam Jumat Kliwon (2023),1,komentar
user_32e551bce29c,FILM::Suzzanna: Malam Jumat Kliwon (2023),1,komentar
user_333923ad67c5,FILM::Suzzanna: Malam Jumat Kliwon (2023),1,komentar
user_3372f980ab55,FILM::Suzzanna: Malam Jumat Kliwon (2023),1,komentar
user_338162439bc6,FILM::Suzzanna: Malam Jumat Kliwon (2023),2,komentar
user_33ac4b874728,FILM::Suzzanna: Malam Jumat Kliwon (2023),1,komentar
user_33eee11c8f46,FILM::Suzzanna: Malam Jumat Kliwon (2023),1,komentar
user_33f21a7f61cf,FILM::Suzzanna: Malam Jumat Kliwon (2023),1,komentar
user_340723e15819,FILM::Suzzanna: Malam Jumat Kliwon (2023),1,komentar
user_34271570e545,FILM::Suzzanna: Malam Jumat Kliwon (2023),1,komentar
user_34341597c523,FILM::Suzzanna: Malam Jumat Kliwon (2023),2,komentar
user_345c8395b713,FILM::Suzzanna: Malam Jumat Kliwon (2023),1,komentar
user_3500ae56a44f,FILM::Suzzanna: Malam Jumat Kliwon (2023),2,komentar
user_3504ff9eb92f,FILM::Suzzanna: Malam Jumat Kliwon (2023),1,komentar
user_3534517d3c66,FILM::Suzzanna: Malam Jumat Kliwon (2023),1,komentar
user_353686789a3f,FILM::Suzzanna: Malam Jumat Kliwon (2023),2,komentar
user_3578c5280961,FILM::Suzzanna: Malam Jumat Kliwon (2023),2,komentar
user_35967f2dc41a,FILM::Suzzanna: Malam Jumat Kliwon (2023),1,komentar
user_359f65472069,FILM::Suzzanna: Malam Jumat Kliwon (2023),1,komentar
user_35deafefab49,FILM::Suzzanna: Malam Jumat Kliwon (2023),1,komentar
user_360a668cf3e7,FILM::Suzzanna: Malam Jumat Kliwon (2023),1,komentar
user_36976da9ecc5,FILM::Suzzanna: Malam Jumat Kliwon (2023),1,komentar
user_36db8f099a58,FILM::Suzzanna: Malam Jumat Kliwon (2023),1,komentar
user_36e2ff55ce24,FILM::Suzzanna: Malam Jumat Kliwon (2023),1,komentar
user_36e938205319,FILM::Suzzanna: Malam Jumat Kliwon (2023),1,komentar
user_36f957bd90de,FILM::Suzzanna: Malam Jumat Kliwon (2023),1,komentar
user_372f1f617bc1,FILM::Suzzanna: Malam Jumat Kliwon (2023),2,komentar
user_374600901954,FILM::Suzzanna: Malam Jumat Kliwon (2023),2,komentar
user_3751df822d89,FILM::Suzzanna: Malam Jumat Kliwon (2023),1,komentar
user_37a26a6e1dba,FILM::Suzzanna: Malam Jumat Kliwon (2023),1,komentar
user_37ac4acea190,FILM::Suzzanna: Malam Jumat Kliwon (2023),1,komentar
user_37aef45e0b35,FILM::Suzzanna: Malam Jumat Kliwon (2023),1,komentar
user_38379720c407,FILM::Suzzanna: Malam Jumat Kliwon (2023),2,komentar
user_3846ba7110c4,FILM::Suzzanna: Malam Jumat Kliwon (2023),1,komentar
user_38518b7c1ec1,FILM::Suzzanna: Malam Jumat Kliwon (2023),3,komentar
user_3853994cc08a,FILM::Suzzanna: Malam Jumat Kliwon (2023),1,komentar
user_38564a1e943c,FILM::Suzzanna: Malam Jumat Kliwon (2023),1,komentar
user_38964de30b5d,FILM::Suzzanna: Malam Jumat Kliwon (2023),1,komentar
user_38dbdca74e42,FILM::Suzzanna: Malam Jumat Kliwon (2023),7,komentar
user_38fb02642b25,FILM::Suzzanna: Malam Jumat Kliwon (2023),1,komentar
user_38ff2c1d7433,FILM::Suzzanna: Malam Jumat Kliwon (2023),1,komentar
user_3909d1ebdaf4,FILM::Suzzanna: Malam Jumat Kliwon (2023),1,komentar
user_397cae5a574b,FILM::Suzzanna: Malam Jumat Kliwon (2023),1,komentar
user_39eaf2358fad,FILM::Suzzanna: Malam Jumat Kliwon (2023),1,komentar
user_3a1194894552,FILM::Suzzanna: Malam Jumat Kliwon (2023),1,komentar
user_3a708c668f1a,FILM::Suzzanna: Malam Jumat Kliwon (2023),1,komentar
user_3aaaac8d53f7,FILM::Suzzanna: Malam Jumat Kliwon (2023),1,komentar
user_3abf69da61d7,FILM::Suzzanna: Malam Jumat Kliwon (2023),1,komentar
user_3ae8c00e0263,FILM::Suzzanna: Malam Jumat Kliwon (2023),1,komentar
user_3b0dd9a74854,FILM::Suzzanna: Malam Jumat Kliwon (2023),1,komentar
user_3b4cad736d90,FILM::Suzzanna: Malam Jumat Kliwon (2023),1,komentar
user_3b5660a4252d,FILM::Suzzanna: Malam Jumat Kliwon (2023),1,komentar
user_3bd5650098a8,FILM::Suzzanna: Malam Jumat Kliwon (2023),1,komentar
user_3bdcf48f557a,FILM::Suzzanna: Malam Jumat Kliwon (2023),1,komentar
user_3bf335d17fc5,FILM::Suzzanna: Malam Jumat Kliwon (2023),1,komentar
user_3bf46c8a9ff9,FILM::Suzzanna: Malam Jumat Kliwon (2023),1,komentar
user_3c677618dcaf,FILM::Suzzanna: Malam Jumat Kliwon (2023),1,komentar
user_3c6ee12e56bd,FILM::Suzzanna: Malam Jumat Kliwon (2023),1,komentar
user_3c88a7f7a487,FILM::Suzzanna: Malam Jumat Kliwon (2023),1,komentar
user_3ca0e819507f,FILM::Suzzanna: Malam Jumat Kliwon (2023),1,komentar
user_3ca5f0ba2a07,FILM::Suzzanna: Malam Jumat Kliwon (2023),2,komentar
user_3ca8bfd57bb6,FILM::Suzzanna: Malam Jumat Kliwon (2023),1,komentar
user_3cae817585b4,FILM::Suzzanna: Malam Jumat Kliwon (2023),4,komentar
user_3d0486662041,FILM::Suzzanna: Malam Jumat Kliwon (2023),1,komentar
user_3e0a805f9a13,FILM::Suzzanna: Malam Jumat Kliwon (2023),1,komentar
user_3e3c61641ac1,FILM::Suzzanna: Malam Jumat Kliwon (2023),1,komentar
user_3ec2f7c26dea,FILM::Suzzanna: Malam Jumat Kliwon (2023),2,komentar
user_3edf03cfd900,FILM::Suzzanna: Malam Jumat Kliwon (2023),2,komentar
user_3ef7196e0a49,FILM::Suzzanna: Malam Jumat Kliwon (2023),1,komentar
user_3f1e4f6c5a91,FILM::Suzzanna: Malam Jumat Kliwon (2023),1,komentar
user_3f3c91f15f63,FILM::Suzzanna: Malam Jumat Kliwon (2023),1,komentar
user_3fe8212a653c,FILM::Suzzanna: Malam Jumat Kliwon (2023),3,komentar
user_3fea306a450f,FILM::Suzzanna: Malam Jumat Kliwon (2023),1,komentar
user_4070fc277475,FILM::Suzzanna: Malam Jumat Kliwon (2023),1,komentar
user_40873821fe2b,FILM::Suzzanna: Malam Jumat Kliwon (2023),1,komentar
user_40942dc50641,FILM::Suzzanna: Malam Jumat Kliwon (2023),1,komentar
user_40a5a853ec8b,FILM::Suzzanna: Malam Jumat Kliwon (2023),1,komentar
user_40d27c594251,FILM::Suzzanna: Malam Jumat Kliwon (2023),1,komentar
user_40edffb608f1,FILM::Suzzanna: Malam Jumat Kliwon (2023),1,komentar
user_40f00feae546,FILM::Suzzanna: Malam Jumat Kliwon (2023),2,komentar
user_40f9877ae3bd,FILM::Suzzanna: Malam Jumat Kliwon (2023),11,komentar
user_418b83cf74cd,FILM::Suzzanna: Malam Jumat Kliwon (2023),1,komentar
user_41ad4904548a,FILM::Suzzanna: Malam Jumat Kliwon (2023),1,komentar
user_4216ceb60eb1,FILM::Suzzanna: Malam Jumat Kliwon (2023),1,komentar
user_42283c620ed3,FILM::Suzzanna: Malam Jumat Kliwon (2023),1,komentar
user_4251bc05712f,FILM::Suzzanna: Malam Jumat Kliwon (2023),1,komentar
user_4266a0490d46,FILM::Suzzanna: Malam Jumat Kliwon (2023),1,komentar
user_428ca6417dbb,FILM::Suzzanna: Malam Jumat Kliwon (2023),1,komentar
user_428dbe911283,FILM::Suzzanna: Malam Jumat Kliwon (2023),1,komentar
user_42c9008cc25d,FILM::Suzzanna: Malam Jumat Kliwon (2023),1,komentar
user_42fef9ca34df,FILM::Suzzanna: Malam Jumat Kliwon (2023),2,komentar
user_4309376ddb66,FILM::Suzzanna: Malam Jumat Kliwon (2023),1,komentar
user_43168a51339e,FILM::Suzzanna: Malam Jumat Kliwon (2023),1,komentar
user_43240a9afa36,FILM::Suzzanna: Malam Jumat Kliwon (2023),1,komentar
user_43d0cd7c13b9,FILM::Suzzanna: Malam Jumat Kliwon (2023),1,komentar
user_442167c6af3b,FILM::Suzzanna: Malam Jumat Kliwon (2023),2,komentar
user_4432cec0a4aa,FILM::Suzzanna: Malam Jumat Kliwon (2023),1,komentar
user_443e9d34bd36,FILM::Suzzanna: Malam Jumat Kliwon (2023),2,komentar
user_4445ed7c981b,FILM::Suzzanna: Malam Jumat Kliwon (2023),1,komentar
user_4451c01eb2d7,FILM::Suzzanna: Malam Jumat Kliwon (2023),1,komentar
user_4454afbcc632,FILM::Suzzanna: Malam Jumat Kliwon (2023),1,komentar
user_4461e759ff5c,FILM::Suzzanna: Malam Jumat Kliwon (2023),1,komentar
user_448494a6062f,FILM::Suzzanna: Malam Jumat Kliwon (2023),1,komentar
user_44cc56431386,FILM::Suzzanna: Malam Jumat Kliwon (2023),1,komentar
user_44ccd97eaacf,FILM::Suzzanna: Malam Jumat Kliwon (2023),1,komentar
user_44d5fc2e8284,FILM::Suzzanna: Malam Jumat Kliwon (2023),1,komentar
user_44de81258c2d,FILM::Suzzanna: Malam Jumat Kliwon (2023),1,komentar
user_45209c3493a7,FILM::Suzzanna: Malam Jumat Kliwon (2023),1,komentar
user_45a7f91ae58a,FILM::Suzzanna: Malam Jumat Kliwon (2023),2,komentar
user_45bcdd797b63,FILM::Suzzanna: Malam Jumat Kliwon (2023),1,komentar
user_4654c132a94e,FILM::Suzzanna: Malam Jumat Kliwon (2023),1,komentar
user_46877aa51077,FILM::Suzzanna: Malam Jumat Kliwon (2023),1,komentar
user_46b927bd618c,FILM::Suzzanna: Malam Jumat Kliwon (2023),1,komentar
user_46c8533c7731,FILM::Suzzanna: Malam Jumat Kliwon (2023),2,komentar
user_46d333aa857e,FILM::Suzzanna: Malam Jumat Kliwon (2023),1,komentar
user_46f209537013,FILM::Suzzanna: Malam Jumat Kliwon (2023),1,komentar
user_470642045152,FILM::Suzzanna: Malam Jumat Kliwon (2023),1,komentar
user_470e929eac22,FILM::Suzzanna: Malam Jumat Kliwon (2023),1,komentar
user_475d12ae6402,FILM::Suzzanna: Malam Jumat Kliwon (2023),1,komentar
user_477678aa0da1,FILM::Suzzanna: Malam Jumat Kliwon (2023),1,komentar
user_477e19141613,FILM::Suzzanna: Malam Jumat Kliwon (2023),1,komentar
user_47808ddcf63e,FILM::Suzzanna: Malam Jumat Kliwon (2023),2,komentar
user_47ab511a7a47,FILM::Suzzanna: Malam Jumat Kliwon (2023),1,komentar
user_47b3883df628,FILM::Suzzanna: Malam Jumat Kliwon (2023),1,komentar
user_47fd49847fb2,FILM::Suzzanna: Malam Jumat Kliwon (2023),1,komentar
user_48560dd63f56,FILM::Suzzanna: Malam Jumat Kliwon (2023),1,komentar
user_485971a259fc,FILM::Suzzanna: Malam Jumat Kliwon (2023),1,komentar
user_48b428de15fd,FILM::Suzzanna: Malam Jumat Kliwon (2023),1,komentar
user_4942d09532cf,FILM::Suzzanna: Malam Jumat Kliwon (2023),1,komentar
user_49a5f6c4e110,FILM::Suzzanna: Malam Jumat Kliwon (2023),1,komentar
user_49b27f4eb135,FILM::Suzzanna: Malam Jumat Kliwon (2023),1,komentar
user_49d86afa5bff,FILM::Suzzanna: Malam Jumat Kliwon (2023),1,komentar
user_4a509db2c6b5,FILM::Suzzanna: Malam Jumat Kliwon (2023),1,komentar
user_4a533f49d721,FILM::Suzzanna: Malam Jumat Kliwon (2023),1,komentar
user_4a5440697c20,FILM::Suzzanna: Malam Jumat Kliwon (2023),1,komentar
user_4a5bc3a1ace7,FILM::Suzzanna: Malam Jumat Kliwon (2023),7,komentar
user_4a7cda2c1276,FILM::Suzzanna: Malam Jumat Kliwon (2023),1,komentar
user_4a8647b4f75c,FILM::Suzzanna: Malam Jumat Kliwon (2023),1,komentar
user_4aad5757c3f6,FILM::Suzzanna: Malam Jumat Kliwon (2023),3,komentar
user_4adb80180235,FILM::Suzzanna: Malam Jumat Kliwon (2023),1,komentar
user_4af8f24734df,FILM::Suzzanna: Malam Jumat Kliwon (2023),1,komentar
user_4affa2c16229,FILM::Suzzanna: Malam Jumat Kliwon (2023),1,komentar
user_4b0e0e7fb21c,FILM::Suzzanna: Malam Jumat Kliwon (2023),1,komentar
user_4b3c18dfc403,FILM::Suzzanna: Malam Jumat Kliwon (2023),1,komentar
user_4b49eedbcd84,FILM::Suzzanna: Malam Jumat Kliwon (2023),1,komentar
user_4b86e99877ad,FILM::Suzzanna: Malam Jumat Kliwon (2023),1,komentar
user_4b8fe87a61a2,FILM::Suzzanna: Malam Jumat Kliwon (2023),1,komentar
user_4b97a85f92ee,FILM::Suzzanna: Malam Jumat Kliwon (2023),2,komentar
user_4b992b83d60d,FILM::Suzzanna: Malam Jumat Kliwon (2023),1,komentar
user_4bb5b761be3c,FILM::Suzzanna: Malam Jumat Kliwon (2023),1,komentar
user_4bb5da450851,FILM::Suzzanna: Malam Jumat Kliwon (2023),1,komentar
user_4bc0514ce991,FILM::Suzzanna: Malam Jumat Kliwon (2023),1,komentar
user_4bd3726cc010,FILM::Suzzanna: Malam Jumat Kliwon (2023),1,komentar
user_4be982d8c2fb,FILM::Suzzanna: Malam Jumat Kliwon (2023),1,komentar
user_4bf72c7390d9,FILM::Suzzanna: Malam Jumat Kliwon (2023),1,komentar
user_4c07003b5de6,FILM::Suzzanna: Malam Jumat Kliwon (2023),1,komentar
user_4c18bd047835,FILM::Suzzanna: Malam Jumat Kliwon (2023),1,komentar
user_4c4d47e38061,FILM::Suzzanna: Malam Jumat Kliwon (2023),1,komentar
user_4c6413d99b43,FILM::Suzzanna: Malam Jumat Kliwon (2023),1,komentar
user_4c854db3254a,FILM::Suzzanna: Malam Jumat Kliwon (2023),1,komentar
user_4ca8cf2b0914,FILM::Suzzanna: Malam Jumat Kliwon (2023),1,komentar
user_4caca487d05f,FILM::Suzzanna: Malam Jumat Kliwon (2023),1,komentar
user_4ccc3759394c,FILM::Suzzanna: Malam Jumat Kliwon (2023),1,komentar
user_4cf0c9a97ce5,FILM::Suzzanna: Malam Jumat Kliwon (2023),1,komentar
user_4d162081bbc0,FILM::Suzzanna: Malam Jumat Kliwon (2023),1,komentar
user_4d16ea6f6e6c,FILM::Suzzanna: Malam Jumat Kliwon (2023),1,komentar
user_4dd4098097f3,FILM::Suzzanna: Malam Jumat Kliwon (2023),1,komentar
user_4de17082132e,FILM::Suzzanna: Malam Jumat Kliwon (2023),1,komentar
user_4de246511c73,FILM::Suzzanna: Malam Jumat Kliwon (2023),1,komentar
user_4dfcbc836156,FILM::Suzzanna: Malam Jumat Kliwon (2023),1,komentar
user_4e0de028d7bf,FILM::Suzzanna: Malam Jumat Kliwon (2023),1,komentar
user_4eb2e6be821c,FILM::Suzzanna: Malam Jumat Kliwon (2023),1,komentar
user_4eba3a0bada9,FILM::Suzzanna: Malam Jumat Kliwon (2023),1,komentar
user_4ece5dbe4071,FILM::Suzzanna: Malam Jumat Kliwon (2023),1,komentar
user_4eefaaac490f,FILM::Suzzanna: Malam Jumat Kliwon (2023),1,komentar
user_4f0628e8a15a,FILM::Suzzanna: Malam Jumat Kliwon (2023),1,komentar
user_4f3cd64acec9,FILM::Suzzanna: Malam Jumat Kliwon (2023),1,komentar
user_4f3f94f08b96,FILM::Suzzanna: Malam Jumat Kliwon (2023),1,komentar
user_4f58f22d0c57,FILM::Suzzanna: Malam Jumat Kliwon (2023),1,komentar
user_4f749edb4548,FILM::Suzzanna: Malam Jumat Kliwon (2023),1,komentar
user_4fccfc34c587,FILM::Suzzanna: Malam Jumat Kliwon (2023),1,komentar
user_507dbd6d747f,FILM::Suzzanna: Malam Jumat Kliwon (2023),1,komentar
user_50993ae1ae4d,FILM::Suzzanna: Malam Jumat Kliwon (2023),1,komentar
user_50b13345318e,FILM::Suzzanna: Malam Jumat Kliwon (2023),1,komentar
user_515490763ec0,FILM::Suzzanna: Malam Jumat Kliwon (2023),2,komentar
user_5169007525f5,FILM::Suzzanna: Malam Jumat Kliwon (2023),1,komentar
user_51b43dd9a9f6,FILM::Suzzanna: Malam Jumat Kliwon (2023),2,komentar
user_51b7b87a3fb5,FILM::Suzzanna: Malam Jumat Kliwon (2023),1,komentar
user_51cc392e0b9c,FILM::Suzzanna: Malam Jumat Kliwon (2023),1,komentar
user_523c8c99297c,FILM::Suzzanna: Malam Jumat Kliwon (2023),1,komentar
user_523e5d3839a7,FILM::Suzzanna: Malam Jumat Kliwon (2023),1,komentar
user_525eb4d083ba,FILM::Suzzanna: Malam Jumat Kliwon (2023),1,komentar
user_52fa8f8ff48d,FILM::Suzzanna: Malam Jumat Kliwon (2023),1,komentar
user_530f8f3c744d,FILM::Suzzanna: Malam Jumat Kliwon (2023),1,komentar
user_535aa95068fa,FILM::Suzzanna: Malam Jumat Kliwon (2023),1,komentar
user_536bc807fd02,FILM::Suzzanna: Malam Jumat Kliwon (2023),1,komentar
user_53c691a8b44e,FILM::Suzzanna: Malam Jumat Kliwon (2023),2,komentar
user_5401a2221c46,FILM::Suzzanna: Malam Jumat Kliwon (2023),2,komentar
user_544383ce4a17,FILM::Suzzanna: Malam Jumat Kliwon (2023),1,komentar
user_545aa2c10651,FILM::Suzzanna: Malam Jumat Kliwon (2023),1,komentar
user_5469bcdd185d,FILM::Suzzanna: Malam Jumat Kliwon (2023),1,komentar
user_547cde323b34,FILM::Suzzanna: Malam Jumat Kliwon (2023),1,komentar
user_54b0109a3711,FILM::Suzzanna: Malam Jumat Kliwon (2023),1,komentar
user_54f2cfe9bae3,FILM::Suzzanna: Malam Jumat Kliwon (2023),1,komentar
user_54fbb1dd69db,FILM::Suzzanna: Malam Jumat Kliwon (2023),1,komentar
user_550127f9b318,FILM::Suzzanna: Malam Jumat Kliwon (2023),1,komentar
user_550384b412ec,FILM::Suzzanna: Malam Jumat Kliwon (2023),1,komentar
user_5535ba050619,FILM::Suzzanna: Malam Jumat Kliwon (2023),1,komentar
user_554d8e1d6210,FILM::Suzzanna: Malam Jumat Kliwon (2023),1,komentar
user_556a3a54fdba,FILM::Suzzanna: Malam Jumat Kliwon (2023),2,komentar
user_557487e82483,FILM::Suzzanna: Malam Jumat Kliwon (2023),1,komentar
user_5598361a41b7,FILM::Suzzanna: Malam Jumat Kliwon (2023),1,komentar
user_55d969d186e8,FILM::Suzzanna: Malam Jumat Kliwon (2023),1,komentar
user_55db7f4f66eb,FILM::Suzzanna: Malam Jumat Kliwon (2023),1,komentar
user_5627d4ebc618,FILM::Suzzanna: Malam Jumat Kliwon (2023),3,komentar
user_563e1e91c5f5,FILM::Suzzanna: Malam Jumat Kliwon (2023),1,komentar
user_567e6a04425f,FILM::Suzzanna: Malam Jumat Kliwon (2023),1,komentar
user_56bfbaf4f28e,FILM::Suzzanna: Malam Jumat Kliwon (2023),1,komentar
user_56c02b823741,FILM::Suzzanna: Malam Jumat Kliwon (2023),1,komentar
user_56f576423cc2,FILM::Suzzanna: Malam Jumat Kliwon (2023),2,komentar
user_580e60a1fc65,FILM::Suzzanna: Malam Jumat Kliwon (2023),1,komentar
user_5828953a2c62,FILM::Suzzanna: Malam Jumat Kliwon (2023),2,komentar
user_585320a61488,FILM::Suzzanna: Malam Jumat Kliwon (2023),1,komentar
user_5945ca309859,FILM::Suzzanna: Malam Jumat Kliwon (2023),1,komentar
user_595b86518c31,FILM::Suzzanna: Malam Jumat Kliwon (2023),1,komentar
user_59b7dc30717f,FILM::Suzzanna: Malam Jumat Kliwon (2023),1,komentar
user_59ba478e32b4,FILM::Suzzanna: Malam Jumat Kliwon (2023),2,komentar
user_5a288a62082e,FILM::Suzzanna: Malam Jumat Kliwon (2023),1,komentar
user_5a29ef512762,FILM::Suzzanna: Malam Jumat Kliwon (2023),1,komentar
user_5a37217d6a53,FILM::Suzzanna: Malam Jumat Kliwon (2023),3,komentar
user_5a4e7490159f,FILM::Suzzanna: Malam Jumat Kliwon (2023),1,komentar
user_5aa68e7c9a1e,FILM::Suzzanna: Malam Jumat Kliwon (2023),1,komentar
user_5ab0c281d329,FILM::Suzzanna: Malam Jumat Kliwon (2023),1,komentar
user_5b3804f3e70c,FILM::Suzzanna: Malam Jumat Kliwon (2023),1,komentar
user_5b3f5b6fca6d,FILM::Suzzanna: Malam Jumat Kliwon (2023),1,komentar
user_5b6484165644,FILM::Suzzanna: Malam Jumat Kliwon (2023),1,komentar
user_5bfc782e4d0e,FILM::Suzzanna: Malam Jumat Kliwon (2023),1,komentar
user_5c25cedf3574,FILM::Suzzanna: Malam Jumat Kliwon (2023),1,komentar
user_5c2d6360a640,FILM::Suzzanna: Malam Jumat Kliwon (2023),1,komentar
user_5c5aa6b03956,FILM::Suzzanna: Malam Jumat Kliwon (2023),2,komentar
user_5c84adc747cf,FILM::Suzzanna: Malam Jumat Kliwon (2023),1,komentar
user_5cdb952364fe,FILM::Suzzanna: Malam Jumat Kliwon (2023),1,komentar
user_5d2ded85b416,FILM::Suzzanna: Malam Jumat Kliwon (2023),1,komentar
user_5da66aeab1f0,FILM::Suzzanna: Malam Jumat Kliwon (2023),1,komentar
user_5dc93c9f6dea,FILM::Suzzanna: Malam Jumat Kliwon (2023),1,komentar
user_5dcfdd734deb,FILM::Suzzanna: Malam Jumat Kliwon (2023),1,komentar
user_5dea36fcbdc4,FILM::Suzzanna: Malam Jumat Kliwon (2023),2,komentar
user_5dea4f084bc7,FILM::Suzzanna: Malam Jumat Kliwon (2023),1,komentar
user_5e11db187104,FILM::Suzzanna: Malam Jumat Kliwon (2023),1,komentar
user_5e1dff19b83a,FILM::Suzzanna: Malam Jumat Kliwon (2023),3,komentar
user_5e374a20aa39,FILM::Suzzanna: Malam Jumat Kliwon (2023),1,komentar
user_5e3b18db44ec,FILM::Suzzanna: Malam Jumat Kliwon (2023),1,komentar
user_5e483e73da10,FILM::Suzzanna: Malam Jumat Kliwon (2023),2,komentar
user_5e4a518056e9,FILM::Suzzanna: Malam Jumat Kliwon (2023),2,komentar
user_5e8d0be01b8e,FILM::Suzzanna: Malam Jumat Kliwon (2023),3,komentar
user_5e9089cdf72b,FILM::Suzzanna: Malam Jumat Kliwon (2023),1,komentar
user_5eb812990787,FILM::Suzzanna: Malam Jumat Kliwon (2023),1,komentar
user_5ed54ddf964f,FILM::Suzzanna: Malam Jumat Kliwon (2023),2,komentar
user_5ede0efb2a55,FILM::Suzzanna: Malam Jumat Kliwon (2023),1,komentar
user_5f13ec56e231,FILM::Suzzanna: Malam Jumat Kliwon (2023),1,komentar
user_5f3074c531d6,FILM::Suzzanna: Malam Jumat Kliwon (2023),1,komentar
user_5f57dd57776b,FILM::Suzzanna: Malam Jumat Kliwon (2023),1,komentar
user_5fb2675c0c80,FILM::Suzzanna: Malam Jumat Kliwon (2023),1,komentar
user_5fbd6d3807eb,FILM::Suzzanna: Malam Jumat Kliwon (2023),1,komentar
user_5fe8c41f7d97,FILM::Suzzanna: Malam Jumat Kliwon (2023),1,komentar
user_5fe9bce1dd83,FILM::Suzzanna: Malam Jumat Kliwon (2023),1,komentar
user_5ff421afaad9,FILM::Suzzanna: Malam Jumat Kliwon (2023),1,komentar
user_60366654eeef,FILM::Suzzanna: Malam Jumat Kliwon (2023),1,komentar
user_604099b40ed0,FILM::Suzzanna: Malam Jumat Kliwon (2023),1,komentar
user_6058bee7cbf0,FILM::Suzzanna: Malam Jumat Kliwon (2023),2,komentar
user_60e6a73b3067,FILM::Suzzanna: Malam Jumat Kliwon (2023),4,komentar
user_60fc4d64de12,FILM::Suzzanna: Malam Jumat Kliwon (2023),1,komentar
user_6106169bcb1c,FILM::Suzzanna: Malam Jumat Kliwon (2023),2,komentar
user_6138efaa569c,FILM::Suzzanna: Malam Jumat Kliwon (2023),1,komentar
user_61a71bc9e826,FILM::Suzzanna: Malam Jumat Kliwon (2023),1,komentar
user_61ce969a9313,FILM::Suzzanna: Malam Jumat Kliwon (2023),1,komentar
user_61e918198f80,FILM::Suzzanna: Malam Jumat Kliwon (2023),1,komentar
user_62742713a5e0,FILM::Suzzanna: Malam Jumat Kliwon (2023),1,komentar
user_62742cab02ec,FILM::Suzzanna: Malam Jumat Kliwon (2023),2,komentar
user_627dd41902b9,FILM::Suzzanna: Malam Jumat Kliwon (2023),1,komentar
user_62c4d02a2e3f,FILM::Suzzanna: Malam Jumat Kliwon (2023),1,komentar
user_62cf411f31a7,FILM::Suzzanna: Malam Jumat Kliwon (2023),1,komentar
user_62d15fbec7e3,FILM::Suzzanna: Malam Jumat Kliwon (2023),1,komentar
user_6367d56cb2f8,FILM::Suzzanna: Malam Jumat Kliwon (2023),2,komentar
user_6393869d88a9,FILM::Suzzanna: Malam Jumat Kliwon (2023),1,komentar
user_6402915abb98,FILM::Suzzanna: Malam Jumat Kliwon (2023),1,komentar
user_645a3ee6c610,FILM::Suzzanna: Malam Jumat Kliwon (2023),1,komentar
user_6477b38ba2a4,FILM::Suzzanna: Malam Jumat Kliwon (2023),1,komentar
user_64fdf123119f,FILM::Suzzanna: Malam Jumat Kliwon (2023),1,komentar
user_6514fc880db9,FILM::Suzzanna: Malam Jumat Kliwon (2023),1,komentar
user_651e21dd7a0f,FILM::Suzzanna: Malam Jumat Kliwon (2023),1,komentar
user_65d9f3c5b653,FILM::Suzzanna: Malam Jumat Kliwon (2023),1,komentar
user_65eaf5489866,FILM::Suzzanna: Malam Jumat Kliwon (2023),1,komentar
user_65f96b1cbfe3,FILM::Suzzanna: Malam Jumat Kliwon (2023),1,komentar
user_663698b1d32a,FILM::Suzzanna: Malam Jumat Kliwon (2023),1,komentar
user_6639b4561f4c,FILM::Suzzanna: Malam Jumat Kliwon (2023),1,komentar
user_66a54b65d938,FILM::Suzzanna: Malam Jumat Kliwon (2023),1,komentar
user_66ae6f611fb3,FILM::Suzzanna: Malam Jumat Kliwon (2023),1,komentar
user_671f52cf1f52,FILM::Suzzanna: Malam Jumat Kliwon (2023),1,komentar
user_67d1f7b8b359,FILM::Suzzanna: Malam Jumat Kliwon (2023),1,komentar
user_681985a03d6b,FILM::Suzzanna: Malam Jumat Kliwon (2023),1,komentar
user_6843041840ea,FILM::Suzzanna: Malam Jumat Kliwon (2023),1,komentar
user_6863fe57e59b,FILM::Suzzanna: Malam Jumat Kliwon (2023),1,komentar
user_68696e544ec5,FILM::Suzzanna: Malam Jumat Kliwon (2023),2,komentar
user_68735330dba2,FILM::Suzzanna: Malam Jumat Kliwon (2023),1,komentar
user_68bf0f770bb3,FILM::Suzzanna: Malam Jumat Kliwon (2023),1,komentar
user_68e30d58c995,FILM::Suzzanna: Malam Jumat Kliwon (2023),2,komentar
user_68e6e2bf08ba,FILM::Suzzanna: Malam Jumat Kliwon (2023),1,komentar
user_692f087507ef,FILM::Suzzanna: Malam Jumat Kliwon (2023),1,komentar
user_696139dd0582,FILM::Suzzanna: Malam Jumat Kliwon (2023),1,komentar
user_697ed1aaaca9,FILM::Suzzanna: Malam Jumat Kliwon (2023),1,komentar
user_6986e26e31c6,FILM::Suzzanna: Malam Jumat Kliwon (2023),1,komentar
user_69c720dda56c,FILM::Suzzanna: Malam Jumat Kliwon (2023),1,komentar
user_69da12bb55a9,FILM::Suzzanna: Malam Jumat Kliwon (2023),1,komentar
user_6a059de341ab,FILM::Suzzanna: Malam Jumat Kliwon (2023),1,komentar
user_6a58065e76d8,FILM::Suzzanna: Malam Jumat Kliwon (2023),1,komentar
user_6a5def581776,FILM::Suzzanna: Malam Jumat Kliwon (2023),1,komentar
user_6a95fc82a23a,FILM::Suzzanna: Malam Jumat Kliwon (2023),1,komentar
user_6ab4eb0c9c6f,FILM::Suzzanna: Malam Jumat Kliwon (2023),1,komentar
user_6b01607f4733,FILM::Suzzanna: Malam Jumat Kliwon (2023),1,komentar
user_6b282e1fc854,FILM::Suzzanna: Malam Jumat Kliwon (2023),1,komentar
user_6b7e9623e5da,FILM::Suzzanna: Malam Jumat Kliwon (2023),1,komentar
user_6b8608a42163,FILM::Suzzanna: Malam Jumat Kliwon (2023),1,komentar
user_6bda2cbf0df7,FILM::Suzzanna: Malam Jumat Kliwon (2023),1,komentar
user_6c7a8a0d8895,FILM::Suzzanna: Malam Jumat Kliwon (2023),1,komentar
user_6c8e13c1e6b9,FILM::Suzzanna: Malam Jumat Kliwon (2023),1,komentar
user_6c9e9bd4f4a1,FILM::Suzzanna: Malam Jumat Kliwon (2023),1,komentar
user_6cc7e6387bf2,FILM::Suzzanna: Malam Jumat Kliwon (2023),1,komentar
user_6cde52f153fa,FILM::Suzzanna: Malam Jumat Kliwon (2023),1,komentar
user_6cf769937d99,FILM::Suzzanna: Malam Jumat Kliwon (2023),1,komentar
user_6d0a4e93ce5e,FILM::Suzzanna: Malam Jumat Kliwon (2023),1,komentar
user_6d1f937c2c55,FILM::Suzzanna: Malam Jumat Kliwon (2023),3,komentar
user_6d771c377fb3,FILM::Suzzanna: Malam Jumat Kliwon (2023),1,komentar
user_6e01c3d4a380,FILM::Suzzanna: Malam Jumat Kliwon (2023),1,komentar
user_6e0c48e7e383,FILM::Suzzanna: Malam Jumat Kliwon (2023),1,komentar
user_6e31d6b5440f,FILM::Suzzanna: Malam Jumat Kliwon (2023),1,komentar
user_6e4df8640e68,FILM::Suzzanna: Malam Jumat Kliwon (2023),1,komentar
user_6e629668069b,FILM::Suzzanna: Malam Jumat Kliwon (2023),1,komentar
user_6e7d167bc249,FILM::Suzzanna: Malam Jumat Kliwon (2023),1,komentar
user_6ea944005c20,FILM::Suzzanna: Malam Jumat Kliwon (2023),1,komentar
user_6ecb4d7ff354,FILM::Suzzanna: Malam Jumat Kliwon (2023),1,komentar
user_6ee50cda10cd,FILM::Suzzanna: Malam Jumat Kliwon (2023),1,komentar
user_6f25637ade93,FILM::Suzzanna: Malam Jumat Kliwon (2023),1,komentar
user_6f46b8b62c42,FILM::Suzzanna: Malam Jumat Kliwon (2023),1,komentar
user_6f98f3624f84,FILM::Suzzanna: Malam Jumat Kliwon (2023),1,komentar
user_6fc72f00d16e,FILM::Suzzanna: Malam Jumat Kliwon (2023),1,komentar
user_6fdfadf20e49,FILM::Suzzanna: Malam Jumat Kliwon (2023),1,komentar
user_6fe951a0c9c5,FILM::Suzzanna: Malam Jumat Kliwon (2023),1,komentar
user_6fee1e7683a2,FILM::Suzzanna: Malam Jumat Kliwon (2023),1,komentar
user_70230d1d6d12,FILM::Suzzanna: Malam Jumat Kliwon (2023),1,komentar
user_70244c7c47a0,FILM::Suzzanna: Malam Jumat Kliwon (2023),1,komentar
user_702c02875f3f,FILM::Suzzanna: Malam Jumat Kliwon (2023),1,komentar
user_7067c2ca1728,FILM::Suzzanna: Malam Jumat Kliwon (2023),6,komentar
user_707bcc0bacd1,FILM::Suzzanna: Malam Jumat Kliwon (2023),1,komentar
user_70820a5623ba,FILM::Suzzanna: Malam Jumat Kliwon (2023),1,komentar
user_709cfaa55e3a,FILM::Suzzanna: Malam Jumat Kliwon (2023),1,komentar
user_70ad63c7b7f9,FILM::Suzzanna: Malam Jumat Kliwon (2023),1,komentar
user_70e79b670149,FILM::Suzzanna: Malam Jumat Kliwon (2023),1,komentar
user_70f4d6458144,FILM::Suzzanna: Malam Jumat Kliwon (2023),1,komentar
user_712eae87e5b1,FILM::Suzzanna: Malam Jumat Kliwon (2023),1,komentar
user_716bbdfb9961,FILM::Suzzanna: Malam Jumat Kliwon (2023),1,komentar
user_719aac698821,FILM::Suzzanna: Malam Jumat Kliwon (2023),1,komentar
user_71e24dab8e9f,FILM::Suzzanna: Malam Jumat Kliwon (2023),1,komentar
user_7227c64e9ff3,FILM::Suzzanna: Malam Jumat Kliwon (2023),1,komentar
user_723781d06ad0,FILM::Suzzanna: Malam Jumat Kliwon (2023),1,komentar
user_726b8dca1a51,FILM::Suzzanna: Malam Jumat Kliwon (2023),1,komentar
user_72b25922ea53,FILM::Suzzanna: Malam Jumat Kliwon (2023),1,komentar
user_72cf32cb0d97,FILM::Suzzanna: Malam Jumat Kliwon (2023),1,komentar
user_72fcd77aa215,FILM::Suzzanna: Malam Jumat Kliwon (2023),7,komentar
user_7371a8dac586,FILM::Suzzanna: Malam Jumat Kliwon (2023),1,komentar
user_737ffbf73ee2,FILM::Suzzanna: Malam Jumat Kliwon (2023),1,komentar
user_73cbb573e06d,FILM::Suzzanna: Malam Jumat Kliwon (2023),1,komentar
user_73ddeea29dea,FILM::Suzzanna: Malam Jumat Kliwon (2023),1,komentar
user_7405606eae2a,FILM::Suzzanna: Malam Jumat Kliwon (2023),1,komentar
user_741fb3c1fefe,FILM::Suzzanna: Malam Jumat Kliwon (2023),1,komentar
user_7506b29d8b27,FILM::Suzzanna: Malam Jumat Kliwon (2023),1,komentar
user_752e8871772c,FILM::Suzzanna: Malam Jumat Kliwon (2023),1,komentar
user_75417861f629,FILM::Suzzanna: Malam Jumat Kliwon (2023),1,komentar
user_755a7a673e83,FILM::Suzzanna: Malam Jumat Kliwon (2023),1,komentar
user_756e012049cc,FILM::Suzzanna: Malam Jumat Kliwon (2023),1,komentar
user_7578b4e49041,FILM::Suzzanna: Malam Jumat Kliwon (2023),1,komentar
user_758c4ff32eb2,FILM::Suzzanna: Malam Jumat Kliwon (2023),2,komentar
user_75ae0681d21c,FILM::Suzzanna: Malam Jumat Kliwon (2023),1,komentar
user_75cac6ab7a2d,FILM::Suzzanna: Malam Jumat Kliwon (2023),1,komentar
user_75ce2bf26782,FILM::Suzzanna: Malam Jumat Kliwon (2023),1,komentar
user_7618b6fbc191,FILM::Suzzanna: Malam Jumat Kliwon (2023),1,komentar
user_7642ebfa91a6,FILM::Suzzanna: Malam Jumat Kliwon (2023),1,komentar
user_76dd6d574c45,FILM::Suzzanna: Malam Jumat Kliwon (2023),6,komentar
user_772312ed8f73,FILM::Suzzanna: Malam Jumat Kliwon (2023),1,komentar
user_776752277057,FILM::Suzzanna: Malam Jumat Kliwon (2023),1,komentar
user_778f07fbdb0f,FILM::Suzzanna: Malam Jumat Kliwon (2023),1,komentar
user_77a5929d7712,FILM::Suzzanna: Malam Jumat Kliwon (2023),1,komentar
user_780eaea5a012,FILM::Suzzanna: Malam Jumat Kliwon (2023),1,komentar
user_78205aa77b20,FILM::Suzzanna: Malam Jumat Kliwon (2023),1,komentar
user_7873be785f8e,FILM::Suzzanna: Malam Jumat Kliwon (2023),1,komentar
user_7879f06378bf,FILM::Suzzanna: Malam Jumat Kliwon (2023),1,komentar
user_787cc8a7a5f4,FILM::Suzzanna: Malam Jumat Kliwon (2023),3,komentar
user_78ff21b2c97b,FILM::Suzzanna: Malam Jumat Kliwon (2023),4,komentar
user_792d32821f1f,FILM::Suzzanna: Malam Jumat Kliwon (2023),1,komentar
user_792fced3d3da,FILM::Suzzanna: Malam Jumat Kliwon (2023),1,komentar
user_7937051e7376,FILM::Suzzanna: Malam Jumat Kliwon (2023),1,komentar
user_7953265aca71,FILM::Suzzanna: Malam Jumat Kliwon (2023),1,komentar
user_79d97766898c,FILM::Suzzanna: Malam Jumat Kliwon (2023),1,komentar
user_79e4b1a07b7f,FILM::Suzzanna: Malam Jumat Kliwon (2023),1,komentar
user_7a2b08d0f531,FILM::Suzzanna: Malam Jumat Kliwon (2023),1,komentar
user_7a7d26763940,FILM::Suzzanna: Malam Jumat Kliwon (2023),1,komentar
user_7ad36f7fe966,FILM::Suzzanna: Malam Jumat Kliwon (2023),1,komentar
user_7aea9adaf43d,FILM::Suzzanna: Malam Jumat Kliwon (2023),1,komentar
user_7af10e7ca1d2,FILM::Suzzanna: Malam Jumat Kliwon (2023),3,komentar
user_7afc09fa2c21,FILM::Suzzanna: Malam Jumat Kliwon (2023),1,komentar
user_7b393a0cf947,FILM::Suzzanna: Malam Jumat Kliwon (2023),1,komentar
user_7b52e048de16,FILM::Suzzanna: Malam Jumat Kliwon (2023),1,komentar
user_7b96ba9139ad,FILM::Suzzanna: Malam Jumat Kliwon (2023),1,komentar
user_7b9a4a38a0fe,FILM::Suzzanna: Malam Jumat Kliwon (2023),1,komentar
user_7bba03c61fac,FILM::Suzzanna: Malam Jumat Kliwon (2023),1,komentar
user_7bc20976ce05,FILM::Suzzanna: Malam Jumat Kliwon (2023),1,komentar
user_7be2ca3151dc,FILM::Suzzanna: Malam Jumat Kliwon (2023),1,komentar
user_7bfc7fcfb457,FILM::Suzzanna: Malam Jumat Kliwon (2023),1,komentar
user_7c8e6fa3b7e9,FILM::Suzzanna: Malam Jumat Kliwon (2023),1,komentar
user_7cc49b55e0cc,FILM::Suzzanna: Malam Jumat Kliwon (2023),1,komentar
user_7d07cd6ff4c9,FILM::Suzzanna: Malam Jumat Kliwon (2023),1,komentar
user_7d1977ff1a22,FILM::Suzzanna: Malam Jumat Kliwon (2023),1,komentar
user_7d219633150b,FILM::Suzzanna: Malam Jumat Kliwon (2023),1,komentar
user_7d230a3b51b9,FILM::Suzzanna: Malam Jumat Kliwon (2023),2,komentar
user_7d252d5738f0,FILM::Suzzanna: Malam Jumat Kliwon (2023),1,komentar
user_7d2d481b4971,FILM::Suzzanna: Malam Jumat Kliwon (2023),1,komentar
user_7d567538172f,FILM::Suzzanna: Malam Jumat Kliwon (2023),1,komentar
user_7d7fe0655a1e,FILM::Suzzanna: Malam Jumat Kliwon (2023),1,komentar
user_7dcce5db87cb,FILM::Suzzanna: Malam Jumat Kliwon (2023),1,komentar
user_7e74dd8c52b9,FILM::Suzzanna: Malam Jumat Kliwon (2023),1,komentar
user_7e7b6abad086,FILM::Suzzanna: Malam Jumat Kliwon (2023),1,komentar
user_7e885af6c4f8,FILM::Suzzanna: Malam Jumat Kliwon (2023),1,komentar
user_7ed3908a4262,FILM::Suzzanna: Malam Jumat Kliwon (2023),1,komentar
user_7ed92d4ab25c,FILM::Suzzanna: Malam Jumat Kliwon (2023),1,komentar
user_7ee1436d41a2,FILM::Suzzanna: Malam Jumat Kliwon (2023),1,komentar
user_7f2959a6c0cc,FILM::Suzzanna: Malam Jumat Kliwon (2023),1,komentar
user_7f37aaac917d,FILM::Suzzanna: Malam Jumat Kliwon (2023),1,komentar
user_7f3c324ccf28,FILM::Suzzanna: Malam Jumat Kliwon (2023),1,komentar
user_7f52e27724e3,FILM::Suzzanna: Malam Jumat Kliwon (2023),1,komentar
user_7f566083023c,FILM::Suzzanna: Malam Jumat Kliwon (2023),1,komentar
user_7f76df44c738,FILM::Suzzanna: Malam Jumat Kliwon (2023),1,komentar
user_80390c2e430a,FILM::Suzzanna: Malam Jumat Kliwon (2023),1,komentar
user_80800918d8ed,FILM::Suzzanna: Malam Jumat Kliwon (2023),1,komentar
user_808fc93348a8,FILM::Suzzanna: Malam Jumat Kliwon (2023),1,komentar
user_80951bdb7209,FILM::Suzzanna: Malam Jumat Kliwon (2023),1,komentar
user_80bcbcd40c30,FILM::Suzzanna: Malam Jumat Kliwon (2023),1,komentar
user_80bd49984cec,FILM::Suzzanna: Malam Jumat Kliwon (2023),1,komentar
user_80eafb2a1dea,FILM::Suzzanna: Malam Jumat Kliwon (2023),1,komentar
user_816d761e4a8e,FILM::Suzzanna: Malam Jumat Kliwon (2023),1,komentar
user_8199b89046ba,FILM::Suzzanna: Malam Jumat Kliwon (2023),1,komentar
user_81a6da69a746,FILM::Suzzanna: Malam Jumat Kliwon (2023),1,komentar
user_81c80a25204b,FILM::Suzzanna: Malam Jumat Kliwon (2023),1,komentar
user_81ee6e95f6be,FILM::Suzzanna: Malam Jumat Kliwon (2023),1,komentar
user_8202eca3ec89,FILM::Suzzanna: Malam Jumat Kliwon (2023),1,komentar
user_8214cc85aab5,FILM::Suzzanna: Malam Jumat Kliwon (2023),1,komentar
user_8271cc9c57fd,FILM::Suzzanna: Malam Jumat Kliwon (2023),1,komentar
user_827f1e9dc398,FILM::Suzzanna: Malam Jumat Kliwon (2023),1,komentar
user_82a08603631f,FILM::Suzzanna: Malam Jumat Kliwon (2023),3,komentar
user_82c861465076,FILM::Suzzanna: Malam Jumat Kliwon (2023),1,komentar
user_82f616761fea,FILM::Suzzanna: Malam Jumat Kliwon (2023),1,komentar
user_835853c3c30d,FILM::Suzzanna: Malam Jumat Kliwon (2023),2,komentar
user_839c22c484a7,FILM::Suzzanna: Malam Jumat Kliwon (2023),1,komentar
user_83f37824283f,FILM::Suzzanna: Malam Jumat Kliwon (2023),1,komentar
user_83f579e99b05,FILM::Suzzanna: Malam Jumat Kliwon (2023),1,komentar
user_844ac0192458,FILM::Suzzanna: Malam Jumat Kliwon (2023),1,komentar
user_84521de5ff6b,FILM::Suzzanna: Malam Jumat Kliwon (2023),1,komentar
user_8483778a9d9e,FILM::Suzzanna: Malam Jumat Kliwon (2023),1,komentar
user_84b8b839929e,FILM::Suzzanna: Malam Jumat Kliwon (2023),1,komentar
user_84bbc6d1efff,FILM::Suzzanna: Malam Jumat Kliwon (2023),1,komentar
user_84d7d240a536,FILM::Suzzanna: Malam Jumat Kliwon (2023),1,komentar
user_84d7da9f41f3,FILM::Suzzanna: Malam Jumat Kliwon (2023),1,komentar
user_84fd599b3c5b,FILM::Suzzanna: Malam Jumat Kliwon (2023),1,komentar
user_851fd7916eeb,FILM::Suzzanna: Malam Jumat Kliwon (2023),1,komentar
user_852a9b40b555,FILM::Suzzanna: Malam Jumat Kliwon (2023),1,komentar
user_856083e8ffc9,FILM::Suzzanna: Malam Jumat Kliwon (2023),1,komentar
user_856262dca2ad,FILM::Suzzanna: Malam Jumat Kliwon (2023),1,komentar
user_85d450c290eb,FILM::Suzzanna: Malam Jumat Kliwon (2023),1,komentar
user_85d4ad2cfee2,FILM::Suzzanna: Malam Jumat Kliwon (2023),1,komentar
user_85eadf12196c,FILM::Suzzanna: Malam Jumat Kliwon (2023),1,komentar
user_860557171296,FILM::Suzzanna: Malam Jumat Kliwon (2023),1,komentar
user_8610e4bdb13a,FILM::Suzzanna: Malam Jumat Kliwon (2023),1,komentar
user_8638ae055717,FILM::Suzzanna: Malam Jumat Kliwon (2023),1,komentar
user_8656959173d1,FILM::Suzzanna: Malam Jumat Kliwon (2023),1,komentar
user_86ce22a83524,FILM::Suzzanna: Malam Jumat Kliwon (2023),1,komentar
user_86cfee5e6027,FILM::Suzzanna: Malam Jumat Kliwon (2023),1,komentar
user_871d8c2be1f4,FILM::Suzzanna: Malam Jumat Kliwon (2023),1,komentar
user_876ba71d5c63,FILM::Suzzanna: Malam Jumat Kliwon (2023),1,komentar
user_87f2573371fa,FILM::Suzzanna: Malam Jumat Kliwon (2023),1,komentar
user_88da5abbe3c6,FILM::Suzzanna: Malam Jumat Kliwon (2023),1,komentar
user_88e21d327dc1,FILM::Suzzanna: Malam Jumat Kliwon (2023),1,komentar
user_88e27b5f568e,FILM::Suzzanna: Malam Jumat Kliwon (2023),1,komentar
user_890f71c2ce77,FILM::Suzzanna: Malam Jumat Kliwon (2023),1,komentar
user_891cc0d0113b,FILM::Suzzanna: Malam Jumat Kliwon (2023),1,komentar
user_89335d85e764,FILM::Suzzanna: Malam Jumat Kliwon (2023),6,komentar
user_893454f0c307,FILM::Suzzanna: Malam Jumat Kliwon (2023),2,komentar
user_895881064823,FILM::Suzzanna: Malam Jumat Kliwon (2023),1,komentar
user_8958f39ec03a,FILM::Suzzanna: Malam Jumat Kliwon (2023),1,komentar
user_8969d8d208bd,FILM::Suzzanna: Malam Jumat Kliwon (2023),2,komentar
user_89bfd02798dd,FILM::Suzzanna: Malam Jumat Kliwon (2023),1,komentar
user_89d678f93aa8,FILM::Suzzanna: Malam Jumat Kliwon (2023),1,komentar
user_89fef09a06bf,FILM::Suzzanna: Malam Jumat Kliwon (2023),1,komentar
user_8a380bc7ac6a,FILM::Suzzanna: Malam Jumat Kliwon (2023),1,komentar
user_8a806a7ec44c,FILM::Suzzanna: Malam Jumat Kliwon (2023),1,komentar
user_8a9ef6093c1e,FILM::Suzzanna: Malam Jumat Kliwon (2023),1,komentar
user_8aa4a32d3ebe,FILM::Suzzanna: Malam Jumat Kliwon (2023),2,komentar
user_8ab68f6fd84d,FILM::Suzzanna: Malam Jumat Kliwon (2023),1,komentar
user_8af0689a703e,FILM::Suzzanna: Malam Jumat Kliwon (2023),1,komentar
user_8b0200b9c23e,FILM::Suzzanna: Malam Jumat Kliwon (2023),2,komentar
user_8ba514f51eeb,FILM::Suzzanna: Malam Jumat Kliwon (2023),2,komentar
user_8bae408b983a,FILM::Suzzanna: Malam Jumat Kliwon (2023),1,komentar
user_8bb157d369ed,FILM::Suzzanna: Malam Jumat Kliwon (2023),3,komentar
user_8bcb712d483c,FILM::Suzzanna: Malam Jumat Kliwon (2023),1,komentar
user_8c073a08d04f,FILM::Suzzanna: Malam Jumat Kliwon (2023),1,komentar
user_8c49918daf02,FILM::Suzzanna: Malam Jumat Kliwon (2023),1,komentar
user_8c7c1dd6e84f,FILM::Suzzanna: Malam Jumat Kliwon (2023),1,komentar
user_8c96b99466d7,FILM::Suzzanna: Malam Jumat Kliwon (2023),1,komentar
user_8d252639e2ea,FILM::Suzzanna: Malam Jumat Kliwon (2023),1,komentar
user_8d3306aa4887,FILM::Suzzanna: Malam Jumat Kliwon (2023),1,komentar
user_8d3621339f73,FILM::Suzzanna: Malam Jumat Kliwon (2023),1,komentar
user_8d5ed5b58832,FILM::Suzzanna: Malam Jumat Kliwon (2023),1,komentar
user_8d64668da80b,FILM::Suzzanna: Malam Jumat Kliwon (2023),1,komentar
user_8d8391bf939b,FILM::Suzzanna: Malam Jumat Kliwon (2023),1,komentar
user_8d9acf8e09f4,FILM::Suzzanna: Malam Jumat Kliwon (2023),1,komentar
user_8db675114b5d,FILM::Suzzanna: Malam Jumat Kliwon (2023),1,komentar
user_8dfae3b4e642,FILM::Suzzanna: Malam Jumat Kliwon (2023),1,komentar
user_8e68edaa8926,FILM::Suzzanna: Malam Jumat Kliwon (2023),1,komentar
user_8e74d4e3fe0d,FILM::Suzzanna: Malam Jumat Kliwon (2023),1,komentar
user_8eb276dca2f6,FILM::Suzzanna: Malam Jumat Kliwon (2023),1,komentar
user_8eb40ad9a3e7,FILM::Suzzanna: Malam Jumat Kliwon (2023),2,komentar
user_8f2202bc796d,FILM::Suzzanna: Malam Jumat Kliwon (2023),4,komentar
user_8f27eab5f2b6,FILM::Suzzanna: Malam Jumat Kliwon (2023),1,komentar
user_8f2abd0d7d10,FILM::Suzzanna: Malam Jumat Kliwon (2023),1,komentar
user_8f6d3d3624a3,FILM::Suzzanna: Malam Jumat Kliwon (2023),1,komentar
user_8f6f1694b6c4,FILM::Suzzanna: Malam Jumat Kliwon (2023),2,komentar
user_8f70d39f75d1,FILM::Suzzanna: Malam Jumat Kliwon (2023),1,komentar
user_8f9def534a3c,FILM::Suzzanna: Malam Jumat Kliwon (2023),1,komentar
user_8fe4239da78f,FILM::Suzzanna: Malam Jumat Kliwon (2023),1,komentar
user_906f3c536d7e,FILM::Suzzanna: Malam Jumat Kliwon (2023),1,komentar
user_90733ced5c63,FILM::Suzzanna: Malam Jumat Kliwon (2023),1,komentar
user_90b1439cfb0e,FILM::Suzzanna: Malam Jumat Kliwon (2023),1,komentar
user_9138d9131674,FILM::Suzzanna: Malam Jumat Kliwon (2023),1,komentar
user_9162449b08eb,FILM::Suzzanna: Malam Jumat Kliwon (2023),1,komentar
user_9197a11c04aa,FILM::Suzzanna: Malam Jumat Kliwon (2023),1,komentar
user_9198acb1c840,FILM::Suzzanna: Malam Jumat Kliwon (2023),2,komentar
user_9200736da38e,FILM::Suzzanna: Malam Jumat Kliwon (2023),1,komentar
user_9210478589b6,FILM::Suzzanna: Malam Jumat Kliwon (2023),1,komentar
user_92ddd0d76c8d,FILM::Suzzanna: Malam Jumat Kliwon (2023),1,komentar
user_92f8b4229519,FILM::Suzzanna: Malam Jumat Kliwon (2023),1,komentar
user_9353afc2c3dd,FILM::Suzzanna: Malam Jumat Kliwon (2023),1,komentar
user_9373a0274cf0,FILM::Suzzanna: Malam Jumat Kliwon (2023),1,komentar
user_93b50ca3e005,FILM::Suzzanna: Malam Jumat Kliwon (2023),1,komentar
user_93e606134182,FILM::Suzzanna: Malam Jumat Kliwon (2023),1,komentar
user_942376604551,FILM::Suzzanna: Malam Jumat Kliwon (2023),1,komentar
user_945b839046a9,FILM::Suzzanna: Malam Jumat Kliwon (2023),1,komentar
user_94784fd06caf,FILM::Suzzanna: Malam Jumat Kliwon (2023),1,komentar
user_94c940059a32,FILM::Suzzanna: Malam Jumat Kliwon (2023),1,komentar
user_94e9483f985f,FILM::Suzzanna: Malam Jumat Kliwon (2023),1,komentar
user_94f36e4edcfc,FILM::Suzzanna: Malam Jumat Kliwon (2023),1,komentar
user_950b4f845ad5,FILM::Suzzanna: Malam Jumat Kliwon (2023),1,komentar
user_9549920d85dc,FILM::Suzzanna: Malam Jumat Kliwon (2023),1,komentar
user_955527ada36f,FILM::Suzzanna: Malam Jumat Kliwon (2023),1,komentar
user_9564ce7c600d,FILM::Suzzanna: Malam Jumat Kliwon (2023),1,komentar
user_95b062b3182e,FILM::Suzzanna: Malam Jumat Kliwon (2023),2,komentar
user_95eb098d55e2,FILM::Suzzanna: Malam Jumat Kliwon (2023),1,komentar
user_9618e74aac7e,FILM::Suzzanna: Malam Jumat Kliwon (2023),1,komentar
user_962f6d4b8e24,FILM::Suzzanna: Malam Jumat Kliwon (2023),1,komentar
user_9636ea41476e,FILM::Suzzanna: Malam Jumat Kliwon (2023),1,komentar
user_965dd7f382a4,FILM::Suzzanna: Malam Jumat Kliwon (2023),1,komentar
user_968b9686ce51,FILM::Suzzanna: Malam Jumat Kliwon (2023),1,komentar
user_96910156d6eb,FILM::Suzzanna: Malam Jumat Kliwon (2023),1,komentar
user_976e2cb8b047,FILM::Suzzanna: Malam Jumat Kliwon (2023),1,komentar
user_97794963c8b2,FILM::Suzzanna: Malam Jumat Kliwon (2023),1,komentar
user_978f077d08d0,FILM::Suzzanna: Malam Jumat Kliwon (2023),1,komentar
user_97ab78a0499e,FILM::Suzzanna: Malam Jumat Kliwon (2023),2,komentar
user_97f15435e60d,FILM::Suzzanna: Malam Jumat Kliwon (2023),1,komentar
user_98041b08bdcf,FILM::Suzzanna: Malam Jumat Kliwon (2023),1,komentar
user_9831f6793629,FILM::Suzzanna: Malam Jumat Kliwon (2023),3,komentar
user_98bf181de219,FILM::Suzzanna: Malam Jumat Kliwon (2023),2,komentar
user_993b45aee711,FILM::Suzzanna: Malam Jumat Kliwon (2023),1,komentar
user_99512dca0912,FILM::Suzzanna: Malam Jumat Kliwon (2023),1,komentar
user_996624b1da39,FILM::Suzzanna: Malam Jumat Kliwon (2023),1,komentar
user_99939ab59358,FILM::Suzzanna: Malam Jumat Kliwon (2023),1,komentar
user_9995d401e1c3,FILM::Suzzanna: Malam Jumat Kliwon (2023),1,komentar
user_9a1077254ff4,FILM::Suzzanna: Malam Jumat Kliwon (2023),1,komentar
user_9a1286a60664,FILM::Suzzanna: Malam Jumat Kliwon (2023),1,komentar
user_9a15aecef9c4,FILM::Suzzanna: Malam Jumat Kliwon (2023),1,komentar
user_9a4247840967,FILM::Suzzanna: Malam Jumat Kliwon (2023),1,komentar
user_9a47da20756c,FILM::Suzzanna: Malam Jumat Kliwon (2023),1,komentar
user_9a77ca2a391a,FILM::Suzzanna: Malam Jumat Kliwon (2023),1,komentar
user_9a9d10dc27e1,FILM::Suzzanna: Malam Jumat Kliwon (2023),1,komentar
user_9ad6e6bb166f,FILM::Suzzanna: Malam Jumat Kliwon (2023),1,komentar
user_9b0764b8d42b,FILM::Suzzanna: Malam Jumat Kliwon (2023),1,komentar
user_9b100924e540,FILM::Suzzanna: Malam Jumat Kliwon (2023),1,komentar
user_9b387ff01c07,FILM::Suzzanna: Malam Jumat Kliwon (2023),3,komentar
user_9b3f96f969bf,FILM::Suzzanna: Malam Jumat Kliwon (2023),1,komentar
user_9bcfe8fea62d,FILM::Suzzanna: Malam Jumat Kliwon (2023),1,komentar
user_9c031d210ee4,FILM::Suzzanna: Malam Jumat Kliwon (2023),1,komentar
user_9c4b3a1ebfff,FILM::Suzzanna: Malam Jumat Kliwon (2023),1,komentar
user_9c559b1625c9,FILM::Suzzanna: Malam Jumat Kliwon (2023),1,komentar
user_9c70cd1fe700,FILM::Suzzanna: Malam Jumat Kliwon (2023),1,komentar
user_9cbbc375f451,FILM::Suzzanna: Malam Jumat Kliwon (2023),1,komentar
user_9cf68b8e3d13,FILM::Suzzanna: Malam Jumat Kliwon (2023),1,komentar
user_9d023c46a593,FILM::Suzzanna: Malam Jumat Kliwon (2023),1,komentar
user_9d208e8f0c2b,FILM::Suzzanna: Malam Jumat Kliwon (2023),1,komentar
user_9d60e667eeea,FILM::Suzzanna: Malam Jumat Kliwon (2023),1,komentar
user_9d7bccbfc985,FILM::Suzzanna: Malam Jumat Kliwon (2023),1,komentar
user_9dcdcaf50d21,FILM::Suzzanna: Malam Jumat Kliwon (2023),1,komentar
user_9eac978153c0,FILM::Suzzanna: Malam Jumat Kliwon (2023),1,komentar
user_9eeb1d061394,FILM::Suzzanna: Malam Jumat Kliwon (2023),1,komentar
user_9f09ccf1761d,FILM::Suzzanna: Malam Jumat Kliwon (2023),1,komentar
user_9f15fd36a626,FILM::Suzzanna: Malam Jumat Kliwon (2023),1,komentar
user_9f925e2123ef,FILM::Suzzanna: Malam Jumat Kliwon (2023),1,komentar
user_9fb55fb1d0fc,FILM::Suzzanna: Malam Jumat Kliwon (2023),1,komentar
user_9fcf85b8f834,FILM::Suzzanna: Malam Jumat Kliwon (2023),1,komentar
user_a0079154e4b5,FILM::Suzzanna: Malam Jumat Kliwon (2023),1,komentar
user_a0287854630c,FILM::Suzzanna: Malam Jumat Kliwon (2023),1,komentar
user_a0482e7ae7ab,FILM::Suzzanna: Malam Jumat Kliwon (2023),2,komentar
user_a0522c66afa5,FILM::Suzzanna: Malam Jumat Kliwon (2023),1,komentar
user_a06e99207f11,FILM::Suzzanna: Malam Jumat Kliwon (2023),1,komentar
user_a097610ed559,FILM::Suzzanna: Malam Jumat Kliwon (2023),1,komentar
user_a09b8cdcf592,FILM::Suzzanna: Malam Jumat Kliwon (2023),1,komentar
user_a09d462c0154,FILM::Suzzanna: Malam Jumat Kliwon (2023),1,komentar
user_a0c027f54632,FILM::Suzzanna: Malam Jumat Kliwon (2023),1,komentar
user_a0d102e67ad1,FILM::Suzzanna: Malam Jumat Kliwon (2023),1,komentar
user_a1243582e221,FILM::Suzzanna: Malam Jumat Kliwon (2023),1,komentar
user_a13c9478e01d,FILM::Suzzanna: Malam Jumat Kliwon (2023),1,komentar
user_a1634c04575b,FILM::Suzzanna: Malam Jumat Kliwon (2023),1,komentar
user_a199c7de30ac,FILM::Suzzanna: Malam Jumat Kliwon (2023),1,komentar
user_a19e5466c2b5,FILM::Suzzanna: Malam Jumat Kliwon (2023),1,komentar
user_a1a0a4c9eede,FILM::Suzzanna: Malam Jumat Kliwon (2023),2,komentar
user_a1aec858b42d,FILM::Suzzanna: Malam Jumat Kliwon (2023),1,komentar
user_a1e23d1fe70f,FILM::Suzzanna: Malam Jumat Kliwon (2023),1,komentar
user_a1fa9ef76588,FILM::Suzzanna: Malam Jumat Kliwon (2023),1,komentar
user_a230ac0301e6,FILM::Suzzanna: Malam Jumat Kliwon (2023),1,komentar
user_a28c9ad023d3,FILM::Suzzanna: Malam Jumat Kliwon (2023),1,komentar
user_a2d93f59b168,FILM::Suzzanna: Malam Jumat Kliwon (2023),1,komentar
user_a3056745dcf8,FILM::Suzzanna: Malam Jumat Kliwon (2023),1,komentar
user_a31e826d006f,FILM::Suzzanna: Malam Jumat Kliwon (2023),1,komentar
user_a3ae76d6c184,FILM::Suzzanna: Malam Jumat Kliwon (2023),1,komentar
user_a3d3aa35918b,FILM::Suzzanna: Malam Jumat Kliwon (2023),1,komentar
user_a3f1ca04f679,FILM::Suzzanna: Malam Jumat Kliwon (2023),1,komentar
user_a4129a0e28ab,FILM::Suzzanna: Malam Jumat Kliwon (2023),1,komentar
user_a44329be48bb,FILM::Suzzanna: Malam Jumat Kliwon (2023),1,komentar
user_a493c3684449,FILM::Suzzanna: Malam Jumat Kliwon (2023),1,komentar
user_a4c10f7ffa6a,FILM::Suzzanna: Malam Jumat Kliwon (2023),1,komentar
user_a4c75f32ded2,FILM::Suzzanna: Malam Jumat Kliwon (2023),1,komentar
user_a4c8a7adcaf9,FILM::Suzzanna: Malam Jumat Kliwon (2023),1,komentar
user_a50f1808e258,FILM::Suzzanna: Malam Jumat Kliwon (2023),1,komentar
user_a51ed866b375,FILM::Suzzanna: Malam Jumat Kliwon (2023),1,komentar
user_a569a6d033b5,FILM::Suzzanna: Malam Jumat Kliwon (2023),1,komentar
user_a5a1addb8a5b,FILM::Suzzanna: Malam Jumat Kliwon (2023),1,komentar
user_a5c14368f7dc,FILM::Suzzanna: Malam Jumat Kliwon (2023),1,komentar
user_a662e66c5d96,FILM::Suzzanna: Malam Jumat Kliwon (2023),1,komentar
user_a70c1b17b992,FILM::Suzzanna: Malam Jumat Kliwon (2023),1,komentar
user_a71a3aff9651,FILM::Suzzanna: Malam Jumat Kliwon (2023),1,komentar
user_a74031e8c122,FILM::Suzzanna: Malam Jumat Kliwon (2023),2,komentar
user_a741d6bf890d,FILM::Suzzanna: Malam Jumat Kliwon (2023),1,komentar
user_a7577c9bee1b,FILM::Suzzanna: Malam Jumat Kliwon (2023),1,komentar
user_a75de2b17464,FILM::Suzzanna: Malam Jumat Kliwon (2023),1,komentar
user_a7621b3ca90d,FILM::Suzzanna: Malam Jumat Kliwon (2023),1,komentar
user_a7a403b9a2bc,FILM::Suzzanna: Malam Jumat Kliwon (2023),2,komentar
user_a80cf59822cc,FILM::Suzzanna: Malam Jumat Kliwon (2023),2,komentar
user_a83c4c3105a9,FILM::Suzzanna: Malam Jumat Kliwon (2023),1,komentar
user_a84f429802c9,FILM::Suzzanna: Malam Jumat Kliwon (2023),1,komentar
user_a8964ca5dc4d,FILM::Suzzanna: Malam Jumat Kliwon (2023),1,komentar
user_a8d1e9e74f75,FILM::Suzzanna: Malam Jumat Kliwon (2023),1,komentar
user_a8e4c72a6172,FILM::Suzzanna: Malam Jumat Kliwon (2023),1,komentar
user_a8ff3efa8826,FILM::Suzzanna: Malam Jumat Kliwon (2023),1,komentar
user_a94fed5ed48f,FILM::Suzzanna: Malam Jumat Kliwon (2023),1,komentar
user_a95f219b9ecc,FILM::Suzzanna: Malam Jumat Kliwon (2023),2,komentar
user_a97656a723a0,FILM::Suzzanna: Malam Jumat Kliwon (2023),1,komentar
user_a98bdfa430ab,FILM::Suzzanna: Malam Jumat Kliwon (2023),1,komentar
user_a9ab83b2cf65,FILM::Suzzanna: Malam Jumat Kliwon (2023),1,komentar
user_a9d3e90e039e,FILM::Suzzanna: Malam Jumat Kliwon (2023),1,komentar
user_a9e3afa36b48,FILM::Suzzanna: Malam Jumat Kliwon (2023),2,komentar
user_aa19905029fe,FILM::Suzzanna: Malam Jumat Kliwon (2023),1,komentar
user_aa5c4643884f,FILM::Suzzanna: Malam Jumat Kliwon (2023),1,komentar
user_aa7dcbab7b73,FILM::Suzzanna: Malam Jumat Kliwon (2023),1,komentar
user_aaa3f639ed8e,FILM::Suzzanna: Malam Jumat Kliwon (2023),2,komentar
user_aaa8eda15cf8,FILM::Suzzanna: Malam Jumat Kliwon (2023),1,komentar
user_aabac80b6b90,FILM::Suzzanna: Malam Jumat Kliwon (2023),1,komentar
user_aaf7296bdc6d,FILM::Suzzanna: Malam Jumat Kliwon (2023),1,komentar
user_ab14ca1b3ede,FILM::Suzzanna: Malam Jumat Kliwon (2023),1,komentar
user_ab47f0782cac,FILM::Suzzanna: Malam Jumat Kliwon (2023),1,komentar
user_ab4aedde8bce,FILM::Suzzanna: Malam Jumat Kliwon (2023),1,komentar
user_abb63e6aecb6,FILM::Suzzanna: Malam Jumat Kliwon (2023),4,komentar
user_abe704d52d97,FILM::Suzzanna: Malam Jumat Kliwon (2023),1,komentar
user_abf331afd9e9,FILM::Suzzanna: Malam Jumat Kliwon (2023),2,komentar
user_ac1cd7d52c0c,FILM::Suzzanna: Malam Jumat Kliwon (2023),2,komentar
user_ac2f25f3160d,FILM::Suzzanna: Malam Jumat Kliwon (2023),1,komentar
user_ac3675ef8261,FILM::Suzzanna: Malam Jumat Kliwon (2023),1,komentar
user_ac5a76cbdd62,FILM::Suzzanna: Malam Jumat Kliwon (2023),1,komentar
user_ac8854453db1,FILM::Suzzanna: Malam Jumat Kliwon (2023),1,komentar
user_ac918c2dd0d5,FILM::Suzzanna: Malam Jumat Kliwon (2023),1,komentar
user_ad0dea1ae2b8,FILM::Suzzanna: Malam Jumat Kliwon (2023),1,komentar
user_ad1d60dd0fe9,FILM::Suzzanna: Malam Jumat Kliwon (2023),2,komentar
user_ad4fb893a3dd,FILM::Suzzanna: Malam Jumat Kliwon (2023),1,komentar
user_adbf248ca1fb,FILM::Suzzanna: Malam Jumat Kliwon (2023),1,komentar
user_ae24f719e5d2,FILM::Suzzanna: Malam Jumat Kliwon (2023),1,komentar
user_ae88eb9a302f,FILM::Suzzanna: Malam Jumat Kliwon (2023),1,komentar
user_aed118a0cb01,FILM::Suzzanna: Malam Jumat Kliwon (2023),1,komentar
user_af337e934733,FILM::Suzzanna: Malam Jumat Kliwon (2023),1,komentar
user_af4170f19acb,FILM::Suzzanna: Malam Jumat Kliwon (2023),1,komentar
user_af6282507adf,FILM::Suzzanna: Malam Jumat Kliwon (2023),1,komentar
user_af772dd7f5a3,FILM::Suzzanna: Malam Jumat Kliwon (2023),1,komentar
user_afe5e4f8a5fa,FILM::Suzzanna: Malam Jumat Kliwon (2023),1,komentar
user_afe5f01254c4,FILM::Suzzanna: Malam Jumat Kliwon (2023),1,komentar
user_b07b2f142c99,FILM::Suzzanna: Malam Jumat Kliwon (2023),1,komentar
user_b0acf01c5c67,FILM::Suzzanna: Malam Jumat Kliwon (2023),1,komentar
user_b0e15cd15915,FILM::Suzzanna: Malam Jumat Kliwon (2023),1,komentar
user_b0f67f4abfab,FILM::Suzzanna: Malam Jumat Kliwon (2023),3,komentar
user_b12c6eab07b3,FILM::Suzzanna: Malam Jumat Kliwon (2023),1,komentar
user_b1755ef7467f,FILM::Suzzanna: Malam Jumat Kliwon (2023),1,komentar
user_b1a16dec21cb,FILM::Suzzanna: Malam Jumat Kliwon (2023),1,komentar
user_b1bbcb9ed465,FILM::Suzzanna: Malam Jumat Kliwon (2023),1,komentar
user_b1e248a8f498,FILM::Suzzanna: Malam Jumat Kliwon (2023),1,komentar
user_b200a9839331,FILM::Suzzanna: Malam Jumat Kliwon (2023),1,komentar
user_b211d815fa4a,FILM::Suzzanna: Malam Jumat Kliwon (2023),1,komentar
user_b218558831c0,FILM::Suzzanna: Malam Jumat Kliwon (2023),1,komentar
user_b250fb477209,FILM::Suzzanna: Malam Jumat Kliwon (2023),1,komentar
user_b25908867eb8,FILM::Suzzanna: Malam Jumat Kliwon (2023),1,komentar
user_b29fcf43b25b,FILM::Suzzanna: Malam Jumat Kliwon (2023),1,komentar
user_b2cfb92adf2e,FILM::Suzzanna: Malam Jumat Kliwon (2023),1,komentar
user_b2e7ac655a94,FILM::Suzzanna: Malam Jumat Kliwon (2023),1,komentar
user_b2e7b6279f98,FILM::Suzzanna: Malam Jumat Kliwon (2023),1,komentar
user_b2e7c0fab25f,FILM::Suzzanna: Malam Jumat Kliwon (2023),1,komentar
user_b3ae40d47f3a,FILM::Suzzanna: Malam Jumat Kliwon (2023),1,komentar
user_b3d3549b68b3,FILM::Suzzanna: Malam Jumat Kliwon (2023),1,komentar
user_b3fbbfc8b8c5,FILM::Suzzanna: Malam Jumat Kliwon (2023),1,komentar
user_b411e15d6e28,FILM::Suzzanna: Malam Jumat Kliwon (2023),2,komentar
user_b41fd9e463d9,FILM::Suzzanna: Malam Jumat Kliwon (2023),1,komentar
user_b490b579529c,FILM::Suzzanna: Malam Jumat Kliwon (2023),1,komentar
user_b4937dd2539a,FILM::Suzzanna: Malam Jumat Kliwon (2023),1,komentar
user_b4a2cae0cbf0,FILM::Suzzanna: Malam Jumat Kliwon (2023),1,komentar
user_b4a4adf3e05e,FILM::Suzzanna: Malam Jumat Kliwon (2023),1,komentar
user_b4a6c65417bd,FILM::Suzzanna: Malam Jumat Kliwon (2023),1,komentar
user_b4eb9b0588c6,FILM::Suzzanna: Malam Jumat Kliwon (2023),1,komentar
user_b525d531bf6a,FILM::Suzzanna: Malam Jumat Kliwon (2023),1,komentar
user_b58d5c9f4d21,FILM::Suzzanna: Malam Jumat Kliwon (2023),1,komentar
user_b59242f2cc74,FILM::Suzzanna: Malam Jumat Kliwon (2023),1,komentar
user_b5e670f6f514,FILM::Suzzanna: Malam Jumat Kliwon (2023),1,komentar
user_b601f569c270,FILM::Suzzanna: Malam Jumat Kliwon (2023),1,komentar
user_b60812964f9d,FILM::Suzzanna: Malam Jumat Kliwon (2023),1,komentar
user_b62a497561f5,FILM::Suzzanna: Malam Jumat Kliwon (2023),1,komentar
user_b673d304e8a0,FILM::Suzzanna: Malam Jumat Kliwon (2023),1,komentar
user_b6bea429a231,FILM::Suzzanna: Malam Jumat Kliwon (2023),1,komentar
user_b6c9ede1dcde,FILM::Suzzanna: Malam Jumat Kliwon (2023),2,komentar
user_b71c89dc1898,FILM::Suzzanna: Malam Jumat Kliwon (2023),1,komentar
user_b73ecdb52af3,FILM::Suzzanna: Malam Jumat Kliwon (2023),1,komentar
user_b74d28febf4f,FILM::Suzzanna: Malam Jumat Kliwon (2023),1,komentar
user_b766f1f64ed4,FILM::Suzzanna: Malam Jumat Kliwon (2023),2,komentar
user_b76c9543a123,FILM::Suzzanna: Malam Jumat Kliwon (2023),1,komentar
user_b7dbf28267d1,FILM::Suzzanna: Malam Jumat Kliwon (2023),1,komentar
user_b7f0860fee35,FILM::Suzzanna: Malam Jumat Kliwon (2023),1,komentar
user_b7f7bb653bed,FILM::Suzzanna: Malam Jumat Kliwon (2023),1,komentar
user_b803a0149d51,FILM::Suzzanna: Malam Jumat Kliwon (2023),1,komentar
user_b82f164d5a76,FILM::Suzzanna: Malam Jumat Kliwon (2023),1,komentar
user_b83a9db3eef0,FILM::Suzzanna: Malam Jumat Kliwon (2023),1,komentar
user_b85f897b191f,FILM::Suzzanna: Malam Jumat Kliwon (2023),2,komentar
user_b890c81fa3c5,FILM::Suzzanna: Malam Jumat Kliwon (2023),1,komentar
user_b8c150ac6c90,FILM::Suzzanna: Malam Jumat Kliwon (2023),1,komentar
user_b8d2f4919efc,FILM::Suzzanna: Malam Jumat Kliwon (2023),2,komentar
user_b8dee0088321,FILM::Suzzanna: Malam Jumat Kliwon (2023),2,komentar
user_b8e21623d4cc,FILM::Suzzanna: Malam Jumat Kliwon (2023),1,komentar
user_b8e517037a6f,FILM::Suzzanna: Malam Jumat Kliwon (2023),1,komentar
user_b8e720a5e885,FILM::Suzzanna: Malam Jumat Kliwon (2023),1,komentar
user_b8fc10c0a39b,FILM::Suzzanna: Malam Jumat Kliwon (2023),1,komentar
user_b981134b1970,FILM::Suzzanna: Malam Jumat Kliwon (2023),1,komentar
user_b9832ae60af1,FILM::Suzzanna: Malam Jumat Kliwon (2023),1,komentar
user_b98ca92bc290,FILM::Suzzanna: Malam Jumat Kliwon (2023),1,komentar
user_b9b6b6b00bd7,FILM::Suzzanna: Malam Jumat Kliwon (2023),3,komentar
user_b9dc51bc18e8,FILM::Suzzanna: Malam Jumat Kliwon (2023),1,komentar
user_b9ea239738da,FILM::Suzzanna: Malam Jumat Kliwon (2023),2,komentar
user_ba06e0d34d2f,FILM::Suzzanna: Malam Jumat Kliwon (2023),3,komentar
user_ba18e6546c61,FILM::Suzzanna: Malam Jumat Kliwon (2023),1,komentar
user_ba47f2f3637c,FILM::Suzzanna: Malam Jumat Kliwon (2023),1,komentar
user_ba507bfe3837,FILM::Suzzanna: Malam Jumat Kliwon (2023),1,komentar
user_baca54283017,FILM::Suzzanna: Malam Jumat Kliwon (2023),2,komentar
user_bacbf0372ff6,FILM::Suzzanna: Malam Jumat Kliwon (2023),1,komentar
user_bad8616e7549,FILM::Suzzanna: Malam Jumat Kliwon (2023),1,komentar
user_bb84dcae7ac2,FILM::Suzzanna: Malam Jumat Kliwon (2023),1,komentar
user_bb9b4b98eab7,FILM::Suzzanna: Malam Jumat Kliwon (2023),1,komentar
user_bbdccef5bed4,FILM::Suzzanna: Malam Jumat Kliwon (2023),1,komentar
user_bc16b6472c83,FILM::Suzzanna: Malam Jumat Kliwon (2023),3,komentar
user_bc1cd6f06fbc,FILM::Suzzanna: Malam Jumat Kliwon (2023),1,komentar
user_bc45fdefa632,FILM::Suzzanna: Malam Jumat Kliwon (2023),1,komentar
user_bc7a90d176d0,FILM::Suzzanna: Malam Jumat Kliwon (2023),1,komentar
user_bc9c48c5e684,FILM::Suzzanna: Malam Jumat Kliwon (2023),4,komentar
user_bcebd07d398e,FILM::Suzzanna: Malam Jumat Kliwon (2023),1,komentar
user_bda55de5781c,FILM::Suzzanna: Malam Jumat Kliwon (2023),1,komentar
user_bdb773ed6d1e,FILM::Suzzanna: Malam Jumat Kliwon (2023),1,komentar
user_bdf356a85e80,FILM::Suzzanna: Malam Jumat Kliwon (2023),1,komentar
user_be148afd4b6b,FILM::Suzzanna: Malam Jumat Kliwon (2023),1,komentar
user_be3dc1d615b8,FILM::Suzzanna: Malam Jumat Kliwon (2023),1,komentar
user_be6a0fd1a630,FILM::Suzzanna: Malam Jumat Kliwon (2023),1,komentar
user_be8b5d97b7e8,FILM::Suzzanna: Malam Jumat Kliwon (2023),1,komentar
user_be8e458cc266,FILM::Suzzanna: Malam Jumat Kliwon (2023),1,komentar
user_beda1ffa67de,FILM::Suzzanna: Malam Jumat Kliwon (2023),1,komentar
user_bf393614f269,FILM::Suzzanna: Malam Jumat Kliwon (2023),1,komentar
user_bffc40f1d7a9,FILM::Suzzanna: Malam Jumat Kliwon (2023),1,komentar
user_c02f1aa8bb60,FILM::Suzzanna: Malam Jumat Kliwon (2023),1,komentar
user_c04c5ddfee99,FILM::Suzzanna: Malam Jumat Kliwon (2023),2,komentar
user_c04ea96ba546,FILM::Suzzanna: Malam Jumat Kliwon (2023),1,komentar
user_c078493aa2cd,FILM::Suzzanna: Malam Jumat Kliwon (2023),1,komentar
user_c09ae7aae589,FILM::Suzzanna: Malam Jumat Kliwon (2023),1,komentar
user_c0b6ffead4d6,FILM::Suzzanna: Malam Jumat Kliwon (2023),1,komentar
user_c0c848efc4df,FILM::Suzzanna: Malam Jumat Kliwon (2023),1,komentar
user_c0d853a7013f,FILM::Suzzanna: Malam Jumat Kliwon (2023),1,komentar
user_c0ee8db199fd,FILM::Suzzanna: Malam Jumat Kliwon (2023),1,komentar
user_c0f9e971d85b,FILM::Suzzanna: Malam Jumat Kliwon (2023),1,komentar
user_c0fa77ead484,FILM::Suzzanna: Malam Jumat Kliwon (2023),1,komentar
user_c1275d228855,FILM::Suzzanna: Malam Jumat Kliwon (2023),2,komentar
user_c1477511e26f,FILM::Suzzanna: Malam Jumat Kliwon (2023),1,komentar
user_c17ee4591a4c,FILM::Suzzanna: Malam Jumat Kliwon (2023),1,komentar
user_c1c799851c01,FILM::Suzzanna: Malam Jumat Kliwon (2023),1,komentar
user_c1c965b3f8be,FILM::Suzzanna: Malam Jumat Kliwon (2023),1,komentar
user_c1e576049300,FILM::Suzzanna: Malam Jumat Kliwon (2023),1,komentar
user_c1e9f48b3e49,FILM::Suzzanna: Malam Jumat Kliwon (2023),1,komentar
user_c1ecb70e4e2c,FILM::Suzzanna: Malam Jumat Kliwon (2023),2,komentar
user_c21c213457dc,FILM::Suzzanna: Malam Jumat Kliwon (2023),1,komentar
user_c3a987f7ef08,FILM::Suzzanna: Malam Jumat Kliwon (2023),1,komentar
user_c3cb5fcf3285,FILM::Suzzanna: Malam Jumat Kliwon (2023),2,komentar
user_c3d7fc61c10e,FILM::Suzzanna: Malam Jumat Kliwon (2023),1,komentar
user_c3fb0a70876b,FILM::Suzzanna: Malam Jumat Kliwon (2023),1,komentar
user_c3fea7ccfd45,FILM::Suzzanna: Malam Jumat Kliwon (2023),1,komentar
user_c44caffe99fc,FILM::Suzzanna: Malam Jumat Kliwon (2023),1,komentar
user_c485f7be4c8c,FILM::Suzzanna: Malam Jumat Kliwon (2023),1,komentar
user_c4951f23002f,FILM::Suzzanna: Malam Jumat Kliwon (2023),1,komentar
user_c558932a6144,FILM::Suzzanna: Malam Jumat Kliwon (2023),1,komentar
user_c55d8f201721,FILM::Suzzanna: Malam Jumat Kliwon (2023),1,komentar
user_c58f636c7a6b,FILM::Suzzanna: Malam Jumat Kliwon (2023),1,komentar
user_c5a5b5f11c07,FILM::Suzzanna: Malam Jumat Kliwon (2023),1,komentar
user_c5f0f11a5159,FILM::Suzzanna: Malam Jumat Kliwon (2023),1,komentar
user_c714117fae32,FILM::Suzzanna: Malam Jumat Kliwon (2023),1,komentar
user_c714156441b5,FILM::Suzzanna: Malam Jumat Kliwon (2023),1,komentar
user_c73054fc9d72,FILM::Suzzanna: Malam Jumat Kliwon (2023),1,komentar
user_c730dbef6349,FILM::Suzzanna: Malam Jumat Kliwon (2023),1,komentar
user_c760ea6e1773,FILM::Suzzanna: Malam Jumat Kliwon (2023),1,komentar
user_c764cd8180f5,FILM::Suzzanna: Malam Jumat Kliwon (2023),1,komentar
user_c783d2af2210,FILM::Suzzanna: Malam Jumat Kliwon (2023),1,komentar
user_c7ca15e2fab6,FILM::Suzzanna: Malam Jumat Kliwon (2023),1,komentar
user_c85bd23eb875,FILM::Suzzanna: Malam Jumat Kliwon (2023),1,komentar
user_c86d4bca5d7c,FILM::Suzzanna: Malam Jumat Kliwon (2023),1,komentar
user_c872731cc97d,FILM::Suzzanna: Malam Jumat Kliwon (2023),1,komentar
user_c872dbf8a18c,FILM::Suzzanna: Malam Jumat Kliwon (2023),1,komentar
user_c8b792eeb205,FILM::Suzzanna: Malam Jumat Kliwon (2023),1,komentar
user_c8cdeb6cb34c,FILM::Suzzanna: Malam Jumat Kliwon (2023),1,komentar
user_c930df56884e,FILM::Suzzanna: Malam Jumat Kliwon (2023),1,komentar
user_c952c4ac7736,FILM::Suzzanna: Malam Jumat Kliwon (2023),1,komentar
user_c953c8099304,FILM::Suzzanna: Malam Jumat Kliwon (2023),1,komentar
user_ca0cd1513274,FILM::Suzzanna: Malam Jumat Kliwon (2023),1,komentar
user_ca10f802da41,FILM::Suzzanna: Malam Jumat Kliwon (2023),1,komentar
user_ca13ffaee92d,FILM::Suzzanna: Malam Jumat Kliwon (2023),1,komentar
user_ca14e3d4d530,FILM::Suzzanna: Malam Jumat Kliwon (2023),1,komentar
user_ca8c8dd33c9e,FILM::Suzzanna: Malam Jumat Kliwon (2023),1,komentar
user_ca8d251a6c4a,FILM::Suzzanna: Malam Jumat Kliwon (2023),1,komentar
user_ca8f53b4ef7a,FILM::Suzzanna: Malam Jumat Kliwon (2023),1,komentar
user_ca97cd2ce0c9,FILM::Suzzanna: Malam Jumat Kliwon (2023),1,komentar
user_cab56711f657,FILM::Suzzanna: Malam Jumat Kliwon (2023),1,komentar
user_cab9fae5c859,FILM::Suzzanna: Malam Jumat Kliwon (2023),1,komentar
user_cac67007915d,FILM::Suzzanna: Malam Jumat Kliwon (2023),1,komentar
user_cae4cdab5778,FILM::Suzzanna: Malam Jumat Kliwon (2023),1,komentar
user_cb07dc82a0b2,FILM::Suzzanna: Malam Jumat Kliwon (2023),1,komentar
user_cb3d9385a4e0,FILM::Suzzanna: Malam Jumat Kliwon (2023),1,komentar
user_cb4beda6772c,FILM::Suzzanna: Malam Jumat Kliwon (2023),1,komentar
user_cb6922bf3607,FILM::Suzzanna: Malam Jumat Kliwon (2023),1,komentar
user_cb9b7c40ef13,FILM::Suzzanna: Malam Jumat Kliwon (2023),1,komentar
user_cbca8235c020,FILM::Suzzanna: Malam Jumat Kliwon (2023),1,komentar
user_cbff6b31e587,FILM::Suzzanna: Malam Jumat Kliwon (2023),1,komentar
user_cc0ad4cff9ab,FILM::Suzzanna: Malam Jumat Kliwon (2023),1,komentar
user_cc30b9fa3e9d,FILM::Suzzanna: Malam Jumat Kliwon (2023),1,komentar
user_cc40116c8e6c,FILM::Suzzanna: Malam Jumat Kliwon (2023),1,komentar
user_cc514859b216,FILM::Suzzanna: Malam Jumat Kliwon (2023),1,komentar
user_cc7c0ca9b12f,FILM::Suzzanna: Malam Jumat Kliwon (2023),1,komentar
user_ccb163b2c49b,FILM::Suzzanna: Malam Jumat Kliwon (2023),1,komentar
user_ccb7b06a7dc2,FILM::Suzzanna: Malam Jumat Kliwon (2023),1,komentar
user_ccca5d4a66fb,FILM::Suzzanna: Malam Jumat Kliwon (2023),1,komentar
user_cceb2d02189c,FILM::Suzzanna: Malam Jumat Kliwon (2023),2,komentar
user_cd05a9802b74,FILM::Suzzanna: Malam Jumat Kliwon (2023),1,komentar
user_cd266e79596b,FILM::Suzzanna: Malam Jumat Kliwon (2023),1,komentar
user_cd77cb80dcc6,FILM::Suzzanna: Malam Jumat Kliwon (2023),2,komentar
user_cd9da6512f99,FILM::Suzzanna: Malam Jumat Kliwon (2023),1,komentar
user_cda7b163c98e,FILM::Suzzanna: Malam Jumat Kliwon (2023),8,komentar
user_cdbdf71d6739,FILM::Suzzanna: Malam Jumat Kliwon (2023),1,komentar
user_cdc2166691f6,FILM::Suzzanna: Malam Jumat Kliwon (2023),1,komentar
user_ce1755c54dd3,FILM::Suzzanna: Malam Jumat Kliwon (2023),1,komentar
user_ce45959a986d,FILM::Suzzanna: Malam Jumat Kliwon (2023),1,komentar
user_ce5202ed6866,FILM::Suzzanna: Malam Jumat Kliwon (2023),1,komentar
user_ce5bb0ef8678,FILM::Suzzanna: Malam Jumat Kliwon (2023),1,komentar
user_ceb0f4257d33,FILM::Suzzanna: Malam Jumat Kliwon (2023),1,komentar
user_ceb1e191219a,FILM::Suzzanna: Malam Jumat Kliwon (2023),1,komentar
user_cf6b36a887f8,FILM::Suzzanna: Malam Jumat Kliwon (2023),1,komentar
user_cfb6cfe11951,FILM::Suzzanna: Malam Jumat Kliwon (2023),1,komentar
user_d07ba1ded7fb,FILM::Suzzanna: Malam Jumat Kliwon (2023),1,komentar
user_d0d7da101292,FILM::Suzzanna: Malam Jumat Kliwon (2023),2,komentar
user_d0d896f0aaab,FILM::Suzzanna: Malam Jumat Kliwon (2023),1,komentar
user_d121a5134059,FILM::Suzzanna: Malam Jumat Kliwon (2023),1,komentar
user_d17b291da12e,FILM::Suzzanna: Malam Jumat Kliwon (2023),1,komentar
user_d1e0b3c09277,FILM::Suzzanna: Malam Jumat Kliwon (2023),1,komentar
user_d1fe2143908e,FILM::Suzzanna: Malam Jumat Kliwon (2023),1,komentar
user_d1ff7f4f403a,FILM::Suzzanna: Malam Jumat Kliwon (2023),1,komentar
user_d217e718a377,FILM::Suzzanna: Malam Jumat Kliwon (2023),1,komentar
user_d221295de7b6,FILM::Suzzanna: Malam Jumat Kliwon (2023),1,komentar
user_d25367dea220,FILM::Suzzanna: Malam Jumat Kliwon (2023),1,komentar
user_d2aadc71e33d,FILM::Suzzanna: Malam Jumat Kliwon (2023),1,komentar
user_d2c1065c8d76,FILM::Suzzanna: Malam Jumat Kliwon (2023),1,komentar
user_d2c697451f26,FILM::Suzzanna: Malam Jumat Kliwon (2023),1,komentar
user_d2dd73cbe7ca,FILM::Suzzanna: Malam Jumat Kliwon (2023),1,komentar
user_d442f025d2e7,FILM::Suzzanna: Malam Jumat Kliwon (2023),1,komentar
user_d4a5341827cd,FILM::Suzzanna: Malam Jumat Kliwon (2023),2,komentar
user_d4b4026a9d94,FILM::Suzzanna: Malam Jumat Kliwon (2023),1,komentar
user_d5086b00a143,FILM::Suzzanna: Malam Jumat Kliwon (2023),2,komentar
user_d50c26387438,FILM::Suzzanna: Malam Jumat Kliwon (2023),1,komentar
user_d511edd1db35,FILM::Suzzanna: Malam Jumat Kliwon (2023),1,komentar
user_d542815079cd,FILM::Suzzanna: Malam Jumat Kliwon (2023),1,komentar
user_d57cd0281a62,FILM::Suzzanna: Malam Jumat Kliwon (2023),1,komentar
user_d5a24661ebd4,FILM::Suzzanna: Malam Jumat Kliwon (2023),1,komentar
user_d5b2850eedb2,FILM::Suzzanna: Malam Jumat Kliwon (2023),2,komentar
user_d6cc54a619a6,FILM::Suzzanna: Malam Jumat Kliwon (2023),2,komentar
user_d6cf2ff983ec,FILM::Suzzanna: Malam Jumat Kliwon (2023),1,komentar
user_d6ea29b51bdc,FILM::Suzzanna: Malam Jumat Kliwon (2023),1,komentar
user_d6eb698e36ac,FILM::Suzzanna: Malam Jumat Kliwon (2023),2,komentar
user_d702f3705713,FILM::Suzzanna: Malam Jumat Kliwon (2023),1,komentar
user_d704395ba891,FILM::Suzzanna: Malam Jumat Kliwon (2023),1,komentar
user_d70768e3ed04,FILM::Suzzanna: Malam Jumat Kliwon (2023),1,komentar
user_d7521407d3a6,FILM::Suzzanna: Malam Jumat Kliwon (2023),1,komentar
user_d763e170dc70,FILM::Suzzanna: Malam Jumat Kliwon (2023),1,komentar
user_d764d86954e7,FILM::Suzzanna: Malam Jumat Kliwon (2023),1,komentar
user_d77f5058a435,FILM::Suzzanna: Malam Jumat Kliwon (2023),1,komentar
user_d77fd960448a,FILM::Suzzanna: Malam Jumat Kliwon (2023),1,komentar
user_d7da12c9dcfa,FILM::Suzzanna: Malam Jumat Kliwon (2023),2,komentar
user_d8053667d06a,FILM::Suzzanna: Malam Jumat Kliwon (2023),1,komentar
user_d83d720b1fb4,FILM::Suzzanna: Malam Jumat Kliwon (2023),1,komentar
user_d8641adc0d9f,FILM::Suzzanna: Malam Jumat Kliwon (2023),2,komentar
user_d89a393b7295,FILM::Suzzanna: Malam Jumat Kliwon (2023),1,komentar
user_d89a9bddf20d,FILM::Suzzanna: Malam Jumat Kliwon (2023),1,komentar
user_d8aaf42954fa,FILM::Suzzanna: Malam Jumat Kliwon (2023),1,komentar
user_d9268f10f5e7,FILM::Suzzanna: Malam Jumat Kliwon (2023),1,komentar
user_d93952854478,FILM::Suzzanna: Malam Jumat Kliwon (2023),2,komentar
user_d946dd10a2bf,FILM::Suzzanna: Malam Jumat Kliwon (2023),1,komentar
user_d96bf8f52eb9,FILM::Suzzanna: Malam Jumat Kliwon (2023),1,komentar
user_d98bdda90751,FILM::Suzzanna: Malam Jumat Kliwon (2023),1,komentar
user_d98cd7522cdb,FILM::Suzzanna: Malam Jumat Kliwon (2023),1,komentar
user_d9ddf30827e3,FILM::Suzzanna: Malam Jumat Kliwon (2023),1,komentar
user_dac8bfb341f7,FILM::Suzzanna: Malam Jumat Kliwon (2023),1,komentar
user_db3a8ebdce6e,FILM::Suzzanna: Malam Jumat Kliwon (2023),1,komentar
user_db5baf0ec6de,FILM::Suzzanna: Malam Jumat Kliwon (2023),2,komentar
user_db648b226447,FILM::Suzzanna: Malam Jumat Kliwon (2023),2,komentar
user_db6a8b1f57d8,FILM::Suzzanna: Malam Jumat Kliwon (2023),1,komentar
user_db9b363b84c9,FILM::Suzzanna: Malam Jumat Kliwon (2023),1,komentar
user_dbd292b13f6f,FILM::Suzzanna: Malam Jumat Kliwon (2023),1,komentar
user_dbd3d76e008d,FILM::Suzzanna: Malam Jumat Kliwon (2023),1,komentar
user_dc871243d855,FILM::Suzzanna: Malam Jumat Kliwon (2023),2,komentar
user_dcb07e0c60ba,FILM::Suzzanna: Malam Jumat Kliwon (2023),1,komentar
user_dcb228c500f3,FILM::Suzzanna: Malam Jumat Kliwon (2023),1,komentar
user_dcb69c2cc578,FILM::Suzzanna: Malam Jumat Kliwon (2023),1,komentar
user_dcd1e722cea3,FILM::Suzzanna: Malam Jumat Kliwon (2023),1,komentar
user_dcff60fc7897,FILM::Suzzanna: Malam Jumat Kliwon (2023),1,komentar
user_dd1cfa05ea8f,FILM::Suzzanna: Malam Jumat Kliwon (2023),1,komentar
user_dd844cb076cc,FILM::Suzzanna: Malam Jumat Kliwon (2023),1,komentar
user_dd85e38c0dca,FILM::Suzzanna: Malam Jumat Kliwon (2023),1,komentar
user_ddd1bd386f6f,FILM::Suzzanna: Malam Jumat Kliwon (2023),1,komentar
user_dded16fdd686,FILM::Suzzanna: Malam Jumat Kliwon (2023),1,komentar
user_ddedf0af5c83,FILM::Suzzanna: Malam Jumat Kliwon (2023),1,komentar
user_ddf2d38e0bd8,FILM::Suzzanna: Malam Jumat Kliwon (2023),4,komentar
user_de39960da43c,FILM::Suzzanna: Malam Jumat Kliwon (2023),1,komentar
user_de457a403845,FILM::Suzzanna: Malam Jumat Kliwon (2023),1,komentar
user_de75b909e16c,FILM::Suzzanna: Malam Jumat Kliwon (2023),1,komentar
user_debddaf44c6f,FILM::Suzzanna: Malam Jumat Kliwon (2023),1,komentar
user_def8dbaea836,FILM::Suzzanna: Malam Jumat Kliwon (2023),1,komentar
user_df4e13e22f70,FILM::Suzzanna: Malam Jumat Kliwon (2023),1,komentar
user_df78cace67dc,FILM::Suzzanna: Malam Jumat Kliwon (2023),1,komentar
user_dfa007a163ba,FILM::Suzzanna: Malam Jumat Kliwon (2023),1,komentar
user_dfaf946c7040,FILM::Suzzanna: Malam Jumat Kliwon (2023),1,komentar
user_dfba6eca6d1f,FILM::Suzzanna: Malam Jumat Kliwon (2023),1,komentar
user_e022a70d1c3f,FILM::Suzzanna: Malam Jumat Kliwon (2023),1,komentar
user_e0777d5ba362,FILM::Suzzanna: Malam Jumat Kliwon (2023),1,komentar
user_e0903ae30f06,FILM::Suzzanna: Malam Jumat Kliwon (2023),1,komentar
user_e0e6442c9ee2,FILM::Suzzanna: Malam Jumat Kliwon (2023),1,komentar
user_e165bc135527,FILM::Suzzanna: Malam Jumat Kliwon (2023),1,komentar
user_e16c2f4e655e,FILM::Suzzanna: Malam Jumat Kliwon (2023),1,komentar
user_e189849fd09b,FILM::Suzzanna: Malam Jumat Kliwon (2023),1,komentar
user_e1ae2b12b538,FILM::Suzzanna: Malam Jumat Kliwon (2023),1,komentar
user_e1b7bc97ce39,FILM::Suzzanna: Malam Jumat Kliwon (2023),1,komentar
user_e1cf862e9e85,FILM::Suzzanna: Malam Jumat Kliwon (2023),1,komentar
user_e1ef59dd1e0b,FILM::Suzzanna: Malam Jumat Kliwon (2023),1,komentar
user_e2027b127d4d,FILM::Suzzanna: Malam Jumat Kliwon (2023),1,komentar
user_e22d66048c47,FILM::Suzzanna: Malam Jumat Kliwon (2023),1,komentar
user_e2433fe3d3c9,FILM::Suzzanna: Malam Jumat Kliwon (2023),1,komentar
user_e2752d06ee49,FILM::Suzzanna: Malam Jumat Kliwon (2023),1,komentar
user_e2aaa86421c2,FILM::Suzzanna: Malam Jumat Kliwon (2023),1,komentar
user_e2be284a7168,FILM::Suzzanna: Malam Jumat Kliwon (2023),1,komentar
user_e2df3ffe8b43,FILM::Suzzanna: Malam Jumat Kliwon (2023),1,komentar
user_e37882289da2,FILM::Suzzanna: Malam Jumat Kliwon (2023),1,komentar
user_e3ee66525d2c,FILM::Suzzanna: Malam Jumat Kliwon (2023),1,komentar
user_e3f70faeb71b,FILM::Suzzanna: Malam Jumat Kliwon (2023),1,komentar
user_e4028273fb2c,FILM::Suzzanna: Malam Jumat Kliwon (2023),1,komentar
user_e45c9a9bf47c,FILM::Suzzanna: Malam Jumat Kliwon (2023),2,komentar
user_e4ba2fb9a4d7,FILM::Suzzanna: Malam Jumat Kliwon (2023),1,komentar
user_e4f4cef878f1,FILM::Suzzanna: Malam Jumat Kliwon (2023),1,komentar
user_e562f8aa49d9,FILM::Suzzanna: Malam Jumat Kliwon (2023),1,komentar
user_e5f937569669,FILM::Suzzanna: Malam Jumat Kliwon (2023),1,komentar
user_e621311eebc3,FILM::Suzzanna: Malam Jumat Kliwon (2023),4,komentar
user_e683009a0772,FILM::Suzzanna: Malam Jumat Kliwon (2023),1,komentar
user_e68ba5a3eea1,FILM::Suzzanna: Malam Jumat Kliwon (2023),1,komentar
user_e6a16ec7ffef,FILM::Suzzanna: Malam Jumat Kliwon (2023),2,komentar
user_e6a65d2f74ba,FILM::Suzzanna: Malam Jumat Kliwon (2023),1,komentar
user_e6a72946f6f1,FILM::Suzzanna: Malam Jumat Kliwon (2023),1,komentar
user_e6d8c080a519,FILM::Suzzanna: Malam Jumat Kliwon (2023),1,komentar
user_e6e67ce9b683,FILM::Suzzanna: Malam Jumat Kliwon (2023),1,komentar
user_e71f78f4e01e,FILM::Suzzanna: Malam Jumat Kliwon (2023),1,komentar
user_e75af7723ea8,FILM::Suzzanna: Malam Jumat Kliwon (2023),1,komentar
user_e75eb02957e9,FILM::Suzzanna: Malam Jumat Kliwon (2023),1,komentar
user_e7715f1b9c04,FILM::Suzzanna: Malam Jumat Kliwon (2023),1,komentar
user_e7a64958b483,FILM::Suzzanna: Malam Jumat Kliwon (2023),1,komentar
user_e7ae48c2f771,FILM::Suzzanna: Malam Jumat Kliwon (2023),1,komentar
user_e7cf6baf59c4,FILM::Suzzanna: Malam Jumat Kliwon (2023),1,komentar
user_e7dbe3685421,FILM::Suzzanna: Malam Jumat Kliwon (2023),1,komentar
user_e83f0d434910,FILM::Suzzanna: Malam Jumat Kliwon (2023),2,komentar
user_e8b79b4fe252,FILM::Suzzanna: Malam Jumat Kliwon (2023),1,komentar
user_e8d5143080f9,FILM::Suzzanna: Malam Jumat Kliwon (2023),1,komentar
user_e8f47d5daf28,FILM::Suzzanna: Malam Jumat Kliwon (2023),1,komentar
user_e8fb4d20806e,FILM::Suzzanna: Malam Jumat Kliwon (2023),2,komentar
user_e8fecf91ac3e,FILM::Suzzanna: Malam Jumat Kliwon (2023),3,komentar
user_e91a4611b119,FILM::Suzzanna: Malam Jumat Kliwon (2023),1,komentar
user_e92d8fe26a88,FILM::Suzzanna: Malam Jumat Kliwon (2023),2,komentar
user_e93bc6cc8e8d,FILM::Suzzanna: Malam Jumat Kliwon (2023),1,komentar
user_e9933183c52e,FILM::Suzzanna: Malam Jumat Kliwon (2023),1,komentar
user_e9cb885923fa,FILM::Suzzanna: Malam Jumat Kliwon (2023),1,komentar
user_e9ecba5bdb32,FILM::Suzzanna: Malam Jumat Kliwon (2023),1,komentar
user_e9f1e9dabcbe,FILM::Suzzanna: Malam Jumat Kliwon (2023),1,komentar
user_ea0604273ba5,FILM::Suzzanna: Malam Jumat Kliwon (2023),1,komentar
user_ea2511f4e8c9,FILM::Suzzanna: Malam Jumat Kliwon (2023),1,komentar
user_ea9b2015c36d,FILM::Suzzanna: Malam Jumat Kliwon (2023),5,komentar
user_eaa6118ea813,FILM::Suzzanna: Malam Jumat Kliwon (2023),1,komentar
user_eac2754c9840,FILM::Suzzanna: Malam Jumat Kliwon (2023),1,komentar
user_eae469d34029,FILM::Suzzanna: Malam Jumat Kliwon (2023),2,komentar
user_eb3bc94bc543,FILM::Suzzanna: Malam Jumat Kliwon (2023),1,komentar
user_eb41678b52cb,FILM::Suzzanna: Malam Jumat Kliwon (2023),1,komentar
user_eb967c154bdd,FILM::Suzzanna: Malam Jumat Kliwon (2023),1,komentar
user_eb9d8a9208c4,FILM::Suzzanna: Malam Jumat Kliwon (2023),1,komentar
user_ebea838a88f0,FILM::Suzzanna: Malam Jumat Kliwon (2023),2,komentar
user_ebf43b1485b6,FILM::Suzzanna: Malam Jumat Kliwon (2023),1,komentar
user_ebfe7032cdb5,FILM::Suzzanna: Malam Jumat Kliwon (2023),1,komentar
user_ec37623fba11,FILM::Suzzanna: Malam Jumat Kliwon (2023),1,komentar
user_ec382714c2ca,FILM::Suzzanna: Malam Jumat Kliwon (2023),1,komentar
user_ec7ef8fe6341,FILM::Suzzanna: Malam Jumat Kliwon (2023),1,komentar
user_ec9187e7c4af,FILM::Suzzanna: Malam Jumat Kliwon (2023),1,komentar
user_ec9b4abe9913,FILM::Suzzanna: Malam Jumat Kliwon (2023),1,komentar
user_eceed6988677,FILM::Suzzanna: Malam Jumat Kliwon (2023),2,komentar
user_ed29bd269899,FILM::Suzzanna: Malam Jumat Kliwon (2023),1,komentar
user_ed3a4b57a769,FILM::Suzzanna: Malam Jumat Kliwon (2023),1,komentar
user_ed49989a3225,FILM::Suzzanna: Malam Jumat Kliwon (2023),4,komentar
user_ed5c09755010,FILM::Suzzanna: Malam Jumat Kliwon (2023),1,komentar
user_ed6998e8bd89,FILM::Suzzanna: Malam Jumat Kliwon (2023),1,komentar
user_edb0a81c1fa5,FILM::Suzzanna: Malam Jumat Kliwon (2023),1,komentar
user_ede01d52323f,FILM::Suzzanna: Malam Jumat Kliwon (2023),1,komentar
user_ee10ec7479e1,FILM::Suzzanna: Malam Jumat Kliwon (2023),1,komentar
user_ee33a4c4f5b9,FILM::Suzzanna: Malam Jumat Kliwon (2023),1,komentar
user_ee74ae2432d0,FILM::Suzzanna: Malam Jumat Kliwon (2023),1,komentar
user_eebc816d93f6,FILM::Suzzanna: Malam Jumat Kliwon (2023),1,komentar
user_ef3162fc6195,FILM::Suzzanna: Malam Jumat Kliwon (2023),1,komentar
user_ef42b4c3bad7,FILM::Suzzanna: Malam Jumat Kliwon (2023),7,komentar
user_ef55a574c53e,FILM::Suzzanna: Malam Jumat Kliwon (2023),1,komentar
user_efb624c13ade,FILM::Suzzanna: Malam Jumat Kliwon (2023),1,komentar
user_efe146df0043,FILM::Suzzanna: Malam Jumat Kliwon (2023),1,komentar
user_f03164bc3a71,FILM::Suzzanna: Malam Jumat Kliwon (2023),1,komentar
user_f055f486ccb6,FILM::Suzzanna: Malam Jumat Kliwon (2023),1,komentar
user_f085953704fe,FILM::Suzzanna: Malam Jumat Kliwon (2023),1,komentar
user_f09a9ff573bc,FILM::Suzzanna: Malam Jumat Kliwon (2023),1,komentar
user_f11eecfc6a08,FILM::Suzzanna: Malam Jumat Kliwon (2023),1,komentar
user_f14106f32400,FILM::Suzzanna: Malam Jumat Kliwon (2023),10,komentar
user_f14235d9f227,FILM::Suzzanna: Malam Jumat Kliwon (2023),1,komentar
user_f17d51682f11,FILM::Suzzanna: Malam Jumat Kliwon (2023),1,komentar
user_f199581ad738,FILM::Suzzanna: Malam Jumat Kliwon (2023),1,komentar
user_f1aed8ccf0cd,FILM::Suzzanna: Malam Jumat Kliwon (2023),1,komentar
user_f20d46073c4f,FILM::Suzzanna: Malam Jumat Kliwon (2023),1,komentar
user_f247c97f2e0d,FILM::Suzzanna: Malam Jumat Kliwon (2023),1,komentar
user_f27f5c216eb4,FILM::Suzzanna: Malam Jumat Kliwon (2023),1,komentar
user_f2a088939e58,FILM::Suzzanna: Malam Jumat Kliwon (2023),1,komentar
user_f2a60c0ea27d,FILM::Suzzanna: Malam Jumat Kliwon (2023),1,komentar
user_f2e3043df15a,FILM::Suzzanna: Malam Jumat Kliwon (2023),1,komentar
user_f2f658173dcb,FILM::Suzzanna: Malam Jumat Kliwon (2023),1,komentar
user_f3007d38a1f0,FILM::Suzzanna: Malam Jumat Kliwon (2023),1,komentar
user_f3503a87bca1,FILM::Suzzanna: Malam Jumat Kliwon (2023),1,komentar
user_f3833c845833,FILM::Suzzanna: Malam Jumat Kliwon (2023),1,komentar
user_f392f6d0e13a,FILM::Suzzanna: Malam Jumat Kliwon (2023),1,komentar
user_f3a645899afa,FILM::Suzzanna: Malam Jumat Kliwon (2023),1,komentar
user_f3da95768a1e,FILM::Suzzanna: Malam Jumat Kliwon (2023),1,komentar
user_f3e729fbc957,FILM::Suzzanna: Malam Jumat Kliwon (2023),1,komentar
user_f3f02143ed12,FILM::Suzzanna: Malam Jumat Kliwon (2023),1,komentar
user_f3f27a6a366b,FILM::Suzzanna: Malam Jumat Kliwon (2023),1,komentar
user_f4330371ffca,FILM::Suzzanna: Malam Jumat Kliwon (2023),1,komentar
user_f43ccfbc405c,FILM::Suzzanna: Malam Jumat Kliwon (2023),1,komentar
user_f4f0c0cba215,FILM::Suzzanna: Malam Jumat Kliwon (2023),1,komentar
user_f4f5f68da72e,FILM::Suzzanna: Malam Jumat Kliwon (2023),1,komentar
user_f5035731ad11,FILM::Suzzanna: Malam Jumat Kliwon (2023),1,komentar
user_f521b0f994a9,FILM::Suzzanna: Malam Jumat Kliwon (2023),1,komentar
user_f53a95b12def,FILM::Suzzanna: Malam Jumat Kliwon (2023),1,komentar
user_f55c55898645,FILM::Suzzanna: Malam Jumat Kliwon (2023),2,komentar
user_f5a2ac06746b,FILM::Suzzanna: Malam Jumat Kliwon (2023),2,komentar
user_f5fc2ab91ec4,FILM::Suzzanna: Malam Jumat Kliwon (2023),1,komentar
user_f69a8f0dddda,FILM::Suzzanna: Malam Jumat Kliwon (2023),8,komentar
user_f6afbd5302b1,FILM::Suzzanna: Malam Jumat Kliwon (2023),1,komentar
user_f6da9f1d0d06,FILM::Suzzanna: Malam Jumat Kliwon (2023),2,komentar
user_f78b7fc870d9,FILM::Suzzanna: Malam Jumat Kliwon (2023),1,komentar
user_f7bdfa60f9f1,FILM::Suzzanna: Malam Jumat Kliwon (2023),1,komentar
user_f84f883ca9b3,FILM::Suzzanna: Malam Jumat Kliwon (2023),1,komentar
user_f8737e0e794c,FILM::Suzzanna: Malam Jumat Kliwon (2023),1,komentar
user_f88f3b71e224,FILM::Suzzanna: Malam Jumat Kliwon (2023),1,komentar
user_f8da888fefc1,FILM::Suzzanna: Malam Jumat Kliwon (2023),1,komentar
user_f903445e6ab6,FILM::Suzzanna: Malam Jumat Kliwon (2023),2,komentar
user_f906063ef077,FILM::Suzzanna: Malam Jumat Kliwon (2023),2,komentar
user_f939a87b8c96,FILM::Suzzanna: Malam Jumat Kliwon (2023),1,komentar
user_f9635fd54b56,FILM::Suzzanna: Malam Jumat Kliwon (2023),1,komentar
user_f966dfa9f1a9,FILM::Suzzanna: Malam Jumat Kliwon (2023),1,komentar
user_f9c439d96f6e,FILM::Suzzanna: Malam Jumat Kliwon (2023),1,komentar
user_f9d99dd90448,FILM::Suzzanna: Malam Jumat Kliwon (2023),1,komentar
user_f9e92760b3a1,FILM::Suzzanna: Malam Jumat Kliwon (2023),2,komentar
user_fa5f0ca6d74e,FILM::Suzzanna: Malam Jumat Kliwon (2023),1,komentar
user_fa743f7f135e,FILM::Suzzanna: Malam Jumat Kliwon (2023),1,komentar
user_fa7f96025493,FILM::Suzzanna: Malam Jumat Kliwon (2023),1,komentar
user_fac661ba8c55,FILM::Suzzanna: Malam Jumat Kliwon (2023),1,komentar
user_fad638fdc0e5,FILM::Suzzanna: Malam Jumat Kliwon (2023),1,komentar
user_fae2cf62fa28,FILM::Suzzanna: Malam Jumat Kliwon (2023),1,komentar
user_faea448fcb71,FILM::Suzzanna: Malam Jumat Kliwon (2023),1,komentar
user_fb09c61c044c,FILM::Suzzanna: Malam Jumat Kliwon (2023),1,komentar
user_fb3e7e55f3fc,FILM::Suzzanna: Malam Jumat Kliwon (2023),1,komentar
user_fb787032d5ab,FILM::Suzzanna: Malam Jumat Kliwon (2023),1,komentar
user_fb7f725aaa8a,FILM::Suzzanna: Malam Jumat Kliwon (2023),1,komentar
user_fb816a1d5037,FILM::Suzzanna: Malam Jumat Kliwon (2023),1,komentar
user_fbe82e71c335,FILM::Suzzanna: Malam Jumat Kliwon (2023),1,komentar
user_fc1cbdd86951,FILM::Suzzanna: Malam Jumat Kliwon (2023),1,komentar
user_fc3540be76a6,FILM::Suzzanna: Malam Jumat Kliwon (2023),1,komentar
user_fc5cfdc40486,FILM::Suzzanna: Malam Jumat Kliwon (2023),1,komentar
user_fc64f634ab34,FILM::Suzzanna: Malam Jumat Kliwon (2023),1,komentar
user_fd210a786c00,FILM::Suzzanna: Malam Jumat Kliwon (2023),1,komentar
user_fd8023c98655,FILM::Suzzanna: Malam Jumat Kliwon (2023),1,komentar
user_fd95a715f30a,FILM::Suzzanna: Malam Jumat Kliwon (2023),1,komentar
user_fe45fadd9fd6,FILM::Suzzanna: Malam Jumat Kliwon (2023),1,komentar
user_fe9649990348,FILM::Suzzanna: Malam Jumat Kliwon (2023),1,komentar
user_fec83903c584,FILM::Suzzanna: Malam Jumat Kliwon (2023),1,komentar
user_ff78fd50cd7f,FILM::Suzzanna: Malam Jumat Kliwon (2023),2,komentar
user_ff9752ac4aa1,FILM::Suzzanna: Malam Jumat Kliwon (2023),1,komentar
user_ff9bcd45cdab,FILM::Suzzanna: Malam Jumat Kliwon (2023),1,komentar
user_ffbf22833c56,FILM::Suzzanna: Malam Jumat Kliwon (2023),1,komentar
user_ffd10f3b4e50,FILM::Suzzanna: Malam Jumat Kliwon (2023),1,komentar
user_0043b4076d2b,Janur Ireng: Sewu Dino Prequel (2025/2026),1,komentar
user_0043b4076d2b,user_21ff3d2bdf5e,1,balasan
user_013d8670bf48,FILM::Janur Ireng: Sewu Dino Prequel (2025/2026),1,komentar
user_013dcbd4feec,FILM::Janur Ireng: Sewu Dino Prequel (2025/2026),1,komentar
user_01f8daccee48,FILM::Janur Ireng: Sewu Dino Prequel (2025/2026),1,komentar
user_02366e303458,FILM::Janur Ireng: Sewu Dino Prequel (2025/2026),1,komentar
user_02bb13a1c3a7,FILM::Janur Ireng: Sewu Dino Prequel (2025/2026),1,komentar
user_0328922599fe,FILM::Janur Ireng: Sewu Dino Prequel (2025/2026),1,komentar
user_033e973f3a33,FILM::Janur Ireng: Sewu Dino Prequel (2025/2026),1,komentar
user_03653561fe72,FILM::Janur Ireng: Sewu Dino Prequel (2025/2026),1,komentar
user_0369379622ba,FILM::Janur Ireng: Sewu Dino Prequel (2025/2026),1,komentar
user_0450b8194d1c,FILM::Janur Ireng: Sewu Dino Prequel (2025/2026),1,komentar
user_04789f980367,FILM::Janur Ireng: Sewu Dino Prequel (2025/2026),1,komentar
user_06a4f0d84e39,FILM::Janur Ireng: Sewu Dino Prequel (2025/2026),1,komentar
user_06fdbbd67398,FILM::Janur Ireng: Sewu Dino Prequel (2025/2026),3,komentar
user_074156a77c1f,FILM::Janur Ireng: Sewu Dino Prequel (2025/2026),1,komentar
user_07701a08035c,FILM::Janur Ireng: Sewu Dino Prequel (2025/2026),1,komentar
user_07d8c3c0c2ed,FILM::Janur Ireng: Sewu Dino Prequel (2025/2026),1,komentar
user_083e36b6e7fe,FILM::Janur Ireng: Sewu Dino Prequel (2025/2026),1,komentar
user_086b05adb74f,FILM::Janur Ireng: Sewu Dino Prequel (2025/2026),3,komentar
user_087ea65d3b73,FILM::Janur Ireng: Sewu Dino Prequel (2025/2026),1,komentar
user_08faf0fe23af,FILM::Janur Ireng: Sewu Dino Prequel (2025/2026),1,komentar
user_09e078704d47,FILM::Janur Ireng: Sewu Dino Prequel (2025/2026),2,komentar
user_0a6c9859667d,FILM::Janur Ireng: Sewu Dino Prequel (2025/2026),1,komentar
user_0aa83a23eaac,FILM::Janur Ireng: Sewu Dino Prequel (2025/2026),1,komentar
user_0afc5f114b4e,FILM::Janur Ireng: Sewu Dino Prequel (2025/2026),2,komentar
user_0b3d09c62210,FILM::Janur Ireng: Sewu Dino Prequel (2025/2026),1,komentar
user_0b5b309ba272,FILM::Janur Ireng: Sewu Dino Prequel (2025/2026),1,komentar
user_0b86b4d0c3fc,FILM::Janur Ireng: Sewu Dino Prequel (2025/2026),1,komentar
user_0bcc99498c6c,FILM::Janur Ireng: Sewu Dino Prequel (2025/2026),2,komentar
user_0bdf23070414,FILM::Janur Ireng: Sewu Dino Prequel (2025/2026),1,komentar
user_0c797f599d5d,FILM::Janur Ireng: Sewu Dino Prequel (2025/2026),2,komentar
user_0cf15ee9e82b,FILM::Janur Ireng: Sewu Dino Prequel (2025/2026),2,komentar
user_0d1b9bb5647e,FILM::Janur Ireng: Sewu Dino Prequel (2025/2026),1,komentar
user_0e2e577276af,FILM::Janur Ireng: Sewu Dino Prequel (2025/2026),1,komentar
user_0edb4a3ead3e,FILM::Janur Ireng: Sewu Dino Prequel (2025/2026),1,komentar
user_101fc99e2b35,FILM::Janur Ireng: Sewu Dino Prequel (2025/2026),1,komentar
user_10a02053378d,FILM::Janur Ireng: Sewu Dino Prequel (2025/2026),1,komentar
user_10ed35e30040,FILM::Janur Ireng: Sewu Dino Prequel (2025/2026),1,komentar
user_10f93ebf3eda,FILM::Janur Ireng: Sewu Dino Prequel (2025/2026),1,komentar
user_1222e8a5afd8,FILM::Janur Ireng: Sewu Dino Prequel (2025/2026),1,komentar
user_123761ba38b9,FILM::Janur Ireng: Sewu Dino Prequel (2025/2026),1,komentar
user_135d2fad9ace,FILM::Janur Ireng: Sewu Dino Prequel (2025/2026),1,komentar
user_13ebc74a08ac,FILM::Janur Ireng: Sewu Dino Prequel (2025/2026),1,komentar
user_1425c2917dba,FILM::Janur Ireng: Sewu Dino Prequel (2025/2026),1,komentar
user_1427d1102391,FILM::Janur Ireng: Sewu Dino Prequel (2025/2026),1,komentar
user_14b78a131789,FILM::Janur Ireng: Sewu Dino Prequel (2025/2026),1,komentar
user_15a2a52d51d5,FILM::Janur Ireng: Sewu Dino Prequel (2025/2026),1,komentar
user_16af99af8938,FILM::Janur Ireng: Sewu Dino Prequel (2025/2026),2,komentar
user_16d3cc22ead6,FILM::Janur Ireng: Sewu Dino Prequel (2025/2026),1,komentar
user_179f3494b08c,FILM::Janur Ireng: Sewu Dino Prequel (2025/2026),1,komentar
user_17db536132f3,FILM::Janur Ireng: Sewu Dino Prequel (2025/2026),1,komentar
user_18b323565090,FILM::Janur Ireng: Sewu Dino Prequel (2025/2026),1,komentar
user_190fc9b346f8,FILM::Janur Ireng: Sewu Dino Prequel (2025/2026),1,komentar
user_195b8068cb8c,FILM::Janur Ireng: Sewu Dino Prequel (2025/2026),1,komentar
user_19c52e0d9964,FILM::Janur Ireng: Sewu Dino Prequel (2025/2026),3,komentar
user_19d5adbb70ab,FILM::Janur Ireng: Sewu Dino Prequel (2025/2026),1,komentar
user_1a496473024f,FILM::Janur Ireng: Sewu Dino Prequel (2025/2026),1,komentar
user_1b1bfe91d2e7,FILM::Janur Ireng: Sewu Dino Prequel (2025/2026),1,komentar
user_1b432163f47a,FILM::Janur Ireng: Sewu Dino Prequel (2025/2026),2,komentar
user_1bc8df568660,FILM::Janur Ireng: Sewu Dino Prequel (2025/2026),1,komentar
user_1c6384e5a581,FILM::Janur Ireng: Sewu Dino Prequel (2025/2026),1,komentar
user_1cc526b61e97,FILM::Janur Ireng: Sewu Dino Prequel (2025/2026),1,komentar
user_1ee154c71f5a,FILM::Janur Ireng: Sewu Dino Prequel (2025/2026),1,komentar
user_214b351c8fe1,FILM::Janur Ireng: Sewu Dino Prequel (2025/2026),1,komentar
user_21ff3d2bdf5e,FILM::Janur Ireng: Sewu Dino Prequel (2025/2026),1,komentar
user_22553112d948,FILM::Janur Ireng: Sewu Dino Prequel (2025/2026),1,komentar
user_228ae39a8abc,FILM::Janur Ireng: Sewu Dino Prequel (2025/2026),1,komentar
user_243685712d20,FILM::Janur Ireng: Sewu Dino Prequel (2025/2026),1,komentar
user_2562b6ea6aa4,FILM::Janur Ireng: Sewu Dino Prequel (2025/2026),1,komentar
user_2679c934f8f3,FILM::Janur Ireng: Sewu Dino Prequel (2025/2026),1,komentar
user_277c2b6c89cf,FILM::Janur Ireng: Sewu Dino Prequel (2025/2026),1,komentar
user_278aa809b2af,FILM::Janur Ireng: Sewu Dino Prequel (2025/2026),1,komentar
user_2852a63bf814,FILM::Janur Ireng: Sewu Dino Prequel (2025/2026),2,komentar
user_2988f4723bf9,FILM::Janur Ireng: Sewu Dino Prequel (2025/2026),1,komentar
user_29e681aa453b,FILM::Janur Ireng: Sewu Dino Prequel (2025/2026),1,komentar
user_2a16607dcbca,FILM::Janur Ireng: Sewu Dino Prequel (2025/2026),1,komentar
user_2c9bd3a96cb3,FILM::Janur Ireng: Sewu Dino Prequel (2025/2026),1,komentar
user_2ebd3063dba2,FILM::Janur Ireng: Sewu Dino Prequel (2025/2026),1,komentar
user_2f4c8a845d01,FILM::Janur Ireng: Sewu Dino Prequel (2025/2026),1,komentar
user_2ff0042b6057,FILM::Janur Ireng: Sewu Dino Prequel (2025/2026),1,komentar
user_2ff445027d64,FILM::Janur Ireng: Sewu Dino Prequel (2025/2026),1,komentar
user_318b502dba70,FILM::Janur Ireng: Sewu Dino Prequel (2025/2026),1,komentar
user_31e5a699f008,FILM::Janur Ireng: Sewu Dino Prequel (2025/2026),1,komentar
user_32368a2da455,FILM::Janur Ireng: Sewu Dino Prequel (2025/2026),1,komentar
user_3374acfb3157,FILM::Janur Ireng: Sewu Dino Prequel (2025/2026),3,komentar
user_3528aad4a23a,FILM::Janur Ireng: Sewu Dino Prequel (2025/2026),1,komentar
user_353df9f28a73,FILM::Janur Ireng: Sewu Dino Prequel (2025/2026),1,komentar
user_35563702c610,FILM::Janur Ireng: Sewu Dino Prequel (2025/2026),1,komentar
user_3563503a33ea,FILM::Janur Ireng: Sewu Dino Prequel (2025/2026),1,komentar
user_35f3508f05b3,FILM::Janur Ireng: Sewu Dino Prequel (2025/2026),2,komentar
user_3751df822d89,FILM::Janur Ireng: Sewu Dino Prequel (2025/2026),1,komentar
user_3753950e4a38,FILM::Janur Ireng: Sewu Dino Prequel (2025/2026),1,komentar
user_37a5227c5a13,FILM::Janur Ireng: Sewu Dino Prequel (2025/2026),1,komentar
user_37aef45e0b35,FILM::Janur Ireng: Sewu Dino Prequel (2025/2026),1,komentar
user_380b8692b160,FILM::Janur Ireng: Sewu Dino Prequel (2025/2026),1,komentar
user_381bb5e3e272,FILM::Janur Ireng: Sewu Dino Prequel (2025/2026),1,komentar
user_3846ba7110c4,FILM::Janur Ireng: Sewu Dino Prequel (2025/2026),1,komentar
user_38f53311cf00,FILM::Janur Ireng: Sewu Dino Prequel (2025/2026),1,komentar
user_39152104f206,FILM::Janur Ireng: Sewu Dino Prequel (2025/2026),1,komentar
user_3976e9c45be9,FILM::Janur Ireng: Sewu Dino Prequel (2025/2026),1,komentar
user_39c7d6d317e9,FILM::Janur Ireng: Sewu Dino Prequel (2025/2026),1,komentar
user_3a22cd8aaf66,FILM::Janur Ireng: Sewu Dino Prequel (2025/2026),2,komentar
user_3a24c0f256f7,FILM::Janur Ireng: Sewu Dino Prequel (2025/2026),2,komentar
user_3a759de95d7b,FILM::Janur Ireng: Sewu Dino Prequel (2025/2026),1,komentar
user_3acc97b61833,FILM::Janur Ireng: Sewu Dino Prequel (2025/2026),3,komentar
user_3afe585d8adc,FILM::Janur Ireng: Sewu Dino Prequel (2025/2026),1,komentar
user_3b1dab3b891c,FILM::Janur Ireng: Sewu Dino Prequel (2025/2026),1,komentar
user_3ba79b834577,FILM::Janur Ireng: Sewu Dino Prequel (2025/2026),2,komentar
user_3d5a635263f1,FILM::Janur Ireng: Sewu Dino Prequel (2025/2026),1,komentar
user_3d8578258559,FILM::Janur Ireng: Sewu Dino Prequel (2025/2026),1,komentar
user_3dc66560d019,FILM::Janur Ireng: Sewu Dino Prequel (2025/2026),3,komentar
user_3f445ce49eca,FILM::Janur Ireng: Sewu Dino Prequel (2025/2026),2,komentar
user_3fdcc6eaacf0,FILM::Janur Ireng: Sewu Dino Prequel (2025/2026),1,komentar
user_40659b8f3508,FILM::Janur Ireng: Sewu Dino Prequel (2025/2026),1,komentar
user_409c9a9bbc2f,FILM::Janur Ireng: Sewu Dino Prequel (2025/2026),1,komentar
user_40c42fd98fc6,FILM::Janur Ireng: Sewu Dino Prequel (2025/2026),1,komentar
user_40f179437024,FILM::Janur Ireng: Sewu Dino Prequel (2025/2026),1,komentar
user_416cdba1d2eb,FILM::Janur Ireng: Sewu Dino Prequel (2025/2026),1,komentar
user_41b7f968c41b,FILM::Janur Ireng: Sewu Dino Prequel (2025/2026),1,komentar
user_420746dfe39f,FILM::Janur Ireng: Sewu Dino Prequel (2025/2026),1,komentar
user_4213a5e2b4e8,FILM::Janur Ireng: Sewu Dino Prequel (2025/2026),1,komentar
user_439e8ae59621,FILM::Janur Ireng: Sewu Dino Prequel (2025/2026),1,komentar
user_43f8337e5a6d,FILM::Janur Ireng: Sewu Dino Prequel (2025/2026),1,komentar
user_44f57f57bcc6,FILM::Janur Ireng: Sewu Dino Prequel (2025/2026),1,komentar
user_460f6b745c87,FILM::Janur Ireng: Sewu Dino Prequel (2025/2026),2,komentar
user_46bc3a8a542a,FILM::Janur Ireng: Sewu Dino Prequel (2025/2026),1,komentar
user_46c8e8ecae39,FILM::Janur Ireng: Sewu Dino Prequel (2025/2026),1,komentar
user_47bbf35d9611,FILM::Janur Ireng: Sewu Dino Prequel (2025/2026),1,komentar
user_47db9e52b359,FILM::Janur Ireng: Sewu Dino Prequel (2025/2026),1,komentar
user_480185d89a29,FILM::Janur Ireng: Sewu Dino Prequel (2025/2026),1,komentar
user_48133acc9163,FILM::Janur Ireng: Sewu Dino Prequel (2025/2026),1,komentar
user_4821822a3b5e,FILM::Janur Ireng: Sewu Dino Prequel (2025/2026),1,komentar
user_4857848fc959,FILM::Janur Ireng: Sewu Dino Prequel (2025/2026),1,komentar
user_4931b398a869,FILM::Janur Ireng: Sewu Dino Prequel (2025/2026),2,komentar
user_496969f21d68,FILM::Janur Ireng: Sewu Dino Prequel (2025/2026),1,komentar
user_4a3c4156452d,FILM::Janur Ireng: Sewu Dino Prequel (2025/2026),1,komentar
user_4ab53eb853c6,FILM::Janur Ireng: Sewu Dino Prequel (2025/2026),1,komentar
user_4c2b6252120c,FILM::Janur Ireng: Sewu Dino Prequel (2025/2026),1,komentar
user_4c76e13352dc,FILM::Janur Ireng: Sewu Dino Prequel (2025/2026),1,komentar
user_4d40516ac608,FILM::Janur Ireng: Sewu Dino Prequel (2025/2026),1,komentar
user_4d9d45c1bb36,FILM::Janur Ireng: Sewu Dino Prequel (2025/2026),1,komentar
user_4e1d3861bc23,FILM::Janur Ireng: Sewu Dino Prequel (2025/2026),2,komentar
user_4edc1bf974f2,FILM::Janur Ireng: Sewu Dino Prequel (2025/2026),1,komentar
user_4f3cd64acec9,FILM::Janur Ireng: Sewu Dino Prequel (2025/2026),2,komentar
user_4ffe140ac9c4,FILM::Janur Ireng: Sewu Dino Prequel (2025/2026),3,komentar
user_5116cd00a576,FILM::Janur Ireng: Sewu Dino Prequel (2025/2026),1,komentar
user_51c9851e8551,FILM::Janur Ireng: Sewu Dino Prequel (2025/2026),1,komentar
user_522a97b9b2f0,FILM::Janur Ireng: Sewu Dino Prequel (2025/2026),7,komentar
user_529fbd666a33,FILM::Janur Ireng: Sewu Dino Prequel (2025/2026),1,komentar
user_531a4fc80cad,FILM::Janur Ireng: Sewu Dino Prequel (2025/2026),1,komentar
user_535f58e4a706,FILM::Janur Ireng: Sewu Dino Prequel (2025/2026),1,komentar
user_53c55b945065,FILM::Janur Ireng: Sewu Dino Prequel (2025/2026),1,komentar
user_54be33419a6a,FILM::Janur Ireng: Sewu Dino Prequel (2025/2026),1,komentar
user_550127f9b318,FILM::Janur Ireng: Sewu Dino Prequel (2025/2026),1,komentar
user_554b22d6496d,FILM::Janur Ireng: Sewu Dino Prequel (2025/2026),1,komentar
user_55577a079f82,FILM::Janur Ireng: Sewu Dino Prequel (2025/2026),1,komentar
user_5671fcb4a300,FILM::Janur Ireng: Sewu Dino Prequel (2025/2026),1,komentar
user_57c16aebfeb9,FILM::Janur Ireng: Sewu Dino Prequel (2025/2026),2,komentar
user_57f7a01660d2,FILM::Janur Ireng: Sewu Dino Prequel (2025/2026),1,komentar
user_5905136b5730,FILM::Janur Ireng: Sewu Dino Prequel (2025/2026),1,komentar
user_593508b4e00e,FILM::Janur Ireng: Sewu Dino Prequel (2025/2026),1,komentar
user_5b25939c9fcc,FILM::Janur Ireng: Sewu Dino Prequel (2025/2026),1,komentar
user_5b2c8abdce21,FILM::Janur Ireng: Sewu Dino Prequel (2025/2026),1,komentar
user_5bda6c88cbe9,FILM::Janur Ireng: Sewu Dino Prequel (2025/2026),1,komentar
user_5c255cdd18fa,FILM::Janur Ireng: Sewu Dino Prequel (2025/2026),1,komentar
user_5c6f42cd6199,FILM::Janur Ireng: Sewu Dino Prequel (2025/2026),1,komentar
user_5cfa58fe3995,FILM::Janur Ireng: Sewu Dino Prequel (2025/2026),1,komentar
user_5d1864d7a1b4,FILM::Janur Ireng: Sewu Dino Prequel (2025/2026),1,komentar
user_5da2cc3d2eda,FILM::Janur Ireng: Sewu Dino Prequel (2025/2026),1,komentar
user_5eab2898e419,FILM::Janur Ireng: Sewu Dino Prequel (2025/2026),1,komentar
user_5f13ec56e231,FILM::Janur Ireng: Sewu Dino Prequel (2025/2026),2,komentar
user_5f637082d7a0,FILM::Janur Ireng: Sewu Dino Prequel (2025/2026),1,komentar
user_600db8c0341d,FILM::Janur Ireng: Sewu Dino Prequel (2025/2026),1,komentar
user_60582fc1f955,FILM::Janur Ireng: Sewu Dino Prequel (2025/2026),2,komentar
user_6138efaa569c,FILM::Janur Ireng: Sewu Dino Prequel (2025/2026),2,komentar
user_63205f7fe9a5,FILM::Janur Ireng: Sewu Dino Prequel (2025/2026),1,komentar
user_6384a99a7ae6,FILM::Janur Ireng: Sewu Dino Prequel (2025/2026),1,komentar
user_65541ca0cba1,FILM::Janur Ireng: Sewu Dino Prequel (2025/2026),1,komentar
user_659e0368c40b,FILM::Janur Ireng: Sewu Dino Prequel (2025/2026),1,komentar
user_663264e08af0,FILM::Janur Ireng: Sewu Dino Prequel (2025/2026),2,komentar
user_67e0dc1a05ee,FILM::Janur Ireng: Sewu Dino Prequel (2025/2026),1,komentar
user_68c9c57d6a93,FILM::Janur Ireng: Sewu Dino Prequel (2025/2026),2,komentar
user_6956900b8d59,FILM::Janur Ireng: Sewu Dino Prequel (2025/2026),1,komentar
user_6afe95c39f56,FILM::Janur Ireng: Sewu Dino Prequel (2025/2026),1,komentar
user_6b1eb4efc822,FILM::Janur Ireng: Sewu Dino Prequel (2025/2026),1,komentar
user_6c2306e0d5d4,FILM::Janur Ireng: Sewu Dino Prequel (2025/2026),1,komentar
user_6c268917c63f,FILM::Janur Ireng: Sewu Dino Prequel (2025/2026),1,komentar
user_6c2fd3f58b81,FILM::Janur Ireng: Sewu Dino Prequel (2025/2026),1,komentar
user_6e58502d20cd,FILM::Janur Ireng: Sewu Dino Prequel (2025/2026),2,komentar
user_6f51f2a9c86c,FILM::Janur Ireng: Sewu Dino Prequel (2025/2026),1,komentar
user_709da9dee828,FILM::Janur Ireng: Sewu Dino Prequel (2025/2026),1,komentar
user_711563d72740,FILM::Janur Ireng: Sewu Dino Prequel (2025/2026),1,komentar
user_713eb5056930,FILM::Janur Ireng: Sewu Dino Prequel (2025/2026),1,komentar
user_7158e47c909c,FILM::Janur Ireng: Sewu Dino Prequel (2025/2026),1,komentar
user_7171e5476a89,FILM::Janur Ireng: Sewu Dino Prequel (2025/2026),2,komentar
user_7183b3519c71,FILM::Janur Ireng: Sewu Dino Prequel (2025/2026),1,komentar
user_7239eaf0452a,FILM::Janur Ireng: Sewu Dino Prequel (2025/2026),1,komentar
user_729f893407db,FILM::Janur Ireng: Sewu Dino Prequel (2025/2026),1,komentar
user_73338dfa5b8b,FILM::Janur Ireng: Sewu Dino Prequel (2025/2026),1,komentar
user_733b7899ac03,FILM::Janur Ireng: Sewu Dino Prequel (2025/2026),1,komentar
user_739e47607852,FILM::Janur Ireng: Sewu Dino Prequel (2025/2026),1,komentar
user_743e3c91145a,FILM::Janur Ireng: Sewu Dino Prequel (2025/2026),1,komentar
user_7445c842be29,FILM::Janur Ireng: Sewu Dino Prequel (2025/2026),1,komentar
user_7482a29658fe,FILM::Janur Ireng: Sewu Dino Prequel (2025/2026),1,komentar
user_755ffef453b3,FILM::Janur Ireng: Sewu Dino Prequel (2025/2026),1,komentar
user_756fff9593e9,FILM::Janur Ireng: Sewu Dino Prequel (2025/2026),1,komentar
user_7578c8cdefed,FILM::Janur Ireng: Sewu Dino Prequel (2025/2026),1,komentar
user_75da136fd77e,FILM::Janur Ireng: Sewu Dino Prequel (2025/2026),3,komentar
user_75e86addbdff,FILM::Janur Ireng: Sewu Dino Prequel (2025/2026),1,komentar
user_76e6116a4374,FILM::Janur Ireng: Sewu Dino Prequel (2025/2026),1,komentar
user_7776643b8e1e,FILM::Janur Ireng: Sewu Dino Prequel (2025/2026),1,komentar
user_77bceadfadc2,FILM::Janur Ireng: Sewu Dino Prequel (2025/2026),1,komentar
user_7879f06378bf,FILM::Janur Ireng: Sewu Dino Prequel (2025/2026),1,komentar
user_7909ffcce7ff,FILM::Janur Ireng: Sewu Dino Prequel (2025/2026),2,komentar
user_7983e6c81cb3,FILM::Janur Ireng: Sewu Dino Prequel (2025/2026),1,komentar
user_79ae8e8fbb5a,FILM::Janur Ireng: Sewu Dino Prequel (2025/2026),2,komentar
user_7a0f685afe5b,FILM::Janur Ireng: Sewu Dino Prequel (2025/2026),1,komentar
user_7b397c2d0914,FILM::Janur Ireng: Sewu Dino Prequel (2025/2026),1,komentar
user_7d54abdd445d,FILM::Janur Ireng: Sewu Dino Prequel (2025/2026),1,komentar
user_7e408bf931ff,FILM::Janur Ireng: Sewu Dino Prequel (2025/2026),1,komentar
user_7e946bc02f1d,FILM::Janur Ireng: Sewu Dino Prequel (2025/2026),1,komentar
user_7fa2b932a550,FILM::Janur Ireng: Sewu Dino Prequel (2025/2026),1,komentar
user_8087fd226495,FILM::Janur Ireng: Sewu Dino Prequel (2025/2026),1,komentar
user_81457867e798,FILM::Janur Ireng: Sewu Dino Prequel (2025/2026),1,komentar
user_81c929c032a5,FILM::Janur Ireng: Sewu Dino Prequel (2025/2026),1,komentar
user_8298f3efc202,FILM::Janur Ireng: Sewu Dino Prequel (2025/2026),1,komentar
user_82c3e58ab269,FILM::Janur Ireng: Sewu Dino Prequel (2025/2026),1,komentar
user_844605fdffe1,FILM::Janur Ireng: Sewu Dino Prequel (2025/2026),1,komentar
user_844ae6dd3cab,FILM::Janur Ireng: Sewu Dino Prequel (2025/2026),1,komentar
user_844cae7ca6a3,FILM::Janur Ireng: Sewu Dino Prequel (2025/2026),3,komentar
user_84b5a8cb4876,FILM::Janur Ireng: Sewu Dino Prequel (2025/2026),1,komentar
user_84d508e05f82,FILM::Janur Ireng: Sewu Dino Prequel (2025/2026),2,komentar
user_85b752ae365f,FILM::Janur Ireng: Sewu Dino Prequel (2025/2026),1,komentar
user_869b1d359b64,FILM::Janur Ireng: Sewu Dino Prequel (2025/2026),1,komentar
user_87c0c2ed05cf,FILM::Janur Ireng: Sewu Dino Prequel (2025/2026),2,komentar
user_893454f0c307,FILM::Janur Ireng: Sewu Dino Prequel (2025/2026),6,komentar
user_89626a01f520,FILM::Janur Ireng: Sewu Dino Prequel (2025/2026),1,komentar
user_89a12485e1ad,FILM::Janur Ireng: Sewu Dino Prequel (2025/2026),3,komentar
user_8a8843871ab0,FILM::Janur Ireng: Sewu Dino Prequel (2025/2026),1,komentar
user_8a9a8985504a,FILM::Janur Ireng: Sewu Dino Prequel (2025/2026),3,komentar
user_8b4d9f7592e3,FILM::Janur Ireng: Sewu Dino Prequel (2025/2026),1,komentar
user_8bb157d369ed,FILM::Janur Ireng: Sewu Dino Prequel (2025/2026),1,komentar
user_8c221be4d0d7,FILM::Janur Ireng: Sewu Dino Prequel (2025/2026),1,komentar
user_8c4401537e6f,FILM::Janur Ireng: Sewu Dino Prequel (2025/2026),1,komentar
user_8e0a7d9c067b,FILM::Janur Ireng: Sewu Dino Prequel (2025/2026),1,komentar
user_8f24588128d5,FILM::Janur Ireng: Sewu Dino Prequel (2025/2026),1,komentar
user_8fe629770f95,FILM::Janur Ireng: Sewu Dino Prequel (2025/2026),1,komentar
user_9239ddf0d11f,FILM::Janur Ireng: Sewu Dino Prequel (2025/2026),1,komentar
user_92b656b72d2a,FILM::Janur Ireng: Sewu Dino Prequel (2025/2026),1,komentar
user_93324593b975,FILM::Janur Ireng: Sewu Dino Prequel (2025/2026),1,komentar
user_9362dca3c883,FILM::Janur Ireng: Sewu Dino Prequel (2025/2026),1,komentar
user_93725b7c1f60,FILM::Janur Ireng: Sewu Dino Prequel (2025/2026),1,komentar
user_94be1b0d2026,FILM::Janur Ireng: Sewu Dino Prequel (2025/2026),1,komentar
user_95022f91655d,FILM::Janur Ireng: Sewu Dino Prequel (2025/2026),1,komentar
user_956bd37db01b,FILM::Janur Ireng: Sewu Dino Prequel (2025/2026),1,komentar
user_9595db2fc024,FILM::Janur Ireng: Sewu Dino Prequel (2025/2026),1,komentar
user_9636ea41476e,FILM::Janur Ireng: Sewu Dino Prequel (2025/2026),2,komentar
user_96febdada4cb,FILM::Janur Ireng: Sewu Dino Prequel (2025/2026),1,komentar
user_973b6f78064b,FILM::Janur Ireng: Sewu Dino Prequel (2025/2026),1,komentar
user_978eba6fe082,FILM::Janur Ireng: Sewu Dino Prequel (2025/2026),1,komentar
user_97cdae682594,FILM::Janur Ireng: Sewu Dino Prequel (2025/2026),1,komentar
user_992c9e54eeeb,FILM::Janur Ireng: Sewu Dino Prequel (2025/2026),1,komentar
user_99ffed599e79,FILM::Janur Ireng: Sewu Dino Prequel (2025/2026),2,komentar
user_9a12993c4477,FILM::Janur Ireng: Sewu Dino Prequel (2025/2026),1,komentar
user_9a1c0a0cc93f,FILM::Janur Ireng: Sewu Dino Prequel (2025/2026),1,komentar
user_9a576a79abba,FILM::Janur Ireng: Sewu Dino Prequel (2025/2026),1,komentar
user_9b2af134a64f,FILM::Janur Ireng: Sewu Dino Prequel (2025/2026),1,komentar
user_9bacd0a0ce63,FILM::Janur Ireng: Sewu Dino Prequel (2025/2026),1,komentar
user_9c323e3421ff,FILM::Janur Ireng: Sewu Dino Prequel (2025/2026),1,komentar
user_9c4b3a1ebfff,FILM::Janur Ireng: Sewu Dino Prequel (2025/2026),1,komentar
user_9c712d3a1d45,FILM::Janur Ireng: Sewu Dino Prequel (2025/2026),1,komentar
user_9d471feb97eb,FILM::Janur Ireng: Sewu Dino Prequel (2025/2026),2,komentar
user_9d5663ce2a21,FILM::Janur Ireng: Sewu Dino Prequel (2025/2026),1,komentar
user_9d7bee045107,FILM::Janur Ireng: Sewu Dino Prequel (2025/2026),1,komentar
user_9da2cd9559c9,FILM::Janur Ireng: Sewu Dino Prequel (2025/2026),2,komentar
user_9e205d0321b0,FILM::Janur Ireng: Sewu Dino Prequel (2025/2026),1,komentar
user_9e25e1a5138a,FILM::Janur Ireng: Sewu Dino Prequel (2025/2026),1,komentar
user_9f0f4f49c09b,FILM::Janur Ireng: Sewu Dino Prequel (2025/2026),1,komentar
user_9f183e0e9a83,FILM::Janur Ireng: Sewu Dino Prequel (2025/2026),1,komentar
user_9f1fcd950b1d,FILM::Janur Ireng: Sewu Dino Prequel (2025/2026),1,komentar
user_9f8d5e420eab,FILM::Janur Ireng: Sewu Dino Prequel (2025/2026),1,komentar
user_a010c8cee882,FILM::Janur Ireng: Sewu Dino Prequel (2025/2026),1,komentar
user_a10bc7d6b453,FILM::Janur Ireng: Sewu Dino Prequel (2025/2026),1,komentar
user_a1937b804c16,FILM::Janur Ireng: Sewu Dino Prequel (2025/2026),1,komentar
user_a1f2880a44a6,FILM::Janur Ireng: Sewu Dino Prequel (2025/2026),1,komentar
user_a24fba5d6730,FILM::Janur Ireng: Sewu Dino Prequel (2025/2026),1,komentar
user_a27f78eea180,FILM::Janur Ireng: Sewu Dino Prequel (2025/2026),1,komentar
user_a2f2eace0abd,FILM::Janur Ireng: Sewu Dino Prequel (2025/2026),1,komentar
user_a3c88a264445,FILM::Janur Ireng: Sewu Dino Prequel (2025/2026),3,komentar
user_a4921240f7f0,FILM::Janur Ireng: Sewu Dino Prequel (2025/2026),1,komentar
user_a4c488a24a38,FILM::Janur Ireng: Sewu Dino Prequel (2025/2026),1,komentar
user_a4c8a7adcaf9,FILM::Janur Ireng: Sewu Dino Prequel (2025/2026),1,komentar
user_a6b84a87c253,FILM::Janur Ireng: Sewu Dino Prequel (2025/2026),1,komentar
user_a6e9eb7592e3,FILM::Janur Ireng: Sewu Dino Prequel (2025/2026),1,komentar
user_a738d85924e5,FILM::Janur Ireng: Sewu Dino Prequel (2025/2026),2,komentar
user_aa52bc400c6a,FILM::Janur Ireng: Sewu Dino Prequel (2025/2026),1,komentar
user_aab9f5600e96,FILM::Janur Ireng: Sewu Dino Prequel (2025/2026),1,komentar
user_aad269f5cb79,FILM::Janur Ireng: Sewu Dino Prequel (2025/2026),2,komentar
user_ab6d2b23e043,FILM::Janur Ireng: Sewu Dino Prequel (2025/2026),1,komentar
user_abc782c3f320,FILM::Janur Ireng: Sewu Dino Prequel (2025/2026),1,komentar
user_abebc4d17ec8,FILM::Janur Ireng: Sewu Dino Prequel (2025/2026),1,komentar
user_ad2fe2718ab8,FILM::Janur Ireng: Sewu Dino Prequel (2025/2026),5,komentar
user_ad736bd93931,FILM::Janur Ireng: Sewu Dino Prequel (2025/2026),1,komentar
user_afc5c3318cf2,FILM::Janur Ireng: Sewu Dino Prequel (2025/2026),1,komentar
user_afdf0ce0f67f,FILM::Janur Ireng: Sewu Dino Prequel (2025/2026),1,komentar
user_b03413b359ef,FILM::Janur Ireng: Sewu Dino Prequel (2025/2026),1,komentar
user_b07501cfa608,FILM::Janur Ireng: Sewu Dino Prequel (2025/2026),1,komentar
user_b07b2f142c99,FILM::Janur Ireng: Sewu Dino Prequel (2025/2026),1,komentar
user_b1be9a85a269,FILM::Janur Ireng: Sewu Dino Prequel (2025/2026),2,komentar
user_b2416c0939fc,FILM::Janur Ireng: Sewu Dino Prequel (2025/2026),2,komentar
user_b287ac966234,FILM::Janur Ireng: Sewu Dino Prequel (2025/2026),1,komentar
user_b358a24a4b73,FILM::Janur Ireng: Sewu Dino Prequel (2025/2026),1,komentar
user_b3e6a911a4a1,FILM::Janur Ireng: Sewu Dino Prequel (2025/2026),1,komentar
user_b449f2e01e75,FILM::Janur Ireng: Sewu Dino Prequel (2025/2026),1,komentar
user_b47b36624ea2,FILM::Janur Ireng: Sewu Dino Prequel (2025/2026),1,komentar
user_b4a6c65417bd,FILM::Janur Ireng: Sewu Dino Prequel (2025/2026),1,komentar
user_b55a55fae711,FILM::Janur Ireng: Sewu Dino Prequel (2025/2026),1,komentar
user_b76c6c3d7cdf,FILM::Janur Ireng: Sewu Dino Prequel (2025/2026),1,komentar
user_b77d51832377,FILM::Janur Ireng: Sewu Dino Prequel (2025/2026),1,komentar
user_b8dee0088321,FILM::Janur Ireng: Sewu Dino Prequel (2025/2026),2,komentar
user_b8fefd8c36f2,FILM::Janur Ireng: Sewu Dino Prequel (2025/2026),2,komentar
user_b9345549914e,FILM::Janur Ireng: Sewu Dino Prequel (2025/2026),1,komentar
user_b99d9627793e,FILM::Janur Ireng: Sewu Dino Prequel (2025/2026),1,komentar
user_ba9b149f33e4,FILM::Janur Ireng: Sewu Dino Prequel (2025/2026),1,komentar
user_bbc76cc2408f,FILM::Janur Ireng: Sewu Dino Prequel (2025/2026),1,komentar
user_bd65ed3192c8,FILM::Janur Ireng: Sewu Dino Prequel (2025/2026),1,komentar
user_be1347ce5b07,FILM::Janur Ireng: Sewu Dino Prequel (2025/2026),1,komentar
user_be9dee337697,FILM::Janur Ireng: Sewu Dino Prequel (2025/2026),4,komentar
user_beb2d0a2b909,FILM::Janur Ireng: Sewu Dino Prequel (2025/2026),1,komentar
user_bf2c10c4526d,FILM::Janur Ireng: Sewu Dino Prequel (2025/2026),1,komentar
user_bfd5cff0f5f5,FILM::Janur Ireng: Sewu Dino Prequel (2025/2026),3,komentar
user_bff638f483a3,FILM::Janur Ireng: Sewu Dino Prequel (2025/2026),1,komentar
user_c017328e1bdb,FILM::Janur Ireng: Sewu Dino Prequel (2025/2026),1,komentar
user_c077eec40e41,FILM::Janur Ireng: Sewu Dino Prequel (2025/2026),1,komentar
user_c1236f93434c,FILM::Janur Ireng: Sewu Dino Prequel (2025/2026),1,komentar
user_c2330bf55286,FILM::Janur Ireng: Sewu Dino Prequel (2025/2026),1,komentar
user_c233fbf720b7,FILM::Janur Ireng: Sewu Dino Prequel (2025/2026),1,komentar
user_c2b3915b1632,FILM::Janur Ireng: Sewu Dino Prequel (2025/2026),1,komentar
user_c31433330faf,FILM::Janur Ireng: Sewu Dino Prequel (2025/2026),1,komentar
user_c388be597fc2,FILM::Janur Ireng: Sewu Dino Prequel (2025/2026),1,komentar
user_c40ac70844b8,FILM::Janur Ireng: Sewu Dino Prequel (2025/2026),1,komentar
user_c4451379a1bf,FILM::Janur Ireng: Sewu Dino Prequel (2025/2026),1,komentar
user_c49d523f489b,FILM::Janur Ireng: Sewu Dino Prequel (2025/2026),1,komentar
user_c4a93b74c8af,FILM::Janur Ireng: Sewu Dino Prequel (2025/2026),1,komentar
user_c5e28facd463,FILM::Janur Ireng: Sewu Dino Prequel (2025/2026),1,komentar
user_c6f24947216a,FILM::Janur Ireng: Sewu Dino Prequel (2025/2026),2,komentar
user_c82f8d63cd29,FILM::Janur Ireng: Sewu Dino Prequel (2025/2026),1,komentar
user_c885a625b3cb,FILM::Janur Ireng: Sewu Dino Prequel (2025/2026),1,komentar
user_c886c27fc33f,FILM::Janur Ireng: Sewu Dino Prequel (2025/2026),1,komentar
user_c8c3c71fc260,FILM::Janur Ireng: Sewu Dino Prequel (2025/2026),1,komentar
user_c8f1f024bdec,FILM::Janur Ireng: Sewu Dino Prequel (2025/2026),4,komentar
user_c903535d899b,FILM::Janur Ireng: Sewu Dino Prequel (2025/2026),1,komentar
user_ca14e3d4d530,FILM::Janur Ireng: Sewu Dino Prequel (2025/2026),2,komentar
user_ca604a696e53,FILM::Janur Ireng: Sewu Dino Prequel (2025/2026),1,komentar
user_cb7ae9b240e8,FILM::Janur Ireng: Sewu Dino Prequel (2025/2026),1,komentar
user_cbc97e1731f5,FILM::Janur Ireng: Sewu Dino Prequel (2025/2026),1,komentar
user_cc376c778513,FILM::Janur Ireng: Sewu Dino Prequel (2025/2026),1,komentar
user_cd8c63c74aa9,FILM::Janur Ireng: Sewu Dino Prequel (2025/2026),1,komentar
user_cd9b92b3201c,FILM::Janur Ireng: Sewu Dino Prequel (2025/2026),1,komentar
user_cdbd2947a5f4,FILM::Janur Ireng: Sewu Dino Prequel (2025/2026),1,komentar
user_ce8b70947cdf,FILM::Janur Ireng: Sewu Dino Prequel (2025/2026),1,komentar
user_cf2afa3d5893,FILM::Janur Ireng: Sewu Dino Prequel (2025/2026),1,komentar
user_cf8d2e0bfb7c,FILM::Janur Ireng: Sewu Dino Prequel (2025/2026),1,komentar
user_cfa2d9952f55,FILM::Janur Ireng: Sewu Dino Prequel (2025/2026),1,komentar
user_cfbb5a158ca1,FILM::Janur Ireng: Sewu Dino Prequel (2025/2026),1,komentar
user_d04c1e2bcac2,FILM::Janur Ireng: Sewu Dino Prequel (2025/2026),1,komentar
user_d1dfef7834b9,FILM::Janur Ireng: Sewu Dino Prequel (2025/2026),1,komentar
user_d29554f808c8,FILM::Janur Ireng: Sewu Dino Prequel (2025/2026),1,komentar
user_d2fdd5fdd47d,FILM::Janur Ireng: Sewu Dino Prequel (2025/2026),1,komentar
user_d37b2bc2e636,FILM::Janur Ireng: Sewu Dino Prequel (2025/2026),1,komentar
user_d3d12d273506,FILM::Janur Ireng: Sewu Dino Prequel (2025/2026),1,komentar
user_d468eab02770,FILM::Janur Ireng: Sewu Dino Prequel (2025/2026),1,komentar
user_d6bed68cdef4,FILM::Janur Ireng: Sewu Dino Prequel (2025/2026),1,komentar
user_d872ef141cbe,FILM::Janur Ireng: Sewu Dino Prequel (2025/2026),1,komentar
user_d8c47d92044e,FILM::Janur Ireng: Sewu Dino Prequel (2025/2026),2,komentar
user_da98bed21916,FILM::Janur Ireng: Sewu Dino Prequel (2025/2026),1,komentar
user_db5f77d5119c,FILM::Janur Ireng: Sewu Dino Prequel (2025/2026),1,komentar
user_dbaa40675082,FILM::Janur Ireng: Sewu Dino Prequel (2025/2026),1,komentar
user_dcb07e0c60ba,FILM::Janur Ireng: Sewu Dino Prequel (2025/2026),1,komentar
user_dccfad649ab7,FILM::Janur Ireng: Sewu Dino Prequel (2025/2026),1,komentar
user_dd3fb78a1513,FILM::Janur Ireng: Sewu Dino Prequel (2025/2026),1,komentar
user_dd616835d271,FILM::Janur Ireng: Sewu Dino Prequel (2025/2026),2,komentar
user_ddc0b7196290,FILM::Janur Ireng: Sewu Dino Prequel (2025/2026),2,komentar
user_de4e3e61c73f,FILM::Janur Ireng: Sewu Dino Prequel (2025/2026),4,komentar
user_de7f2a7638cb,FILM::Janur Ireng: Sewu Dino Prequel (2025/2026),1,komentar
user_dee35c762e89,FILM::Janur Ireng: Sewu Dino Prequel (2025/2026),1,komentar
user_df3c07121cfb,FILM::Janur Ireng: Sewu Dino Prequel (2025/2026),1,komentar
user_df9a53fe3b26,FILM::Janur Ireng: Sewu Dino Prequel (2025/2026),1,komentar
user_e07962868abb,FILM::Janur Ireng: Sewu Dino Prequel (2025/2026),1,komentar
user_e0a6ca00f28f,FILM::Janur Ireng: Sewu Dino Prequel (2025/2026),1,komentar
user_e1a69823e096,FILM::Janur Ireng: Sewu Dino Prequel (2025/2026),1,komentar
user_e1befad57ba7,FILM::Janur Ireng: Sewu Dino Prequel (2025/2026),1,komentar
user_e257447ca134,FILM::Janur Ireng: Sewu Dino Prequel (2025/2026),1,komentar
user_e290f941ec88,FILM::Janur Ireng: Sewu Dino Prequel (2025/2026),1,komentar
user_e4d1c00e7eb2,FILM::Janur Ireng: Sewu Dino Prequel (2025/2026),1,komentar
user_e65559aa60d0,FILM::Janur Ireng: Sewu Dino Prequel (2025/2026),1,komentar
user_e66a8d10a218,FILM::Janur Ireng: Sewu Dino Prequel (2025/2026),1,komentar
user_e72eb4510ae0,FILM::Janur Ireng: Sewu Dino Prequel (2025/2026),1,komentar
user_e7dc7bc027db,FILM::Janur Ireng: Sewu Dino Prequel (2025/2026),1,komentar
user_e8341cbd9045,FILM::Janur Ireng: Sewu Dino Prequel (2025/2026),1,komentar
user_e845166bc080,FILM::Janur Ireng: Sewu Dino Prequel (2025/2026),1,komentar
user_e8ad72574695,FILM::Janur Ireng: Sewu Dino Prequel (2025/2026),1,komentar
user_e8f37a726dc8,FILM::Janur Ireng: Sewu Dino Prequel (2025/2026),4,komentar
user_e9b4b1892d8f,FILM::Janur Ireng: Sewu Dino Prequel (2025/2026),1,komentar
user_ea605ace3f4c,FILM::Janur Ireng: Sewu Dino Prequel (2025/2026),2,komentar
user_eb00d493ee1c,FILM::Janur Ireng: Sewu Dino Prequel (2025/2026),1,komentar
user_eb37fdbc9c73,FILM::Janur Ireng: Sewu Dino Prequel (2025/2026),1,komentar
user_eb485ae086a5,FILM::Janur Ireng: Sewu Dino Prequel (2025/2026),1,komentar
user_ec6de0fdadb5,FILM::Janur Ireng: Sewu Dino Prequel (2025/2026),1,komentar
user_ece39924ecee,FILM::Janur Ireng: Sewu Dino Prequel (2025/2026),2,komentar
user_ece40772a413,FILM::Janur Ireng: Sewu Dino Prequel (2025/2026),1,komentar
user_ed7e7768b946,FILM::Janur Ireng: Sewu Dino Prequel (2025/2026),1,komentar
user_ee39b4312c60,FILM::Janur Ireng: Sewu Dino Prequel (2025/2026),2,komentar
user_ef1f5c7f4b43,FILM::Janur Ireng: Sewu Dino Prequel (2025/2026),1,komentar
user_efadf49ffc5a,FILM::Janur Ireng: Sewu Dino Prequel (2025/2026),1,komentar
user_efb043532940,FILM::Janur Ireng: Sewu Dino Prequel (2025/2026),1,komentar
user_efb83ee899e4,FILM::Janur Ireng: Sewu Dino Prequel (2025/2026),2,komentar
user_f026ad2d1ba8,FILM::Janur Ireng: Sewu Dino Prequel (2025/2026),1,komentar
user_f13a0d2cbffb,FILM::Janur Ireng: Sewu Dino Prequel (2025/2026),1,komentar
user_f150292891da,FILM::Janur Ireng: Sewu Dino Prequel (2025/2026),1,komentar
user_f1dc92c51e9f,FILM::Janur Ireng: Sewu Dino Prequel (2025/2026),1,komentar
user_f26720628c42,FILM::Janur Ireng: Sewu Dino Prequel (2025/2026),1,komentar
user_f27994c0b3e8,FILM::Janur Ireng: Sewu Dino Prequel (2025/2026),1,komentar
user_f2fca2cdfd72,FILM::Janur Ireng: Sewu Dino Prequel (2025/2026),1,komentar
user_f3b0fbdc1300,FILM::Janur Ireng: Sewu Dino Prequel (2025/2026),1,komentar
user_f3bfceed2f0b,FILM::Janur Ireng: Sewu Dino Prequel (2025/2026),1,komentar
user_f422de4c4146,FILM::Janur Ireng: Sewu Dino Prequel (2025/2026),1,komentar
user_f4db1d0f3ea4,FILM::Janur Ireng: Sewu Dino Prequel (2025/2026),1,komentar
user_f725bc7f3e3e,FILM::Janur Ireng: Sewu Dino Prequel (2025/2026),1,komentar
user_f760a5b70a15,FILM::Janur Ireng: Sewu Dino Prequel (2025/2026),1,komentar
user_f7968db6dfd2,FILM::Janur Ireng: Sewu Dino Prequel (2025/2026),1,komentar
user_f8b2c5d392bb,FILM::Janur Ireng: Sewu Dino Prequel (2025/2026),1,komentar
user_f95de7965d32,FILM::Janur Ireng: Sewu Dino Prequel (2025/2026),2,komentar
user_f9a5c64e1f73,FILM::Janur Ireng: Sewu Dino Prequel (2025/2026),1,komentar
user_f9a8b7e70e99,FILM::Janur Ireng: Sewu Dino Prequel (2025/2026),1,komentar
user_f9f328970f5a,FILM::Janur Ireng: Sewu Dino Prequel (2025/2026),1,komentar
user_f9fe80aec4b7,FILM::Janur Ireng: Sewu Dino Prequel (2025/2026),1,komentar
user_fa2d6c2cbe7e,FILM::Janur Ireng: Sewu Dino Prequel (2025/2026),1,komentar
user_fc9817c61b9a,FILM::Janur Ireng: Sewu Dino Prequel (2025/2026),1,komentar
user_fd17663f02ec,FILM::Janur Ireng: Sewu Dino Prequel (2025/2026),1,komentar
user_fd5b508c70de,FILM::Janur Ireng: Sewu Dino Prequel (2025/2026),1,komentar
user_fd9701f9c13c,FILM::Janur Ireng: Sewu Dino Prequel (2025/2026),2,komentar
user_004e5e502d9e,user_b766f1f64ed4,1,balasan
user_0050de73428c,Perewangan (2024),2,komentar
user_0050de73428c,Racun Sangga: Santet Pemisah Rumah Tangga (2024),2,komentar
user_0050de73428c,user_0b3d09c62210,1,balasan
user_00c736cad5d2,FILM::Perewangan (2024),1,komentar
user_04676c553b69,FILM::Perewangan (2024),1,komentar
user_072036075783,FILM::Perewangan (2024),1,komentar
user_074e6609b604,FILM::Perewangan (2024),1,komentar
user_07a85c9d5b82,FILM::Perewangan (2024),1,komentar
user_08b568e8cafe,FILM::Perewangan (2024),1,komentar
user_0986d6b76bcb,FILM::Perewangan (2024),1,komentar
user_0b3d09c62210,FILM::Perewangan (2024),1,komentar
user_0bdf00d8f4a6,FILM::Perewangan (2024),1,komentar
user_0d42a9cb4096,FILM::Perewangan (2024),1,komentar
user_0dba4d1e6b04,FILM::Perewangan (2024),1,komentar
user_0edb4a3ead3e,FILM::Perewangan (2024),1,komentar
user_106012fabfb4,FILM::Perewangan (2024),1,komentar
user_10ebaf47d61c,FILM::Perewangan (2024),1,komentar
user_10f0155dcd10,FILM::Perewangan (2024),1,komentar
user_12e6ddc0162d,FILM::Perewangan (2024),1,komentar
user_13e7d8195679,FILM::Perewangan (2024),1,komentar
user_1404f61dcf42,FILM::Perewangan (2024),1,komentar
user_1425c2917dba,FILM::Perewangan (2024),1,komentar
user_1480cbf91b27,FILM::Perewangan (2024),1,komentar
user_15a2a52d51d5,FILM::Perewangan (2024),1,komentar
user_15b491d60537,FILM::Perewangan (2024),1,komentar
user_162a7591c426,FILM::Perewangan (2024),1,komentar
user_17739f151079,FILM::Perewangan (2024),2,komentar
user_19a2edf1841a,FILM::Perewangan (2024),1,komentar
user_1bc5fa781572,FILM::Perewangan (2024),2,komentar
user_1c66d596a017,FILM::Perewangan (2024),2,komentar
user_1f4c41ea8dae,FILM::Perewangan (2024),1,komentar
user_1f71cd28340f,FILM::Perewangan (2024),1,komentar
user_1fa288b85f9f,FILM::Perewangan (2024),1,komentar
user_1fdcbcbfb7c2,FILM::Perewangan (2024),1,komentar
user_209c862ead4c,FILM::Perewangan (2024),1,komentar
user_22bdf303a362,FILM::Perewangan (2024),1,komentar
user_23600dc30a4b,FILM::Perewangan (2024),1,komentar
user_24838b605e8d,FILM::Perewangan (2024),2,komentar
user_24ea88be71a5,FILM::Perewangan (2024),2,komentar
user_2621c7cc060e,FILM::Perewangan (2024),1,komentar
user_263ac8debe39,FILM::Perewangan (2024),1,komentar
user_285b428067e3,FILM::Perewangan (2024),1,komentar
user_28a7d4b7f93e,FILM::Perewangan (2024),1,komentar
user_29355f2e52be,FILM::Perewangan (2024),2,komentar
user_299ba006bd03,FILM::Perewangan (2024),1,komentar
user_29dc15648fae,FILM::Perewangan (2024),2,komentar
user_2add77d2d1c4,FILM::Perewangan (2024),3,komentar
user_2c45fcf78a11,FILM::Perewangan (2024),1,komentar
user_2ef3a60610b0,FILM::Perewangan (2024),1,komentar
user_2ff445027d64,FILM::Perewangan (2024),1,komentar
user_30ed54cd1b0e,FILM::Perewangan (2024),1,komentar
user_33e7bf7e25d0,FILM::Perewangan (2024),2,komentar
user_3534517d3c66,FILM::Perewangan (2024),1,komentar
user_356ed6461227,FILM::Perewangan (2024),1,komentar
user_3656a0953356,FILM::Perewangan (2024),1,komentar
user_3846ba7110c4,FILM::Perewangan (2024),1,komentar
user_394943635ab0,FILM::Perewangan (2024),1,komentar
user_397cae5a574b,FILM::Perewangan (2024),4,komentar
user_3a3dff933684,FILM::Perewangan (2024),1,komentar
user_3b11a1191ac2,FILM::Perewangan (2024),1,komentar
user_3df745c81a8d,FILM::Perewangan (2024),2,komentar
user_3e4ea709eacd,FILM::Perewangan (2024),1,komentar
user_3ed32944d987,FILM::Perewangan (2024),1,komentar
user_41ae64955cbd,FILM::Perewangan (2024),1,komentar
user_45110bebf706,FILM::Perewangan (2024),1,komentar
user_4611395ef157,FILM::Perewangan (2024),1,komentar
user_4ae805b3fa16,FILM::Perewangan (2024),1,komentar
user_4be7b82203be,FILM::Perewangan (2024),1,komentar
user_4d3a63b51909,FILM::Perewangan (2024),1,komentar
user_4d3d93b70dac,FILM::Perewangan (2024),3,komentar
user_4fc4a5b87f5c,FILM::Perewangan (2024),1,komentar
user_50209f79c828,FILM::Perewangan (2024),1,komentar
user_50bb83dc9cc4,FILM::Perewangan (2024),1,komentar
user_51b43dd9a9f6,FILM::Perewangan (2024),5,komentar
user_52aa3f472b4c,FILM::Perewangan (2024),1,komentar
user_558de01660c7,FILM::Perewangan (2024),1,komentar
user_5633272a0627,FILM::Perewangan (2024),1,komentar
user_58328ec4b237,FILM::Perewangan (2024),1,komentar
user_5a0de5d484bf,FILM::Perewangan (2024),1,komentar
user_5b19d233d3a0,FILM::Perewangan (2024),1,komentar
user_5c47c5e66105,FILM::Perewangan (2024),1,komentar
user_5d00724f6569,FILM::Perewangan (2024),1,komentar
user_5d86afc7199c,FILM::Perewangan (2024),3,komentar
user_5e4a518056e9,FILM::Perewangan (2024),1,komentar
user_5e9089cdf72b,FILM::Perewangan (2024),1,komentar
user_61d7c0cd3e3e,FILM::Perewangan (2024),2,komentar
user_62e6c9e087f5,FILM::Perewangan (2024),1,komentar
user_6366a5cc3c86,FILM::Perewangan (2024),1,komentar
user_6466a68829e4,FILM::Perewangan (2024),1,komentar
user_65e0ffb91918,FILM::Perewangan (2024),1,komentar
user_65ed5c3d0bd6,FILM::Perewangan (2024),1,komentar
user_66d828aa96cc,FILM::Perewangan (2024),1,komentar
user_6769b57df554,FILM::Perewangan (2024),1,komentar
user_68438a19c480,FILM::Perewangan (2024),1,komentar
user_6a43e7bf72e8,FILM::Perewangan (2024),2,komentar
user_6a6c0c1b74b4,FILM::Perewangan (2024),1,komentar
user_6b7fc6c7afdd,FILM::Perewangan (2024),1,komentar
user_6bafce12b34c,FILM::Perewangan (2024),1,komentar
user_6c11ae6dddf7,FILM::Perewangan (2024),1,komentar
user_6d5980758c0d,FILM::Perewangan (2024),1,komentar
user_6ddf5c27268f,FILM::Perewangan (2024),1,komentar
user_71c98a56d678,FILM::Perewangan (2024),1,komentar
user_7230de186ba9,FILM::Perewangan (2024),1,komentar
user_724948753125,FILM::Perewangan (2024),2,komentar
user_72b49818ca3c,FILM::Perewangan (2024),1,komentar
user_73289c57c53a,FILM::Perewangan (2024),1,komentar
user_75dec23962cc,FILM::Perewangan (2024),1,komentar
user_7734829172c4,FILM::Perewangan (2024),1,komentar
user_77be908d1794,FILM::Perewangan (2024),1,komentar
user_7921142f4fb8,FILM::Perewangan (2024),1,komentar
user_796bb23ddcb5,FILM::Perewangan (2024),1,komentar
user_7b0e3b0ac9ec,FILM::Perewangan (2024),1,komentar
user_7c8037e2dc56,FILM::Perewangan (2024),1,komentar
user_7f587805566a,FILM::Perewangan (2024),1,komentar
user_8008c3c11598,FILM::Perewangan (2024),1,komentar
user_8447f68bfb35,FILM::Perewangan (2024),2,komentar
user_85c454627396,FILM::Perewangan (2024),2,komentar
user_865b19a2f99c,FILM::Perewangan (2024),1,komentar
user_869b1d359b64,FILM::Perewangan (2024),1,komentar
user_87eef7caba6a,FILM::Perewangan (2024),1,komentar
user_88042ac636ee,FILM::Perewangan (2024),1,komentar
user_887df74721bf,FILM::Perewangan (2024),1,komentar
user_88845d8bde88,FILM::Perewangan (2024),1,komentar
user_88ab5ad34e23,FILM::Perewangan (2024),1,komentar
user_89ef51d838af,FILM::Perewangan (2024),1,komentar
user_8a9cf45512fb,FILM::Perewangan (2024),1,komentar
user_8b135f141170,FILM::Perewangan (2024),1,komentar
user_8bd97cebc1a8,FILM::Perewangan (2024),1,komentar
user_8ce048e2a21e,FILM::Perewangan (2024),1,komentar
user_8dfbe436bafd,FILM::Perewangan (2024),1,komentar
user_9163329df9cf,FILM::Perewangan (2024),1,komentar
user_91df18344dfd,FILM::Perewangan (2024),2,komentar
user_92381187eef2,FILM::Perewangan (2024),1,komentar
user_92ab20423a9d,FILM::Perewangan (2024),1,komentar
user_92e54949a3c8,FILM::Perewangan (2024),1,komentar
user_92f0de255dc2,FILM::Perewangan (2024),1,komentar
user_951f40d6526f,FILM::Perewangan (2024),1,komentar
user_9588cb14198a,FILM::Perewangan (2024),1,komentar
user_96bebd8553fc,FILM::Perewangan (2024),1,komentar
user_97fb6f6dba93,FILM::Perewangan (2024),1,komentar
user_97fde3150c5f,FILM::Perewangan (2024),2,komentar
user_984acda2e8da,FILM::Perewangan (2024),1,komentar
user_989258d0b3e1,FILM::Perewangan (2024),1,komentar
user_99c4fd94d5e3,FILM::Perewangan (2024),1,komentar
user_99f0e9f75035,FILM::Perewangan (2024),1,komentar
user_9b095e7bb46d,FILM::Perewangan (2024),1,komentar
user_9b23a719ae27,FILM::Perewangan (2024),1,komentar
user_9bcfc588a50a,FILM::Perewangan (2024),1,komentar
user_9d1afef12b97,FILM::Perewangan (2024),1,komentar
user_9d317a0589cc,FILM::Perewangan (2024),1,komentar
user_9e0135b98040,FILM::Perewangan (2024),1,komentar
user_9e45ec07204c,FILM::Perewangan (2024),1,komentar
user_9e5c4d0525df,FILM::Perewangan (2024),2,komentar
user_9e69bd952474,FILM::Perewangan (2024),1,komentar
user_9ec831e605df,FILM::Perewangan (2024),1,komentar
user_9f13bbec9053,FILM::Perewangan (2024),1,komentar
user_9f5842dda525,FILM::Perewangan (2024),1,komentar
user_9fb0b2ac34e4,FILM::Perewangan (2024),1,komentar
user_a06d601b6194,FILM::Perewangan (2024),2,komentar
user_a13f85cc07af,FILM::Perewangan (2024),1,komentar
user_a27f3bfbc635,FILM::Perewangan (2024),1,komentar
user_a3f801d965dd,FILM::Perewangan (2024),2,komentar
user_a4ea5b62cb8f,FILM::Perewangan (2024),1,komentar
user_a615ab8e968c,FILM::Perewangan (2024),1,komentar
user_a7e7fe5ea5f7,FILM::Perewangan (2024),1,komentar
user_a831a935fa69,FILM::Perewangan (2024),1,komentar
user_a9c28d885aa1,FILM::Perewangan (2024),1,komentar
user_ab7735e00181,FILM::Perewangan (2024),1,komentar
user_ad2e519a1dd4,FILM::Perewangan (2024),1,komentar
user_ae5866116bc5,FILM::Perewangan (2024),1,komentar
user_b03268e5eb1d,FILM::Perewangan (2024),1,komentar
user_b13fab020b42,FILM::Perewangan (2024),1,komentar
user_b16cbb5781ba,FILM::Perewangan (2024),1,komentar
user_b232d89bf815,FILM::Perewangan (2024),1,komentar
user_b5f144eacdcc,FILM::Perewangan (2024),1,komentar
user_b65d26e01313,FILM::Perewangan (2024),1,komentar
user_b6894d3bd669,FILM::Perewangan (2024),1,komentar
user_b6b41e713135,FILM::Perewangan (2024),1,komentar
user_bb096de3b5c4,FILM::Perewangan (2024),1,komentar
user_bc4b3f1464bb,FILM::Perewangan (2024),1,komentar
user_be7827177af6,FILM::Perewangan (2024),2,komentar
user_bfc17fd83f5d,FILM::Perewangan (2024),1,komentar
user_c09120b523d6,FILM::Perewangan (2024),1,komentar
user_c16e0f180496,FILM::Perewangan (2024),1,komentar
user_c279d380ab5b,FILM::Perewangan (2024),2,komentar
user_c29da1f160ab,FILM::Perewangan (2024),1,komentar
user_c2a090636dff,FILM::Perewangan (2024),5,komentar
user_c2a9dc7535c4,FILM::Perewangan (2024),1,komentar
user_c4a0a10cfd09,FILM::Perewangan (2024),1,komentar
user_c5a285bd65f1,FILM::Perewangan (2024),1,komentar
user_c5ebd13e2ee7,FILM::Perewangan (2024),1,komentar
user_c605cef8a92f,FILM::Perewangan (2024),1,komentar
user_c6158c930951,FILM::Perewangan (2024),2,komentar
user_c6256e2a2906,FILM::Perewangan (2024),1,komentar
user_c68f952094f4,FILM::Perewangan (2024),1,komentar
user_c87baba3d57b,FILM::Perewangan (2024),1,komentar
user_c963db317750,FILM::Perewangan (2024),1,komentar
user_c9a0d2374efa,FILM::Perewangan (2024),1,komentar
user_cb38e9c1fdf1,FILM::Perewangan (2024),1,komentar
user_cbf7c6c80d2e,FILM::Perewangan (2024),1,komentar
user_cc80a187272c,FILM::Perewangan (2024),1,komentar
user_ce6b4fc5298a,FILM::Perewangan (2024),1,komentar
user_cf6055fbc551,FILM::Perewangan (2024),1,komentar
user_d0192d667af7,FILM::Perewangan (2024),1,komentar
user_d030876a6911,FILM::Perewangan (2024),1,komentar
user_d0bdc4219590,FILM::Perewangan (2024),1,komentar
user_d1ca0d1365f7,FILM::Perewangan (2024),1,komentar
user_d2a53544fa2c,FILM::Perewangan (2024),1,komentar
user_d2b6a70c1189,FILM::Perewangan (2024),7,komentar
user_d2e66f8c60a9,FILM::Perewangan (2024),1,komentar
user_d393b696fbb6,FILM::Perewangan (2024),1,komentar
user_da4634793a3b,FILM::Perewangan (2024),1,komentar
user_daa41d2970f3,FILM::Perewangan (2024),1,komentar
user_daf10e43fb8d,FILM::Perewangan (2024),2,komentar
user_dc8f452e2fb2,FILM::Perewangan (2024),1,komentar
user_dd371d31d8ce,FILM::Perewangan (2024),1,komentar
user_dd8d7bec6e34,FILM::Perewangan (2024),1,komentar
user_de5df7c6b0b7,FILM::Perewangan (2024),1,komentar
user_e000a9580a75,FILM::Perewangan (2024),2,komentar
user_e309ed046346,FILM::Perewangan (2024),1,komentar
user_e45faa3e41ff,FILM::Perewangan (2024),2,komentar
user_e534714ba32f,FILM::Perewangan (2024),1,komentar
user_ea79d76f8815,FILM::Perewangan (2024),1,komentar
user_eb6b09955c02,FILM::Perewangan (2024),1,komentar
user_ed6fd12ec064,FILM::Perewangan (2024),1,komentar
user_ee342c60052b,FILM::Perewangan (2024),1,komentar
user_ee59b802797e,FILM::Perewangan (2024),1,komentar
user_effdda105d45,FILM::Perewangan (2024),1,komentar
user_f0d3225845e1,FILM::Perewangan (2024),1,komentar
user_f1dd125e8c1d,FILM::Perewangan (2024),1,komentar
user_f35b59cbeeab,FILM::Perewangan (2024),1,komentar
user_f37d19991e7a,FILM::Perewangan (2024),1,komentar
user_f3de87a71ab1,FILM::Perewangan (2024),1,komentar
user_f4d56f850afe,FILM::Perewangan (2024),1,komentar
user_f4ff900fc462,FILM::Perewangan (2024),1,komentar
user_f66d8953e836,FILM::Perewangan (2024),1,komentar
user_f6f0360673e0,FILM::Perewangan (2024),1,komentar
user_f70cda1a7066,FILM::Perewangan (2024),2,komentar
user_f7e80e0db05e,FILM::Perewangan (2024),1,komentar
user_f877ffccdf88,FILM::Perewangan (2024),1,komentar
user_f9a5c64e1f73,FILM::Perewangan (2024),1,komentar
user_f9beef2db9dd,FILM::Perewangan (2024),2,komentar
user_faf8b49eeb90,FILM::Perewangan (2024),3,komentar
user_fb299ba11d17,FILM::Perewangan (2024),1,komentar
user_fb5af812dd57,FILM::Perewangan (2024),1,komentar
user_fc35502427d0,FILM::Perewangan (2024),1,komentar
user_fc8eb660597a,FILM::Perewangan (2024),1,komentar
user_fcbef8f35d88,FILM::Perewangan (2024),1,komentar
user_007186f7a9ed,FILM::Racun Sangga: Santet Pemisah Rumah Tangga (2024),1,komentar
user_038003a2d6ec,FILM::Racun Sangga: Santet Pemisah Rumah Tangga (2024),1,komentar
user_039893c2a204,FILM::Racun Sangga: Santet Pemisah Rumah Tangga (2024),1,komentar
user_047bae73ae06,FILM::Racun Sangga: Santet Pemisah Rumah Tangga (2024),1,komentar
user_06d7faadfa7c,FILM::Racun Sangga: Santet Pemisah Rumah Tangga (2024),1,komentar
user_09615a8fad7e,FILM::Racun Sangga: Santet Pemisah Rumah Tangga (2024),1,komentar
user_0a1bb0426027,FILM::Racun Sangga: Santet Pemisah Rumah Tangga (2024),1,komentar
user_0c3c74024ed6,FILM::Racun Sangga: Santet Pemisah Rumah Tangga (2024),2,komentar
user_0dba4d1e6b04,FILM::Racun Sangga: Santet Pemisah Rumah Tangga (2024),2,komentar
user_0f7c81582c91,FILM::Racun Sangga: Santet Pemisah Rumah Tangga (2024),1,komentar
user_0fa8e457ad7b,FILM::Racun Sangga: Santet Pemisah Rumah Tangga (2024),1,komentar
user_102cd585bfeb,FILM::Racun Sangga: Santet Pemisah Rumah Tangga (2024),1,komentar
user_1065fcf69c18,FILM::Racun Sangga: Santet Pemisah Rumah Tangga (2024),1,komentar
user_1598016df4d9,FILM::Racun Sangga: Santet Pemisah Rumah Tangga (2024),1,komentar
user_15dd26101599,FILM::Racun Sangga: Santet Pemisah Rumah Tangga (2024),1,komentar
user_1e7b7ad6b461,FILM::Racun Sangga: Santet Pemisah Rumah Tangga (2024),1,komentar
user_1f386f986486,FILM::Racun Sangga: Santet Pemisah Rumah Tangga (2024),1,komentar
user_2354292f3886,FILM::Racun Sangga: Santet Pemisah Rumah Tangga (2024),1,komentar
user_24006aa7895f,FILM::Racun Sangga: Santet Pemisah Rumah Tangga (2024),1,komentar
user_24ea88be71a5,FILM::Racun Sangga: Santet Pemisah Rumah Tangga (2024),1,komentar
user_2531c73fa323,FILM::Racun Sangga: Santet Pemisah Rumah Tangga (2024),1,komentar
user_33bb39de8980,FILM::Racun Sangga: Santet Pemisah Rumah Tangga (2024),1,komentar
user_341604deceff,FILM::Racun Sangga: Santet Pemisah Rumah Tangga (2024),1,komentar
user_351d867186ba,FILM::Racun Sangga: Santet Pemisah Rumah Tangga (2024),1,komentar
user_35fa37f13bfa,FILM::Racun Sangga: Santet Pemisah Rumah Tangga (2024),1,komentar
user_36b8a485014b,FILM::Racun Sangga: Santet Pemisah Rumah Tangga (2024),1,komentar
user_36c59a9a6c69,FILM::Racun Sangga: Santet Pemisah Rumah Tangga (2024),1,komentar
user_397621070d8b,FILM::Racun Sangga: Santet Pemisah Rumah Tangga (2024),1,komentar
user_39a74aaebd48,FILM::Racun Sangga: Santet Pemisah Rumah Tangga (2024),1,komentar
user_3a1c5bd4061c,FILM::Racun Sangga: Santet Pemisah Rumah Tangga (2024),1,komentar
user_3d8c0a3f1563,FILM::Racun Sangga: Santet Pemisah Rumah Tangga (2024),3,komentar
user_3fff3cc74917,FILM::Racun Sangga: Santet Pemisah Rumah Tangga (2024),1,komentar
user_404268ed07f6,FILM::Racun Sangga: Santet Pemisah Rumah Tangga (2024),1,komentar
user_41e157dd18a5,FILM::Racun Sangga: Santet Pemisah Rumah Tangga (2024),1,komentar
user_41eb0e2139e2,FILM::Racun Sangga: Santet Pemisah Rumah Tangga (2024),1,komentar
user_420746dfe39f,FILM::Racun Sangga: Santet Pemisah Rumah Tangga (2024),2,komentar
user_43008d8853a0,FILM::Racun Sangga: Santet Pemisah Rumah Tangga (2024),1,komentar
user_43f7169488ce,FILM::Racun Sangga: Santet Pemisah Rumah Tangga (2024),1,komentar
user_44f2e169fa59,FILM::Racun Sangga: Santet Pemisah Rumah Tangga (2024),1,komentar
user_451f3d594a1b,FILM::Racun Sangga: Santet Pemisah Rumah Tangga (2024),1,komentar
user_455f4cc92681,FILM::Racun Sangga: Santet Pemisah Rumah Tangga (2024),2,komentar
user_477f4f65aa6f,FILM::Racun Sangga: Santet Pemisah Rumah Tangga (2024),1,komentar
user_47984c794578,FILM::Racun Sangga: Santet Pemisah Rumah Tangga (2024),1,komentar
user_47fe641003c1,FILM::Racun Sangga: Santet Pemisah Rumah Tangga (2024),1,komentar
user_4954bd98bd85,FILM::Racun Sangga: Santet Pemisah Rumah Tangga (2024),1,komentar
user_4955ad562556,FILM::Racun Sangga: Santet Pemisah Rumah Tangga (2024),1,komentar
user_4ac58b71d86b,FILM::Racun Sangga: Santet Pemisah Rumah Tangga (2024),3,komentar
user_4b2979a548ea,FILM::Racun Sangga: Santet Pemisah Rumah Tangga (2024),3,komentar
user_4b5bae7b268b,FILM::Racun Sangga: Santet Pemisah Rumah Tangga (2024),1,komentar
user_4b992b83d60d,FILM::Racun Sangga: Santet Pemisah Rumah Tangga (2024),1,komentar
user_4f75d22011ac,FILM::Racun Sangga: Santet Pemisah Rumah Tangga (2024),1,komentar
user_4fec6da00e00,FILM::Racun Sangga: Santet Pemisah Rumah Tangga (2024),1,komentar
user_503027899bda,FILM::Racun Sangga: Santet Pemisah Rumah Tangga (2024),1,komentar
user_50c1ff62909a,FILM::Racun Sangga: Santet Pemisah Rumah Tangga (2024),1,komentar
user_540a4c2e7bca,FILM::Racun Sangga: Santet Pemisah Rumah Tangga (2024),1,komentar
user_552a44350046,FILM::Racun Sangga: Santet Pemisah Rumah Tangga (2024),1,komentar
user_57c4612588ac,FILM::Racun Sangga: Santet Pemisah Rumah Tangga (2024),1,komentar
user_57dee654585b,FILM::Racun Sangga: Santet Pemisah Rumah Tangga (2024),2,komentar
user_5ad075b15d7f,FILM::Racun Sangga: Santet Pemisah Rumah Tangga (2024),2,komentar
user_5b1d985c3076,FILM::Racun Sangga: Santet Pemisah Rumah Tangga (2024),1,komentar
user_5b685954077f,FILM::Racun Sangga: Santet Pemisah Rumah Tangga (2024),1,komentar
user_5cd05c48b005,FILM::Racun Sangga: Santet Pemisah Rumah Tangga (2024),2,komentar
user_6138efaa569c,FILM::Racun Sangga: Santet Pemisah Rumah Tangga (2024),3,komentar
user_655f6183c3ba,FILM::Racun Sangga: Santet Pemisah Rumah Tangga (2024),1,komentar
user_659104344b08,FILM::Racun Sangga: Santet Pemisah Rumah Tangga (2024),1,komentar
user_7153d2b13130,FILM::Racun Sangga: Santet Pemisah Rumah Tangga (2024),5,komentar
user_719de45dc65a,FILM::Racun Sangga: Santet Pemisah Rumah Tangga (2024),1,komentar
user_73db27a81568,FILM::Racun Sangga: Santet Pemisah Rumah Tangga (2024),1,komentar
user_74dadb99e342,FILM::Racun Sangga: Santet Pemisah Rumah Tangga (2024),1,komentar
user_764415f191d3,FILM::Racun Sangga: Santet Pemisah Rumah Tangga (2024),2,komentar
user_77a7b8f30d40,FILM::Racun Sangga: Santet Pemisah Rumah Tangga (2024),1,komentar
user_8009bae8cf03,FILM::Racun Sangga: Santet Pemisah Rumah Tangga (2024),1,komentar
user_803d93f553db,FILM::Racun Sangga: Santet Pemisah Rumah Tangga (2024),1,komentar
user_85db391fbd23,FILM::Racun Sangga: Santet Pemisah Rumah Tangga (2024),2,komentar
user_88db51780515,FILM::Racun Sangga: Santet Pemisah Rumah Tangga (2024),1,komentar
user_8a1602031afc,FILM::Racun Sangga: Santet Pemisah Rumah Tangga (2024),1,komentar
user_8b8366997e26,FILM::Racun Sangga: Santet Pemisah Rumah Tangga (2024),1,komentar
user_8c40f209aa65,FILM::Racun Sangga: Santet Pemisah Rumah Tangga (2024),1,komentar
user_8f6085263bd1,FILM::Racun Sangga: Santet Pemisah Rumah Tangga (2024),1,komentar
user_8fb3b17f6e0c,FILM::Racun Sangga: Santet Pemisah Rumah Tangga (2024),1,komentar
user_90f5edafc179,FILM::Racun Sangga: Santet Pemisah Rumah Tangga (2024),1,komentar
user_90fa9e63f1ba,FILM::Racun Sangga: Santet Pemisah Rumah Tangga (2024),1,komentar
user_91238b40a6dc,FILM::Racun Sangga: Santet Pemisah Rumah Tangga (2024),1,komentar
user_9172d5fbd66f,FILM::Racun Sangga: Santet Pemisah Rumah Tangga (2024),1,komentar
user_91e0fce4aad8,FILM::Racun Sangga: Santet Pemisah Rumah Tangga (2024),1,komentar
user_92c6cd853650,FILM::Racun Sangga: Santet Pemisah Rumah Tangga (2024),1,komentar
user_9322e79876a9,FILM::Racun Sangga: Santet Pemisah Rumah Tangga (2024),1,komentar
user_939ced73bc01,FILM::Racun Sangga: Santet Pemisah Rumah Tangga (2024),1,komentar
user_9660e9c7f2e4,FILM::Racun Sangga: Santet Pemisah Rumah Tangga (2024),1,komentar
user_967ef2489715,FILM::Racun Sangga: Santet Pemisah Rumah Tangga (2024),1,komentar
user_9680ac42a8a7,FILM::Racun Sangga: Santet Pemisah Rumah Tangga (2024),1,komentar
user_978de42b665e,FILM::Racun Sangga: Santet Pemisah Rumah Tangga (2024),1,komentar
user_987457ff818e,FILM::Racun Sangga: Santet Pemisah Rumah Tangga (2024),2,komentar
user_9a1402c0d96a,FILM::Racun Sangga: Santet Pemisah Rumah Tangga (2024),2,komentar
user_9b33f42c64b0,FILM::Racun Sangga: Santet Pemisah Rumah Tangga (2024),1,komentar
user_9b73867076ed,FILM::Racun Sangga: Santet Pemisah Rumah Tangga (2024),1,komentar
user_9f7879949767,FILM::Racun Sangga: Santet Pemisah Rumah Tangga (2024),1,komentar
user_a147dad32292,FILM::Racun Sangga: Santet Pemisah Rumah Tangga (2024),1,komentar
user_a19274cd6d1b,FILM::Racun Sangga: Santet Pemisah Rumah Tangga (2024),1,komentar
user_a197387678ad,FILM::Racun Sangga: Santet Pemisah Rumah Tangga (2024),1,komentar
user_a3f56ce86960,FILM::Racun Sangga: Santet Pemisah Rumah Tangga (2024),1,komentar
user_a585975b6bc9,FILM::Racun Sangga: Santet Pemisah Rumah Tangga (2024),1,komentar
user_a69de0c4c2e5,FILM::Racun Sangga: Santet Pemisah Rumah Tangga (2024),1,komentar
user_a7ef4902de46,FILM::Racun Sangga: Santet Pemisah Rumah Tangga (2024),1,komentar
user_a8cd225d7fb9,FILM::Racun Sangga: Santet Pemisah Rumah Tangga (2024),1,komentar
user_a997c0620ae8,FILM::Racun Sangga: Santet Pemisah Rumah Tangga (2024),1,komentar
user_a9ed80f6108e,FILM::Racun Sangga: Santet Pemisah Rumah Tangga (2024),1,komentar
user_aa137d0565ce,FILM::Racun Sangga: Santet Pemisah Rumah Tangga (2024),1,komentar
user_ab961816393f,FILM::Racun Sangga: Santet Pemisah Rumah Tangga (2024),2,komentar
user_aba79ac0e294,FILM::Racun Sangga: Santet Pemisah Rumah Tangga (2024),1,komentar
user_abb63e6aecb6,FILM::Racun Sangga: Santet Pemisah Rumah Tangga (2024),1,komentar
user_aca233964886,FILM::Racun Sangga: Santet Pemisah Rumah Tangga (2024),1,komentar
user_aedd76efe09b,FILM::Racun Sangga: Santet Pemisah Rumah Tangga (2024),1,komentar
user_af63e547cae5,FILM::Racun Sangga: Santet Pemisah Rumah Tangga (2024),1,komentar
user_aff2eb3617d5,FILM::Racun Sangga: Santet Pemisah Rumah Tangga (2024),1,komentar
user_b241aca745a5,FILM::Racun Sangga: Santet Pemisah Rumah Tangga (2024),1,komentar
user_b59a5bff8661,FILM::Racun Sangga: Santet Pemisah Rumah Tangga (2024),1,komentar
user_b615f8e0817f,FILM::Racun Sangga: Santet Pemisah Rumah Tangga (2024),1,komentar
user_b8efc701b92a,FILM::Racun Sangga: Santet Pemisah Rumah Tangga (2024),1,komentar
user_ba18809d20e6,FILM::Racun Sangga: Santet Pemisah Rumah Tangga (2024),1,komentar
user_bb623edcdc77,FILM::Racun Sangga: Santet Pemisah Rumah Tangga (2024),1,komentar
user_bff72fd509a1,FILM::Racun Sangga: Santet Pemisah Rumah Tangga (2024),1,komentar
user_c065545c422a,FILM::Racun Sangga: Santet Pemisah Rumah Tangga (2024),1,komentar
user_c1d928ca1747,FILM::Racun Sangga: Santet Pemisah Rumah Tangga (2024),1,komentar
user_c41249b0be12,FILM::Racun Sangga: Santet Pemisah Rumah Tangga (2024),1,komentar
user_c73be4bfbb71,FILM::Racun Sangga: Santet Pemisah Rumah Tangga (2024),1,komentar
user_c74e00310af1,FILM::Racun Sangga: Santet Pemisah Rumah Tangga (2024),1,komentar
user_c8c3c71fc260,FILM::Racun Sangga: Santet Pemisah Rumah Tangga (2024),1,komentar
user_c8f1f024bdec,FILM::Racun Sangga: Santet Pemisah Rumah Tangga (2024),1,komentar
user_c9a0d2374efa,FILM::Racun Sangga: Santet Pemisah Rumah Tangga (2024),1,komentar
user_ca7e1a0f3575,FILM::Racun Sangga: Santet Pemisah Rumah Tangga (2024),1,komentar
user_cb57dc781227,FILM::Racun Sangga: Santet Pemisah Rumah Tangga (2024),1,komentar
user_cbc7e98e57b0,FILM::Racun Sangga: Santet Pemisah Rumah Tangga (2024),1,komentar
user_cd6974642f98,FILM::Racun Sangga: Santet Pemisah Rumah Tangga (2024),1,komentar
user_ce85694d6ed1,FILM::Racun Sangga: Santet Pemisah Rumah Tangga (2024),1,komentar
user_cebe84b59c05,FILM::Racun Sangga: Santet Pemisah Rumah Tangga (2024),1,komentar
user_d264764576d4,FILM::Racun Sangga: Santet Pemisah Rumah Tangga (2024),1,komentar
user_d2c59d1c363c,FILM::Racun Sangga: Santet Pemisah Rumah Tangga (2024),1,komentar
user_d3a8b791dd4e,FILM::Racun Sangga: Santet Pemisah Rumah Tangga (2024),1,komentar
user_d3b2769a0045,FILM::Racun Sangga: Santet Pemisah Rumah Tangga (2024),1,komentar
user_d494833eeea9,FILM::Racun Sangga: Santet Pemisah Rumah Tangga (2024),1,komentar
user_d4bcb44b09b6,FILM::Racun Sangga: Santet Pemisah Rumah Tangga (2024),3,komentar
user_d5f8f3e513b5,FILM::Racun Sangga: Santet Pemisah Rumah Tangga (2024),1,komentar
user_d629e7a77c66,FILM::Racun Sangga: Santet Pemisah Rumah Tangga (2024),1,komentar
user_d6b32badd616,FILM::Racun Sangga: Santet Pemisah Rumah Tangga (2024),1,komentar
user_db5868977aa3,FILM::Racun Sangga: Santet Pemisah Rumah Tangga (2024),1,komentar
user_dd616835d271,FILM::Racun Sangga: Santet Pemisah Rumah Tangga (2024),3,komentar
user_e160a756c1f9,FILM::Racun Sangga: Santet Pemisah Rumah Tangga (2024),1,komentar
user_e244690282c3,FILM::Racun Sangga: Santet Pemisah Rumah Tangga (2024),1,komentar
user_e30e91ba22ae,FILM::Racun Sangga: Santet Pemisah Rumah Tangga (2024),1,komentar
user_e3eedda1d706,FILM::Racun Sangga: Santet Pemisah Rumah Tangga (2024),1,komentar
user_e45b421b16ff,FILM::Racun Sangga: Santet Pemisah Rumah Tangga (2024),1,komentar
user_e757e89f54b1,FILM::Racun Sangga: Santet Pemisah Rumah Tangga (2024),1,komentar
user_e9ba8b9396dd,FILM::Racun Sangga: Santet Pemisah Rumah Tangga (2024),2,komentar
user_ea9b2015c36d,FILM::Racun Sangga: Santet Pemisah Rumah Tangga (2024),1,komentar
user_eb16ddc46039,FILM::Racun Sangga: Santet Pemisah Rumah Tangga (2024),1,komentar
user_f13836bef2a3,FILM::Racun Sangga: Santet Pemisah Rumah Tangga (2024),1,komentar
user_f264d026e813,FILM::Racun Sangga: Santet Pemisah Rumah Tangga (2024),1,komentar
user_f3cf447913d0,FILM::Racun Sangga: Santet Pemisah Rumah Tangga (2024),1,komentar
user_f43366ab4613,FILM::Racun Sangga: Santet Pemisah Rumah Tangga (2024),1,komentar
user_f472469b4848,FILM::Racun Sangga: Santet Pemisah Rumah Tangga (2024),1,komentar
user_f503e61f150c,FILM::Racun Sangga: Santet Pemisah Rumah Tangga (2024),1,komentar
user_f79e459d1f15,FILM::Racun Sangga: Santet Pemisah Rumah Tangga (2024),1,komentar
user_f9828e3a6f5c,FILM::Racun Sangga: Santet Pemisah Rumah Tangga (2024),1,komentar
user_f9f74572e5f8,FILM::Racun Sangga: Santet Pemisah Rumah Tangga (2024),1,komentar
user_fbd048433ca0,FILM::Racun Sangga: Santet Pemisah Rumah Tangga (2024),1,komentar
user_ffa43c9c3ec4,FILM::Racun Sangga: Santet Pemisah Rumah Tangga (2024),1,komentar
user_00595781f2e3,Badarawuhi di Desa Penari (2024),2,komentar
user_00595781f2e3,Jurnal Risa by Risa Saraswati (2024),3,komentar
user_00595781f2e3,user_8bc09c4ae7c0,3,balasan
user_00595781f2e3,user_f08b3b7141e4,1,balasan
user_00595781f2e3,user_f47ab7d85b48,1,balasan
user_0176a4bfd649,FILM::Badarawuhi di Desa Penari (2024),1,komentar
user_019a21792ce3,FILM::Badarawuhi di Desa Penari (2024),1,komentar
user_020bb05510ed,FILM::Badarawuhi di Desa Penari (2024),1,komentar
user_02544b2eccc5,FILM::Badarawuhi di Desa Penari (2024),1,komentar
user_0348b4b8141f,FILM::Badarawuhi di Desa Penari (2024),1,komentar
user_0370312e7fa5,FILM::Badarawuhi di Desa Penari (2024),1,komentar
user_0586171414ac,FILM::Badarawuhi di Desa Penari (2024),1,komentar
user_05952817a6d7,FILM::Badarawuhi di Desa Penari (2024),1,komentar
user_05ca0784b928,FILM::Badarawuhi di Desa Penari (2024),1,komentar
user_07f799f2cbed,FILM::Badarawuhi di Desa Penari (2024),1,komentar
user_080342ef1e7c,FILM::Badarawuhi di Desa Penari (2024),1,komentar
user_08972512d5bc,FILM::Badarawuhi di Desa Penari (2024),1,komentar
user_08e3eb173a9f,FILM::Badarawuhi di Desa Penari (2024),1,komentar
user_09081fdfb2e5,FILM::Badarawuhi di Desa Penari (2024),1,komentar
user_09e36ff67478,FILM::Badarawuhi di Desa Penari (2024),1,komentar
user_0b5a8e6a541d,FILM::Badarawuhi di Desa Penari (2024),1,komentar
user_0d78fbf6240b,FILM::Badarawuhi di Desa Penari (2024),1,komentar
user_0db726c4be90,FILM::Badarawuhi di Desa Penari (2024),1,komentar
user_0e3de42b807b,FILM::Badarawuhi di Desa Penari (2024),1,komentar
user_0eaf941365ec,FILM::Badarawuhi di Desa Penari (2024),1,komentar
user_0ec5e5f4c9f1,FILM::Badarawuhi di Desa Penari (2024),1,komentar
user_0ed615ce0809,FILM::Badarawuhi di Desa Penari (2024),1,komentar
user_0f49344e8ea9,FILM::Badarawuhi di Desa Penari (2024),1,komentar
user_0f9ceaef9e58,FILM::Badarawuhi di Desa Penari (2024),1,komentar
user_102738bc66e1,FILM::Badarawuhi di Desa Penari (2024),1,komentar
user_111d97d5be44,FILM::Badarawuhi di Desa Penari (2024),1,komentar
user_11e265856844,FILM::Badarawuhi di Desa Penari (2024),1,komentar
user_126ad0088893,FILM::Badarawuhi di Desa Penari (2024),1,komentar
user_12707bfc9553,FILM::Badarawuhi di Desa Penari (2024),1,komentar
user_127fffc138b2,FILM::Badarawuhi di Desa Penari (2024),2,komentar
user_131b9c12f8af,FILM::Badarawuhi di Desa Penari (2024),1,komentar
user_13ed98831d75,FILM::Badarawuhi di Desa Penari (2024),1,komentar
user_15183fd56055,FILM::Badarawuhi di Desa Penari (2024),1,komentar
user_153afc27cd9f,FILM::Badarawuhi di Desa Penari (2024),1,komentar
user_155586fa6ec6,FILM::Badarawuhi di Desa Penari (2024),1,komentar
user_1567c587a754,FILM::Badarawuhi di Desa Penari (2024),1,komentar
user_168253b3508e,FILM::Badarawuhi di Desa Penari (2024),1,komentar
user_1780d39a7be0,FILM::Badarawuhi di Desa Penari (2024),1,komentar
user_17ce6571b59e,FILM::Badarawuhi di Desa Penari (2024),1,komentar
user_18267fa814f8,FILM::Badarawuhi di Desa Penari (2024),1,komentar
user_18de07ca968a,FILM::Badarawuhi di Desa Penari (2024),1,komentar
user_199de60c8378,FILM::Badarawuhi di Desa Penari (2024),1,komentar
user_199fd8ad37c6,FILM::Badarawuhi di Desa Penari (2024),1,komentar
user_1b17ab461a0f,FILM::Badarawuhi di Desa Penari (2024),1,komentar
user_1b8b1056815b,FILM::Badarawuhi di Desa Penari (2024),1,komentar
user_1ba572727f4b,FILM::Badarawuhi di Desa Penari (2024),1,komentar
user_1cb5b3999c04,FILM::Badarawuhi di Desa Penari (2024),1,komentar
user_1d1fa0099bbe,FILM::Badarawuhi di Desa Penari (2024),1,komentar
user_1d6c2f7f0976,FILM::Badarawuhi di Desa Penari (2024),11,komentar
user_1d90798d4d91,FILM::Badarawuhi di Desa Penari (2024),1,komentar
user_1e297ad4642d,FILM::Badarawuhi di Desa Penari (2024),1,komentar
user_1ebd6332406e,FILM::Badarawuhi di Desa Penari (2024),1,komentar
user_1ec361b65b80,FILM::Badarawuhi di Desa Penari (2024),1,komentar
user_1f3f73267ca9,FILM::Badarawuhi di Desa Penari (2024),1,komentar
user_201da8d431f5,FILM::Badarawuhi di Desa Penari (2024),1,komentar
user_202a42e251be,FILM::Badarawuhi di Desa Penari (2024),1,komentar
user_2298e723a2e4,FILM::Badarawuhi di Desa Penari (2024),1,komentar
user_231d93ebd910,FILM::Badarawuhi di Desa Penari (2024),1,komentar
user_237d9f0b6a24,FILM::Badarawuhi di Desa Penari (2024),2,komentar
user_239232445e46,FILM::Badarawuhi di Desa Penari (2024),1,komentar
user_240f68ad3db7,FILM::Badarawuhi di Desa Penari (2024),1,komentar
user_2414fd3f7bc6,FILM::Badarawuhi di Desa Penari (2024),1,komentar
user_242fe75111ff,FILM::Badarawuhi di Desa Penari (2024),2,komentar
user_268a8e6a7e26,FILM::Badarawuhi di Desa Penari (2024),1,komentar
user_280ddb022b5e,FILM::Badarawuhi di Desa Penari (2024),1,komentar
user_281d28015122,FILM::Badarawuhi di Desa Penari (2024),1,komentar
user_2822181712df,FILM::Badarawuhi di Desa Penari (2024),1,komentar
user_286f90ef8078,FILM::Badarawuhi di Desa Penari (2024),1,komentar
user_28a7b8fa0d2d,FILM::Badarawuhi di Desa Penari (2024),1,komentar
user_290a425f74a9,FILM::Badarawuhi di Desa Penari (2024),1,komentar
user_29243ae9b78e,FILM::Badarawuhi di Desa Penari (2024),1,komentar
user_2a2dfb4d2416,FILM::Badarawuhi di Desa Penari (2024),1,komentar
user_2a344febda21,FILM::Badarawuhi di Desa Penari (2024),1,komentar
user_2afd361fd42d,FILM::Badarawuhi di Desa Penari (2024),1,komentar
user_2b9f5712bb4a,FILM::Badarawuhi di Desa Penari (2024),1,komentar
user_2c12fbb0201b,FILM::Badarawuhi di Desa Penari (2024),1,komentar
user_2c4b18175f30,FILM::Badarawuhi di Desa Penari (2024),1,komentar
user_2de11b5cd142,FILM::Badarawuhi di Desa Penari (2024),1,komentar
user_2e022ca22c25,FILM::Badarawuhi di Desa Penari (2024),2,komentar
user_30e2cf07341a,FILM::Badarawuhi di Desa Penari (2024),1,komentar
user_311317124c4b,FILM::Badarawuhi di Desa Penari (2024),1,komentar
user_316d7d93031d,FILM::Badarawuhi di Desa Penari (2024),1,komentar
user_3268bc07be3b,FILM::Badarawuhi di Desa Penari (2024),1,komentar
user_32bce6d39baf,FILM::Badarawuhi di Desa Penari (2024),1,komentar
user_32d8d492efa8,FILM::Badarawuhi di Desa Penari (2024),1,komentar
user_33b0320b852a,FILM::Badarawuhi di Desa Penari (2024),1,komentar
user_33bdb28c6b82,FILM::Badarawuhi di Desa Penari (2024),1,komentar
user_33d106737de5,FILM::Badarawuhi di Desa Penari (2024),1,komentar
user_34341597c523,FILM::Badarawuhi di Desa Penari (2024),1,komentar
user_343e9a850328,FILM::Badarawuhi di Desa Penari (2024),1,komentar
user_34e89c94147d,FILM::Badarawuhi di Desa Penari (2024),1,komentar
user_35ba0a49b28a,FILM::Badarawuhi di Desa Penari (2024),1,komentar
user_3609afe16c83,FILM::Badarawuhi di Desa Penari (2024),1,komentar
user_368ea3a2aa9a,FILM::Badarawuhi di Desa Penari (2024),1,komentar
user_374f550d4566,FILM::Badarawuhi di Desa Penari (2024),1,komentar
user_37a614cbd6aa,FILM::Badarawuhi di Desa Penari (2024),1,komentar
user_37ca7a0cf1d2,FILM::Badarawuhi di Desa Penari (2024),1,komentar
user_38099d3b9285,FILM::Badarawuhi di Desa Penari (2024),1,komentar
user_382113aacc6c,FILM::Badarawuhi di Desa Penari (2024),1,komentar
user_3828389fbfe6,FILM::Badarawuhi di Desa Penari (2024),1,komentar
user_3886562d848c,FILM::Badarawuhi di Desa Penari (2024),1,komentar
user_394d2b2d85f1,FILM::Badarawuhi di Desa Penari (2024),1,komentar
user_3a0c2e8a1c96,FILM::Badarawuhi di Desa Penari (2024),6,komentar
user_3a10dd9e883d,FILM::Badarawuhi di Desa Penari (2024),1,komentar
user_3a2fb15cd5f4,FILM::Badarawuhi di Desa Penari (2024),1,komentar
user_3a36b3805205,FILM::Badarawuhi di Desa Penari (2024),1,komentar
user_3ab8c4aad88c,FILM::Badarawuhi di Desa Penari (2024),1,komentar
user_3ac6f23b70c9,FILM::Badarawuhi di Desa Penari (2024),1,komentar
user_3ac9dea17464,FILM::Badarawuhi di Desa Penari (2024),1,komentar
user_3b70475315f2,FILM::Badarawuhi di Desa Penari (2024),1,komentar
user_3b7a67ed247d,FILM::Badarawuhi di Desa Penari (2024),1,komentar
user_3c9305c6af05,FILM::Badarawuhi di Desa Penari (2024),1,komentar
user_3ca9f285c81c,FILM::Badarawuhi di Desa Penari (2024),1,komentar
user_3cb2fc942539,FILM::Badarawuhi di Desa Penari (2024),1,komentar
user_3d0c5f4ead83,FILM::Badarawuhi di Desa Penari (2024),1,komentar
user_3e26530d3499,FILM::Badarawuhi di Desa Penari (2024),1,komentar
user_3e2e1e2773b9,FILM::Badarawuhi di Desa Penari (2024),1,komentar
user_3f01cfe70091,FILM::Badarawuhi di Desa Penari (2024),1,komentar
user_3f6e0ec98e38,FILM::Badarawuhi di Desa Penari (2024),1,komentar
user_40b79b25ef13,FILM::Badarawuhi di Desa Penari (2024),1,komentar
user_40bdb97a66e1,FILM::Badarawuhi di Desa Penari (2024),1,komentar
user_40d4d8bde0cb,FILM::Badarawuhi di Desa Penari (2024),1,komentar
user_40e3cebf2b87,FILM::Badarawuhi di Desa Penari (2024),1,komentar
user_4141240917f8,FILM::Badarawuhi di Desa Penari (2024),1,komentar
user_427289b0b051,FILM::Badarawuhi di Desa Penari (2024),2,komentar
user_42ee7d2ebd41,FILM::Badarawuhi di Desa Penari (2024),2,komentar
user_42f5cde379b2,FILM::Badarawuhi di Desa Penari (2024),1,komentar
user_4391c27653c6,FILM::Badarawuhi di Desa Penari (2024),1,komentar
user_45bf83028d3f,FILM::Badarawuhi di Desa Penari (2024),1,komentar
user_46bb600a1827,FILM::Badarawuhi di Desa Penari (2024),1,komentar
user_47a7ad3ecb30,FILM::Badarawuhi di Desa Penari (2024),1,komentar
user_4976d29f2071,FILM::Badarawuhi di Desa Penari (2024),1,komentar
user_4a37f995cfe6,FILM::Badarawuhi di Desa Penari (2024),1,komentar
user_4b992b83d60d,FILM::Badarawuhi di Desa Penari (2024),1,komentar
user_4d297a4ecdf6,FILM::Badarawuhi di Desa Penari (2024),1,komentar
user_4d59d3d597d1,FILM::Badarawuhi di Desa Penari (2024),1,komentar
user_4e3764f2eafc,FILM::Badarawuhi di Desa Penari (2024),1,komentar
user_4e9a96872d2f,FILM::Badarawuhi di Desa Penari (2024),1,komentar
user_4f68a55fdc81,FILM::Badarawuhi di Desa Penari (2024),1,komentar
user_50e0359663a5,FILM::Badarawuhi di Desa Penari (2024),1,komentar
user_50e068c591c9,FILM::Badarawuhi di Desa Penari (2024),1,komentar
user_50edffe51636,FILM::Badarawuhi di Desa Penari (2024),1,komentar
user_513bb74e40ae,FILM::Badarawuhi di Desa Penari (2024),1,komentar
user_515cbd9f36cb,FILM::Badarawuhi di Desa Penari (2024),2,komentar
user_5192b94e83d6,FILM::Badarawuhi di Desa Penari (2024),1,komentar
user_52f867a52398,FILM::Badarawuhi di Desa Penari (2024),1,komentar
user_5313d670d311,FILM::Badarawuhi di Desa Penari (2024),1,komentar
user_5462db432349,FILM::Badarawuhi di Desa Penari (2024),1,komentar
user_54ae438b0419,FILM::Badarawuhi di Desa Penari (2024),1,komentar
user_54e42f191c75,FILM::Badarawuhi di Desa Penari (2024),1,komentar
user_5503676b679f,FILM::Badarawuhi di Desa Penari (2024),1,komentar
user_5688bbd461ae,FILM::Badarawuhi di Desa Penari (2024),1,komentar
user_56ef0e5674a4,FILM::Badarawuhi di Desa Penari (2024),12,komentar
user_56f5ed9dac77,FILM::Badarawuhi di Desa Penari (2024),1,komentar
user_5703a63f93a9,FILM::Badarawuhi di Desa Penari (2024),1,komentar
user_57e74f42f202,FILM::Badarawuhi di Desa Penari (2024),2,komentar
user_57efedb609e3,FILM::Badarawuhi di Desa Penari (2024),1,komentar
user_5835265b8e6d,FILM::Badarawuhi di Desa Penari (2024),1,komentar
user_58ee046a0a5c,FILM::Badarawuhi di Desa Penari (2024),1,komentar
user_5a1ce1b082a3,FILM::Badarawuhi di Desa Penari (2024),1,komentar
user_5a3cf89c209d,FILM::Badarawuhi di Desa Penari (2024),1,komentar
user_5a5088898593,FILM::Badarawuhi di Desa Penari (2024),1,komentar
user_5b9cff99f4c2,FILM::Badarawuhi di Desa Penari (2024),1,komentar
user_5be8227fe677,FILM::Badarawuhi di Desa Penari (2024),2,komentar
user_5d0139bd670c,FILM::Badarawuhi di Desa Penari (2024),1,komentar
user_5d1f66ef074a,FILM::Badarawuhi di Desa Penari (2024),1,komentar
user_6095c4e7ada5,FILM::Badarawuhi di Desa Penari (2024),1,komentar
user_610bedef0272,FILM::Badarawuhi di Desa Penari (2024),1,komentar
user_6137005eb3c0,FILM::Badarawuhi di Desa Penari (2024),1,komentar
user_62f9c845ba0b,FILM::Badarawuhi di Desa Penari (2024),1,komentar
user_638b409aa901,FILM::Badarawuhi di Desa Penari (2024),1,komentar
user_63c300a0c87f,FILM::Badarawuhi di Desa Penari (2024),2,komentar
user_63d6e814eeb6,FILM::Badarawuhi di Desa Penari (2024),1,komentar
user_63da99b962d4,FILM::Badarawuhi di Desa Penari (2024),1,komentar
user_64cf150ec648,FILM::Badarawuhi di Desa Penari (2024),1,komentar
user_658601b99d8b,FILM::Badarawuhi di Desa Penari (2024),1,komentar
user_671b5f27298e,FILM::Badarawuhi di Desa Penari (2024),1,komentar
user_67959debaccb,FILM::Badarawuhi di Desa Penari (2024),1,komentar
user_696f993a1bd7,FILM::Badarawuhi di Desa Penari (2024),1,komentar
user_6a2d45b56253,FILM::Badarawuhi di Desa Penari (2024),11,komentar
user_6a5c94b9a261,FILM::Badarawuhi di Desa Penari (2024),1,komentar
user_6bd85d71e3c3,FILM::Badarawuhi di Desa Penari (2024),1,komentar
user_6d331649fe72,FILM::Badarawuhi di Desa Penari (2024),1,komentar
user_6debe547c7bd,FILM::Badarawuhi di Desa Penari (2024),1,komentar
user_6e059972b4b7,FILM::Badarawuhi di Desa Penari (2024),1,komentar
user_6eedf8cba8bf,FILM::Badarawuhi di Desa Penari (2024),1,komentar
user_6f1dd5949840,FILM::Badarawuhi di Desa Penari (2024),1,komentar
user_703ad30de8f4,FILM::Badarawuhi di Desa Penari (2024),1,komentar
user_709cdfa71f9a,FILM::Badarawuhi di Desa Penari (2024),1,komentar
user_7148ef93890f,FILM::Badarawuhi di Desa Penari (2024),3,komentar
user_7330715bd733,FILM::Badarawuhi di Desa Penari (2024),1,komentar
user_7378dc50292f,FILM::Badarawuhi di Desa Penari (2024),1,komentar
user_73cef0f65afe,FILM::Badarawuhi di Desa Penari (2024),1,komentar
user_74737e78b50a,FILM::Badarawuhi di Desa Penari (2024),1,komentar
user_74bca5e4d42d,FILM::Badarawuhi di Desa Penari (2024),1,komentar
user_7657575bd340,FILM::Badarawuhi di Desa Penari (2024),1,komentar
user_76793bc9d779,FILM::Badarawuhi di Desa Penari (2024),1,komentar
user_787a0e8c4892,FILM::Badarawuhi di Desa Penari (2024),1,komentar
user_787cc8a7a5f4,FILM::Badarawuhi di Desa Penari (2024),1,komentar
user_794ae245ffda,FILM::Badarawuhi di Desa Penari (2024),1,komentar
user_79935c6ee419,FILM::Badarawuhi di Desa Penari (2024),1,komentar
user_79f5e24e91b4,FILM::Badarawuhi di Desa Penari (2024),1,komentar
user_7a0234278953,FILM::Badarawuhi di Desa Penari (2024),1,komentar
user_7a2e00d8a002,FILM::Badarawuhi di Desa Penari (2024),1,komentar
user_7a7d0db0fd36,FILM::Badarawuhi di Desa Penari (2024),1,komentar
user_7ad0235e0cd0,FILM::Badarawuhi di Desa Penari (2024),1,komentar
user_7ad7ad33490e,FILM::Badarawuhi di Desa Penari (2024),2,komentar
user_7b1cead4579e,FILM::Badarawuhi di Desa Penari (2024),1,komentar
user_7ba33b87936b,FILM::Badarawuhi di Desa Penari (2024),1,komentar
user_7c4b6289e3d6,FILM::Badarawuhi di Desa Penari (2024),1,komentar
user_7c591bccef72,FILM::Badarawuhi di Desa Penari (2024),1,komentar
user_7d34f1a26d0c,FILM::Badarawuhi di Desa Penari (2024),1,komentar
user_7d5da797b845,FILM::Badarawuhi di Desa Penari (2024),1,komentar
user_7d764cb9de7b,FILM::Badarawuhi di Desa Penari (2024),1,komentar
user_7dc1ebbac13a,FILM::Badarawuhi di Desa Penari (2024),1,komentar
user_7dff2ec69ef4,FILM::Badarawuhi di Desa Penari (2024),1,komentar
user_7e6ac70d20be,FILM::Badarawuhi di Desa Penari (2024),2,komentar
user_7f6cdb17ba04,FILM::Badarawuhi di Desa Penari (2024),1,komentar
user_7f85ec4f9b53,FILM::Badarawuhi di Desa Penari (2024),1,komentar
user_7fff058886dd,FILM::Badarawuhi di Desa Penari (2024),1,komentar
user_80074765fa2a,FILM::Badarawuhi di Desa Penari (2024),1,komentar
user_8015a64202ec,FILM::Badarawuhi di Desa Penari (2024),1,komentar
user_803e2b215b0a,FILM::Badarawuhi di Desa Penari (2024),4,komentar
user_803fc673b9f9,FILM::Badarawuhi di Desa Penari (2024),1,komentar
user_8134b2951c1c,FILM::Badarawuhi di Desa Penari (2024),2,komentar
user_81dc83f535a9,FILM::Badarawuhi di Desa Penari (2024),1,komentar
user_8225db7db8f2,FILM::Badarawuhi di Desa Penari (2024),1,komentar
user_825102e3b3f8,FILM::Badarawuhi di Desa Penari (2024),1,komentar
user_828450a719fc,FILM::Badarawuhi di Desa Penari (2024),1,komentar
user_830516a9456d,FILM::Badarawuhi di Desa Penari (2024),1,komentar
user_83672302743a,FILM::Badarawuhi di Desa Penari (2024),1,komentar
user_8392618f08d5,FILM::Badarawuhi di Desa Penari (2024),1,komentar
user_83bf0edaf414,FILM::Badarawuhi di Desa Penari (2024),1,komentar
user_8684533cb804,FILM::Badarawuhi di Desa Penari (2024),1,komentar
user_872800f298d9,FILM::Badarawuhi di Desa Penari (2024),1,komentar
user_875ee2374636,FILM::Badarawuhi di Desa Penari (2024),1,komentar
user_87a28c522e26,FILM::Badarawuhi di Desa Penari (2024),1,komentar
user_88414a2cfee4,FILM::Badarawuhi di Desa Penari (2024),1,komentar
user_89d66de4d5b1,FILM::Badarawuhi di Desa Penari (2024),1,komentar
user_89ffc8dc23dc,FILM::Badarawuhi di Desa Penari (2024),1,komentar
user_8a9948b20ce6,FILM::Badarawuhi di Desa Penari (2024),1,komentar
user_8d84d8841f19,FILM::Badarawuhi di Desa Penari (2024),2,komentar
user_8dfbe436bafd,FILM::Badarawuhi di Desa Penari (2024),1,komentar
user_8e93eca30171,FILM::Badarawuhi di Desa Penari (2024),1,komentar
user_93a4e5b5262a,FILM::Badarawuhi di Desa Penari (2024),1,komentar
user_961f3d26d8d0,FILM::Badarawuhi di Desa Penari (2024),1,komentar
user_96b21c279d4c,FILM::Badarawuhi di Desa Penari (2024),1,komentar
user_97a150daf99d,FILM::Badarawuhi di Desa Penari (2024),1,komentar
user_97fe302e65b2,FILM::Badarawuhi di Desa Penari (2024),1,komentar
user_987995624515,FILM::Badarawuhi di Desa Penari (2024),1,komentar
user_988683f9ac4e,FILM::Badarawuhi di Desa Penari (2024),1,komentar
user_98e3071c2ed2,FILM::Badarawuhi di Desa Penari (2024),1,komentar
user_994ef7ab9b9d,FILM::Badarawuhi di Desa Penari (2024),1,komentar
user_9a6b106f552c,FILM::Badarawuhi di Desa Penari (2024),1,komentar
user_9a91a0851b59,FILM::Badarawuhi di Desa Penari (2024),1,komentar
user_9ae201fe9631,FILM::Badarawuhi di Desa Penari (2024),1,komentar
user_9d3204f6d2f3,FILM::Badarawuhi di Desa Penari (2024),1,komentar
user_9de9aede0341,FILM::Badarawuhi di Desa Penari (2024),1,komentar
user_9e86b768dc50,FILM::Badarawuhi di Desa Penari (2024),1,komentar
user_a07b504369b9,FILM::Badarawuhi di Desa Penari (2024),1,komentar
user_a0874c884076,FILM::Badarawuhi di Desa Penari (2024),1,komentar
user_a17fc136b3b3,FILM::Badarawuhi di Desa Penari (2024),1,komentar
user_a1bd9fb024b4,FILM::Badarawuhi di Desa Penari (2024),1,komentar
user_a267f3e7fc9c,FILM::Badarawuhi di Desa Penari (2024),1,komentar
user_a2e9b799696f,FILM::Badarawuhi di Desa Penari (2024),1,komentar
user_a3e2e9a9e60b,FILM::Badarawuhi di Desa Penari (2024),1,komentar
user_a3f10367fd58,FILM::Badarawuhi di Desa Penari (2024),1,komentar
user_a42a287c2164,FILM::Badarawuhi di Desa Penari (2024),1,komentar
user_a51cd789c0f8,FILM::Badarawuhi di Desa Penari (2024),2,komentar
user_a6105db6fe16,FILM::Badarawuhi di Desa Penari (2024),1,komentar
user_a7dac8f03f1c,FILM::Badarawuhi di Desa Penari (2024),1,komentar
user_a83a4eafddfe,FILM::Badarawuhi di Desa Penari (2024),1,komentar
user_a84a717854c6,FILM::Badarawuhi di Desa Penari (2024),2,komentar
user_a8d4aa316685,FILM::Badarawuhi di Desa Penari (2024),1,komentar
user_a8e4c72a6172,FILM::Badarawuhi di Desa Penari (2024),1,komentar
user_a981a2812f3f,FILM::Badarawuhi di Desa Penari (2024),1,komentar
user_a9d8b3be22bc,FILM::Badarawuhi di Desa Penari (2024),2,komentar
user_aa16b2870360,FILM::Badarawuhi di Desa Penari (2024),1,komentar
user_aa44e3772a30,FILM::Badarawuhi di Desa Penari (2024),1,komentar
user_aa9ce760ea89,FILM::Badarawuhi di Desa Penari (2024),1,komentar
user_ab57c273f8d9,FILM::Badarawuhi di Desa Penari (2024),1,komentar
user_aba7ffcaef4d,FILM::Badarawuhi di Desa Penari (2024),1,komentar
user_abb893c18c32,FILM::Badarawuhi di Desa Penari (2024),1,komentar
user_ad3b3443e8e9,FILM::Badarawuhi di Desa Penari (2024),1,komentar
user_ad4a22b1cc6c,FILM::Badarawuhi di Desa Penari (2024),1,komentar
user_ad8deac73513,FILM::Badarawuhi di Desa Penari (2024),1,komentar
user_ae300574112d,FILM::Badarawuhi di Desa Penari (2024),1,komentar
user_ae704b4c053f,FILM::Badarawuhi di Desa Penari (2024),1,komentar
user_ae961214128c,FILM::Badarawuhi di Desa Penari (2024),1,komentar
user_aeade0eb06da,FILM::Badarawuhi di Desa Penari (2024),1,komentar
user_aec68f4d31ad,FILM::Badarawuhi di Desa Penari (2024),1,komentar
user_b052911e6450,FILM::Badarawuhi di Desa Penari (2024),1,komentar
user_b05a85c3bee7,FILM::Badarawuhi di Desa Penari (2024),1,komentar
user_b063448ec85b,FILM::Badarawuhi di Desa Penari (2024),1,komentar
user_b16613c1df79,FILM::Badarawuhi di Desa Penari (2024),1,komentar
user_b347b3acd571,FILM::Badarawuhi di Desa Penari (2024),1,komentar
user_b392e33ae77d,FILM::Badarawuhi di Desa Penari (2024),1,komentar
user_b4aa7c14a078,FILM::Badarawuhi di Desa Penari (2024),1,komentar
user_b4e4e2d41bab,FILM::Badarawuhi di Desa Penari (2024),1,komentar
user_b5389027acd1,FILM::Badarawuhi di Desa Penari (2024),1,komentar
user_b5572b1d4e79,FILM::Badarawuhi di Desa Penari (2024),1,komentar
user_b59762d3e6c6,FILM::Badarawuhi di Desa Penari (2024),1,komentar
user_b5d0051c7a80,FILM::Badarawuhi di Desa Penari (2024),1,komentar
user_b5dfec141b15,FILM::Badarawuhi di Desa Penari (2024),1,komentar
user_b6957bd44a85,FILM::Badarawuhi di Desa Penari (2024),1,komentar
user_b898485e8d28,FILM::Badarawuhi di Desa Penari (2024),1,komentar
user_ba9f5f86a25e,FILM::Badarawuhi di Desa Penari (2024),1,komentar
user_badce18fdb73,FILM::Badarawuhi di Desa Penari (2024),1,komentar
user_bb50f8e63aea,FILM::Badarawuhi di Desa Penari (2024),3,komentar
user_bc1cd6f06fbc,FILM::Badarawuhi di Desa Penari (2024),4,komentar
user_bcc4213d6d55,FILM::Badarawuhi di Desa Penari (2024),1,komentar
user_bd0430ecd4a7,FILM::Badarawuhi di Desa Penari (2024),1,komentar
user_bd158029ed30,FILM::Badarawuhi di Desa Penari (2024),1,komentar
user_bd2ed9763fe2,FILM::Badarawuhi di Desa Penari (2024),1,komentar
user_bd4b0eb23530,FILM::Badarawuhi di Desa Penari (2024),4,komentar
user_be4e972dc373,FILM::Badarawuhi di Desa Penari (2024),3,komentar
user_be522e65ab9d,FILM::Badarawuhi di Desa Penari (2024),1,komentar
user_be719c6df77f,FILM::Badarawuhi di Desa Penari (2024),1,komentar
user_bf88d629fb91,FILM::Badarawuhi di Desa Penari (2024),1,komentar
user_bfaaf6ea6cd8,FILM::Badarawuhi di Desa Penari (2024),1,komentar
user_bfcd1ed3812c,FILM::Badarawuhi di Desa Penari (2024),1,komentar
user_c10bbeb3ea2f,FILM::Badarawuhi di Desa Penari (2024),1,komentar
user_c1481b6ba657,FILM::Badarawuhi di Desa Penari (2024),1,komentar
user_c1a85513543e,FILM::Badarawuhi di Desa Penari (2024),1,komentar
user_c1bb7cf81224,FILM::Badarawuhi di Desa Penari (2024),1,komentar
user_c3610b8dbe1a,FILM::Badarawuhi di Desa Penari (2024),1,komentar
user_c67bec4c9122,FILM::Badarawuhi di Desa Penari (2024),1,komentar
user_c694961bc099,FILM::Badarawuhi di Desa Penari (2024),6,komentar
user_c8dd4cbac822,FILM::Badarawuhi di Desa Penari (2024),1,komentar
user_c90a73b1b700,FILM::Badarawuhi di Desa Penari (2024),1,komentar
user_c97d6bbcc257,FILM::Badarawuhi di Desa Penari (2024),2,komentar
user_c9e705fc28db,FILM::Badarawuhi di Desa Penari (2024),1,komentar
user_ca1ea567bcf4,FILM::Badarawuhi di Desa Penari (2024),1,komentar
user_ca8d251a6c4a,FILM::Badarawuhi di Desa Penari (2024),2,komentar
user_cb7ae9b240e8,FILM::Badarawuhi di Desa Penari (2024),2,komentar
user_cbf1c834c30d,FILM::Badarawuhi di Desa Penari (2024),1,komentar
user_ccc0c3c9b40e,FILM::Badarawuhi di Desa Penari (2024),1,komentar
user_cd8f04b2be0b,FILM::Badarawuhi di Desa Penari (2024),1,komentar
user_ce66d7b3f2ac,FILM::Badarawuhi di Desa Penari (2024),1,komentar
user_ce8168b7a509,FILM::Badarawuhi di Desa Penari (2024),1,komentar
user_cecd6e6d4d23,FILM::Badarawuhi di Desa Penari (2024),1,komentar
user_cfc6bd3576c3,FILM::Badarawuhi di Desa Penari (2024),2,komentar
user_d1b858e61956,FILM::Badarawuhi di Desa Penari (2024),1,komentar
user_d2300c774407,FILM::Badarawuhi di Desa Penari (2024),1,komentar
user_d290c7f5029b,FILM::Badarawuhi di Desa Penari (2024),1,komentar
user_d29554f808c8,FILM::Badarawuhi di Desa Penari (2024),1,komentar
user_d3d12d273506,FILM::Badarawuhi di Desa Penari (2024),1,komentar
user_d41ad0f00afc,FILM::Badarawuhi di Desa Penari (2024),1,komentar
user_d4283d9f32e1,FILM::Badarawuhi di Desa Penari (2024),1,komentar
user_d529f3537cbf,FILM::Badarawuhi di Desa Penari (2024),1,komentar
user_d52a667b33bd,FILM::Badarawuhi di Desa Penari (2024),1,komentar
user_d5ddda1a2f9c,FILM::Badarawuhi di Desa Penari (2024),3,komentar
user_d84ad71f29a7,FILM::Badarawuhi di Desa Penari (2024),1,komentar
user_db0a1d267415,FILM::Badarawuhi di Desa Penari (2024),1,komentar
user_db0a633adfba,FILM::Badarawuhi di Desa Penari (2024),1,komentar
user_db993ba009da,FILM::Badarawuhi di Desa Penari (2024),2,komentar
user_dc3a0f5cac5d,FILM::Badarawuhi di Desa Penari (2024),1,komentar
user_dd4cbc9be524,FILM::Badarawuhi di Desa Penari (2024),2,komentar
user_de229d89d892,FILM::Badarawuhi di Desa Penari (2024),1,komentar
user_dea2beb590b8,FILM::Badarawuhi di Desa Penari (2024),1,komentar
user_ded11259878e,FILM::Badarawuhi di Desa Penari (2024),1,komentar
user_dfaff592ab00,FILM::Badarawuhi di Desa Penari (2024),1,komentar
user_e067d66c4a4c,FILM::Badarawuhi di Desa Penari (2024),1,komentar
user_e23331374ad4,FILM::Badarawuhi di Desa Penari (2024),1,komentar
user_e278a59e1aa1,FILM::Badarawuhi di Desa Penari (2024),1,komentar
user_e2819991edc7,FILM::Badarawuhi di Desa Penari (2024),1,komentar
user_e32000d98b54,FILM::Badarawuhi di Desa Penari (2024),1,komentar
user_e3afcbbe16ff,FILM::Badarawuhi di Desa Penari (2024),1,komentar
user_e48e5662d2b3,FILM::Badarawuhi di Desa Penari (2024),1,komentar
user_e4903a43cd5e,FILM::Badarawuhi di Desa Penari (2024),1,komentar
user_e4a4f552e3ce,FILM::Badarawuhi di Desa Penari (2024),1,komentar
user_e512d7fe5633,FILM::Badarawuhi di Desa Penari (2024),1,komentar
user_e55b9dffa0ce,FILM::Badarawuhi di Desa Penari (2024),1,komentar
user_e65e388330b1,FILM::Badarawuhi di Desa Penari (2024),1,komentar
user_e66e0293a9d2,FILM::Badarawuhi di Desa Penari (2024),1,komentar
user_e71cd28aa06e,FILM::Badarawuhi di Desa Penari (2024),1,komentar
user_e7e7f5ce2c4a,FILM::Badarawuhi di Desa Penari (2024),1,komentar
user_e7fe1cd169ae,FILM::Badarawuhi di Desa Penari (2024),1,komentar
user_e81569f62098,FILM::Badarawuhi di Desa Penari (2024),1,komentar
user_e96b2fb935ef,FILM::Badarawuhi di Desa Penari (2024),1,komentar
user_e96dc055b69c,FILM::Badarawuhi di Desa Penari (2024),1,komentar
user_e97eb437fb3d,FILM::Badarawuhi di Desa Penari (2024),1,komentar
user_eb68a78a452b,FILM::Badarawuhi di Desa Penari (2024),1,komentar
user_ebee6ebe8195,FILM::Badarawuhi di Desa Penari (2024),1,komentar
user_ed49989a3225,FILM::Badarawuhi di Desa Penari (2024),1,komentar
user_ee2ca6a02e4e,FILM::Badarawuhi di Desa Penari (2024),1,komentar
user_ef0153e3e328,FILM::Badarawuhi di Desa Penari (2024),1,komentar
user_ef0650e32fc3,FILM::Badarawuhi di Desa Penari (2024),1,komentar
user_f05b3bbe9638,FILM::Badarawuhi di Desa Penari (2024),1,komentar
user_f08b3b7141e4,FILM::Badarawuhi di Desa Penari (2024),1,komentar
user_f0d6257bdbc9,FILM::Badarawuhi di Desa Penari (2024),1,komentar
user_f2c1273542f0,FILM::Badarawuhi di Desa Penari (2024),1,komentar
user_f464cd6bde29,FILM::Badarawuhi di Desa Penari (2024),1,komentar
user_f47ab7d85b48,FILM::Badarawuhi di Desa Penari (2024),1,komentar
user_f71942144a35,FILM::Badarawuhi di Desa Penari (2024),2,komentar
user_f76d88b146bb,FILM::Badarawuhi di Desa Penari (2024),1,komentar
user_f84325d03b88,FILM::Badarawuhi di Desa Penari (2024),1,komentar
user_f88792d2e88f,FILM::Badarawuhi di Desa Penari (2024),1,komentar
user_f94b5ec1ed22,FILM::Badarawuhi di Desa Penari (2024),1,komentar
user_f9cdb6da5b1d,FILM::Badarawuhi di Desa Penari (2024),1,komentar
user_f9ce777e4bd3,FILM::Badarawuhi di Desa Penari (2024),1,komentar
user_fa319a2307be,FILM::Badarawuhi di Desa Penari (2024),2,komentar
user_fa8409feec46,FILM::Badarawuhi di Desa Penari (2024),1,komentar
user_fb61d2109a87,FILM::Badarawuhi di Desa Penari (2024),1,komentar
user_fb9f1f26e5ad,FILM::Badarawuhi di Desa Penari (2024),1,komentar
user_fc74e9c8acbf,FILM::Badarawuhi di Desa Penari (2024),1,komentar
user_fc817be2d3e4,FILM::Badarawuhi di Desa Penari (2024),1,komentar
user_fcab7ba472a1,FILM::Badarawuhi di Desa Penari (2024),1,komentar
user_fd3ef9d3b53f,FILM::Badarawuhi di Desa Penari (2024),1,komentar
user_fd5e87afa79c,FILM::Badarawuhi di Desa Penari (2024),1,komentar
user_fdd0a5dc4de0,FILM::Badarawuhi di Desa Penari (2024),1,komentar
user_fef9cb89dd4d,FILM::Badarawuhi di Desa Penari (2024),1,komentar
user_ff448f4104e0,FILM::Badarawuhi di Desa Penari (2024),2,komentar
user_ff9632d1994a,FILM::Badarawuhi di Desa Penari (2024),1,komentar
user_00d80fee18e2,FILM::Jurnal Risa by Risa Saraswati (2024),1,komentar
user_00ed3a101780,FILM::Jurnal Risa by Risa Saraswati (2024),1,komentar
user_0115f9ca5dd6,FILM::Jurnal Risa by Risa Saraswati (2024),1,komentar
user_014d48fc326f,FILM::Jurnal Risa by Risa Saraswati (2024),1,komentar
user_022a92829b5f,FILM::Jurnal Risa by Risa Saraswati (2024),1,komentar
user_028968183b43,FILM::Jurnal Risa by Risa Saraswati (2024),1,komentar
user_02c9907cce70,FILM::Jurnal Risa by Risa Saraswati (2024),1,komentar
user_02ce4c2e21dc,FILM::Jurnal Risa by Risa Saraswati (2024),1,komentar
user_02f6d4c7b1d3,FILM::Jurnal Risa by Risa Saraswati (2024),1,komentar
user_039d885913ca,FILM::Jurnal Risa by Risa Saraswati (2024),1,komentar
user_04c20b164d33,FILM::Jurnal Risa by Risa Saraswati (2024),1,komentar
user_05ac34ef0f3d,FILM::Jurnal Risa by Risa Saraswati (2024),1,komentar
user_06eb9a0a9d06,FILM::Jurnal Risa by Risa Saraswati (2024),1,komentar
user_073c8e1b5963,FILM::Jurnal Risa by Risa Saraswati (2024),2,komentar
user_073cbdacd52e,FILM::Jurnal Risa by Risa Saraswati (2024),1,komentar
user_08faf0fe23af,FILM::Jurnal Risa by Risa Saraswati (2024),1,komentar
user_098b4e70df3a,FILM::Jurnal Risa by Risa Saraswati (2024),1,komentar
user_09a571070287,FILM::Jurnal Risa by Risa Saraswati (2024),1,komentar
user_0a4e0a833a7c,FILM::Jurnal Risa by Risa Saraswati (2024),1,komentar
user_0b13e4a389d1,FILM::Jurnal Risa by Risa Saraswati (2024),1,komentar
user_0b1732aa9a14,FILM::Jurnal Risa by Risa Saraswati (2024),2,komentar
user_0c59a64f8a82,FILM::Jurnal Risa by Risa Saraswati (2024),1,komentar
user_0c5b8ae8db02,FILM::Jurnal Risa by Risa Saraswati (2024),1,komentar
user_0ce51c5e9a74,FILM::Jurnal Risa by Risa Saraswati (2024),1,komentar
user_0d2cebcf4106,FILM::Jurnal Risa by Risa Saraswati (2024),1,komentar
user_0d9ce6e37de2,FILM::Jurnal Risa by Risa Saraswati (2024),1,komentar
user_0dd5ca1e9787,FILM::Jurnal Risa by Risa Saraswati (2024),1,komentar
user_0dfbc8b6dcc0,FILM::Jurnal Risa by Risa Saraswati (2024),1,komentar
user_0ffbf49ef990,FILM::Jurnal Risa by Risa Saraswati (2024),1,komentar
user_101fc99e2b35,FILM::Jurnal Risa by Risa Saraswati (2024),1,komentar
user_113c8abc18c2,FILM::Jurnal Risa by Risa Saraswati (2024),4,komentar
user_120d96d10f06,FILM::Jurnal Risa by Risa Saraswati (2024),1,komentar
user_12a3086a9c53,FILM::Jurnal Risa by Risa Saraswati (2024),1,komentar
user_12bd4b6a2375,FILM::Jurnal Risa by Risa Saraswati (2024),1,komentar
user_132cc648a44f,FILM::Jurnal Risa by Risa Saraswati (2024),1,komentar
user_1337789d1ece,FILM::Jurnal Risa by Risa Saraswati (2024),1,komentar
user_13553878ad1f,FILM::Jurnal Risa by Risa Saraswati (2024),1,komentar
user_136e79990300,FILM::Jurnal Risa by Risa Saraswati (2024),1,komentar
user_136f21d781c4,FILM::Jurnal Risa by Risa Saraswati (2024),1,komentar
user_13971831f077,FILM::Jurnal Risa by Risa Saraswati (2024),1,komentar
user_13e7d8195679,FILM::Jurnal Risa by Risa Saraswati (2024),1,komentar
user_14436286dd13,FILM::Jurnal Risa by Risa Saraswati (2024),1,komentar
user_147d4e8c4706,FILM::Jurnal Risa by Risa Saraswati (2024),1,komentar
user_14c0a232c9c6,FILM::Jurnal Risa by Risa Saraswati (2024),1,komentar
user_1666af6a923f,FILM::Jurnal Risa by Risa Saraswati (2024),1,komentar
user_1713a624380e,FILM::Jurnal Risa by Risa Saraswati (2024),1,komentar
user_1729eb99bb30,FILM::Jurnal Risa by Risa Saraswati (2024),1,komentar
user_1771d8d809cb,FILM::Jurnal Risa by Risa Saraswati (2024),1,komentar
user_19039a2c609a,FILM::Jurnal Risa by Risa Saraswati (2024),2,komentar
user_19813e0bfafe,FILM::Jurnal Risa by Risa Saraswati (2024),1,komentar
user_198f7e169021,FILM::Jurnal Risa by Risa Saraswati (2024),1,komentar
user_199fdce907c7,FILM::Jurnal Risa by Risa Saraswati (2024),1,komentar
user_19adeeb0c45b,FILM::Jurnal Risa by Risa Saraswati (2024),1,komentar
user_19d57d000f93,FILM::Jurnal Risa by Risa Saraswati (2024),1,komentar
user_1a496473024f,FILM::Jurnal Risa by Risa Saraswati (2024),1,komentar
user_1a50e118bbe0,FILM::Jurnal Risa by Risa Saraswati (2024),1,komentar
user_1a623b7ad6d8,FILM::Jurnal Risa by Risa Saraswati (2024),2,komentar
user_1a6a077228a9,FILM::Jurnal Risa by Risa Saraswati (2024),1,komentar
user_1a6d5ce315ef,FILM::Jurnal Risa by Risa Saraswati (2024),2,komentar
user_1a7a106be795,FILM::Jurnal Risa by Risa Saraswati (2024),1,komentar
user_1a9733f50240,FILM::Jurnal Risa by Risa Saraswati (2024),1,komentar
user_1a9972fd87dd,FILM::Jurnal Risa by Risa Saraswati (2024),1,komentar
user_1b2a5fd7b7dc,FILM::Jurnal Risa by Risa Saraswati (2024),1,komentar
user_1b2d77dd663a,FILM::Jurnal Risa by Risa Saraswati (2024),1,komentar
user_1ba8535b8efd,FILM::Jurnal Risa by Risa Saraswati (2024),1,komentar
user_1c61dd61cc2a,FILM::Jurnal Risa by Risa Saraswati (2024),1,komentar
user_1c81d9267785,FILM::Jurnal Risa by Risa Saraswati (2024),1,komentar
user_1d0dcf0ccb36,FILM::Jurnal Risa by Risa Saraswati (2024),1,komentar
user_1d1a20ab1551,FILM::Jurnal Risa by Risa Saraswati (2024),1,komentar
user_1d805b7474b2,FILM::Jurnal Risa by Risa Saraswati (2024),1,komentar
user_1e294a55e70a,FILM::Jurnal Risa by Risa Saraswati (2024),2,komentar
user_1eac999c7793,FILM::Jurnal Risa by Risa Saraswati (2024),1,komentar
user_1ebd6332406e,FILM::Jurnal Risa by Risa Saraswati (2024),1,komentar
user_1f8f0fbac86c,FILM::Jurnal Risa by Risa Saraswati (2024),1,komentar
user_1fae474e0376,FILM::Jurnal Risa by Risa Saraswati (2024),2,komentar
user_1fb51bd67bd1,FILM::Jurnal Risa by Risa Saraswati (2024),1,komentar
user_1ff5eb26a7da,FILM::Jurnal Risa by Risa Saraswati (2024),1,komentar
user_206360ed0cfc,FILM::Jurnal Risa by Risa Saraswati (2024),1,komentar
user_20daef6ff1e1,FILM::Jurnal Risa by Risa Saraswati (2024),1,komentar
user_20de6dfe81c0,FILM::Jurnal Risa by Risa Saraswati (2024),1,komentar
user_210e080f85f4,FILM::Jurnal Risa by Risa Saraswati (2024),1,komentar
user_2127abdde86b,FILM::Jurnal Risa by Risa Saraswati (2024),1,komentar
user_21443ee8b9c6,FILM::Jurnal Risa by Risa Saraswati (2024),1,komentar
user_221cca5fccde,FILM::Jurnal Risa by Risa Saraswati (2024),1,komentar
user_22553bcc0fec,FILM::Jurnal Risa by Risa Saraswati (2024),1,komentar
user_22eb3dd7ecaa,FILM::Jurnal Risa by Risa Saraswati (2024),1,komentar
user_22fae21dfebe,FILM::Jurnal Risa by Risa Saraswati (2024),1,komentar
user_235fe1450be9,FILM::Jurnal Risa by Risa Saraswati (2024),1,komentar
user_23fcda6f1328,FILM::Jurnal Risa by Risa Saraswati (2024),9,komentar
user_24d23ce02e31,FILM::Jurnal Risa by Risa Saraswati (2024),1,komentar
user_2636aadaeb1c,FILM::Jurnal Risa by Risa Saraswati (2024),3,komentar
user_26673e18aa46,FILM::Jurnal Risa by Risa Saraswati (2024),1,komentar
user_26c723577cbf,FILM::Jurnal Risa by Risa Saraswati (2024),2,komentar
user_270e8a0c0d10,FILM::Jurnal Risa by Risa Saraswati (2024),1,komentar
user_27227a67b51a,FILM::Jurnal Risa by Risa Saraswati (2024),1,komentar
user_282420020082,FILM::Jurnal Risa by Risa Saraswati (2024),1,komentar
user_285e433fa95d,FILM::Jurnal Risa by Risa Saraswati (2024),1,komentar
user_2885820e55af,FILM::Jurnal Risa by Risa Saraswati (2024),1,komentar
user_28f235934001,FILM::Jurnal Risa by Risa Saraswati (2024),1,komentar
user_292113a22830,FILM::Jurnal Risa by Risa Saraswati (2024),1,komentar
user_29355f2e52be,FILM::Jurnal Risa by Risa Saraswati (2024),1,komentar
user_29667176603e,FILM::Jurnal Risa by Risa Saraswati (2024),1,komentar
user_296987cfb014,FILM::Jurnal Risa by Risa Saraswati (2024),1,komentar
user_2a72285e781c,FILM::Jurnal Risa by Risa Saraswati (2024),1,komentar
user_2aa46a4d3b9b,FILM::Jurnal Risa by Risa Saraswati (2024),2,komentar
user_2ac4dfe9a64f,FILM::Jurnal Risa by Risa Saraswati (2024),1,komentar
user_2b3f369961d2,FILM::Jurnal Risa by Risa Saraswati (2024),1,komentar
user_2b5677f6fcc9,FILM::Jurnal Risa by Risa Saraswati (2024),1,komentar
user_2b88883da8c1,FILM::Jurnal Risa by Risa Saraswati (2024),1,komentar
user_2bbc222d8d6a,FILM::Jurnal Risa by Risa Saraswati (2024),1,komentar
user_2c487593b27c,FILM::Jurnal Risa by Risa Saraswati (2024),1,komentar
user_2ca8116ac63b,FILM::Jurnal Risa by Risa Saraswati (2024),1,komentar
user_2caf3f244464,FILM::Jurnal Risa by Risa Saraswati (2024),1,komentar
user_2d562b79d91e,FILM::Jurnal Risa by Risa Saraswati (2024),1,komentar
user_2d9e96ed983b,FILM::Jurnal Risa by Risa Saraswati (2024),1,komentar
user_2ebd3063dba2,FILM::Jurnal Risa by Risa Saraswati (2024),1,komentar
user_2ee64037edf7,FILM::Jurnal Risa by Risa Saraswati (2024),1,komentar
user_2ff445027d64,FILM::Jurnal Risa by Risa Saraswati (2024),1,komentar
user_2ffc5cf0a793,FILM::Jurnal Risa by Risa Saraswati (2024),1,komentar
user_3092a92b0499,FILM::Jurnal Risa by Risa Saraswati (2024),1,komentar
user_309b0c32dd4f,FILM::Jurnal Risa by Risa Saraswati (2024),1,komentar
user_318824ef3480,FILM::Jurnal Risa by Risa Saraswati (2024),1,komentar
user_323785f66edb,FILM::Jurnal Risa by Risa Saraswati (2024),1,komentar
user_323d78390de8,FILM::Jurnal Risa by Risa Saraswati (2024),1,komentar
user_3250b404a72d,FILM::Jurnal Risa by Risa Saraswati (2024),1,komentar
user_33553a07ff98,FILM::Jurnal Risa by Risa Saraswati (2024),1,komentar
user_3397a9dd06b7,FILM::Jurnal Risa by Risa Saraswati (2024),1,komentar
user_33e0d1066ac0,FILM::Jurnal Risa by Risa Saraswati (2024),1,komentar
user_33f3f49d7b70,FILM::Jurnal Risa by Risa Saraswati (2024),4,komentar
user_3466062a8299,FILM::Jurnal Risa by Risa Saraswati (2024),1,komentar
user_354f50cd69f4,FILM::Jurnal Risa by Risa Saraswati (2024),1,komentar
user_3558c2603773,FILM::Jurnal Risa by Risa Saraswati (2024),1,komentar
user_355feea19879,FILM::Jurnal Risa by Risa Saraswati (2024),1,komentar
user_3562e3316683,FILM::Jurnal Risa by Risa Saraswati (2024),1,komentar
user_3578c5280961,FILM::Jurnal Risa by Risa Saraswati (2024),1,komentar
user_3747a4a831bc,FILM::Jurnal Risa by Risa Saraswati (2024),1,komentar
user_3779c552a826,FILM::Jurnal Risa by Risa Saraswati (2024),1,komentar
user_37aef45e0b35,FILM::Jurnal Risa by Risa Saraswati (2024),2,komentar
user_380b8692b160,FILM::Jurnal Risa by Risa Saraswati (2024),1,komentar
user_3817d914bc46,FILM::Jurnal Risa by Risa Saraswati (2024),1,komentar
user_386ce96ef47a,FILM::Jurnal Risa by Risa Saraswati (2024),1,komentar
user_3871bd13c0b1,FILM::Jurnal Risa by Risa Saraswati (2024),3,komentar
user_39b85a094d42,FILM::Jurnal Risa by Risa Saraswati (2024),1,komentar
user_3a24c0f256f7,FILM::Jurnal Risa by Risa Saraswati (2024),1,komentar
user_3a3dff933684,FILM::Jurnal Risa by Risa Saraswati (2024),2,komentar
user_3a503ef4f7ac,FILM::Jurnal Risa by Risa Saraswati (2024),2,komentar
user_3a730ecce661,FILM::Jurnal Risa by Risa Saraswati (2024),1,komentar
user_3a73ccfe40ea,FILM::Jurnal Risa by Risa Saraswati (2024),1,komentar
user_3aafa5877126,FILM::Jurnal Risa by Risa Saraswati (2024),1,komentar
user_3c155927dc32,FILM::Jurnal Risa by Risa Saraswati (2024),1,komentar
user_3c2604478ee8,FILM::Jurnal Risa by Risa Saraswati (2024),1,komentar
user_3c6504001698,FILM::Jurnal Risa by Risa Saraswati (2024),1,komentar
user_3c89a25a6a45,FILM::Jurnal Risa by Risa Saraswati (2024),1,komentar
user_3cabc49400bf,FILM::Jurnal Risa by Risa Saraswati (2024),1,komentar
user_3ced251cda91,FILM::Jurnal Risa by Risa Saraswati (2024),1,komentar
user_3d0589ea484f,FILM::Jurnal Risa by Risa Saraswati (2024),1,komentar
user_3e767ca891a0,FILM::Jurnal Risa by Risa Saraswati (2024),1,komentar
user_3ed32944d987,FILM::Jurnal Risa by Risa Saraswati (2024),1,komentar
user_3eebf3bcd734,FILM::Jurnal Risa by Risa Saraswati (2024),1,komentar
user_3ef575e6d8d3,FILM::Jurnal Risa by Risa Saraswati (2024),1,komentar
user_3efbb6d7b2b7,FILM::Jurnal Risa by Risa Saraswati (2024),1,komentar
user_3f4d11524906,FILM::Jurnal Risa by Risa Saraswati (2024),1,komentar
user_4072b2737fff,FILM::Jurnal Risa by Risa Saraswati (2024),1,komentar
user_40df7faaa42d,FILM::Jurnal Risa by Risa Saraswati (2024),1,komentar
user_410a56f27b2b,FILM::Jurnal Risa by Risa Saraswati (2024),1,komentar
user_4113f4c83cf5,FILM::Jurnal Risa by Risa Saraswati (2024),1,komentar
user_4114f2cf4682,FILM::Jurnal Risa by Risa Saraswati (2024),2,komentar
user_4133464b6f40,FILM::Jurnal Risa by Risa Saraswati (2024),1,komentar
user_41e2bf35fdaa,FILM::Jurnal Risa by Risa Saraswati (2024),1,komentar
user_420746dfe39f,FILM::Jurnal Risa by Risa Saraswati (2024),2,komentar
user_425fcab04ba2,FILM::Jurnal Risa by Risa Saraswati (2024),1,komentar
user_42bf51d19613,FILM::Jurnal Risa by Risa Saraswati (2024),1,komentar
user_4417ffe39613,FILM::Jurnal Risa by Risa Saraswati (2024),1,komentar
user_44b9c4e8183b,FILM::Jurnal Risa by Risa Saraswati (2024),1,komentar
user_454c63b6b75c,FILM::Jurnal Risa by Risa Saraswati (2024),1,komentar
user_46436ff4a3a9,FILM::Jurnal Risa by Risa Saraswati (2024),1,komentar
user_4688db7edb0d,FILM::Jurnal Risa by Risa Saraswati (2024),2,komentar
user_46c72ad650f8,FILM::Jurnal Risa by Risa Saraswati (2024),1,komentar
user_472636cacf9f,FILM::Jurnal Risa by Risa Saraswati (2024),1,komentar
user_47ac25699e13,FILM::Jurnal Risa by Risa Saraswati (2024),1,komentar
user_47b4873568b6,FILM::Jurnal Risa by Risa Saraswati (2024),1,komentar
user_47bf95695496,FILM::Jurnal Risa by Risa Saraswati (2024),1,komentar
user_48113dc219b7,FILM::Jurnal Risa by Risa Saraswati (2024),1,komentar
user_485401dd40b3,FILM::Jurnal Risa by Risa Saraswati (2024),1,komentar
user_491813c4e20b,FILM::Jurnal Risa by Risa Saraswati (2024),1,komentar
user_4976a4d81405,FILM::Jurnal Risa by Risa Saraswati (2024),1,komentar
user_49b4a47fa3f2,FILM::Jurnal Risa by Risa Saraswati (2024),1,komentar
user_4a0a8ec9924c,FILM::Jurnal Risa by Risa Saraswati (2024),1,komentar
user_4b271d7e20e6,FILM::Jurnal Risa by Risa Saraswati (2024),1,komentar
user_4b6417c692db,FILM::Jurnal Risa by Risa Saraswati (2024),1,komentar
user_4b8b2c5d2872,FILM::Jurnal Risa by Risa Saraswati (2024),1,komentar
user_4b992b83d60d,FILM::Jurnal Risa by Risa Saraswati (2024),1,komentar
user_4c0cc2117949,FILM::Jurnal Risa by Risa Saraswati (2024),1,komentar
user_4cabda344628,FILM::Jurnal Risa by Risa Saraswati (2024),1,komentar
user_4cecb267fdcd,FILM::Jurnal Risa by Risa Saraswati (2024),1,komentar
user_4d45cd649f3a,FILM::Jurnal Risa by Risa Saraswati (2024),1,komentar
user_4d88da186103,FILM::Jurnal Risa by Risa Saraswati (2024),1,komentar
user_4dd1effc0304,FILM::Jurnal Risa by Risa Saraswati (2024),1,komentar
user_4e293f5e13fe,FILM::Jurnal Risa by Risa Saraswati (2024),1,komentar
user_4e4eb045f99c,FILM::Jurnal Risa by Risa Saraswati (2024),1,komentar
user_4ebfdc4c0d14,FILM::Jurnal Risa by Risa Saraswati (2024),1,komentar
user_4f38bb07dc6a,FILM::Jurnal Risa by Risa Saraswati (2024),1,komentar
user_50038e5365b0,FILM::Jurnal Risa by Risa Saraswati (2024),1,komentar
user_501cce67d017,FILM::Jurnal Risa by Risa Saraswati (2024),1,komentar
user_50209f79c828,FILM::Jurnal Risa by Risa Saraswati (2024),1,komentar
user_505aa2a70ac9,FILM::Jurnal Risa by Risa Saraswati (2024),1,komentar
user_5127fd8a2658,FILM::Jurnal Risa by Risa Saraswati (2024),1,komentar
user_51b43dd9a9f6,FILM::Jurnal Risa by Risa Saraswati (2024),3,komentar
user_520ce2b9ebde,FILM::Jurnal Risa by Risa Saraswati (2024),1,komentar
user_529f133b0be5,FILM::Jurnal Risa by Risa Saraswati (2024),1,komentar
user_52e2c4a10187,FILM::Jurnal Risa by Risa Saraswati (2024),1,komentar
user_549bb9d25f34,FILM::Jurnal Risa by Risa Saraswati (2024),3,komentar
user_54a134fb8d0d,FILM::Jurnal Risa by Risa Saraswati (2024),1,komentar
user_54b8426ac93b,FILM::Jurnal Risa by Risa Saraswati (2024),1,komentar
user_54b8655de302,FILM::Jurnal Risa by Risa Saraswati (2024),1,komentar
user_55497cca62df,FILM::Jurnal Risa by Risa Saraswati (2024),1,komentar
user_55eb64b68c0f,FILM::Jurnal Risa by Risa Saraswati (2024),1,komentar
user_56bfde32b54d,FILM::Jurnal Risa by Risa Saraswati (2024),1,komentar
user_56dc9f3692a8,FILM::Jurnal Risa by Risa Saraswati (2024),1,komentar
user_573438f54a80,FILM::Jurnal Risa by Risa Saraswati (2024),1,komentar
user_57c5b9bf68e5,FILM::Jurnal Risa by Risa Saraswati (2024),1,komentar
user_58113bf5c11c,FILM::Jurnal Risa by Risa Saraswati (2024),2,komentar
user_583049f0ff41,FILM::Jurnal Risa by Risa Saraswati (2024),1,komentar
user_584672bcfe10,FILM::Jurnal Risa by Risa Saraswati (2024),1,komentar
user_58601121e97d,FILM::Jurnal Risa by Risa Saraswati (2024),2,komentar
user_586561fba27f,FILM::Jurnal Risa by Risa Saraswati (2024),1,komentar
user_58e00a9bce67,FILM::Jurnal Risa by Risa Saraswati (2024),1,komentar
user_58e48d8632d2,FILM::Jurnal Risa by Risa Saraswati (2024),1,komentar
user_59536ea0451e,FILM::Jurnal Risa by Risa Saraswati (2024),1,komentar
user_59eaa3eaf76d,FILM::Jurnal Risa by Risa Saraswati (2024),1,komentar
user_5acb46a17e82,FILM::Jurnal Risa by Risa Saraswati (2024),1,komentar
user_5b205b8bfb5a,FILM::Jurnal Risa by Risa Saraswati (2024),1,komentar
user_5b58a239efcd,FILM::Jurnal Risa by Risa Saraswati (2024),1,komentar
user_5b6f48ba0007,FILM::Jurnal Risa by Risa Saraswati (2024),1,komentar
user_5c3308f9104c,FILM::Jurnal Risa by Risa Saraswati (2024),1,komentar
user_5c9675304172,FILM::Jurnal Risa by Risa Saraswati (2024),1,komentar
user_5ca17089f201,FILM::Jurnal Risa by Risa Saraswati (2024),1,komentar
user_5d0c8d2fee95,FILM::Jurnal Risa by Risa Saraswati (2024),1,komentar
user_5d56669b7d2c,FILM::Jurnal Risa by Risa Saraswati (2024),1,komentar
user_5f2fc4c70652,FILM::Jurnal Risa by Risa Saraswati (2024),1,komentar
user_5fa788ca1c8b,FILM::Jurnal Risa by Risa Saraswati (2024),1,komentar
user_5fa992fab32d,FILM::Jurnal Risa by Risa Saraswati (2024),1,komentar
user_601a86ba639c,FILM::Jurnal Risa by Risa Saraswati (2024),1,komentar
user_6042f6f4d1c2,FILM::Jurnal Risa by Risa Saraswati (2024),1,komentar
user_605820b38e66,FILM::Jurnal Risa by Risa Saraswati (2024),1,komentar
user_605b2afdd09e,FILM::Jurnal Risa by Risa Saraswati (2024),1,komentar
user_6073bc7c57eb,FILM::Jurnal Risa by Risa Saraswati (2024),1,komentar
user_60e06394d90d,FILM::Jurnal Risa by Risa Saraswati (2024),2,komentar
user_6128418f985b,FILM::Jurnal Risa by Risa Saraswati (2024),1,komentar
user_617e558e66c5,FILM::Jurnal Risa by Risa Saraswati (2024),1,komentar
user_61b86575fdf7,FILM::Jurnal Risa by Risa Saraswati (2024),1,komentar
user_61b8f7e38a45,FILM::Jurnal Risa by Risa Saraswati (2024),2,komentar
user_6256a5e3f405,FILM::Jurnal Risa by Risa Saraswati (2024),1,komentar
user_626b94211574,FILM::Jurnal Risa by Risa Saraswati (2024),1,komentar
user_63483ec3cd75,FILM::Jurnal Risa by Risa Saraswati (2024),1,komentar
user_63f90f1bcf0a,FILM::Jurnal Risa by Risa Saraswati (2024),1,komentar
user_641a16addf1c,FILM::Jurnal Risa by Risa Saraswati (2024),1,komentar
user_64397d66acec,FILM::Jurnal Risa by Risa Saraswati (2024),1,komentar
user_64456c340e82,FILM::Jurnal Risa by Risa Saraswati (2024),1,komentar
user_64a45c7889c2,FILM::Jurnal Risa by Risa Saraswati (2024),1,komentar
user_6657bdf3df9c,FILM::Jurnal Risa by Risa Saraswati (2024),1,komentar
user_66695f0c9425,FILM::Jurnal Risa by Risa Saraswati (2024),1,komentar
user_66edc3612d79,FILM::Jurnal Risa by Risa Saraswati (2024),1,komentar
user_676743d9c35c,FILM::Jurnal Risa by Risa Saraswati (2024),1,komentar
user_679a74db77ca,FILM::Jurnal Risa by Risa Saraswati (2024),2,komentar
user_6851ae9df4db,FILM::Jurnal Risa by Risa Saraswati (2024),1,komentar
user_68774aec17b9,FILM::Jurnal Risa by Risa Saraswati (2024),1,komentar
user_6961f526d88e,FILM::Jurnal Risa by Risa Saraswati (2024),1,komentar
user_69bd11fb4f58,FILM::Jurnal Risa by Risa Saraswati (2024),1,komentar
user_69df788165b3,FILM::Jurnal Risa by Risa Saraswati (2024),1,komentar
user_6ab1897eea53,FILM::Jurnal Risa by Risa Saraswati (2024),1,komentar
user_6afacf0f3aed,FILM::Jurnal Risa by Risa Saraswati (2024),1,komentar
user_6afe95c39f56,FILM::Jurnal Risa by Risa Saraswati (2024),3,komentar
user_6b002464f222,FILM::Jurnal Risa by Risa Saraswati (2024),1,komentar
user_6ba764e95ca5,FILM::Jurnal Risa by Risa Saraswati (2024),1,komentar
user_6be090a93acb,FILM::Jurnal Risa by Risa Saraswati (2024),1,komentar
user_6c84c8909da3,FILM::Jurnal Risa by Risa Saraswati (2024),1,komentar
user_6ca7b82eb424,FILM::Jurnal Risa by Risa Saraswati (2024),1,komentar
user_6d84fe36ac92,FILM::Jurnal Risa by Risa Saraswati (2024),1,komentar
user_6dd5d1e2ec6f,FILM::Jurnal Risa by Risa Saraswati (2024),1,komentar
user_6de745cb980a,FILM::Jurnal Risa by Risa Saraswati (2024),1,komentar
user_6e4cc69cd880,FILM::Jurnal Risa by Risa Saraswati (2024),1,komentar
user_6fcb2495c760,FILM::Jurnal Risa by Risa Saraswati (2024),5,komentar
user_702a855baec6,FILM::Jurnal Risa by Risa Saraswati (2024),1,komentar
user_70a2f70a2953,FILM::Jurnal Risa by Risa Saraswati (2024),1,komentar
user_70b7a41f8467,FILM::Jurnal Risa by Risa Saraswati (2024),1,komentar
user_71385be866bb,FILM::Jurnal Risa by Risa Saraswati (2024),2,komentar
user_718e3ccf8185,FILM::Jurnal Risa by Risa Saraswati (2024),1,komentar
user_71c6429802c2,FILM::Jurnal Risa by Risa Saraswati (2024),1,komentar
user_7227385b7565,FILM::Jurnal Risa by Risa Saraswati (2024),1,komentar
user_726d0efb7ec2,FILM::Jurnal Risa by Risa Saraswati (2024),1,komentar
user_7312dc553216,FILM::Jurnal Risa by Risa Saraswati (2024),1,komentar
user_743dc4aaad5d,FILM::Jurnal Risa by Risa Saraswati (2024),1,komentar
user_744a8c455259,FILM::Jurnal Risa by Risa Saraswati (2024),1,komentar
user_74737e78b50a,FILM::Jurnal Risa by Risa Saraswati (2024),1,komentar
user_74765eb275b8,FILM::Jurnal Risa by Risa Saraswati (2024),3,komentar
user_74993388dae7,FILM::Jurnal Risa by Risa Saraswati (2024),1,komentar
user_762298236282,FILM::Jurnal Risa by Risa Saraswati (2024),1,komentar
user_77d23ba06aa4,FILM::Jurnal Risa by Risa Saraswati (2024),1,komentar
user_782b0d0a2015,FILM::Jurnal Risa by Risa Saraswati (2024),1,komentar
user_78f10c45e089,FILM::Jurnal Risa by Risa Saraswati (2024),1,komentar
user_79204b233dad,FILM::Jurnal Risa by Risa Saraswati (2024),1,komentar
user_79261e73818a,FILM::Jurnal Risa by Risa Saraswati (2024),1,komentar
user_7981bc7c1e6f,FILM::Jurnal Risa by Risa Saraswati (2024),1,komentar
user_79b38807e46c,FILM::Jurnal Risa by Risa Saraswati (2024),1,komentar
user_7a35ff377c7a,FILM::Jurnal Risa by Risa Saraswati (2024),1,komentar
user_7aeecdeaa408,FILM::Jurnal Risa by Risa Saraswati (2024),1,komentar
user_7af1e4ed2a9f,FILM::Jurnal Risa by Risa Saraswati (2024),1,komentar
user_7b9bea900f38,FILM::Jurnal Risa by Risa Saraswati (2024),1,komentar
user_7c3432510d0f,FILM::Jurnal Risa by Risa Saraswati (2024),1,komentar
user_7c77f1aa63e2,FILM::Jurnal Risa by Risa Saraswati (2024),1,komentar
user_7cf7bd0b7d0e,FILM::Jurnal Risa by Risa Saraswati (2024),1,komentar
user_7d25fac9295d,FILM::Jurnal Risa by Risa Saraswati (2024),1,komentar
user_7d39b1ea8563,FILM::Jurnal Risa by Risa Saraswati (2024),1,komentar
user_7d6e84a23140,FILM::Jurnal Risa by Risa Saraswati (2024),1,komentar
user_7db72c650b8d,FILM::Jurnal Risa by Risa Saraswati (2024),1,komentar
user_7df80c00a6d8,FILM::Jurnal Risa by Risa Saraswati (2024),1,komentar
user_7e15005a5c2d,FILM::Jurnal Risa by Risa Saraswati (2024),1,komentar
user_7e425c46a388,FILM::Jurnal Risa by Risa Saraswati (2024),1,komentar
user_7e7a97476168,FILM::Jurnal Risa by Risa Saraswati (2024),2,komentar
user_7f1d1a96848c,FILM::Jurnal Risa by Risa Saraswati (2024),1,komentar
user_7f2ea7b46211,FILM::Jurnal Risa by Risa Saraswati (2024),1,komentar
user_7f4ba9ec7145,FILM::Jurnal Risa by Risa Saraswati (2024),1,komentar
user_8061018be159,FILM::Jurnal Risa by Risa Saraswati (2024),2,komentar
user_80c8c3404da0,FILM::Jurnal Risa by Risa Saraswati (2024),1,komentar
user_810775288318,FILM::Jurnal Risa by Risa Saraswati (2024),1,komentar
user_8124db8a98e1,FILM::Jurnal Risa by Risa Saraswati (2024),1,komentar
user_812df5d975c5,FILM::Jurnal Risa by Risa Saraswati (2024),1,komentar
user_8136321293bf,FILM::Jurnal Risa by Risa Saraswati (2024),1,komentar
user_8136dd7f2de9,FILM::Jurnal Risa by Risa Saraswati (2024),2,komentar
user_819082b96962,FILM::Jurnal Risa by Risa Saraswati (2024),2,komentar
user_81d1b8c246a2,FILM::Jurnal Risa by Risa Saraswati (2024),1,komentar
user_8323b5c5cd25,FILM::Jurnal Risa by Risa Saraswati (2024),1,komentar
user_834740f97b67,FILM::Jurnal Risa by Risa Saraswati (2024),1,komentar
user_837cd57d1b29,FILM::Jurnal Risa by Risa Saraswati (2024),2,komentar
user_845087d0b110,FILM::Jurnal Risa by Risa Saraswati (2024),1,komentar
user_8488c1945f6e,FILM::Jurnal Risa by Risa Saraswati (2024),2,komentar
user_8570113986c7,FILM::Jurnal Risa by Risa Saraswati (2024),1,komentar
user_8641403bc5ed,FILM::Jurnal Risa by Risa Saraswati (2024),1,komentar
user_868215dc7ac2,FILM::Jurnal Risa by Risa Saraswati (2024),3,komentar
user_86b610bfca7f,FILM::Jurnal Risa by Risa Saraswati (2024),1,komentar
user_86f097b76c64,FILM::Jurnal Risa by Risa Saraswati (2024),1,komentar
user_87cf31aa90de,FILM::Jurnal Risa by Risa Saraswati (2024),1,komentar
user_87f8797e5845,FILM::Jurnal Risa by Risa Saraswati (2024),1,komentar
user_88d5f57f75a3,FILM::Jurnal Risa by Risa Saraswati (2024),1,komentar
user_88fe9d0d1427,FILM::Jurnal Risa by Risa Saraswati (2024),1,komentar
user_893d4917c478,FILM::Jurnal Risa by Risa Saraswati (2024),1,komentar
user_89ae78ff2801,FILM::Jurnal Risa by Risa Saraswati (2024),1,komentar
user_8a648aa77d48,FILM::Jurnal Risa by Risa Saraswati (2024),1,komentar
user_8aa689e12025,FILM::Jurnal Risa by Risa Saraswati (2024),1,komentar
user_8b6fec3b0edf,FILM::Jurnal Risa by Risa Saraswati (2024),2,komentar
user_8bb157d369ed,FILM::Jurnal Risa by Risa Saraswati (2024),1,komentar
user_8bc09c4ae7c0,FILM::Jurnal Risa by Risa Saraswati (2024),2,komentar
user_8c49918daf02,FILM::Jurnal Risa by Risa Saraswati (2024),1,komentar
user_8c73f5075dae,FILM::Jurnal Risa by Risa Saraswati (2024),1,komentar
user_8d48973836bc,FILM::Jurnal Risa by Risa Saraswati (2024),1,komentar
user_8da070d74ec0,FILM::Jurnal Risa by Risa Saraswati (2024),1,komentar
user_8ddc28c3d192,FILM::Jurnal Risa by Risa Saraswati (2024),1,komentar
user_8e07a81a0fdc,FILM::Jurnal Risa by Risa Saraswati (2024),1,komentar
user_8f097c3dc9a8,FILM::Jurnal Risa by Risa Saraswati (2024),1,komentar
user_8ffec29a6921,FILM::Jurnal Risa by Risa Saraswati (2024),1,komentar
user_90944cc40985,FILM::Jurnal Risa by Risa Saraswati (2024),1,komentar
user_90997d55840a,FILM::Jurnal Risa by Risa Saraswati (2024),1,komentar
user_90a355ca3baa,FILM::Jurnal Risa by Risa Saraswati (2024),2,komentar
user_9138c871092a,FILM::Jurnal Risa by Risa Saraswati (2024),1,komentar
user_922aff73a31a,FILM::Jurnal Risa by Risa Saraswati (2024),1,komentar
user_928320c7388b,FILM::Jurnal Risa by Risa Saraswati (2024),1,komentar
user_935de50b86fa,FILM::Jurnal Risa by Risa Saraswati (2024),1,komentar
user_9429e9b8033d,FILM::Jurnal Risa by Risa Saraswati (2024),1,komentar
user_94b72cc05215,FILM::Jurnal Risa by Risa Saraswati (2024),1,komentar
user_94baf9f8073b,FILM::Jurnal Risa by Risa Saraswati (2024),1,komentar
user_957c89fb1e69,FILM::Jurnal Risa by Risa Saraswati (2024),1,komentar
user_95894d62a644,FILM::Jurnal Risa by Risa Saraswati (2024),1,komentar
user_9686a723f8a8,FILM::Jurnal Risa by Risa Saraswati (2024),1,komentar
user_96da04143f06,FILM::Jurnal Risa by Risa Saraswati (2024),1,komentar
user_973c5d8d6dcf,FILM::Jurnal Risa by Risa Saraswati (2024),1,komentar
user_97b9358bb5e0,FILM::Jurnal Risa by Risa Saraswati (2024),1,komentar
user_97ddbaba762e,FILM::Jurnal Risa by Risa Saraswati (2024),1,komentar
user_97e48ae0de1f,FILM::Jurnal Risa by Risa Saraswati (2024),1,komentar
user_981a1eaaf3e6,FILM::Jurnal Risa by Risa Saraswati (2024),2,komentar
user_9870e07a8e78,FILM::Jurnal Risa by Risa Saraswati (2024),1,komentar
user_98795a6911aa,FILM::Jurnal Risa by Risa Saraswati (2024),1,komentar
user_989ba3ce0d59,FILM::Jurnal Risa by Risa Saraswati (2024),1,komentar
user_98c3ff91cf06,FILM::Jurnal Risa by Risa Saraswati (2024),1,komentar
user_98e39a5916b1,FILM::Jurnal Risa by Risa Saraswati (2024),3,komentar
user_9990c0cd3bad,FILM::Jurnal Risa by Risa Saraswati (2024),1,komentar
user_9a97ca8aa657,FILM::Jurnal Risa by Risa Saraswati (2024),1,komentar
user_9bd2e760f368,FILM::Jurnal Risa by Risa Saraswati (2024),1,komentar
user_9c0d30a8fbc8,FILM::Jurnal Risa by Risa Saraswati (2024),2,komentar
user_9c1dd83997b4,FILM::Jurnal Risa by Risa Saraswati (2024),1,komentar
user_9c40d8c6d32b,FILM::Jurnal Risa by Risa Saraswati (2024),1,komentar
user_9c7536fa4d57,FILM::Jurnal Risa by Risa Saraswati (2024),1,komentar
user_9caf2826e6a1,FILM::Jurnal Risa by Risa Saraswati (2024),1,komentar
user_9d57ea976abf,FILM::Jurnal Risa by Risa Saraswati (2024),1,komentar
user_9d62ef201976,FILM::Jurnal Risa by Risa Saraswati (2024),1,komentar
user_9e626dea13cf,FILM::Jurnal Risa by Risa Saraswati (2024),1,komentar
user_9ed6e9edb75f,FILM::Jurnal Risa by Risa Saraswati (2024),1,komentar
user_9f0452834b29,FILM::Jurnal Risa by Risa Saraswati (2024),1,komentar
user_9f63727a34ef,FILM::Jurnal Risa by Risa Saraswati (2024),1,komentar
user_9f669c150ac4,FILM::Jurnal Risa by Risa Saraswati (2024),1,komentar
user_9fbd587f8799,FILM::Jurnal Risa by Risa Saraswati (2024),1,komentar
user_a003b076acc6,FILM::Jurnal Risa by Risa Saraswati (2024),1,komentar
user_a05a038126ef,FILM::Jurnal Risa by Risa Saraswati (2024),1,komentar
user_a05ce2e40fc5,FILM::Jurnal Risa by Risa Saraswati (2024),2,komentar
user_a086cafe024a,FILM::Jurnal Risa by Risa Saraswati (2024),1,komentar
user_a0d576f8f551,FILM::Jurnal Risa by Risa Saraswati (2024),1,komentar
user_a18f87e717c4,FILM::Jurnal Risa by Risa Saraswati (2024),1,komentar
user_a2187fed7639,FILM::Jurnal Risa by Risa Saraswati (2024),1,komentar
user_a3446e91b34a,FILM::Jurnal Risa by Risa Saraswati (2024),1,komentar
user_a4ddd1401276,FILM::Jurnal Risa by Risa Saraswati (2024),1,komentar
user_a56fc9f77428,FILM::Jurnal Risa by Risa Saraswati (2024),1,komentar
user_a575d7f50f53,FILM::Jurnal Risa by Risa Saraswati (2024),1,komentar
user_a58af13ee61c,FILM::Jurnal Risa by Risa Saraswati (2024),1,komentar
user_a65d9f723d89,FILM::Jurnal Risa by Risa Saraswati (2024),1,komentar
user_a67663296531,FILM::Jurnal Risa by Risa Saraswati (2024),1,komentar
user_a6e5a1058bc8,FILM::Jurnal Risa by Risa Saraswati (2024),1,komentar
user_a7401822b3bf,FILM::Jurnal Risa by Risa Saraswati (2024),2,komentar
user_a74be216cdf2,FILM::Jurnal Risa by Risa Saraswati (2024),1,komentar
user_a7acf5c36f4b,FILM::Jurnal Risa by Risa Saraswati (2024),1,komentar
user_a7bbb904af06,FILM::Jurnal Risa by Risa Saraswati (2024),2,komentar
user_a85356ded475,FILM::Jurnal Risa by Risa Saraswati (2024),1,komentar
user_a8b187b8f43c,FILM::Jurnal Risa by Risa Saraswati (2024),1,komentar
user_a8cb612be882,FILM::Jurnal Risa by Risa Saraswati (2024),1,komentar
user_a9089934d74c,FILM::Jurnal Risa by Risa Saraswati (2024),1,komentar
user_a92fc266949c,FILM::Jurnal Risa by Risa Saraswati (2024),1,komentar
user_a988fc42bb52,FILM::Jurnal Risa by Risa Saraswati (2024),1,komentar
user_a9b7785536ed,FILM::Jurnal Risa by Risa Saraswati (2024),1,komentar
user_aa429cf7f133,FILM::Jurnal Risa by Risa Saraswati (2024),1,komentar
user_aa553f3c57cb,FILM::Jurnal Risa by Risa Saraswati (2024),1,komentar
user_aac4fd09dcfb,FILM::Jurnal Risa by Risa Saraswati (2024),1,komentar
user_ab3269bfa837,FILM::Jurnal Risa by Risa Saraswati (2024),1,komentar
user_ab8654f58e37,FILM::Jurnal Risa by Risa Saraswati (2024),1,komentar
user_abad6330ea3f,FILM::Jurnal Risa by Risa Saraswati (2024),1,komentar
user_acddbadfc557,FILM::Jurnal Risa by Risa Saraswati (2024),1,komentar
user_ad3a5e316f16,FILM::Jurnal Risa by Risa Saraswati (2024),1,komentar
user_ad58b298a4da,FILM::Jurnal Risa by Risa Saraswati (2024),1,komentar
user_ad5f9d75213e,FILM::Jurnal Risa by Risa Saraswati (2024),1,komentar
user_adc49c915268,FILM::Jurnal Risa by Risa Saraswati (2024),1,komentar
user_adcb657849c7,FILM::Jurnal Risa by Risa Saraswati (2024),1,komentar
user_add5cdbf2403,FILM::Jurnal Risa by Risa Saraswati (2024),1,komentar
user_adf55995f1b4,FILM::Jurnal Risa by Risa Saraswati (2024),1,komentar
user_adfd25a837ab,FILM::Jurnal Risa by Risa Saraswati (2024),1,komentar
user_ae59e280e85b,FILM::Jurnal Risa by Risa Saraswati (2024),1,komentar
user_ae9d2297d2ab,FILM::Jurnal Risa by Risa Saraswati (2024),1,komentar
user_aea80e2c3e45,FILM::Jurnal Risa by Risa Saraswati (2024),2,komentar
user_af2d35ca1363,FILM::Jurnal Risa by Risa Saraswati (2024),1,komentar
user_af9941a21e53,FILM::Jurnal Risa by Risa Saraswati (2024),1,komentar
user_afd794d4a919,FILM::Jurnal Risa by Risa Saraswati (2024),1,komentar
user_b07501cfa608,FILM::Jurnal Risa by Risa Saraswati (2024),2,komentar
user_b0cc36975b63,FILM::Jurnal Risa by Risa Saraswati (2024),1,komentar
user_b1477dcd4c7c,FILM::Jurnal Risa by Risa Saraswati (2024),1,komentar
user_b27575214bae,FILM::Jurnal Risa by Risa Saraswati (2024),1,komentar
user_b2dc6f9d05e7,FILM::Jurnal Risa by Risa Saraswati (2024),1,komentar
user_b43fbdc0f941,FILM::Jurnal Risa by Risa Saraswati (2024),1,komentar
user_b444ca561119,FILM::Jurnal Risa by Risa Saraswati (2024),1,komentar
user_b47f753859da,FILM::Jurnal Risa by Risa Saraswati (2024),1,komentar
user_b48dceb8695b,FILM::Jurnal Risa by Risa Saraswati (2024),1,komentar
user_b4c791654c95,FILM::Jurnal Risa by Risa Saraswati (2024),1,komentar
user_b578b1d10ce9,FILM::Jurnal Risa by Risa Saraswati (2024),1,komentar
user_b5bb121b99a3,FILM::Jurnal Risa by Risa Saraswati (2024),2,komentar
user_b5bea406cbe1,FILM::Jurnal Risa by Risa Saraswati (2024),1,komentar
user_b5ff5e275f4f,FILM::Jurnal Risa by Risa Saraswati (2024),1,komentar
user_b6c29cbea7c2,FILM::Jurnal Risa by Risa Saraswati (2024),1,komentar
user_b78ecf86cdc6,FILM::Jurnal Risa by Risa Saraswati (2024),1,komentar
user_b7cf456961fd,FILM::Jurnal Risa by Risa Saraswati (2024),1,komentar
user_b7e67bce31d7,FILM::Jurnal Risa by Risa Saraswati (2024),1,komentar
user_b7e8aea66a1d,FILM::Jurnal Risa by Risa Saraswati (2024),1,komentar
user_b8401ed52d68,FILM::Jurnal Risa by Risa Saraswati (2024),1,komentar
user_b8e720a5e885,FILM::Jurnal Risa by Risa Saraswati (2024),1,komentar
user_b9e43bcfd18b,FILM::Jurnal Risa by Risa Saraswati (2024),1,komentar
user_ba395fd118c5,FILM::Jurnal Risa by Risa Saraswati (2024),1,komentar
user_baa3c98319eb,FILM::Jurnal Risa by Risa Saraswati (2024),5,komentar
user_bbd8b4739ae8,FILM::Jurnal Risa by Risa Saraswati (2024),1,komentar
user_bc1cd6f06fbc,FILM::Jurnal Risa by Risa Saraswati (2024),5,komentar
user_bc1daf5ff404,FILM::Jurnal Risa by Risa Saraswati (2024),1,komentar
user_bc8b2cacad67,FILM::Jurnal Risa by Risa Saraswati (2024),1,komentar
user_bcbf7760fb5c,FILM::Jurnal Risa by Risa Saraswati (2024),1,komentar
user_bd4eb55aa2a8,FILM::Jurnal Risa by Risa Saraswati (2024),4,komentar
user_bd66701e23be,FILM::Jurnal Risa by Risa Saraswati (2024),1,komentar
user_bd78283fa081,FILM::Jurnal Risa by Risa Saraswati (2024),1,komentar
user_bdd27c2ddb45,FILM::Jurnal Risa by Risa Saraswati (2024),1,komentar
user_be1140d8667f,FILM::Jurnal Risa by Risa Saraswati (2024),1,komentar
user_bf119b6e29da,FILM::Jurnal Risa by Risa Saraswati (2024),1,komentar
user_bf517f59aa12,FILM::Jurnal Risa by Risa Saraswati (2024),1,komentar
user_c04a0e578b91,FILM::Jurnal Risa by Risa Saraswati (2024),3,komentar
user_c0a5a88a6379,FILM::Jurnal Risa by Risa Saraswati (2024),1,komentar
user_c0a6e97fc62f,FILM::Jurnal Risa by Risa Saraswati (2024),1,komentar
user_c12f0fe20c88,FILM::Jurnal Risa by Risa Saraswati (2024),1,komentar
user_c1430acf4493,FILM::Jurnal Risa by Risa Saraswati (2024),1,komentar
user_c153b4ec98a1,FILM::Jurnal Risa by Risa Saraswati (2024),1,komentar
user_c1999b24ac02,FILM::Jurnal Risa by Risa Saraswati (2024),1,komentar
user_c1a17d2b7c59,FILM::Jurnal Risa by Risa Saraswati (2024),1,komentar
user_c1b295ead0c1,FILM::Jurnal Risa by Risa Saraswati (2024),1,komentar
user_c1d61dbafbbf,FILM::Jurnal Risa by Risa Saraswati (2024),1,komentar
user_c1ecb70e4e2c,FILM::Jurnal Risa by Risa Saraswati (2024),1,komentar
user_c20c0ccd28bf,FILM::Jurnal Risa by Risa Saraswati (2024),1,komentar
user_c289f496ba8e,FILM::Jurnal Risa by Risa Saraswati (2024),1,komentar
user_c2c0647831f0,FILM::Jurnal Risa by Risa Saraswati (2024),1,komentar
user_c3353f1d4a79,FILM::Jurnal Risa by Risa Saraswati (2024),1,komentar
user_c33a13809069,FILM::Jurnal Risa by Risa Saraswati (2024),1,komentar
user_c3a95564d1c0,FILM::Jurnal Risa by Risa Saraswati (2024),1,komentar
user_c419554fc19a,FILM::Jurnal Risa by Risa Saraswati (2024),1,komentar
user_c430a8fdebdb,FILM::Jurnal Risa by Risa Saraswati (2024),1,komentar
user_c4be28bbc8eb,FILM::Jurnal Risa by Risa Saraswati (2024),1,komentar
user_c4c017394f92,FILM::Jurnal Risa by Risa Saraswati (2024),1,komentar
user_c5418742f612,FILM::Jurnal Risa by Risa Saraswati (2024),4,komentar
user_c617bb80c946,FILM::Jurnal Risa by Risa Saraswati (2024),1,komentar
user_c693ed62396e,FILM::Jurnal Risa by Risa Saraswati (2024),1,komentar
user_c69dd38a86c7,FILM::Jurnal Risa by Risa Saraswati (2024),1,komentar
user_c73054fc9d72,FILM::Jurnal Risa by Risa Saraswati (2024),6,komentar
user_c78faea10bd6,FILM::Jurnal Risa by Risa Saraswati (2024),1,komentar
user_c7b5900aa49d,FILM::Jurnal Risa by Risa Saraswati (2024),1,komentar
user_c8b8d6f25802,FILM::Jurnal Risa by Risa Saraswati (2024),1,komentar
user_c8f1f024bdec,FILM::Jurnal Risa by Risa Saraswati (2024),2,komentar
user_c9baf2b699a6,FILM::Jurnal Risa by Risa Saraswati (2024),1,komentar
user_caa744cf71ae,FILM::Jurnal Risa by Risa Saraswati (2024),1,komentar
user_cabcb7be0dea,FILM::Jurnal Risa by Risa Saraswati (2024),1,komentar
user_cb0209834bf5,FILM::Jurnal Risa by Risa Saraswati (2024),1,komentar
user_cbdaf5dd1780,FILM::Jurnal Risa by Risa Saraswati (2024),1,komentar
user_cd13fd664e9d,FILM::Jurnal Risa by Risa Saraswati (2024),1,komentar
user_cd8f04b2be0b,FILM::Jurnal Risa by Risa Saraswati (2024),2,komentar
user_cdd852c322f8,FILM::Jurnal Risa by Risa Saraswati (2024),2,komentar
user_ce5718d7e760,FILM::Jurnal Risa by Risa Saraswati (2024),1,komentar
user_d061a1608cbf,FILM::Jurnal Risa by Risa Saraswati (2024),1,komentar
user_d0a59fd12297,FILM::Jurnal Risa by Risa Saraswati (2024),1,komentar
user_d0a766ce2e6e,FILM::Jurnal Risa by Risa Saraswati (2024),1,komentar
user_d15134809ee1,FILM::Jurnal Risa by Risa Saraswati (2024),1,komentar
user_d289d28f51a3,FILM::Jurnal Risa by Risa Saraswati (2024),1,komentar
user_d2ed7d859b36,FILM::Jurnal Risa by Risa Saraswati (2024),1,komentar
user_d35875a39c20,FILM::Jurnal Risa by Risa Saraswati (2024),1,komentar
user_d381eba70818,FILM::Jurnal Risa by Risa Saraswati (2024),1,komentar
user_d3b751c2c3c1,FILM::Jurnal Risa by Risa Saraswati (2024),1,komentar
user_d3cb3322f29f,FILM::Jurnal Risa by Risa Saraswati (2024),1,komentar
user_d440c0599844,FILM::Jurnal Risa by Risa Saraswati (2024),1,komentar
user_d4614ca4cd94,FILM::Jurnal Risa by Risa Saraswati (2024),2,komentar
user_d4bc636d5297,FILM::Jurnal Risa by Risa Saraswati (2024),1,komentar
user_d515a8ab31b3,FILM::Jurnal Risa by Risa Saraswati (2024),1,komentar
user_d55e21f5b735,FILM::Jurnal Risa by Risa Saraswati (2024),1,komentar
user_d55f7e71cc3e,FILM::Jurnal Risa by Risa Saraswati (2024),1,komentar
user_d677eb4e9842,FILM::Jurnal Risa by Risa Saraswati (2024),1,komentar
user_d69ee7823b84,FILM::Jurnal Risa by Risa Saraswati (2024),1,komentar
user_d6f1e71c8f0f,FILM::Jurnal Risa by Risa Saraswati (2024),1,komentar
user_d7921680d352,FILM::Jurnal Risa by Risa Saraswati (2024),1,komentar
user_d7a367744d1e,FILM::Jurnal Risa by Risa Saraswati (2024),1,komentar
user_d80655793019,FILM::Jurnal Risa by Risa Saraswati (2024),2,komentar
user_d80e3270bef3,FILM::Jurnal Risa by Risa Saraswati (2024),2,komentar
user_d81e6c53518b,FILM::Jurnal Risa by Risa Saraswati (2024),1,komentar
user_d82a6ffce2b5,FILM::Jurnal Risa by Risa Saraswati (2024),1,komentar
user_d8641adc0d9f,FILM::Jurnal Risa by Risa Saraswati (2024),1,komentar
user_d8a80d2c7573,FILM::Jurnal Risa by Risa Saraswati (2024),2,komentar
user_d9452b937258,FILM::Jurnal Risa by Risa Saraswati (2024),1,komentar
user_d98f29d7c37d,FILM::Jurnal Risa by Risa Saraswati (2024),1,komentar
user_da2745e48da3,FILM::Jurnal Risa by Risa Saraswati (2024),1,komentar
user_da425a8a547d,FILM::Jurnal Risa by Risa Saraswati (2024),1,komentar
user_da553590f4a9,FILM::Jurnal Risa by Risa Saraswati (2024),1,komentar
user_da649c07ebaa,FILM::Jurnal Risa by Risa Saraswati (2024),1,komentar
user_da74ed1a6b63,FILM::Jurnal Risa by Risa Saraswati (2024),1,komentar
user_db3676589cdb,FILM::Jurnal Risa by Risa Saraswati (2024),1,komentar
user_dbafa5aefb42,FILM::Jurnal Risa by Risa Saraswati (2024),1,komentar
user_dbfd1cf0e66c,FILM::Jurnal Risa by Risa Saraswati (2024),1,komentar
user_dc12983be625,FILM::Jurnal Risa by Risa Saraswati (2024),1,komentar
user_dc2958519b05,FILM::Jurnal Risa by Risa Saraswati (2024),1,komentar
user_dca2b512317a,FILM::Jurnal Risa by Risa Saraswati (2024),1,komentar
user_dca40c995294,FILM::Jurnal Risa by Risa Saraswati (2024),1,komentar
user_dce9fabc4967,FILM::Jurnal Risa by Risa Saraswati (2024),1,komentar
user_dd3737ad91e7,FILM::Jurnal Risa by Risa Saraswati (2024),1,komentar
user_dd3fb78a1513,FILM::Jurnal Risa by Risa Saraswati (2024),1,komentar
user_dde801ca55b6,FILM::Jurnal Risa by Risa Saraswati (2024),1,komentar
user_de948563793b,FILM::Jurnal Risa by Risa Saraswati (2024),1,komentar
user_df2b7443d42d,FILM::Jurnal Risa by Risa Saraswati (2024),2,komentar
user_df48dfcb0239,FILM::Jurnal Risa by Risa Saraswati (2024),1,komentar
user_df4c4eb89bc2,FILM::Jurnal Risa by Risa Saraswati (2024),1,komentar
user_df7102e4ce77,FILM::Jurnal Risa by Risa Saraswati (2024),2,komentar
user_df842444fb4d,FILM::Jurnal Risa by Risa Saraswati (2024),1,komentar
user_e0a6ca00f28f,FILM::Jurnal Risa by Risa Saraswati (2024),1,komentar
user_e0f304a5d466,FILM::Jurnal Risa by Risa Saraswati (2024),2,komentar
user_e18f3551b51d,FILM::Jurnal Risa by Risa Saraswati (2024),1,komentar
user_e191ed85948c,FILM::Jurnal Risa by Risa Saraswati (2024),1,komentar
user_e1ef59dd1e0b,FILM::Jurnal Risa by Risa Saraswati (2024),2,komentar
user_e21dde6ae0e7,FILM::Jurnal Risa by Risa Saraswati (2024),1,komentar
user_e2c9c37454ce,FILM::Jurnal Risa by Risa Saraswati (2024),1,komentar
user_e3c76681c50b,FILM::Jurnal Risa by Risa Saraswati (2024),1,komentar
user_e49dc41e068e,FILM::Jurnal Risa by Risa Saraswati (2024),1,komentar
user_e524cea892f4,FILM::Jurnal Risa by Risa Saraswati (2024),1,komentar
user_e5d01cb2502c,FILM::Jurnal Risa by Risa Saraswati (2024),2,komentar
user_e60f3de0f083,FILM::Jurnal Risa by Risa Saraswati (2024),1,komentar
user_e63d1f5c30ad,FILM::Jurnal Risa by Risa Saraswati (2024),1,komentar
user_e63e0776befe,FILM::Jurnal Risa by Risa Saraswati (2024),1,komentar
user_e63ec03cd72d,FILM::Jurnal Risa by Risa Saraswati (2024),1,komentar
user_e64168914283,FILM::Jurnal Risa by Risa Saraswati (2024),1,komentar
user_e6bf92eaf024,FILM::Jurnal Risa by Risa Saraswati (2024),1,komentar
user_e759f900384d,FILM::Jurnal Risa by Risa Saraswati (2024),1,komentar
user_e78dcc11e2ec,FILM::Jurnal Risa by Risa Saraswati (2024),1,komentar
user_e7da089270cf,FILM::Jurnal Risa by Risa Saraswati (2024),1,komentar
user_e834cb527ee9,FILM::Jurnal Risa by Risa Saraswati (2024),1,komentar
user_e88dc3516043,FILM::Jurnal Risa by Risa Saraswati (2024),1,komentar
user_e89d588aeaf6,FILM::Jurnal Risa by Risa Saraswati (2024),1,komentar
user_e91a54e70142,FILM::Jurnal Risa by Risa Saraswati (2024),1,komentar
user_e92be2d74904,FILM::Jurnal Risa by Risa Saraswati (2024),1,komentar
user_e946d2cd613c,FILM::Jurnal Risa by Risa Saraswati (2024),2,komentar
user_e97b26f74b99,FILM::Jurnal Risa by Risa Saraswati (2024),1,komentar
user_ea244ddcecf4,FILM::Jurnal Risa by Risa Saraswati (2024),1,komentar
user_eba77c0442c0,FILM::Jurnal Risa by Risa Saraswati (2024),1,komentar
user_ebafc122e571,FILM::Jurnal Risa by Risa Saraswati (2024),1,komentar
user_ebbc90798ff0,FILM::Jurnal Risa by Risa Saraswati (2024),1,komentar
user_ec1049f1fa95,FILM::Jurnal Risa by Risa Saraswati (2024),2,komentar
user_ec314c8432f2,FILM::Jurnal Risa by Risa Saraswati (2024),1,komentar
user_ec8bdbd33a92,FILM::Jurnal Risa by Risa Saraswati (2024),1,komentar
user_ed49989a3225,FILM::Jurnal Risa by Risa Saraswati (2024),1,komentar
user_ed85f27630b1,FILM::Jurnal Risa by Risa Saraswati (2024),2,komentar
user_eddb3f9379b4,FILM::Jurnal Risa by Risa Saraswati (2024),2,komentar
user_ede1b79a8fe6,FILM::Jurnal Risa by Risa Saraswati (2024),1,komentar
user_ede2e7125913,FILM::Jurnal Risa by Risa Saraswati (2024),1,komentar
user_ee0e35f2cf3c,FILM::Jurnal Risa by Risa Saraswati (2024),1,komentar
user_eea96b584d7c,FILM::Jurnal Risa by Risa Saraswati (2024),1,komentar
user_ef5adee62534,FILM::Jurnal Risa by Risa Saraswati (2024),1,komentar
user_efa6f59f16bb,FILM::Jurnal Risa by Risa Saraswati (2024),1,komentar
user_efbed3d857f1,FILM::Jurnal Risa by Risa Saraswati (2024),1,komentar
user_f0f27e71b673,FILM::Jurnal Risa by Risa Saraswati (2024),1,komentar
user_f146b46dca44,FILM::Jurnal Risa by Risa Saraswati (2024),1,komentar
user_f1c3b09fcef0,FILM::Jurnal Risa by Risa Saraswati (2024),1,komentar
user_f2155ef1ba96,FILM::Jurnal Risa by Risa Saraswati (2024),1,komentar
user_f2552e0f9bb4,FILM::Jurnal Risa by Risa Saraswati (2024),1,komentar
user_f2969ccfeaf1,FILM::Jurnal Risa by Risa Saraswati (2024),1,komentar
user_f2f4999df448,FILM::Jurnal Risa by Risa Saraswati (2024),1,komentar
user_f3fa0add2bbd,FILM::Jurnal Risa by Risa Saraswati (2024),1,komentar
user_f44eb77b9f2f,FILM::Jurnal Risa by Risa Saraswati (2024),2,komentar
user_f53a34b03004,FILM::Jurnal Risa by Risa Saraswati (2024),1,komentar
user_f5f345019228,FILM::Jurnal Risa by Risa Saraswati (2024),1,komentar
user_f70c002896c3,FILM::Jurnal Risa by Risa Saraswati (2024),1,komentar
user_f721b62168c9,FILM::Jurnal Risa by Risa Saraswati (2024),1,komentar
user_f7eb7d098ca9,FILM::Jurnal Risa by Risa Saraswati (2024),28,komentar
user_f8adbf6dd984,FILM::Jurnal Risa by Risa Saraswati (2024),1,komentar
user_f903445e6ab6,FILM::Jurnal Risa by Risa Saraswati (2024),1,komentar
user_f92c617ac80b,FILM::Jurnal Risa by Risa Saraswati (2024),1,komentar
user_f9f84e6de640,FILM::Jurnal Risa by Risa Saraswati (2024),1,komentar
user_fa0b021a735c,FILM::Jurnal Risa by Risa Saraswati (2024),1,komentar
user_fa743f7f135e,FILM::Jurnal Risa by Risa Saraswati (2024),1,komentar
user_fb48b805187e,FILM::Jurnal Risa by Risa Saraswati (2024),1,komentar
user_fb49a4559d54,FILM::Jurnal Risa by Risa Saraswati (2024),2,komentar
user_fb773f29abf0,FILM::Jurnal Risa by Risa Saraswati (2024),1,komentar
user_fbd11b357727,FILM::Jurnal Risa by Risa Saraswati (2024),1,komentar
user_fcf9de0e1c83,FILM::Jurnal Risa by Risa Saraswati (2024),3,komentar
user_fd72469313ef,FILM::Jurnal Risa by Risa Saraswati (2024),1,komentar
user_fd7ac4a4dc85,FILM::Jurnal Risa by Risa Saraswati (2024),1,komentar
user_fe22dde1a8c3,FILM::Jurnal Risa by Risa Saraswati (2024),1,komentar
user_fe4b6e1fb8f4,FILM::Jurnal Risa by Risa Saraswati (2024),1,komentar
user_ff159a10a7f6,FILM::Jurnal Risa by Risa Saraswati (2024),1,komentar
user_ff2116e17252,FILM::Jurnal Risa by Risa Saraswati (2024),1,komentar
user_005c5637c629,Ivanna (2022),1,komentar
user_00eaff252f29,FILM::Ivanna (2022),1,komentar
user_01cd5a89fdcf,FILM::Ivanna (2022),3,komentar
user_01ce6fa73e63,FILM::Ivanna (2022),1,komentar
user_02a047a78f5a,FILM::Ivanna (2022),1,komentar
user_02b34e11ecef,FILM::Ivanna (2022),1,komentar
user_031d81c56cef,FILM::Ivanna (2022),1,komentar
user_05336fde6f9f,FILM::Ivanna (2022),1,komentar
user_084671f66f71,FILM::Ivanna (2022),1,komentar
user_0b4be782f74f,FILM::Ivanna (2022),1,komentar
user_0bac57a745a0,FILM::Ivanna (2022),1,komentar
user_0bad313ec336,FILM::Ivanna (2022),1,komentar
user_0bb72c272e0e,FILM::Ivanna (2022),1,komentar
user_0c41075760d5,FILM::Ivanna (2022),1,komentar
user_0cd2d29102d1,FILM::Ivanna (2022),1,komentar
user_0cf8b72fce49,FILM::Ivanna (2022),1,komentar
user_0dd24dd5998c,FILM::Ivanna (2022),1,komentar
user_0e57d90972f2,FILM::Ivanna (2022),3,komentar
user_0ea8c1906bfd,FILM::Ivanna (2022),1,komentar
user_0ebd475d5f0c,FILM::Ivanna (2022),1,komentar
user_0ef20345f782,FILM::Ivanna (2022),1,komentar
user_0f5fe9a5b5d7,FILM::Ivanna (2022),1,komentar
user_0fd579878038,FILM::Ivanna (2022),1,komentar
user_0fdcbe0667f6,FILM::Ivanna (2022),1,komentar
user_12eec2835907,FILM::Ivanna (2022),1,komentar
user_145f36dce13b,FILM::Ivanna (2022),1,komentar
user_1512a4afb744,FILM::Ivanna (2022),5,komentar
user_160a7f6e92f3,FILM::Ivanna (2022),1,komentar
user_17a72cd2689f,FILM::Ivanna (2022),1,komentar
user_18309da9c6c2,FILM::Ivanna (2022),1,komentar
user_19258e133526,FILM::Ivanna (2022),1,komentar
user_19db0f493b0a,FILM::Ivanna (2022),1,komentar
user_1a1e11511cc6,FILM::Ivanna (2022),1,komentar
user_1a725d994ad2,FILM::Ivanna (2022),1,komentar
user_1b405e929bbc,FILM::Ivanna (2022),1,komentar
user_1b9f7a06d87e,FILM::Ivanna (2022),1,komentar
user_1bc322f26a69,FILM::Ivanna (2022),1,komentar
user_1bd3851bfa5f,FILM::Ivanna (2022),1,komentar
user_1bed4cd74130,FILM::Ivanna (2022),1,komentar
user_1c9c45acbe90,FILM::Ivanna (2022),1,komentar
user_1eb76aed6c70,FILM::Ivanna (2022),1,komentar
user_1ec69f68dd57,FILM::Ivanna (2022),1,komentar
user_1ed69b5c3d15,FILM::Ivanna (2022),1,komentar
user_1fc0587f6221,FILM::Ivanna (2022),1,komentar
user_20e05c6f3169,FILM::Ivanna (2022),1,komentar
user_21adc7b976ea,FILM::Ivanna (2022),1,komentar
user_21ff3d2bdf5e,FILM::Ivanna (2022),2,komentar
user_266573683447,FILM::Ivanna (2022),1,komentar
user_270d05f6ff62,FILM::Ivanna (2022),1,komentar
user_2847e5ca41aa,FILM::Ivanna (2022),1,komentar
user_28a2d249a9cb,FILM::Ivanna (2022),1,komentar
user_296125d4b9b9,FILM::Ivanna (2022),1,komentar
user_2afb0fed9be9,FILM::Ivanna (2022),1,komentar
user_2b83abb17809,FILM::Ivanna (2022),1,komentar
user_2ba4ff2c2151,FILM::Ivanna (2022),1,komentar
user_2c2731e69960,FILM::Ivanna (2022),1,komentar
user_2d04381d90d1,FILM::Ivanna (2022),1,komentar
user_2ef0b4416c6e,FILM::Ivanna (2022),1,komentar
user_2f7b5b3c37c8,FILM::Ivanna (2022),1,komentar
user_2fd37c0558e9,FILM::Ivanna (2022),1,komentar
user_33399c7cfb0d,FILM::Ivanna (2022),1,komentar
user_334e355df96a,FILM::Ivanna (2022),1,komentar
user_3534517d3c66,FILM::Ivanna (2022),2,komentar
user_35dfbf6028a2,FILM::Ivanna (2022),1,komentar
user_367aa95b6f59,FILM::Ivanna (2022),3,komentar
user_395d91544340,FILM::Ivanna (2022),1,komentar
user_3a0c2e8a1c96,FILM::Ivanna (2022),1,komentar
user_3bf0c7934390,FILM::Ivanna (2022),1,komentar
user_3c022d406388,FILM::Ivanna (2022),1,komentar
user_3cc30634196f,FILM::Ivanna (2022),1,komentar
user_3d320d04b6bf,FILM::Ivanna (2022),1,komentar
user_3dbb0a1f82da,FILM::Ivanna (2022),1,komentar
user_3e13f2947a4c,FILM::Ivanna (2022),1,komentar
user_3ffa837555e5,FILM::Ivanna (2022),1,komentar
user_4183f8dff7d4,FILM::Ivanna (2022),1,komentar
user_41f50f68c43e,FILM::Ivanna (2022),1,komentar
user_4256ceb730da,FILM::Ivanna (2022),1,komentar
user_43849f2a63f9,FILM::Ivanna (2022),1,komentar
user_43b31201f523,FILM::Ivanna (2022),1,komentar
user_45b1b06427a6,FILM::Ivanna (2022),1,komentar
user_45d643c64bb5,FILM::Ivanna (2022),5,komentar
user_46a9c71e45d6,FILM::Ivanna (2022),1,komentar
user_46af5803e23c,FILM::Ivanna (2022),1,komentar
user_47280aad7155,FILM::Ivanna (2022),1,komentar
user_47fa277997d9,FILM::Ivanna (2022),1,komentar
user_480c2fec7963,FILM::Ivanna (2022),1,komentar
user_48373fe51514,FILM::Ivanna (2022),3,komentar
user_4a172076424d,FILM::Ivanna (2022),1,komentar
user_4bf5f9233c66,FILM::Ivanna (2022),1,komentar
user_4dc8c1cba849,FILM::Ivanna (2022),1,komentar
user_4e49b8966492,FILM::Ivanna (2022),1,komentar
user_4e81df262b8e,FILM::Ivanna (2022),1,komentar
user_4ebae4fdaec0,FILM::Ivanna (2022),1,komentar
user_502373523265,FILM::Ivanna (2022),1,komentar
user_50b350b59cff,FILM::Ivanna (2022),1,komentar
user_514a404ee7bc,FILM::Ivanna (2022),1,komentar
user_51fd6e0a93ce,FILM::Ivanna (2022),1,komentar
user_5211baf9a9b5,FILM::Ivanna (2022),2,komentar
user_524e3de6c8cb,FILM::Ivanna (2022),1,komentar
user_529f133b0be5,FILM::Ivanna (2022),1,komentar
user_52c7cf99cad3,FILM::Ivanna (2022),26,komentar
user_53208290d7d1,FILM::Ivanna (2022),1,komentar
user_5356d4abdfbe,FILM::Ivanna (2022),1,komentar
user_53758d741ccf,FILM::Ivanna (2022),1,komentar
user_54b8426ac93b,FILM::Ivanna (2022),1,komentar
user_55466b42f07e,FILM::Ivanna (2022),1,komentar
user_5865d6cee82b,FILM::Ivanna (2022),1,komentar
user_5bf3d28e188d,FILM::Ivanna (2022),1,komentar
user_5d6dbca822e5,FILM::Ivanna (2022),1,komentar
user_5f250d2248fe,FILM::Ivanna (2022),1,komentar
user_5f255453c77d,FILM::Ivanna (2022),1,komentar
user_5f7b1b67e85c,FILM::Ivanna (2022),1,komentar
user_5f8e2e222098,FILM::Ivanna (2022),1,komentar
user_60887da26a0f,FILM::Ivanna (2022),1,komentar
user_61104474e1e0,FILM::Ivanna (2022),1,komentar
user_622097d9901c,FILM::Ivanna (2022),1,komentar
user_63642c0030e3,FILM::Ivanna (2022),1,komentar
user_63c300a0c87f,FILM::Ivanna (2022),1,komentar
user_6421c2b98c45,FILM::Ivanna (2022),1,komentar
user_645c97426fa8,FILM::Ivanna (2022),1,komentar
user_65bdafe66b1e,FILM::Ivanna (2022),1,komentar
user_666511724e57,FILM::Ivanna (2022),1,komentar
user_68457d48fb95,FILM::Ivanna (2022),1,komentar
user_68ee1583a6aa,FILM::Ivanna (2022),1,komentar
user_6cfda1527b4e,FILM::Ivanna (2022),1,komentar
user_6e66ddf78c7e,FILM::Ivanna (2022),1,komentar
user_6e86dc9e3c99,FILM::Ivanna (2022),1,komentar
user_724b0c2f206f,FILM::Ivanna (2022),1,komentar
user_72b9afaaf162,FILM::Ivanna (2022),1,komentar
user_737a49dce8e9,FILM::Ivanna (2022),1,komentar
user_74ddb73e5adf,FILM::Ivanna (2022),1,komentar
user_7506fb9f725a,FILM::Ivanna (2022),1,komentar
user_75a550503db1,FILM::Ivanna (2022),1,komentar
user_75d22dff6395,FILM::Ivanna (2022),1,komentar
user_761fae8cbdad,FILM::Ivanna (2022),1,komentar
user_764e8ed83e0f,FILM::Ivanna (2022),1,komentar
user_76b24f6a0cb0,FILM::Ivanna (2022),1,komentar
user_76dd6d574c45,FILM::Ivanna (2022),1,komentar
user_77470a64e623,FILM::Ivanna (2022),1,komentar
user_77f6282b49c1,FILM::Ivanna (2022),1,komentar
user_7ada817f3ba0,FILM::Ivanna (2022),1,komentar
user_7af37f5b6f35,FILM::Ivanna (2022),1,komentar
user_7b63c85a8e47,FILM::Ivanna (2022),1,komentar
user_7cb1a4b12154,FILM::Ivanna (2022),1,komentar
user_7db72c650b8d,FILM::Ivanna (2022),1,komentar
user_7efb55c01d2c,FILM::Ivanna (2022),1,komentar
user_7f2800e7810f,FILM::Ivanna (2022),1,komentar
user_802c4ab8e43b,FILM::Ivanna (2022),1,komentar
user_8136dd7f2de9,FILM::Ivanna (2022),11,komentar
user_82273cfc73b0,FILM::Ivanna (2022),1,komentar
user_842e018dcb1e,FILM::Ivanna (2022),2,komentar
user_84b8b839929e,FILM::Ivanna (2022),2,komentar
user_8502c8bfe951,FILM::Ivanna (2022),1,komentar
user_850a58e918fd,FILM::Ivanna (2022),1,komentar
user_858d8914829e,FILM::Ivanna (2022),1,komentar
user_861e26889ea3,FILM::Ivanna (2022),1,komentar
user_87aabe5d65a8,FILM::Ivanna (2022),1,komentar
user_880ed1c5c22a,FILM::Ivanna (2022),1,komentar
user_885f740eac78,FILM::Ivanna (2022),2,komentar
user_8882153e7de2,FILM::Ivanna (2022),2,komentar
user_8b750aeeb172,FILM::Ivanna (2022),1,komentar
user_8d12b9bb583d,FILM::Ivanna (2022),1,komentar
user_8d231de429cc,FILM::Ivanna (2022),1,komentar
user_8d8eea1baa7a,FILM::Ivanna (2022),1,komentar
user_8f1fa8aaea94,FILM::Ivanna (2022),1,komentar
user_8fecaa00ec5f,FILM::Ivanna (2022),1,komentar
user_9115bbffaaa9,FILM::Ivanna (2022),3,komentar
user_94cf7b67516a,FILM::Ivanna (2022),1,komentar
user_95022f91655d,FILM::Ivanna (2022),1,komentar
user_963626a1842b,FILM::Ivanna (2022),1,komentar
user_966f53d9b059,FILM::Ivanna (2022),1,komentar
user_97743d3da562,FILM::Ivanna (2022),1,komentar
user_997920e9b8f5,FILM::Ivanna (2022),1,komentar
user_9b7c50d69ff1,FILM::Ivanna (2022),1,komentar
user_9cd62a3458bd,FILM::Ivanna (2022),1,komentar
user_9ef4d6b489b6,FILM::Ivanna (2022),1,komentar
user_9f3c7e1e46f3,FILM::Ivanna (2022),1,komentar
user_9f7c7be3979c,FILM::Ivanna (2022),1,komentar
user_9f9ea844853a,FILM::Ivanna (2022),1,komentar
user_a07a10d7dedf,FILM::Ivanna (2022),1,komentar
user_a30ffbfeef7a,FILM::Ivanna (2022),1,komentar
user_a3799712d91e,FILM::Ivanna (2022),3,komentar
user_a3a2e8183b36,FILM::Ivanna (2022),1,komentar
user_a4dbeec10405,FILM::Ivanna (2022),1,komentar
user_a5bd2291703d,FILM::Ivanna (2022),1,komentar
user_a67178275d6d,FILM::Ivanna (2022),1,komentar
user_aabec47528d3,FILM::Ivanna (2022),1,komentar
user_ab03e22a92e3,FILM::Ivanna (2022),1,komentar
user_ac29e79805b2,FILM::Ivanna (2022),1,komentar
user_ace68a565c5c,FILM::Ivanna (2022),2,komentar
user_ad0067f03cfe,FILM::Ivanna (2022),1,komentar
user_afcff0660963,FILM::Ivanna (2022),3,komentar
user_afe4bd2a5911,FILM::Ivanna (2022),4,komentar
user_b1c758de31d6,FILM::Ivanna (2022),1,komentar
user_b3a8dd691660,FILM::Ivanna (2022),1,komentar
user_b4c398497abb,FILM::Ivanna (2022),1,komentar
user_b5082c0e513e,FILM::Ivanna (2022),1,komentar
user_b5fe2f756e2a,FILM::Ivanna (2022),1,komentar
user_b69762d22007,FILM::Ivanna (2022),1,komentar
user_b80c4bcb4e94,FILM::Ivanna (2022),1,komentar
user_b934f3aead95,FILM::Ivanna (2022),1,komentar
user_bd28f3c0be97,FILM::Ivanna (2022),1,komentar
user_bd645d745c19,FILM::Ivanna (2022),1,komentar
user_bdb773ed6d1e,FILM::Ivanna (2022),1,komentar
user_c07b226910a2,FILM::Ivanna (2022),1,komentar
user_c0fecb3ebaa4,FILM::Ivanna (2022),1,komentar
user_c1731ff7a319,FILM::Ivanna (2022),1,komentar
user_c3351b76b8a5,FILM::Ivanna (2022),2,komentar
user_c392aa9875f3,FILM::Ivanna (2022),1,komentar
user_c520d367b2e2,FILM::Ivanna (2022),1,komentar
user_c69dd38a86c7,FILM::Ivanna (2022),1,komentar
user_c6da321e0b01,FILM::Ivanna (2022),1,komentar
user_c71f605e2ef2,FILM::Ivanna (2022),1,komentar
user_ca1339b0524c,FILM::Ivanna (2022),4,komentar
user_ca528b1a79e5,FILM::Ivanna (2022),1,komentar
user_cbb2b73f6d8a,FILM::Ivanna (2022),1,komentar
user_cc011e2e440c,FILM::Ivanna (2022),1,komentar
user_cc896bb4e46a,FILM::Ivanna (2022),1,komentar
user_ccc09d9a7909,FILM::Ivanna (2022),1,komentar
user_cd20fa011b55,FILM::Ivanna (2022),1,komentar
user_cd65dda1b1cd,FILM::Ivanna (2022),3,komentar
user_cd8f04b2be0b,FILM::Ivanna (2022),2,komentar
user_ce0817d6da0f,FILM::Ivanna (2022),2,komentar
user_ce73a523b695,FILM::Ivanna (2022),1,komentar
user_cfd65d69b9ca,FILM::Ivanna (2022),1,komentar
user_d0d8e046a8cb,FILM::Ivanna (2022),1,komentar
user_d0fd70b4093a,FILM::Ivanna (2022),1,komentar
user_d184927d566f,FILM::Ivanna (2022),2,komentar
user_d2248f82c677,FILM::Ivanna (2022),1,komentar
user_d2aadc71e33d,FILM::Ivanna (2022),1,komentar
user_d2ae7f35a1b6,FILM::Ivanna (2022),1,komentar
user_d377f8547177,FILM::Ivanna (2022),1,komentar
user_d5da3c2b5652,FILM::Ivanna (2022),1,komentar
user_d65e7c3fd30e,FILM::Ivanna (2022),1,komentar
user_d6d4448cc881,FILM::Ivanna (2022),1,komentar
user_d7aa8adeb0ac,FILM::Ivanna (2022),1,komentar
user_d7d74120260a,FILM::Ivanna (2022),1,komentar
user_d7dfdd1beffc,FILM::Ivanna (2022),2,komentar
user_d9f43dd5672b,FILM::Ivanna (2022),1,komentar
user_db6cedd2b293,FILM::Ivanna (2022),1,komentar
user_dc2485e4a315,FILM::Ivanna (2022),1,komentar
user_dcac19297ba3,FILM::Ivanna (2022),1,komentar
user_de69705b7e3d,FILM::Ivanna (2022),1,komentar
user_e001189a3089,FILM::Ivanna (2022),1,komentar
user_e09ae6fbbdf4,FILM::Ivanna (2022),1,komentar
user_e0b7190340da,FILM::Ivanna (2022),1,komentar
user_e1687e22a4d7,FILM::Ivanna (2022),1,komentar
user_e244ca86c7df,FILM::Ivanna (2022),1,komentar
user_e27ada20974a,FILM::Ivanna (2022),1,komentar
user_e40ea678c7ff,FILM::Ivanna (2022),1,komentar
user_e41720f78773,FILM::Ivanna (2022),1,komentar
user_e5e2ca183860,FILM::Ivanna (2022),1,komentar
user_e621311eebc3,FILM::Ivanna (2022),1,komentar
user_e77401a7cfc7,FILM::Ivanna (2022),2,komentar
user_e8490c57edba,FILM::Ivanna (2022),1,komentar
user_e8fcb17a11ee,FILM::Ivanna (2022),1,komentar
user_e9ec292c1e8e,FILM::Ivanna (2022),2,komentar
user_ea096129e838,FILM::Ivanna (2022),1,komentar
user_ec0c29312a73,FILM::Ivanna (2022),1,komentar
user_edb0a81c1fa5,FILM::Ivanna (2022),1,komentar
user_ef21a2e6161a,FILM::Ivanna (2022),1,komentar
user_ef3481f28a09,FILM::Ivanna (2022),1,komentar
user_f007fd8e26d5,FILM::Ivanna (2022),1,komentar
user_f09ffc012619,FILM::Ivanna (2022),1,komentar
user_f0d246a5b3b2,FILM::Ivanna (2022),1,komentar
user_f4ecacf46efe,FILM::Ivanna (2022),3,komentar
user_f4f8b24593f2,FILM::Ivanna (2022),1,komentar
user_f5000963c3a7,FILM::Ivanna (2022),1,komentar
user_f624d05f1770,FILM::Ivanna (2022),1,komentar
user_f6312af90558,FILM::Ivanna (2022),1,komentar
user_f71267cbfcbd,FILM::Ivanna (2022),1,komentar
user_f8d34be37090,FILM::Ivanna (2022),1,komentar
user_f9af47ea136e,FILM::Ivanna (2022),1,komentar
user_fa656f7aceb2,FILM::Ivanna (2022),1,komentar
user_fa6f798a9abd,FILM::Ivanna (2022),1,komentar
user_fa7f96025493,FILM::Ivanna (2022),10,komentar
user_fb9fcc93294b,FILM::Ivanna (2022),1,komentar
user_fcab7cb997b8,FILM::Ivanna (2022),1,komentar
user_fece0604ca6e,FILM::Ivanna (2022),1,komentar
user_ff427c0e73c6,FILM::Ivanna (2022),2,komentar
user_008999d7b73d,Official Trailer IVANNA (2022) - MD Pictures,1,komentar
user_00a19cd83a9e,FILM::Official Trailer IVANNA (2022) - MD Pictures,1,komentar
user_00da7b84e895,FILM::Official Trailer IVANNA (2022) - MD Pictures,1,komentar
user_01757d0982db,FILM::Official Trailer IVANNA (2022) - MD Pictures,1,komentar
user_01a1e28f0b04,FILM::Official Trailer IVANNA (2022) - MD Pictures,1,komentar
user_01d1afb0404b,FILM::Official Trailer IVANNA (2022) - MD Pictures,1,komentar
user_04a0a195ad18,FILM::Official Trailer IVANNA (2022) - MD Pictures,1,komentar
user_05826126b5a9,FILM::Official Trailer IVANNA (2022) - MD Pictures,1,komentar
user_06718c4cc553,FILM::Official Trailer IVANNA (2022) - MD Pictures,1,komentar
user_06d6c3d4829e,FILM::Official Trailer IVANNA (2022) - MD Pictures,1,komentar
user_06e1ef226462,FILM::Official Trailer IVANNA (2022) - MD Pictures,1,komentar
user_06eca014f659,FILM::Official Trailer IVANNA (2022) - MD Pictures,1,komentar
user_07214d624168,FILM::Official Trailer IVANNA (2022) - MD Pictures,1,komentar
user_0787759cca37,FILM::Official Trailer IVANNA (2022) - MD Pictures,1,komentar
user_08b736a11ac4,FILM::Official Trailer IVANNA (2022) - MD Pictures,2,komentar
user_08e9e8781c64,FILM::Official Trailer IVANNA (2022) - MD Pictures,1,komentar
user_0a4e0a833a7c,FILM::Official Trailer IVANNA (2022) - MD Pictures,3,komentar
user_0ab9a315ea31,FILM::Official Trailer IVANNA (2022) - MD Pictures,1,komentar
user_0bad313ec336,FILM::Official Trailer IVANNA (2022) - MD Pictures,1,komentar
user_0cc4d38a5849,FILM::Official Trailer IVANNA (2022) - MD Pictures,2,komentar
user_0db67badc37f,FILM::Official Trailer IVANNA (2022) - MD Pictures,1,komentar
user_0dee99afd27b,FILM::Official Trailer IVANNA (2022) - MD Pictures,1,komentar
user_0e5385d5213b,FILM::Official Trailer IVANNA (2022) - MD Pictures,1,komentar
user_0efe18bc1513,FILM::Official Trailer IVANNA (2022) - MD Pictures,1,komentar
user_0f853151082c,FILM::Official Trailer IVANNA (2022) - MD Pictures,1,komentar
user_10720b29d834,FILM::Official Trailer IVANNA (2022) - MD Pictures,1,komentar
user_11aa146beff8,FILM::Official Trailer IVANNA (2022) - MD Pictures,1,komentar
user_12c4e411d9bf,FILM::Official Trailer IVANNA (2022) - MD Pictures,1,komentar
user_12d14889a259,FILM::Official Trailer IVANNA (2022) - MD Pictures,1,komentar
user_1346439b75f4,FILM::Official Trailer IVANNA (2022) - MD Pictures,1,komentar
user_137851dbf6f8,FILM::Official Trailer IVANNA (2022) - MD Pictures,2,komentar
user_13f6ba0001fd,FILM::Official Trailer IVANNA (2022) - MD Pictures,1,komentar
user_144cd09abf27,FILM::Official Trailer IVANNA (2022) - MD Pictures,1,komentar
user_15036acfbaac,FILM::Official Trailer IVANNA (2022) - MD Pictures,1,komentar
user_1512a4afb744,FILM::Official Trailer IVANNA (2022) - MD Pictures,2,komentar
user_156ef42fddae,FILM::Official Trailer IVANNA (2022) - MD Pictures,1,komentar
user_157eacb3bd04,FILM::Official Trailer IVANNA (2022) - MD Pictures,1,komentar
user_16d3cc22ead6,FILM::Official Trailer IVANNA (2022) - MD Pictures,1,komentar
user_170cba4a7e40,FILM::Official Trailer IVANNA (2022) - MD Pictures,2,komentar
user_1881db42c156,FILM::Official Trailer IVANNA (2022) - MD Pictures,1,komentar
user_1942a9c93161,FILM::Official Trailer IVANNA (2022) - MD Pictures,1,komentar
user_1a69287aa483,FILM::Official Trailer IVANNA (2022) - MD Pictures,1,komentar
user_1b386679342b,FILM::Official Trailer IVANNA (2022) - MD Pictures,1,komentar
user_1bc5fa781572,FILM::Official Trailer IVANNA (2022) - MD Pictures,1,komentar
user_1bc979a2fa3a,FILM::Official Trailer IVANNA (2022) - MD Pictures,1,komentar
user_1bd6e7023587,FILM::Official Trailer IVANNA (2022) - MD Pictures,1,komentar
user_1d02adc65575,FILM::Official Trailer IVANNA (2022) - MD Pictures,1,komentar
user_1e1178c093a7,FILM::Official Trailer IVANNA (2022) - MD Pictures,1,komentar
user_1f09e14bef88,FILM::Official Trailer IVANNA (2022) - MD Pictures,1,komentar
user_1f0e2381d053,FILM::Official Trailer IVANNA (2022) - MD Pictures,1,komentar
user_1f2d97dce33a,FILM::Official Trailer IVANNA (2022) - MD Pictures,1,komentar
user_2025940c6972,FILM::Official Trailer IVANNA (2022) - MD Pictures,1,komentar
user_210d7c9c734a,FILM::Official Trailer IVANNA (2022) - MD Pictures,1,komentar
user_2121ae85e958,FILM::Official Trailer IVANNA (2022) - MD Pictures,1,komentar
user_214b351c8fe1,FILM::Official Trailer IVANNA (2022) - MD Pictures,1,komentar
user_21a0bd1e9d2b,FILM::Official Trailer IVANNA (2022) - MD Pictures,1,komentar
user_21cfcbadc2dd,FILM::Official Trailer IVANNA (2022) - MD Pictures,1,komentar
user_21dbb53bd8c7,FILM::Official Trailer IVANNA (2022) - MD Pictures,1,komentar
user_220b90b3d169,FILM::Official Trailer IVANNA (2022) - MD Pictures,1,komentar
user_22a299f2a601,FILM::Official Trailer IVANNA (2022) - MD Pictures,1,komentar
user_238f41270e71,FILM::Official Trailer IVANNA (2022) - MD Pictures,1,komentar
user_23d5057a8be6,FILM::Official Trailer IVANNA (2022) - MD Pictures,1,komentar
user_24524bf6784e,FILM::Official Trailer IVANNA (2022) - MD Pictures,1,komentar
user_257cc52d1ca8,FILM::Official Trailer IVANNA (2022) - MD Pictures,1,komentar
user_25ee0f20c570,FILM::Official Trailer IVANNA (2022) - MD Pictures,1,komentar
user_26249c2e496b,FILM::Official Trailer IVANNA (2022) - MD Pictures,1,komentar
user_27a653acbd3a,FILM::Official Trailer IVANNA (2022) - MD Pictures,1,komentar
user_298dd858893a,FILM::Official Trailer IVANNA (2022) - MD Pictures,1,komentar
user_2aca54cbac46,FILM::Official Trailer IVANNA (2022) - MD Pictures,1,komentar
user_2b4c18b9b2b7,FILM::Official Trailer IVANNA (2022) - MD Pictures,1,komentar
user_2c33bceea7b5,FILM::Official Trailer IVANNA (2022) - MD Pictures,1,komentar
user_2c8a5b563a10,FILM::Official Trailer IVANNA (2022) - MD Pictures,1,komentar
user_2d8f120d12f9,FILM::Official Trailer IVANNA (2022) - MD Pictures,1,komentar
user_2f5c6b5ea324,FILM::Official Trailer IVANNA (2022) - MD Pictures,1,komentar
user_2fcfb61cf29d,FILM::Official Trailer IVANNA (2022) - MD Pictures,1,komentar
user_301e8b247db5,FILM::Official Trailer IVANNA (2022) - MD Pictures,1,komentar
user_303f247651d6,FILM::Official Trailer IVANNA (2022) - MD Pictures,1,komentar
user_30a3f8fd50ea,FILM::Official Trailer IVANNA (2022) - MD Pictures,1,komentar
user_31224cbd6b8b,FILM::Official Trailer IVANNA (2022) - MD Pictures,1,komentar
user_315be2f03974,FILM::Official Trailer IVANNA (2022) - MD Pictures,1,komentar
user_317e70e198ee,FILM::Official Trailer IVANNA (2022) - MD Pictures,1,komentar
user_31e2eb643ebc,FILM::Official Trailer IVANNA (2022) - MD Pictures,1,komentar
user_3273235c76e5,FILM::Official Trailer IVANNA (2022) - MD Pictures,1,komentar
user_3364dc3199d3,FILM::Official Trailer IVANNA (2022) - MD Pictures,1,komentar
user_34341597c523,FILM::Official Trailer IVANNA (2022) - MD Pictures,1,komentar
user_3476cecad98d,FILM::Official Trailer IVANNA (2022) - MD Pictures,1,komentar
user_34e1172c7fc7,FILM::Official Trailer IVANNA (2022) - MD Pictures,1,komentar
user_354ec9b7231e,FILM::Official Trailer IVANNA (2022) - MD Pictures,1,komentar
user_35720357d023,FILM::Official Trailer IVANNA (2022) - MD Pictures,1,komentar
user_358b997d749d,FILM::Official Trailer IVANNA (2022) - MD Pictures,1,komentar
user_38f0b4cf61bf,FILM::Official Trailer IVANNA (2022) - MD Pictures,1,komentar
user_3a288f5a7e3f,FILM::Official Trailer IVANNA (2022) - MD Pictures,1,komentar
user_3ade30c95b4d,FILM::Official Trailer IVANNA (2022) - MD Pictures,1,komentar
user_3c0181ac8ddf,FILM::Official Trailer IVANNA (2022) - MD Pictures,1,komentar
user_3c6504001698,FILM::Official Trailer IVANNA (2022) - MD Pictures,1,komentar
user_3cd2b5b4bc3b,FILM::Official Trailer IVANNA (2022) - MD Pictures,1,komentar
user_3eaac571501b,FILM::Official Trailer IVANNA (2022) - MD Pictures,1,komentar
user_3f0e60f65840,FILM::Official Trailer IVANNA (2022) - MD Pictures,1,komentar
user_407073280c86,FILM::Official Trailer IVANNA (2022) - MD Pictures,1,komentar
user_40e708e2f8dd,FILM::Official Trailer IVANNA (2022) - MD Pictures,1,komentar
user_40f354d129bf,FILM::Official Trailer IVANNA (2022) - MD Pictures,1,komentar
user_4293508a4cc0,FILM::Official Trailer IVANNA (2022) - MD Pictures,1,komentar
user_42ed71369996,FILM::Official Trailer IVANNA (2022) - MD Pictures,1,komentar
user_42fcd30f1134,FILM::Official Trailer IVANNA (2022) - MD Pictures,1,komentar
user_43702d7a41ae,FILM::Official Trailer IVANNA (2022) - MD Pictures,1,komentar
user_43d0931a47df,FILM::Official Trailer IVANNA (2022) - MD Pictures,1,komentar
user_44377427a4f8,FILM::Official Trailer IVANNA (2022) - MD Pictures,1,komentar
user_44519866b6cb,FILM::Official Trailer IVANNA (2022) - MD Pictures,1,komentar
user_450994c3e28d,FILM::Official Trailer IVANNA (2022) - MD Pictures,1,komentar
user_460f6b745c87,FILM::Official Trailer IVANNA (2022) - MD Pictures,1,komentar
user_46af5803e23c,FILM::Official Trailer IVANNA (2022) - MD Pictures,2,komentar
user_470e515ff167,FILM::Official Trailer IVANNA (2022) - MD Pictures,1,komentar
user_47e906f1ffc6,FILM::Official Trailer IVANNA (2022) - MD Pictures,1,komentar
user_480f5add592c,FILM::Official Trailer IVANNA (2022) - MD Pictures,1,komentar
user_481d7595718f,FILM::Official Trailer IVANNA (2022) - MD Pictures,1,komentar
user_48ecd4423e3b,FILM::Official Trailer IVANNA (2022) - MD Pictures,1,komentar
user_499c1cdedab3,FILM::Official Trailer IVANNA (2022) - MD Pictures,1,komentar
user_49bdc0a829bd,FILM::Official Trailer IVANNA (2022) - MD Pictures,2,komentar
user_49c9b4097ffb,FILM::Official Trailer IVANNA (2022) - MD Pictures,1,komentar
user_49fbc3855332,FILM::Official Trailer IVANNA (2022) - MD Pictures,1,komentar
user_4a4596765b26,FILM::Official Trailer IVANNA (2022) - MD Pictures,1,komentar
user_4a531c4d927c,FILM::Official Trailer IVANNA (2022) - MD Pictures,1,komentar
user_4a6ade5905ba,FILM::Official Trailer IVANNA (2022) - MD Pictures,1,komentar
user_4afd87768b7f,FILM::Official Trailer IVANNA (2022) - MD Pictures,2,komentar
user_4b351dfdb8b6,FILM::Official Trailer IVANNA (2022) - MD Pictures,1,komentar
user_4bff9b2d79bb,FILM::Official Trailer IVANNA (2022) - MD Pictures,1,komentar
user_4ec578c01886,FILM::Official Trailer IVANNA (2022) - MD Pictures,1,komentar
user_4f078b924c10,FILM::Official Trailer IVANNA (2022) - MD Pictures,1,komentar
user_4fb74a2d73cc,FILM::Official Trailer IVANNA (2022) - MD Pictures,1,komentar
user_50102211a3e0,FILM::Official Trailer IVANNA (2022) - MD Pictures,1,komentar
user_50cfc0ed1cdc,FILM::Official Trailer IVANNA (2022) - MD Pictures,1,komentar
user_51afde9946c7,FILM::Official Trailer IVANNA (2022) - MD Pictures,1,komentar
user_51dfe935acf7,FILM::Official Trailer IVANNA (2022) - MD Pictures,1,komentar
user_522315e2fc94,FILM::Official Trailer IVANNA (2022) - MD Pictures,1,komentar
user_524e3de6c8cb,FILM::Official Trailer IVANNA (2022) - MD Pictures,1,komentar
user_526f7c7e339a,FILM::Official Trailer IVANNA (2022) - MD Pictures,1,komentar
user_5296238772bd,FILM::Official Trailer IVANNA (2022) - MD Pictures,1,komentar
user_52ac21215db6,FILM::Official Trailer IVANNA (2022) - MD Pictures,1,komentar
user_52af4400cc73,FILM::Official Trailer IVANNA (2022) - MD Pictures,1,komentar
user_52bb2c02d42c,FILM::Official Trailer IVANNA (2022) - MD Pictures,1,komentar
user_5356d4abdfbe,FILM::Official Trailer IVANNA (2022) - MD Pictures,1,komentar
user_53afb9a6dd22,FILM::Official Trailer IVANNA (2022) - MD Pictures,1,komentar
user_53f3772d5e1b,FILM::Official Trailer IVANNA (2022) - MD Pictures,1,komentar
user_54084aa211a6,FILM::Official Trailer IVANNA (2022) - MD Pictures,1,komentar
user_542747d75ee0,FILM::Official Trailer IVANNA (2022) - MD Pictures,2,komentar
user_5500ac345481,FILM::Official Trailer IVANNA (2022) - MD Pictures,1,komentar
user_567e0b2e1bb1,FILM::Official Trailer IVANNA (2022) - MD Pictures,1,komentar
user_56f21b46bf71,FILM::Official Trailer IVANNA (2022) - MD Pictures,3,komentar
user_58150f8ffa90,FILM::Official Trailer IVANNA (2022) - MD Pictures,1,komentar
user_589a6b6e4335,FILM::Official Trailer IVANNA (2022) - MD Pictures,1,komentar
user_58bb876cd8ff,FILM::Official Trailer IVANNA (2022) - MD Pictures,1,komentar
user_592a5ed63f6d,FILM::Official Trailer IVANNA (2022) - MD Pictures,1,komentar
user_5965582817ee,FILM::Official Trailer IVANNA (2022) - MD Pictures,1,komentar
user_59e5a5bd1f28,FILM::Official Trailer IVANNA (2022) - MD Pictures,1,komentar
user_5b4b6b9c0c6c,FILM::Official Trailer IVANNA (2022) - MD Pictures,1,komentar
user_5c255cdd18fa,FILM::Official Trailer IVANNA (2022) - MD Pictures,1,komentar
user_5c32359eb44c,FILM::Official Trailer IVANNA (2022) - MD Pictures,1,komentar
user_5d64088970d1,FILM::Official Trailer IVANNA (2022) - MD Pictures,1,komentar
user_5d6e896a672d,FILM::Official Trailer IVANNA (2022) - MD Pictures,1,komentar
user_5d76bd6937a5,FILM::Official Trailer IVANNA (2022) - MD Pictures,1,komentar
user_5d9c59ee8fdc,FILM::Official Trailer IVANNA (2022) - MD Pictures,1,komentar
user_5dc51c588222,FILM::Official Trailer IVANNA (2022) - MD Pictures,1,komentar
user_5fa42f83be7b,FILM::Official Trailer IVANNA (2022) - MD Pictures,1,komentar
user_604ee52aa894,FILM::Official Trailer IVANNA (2022) - MD Pictures,1,komentar
user_608d2ac2baae,FILM::Official Trailer IVANNA (2022) - MD Pictures,1,komentar
user_60a138e164bf,FILM::Official Trailer IVANNA (2022) - MD Pictures,1,komentar
user_60f3d24213fa,FILM::Official Trailer IVANNA (2022) - MD Pictures,1,komentar
user_6138efaa569c,FILM::Official Trailer IVANNA (2022) - MD Pictures,1,komentar
user_61503b927b76,FILM::Official Trailer IVANNA (2022) - MD Pictures,1,komentar
user_615c77cad043,FILM::Official Trailer IVANNA (2022) - MD Pictures,1,komentar
user_61695ea1b3ec,FILM::Official Trailer IVANNA (2022) - MD Pictures,1,komentar
user_61d40c71b9e0,FILM::Official Trailer IVANNA (2022) - MD Pictures,1,komentar
user_63e598fc1050,FILM::Official Trailer IVANNA (2022) - MD Pictures,1,komentar
user_63f2413b83d5,FILM::Official Trailer IVANNA (2022) - MD Pictures,1,komentar
user_64206f98d061,FILM::Official Trailer IVANNA (2022) - MD Pictures,1,komentar
user_642527e5a00c,FILM::Official Trailer IVANNA (2022) - MD Pictures,1,komentar
user_644be2bf1586,FILM::Official Trailer IVANNA (2022) - MD Pictures,3,komentar
user_645d5130dbec,FILM::Official Trailer IVANNA (2022) - MD Pictures,1,komentar
user_6486f7da10db,FILM::Official Trailer IVANNA (2022) - MD Pictures,1,komentar
user_64b11a8c8175,FILM::Official Trailer IVANNA (2022) - MD Pictures,1,komentar
user_651d8882b22f,FILM::Official Trailer IVANNA (2022) - MD Pictures,1,komentar
user_6551f7d931f0,FILM::Official Trailer IVANNA (2022) - MD Pictures,1,komentar
user_6639b4561f4c,FILM::Official Trailer IVANNA (2022) - MD Pictures,1,komentar
user_66ae38b15c43,FILM::Official Trailer IVANNA (2022) - MD Pictures,1,komentar
user_66b2fb43f819,FILM::Official Trailer IVANNA (2022) - MD Pictures,1,komentar
user_673d0b940de9,FILM::Official Trailer IVANNA (2022) - MD Pictures,1,komentar
user_67502725008d,FILM::Official Trailer IVANNA (2022) - MD Pictures,1,komentar
user_6863fe57e59b,FILM::Official Trailer IVANNA (2022) - MD Pictures,1,komentar
user_68979584e0b4,FILM::Official Trailer IVANNA (2022) - MD Pictures,1,komentar
user_68eec4435a40,FILM::Official Trailer IVANNA (2022) - MD Pictures,1,komentar
user_69a854a1669c,FILM::Official Trailer IVANNA (2022) - MD Pictures,1,komentar
user_6ad8884b3fc0,FILM::Official Trailer IVANNA (2022) - MD Pictures,1,komentar
user_6badf3d16ed9,FILM::Official Trailer IVANNA (2022) - MD Pictures,1,komentar
user_6bb9fbc638f3,FILM::Official Trailer IVANNA (2022) - MD Pictures,1,komentar
user_6ca98a057c07,FILM::Official Trailer IVANNA (2022) - MD Pictures,1,komentar
user_6da9085d0886,FILM::Official Trailer IVANNA (2022) - MD Pictures,1,komentar
user_6e697a3738d2,FILM::Official Trailer IVANNA (2022) - MD Pictures,1,komentar
user_6ea9cab5c934,FILM::Official Trailer IVANNA (2022) - MD Pictures,1,komentar
user_6eaa4994ab58,FILM::Official Trailer IVANNA (2022) - MD Pictures,1,komentar
user_6ec4ff7fabb9,FILM::Official Trailer IVANNA (2022) - MD Pictures,1,komentar
user_6efa732224a4,FILM::Official Trailer IVANNA (2022) - MD Pictures,1,komentar
user_6efb6afa361a,FILM::Official Trailer IVANNA (2022) - MD Pictures,1,komentar
user_6f719e47b1a4,FILM::Official Trailer IVANNA (2022) - MD Pictures,1,komentar
user_70c789cd8e62,FILM::Official Trailer IVANNA (2022) - MD Pictures,1,komentar
user_70e4b1f8a2b2,FILM::Official Trailer IVANNA (2022) - MD Pictures,1,komentar
user_716604228979,FILM::Official Trailer IVANNA (2022) - MD Pictures,1,komentar
user_71e24dab8e9f,FILM::Official Trailer IVANNA (2022) - MD Pictures,1,komentar
user_7213c44b4861,FILM::Official Trailer IVANNA (2022) - MD Pictures,1,komentar
user_723a8ff0401d,FILM::Official Trailer IVANNA (2022) - MD Pictures,1,komentar
user_729a4d83f78a,FILM::Official Trailer IVANNA (2022) - MD Pictures,1,komentar
user_72b097c8f930,FILM::Official Trailer IVANNA (2022) - MD Pictures,1,komentar
user_72c292b1f782,FILM::Official Trailer IVANNA (2022) - MD Pictures,1,komentar
user_72de5f522dc2,FILM::Official Trailer IVANNA (2022) - MD Pictures,1,komentar
user_72e038933058,FILM::Official Trailer IVANNA (2022) - MD Pictures,1,komentar
user_73419a050097,FILM::Official Trailer IVANNA (2022) - MD Pictures,1,komentar
user_737715fddf60,FILM::Official Trailer IVANNA (2022) - MD Pictures,1,komentar
user_74b51eb9e832,FILM::Official Trailer IVANNA (2022) - MD Pictures,1,komentar
user_75a550503db1,FILM::Official Trailer IVANNA (2022) - MD Pictures,1,komentar
user_75b9c8a19220,FILM::Official Trailer IVANNA (2022) - MD Pictures,2,komentar
user_766c0312e1b8,FILM::Official Trailer IVANNA (2022) - MD Pictures,1,komentar
user_7742053db741,FILM::Official Trailer IVANNA (2022) - MD Pictures,1,komentar
user_774e7b14e9e3,FILM::Official Trailer IVANNA (2022) - MD Pictures,1,komentar
user_7779ad396763,FILM::Official Trailer IVANNA (2022) - MD Pictures,1,komentar
user_77b2a60c4d30,FILM::Official Trailer IVANNA (2022) - MD Pictures,1,komentar
user_781110dc10b8,FILM::Official Trailer IVANNA (2022) - MD Pictures,1,komentar
user_7879f06378bf,FILM::Official Trailer IVANNA (2022) - MD Pictures,1,komentar
user_7946f7fe477b,FILM::Official Trailer IVANNA (2022) - MD Pictures,1,komentar
user_79afea161df2,FILM::Official Trailer IVANNA (2022) - MD Pictures,1,komentar
user_7a374221ddf9,FILM::Official Trailer IVANNA (2022) - MD Pictures,1,komentar
user_7afd9eab10a9,FILM::Official Trailer IVANNA (2022) - MD Pictures,1,komentar
user_7b4a81852e8a,FILM::Official Trailer IVANNA (2022) - MD Pictures,1,komentar
user_7b4fe65f18df,FILM::Official Trailer IVANNA (2022) - MD Pictures,1,komentar
user_7bb12f0ec1be,FILM::Official Trailer IVANNA (2022) - MD Pictures,1,komentar
user_7bccab152fec,FILM::Official Trailer IVANNA (2022) - MD Pictures,1,komentar
user_7c3c9148c395,FILM::Official Trailer IVANNA (2022) - MD Pictures,1,komentar
user_7cab4853b6cd,FILM::Official Trailer IVANNA (2022) - MD Pictures,1,komentar
user_7cfab8b06424,FILM::Official Trailer IVANNA (2022) - MD Pictures,1,komentar
user_7d3bb3c77fae,FILM::Official Trailer IVANNA (2022) - MD Pictures,1,komentar
user_7d6c8492c1f5,FILM::Official Trailer IVANNA (2022) - MD Pictures,1,komentar
user_7e731ade8f45,FILM::Official Trailer IVANNA (2022) - MD Pictures,1,komentar
user_800d844d0870,FILM::Official Trailer IVANNA (2022) - MD Pictures,1,komentar
user_81cb89a4f482,FILM::Official Trailer IVANNA (2022) - MD Pictures,1,komentar
user_81d2612e198d,FILM::Official Trailer IVANNA (2022) - MD Pictures,1,komentar
user_81de963450fb,FILM::Official Trailer IVANNA (2022) - MD Pictures,1,komentar
user_82583cdcf994,FILM::Official Trailer IVANNA (2022) - MD Pictures,1,komentar
user_842e018dcb1e,FILM::Official Trailer IVANNA (2022) - MD Pictures,1,komentar
user_854ef96a26ab,FILM::Official Trailer IVANNA (2022) - MD Pictures,1,komentar
user_87012888ab93,FILM::Official Trailer IVANNA (2022) - MD Pictures,1,komentar
user_8709fc52d1dd,FILM::Official Trailer IVANNA (2022) - MD Pictures,1,komentar
user_87bb64296078,FILM::Official Trailer IVANNA (2022) - MD Pictures,1,komentar
user_87d71c30b07c,FILM::Official Trailer IVANNA (2022) - MD Pictures,1,komentar
user_884eba75c1c9,FILM::Official Trailer IVANNA (2022) - MD Pictures,1,komentar
user_88c26a287f58,FILM::Official Trailer IVANNA (2022) - MD Pictures,1,komentar
user_88e21d327dc1,FILM::Official Trailer IVANNA (2022) - MD Pictures,2,komentar
user_89c5a42cf88a,FILM::Official Trailer IVANNA (2022) - MD Pictures,1,komentar
user_89c66c846cfb,FILM::Official Trailer IVANNA (2022) - MD Pictures,1,komentar
user_89ce1e9bc4b7,FILM::Official Trailer IVANNA (2022) - MD Pictures,1,komentar
user_8b1cd14b7ddc,FILM::Official Trailer IVANNA (2022) - MD Pictures,1,komentar
user_8b9e3b56f193,FILM::Official Trailer IVANNA (2022) - MD Pictures,1,komentar
user_8bb157133d62,FILM::Official Trailer IVANNA (2022) - MD Pictures,1,komentar
user_8dbdd7a4677f,FILM::Official Trailer IVANNA (2022) - MD Pictures,1,komentar
user_8dfbe436bafd,FILM::Official Trailer IVANNA (2022) - MD Pictures,1,komentar
user_8e4b86bf1ce9,FILM::Official Trailer IVANNA (2022) - MD Pictures,1,komentar
user_8ff4e3c95fcf,FILM::Official Trailer IVANNA (2022) - MD Pictures,1,komentar
user_90d24d21b036,FILM::Official Trailer IVANNA (2022) - MD Pictures,1,komentar
user_90e4f6ad0014,FILM::Official Trailer IVANNA (2022) - MD Pictures,2,komentar
user_9147cbb501b3,FILM::Official Trailer IVANNA (2022) - MD Pictures,1,komentar
user_9171ce40282b,FILM::Official Trailer IVANNA (2022) - MD Pictures,1,komentar
user_91dff4849aa2,FILM::Official Trailer IVANNA (2022) - MD Pictures,1,komentar
user_91fa16e71b52,FILM::Official Trailer IVANNA (2022) - MD Pictures,1,komentar
user_921e6c40a50c,FILM::Official Trailer IVANNA (2022) - MD Pictures,1,komentar
user_92d33f150599,FILM::Official Trailer IVANNA (2022) - MD Pictures,1,komentar
user_939310a5fa5b,FILM::Official Trailer IVANNA (2022) - MD Pictures,1,komentar
user_93ed0fef358e,FILM::Official Trailer IVANNA (2022) - MD Pictures,1,komentar
user_944f9c697b78,FILM::Official Trailer IVANNA (2022) - MD Pictures,1,komentar
user_94a524f273f5,FILM::Official Trailer IVANNA (2022) - MD Pictures,1,komentar
user_95332efa4acf,FILM::Official Trailer IVANNA (2022) - MD Pictures,1,komentar
user_9559f9489aa2,FILM::Official Trailer IVANNA (2022) - MD Pictures,1,komentar
user_957318048da1,FILM::Official Trailer IVANNA (2022) - MD Pictures,1,komentar
user_957e3150053f,FILM::Official Trailer IVANNA (2022) - MD Pictures,1,komentar
user_9650a06ebe4d,FILM::Official Trailer IVANNA (2022) - MD Pictures,1,komentar
user_96884926d47c,FILM::Official Trailer IVANNA (2022) - MD Pictures,1,komentar
user_973feb0ab54a,FILM::Official Trailer IVANNA (2022) - MD Pictures,1,komentar
user_979e5711a840,FILM::Official Trailer IVANNA (2022) - MD Pictures,1,komentar
user_982a4c51a829,FILM::Official Trailer IVANNA (2022) - MD Pictures,1,komentar
user_987457ff818e,FILM::Official Trailer IVANNA (2022) - MD Pictures,1,komentar
user_988dfa4f1eb7,FILM::Official Trailer IVANNA (2022) - MD Pictures,1,komentar
user_989f0b6155c4,FILM::Official Trailer IVANNA (2022) - MD Pictures,1,komentar
user_9a9000905081,FILM::Official Trailer IVANNA (2022) - MD Pictures,2,komentar
user_9b504629b0cb,FILM::Official Trailer IVANNA (2022) - MD Pictures,1,komentar
user_9c00aef5baa1,FILM::Official Trailer IVANNA (2022) - MD Pictures,1,komentar
user_9d023c46a593,FILM::Official Trailer IVANNA (2022) - MD Pictures,1,komentar
user_9d4425a2c25a,FILM::Official Trailer IVANNA (2022) - MD Pictures,1,komentar
user_9d44b2418ad0,FILM::Official Trailer IVANNA (2022) - MD Pictures,1,komentar
user_9da1102edeae,FILM::Official Trailer IVANNA (2022) - MD Pictures,1,komentar
user_9dba45c81d5c,FILM::Official Trailer IVANNA (2022) - MD Pictures,1,komentar
user_9def0b687ea6,FILM::Official Trailer IVANNA (2022) - MD Pictures,1,komentar
user_9e02b9842f15,FILM::Official Trailer IVANNA (2022) - MD Pictures,1,komentar
user_9f76c47edd6b,FILM::Official Trailer IVANNA (2022) - MD Pictures,1,komentar
user_9fc3c4dd3257,FILM::Official Trailer IVANNA (2022) - MD Pictures,1,komentar
user_9fc7f5154e10,FILM::Official Trailer IVANNA (2022) - MD Pictures,1,komentar
user_a0f0fd0c8a8f,FILM::Official Trailer IVANNA (2022) - MD Pictures,1,komentar
user_a1227de4e03f,FILM::Official Trailer IVANNA (2022) - MD Pictures,1,komentar
user_a199c7de30ac,FILM::Official Trailer IVANNA (2022) - MD Pictures,1,komentar
user_a24f638e15f9,FILM::Official Trailer IVANNA (2022) - MD Pictures,1,komentar
user_a3056745dcf8,FILM::Official Trailer IVANNA (2022) - MD Pictures,1,komentar
user_a4126cdb7a59,FILM::Official Trailer IVANNA (2022) - MD Pictures,1,komentar
user_a6c923698a28,FILM::Official Trailer IVANNA (2022) - MD Pictures,1,komentar
user_a6cc32fca34b,FILM::Official Trailer IVANNA (2022) - MD Pictures,1,komentar
user_a801a92cc3e8,FILM::Official Trailer IVANNA (2022) - MD Pictures,1,komentar
user_a959552b9ed7,FILM::Official Trailer IVANNA (2022) - MD Pictures,1,komentar
user_a9e3afa36b48,FILM::Official Trailer IVANNA (2022) - MD Pictures,1,komentar
user_a9ed80f6108e,FILM::Official Trailer IVANNA (2022) - MD Pictures,1,komentar
user_aa739b8d25ce,FILM::Official Trailer IVANNA (2022) - MD Pictures,1,komentar
user_aafb93384f5f,FILM::Official Trailer IVANNA (2022) - MD Pictures,1,komentar
user_ab61a4dbdbc5,FILM::Official Trailer IVANNA (2022) - MD Pictures,1,komentar
user_ab9db8e38b7f,FILM::Official Trailer IVANNA (2022) - MD Pictures,1,komentar
user_abb06ed44c0b,FILM::Official Trailer IVANNA (2022) - MD Pictures,1,komentar
user_ac140970adc5,FILM::Official Trailer IVANNA (2022) - MD Pictures,1,komentar
user_ad2af657e2ef,FILM::Official Trailer IVANNA (2022) - MD Pictures,1,komentar
user_ae75d8acac1a,FILM::Official Trailer IVANNA (2022) - MD Pictures,1,komentar
user_af3730173930,FILM::Official Trailer IVANNA (2022) - MD Pictures,1,komentar
user_af516a85f776,FILM::Official Trailer IVANNA (2022) - MD Pictures,1,komentar
user_afeaf830a01a,FILM::Official Trailer IVANNA (2022) - MD Pictures,1,komentar
user_b04b2fd43355,FILM::Official Trailer IVANNA (2022) - MD Pictures,1,komentar
user_b0650ea9829f,FILM::Official Trailer IVANNA (2022) - MD Pictures,1,komentar
user_b07104263ac2,FILM::Official Trailer IVANNA (2022) - MD Pictures,1,komentar
user_b0a9a9272b82,FILM::Official Trailer IVANNA (2022) - MD Pictures,1,komentar
user_b1564791f8b0,FILM::Official Trailer IVANNA (2022) - MD Pictures,1,komentar
user_b19ce1719c0b,FILM::Official Trailer IVANNA (2022) - MD Pictures,1,komentar
user_b4545b6cfd16,FILM::Official Trailer IVANNA (2022) - MD Pictures,1,komentar
user_b4922be3ab97,FILM::Official Trailer IVANNA (2022) - MD Pictures,1,komentar
user_b525f10069b6,FILM::Official Trailer IVANNA (2022) - MD Pictures,1,komentar
user_b5981ca859ec,FILM::Official Trailer IVANNA (2022) - MD Pictures,1,komentar
user_b602ca73ad23,FILM::Official Trailer IVANNA (2022) - MD Pictures,1,komentar
user_b7410f41daa5,FILM::Official Trailer IVANNA (2022) - MD Pictures,1,komentar
user_b7e061bd4508,FILM::Official Trailer IVANNA (2022) - MD Pictures,1,komentar
user_b7e8aea66a1d,FILM::Official Trailer IVANNA (2022) - MD Pictures,1,komentar
user_b8763b872b2d,FILM::Official Trailer IVANNA (2022) - MD Pictures,1,komentar
user_b8e4f8d6c8aa,FILM::Official Trailer IVANNA (2022) - MD Pictures,1,komentar
user_b9039de21cfb,FILM::Official Trailer IVANNA (2022) - MD Pictures,1,komentar
user_b9534a02e89a,FILM::Official Trailer IVANNA (2022) - MD Pictures,1,komentar
user_b96a14f9c421,FILM::Official Trailer IVANNA (2022) - MD Pictures,1,komentar
user_b9d35201ee9e,FILM::Official Trailer IVANNA (2022) - MD Pictures,1,komentar
user_ba6574898d05,FILM::Official Trailer IVANNA (2022) - MD Pictures,3,komentar
user_bc17d5deb2a9,FILM::Official Trailer IVANNA (2022) - MD Pictures,1,komentar
user_bd34e2fdfb4f,FILM::Official Trailer IVANNA (2022) - MD Pictures,1,komentar
user_c029245d8929,FILM::Official Trailer IVANNA (2022) - MD Pictures,1,komentar
user_c08e88110e3d,FILM::Official Trailer IVANNA (2022) - MD Pictures,1,komentar
user_c09640159461,FILM::Official Trailer IVANNA (2022) - MD Pictures,1,komentar
user_c1275d228855,FILM::Official Trailer IVANNA (2022) - MD Pictures,1,komentar
user_c13f10cd5827,FILM::Official Trailer IVANNA (2022) - MD Pictures,1,komentar
user_c1731ff7a319,FILM::Official Trailer IVANNA (2022) - MD Pictures,1,komentar
user_c347ae2faf01,FILM::Official Trailer IVANNA (2022) - MD Pictures,1,komentar
user_c3497d3cddbb,FILM::Official Trailer IVANNA (2022) - MD Pictures,1,komentar
user_c371e9e33bd6,FILM::Official Trailer IVANNA (2022) - MD Pictures,1,komentar
user_c3d16e4c45c2,FILM::Official Trailer IVANNA (2022) - MD Pictures,1,komentar
user_c3e5bab4a8a9,FILM::Official Trailer IVANNA (2022) - MD Pictures,1,komentar
user_c3f10f52a7a8,FILM::Official Trailer IVANNA (2022) - MD Pictures,1,komentar
user_c5226165a65f,FILM::Official Trailer IVANNA (2022) - MD Pictures,1,komentar
user_c588ba420298,FILM::Official Trailer IVANNA (2022) - MD Pictures,1,komentar
user_c65bd8982c45,FILM::Official Trailer IVANNA (2022) - MD Pictures,1,komentar
user_c6a12caba1c2,FILM::Official Trailer IVANNA (2022) - MD Pictures,1,komentar
user_c7cfeb94f361,FILM::Official Trailer IVANNA (2022) - MD Pictures,1,komentar
user_c8f1f024bdec,FILM::Official Trailer IVANNA (2022) - MD Pictures,1,komentar
user_c93c99760aff,FILM::Official Trailer IVANNA (2022) - MD Pictures,1,komentar
user_c944e27bfb79,FILM::Official Trailer IVANNA (2022) - MD Pictures,1,komentar
user_c9958fe416ee,FILM::Official Trailer IVANNA (2022) - MD Pictures,1,komentar
user_ca0f7c692417,FILM::Official Trailer IVANNA (2022) - MD Pictures,1,komentar
user_cb04dd5edb64,FILM::Official Trailer IVANNA (2022) - MD Pictures,1,komentar
user_cb05121b4b04,FILM::Official Trailer IVANNA (2022) - MD Pictures,1,komentar
user_cb0565ad40ed,FILM::Official Trailer IVANNA (2022) - MD Pictures,1,komentar
user_cbdbd29df984,FILM::Official Trailer IVANNA (2022) - MD Pictures,1,komentar
user_cd65dda1b1cd,FILM::Official Trailer IVANNA (2022) - MD Pictures,1,komentar
user_cd8f04b2be0b,FILM::Official Trailer IVANNA (2022) - MD Pictures,3,komentar
user_cf1126fccc8f,FILM::Official Trailer IVANNA (2022) - MD Pictures,1,komentar
user_d0871d0fee20,FILM::Official Trailer IVANNA (2022) - MD Pictures,1,komentar
user_d087a2d1339e,FILM::Official Trailer IVANNA (2022) - MD Pictures,1,komentar
user_d0b1c9417e53,FILM::Official Trailer IVANNA (2022) - MD Pictures,1,komentar
user_d13baffa1821,FILM::Official Trailer IVANNA (2022) - MD Pictures,1,komentar
user_d168c93861e4,FILM::Official Trailer IVANNA (2022) - MD Pictures,1,komentar
user_d1a7a795dc2d,FILM::Official Trailer IVANNA (2022) - MD Pictures,1,komentar
user_d1da795b9ffb,FILM::Official Trailer IVANNA (2022) - MD Pictures,1,komentar
user_d1dc39c3f3e0,FILM::Official Trailer IVANNA (2022) - MD Pictures,1,komentar
user_d1df80613d58,FILM::Official Trailer IVANNA (2022) - MD Pictures,1,komentar
user_d1f20d02af73,FILM::Official Trailer IVANNA (2022) - MD Pictures,1,komentar
user_d29554f808c8,FILM::Official Trailer IVANNA (2022) - MD Pictures,1,komentar
user_d31280eb4233,FILM::Official Trailer IVANNA (2022) - MD Pictures,1,komentar
user_d37c1ffb5e56,FILM::Official Trailer IVANNA (2022) - MD Pictures,1,komentar
user_d38023ede28b,FILM::Official Trailer IVANNA (2022) - MD Pictures,1,komentar
user_d44bb8e26310,FILM::Official Trailer IVANNA (2022) - MD Pictures,1,komentar
user_d491be4b2a14,FILM::Official Trailer IVANNA (2022) - MD Pictures,2,komentar
user_d4a07c909597,FILM::Official Trailer IVANNA (2022) - MD Pictures,1,komentar
user_d4b9d538b875,FILM::Official Trailer IVANNA (2022) - MD Pictures,1,komentar
user_d54203f0f441,FILM::Official Trailer IVANNA (2022) - MD Pictures,1,komentar
user_d59fb76ff48d,FILM::Official Trailer IVANNA (2022) - MD Pictures,1,komentar
user_d6535886b484,FILM::Official Trailer IVANNA (2022) - MD Pictures,1,komentar
user_d6c867dc54e1,FILM::Official Trailer IVANNA (2022) - MD Pictures,1,komentar
user_d6c9e878fcf0,FILM::Official Trailer IVANNA (2022) - MD Pictures,3,komentar
user_d6f91f08219c,FILM::Official Trailer IVANNA (2022) - MD Pictures,1,komentar
user_d7a44d6f3498,FILM::Official Trailer IVANNA (2022) - MD Pictures,1,komentar
user_d818e43d354d,FILM::Official Trailer IVANNA (2022) - MD Pictures,1,komentar
user_d865dca72f5d,FILM::Official Trailer IVANNA (2022) - MD Pictures,1,komentar
user_d96dfa904d0f,FILM::Official Trailer IVANNA (2022) - MD Pictures,1,komentar
user_da64a09e9175,FILM::Official Trailer IVANNA (2022) - MD Pictures,1,komentar
user_da988834b47d,FILM::Official Trailer IVANNA (2022) - MD Pictures,1,komentar
user_dbe23efb0e5c,FILM::Official Trailer IVANNA (2022) - MD Pictures,1,komentar
user_ddfe567ba212,FILM::Official Trailer IVANNA (2022) - MD Pictures,1,komentar
user_df3c07121cfb,FILM::Official Trailer IVANNA (2022) - MD Pictures,1,komentar
user_e02a389981a7,FILM::Official Trailer IVANNA (2022) - MD Pictures,1,komentar
user_e043cfff2e52,FILM::Official Trailer IVANNA (2022) - MD Pictures,1,komentar
user_e0f325da073f,FILM::Official Trailer IVANNA (2022) - MD Pictures,1,komentar
user_e1cc56bec7ce,FILM::Official Trailer IVANNA (2022) - MD Pictures,2,komentar
user_e26c3fa4fc40,FILM::Official Trailer IVANNA (2022) - MD Pictures,1,komentar
user_e2752d06ee49,FILM::Official Trailer IVANNA (2022) - MD Pictures,2,komentar
user_e30160beebad,FILM::Official Trailer IVANNA (2022) - MD Pictures,1,komentar
user_e3926210eadb,FILM::Official Trailer IVANNA (2022) - MD Pictures,1,komentar
user_e39bd020dfdf,FILM::Official Trailer IVANNA (2022) - MD Pictures,1,komentar
user_e538a07a3b1a,FILM::Official Trailer IVANNA (2022) - MD Pictures,1,komentar
user_e545c4ea44ce,FILM::Official Trailer IVANNA (2022) - MD Pictures,1,komentar
user_e5a0d1c5d20e,FILM::Official Trailer IVANNA (2022) - MD Pictures,1,komentar
user_e5cb77ed3e5b,FILM::Official Trailer IVANNA (2022) - MD Pictures,2,komentar
user_e657ad2eb0c6,FILM::Official Trailer IVANNA (2022) - MD Pictures,2,komentar
user_e72465273815,FILM::Official Trailer IVANNA (2022) - MD Pictures,1,komentar
user_e834fbf1795d,FILM::Official Trailer IVANNA (2022) - MD Pictures,1,komentar
user_e83f0d434910,FILM::Official Trailer IVANNA (2022) - MD Pictures,1,komentar
user_e9745f166048,FILM::Official Trailer IVANNA (2022) - MD Pictures,1,komentar
user_eaf0026a1039,FILM::Official Trailer IVANNA (2022) - MD Pictures,1,komentar
user_eb92486b9449,FILM::Official Trailer IVANNA (2022) - MD Pictures,1,komentar
user_ebb3bde87281,FILM::Official Trailer IVANNA (2022) - MD Pictures,1,komentar
user_ed09afd983d4,FILM::Official Trailer IVANNA (2022) - MD Pictures,1,komentar
user_ed49989a3225,FILM::Official Trailer IVANNA (2022) - MD Pictures,1,komentar
user_ee5d603b1533,FILM::Official Trailer IVANNA (2022) - MD Pictures,1,komentar
user_eebad253d626,FILM::Official Trailer IVANNA (2022) - MD Pictures,1,komentar
user_ef0b88a43b0b,FILM::Official Trailer IVANNA (2022) - MD Pictures,1,komentar
user_ef37a871f892,FILM::Official Trailer IVANNA (2022) - MD Pictures,1,komentar
user_f0a0f7570cc2,FILM::Official Trailer IVANNA (2022) - MD Pictures,1,komentar
user_f13d98a10151,FILM::Official Trailer IVANNA (2022) - MD Pictures,1,komentar
user_f1dcbfabfeb5,FILM::Official Trailer IVANNA (2022) - MD Pictures,1,komentar
user_f29f0a0e6e23,FILM::Official Trailer IVANNA (2022) - MD Pictures,1,komentar
user_f2d43a669a0e,FILM::Official Trailer IVANNA (2022) - MD Pictures,1,komentar
user_f34ea143381e,FILM::Official Trailer IVANNA (2022) - MD Pictures,1,komentar
user_f3b0962f674e,FILM::Official Trailer IVANNA (2022) - MD Pictures,1,komentar
user_f3c7410d2d26,FILM::Official Trailer IVANNA (2022) - MD Pictures,1,komentar
user_f40dd3bdc57c,FILM::Official Trailer IVANNA (2022) - MD Pictures,1,komentar
user_f42742332cdb,FILM::Official Trailer IVANNA (2022) - MD Pictures,1,komentar
user_f5d827f278b8,FILM::Official Trailer IVANNA (2022) - MD Pictures,1,komentar
user_f5dd75a81ee2,FILM::Official Trailer IVANNA (2022) - MD Pictures,1,komentar
user_f646bc37ec2b,FILM::Official Trailer IVANNA (2022) - MD Pictures,1,komentar
user_f6a005168b0b,FILM::Official Trailer IVANNA (2022) - MD Pictures,1,komentar
user_f71942144a35,FILM::Official Trailer IVANNA (2022) - MD Pictures,2,komentar
user_f7246e999e2c,FILM::Official Trailer IVANNA (2022) - MD Pictures,1,komentar
user_f7517a40f529,FILM::Official Trailer IVANNA (2022) - MD Pictures,1,komentar
user_f84048d357a2,FILM::Official Trailer IVANNA (2022) - MD Pictures,1,komentar
user_f9178e8260f9,FILM::Official Trailer IVANNA (2022) - MD Pictures,1,komentar
user_f984dc148e41,FILM::Official Trailer IVANNA (2022) - MD Pictures,1,komentar
user_f9b75d6f355f,FILM::Official Trailer IVANNA (2022) - MD Pictures,1,komentar
user_fa056fb2e81e,FILM::Official Trailer IVANNA (2022) - MD Pictures,2,komentar
user_fb8d45e7e4ff,FILM::Official Trailer IVANNA (2022) - MD Pictures,1,komentar
user_fc31105b55b6,FILM::Official Trailer IVANNA (2022) - MD Pictures,1,komentar
user_fc93b99aba0c,FILM::Official Trailer IVANNA (2022) - MD Pictures,1,komentar
user_fcd8fa33948e,FILM::Official Trailer IVANNA (2022) - MD Pictures,1,komentar
user_fd210ee57977,FILM::Official Trailer IVANNA (2022) - MD Pictures,1,komentar
user_fdd055b5c41f,FILM::Official Trailer IVANNA (2022) - MD Pictures,1,komentar
user_fdd2114675ab,FILM::Official Trailer IVANNA (2022) - MD Pictures,1,komentar
user_fdedef1a84ac,FILM::Official Trailer IVANNA (2022) - MD Pictures,1,komentar
user_fedb9319429b,FILM::Official Trailer IVANNA (2022) - MD Pictures,1,komentar
user_ff6e1f0e8593,FILM::Official Trailer IVANNA (2022) - MD Pictures,1,komentar
user_008ce41baa2b,user_0c2209a58414,1,balasan
user_00c736cad5d2,user_da4634793a3b,1,balasan
user_00ed3a101780,user_e0f304a5d466,1,balasan
user_01330670ed68,user_db9b363b84c9,1,balasan
user_013bb44891cc,Catatan Harian Menantu Sinting (2024),1,komentar
user_013bb44891cc,user_5b6980311fb0,1,balasan
user_015f43599a67,FILM::Catatan Harian Menantu Sinting (2024),1,komentar
user_0168b1e96945,FILM::Catatan Harian Menantu Sinting (2024),1,komentar
user_022a92829b5f,FILM::Catatan Harian Menantu Sinting (2024),2,komentar
user_02a978b6c213,FILM::Catatan Harian Menantu Sinting (2024),1,komentar
user_0411c3334c5f,FILM::Catatan Harian Menantu Sinting (2024),1,komentar
user_05826126b5a9,FILM::Catatan Harian Menantu Sinting (2024),1,komentar
user_0780fc9b2ff2,FILM::Catatan Harian Menantu Sinting (2024),1,komentar
user_084f96236c22,FILM::Catatan Harian Menantu Sinting (2024),1,komentar
user_08f24a07eba9,FILM::Catatan Harian Menantu Sinting (2024),1,komentar
user_097f35a63936,FILM::Catatan Harian Menantu Sinting (2024),1,komentar
user_09b01dc41145,FILM::Catatan Harian Menantu Sinting (2024),1,komentar
user_0e8547d242a2,FILM::Catatan Harian Menantu Sinting (2024),2,komentar
user_0eeed096087a,FILM::Catatan Harian Menantu Sinting (2024),1,komentar
user_104373a7905c,FILM::Catatan Harian Menantu Sinting (2024),1,komentar
user_106677530223,FILM::Catatan Harian Menantu Sinting (2024),1,komentar
user_12dc927466b5,FILM::Catatan Harian Menantu Sinting (2024),1,komentar
user_1351a2282673,FILM::Catatan Harian Menantu Sinting (2024),1,komentar
user_1596add674ae,FILM::Catatan Harian Menantu Sinting (2024),1,komentar
user_174692637970,FILM::Catatan Harian Menantu Sinting (2024),1,komentar
user_174733a6e56f,FILM::Catatan Harian Menantu Sinting (2024),1,komentar
user_197493dffa2a,FILM::Catatan Harian Menantu Sinting (2024),2,komentar
user_1be6082c9da7,FILM::Catatan Harian Menantu Sinting (2024),1,komentar
user_1e639563f97a,FILM::Catatan Harian Menantu Sinting (2024),1,komentar
user_1ed5d6424c9c,FILM::Catatan Harian Menantu Sinting (2024),1,komentar
user_1f600097739b,FILM::Catatan Harian Menantu Sinting (2024),1,komentar
user_2113e52da864,FILM::Catatan Harian Menantu Sinting (2024),1,komentar
user_2309b274d971,FILM::Catatan Harian Menantu Sinting (2024),1,komentar
user_234799ed61e3,FILM::Catatan Harian Menantu Sinting (2024),2,komentar
user_23e40fa538cf,FILM::Catatan Harian Menantu Sinting (2024),1,komentar
user_265b30d36b23,FILM::Catatan Harian Menantu Sinting (2024),2,komentar
user_2668d6cb95c0,FILM::Catatan Harian Menantu Sinting (2024),1,komentar
user_266baec6b2f0,FILM::Catatan Harian Menantu Sinting (2024),1,komentar
user_270c0d3db8fc,FILM::Catatan Harian Menantu Sinting (2024),1,komentar
user_277c2b6c89cf,FILM::Catatan Harian Menantu Sinting (2024),1,komentar
user_27ee50015eb1,FILM::Catatan Harian Menantu Sinting (2024),1,komentar
user_286f34a2fbda,FILM::Catatan Harian Menantu Sinting (2024),1,komentar
user_2885a2777bd1,FILM::Catatan Harian Menantu Sinting (2024),1,komentar
user_29727522ac71,FILM::Catatan Harian Menantu Sinting (2024),1,komentar
user_2be3fbe47517,FILM::Catatan Harian Menantu Sinting (2024),1,komentar
user_2bf6df9fc5e3,FILM::Catatan Harian Menantu Sinting (2024),1,komentar
user_2c53ae0ad445,FILM::Catatan Harian Menantu Sinting (2024),1,komentar
user_3544ecd1368c,FILM::Catatan Harian Menantu Sinting (2024),1,komentar
user_35ecc0397776,FILM::Catatan Harian Menantu Sinting (2024),1,komentar
user_368299dd369d,FILM::Catatan Harian Menantu Sinting (2024),1,komentar
user_37051d49383e,FILM::Catatan Harian Menantu Sinting (2024),1,komentar
user_37b9442b5105,FILM::Catatan Harian Menantu Sinting (2024),1,komentar
user_37f27b208c44,FILM::Catatan Harian Menantu Sinting (2024),1,komentar
user_380b8692b160,FILM::Catatan Harian Menantu Sinting (2024),1,komentar
user_38bf73dc9662,FILM::Catatan Harian Menantu Sinting (2024),1,komentar
user_38c15a91ec81,FILM::Catatan Harian Menantu Sinting (2024),1,komentar
user_3be6842634ff,FILM::Catatan Harian Menantu Sinting (2024),1,komentar
user_3dd4d8ee08bd,FILM::Catatan Harian Menantu Sinting (2024),1,komentar
user_3ee696a20a15,FILM::Catatan Harian Menantu Sinting (2024),1,komentar
user_4030cc1b1a81,FILM::Catatan Harian Menantu Sinting (2024),1,komentar
user_4086a75a005c,FILM::Catatan Harian Menantu Sinting (2024),1,komentar
user_40dfb754f50e,FILM::Catatan Harian Menantu Sinting (2024),1,komentar
user_420746dfe39f,FILM::Catatan Harian Menantu Sinting (2024),1,komentar
user_42c5d4ecfdc6,FILM::Catatan Harian Menantu Sinting (2024),1,komentar
user_43140224940a,FILM::Catatan Harian Menantu Sinting (2024),1,komentar
user_436cf87029c7,FILM::Catatan Harian Menantu Sinting (2024),1,komentar
user_43d0931a47df,FILM::Catatan Harian Menantu Sinting (2024),2,komentar
user_440f2a5a7f96,FILM::Catatan Harian Menantu Sinting (2024),2,komentar
user_459b9164e0bb,FILM::Catatan Harian Menantu Sinting (2024),1,komentar
user_4652d1be5338,FILM::Catatan Harian Menantu Sinting (2024),1,komentar
user_48ae378c7af2,FILM::Catatan Harian Menantu Sinting (2024),1,komentar
user_49caa1e73b35,FILM::Catatan Harian Menantu Sinting (2024),1,komentar
user_4a531c4d927c,FILM::Catatan Harian Menantu Sinting (2024),1,komentar
user_4b8adb4c5ec4,FILM::Catatan Harian Menantu Sinting (2024),1,komentar
user_4c64648c9b09,FILM::Catatan Harian Menantu Sinting (2024),1,komentar
user_4c9cbcddf586,FILM::Catatan Harian Menantu Sinting (2024),1,komentar
user_4d1eb0fed876,FILM::Catatan Harian Menantu Sinting (2024),1,komentar
user_4f2f8c09ca91,FILM::Catatan Harian Menantu Sinting (2024),1,komentar
user_4fcda16b2b64,FILM::Catatan Harian Menantu Sinting (2024),1,komentar
user_503d3f2baaf4,FILM::Catatan Harian Menantu Sinting (2024),1,komentar
user_503e15f1dcef,FILM::Catatan Harian Menantu Sinting (2024),1,komentar
user_51ffdec9b43b,FILM::Catatan Harian Menantu Sinting (2024),1,komentar
user_5204526e8b76,FILM::Catatan Harian Menantu Sinting (2024),2,komentar
user_523e5d3839a7,FILM::Catatan Harian Menantu Sinting (2024),1,komentar
user_524b2e625f8e,FILM::Catatan Harian Menantu Sinting (2024),1,komentar
user_53042968f818,FILM::Catatan Harian Menantu Sinting (2024),1,komentar
user_53d37d8bcc39,FILM::Catatan Harian Menantu Sinting (2024),1,komentar
user_56d429010861,FILM::Catatan Harian Menantu Sinting (2024),1,komentar
user_58c09b68e8b5,FILM::Catatan Harian Menantu Sinting (2024),1,komentar
user_5a084c60d96f,FILM::Catatan Harian Menantu Sinting (2024),1,komentar
user_5a98e0788b52,FILM::Catatan Harian Menantu Sinting (2024),1,komentar
user_5b6980311fb0,FILM::Catatan Harian Menantu Sinting (2024),2,komentar
user_5c24ccf3cef9,FILM::Catatan Harian Menantu Sinting (2024),1,komentar
user_5d0b962d847d,FILM::Catatan Harian Menantu Sinting (2024),1,komentar
user_5d6a1476fd15,FILM::Catatan Harian Menantu Sinting (2024),1,komentar
user_5e8dd45aea24,FILM::Catatan Harian Menantu Sinting (2024),4,komentar
user_5f925324e16a,FILM::Catatan Harian Menantu Sinting (2024),1,komentar
user_62fc8f1f5031,FILM::Catatan Harian Menantu Sinting (2024),1,komentar
user_68b0a8f92a8d,FILM::Catatan Harian Menantu Sinting (2024),1,komentar
user_68e145d645e7,FILM::Catatan Harian Menantu Sinting (2024),1,komentar
user_696f90118719,FILM::Catatan Harian Menantu Sinting (2024),1,komentar
user_6a8085b39323,FILM::Catatan Harian Menantu Sinting (2024),1,komentar
user_6c1bcac7b679,FILM::Catatan Harian Menantu Sinting (2024),1,komentar
user_6da3de6be123,FILM::Catatan Harian Menantu Sinting (2024),1,komentar
user_6e6d8ece3e96,FILM::Catatan Harian Menantu Sinting (2024),1,komentar
user_6f5a0e5f6da1,FILM::Catatan Harian Menantu Sinting (2024),2,komentar
user_7101abe92b27,FILM::Catatan Harian Menantu Sinting (2024),1,komentar
user_7293607867d0,FILM::Catatan Harian Menantu Sinting (2024),1,komentar
user_73fb4a2debed,FILM::Catatan Harian Menantu Sinting (2024),1,komentar
user_751a3b7b9bd8,FILM::Catatan Harian Menantu Sinting (2024),1,komentar
user_762f6791927f,FILM::Catatan Harian Menantu Sinting (2024),1,komentar
user_7a64ac3210a3,FILM::Catatan Harian Menantu Sinting (2024),1,komentar
user_7c898690d845,FILM::Catatan Harian Menantu Sinting (2024),1,komentar
user_7d22393d3413,FILM::Catatan Harian Menantu Sinting (2024),1,komentar
user_7d4358e5bc03,FILM::Catatan Harian Menantu Sinting (2024),1,komentar
user_7d4d6a2e5fd7,FILM::Catatan Harian Menantu Sinting (2024),1,komentar
user_7e0f02dcf6f7,FILM::Catatan Harian Menantu Sinting (2024),1,komentar
user_7e256a36b4d2,FILM::Catatan Harian Menantu Sinting (2024),1,komentar
user_7fa5302b7076,FILM::Catatan Harian Menantu Sinting (2024),1,komentar
user_8068186ba918,FILM::Catatan Harian Menantu Sinting (2024),1,komentar
user_80b69ba8fe0a,FILM::Catatan Harian Menantu Sinting (2024),1,komentar
user_815a0ec59669,FILM::Catatan Harian Menantu Sinting (2024),2,komentar
user_82b2fcbd0a5f,FILM::Catatan Harian Menantu Sinting (2024),1,komentar
user_82eb3a4171aa,FILM::Catatan Harian Menantu Sinting (2024),1,komentar
user_85dffbbf7efb,FILM::Catatan Harian Menantu Sinting (2024),1,komentar
user_868215dc7ac2,FILM::Catatan Harian Menantu Sinting (2024),1,komentar
user_876b2b60832e,FILM::Catatan Harian Menantu Sinting (2024),1,komentar
user_87ab93ca43e6,FILM::Catatan Harian Menantu Sinting (2024),1,komentar
user_88d06769ded5,FILM::Catatan Harian Menantu Sinting (2024),1,komentar
user_89a39bdaccbc,FILM::Catatan Harian Menantu Sinting (2024),1,komentar
user_8a8fcd3778cd,FILM::Catatan Harian Menantu Sinting (2024),1,komentar
user_8bfed5bf4534,FILM::Catatan Harian Menantu Sinting (2024),1,komentar
user_8c7c3c0a1565,FILM::Catatan Harian Menantu Sinting (2024),2,komentar
user_8cdb24c53d51,FILM::Catatan Harian Menantu Sinting (2024),1,komentar
user_8ee0d0820cf2,FILM::Catatan Harian Menantu Sinting (2024),1,komentar
user_8ee96ee411a7,FILM::Catatan Harian Menantu Sinting (2024),1,komentar
user_8fb7568f57ff,FILM::Catatan Harian Menantu Sinting (2024),1,komentar
user_90fa99948ab3,FILM::Catatan Harian Menantu Sinting (2024),1,komentar
user_916d063796f7,FILM::Catatan Harian Menantu Sinting (2024),2,komentar
user_9272f8518882,FILM::Catatan Harian Menantu Sinting (2024),1,komentar
user_954567ef3d54,FILM::Catatan Harian Menantu Sinting (2024),1,komentar
user_978cb97c222d,FILM::Catatan Harian Menantu Sinting (2024),1,komentar
user_9a360ecbe790,FILM::Catatan Harian Menantu Sinting (2024),1,komentar
user_9a782b2c67d3,FILM::Catatan Harian Menantu Sinting (2024),1,komentar
user_9adfaa98f974,FILM::Catatan Harian Menantu Sinting (2024),1,komentar
user_9b0368995a6b,FILM::Catatan Harian Menantu Sinting (2024),1,komentar
user_9b32456cd1c9,FILM::Catatan Harian Menantu Sinting (2024),1,komentar
user_9b7c04654155,FILM::Catatan Harian Menantu Sinting (2024),1,komentar
user_9c799d1340d2,FILM::Catatan Harian Menantu Sinting (2024),1,komentar
user_9edf001da41a,FILM::Catatan Harian Menantu Sinting (2024),1,komentar
user_9f09a5dae614,FILM::Catatan Harian Menantu Sinting (2024),1,komentar
user_9f206a3490a9,FILM::Catatan Harian Menantu Sinting (2024),1,komentar
user_9fd95487f8d8,FILM::Catatan Harian Menantu Sinting (2024),1,komentar
user_a053258479c6,FILM::Catatan Harian Menantu Sinting (2024),1,komentar
user_a314d315dc1a,FILM::Catatan Harian Menantu Sinting (2024),1,komentar
user_a447ce845d94,FILM::Catatan Harian Menantu Sinting (2024),1,komentar
user_a55d64bb1696,FILM::Catatan Harian Menantu Sinting (2024),1,komentar
user_a606d1397ead,FILM::Catatan Harian Menantu Sinting (2024),1,komentar
user_a61741a24ebc,FILM::Catatan Harian Menantu Sinting (2024),1,komentar
user_a643c8930889,FILM::Catatan Harian Menantu Sinting (2024),1,komentar
user_a77e9cbb0b0b,FILM::Catatan Harian Menantu Sinting (2024),1,komentar
user_a77eaf3b79c2,FILM::Catatan Harian Menantu Sinting (2024),1,komentar
user_a89f7ce71717,FILM::Catatan Harian Menantu Sinting (2024),1,komentar
user_a95d3d30e767,FILM::Catatan Harian Menantu Sinting (2024),1,komentar
user_a9fd06333bd9,FILM::Catatan Harian Menantu Sinting (2024),1,komentar
user_aa96a8a68cb7,FILM::Catatan Harian Menantu Sinting (2024),1,komentar
user_ab947006e476,FILM::Catatan Harian Menantu Sinting (2024),1,komentar
user_ac562ee40355,FILM::Catatan Harian Menantu Sinting (2024),1,komentar
user_ac7485bd5278,FILM::Catatan Harian Menantu Sinting (2024),1,komentar
user_acc9d811f90e,FILM::Catatan Harian Menantu Sinting (2024),1,komentar
user_ad1d60dd0fe9,FILM::Catatan Harian Menantu Sinting (2024),3,komentar
user_adc3bbfcad88,FILM::Catatan Harian Menantu Sinting (2024),1,komentar
user_ae879cadeb77,FILM::Catatan Harian Menantu Sinting (2024),2,komentar
user_aefc152fae1d,FILM::Catatan Harian Menantu Sinting (2024),1,komentar
user_afd627f59460,FILM::Catatan Harian Menantu Sinting (2024),1,komentar
user_b078a6e4b73f,FILM::Catatan Harian Menantu Sinting (2024),1,komentar
user_b0cb5119c306,FILM::Catatan Harian Menantu Sinting (2024),1,komentar
user_b320856fc5a8,FILM::Catatan Harian Menantu Sinting (2024),1,komentar
user_b45dd174b096,FILM::Catatan Harian Menantu Sinting (2024),1,komentar
user_b5b833b264b7,FILM::Catatan Harian Menantu Sinting (2024),1,komentar
user_b68c8bc15ad0,FILM::Catatan Harian Menantu Sinting (2024),1,komentar
user_b696246d9f58,FILM::Catatan Harian Menantu Sinting (2024),1,komentar
user_b78c56549127,FILM::Catatan Harian Menantu Sinting (2024),1,komentar
user_bb5ff0af7383,FILM::Catatan Harian Menantu Sinting (2024),1,komentar
user_bc1cd6f06fbc,FILM::Catatan Harian Menantu Sinting (2024),1,komentar
user_bc45fdefa632,FILM::Catatan Harian Menantu Sinting (2024),1,komentar
user_bc6ed0cf043e,FILM::Catatan Harian Menantu Sinting (2024),1,komentar
user_bde0a32702d3,FILM::Catatan Harian Menantu Sinting (2024),1,komentar
user_be2529f97769,FILM::Catatan Harian Menantu Sinting (2024),1,komentar
user_becdba23ab01,FILM::Catatan Harian Menantu Sinting (2024),1,komentar
user_bf037d6dc869,FILM::Catatan Harian Menantu Sinting (2024),1,komentar
user_c13b3cf83334,FILM::Catatan Harian Menantu Sinting (2024),2,komentar
user_c26eff913f37,FILM::Catatan Harian Menantu Sinting (2024),1,komentar
user_c27a76f7dbbe,FILM::Catatan Harian Menantu Sinting (2024),1,komentar
user_c354db222f83,FILM::Catatan Harian Menantu Sinting (2024),1,komentar
user_c3f10f52a7a8,FILM::Catatan Harian Menantu Sinting (2024),1,komentar
user_c3f201ba199c,FILM::Catatan Harian Menantu Sinting (2024),1,komentar
user_c4c75bfcb935,FILM::Catatan Harian Menantu Sinting (2024),1,komentar
user_c609249c4a5f,FILM::Catatan Harian Menantu Sinting (2024),1,komentar
user_c676e5bbcf09,FILM::Catatan Harian Menantu Sinting (2024),1,komentar
user_c852efca3793,FILM::Catatan Harian Menantu Sinting (2024),1,komentar
user_c8f1b3d6dc26,FILM::Catatan Harian Menantu Sinting (2024),1,komentar
user_ca9af33031ca,FILM::Catatan Harian Menantu Sinting (2024),1,komentar
user_cae08eea0d86,FILM::Catatan Harian Menantu Sinting (2024),1,komentar
user_cb19b95cafc5,FILM::Catatan Harian Menantu Sinting (2024),1,komentar
user_ce037289eaf4,FILM::Catatan Harian Menantu Sinting (2024),1,komentar
user_d3691e804f6b,FILM::Catatan Harian Menantu Sinting (2024),1,komentar
user_d7048ca6e47f,FILM::Catatan Harian Menantu Sinting (2024),2,komentar
user_d77fa82bc46d,FILM::Catatan Harian Menantu Sinting (2024),1,komentar
user_d93dec1a75fc,FILM::Catatan Harian Menantu Sinting (2024),1,komentar
user_d9c8157dcdf9,FILM::Catatan Harian Menantu Sinting (2024),1,komentar
user_dadb98a4e55c,FILM::Catatan Harian Menantu Sinting (2024),1,komentar
user_dc514e180faf,FILM::Catatan Harian Menantu Sinting (2024),1,komentar
user_dcdb97ba994a,FILM::Catatan Harian Menantu Sinting (2024),1,komentar
user_de85278fcad7,FILM::Catatan Harian Menantu Sinting (2024),1,komentar
user_e0d82f96b6c6,FILM::Catatan Harian Menantu Sinting (2024),1,komentar
user_e174ba0aa654,FILM::Catatan Harian Menantu Sinting (2024),1,komentar
user_e400ac7cba24,FILM::Catatan Harian Menantu Sinting (2024),1,komentar
user_e5daf1a0f92d,FILM::Catatan Harian Menantu Sinting (2024),2,komentar
user_e82d29674460,FILM::Catatan Harian Menantu Sinting (2024),1,komentar
user_e8770c0d5116,FILM::Catatan Harian Menantu Sinting (2024),1,komentar
user_ea951d68133e,FILM::Catatan Harian Menantu Sinting (2024),1,komentar
user_f1c3300dcd1a,FILM::Catatan Harian Menantu Sinting (2024),1,komentar
user_f4d6fe6ed41f,FILM::Catatan Harian Menantu Sinting (2024),1,komentar
user_f5066f958b97,FILM::Catatan Harian Menantu Sinting (2024),1,komentar
user_f62404782045,FILM::Catatan Harian Menantu Sinting (2024),1,komentar
user_f68979d59b96,FILM::Catatan Harian Menantu Sinting (2024),1,komentar
user_f699db431813,FILM::Catatan Harian Menantu Sinting (2024),1,komentar
user_f70f2d261a98,FILM::Catatan Harian Menantu Sinting (2024),1,komentar
user_f73d9d203391,FILM::Catatan Harian Menantu Sinting (2024),1,komentar
user_f86984996267,FILM::Catatan Harian Menantu Sinting (2024),1,komentar
user_fa1a152b82e7,FILM::Catatan Harian Menantu Sinting (2024),1,komentar
user_fad43625ae33,FILM::Catatan Harian Menantu Sinting (2024),1,komentar
user_fb3edd2affe7,FILM::Catatan Harian Menantu Sinting (2024),1,komentar
user_fbab4a34a975,FILM::Catatan Harian Menantu Sinting (2024),2,komentar
user_fbf989c8c4ff,FILM::Catatan Harian Menantu Sinting (2024),1,komentar
user_fc974fcc1713,FILM::Catatan Harian Menantu Sinting (2024),1,komentar
user_fd52952bb466,FILM::Catatan Harian Menantu Sinting (2024),1,komentar
user_ff4975b06ab5,FILM::Catatan Harian Menantu Sinting (2024),1,komentar
user_015f43599a67,user_286f34a2fbda,1,balasan
user_0168b1e96945,user_56d429010861,1,balasan
user_016b2781d96c,Santet Segoro Pitu (2024),1,komentar
user_022e04602a5e,FILM::Santet Segoro Pitu (2024),1,komentar
user_02c92ae16f21,FILM::Santet Segoro Pitu (2024),1,komentar
user_04f221f7b00c,FILM::Santet Segoro Pitu (2024),1,komentar
user_06fe88156aa3,FILM::Santet Segoro Pitu (2024),1,komentar
user_070d24e4d641,FILM::Santet Segoro Pitu (2024),1,komentar
user_084f05607bda,FILM::Santet Segoro Pitu (2024),1,komentar
user_09f525c952b1,FILM::Santet Segoro Pitu (2024),1,komentar
user_0a82515cd13c,FILM::Santet Segoro Pitu (2024),1,komentar
user_0c0b6db74c3d,FILM::Santet Segoro Pitu (2024),1,komentar
user_0d208bb56a93,FILM::Santet Segoro Pitu (2024),1,komentar
user_0dba4d1e6b04,FILM::Santet Segoro Pitu (2024),1,komentar
user_0e1f5a0429fc,FILM::Santet Segoro Pitu (2024),1,komentar
user_107fb97a6b04,FILM::Santet Segoro Pitu (2024),1,komentar
user_10823902ffd8,FILM::Santet Segoro Pitu (2024),1,komentar
user_1183d7ce2397,FILM::Santet Segoro Pitu (2024),1,komentar
user_133c6b38f885,FILM::Santet Segoro Pitu (2024),1,komentar
user_134e57f3d267,FILM::Santet Segoro Pitu (2024),1,komentar
user_1353c09abf51,FILM::Santet Segoro Pitu (2024),1,komentar
user_136e32e680b7,FILM::Santet Segoro Pitu (2024),1,komentar
user_140b4bdad0f9,FILM::Santet Segoro Pitu (2024),1,komentar
user_15861666d056,FILM::Santet Segoro Pitu (2024),1,komentar
user_15897e49578d,FILM::Santet Segoro Pitu (2024),1,komentar
user_15a2a52d51d5,FILM::Santet Segoro Pitu (2024),1,komentar
user_16419d5d234a,FILM::Santet Segoro Pitu (2024),1,komentar
user_17dcf8a56f78,FILM::Santet Segoro Pitu (2024),1,komentar
user_18affae77e5a,FILM::Santet Segoro Pitu (2024),1,komentar
user_18e8c356e40d,FILM::Santet Segoro Pitu (2024),1,komentar
user_198f74973248,FILM::Santet Segoro Pitu (2024),2,komentar
user_1a5af47b581f,FILM::Santet Segoro Pitu (2024),1,komentar
user_1aca322a74b2,FILM::Santet Segoro Pitu (2024),1,komentar
user_1ade9f953032,FILM::Santet Segoro Pitu (2024),1,komentar
user_1c2e7b5f9258,FILM::Santet Segoro Pitu (2024),1,komentar
user_1cfb3bbdd144,FILM::Santet Segoro Pitu (2024),1,komentar
user_1d7eab0b0a4a,FILM::Santet Segoro Pitu (2024),1,komentar
user_1e106e6730c6,FILM::Santet Segoro Pitu (2024),1,komentar
user_1e438fc6fafc,FILM::Santet Segoro Pitu (2024),1,komentar
user_1e5ded81d3fd,FILM::Santet Segoro Pitu (2024),1,komentar
user_1eb3af7bdd75,FILM::Santet Segoro Pitu (2024),1,komentar
user_1eb4e6cdb413,FILM::Santet Segoro Pitu (2024),1,komentar
user_1ee5cc1140dc,FILM::Santet Segoro Pitu (2024),1,komentar
user_20fd437c43b9,FILM::Santet Segoro Pitu (2024),1,komentar
user_21ec785a4be9,FILM::Santet Segoro Pitu (2024),1,komentar
user_22d6be264ea8,FILM::Santet Segoro Pitu (2024),1,komentar
user_23cbec7e92ca,FILM::Santet Segoro Pitu (2024),1,komentar
user_24a611eb3524,FILM::Santet Segoro Pitu (2024),1,komentar
user_24b9ced0916f,FILM::Santet Segoro Pitu (2024),1,komentar
user_24d1098e4bc9,FILM::Santet Segoro Pitu (2024),1,komentar
user_24ffaa3e716b,FILM::Santet Segoro Pitu (2024),1,komentar
user_2578d624d4e9,FILM::Santet Segoro Pitu (2024),4,komentar
user_2733dad47a21,FILM::Santet Segoro Pitu (2024),1,komentar
user_27bfe1289a48,FILM::Santet Segoro Pitu (2024),1,komentar
user_280abeea3793,FILM::Santet Segoro Pitu (2024),1,komentar
user_28ff56d61f29,FILM::Santet Segoro Pitu (2024),1,komentar
user_297e5366fb08,FILM::Santet Segoro Pitu (2024),1,komentar
user_299ba006bd03,FILM::Santet Segoro Pitu (2024),1,komentar
user_2a5316a9707a,FILM::Santet Segoro Pitu (2024),1,komentar
user_2f3570472865,FILM::Santet Segoro Pitu (2024),1,komentar
user_30f82dfc5d89,FILM::Santet Segoro Pitu (2024),2,komentar
user_313e34f6652a,FILM::Santet Segoro Pitu (2024),1,komentar
user_31a0d4a57f27,FILM::Santet Segoro Pitu (2024),1,komentar
user_3328e96b86fa,FILM::Santet Segoro Pitu (2024),1,komentar
user_33399c7cfb0d,FILM::Santet Segoro Pitu (2024),1,komentar
user_3434427b7b9d,FILM::Santet Segoro Pitu (2024),1,komentar
user_34e109ca15d1,FILM::Santet Segoro Pitu (2024),1,komentar
user_353686789a3f,FILM::Santet Segoro Pitu (2024),1,komentar
user_357d84a3de65,FILM::Santet Segoro Pitu (2024),1,komentar
user_36429a9e5ed8,FILM::Santet Segoro Pitu (2024),1,komentar
user_3770abf9df08,FILM::Santet Segoro Pitu (2024),2,komentar
user_38d366005e1d,FILM::Santet Segoro Pitu (2024),1,komentar
user_3939e5382220,FILM::Santet Segoro Pitu (2024),1,komentar
user_393a8f34a353,FILM::Santet Segoro Pitu (2024),1,komentar
user_39f6a2cb639f,FILM::Santet Segoro Pitu (2024),1,komentar
user_3a3ebc973dbb,FILM::Santet Segoro Pitu (2024),2,komentar
user_3a407fac332c,FILM::Santet Segoro Pitu (2024),1,komentar
user_3a9030c9fb42,FILM::Santet Segoro Pitu (2024),1,komentar
user_3b400f8fd48b,FILM::Santet Segoro Pitu (2024),1,komentar
user_3bec9023a9e1,FILM::Santet Segoro Pitu (2024),1,komentar
user_3df481ffdb2e,FILM::Santet Segoro Pitu (2024),1,komentar
user_3ece0e5dd926,FILM::Santet Segoro Pitu (2024),2,komentar
user_3f57151df775,FILM::Santet Segoro Pitu (2024),1,komentar
user_3f689281827f,FILM::Santet Segoro Pitu (2024),2,komentar
user_3fe5746c50f9,FILM::Santet Segoro Pitu (2024),2,komentar
user_40505a84de4f,FILM::Santet Segoro Pitu (2024),1,komentar
user_41ae64955cbd,FILM::Santet Segoro Pitu (2024),1,komentar
user_4213a5e2b4e8,FILM::Santet Segoro Pitu (2024),2,komentar
user_4235b4537051,FILM::Santet Segoro Pitu (2024),1,komentar
user_426fa0e18daf,FILM::Santet Segoro Pitu (2024),1,komentar
user_44160c7f22b7,FILM::Santet Segoro Pitu (2024),1,komentar
user_4471cac8a177,FILM::Santet Segoro Pitu (2024),1,komentar
user_44bc3350509f,FILM::Santet Segoro Pitu (2024),1,komentar
user_4540541a041a,FILM::Santet Segoro Pitu (2024),1,komentar
user_45f2f7c54e80,FILM::Santet Segoro Pitu (2024),1,komentar
user_4629a7837247,FILM::Santet Segoro Pitu (2024),1,komentar
user_466a9566225d,FILM::Santet Segoro Pitu (2024),1,komentar
user_46b3ff6741df,FILM::Santet Segoro Pitu (2024),1,komentar
user_4a01836a4016,FILM::Santet Segoro Pitu (2024),1,komentar
user_4a923c966d53,FILM::Santet Segoro Pitu (2024),1,komentar
user_4ae16b2ff98f,FILM::Santet Segoro Pitu (2024),1,komentar
user_4b2979a548ea,FILM::Santet Segoro Pitu (2024),5,komentar
user_4b85c95cb0e2,FILM::Santet Segoro Pitu (2024),1,komentar
user_4be2b87858c7,FILM::Santet Segoro Pitu (2024),1,komentar
user_4c7f86436590,FILM::Santet Segoro Pitu (2024),1,komentar
user_4caca487d05f,FILM::Santet Segoro Pitu (2024),2,komentar
user_4d0840d3d78f,FILM::Santet Segoro Pitu (2024),1,komentar
user_4d289d86feb5,FILM::Santet Segoro Pitu (2024),1,komentar
user_4d8c2e1d1a74,FILM::Santet Segoro Pitu (2024),1,komentar
user_4f0f1ed9f587,FILM::Santet Segoro Pitu (2024),1,komentar
user_4fd3b7de8c8a,FILM::Santet Segoro Pitu (2024),1,komentar
user_50fb803d3d20,FILM::Santet Segoro Pitu (2024),1,komentar
user_512774d17815,FILM::Santet Segoro Pitu (2024),1,komentar
user_513ef1a0af64,FILM::Santet Segoro Pitu (2024),1,komentar
user_51a6a0293262,FILM::Santet Segoro Pitu (2024),1,komentar
user_52af4400cc73,FILM::Santet Segoro Pitu (2024),1,komentar
user_531be058e2bb,FILM::Santet Segoro Pitu (2024),1,komentar
user_5401a2221c46,FILM::Santet Segoro Pitu (2024),1,komentar
user_544604120c31,FILM::Santet Segoro Pitu (2024),1,komentar
user_552bf30d7143,FILM::Santet Segoro Pitu (2024),1,komentar
user_55db7f4f66eb,FILM::Santet Segoro Pitu (2024),1,komentar
user_56e198bc3fd7,FILM::Santet Segoro Pitu (2024),1,komentar
user_57222ae1a111,FILM::Santet Segoro Pitu (2024),2,komentar
user_577a1663dceb,FILM::Santet Segoro Pitu (2024),1,komentar
user_5885587f026e,FILM::Santet Segoro Pitu (2024),1,komentar
user_59d3d5b24804,FILM::Santet Segoro Pitu (2024),1,komentar
user_5a92f57eabfa,FILM::Santet Segoro Pitu (2024),1,komentar
user_5a98bda96ceb,FILM::Santet Segoro Pitu (2024),1,komentar
user_5c757cef41c5,FILM::Santet Segoro Pitu (2024),1,komentar
user_5d67a7dcadaa,FILM::Santet Segoro Pitu (2024),1,komentar
user_5dfd179da46e,FILM::Santet Segoro Pitu (2024),1,komentar
user_5ed449fce39c,FILM::Santet Segoro Pitu (2024),1,komentar
user_5efcac87e169,FILM::Santet Segoro Pitu (2024),1,komentar
user_5f038ab95e08,FILM::Santet Segoro Pitu (2024),4,komentar
user_6214cb27512a,FILM::Santet Segoro Pitu (2024),1,komentar
user_62b0013db4b9,FILM::Santet Segoro Pitu (2024),1,komentar
user_62b5ba728266,FILM::Santet Segoro Pitu (2024),1,komentar
user_62ba10f64d49,FILM::Santet Segoro Pitu (2024),1,komentar
user_642f0f726246,FILM::Santet Segoro Pitu (2024),1,komentar
user_6505f83cf6a0,FILM::Santet Segoro Pitu (2024),1,komentar
user_6539c3822ce8,FILM::Santet Segoro Pitu (2024),1,komentar
user_6747b8c08cba,FILM::Santet Segoro Pitu (2024),1,komentar
user_67c3f1a1ab2d,FILM::Santet Segoro Pitu (2024),1,komentar
user_686c2b1bf95c,FILM::Santet Segoro Pitu (2024),1,komentar
user_69ea147bd2bf,FILM::Santet Segoro Pitu (2024),1,komentar
user_6a3854d79201,FILM::Santet Segoro Pitu (2024),2,komentar
user_6a3a034dc011,FILM::Santet Segoro Pitu (2024),1,komentar
user_6a58065e76d8,FILM::Santet Segoro Pitu (2024),1,komentar
user_6a9306af685b,FILM::Santet Segoro Pitu (2024),1,komentar
user_6aac1d230982,FILM::Santet Segoro Pitu (2024),2,komentar
user_6afda1bb6bcf,FILM::Santet Segoro Pitu (2024),1,komentar
user_6b270711e9e4,FILM::Santet Segoro Pitu (2024),1,komentar
user_6b41e79a0319,FILM::Santet Segoro Pitu (2024),1,komentar
user_6bcbb2cfe33c,FILM::Santet Segoro Pitu (2024),1,komentar
user_6cf36a2fda05,FILM::Santet Segoro Pitu (2024),1,komentar
user_6d08cbde600f,FILM::Santet Segoro Pitu (2024),1,komentar
user_6d2378ebbecd,FILM::Santet Segoro Pitu (2024),1,komentar
user_6d2d2c733f4c,FILM::Santet Segoro Pitu (2024),1,komentar
user_6db136bd972e,FILM::Santet Segoro Pitu (2024),1,komentar
user_6df18912eca6,FILM::Santet Segoro Pitu (2024),1,komentar
user_7035579db7ea,FILM::Santet Segoro Pitu (2024),2,komentar
user_7087772db823,FILM::Santet Segoro Pitu (2024),1,komentar
user_70ba3ae36ea0,FILM::Santet Segoro Pitu (2024),1,komentar
user_729591103535,FILM::Santet Segoro Pitu (2024),1,komentar
user_74551a70b51a,FILM::Santet Segoro Pitu (2024),1,komentar
user_74e798964926,FILM::Santet Segoro Pitu (2024),1,komentar
user_75096ae5e44b,FILM::Santet Segoro Pitu (2024),1,komentar
user_762f6791927f,FILM::Santet Segoro Pitu (2024),1,komentar
user_7653f25a82df,FILM::Santet Segoro Pitu (2024),1,komentar
user_776ea55b5fef,FILM::Santet Segoro Pitu (2024),1,komentar
user_7950b90f7845,FILM::Santet Segoro Pitu (2024),1,komentar
user_7a5bb8a98cf4,FILM::Santet Segoro Pitu (2024),2,komentar
user_7a96e01157e8,FILM::Santet Segoro Pitu (2024),2,komentar
user_7b2bb799e532,FILM::Santet Segoro Pitu (2024),1,komentar
user_7e6ac70d20be,FILM::Santet Segoro Pitu (2024),1,komentar
user_7f99a1dbea02,FILM::Santet Segoro Pitu (2024),1,komentar
user_802cb557ff40,FILM::Santet Segoro Pitu (2024),2,komentar
user_803937f66f4c,FILM::Santet Segoro Pitu (2024),1,komentar
user_8080cbd8c98b,FILM::Santet Segoro Pitu (2024),1,komentar
user_80a552df07a3,FILM::Santet Segoro Pitu (2024),1,komentar
user_81facc4f4115,FILM::Santet Segoro Pitu (2024),1,komentar
user_82d6587d1e8b,FILM::Santet Segoro Pitu (2024),1,komentar
user_8386aa64a220,FILM::Santet Segoro Pitu (2024),1,komentar
user_83fbf3531fd4,FILM::Santet Segoro Pitu (2024),1,komentar
user_859cf97cb218,FILM::Santet Segoro Pitu (2024),3,komentar
user_8636990194b2,FILM::Santet Segoro Pitu (2024),1,komentar
user_87d5edf5c268,FILM::Santet Segoro Pitu (2024),1,komentar
user_8aab09474566,FILM::Santet Segoro Pitu (2024),1,komentar
user_8adba7f0590d,FILM::Santet Segoro Pitu (2024),1,komentar
user_8c1d356d633f,FILM::Santet Segoro Pitu (2024),1,komentar
user_8c4401537e6f,FILM::Santet Segoro Pitu (2024),2,komentar
user_8ce41938950e,FILM::Santet Segoro Pitu (2024),1,komentar
user_902330062d72,FILM::Santet Segoro Pitu (2024),1,komentar
user_908376972635,FILM::Santet Segoro Pitu (2024),1,komentar
user_912fc1c5f648,FILM::Santet Segoro Pitu (2024),1,komentar
user_92d33f150599,FILM::Santet Segoro Pitu (2024),1,komentar
user_93348d17b2e3,FILM::Santet Segoro Pitu (2024),1,komentar
user_93d476829102,FILM::Santet Segoro Pitu (2024),1,komentar
user_941cb57842ea,FILM::Santet Segoro Pitu (2024),1,komentar
user_95279d2d95de,FILM::Santet Segoro Pitu (2024),1,komentar
user_95d9a7cde9a0,FILM::Santet Segoro Pitu (2024),1,komentar
user_9713817d8063,FILM::Santet Segoro Pitu (2024),1,komentar
user_99f854000754,FILM::Santet Segoro Pitu (2024),1,komentar
user_9a1ea63b4103,FILM::Santet Segoro Pitu (2024),1,komentar
user_9a55049fd95c,FILM::Santet Segoro Pitu (2024),1,komentar
user_9b4970675a9d,FILM::Santet Segoro Pitu (2024),1,komentar
user_9b8ff17b8f02,FILM::Santet Segoro Pitu (2024),1,komentar
user_9b95ae175b3e,FILM::Santet Segoro Pitu (2024),1,komentar
user_9ba9e13627cf,FILM::Santet Segoro Pitu (2024),1,komentar
user_9dcac7a416de,FILM::Santet Segoro Pitu (2024),1,komentar
user_9f209b881f42,FILM::Santet Segoro Pitu (2024),1,komentar
user_9f3df651de88,FILM::Santet Segoro Pitu (2024),2,komentar
user_9fc131d9370b,FILM::Santet Segoro Pitu (2024),1,komentar
user_9fd565c6d76e,FILM::Santet Segoro Pitu (2024),1,komentar
user_a0f14a39f0c3,FILM::Santet Segoro Pitu (2024),1,komentar
user_a19e5466c2b5,FILM::Santet Segoro Pitu (2024),1,komentar
user_a22b2cc3210a,FILM::Santet Segoro Pitu (2024),1,komentar
user_a24fba5d6730,FILM::Santet Segoro Pitu (2024),1,komentar
user_a2b0ae84935b,FILM::Santet Segoro Pitu (2024),1,komentar
user_a37f2815062e,FILM::Santet Segoro Pitu (2024),1,komentar
user_a3f56ce86960,FILM::Santet Segoro Pitu (2024),1,komentar
user_a45ac52b0524,FILM::Santet Segoro Pitu (2024),1,komentar
user_a4ee38520059,FILM::Santet Segoro Pitu (2024),1,komentar
user_a501a6a1c120,FILM::Santet Segoro Pitu (2024),1,komentar
user_a50386d3ab3c,FILM::Santet Segoro Pitu (2024),1,komentar
user_a5fd0a378586,FILM::Santet Segoro Pitu (2024),2,komentar
user_a6105db6fe16,FILM::Santet Segoro Pitu (2024),2,komentar
user_a6e46a3876fd,FILM::Santet Segoro Pitu (2024),1,komentar
user_a8bf043e63e0,FILM::Santet Segoro Pitu (2024),2,komentar
user_a8cd225d7fb9,FILM::Santet Segoro Pitu (2024),1,komentar
user_a985492cb03c,FILM::Santet Segoro Pitu (2024),1,komentar
user_a9e3afa36b48,FILM::Santet Segoro Pitu (2024),1,komentar
user_a9fdd5bfa73f,FILM::Santet Segoro Pitu (2024),1,komentar
user_a9fe584b44f5,FILM::Santet Segoro Pitu (2024),1,komentar
user_aa3627bb577f,FILM::Santet Segoro Pitu (2024),1,komentar
user_aa4727bed7fe,FILM::Santet Segoro Pitu (2024),2,komentar
user_aab5d84d51a0,FILM::Santet Segoro Pitu (2024),1,komentar
user_ad2e519a1dd4,FILM::Santet Segoro Pitu (2024),2,komentar
user_ae7751c50909,FILM::Santet Segoro Pitu (2024),1,komentar
user_af36981248dd,FILM::Santet Segoro Pitu (2024),1,komentar
user_af4542cf2a3d,FILM::Santet Segoro Pitu (2024),1,komentar
user_af5842cc9dd6,FILM::Santet Segoro Pitu (2024),1,komentar
user_af6bb3a746d0,FILM::Santet Segoro Pitu (2024),1,komentar
user_afba889e9caa,FILM::Santet Segoro Pitu (2024),1,komentar
user_b022572bbe95,FILM::Santet Segoro Pitu (2024),1,komentar
user_b072d5af14d1,FILM::Santet Segoro Pitu (2024),1,komentar
user_b12bf3586e51,FILM::Santet Segoro Pitu (2024),2,komentar
user_b17a572c3e18,FILM::Santet Segoro Pitu (2024),1,komentar
user_b1d3baf18c24,FILM::Santet Segoro Pitu (2024),1,komentar
user_b43191889e72,FILM::Santet Segoro Pitu (2024),1,komentar
user_b48a478c1707,FILM::Santet Segoro Pitu (2024),1,komentar
user_b54c6b969421,FILM::Santet Segoro Pitu (2024),1,komentar
user_b5924a3ab1b9,FILM::Santet Segoro Pitu (2024),1,komentar
user_b5e3680fb1c9,FILM::Santet Segoro Pitu (2024),3,komentar
user_b74bcf29355f,FILM::Santet Segoro Pitu (2024),1,komentar
user_b77d51832377,FILM::Santet Segoro Pitu (2024),1,komentar
user_b839fd0e6e73,FILM::Santet Segoro Pitu (2024),1,komentar
user_b842e606a6a7,FILM::Santet Segoro Pitu (2024),1,komentar
user_b8bf3a606d9b,FILM::Santet Segoro Pitu (2024),1,komentar
user_b925744ccb64,FILM::Santet Segoro Pitu (2024),2,komentar
user_b95050844d57,FILM::Santet Segoro Pitu (2024),1,komentar
user_b98002d9750d,FILM::Santet Segoro Pitu (2024),1,komentar
user_ba5599933f06,FILM::Santet Segoro Pitu (2024),2,komentar
user_ba7f90380906,FILM::Santet Segoro Pitu (2024),1,komentar
user_bb79b017b0ba,FILM::Santet Segoro Pitu (2024),1,komentar
user_bc1daf5ff404,FILM::Santet Segoro Pitu (2024),1,komentar
user_bc2ef20ec64f,FILM::Santet Segoro Pitu (2024),1,komentar
user_bcd5c68e4fab,FILM::Santet Segoro Pitu (2024),1,komentar
user_bcfa2c20f18b,FILM::Santet Segoro Pitu (2024),1,komentar
user_be7758ea1dbb,FILM::Santet Segoro Pitu (2024),1,komentar
user_bf5edd9ef1cd,FILM::Santet Segoro Pitu (2024),1,komentar
user_bf6fd7c0219c,FILM::Santet Segoro Pitu (2024),2,komentar
user_c0b2aad69d24,FILM::Santet Segoro Pitu (2024),1,komentar
user_c10bbeb3ea2f,FILM::Santet Segoro Pitu (2024),1,komentar
user_c17ee4591a4c,FILM::Santet Segoro Pitu (2024),1,komentar
user_c1d9cac033a3,FILM::Santet Segoro Pitu (2024),1,komentar
user_c233834bf65c,FILM::Santet Segoro Pitu (2024),1,komentar
user_c3351b76b8a5,FILM::Santet Segoro Pitu (2024),2,komentar
user_c3a3430a9a59,FILM::Santet Segoro Pitu (2024),1,komentar
user_c48e388d1609,FILM::Santet Segoro Pitu (2024),1,komentar
user_c6158c930951,FILM::Santet Segoro Pitu (2024),2,komentar
user_c71d1b861b82,FILM::Santet Segoro Pitu (2024),1,komentar
user_c76e35220453,FILM::Santet Segoro Pitu (2024),1,komentar
user_c9a0d2374efa,FILM::Santet Segoro Pitu (2024),1,komentar
user_c9dc8c99e7d8,FILM::Santet Segoro Pitu (2024),1,komentar
user_ca22dafa0fc6,FILM::Santet Segoro Pitu (2024),1,komentar
user_cc291b5abe8f,FILM::Santet Segoro Pitu (2024),1,komentar
user_cc514859b216,FILM::Santet Segoro Pitu (2024),1,komentar
user_cc67663cfe47,FILM::Santet Segoro Pitu (2024),1,komentar
user_cd556e57a6ab,FILM::Santet Segoro Pitu (2024),1,komentar
user_cd6081d3c3e9,FILM::Santet Segoro Pitu (2024),1,komentar
user_cec4383f6951,FILM::Santet Segoro Pitu (2024),1,komentar
user_cef417e3cc26,FILM::Santet Segoro Pitu (2024),1,komentar
user_cf838536b122,FILM::Santet Segoro Pitu (2024),1,komentar
user_cfa3fd7d9165,FILM::Santet Segoro Pitu (2024),1,komentar
user_d102e0901baa,FILM::Santet Segoro Pitu (2024),1,komentar
user_d1327e065975,FILM::Santet Segoro Pitu (2024),1,komentar
user_d1bc2cfd4862,FILM::Santet Segoro Pitu (2024),1,komentar
user_d1c21e79f732,FILM::Santet Segoro Pitu (2024),1,komentar
user_d295fa7b4914,FILM::Santet Segoro Pitu (2024),1,komentar
user_d36d08a04c53,FILM::Santet Segoro Pitu (2024),1,komentar
user_d4423aa99305,FILM::Santet Segoro Pitu (2024),1,komentar
user_d4bcb44b09b6,FILM::Santet Segoro Pitu (2024),2,komentar
user_d4e2aae9bfdb,FILM::Santet Segoro Pitu (2024),1,komentar
user_d4e684464569,FILM::Santet Segoro Pitu (2024),1,komentar
user_d4f6e484c9aa,FILM::Santet Segoro Pitu (2024),1,komentar
user_d66fd9874a79,FILM::Santet Segoro Pitu (2024),1,komentar
user_d686fe30694b,FILM::Santet Segoro Pitu (2024),1,komentar
user_d6fec73e0d90,FILM::Santet Segoro Pitu (2024),1,komentar
user_d71a7fc4f968,FILM::Santet Segoro Pitu (2024),1,komentar
user_d8b78423a013,FILM::Santet Segoro Pitu (2024),1,komentar
user_d95e12b4f79b,FILM::Santet Segoro Pitu (2024),1,komentar
user_dbc81c90977a,FILM::Santet Segoro Pitu (2024),1,komentar
user_dcb07e0c60ba,FILM::Santet Segoro Pitu (2024),2,komentar
user_dceb01e4fe43,FILM::Santet Segoro Pitu (2024),1,komentar
user_dd0bd2f5850d,FILM::Santet Segoro Pitu (2024),1,komentar
user_df2d6ca41293,FILM::Santet Segoro Pitu (2024),1,komentar
user_df3c07121cfb,FILM::Santet Segoro Pitu (2024),1,komentar
user_e0d980509f9a,FILM::Santet Segoro Pitu (2024),1,komentar
user_e15bcef6c5a9,FILM::Santet Segoro Pitu (2024),1,komentar
user_e1a76d61dc4d,FILM::Santet Segoro Pitu (2024),1,komentar
user_e212e5611bd2,FILM::Santet Segoro Pitu (2024),1,komentar
user_e3a4601b8018,FILM::Santet Segoro Pitu (2024),1,komentar
user_e57f32460446,FILM::Santet Segoro Pitu (2024),1,komentar
user_e778167a5152,FILM::Santet Segoro Pitu (2024),1,komentar
user_e78f601e51da,FILM::Santet Segoro Pitu (2024),1,komentar
user_e7d5962b5dee,FILM::Santet Segoro Pitu (2024),1,komentar
user_e7df82042544,FILM::Santet Segoro Pitu (2024),1,komentar
user_e842aa252da2,FILM::Santet Segoro Pitu (2024),1,komentar
user_e89a1ba02fec,FILM::Santet Segoro Pitu (2024),1,komentar
user_ea28320d6c40,FILM::Santet Segoro Pitu (2024),1,komentar
user_eab809142214,FILM::Santet Segoro Pitu (2024),1,komentar
user_eb1034037f61,FILM::Santet Segoro Pitu (2024),1,komentar
user_eb37fdbc9c73,FILM::Santet Segoro Pitu (2024),1,komentar
user_ebdfe949c66f,FILM::Santet Segoro Pitu (2024),1,komentar
user_ebfb458f53f4,FILM::Santet Segoro Pitu (2024),1,komentar
user_ec1049f1fa95,FILM::Santet Segoro Pitu (2024),5,komentar
user_ec2b45b6cdaf,FILM::Santet Segoro Pitu (2024),1,komentar
user_ec6db172a2b9,FILM::Santet Segoro Pitu (2024),1,komentar
user_eccd90cca433,FILM::Santet Segoro Pitu (2024),1,komentar
user_ef69de723ac6,FILM::Santet Segoro Pitu (2024),1,komentar
user_f0136058d99a,FILM::Santet Segoro Pitu (2024),1,komentar
user_f0693fef8dc8,FILM::Santet Segoro Pitu (2024),1,komentar
user_f16506bf8589,FILM::Santet Segoro Pitu (2024),1,komentar
user_f16f38c67ca9,FILM::Santet Segoro Pitu (2024),1,komentar
user_f22afd171cb6,FILM::Santet Segoro Pitu (2024),1,komentar
user_f2488eab2d38,FILM::Santet Segoro Pitu (2024),2,komentar
user_f2717f3f14e8,FILM::Santet Segoro Pitu (2024),1,komentar
user_f2dd881a4d29,FILM::Santet Segoro Pitu (2024),1,komentar
user_f2e8451d0913,FILM::Santet Segoro Pitu (2024),1,komentar
user_f30e496f9004,FILM::Santet Segoro Pitu (2024),1,komentar
user_f41d4258db84,FILM::Santet Segoro Pitu (2024),1,komentar
user_f4ff900fc462,FILM::Santet Segoro Pitu (2024),2,komentar
user_f5665e5f6038,FILM::Santet Segoro Pitu (2024),2,komentar
user_f574e1a1a7a3,FILM::Santet Segoro Pitu (2024),1,komentar
user_f595e77e3378,FILM::Santet Segoro Pitu (2024),1,komentar
user_f62713e95151,FILM::Santet Segoro Pitu (2024),1,komentar
user_f678cc0c11b4,FILM::Santet Segoro Pitu (2024),1,komentar
user_f73bcaee3d91,FILM::Santet Segoro Pitu (2024),1,komentar
user_f76eaae45002,FILM::Santet Segoro Pitu (2024),1,komentar
user_f848c4d34e1f,FILM::Santet Segoro Pitu (2024),1,komentar
user_f84c1beaad75,FILM::Santet Segoro Pitu (2024),1,komentar
user_f93f69b96d59,FILM::Santet Segoro Pitu (2024),1,komentar
user_fa164345fa83,FILM::Santet Segoro Pitu (2024),1,komentar
user_fa6e340d8f70,FILM::Santet Segoro Pitu (2024),2,komentar
user_faf8b49eeb90,FILM::Santet Segoro Pitu (2024),2,komentar
user_fb93a382a3cd,FILM::Santet Segoro Pitu (2024),1,komentar
user_fc99662fcedb,FILM::Santet Segoro Pitu (2024),3,komentar
user_fd0b7a58b408,FILM::Santet Segoro Pitu (2024),1,komentar
user_fdd19afcecc4,FILM::Santet Segoro Pitu (2024),1,komentar
user_ff017c66eec0,FILM::Santet Segoro Pitu (2024),1,komentar
user_01cd5a89fdcf,user_8136dd7f2de9,4,balasan
user_01e88ac060d2,Mata Batin (2017),3,komentar
user_01e88ac060d2,user_0c655293ef4d,2,balasan
user_01e88ac060d2,user_aa4727bed7fe,2,balasan
user_024d0a276785,FILM::Mata Batin (2017),1,komentar
user_027b23915652,FILM::Mata Batin (2017),1,komentar
user_02cbf39ace79,FILM::Mata Batin (2017),2,komentar
user_0462cb85be88,FILM::Mata Batin (2017),1,komentar
user_05a91d3eedf2,FILM::Mata Batin (2017),1,komentar
user_0c655293ef4d,FILM::Mata Batin (2017),1,komentar
user_0e3ba8770ddd,FILM::Mata Batin (2017),1,komentar
user_0f03c45a3966,FILM::Mata Batin (2017),1,komentar
user_144b0368f901,FILM::Mata Batin (2017),1,komentar
user_190fa4eb6cf7,FILM::Mata Batin (2017),1,komentar
user_1c3ad193cc87,FILM::Mata Batin (2017),1,komentar
user_202515c2489e,FILM::Mata Batin (2017),2,komentar
user_28b812ff4d64,FILM::Mata Batin (2017),1,komentar
user_2b8c2dc89402,FILM::Mata Batin (2017),1,komentar
user_2ba744aca006,FILM::Mata Batin (2017),1,komentar
user_2ccc8e6ca85d,FILM::Mata Batin (2017),2,komentar
user_2ddcd5ac3326,FILM::Mata Batin (2017),1,komentar
user_2f32c11deb83,FILM::Mata Batin (2017),3,komentar
user_32713c139d45,FILM::Mata Batin (2017),1,komentar
user_34d5d4b73ab8,FILM::Mata Batin (2017),3,komentar
user_36febe43adcc,FILM::Mata Batin (2017),1,komentar
user_3aa6c0347b6b,FILM::Mata Batin (2017),2,komentar
user_420746dfe39f,FILM::Mata Batin (2017),1,komentar
user_452b5b0ea65c,FILM::Mata Batin (2017),1,komentar
user_4c4f5484df50,FILM::Mata Batin (2017),1,komentar
user_4db0d005cfcb,FILM::Mata Batin (2017),1,komentar
user_51f9440145a6,FILM::Mata Batin (2017),4,komentar
user_52dbf0c6ed78,FILM::Mata Batin (2017),2,komentar
user_5cf99c148500,FILM::Mata Batin (2017),1,komentar
user_60c0ac7c014e,FILM::Mata Batin (2017),1,komentar
user_6afc37e9edcc,FILM::Mata Batin (2017),3,komentar
user_70f52b0e7f54,FILM::Mata Batin (2017),1,komentar
user_73b2f242818a,FILM::Mata Batin (2017),1,komentar
user_778f11f00458,FILM::Mata Batin (2017),1,komentar
user_7903a1a10de8,FILM::Mata Batin (2017),1,komentar
user_7ba788e3495b,FILM::Mata Batin (2017),1,komentar
user_7d117c1808e4,FILM::Mata Batin (2017),1,komentar
user_7d28c186c136,FILM::Mata Batin (2017),1,komentar
user_84bd385450f0,FILM::Mata Batin (2017),1,komentar
user_896b4aea90b6,FILM::Mata Batin (2017),1,komentar
user_8dfbe436bafd,FILM::Mata Batin (2017),1,komentar
user_8e05c300544c,FILM::Mata Batin (2017),2,komentar
user_915812c3b43a,FILM::Mata Batin (2017),2,komentar
user_929454d03116,FILM::Mata Batin (2017),2,komentar
user_9324a0c90f0d,FILM::Mata Batin (2017),1,komentar
user_98396989fa09,FILM::Mata Batin (2017),1,komentar
user_9cd8ffd2723b,FILM::Mata Batin (2017),1,komentar
user_a25652f10711,FILM::Mata Batin (2017),1,komentar
user_a2f54d1a90df,FILM::Mata Batin (2017),1,komentar
user_a818298cef50,FILM::Mata Batin (2017),1,komentar
user_aa4727bed7fe,FILM::Mata Batin (2017),1,komentar
user_aba48d5e12a7,FILM::Mata Batin (2017),1,komentar
user_aea2a4c7162e,FILM::Mata Batin (2017),1,komentar
user_af6282507adf,FILM::Mata Batin (2017),1,komentar
user_b1e3340461f0,FILM::Mata Batin (2017),1,komentar
user_b4e24a2025fe,FILM::Mata Batin (2017),1,komentar
user_b91c3f2ca635,FILM::Mata Batin (2017),1,komentar
user_bd5307c9566b,FILM::Mata Batin (2017),1,komentar
user_c1cda3d66359,FILM::Mata Batin (2017),1,komentar
user_c5aa1fa101db,FILM::Mata Batin (2017),1,komentar
user_c6491f380cc6,FILM::Mata Batin (2017),1,komentar
user_ceb60b9ecee6,FILM::Mata Batin (2017),1,komentar
user_d092158fe77e,FILM::Mata Batin (2017),1,komentar
user_d0d1a117ed54,FILM::Mata Batin (2017),2,komentar
user_d1642dff5b3e,FILM::Mata Batin (2017),1,komentar
user_d21bc59ceee0,FILM::Mata Batin (2017),1,komentar
user_d25532523319,FILM::Mata Batin (2017),1,komentar
user_d2b28d18e75a,FILM::Mata Batin (2017),1,komentar
user_da32d24efaa3,FILM::Mata Batin (2017),1,komentar
user_db24dca3b042,FILM::Mata Batin (2017),1,komentar
user_dd1639901f79,FILM::Mata Batin (2017),1,komentar
user_e0a6ca00f28f,FILM::Mata Batin (2017),1,komentar
user_e3d52082b03c,FILM::Mata Batin (2017),1,komentar
user_ea4e261f0c26,FILM::Mata Batin (2017),1,komentar
user_eefc6d6c8ee1,FILM::Mata Batin (2017),1,komentar
user_f3034a7ec64a,FILM::Mata Batin (2017),1,komentar
user_f38d68c828e1,FILM::Mata Batin (2017),1,komentar
user_f50ca502239f,FILM::Mata Batin (2017),1,komentar
user_f8924442df04,FILM::Mata Batin (2017),1,komentar
user_fcb4c3e442cf,FILM::Mata Batin (2017),1,komentar
user_fed8eeaf109c,FILM::Mata Batin (2017),2,komentar
user_ff41d4d19f63,FILM::Mata Batin (2017),2,komentar
user_01f199193dd5,user_0a278f49204b,1,balasan
user_01f199193dd5,user_d5086b00a143,1,balasan
user_020bb05510ed,user_3a0c2e8a1c96,1,balasan
user_0227db36c26e,user_f032a5c94a19,1,balasan
user_022a92829b5f,user_80b69ba8fe0a,1,balasan
user_02366e303458,user_6138efaa569c,1,balasan
user_02a9684e28f2,Danur: The Last Chapter (2026),4,komentar
user_02a9684e28f2,user_38f53311cf00,1,balasan
user_02a9684e28f2,user_739ee30e9d19,2,balasan
user_02a9684e28f2,user_fe46f02e9bfe,1,balasan
user_03fc2f8c692a,FILM::Danur: The Last Chapter (2026),3,komentar
user_04789f980367,FILM::Danur: The Last Chapter (2026),1,komentar
user_07953a47afff,FILM::Danur: The Last Chapter (2026),1,komentar
user_079bd2de123b,FILM::Danur: The Last Chapter (2026),1,komentar
user_0843dcccce23,FILM::Danur: The Last Chapter (2026),1,komentar
user_08763fcbcc1a,FILM::Danur: The Last Chapter (2026),1,komentar
user_0af90075108c,FILM::Danur: The Last Chapter (2026),1,komentar
user_0b3d09c62210,FILM::Danur: The Last Chapter (2026),8,komentar
user_0bc1fde93f19,FILM::Danur: The Last Chapter (2026),1,komentar
user_0c600edf015f,FILM::Danur: The Last Chapter (2026),1,komentar
user_0d730739378b,FILM::Danur: The Last Chapter (2026),1,komentar
user_0f7691e5129f,FILM::Danur: The Last Chapter (2026),1,komentar
user_0f92dbeddaa1,FILM::Danur: The Last Chapter (2026),1,komentar
user_0fc7f20d87c4,FILM::Danur: The Last Chapter (2026),1,komentar
user_10144043f4fc,FILM::Danur: The Last Chapter (2026),1,komentar
user_1033f67b90ca,FILM::Danur: The Last Chapter (2026),1,komentar
user_11c58b1aa43b,FILM::Danur: The Last Chapter (2026),2,komentar
user_122fa3b56982,FILM::Danur: The Last Chapter (2026),1,komentar
user_14436286dd13,FILM::Danur: The Last Chapter (2026),1,komentar
user_16fd72719e0b,FILM::Danur: The Last Chapter (2026),1,komentar
user_18df82b5839d,FILM::Danur: The Last Chapter (2026),1,komentar
user_194658e1a140,FILM::Danur: The Last Chapter (2026),1,komentar
user_1c6b4e3e6b73,FILM::Danur: The Last Chapter (2026),1,komentar
user_1e59fedc1a06,FILM::Danur: The Last Chapter (2026),1,komentar
user_1eb4e6cdb413,FILM::Danur: The Last Chapter (2026),1,komentar
user_1ee5cc1140dc,FILM::Danur: The Last Chapter (2026),1,komentar
user_1f790b3c6551,FILM::Danur: The Last Chapter (2026),1,komentar
user_2145346b8fd9,FILM::Danur: The Last Chapter (2026),2,komentar
user_21ff3d2bdf5e,FILM::Danur: The Last Chapter (2026),1,komentar
user_2223636afe46,FILM::Danur: The Last Chapter (2026),2,komentar
user_22c323d65659,FILM::Danur: The Last Chapter (2026),1,komentar
user_25a1a5c51b72,FILM::Danur: The Last Chapter (2026),1,komentar
user_2600fe994f81,FILM::Danur: The Last Chapter (2026),1,komentar
user_265b30d36b23,FILM::Danur: The Last Chapter (2026),3,komentar
user_2852a63bf814,FILM::Danur: The Last Chapter (2026),2,komentar
user_288817fe8ea1,FILM::Danur: The Last Chapter (2026),1,komentar
user_28f235934001,FILM::Danur: The Last Chapter (2026),1,komentar
user_29c3c498119a,FILM::Danur: The Last Chapter (2026),1,komentar
user_2bc38591896e,FILM::Danur: The Last Chapter (2026),1,komentar
user_2be634602c0b,FILM::Danur: The Last Chapter (2026),1,komentar
user_2d6aa69ce69b,FILM::Danur: The Last Chapter (2026),2,komentar
user_2e5e5cd18e27,FILM::Danur: The Last Chapter (2026),1,komentar
user_2ee19fe24bfc,FILM::Danur: The Last Chapter (2026),1,komentar
user_30ea65b34bae,FILM::Danur: The Last Chapter (2026),1,komentar
user_31062afcc3be,FILM::Danur: The Last Chapter (2026),2,komentar
user_328021a49a4d,FILM::Danur: The Last Chapter (2026),1,komentar
user_3368f9f0279f,FILM::Danur: The Last Chapter (2026),3,komentar
user_3421375f6fee,FILM::Danur: The Last Chapter (2026),1,komentar
user_34c543fba7ff,FILM::Danur: The Last Chapter (2026),1,komentar
user_357caa3a1010,FILM::Danur: The Last Chapter (2026),2,komentar
user_360f763546cc,FILM::Danur: The Last Chapter (2026),1,komentar
user_374bdb6ac48c,FILM::Danur: The Last Chapter (2026),1,komentar
user_3753950e4a38,FILM::Danur: The Last Chapter (2026),1,komentar
user_38dbdca74e42,FILM::Danur: The Last Chapter (2026),1,komentar
user_38f53311cf00,FILM::Danur: The Last Chapter (2026),2,komentar
user_3a24c0f256f7,FILM::Danur: The Last Chapter (2026),1,komentar
user_3ab775390c75,FILM::Danur: The Last Chapter (2026),1,komentar
user_3c05f0a5677a,FILM::Danur: The Last Chapter (2026),1,komentar
user_3dddc3fcbdff,FILM::Danur: The Last Chapter (2026),1,komentar
user_4113f4c83cf5,FILM::Danur: The Last Chapter (2026),1,komentar
user_420746dfe39f,FILM::Danur: The Last Chapter (2026),2,komentar
user_45ad5cc8242d,FILM::Danur: The Last Chapter (2026),1,komentar
user_46199d1c45ee,FILM::Danur: The Last Chapter (2026),1,komentar
user_461aa18183c5,FILM::Danur: The Last Chapter (2026),1,komentar
user_480185d89a29,FILM::Danur: The Last Chapter (2026),2,komentar
user_4880e0d876bf,FILM::Danur: The Last Chapter (2026),1,komentar
user_4931b398a869,FILM::Danur: The Last Chapter (2026),1,komentar
user_496969f21d68,FILM::Danur: The Last Chapter (2026),1,komentar
user_496e0d2f6a66,FILM::Danur: The Last Chapter (2026),1,komentar
user_4aed9389a765,FILM::Danur: The Last Chapter (2026),5,komentar
user_4bc035bdd993,FILM::Danur: The Last Chapter (2026),2,komentar
user_4ccb6de330de,FILM::Danur: The Last Chapter (2026),1,komentar
user_4d0d23854e4e,FILM::Danur: The Last Chapter (2026),1,komentar
user_4d8c2e1d1a74,FILM::Danur: The Last Chapter (2026),1,komentar
user_4dca293d47a6,FILM::Danur: The Last Chapter (2026),1,komentar
user_4f3cd64acec9,FILM::Danur: The Last Chapter (2026),1,komentar
user_4f7560e81bf8,FILM::Danur: The Last Chapter (2026),1,komentar
user_4fc086a1b863,FILM::Danur: The Last Chapter (2026),2,komentar
user_5023c73617e8,FILM::Danur: The Last Chapter (2026),1,komentar
user_50b735acdbc5,FILM::Danur: The Last Chapter (2026),2,komentar
user_50e60cc6d040,FILM::Danur: The Last Chapter (2026),1,komentar
user_50fa1080d1d3,FILM::Danur: The Last Chapter (2026),1,komentar
user_529d26f31b8d,FILM::Danur: The Last Chapter (2026),2,komentar
user_529fbd666a33,FILM::Danur: The Last Chapter (2026),1,komentar
user_5401a2221c46,FILM::Danur: The Last Chapter (2026),1,komentar
user_552aa4de72a5,FILM::Danur: The Last Chapter (2026),1,komentar
user_56893feeca3f,FILM::Danur: The Last Chapter (2026),1,komentar
user_575e6efc3cdc,FILM::Danur: The Last Chapter (2026),1,komentar
user_585c318e76c1,FILM::Danur: The Last Chapter (2026),1,komentar
user_58896ccabeb5,FILM::Danur: The Last Chapter (2026),1,komentar
user_58ba010ae3ac,FILM::Danur: The Last Chapter (2026),1,komentar
user_592a5ed63f6d,FILM::Danur: The Last Chapter (2026),8,komentar
user_598416093d5a,FILM::Danur: The Last Chapter (2026),1,komentar
user_59c662f7d7d5,FILM::Danur: The Last Chapter (2026),1,komentar
user_5be8227fe677,FILM::Danur: The Last Chapter (2026),1,komentar
user_5e6bba335e42,FILM::Danur: The Last Chapter (2026),1,komentar
user_5ee2a6bc7c64,FILM::Danur: The Last Chapter (2026),1,komentar
user_5f038ab95e08,FILM::Danur: The Last Chapter (2026),1,komentar
user_5f637082d7a0,FILM::Danur: The Last Chapter (2026),2,komentar
user_5fb1ef30cb45,FILM::Danur: The Last Chapter (2026),3,komentar
user_61a4451c1d83,FILM::Danur: The Last Chapter (2026),1,komentar
user_61d28cae69d7,FILM::Danur: The Last Chapter (2026),1,komentar
user_629f32f50438,FILM::Danur: The Last Chapter (2026),1,komentar
user_63adaca5b8a2,FILM::Danur: The Last Chapter (2026),1,komentar
user_652403d1bc23,FILM::Danur: The Last Chapter (2026),1,komentar
user_654f5a3f730b,FILM::Danur: The Last Chapter (2026),1,komentar
user_67095afdf4fd,FILM::Danur: The Last Chapter (2026),1,komentar
user_688f20831f12,FILM::Danur: The Last Chapter (2026),3,komentar
user_6afe95c39f56,FILM::Danur: The Last Chapter (2026),1,komentar
user_6b69d8ec3165,FILM::Danur: The Last Chapter (2026),1,komentar
user_6be24614f948,FILM::Danur: The Last Chapter (2026),1,komentar
user_6c0097081919,FILM::Danur: The Last Chapter (2026),1,komentar
user_6d5228801333,FILM::Danur: The Last Chapter (2026),1,komentar
user_6f28f958605b,FILM::Danur: The Last Chapter (2026),4,komentar
user_6f775d016e20,FILM::Danur: The Last Chapter (2026),1,komentar
user_70439ebc7342,FILM::Danur: The Last Chapter (2026),1,komentar
user_70ba3ae36ea0,FILM::Danur: The Last Chapter (2026),1,komentar
user_710307c75328,FILM::Danur: The Last Chapter (2026),2,komentar
user_7171e5476a89,FILM::Danur: The Last Chapter (2026),2,komentar
user_7239eaf0452a,FILM::Danur: The Last Chapter (2026),1,komentar
user_739ee30e9d19,FILM::Danur: The Last Chapter (2026),2,komentar
user_75c77dafe142,FILM::Danur: The Last Chapter (2026),1,komentar
user_75f56b749fc3,FILM::Danur: The Last Chapter (2026),1,komentar
user_762298236282,FILM::Danur: The Last Chapter (2026),1,komentar
user_76d27ba9709d,FILM::Danur: The Last Chapter (2026),1,komentar
user_7779ad396763,FILM::Danur: The Last Chapter (2026),1,komentar
user_78470051e5a6,FILM::Danur: The Last Chapter (2026),1,komentar
user_791e8b8c538c,FILM::Danur: The Last Chapter (2026),3,komentar
user_7cc9fb9f1c82,FILM::Danur: The Last Chapter (2026),1,komentar
user_7f033e91c9a9,FILM::Danur: The Last Chapter (2026),1,komentar
user_8036cd4336b7,FILM::Danur: The Last Chapter (2026),1,komentar
user_81ae6c6ca177,FILM::Danur: The Last Chapter (2026),1,komentar
user_82583cdcf994,FILM::Danur: The Last Chapter (2026),1,komentar
user_83328dd1c14a,FILM::Danur: The Last Chapter (2026),1,komentar
user_85c454627396,FILM::Danur: The Last Chapter (2026),2,komentar
user_85d450c290eb,FILM::Danur: The Last Chapter (2026),1,komentar
user_86f097b76c64,FILM::Danur: The Last Chapter (2026),1,komentar
user_876558cf5eff,FILM::Danur: The Last Chapter (2026),1,komentar
user_88ea820f3812,FILM::Danur: The Last Chapter (2026),1,komentar
user_892449e1624e,FILM::Danur: The Last Chapter (2026),1,komentar
user_8a73f95e2c43,FILM::Danur: The Last Chapter (2026),1,komentar
user_8a8e00242bff,FILM::Danur: The Last Chapter (2026),2,komentar
user_8d60d2e27f1f,FILM::Danur: The Last Chapter (2026),4,komentar
user_8d8678803dc0,FILM::Danur: The Last Chapter (2026),1,komentar
user_8e96dac859b8,FILM::Danur: The Last Chapter (2026),1,komentar
user_8eb40ad9a3e7,FILM::Danur: The Last Chapter (2026),1,komentar
user_902330062d72,FILM::Danur: The Last Chapter (2026),1,komentar
user_907522f19265,FILM::Danur: The Last Chapter (2026),1,komentar
user_92b656b72d2a,FILM::Danur: The Last Chapter (2026),2,komentar
user_9364276e9789,FILM::Danur: The Last Chapter (2026),1,komentar
user_939ed2e5b3fd,FILM::Danur: The Last Chapter (2026),1,komentar
user_93b9b9818acc,FILM::Danur: The Last Chapter (2026),1,komentar
user_9609e6c99d73,FILM::Danur: The Last Chapter (2026),2,komentar
user_961f3d26d8d0,FILM::Danur: The Last Chapter (2026),1,komentar
user_9687b244d050,FILM::Danur: The Last Chapter (2026),1,komentar
user_97c931928f6c,FILM::Danur: The Last Chapter (2026),1,komentar
user_9925b7c04b37,FILM::Danur: The Last Chapter (2026),1,komentar
user_99417d931354,FILM::Danur: The Last Chapter (2026),1,komentar
user_99ee4a849011,FILM::Danur: The Last Chapter (2026),1,komentar
user_9aa4cd488626,FILM::Danur: The Last Chapter (2026),2,komentar
user_9c513b43e88d,FILM::Danur: The Last Chapter (2026),1,komentar
user_a12e9d6b4543,FILM::Danur: The Last Chapter (2026),1,komentar
user_a1d24ba0bfbc,FILM::Danur: The Last Chapter (2026),1,komentar
user_a2e988b7f11a,FILM::Danur: The Last Chapter (2026),2,komentar
user_a2f9a119bb2b,FILM::Danur: The Last Chapter (2026),1,komentar
user_a4f04b0ccca9,FILM::Danur: The Last Chapter (2026),1,komentar
user_a53b564c1e7f,FILM::Danur: The Last Chapter (2026),1,komentar
user_a5f069a07b0b,FILM::Danur: The Last Chapter (2026),1,komentar
user_a7c88c5f03ef,FILM::Danur: The Last Chapter (2026),1,komentar
user_ac35efa67ae2,FILM::Danur: The Last Chapter (2026),1,komentar
user_ad5f4555e45d,FILM::Danur: The Last Chapter (2026),4,komentar
user_ae134d7de270,FILM::Danur: The Last Chapter (2026),1,komentar
user_af61f22490d9,FILM::Danur: The Last Chapter (2026),13,komentar
user_afcff0660963,FILM::Danur: The Last Chapter (2026),1,komentar
user_b0a0eb5dbe7a,FILM::Danur: The Last Chapter (2026),1,komentar
user_b14822f7ef06,FILM::Danur: The Last Chapter (2026),1,komentar
user_b3411f706dac,FILM::Danur: The Last Chapter (2026),1,komentar
user_b5044b64e724,FILM::Danur: The Last Chapter (2026),1,komentar
user_b5858bfdc50f,FILM::Danur: The Last Chapter (2026),1,komentar
user_b6984a7e0573,FILM::Danur: The Last Chapter (2026),1,komentar
user_b7709df44ea4,FILM::Danur: The Last Chapter (2026),1,komentar
user_b9f09d2dbb11,FILM::Danur: The Last Chapter (2026),1,komentar
user_bb17819318d0,FILM::Danur: The Last Chapter (2026),1,komentar
user_be4e972dc373,FILM::Danur: The Last Chapter (2026),1,komentar
user_c0eb35e78372,FILM::Danur: The Last Chapter (2026),1,komentar
user_c17fce2621a2,FILM::Danur: The Last Chapter (2026),1,komentar
user_c28390848683,FILM::Danur: The Last Chapter (2026),1,komentar
user_c2aa9d0246ee,FILM::Danur: The Last Chapter (2026),2,komentar
user_c346989e8bde,FILM::Danur: The Last Chapter (2026),1,komentar
user_c444016b2a7c,FILM::Danur: The Last Chapter (2026),1,komentar
user_c4a0a10cfd09,FILM::Danur: The Last Chapter (2026),3,komentar
user_c57110721d4a,FILM::Danur: The Last Chapter (2026),1,komentar
user_c62c50d443fa,FILM::Danur: The Last Chapter (2026),1,komentar
user_c771872fc091,FILM::Danur: The Last Chapter (2026),1,komentar
user_c8c3c71fc260,FILM::Danur: The Last Chapter (2026),4,komentar
user_c8f1f024bdec,FILM::Danur: The Last Chapter (2026),1,komentar
user_c98e831323ca,FILM::Danur: The Last Chapter (2026),1,komentar
user_c9a0d2374efa,FILM::Danur: The Last Chapter (2026),2,komentar
user_ca14e3d4d530,FILM::Danur: The Last Chapter (2026),1,komentar
user_cc0a5b93ecdf,FILM::Danur: The Last Chapter (2026),1,komentar
user_ce8b70947cdf,FILM::Danur: The Last Chapter (2026),1,komentar
user_cfb57e130ee9,FILM::Danur: The Last Chapter (2026),2,komentar
user_d0214e5a6924,FILM::Danur: The Last Chapter (2026),1,komentar
user_d05b0831614e,FILM::Danur: The Last Chapter (2026),1,komentar
user_d105da30b094,FILM::Danur: The Last Chapter (2026),1,komentar
user_d22b0f9db22c,FILM::Danur: The Last Chapter (2026),1,komentar
user_d237b16774fe,FILM::Danur: The Last Chapter (2026),2,komentar
user_d3b38b0148ea,FILM::Danur: The Last Chapter (2026),1,komentar
user_d404ddeabadd,FILM::Danur: The Last Chapter (2026),1,komentar
user_d6bed68cdef4,FILM::Danur: The Last Chapter (2026),1,komentar
user_d8c0988a29b5,FILM::Danur: The Last Chapter (2026),1,komentar
user_da42dc79f7b6,FILM::Danur: The Last Chapter (2026),3,komentar
user_daf7e6945143,FILM::Danur: The Last Chapter (2026),1,komentar
user_db648b226447,FILM::Danur: The Last Chapter (2026),1,komentar
user_dca2b512317a,FILM::Danur: The Last Chapter (2026),1,komentar
user_dd616835d271,FILM::Danur: The Last Chapter (2026),3,komentar
user_dd844cb076cc,FILM::Danur: The Last Chapter (2026),1,komentar
user_de0ec0fa0bf1,FILM::Danur: The Last Chapter (2026),1,komentar
user_de4e3e61c73f,FILM::Danur: The Last Chapter (2026),1,komentar
user_df30f5f798cc,FILM::Danur: The Last Chapter (2026),1,komentar
user_e2cdec97f966,FILM::Danur: The Last Chapter (2026),1,komentar
user_e3b353549776,FILM::Danur: The Last Chapter (2026),2,komentar
user_e3e27f47af61,FILM::Danur: The Last Chapter (2026),1,komentar
user_e41d47d5aac7,FILM::Danur: The Last Chapter (2026),1,komentar
user_e47e11536eaf,FILM::Danur: The Last Chapter (2026),1,komentar
user_e790f7df5083,FILM::Danur: The Last Chapter (2026),1,komentar
user_e7a3ef28a55c,FILM::Danur: The Last Chapter (2026),1,komentar
user_e7cf66833071,FILM::Danur: The Last Chapter (2026),1,komentar
user_e90a2a4fd2ff,FILM::Danur: The Last Chapter (2026),1,komentar
user_e9a278d74279,FILM::Danur: The Last Chapter (2026),1,komentar
user_ea438ed621dc,FILM::Danur: The Last Chapter (2026),1,komentar
user_ec5763945f76,FILM::Danur: The Last Chapter (2026),1,komentar
user_ed49989a3225,FILM::Danur: The Last Chapter (2026),10,komentar
user_ed85f27630b1,FILM::Danur: The Last Chapter (2026),2,komentar
user_ee8ab27aacb2,FILM::Danur: The Last Chapter (2026),1,komentar
user_eed8a184fc05,FILM::Danur: The Last Chapter (2026),1,komentar
user_f03974f9b97a,FILM::Danur: The Last Chapter (2026),1,komentar
user_f149578a1bc5,FILM::Danur: The Last Chapter (2026),1,komentar
user_f2b1b4889909,FILM::Danur: The Last Chapter (2026),2,komentar
user_f2c1273542f0,FILM::Danur: The Last Chapter (2026),1,komentar
user_f3f6b13ad4c1,FILM::Danur: The Last Chapter (2026),1,komentar
user_f711e8c88d56,FILM::Danur: The Last Chapter (2026),1,komentar
user_f8197309ae1c,FILM::Danur: The Last Chapter (2026),1,komentar
user_f8d0f5d6cbc6,FILM::Danur: The Last Chapter (2026),1,komentar
user_f95de7965d32,FILM::Danur: The Last Chapter (2026),1,komentar
user_f9da4be47311,FILM::Danur: The Last Chapter (2026),1,komentar
user_fd675cd4cc3b,FILM::Danur: The Last Chapter (2026),1,komentar
user_fe46f02e9bfe,FILM::Danur: The Last Chapter (2026),3,komentar
user_ffd6c9c9eb91,FILM::Danur: The Last Chapter (2026),1,komentar
user_ffecfbde9de4,FILM::Danur: The Last Chapter (2026),1,komentar
user_02b0cca6bb02,user_05826126b5a9,1,balasan
user_02cbf39ace79,user_aea2a4c7162e,1,balasan
user_02e3c4b4393e,user_cf0f212c6675,1,balasan
user_02f6d4c7b1d3,user_f53a34b03004,1,balasan
user_031d81c56cef,user_cd8f04b2be0b,1,balasan
user_033e973f3a33,user_7e946bc02f1d,1,balasan
user_033f8099c0df,user_9ba3beaedbab,1,balasan
user_034621e5c6f8,user_83f579e99b05,1,balasan
user_03653561fe72,user_522a97b9b2f0,1,balasan
user_0369379622ba,user_3a24c0f256f7,2,balasan
user_038003a2d6ec,user_06d7faadfa7c,1,balasan
user_0381ff2137ca,user_06fdbbd67398,1,balasan
user_039893c2a204,user_5cd05c48b005,1,balasan
user_039a30216d84,user_6f78a844ba5e,1,balasan
user_03fc2f8c692a,user_fe46f02e9bfe,3,balasan
user_03fc2f8c692a,user_c9a0d2374efa,1,balasan
user_0411c3334c5f,user_fbab4a34a975,2,balasan
user_04676c553b69,user_2621c7cc060e,1,balasan
user_04789f980367,user_7183b3519c71,1,balasan
user_04789f980367,user_e9a278d74279,1,balasan
user_04789f980367,user_265b30d36b23,1,balasan
user_04a0a195ad18,user_480f5add592c,1,balasan
user_04f9abdc8cb3,Ipar Adalah Maut (2024),1,komentar
user_04f9abdc8cb3,user_ed49989a3225,1,balasan
user_04f9abdc8cb3,user_dd616835d271,1,balasan
user_0524213159df,FILM::Ipar Adalah Maut (2024),1,komentar
user_05edf737c161,FILM::Ipar Adalah Maut (2024),1,komentar
user_065c946f8497,FILM::Ipar Adalah Maut (2024),1,komentar
user_074e29c5f7fe,FILM::Ipar Adalah Maut (2024),1,komentar
user_075e2b82a7ec,FILM::Ipar Adalah Maut (2024),1,komentar
user_077944728ca0,FILM::Ipar Adalah Maut (2024),1,komentar
user_07839c88b1a5,FILM::Ipar Adalah Maut (2024),1,komentar
user_079d2a26d162,FILM::Ipar Adalah Maut (2024),1,komentar
user_0b3d09c62210,FILM::Ipar Adalah Maut (2024),1,komentar
user_0c0b5e3521a8,FILM::Ipar Adalah Maut (2024),1,komentar
user_0c4448388119,FILM::Ipar Adalah Maut (2024),1,komentar
user_0d1f920ca937,FILM::Ipar Adalah Maut (2024),1,komentar
user_0e5385d5213b,FILM::Ipar Adalah Maut (2024),1,komentar
user_0f3680eac57e,FILM::Ipar Adalah Maut (2024),1,komentar
user_1082e8f1a7c6,FILM::Ipar Adalah Maut (2024),2,komentar
user_126edcfaf9c5,FILM::Ipar Adalah Maut (2024),1,komentar
user_12dac9cbeb7e,FILM::Ipar Adalah Maut (2024),1,komentar
user_13798da6a0ac,FILM::Ipar Adalah Maut (2024),1,komentar
user_1425c2917dba,FILM::Ipar Adalah Maut (2024),1,komentar
user_15214d7cebc4,FILM::Ipar Adalah Maut (2024),1,komentar
user_159e0bbb2d8d,FILM::Ipar Adalah Maut (2024),1,komentar
user_16567e97d5e1,FILM::Ipar Adalah Maut (2024),1,komentar
user_16ee185bf857,FILM::Ipar Adalah Maut (2024),1,komentar
user_170601579b5a,FILM::Ipar Adalah Maut (2024),1,komentar
user_193a3ad003e4,FILM::Ipar Adalah Maut (2024),1,komentar
user_1b1bfe91d2e7,FILM::Ipar Adalah Maut (2024),1,komentar
user_1c189a7dcba5,FILM::Ipar Adalah Maut (2024),1,komentar
user_1c8f19021eee,FILM::Ipar Adalah Maut (2024),1,komentar
user_1c9cc5b66d21,FILM::Ipar Adalah Maut (2024),1,komentar
user_1e796245d099,FILM::Ipar Adalah Maut (2024),1,komentar
user_1eb8318e954c,FILM::Ipar Adalah Maut (2024),1,komentar
user_1f6ed79ca0bb,FILM::Ipar Adalah Maut (2024),1,komentar
user_1fb763327ac5,FILM::Ipar Adalah Maut (2024),1,komentar
user_20306ea2b8c1,FILM::Ipar Adalah Maut (2024),1,komentar
user_2040de46225d,FILM::Ipar Adalah Maut (2024),1,komentar
user_20dabe839ae5,FILM::Ipar Adalah Maut (2024),1,komentar
user_210666229931,FILM::Ipar Adalah Maut (2024),1,komentar
user_21fc38ce4e81,FILM::Ipar Adalah Maut (2024),1,komentar
user_2267aaf2ffb7,FILM::Ipar Adalah Maut (2024),1,komentar
user_2331bf4b5aca,FILM::Ipar Adalah Maut (2024),1,komentar
user_233cb5255463,FILM::Ipar Adalah Maut (2024),2,komentar
user_235fe1450be9,FILM::Ipar Adalah Maut (2024),1,komentar
user_238c32b503a6,FILM::Ipar Adalah Maut (2024),1,komentar
user_23971e1414e0,FILM::Ipar Adalah Maut (2024),1,komentar
user_23a12a85cb2e,FILM::Ipar Adalah Maut (2024),1,komentar
user_23d5271ce606,FILM::Ipar Adalah Maut (2024),1,komentar
user_27fcf901f547,FILM::Ipar Adalah Maut (2024),1,komentar
user_283884825a8f,FILM::Ipar Adalah Maut (2024),1,komentar
user_291142cef1b1,FILM::Ipar Adalah Maut (2024),1,komentar
user_29935131795a,FILM::Ipar Adalah Maut (2024),2,komentar
user_29a24159e6d8,FILM::Ipar Adalah Maut (2024),1,komentar
user_2a4ad3fca609,FILM::Ipar Adalah Maut (2024),1,komentar
user_2cafde53a902,FILM::Ipar Adalah Maut (2024),1,komentar
user_2d8c1df71ff1,FILM::Ipar Adalah Maut (2024),1,komentar
user_2e433f363d0f,FILM::Ipar Adalah Maut (2024),1,komentar
user_2e53080e191a,FILM::Ipar Adalah Maut (2024),1,komentar
user_33c0c0864895,FILM::Ipar Adalah Maut (2024),1,komentar
user_3487351b32ca,FILM::Ipar Adalah Maut (2024),1,komentar
user_349b042e8768,FILM::Ipar Adalah Maut (2024),1,komentar
user_352b49a92671,FILM::Ipar Adalah Maut (2024),1,komentar
user_36ce9b3b809e,FILM::Ipar Adalah Maut (2024),1,komentar
user_3706ea664a2c,FILM::Ipar Adalah Maut (2024),1,komentar
user_376942d244a2,FILM::Ipar Adalah Maut (2024),1,komentar
user_3781bee5a773,FILM::Ipar Adalah Maut (2024),1,komentar
user_38193ed472a5,FILM::Ipar Adalah Maut (2024),1,komentar
user_381f4b776f63,FILM::Ipar Adalah Maut (2024),2,komentar
user_382ae79b7798,FILM::Ipar Adalah Maut (2024),1,komentar
user_389a19420b36,FILM::Ipar Adalah Maut (2024),1,komentar
user_38fb02642b25,FILM::Ipar Adalah Maut (2024),1,komentar
user_394943635ab0,FILM::Ipar Adalah Maut (2024),1,komentar
user_3b56b4998db8,FILM::Ipar Adalah Maut (2024),1,komentar
user_3bbf4129914b,FILM::Ipar Adalah Maut (2024),1,komentar
user_3c16f00dbf20,FILM::Ipar Adalah Maut (2024),1,komentar
user_3c195ceb0b5b,FILM::Ipar Adalah Maut (2024),1,komentar
user_3cf148381840,FILM::Ipar Adalah Maut (2024),1,komentar
user_3d0b2537a856,FILM::Ipar Adalah Maut (2024),1,komentar
user_3e38603b4097,FILM::Ipar Adalah Maut (2024),1,komentar
user_3ef011993335,FILM::Ipar Adalah Maut (2024),1,komentar
user_40b5c17fa824,FILM::Ipar Adalah Maut (2024),1,komentar
user_4174062e8a23,FILM::Ipar Adalah Maut (2024),3,komentar
user_421cce5bca53,FILM::Ipar Adalah Maut (2024),4,komentar
user_44b2efdc99f0,FILM::Ipar Adalah Maut (2024),1,komentar
user_4520fd22e5ad,FILM::Ipar Adalah Maut (2024),1,komentar
user_46b2c384745c,FILM::Ipar Adalah Maut (2024),1,komentar
user_46d272879afa,FILM::Ipar Adalah Maut (2024),1,komentar
user_4774d37f5b35,FILM::Ipar Adalah Maut (2024),1,komentar
user_485781bbf86c,FILM::Ipar Adalah Maut (2024),1,komentar
user_4959541d6b4b,FILM::Ipar Adalah Maut (2024),1,komentar
user_49c1df043460,FILM::Ipar Adalah Maut (2024),1,komentar
user_4a8f819d1972,FILM::Ipar Adalah Maut (2024),1,komentar
user_4b6f8c4785fd,FILM::Ipar Adalah Maut (2024),1,komentar
user_4b93cb056085,FILM::Ipar Adalah Maut (2024),1,komentar
user_4c20816f7c8f,FILM::Ipar Adalah Maut (2024),1,komentar
user_4d15026f237f,FILM::Ipar Adalah Maut (2024),1,komentar
user_4db2609240ce,FILM::Ipar Adalah Maut (2024),1,komentar
user_501504530c1c,FILM::Ipar Adalah Maut (2024),1,komentar
user_50431c9a1c47,FILM::Ipar Adalah Maut (2024),1,komentar
user_5050e2ae57d5,FILM::Ipar Adalah Maut (2024),1,komentar
user_5076435ba090,FILM::Ipar Adalah Maut (2024),1,komentar
user_50b7275bd250,FILM::Ipar Adalah Maut (2024),1,komentar
user_51f9440145a6,FILM::Ipar Adalah Maut (2024),1,komentar
user_523446219df9,FILM::Ipar Adalah Maut (2024),1,komentar
user_53b2b20d25e9,FILM::Ipar Adalah Maut (2024),1,komentar
user_53b677bee791,FILM::Ipar Adalah Maut (2024),1,komentar
user_54fcc2985825,FILM::Ipar Adalah Maut (2024),1,komentar
user_5631308866bc,FILM::Ipar Adalah Maut (2024),2,komentar
user_56a33178db9c,FILM::Ipar Adalah Maut (2024),1,komentar
user_573b3439d5bf,FILM::Ipar Adalah Maut (2024),3,komentar
user_5767547f80a4,FILM::Ipar Adalah Maut (2024),1,komentar
user_589e0cdf247f,FILM::Ipar Adalah Maut (2024),1,komentar
user_59eaa3eaf76d,FILM::Ipar Adalah Maut (2024),2,komentar
user_59ef11d21655,FILM::Ipar Adalah Maut (2024),1,komentar
user_5ad5da298d3c,FILM::Ipar Adalah Maut (2024),1,komentar
user_5e6ef1e9652b,FILM::Ipar Adalah Maut (2024),1,komentar
user_60adac47b2ab,FILM::Ipar Adalah Maut (2024),1,komentar
user_60d83a8e0250,FILM::Ipar Adalah Maut (2024),1,komentar
user_612365d370ca,FILM::Ipar Adalah Maut (2024),1,komentar
user_6197d7f2991a,FILM::Ipar Adalah Maut (2024),1,komentar
user_61bdf9e42f53,FILM::Ipar Adalah Maut (2024),1,komentar
user_624468dca452,FILM::Ipar Adalah Maut (2024),1,komentar
user_62a1d229a061,FILM::Ipar Adalah Maut (2024),1,komentar
user_635eaf74d40f,FILM::Ipar Adalah Maut (2024),2,komentar
user_64aa9db38328,FILM::Ipar Adalah Maut (2024),3,komentar
user_6558b180027a,FILM::Ipar Adalah Maut (2024),1,komentar
user_65c4e0cf747d,FILM::Ipar Adalah Maut (2024),26,komentar
user_660b049ba03a,FILM::Ipar Adalah Maut (2024),2,komentar
user_6766782a088c,FILM::Ipar Adalah Maut (2024),1,komentar
user_686b82d85f04,FILM::Ipar Adalah Maut (2024),1,komentar
user_68d0a56c527a,FILM::Ipar Adalah Maut (2024),1,komentar
user_69e3bb00d57d,FILM::Ipar Adalah Maut (2024),1,komentar
user_6a45d72cccbd,FILM::Ipar Adalah Maut (2024),1,komentar
user_6a51ac737d00,FILM::Ipar Adalah Maut (2024),1,komentar
user_6b5849115d86,FILM::Ipar Adalah Maut (2024),1,komentar
user_6ba3a28b7be6,FILM::Ipar Adalah Maut (2024),1,komentar
user_6bdf29fda2f6,FILM::Ipar Adalah Maut (2024),1,komentar
user_6cac98dfa91f,FILM::Ipar Adalah Maut (2024),1,komentar
user_6d5c4a34d349,FILM::Ipar Adalah Maut (2024),1,komentar
user_6da33e21f721,FILM::Ipar Adalah Maut (2024),1,komentar
user_6e289759d59f,FILM::Ipar Adalah Maut (2024),1,komentar
user_6e48a5097f8a,FILM::Ipar Adalah Maut (2024),1,komentar
user_702649122989,FILM::Ipar Adalah Maut (2024),1,komentar
user_70332f162252,FILM::Ipar Adalah Maut (2024),1,komentar
user_70dee9f0ce73,FILM::Ipar Adalah Maut (2024),1,komentar
user_71664afb5189,FILM::Ipar Adalah Maut (2024),1,komentar
user_7171e5476a89,FILM::Ipar Adalah Maut (2024),1,komentar
user_7180cd751450,FILM::Ipar Adalah Maut (2024),1,komentar
user_71eab7cb8a02,FILM::Ipar Adalah Maut (2024),1,komentar
user_7239eaf0452a,FILM::Ipar Adalah Maut (2024),1,komentar
user_730da7ea620d,FILM::Ipar Adalah Maut (2024),1,komentar
user_734b441ffa8c,FILM::Ipar Adalah Maut (2024),1,komentar
user_7487da209e78,FILM::Ipar Adalah Maut (2024),1,komentar
user_75f8627f252f,FILM::Ipar Adalah Maut (2024),1,komentar
user_7618b6fbc191,FILM::Ipar Adalah Maut (2024),1,komentar
user_77af0a22568a,FILM::Ipar Adalah Maut (2024),1,komentar
user_78f258d00a46,FILM::Ipar Adalah Maut (2024),1,komentar
user_795c80372dd6,FILM::Ipar Adalah Maut (2024),1,komentar
user_7a5f95619a9e,FILM::Ipar Adalah Maut (2024),1,komentar
user_7c2862164bc8,FILM::Ipar Adalah Maut (2024),1,komentar
user_7cd2a3ba4d33,FILM::Ipar Adalah Maut (2024),1,komentar
user_7dc9931777ea,FILM::Ipar Adalah Maut (2024),1,komentar
user_7dd8520ac30e,FILM::Ipar Adalah Maut (2024),1,komentar
user_803f416cf5d3,FILM::Ipar Adalah Maut (2024),1,komentar
user_807ede8fbe46,FILM::Ipar Adalah Maut (2024),1,komentar
user_8143d5aaf74f,FILM::Ipar Adalah Maut (2024),1,komentar
user_823c09c930dc,FILM::Ipar Adalah Maut (2024),1,komentar
user_82c99f7a4613,FILM::Ipar Adalah Maut (2024),1,komentar
user_8325a7c67739,FILM::Ipar Adalah Maut (2024),1,komentar
user_837b0b1372dd,FILM::Ipar Adalah Maut (2024),1,komentar
user_83edeee7f423,FILM::Ipar Adalah Maut (2024),1,komentar
user_84009e5a9816,FILM::Ipar Adalah Maut (2024),1,komentar
user_844a9e72d8c1,FILM::Ipar Adalah Maut (2024),1,komentar
user_8651c9d0a189,FILM::Ipar Adalah Maut (2024),1,komentar
user_87f5acd0291d,FILM::Ipar Adalah Maut (2024),1,komentar
user_888c0137fe27,FILM::Ipar Adalah Maut (2024),1,komentar
user_892449e1624e,FILM::Ipar Adalah Maut (2024),1,komentar
user_8b3fc1c18077,FILM::Ipar Adalah Maut (2024),2,komentar
user_8bf0620db4a7,FILM::Ipar Adalah Maut (2024),1,komentar
user_8cce6755e88b,FILM::Ipar Adalah Maut (2024),1,komentar
user_8d64a17373f7,FILM::Ipar Adalah Maut (2024),1,komentar
user_8db376bceb37,FILM::Ipar Adalah Maut (2024),1,komentar
user_8e0aa8394d21,FILM::Ipar Adalah Maut (2024),1,komentar
user_8e25cdfee841,FILM::Ipar Adalah Maut (2024),2,komentar
user_8e46cbe4b585,FILM::Ipar Adalah Maut (2024),1,komentar
user_8ec894572da9,FILM::Ipar Adalah Maut (2024),1,komentar
user_9024eceb15d9,FILM::Ipar Adalah Maut (2024),1,komentar
user_908f23e5da17,FILM::Ipar Adalah Maut (2024),1,komentar
user_9276d15b12fe,FILM::Ipar Adalah Maut (2024),1,komentar
user_92f58b33cb65,FILM::Ipar Adalah Maut (2024),1,komentar
user_931ce9389c17,FILM::Ipar Adalah Maut (2024),1,komentar
user_93363d8827e8,FILM::Ipar Adalah Maut (2024),1,komentar
user_93b6f2e9dc6c,FILM::Ipar Adalah Maut (2024),1,komentar
user_94adb32f2921,FILM::Ipar Adalah Maut (2024),1,komentar
user_9541a8b5e97e,FILM::Ipar Adalah Maut (2024),1,komentar
user_95432b56e47d,FILM::Ipar Adalah Maut (2024),1,komentar
user_9564ce7c600d,FILM::Ipar Adalah Maut (2024),1,komentar
user_95b062b3182e,FILM::Ipar Adalah Maut (2024),2,komentar
user_9628d9869b10,FILM::Ipar Adalah Maut (2024),1,komentar
user_97100b8cfeb8,FILM::Ipar Adalah Maut (2024),1,komentar
user_9760c8e38ce1,FILM::Ipar Adalah Maut (2024),1,komentar
user_979c85b3f3e6,FILM::Ipar Adalah Maut (2024),1,komentar
user_97bbed42b87e,FILM::Ipar Adalah Maut (2024),1,komentar
user_9923a6f5c448,FILM::Ipar Adalah Maut (2024),1,komentar
user_9a38a2028963,FILM::Ipar Adalah Maut (2024),1,komentar
user_9a4059cca7c0,FILM::Ipar Adalah Maut (2024),2,komentar
user_9afcc8500d66,FILM::Ipar Adalah Maut (2024),1,komentar
user_9b7c04654155,FILM::Ipar Adalah Maut (2024),4,komentar
user_9c1b5a5c4688,FILM::Ipar Adalah Maut (2024),1,komentar
user_9f206a3490a9,FILM::Ipar Adalah Maut (2024),1,komentar
user_9fe235a5666c,FILM::Ipar Adalah Maut (2024),1,komentar
user_a0a83b6eff58,FILM::Ipar Adalah Maut (2024),2,komentar
user_a24fba5d6730,FILM::Ipar Adalah Maut (2024),1,komentar
user_a2e534f1d66a,FILM::Ipar Adalah Maut (2024),1,komentar
user_a3056745dcf8,FILM::Ipar Adalah Maut (2024),1,komentar
user_a3fba86bbf1f,FILM::Ipar Adalah Maut (2024),1,komentar
user_a4f1fc8c6bc6,FILM::Ipar Adalah Maut (2024),1,komentar
user_a500c72736d3,FILM::Ipar Adalah Maut (2024),1,komentar
user_a56d4e0e983c,FILM::Ipar Adalah Maut (2024),1,komentar
user_a5f5191c16c6,FILM::Ipar Adalah Maut (2024),1,komentar
user_a815a8c23b87,FILM::Ipar Adalah Maut (2024),2,komentar
user_a8b22afd76d9,FILM::Ipar Adalah Maut (2024),1,komentar
user_a93fdafcb1ac,FILM::Ipar Adalah Maut (2024),1,komentar
user_aa440a4c913d,FILM::Ipar Adalah Maut (2024),1,komentar
user_aa608f812fb4,FILM::Ipar Adalah Maut (2024),1,komentar
user_aad3ccbb9157,FILM::Ipar Adalah Maut (2024),1,komentar
user_aadfa188d739,FILM::Ipar Adalah Maut (2024),1,komentar
user_ab060a5488e4,FILM::Ipar Adalah Maut (2024),1,komentar
user_ab18568b571a,FILM::Ipar Adalah Maut (2024),4,komentar
user_ab228a3daa42,FILM::Ipar Adalah Maut (2024),1,komentar
user_ab374bd6b798,FILM::Ipar Adalah Maut (2024),1,komentar
user_abfb35c294ee,FILM::Ipar Adalah Maut (2024),1,komentar
user_ac7ccc820982,FILM::Ipar Adalah Maut (2024),1,komentar
user_aca233964886,FILM::Ipar Adalah Maut (2024),1,komentar
user_ad92aa369d7a,FILM::Ipar Adalah Maut (2024),1,komentar
user_ade7d408cb6e,FILM::Ipar Adalah Maut (2024),1,komentar
user_adfaafa219fe,FILM::Ipar Adalah Maut (2024),2,komentar
user_ae5a83fdf811,FILM::Ipar Adalah Maut (2024),1,komentar
user_b10cf4750383,FILM::Ipar Adalah Maut (2024),1,komentar
user_b19633fc9bce,FILM::Ipar Adalah Maut (2024),1,komentar
user_b20684cafef9,FILM::Ipar Adalah Maut (2024),1,komentar
user_b325247f3641,FILM::Ipar Adalah Maut (2024),1,komentar
user_b32ba4cc5463,FILM::Ipar Adalah Maut (2024),1,komentar
user_b33aa8afe428,FILM::Ipar Adalah Maut (2024),1,komentar
user_b3f8ecf107f6,FILM::Ipar Adalah Maut (2024),1,komentar
user_b454bb78d360,FILM::Ipar Adalah Maut (2024),8,komentar
user_b545c4c23dbc,FILM::Ipar Adalah Maut (2024),1,komentar
user_b6c758192fd3,FILM::Ipar Adalah Maut (2024),1,komentar
user_b9f25e5ae746,FILM::Ipar Adalah Maut (2024),1,komentar
user_bc413ab4ae13,FILM::Ipar Adalah Maut (2024),1,komentar
user_bc839b642689,FILM::Ipar Adalah Maut (2024),1,komentar
user_bd375553a91d,FILM::Ipar Adalah Maut (2024),1,komentar
user_bd7da72664fe,FILM::Ipar Adalah Maut (2024),2,komentar
user_bdd8cf853456,FILM::Ipar Adalah Maut (2024),1,komentar
user_bee93aeae8ce,FILM::Ipar Adalah Maut (2024),1,komentar
user_c183d2f7a4e4,FILM::Ipar Adalah Maut (2024),1,komentar
user_c1b28b8cfec4,FILM::Ipar Adalah Maut (2024),1,komentar
user_c1d413e62c41,FILM::Ipar Adalah Maut (2024),1,komentar
user_c1d659e07a56,FILM::Ipar Adalah Maut (2024),1,komentar
user_c2ac8622e429,FILM::Ipar Adalah Maut (2024),1,komentar
user_c42b7f060e3c,FILM::Ipar Adalah Maut (2024),1,komentar
user_c46f53c881f5,FILM::Ipar Adalah Maut (2024),1,komentar
user_c4a599ff721b,FILM::Ipar Adalah Maut (2024),1,komentar
user_c5c57e427248,FILM::Ipar Adalah Maut (2024),1,komentar
user_c73969a07782,FILM::Ipar Adalah Maut (2024),1,komentar
user_c7a2b905d2f9,FILM::Ipar Adalah Maut (2024),1,komentar
user_ca589568d873,FILM::Ipar Adalah Maut (2024),1,komentar
user_cb026ace3d5d,FILM::Ipar Adalah Maut (2024),1,komentar
user_cb66bdddab4d,FILM::Ipar Adalah Maut (2024),1,komentar
user_cb6c0b791c40,FILM::Ipar Adalah Maut (2024),1,komentar
user_cbf7214b3722,FILM::Ipar Adalah Maut (2024),1,komentar
user_cc490637c851,FILM::Ipar Adalah Maut (2024),1,komentar
user_cc87f56e3f69,FILM::Ipar Adalah Maut (2024),1,komentar
user_ccc3b55c7ce3,FILM::Ipar Adalah Maut (2024),1,komentar
user_cd66b2f60f51,FILM::Ipar Adalah Maut (2024),1,komentar
user_cdd7c7e5296c,FILM::Ipar Adalah Maut (2024),1,komentar
user_ce24156c75a3,FILM::Ipar Adalah Maut (2024),1,komentar
user_cf65f3a7b6ff,FILM::Ipar Adalah Maut (2024),1,komentar
user_cfa3e84e97a8,FILM::Ipar Adalah Maut (2024),1,komentar
user_d05bcd7d184d,FILM::Ipar Adalah Maut (2024),1,komentar
user_d087b268d699,FILM::Ipar Adalah Maut (2024),1,komentar
user_d0d3d0b3f524,FILM::Ipar Adalah Maut (2024),1,komentar
user_d0fdd7b45e01,FILM::Ipar Adalah Maut (2024),2,komentar
user_d19d3b68531c,FILM::Ipar Adalah Maut (2024),3,komentar
user_d1fe2143908e,FILM::Ipar Adalah Maut (2024),1,komentar
user_d2aeb8a67faf,FILM::Ipar Adalah Maut (2024),1,komentar
user_d43dcff111df,FILM::Ipar Adalah Maut (2024),1,komentar
user_d4563fb3fbc6,FILM::Ipar Adalah Maut (2024),1,komentar
user_d469b5c3e276,FILM::Ipar Adalah Maut (2024),1,komentar
user_d4a07c909597,FILM::Ipar Adalah Maut (2024),1,komentar
user_d56f75f95838,FILM::Ipar Adalah Maut (2024),1,komentar
user_d7922a6ade8c,FILM::Ipar Adalah Maut (2024),1,komentar
user_d7da12c9dcfa,FILM::Ipar Adalah Maut (2024),1,komentar
user_d84d201876a0,FILM::Ipar Adalah Maut (2024),1,komentar
user_d975b428f957,FILM::Ipar Adalah Maut (2024),1,komentar
user_d9c1b2bf5bb3,FILM::Ipar Adalah Maut (2024),1,komentar
user_da066d071489,FILM::Ipar Adalah Maut (2024),1,komentar
user_dbfca8352f19,FILM::Ipar Adalah Maut (2024),1,komentar
user_dc3397b03bc5,FILM::Ipar Adalah Maut (2024),1,komentar
user_ddc0ec44c1fd,FILM::Ipar Adalah Maut (2024),1,komentar
user_deec96200de3,FILM::Ipar Adalah Maut (2024),3,komentar
user_df00e4ba037b,FILM::Ipar Adalah Maut (2024),1,komentar
user_df06279baba6,FILM::Ipar Adalah Maut (2024),2,komentar
user_df1eb3953a9d,FILM::Ipar Adalah Maut (2024),1,komentar
user_dfd0338e9f14,FILM::Ipar Adalah Maut (2024),1,komentar
user_e15bb78f8073,FILM::Ipar Adalah Maut (2024),1,komentar
user_e1b238fd6e0f,FILM::Ipar Adalah Maut (2024),1,komentar
user_e30d8ae054ea,FILM::Ipar Adalah Maut (2024),1,komentar
user_e30fc2417b8d,FILM::Ipar Adalah Maut (2024),1,komentar
user_e3105a891403,FILM::Ipar Adalah Maut (2024),1,komentar
user_e461ce3e5e9a,FILM::Ipar Adalah Maut (2024),1,komentar
user_e491587e2b9f,FILM::Ipar Adalah Maut (2024),1,komentar
user_e56d79b80c1b,FILM::Ipar Adalah Maut (2024),1,komentar
user_e5ada9af4fad,FILM::Ipar Adalah Maut (2024),1,komentar
user_e5b279e47eaa,FILM::Ipar Adalah Maut (2024),1,komentar
user_e77c49c55ef9,FILM::Ipar Adalah Maut (2024),1,komentar
user_e83f0d434910,FILM::Ipar Adalah Maut (2024),1,komentar
user_e843b546bdd3,FILM::Ipar Adalah Maut (2024),1,komentar
user_e891d84c7613,FILM::Ipar Adalah Maut (2024),1,komentar
user_e89603a048fb,FILM::Ipar Adalah Maut (2024),1,komentar
user_e8d5143080f9,FILM::Ipar Adalah Maut (2024),1,komentar
user_e8dc74b18a83,FILM::Ipar Adalah Maut (2024),1,komentar
user_ea3f5dc2014d,FILM::Ipar Adalah Maut (2024),1,komentar
user_ea404398f5ef,FILM::Ipar Adalah Maut (2024),1,komentar
user_eaaf1ab49304,FILM::Ipar Adalah Maut (2024),1,komentar
user_eb2a6ded9edd,FILM::Ipar Adalah Maut (2024),1,komentar
user_eba6538b88d5,FILM::Ipar Adalah Maut (2024),1,komentar
user_ecbdcac8a0e7,FILM::Ipar Adalah Maut (2024),1,komentar
user_ed74ad5460a1,FILM::Ipar Adalah Maut (2024),1,komentar
user_f0d92e87dda7,FILM::Ipar Adalah Maut (2024),1,komentar
user_f1a3291a614e,FILM::Ipar Adalah Maut (2024),1,komentar
user_f1d45957a315,FILM::Ipar Adalah Maut (2024),1,komentar
user_f2333f189686,FILM::Ipar Adalah Maut (2024),1,komentar
user_f25ad0dd631d,FILM::Ipar Adalah Maut (2024),5,komentar
user_f25ecb0f94f4,FILM::Ipar Adalah Maut (2024),1,komentar
user_f43a69570178,FILM::Ipar Adalah Maut (2024),1,komentar
user_f58ef071f339,FILM::Ipar Adalah Maut (2024),1,komentar
user_f68979d59b96,FILM::Ipar Adalah Maut (2024),1,komentar
user_f74c5a315c17,FILM::Ipar Adalah Maut (2024),1,komentar
user_f7628b94a334,FILM::Ipar Adalah Maut (2024),1,komentar
user_f7cba180ce19,FILM::Ipar Adalah Maut (2024),1,komentar
user_f7f4217dc998,FILM::Ipar Adalah Maut (2024),1,komentar
user_f935a5a92c7c,FILM::Ipar Adalah Maut (2024),1,komentar
user_f9486d27e32e,FILM::Ipar Adalah Maut (2024),1,komentar
user_f957a66c0ca9,FILM::Ipar Adalah Maut (2024),1,komentar
user_fa5a02c40dce,FILM::Ipar Adalah Maut (2024),1,komentar
user_fb2ea4e3638a,FILM::Ipar Adalah Maut (2024),1,komentar
user_fc1a6754be3f,FILM::Ipar Adalah Maut (2024),1,komentar
user_fc1cbdd86951,FILM::Ipar Adalah Maut (2024),1,komentar
user_fce6c5ab6bb8,FILM::Ipar Adalah Maut (2024),1,komentar
user_fe04a504390f,FILM::Ipar Adalah Maut (2024),1,komentar
user_fe448b0188d6,FILM::Ipar Adalah Maut (2024),1,komentar
user_fe8d3368ec8f,FILM::Ipar Adalah Maut (2024),1,komentar
user_ffc88e3fcfd4,FILM::Ipar Adalah Maut (2024),1,komentar
user_05413a1faf0f,user_f14106f32400,1,balasan
user_0567c94f1d83,user_8aa4a32d3ebe,3,balasan
user_057ed6328330,user_dcb67e9c47b2,1,balasan
user_05826126b5a9,user_23b98e69c246,1,balasan
user_05826126b5a9,user_523c8c99297c,1,balasan
user_05826126b5a9,user_9dba45c81d5c,1,balasan
user_05826126b5a9,user_b766f1f64ed4,2,balasan
user_05928c74cadf,user_4fccfc34c587,1,balasan
user_05a3bdd1be26,user_6f46b8b62c42,2,balasan
user_05a3bdd1be26,user_1e338feca566,1,balasan
user_05cbda0b548d,user_4ebd5685f235,1,balasan
user_05e836406a31,user_883522c88f26,1,balasan
user_060485a67bdb,user_2a86303c5b0e,1,balasan
user_060485a67bdb,user_f6da9f1d0d06,1,balasan
user_06258b8289c1,user_5d0c1450c87f,2,balasan
user_06a52a2afe41,user_fe56d66fb880,1,balasan
user_06ba55a69677,user_6afe95c39f56,1,balasan
user_06d7faadfa7c,user_764415f191d3,1,balasan
user_06fdbbd67398,user_074156a77c1f,1,balasan
user_06fdbbd67398,user_0edb4a3ead3e,2,balasan
user_06fdbbd67398,user_130f8029163e,2,balasan
user_06fdbbd67398,user_40f00feae546,1,balasan
user_06fdbbd67398,user_49a5f6c4e110,1,balasan
user_06fdbbd67398,user_4a5bc3a1ace7,2,balasan
user_06fdbbd67398,user_522a97b9b2f0,2,balasan
user_06fdbbd67398,user_72fcd77aa215,2,balasan
user_06fdbbd67398,user_7f566083023c,1,balasan
user_06fdbbd67398,user_856083e8ffc9,1,balasan
user_06fdbbd67398,user_8c073a08d04f,1,balasan
user_06fdbbd67398,user_a1a0a4c9eede,2,balasan
user_06fdbbd67398,user_a7a403b9a2bc,1,balasan
user_06fdbbd67398,user_ab4aedde8bce,1,balasan
user_06fdbbd67398,user_adbf248ca1fb,1,balasan
user_06fdbbd67398,user_b766f1f64ed4,1,balasan
user_06fdbbd67398,user_cceb2d02189c,1,balasan
user_06fdbbd67398,user_e2433fe3d3c9,1,balasan
user_06fdbbd67398,user_e8fecf91ac3e,2,balasan
user_06fdbbd67398,user_edb0a81c1fa5,1,balasan
user_06fdbbd67398,user_f9e92760b3a1,1,balasan
user_073c8e1b5963,user_ad58b298a4da,1,balasan
user_074156a77c1f,user_16c8d2c7ff33,2,balasan
user_074156a77c1f,user_5e1dff19b83a,2,balasan
user_074156a77c1f,user_663264e08af0,1,balasan
user_074156a77c1f,user_ef42b4c3bad7,2,balasan
user_074156a77c1f,user_3bf46c8a9ff9,1,balasan
user_07701a08035c,user_663264e08af0,1,balasan
user_077944728ca0,user_1e796245d099,1,balasan
user_07839c88b1a5,user_50431c9a1c47,1,balasan
user_0787759cca37,user_9dba45c81d5c,1,balasan
user_079bd2de123b,user_38f53311cf00,1,balasan
user_079bd2de123b,user_7abd038501c8,1,balasan
user_079bd2de123b,user_d7a57483e1a3,1,balasan
user_079bd2de123b,user_dd616835d271,1,balasan
user_079d2a26d162,user_ab18568b571a,1,balasan
user_07ab2ab1f7a2,user_e8fecf91ac3e,2,balasan
user_07bd23eee43a,user_577a31e29207,2,balasan
user_07db18f813f8,user_9419ea2780a9,1,balasan
user_07fa7875b6c5,user_523c8c99297c,1,balasan
user_081b616a5fdb,user_22a1721ac7b5,2,balasan
user_083e36b6e7fe,user_84d508e05f82,1,balasan
user_084f96236c22,user_53042968f818,1,balasan
user_086235a34ea4,user_38518b7c1ec1,2,balasan
user_086b05adb74f,user_bfd5cff0f5f5,4,balasan
user_08763fcbcc1a,user_2bc38591896e,1,balasan
user_08763fcbcc1a,user_598416093d5a,1,balasan
user_08763fcbcc1a,user_7779ad396763,1,balasan
user_08763fcbcc1a,user_df30f5f798cc,1,balasan
user_08e9e8781c64,user_480f5add592c,1,balasan
user_09081fdfb2e5,user_8a9948b20ce6,1,balasan
user_09081fdfb2e5,user_4a37f995cfe6,1,balasan
user_09615a8fad7e,user_0dba4d1e6b04,1,balasan
user_098b4e70df3a,user_61b8f7e38a45,1,balasan
user_09a571070287,user_9a97ca8aa657,1,balasan
user_09e078704d47,user_44f57f57bcc6,1,balasan
user_09e078704d47,user_84d508e05f82,1,balasan
user_09f25bb993cc,user_ba131dfc1f1f,1,balasan
user_0a278f49204b,user_2261b1e6e020,1,balasan
user_0a278f49204b,user_ccb163b2c49b,1,balasan
user_0a38f93ad766,user_ad85e0c5ec15,1,balasan
user_0a4e0a833a7c,user_480f5add592c,1,balasan
user_0af90075108c,user_0b3d09c62210,1,balasan
user_0afc5f114b4e,user_44f57f57bcc6,1,balasan
user_0b1732aa9a14,user_147d4e8c4706,1,balasan
user_0b1732aa9a14,user_2aa46a4d3b9b,1,balasan
user_0b3d09c62210,user_3a3cce7ea60b,1,balasan
user_0b3d09c62210,user_45ad5cc8242d,1,balasan
user_0b3d09c62210,user_ad5f4555e45d,1,balasan
user_0b3d09c62210,user_af61f22490d9,7,balasan
user_0b3d09c62210,user_d237b16774fe,3,balasan
user_0b3d09c62210,user_e3b353549776,2,balasan
user_0b3d09c62210,user_0bef6968690a,1,balasan
user_0b3d09c62210,user_b7eefef90709,1,balasan
user_0b3d09c62210,user_1164e05b5460,1,balasan
user_0b3d09c62210,user_1ee154c71f5a,1,balasan
user_0b3d09c62210,user_274093650f94,1,balasan
user_0b3d09c62210,user_2ce14be17ea1,1,balasan
user_0b3d09c62210,user_3296d9c642ac,1,balasan
user_0b3d09c62210,user_3369eac65f77,1,balasan
user_0b3d09c62210,user_3736a30dccfb,1,balasan
user_0b3d09c62210,user_46199d1c45ee,1,balasan
user_0b3d09c62210,user_480185d89a29,1,balasan
user_0b3d09c62210,user_ed49989a3225,1,balasan
user_0b3d09c62210,user_f4d56f850afe,1,balasan
user_0b3d09c62210,user_5c06b76feade,1,balasan
user_0b3d09c62210,user_9e805316f884,1,balasan
user_0b3d09c62210,user_6186eaf8eba7,1,balasan
user_0b3d09c62210,user_6a6c0c1b74b4,1,balasan
user_0b3d09c62210,user_6d38d031dedc,1,balasan
user_0b3d09c62210,user_aa82905e6f7e,1,balasan
user_0b3d09c62210,user_761b8eb5da05,1,balasan
user_0b3d09c62210,user_795e415b6a31,1,balasan
user_0b3d09c62210,user_80b764850b57,1,balasan
user_0b3d09c62210,user_84f809bedcf7,1,balasan
user_0b3d09c62210,user_bb6f5447dd26,1,balasan
user_0b3d09c62210,user_d73cdf7d9b19,1,balasan
user_0b3d09c62210,user_d7ca9dd6f7b1,1,balasan
user_0b3d09c62210,user_dd616835d271,1,balasan
user_0bcc99498c6c,user_6956900b8d59,1,balasan
user_0bcc99498c6c,user_84d508e05f82,1,balasan
user_0bcc99498c6c,user_6138efaa569c,1,balasan
user_0bded558377d,user_62cc3b78a759,2,balasan
user_0bded558377d,user_fd5a22e44ee0,1,balasan
user_0c0b6db74c3d,user_f22afd171cb6,1,balasan
user_0c0b6db74c3d,user_f4ff900fc462,1,balasan
user_0c1692bf30c8,user_71d389d3a256,1,balasan
user_0c1692bf30c8,user_e2911df22ecd,1,balasan
user_0c2209a58414,user_ebea838a88f0,1,balasan
user_0c2209a58414,user_f8b4afa38177,2,balasan
user_0c3c74024ed6,user_1598016df4d9,1,balasan
user_0c3c74024ed6,user_3fff3cc74917,1,balasan
user_0c3c74024ed6,user_4ac58b71d86b,1,balasan
user_0c3c74024ed6,user_57dee654585b,1,balasan
user_0c3c74024ed6,user_85db391fbd23,1,balasan
user_0c3c74024ed6,user_90fa9e63f1ba,1,balasan
user_0c3c74024ed6,user_a585975b6bc9,1,balasan
user_0c41075760d5,user_1512a4afb744,1,balasan
user_0c4448388119,user_573b3439d5bf,1,balasan
user_0c4448388119,user_65c4e0cf747d,1,balasan
user_0c5d5622f7a1,user_10954c970b04,2,balasan
user_0c5d5622f7a1,user_a24588e55416,2,balasan
user_0c655293ef4d,user_1d85d88edf09,1,balasan
user_0c655293ef4d,user_214a8da468d7,1,balasan
user_0c797f599d5d,user_12beb3e29e4c,1,balasan
user_0c797f599d5d,user_32368a2da455,1,balasan
user_0c797f599d5d,user_883522c88f26,1,balasan
user_0c797f599d5d,user_ba131dfc1f1f,1,balasan
user_0c797f599d5d,user_e8f37a726dc8,2,balasan
user_0c84aba3624b,user_46b927bd618c,1,balasan
user_0ca3dae5bd5a,user_257c32c1046a,1,balasan
user_0cc4d38a5849,user_480f5add592c,1,balasan
user_0cf15ee9e82b,user_522a97b9b2f0,1,balasan
user_0cf15ee9e82b,user_1425c2917dba,1,balasan
user_0cf15ee9e82b,user_5671fcb4a300,1,balasan
user_0cf509974fe7,user_7b2ea548da44,1,balasan
user_0d208bb56a93,user_a8cd225d7fb9,1,balasan
user_0d2bbdc94c65,user_347d31bf7a1c,1,balasan
user_0d2df52add2c,user_b7eefef90709,1,balasan
user_0d8b09d5e43f,user_dce19ba54ae5,1,balasan
user_0dba4d1e6b04,user_c9a0d2374efa,2,balasan
user_0dba4d1e6b04,user_2531c73fa323,1,balasan
user_0dba4d1e6b04,user_36b8a485014b,1,balasan
user_0dba4d1e6b04,user_43008d8853a0,1,balasan
user_0dba4d1e6b04,user_451f3d594a1b,1,balasan
user_0dba4d1e6b04,user_74dadb99e342,1,balasan
user_0dba4d1e6b04,user_88db51780515,1,balasan
user_0dba4d1e6b04,user_90f5edafc179,1,balasan
user_0dba4d1e6b04,user_aca233964886,1,balasan
user_0dba4d1e6b04,user_b8efc701b92a,1,balasan
user_0dba4d1e6b04,user_c065545c422a,1,balasan
user_0dba4d1e6b04,user_c74e00310af1,1,balasan
user_0dba4d1e6b04,user_c8c3c71fc260,1,balasan
user_0dba4d1e6b04,user_e9ba8b9396dd,1,balasan
user_0dba4d1e6b04,user_f264d026e813,1,balasan
user_0dcea1a94a26,user_48ef7f6041eb,1,balasan
user_0dd654c79c3f,user_420746dfe39f,1,balasan
user_0e2e577276af,user_ee39b4312c60,1,balasan
user_0e5385d5213b,user_9dba45c81d5c,1,balasan
user_0e5385d5213b,user_65c4e0cf747d,1,balasan
user_0e5385d5213b,user_f25ad0dd631d,1,balasan
user_0e57d90972f2,user_8136dd7f2de9,1,balasan
user_0e57d90972f2,user_a15914d144d5,2,balasan
user_0e57d90972f2,user_7db72c650b8d,1,balasan
user_0e57d90972f2,user_850a58e918fd,1,balasan
user_0e57d90972f2,user_a4b77e16272f,1,balasan
user_0e8547d242a2,user_5e8dd45aea24,2,balasan
user_0ea7b61d9208,user_347d31bf7a1c,1,balasan
user_0eaf941365ec,user_2e022ca22c25,1,balasan
user_0eaf941365ec,user_bc1cd6f06fbc,1,balasan
user_0ebd475d5f0c,user_afe4bd2a5911,1,balasan
user_0edb4a3ead3e,user_8f2202bc796d,3,balasan
user_0ef43904dced,user_ffa6f9c6889f,1,balasan
user_0f4018f3029d,user_8d6b77a6f046,1,balasan
user_0f4018f3029d,user_b46ca064d374,1,balasan
user_0f446f4ef5ac,user_c15c50712d42,1,balasan
user_0f49344e8ea9,user_bb50f8e63aea,2,balasan
user_0f92dbeddaa1,user_4bc035bdd993,2,balasan
user_0fa712047258,user_dfc3c849e272,1,balasan
user_0fb3a2000812,user_354c29266138,1,balasan
user_0fea3f76a8b3,user_4ace52e57747,1,balasan
user_0ffbf49ef990,user_23fcda6f1328,1,balasan
user_0ffbf49ef990,user_b444ca561119,1,balasan
user_102cd585bfeb,user_c9a0d2374efa,1,balasan
user_106012fabfb4,user_e45faa3e41ff,1,balasan
user_106012fabfb4,user_f70cda1a7066,1,balasan
user_106012fabfb4,user_3df745c81a8d,1,balasan
user_106012fabfb4,user_a13f85cc07af,1,balasan
user_10954c970b04,user_6da6745fa1df,1,balasan
user_10e45b4bf27e,user_99e649f2f28a,1,balasan
user_10e45b4bf27e,user_ba3d737c7f33,1,balasan
user_10f6270b3376,user_a77e9cbb0b0b,1,balasan
user_110320d2c1f9,user_42bd8eaa0f57,1,balasan
user_110320d2c1f9,user_6ecd82bcde47,1,balasan
user_110700d19d18,user_19744de301a2,1,balasan
user_11e4a21084be,user_2261b1e6e020,1,balasan
user_11e4a21084be,user_5a37217d6a53,1,balasan
user_1222e8a5afd8,user_4d40516ac608,1,balasan
user_124704b35c24,user_cf0f212c6675,1,balasan
user_124704b35c24,user_eb00d493ee1c,1,balasan
user_12491483b182,user_79bf94da48ea,1,balasan
user_126ad0088893,user_7dc1ebbac13a,1,balasan
user_127fffc138b2,user_231d93ebd910,2,balasan
user_127fffc138b2,user_3a0c2e8a1c96,1,balasan
user_127fffc138b2,user_7a7d0db0fd36,1,balasan
user_12dc927466b5,user_b320856fc5a8,1,balasan
user_130f8029163e,user_198acd133a63,1,balasan
user_133c6b38f885,user_5a92f57eabfa,1,balasan
user_133c6b38f885,user_3fe5746c50f9,1,balasan
user_136bcfec5c22,user_7239eaf0452a,1,balasan
user_136bcfec5c22,user_95b062b3182e,1,balasan
user_136bcfec5c22,user_ed7cf17c69db,1,balasan
user_136e32e680b7,user_ec1049f1fa95,1,balasan
user_136e79990300,user_c8f1f024bdec,1,balasan
user_136e79990300,user_23fcda6f1328,1,balasan
user_136e79990300,user_fd72469313ef,1,balasan
user_136f21d781c4,user_8061018be159,1,balasan
user_136f21d781c4,user_bc1cd6f06fbc,1,balasan
user_137851dbf6f8,user_480f5add592c,1,balasan
user_137851dbf6f8,user_56f21b46bf71,2,balasan
user_1394639ec1cf,user_ef42b4c3bad7,1,balasan
user_13c807594f0c,user_40bb9f64f84f,1,balasan
user_13e7d8195679,user_4d3d93b70dac,1,balasan
user_13f6ba0001fd,user_480f5add592c,1,balasan
user_140b4bdad0f9,user_f2488eab2d38,2,balasan
user_140b4bdad0f9,user_24ffaa3e716b,1,balasan
user_1425c2917dba,user_2621c7cc060e,1,balasan
user_1425c2917dba,user_3751df822d89,1,balasan
user_1425c2917dba,user_686b82d85f04,1,balasan
user_143ab55c392d,user_5f75706e0cdf,1,balasan
user_148f95ebe1e8,user_d70ade4506e9,1,balasan
user_14b78a131789,user_eb00d493ee1c,1,balasan
user_14eeb1562b3a,user_1ee154c71f5a,1,balasan
user_1512a4afb744,user_49bdc0a829bd,1,balasan
user_1512a4afb744,user_842e018dcb1e,2,balasan
user_1512a4afb744,user_ace68a565c5c,3,balasan
user_1512a4afb744,user_ef0b88a43b0b,1,balasan
user_15183fd56055,user_3a0c2e8a1c96,1,balasan
user_156ef42fddae,user_480f5add592c,1,balasan
user_157eacb3bd04,user_480f5add592c,1,balasan
user_1582ba5af6b9,user_e1a69823e096,1,balasan
user_15861666d056,user_a8bf043e63e0,2,balasan
user_159e0bbb2d8d,user_e461ce3e5e9a,1,balasan
user_159e0bbb2d8d,user_6cac98dfa91f,1,balasan
user_15a2a52d51d5,user_4d3d93b70dac,2,balasan
user_15a2a52d51d5,user_6db136bd972e,1,balasan
user_15a2a52d51d5,user_58328ec4b237,1,balasan
user_15c255e0134b,user_41bfe331e97f,1,balasan
user_15dd26101599,user_cb57dc781227,1,balasan
user_15ddf58d463e,user_2abefee8c906,1,balasan
user_15ddf58d463e,user_b43d0fbf882d,1,balasan
user_15ddf58d463e,user_f69e0a421975,1,balasan
user_16567e97d5e1,user_e89603a048fb,1,balasan
user_16af99af8938,user_663264e08af0,1,balasan
user_16af99af8938,user_2ebd3063dba2,1,balasan
user_16e0aa10a35f,user_ee4aadfd5f79,1,balasan
user_16ee185bf857,user_cbf7214b3722,1,balasan
user_16ee36b98bd8,user_d7f8fcc80d38,1,balasan
user_16fd72719e0b,user_1e0a7bdf79e8,1,balasan
user_17256963f20b,user_523c8c99297c,1,balasan
user_17739f151079,user_e45faa3e41ff,2,balasan
user_17739f151079,user_f70cda1a7066,1,balasan
user_17739f151079,user_23600dc30a4b,1,balasan
user_1783b79c4abb,user_ba059199e0f7,1,balasan
user_17878376ab73,user_95b062b3182e,2,balasan
user_179f3494b08c,user_4d40516ac608,1,balasan
user_17c4bd232a63,user_798fc47abc77,1,balasan
user_17dcf8a56f78,user_d6fec73e0d90,1,balasan
user_18309da9c6c2,user_1b405e929bbc,1,balasan
user_18536a63237e,user_e848fb25dc36,1,balasan
user_1893359550fd,user_ede01d52323f,1,balasan
user_1894ec4d3ede,user_523c8c99297c,1,balasan
user_18affae77e5a,user_a9e3afa36b48,1,balasan
user_18dd4d8c9f5a,user_60e6a73b3067,1,balasan
user_18df82b5839d,user_af61f22490d9,1,balasan
user_18e8c356e40d,user_2578d624d4e9,1,balasan
user_190fa4eb6cf7,user_e3d52082b03c,1,balasan
user_190fc9b346f8,user_eb00d493ee1c,1,balasan
user_195b8068cb8c,user_1c7576a37e0c,1,balasan
user_195b8068cb8c,user_420746dfe39f,1,balasan
user_195b8068cb8c,user_ddf2d38e0bd8,2,balasan
user_195b8068cb8c,user_c21fddb2cc89,1,balasan
user_19744de301a2,user_3372f980ab55,1,balasan
user_197493dffa2a,user_5e8dd45aea24,1,balasan
user_197493dffa2a,user_53042968f818,1,balasan
user_198acd133a63,user_4a8647b4f75c,1,balasan
user_198acd133a63,user_bda55de5781c,1,balasan
user_198f74973248,user_3df481ffdb2e,1,balasan
user_198f74973248,user_6aac1d230982,1,balasan
user_198f7e169021,user_19d57d000f93,1,balasan
user_198f7e169021,user_b5bb121b99a3,1,balasan
user_1a04cec49e2e,user_5f75706e0cdf,1,balasan
user_1a496473024f,user_663264e08af0,1,balasan
user_1a623b7ad6d8,user_a8b187b8f43c,1,balasan
user_1a623b7ad6d8,user_bc1cd6f06fbc,1,balasan
user_1a623b7ad6d8,user_c04a0e578b91,2,balasan
user_1a6d5ce315ef,user_a92fc266949c,1,balasan
user_1a6f9ea80157,user_8417a95ba334,1,balasan
user_1ac2b71e27a6,user_5fb6a12423ac,1,balasan
user_1aca322a74b2,user_faf8b49eeb90,1,balasan
user_1b1bfe91d2e7,user_b33aa8afe428,1,balasan
user_1b1bfe91d2e7,user_65c4e0cf747d,1,balasan
user_1b1bfe91d2e7,user_f25ad0dd631d,1,balasan
user_1b289db7dc86,user_e7cf66833071,1,balasan
user_1b575e45cc74,user_4a5bc3a1ace7,1,balasan
user_1b575e45cc74,user_fa7f96025493,1,balasan
user_1ba572727f4b,user_7e6ac70d20be,1,balasan
user_1bc2cf7741d1,user_28d202d98d83,1,balasan
user_1bc2cf7741d1,user_c99f45eec897,1,balasan
user_1bc5fa781572,user_61d7c0cd3e3e,2,balasan
user_1bc5fa781572,user_7921142f4fb8,1,balasan
user_1bf186f0c0de,user_4c88eded9d44,1,balasan
user_1bf186f0c0de,user_59ede183a182,1,balasan
user_1bf186f0c0de,user_661570bd6f68,1,balasan
user_1bf186f0c0de,user_dd616835d271,1,balasan
user_1c14bf81b12c,user_a69b754f2433,1,balasan
user_1c14bf81b12c,user_a4c75939d623,1,balasan
user_1c390507512a,user_580e60a1fc65,1,balasan
user_1c3ad193cc87,user_2ddcd5ac3326,1,balasan
user_1c66d596a017,user_9163329df9cf,1,balasan
user_1c66d596a017,user_9e5c4d0525df,2,balasan
user_1c7576a37e0c,user_1c81956b3d92,1,balasan
user_1ce0dbd2cea5,user_57f7437ddb52,1,balasan
user_1cf9b6f04543,user_c280cb849042,1,balasan
user_1d200e899e87,user_4f0f1ed9f587,1,balasan
user_1d386fddc755,user_6345038a9bec,2,balasan
user_1d43f94308c7,user_523c8c99297c,1,balasan
user_1d6c2f7f0976,user_6a2d45b56253,12,balasan
user_1d6c2f7f0976,user_bd4b0eb23530,2,balasan
user_1d805b7474b2,user_a92fc266949c,1,balasan
user_1d85d88edf09,user_6558984258ac,1,balasan
user_1d90798d4d91,user_c694961bc099,1,balasan
user_1dcc4c0ea2b6,user_2ddcd5ac3326,1,balasan
user_1e294a55e70a,user_3779c552a826,1,balasan
user_1e294a55e70a,user_baa3c98319eb,1,balasan
user_1e294a55e70a,user_d8a80d2c7573,1,balasan
user_1e57a1a6b6dc,user_ed7cf17c69db,1,balasan
user_1e59fedc1a06,user_739ee30e9d19,1,balasan
user_1e5ded81d3fd,user_5a92f57eabfa,1,balasan
user_1e5e67944f36,user_b766f1f64ed4,1,balasan
user_1e796245d099,user_65c4e0cf747d,1,balasan
user_1e796245d099,user_ae5a83fdf811,1,balasan
user_1ed52841631e,user_b5879316635a,1,balasan
user_1ee154c71f5a,user_8854ed1b55af,1,balasan
user_1ee5cc1140dc,user_ec1049f1fa95,1,balasan
user_1efd7fd2e199,user_5686c93459e3,1,balasan
user_1efea53ab36c,user_abba31e849c2,1,balasan
user_1f2d97dce33a,user_480f5add592c,1,balasan
user_1f386f986486,user_7153d2b13130,1,balasan
user_1f71cd28340f,user_c6158c930951,1,balasan
user_1f71cd28340f,user_d2b6a70c1189,1,balasan
user_1f827c7e10a4,user_d7632ee3e45b,1,balasan
user_1fae474e0376,user_e92be2d74904,1,balasan
user_1fc0587f6221,user_8136dd7f2de9,1,balasan
user_1fcd798af303,user_42bd8eaa0f57,4,balasan
user_1fcd798af303,user_ab96d1a0270b,1,balasan
user_202515c2489e,user_fed8eeaf109c,3,balasan
user_20306ea2b8c1,user_9760c8e38ce1,1,balasan
user_205871c9a6ce,user_e7cf66833071,1,balasan
user_20b9dbbb9aa2,user_5c71078ea2c1,1,balasan
user_20dabe839ae5,user_95b062b3182e,1,balasan
user_20fd437c43b9,user_eab809142214,1,balasan
user_210791b92003,user_4b0bb736a582,1,balasan
user_210d7c9c734a,user_9dba45c81d5c,1,balasan
user_210d7c9c734a,user_3c0181ac8ddf,1,balasan
user_210d7c9c734a,user_9f76c47edd6b,1,balasan
user_2112faf3334f,user_6f78a844ba5e,2,balasan
user_2126fb9b2fad,user_a05a038126ef,1,balasan
user_214b351c8fe1,user_663264e08af0,1,balasan
user_21693d22f06a,user_f7f629d9117d,2,balasan
user_21693d22f06a,user_874836db98b2,1,balasan
user_21a95f4a0e9b,user_36f957bd90de,1,balasan
user_21fc38ce4e81,user_9760c8e38ce1,1,balasan
user_21ff3d2bdf5e,user_ebea838a88f0,1,balasan
user_21ff3d2bdf5e,user_742eafa8f746,1,balasan
user_21ff3d2bdf5e,user_dd616835d271,1,balasan
user_2223636afe46,user_af61f22490d9,1,balasan
user_2223636afe46,user_d237b16774fe,1,balasan
user_2261b1e6e020,user_6138efaa569c,1,balasan
user_22628fcf8b2d,user_81c80a25204b,1,balasan
user_22bbc0529eec,user_817ac8e3713b,1,balasan
user_2331bf4b5aca,user_4d15026f237f,1,balasan
user_2331bf4b5aca,user_65c4e0cf747d,1,balasan
user_233cb5255463,user_e89603a048fb,1,balasan
user_233cb7b6e55f,user_cda7b163c98e,1,balasan
user_234c09427a5a,user_42bd8eaa0f57,1,balasan
user_2354292f3886,user_7153d2b13130,1,balasan
user_2354292f3886,user_e9ba8b9396dd,1,balasan
user_237d9f0b6a24,user_a7dac8f03f1c,1,balasan
user_23a12a85cb2e,user_b454bb78d360,1,balasan
user_23a12a85cb2e,user_e1b238fd6e0f,1,balasan
user_23b0201f2cdb,user_965dd7f382a4,1,balasan
user_23d5057a8be6,user_9dba45c81d5c,1,balasan
user_23ed663069af,user_ef42b4c3bad7,1,balasan
user_23ed663069af,user_890f0e526faa,1,balasan
user_23fcda6f1328,user_41e2bf35fdaa,1,balasan
user_23fcda6f1328,user_87f8797e5845,1,balasan
user_23fcda6f1328,user_c8f1f024bdec,1,balasan
user_23fcda6f1328,user_d80655793019,1,balasan
user_23fcda6f1328,user_605b2afdd09e,1,balasan
user_23fcda6f1328,user_baa3c98319eb,1,balasan
user_242fe75111ff,user_35ba0a49b28a,2,balasan
user_242fe75111ff,user_bc1cd6f06fbc,1,balasan
user_242fe75111ff,user_f88792d2e88f,1,balasan
user_24524bf6784e,user_74b51eb9e832,1,balasan
user_2455bb89e7f6,user_a06e99207f11,1,balasan
user_2455bb89e7f6,user_f939a87b8c96,1,balasan
user_246838e9f8ff,user_5f75706e0cdf,1,balasan
user_24838b605e8d,user_29355f2e52be,1,balasan
user_24838b605e8d,user_29dc15648fae,1,balasan
user_24847cc802e1,user_d9a7c5078a84,2,balasan
user_24caeded9d84,user_e771e5f095c3,1,balasan
user_24ea88be71a5,user_88845d8bde88,1,balasan
user_24ea88be71a5,user_c605cef8a92f,1,balasan
user_24ea88be71a5,user_33bb39de8980,1,balasan
user_24ea88be71a5,user_36c59a9a6c69,1,balasan
user_24ea88be71a5,user_ba18809d20e6,1,balasan
user_253aa360787b,user_6ecd82bcde47,1,balasan
user_2578d624d4e9,user_4ae16b2ff98f,2,balasan
user_2578d624d4e9,user_a9e3afa36b48,1,balasan
user_2578d624d4e9,user_b5e3680fb1c9,2,balasan
user_2578d624d4e9,user_374249693d03,1,balasan
user_2578d624d4e9,user_997059875462,1,balasan
user_2578d624d4e9,user_dd616835d271,1,balasan
user_2578d624d4e9,user_f4ff900fc462,1,balasan
user_25f31acb466d,user_525a30b4c533,1,balasan
user_2600fe994f81,user_7171e5476a89,1,balasan
user_2600fe994f81,user_8a8e00242bff,1,balasan
user_263640bfcd53,user_8f6f1694b6c4,1,balasan
user_263640bfcd53,user_abb63e6aecb6,1,balasan
user_263640bfcd53,user_fc1cbdd86951,1,balasan
user_2636aadaeb1c,user_586561fba27f,1,balasan
user_2636aadaeb1c,user_90a355ca3baa,1,balasan
user_265b30d36b23,user_3368f9f0279f,1,balasan
user_265b30d36b23,user_3dddc3fcbdff,1,balasan
user_26673e18aa46,user_f7eb7d098ca9,1,balasan
user_266baec6b2f0,user_d9c8157dcdf9,1,balasan
user_268a8e6a7e26,user_be4e972dc373,2,balasan
user_26c723577cbf,user_b5bea406cbe1,1,balasan
user_26c723577cbf,user_a9b7785536ed,1,balasan
user_26c723577cbf,user_f1c3b09fcef0,1,balasan
user_270c0d3db8fc,user_fbf989c8c4ff,1,balasan
user_27294413fec6,user_9c248bda4ad1,1,balasan
user_2733dad47a21,user_d102e0901baa,1,balasan
user_274093650f94,user_e7cf66833071,1,balasan
user_277c2b6c89cf,user_76e6116a4374,1,balasan
user_27b7c845c68d,user_cda7b163c98e,1,balasan
user_27b7c845c68d,user_7937051e7376,1,balasan
user_27ee50015eb1,user_c609249c4a5f,1,balasan
user_281d28015122,user_cfc6bd3576c3,2,balasan
user_2852a63bf814,user_e8f37a726dc8,4,balasan
user_285e433fa95d,user_b5bb121b99a3,1,balasan
user_286f34a2fbda,user_6e6d8ece3e96,1,balasan
user_28b812ff4d64,user_3aa6c0347b6b,1,balasan
user_28c454b96472,user_f14106f32400,1,balasan
user_28c454b96472,user_43240a9afa36,1,balasan
user_28ff56d61f29,user_e212e5611bd2,1,balasan
user_297e5366fb08,user_d102e0901baa,1,balasan
user_298488c99acb,user_2dba904289ca,1,balasan
user_298488c99acb,user_3359954fc4c9,1,balasan
user_298488c99acb,user_fa7f96025493,1,balasan
user_298488c99acb,user_671b518e1e71,1,balasan
user_298488c99acb,user_c68027c5fb7f,1,balasan
user_298488c99acb,user_a896cfbd0c53,1,balasan
user_29935131795a,user_95b062b3182e,1,balasan
user_29935131795a,user_e30d8ae054ea,1,balasan
user_299ba006bd03,user_d1ca0d1365f7,1,balasan
user_299ba006bd03,user_c6158c930951,1,balasan
user_29ae681fec84,user_603bad37d572,1,balasan
user_29ae681fec84,user_6c7a26315e82,1,balasan
user_29ae681fec84,user_9487808ee79c,1,balasan
user_29dc15648fae,user_3df745c81a8d,2,balasan
user_29dc15648fae,user_cf6055fbc551,1,balasan
user_2a146af869b9,user_cd05a9802b74,1,balasan
user_2a76f92d0f1d,user_7dd7b3ecf0ef,3,balasan
user_2aa26b3159fc,user_5a93ec4748d6,1,balasan
user_2aa46a4d3b9b,user_6ba764e95ca5,1,balasan
user_2aa46a4d3b9b,user_7e7a97476168,1,balasan
user_2ac4dfe9a64f,user_c73054fc9d72,1,balasan
user_2add77d2d1c4,user_6366a5cc3c86,1,balasan
user_2af76faa9a88,user_67bdf36b3765,1,balasan
user_2b4c18b9b2b7,user_480f5add592c,1,balasan
user_2b84e4da9791,user_4a8647b4f75c,1,balasan
user_2b85d3b4dcbf,user_34341597c523,2,balasan
user_2b8c2dc89402,user_929454d03116,1,balasan
user_2b8c2dc89402,user_d0d1a117ed54,1,balasan
user_2b8c2dc89402,user_ff41d4d19f63,1,balasan
user_2c44d2b30604,user_30dc86fcb57e,1,balasan
user_2c44d2b30604,user_791e8b8c538c,1,balasan
user_2c44d2b30604,user_7971f0f6a85e,1,balasan
user_2c45fcf78a11,user_da4634793a3b,1,balasan
user_2c487593b27c,user_3871bd13c0b1,1,balasan
user_2c9bd3a96cb3,user_cdbd2947a5f4,1,balasan
user_2ca8116ac63b,user_6fcb2495c760,1,balasan
user_2ccc8e6ca85d,user_929454d03116,2,balasan
user_2ccc8e6ca85d,user_98396989fa09,1,balasan
user_2d04381d90d1,user_afcff0660963,1,balasan
user_2d6aa69ce69b,user_b7709df44ea4,2,balasan
user_2d8f120d12f9,user_75b9c8a19220,1,balasan
user_2d90ea4952b8,user_cf0f212c6675,1,balasan
user_2ddcd5ac3326,user_46a368250be4,2,balasan
user_2ddcd5ac3326,user_6ecd82bcde47,5,balasan
user_2ddcd5ac3326,user_9cd8ffd2723b,1,balasan
user_2ddcd5ac3326,user_ba733cf5d304,1,balasan
user_2ddcd5ac3326,user_c108d689c6f5,1,balasan
user_2ddcd5ac3326,user_dd19b599e64f,1,balasan
user_2ddcd5ac3326,user_de8a3c2ccd5d,1,balasan
user_2ddcd5ac3326,user_e83f0d434910,2,balasan
user_2ddcd5ac3326,user_fea92d9042a3,1,balasan
user_2e022ca22c25,user_787cc8a7a5f4,1,balasan
user_2e2d9dbdb804,user_ebfb0e89d7de,1,balasan
user_2e40a648fd76,user_cfb57e130ee9,1,balasan
user_2e4c21574017,Siccin 8,1,komentar
user_2e4c21574017,user_67732263743c,1,balasan
user_315957e18051,FILM::Siccin 8,1,komentar
user_326f9b9aaccd,FILM::Siccin 8,1,komentar
user_32f96f6f957b,FILM::Siccin 8,1,komentar
user_33c740fec504,FILM::Siccin 8,1,komentar
user_3908ff562897,FILM::Siccin 8,1,komentar
user_3cfa331865ee,FILM::Siccin 8,1,komentar
user_5426b01d2fce,FILM::Siccin 8,1,komentar
user_564397a1a69f,FILM::Siccin 8,1,komentar
user_61abbb7a4674,FILM::Siccin 8,1,komentar
user_67732263743c,FILM::Siccin 8,1,komentar
user_6f28f958605b,FILM::Siccin 8,1,komentar
user_6fc58f29157e,FILM::Siccin 8,1,komentar
user_7d2eeb70bf80,FILM::Siccin 8,1,komentar
user_8c8a7d68dc8e,FILM::Siccin 8,1,komentar
user_b1a62bd23ab1,FILM::Siccin 8,1,komentar
user_dd1b1be0a109,FILM::Siccin 8,1,komentar
user_dd616835d271,FILM::Siccin 8,1,komentar
user_e077a393cf2b,FILM::Siccin 8,1,komentar
user_f275ad2fea65,FILM::Siccin 8,1,komentar
user_f8f8c6190f87,FILM::Siccin 8,1,komentar
user_2e5cd52a5f49,user_7b51e2a4a8ab,1,balasan
user_2e5e5cd18e27,user_6f28f958605b,1,balasan
user_2e783b7ab65e,user_893454f0c307,1,balasan
user_2ef0b4416c6e,user_f9af47ea136e,1,balasan
user_2ef3a230ba94,user_b766f1f64ed4,1,balasan
user_2ef3a230ba94,user_64fdf123119f,1,balasan
user_2f325f14d547,user_a45ac52b0524,4,balasan
user_2f32c11deb83,user_51f9440145a6,4,balasan
user_2f529000a074,user_e18f5d28e9a7,1,balasan
user_2fcfb61cf29d,user_53f3772d5e1b,1,balasan
user_2ff445027d64,user_7921142f4fb8,1,balasan
user_30ea65b34bae,user_575e6efc3cdc,1,balasan
user_30ed54cd1b0e,user_62e6c9e087f5,1,balasan
user_31062afcc3be,user_da42dc79f7b6,1,balasan
user_31062afcc3be,user_ffd6c9c9eb91,1,balasan
user_31062afcc3be,user_93b9b9818acc,1,balasan
user_311317124c4b,user_f2c1273542f0,1,balasan
user_31224cbd6b8b,user_480f5add592c,1,balasan
user_31224cbd6b8b,user_ba6574898d05,1,balasan
user_316d7d93031d,user_bb50f8e63aea,1,balasan
user_317e70e198ee,user_480f5add592c,1,balasan
user_318824ef3480,user_6fcb2495c760,2,balasan
user_31e2eb643ebc,user_9dba45c81d5c,1,balasan
user_32039493556d,user_72fcd77aa215,1,balasan
user_3250b404a72d,user_e0f304a5d466,1,balasan
user_326f9b9aaccd,user_f8f8c6190f87,1,balasan
user_3273235c76e5,user_480f5add592c,1,balasan
user_328021a49a4d,user_592a5ed63f6d,1,balasan
user_328021a49a4d,user_dd616835d271,1,balasan
user_328021a49a4d,user_f3f6b13ad4c1,1,balasan
user_32e05ad3ac79,user_6da5546935bc,1,balasan
user_32fe3c212b8f,user_a86260934a9f,1,balasan
user_32fe3c212b8f,user_cba6188e9d0f,1,balasan
user_3328e96b86fa,user_7a5bb8a98cf4,1,balasan
user_3328e96b86fa,user_b842e606a6a7,1,balasan
user_3368f9f0279f,user_529fbd666a33,1,balasan
user_3368f9f0279f,user_af61f22490d9,1,balasan
user_3374acfb3157,user_7776643b8e1e,2,balasan
user_3374acfb3157,user_93725b7c1f60,2,balasan
user_338162439bc6,user_8f2abd0d7d10,1,balasan
user_33853a359de0,user_5f75706e0cdf,1,balasan
user_33bb39de8980,user_4ac58b71d86b,1,balasan
user_33e7bf7e25d0,user_9b23a719ae27,1,balasan
user_33eee11c8f46,user_bc16b6472c83,1,balasan
user_33f3f49d7b70,user_8aa689e12025,1,balasan
user_33f3f49d7b70,user_98795a6911aa,1,balasan
user_33f3f49d7b70,user_c73054fc9d72,1,balasan
user_33f3f49d7b70,user_63483ec3cd75,1,balasan
user_340723e15819,user_7067c2ca1728,1,balasan
user_34098c7004c2,user_a9ca4638374e,1,balasan
user_34098c7004c2,user_5686c93459e3,1,balasan
user_34341597c523,user_f14106f32400,1,balasan
user_34341597c523,user_5598361a41b7,1,balasan
user_34341597c523,user_8f27eab5f2b6,1,balasan
user_34341597c523,user_96910156d6eb,1,balasan
user_34341597c523,user_c02f1aa8bb60,1,balasan
user_347d31bf7a1c,user_37ef238b89ea,2,balasan
user_347d31bf7a1c,user_38518b7c1ec1,1,balasan
user_347d31bf7a1c,user_3d692a580a75,1,balasan
user_347d31bf7a1c,user_4b9587d0b2d9,1,balasan
user_347d31bf7a1c,user_6f78a844ba5e,1,balasan
user_347d31bf7a1c,user_a25edd97e259,1,balasan
user_347d31bf7a1c,user_b695a8b10b39,1,balasan
user_347d31bf7a1c,user_b8a5a9158ec5,1,balasan
user_347d31bf7a1c,user_cd34620cb116,1,balasan
user_347d31bf7a1c,user_da8adb42e89d,1,balasan
user_34c543fba7ff,user_791e8b8c538c,1,balasan
user_34d5d4b73ab8,user_e3d52082b03c,2,balasan
user_351dd503716f,user_ad1d60dd0fe9,1,balasan
user_3534517d3c66,user_a15914d144d5,4,balasan
user_3534517d3c66,user_4e49b8966492,1,balasan
user_3534517d3c66,user_9fb0b2ac34e4,1,balasan
user_353df9f28a73,user_c4451379a1bf,1,balasan
user_356ed6461227,user_5633272a0627,1,balasan
user_3573e2d6fa6b,user_68d4607fcfbb,1,balasan
user_3576dc7722c4,user_cf0f212c6675,1,balasan
user_3576dc7722c4,user_ed7cf17c69db,1,balasan
user_357caa3a1010,user_5e6bba335e42,1,balasan
user_358b997d749d,user_49bdc0a829bd,1,balasan
user_358b997d749d,user_91dff4849aa2,1,balasan
user_358b997d749d,user_ba6574898d05,1,balasan
user_358b997d749d,user_e657ad2eb0c6,1,balasan
user_359fb76c6927,user_4f4e7c3d7c58,1,balasan
user_35b0f52c8679,user_bfd5cff0f5f5,2,balasan
user_35ec6ea93fcf,user_eea0ea72d355,2,balasan
user_35f3508f05b3,user_57c16aebfeb9,2,balasan
user_35f3508f05b3,user_79ae8e8fbb5a,1,balasan
user_36429a9e5ed8,user_a9e3afa36b48,1,balasan
user_36450be0f335,user_ebfb0e89d7de,2,balasan
user_36e0447c6a54,user_e18f5d28e9a7,2,balasan
user_36f4ff164b9e,user_77598ad72e76,3,balasan
user_36f4ff164b9e,user_dd616835d271,1,balasan
user_36f957bd90de,user_515490763ec0,1,balasan
user_37051d49383e,user_53042968f818,1,balasan
user_372255fd9d18,user_5f75706e0cdf,1,balasan
user_374600901954,user_98041b08bdcf,1,balasan
user_374600901954,user_a9e3afa36b48,1,balasan
user_374600901954,user_46c8533c7731,1,balasan
user_374600901954,user_7e7b6abad086,1,balasan
user_374600901954,user_89fef09a06bf,1,balasan
user_374600901954,user_c5a5b5f11c07,1,balasan
user_374600901954,user_e022a70d1c3f,1,balasan
user_3751df822d89,user_4ffe140ac9c4,1,balasan
user_37647af01d52,user_bd7b7da774da,1,balasan
user_37a6f315cbad,user_4257b25be9ca,2,balasan
user_37a6f315cbad,user_edf3660765e3,1,balasan
user_37aef45e0b35,user_6afe95c39f56,1,balasan
user_37aef45e0b35,user_549bb9d25f34,2,balasan
user_37aef45e0b35,user_f725bc7f3e3e,1,balasan
user_37eb6c095ed9,user_c8fe0f52b8eb,1,balasan
user_37ef238b89ea,user_eea0ea72d355,1,balasan
user_37ef238b89ea,user_c6d9b1bb290d,1,balasan
user_37ef238b89ea,user_5c74aec148ed,1,balasan
user_38379720c407,user_76dd6d574c45,3,balasan
user_38518b7c1ec1,user_e79d26cea653,2,balasan
user_38518b7c1ec1,user_f055f486ccb6,1,balasan
user_38518b7c1ec1,user_41cc6259ef60,1,balasan
user_3871bd13c0b1,user_3a24c0f256f7,1,balasan
user_3871bd13c0b1,user_6afe95c39f56,3,balasan
user_3871bd13c0b1,user_8c49918daf02,1,balasan
user_3886562d848c,user_4976d29f2071,1,balasan
user_38d366005e1d,user_57222ae1a111,1,balasan
user_38d366005e1d,user_d4bcb44b09b6,1,balasan
user_38dbdca74e42,user_6e629668069b,1,balasan
user_38dbdca74e42,user_72cf32cb0d97,1,balasan
user_38dbdca74e42,user_7f566083023c,1,balasan
user_38dbdca74e42,user_80bcbcd40c30,1,balasan
user_38dbdca74e42,user_89335d85e764,2,balasan
user_38dbdca74e42,user_b29fcf43b25b,1,balasan
user_38dbdca74e42,user_ef42b4c3bad7,1,balasan
user_38dbdca74e42,user_f3934e455dfe,1,balasan
user_38dbdca74e42,user_ad1d60dd0fe9,1,balasan
user_38f0b4cf61bf,user_480f5add592c,1,balasan
user_38f53311cf00,user_b99d9627793e,1,balasan
user_38fb02642b25,user_aa293019e584,1,balasan
user_38fb02642b25,user_65c4e0cf747d,1,balasan
user_38fb02642b25,user_f25ad0dd631d,1,balasan
user_397621070d8b,user_c8f1f024bdec,1,balasan
user_397cae5a574b,user_3b11a1191ac2,1,balasan
user_397cae5a574b,user_97fde3150c5f,1,balasan
user_397cae5a574b,user_be7827177af6,1,balasan
user_39a74aaebd48,user_ffa43c9c3ec4,1,balasan
user_39f6a2cb639f,user_87d5edf5c268,1,balasan
user_3a0c2e8a1c96,user_7330715bd733,1,balasan
user_3a0c2e8a1c96,user_bd4b0eb23530,1,balasan
user_3a136a8fbf0b,user_c32d6414731b,1,balasan
user_3a1c5bd4061c,user_6138efaa569c,1,balasan
user_3a22cd8aaf66,user_529fbd666a33,1,balasan
user_3a22cd8aaf66,user_be9dee337697,1,balasan
user_3a24c0f256f7,user_de4e3e61c73f,1,balasan
user_3a24c0f256f7,user_ddc0b7196290,1,balasan
user_3a2731a54a4f,user_d86fe2510992,1,balasan
user_3a2fb15cd5f4,user_42ee7d2ebd41,1,balasan
user_3a36b3805205,user_c694961bc099,1,balasan
user_3a36b3805205,user_f71942144a35,1,balasan
user_3a3cce7ea60b,user_722cf8ee6fd6,1,balasan
user_3a3dff933684,user_7921142f4fb8,1,balasan
user_3a3ebc973dbb,user_fa6e340d8f70,2,balasan
user_3a503ef4f7ac,user_c73054fc9d72,3,balasan
user_3a759de95d7b,user_8a9a8985504a,1,balasan
user_3aa6c0347b6b,user_7ba788e3495b,1,balasan
user_3aafa5877126,user_d4614ca4cd94,1,balasan
user_3abf69da61d7,user_71d389d3a256,1,balasan
user_3abf69da61d7,user_4f0f1ed9f587,1,balasan
user_3abf69da61d7,user_e6cdab667e9f,1,balasan
user_3acc97b61833,user_5f637082d7a0,2,balasan
user_3b400f8fd48b,user_513ef1a0af64,1,balasan
user_3b5660a4252d,user_e6a16ec7ffef,1,balasan
user_3b70475315f2,user_a7dac8f03f1c,1,balasan
user_3bb6d0dbcda3,user_ef13e89503b3,1,balasan
user_3bde357cc47e,user_6f78a844ba5e,2,balasan
user_3bde357cc47e,user_3c1530c73430,1,balasan
user_3c05f0a5677a,user_cfb57e130ee9,1,balasan
user_3c1530c73430,user_60e6a73b3067,1,balasan
user_3c3ca2fd1a5e,user_60e6a73b3067,1,balasan
user_3c57734a1285,user_ef42b4c3bad7,1,balasan
user_3c594debb578,user_60e6a73b3067,1,balasan
user_3c6ee12e56bd,user_4a8647b4f75c,1,balasan
user_3c89a25a6a45,user_e78dcc11e2ec,1,balasan
user_3cae817585b4,user_4070fc277475,2,balasan
user_3cae817585b4,user_f3503a87bca1,1,balasan
user_3cb2fc942539,user_7148ef93890f,1,balasan
user_3d0c5f4ead83,user_7fff058886dd,1,balasan
user_3d320d04b6bf,user_ce0817d6da0f,2,balasan
user_3d4b40fbae4e,user_ad1d60dd0fe9,1,balasan
user_3d692a580a75,user_8311b07c02fe,1,balasan
user_3d692a580a75,user_9453ccae3987,1,balasan
user_3dc66560d019,user_cf8d2e0bfb7c,2,balasan
user_3dddc3fcbdff,user_dca2b512317a,1,balasan
user_3df481ffdb2e,user_7b2bb799e532,1,balasan
user_3e2e1e2773b9,user_b5d0051c7a80,1,balasan
user_3ebfd59fa254,user_c69ed0169e25,3,balasan
user_3ece0e5dd926,user_57222ae1a111,1,balasan
user_3ece0e5dd926,user_6a3854d79201,1,balasan
user_3ed32944d987,user_fa7f96025493,3,balasan
user_3edf03cfd900,user_b58d5c9f4d21,2,balasan
user_3ef011993335,user_803f416cf5d3,1,balasan
user_3ef575e6d8d3,user_f7eb7d098ca9,1,balasan
user_3efbb6d7b2b7,user_6ca7b82eb424,1,balasan
user_3f4d11524906,user_b6c29cbea7c2,1,balasan
user_3fe5746c50f9,user_d6fec73e0d90,1,balasan
user_3fe8212a653c,user_76dd6d574c45,2,balasan
user_3fe8212a653c,user_dfa007a163ba,1,balasan
user_3fe8212a653c,user_f70a3019c9f4,1,balasan
user_4030cc1b1a81,user_4fcda16b2b64,1,balasan
user_404268ed07f6,user_9a1402c0d96a,2,balasan
user_404d0dd8628c,user_72114a4c0130,1,balasan
user_40505a84de4f,user_d6fec73e0d90,1,balasan
user_40659b8f3508,user_e4800db79d52,1,balasan
user_4072b2737fff,user_a74be216cdf2,1,balasan
user_4086a75a005c,user_6e6d8ece3e96,1,balasan
user_409c9a9bbc2f,user_7183b3519c71,1,balasan
user_40bb9f64f84f,user_a45ac52b0524,1,balasan
user_40f9877ae3bd,user_cda7b163c98e,9,balasan
user_40f9877ae3bd,user_f14106f32400,1,balasan
user_4113f4c83cf5,user_ad5f4555e45d,1,balasan
user_4113f4c83cf5,user_50b735acdbc5,1,balasan
user_4114f2cf4682,user_7f1d1a96848c,2,balasan
user_4114f2cf4682,user_80c8c3404da0,1,balasan
user_4149771a3cc5,user_e7cf66833071,2,balasan
user_4174062e8a23,user_bd375553a91d,1,balasan
user_4174062e8a23,user_df00e4ba037b,1,balasan
user_4174062e8a23,user_e15bb78f8073,1,balasan
user_418187573fc0,user_fbeb78b9eafc,1,balasan
user_41ae64955cbd,user_7921142f4fb8,1,balasan
user_41ae64955cbd,user_b43191889e72,1,balasan
user_41bfe331e97f,user_7bc9f8cfa47c,1,balasan
user_41bfe331e97f,user_864c29799dcc,1,balasan
user_41e2bf35fdaa,user_501cce67d017,1,balasan
user_41e2bf35fdaa,user_6ab1897eea53,1,balasan
user_41e2bf35fdaa,user_d81e6c53518b,1,balasan
user_41e2bf35fdaa,user_fa743f7f135e,1,balasan
user_41e2bf35fdaa,user_f2552e0f9bb4,1,balasan
user_41eb0e2139e2,user_d4bcb44b09b6,1,balasan
user_41eb0e2139e2,user_8b8366997e26,1,balasan
user_420746dfe39f,user_72fcd77aa215,1,balasan
user_420746dfe39f,user_ef42b4c3bad7,1,balasan
user_420746dfe39f,user_46436ff4a3a9,1,balasan
user_420746dfe39f,user_5d25fc3b84f0,1,balasan
user_420746dfe39f,user_d0192d667af7,1,balasan
user_420746dfe39f,user_ddf2d38e0bd8,1,balasan
user_420746dfe39f,user_4aed9389a765,2,balasan
user_420746dfe39f,user_ed49989a3225,1,balasan
user_420746dfe39f,user_523e5d3839a7,1,balasan
user_420746dfe39f,user_6f28f958605b,1,balasan
user_420746dfe39f,user_ad1d60dd0fe9,1,balasan
user_420746dfe39f,user_aea80e2c3e45,1,balasan
user_420746dfe39f,user_baa3c98319eb,1,balasan
user_420746dfe39f,user_d629e7a77c66,1,balasan
user_420746dfe39f,user_f2058242f547,1,balasan
user_420746dfe39f,user_f53a95b12def,1,balasan
user_420746dfe39f,user_faa428a786d8,1,balasan
user_420746dfe39f,user_fc745de6a9cb,1,balasan
user_4213a5e2b4e8,user_851d1f88d022,3,balasan
user_4216ceb60eb1,user_bc9c48c5e684,1,balasan
user_4216ceb60eb1,user_81ee6e95f6be,1,balasan
user_4216ceb60eb1,user_c4951f23002f,1,balasan
user_421cce5bca53,user_e461ce3e5e9a,1,balasan
user_421cce5bca53,user_65c4e0cf747d,1,balasan
user_4226a463a87f,user_6da6745fa1df,1,balasan
user_4257b25be9ca,user_e83f0d434910,2,balasan
user_4293508a4cc0,user_ef0b88a43b0b,1,balasan
user_42bd8eaa0f57,user_5186bc5f8cb9,1,balasan
user_42bd8eaa0f57,user_539fcdee2cf1,1,balasan
user_42bd8eaa0f57,user_6ecd82bcde47,6,balasan
user_42bd8eaa0f57,user_ab96d1a0270b,3,balasan
user_42bd8eaa0f57,user_f5e021e0d3d6,1,balasan
user_42ee7d2ebd41,user_bd4b0eb23530,1,balasan
user_42fef9ca34df,user_a0482e7ae7ab,1,balasan
user_42fef9ca34df,user_aaa3f639ed8e,1,balasan
user_43140224940a,user_696f90118719,1,balasan
user_436cf87029c7,user_d77fa82bc46d,1,balasan
user_43702d7a41ae,user_480f5add592c,1,balasan
user_438b608e5959,user_f4574055a9da,1,balasan
user_43d0931a47df,user_b5b833b264b7,1,balasan
user_43d0931a47df,user_a643c8930889,1,balasan
user_43f7169488ce,user_f79e459d1f15,1,balasan
user_43f8337e5a6d,user_522a97b9b2f0,1,balasan
user_440f2a5a7f96,user_868215dc7ac2,1,balasan
user_4417ffe39613,user_abad6330ea3f,1,balasan
user_442167c6af3b,user_65eaf5489866,2,balasan
user_443e9d34bd36,user_e6a65d2f74ba,1,balasan
user_450994c3e28d,user_75b9c8a19220,1,balasan
user_45110bebf706,user_7921142f4fb8,1,balasan
user_452b5b0ea65c,user_ceb60b9ecee6,1,balasan
user_454c63b6b75c,user_a9089934d74c,1,balasan
user_456fcd5a0f67,user_eea0ea72d355,1,balasan
user_45ad5cc8242d,user_ad5f4555e45d,2,balasan
user_45d643c64bb5,user_842e018dcb1e,6,balasan
user_4629a7837247,user_7e6ac70d20be,1,balasan
user_4629a7837247,user_f848c4d34e1f,1,balasan
user_46411a924df0,user_4e33734bbc77,1,balasan
user_4647f7b34718,user_972d99fe93fb,1,balasan
user_46a368250be4,user_c6d9b1bb290d,1,balasan
user_46a9c71e45d6,user_8136dd7f2de9,1,balasan
user_46af5803e23c,user_480f5add592c,1,balasan
user_46af5803e23c,user_49bdc0a829bd,1,balasan
user_46c8533c7731,user_6fc72f00d16e,1,balasan
user_46c8533c7731,user_ad1d60dd0fe9,1,balasan
user_470642045152,user_523c8c99297c,1,balasan
user_47984c794578,user_ce85694d6ed1,1,balasan
user_47984c794578,user_dd616835d271,1,balasan
user_47ab511a7a47,user_8c7c1dd6e84f,1,balasan
user_47bbf35d9611,user_e8ad72574695,1,balasan
user_480185d89a29,user_8036cd4336b7,1,balasan
user_480f5add592c,user_56f21b46bf71,1,balasan
user_480f5add592c,user_49bdc0a829bd,1,balasan
user_480f5add592c,user_ef0b88a43b0b,1,balasan
user_480f5add592c,user_53f3772d5e1b,1,balasan
user_480f5add592c,user_49c9b4097ffb,1,balasan
user_480f5add592c,user_ed49989a3225,1,balasan
user_480f5add592c,user_4afd87768b7f,1,balasan
user_480f5add592c,user_51dfe935acf7,1,balasan
user_480f5add592c,user_542747d75ee0,1,balasan
user_480f5add592c,user_615c77cad043,1,balasan
user_480f5add592c,user_644be2bf1586,2,balasan
user_480f5add592c,user_d1a7a795dc2d,1,balasan
user_480f5add592c,user_6486f7da10db,1,balasan
user_480f5add592c,user_6badf3d16ed9,1,balasan
user_480f5add592c,user_6bb9fbc638f3,1,balasan
user_480f5add592c,user_88e21d327dc1,1,balasan
user_480f5add592c,user_8dbdd7a4677f,1,balasan
user_480f5add592c,user_8e4b86bf1ce9,1,balasan
user_480f5add592c,user_987457ff818e,1,balasan
user_480f5add592c,user_9d4425a2c25a,1,balasan
user_480f5add592c,user_9d44b2418ad0,1,balasan
user_480f5add592c,user_ad2af657e2ef,1,balasan
user_480f5add592c,user_b5981ca859ec,1,balasan
user_480f5add592c,user_b96a14f9c421,1,balasan
user_480f5add592c,user_c3d16e4c45c2,1,balasan
user_480f5add592c,user_c65bd8982c45,1,balasan
user_480f5add592c,user_cbdbd29df984,1,balasan
user_480f5add592c,user_d6c9e878fcf0,1,balasan
user_480f5add592c,user_dbe23efb0e5c,1,balasan
user_480f5add592c,user_e043cfff2e52,1,balasan
user_480f5add592c,user_e72465273815,1,balasan
user_480f5add592c,user_ebb3bde87281,1,balasan
user_480f5add592c,user_f13d98a10151,1,balasan
user_480f5add592c,user_f84048d357a2,1,balasan
user_480f5add592c,user_f9178e8260f9,1,balasan
user_48100c1d78d2,user_dbc9a641a778,1,balasan
user_48100c1d78d2,user_e056ffecb263,1,balasan
user_48373fe51514,user_4852c410fe24,1,balasan
user_48373fe51514,user_52c7cf99cad3,3,balasan
user_48373fe51514,user_f4ecacf46efe,2,balasan
user_4857848fc959,user_ad2fe2718ab8,1,balasan
user_48ae378c7af2,user_e174ba0aa654,1,balasan
user_4931b398a869,user_531a4fc80cad,2,balasan
user_4976d29f2071,user_63c300a0c87f,1,balasan
user_4976d29f2071,user_bd0430ecd4a7,1,balasan
user_4976d29f2071,user_7a2e00d8a002,1,balasan
user_49bdc0a829bd,user_d491be4b2a14,2,balasan
user_49caa1e73b35,user_f62404782045,1,balasan
user_4a3c4156452d,user_ddc0b7196290,1,balasan
user_4a5bc3a1ace7,user_72fcd77aa215,2,balasan
user_4a5bc3a1ace7,user_7f566083023c,1,balasan
user_4a5bc3a1ace7,user_8bb157d369ed,1,balasan
user_4a5bc3a1ace7,user_a74031e8c122,1,balasan
user_4a8647b4f75c,user_ed49989a3225,1,balasan
user_4a8647b4f75c,user_9373a0274cf0,1,balasan
user_4ac58b71d86b,user_978de42b665e,1,balasan
user_4ad1ee52175e,user_ef7fe80d9c4b,1,balasan
user_4aed9389a765,user_79bf94da48ea,1,balasan
user_4aed9389a765,user_ed49989a3225,3,balasan
user_4b2979a548ea,user_a147dad32292,1,balasan
user_4b2979a548ea,user_b925744ccb64,2,balasan
user_4b2979a548ea,user_bf5edd9ef1cd,1,balasan
user_4b2979a548ea,user_cc291b5abe8f,2,balasan
user_4b2979a548ea,user_eb16ddc46039,2,balasan
user_4b2979a548ea,user_f0136058d99a,1,balasan
user_4b2979a548ea,user_57c4612588ac,1,balasan
user_4b2979a548ea,user_719de45dc65a,1,balasan
user_4b49eedbcd84,user_7b52e048de16,1,balasan
user_4b93cb056085,user_65c4e0cf747d,1,balasan
user_4b93cb056085,user_8b3fc1c18077,1,balasan
user_4b9587d0b2d9,user_ef13e89503b3,1,balasan
user_4b97a85f92ee,user_a13c9478e01d,1,balasan
user_4b97a85f92ee,user_aaa3f639ed8e,1,balasan
user_4b992b83d60d,user_b6dd5b953856,2,balasan
user_4bc0514ce991,user_82f616761fea,1,balasan
user_4be2b87858c7,user_a9e3afa36b48,1,balasan
user_4be7b82203be,user_c2a9dc7535c4,1,balasan
user_4be7b82203be,user_daf10e43fb8d,1,balasan
user_4bf72c7390d9,user_d25367dea220,1,balasan
user_4c0cc2117949,user_b5bb121b99a3,1,balasan
user_4c1a076b466b,user_a86260934a9f,1,balasan
user_4c4f5484df50,user_aba48d5e12a7,1,balasan
user_4c4f5484df50,user_bd5307c9566b,1,balasan
user_4cabda344628,user_c5418742f612,1,balasan
user_4caca487d05f,user_6aac1d230982,1,balasan
user_4caca487d05f,user_dcb07e0c60ba,2,balasan
user_4d0d23854e4e,user_592a5ed63f6d,1,balasan
user_4d3d93b70dac,user_5d00724f6569,1,balasan
user_4d3d93b70dac,user_8b135f141170,1,balasan
user_4d3d93b70dac,user_c2a090636dff,1,balasan
user_4d40516ac608,user_4edc1bf974f2,1,balasan
user_4d40516ac608,user_978eba6fe082,1,balasan
user_4dd4098097f3,user_c04c5ddfee99,1,balasan
user_4de17082132e,user_cda7b163c98e,1,balasan
user_4df99848e5ff,user_f8b4afa38177,1,balasan
user_4df99848e5ff,user_6f78a844ba5e,1,balasan
user_4e1d3861bc23,user_9595db2fc024,1,balasan
user_4e49b8966492,user_8136dd7f2de9,1,balasan
user_4e5cc88507d2,user_722b04b11021,1,balasan
user_4eb2e6be821c,user_f03164bc3a71,1,balasan
user_4eba3a0bada9,user_cc7c0ca9b12f,1,balasan
user_4ebd5685f235,user_877da0fb1bc3,3,balasan
user_4edc1bf974f2,user_e8ad72574695,1,balasan
user_4f0628e8a15a,user_a7a403b9a2bc,2,balasan
user_4f0f1ed9f587,user_59f25dfe0e02,1,balasan
user_4f0f1ed9f587,user_ef42b4c3bad7,1,balasan
user_4f636070074c,user_539fcdee2cf1,1,balasan
user_4fc4a5b87f5c,user_f4d56f850afe,1,balasan
user_4ffe140ac9c4,user_9595db2fc024,1,balasan
user_501cce67d017,user_f7eb7d098ca9,1,balasan
user_502006a98094,user_ed49989a3225,1,balasan
user_503027899bda,user_5ad075b15d7f,2,balasan
user_503d3f2baaf4,user_53042968f818,1,balasan
user_50431c9a1c47,user_65c4e0cf747d,1,balasan
user_50b735acdbc5,user_85d450c290eb,1,balasan
user_50c2ffcba0ec,user_f27e5a42fb5e,1,balasan
user_5186bc5f8cb9,user_f5e021e0d3d6,1,balasan
user_5186bc5f8cb9,user_cf7ca1e57224,1,balasan
user_51939dfc8ac2,user_582722fb0cdf,1,balasan
user_51afde9946c7,user_afe4bd2a5911,1,balasan
user_51f9440145a6,user_6afc37e9edcc,1,balasan
user_51f9440145a6,user_915812c3b43a,2,balasan
user_51f9440145a6,user_d092158fe77e,1,balasan
user_51f9440145a6,user_d1642dff5b3e,1,balasan
user_51f9440145a6,user_ff41d4d19f63,1,balasan
user_5211baf9a9b5,user_a3799712d91e,3,balasan
user_5211baf9a9b5,user_8fecaa00ec5f,1,balasan
user_5211baf9a9b5,user_cd20fa011b55,1,balasan
user_522a97b9b2f0,user_cf8d2e0bfb7c,1,balasan
user_522a97b9b2f0,user_da98bed21916,2,balasan
user_523c8c99297c,user_a1a0a4c9eede,1,balasan
user_523c8c99297c,user_5e1dff19b83a,1,balasan
user_523c8c99297c,user_cda7b163c98e,1,balasan
user_523c8c99297c,user_787cc8a7a5f4,1,balasan
user_523c8c99297c,user_72cf32cb0d97,1,balasan
user_523c8c99297c,user_a0482e7ae7ab,1,balasan
user_523c8c99297c,user_aaa3f639ed8e,1,balasan
user_523c8c99297c,user_a13c9478e01d,1,balasan
user_523c8c99297c,user_550127f9b318,1,balasan
user_523c8c99297c,user_5dc93c9f6dea,1,balasan
user_523c8c99297c,user_5e11db187104,1,balasan
user_523c8c99297c,user_651e21dd7a0f,1,balasan
user_523c8c99297c,user_7c8e6fa3b7e9,1,balasan
user_523c8c99297c,user_7d230a3b51b9,1,balasan
user_523c8c99297c,user_9636ea41476e,1,balasan
user_523c8c99297c,user_d8641adc0d9f,1,balasan
user_523c8c99297c,user_c55d8f201721,1,balasan
user_523c8c99297c,user_d1ff7f4f403a,1,balasan
user_523c8c99297c,user_e92d8fe26a88,1,balasan
user_523c8c99297c,user_f09a9ff573bc,1,balasan
user_523c8c99297c,user_f4330371ffca,1,balasan
user_523c8c99297c,user_ffbf22833c56,1,balasan
user_524b2e625f8e,user_d7048ca6e47f,2,balasan
user_525a30b4c533,user_b07b2f142c99,1,balasan
user_525a30b4c533,user_e7cf66833071,1,balasan
user_52c7cf99cad3,user_8136dd7f2de9,3,balasan
user_52c7cf99cad3,user_fa7f96025493,10,balasan
user_52c7cf99cad3,user_8882153e7de2,2,balasan
user_52c7cf99cad3,user_ca1339b0524c,3,balasan
user_52c7cf99cad3,user_cd65dda1b1cd,3,balasan
user_52c7cf99cad3,user_cd8f04b2be0b,3,balasan
user_52c7cf99cad3,user_ea096129e838,2,balasan
user_52c7cf99cad3,user_761fae8cbdad,1,balasan
user_52c7cf99cad3,user_a67178275d6d,1,balasan
user_52f867a52398,user_7148ef93890f,1,balasan
user_52f867a52398,user_bfaaf6ea6cd8,1,balasan
user_53042968f818,user_5e8dd45aea24,1,balasan
user_53042968f818,user_5a084c60d96f,1,balasan
user_53042968f818,user_ae879cadeb77,1,balasan
user_53042968f818,user_954567ef3d54,1,balasan
user_531a4fc80cad,user_e7cf66833071,1,balasan
user_5356d4abdfbe,user_a3799712d91e,1,balasan
user_53758d741ccf,user_fa7f96025493,2,balasan
user_53758d741ccf,user_63c300a0c87f,1,balasan
user_537729881f46,user_5616c8ead67e,1,balasan
user_53c691a8b44e,user_b766f1f64ed4,1,balasan
user_53c691a8b44e,user_eae469d34029,1,balasan
user_53da92923ff3,user_f92fe5151e45,1,balasan
user_53f3772d5e1b,user_d491be4b2a14,1,balasan
user_53f3772d5e1b,user_89c66c846cfb,1,balasan
user_542747d75ee0,user_9dba45c81d5c,1,balasan
user_5436eae0cb72,user_ed49989a3225,1,balasan
user_5469bcdd185d,user_a9e3afa36b48,1,balasan
user_548d36c370b3,user_d4c04b5efb22,1,balasan
user_549bb9d25f34,user_cdd852c322f8,1,balasan
user_549bb9d25f34,user_f7eb7d098ca9,2,balasan
user_54be33419a6a,user_65541ca0cba1,1,balasan
user_54fbb1dd69db,user_72fcd77aa215,1,balasan
user_54fbb1dd69db,user_bc9c48c5e684,1,balasan
user_54fcc2985825,user_9760c8e38ce1,1,balasan
user_54fcc2985825,user_d19d3b68531c,1,balasan
user_554d8e1d6210,user_f14106f32400,1,balasan
user_554d8e1d6210,user_f903445e6ab6,1,balasan
user_554d8e1d6210,user_d5b2850eedb2,1,balasan
user_55577a079f82,user_8a9a8985504a,1,balasan
user_556a3a54fdba,user_5c84adc747cf,1,balasan
user_5598361a41b7,user_92ddd0d76c8d,1,balasan
user_5631308866bc,user_7c2862164bc8,2,balasan
user_563e1e91c5f5,user_8bb157d369ed,1,balasan
user_563e1e91c5f5,user_f55c55898645,1,balasan
user_564397a1a69f,user_7d2eeb70bf80,1,balasan
user_56e198bc3fd7,user_b6b5aa52e122,1,balasan
user_57222ae1a111,user_d4bcb44b09b6,2,balasan
user_57222ae1a111,user_62b0013db4b9,1,balasan
user_572b42851d0c,user_c1ecb70e4e2c,1,balasan
user_573b3439d5bf,user_b33aa8afe428,1,balasan
user_573b3439d5bf,user_cb6c0b791c40,1,balasan
user_577a31e29207,user_b2562eb57bbc,2,balasan
user_577a31e29207,user_dd616835d271,1,balasan
user_57c16aebfeb9,user_be9dee337697,1,balasan
user_57e74f42f202,user_787cc8a7a5f4,2,balasan
user_58113bf5c11c,user_c8f1f024bdec,1,balasan
user_58328ec4b237,user_c6158c930951,1,balasan
user_585c318e76c1,user_5be8227fe677,1,balasan
user_58601121e97d,user_7227385b7565,2,balasan
user_58601121e97d,user_fbd11b357727,1,balasan
user_586561fba27f,user_ba395fd118c5,1,balasan
user_5865d6cee82b,user_afcff0660963,1,balasan
user_58ba010ae3ac,user_7b2ea548da44,1,balasan
user_58ba010ae3ac,user_a05a038126ef,2,balasan
user_58ba010ae3ac,user_6f775d016e20,1,balasan
user_58ba010ae3ac,user_aa82905e6f7e,1,balasan
user_58ba010ae3ac,user_b9f09d2dbb11,1,balasan
user_58d8216b0610,user_f9e9b871a096,1,balasan
user_5924d75aa8a1,user_8417a95ba334,1,balasan
user_592a5ed63f6d,user_907522f19265,1,balasan
user_592a5ed63f6d,user_a45ac52b0524,1,balasan
user_592a5ed63f6d,user_afcff0660963,1,balasan
user_592a5ed63f6d,user_da42dc79f7b6,2,balasan
user_592a5ed63f6d,user_de4e3e61c73f,1,balasan
user_592a5ed63f6d,user_ed49989a3225,1,balasan
user_593508b4e00e,user_893454f0c307,2,balasan
user_59536ea0451e,user_f7eb7d098ca9,1,balasan
user_59536ea0451e,user_8488c1945f6e,2,balasan
user_59c662f7d7d5,user_ffd6c9c9eb91,1,balasan
user_59eaa3eaf76d,user_b454bb78d360,1,balasan
user_59eaa3eaf76d,user_baa3c98319eb,1,balasan
user_5a064dadac7c,user_68121b05094d,1,balasan
user_5a064dadac7c,user_ef7fe80d9c4b,1,balasan
user_5a29ef512762,user_f14106f32400,1,balasan
user_5a92f57eabfa,user_d6fec73e0d90,1,balasan
user_5a92f57eabfa,user_ec1049f1fa95,1,balasan
user_5a92f57eabfa,user_8ce41938950e,1,balasan
user_5a92f57eabfa,user_99f854000754,1,balasan
user_5a92f57eabfa,user_a0f14a39f0c3,1,balasan
user_5a92f57eabfa,user_b17a572c3e18,1,balasan
user_5a93ec4748d6,user_c8e756c50440,1,balasan
user_5a93ec4748d6,user_ed2867765dcf,1,balasan
user_5ad075b15d7f,user_7153d2b13130,1,balasan
user_5b8473527e7b,user_5f75706e0cdf,1,balasan
user_5ba3ca6547e1,user_b6dd5b953856,1,balasan
user_5be8227fe677,user_a7c88c5f03ef,1,balasan
user_5c06b76feade,user_9e805316f884,1,balasan
user_5c255cdd18fa,user_be9dee337697,1,balasan
user_5c5184324f59,user_ab96d1a0270b,1,balasan
user_5cd05c48b005,user_9a1402c0d96a,1,balasan
user_5d0c1450c87f,user_a1e9fe3a5a3f,2,balasan
user_5d6a1476fd15,user_a053258479c6,1,balasan
user_5d86afc7199c,user_9f13bbec9053,2,balasan
user_5dea36fcbdc4,user_b71c89dc1898,1,balasan
user_5e1dff19b83a,user_ef42b4c3bad7,1,balasan
user_5e4a518056e9,user_7921142f4fb8,1,balasan
user_5e6ef1e9652b,user_e89603a048fb,1,balasan
user_5e8d0be01b8e,user_b82f164d5a76,1,balasan
user_5e8dd45aea24,user_ae879cadeb77,2,balasan
user_5e8dd45aea24,user_ce037289eaf4,1,balasan
user_5f038ab95e08,user_6aac1d230982,1,balasan
user_5f038ab95e08,user_859cf97cb218,2,balasan
user_5f038ab95e08,user_df2d6ca41293,1,balasan
user_5f22ee6318ec,user_be6ddd364cd1,1,balasan
user_5f26a8a21095,user_c69ed0169e25,1,balasan
user_5f51840b4e3f,user_ab3269bfa837,2,balasan
user_5f51840b4e3f,user_db3f783d8621,1,balasan
user_5f637082d7a0,user_722cf8ee6fd6,2,balasan
user_5f637082d7a0,user_7bb4d01a57d7,1,balasan
user_5f75706e0cdf,user_ef42b4c3bad7,1,balasan
user_5f75706e0cdf,user_c280cb849042,1,balasan
user_5f75706e0cdf,user_699ee69045e2,1,balasan
user_5f75706e0cdf,user_6dcf44618580,1,balasan
user_5f75706e0cdf,user_8066398769e2,8,balasan
user_5f75706e0cdf,user_9a5b10f59d33,1,balasan
user_5f75706e0cdf,user_af6282507adf,1,balasan
user_5f75706e0cdf,user_dd9d10a313a0,2,balasan
user_5f75706e0cdf,user_df0f836681c6,1,balasan
user_5f75706e0cdf,user_94194dd843f9,1,balasan
user_5f75706e0cdf,user_9abcd4fea25f,1,balasan
user_5f75706e0cdf,user_9d8c402c4230,1,balasan
user_5f75706e0cdf,user_dc3397b03bc5,1,balasan
user_5f7d109200dc,user_b4f31ae390c8,1,balasan
user_5fb1ef30cb45,user_f711e8c88d56,2,balasan
user_6042f6f4d1c2,user_74765eb275b8,2,balasan
user_6073bc7c57eb,user_868215dc7ac2,1,balasan
user_60e6a73b3067,user_72fcd77aa215,1,balasan
user_60e6a73b3067,user_8ea96176bae3,1,balasan
user_60e6a73b3067,user_91f8c82e6454,1,balasan
user_60e6a73b3067,user_baf453a79ba9,1,balasan
user_60e6a73b3067,user_bcd9ad8d0298,1,balasan
user_60e6a73b3067,user_c5e1b3af3c21,2,balasan
user_60e6a73b3067,user_6966cda75dfa,1,balasan
user_6138efaa569c,user_75b9c8a19220,2,balasan
user_6138efaa569c,user_d4bcb44b09b6,3,balasan
user_6138efaa569c,user_c6f24947216a,1,balasan
user_6138efaa569c,user_f3bfceed2f0b,1,balasan
user_617e558e66c5,user_f7eb7d098ca9,1,balasan
user_61abbb7a4674,user_e077a393cf2b,1,balasan
user_61b8f7e38a45,user_cdd852c322f8,1,balasan
user_61bdf9e42f53,user_65c4e0cf747d,1,balasan
user_61d7c0cd3e3e,user_7921142f4fb8,1,balasan
user_624468dca452,user_e89603a048fb,1,balasan
user_6252d8492349,user_7b3270757d37,1,balasan
user_62742cab02ec,user_ccb163b2c49b,2,balasan
user_628e801dcc99,user_6da6745fa1df,1,balasan
user_62c4d02a2e3f,user_78ff21b2c97b,1,balasan
user_63c300a0c87f,user_bd0430ecd4a7,1,balasan
user_6402915abb98,user_7e7b6abad086,1,balasan
user_641a16addf1c,user_9c7536fa4d57,1,balasan
user_644be2bf1586,user_d1a7a795dc2d,1,balasan
user_6466a68829e4,user_da4634793a3b,1,balasan
user_6539c3822ce8,user_f41d4258db84,1,balasan
user_65541ca0cba1,user_de4e3e61c73f,1,balasan
user_65541ca0cba1,user_67e0dc1a05ee,1,balasan
user_65541ca0cba1,user_a10bc7d6b453,1,balasan
user_65a5fcc64072,user_b0e15cd15915,1,balasan
user_65c4e0cf747d,user_660b049ba03a,1,balasan
user_65c4e0cf747d,user_686b82d85f04,1,balasan
user_65c4e0cf747d,user_7239eaf0452a,1,balasan
user_65c4e0cf747d,user_803f416cf5d3,1,balasan
user_65c4e0cf747d,user_95b062b3182e,1,balasan
user_65c4e0cf747d,user_9760c8e38ce1,1,balasan
user_65c4e0cf747d,user_a0a83b6eff58,1,balasan
user_65c4e0cf747d,user_bd7da72664fe,1,balasan
user_65c4e0cf747d,user_cb6c0b791c40,1,balasan
user_65c4e0cf747d,user_cbf7214b3722,1,balasan
user_65c4e0cf747d,user_deec96200de3,1,balasan
user_65c4e0cf747d,user_e15bb78f8073,1,balasan
user_65c4e0cf747d,user_e30d8ae054ea,1,balasan
user_65c4e0cf747d,user_e30fc2417b8d,1,balasan
user_65c4e0cf747d,user_e461ce3e5e9a,1,balasan
user_65c4e0cf747d,user_e89603a048fb,1,balasan
user_65e0ffb91918,user_da4634793a3b,1,balasan
user_660b049ba03a,user_e89603a048fb,1,balasan
user_660b049ba03a,user_b32ba4cc5463,1,balasan
user_663264e08af0,user_8298f3efc202,2,balasan
user_663264e08af0,user_de4e3e61c73f,1,balasan
user_663264e08af0,user_6f51f2a9c86c,1,balasan
user_66edc3612d79,user_6fcb2495c760,1,balasan
user_6769b57df554,user_b5f144eacdcc,1,balasan
user_680ae1f87d11,user_9b91829d6422,3,balasan
user_688f20831f12,user_85c454627396,3,balasan
user_688f20831f12,user_f149578a1bc5,1,balasan
user_68b0a8f92a8d,user_9a782b2c67d3,1,balasan
user_68be0bf7a1b7,user_87c9485a81a1,1,balasan
user_68d4607fcfbb,user_bfd5cff0f5f5,1,balasan
user_68d4607fcfbb,user_93f449779bd9,1,balasan
user_68e30d58c995,user_b8e21623d4cc,1,balasan
user_6956900b8d59,user_84d508e05f82,1,balasan
user_6961f526d88e,user_ef42b4c3bad7,1,balasan
user_6961f526d88e,user_ddf2d38e0bd8,1,balasan
user_6a2d45b56253,user_bd4b0eb23530,2,balasan
user_6a2d45b56253,user_ff9632d1994a,1,balasan
user_6a3854d79201,user_c6158c930951,2,balasan
user_6a6c0c1b74b4,user_c4a0a10cfd09,1,balasan
user_6a7de6f6776b,user_fa743f7f135e,1,balasan
user_6aac1d230982,user_a8cd225d7fb9,2,balasan
user_6aac1d230982,user_ec1049f1fa95,1,balasan
user_6aac1d230982,user_908376972635,1,balasan
user_6aac1d230982,user_9fc131d9370b,1,balasan
user_6ac51d872bc1,user_81c649a4bbc9,1,balasan
user_6afe95c39f56,user_f03974f9b97a,1,balasan
user_6afe95c39f56,user_dd616835d271,1,balasan
user_6b270711e9e4,user_a45ac52b0524,1,balasan
user_6b37bac4e5a8,user_c6d9b1bb290d,1,balasan
user_6ba764e95ca5,user_868215dc7ac2,1,balasan
user_6be090a93acb,user_f7eb7d098ca9,1,balasan
user_6be090a93acb,user_e60f3de0f083,1,balasan
user_6c11ae6dddf7,user_bfc17fd83f5d,1,balasan
user_6c2306e0d5d4,user_893454f0c307,1,balasan
user_6ca7b82eb424,user_97e48ae0de1f,1,balasan
user_6cda57299eb2,user_dbc9a641a778,1,balasan
user_6cde52f153fa,user_cb07dc82a0b2,1,balasan
user_6d169d6f5568,user_8417a95ba334,1,balasan
user_6d2d2c733f4c,user_b54c6b969421,1,balasan
user_6da3de6be123,user_b5b833b264b7,1,balasan
user_6da5546935bc,user_791e8b8c538c,4,balasan
user_6da5546935bc,user_c6f24947216a,2,balasan
user_6da6745fa1df,user_8066398769e2,1,balasan
user_6da6745fa1df,user_8faa3eaa3fd6,1,balasan
user_6dab0c863e22,user_adfd7eb9812b,1,balasan
user_6dab0c863e22,user_f85ec95e654b,1,balasan
user_6deff9afdb59,user_de7b1e6d751d,1,balasan
user_6e01c3d4a380,user_ca13ffaee92d,1,balasan
user_6e289759d59f,user_9760c8e38ce1,1,balasan
user_6e58502d20cd,user_b9345549914e,2,balasan
user_6e6d8ece3e96,user_8c7c3c0a1565,1,balasan
user_6e6d8ece3e96,user_c27a76f7dbbe,1,balasan
user_6e6d8ece3e96,user_c852efca3793,1,balasan
user_6e6d8ece3e96,user_f1c3300dcd1a,1,balasan
user_6ecd82bcde47,user_8cb5a1e85bd9,1,balasan
user_6f28f958605b,user_f8f8c6190f87,1,balasan
user_6f28f958605b,user_cfb57e130ee9,1,balasan
user_6f78a844ba5e,user_b7dc17c88297,5,balasan
user_6f78a844ba5e,user_f8b4afa38177,1,balasan
user_6f78a844ba5e,user_c6d9b1bb290d,2,balasan
user_6f78a844ba5e,user_71e68d210095,1,balasan
user_6f78a844ba5e,user_aa82905e6f7e,1,balasan
user_6f78a844ba5e,user_9fa3eeac9bcb,1,balasan
user_6f78a844ba5e,user_a4d15b273a55,1,balasan
user_6f78a844ba5e,user_c73e8ac91109,1,balasan
user_6f78a844ba5e,user_dd616835d271,2,balasan
user_6f78a844ba5e,user_f335f2669ddf,1,balasan
user_6f78a844ba5e,user_f95de7965d32,1,balasan
user_6fb60b51832b,user_791e8b8c538c,1,balasan
user_6fcb2495c760,user_b5bb121b99a3,2,balasan
user_6fcb2495c760,user_ec1049f1fa95,2,balasan
user_6fcb2495c760,user_f7eb7d098ca9,2,balasan
user_6fcb2495c760,user_e18f3551b51d,1,balasan
user_6fe951a0c9c5,user_cc7c0ca9b12f,1,balasan
user_6ff4c8baf9ec,user_e4800db79d52,1,balasan
user_70439ebc7342,user_c771872fc091,1,balasan
user_7067c2ca1728,user_893454f0c307,2,balasan
user_7067c2ca1728,user_bc9c48c5e684,2,balasan
user_708f40d87715,user_86db7052c71c,1,balasan
user_70f4d6458144,user_7f566083023c,1,balasan
user_70f52b0e7f54,user_eefc6d6c8ee1,1,balasan
user_710307c75328,user_8036cd4336b7,1,balasan
user_710307c75328,user_85d450c290eb,1,balasan
user_7148ef93890f,user_ae961214128c,1,balasan
user_7153d2b13130,user_85db391fbd23,1,balasan
user_7153d2b13130,user_cb57dc781227,1,balasan
user_7171e5476a89,user_a147dad32292,2,balasan
user_7171e5476a89,user_a729a389fd5f,2,balasan
user_7171e5476a89,user_b3411f706dac,1,balasan
user_7183b3519c71,user_9f8d5e420eab,1,balasan
user_719679c95318,user_936623eb99a5,1,balasan
user_719beb952568,user_c1bbf4c3e308,1,balasan
user_722b04b11021,user_d4d0dea84d18,1,balasan
user_7239eaf0452a,user_adfaafa219fe,1,balasan
user_724948753125,user_faf8b49eeb90,1,balasan
user_72fcd77aa215,user_a0287854630c,1,balasan
user_72fcd77aa215,user_aa82905e6f7e,1,balasan
user_72fcd77aa215,user_fae2cf62fa28,1,balasan
user_72fcd77aa215,user_ef42b4c3bad7,1,balasan
user_72fcd77aa215,user_f14106f32400,1,balasan
user_72fcd77aa215,user_ed49989a3225,1,balasan
user_72fcd77aa215,user_a199c7de30ac,1,balasan
user_730da7ea620d,user_9760c8e38ce1,1,balasan
user_7330715bd733,user_9ae201fe9631,1,balasan
user_73b2f242818a,user_e3d52082b03c,1,balasan
user_744a8c455259,user_868215dc7ac2,1,balasan
user_744a911728f6,user_7bd2f11d34a1,1,balasan
user_74b51eb9e832,user_9dba45c81d5c,1,balasan
user_7559dd714c62,user_ad1d60dd0fe9,1,balasan
user_758c4ff32eb2,user_82a08603631f,1,balasan
user_75da136fd77e,user_893454f0c307,4,balasan
user_762f6791927f,user_8ce41938950e,1,balasan
user_7642ebfa91a6,user_797ddbd4f073,1,balasan
user_7642ebfa91a6,user_ad1d60dd0fe9,1,balasan
user_76793bc9d779,user_d290c7f5029b,1,balasan
user_76b24f6a0cb0,user_8136dd7f2de9,1,balasan
user_77298920ea81,user_b7eefef90709,1,balasan
user_77298920ea81,user_dd616835d271,1,balasan
user_776752277057,user_9198acb1c840,1,balasan
user_7779ad396763,user_cfb57e130ee9,1,balasan
user_7779ad396763,user_ed85f27630b1,1,balasan
user_778f11f00458,user_ea4e261f0c26,1,balasan
user_77be908d1794,user_85c454627396,1,balasan
user_782b0d0a2015,user_d0a59fd12297,1,balasan
user_78470051e5a6,user_ad5f4555e45d,1,balasan
user_7874fc188ff4,user_b4f31ae390c8,1,balasan
user_7879f06378bf,user_791e8b8c538c,1,balasan
user_78ff21b2c97b,user_b71c89dc1898,1,balasan
user_78ff21b2c97b,user_f14235d9f227,1,balasan
user_791e8b8c538c,user_ad5f4555e45d,1,balasan
user_791e8b8c538c,user_876558cf5eff,1,balasan
user_791e8b8c538c,user_8a8e00242bff,1,balasan
user_791e8b8c538c,user_93facb71cc9f,1,balasan
user_791e8b8c538c,user_9f32e81abbc2,1,balasan
user_791e8b8c538c,user_c62d8bf11817,1,balasan
user_7921142f4fb8,user_85c454627396,1,balasan
user_7921142f4fb8,user_796bb23ddcb5,1,balasan
user_7921142f4fb8,user_7b0e3b0ac9ec,1,balasan
user_7921142f4fb8,user_8008c3c11598,1,balasan
user_7921142f4fb8,user_8447f68bfb35,1,balasan
user_7921142f4fb8,user_9f5842dda525,1,balasan
user_7921142f4fb8,user_a831a935fa69,1,balasan
user_7921142f4fb8,user_a9c28d885aa1,1,balasan
user_7921142f4fb8,user_c16e0f180496,1,balasan
user_7921142f4fb8,user_cc80a187272c,1,balasan
user_7921142f4fb8,user_effdda105d45,1,balasan
user_797ddbd4f073,user_b6b5aa52e122,1,balasan
user_79bf94da48ea,user_c6d9b1bb290d,1,balasan
user_79bf94da48ea,user_ed49989a3225,1,balasan
user_79bf94da48ea,user_c991a3549157,1,balasan
user_79bf94da48ea,user_dd616835d271,1,balasan
user_79d97766898c,user_7f566083023c,1,balasan
user_79f5e24e91b4,user_a84a717854c6,1,balasan
user_7afc09fa2c21,user_fb3e7e55f3fc,1,balasan
user_7b03995c6f52,user_fe56d66fb880,1,balasan
user_7b1cead4579e,user_ba9f5f86a25e,1,balasan
user_7b51e2a4a8ab,user_d9a53b9cd1aa,1,balasan
user_7bd2f11d34a1,user_b2961f12e661,1,balasan
user_7bea67fa2aee,user_a8f984f138ee,1,balasan
user_7c3432510d0f,user_f7eb7d098ca9,1,balasan
user_7c591bccef72,user_d5ddda1a2f9c,1,balasan
user_7cc9fb9f1c82,user_907522f19265,1,balasan
user_7d09f4413b5e,user_e124207e826e,1,balasan
user_7d117c1808e4,user_d0d1a117ed54,1,balasan
user_7d230a3b51b9,user_a1a0a4c9eede,1,balasan
user_7d4d6a2e5fd7,user_e5daf1a0f92d,1,balasan
user_7d569d47f43b,user_b8fefd8c36f2,2,balasan
user_7db72c650b8d,user_f721b62168c9,1,balasan
user_7dbbaa9c1486,user_923d7df7da04,1,balasan
user_7dc9931777ea,user_9760c8e38ce1,1,balasan
user_7dd7b3ecf0ef,user_bdaa62c44ee8,1,balasan
user_7e15005a5c2d,user_c73054fc9d72,1,balasan
user_7e6ac70d20be,user_f84325d03b88,1,balasan
user_7e7a97476168,user_b6c29cbea7c2,1,balasan
user_7ed3908a4262,user_8d64668da80b,1,balasan
user_7ed92d4ab25c,user_a9e3afa36b48,1,balasan
user_7ed92d4ab25c,user_f392f6d0e13a,1,balasan
user_7f2ea7b46211,user_f7eb7d098ca9,1,balasan
user_7f566083023c,user_89335d85e764,1,balasan
user_7f566083023c,user_e9933183c52e,1,balasan
user_7f566083023c,user_fc3540be76a6,1,balasan
user_7f85ec4f9b53,user_be4e972dc373,1,balasan
user_7fff058886dd,user_f84325d03b88,1,balasan
user_8037e2216ba5,user_87d323ce94cd,1,balasan
user_8037e2216ba5,user_da4ce9a483ef,1,balasan
user_803d93f553db,user_a69de0c4c2e5,1,balasan
user_803f416cf5d3,user_8b3fc1c18077,1,balasan
user_8066398769e2,user_ef42b4c3bad7,1,balasan
user_8066398769e2,user_95256fd609c2,1,balasan
user_80951bdb7209,user_abb63e6aecb6,1,balasan
user_80bcbcd40c30,user_ddf2d38e0bd8,1,balasan
user_80bcbcd40c30,user_db9b363b84c9,1,balasan
user_80cb9a5a8e8b,user_ca0c6249dd3b,1,balasan
user_80dd647e3e6b,user_86db7052c71c,1,balasan
user_8134b2951c1c,user_c694961bc099,2,balasan
user_8136dd7f2de9,user_e834cb527ee9,1,balasan
user_815a0ec59669,user_d77fa82bc46d,1,balasan
user_817ac8e3713b,user_abba31e849c2,2,balasan
user_817ac8e3713b,user_e7cf66833071,1,balasan
user_81dc83f535a9,user_d5ddda1a2f9c,1,balasan
user_81fbc3c28cee,user_e328bf2ba4bb,1,balasan
user_8274ea606c0c,user_ed49989a3225,1,balasan
user_82a08603631f,user_ed49989a3225,1,balasan
user_8311b07c02fe,user_dd616835d271,1,balasan
user_83328dd1c14a,user_ed49989a3225,1,balasan
user_835853c3c30d,user_b766f1f64ed4,2,balasan
user_837cd57d1b29,user_f7eb7d098ca9,1,balasan
user_837cd57d1b29,user_c5418742f612,1,balasan
user_83b6ad3b32e2,user_ffecfbde9de4,1,balasan
user_83c419e340a5,user_ad1d60dd0fe9,2,balasan
user_83c419e340a5,user_df66aac04d93,3,balasan
user_83f579e99b05,user_929454d03116,1,balasan
user_8417a95ba334,user_ac70894114b4,1,balasan
user_8417a95ba334,user_b56e60f0eb95,1,balasan
user_8447f68bfb35,user_faf8b49eeb90,1,balasan
user_845087d0b110,user_c8f1f024bdec,1,balasan
user_84521de5ff6b,user_f247c97f2e0d,1,balasan
user_8476a78d3515,user_cf0f212c6675,1,balasan
user_84d508e05f82,user_89a12485e1ad,2,balasan
user_84d508e05f82,user_893454f0c307,1,balasan
user_84d508e05f82,user_9f1fcd950b1d,1,balasan
user_84d508e05f82,user_b2416c0939fc,1,balasan
user_84d508e05f82,user_c49d523f489b,1,balasan
user_84d508e05f82,user_d468eab02770,1,balasan
user_84d508e05f82,user_e72eb4510ae0,1,balasan
user_851fd7916eeb,user_b766f1f64ed4,1,balasan
user_859cf97cb218,user_ec2b45b6cdaf,1,balasan
user_859cf97cb218,user_ec6db172a2b9,1,balasan
user_85db391fbd23,user_aba79ac0e294,1,balasan
user_862bd10c92d1,user_a24588e55416,2,balasan
user_862bd10c92d1,user_eed6f3e48aae,1,balasan
user_865b19a2f99c,user_da4634793a3b,1,balasan
user_868215dc7ac2,user_8c73f5075dae,1,balasan
user_868215dc7ac2,user_a95d3d30e767,1,balasan
user_868215dc7ac2,user_ed85f27630b1,1,balasan
user_86c9ed9cef0b,user_ab96d1a0270b,1,balasan
user_86c9ed9cef0b,user_fea92d9042a3,1,balasan
user_86c9ed9cef0b,user_ba4f928f942d,1,balasan
user_86cddfd677ca,user_dfc3c849e272,1,balasan
user_86ce22a83524,user_a9e3afa36b48,1,balasan
user_86cfee5e6027,user_ccb163b2c49b,1,balasan
user_86f097b76c64,user_a74be216cdf2,1,balasan
user_871d8c2be1f4,user_b7dbf28267d1,1,balasan
user_877da0fb1bc3,user_aab012191eab,1,balasan
user_8780adb1545d,user_b766f1f64ed4,1,balasan
user_87d323ce94cd,user_dd616835d271,1,balasan
user_87f8797e5845,user_957c89fb1e69,1,balasan
user_87f8797e5845,user_f44eb77b9f2f,1,balasan
user_883522c88f26,user_aa82905e6f7e,1,balasan
user_8882153e7de2,user_d184927d566f,1,balasan
user_888c0137fe27,user_e461ce3e5e9a,1,balasan
user_89335d85e764,user_9198acb1c840,1,balasan
user_89335d85e764,user_9831f6793629,1,balasan
user_89335d85e764,user_dcb07e0c60ba,1,balasan
user_893454f0c307,user_ce1019e76282,1,balasan
user_895881064823,user_eae469d34029,1,balasan
user_89a12485e1ad,user_b1be9a85a269,1,balasan
user_89ae78ff2801,user_bf517f59aa12,1,balasan
user_89bd8a0b53ef,user_c6810b48bde7,1,balasan
user_8a380bc7ac6a,user_abf331afd9e9,1,balasan
user_8a47a3fb7067,user_aefdf05044d2,2,balasan
user_8a72d82e883b,user_f265a32410b3,1,balasan
user_8a9a8985504a,user_aad269f5cb79,2,balasan
user_8aa689e12025,user_c73054fc9d72,1,balasan
user_8adba7f0590d,user_eab809142214,1,balasan
user_8af162034548,user_ed49989a3225,1,balasan
user_8bb157d369ed,user_f55c55898645,1,balasan
user_8c7c1dd6e84f,user_a9e3afa36b48,1,balasan
user_8d068fd0db1a,user_a2f5e83d9525,1,balasan
user_8ddfbb0a8f36,user_cf0f212c6675,1,balasan
user_8dfb8e8cf23e,user_ad1d60dd0fe9,1,balasan
user_8e05c300544c,user_d2b28d18e75a,1,balasan
user_8e05c300544c,user_dd1639901f79,1,balasan
user_8e68edaa8926,user_fd95a715f30a,1,balasan
user_8ee0d0820cf2,user_aa96a8a68cb7,1,balasan
user_8ee96ee411a7,user_ad1d60dd0fe9,1,balasan
user_8f6f1694b6c4,user_f14106f32400,1,balasan
user_8faa3eaa3fd6,user_ef42b4c3bad7,1,balasan
user_8ff0d39988a2,user_ad1d60dd0fe9,1,balasan
user_902330062d72,user_af61f22490d9,1,balasan
user_902330062d72,user_ac35efa67ae2,1,balasan
user_907522f19265,user_ed49989a3225,1,balasan
user_907522f19265,user_da42dc79f7b6,1,balasan
user_907522f19265,user_f2b1b4889909,1,balasan
user_90fa99948ab3,user_9adfaa98f974,1,balasan
user_9115bbffaaa9,user_ca1339b0524c,2,balasan
user_9115bbffaaa9,user_e621311eebc3,1,balasan
user_915812c3b43a,user_a2f54d1a90df,1,balasan
user_9163329df9cf,user_bc4b3f1464bb,1,balasan
user_916d063796f7,user_c609249c4a5f,1,balasan
user_91df18344dfd,user_97fde3150c5f,2,balasan
user_91f8c82e6454,user_bcd9ad8d0298,2,balasan
user_92381187eef2,user_9d1afef12b97,1,balasan
user_9298fde69a43,user_a27b117c8970,1,balasan
user_92c6cd853650,user_e45b421b16ff,1,balasan
user_92e54949a3c8,user_c87baba3d57b,1,balasan
user_92f8b4229519,user_a71a3aff9651,1,balasan
user_9324a0c90f0d,user_f38d68c828e1,1,balasan
user_93363d8827e8,user_9760c8e38ce1,1,balasan
user_936623eb99a5,user_ad1d60dd0fe9,2,balasan
user_939ced73bc01,user_a147dad32292,1,balasan
user_93b50ca3e005,user_e71f78f4e01e,1,balasan
user_9419ea2780a9,user_b7eefef90709,1,balasan
user_9453ccae3987,user_eea0ea72d355,1,balasan
user_9578363832c2,user_eea0ea72d355,1,balasan
user_9588cb14198a,user_fc8eb660597a,1,balasan
user_95b062b3182e,user_f25ad0dd631d,2,balasan
user_9628d9869b10,user_a0a83b6eff58,2,balasan
user_96ec0ea5ae7c,user_abba31e849c2,1,balasan
user_973feb0ab54a,user_9dba45c81d5c,1,balasan
user_9760c8e38ce1,user_ab18568b571a,1,balasan
user_9760c8e38ce1,user_b545c4c23dbc,1,balasan
user_9760c8e38ce1,user_d19d3b68531c,1,balasan
user_97fde3150c5f,user_9ec831e605df,1,balasan
user_97fde3150c5f,user_c2a090636dff,1,balasan
user_97fde3150c5f,user_ed6fd12ec064,1,balasan
user_9831f6793629,user_dfa007a163ba,1,balasan
user_9831f6793629,user_993b45aee711,1,balasan
user_984acda2e8da,user_b65d26e01313,1,balasan
user_987457ff818e,user_ba6574898d05,1,balasan
user_98795a6911aa,user_c73054fc9d72,2,balasan
user_98dc501e08c8,user_a4c75939d623,1,balasan
user_98dc501e08c8,user_a69b754f2433,1,balasan
user_992c9e54eeeb,user_de4e3e61c73f,1,balasan
user_99e649f2f28a,user_da2893f21997,1,balasan
user_9a4059cca7c0,user_a0a83b6eff58,1,balasan
user_9a47da20756c,user_b0f67f4abfab,1,balasan
user_9a576a79abba,user_ec6de0fdadb5,1,balasan
user_9a9000905081,user_9dba45c81d5c,1,balasan
user_9b095e7bb46d,user_da4634793a3b,1,balasan
user_9b387ff01c07,user_c1477511e26f,1,balasan
user_9b387ff01c07,user_e2df3ffe8b43,1,balasan
user_9b95ae175b3e,user_d71a7fc4f968,1,balasan
user_9ba2d88c0a23,user_a86260934a9f,1,balasan
user_9ba2d88c0a23,user_a9ca4638374e,1,balasan
user_9ba3beaedbab,user_e9f7f262e523,1,balasan
user_9ba9e13627cf,user_a3f56ce86960,1,balasan
user_9c031d210ee4,user_aaa3f639ed8e,1,balasan
user_9c248bda4ad1,user_dd616835d271,1,balasan
user_9c4b3a1ebfff,user_be9dee337697,1,balasan
user_9caf2826e6a1,user_f7eb7d098ca9,1,balasan
user_9d317a0589cc,user_da4634793a3b,1,balasan
user_9d3204f6d2f3,user_bc1cd6f06fbc,1,balasan
user_9d3204f6d2f3,user_e32000d98b54,1,balasan
user_9da2cd9559c9,user_9e25e1a5138a,1,balasan
user_9dba45c81d5c,user_a199c7de30ac,1,balasan
user_9dba45c81d5c,user_a801a92cc3e8,1,balasan
user_9dba45c81d5c,user_c08e88110e3d,1,balasan
user_9dba45c81d5c,user_d1dc39c3f3e0,1,balasan
user_9dba45c81d5c,user_d31280eb4233,1,balasan
user_9dba45c81d5c,user_d6c9e878fcf0,1,balasan
user_9dba45c81d5c,user_da988834b47d,1,balasan
user_9dba45c81d5c,user_fcd8fa33948e,1,balasan
user_9de9aede0341,user_f71942144a35,1,balasan
user_9e45ec07204c,user_faf8b49eeb90,1,balasan
user_9f183e0e9a83,user_ee39b4312c60,1,balasan
user_9f3df651de88,user_bb79b017b0ba,1,balasan
user_9f3df651de88,user_e842aa252da2,1,balasan
user_9f3df651de88,user_eccd90cca433,1,balasan
user_a04fd00d6463,user_ad1d60dd0fe9,2,balasan
user_a05a038126ef,user_cab9fae5c859,2,balasan
user_a05a038126ef,user_aea80e2c3e45,1,balasan
user_a05a038126ef,user_c752026f897e,1,balasan
user_a05a038126ef,user_dd616835d271,1,balasan
user_a05ce2e40fc5,user_f7eb7d098ca9,1,balasan
user_a05ce2e40fc5,user_e63e0776befe,2,balasan
user_a06d601b6194,user_a3f801d965dd,2,balasan
user_a0a83b6eff58,user_bd375553a91d,1,balasan
user_a0a83b6eff58,user_a5f5191c16c6,1,balasan
user_a0a83b6eff58,user_fe448b0188d6,1,balasan
user_a0c0a073c357,user_fe76f275c638,1,balasan
user_a0d576f8f551,user_d4614ca4cd94,1,balasan
user_a15914d144d5,user_cf29c399c45b,1,balasan
user_a187d796267b,user_d810f8b63454,1,balasan
user_a22b2cc3210a,user_a8cd225d7fb9,1,balasan
user_a24588e55416,user_ed49989a3225,1,balasan
user_a2fd7d86ca62,user_f13b70476944,1,balasan
user_a3ae76d6c184,user_af6282507adf,1,balasan
user_a3f56ce86960,user_ad2e519a1dd4,1,balasan
user_a3f801d965dd,user_dd371d31d8ce,1,balasan
user_a42a5bdeefa3,user_b8fefd8c36f2,1,balasan
user_a4c75939d623,user_a69b754f2433,2,balasan
user_a566db5258d3,user_c68027c5fb7f,1,balasan
user_a569a6d033b5,user_a9e3afa36b48,1,balasan
user_a575d7f50f53,user_cb0209834bf5,1,balasan
user_a5c14368f7dc,user_bc16b6472c83,1,balasan
user_a5fd0a378586,user_a8cd225d7fb9,2,balasan
user_a6105db6fe16,user_ec1049f1fa95,1,balasan
user_a615ab8e968c,user_da4634793a3b,1,balasan
user_a615ab8e968c,user_c279d380ab5b,1,balasan
user_a7401822b3bf,user_f7eb7d098ca9,2,balasan
user_a748b76ded55,user_ad85e0c5ec15,1,balasan
user_a74be216cdf2,user_c8f1f024bdec,1,balasan
user_a74be216cdf2,user_b1477dcd4c7c,1,balasan
user_a77e9cbb0b0b,user_ad1d60dd0fe9,1,balasan
user_a77e9cbb0b0b,user_fa3233391460,1,balasan
user_a7a403b9a2bc,user_e45c9a9bf47c,1,balasan
user_a7acf5c36f4b,user_ed85f27630b1,1,balasan
user_a7bbb904af06,user_acddbadfc557,1,balasan
user_a7bbb904af06,user_d80655793019,1,balasan
user_a7dac8f03f1c,user_cd8f04b2be0b,1,balasan
user_a818298cef50,user_ea4e261f0c26,1,balasan
user_a86260934a9f,user_bdbc4b869597,1,balasan
user_a8bf043e63e0,user_aa4727bed7fe,1,balasan
user_a8cd225d7fb9,user_c17ee4591a4c,1,balasan
user_a9e3afa36b48,user_b5e3680fb1c9,2,balasan
user_a9e3afa36b48,user_ec1049f1fa95,1,balasan
user_a9e3afa36b48,user_b7f0860fee35,1,balasan
user_a9e3afa36b48,user_e189849fd09b,1,balasan
user_a9e3afa36b48,user_e7715f1b9c04,1,balasan
user_a9e3afa36b48,user_eaa6118ea813,1,balasan
user_a9e3afa36b48,user_f3f27a6a366b,1,balasan
user_a9e3afa36b48,user_f73bcaee3d91,1,balasan
user_aa440a4c913d,user_e89603a048fb,1,balasan
user_aa4727bed7fe,user_ab96d1a0270b,1,balasan
user_aa4727bed7fe,user_e124207e826e,1,balasan
user_aa82905e6f7e,user_ed49989a3225,2,balasan
user_aa82905e6f7e,user_ce1019e76282,1,balasan
user_aa82905e6f7e,user_e50d8df9be7c,1,balasan
user_aa9ce760ea89,user_ab3d00be8047,3,balasan
user_aaa3f639ed8e,user_d704395ba891,2,balasan
user_aaa3f639ed8e,user_c04c5ddfee99,1,balasan
user_aaa3f639ed8e,user_e68ba5a3eea1,1,balasan
user_aad269f5cb79,user_fc9817c61b9a,1,balasan
user_ab18568b571a,user_deec96200de3,2,balasan
user_ab18568b571a,user_f68979d59b96,1,balasan
user_ab3269bfa837,user_c73054fc9d72,2,balasan
user_ab374bd6b798,user_deec96200de3,1,balasan
user_ab961816393f,user_dd616835d271,1,balasan
user_ab96d1a0270b,user_ba4f928f942d,1,balasan
user_abb63e6aecb6,user_d764d86954e7,1,balasan
user_abb63e6aecb6,user_d8641adc0d9f,1,balasan
user_acddbadfc557,user_d80655793019,1,balasan
user_ad1d60dd0fe9,user_cf0f212c6675,1,balasan
user_ad1d60dd0fe9,user_cf29c399c45b,1,balasan
user_ad2fe2718ab8,user_bbc76cc2408f,1,balasan
user_ad4f91f4dbc3,user_b56e60f0eb95,1,balasan
user_ad760db86e05,user_bfd5cff0f5f5,1,balasan
user_adbf248ca1fb,user_f14106f32400,1,balasan
user_adfa257cb611,user_d561fb2fd504,1,balasan
user_adfaafa219fe,user_e30fc2417b8d,1,balasan
user_ae40a74a9817,user_cddf359615d6,1,balasan
user_ae49cf498c1b,user_b04eb538e705,1,balasan
user_af61f22490d9,user_b7709df44ea4,4,balasan
user_af61f22490d9,user_ed85f27630b1,3,balasan
user_af6282507adf,user_e0a6ca00f28f,1,balasan
user_af7296c9e463,user_eefeaa20f8ff,1,balasan
user_afb6ccbce122,user_bfd5cff0f5f5,1,balasan
user_afbb952f7b71,user_dd0d22b66158,1,balasan
user_afcff0660963,user_cd8f04b2be0b,1,balasan
user_afe4bd2a5911,user_cd8f04b2be0b,1,balasan
user_afe4bd2a5911,user_f4ecacf46efe,1,balasan
user_b022572bbe95,user_ebdfe949c66f,1,balasan
user_b072d5af14d1,user_df3c07121cfb,1,balasan
user_b07501cfa608,user_f7eb7d098ca9,2,balasan
user_b07501cfa608,user_c5418742f612,1,balasan
user_b0e15cd15915,user_e2911df22ecd,1,balasan
user_b120e2e700b9,user_b4f4de22ee24,1,balasan
user_b120e2e700b9,user_f35958c12a8b,1,balasan
user_b12bf3586e51,user_bb79b017b0ba,1,balasan
user_b12bf3586e51,user_e842aa252da2,1,balasan
user_b14822f7ef06,user_dd844cb076cc,1,balasan
user_b16cbb5781ba,user_da4634793a3b,1,balasan
user_b1755ef7467f,user_ce5202ed6866,1,balasan
user_b1b6353ec8e7,user_e7cf66833071,1,balasan
user_b232d89bf815,user_d0bdc4219590,1,balasan
user_b29fcf43b25b,user_db9b363b84c9,1,balasan
user_b3ae40d47f3a,user_f055f486ccb6,1,balasan
user_b3f8ecf107f6,user_e461ce3e5e9a,1,balasan
user_b411e15d6e28,user_d9ddf30827e3,1,balasan
user_b454bb78d360,user_deec96200de3,1,balasan
user_b4f31ae390c8,user_f85ec95e654b,1,balasan
user_b4f31ae390c8,user_f52c49a923b6,1,balasan
user_b5044b64e724,user_dfa1571076d2,1,balasan
user_b51f30309907,user_f14106f32400,1,balasan
user_b56e60f0eb95,user_fe56d66fb880,1,balasan
user_b5e3680fb1c9,user_fc99662fcedb,1,balasan
user_b5f01ab7e86f,user_dcb2233b3738,1,balasan
user_b6c758192fd3,user_deec96200de3,1,balasan
user_b6c9ede1dcde,user_ccb163b2c49b,1,balasan
user_b6ca520b92d6,user_bc3cc0701916,2,balasan
user_b766f1f64ed4,user_cba6188e9d0f,1,balasan
user_b766f1f64ed4,user_f14106f32400,1,balasan
user_b766f1f64ed4,user_c7ca15e2fab6,1,balasan
user_b766f1f64ed4,user_ce7be4f99928,1,balasan
user_b766f1f64ed4,user_d73cdf7d9b19,1,balasan
user_b766f1f64ed4,user_dd616835d271,1,balasan
user_b766f1f64ed4,user_ea9b2015c36d,1,balasan
user_b7709df44ea4,user_be4e972dc373,1,balasan
user_b86b55f9ca81,user_f2ed82e72900,1,balasan
user_b898485e8d28,user_d1b858e61956,1,balasan
user_b8dee0088321,user_c6f24947216a,2,balasan
user_b8fefd8c36f2,user_be9dee337697,2,balasan
user_b9b6b6b00bd7,user_ccb163b2c49b,1,balasan
user_ba6574898d05,user_ff6e1f0e8593,1,balasan
user_ba733cf5d304,user_ef4a9dade1b2,1,balasan
user_baa3c98319eb,user_f903445e6ab6,1,balasan
user_bb096de3b5c4,user_ee342c60052b,1,balasan
user_bc16b6472c83,user_ed49989a3225,2,balasan
user_bc1cd6f06fbc,user_bd4b0eb23530,1,balasan
user_bc1cd6f06fbc,user_c3353f1d4a79,1,balasan
user_bc1cd6f06fbc,user_cddf359615d6,1,balasan
user_bc2ef20ec64f,user_fc99662fcedb,1,balasan
user_bd43d276480f,user_cfdc5c1760e2,6,balasan
user_bd4eb55aa2a8,user_e5d01cb2502c,3,balasan
user_bd4eb55aa2a8,user_e92be2d74904,1,balasan
user_bd65ed3192c8,user_c31433330faf,1,balasan
user_bd7da72664fe,user_f25ad0dd631d,1,balasan
user_be1140d8667f,user_f7eb7d098ca9,1,balasan
user_be33edee8650,user_f7d302158193,1,balasan
user_be9dee337697,user_bf2c10c4526d,1,balasan
user_bf037d6dc869,user_d7048ca6e47f,1,balasan
user_bff72fd509a1,user_d629e7a77c66,1,balasan
user_bffc40f1d7a9,user_c1275d228855,2,balasan
user_c15c50712d42,user_d6f1bab545b7,1,balasan
user_c2a090636dff,user_da4634793a3b,1,balasan
user_c32d6414731b,user_c4d116460868,1,balasan
user_c3353f1d4a79,user_d4614ca4cd94,1,balasan
user_c3353f1d4a79,user_d8a80d2c7573,1,balasan
user_c41249b0be12,user_e160a756c1f9,1,balasan
user_c430a8fdebdb,user_df7102e4ce77,1,balasan
user_c4a0a10cfd09,user_f03974f9b97a,3,balasan
user_c5418742f612,user_fcf9de0e1c83,1,balasan
user_c68027c5fb7f,user_ef7fe80d9c4b,1,balasan
user_c6810b48bde7,user_dd616835d271,1,balasan
user_c694961bc099,user_ce66d7b3f2ac,1,balasan
user_c694961bc099,user_ce8168b7a509,1,balasan
user_c694961bc099,user_f08b3b7141e4,1,balasan
user_c6d9b1bb290d,user_f8b4afa38177,1,balasan
user_c6d9b1bb290d,user_eea0ea72d355,1,balasan
user_c6d9b1bb290d,user_ebea838a88f0,1,balasan
user_c6da321e0b01,user_ca1339b0524c,1,balasan
user_c73054fc9d72,user_f7eb7d098ca9,2,balasan
user_c73054fc9d72,user_da2745e48da3,1,balasan
user_c7b5900aa49d,user_d80655793019,1,balasan
user_c8a8d426f05c,user_f96905ec5379,1,balasan
user_c8c3c71fc260,user_ed49989a3225,3,balasan
user_c8c3c71fc260,user_f03974f9b97a,2,balasan
user_c8e1d529d3e0,user_e6cdab667e9f,2,balasan
user_c8f1f024bdec,user_ed49989a3225,1,balasan
user_c8f1f024bdec,user_db5f77d5119c,1,balasan
user_c8f1f024bdec,user_f2969ccfeaf1,1,balasan
user_c8f1f024bdec,user_f2f4999df448,1,balasan
user_c8f1f024bdec,user_f44eb77b9f2f,1,balasan
user_cb0209834bf5,user_f7eb7d098ca9,1,balasan
user_cba6188e9d0f,user_f485166a0aff,1,balasan
user_cbf7214b3722,user_df06279baba6,1,balasan
user_cbff6b31e587,user_cda7b163c98e,1,balasan
user_cc7c0ca9b12f,user_ed29bd269899,1,balasan
user_cc896bb4e46a,user_fa7f96025493,1,balasan
user_ccb163b2c49b,user_d5086b00a143,1,balasan
user_ccb163b2c49b,user_efe146df0043,1,balasan
user_cceb2d02189c,user_ef42b4c3bad7,2,balasan
user_cd6081d3c3e9,user_f84c1beaad75,1,balasan
user_cd65dda1b1cd,user_fa7f96025493,1,balasan
user_cd65dda1b1cd,user_d184927d566f,2,balasan
user_cd65dda1b1cd,user_d491be4b2a14,1,balasan
user_cd8c63c74aa9,user_ed7e7768b946,1,balasan
user_cd8f04b2be0b,user_f7eb7d098ca9,2,balasan
user_cda7b163c98e,user_ef42b4c3bad7,1,balasan
user_cda7b163c98e,user_e621311eebc3,2,balasan
user_cda7b163c98e,user_f14106f32400,2,balasan
user_cda7b163c98e,user_f2e3043df15a,1,balasan
user_cdd852c322f8,user_f7eb7d098ca9,1,balasan
user_ce1019e76282,user_dd616835d271,1,balasan
user_ce651cf44279,user_dce19ba54ae5,1,balasan
user_cecd6e6d4d23,user_fa319a2307be,1,balasan
user_cf0f212c6675,user_e4a57279bcac,1,balasan
user_cf0f212c6675,user_f1ed60339764,1,balasan
user_cfb57e130ee9,user_ed49989a3225,1,balasan
user_cfb57e130ee9,user_fa3233391460,2,balasan
user_d061a1608cbf,user_fb49a4559d54,1,balasan
user_d0bdc4219590,user_faf8b49eeb90,1,balasan
user_d0fdd7b45e01,user_e30fc2417b8d,1,balasan
user_d1642dff5b3e,user_fcb4c3e442cf,1,balasan
user_d184927d566f,user_e41720f78773,1,balasan
user_d19d3b68531c,user_e461ce3e5e9a,1,balasan
user_d1a7a795dc2d,user_df3c07121cfb,1,balasan
user_d1ca0d1365f7,user_faf8b49eeb90,1,balasan
user_d217e718a377,user_f6afbd5302b1,1,balasan
user_d35875a39c20,user_f53a34b03004,1,balasan
user_d3cb3322f29f,user_f7eb7d098ca9,1,balasan
user_d55f7e71cc3e,user_f7eb7d098ca9,1,balasan
user_d5ddda1a2f9c,user_e7e7f5ce2c4a,1,balasan
user_d61c67c8f3d3,user_eb5b51d530c0,3,balasan
user_d629e7a77c66,user_d9a7c5078a84,1,balasan
user_d6fec73e0d90,user_faf8b49eeb90,1,balasan
user_d71a7fc4f968,user_d8b78423a013,1,balasan
user_d7a57483e1a3,user_f8b4afa38177,1,balasan
user_d8641adc0d9f,user_ef42b4c3bad7,1,balasan
user_d8641adc0d9f,user_f7eb7d098ca9,1,balasan
user_d8c47d92044e,user_ea605ace3f4c,2,balasan
user_d8c47d92044e,user_efb83ee899e4,2,balasan
user_d8c47d92044e,user_fd9701f9c13c,1,balasan
user_d9a53b9cd1aa,user_fe56d66fb880,1,balasan
user_d9a7c5078a84,user_fdcde02e8e89,1,balasan
user_d9ddf30827e3,user_dcd1e722cea3,1,balasan
user_da4634793a3b,user_ea79d76f8815,1,balasan
user_da4634793a3b,user_f4ff900fc462,1,balasan
user_da4634793a3b,user_f9beef2db9dd,2,balasan
user_da4634793a3b,user_fb5af812dd57,1,balasan
user_db5baf0ec6de,user_f247c97f2e0d,1,balasan
user_dbc81c90977a,user_ea28320d6c40,1,balasan
user_dcb07e0c60ba,user_f986699ab72b,1,balasan
user_dcb2233b3738,user_f71942144a35,1,balasan
user_dce96610f897,user_ef42b4c3bad7,2,balasan
user_dd19b599e64f,user_de8a3c2ccd5d,1,balasan
user_dd616835d271,user_e328bf2ba4bb,1,balasan
user_dd616835d271,user_ed7cf17c69db,1,balasan
user_dd616835d271,user_f032a5c94a19,1,balasan
user_dd616835d271,user_f8b4afa38177,1,balasan
user_dd8d7bec6e34,user_e45faa3e41ff,1,balasan
user_ddf2d38e0bd8,user_ef42b4c3bad7,1,balasan
user_ddf2d38e0bd8,user_e022a70d1c3f,1,balasan
user_ddf2d38e0bd8,user_ed49989a3225,1,balasan
user_ddf2d38e0bd8,user_f2058242f547,1,balasan
user_ddf2d38e0bd8,user_f53a95b12def,1,balasan
user_ddfea5d3a26b,user_e4800db79d52,1,balasan
user_de4e3e61c73f,user_ece39924ecee,1,balasan
user_df7102e4ce77,user_f53a34b03004,1,balasan
user_e000a9580a75,user_f70cda1a7066,2,balasan
user_e0777d5ba362,user_ea9b2015c36d,1,balasan
user_e16c2f4e655e,user_ea9b2015c36d,2,balasan
user_e21dde6ae0e7,user_f7eb7d098ca9,3,balasan
user_e4800db79d52,user_fe05cab0c090,2,balasan
user_e621311eebc3,user_f69a8f0dddda,3,balasan
user_e63e0776befe,user_f7eb7d098ca9,1,balasan
user_e657ad2eb0c6,user_ef0b88a43b0b,1,balasan
user_e6cdab667e9f,user_ef42b4c3bad7,2,balasan
user_e7cf66833071,user_eca7bb86f067,1,balasan
user_e7dbe3685421,user_ebea838a88f0,1,balasan
user_e7dbe3685421,user_f69a8f0dddda,1,balasan
user_e834cb527ee9,user_e89d588aeaf6,1,balasan
user_e92d8fe26a88,user_ef42b4c3bad7,1,balasan
user_e98323a90eda,user_fddc1a9240b5,1,balasan
user_e9dbecd5026c,user_ee825800b061,1,balasan
user_ea404398f5ef,user_f1d45957a315,1,balasan
user_ebea838a88f0,user_f69a8f0dddda,2,balasan
user_ed49989a3225,user_f055f486ccb6,1,balasan
user_ed49989a3225,user_f2aad344766a,1,balasan
user_ed49989a3225,user_f986699ab72b,1,balasan
user_ed49989a3225,user_f69a8f0dddda,2,balasan
user_eea0ea72d355,user_fef8bae0d71b,2,balasan
user_ef0650e32fc3,user_f47ab7d85b48,1,balasan
user_ef42b4c3bad7,user_f3b0fbdc1300,2,balasan
user_ef42b4c3bad7,user_fbeb78b9eafc,1,balasan
user_efe146df0043,user_f14106f32400,1,balasan
user_f03974f9b97a,user_f3f6b13ad4c1,1,balasan
user_f14106f32400,user_fa743f7f135e,1,balasan
user_f14106f32400,user_ff95c4f470ab,1,balasan
user_f54884ee5cf0,user_fea92d9042a3,1,balasan
user_f6da9f1d0d06,user_f7bdfa60f9f1,1,balasan
user_f71267cbfcbd,user_fa7f96025493,1,balasan
user_f7eb7d098ca9,user_fcf9de0e1c83,1,balasan
