Vertex,Jenis,Komunitas,Kategori,Jumlah Film
user_00000bad6fd9,user,5,lain,1.0
The Doll 3 (2022),film,5,film,
user_00136d49ffec,user,2,takut (pujian?),1.0
Suzzanna: Santet Dosa di Atas Dosa (2026),film,2,film,
user_001791ff21e1,user,7,takut (pujian?),1.0
Suzzanna: Bernapas dalam Kubur (2018),film,7,film,
user_0038190d7388,user,4,lain,1.0
Indigo: What Do You See? (2023),film,4,film,
user_003a9f01e150,user,1,lain,1.0
Suzzanna: Malam Jumat Kliwon (2023),film,1,film,
user_003d7932404b,user,1,lain,1.0
user_0043b4076d2b,user,12,lain,1.0
Janur Ireng: Sewu Dino Prequel (2025/2026),film,9,film,
user_004e5e502d9e,user,1,lain,1.0
user_0050de73428c,user,16,lain,2.0
Perewangan (2024),film,14,film,
Racun Sangga: Santet Pemisah Rumah Tangga (2024),film,16,film,
user_00534a6c4308,user,2,takut (pujian?),1.0
user_00595781f2e3,user,3,lain,2.0
Badarawuhi di Desa Penari (2024),film,8,film,
Jurnal Risa by Risa Saraswati (2024),film,3,film,
user_005b5b5b2ed8,user,2,lain,1.0
user_005c5637c629,user,12,lain,1.0
Ivanna (2022),film,12,film,
user_007186f7a9ed,user,16,lain,1.0
user_007b73d7a3b6,user,2,lain,2.0
user_008999d7b73d,user,6,takut (pujian?),1.0
Official Trailer IVANNA (2022) - MD Pictures,film,6,film,
user_008ce41baa2b,user,2,lain,1.0
user_009cb3e5b73a,user,2,lain,1.0
user_009e54879cc0,user,1,lain,1.0
user_00a19cd83a9e,user,6,lain,1.0
user_00a476862feb,user,2,niat menonton,1.0
user_00abbdb2efa2,user,1,lain,1.0
user_00c736cad5d2,user,14,lain,1.0
user_00d80fee18e2,user,3,lain,1.0
user_00da7b84e895,user,6,lain,1.0
user_00eaff252f29,user,12,lain,1.0
user_00ed3a101780,user,3,takut (pujian?),1.0
user_00eded391d6a,user,4,lain,1.0
user_00f4579afde6,user,2,lain,1.0
user_0115f9ca5dd6,user,3,takut (pujian?),1.0
user_0118cce7e4df,user,7,lain,1.0
user_01330670ed68,user,1,lain,1.0
user_013bb44891cc,user,15,lain,1.0
Catatan Harian Menantu Sinting (2024),film,15,film,
user_013d8670bf48,user,9,takut (pujian?),1.0
user_013dcbd4feec,user,9,lain,1.0
user_014d48fc326f,user,3,lain,1.0
user_015f43599a67,user,15,lain,1.0
user_0168b1e96945,user,15,lain,1.0
user_016b2781d96c,user,10,lain,1.0
Santet Segoro Pitu (2024),film,10,film,
user_0172d79e7e95,user,7,takut (pujian?),2.0
user_01757d0982db,user,6,lain,1.0
user_0176a4bfd649,user,8,takut (pujian?),1.0
user_0190fabc4b5a,user,1,takut (pujian?),1.0
user_019a21792ce3,user,8,lain,1.0
user_019cf99451d2,user,1,takut (pujian?),1.0
user_01a1e28f0b04,user,6,lain,1.0
user_01b682a9e28a,user,2,takut (pujian?),1.0
user_01cbcb061668,user,1,niat menonton,1.0
user_01cbf62bb822,user,5,lain,1.0
user_01cd5a89fdcf,user,12,lain,1.0
user_01ce6fa73e63,user,12,lain,1.0
user_01d005d9cd06,user,1,lain,1.0
user_01d1afb0404b,user,6,lain,1.0
user_01d409d245da,user,5,lain,1.0
user_01e88ac060d2,user,17,lain,1.0
Mata Batin (2017),film,17,film,
user_01eeb14da846,user,1,lain,1.0
user_01f199193dd5,user,1,lain,1.0
user_01f8daccee48,user,9,lain,1.0
user_01fbe4c296e9,user,5,takut (pujian?),1.0
user_01fdbf96fdf9,user,2,niat menonton,1.0
user_0207a0758ad4,user,7,lain,1.0
user_020bb05510ed,user,8,lain,1.0
user_021005817eed,user,2,niat menonton,2.0
user_0219bae63d71,user,1,lain,1.0
user_0227db36c26e,user,2,lain,1.0
user_022a92829b5f,user,15,lain,2.0
user_022e04602a5e,user,10,lain,2.0
user_02366e303458,user,16,lain,1.0
user_024d0a276785,user,17,lain,1.0
user_025142e508bb,user,1,niat menonton,1.0
user_02544b2eccc5,user,8,lain,1.0
user_026919504477,user,1,lain,1.0
user_026db1ddaa31,user,1,niat menonton,1.0
user_02788f196988,user,2,lain,1.0
user_027b23915652,user,17,takut (pujian?),1.0
user_028968183b43,user,3,lain,1.0
user_02a047a78f5a,user,12,lain,1.0
user_02a101cf4b7b,user,2,lain,1.0
user_02a9684e28f2,user,13,lain,1.0
Danur: The Last Chapter (2026),film,13,film,
user_02a978b6c213,user,15,lain,1.0
user_02b0cca6bb02,user,7,lain,1.0
user_02b34e11ecef,user,12,takut (pujian?),1.0
user_02bb13a1c3a7,user,9,lain,1.0
user_02c92ae16f21,user,10,lain,1.0
user_02c9907cce70,user,3,lain,1.0
user_02cbf39ace79,user,17,lain,1.0
user_02cda1defcba,user,1,lain,1.0
user_02ce4c2e21dc,user,3,lain,1.0
user_02db637abd81,user,4,lain,1.0
user_02e3c4b4393e,user,2,lain,1.0
user_02eec71565e2,user,2,lain,1.0
user_02f6d4c7b1d3,user,3,lain,1.0
user_0308080ba99d,user,2,niat menonton,1.0
user_031d81c56cef,user,12,lain,1.0
user_032250eb2d4f,user,1,lain,1.0
user_0328922599fe,user,9,lain,1.0
user_0336f0ebe047,user,4,takut (pujian?),1.0
user_033e973f3a33,user,9,lain,1.0
user_033f8099c0df,user,5,lain,1.0
user_034621e5c6f8,user,5,lain,1.0
user_0348b4b8141f,user,8,lain,1.0
user_035bf3a0f176,user,4,lain,1.0
user_035d4465566f,user,1,lain,1.0
user_035e5d29e472,user,2,lain,1.0
user_03653561fe72,user,9,lain,1.0
user_0369379622ba,user,9,lain,1.0
user_0370312e7fa5,user,8,lain,1.0
user_03776b886d65,user,2,niat menonton,1.0
user_038003a2d6ec,user,16,lain,1.0
user_0381ff2137ca,user,1,takut (pujian?),1.0
user_0389c051b22f,user,1,niat menonton,1.0
user_039893c2a204,user,16,lain,1.0
user_039a30216d84,user,2,lain,1.0
user_039d885913ca,user,3,lain,1.0
user_039e2b88b53e,user,2,lain,1.0
user_03a1f0a6276e,user,2,lain,1.0
user_03b312ef96a9,user,7,lain,1.0
user_03c90ffdefaf,user,1,lain,1.0
user_03cd017950e7,user,1,lain,1.0
user_03d091eb63b2,user,4,lain,1.0
user_03de65aa78eb,user,2,lain,1.0
user_03eb0006d7be,user,1,lain,1.0
user_03f1eddbfe04,user,7,lain,1.0
user_03fc2f8c692a,user,13,lain,1.0
user_0411c3334c5f,user,15,lain,1.0
user_0413b0106689,user,1,takut (pujian?),1.0
user_0417dfc3fe50,user,7,takut (pujian?),1.0
user_041b0ab04e45,user,7,lain,1.0
user_041d7ba459d5,user,5,lain,1.0
user_0450b8194d1c,user,9,lain,1.0
user_0462cb85be88,user,17,lain,1.0
user_04676c553b69,user,14,lain,1.0
user_04789f980367,user,13,takut (pujian?),2.0
user_047bae73ae06,user,16,lain,1.0
user_048cb794ba7c,user,5,lain,1.0
user_04a0a195ad18,user,6,lain,1.0
user_04a55960f69a,user,1,lain,1.0
user_04c20b164d33,user,3,lain,1.0
user_04de4534c842,user,2,lain,1.0
user_04f221f7b00c,user,10,lain,1.0
user_04f9abdc8cb3,user,2,niat menonton,2.0
Ipar Adalah Maut (2024),film,11,film,
user_0500da4b83f8,user,1,lain,1.0
user_0514d531ba56,user,2,lain,1.0
user_0524213159df,user,11,lain,1.0
user_0532b6357a1b,user,2,lain,1.0
user_05336fde6f9f,user,12,lain,1.0
user_05413a1faf0f,user,1,takut (pujian?),1.0
user_05558b32118a,user,2,takut (pujian?),1.0
user_05661496cd99,user,5,lain,1.0
user_0567c94f1d83,user,1,lain,1.0
user_057bfdb25539,user,4,lain,1.0
user_057ed6328330,user,2,lain,1.0
user_05826126b5a9,user,1,lain,4.0
user_0586171414ac,user,8,takut (pujian?),1.0
user_05876a7ba4ca,user,4,niat menonton,1.0
user_05928c74cadf,user,1,takut (pujian?),1.0
user_05952817a6d7,user,8,lain,1.0
user_05972a413052,user,7,lain,1.0
user_05a3bdd1be26,user,1,lain,1.0
user_05a91d3eedf2,user,17,takut (pujian?),1.0
user_05aa0f3a2e0f,user,5,lain,1.0
user_05ac34ef0f3d,user,3,lain,1.0
user_05c86b820d2e,user,2,lain,1.0
user_05ca0784b928,user,8,takut (pujian?),1.0
user_05cbda0b548d,user,2,lain,1.0
user_05dbaed3b05a,user,4,lain,1.0
user_05e4ed38817d,user,7,lain,1.0
user_05e836406a31,user,2,lain,1.0
user_05edf737c161,user,11,lain,1.0
user_05fa20df6bf9,user,7,lain,1.0
user_060375c218aa,user,2,lain,1.0
user_060485a67bdb,user,1,takut (pujian?),1.0
user_0621522efe77,user,2,lain,1.0
user_06241d11bb04,user,7,lain,1.0
user_06258b8289c1,user,5,takut (pujian?),1.0
user_063f14ba229c,user,2,lain,1.0
user_064bfca5c306,user,5,lain,1.0
user_065c946f8497,user,11,lain,1.0
user_0670cd2423fd,user,7,lain,1.0
user_06718c4cc553,user,6,lain,1.0
user_06a28ac639ef,user,1,lain,1.0
user_06a4f0d84e39,user,9,lain,1.0
user_06a52a2afe41,user,4,lain,1.0
user_06ba55a69677,user,3,takut (pujian?),1.0
user_06c1d2b46de6,user,4,lain,1.0
user_06cf475d21b7,user,2,lain,1.0
user_06d6c3d4829e,user,6,takut (pujian?),1.0
user_06d7faadfa7c,user,16,lain,1.0
user_06e1ef226462,user,6,takut (pujian?),1.0
user_06e23482fdf1,user,1,niat menonton,1.0
user_06eb9a0a9d06,user,3,lain,1.0
user_06eca014f659,user,6,lain,1.0
user_06fdbbd67398,user,1,lain,3.0
user_06fe88156aa3,user,10,lain,1.0
user_070d24e4d641,user,10,takut (pujian?),1.0
user_070f0b669b50,user,5,lain,1.0
user_072036075783,user,14,niat menonton,1.0
user_07214d624168,user,6,lain,1.0
user_073c8e1b5963,user,3,lain,1.0
user_073cbdacd52e,user,3,takut (pujian?),1.0
user_074156a77c1f,user,1,lain,2.0
user_07471e7ee75d,user,7,lain,1.0
user_074e29c5f7fe,user,11,lain,1.0
user_074e6609b604,user,14,lain,1.0
user_07511d1bb618,user,4,lain,1.0
user_0759a5ed6b47,user,1,lain,1.0
user_075e2b82a7ec,user,11,lain,1.0
user_07701a08035c,user,9,lain,1.0
user_077944728ca0,user,11,lain,1.0
user_077ee51b9ee1,user,2,lain,1.0
user_0780fc9b2ff2,user,15,lain,1.0
user_07839c88b1a5,user,11,lain,1.0
user_0787759cca37,user,6,lain,1.0
user_07953a47afff,user,13,lain,1.0
user_079bd2de123b,user,13,lain,2.0
user_079d2a26d162,user,11,lain,1.0
user_07a85c9d5b82,user,14,takut (pujian?),1.0
user_07ab2ab1f7a2,user,1,lain,1.0
user_07b5e07720c6,user,2,takut (pujian?),1.0
user_07b8a2a0f875,user,1,lain,1.0
user_07bd23eee43a,user,2,lain,1.0
user_07c126db99f9,user,7,lain,1.0
user_07d8c3c0c2ed,user,9,lain,1.0
user_07db18f813f8,user,2,lain,1.0
user_07e160fe69f5,user,2,lain,1.0
user_07f799f2cbed,user,8,lain,1.0
user_07fa7875b6c5,user,1,lain,1.0
user_07fe3f4e0bee,user,5,niat menonton,1.0
user_080342ef1e7c,user,8,lain,1.0
user_08175017b15a,user,1,lain,1.0
user_081b0f8604be,user,7,takut (pujian?),1.0
user_081b616a5fdb,user,2,lain,1.0
user_083e36b6e7fe,user,9,lain,1.0
user_0843dcccce23,user,13,lain,1.0
user_084671f66f71,user,12,takut (pujian?),1.0
user_084f05607bda,user,10,lain,1.0
user_084f96236c22,user,15,lain,1.0
user_08599ddd4254,user,1,lain,1.0
user_086235a34ea4,user,2,lain,1.0
user_086b05adb74f,user,5,lain,1.0
user_08763fcbcc1a,user,13,lain,1.0
user_087dc4eb9046,user,1,takut (pujian?),1.0
user_087ea65d3b73,user,9,lain,1.0
user_088dc9c57ad1,user,7,lain,1.0
user_08972512d5bc,user,8,lain,1.0
user_089806cc623a,user,5,lain,1.0
user_089f7139fcff,user,4,lain,1.0
user_08b19582c1fc,user,1,lain,1.0
user_08b568e8cafe,user,14,lain,1.0
user_08b736a11ac4,user,6,lain,1.0
user_08c7b37df3ed,user,4,lain,1.0
user_08cc76f29a4a,user,2,lain,1.0
user_08cdee26853f,user,1,lain,1.0
user_08d0e216eb0d,user,2,lain,1.0
user_08d677144187,user,1,lain,1.0
user_08e2d51ad655,user,5,lain,1.0
user_08e3eb173a9f,user,8,takut (pujian?),1.0
user_08e5b7b3b385,user,2,lain,1.0
user_08e9e8781c64,user,6,lain,1.0
user_08f24a07eba9,user,15,lain,1.0
user_08f5926dfece,user,1,takut (pujian?),1.0
user_08faf0fe23af,user,9,lain,2.0
user_09081fdfb2e5,user,8,lain,1.0
user_09615a8fad7e,user,16,niat menonton,1.0
user_097057f649c7,user,5,lain,1.0
user_097447673cd8,user,2,lain,1.0
user_097f35a63936,user,15,lain,1.0
user_0986d6b76bcb,user,14,lain,1.0
user_098b4e70df3a,user,3,takut (pujian?),1.0
user_098ee14d868c,user,2,lain,1.0
user_0999c2c9d8aa,user,5,lain,1.0
user_09a17e295fe5,user,7,takut (pujian?),1.0
user_09a571070287,user,3,takut (pujian?),1.0
user_09af056ebc05,user,2,lain,1.0
user_09b01dc41145,user,15,lain,1.0
user_09c4483c3f35,user,1,lain,1.0
user_09cb666570ae,user,2,lain,1.0
user_09cea4e8f048,user,5,lain,1.0
user_09e078704d47,user,9,lain,2.0
user_09e36ff67478,user,8,niat menonton,1.0
user_09f25bb993cc,user,5,takut (pujian?),1.0
user_09f525c952b1,user,10,lain,1.0
user_0a1bb0426027,user,16,lain,1.0
user_0a263531e9cf,user,7,lain,1.0
user_0a278f49204b,user,1,lain,1.0
user_0a38f93ad766,user,5,lain,1.0
user_0a494e29aca0,user,5,lain,1.0
user_0a4e0a833a7c,user,6,lain,3.0
user_0a5985b21f91,user,2,lain,1.0
user_0a6c9859667d,user,9,lain,1.0
user_0a709c8f2912,user,2,lain,1.0
user_0a82515cd13c,user,10,lain,1.0
user_0a8ea7a20b68,user,4,lain,1.0
user_0a92b198288b,user,4,lain,1.0
user_0a975de4c93d,user,1,lain,1.0
user_0a9daa4c4c1a,user,7,lain,1.0
user_0aa83a23eaac,user,9,lain,2.0
user_0ab9a315ea31,user,6,lain,1.0
user_0ade2f9894c4,user,2,lain,1.0
user_0af90075108c,user,13,takut (pujian?),1.0
user_0afc5f114b4e,user,9,lain,1.0
user_0b100fcda828,user,1,lain,1.0
user_0b13bb432c74,user,1,takut (pujian?),1.0
user_0b13e4a389d1,user,3,takut (pujian?),1.0
user_0b1732aa9a14,user,3,lain,1.0
user_0b1a74efd6f9,user,5,lain,1.0
user_0b3740328cd6,user,1,lain,1.0
user_0b3d09c62210,user,13,lain,6.0
user_0b4be782f74f,user,12,lain,1.0
user_0b5a8e6a541d,user,8,lain,1.0
user_0b5b309ba272,user,9,lain,1.0
user_0b60597a7088,user,1,niat menonton,1.0
user_0b86b4d0c3fc,user,9,niat menonton,1.0
user_0b8728754976,user,2,lain,1.0
user_0b99ce64b3c6,user,1,lain,1.0
user_0bac57a745a0,user,12,lain,1.0
user_0bad313ec336,user,12,lain,2.0
user_0bb72c272e0e,user,12,lain,1.0
user_0bc1fde93f19,user,13,lain,1.0
user_0bcc99498c6c,user,9,lain,1.0
user_0bded558377d,user,2,lain,1.0
user_0bdf00d8f4a6,user,14,lain,1.0
user_0bdf23070414,user,9,niat menonton,1.0
user_0bed02ff063b,user,2,lain,1.0
user_0bef6968690a,user,13,lain,1.0
user_0bfe92de42d7,user,2,lain,1.0
user_0c009e091315,user,2,lain,1.0
user_0c0b5e3521a8,user,11,lain,1.0
user_0c0b6db74c3d,user,10,takut (pujian?),1.0
user_0c1692bf30c8,user,4,lain,2.0
user_0c193ee906b9,user,1,lain,1.0
user_0c2209a58414,user,2,lain,1.0
user_0c22f095c283,user,1,lain,1.0
user_0c3c74024ed6,user,16,lain,1.0
user_0c3f0ade6980,user,4,lain,1.0
user_0c41075760d5,user,12,lain,1.0
user_0c4448388119,user,11,lain,1.0
user_0c456935d09a,user,1,takut (pujian?),1.0
user_0c51c353c2a2,user,1,lain,1.0
user_0c59a64f8a82,user,3,lain,1.0
user_0c5b8ae8db02,user,3,lain,1.0
user_0c5d5622f7a1,user,4,takut (pujian?),1.0
user_0c600edf015f,user,13,lain,1.0
user_0c655293ef4d,user,17,lain,2.0
user_0c7670c8347d,user,1,lain,1.0
user_0c797f599d5d,user,9,lain,3.0
user_0c7e01e29e4b,user,1,lain,1.0
user_0c84aba3624b,user,1,lain,2.0
user_0c90e83d87ab,user,1,lain,1.0
user_0ca3dae5bd5a,user,4,lain,1.0
user_0cb363c4082b,user,5,lain,1.0
user_0cbf6fddedb6,user,4,lain,1.0
user_0cc4d38a5849,user,6,takut (pujian?),1.0
user_0cca077296bf,user,5,lain,1.0
user_0cce30418774,user,5,lain,1.0
user_0cd2d29102d1,user,12,lain,1.0
user_0cd96bfa674b,user,1,lain,1.0
user_0ce51c5e9a74,user,3,takut (pujian?),1.0
user_0ce974f97c4b,user,4,lain,1.0
user_0cf15ee9e82b,user,9,lain,2.0
user_0cf509974fe7,user,2,lain,1.0
user_0cf8b72fce49,user,12,lain,1.0
user_0d1b9bb5647e,user,9,lain,1.0
user_0d1f920ca937,user,11,lain,1.0
user_0d208bb56a93,user,10,lain,1.0
user_0d2bbdc94c65,user,2,lain,1.0
user_0d2cebcf4106,user,3,lain,1.0
user_0d2df52add2c,user,2,lain,1.0
user_0d42a9cb4096,user,14,lain,1.0
user_0d57c1ba7d64,user,2,lain,1.0
user_0d5dc435f8ef,user,7,takut (pujian?),1.0
user_0d6bc97b3338,user,4,niat menonton,1.0
user_0d730739378b,user,13,lain,1.0
user_0d78fbf6240b,user,8,takut (pujian?),1.0
user_0d8b09d5e43f,user,2,lain,1.0
user_0d90f228b4a5,user,2,lain,1.0
user_0d9ce6e37de2,user,3,lain,1.0
user_0daea66e02af,user,5,lain,1.0
user_0db4559f0273,user,4,lain,1.0
user_0db67badc37f,user,6,takut (pujian?),1.0
user_0db726c4be90,user,8,takut (pujian?),1.0
user_0dba4d1e6b04,user,16,lain,3.0
user_0dba813004e7,user,7,lain,1.0
user_0dbf23dd63fe,user,5,lain,1.0
user_0dc6cda5df13,user,4,lain,1.0
user_0dca52abb272,user,7,lain,1.0
user_0dcbcee38869,user,4,niat menonton,1.0
user_0dcea1a94a26,user,7,takut (pujian?),1.0
user_0dd24dd5998c,user,12,lain,1.0
user_0dd5ca1e9787,user,3,lain,1.0
user_0dd654c79c3f,user,4,lain,1.0
user_0dee99afd27b,user,6,niat menonton,1.0
user_0df15509ab39,user,2,takut (pujian?),1.0
user_0dfbc8b6dcc0,user,3,lain,1.0
user_0e044eab802b,user,1,niat menonton,1.0
user_0e04ec7df4df,user,1,lain,1.0
user_0e098b69f16a,user,5,lain,1.0
user_0e1f5a0429fc,user,10,lain,1.0
user_0e28fa5deaef,user,1,lain,1.0
user_0e2e577276af,user,9,lain,1.0
user_0e2f9e876d4a,user,1,lain,1.0
user_0e3ba8770ddd,user,17,lain,1.0
user_0e3de42b807b,user,8,lain,1.0
user_0e4035c7e9b4,user,5,lain,1.0
user_0e530d716fd2,user,2,niat menonton,1.0
user_0e5385d5213b,user,11,lain,2.0
user_0e53ab8a61c1,user,5,lain,1.0
user_0e57d90972f2,user,12,lain,2.0
user_0e596f267994,user,1,niat menonton,1.0
user_0e80bb0ffa4c,user,1,lain,1.0
user_0e8547d242a2,user,15,lain,1.0
user_0ea7b61d9208,user,2,lain,1.0
user_0ea8c1906bfd,user,12,lain,1.0
user_0ead1f87825d,user,5,lain,1.0
user_0eaf941365ec,user,8,lain,1.0
user_0eb03e0cdcc3,user,2,lain,1.0
user_0ebd475d5f0c,user,12,lain,1.0
user_0ec5e5f4c9f1,user,8,takut (pujian?),1.0
user_0ed57f0c829c,user,1,lain,1.0
user_0ed615ce0809,user,8,lain,1.0
user_0edb4a3ead3e,user,1,lain,3.0
user_0ee72366805b,user,7,lain,1.0
user_0eeed096087a,user,15,lain,1.0
user_0ef076758aa1,user,5,lain,2.0
user_0ef20345f782,user,12,lain,1.0
user_0ef43904dced,user,7,lain,1.0
user_0ef834c4eaed,user,5,lain,1.0
user_0efe18bc1513,user,6,lain,2.0
user_0f03c45a3966,user,17,lain,1.0
user_0f13a1eaa427,user,1,lain,1.0
user_0f16d68cfe99,user,2,takut (pujian?),1.0
user_0f3680eac57e,user,11,lain,1.0
user_0f3796efa785,user,1,lain,1.0
user_0f3e65a520cd,user,1,niat menonton,1.0
user_0f4018f3029d,user,5,lain,1.0
user_0f446f4ef5ac,user,5,takut (pujian?),1.0
user_0f49344e8ea9,user,8,niat menonton,1.0
user_0f4c3887210b,user,4,lain,1.0
user_0f4f933d5357,user,2,niat menonton,1.0
user_0f5fe9a5b5d7,user,12,lain,1.0
user_0f6ac5dfdf13,user,1,lain,1.0
user_0f7691e5129f,user,13,lain,1.0
user_0f7c81582c91,user,16,takut (pujian?),1.0
user_0f853151082c,user,6,lain,1.0
user_0f929ab55f6a,user,2,lain,1.0
user_0f92dbeddaa1,user,13,lain,1.0
user_0f9bbb06ca0a,user,1,lain,1.0
user_0f9ceaef9e58,user,8,lain,1.0
user_0fa4a5d9e54a,user,5,lain,1.0
user_0fa712047258,user,7,lain,1.0
user_0fa8e457ad7b,user,16,lain,1.0
user_0fb3a2000812,user,4,lain,1.0
user_0fc7f20d87c4,user,13,niat menonton,1.0
user_0fd0d281f6b8,user,5,lain,1.0
user_0fd579878038,user,12,lain,1.0
user_0fdcbe0667f6,user,12,takut (pujian?),1.0
user_0fea3f76a8b3,user,7,niat menonton,1.0
user_0ff841273a25,user,2,lain,1.0
user_0ffa77c8b173,user,2,lain,1.0
user_0ffbf49ef990,user,3,niat menonton,1.0
user_1002279ef3af,user,7,lain,1.0
user_10128330a759,user,2,lain,1.0
user_10144043f4fc,user,13,lain,1.0
user_101bb64b3289,user,4,lain,1.0
user_101fc99e2b35,user,9,lain,3.0
user_102738bc66e1,user,8,lain,1.0
user_102a01eeb194,user,4,takut (pujian?),1.0
user_102cd585bfeb,user,16,lain,1.0
user_1033f67b90ca,user,13,lain,1.0
user_104373a7905c,user,15,lain,1.0
user_1048bf1c61c6,user,1,lain,3.0
user_106012fabfb4,user,14,lain,1.0
user_106504e2e1a7,user,1,lain,1.0
user_106505297e8f,user,2,lain,1.0
user_1065fcf69c18,user,16,lain,1.0
user_10665464b978,user,4,lain,1.0
user_106677530223,user,15,lain,1.0
user_10720b29d834,user,6,lain,1.0
user_107fb97a6b04,user,10,niat menonton,1.0
user_10823902ffd8,user,10,lain,1.0
user_1082e8f1a7c6,user,11,lain,1.0
user_10954c970b04,user,4,takut (pujian?),1.0
user_109dd6f91b89,user,2,lain,1.0
user_10a02053378d,user,9,lain,1.0
user_10c93b94f784,user,1,lain,1.0
user_10e45b4bf27e,user,4,lain,1.0
user_10ebaf47d61c,user,14,lain,1.0
user_10ed35e30040,user,9,lain,1.0
user_10f0155dcd10,user,14,lain,1.0
user_10f6270b3376,user,2,lain,1.0
user_10f93ebf3eda,user,9,lain,1.0
user_110320d2c1f9,user,5,lain,2.0
user_1105448ed289,user,1,lain,1.0
user_110675eaa565,user,2,lain,1.0
user_110700d19d18,user,1,lain,1.0
user_1109cc73e2a3,user,7,lain,1.0
user_110cf4a6f89f,user,4,lain,1.0
user_111d97d5be44,user,8,lain,1.0
user_11215850ab15,user,4,niat menonton,1.0
user_113c8abc18c2,user,3,lain,1.0
user_1141941bcf8e,user,1,lain,1.0
user_1148c4d3afa3,user,1,takut (pujian?),1.0
user_115239db9db6,user,2,lain,1.0
user_115435f25007,user,1,lain,1.0
user_1164e05b5460,user,13,lain,1.0
user_11757c8e54be,user,4,takut (pujian?),1.0
user_118244200e05,user,7,lain,1.0
user_1183d7ce2397,user,10,takut (pujian?),1.0
user_118b7009a3bb,user,1,lain,1.0
user_1191839a77a8,user,1,lain,1.0
user_119890fca1f4,user,5,lain,1.0
user_11a6281078db,user,1,lain,1.0
user_11aa146beff8,user,6,lain,1.0
user_11b8df208b33,user,7,takut (pujian?),1.0
user_11c58b1aa43b,user,13,lain,1.0
user_11e265856844,user,8,takut (pujian?),1.0
user_11e4a21084be,user,1,lain,1.0
user_11e9000ec55a,user,5,lain,1.0
user_11fd2fa78b47,user,7,lain,1.0
user_120250e615c9,user,2,lain,1.0
user_120a28cae58f,user,5,lain,1.0
user_120d96d10f06,user,3,lain,1.0
user_12153f668a9e,user,4,lain,1.0
user_1222e8a5afd8,user,9,lain,1.0
user_122e79b89de9,user,2,lain,1.0
user_122fa3b56982,user,13,lain,1.0
user_123761ba38b9,user,9,takut (pujian?),1.0
user_123f0b8456e0,user,7,lain,1.0
user_124704b35c24,user,9,takut (pujian?),1.0
user_12491483b182,user,2,lain,1.0
user_12661ae2f772,user,5,lain,1.0
user_126ad0088893,user,8,lain,1.0
user_126edcfaf9c5,user,11,lain,1.0
user_12707bfc9553,user,8,lain,1.0
user_127f8083c446,user,4,lain,1.0
user_127fffc138b2,user,8,lain,1.0
user_128cca26d5f6,user,4,lain,1.0
user_12a3086a9c53,user,3,lain,1.0
user_12abd08bbec1,user,7,lain,1.0
user_12bd4b6a2375,user,3,lain,1.0
user_12beb3e29e4c,user,9,lain,1.0
user_12c4e411d9bf,user,6,takut (pujian?),1.0
user_12c8708e75cf,user,5,takut (pujian?),1.0
user_12d14889a259,user,6,lain,1.0
user_12dac9cbeb7e,user,11,lain,1.0
user_12dc927466b5,user,15,lain,1.0
user_12e6ddc0162d,user,14,takut (pujian?),1.0
user_12eec2835907,user,12,lain,1.0
user_130f8029163e,user,1,lain,2.0
user_131b9c12f8af,user,8,lain,1.0
user_132cc648a44f,user,3,lain,1.0
user_1337789d1ece,user,3,lain,1.0
user_133c6b38f885,user,10,lain,1.0
user_13422ce3a7c4,user,2,lain,1.0
user_1346439b75f4,user,6,niat menonton,1.0
user_134e57f3d267,user,10,lain,1.0
user_1351a2282673,user,15,lain,1.0
user_1353c09abf51,user,10,lain,1.0
user_13553878ad1f,user,3,takut (pujian?),1.0
user_135d2fad9ace,user,9,lain,1.0
user_136bcfec5c22,user,2,lain,2.0
user_136e32e680b7,user,10,takut (pujian?),1.0
user_136e79990300,user,3,lain,1.0
user_136f21d781c4,user,3,lain,1.0
user_1377f1d26ce4,user,1,lain,1.0
user_137851dbf6f8,user,6,lain,1.0
user_13798da6a0ac,user,11,lain,1.0
user_137d4fd4a6e5,user,2,lain,1.0
user_1394639ec1cf,user,4,niat menonton,1.0
user_13971831f077,user,3,lain,1.0
user_13ae57412524,user,1,takut (pujian?),1.0
user_13afa2034497,user,1,lain,1.0
user_13bc982d92ab,user,1,lain,1.0
user_13bf3346cf4b,user,2,lain,1.0
user_13c807594f0c,user,5,lain,1.0
user_13e7d8195679,user,14,lain,2.0
user_13ebc74a08ac,user,9,lain,1.0
user_13ed98831d75,user,8,lain,1.0
user_13f6ba0001fd,user,6,takut (pujian?),1.0
user_13fb3c7f619d,user,1,lain,1.0
user_1404f61dcf42,user,14,lain,1.0
user_1408c7b4c782,user,2,takut (pujian?),1.0
user_140b4bdad0f9,user,10,takut (pujian?),1.0
user_1425c2917dba,user,9,lain,4.0
user_1427d1102391,user,9,lain,1.0
user_14378e327538,user,1,lain,1.0
user_143ab55c392d,user,4,lain,1.0
user_143caaadea94,user,1,lain,1.0
user_143e80dc17ab,user,2,lain,1.0
user_14436286dd13,user,13,lain,2.0
user_144b0368f901,user,17,lain,1.0
user_144cd09abf27,user,6,niat menonton,1.0
user_144dfcd57b7b,user,4,lain,1.0
user_145f36dce13b,user,12,lain,1.0
user_145f6e4815f1,user,4,lain,1.0
user_147d4e8c4706,user,3,lain,1.0
user_1480cbf91b27,user,14,lain,1.0
user_148f95ebe1e8,user,4,lain,1.0
user_14a7b6309634,user,7,lain,1.0
user_14a91b84615d,user,2,lain,1.0
user_14b78a131789,user,9,lain,1.0
user_14c0a232c9c6,user,3,lain,1.0
user_14e8cbe66dfc,user,2,lain,1.0
user_14eeb1562b3a,user,2,lain,1.0
user_14eebd7c18fb,user,7,takut (pujian?),1.0
user_14f6f4cb6fba,user,1,lain,1.0
user_14f8e2454d94,user,5,lain,1.0
user_15036acfbaac,user,6,takut (pujian?),1.0
user_1512a4afb744,user,12,lain,2.0
user_151369da227d,user,4,lain,1.0
user_15183fd56055,user,8,lain,1.0
user_151cf168d76d,user,1,niat menonton,1.0
user_15214d7cebc4,user,11,lain,1.0
user_1525cebcb7af,user,5,lain,1.0
user_1530f1cf9839,user,2,lain,1.0
user_153afc27cd9f,user,8,lain,1.0
user_155586fa6ec6,user,8,lain,1.0
user_1567c587a754,user,8,lain,1.0
user_156b4f33d298,user,1,lain,1.0
user_156ef42fddae,user,6,lain,1.0
user_1570922bb5b5,user,1,lain,1.0
user_157b5668b305,user,2,takut (pujian?),1.0
user_157eacb3bd04,user,6,lain,1.0
user_1582ba5af6b9,user,2,lain,1.0
user_15861666d056,user,10,lain,2.0
user_15897e49578d,user,10,lain,1.0
user_1590892a7430,user,1,lain,1.0
user_1596add674ae,user,15,lain,1.0
user_1598016df4d9,user,16,lain,1.0
user_159a3630feeb,user,4,niat menonton,1.0
user_159e0bbb2d8d,user,11,lain,1.0
user_15a2a52d51d5,user,14,lain,4.0
user_15b491d60537,user,14,lain,1.0
user_15b8d333bef2,user,4,takut (pujian?),1.0
user_15c255e0134b,user,7,lain,1.0
user_15dcb508f8ae,user,1,lain,1.0
user_15dd26101599,user,16,lain,1.0
user_15ddf58d463e,user,7,lain,1.0
user_15e41cfe5961,user,1,lain,1.0
user_15f399379008,user,1,niat menonton,1.0
user_160a7f6e92f3,user,12,lain,1.0
user_162a7591c426,user,14,lain,1.0
user_16419d5d234a,user,10,lain,1.0
user_16567e97d5e1,user,11,lain,1.0
user_1660e1aa80a5,user,1,lain,1.0
user_1666af6a923f,user,3,lain,1.0
user_1680c5e28416,user,2,lain,1.0
user_168253b3508e,user,8,lain,1.0
user_1688c67f39e6,user,1,lain,1.0
user_168bf76d152f,user,5,lain,1.0
user_169f38237230,user,5,lain,1.0
user_16a68c73b4b7,user,2,lain,1.0
user_16af99af8938,user,9,lain,1.0
user_16b3d613abde,user,2,lain,1.0
user_16c8d2c7ff33,user,1,lain,1.0
user_16d19680ca50,user,5,lain,1.0
user_16d3cc22ead6,user,6,lain,2.0
user_16d6d6a24981,user,1,lain,1.0
user_16e0aa10a35f,user,2,lain,1.0
user_16ee185bf857,user,11,lain,1.0
user_16ee36b98bd8,user,4,lain,1.0
user_16fa54da11d4,user,2,lain,1.0
user_16fd72719e0b,user,2,lain,2.0
user_170601579b5a,user,11,lain,1.0
user_17071c3b6042,user,7,takut (pujian?),1.0
user_170b47ca8389,user,4,lain,1.0
user_170cba4a7e40,user,6,niat menonton,1.0
user_171144d60894,user,5,lain,1.0
user_1713a624380e,user,3,lain,1.0
user_1715201be95c,user,1,niat menonton,1.0
user_17256963f20b,user,1,takut (pujian?),1.0
user_1729eb99bb30,user,3,takut (pujian?),1.0
user_174151138ae4,user,4,lain,1.0
user_174692637970,user,15,lain,1.0
user_174733a6e56f,user,15,lain,1.0
user_1758c0db1aac,user,2,lain,1.0
user_175976a3a91b,user,1,takut (pujian?),1.0
user_176344a3f4d2,user,7,lain,2.0
user_1771d8d809cb,user,3,lain,1.0
user_17739f151079,user,14,lain,1.0
user_1780d39a7be0,user,8,lain,1.0
user_1783b79c4abb,user,5,lain,1.0
user_17878376ab73,user,1,lain,1.0
user_178784d2a52c,user,4,lain,1.0
user_179f3494b08c,user,9,lain,1.0
user_17a72cd2689f,user,12,lain,1.0
user_17c4bd232a63,user,2,lain,1.0
user_17ce6571b59e,user,8,lain,1.0
user_17db536132f3,user,9,niat menonton,1.0
user_17dcf8a56f78,user,10,lain,1.0
user_17f412f28b7b,user,7,lain,1.0
user_17f6603e6238,user,4,lain,1.0
user_181f4a22c681,user,1,lain,1.0
user_18267fa814f8,user,8,lain,1.0
user_18309da9c6c2,user,12,lain,1.0
user_1831e4fc57e3,user,7,takut (pujian?),1.0
user_18536a63237e,user,2,lain,1.0
user_185a70ee3926,user,1,lain,1.0
user_1881db42c156,user,6,lain,1.0
user_1893359550fd,user,1,lain,1.0
user_1894ec4d3ede,user,1,lain,1.0
user_1895d0d2f883,user,5,takut (pujian?),1.0
user_189ae821449b,user,4,lain,1.0
user_189fb74d8501,user,7,lain,1.0
user_18a38fc13a10,user,2,niat menonton,1.0
user_18affae77e5a,user,10,lain,1.0
user_18b323565090,user,9,lain,1.0
user_18c0f7a4fd9d,user,5,lain,1.0
user_18c98585e682,user,5,lain,1.0
user_18dd4d8c9f5a,user,7,lain,1.0
user_18dda0fdcaa9,user,1,lain,1.0
user_18de07ca968a,user,8,niat menonton,1.0
user_18ded7fc3631,user,1,lain,1.0
user_18df82b5839d,user,13,lain,1.0
user_18e8c356e40d,user,10,takut (pujian?),1.0
user_18fa3149724e,user,7,lain,1.0
user_18fac461bb4b,user,2,lain,1.0
user_19039a2c609a,user,3,lain,1.0
user_190fa4eb6cf7,user,17,lain,1.0
user_190fc9b346f8,user,9,lain,1.0
user_19187bba13de,user,1,lain,1.0
user_19258e133526,user,12,lain,1.0
user_1928148c4d62,user,1,lain,1.0
user_192d378444a4,user,4,lain,1.0
user_192e5d915866,user,1,lain,1.0
user_1933c27cdf7c,user,5,lain,1.0
user_193a3ad003e4,user,11,lain,1.0
user_1942a9c93161,user,6,lain,1.0
user_194658e1a140,user,13,lain,1.0
user_195b8068cb8c,user,4,lain,4.0
user_197279111347,user,4,lain,1.0
user_19744de301a2,user,1,lain,1.0
user_197493dffa2a,user,15,takut (pujian?),1.0
user_19813e0bfafe,user,3,lain,1.0
user_198acd133a63,user,1,lain,1.0
user_198f74973248,user,10,lain,1.0
user_198f7e169021,user,3,lain,1.0
user_199de60c8378,user,8,lain,1.0
user_199fd8ad37c6,user,8,takut (pujian?),1.0
user_199fdce907c7,user,3,lain,1.0
user_199ff0f1d5f1,user,1,lain,1.0
user_19a2edf1841a,user,14,takut (pujian?),1.0
user_19a97c99c17d,user,5,lain,1.0
user_19adeeb0c45b,user,3,lain,1.0
user_19bd21e46ae9,user,1,lain,1.0
user_19c52e0d9964,user,9,lain,3.0
user_19d57d000f93,user,3,lain,1.0
user_19d5adbb70ab,user,9,lain,1.0
user_19db0f493b0a,user,12,lain,1.0
user_19db1847c3a3,user,1,lain,1.0
user_19e9b3d9d45a,user,2,lain,1.0
user_19f59a1517bf,user,2,lain,1.0
user_1a04cec49e2e,user,4,lain,1.0
user_1a1e11511cc6,user,12,lain,1.0
user_1a28e9d322bc,user,2,lain,1.0
user_1a496473024f,user,9,lain,2.0
user_1a50e118bbe0,user,3,lain,1.0
user_1a56297dba20,user,1,takut (pujian?),1.0
user_1a58fce57e2d,user,4,lain,1.0
user_1a5af47b581f,user,10,takut (pujian?),1.0
user_1a623b7ad6d8,user,3,takut (pujian?),2.0
user_1a671443fa20,user,2,lain,1.0
user_1a69287aa483,user,6,niat menonton,1.0
user_1a6a077228a9,user,3,takut (pujian?),1.0
user_1a6d5ce315ef,user,3,lain,1.0
user_1a6f9ea80157,user,4,lain,1.0
user_1a725d994ad2,user,12,takut (pujian?),1.0
user_1a7a106be795,user,3,niat menonton,1.0
user_1a918b55c21c,user,4,lain,1.0
user_1a9733f50240,user,3,niat menonton,1.0
user_1a9972fd87dd,user,3,niat menonton,1.0
user_1aacb18bca54,user,2,lain,1.0
user_1ab7b4d69e6c,user,7,lain,1.0
user_1ac2b71e27a6,user,7,lain,1.0
user_1aca322a74b2,user,14,lain,1.0
user_1ad319409a54,user,5,lain,1.0
user_1ade9f953032,user,10,lain,1.0
user_1af3ba266551,user,2,lain,1.0
user_1b17ab461a0f,user,8,lain,1.0
user_1b1bfe91d2e7,user,11,lain,3.0
user_1b1dcee19ca4,user,4,takut (pujian?),1.0
user_1b289db7dc86,user,2,lain,1.0
user_1b2a5fd7b7dc,user,3,niat menonton,1.0
user_1b2d77dd663a,user,3,niat menonton,1.0
user_1b386679342b,user,6,lain,1.0
user_1b38a98b2de0,user,1,lain,1.0
user_1b405e929bbc,user,12,lain,1.0
user_1b432163f47a,user,9,lain,1.0
user_1b575e45cc74,user,1,niat menonton,1.0
user_1b82e85fa3fc,user,1,lain,1.0
user_1b8853d489a9,user,2,lain,1.0
user_1b8b1056815b,user,8,lain,1.0
user_1b950f2137bd,user,4,lain,1.0
user_1b9f7a06d87e,user,12,lain,2.0
user_1ba572727f4b,user,8,takut (pujian?),1.0
user_1ba8535b8efd,user,3,lain,1.0
user_1bb3b646e2db,user,4,lain,1.0
user_1bc2cf7741d1,user,4,lain,1.0
user_1bc322f26a69,user,12,takut (pujian?),1.0
user_1bc5fa781572,user,14,niat menonton,2.0
user_1bc8df568660,user,9,lain,1.0
user_1bc979a2fa3a,user,6,lain,1.0
user_1bca1513cb01,user,2,lain,1.0
user_1bd3851bfa5f,user,12,lain,1.0
user_1bd6e7023587,user,6,takut (pujian?),1.0
user_1be6082c9da7,user,15,takut (pujian?),1.0
user_1bebf7153255,user,1,lain,1.0
user_1bed4cd74130,user,12,lain,1.0
user_1bf186f0c0de,user,2,lain,1.0
user_1bf24ed7b8e5,user,7,lain,1.0
user_1c14bf81b12c,user,5,lain,1.0
user_1c189a7dcba5,user,11,lain,1.0
user_1c2c3a776ea5,user,1,lain,1.0
user_1c2e0124c944,user,1,lain,1.0
user_1c2e218dafa4,user,1,lain,1.0
user_1c2e7b5f9258,user,10,lain,1.0
user_1c390507512a,user,1,lain,1.0
user_1c3949030099,user,1,lain,1.0
user_1c3ad193cc87,user,17,lain,1.0
user_1c44b5c424f6,user,1,lain,1.0
user_1c49ef903dc2,user,2,lain,1.0
user_1c5ac3185494,user,4,lain,1.0
user_1c61dd61cc2a,user,3,lain,1.0
user_1c6384e5a581,user,9,lain,1.0
user_1c66d596a017,user,14,lain,1.0
user_1c6b4e3e6b73,user,13,lain,1.0
user_1c7576a37e0c,user,1,takut (pujian?),1.0
user_1c81956b3d92,user,1,lain,2.0
user_1c81d9267785,user,3,takut (pujian?),1.0
user_1c8f19021eee,user,11,lain,1.0
user_1c9c45acbe90,user,12,lain,1.0
user_1c9cc5b66d21,user,11,lain,1.0
user_1cb5b3999c04,user,8,lain,1.0
user_1cc526b61e97,user,9,lain,1.0
user_1cc6b6f0f7a3,user,5,lain,1.0
user_1ce0dbd2cea5,user,5,lain,1.0
user_1ceb0b08186b,user,1,lain,1.0
user_1cf0f93bba39,user,1,lain,1.0
user_1cf409d08547,user,2,takut (pujian?),1.0
user_1cf9b6f04543,user,4,lain,1.0
user_1cfb3bbdd144,user,10,lain,1.0
user_1d02adc65575,user,6,lain,1.0
user_1d0dcf0ccb36,user,3,lain,1.0
user_1d100ef1c5ec,user,2,lain,1.0
user_1d12b9937913,user,1,niat menonton,1.0
user_1d1a20ab1551,user,3,lain,1.0
user_1d1fa0099bbe,user,8,lain,1.0
user_1d200e899e87,user,4,lain,1.0
user_1d386fddc755,user,2,lain,1.0
user_1d3aa0201804,user,2,takut (pujian?),1.0
user_1d3d9ef0ca70,user,1,lain,1.0
user_1d43f94308c7,user,1,takut (pujian?),1.0
user_1d552704ea96,user,7,lain,1.0
user_1d6c2f7f0976,user,8,lain,1.0
user_1d71c787e19c,user,7,lain,1.0
user_1d748524aa39,user,1,lain,1.0
user_1d7a565dfe44,user,4,lain,1.0
user_1d7eab0b0a4a,user,10,takut (pujian?),1.0
user_1d805b7474b2,user,3,lain,1.0
user_1d85711b4619,user,1,niat menonton,1.0
user_1d85d88edf09,user,7,lain,1.0
user_1d8876151f83,user,2,lain,1.0
user_1d8926f1a0e0,user,1,lain,1.0
user_1d8b694864c6,user,2,lain,1.0
user_1d90798d4d91,user,8,lain,1.0
user_1d9a9fefdc06,user,1,lain,1.0
user_1dc0d7205737,user,1,niat menonton,1.0
user_1dc362e275ab,user,1,lain,1.0
user_1dcc4c0ea2b6,user,5,lain,1.0
user_1de7e804b560,user,2,lain,1.0
user_1df4cb9658f5,user,1,takut (pujian?),1.0
user_1e00b3e3eb61,user,1,lain,1.0
user_1e0a7bdf79e8,user,2,takut (pujian?),1.0
user_1e106e6730c6,user,10,niat menonton,1.0
user_1e1178c093a7,user,6,lain,1.0
user_1e294a55e70a,user,3,lain,1.0
user_1e297ad4642d,user,8,lain,1.0
user_1e338feca566,user,1,lain,1.0
user_1e354e1695b4,user,1,lain,1.0
user_1e438fc6fafc,user,10,takut (pujian?),1.0
user_1e4e9f723fbf,user,1,lain,1.0
user_1e57a1a6b6dc,user,2,lain,1.0
user_1e59fedc1a06,user,13,lain,1.0
user_1e5ded81d3fd,user,10,takut (pujian?),1.0
user_1e5e67944f36,user,1,takut (pujian?),1.0
user_1e639563f97a,user,15,lain,1.0
user_1e6c04d5921f,user,1,niat menonton,1.0
user_1e6fd0f4a946,user,5,lain,1.0
user_1e796245d099,user,11,lain,1.0
user_1e7b7ad6b461,user,16,lain,1.0
user_1e8990edcaa5,user,4,lain,1.0
user_1e95fe8ef5e9,user,2,lain,1.0
user_1eac999c7793,user,3,niat menonton,1.0
user_1eb3af7bdd75,user,10,lain,1.0
user_1eb4e6cdb413,user,10,takut (pujian?),2.0
user_1eb76aed6c70,user,12,lain,1.0
user_1eb8318e954c,user,11,lain,1.0
user_1ebcfb2396e9,user,5,lain,1.0
user_1ebd6332406e,user,1,lain,3.0
user_1ec361b65b80,user,8,lain,1.0
user_1ec69f68dd57,user,12,lain,1.0
user_1ed52841631e,user,4,lain,2.0
user_1ed5d6424c9c,user,15,lain,1.0
user_1ed69b5c3d15,user,12,lain,1.0
user_1ee154c71f5a,user,2,lain,2.0
user_1ee308c9a97b,user,1,lain,1.0
user_1ee5cc1140dc,user,10,niat menonton,3.0
user_1efd7fd2e199,user,2,lain,1.0
user_1efea53ab36c,user,2,lain,1.0
user_1f09e14bef88,user,6,lain,1.0
user_1f0e2381d053,user,6,lain,1.0
user_1f2d97dce33a,user,6,lain,1.0
user_1f386f986486,user,16,takut (pujian?),1.0
user_1f3f73267ca9,user,8,lain,1.0
user_1f4c41ea8dae,user,14,takut (pujian?),1.0
user_1f600097739b,user,15,lain,1.0
user_1f6ed79ca0bb,user,11,lain,1.0
user_1f71cd28340f,user,14,lain,1.0
user_1f790b3c6551,user,13,lain,1.0
user_1f827c7e10a4,user,2,lain,1.0
user_1f8f0fbac86c,user,3,lain,1.0
user_1f922d8e68da,user,7,lain,1.0
user_1f9a447a3804,user,2,lain,1.0
user_1fa288b85f9f,user,14,lain,1.0
user_1fac80942d5a,user,4,lain,1.0
user_1fae474e0376,user,3,niat menonton,1.0
user_1fb51bd67bd1,user,3,niat menonton,1.0
user_1fb763327ac5,user,11,lain,1.0
user_1fbbf0632830,user,2,lain,2.0
user_1fc0587f6221,user,12,takut (pujian?),1.0
user_1fcd798af303,user,5,lain,1.0
user_1fdcbcbfb7c2,user,14,takut (pujian?),1.0
user_1fde2effbc1e,user,5,lain,1.0
user_1fe09528b1f3,user,1,lain,1.0
user_1feeaea9cb41,user,1,niat menonton,1.0
user_1ff5eb26a7da,user,3,niat menonton,1.0
user_201da8d431f5,user,8,niat menonton,1.0
user_202515c2489e,user,17,lain,2.0
user_2025940c6972,user,6,niat menonton,1.0
user_202a42e251be,user,8,lain,1.0
user_20306ea2b8c1,user,11,lain,1.0
user_2040de46225d,user,11,lain,1.0
user_2049598c02de,user,4,lain,1.0
user_204dddb30298,user,1,lain,1.0
user_205871c9a6ce,user,2,lain,1.0
user_206360ed0cfc,user,3,niat menonton,1.0
user_2077f73f8a86,user,1,lain,1.0
user_208d34381c01,user,5,lain,1.0
user_209c54c65343,user,2,lain,1.0
user_209c862ead4c,user,14,lain,1.0
user_20b9dbbb9aa2,user,5,lain,1.0
user_20dabe839ae5,user,11,takut (pujian?),1.0
user_20daef6ff1e1,user,3,lain,1.0
user_20db8418e4fe,user,7,lain,1.0
user_20de6dfe81c0,user,3,takut (pujian?),1.0
user_20e05c6f3169,user,12,lain,1.0
user_20e797c00d5b,user,5,lain,1.0
user_20f8ffa802a8,user,1,niat menonton,1.0
user_20fd437c43b9,user,10,lain,1.0
user_210666229931,user,11,lain,1.0
user_210791b92003,user,7,lain,1.0
user_210d7c9c734a,user,6,lain,1.0
user_210e080f85f4,user,3,lain,1.0
user_210f4f89f33d,user,4,lain,1.0
user_2112faf3334f,user,2,lain,1.0
user_2113e52da864,user,15,lain,1.0
user_211d9b9862c1,user,5,lain,1.0
user_2121ae85e958,user,6,takut (pujian?),1.0
user_2124ad412be9,user,1,niat menonton,1.0
user_2126fb9b2fad,user,4,lain,1.0
user_2127abdde86b,user,3,takut (pujian?),1.0
user_2140af8d88dc,user,4,takut (pujian?),1.0
user_21443ee8b9c6,user,3,lain,1.0
user_2145346b8fd9,user,13,lain,1.0
user_214a8da468d7,user,17,lain,1.0
user_214b351c8fe1,user,9,lain,2.0
user_215467f32864,user,5,lain,1.0
user_2156595b8370,user,2,lain,1.0
user_21693d22f06a,user,5,lain,1.0
user_217bc83613f7,user,1,lain,1.0
user_21a0bd1e9d2b,user,6,lain,1.0
user_21a95f4a0e9b,user,1,lain,1.0
user_21adc7b976ea,user,12,lain,1.0
user_21cfcbadc2dd,user,6,lain,1.0
user_21dbb53bd8c7,user,6,lain,1.0
user_21dcf068b873,user,5,takut (pujian?),1.0
user_21ec785a4be9,user,10,lain,1.0
user_21fc38ce4e81,user,11,lain,1.0
user_21ff3d2bdf5e,user,12,lain,5.0
user_220b90b3d169,user,6,niat menonton,1.0
user_221218d36d6a,user,2,lain,1.0
user_221cca5fccde,user,3,takut (pujian?),1.0
user_2223636afe46,user,13,lain,2.0
user_22279f9cb8de,user,1,takut (pujian?),1.0
user_225082212f3b,user,1,lain,1.0
user_22553112d948,user,9,lain,2.0
user_22553bcc0fec,user,3,lain,1.0
user_2261b1e6e020,user,1,lain,1.0
user_22628fcf8b2d,user,1,lain,1.0
user_2262a821d7c8,user,2,takut (pujian?),1.0
user_2263a02ea932,user,5,lain,1.0
user_2267aaf2ffb7,user,11,lain,1.0
user_226f42363ac7,user,4,takut (pujian?),1.0
user_228ae39a8abc,user,9,lain,1.0
user_228f73055a93,user,2,lain,1.0
user_2298e723a2e4,user,8,lain,1.0
user_22a1721ac7b5,user,2,lain,1.0
user_22a299f2a601,user,6,lain,1.0
user_22a9748ccc36,user,1,lain,1.0
user_22af2274a9f9,user,1,lain,1.0
user_22b0afcc0f20,user,2,lain,1.0
user_22bbc0529eec,user,2,lain,1.0
user_22bdf303a362,user,14,lain,1.0
user_22bfc6d85ac2,user,1,lain,1.0
user_22c323d65659,user,13,lain,1.0
user_22cd34f54bfa,user,1,lain,1.0
user_22d518bd1236,user,4,takut (pujian?),1.0
user_22d6be264ea8,user,10,lain,1.0
user_22df660cbd17,user,2,lain,1.0
user_22eb3dd7ecaa,user,3,lain,1.0
user_22fae21dfebe,user,3,lain,1.0
user_2309b274d971,user,15,lain,1.0
user_231510e9fbd5,user,2,lain,1.0
user_231d93ebd910,user,8,lain,1.0
user_2331bf4b5aca,user,11,lain,1.0
user_233cb5255463,user,11,lain,1.0
user_233cb7b6e55f,user,1,lain,1.0
user_234799ed61e3,user,15,lain,1.0
user_234c09427a5a,user,5,lain,1.0
user_2354292f3886,user,16,takut (pujian?),2.0
user_2355538de05d,user,7,lain,1.0
user_235fe1450be9,user,11,lain,2.0
user_23600dc30a4b,user,14,lain,1.0
user_2376d864b91b,user,5,lain,1.0
user_237d9f0b6a24,user,8,lain,1.0
user_238c32b503a6,user,11,lain,1.0
user_238c80df48e6,user,4,lain,1.0
user_238f41270e71,user,6,takut (pujian?),1.0
user_239232445e46,user,8,lain,1.0
user_23971e1414e0,user,11,lain,1.0
user_23a12a85cb2e,user,11,lain,1.0
user_23a78a61cf19,user,4,lain,1.0
user_23b0201f2cdb,user,1,lain,1.0
user_23b98e69c246,user,1,lain,1.0
user_23cb365d6de8,user,4,lain,1.0
user_23cbec7e92ca,user,10,lain,1.0
user_23d5057a8be6,user,6,lain,1.0
user_23d5271ce606,user,11,lain,1.0
user_23e40fa538cf,user,15,lain,1.0
user_23e9b44f4949,user,1,lain,1.0
user_23ed663069af,user,4,lain,1.0
user_23fcda6f1328,user,3,lain,1.0
user_24006aa7895f,user,16,niat menonton,1.0
user_240f68ad3db7,user,8,lain,1.0
user_2414fd3f7bc6,user,8,niat menonton,1.0
user_2419f2e2703d,user,1,niat menonton,1.0
user_242fe75111ff,user,8,lain,1.0
user_243685712d20,user,9,takut (pujian?),1.0
user_244b472dfbdc,user,1,lain,1.0
user_24524bf6784e,user,6,lain,1.0
user_2455bb89e7f6,user,1,lain,1.0
user_246838e9f8ff,user,4,niat menonton,1.0
user_24717cbd21c1,user,1,takut (pujian?),2.0
user_24838b605e8d,user,14,lain,1.0
user_24847cc802e1,user,4,lain,1.0
user_2494cc6ebe83,user,1,lain,1.0
user_249b5e1b0c35,user,2,lain,1.0
user_24a611eb3524,user,10,lain,2.0
user_24b9ced0916f,user,10,lain,1.0
user_24be3b72f686,user,2,lain,1.0
user_24be8216fc65,user,1,lain,1.0
user_24caeded9d84,user,7,lain,1.0
user_24d1098e4bc9,user,10,takut (pujian?),1.0
user_24d23ce02e31,user,3,niat menonton,1.0
user_24d5b8fedc0f,user,2,lain,1.0
user_24dcd0b3a4d4,user,1,lain,1.0
user_24e4925cc6c9,user,5,lain,1.0
user_24ea88be71a5,user,16,takut (pujian?),3.0
user_24ffaa3e716b,user,10,takut (pujian?),1.0
user_25229bb4bf58,user,1,niat menonton,1.0
user_2531c73fa323,user,16,lain,1.0
user_253774e28337,user,1,takut (pujian?),1.0
user_253aa360787b,user,5,lain,1.0
user_253d84c8e07a,user,2,lain,1.0
user_254e91393265,user,7,lain,1.0
user_2557032cca0f,user,1,lain,1.0
user_255d89d7e575,user,1,takut (pujian?),1.0
user_2562b6ea6aa4,user,9,lain,1.0
user_2578d624d4e9,user,10,lain,3.0
user_257c32c1046a,user,4,lain,1.0
user_257cc52d1ca8,user,6,lain,1.0
user_25892acfc0b5,user,2,lain,1.0
user_25918226a408,user,5,lain,1.0
user_25a1a5c51b72,user,13,niat menonton,1.0
user_25b5c10de5e4,user,4,lain,1.0
user_25ee0f20c570,user,6,lain,1.0
user_25f31acb466d,user,2,takut (pujian?),1.0
user_25f9611c4534,user,2,lain,1.0
user_2600fe994f81,user,13,lain,1.0
user_260187d217a1,user,1,lain,1.0
user_2605e216aaa4,user,2,lain,1.0
user_2608525e9816,user,2,takut (pujian?),1.0
user_2612dc3f9aff,user,1,lain,1.0
user_2621c7cc060e,user,14,lain,1.0
user_26249c2e496b,user,6,lain,1.0
user_263640bfcd53,user,1,lain,1.0
user_2636aadaeb1c,user,3,takut (pujian?),1.0
user_26385048d6c6,user,5,lain,1.0
user_263ac8debe39,user,14,lain,2.0
user_264496a88bb2,user,4,lain,1.0
user_265b30d36b23,user,13,lain,2.0
user_266206898745,user,5,takut (pujian?),1.0
user_266573683447,user,12,lain,1.0
user_26673e18aa46,user,3,lain,1.0
user_2668d6cb95c0,user,15,lain,1.0
user_266baec6b2f0,user,15,lain,1.0
user_266f2ce082be,user,4,lain,1.0
user_2679c934f8f3,user,9,lain,1.0
user_267f5c6339b7,user,7,lain,1.0
user_2684371daef8,user,2,lain,1.0
user_268a8e6a7e26,user,8,lain,1.0
user_2696fe18a34e,user,2,lain,1.0
user_26a9110bd546,user,2,lain,1.0
user_26ab7f6ce665,user,1,lain,1.0
user_26c723577cbf,user,3,lain,1.0
user_26d8e32e3e7e,user,1,lain,1.0
user_26dff564f17f,user,5,lain,1.0
user_2701f61f09d2,user,1,niat menonton,1.0
user_270c0d3db8fc,user,15,lain,1.0
user_270d05f6ff62,user,12,lain,1.0
user_270e8a0c0d10,user,3,lain,1.0
user_27227a67b51a,user,3,lain,1.0
user_2725d1ea2284,user,1,lain,1.0
user_27294413fec6,user,2,lain,1.0
user_2733dad47a21,user,10,lain,1.0
user_274093650f94,user,2,lain,1.0
user_276e278d3e2c,user,7,lain,1.0
user_2777f004f8ea,user,2,lain,1.0
user_2778a841ad51,user,7,lain,1.0
user_277c2b6c89cf,user,9,takut (pujian?),2.0
user_278aa809b2af,user,9,lain,1.0
user_279943e2834c,user,5,lain,1.0
user_27a653acbd3a,user,6,lain,1.0
user_27a65ac2a53b,user,1,lain,1.0
user_27b7c845c68d,user,1,lain,1.0
user_27bfe1289a48,user,10,lain,1.0
user_27cdf3b33a1b,user,5,lain,1.0
user_27ce960a41ed,user,5,lain,1.0
user_27ec8d3dcfb3,user,2,niat menonton,1.0
user_27ee50015eb1,user,15,lain,1.0
user_27fcf901f547,user,11,lain,1.0
user_280abeea3793,user,10,lain,1.0
user_280cc99cba4f,user,5,lain,1.0
user_280dbc06a8aa,user,1,lain,1.0
user_280ddb022b5e,user,8,lain,1.0
user_281d28015122,user,8,lain,1.0
user_2822181712df,user,8,takut (pujian?),1.0
user_282420020082,user,3,lain,1.0
user_2833d17816ea,user,2,takut (pujian?),1.0
user_283884825a8f,user,11,lain,2.0
user_2847e5ca41aa,user,12,lain,1.0
user_2852a63bf814,user,9,lain,2.0
user_28581b54820e,user,2,lain,1.0
user_285b428067e3,user,14,lain,1.0
user_285e433fa95d,user,3,lain,1.0
user_286a5567d54a,user,1,lain,1.0
user_286f34a2fbda,user,15,lain,1.0
user_286f90ef8078,user,8,lain,1.0
user_2885820e55af,user,3,lain,1.0
user_2885a2777bd1,user,15,lain,1.0
user_288717f8041a,user,7,lain,1.0
user_288817fe8ea1,user,13,lain,2.0
user_289ed14426d2,user,2,lain,1.0
user_28a2d249a9cb,user,12,lain,1.0
user_28a7b8fa0d2d,user,8,lain,1.0
user_28a7d4b7f93e,user,14,lain,1.0
user_28b812ff4d64,user,17,lain,1.0
user_28c454b96472,user,1,takut (pujian?),1.0
user_28cd1743087b,user,1,niat menonton,1.0
user_28d202d98d83,user,4,lain,1.0
user_28f235934001,user,13,lain,2.0
user_28ff56d61f29,user,10,lain,1.0
user_2905be65c788,user,4,lain,1.0
user_290a425f74a9,user,8,takut (pujian?),1.0
user_291142cef1b1,user,11,lain,1.0
user_291b831f676c,user,2,lain,1.0
user_292113a22830,user,3,lain,1.0
user_29243ae9b78e,user,8,niat menonton,1.0
user_29355f2e52be,user,14,takut (pujian?),2.0
user_2951750f388c,user,7,lain,1.0
user_295e2a596534,user,1,lain,1.0
user_296059d4328b,user,2,niat menonton,1.0
user_296125d4b9b9,user,12,lain,1.0
user_2965d66e7b99,user,2,lain,1.0
user_29667176603e,user,3,niat menonton,1.0
user_2966c6f2b189,user,5,lain,1.0
user_296987cfb014,user,3,lain,1.0
user_29727522ac71,user,15,lain,1.0
user_29731f5cd7de,user,4,takut (pujian?),1.0
user_2974e8825727,user,5,lain,1.0
user_2976a4857599,user,7,lain,1.0
user_2979d40266f6,user,1,lain,1.0
user_297e5366fb08,user,10,lain,1.0
user_298488c99acb,user,5,lain,1.0
user_2988f4723bf9,user,9,lain,1.0
user_298a830a2f3c,user,2,lain,1.0
user_298dd858893a,user,6,lain,1.0
user_298fd6e1bc19,user,1,lain,1.0
user_29914948860b,user,7,takut (pujian?),1.0
user_29935131795a,user,11,lain,1.0
user_2996a691f7bd,user,1,lain,1.0
user_299ba006bd03,user,14,lain,2.0
user_299e55bcde10,user,1,lain,1.0
user_29a22d339c04,user,5,lain,1.0
user_29a24159e6d8,user,11,lain,1.0
user_29ae681fec84,user,5,lain,1.0
user_29bd8dbace91,user,5,lain,1.0
user_29c32bf1414e,user,1,takut (pujian?),1.0
user_29c358a40ce2,user,2,niat menonton,1.0
user_29c3c498119a,user,13,lain,1.0
user_29dc15648fae,user,14,niat menonton,1.0
user_29e60fecc44b,user,1,lain,1.0
user_29e681aa453b,user,9,niat menonton,1.0
user_29e76af447cc,user,4,lain,1.0
user_29fd34eff804,user,5,lain,1.0
user_2a146af869b9,user,1,lain,1.0
user_2a16607dcbca,user,9,niat menonton,1.0
user_2a2dfb4d2416,user,8,lain,1.0
user_2a343bcb4a91,user,2,lain,1.0
user_2a344febda21,user,8,takut (pujian?),1.0
user_2a4aa1934fa0,user,1,lain,1.0
user_2a4ad3fca609,user,11,lain,1.0
user_2a5316a9707a,user,10,lain,1.0
user_2a72285e781c,user,3,niat menonton,1.0
user_2a76f92d0f1d,user,7,niat menonton,1.0
user_2a86303c5b0e,user,1,lain,1.0
user_2a93c010f7e9,user,1,lain,1.0
user_2a9bdc63bf84,user,4,takut (pujian?),1.0
user_2a9c299a0011,user,1,takut (pujian?),1.0
user_2aa26b3159fc,user,5,lain,1.0
user_2aa46a4d3b9b,user,3,takut (pujian?),1.0
user_2aa505d499a0,user,2,takut (pujian?),1.0
user_2ab7bc53cd14,user,1,lain,1.0
user_2abefee8c906,user,7,lain,1.0
user_2ac4dfe9a64f,user,3,lain,1.0
user_2aca54cbac46,user,6,niat menonton,1.0
user_2add77d2d1c4,user,14,takut (pujian?),1.0
user_2aeffd850056,user,2,lain,1.0
user_2af16f8e5043,user,1,lain,1.0
user_2af5c37a1a90,user,1,lain,1.0
user_2af76faa9a88,user,2,niat menonton,1.0
user_2afb0fed9be9,user,12,lain,1.0
user_2afd361fd42d,user,8,lain,1.0
user_2b03a0f85de3,user,7,takut (pujian?),1.0
user_2b15c90c8ae1,user,2,lain,1.0
user_2b176dfb2849,user,4,takut (pujian?),1.0
user_2b19efef06f0,user,7,takut (pujian?),1.0
user_2b3f369961d2,user,3,lain,1.0
user_2b4647b5b18a,user,1,niat menonton,1.0
user_2b4c18b9b2b7,user,6,takut (pujian?),1.0
user_2b5677f6fcc9,user,3,lain,1.0
user_2b5d1f583b73,user,1,lain,1.0
user_2b6c02e2d1d3,user,7,lain,1.0
user_2b7074261c0e,user,5,lain,1.0
user_2b83abb17809,user,12,lain,1.0
user_2b84e4da9791,user,1,lain,1.0
user_2b85d3b4dcbf,user,1,takut (pujian?),1.0
user_2b88883da8c1,user,3,niat menonton,1.0
user_2b8c2dc89402,user,17,lain,1.0
user_2b903451cb94,user,5,takut (pujian?),1.0
user_2b9f5712bb4a,user,8,lain,1.0
user_2ba4ff2c2151,user,12,takut (pujian?),1.0
user_2ba744aca006,user,17,takut (pujian?),1.0
user_2bbc222d8d6a,user,3,lain,1.0
user_2bc38591896e,user,13,lain,1.0
user_2be1089f1fd1,user,5,lain,1.0
user_2be3fbe47517,user,15,lain,1.0
user_2be634602c0b,user,13,niat menonton,1.0
user_2bf6df9fc5e3,user,15,lain,1.0
user_2c12fbb0201b,user,8,lain,1.0
user_2c2731e69960,user,12,lain,1.0
user_2c33bceea7b5,user,6,lain,1.0
user_2c432e415c6b,user,1,lain,1.0
user_2c44d2b30604,user,7,takut (pujian?),1.0
user_2c45fcf78a11,user,14,lain,1.0
user_2c487593b27c,user,3,lain,1.0
user_2c4b18175f30,user,8,lain,1.0
user_2c53009efac3,user,1,lain,1.0
user_2c53ae0ad445,user,15,lain,1.0
user_2c6d2c471262,user,1,lain,1.0
user_2c8a5b563a10,user,6,niat menonton,1.0
user_2c9bd3a96cb3,user,9,lain,1.0
user_2ca8116ac63b,user,3,lain,1.0
user_2caf3f244464,user,3,lain,2.0
user_2cafde53a902,user,11,lain,1.0
user_2ccc8e6ca85d,user,17,lain,1.0
user_2ccf2c0daacb,user,1,lain,1.0
user_2cd0098581cd,user,1,niat menonton,1.0
user_2ce14be17ea1,user,2,lain,1.0
user_2cea5f21f52f,user,7,lain,1.0
user_2d04381d90d1,user,12,lain,1.0
user_2d05e8e59257,user,4,lain,1.0
user_2d0d3b80d3af,user,1,lain,1.0
user_2d388e7af3b5,user,1,lain,1.0
user_2d42c80bee61,user,2,lain,1.0
user_2d4f2a099a15,user,1,niat menonton,1.0
user_2d562b79d91e,user,3,niat menonton,1.0
user_2d6aa69ce69b,user,13,lain,1.0
user_2d8af91106bc,user,5,lain,1.0
user_2d8c1df71ff1,user,11,lain,1.0
user_2d8f120d12f9,user,6,lain,1.0
user_2d90ea4952b8,user,2,lain,1.0
user_2d9e96ed983b,user,3,niat menonton,1.0
user_2dad5469c278,user,1,lain,1.0
user_2dba904289ca,user,5,lain,1.0
user_2dc6d211c3c9,user,1,lain,1.0
user_2ddcd5ac3326,user,5,lain,2.0
user_2de11b5cd142,user,8,lain,1.0
user_2e022ca22c25,user,8,lain,1.0
user_2e06cc00844a,user,7,lain,1.0
user_2e2d9dbdb804,user,5,lain,1.0
user_2e3af8eabe3c,user,2,lain,1.0
user_2e40a648fd76,user,2,lain,1.0
user_2e433f363d0f,user,11,lain,1.0
user_2e4c21574017,user,18,lain,1.0
Siccin 8,film,18,film,
user_2e53080e191a,user,11,lain,1.0
user_2e5354ded1c0,user,4,lain,1.0
user_2e59e452ef46,user,1,lain,1.0
user_2e5cd52a5f49,user,4,lain,1.0
user_2e5e5cd18e27,user,13,lain,1.0
user_2e6996411792,user,5,lain,1.0
user_2e6f4114311c,user,1,lain,1.0
user_2e70d741f503,user,1,lain,1.0
user_2e783b7ab65e,user,2,lain,1.0
user_2e7846db335d,user,2,lain,1.0
user_2eb4417d3137,user,1,lain,1.0
user_2ebd3063dba2,user,9,lain,2.0
user_2edb075dc6fd,user,4,lain,1.0
user_2ee19fe24bfc,user,13,lain,1.0
user_2ee64037edf7,user,3,takut (pujian?),1.0
user_2eef54aab3a1,user,1,lain,1.0
user_2ef0b4416c6e,user,12,lain,1.0
user_2ef3a230ba94,user,1,lain,1.0
user_2ef3a60610b0,user,14,lain,1.0
user_2eff611461e2,user,1,lain,1.0
user_2f1675cc7a61,user,1,takut (pujian?),1.0
user_2f1b3ff78baa,user,2,lain,1.0
user_2f325f14d547,user,4,lain,1.0
user_2f32c11deb83,user,17,lain,1.0
user_2f3570472865,user,10,lain,1.0
user_2f4c8a845d01,user,9,lain,1.0
user_2f529000a074,user,5,lain,1.0
user_2f5c6b5ea324,user,6,lain,1.0
user_2f727141fe5d,user,1,lain,1.0
user_2f7b5b3c37c8,user,12,lain,1.0
user_2f8376a69e3e,user,1,lain,1.0
user_2f8ae744a794,user,2,lain,1.0
user_2f9b63828ec6,user,2,lain,1.0
user_2fa85f2d427f,user,1,niat menonton,1.0
user_2fa9ce65dbd6,user,1,lain,1.0
user_2fbac9dd999e,user,2,lain,1.0
user_2fc5a35b4a0d,user,5,lain,1.0
user_2fc8cbd70d31,user,7,takut (pujian?),1.0
user_2fcb2962533d,user,4,lain,1.0
user_2fcfb61cf29d,user,6,lain,1.0
user_2fd37c0558e9,user,12,takut (pujian?),1.0
user_2ff0042b6057,user,9,takut (pujian?),1.0
user_2ff445027d64,user,14,lain,3.0
user_2ff9b92dd5bb,user,2,takut (pujian?),1.0
user_2ffc5cf0a793,user,3,takut (pujian?),1.0
user_301e8b247db5,user,6,lain,1.0
user_303f247651d6,user,6,takut (pujian?),1.0
user_306c840a807f,user,1,niat menonton,1.0
user_3075f9c639f6,user,2,lain,1.0
user_307e25af3794,user,5,lain,1.0
user_3092a92b0499,user,3,lain,1.0
user_30944f9ea2af,user,1,lain,1.0
user_309b0c32dd4f,user,3,lain,1.0
user_30a3f8fd50ea,user,6,niat menonton,1.0
user_30a6b2e94a16,user,4,takut (pujian?),1.0
user_30a7fc3cc9fe,user,1,takut (pujian?),1.0
user_30b8de4d925c,user,1,lain,1.0
user_30dc86fcb57e,user,7,lain,1.0
user_30e2cf07341a,user,8,lain,1.0
user_30ea65b34bae,user,13,lain,1.0
user_30ed54cd1b0e,user,14,lain,1.0
user_30f3dc568142,user,1,lain,1.0
user_30f82dfc5d89,user,10,lain,1.0
user_3103bb0bccb9,user,1,lain,1.0
user_3104d590b8f0,user,1,niat menonton,1.0
user_31062afcc3be,user,13,lain,1.0
user_3107ce868935,user,2,lain,1.0
user_311317124c4b,user,8,lain,1.0
user_311764ec8d75,user,5,lain,1.0
user_31224cbd6b8b,user,6,lain,1.0
user_313e34f6652a,user,10,takut (pujian?),1.0
user_315957e18051,user,18,lain,1.0
user_315be2f03974,user,6,takut (pujian?),1.0
user_316b077a0a87,user,7,lain,1.0
user_316d7d93031d,user,8,niat menonton,1.0
user_3173ea04d6f3,user,1,takut (pujian?),1.0
user_317e70e198ee,user,6,lain,1.0
user_318824ef3480,user,3,lain,1.0
user_318b502dba70,user,9,lain,1.0
user_319a05cbd3c0,user,2,lain,1.0
user_31a0d4a57f27,user,10,lain,1.0
user_31aa6c035cb1,user,1,lain,1.0
user_31e23df10027,user,1,niat menonton,1.0
user_31e2eb643ebc,user,6,takut (pujian?),1.0
user_31e5a699f008,user,9,lain,1.0
user_32039493556d,user,1,takut (pujian?),1.0
user_32209fb301d4,user,2,lain,1.0
user_3232e07681cd,user,1,lain,1.0
user_32368a2da455,user,9,lain,1.0
user_323785f66edb,user,3,lain,1.0
user_323d78390de8,user,3,lain,1.0
user_32468a7f19b7,user,2,niat menonton,2.0
user_3250b404a72d,user,3,lain,1.0
user_325d74a66945,user,1,takut (pujian?),1.0
user_3268bc07be3b,user,8,lain,2.0
user_326ca355c97f,user,1,niat menonton,1.0
user_326f9b9aaccd,user,18,lain,1.0
user_32713c139d45,user,17,lain,1.0
user_3273235c76e5,user,6,lain,1.0
user_328021a49a4d,user,13,niat menonton,1.0
user_32820c506109,user,2,lain,1.0
user_3296d9c642ac,user,13,lain,1.0
user_32a725e047fb,user,2,lain,1.0
user_32a8606b5ee2,user,7,takut (pujian?),1.0
user_32a9c425baa9,user,7,lain,1.0
user_32b2784a585a,user,2,lain,1.0
user_32bce6d39baf,user,8,niat menonton,1.0
user_32c6b18a8ba9,user,4,lain,1.0
user_32d46507bc11,user,1,lain,1.0
user_32d8d492efa8,user,8,lain,1.0
user_32d981ea7ede,user,7,lain,1.0
user_32e05ad3ac79,user,7,lain,1.0
user_32e551bce29c,user,1,niat menonton,1.0
user_32f96f6f957b,user,18,lain,1.0
user_32fce1551593,user,2,lain,1.0
user_32fe3c212b8f,user,2,lain,1.0
user_33198e34ea2a,user,5,lain,1.0
user_3328e96b86fa,user,10,lain,1.0
user_332a07a3ac78,user,2,lain,1.0
user_333923ad67c5,user,1,lain,1.0
user_33399c7cfb0d,user,12,lain,2.0
user_334437188f6e,user,5,lain,1.0
user_334e355df96a,user,12,lain,1.0
user_33553a07ff98,user,3,lain,1.0
user_3359954fc4c9,user,5,lain,1.0
user_3364dc3199d3,user,6,lain,1.0
user_3368f9f0279f,user,13,lain,1.0
user_3369eac65f77,user,13,lain,1.0
user_3372f980ab55,user,1,lain,1.0
user_3374acfb3157,user,9,lain,1.0
user_338162439bc6,user,1,lain,1.0
user_33853a359de0,user,4,lain,1.0
user_3397a9dd06b7,user,3,takut (pujian?),1.0
user_33a0d10e488e,user,2,lain,1.0
user_33aa0d68754e,user,7,lain,1.0
user_33ac4b874728,user,1,lain,1.0
user_33b0320b852a,user,8,lain,1.0
user_33bb39de8980,user,16,lain,1.0
user_33bbf1f136ac,user,4,lain,1.0
user_33bdb28c6b82,user,8,lain,1.0
user_33c0c0864895,user,11,takut (pujian?),1.0
user_33c5ca667ae4,user,4,lain,1.0
user_33c740fec504,user,18,lain,1.0
user_33d106737de5,user,8,lain,1.0
user_33e0d1066ac0,user,3,niat menonton,1.0
user_33e7bf7e25d0,user,14,lain,1.0
user_33eee11c8f46,user,1,takut (pujian?),1.0
user_33f21a7f61cf,user,1,lain,1.0
user_33f3f49d7b70,user,3,takut (pujian?),1.0
user_340723e15819,user,1,takut (pujian?),1.0
user_34098c7004c2,user,2,lain,1.0
user_341604deceff,user,16,niat menonton,1.0
user_341e4a0677df,user,2,lain,1.0
user_3421375f6fee,user,13,lain,1.0
user_34271570e545,user,1,niat menonton,1.0
user_34341597c523,user,1,niat menonton,3.0
user_3434427b7b9d,user,10,lain,1.0
user_343c88c7b066,user,7,lain,1.0
user_343e9a850328,user,8,lain,1.0
user_345c8395b713,user,1,lain,1.0
user_3466062a8299,user,3,lain,1.0
user_3476cecad98d,user,6,lain,1.0
user_347d31bf7a1c,user,2,lain,1.0
user_3487351b32ca,user,11,lain,1.0
user_348aba16931e,user,4,lain,1.0
user_349b042e8768,user,11,lain,1.0
user_34b16a8b8b9c,user,4,lain,1.0
user_34c011286eba,user,7,lain,1.0
user_34c543fba7ff,user,13,lain,1.0
user_34d5d4b73ab8,user,17,lain,1.0
user_34e109ca15d1,user,10,takut (pujian?),2.0
user_34e1172c7fc7,user,6,takut (pujian?),1.0
user_34e89c94147d,user,8,takut (pujian?),1.0
user_34ed84b493bb,user,2,niat menonton,1.0
user_34f5d77a261b,user,2,takut (pujian?),1.0
user_3500ae56a44f,user,1,niat menonton,1.0
user_3504ff9eb92f,user,1,lain,1.0
user_350c61845947,user,7,lain,1.0
user_351d867186ba,user,16,lain,1.0
user_351dd503716f,user,5,lain,1.0
user_3528aad4a23a,user,9,lain,1.0
user_352b49a92671,user,11,lain,1.0
user_3534517d3c66,user,4,lain,5.0
user_353686789a3f,user,1,lain,2.0
user_353a3c5cd620,user,4,lain,1.0
user_353df9f28a73,user,9,lain,1.0
user_3544ecd1368c,user,15,lain,1.0
user_35461564ccbc,user,4,niat menonton,1.0
user_354c29266138,user,4,lain,1.0
user_354ec9b7231e,user,6,takut (pujian?),1.0
user_354f50cd69f4,user,3,lain,2.0
user_35563702c610,user,9,lain,1.0
user_3558c2603773,user,3,lain,1.0
user_355feea19879,user,3,lain,1.0
user_3562e3316683,user,3,lain,1.0
user_3563503a33ea,user,9,takut (pujian?),1.0
user_356ed6461227,user,14,lain,1.0
user_35720357d023,user,6,lain,1.0
user_3573e2d6fa6b,user,5,takut (pujian?),1.0
user_3576dc7722c4,user,2,lain,1.0
user_3578c5280961,user,1,lain,3.0
user_357caa3a1010,user,13,lain,1.0
user_357d84a3de65,user,10,lain,1.0
user_358b997d749d,user,6,lain,1.0
user_35967f2dc41a,user,1,lain,1.0
user_359f65472069,user,1,niat menonton,1.0
user_359fb76c6927,user,2,lain,1.0
user_35b0f52c8679,user,5,takut (pujian?),1.0
user_35ba0a49b28a,user,8,lain,1.0
user_35c146306578,user,2,lain,1.0
user_35deafefab49,user,1,lain,1.0
user_35dfbf6028a2,user,12,lain,1.0
user_35ec6ea93fcf,user,2,lain,1.0
user_35ecc0397776,user,15,lain,1.0
user_35f3508f05b3,user,9,lain,1.0
user_35fa37f13bfa,user,16,lain,1.0
user_3609afe16c83,user,8,lain,1.0
user_360a668cf3e7,user,1,lain,1.0
user_360efe741056,user,2,lain,1.0
user_360f763546cc,user,13,lain,1.0
user_361dfd7d4633,user,4,lain,1.0
user_3627cbc83c66,user,2,lain,1.0
user_362c01cccac9,user,5,takut (pujian?),1.0
user_36429a9e5ed8,user,10,lain,1.0
user_36450be0f335,user,5,lain,1.0
user_36542191124c,user,4,lain,1.0
user_3656a0953356,user,14,takut (pujian?),1.0
user_366d14dbb551,user,2,lain,1.0
user_367aa95b6f59,user,12,takut (pujian?),1.0
user_367b41dc9e2d,user,2,lain,1.0
user_367ed82e20f2,user,5,lain,1.0
user_368299dd369d,user,15,lain,1.0
user_368ea3a2aa9a,user,8,takut (pujian?),1.0
user_3693aa82f7e5,user,4,lain,1.0
user_36976da9ecc5,user,1,niat menonton,1.0
user_36a484151d2f,user,4,lain,1.0
user_36b8a485014b,user,16,lain,1.0
user_36c59a9a6c69,user,16,lain,1.0
user_36ce9b3b809e,user,11,lain,1.0
user_36db8f099a58,user,1,niat menonton,1.0
user_36e0447c6a54,user,5,lain,1.0
user_36e2ff55ce24,user,1,takut (pujian?),1.0
user_36e938205319,user,1,niat menonton,1.0
user_36f4ff164b9e,user,2,lain,1.0
user_36f844f1905a,user,5,lain,1.0
user_36f957bd90de,user,1,lain,1.0
user_36febe43adcc,user,17,lain,1.0
user_37051d49383e,user,15,lain,1.0
user_3706ea664a2c,user,11,lain,1.0
user_372255fd9d18,user,4,lain,1.0
user_3724b8c6840b,user,2,lain,1.0
user_372f1f617bc1,user,1,lain,1.0
user_3732b28cdfcc,user,2,lain,1.0
user_3736a30dccfb,user,13,lain,1.0
user_374249693d03,user,10,takut (pujian?),1.0
user_374600901954,user,1,lain,1.0
user_3747a4a831bc,user,3,lain,1.0
user_374bdb6ac48c,user,13,lain,1.0
user_374f550d4566,user,8,lain,1.0
user_3751df822d89,user,9,lain,3.0
user_3753950e4a38,user,13,lain,3.0
user_37560b340929,user,7,lain,1.0
user_37647af01d52,user,2,lain,1.0
user_376942d244a2,user,11,lain,1.0
user_3770abf9df08,user,10,lain,1.0
user_3773732c8e87,user,4,takut (pujian?),1.0
user_3779c552a826,user,3,lain,1.0
user_3781bee5a773,user,11,lain,1.0
user_37a26a6e1dba,user,1,niat menonton,1.0
user_37a5227c5a13,user,9,takut (pujian?),1.0
user_37a614cbd6aa,user,8,lain,1.0
user_37a6f315cbad,user,5,lain,1.0
user_37ac4acea190,user,1,lain,1.0
user_37aef45e0b35,user,3,lain,4.0
user_37b9442b5105,user,15,lain,1.0
user_37ca7a0cf1d2,user,8,lain,1.0
user_37d7d6cedd77,user,2,lain,1.0
user_37d7d845c073,user,2,lain,1.0
user_37eb6c095ed9,user,7,lain,1.0
user_37ece19d975b,user,4,takut (pujian?),1.0
user_37ef238b89ea,user,2,lain,1.0
user_37f27b208c44,user,15,lain,1.0
user_38099d3b9285,user,8,lain,1.0
user_380b8692b160,user,15,lain,4.0
user_3817d914bc46,user,3,niat menonton,1.0
user_38193ed472a5,user,11,lain,1.0
user_381bb5e3e272,user,9,lain,1.0
user_381f4b776f63,user,11,lain,1.0
user_382113aacc6c,user,8,lain,1.0
user_3822e9e0006d,user,5,lain,1.0
user_382365d70ed7,user,2,takut (pujian?),1.0
user_3828389fbfe6,user,8,lain,1.0
user_382ae79b7798,user,11,lain,1.0
user_38379720c407,user,1,lain,1.0
user_3846ba7110c4,user,14,lain,3.0
user_38518b7c1ec1,user,2,niat menonton,2.0
user_3853994cc08a,user,1,lain,1.0
user_38564a1e943c,user,1,takut (pujian?),1.0
user_386ce96ef47a,user,3,lain,1.0
user_3871bd13c0b1,user,3,lain,1.0
user_3886562d848c,user,8,lain,1.0
user_38964de30b5d,user,1,lain,1.0
user_389a19420b36,user,11,lain,1.0
user_38b5dfa762e9,user,2,lain,1.0
user_38b911fb29ed,user,2,lain,1.0
user_38bf73dc9662,user,15,lain,1.0
user_38c15a91ec81,user,15,lain,1.0
user_38d366005e1d,user,16,lain,1.0
user_38dbdca74e42,user,1,lain,3.0
user_38f0b4cf61bf,user,6,lain,1.0
user_38f53311cf00,user,13,lain,2.0
user_38fb02642b25,user,11,lain,3.0
user_38ff2c1d7433,user,1,lain,1.0
user_3908ff562897,user,18,niat menonton,1.0
user_3909d1ebdaf4,user,1,lain,1.0
user_391207cbc014,user,2,lain,1.0
user_39152104f206,user,9,takut (pujian?),1.0
user_391616fe4c75,user,4,niat menonton,1.0
user_3939e5382220,user,10,takut (pujian?),1.0
user_393a8f34a353,user,10,lain,1.0
user_394943635ab0,user,14,lain,2.0
user_394d2b2d85f1,user,8,lain,1.0
user_395d91544340,user,12,lain,1.0
user_397621070d8b,user,3,lain,1.0
user_3976e9c45be9,user,9,takut (pujian?),1.0
user_397c988b53d8,user,2,lain,1.0
user_397cae5a574b,user,14,lain,2.0
user_399de7c28985,user,5,niat menonton,2.0
user_39a74aaebd48,user,16,lain,1.0
user_39aaa2bd69ed,user,5,lain,1.0
user_39b85a094d42,user,3,lain,1.0
user_39c7d6d317e9,user,9,lain,1.0
user_39d5581b7826,user,7,lain,1.0
user_39eaf2358fad,user,1,lain,1.0
user_39f6a2cb639f,user,10,lain,1.0
user_3a0c2e8a1c96,user,8,lain,2.0
user_3a10dd9e883d,user,8,lain,1.0
user_3a1194894552,user,1,lain,1.0
user_3a136a8fbf0b,user,5,lain,1.0
user_3a1c5bd4061c,user,16,lain,1.0
user_3a22cd8aaf66,user,9,lain,1.0
user_3a24c0f256f7,user,9,lain,3.0
user_3a2731a54a4f,user,2,lain,1.0
user_3a288f5a7e3f,user,6,takut (pujian?),1.0
user_3a2fb15cd5f4,user,8,lain,1.0
user_3a36b3805205,user,8,lain,1.0
user_3a3cce7ea60b,user,2,lain,1.0
user_3a3dff933684,user,3,lain,2.0
user_3a3ebc973dbb,user,10,lain,1.0
user_3a407fac332c,user,10,lain,1.0
user_3a503ef4f7ac,user,3,lain,1.0
user_3a688d0118b6,user,2,lain,1.0
user_3a708c668f1a,user,1,lain,1.0
user_3a730ecce661,user,2,takut (pujian?),2.0
user_3a73ccfe40ea,user,3,lain,1.0
user_3a759de95d7b,user,9,lain,1.0
user_3a8b380d2bba,user,2,lain,1.0
user_3a9030c9fb42,user,10,lain,1.0
user_3aa6c0347b6b,user,17,lain,1.0
user_3aaaac8d53f7,user,1,lain,1.0
user_3aafa5877126,user,3,lain,1.0
user_3ab19f710ef1,user,5,lain,1.0
user_3ab775390c75,user,13,lain,1.0
user_3ab8c4aad88c,user,8,takut (pujian?),1.0
user_3abe08bc3a99,user,2,niat menonton,1.0
user_3abf69da61d7,user,4,lain,2.0
user_3ac6f23b70c9,user,8,lain,1.0
user_3ac9dea17464,user,8,niat menonton,1.0
user_3acc97b61833,user,9,lain,1.0
user_3ade30c95b4d,user,6,takut (pujian?),1.0
user_3ae2a3ac3838,user,5,lain,1.0
user_3ae8c00e0263,user,1,niat menonton,1.0
user_3afe585d8adc,user,9,lain,1.0
user_3b0dd9a74854,user,1,takut (pujian?),1.0
user_3b11a1191ac2,user,14,lain,1.0
user_3b177114eb49,user,2,lain,1.0
user_3b1dab3b891c,user,9,lain,1.0
user_3b400f8fd48b,user,10,lain,1.0
user_3b4cad736d90,user,1,lain,1.0
user_3b5660a4252d,user,1,lain,1.0
user_3b56b4998db8,user,11,lain,1.0
user_3b70475315f2,user,8,lain,1.0
user_3b7a67ed247d,user,8,niat menonton,1.0
user_3b7ac7280893,user,4,lain,1.0
user_3b89c47f3bba,user,4,lain,1.0
user_3b8d3053c046,user,2,lain,1.0
user_3ba79b834577,user,9,lain,1.0
user_3bb6d0dbcda3,user,2,lain,1.0
user_3bbf4129914b,user,11,lain,1.0
user_3bd5650098a8,user,1,lain,1.0
user_3bdcf48f557a,user,1,lain,1.0
user_3bde357cc47e,user,2,lain,1.0
user_3be6842634ff,user,15,lain,1.0
user_3bec9023a9e1,user,10,lain,1.0
user_3bef2ab9d018,user,2,lain,1.0
user_3bf0c7934390,user,12,lain,1.0
user_3bf335d17fc5,user,1,takut (pujian?),1.0
user_3bf46c8a9ff9,user,1,takut (pujian?),1.0
user_3bf63f42610c,user,4,lain,1.0
user_3c0181ac8ddf,user,6,lain,1.0
user_3c022d406388,user,12,lain,1.0
user_3c05f0a5677a,user,13,takut (pujian?),1.0
user_3c0cfb5830c1,user,2,lain,1.0
user_3c0fb3920e68,user,2,takut (pujian?),1.0
user_3c1530c73430,user,2,lain,1.0
user_3c155927dc32,user,3,lain,1.0
user_3c16f00dbf20,user,11,lain,1.0
user_3c195ceb0b5b,user,11,lain,1.0
user_3c2604478ee8,user,3,lain,1.0
user_3c3ca2fd1a5e,user,7,takut (pujian?),1.0
user_3c45e9c9cebc,user,5,niat menonton,1.0
user_3c57734a1285,user,4,takut (pujian?),1.0
user_3c594debb578,user,7,lain,1.0
user_3c6504001698,user,6,lain,3.0
user_3c677618dcaf,user,1,lain,1.0
user_3c684a8e727f,user,2,lain,1.0
user_3c6ee12e56bd,user,1,lain,1.0
user_3c88a7f7a487,user,1,lain,1.0
user_3c89a25a6a45,user,3,takut (pujian?),1.0
user_3c9305c6af05,user,8,lain,1.0
user_3ca0e819507f,user,1,niat menonton,1.0
user_3ca35991d599,user,5,lain,1.0
user_3ca5f0ba2a07,user,1,niat menonton,1.0
user_3ca615c1757d,user,2,lain,1.0
user_3ca82c19816c,user,2,takut (pujian?),1.0
user_3ca8bfd57bb6,user,1,lain,1.0
user_3ca9f285c81c,user,8,takut (pujian?),1.0
user_3cabc49400bf,user,3,lain,1.0
user_3cae817585b4,user,1,lain,1.0
user_3cb2fc942539,user,8,lain,1.0
user_3cb3386f7264,user,4,lain,1.0
user_3cb40073793c,user,4,lain,1.0
user_3cc30634196f,user,12,niat menonton,1.0
user_3cd2b5b4bc3b,user,6,lain,1.0
user_3ce71860a022,user,7,lain,1.0
user_3ced251cda91,user,3,lain,1.0
user_3cf148381840,user,11,lain,1.0
user_3cfa331865ee,user,18,lain,1.0
user_3d0486662041,user,1,lain,1.0
user_3d0589ea484f,user,3,lain,1.0
user_3d0b2537a856,user,11,lain,1.0
user_3d0c5f4ead83,user,8,lain,1.0
user_3d320d04b6bf,user,12,lain,1.0
user_3d4b40fbae4e,user,5,lain,1.0
user_3d4b8e87b2ae,user,2,lain,1.0
user_3d5a635263f1,user,9,lain,1.0
user_3d686f4c641b,user,2,lain,1.0
user_3d692a580a75,user,2,lain,1.0
user_3d71c884a229,user,2,lain,1.0
user_3d75554148f1,user,5,lain,1.0
user_3d8578258559,user,9,lain,1.0
user_3d8c0a3f1563,user,16,lain,1.0
user_3d8db1be195b,user,4,lain,1.0
user_3d97515f1a50,user,5,lain,1.0
user_3db2fa648de2,user,7,lain,1.0
user_3dbb0a1f82da,user,12,lain,1.0
user_3dc66560d019,user,9,lain,2.0
user_3dd4d8ee08bd,user,15,lain,1.0
user_3dddc3fcbdff,user,13,lain,1.0
user_3df481ffdb2e,user,10,lain,1.0
user_3df696ccadd2,user,2,lain,1.0
user_3df744cd8027,user,4,lain,1.0
user_3df745c81a8d,user,14,lain,1.0
user_3e0a805f9a13,user,1,takut (pujian?),1.0
user_3e13f2947a4c,user,12,lain,1.0
user_3e151c86e70d,user,2,lain,1.0
user_3e26530d3499,user,8,lain,1.0
user_3e2e1e2773b9,user,8,lain,1.0
user_3e38603b4097,user,11,lain,1.0
user_3e3c61641ac1,user,1,lain,1.0
user_3e4ea709eacd,user,14,lain,1.0
user_3e767ca891a0,user,3,lain,1.0
user_3e771afb90e9,user,4,takut (pujian?),1.0
user_3ea9de5deb0e,user,4,lain,1.0
user_3eaac571501b,user,6,lain,1.0
user_3ebfd59fa254,user,5,lain,1.0
user_3ec2f7c26dea,user,1,niat menonton,2.0
user_3ece0e5dd926,user,10,lain,1.0
user_3ed32944d987,user,12,takut (pujian?),3.0
user_3edf03cfd900,user,1,takut (pujian?),1.0
user_3ee696a20a15,user,15,lain,1.0
user_3eebf3bcd734,user,3,lain,1.0
user_3ef011993335,user,11,lain,1.0
user_3ef575e6d8d3,user,3,lain,1.0
user_3ef7196e0a49,user,1,lain,1.0
user_3efbb6d7b2b7,user,3,lain,1.0
user_3f01cfe70091,user,8,niat menonton,1.0
user_3f0e60f65840,user,6,niat menonton,1.0
user_3f1e4f6c5a91,user,1,lain,1.0
user_3f3c91f15f63,user,1,lain,1.0
user_3f445ce49eca,user,9,niat menonton,1.0
user_3f4d11524906,user,3,lain,1.0
user_3f57151df775,user,10,lain,1.0
user_3f689281827f,user,10,lain,1.0
user_3f6e0ec98e38,user,8,lain,1.0
user_3f8eff816ed7,user,5,lain,1.0
user_3fbc583a9b70,user,2,lain,1.0
user_3fca09859845,user,4,lain,1.0
user_3fdcc6eaacf0,user,9,lain,1.0
user_3fe5746c50f9,user,10,lain,1.0
user_3fe8212a653c,user,1,lain,2.0
user_3fea306a450f,user,1,lain,1.0
user_3ffa837555e5,user,12,lain,1.0
user_3fff3cc74917,user,16,lain,1.0
user_4012bc2478e8,user,2,lain,1.0
user_401fc067a2a5,user,2,lain,1.0
user_402ad10a70c7,user,7,lain,1.0
user_40304ce93ba3,user,4,lain,1.0
user_4030cc1b1a81,user,15,lain,1.0
user_404268ed07f6,user,16,takut (pujian?),1.0
user_404d0dd8628c,user,2,niat menonton,1.0
user_40505a84de4f,user,10,lain,1.0
user_405af08fd711,user,2,lain,1.0
user_405c81763c2b,user,4,takut (pujian?),1.0
user_40659b8f3508,user,4,lain,2.0
user_4066514bd3d3,user,4,niat menonton,1.0
user_407073280c86,user,6,niat menonton,1.0
user_4070fc277475,user,1,takut (pujian?),1.0
user_4072b2737fff,user,3,lain,1.0
user_4086a75a005c,user,15,lain,1.0
user_40873821fe2b,user,1,lain,1.0
user_40942dc50641,user,1,lain,1.0
user_409c9a9bbc2f,user,9,lain,1.0
user_40a5a853ec8b,user,1,lain,1.0
user_40b5c17fa824,user,11,lain,1.0
user_40b79b25ef13,user,8,lain,1.0
user_40bb9f64f84f,user,5,lain,1.0
user_40bdb97a66e1,user,8,takut (pujian?),1.0
user_40c073fbdd84,user,2,lain,1.0
user_40c42fd98fc6,user,9,takut (pujian?),1.0
user_40d27c594251,user,1,lain,1.0
user_40d4d8bde0cb,user,8,lain,1.0
user_40df7faaa42d,user,3,takut (pujian?),1.0
user_40dfb754f50e,user,15,lain,1.0
user_40e3cebf2b87,user,8,takut (pujian?),1.0
user_40e708e2f8dd,user,6,lain,2.0
user_40eb98958af8,user,2,lain,1.0
user_40edffb608f1,user,1,lain,1.0
user_40f00feae546,user,1,lain,1.0
user_40f179437024,user,9,lain,1.0
user_40f354d129bf,user,6,lain,1.0
user_40f9877ae3bd,user,1,lain,1.0
user_410a56f27b2b,user,3,lain,1.0
user_410b37af31e1,user,7,lain,1.0
user_410cfdeb146f,user,2,niat menonton,1.0
user_4113f4c83cf5,user,13,lain,2.0
user_4114cc04a4f6,user,2,lain,1.0
user_4114f2cf4682,user,3,lain,2.0
user_412d0e1bc116,user,5,lain,1.0
user_4133464b6f40,user,3,lain,1.0
user_413c0e4c3393,user,7,lain,1.0
user_4141240917f8,user,8,takut (pujian?),2.0
user_4149771a3cc5,user,2,lain,1.0
user_41636003930f,user,5,lain,1.0
user_416cdba1d2eb,user,9,lain,1.0
user_4174062e8a23,user,11,lain,1.0
user_418187573fc0,user,4,lain,1.0
user_4183f8dff7d4,user,12,lain,1.0
user_418b83cf74cd,user,1,lain,1.0
user_41a1ddccb460,user,4,lain,1.0
user_41aa0db7423d,user,5,lain,1.0
user_41ad4904548a,user,1,takut (pujian?),1.0
user_41ae64955cbd,user,14,lain,2.0
user_41b7f968c41b,user,9,takut (pujian?),1.0
user_41bfe331e97f,user,7,lain,1.0
user_41cc6259ef60,user,2,lain,1.0
user_41da2f6bd610,user,7,lain,1.0
user_41e157dd18a5,user,16,lain,1.0
user_41e2bf35fdaa,user,3,takut (pujian?),1.0
user_41ead3ec41ad,user,7,lain,1.0
user_41eb0e2139e2,user,16,lain,1.0
user_41f50f68c43e,user,12,lain,1.0
user_420746dfe39f,user,4,lain,9.0
user_4213a5e2b4e8,user,5,lain,3.0
user_4216ceb60eb1,user,1,niat menonton,1.0
user_421cce5bca53,user,11,lain,1.0
user_421e1e2dcf31,user,2,lain,1.0
user_4226a463a87f,user,4,lain,1.0
user_422743546d03,user,5,lain,1.0
user_42283c620ed3,user,1,lain,1.0
user_4235b4537051,user,10,lain,1.0
user_4251bc05712f,user,1,niat menonton,1.0
user_4256ceb730da,user,12,lain,1.0
user_425722958867,user,2,takut (pujian?),1.0
user_4257b25be9ca,user,5,lain,1.0
user_425f3e21cfcd,user,5,lain,1.0
user_425fcab04ba2,user,3,lain,1.0
user_4266a0490d46,user,1,lain,1.0
user_426fa0e18daf,user,10,lain,1.0
user_427289b0b051,user,8,lain,1.0
user_427f25d47cda,user,5,takut (pujian?),1.0
user_428ca6417dbb,user,1,takut (pujian?),1.0
user_428dbe911283,user,1,lain,1.0
user_4293508a4cc0,user,6,lain,1.0
user_42bd8eaa0f57,user,5,lain,1.0
user_42bf51d19613,user,3,lain,1.0
user_42c1574334b6,user,5,lain,1.0
user_42c5d4ecfdc6,user,15,lain,1.0
user_42c9008cc25d,user,1,lain,1.0
user_42d4ea1da958,user,2,lain,1.0
user_42ed71369996,user,6,lain,1.0
user_42ee7d2ebd41,user,8,lain,1.0
user_42f5cde379b2,user,8,lain,1.0
user_42fcd30f1134,user,6,lain,1.0
user_42fe58881d29,user,5,lain,1.0
user_42fef9ca34df,user,1,lain,1.0
user_43008d8853a0,user,16,lain,1.0
user_4309376ddb66,user,2,lain,2.0
user_43140224940a,user,15,lain,1.0
user_43168a51339e,user,1,lain,1.0
user_43240a9afa36,user,1,lain,1.0
user_43441937c794,user,4,lain,1.0
user_435dcd40dc0f,user,4,lain,1.0
user_436cf87029c7,user,15,lain,1.0
user_43702d7a41ae,user,6,takut (pujian?),1.0
user_4379a6b2c7b2,user,7,lain,1.0
user_43849f2a63f9,user,12,lain,1.0
user_438b608e5959,user,5,lain,1.0
user_4391c27653c6,user,8,lain,1.0
user_439e8ae59621,user,9,lain,1.0
user_43b31201f523,user,12,lain,1.0
user_43d0931a47df,user,15,lain,2.0
user_43d0cd7c13b9,user,1,lain,1.0
user_43e53ffacb47,user,7,lain,1.0
user_43f7169488ce,user,16,lain,1.0
user_43f8337e5a6d,user,9,takut (pujian?),1.0
user_4408d1e04f29,user,2,lain,1.0
user_440f2a5a7f96,user,15,lain,1.0
user_44160c7f22b7,user,10,lain,1.0
user_4417ffe39613,user,3,lain,1.0
user_441e9eb32ae2,user,2,lain,1.0
user_442167c6af3b,user,1,lain,1.0
user_4432cec0a4aa,user,1,lain,1.0
user_44377427a4f8,user,6,lain,1.0
user_443e8904e1b2,user,2,lain,1.0
user_443e9d34bd36,user,1,lain,1.0
user_4445ed7c981b,user,1,lain,1.0
user_44519866b6cb,user,6,lain,1.0
user_4451c01eb2d7,user,1,takut (pujian?),1.0
user_4454afbcc632,user,1,lain,1.0
user_4461e759ff5c,user,1,lain,1.0
user_4471cac8a177,user,10,lain,1.0
user_447dde998759,user,7,lain,1.0
user_448494a6062f,user,1,lain,1.0
user_44a5a949b1ad,user,2,lain,1.0
user_44b2efdc99f0,user,11,lain,1.0
user_44b9c4e8183b,user,3,lain,1.0
user_44bc3350509f,user,10,lain,1.0
user_44c48b986f05,user,2,takut (pujian?),1.0
user_44cc56431386,user,1,niat menonton,1.0
user_44ccd97eaacf,user,1,lain,1.0
user_44d5fc2e8284,user,1,takut (pujian?),1.0
user_44de81258c2d,user,1,lain,1.0
user_44f2e169fa59,user,16,lain,1.0
user_44f57f57bcc6,user,9,lain,1.0
user_44f601130ef9,user,4,lain,1.0
user_450994c3e28d,user,6,lain,1.0
user_45110bebf706,user,14,lain,1.0
user_451f3d594a1b,user,16,lain,1.0
user_45209c3493a7,user,1,niat menonton,1.0
user_4520fd22e5ad,user,11,lain,1.0
user_452b5b0ea65c,user,17,lain,1.0
user_4540541a041a,user,10,lain,1.0
user_454908dae6d8,user,7,lain,1.0
user_454c63b6b75c,user,3,lain,1.0
user_455f4cc92681,user,16,takut (pujian?),1.0
user_456701ea7d76,user,2,lain,1.0
user_456fcd5a0f67,user,2,lain,1.0
user_459b9164e0bb,user,15,lain,1.0
user_45a7f91ae58a,user,1,niat menonton,1.0
user_45ad5cc8242d,user,13,lain,1.0
user_45b1b06427a6,user,12,lain,1.0
user_45bcdd797b63,user,1,lain,1.0
user_45bf83028d3f,user,8,lain,1.0
user_45d643c64bb5,user,12,lain,1.0
user_45d9510968c7,user,4,lain,1.0
user_45e81c00d535,user,2,lain,1.0
user_45f2f7c54e80,user,10,takut (pujian?),1.0
user_460cd2f5e2e2,user,7,lain,1.0
user_460f6b745c87,user,9,lain,2.0
user_4611395ef157,user,14,lain,1.0
user_461143058020,user,2,lain,1.0
user_46199d1c45ee,user,13,lain,1.0
user_461aa18183c5,user,13,lain,1.0
user_461eacebd101,user,5,lain,1.0
user_4629a7837247,user,10,lain,1.0
user_46411a924df0,user,2,lain,1.0
user_46436ff4a3a9,user,3,lain,1.0
user_4647f7b34718,user,5,lain,1.0
user_4652d1be5338,user,15,lain,1.0
user_4654c132a94e,user,1,lain,1.0
user_466a9566225d,user,10,lain,1.0
user_467235df2530,user,2,lain,1.0
user_467cbe1002be,user,5,lain,1.0
user_467f1b5c76ba,user,4,lain,1.0
user_468429db699b,user,4,lain,1.0
user_46877aa51077,user,1,lain,1.0
user_4688db7edb0d,user,3,lain,1.0
user_468904e47471,user,4,lain,1.0
user_46a368250be4,user,5,lain,2.0
user_46a9c71e45d6,user,12,lain,1.0
user_46af5803e23c,user,6,lain,2.0
user_46b2c384745c,user,11,lain,1.0
user_46b3ff6741df,user,10,lain,1.0
user_46b927bd618c,user,1,lain,1.0
user_46bb600a1827,user,8,lain,1.0
user_46bc3a8a542a,user,9,lain,1.0
user_46c72ad650f8,user,3,lain,1.0
user_46c8533c7731,user,1,lain,1.0
user_46c8e8ecae39,user,9,takut (pujian?),1.0
user_46d272879afa,user,11,lain,1.0
user_46d333aa857e,user,1,takut (pujian?),1.0
user_46f209537013,user,1,lain,1.0
user_46f8a9661446,user,5,takut (pujian?),1.0
user_470642045152,user,1,takut (pujian?),1.0
user_470e515ff167,user,6,lain,1.0
user_470e929eac22,user,1,lain,1.0
user_472636cacf9f,user,3,lain,1.0
user_47280aad7155,user,12,takut (pujian?),1.0
user_47527fa583de,user,2,lain,1.0
user_47549a4fc9bb,user,4,lain,1.0
user_475d12ae6402,user,1,lain,1.0
user_4774d37f5b35,user,11,niat menonton,1.0
user_477678aa0da1,user,1,takut (pujian?),1.0
user_477e19141613,user,1,lain,1.0
user_477f4f65aa6f,user,16,lain,1.0
user_47808ddcf63e,user,1,lain,1.0
user_4797fb801eee,user,4,takut (pujian?),1.0
user_47984c794578,user,16,lain,1.0
user_47a7ad3ecb30,user,8,lain,1.0
user_47ab511a7a47,user,1,lain,1.0
user_47ac25699e13,user,3,lain,1.0
user_47b3430f1563,user,2,lain,1.0
user_47b3883df628,user,1,lain,1.0
user_47b4873568b6,user,3,niat menonton,1.0
user_47bbf112b1da,user,2,lain,1.0
user_47bbf35d9611,user,9,lain,1.0
user_47bf95695496,user,3,lain,1.0
user_47db9e52b359,user,9,lain,1.0
user_47e3c4db9a13,user,4,lain,1.0
user_47e906f1ffc6,user,6,niat menonton,1.0
user_47f5d1d99942,user,2,lain,1.0
user_47fa277997d9,user,12,lain,1.0
user_47fd49847fb2,user,1,lain,1.0
user_47fe641003c1,user,16,lain,1.0
user_480185d89a29,user,13,lain,2.0
user_480c2fec7963,user,12,takut (pujian?),1.0
user_480f5add592c,user,6,lain,1.0
user_48100c1d78d2,user,4,niat menonton,1.0
user_48113dc219b7,user,3,lain,1.0
user_4811c8c122c5,user,4,niat menonton,1.0
user_48133acc9163,user,9,lain,1.0
user_481d7595718f,user,6,niat menonton,1.0
user_4821822a3b5e,user,9,lain,1.0
user_48373fe51514,user,12,lain,2.0
user_4852c410fe24,user,12,lain,1.0
user_485401dd40b3,user,3,lain,1.0
user_48560dd63f56,user,1,lain,1.0
user_485781bbf86c,user,11,lain,1.0
user_4857848fc959,user,9,lain,1.0
user_485971a259fc,user,1,niat menonton,1.0
user_4880e0d876bf,user,13,lain,1.0
user_48ae378c7af2,user,15,lain,1.0
user_48b428de15fd,user,1,lain,1.0
user_48ecd4423e3b,user,6,takut (pujian?),1.0
user_48ef7f6041eb,user,7,takut (pujian?),1.0
user_491813c4e20b,user,3,niat menonton,1.0
user_492540d85de1,user,2,lain,1.0
user_4931b398a869,user,9,lain,2.0
user_493ff65874c5,user,7,lain,1.0
user_4942d09532cf,user,1,niat menonton,1.0
user_4954bd98bd85,user,16,lain,1.0
user_4955ad562556,user,16,lain,1.0
user_4958fe37a0f9,user,7,lain,1.0
user_4959541d6b4b,user,11,lain,1.0
user_495e56c3928b,user,7,lain,1.0
user_496210195a05,user,5,lain,1.0
user_496969f21d68,user,13,takut (pujian?),2.0
user_496caa22d488,user,4,lain,1.0
user_496e0d2f6a66,user,13,lain,1.0
user_49703e9d5976,user,2,lain,1.0
user_4976a4d81405,user,3,takut (pujian?),1.0
user_4976d29f2071,user,8,lain,1.0
user_497e433aff34,user,5,takut (pujian?),1.0
user_499c1cdedab3,user,6,lain,1.0
user_49a5f6c4e110,user,1,lain,1.0
user_49b27f4eb135,user,1,lain,1.0
user_49b4a47fa3f2,user,3,lain,1.0
user_49bdc0a829bd,user,6,niat menonton,1.0
user_49c1df043460,user,11,lain,1.0
user_49c9b4097ffb,user,6,lain,1.0
user_49caa1e73b35,user,15,lain,1.0
user_49d86afa5bff,user,1,lain,1.0
user_49d92af514af,user,2,lain,1.0
user_49def42160b4,user,2,lain,1.0
user_49fbc3855332,user,6,lain,2.0
user_4a01836a4016,user,10,lain,1.0
user_4a02d8c10e62,user,4,lain,1.0
user_4a0a8ec9924c,user,3,lain,1.0
user_4a172076424d,user,12,lain,1.0
user_4a309f8b7cbd,user,4,lain,1.0
user_4a37f995cfe6,user,8,lain,1.0
user_4a3c4156452d,user,9,lain,2.0
user_4a42cb499d57,user,2,lain,1.0
user_4a4596765b26,user,6,lain,1.0
user_4a509db2c6b5,user,1,lain,1.0
user_4a531c4d927c,user,15,lain,2.0
user_4a533f49d721,user,1,lain,1.0
user_4a5440697c20,user,1,lain,1.0
user_4a5bc3a1ace7,user,1,lain,1.0
user_4a6ade5905ba,user,6,lain,1.0
user_4a7cda2c1276,user,1,lain,1.0
user_4a8647b4f75c,user,1,niat menonton,1.0
user_4a8a996db042,user,2,lain,1.0
user_4a8f819d1972,user,11,lain,1.0
user_4a923c966d53,user,10,lain,1.0
user_4aabd9eaca68,user,7,lain,1.0
user_4aad5757c3f6,user,1,lain,1.0
user_4ab53eb853c6,user,9,lain,1.0
user_4ac58b71d86b,user,16,lain,1.0
user_4ace5188318f,user,4,lain,1.0
user_4ace52e57747,user,7,lain,1.0
user_4ad1ee52175e,user,5,lain,1.0
user_4adb80180235,user,1,lain,1.0
user_4adfc440d57a,user,2,lain,1.0
user_4ae16b2ff98f,user,10,lain,1.0
user_4ae805b3fa16,user,14,lain,1.0
user_4aed9389a765,user,13,lain,2.0
user_4af8f24734df,user,1,niat menonton,1.0
user_4afd87768b7f,user,6,lain,1.0
user_4affa2c16229,user,1,lain,1.0
user_4b0bb736a582,user,7,lain,1.0
user_4b0e0e7fb21c,user,1,lain,1.0
user_4b271d7e20e6,user,3,lain,1.0
user_4b2979a548ea,user,10,lain,2.0
user_4b3013fa86b5,user,4,lain,1.0
user_4b351dfdb8b6,user,6,lain,1.0
user_4b3c18dfc403,user,1,lain,1.0
user_4b49eedbcd84,user,1,lain,1.0
user_4b5bae7b268b,user,16,takut (pujian?),1.0
user_4b6417c692db,user,3,lain,1.0
user_4b6f8c4785fd,user,11,lain,1.0
user_4b6ffa51f762,user,2,lain,1.0
user_4b704185816a,user,2,lain,1.0
user_4b85c95cb0e2,user,10,lain,1.0
user_4b86e99877ad,user,1,lain,1.0
user_4b88f9bda260,user,5,lain,1.0
user_4b8adb4c5ec4,user,15,lain,1.0
user_4b8b2c5d2872,user,3,niat menonton,1.0
user_4b8fe87a61a2,user,1,lain,1.0
user_4b93cb056085,user,11,lain,1.0
user_4b9587d0b2d9,user,2,lain,1.0
user_4b97a85f92ee,user,1,lain,1.0
user_4b992b83d60d,user,4,takut (pujian?),5.0
user_4bb5b761be3c,user,1,lain,1.0
user_4bb5da450851,user,1,lain,1.0
user_4bc035bdd993,user,13,lain,1.0
user_4bc0514ce991,user,1,takut (pujian?),1.0
user_4bd3726cc010,user,1,lain,1.0
user_4be2b87858c7,user,10,lain,1.0
user_4be7b82203be,user,14,lain,1.0
user_4be982d8c2fb,user,4,lain,2.0
user_4bf5f9233c66,user,12,lain,1.0
user_4bf72c7390d9,user,1,lain,1.0
user_4bff9b2d79bb,user,6,niat menonton,1.0
user_4c07003b5de6,user,1,lain,1.0
user_4c0cc2117949,user,3,lain,1.0
user_4c18bd047835,user,1,lain,1.0
user_4c1a076b466b,user,2,lain,1.0
user_4c20816f7c8f,user,11,lain,1.0
user_4c2b6252120c,user,9,lain,1.0
user_4c40386e8b50,user,4,takut (pujian?),1.0
user_4c4d47e38061,user,1,lain,1.0
user_4c4f5484df50,user,17,lain,1.0
user_4c6413d99b43,user,1,lain,1.0
user_4c641897bb05,user,5,lain,1.0
user_4c64648c9b09,user,15,lain,1.0
user_4c76e13352dc,user,9,lain,1.0
user_4c7f86436590,user,10,takut (pujian?),1.0
user_4c854db3254a,user,1,niat menonton,1.0
user_4c88eded9d44,user,2,niat menonton,1.0
user_4c9cbcddf586,user,15,lain,1.0
user_4ca6032d4b54,user,2,lain,1.0
user_4ca8cf2b0914,user,1,niat menonton,1.0
user_4cabda344628,user,3,takut (pujian?),1.0
user_4caca487d05f,user,10,lain,3.0
user_4cb02e8085b1,user,4,takut (pujian?),1.0
user_4ccb6de330de,user,13,lain,1.0
user_4ccc3759394c,user,1,lain,1.0
user_4cd5549ba1d6,user,5,lain,1.0
user_4ce3c71ef514,user,2,lain,1.0
user_4cecb267fdcd,user,3,lain,1.0
user_4cf0c9a97ce5,user,1,lain,1.0
user_4d0840d3d78f,user,10,lain,1.0
user_4d0d23854e4e,user,13,lain,1.0
user_4d15026f237f,user,11,lain,1.0
user_4d162081bbc0,user,1,lain,1.0
user_4d16ea6f6e6c,user,1,niat menonton,1.0
user_4d1eb0fed876,user,15,lain,1.0
user_4d289d86feb5,user,10,takut (pujian?),1.0
user_4d297a4ecdf6,user,8,lain,1.0
user_4d3a63b51909,user,14,lain,1.0
user_4d3d93b70dac,user,14,lain,1.0
user_4d40516ac608,user,9,lain,1.0
user_4d45cd649f3a,user,3,lain,1.0
user_4d4c4cd48e2a,user,7,lain,1.0
user_4d59d3d597d1,user,8,lain,1.0
user_4d5bf49a62cc,user,5,niat menonton,1.0
user_4d6fec41a815,user,4,lain,1.0
user_4d779ee2a497,user,2,lain,1.0
user_4d88da186103,user,3,takut (pujian?),1.0
user_4d8c2e1d1a74,user,10,lain,2.0
user_4d8d315a8e3d,user,2,lain,1.0
user_4d96e928949b,user,7,lain,1.0
user_4d9d45c1bb36,user,9,niat menonton,1.0
user_4db0d005cfcb,user,17,lain,1.0
user_4db2609240ce,user,11,lain,1.0
user_4dc727c91f05,user,2,lain,1.0
user_4dc8c1cba849,user,12,lain,1.0
user_4dca293d47a6,user,13,lain,1.0
user_4dd1effc0304,user,3,lain,1.0
user_4dd4098097f3,user,1,lain,1.0
user_4de17082132e,user,1,niat menonton,1.0
user_4de246511c73,user,1,lain,1.0
user_4df99848e5ff,user,2,lain,1.0
user_4dfcbc836156,user,1,niat menonton,1.0
user_4e0218c78c5c,user,2,lain,1.0
user_4e0de028d7bf,user,1,niat menonton,1.0
user_4e1d3861bc23,user,9,lain,1.0
user_4e293f5e13fe,user,3,lain,1.0
user_4e33734bbc77,user,2,lain,1.0
user_4e3764f2eafc,user,8,lain,1.0
user_4e49b8966492,user,12,takut (pujian?),1.0
user_4e4eb045f99c,user,3,lain,1.0
user_4e56c68ea951,user,7,lain,1.0
user_4e5cc88507d2,user,2,takut (pujian?),1.0
user_4e68092aa051,user,2,lain,1.0
user_4e81df262b8e,user,12,lain,1.0
user_4e8d2ebefb3d,user,2,niat menonton,1.0
user_4e9a96872d2f,user,8,lain,1.0
user_4e9fe0cb5207,user,4,lain,1.0
user_4eb2e6be821c,user,1,lain,2.0
user_4eba3a0bada9,user,1,lain,1.0
user_4ebae4fdaec0,user,12,lain,1.0
user_4ebd5685f235,user,2,lain,1.0
user_4ebfdc4c0d14,user,3,lain,1.0
user_4ec578c01886,user,6,lain,1.0
user_4ece5dbe4071,user,1,lain,1.0
user_4edc1bf974f2,user,9,lain,1.0
user_4eefaaac490f,user,1,lain,1.0
user_4f0271bf7bb6,user,5,lain,1.0
user_4f0628e8a15a,user,1,lain,1.0
user_4f078b924c10,user,6,lain,1.0
user_4f0f1ed9f587,user,4,lain,3.0
user_4f1529c5431e,user,4,lain,1.0
user_4f2f8c09ca91,user,15,lain,1.0
user_4f3125c76883,user,2,lain,1.0
user_4f38bb07dc6a,user,3,lain,1.0
user_4f3cd64acec9,user,9,lain,3.0
user_4f3f94f08b96,user,1,lain,1.0
user_4f4e7c3d7c58,user,2,lain,1.0
user_4f58f22d0c57,user,1,lain,1.0
user_4f636070074c,user,5,takut (pujian?),1.0
user_4f68a55fdc81,user,8,lain,1.0
user_4f749edb4548,user,1,takut (pujian?),1.0
user_4f7560e81bf8,user,13,lain,1.0
user_4f75d22011ac,user,16,lain,1.0
user_4fb74a2d73cc,user,6,niat menonton,1.0
user_4fc086a1b863,user,13,lain,1.0
user_4fc4a5b87f5c,user,14,takut (pujian?),1.0
user_4fccfc34c587,user,1,takut (pujian?),1.0
user_4fcda16b2b64,user,15,lain,1.0
user_4fd3b7de8c8a,user,10,lain,1.0
user_4fdc96741554,user,7,takut (pujian?),1.0
user_4fec6da00e00,user,16,lain,1.0
user_4ff8c9871c50,user,5,takut (pujian?),1.0
user_4ffe140ac9c4,user,9,takut (pujian?),1.0
user_50038e5365b0,user,3,lain,1.0
user_50048d45b535,user,7,takut (pujian?),1.0
user_500c6c46a08b,user,2,lain,1.0
user_50102211a3e0,user,6,lain,1.0
user_501504530c1c,user,11,lain,1.0
user_50158e35f425,user,4,lain,1.0
user_501cce67d017,user,3,lain,1.0
user_502006a98094,user,13,lain,1.0
user_50209f79c828,user,14,lain,2.0
user_502373523265,user,12,takut (pujian?),1.0
user_5023c73617e8,user,13,lain,1.0
user_503027899bda,user,16,lain,1.0
user_503d3f2baaf4,user,15,lain,1.0
user_503e15f1dcef,user,15,lain,1.0
user_50431c9a1c47,user,11,lain,1.0
user_5050e2ae57d5,user,11,lain,1.0
user_505a4ebdf847,user,2,lain,1.0
user_505aa2a70ac9,user,3,takut (pujian?),1.0
user_5076435ba090,user,11,lain,1.0
user_507dbd6d747f,user,1,lain,1.0
user_508f1c8550d5,user,5,lain,1.0
user_50993ae1ae4d,user,1,lain,1.0
user_50a256e0d51a,user,4,lain,1.0
user_50b13345318e,user,1,lain,1.0
user_50b350b59cff,user,12,lain,1.0
user_50b7275bd250,user,11,lain,1.0
user_50b735acdbc5,user,13,lain,1.0
user_50bb83dc9cc4,user,14,takut (pujian?),1.0
user_50c1ff62909a,user,16,lain,1.0
user_50c2ffcba0ec,user,2,lain,1.0
user_50cfc0ed1cdc,user,6,lain,1.0
user_50e0359663a5,user,8,lain,1.0
user_50e068c591c9,user,8,takut (pujian?),1.0
user_50e60cc6d040,user,13,lain,1.0
user_50edffe51636,user,8,lain,1.0
user_50fa1080d1d3,user,13,niat menonton,1.0
user_50fb803d3d20,user,10,lain,1.0
user_50ff457dbb51,user,2,niat menonton,1.0
user_5116cd00a576,user,9,lain,1.0
user_512774d17815,user,10,lain,1.0
user_5127fd8a2658,user,3,lain,1.0
user_513bb74e40ae,user,8,lain,1.0
user_513ef1a0af64,user,10,lain,1.0
user_514a404ee7bc,user,12,lain,1.0
user_515490763ec0,user,1,lain,1.0
user_515cbd9f36cb,user,8,takut (pujian?),1.0
user_5169007525f5,user,1,lain,1.0
user_518448d567b7,user,4,lain,1.0
user_5186bc5f8cb9,user,5,takut (pujian?),1.0
user_518c3ca896c3,user,4,lain,1.0
user_5192b94e83d6,user,8,lain,1.0
user_51939dfc8ac2,user,7,lain,1.0
user_51a2d2186f98,user,7,takut (pujian?),1.0
user_51a6a0293262,user,10,lain,1.0
user_51afde9946c7,user,12,lain,1.0
user_51b43dd9a9f6,user,14,lain,3.0
user_51b7b87a3fb5,user,1,niat menonton,1.0
user_51c9851e8551,user,9,lain,1.0
user_51cc392e0b9c,user,1,niat menonton,1.0
user_51cd452496f9,user,5,lain,1.0
user_51dfe935acf7,user,6,lain,1.0
user_51f8aae428b6,user,2,lain,1.0
user_51f9440145a6,user,17,lain,2.0
user_51fd6e0a93ce,user,12,lain,1.0
user_51ffdec9b43b,user,15,lain,1.0
user_5203416c18a3,user,4,lain,1.0
user_5204526e8b76,user,15,lain,1.0
user_52081cfbef08,user,2,lain,1.0
user_520ce2b9ebde,user,3,niat menonton,1.0
user_5211baf9a9b5,user,12,lain,1.0
user_522315e2fc94,user,6,takut (pujian?),1.0
user_522a97b9b2f0,user,9,lain,1.0
user_523446219df9,user,11,lain,1.0
user_523c8c99297c,user,1,lain,1.0
user_523e5d3839a7,user,4,lain,3.0
user_524b2e625f8e,user,15,lain,1.0
user_524e3de6c8cb,user,12,lain,2.0
user_525a30b4c533,user,2,takut (pujian?),1.0
user_525eb4d083ba,user,1,lain,1.0
user_526f7c7e339a,user,6,lain,1.0
user_5271201b62da,user,2,lain,1.0
user_528fe31a0cf0,user,4,lain,1.0
user_5296238772bd,user,6,lain,1.0
user_529d26f31b8d,user,13,lain,1.0
user_529f133b0be5,user,12,lain,2.0
user_529fbd666a33,user,13,lain,2.0
user_52aa3f472b4c,user,14,lain,1.0
user_52ac21215db6,user,6,lain,1.0
user_52af4400cc73,user,10,lain,2.0
user_52bb2c02d42c,user,6,lain,1.0
user_52c7cf99cad3,user,12,lain,1.0
user_52dbf0c6ed78,user,17,lain,1.0
user_52de7413846d,user,5,lain,1.0
user_52e2c4a10187,user,3,lain,1.0
user_52f867a52398,user,8,lain,1.0
user_52f967d771e6,user,5,lain,1.0
user_52fa8f8ff48d,user,1,lain,1.0
user_53001e8ce90e,user,2,lain,1.0
user_53042968f818,user,15,lain,1.0
user_530bcee9dccc,user,5,lain,1.0
user_530f8f3c744d,user,1,lain,1.0
user_5313d670d311,user,8,lain,1.0
user_531a4fc80cad,user,9,lain,2.0
user_531be058e2bb,user,10,lain,1.0
user_53208290d7d1,user,12,takut (pujian?),1.0
user_533da78701ff,user,2,lain,1.0
user_5341da031714,user,2,niat menonton,1.0
user_5356d4abdfbe,user,12,takut (pujian?),2.0
user_535aa95068fa,user,1,takut (pujian?),1.0
user_535f58e4a706,user,9,lain,1.0
user_536bc807fd02,user,1,niat menonton,1.0
user_53758d741ccf,user,12,lain,1.0
user_537729881f46,user,4,niat menonton,2.0
user_539529c7d62b,user,7,lain,1.0
user_5399f5fd300d,user,2,lain,1.0
user_539fcdee2cf1,user,5,lain,1.0
user_53a4354e1d4a,user,2,lain,1.0
user_53a58578a454,user,2,lain,1.0
user_53afb9a6dd22,user,6,lain,1.0
user_53b2b20d25e9,user,11,lain,1.0
user_53b677bee791,user,11,lain,1.0
user_53c55b945065,user,9,lain,1.0
user_53c691a8b44e,user,1,lain,1.0
user_53d37d8bcc39,user,15,lain,1.0
user_53da92923ff3,user,2,lain,1.0
user_53eedf7cdc90,user,4,lain,1.0
user_53f3772d5e1b,user,6,lain,1.0
user_5401a2221c46,user,1,lain,3.0
user_54084aa211a6,user,6,niat menonton,1.0
user_540a4c2e7bca,user,16,lain,1.0
user_5420646ba8b9,user,2,lain,1.0
user_5425b551c58d,user,4,lain,1.0
user_5426b01d2fce,user,18,lain,1.0
user_542747d75ee0,user,6,lain,1.0
user_5436eae0cb72,user,13,lain,1.0
user_544383ce4a17,user,1,niat menonton,1.0
user_544604120c31,user,10,lain,1.0
user_544f839cdb88,user,7,lain,1.0
user_545aa2c10651,user,1,lain,1.0
user_5462db432349,user,8,lain,1.0
user_5469bcdd185d,user,10,lain,1.0
user_54723131bd00,user,4,lain,1.0
user_547cde323b34,user,1,lain,1.0
user_5482eb6bae9d,user,4,lain,1.0
user_548d36c370b3,user,2,lain,1.0
user_5494eacd75ab,user,2,lain,1.0
user_54979107f6e6,user,5,lain,1.0
user_549bb9d25f34,user,3,lain,1.0
user_549c4b566015,user,4,lain,1.0
user_54a134fb8d0d,user,3,takut (pujian?),1.0
user_54ae438b0419,user,8,lain,1.0
user_54b0109a3711,user,1,lain,1.0
user_54b8426ac93b,user,12,lain,2.0
user_54b8655de302,user,3,lain,1.0
user_54be33419a6a,user,9,lain,1.0
user_54e42f191c75,user,8,takut (pujian?),1.0
user_54f2cfe9bae3,user,1,lain,1.0
user_54f4b35fa6ef,user,4,lain,1.0
user_54fa1f0b74f8,user,7,lain,1.0
user_54fbb1dd69db,user,1,lain,1.0
user_54fcc2985825,user,11,lain,1.0
user_5500ac345481,user,6,lain,1.0
user_550127f9b318,user,1,niat menonton,2.0
user_5503676b679f,user,8,lain,1.0
user_550384b412ec,user,1,lain,1.0
user_5514904fdc5b,user,4,lain,1.0
user_552a44350046,user,16,lain,1.0
user_552aa4de72a5,user,13,lain,1.0
user_552bf30d7143,user,10,lain,1.0
user_5535ba050619,user,1,lain,1.0
user_5545dc970134,user,2,lain,1.0
user_55466b42f07e,user,12,lain,1.0
user_55497cca62df,user,3,lain,1.0
user_554b22d6496d,user,9,lain,1.0
user_554d8e1d6210,user,1,takut (pujian?),1.0
user_55577a079f82,user,9,lain,1.0
user_556a3a54fdba,user,1,lain,1.0
user_556fc1de5585,user,2,lain,1.0
user_557487e82483,user,1,lain,1.0
user_5580e83aebcc,user,2,lain,1.0
user_558de01660c7,user,14,lain,1.0
user_5598361a41b7,user,1,takut (pujian?),1.0
user_55d05310d420,user,2,lain,1.0
user_55d969d186e8,user,1,lain,1.0
user_55db7f4f66eb,user,10,lain,2.0
user_55eb64b68c0f,user,3,lain,1.0
user_5616c8ead67e,user,4,lain,1.0
user_5627d4ebc618,user,1,lain,1.0
user_5631308866bc,user,11,lain,1.0
user_5633272a0627,user,14,lain,1.0
user_56373241a8b1,user,4,lain,1.0
user_563e1e91c5f5,user,1,lain,1.0
user_564397a1a69f,user,18,lain,2.0
user_56478f9a07c5,user,7,takut (pujian?),1.0
user_5671fcb4a300,user,9,lain,1.0
user_567e0b2e1bb1,user,6,lain,1.0
user_567e6a04425f,user,1,takut (pujian?),1.0
user_5686c93459e3,user,2,lain,1.0
user_5688bbd461ae,user,8,lain,1.0
user_56893feeca3f,user,13,lain,1.0
user_56a33178db9c,user,11,lain,1.0
user_56b9c351f05d,user,2,lain,1.0
user_56baf232876a,user,2,lain,1.0
user_56bfbaf4f28e,user,1,lain,1.0
user_56bfde32b54d,user,3,lain,1.0
user_56c02b823741,user,1,takut (pujian?),1.0
user_56c45bb7ebce,user,4,niat menonton,1.0
user_56d429010861,user,15,lain,1.0
user_56d79546ee57,user,7,takut (pujian?),1.0
user_56d97eab041e,user,4,lain,1.0
user_56dc9f3692a8,user,3,takut (pujian?),1.0
user_56e198bc3fd7,user,7,lain,2.0
user_56e8bdc500a6,user,2,lain,1.0
user_56ef0e5674a4,user,8,lain,1.0
user_56f21b46bf71,user,6,lain,1.0
user_56f576423cc2,user,1,lain,1.0
user_56f5ed9dac77,user,8,takut (pujian?),1.0
user_56ffdddd0ff9,user,2,lain,1.0
user_5703a63f93a9,user,8,takut (pujian?),1.0
user_57222ae1a111,user,16,lain,2.0
user_5727b1692235,user,2,lain,1.0
user_572b42851d0c,user,5,lain,1.0
user_573438f54a80,user,3,takut (pujian?),1.0
user_573b3439d5bf,user,11,lain,1.0
user_5750dfdec5f9,user,2,lain,1.0
user_575e6efc3cdc,user,13,lain,1.0
user_5767547f80a4,user,11,lain,1.0
user_577a1663dceb,user,10,takut (pujian?),1.0
user_577a31e29207,user,2,niat menonton,1.0
user_5797ed8b604a,user,4,lain,1.0
user_57a0838560b3,user,4,lain,1.0
user_57c16aebfeb9,user,9,lain,1.0
user_57c4612588ac,user,16,lain,1.0
user_57c5b9bf68e5,user,3,lain,1.0
user_57dee654585b,user,16,lain,1.0
user_57e74f42f202,user,8,lain,1.0
user_57efedb609e3,user,8,lain,1.0
user_57f7437ddb52,user,5,lain,1.0
user_57f7a01660d2,user,9,lain,1.0
user_580859e381f8,user,7,lain,1.0
user_580e60a1fc65,user,1,lain,1.0
user_58113bf5c11c,user,3,lain,1.0
user_58150f8ffa90,user,6,lain,1.0
user_582722fb0cdf,user,7,lain,1.0
user_5828953a2c62,user,1,lain,1.0
user_583049f0ff41,user,3,lain,1.0
user_58328ec4b237,user,14,lain,1.0
user_5835265b8e6d,user,8,lain,1.0
user_584672bcfe10,user,3,lain,1.0
user_585320a61488,user,1,lain,1.0
user_585802ab06b3,user,4,lain,1.0
user_585c318e76c1,user,13,lain,1.0
user_58601121e97d,user,3,lain,1.0
user_586561fba27f,user,3,lain,1.0
user_5865d6cee82b,user,12,lain,1.0
user_5885587f026e,user,10,takut (pujian?),1.0
user_58896ccabeb5,user,13,lain,1.0
user_589220f3146e,user,2,lain,1.0
user_589a6b6e4335,user,6,lain,1.0
user_589e0cdf247f,user,11,niat menonton,1.0
user_58b06cc7820b,user,5,lain,1.0
user_58ba010ae3ac,user,2,lain,2.0
user_58bb876cd8ff,user,6,lain,1.0
user_58c09b68e8b5,user,15,lain,1.0
user_58d38a1386c5,user,2,lain,1.0
user_58d8216b0610,user,5,lain,1.0
user_58e00a9bce67,user,3,lain,1.0
user_58e48d8632d2,user,3,lain,1.0
user_58ee046a0a5c,user,8,takut (pujian?),1.0
user_58fa1590921d,user,4,niat menonton,1.0
user_5901c6c883f8,user,2,lain,1.0
user_5905136b5730,user,9,lain,1.0
user_591c6c024b6a,user,4,niat menonton,1.0
user_592109934a6c,user,2,lain,1.0
user_5924d75aa8a1,user,4,lain,1.0
user_592a5ed63f6d,user,13,lain,3.0
user_592d0cdf57a6,user,4,takut (pujian?),1.0
user_593508b4e00e,user,9,lain,1.0
user_5945ca309859,user,1,lain,1.0
user_5949826f5e5f,user,5,lain,1.0
user_5952e86f8542,user,4,niat menonton,1.0
user_59536ea0451e,user,3,lain,1.0
user_595b86518c31,user,1,lain,1.0
user_5965582817ee,user,6,takut (pujian?),1.0
user_5973677c9c3a,user,2,lain,1.0
user_598416093d5a,user,13,lain,1.0
user_59b7dc30717f,user,1,lain,1.0
user_59ba478e32b4,user,1,lain,1.0
user_59bd7bf1146a,user,4,lain,1.0
user_59c662f7d7d5,user,13,lain,1.0
user_59d3d5b24804,user,10,lain,1.0
user_59e2db3fb7b7,user,5,lain,1.0
user_59e5a5bd1f28,user,6,lain,1.0
user_59eaa3eaf76d,user,11,lain,2.0
user_59ede183a182,user,2,lain,1.0
user_59ef11d21655,user,11,lain,1.0
user_59f25dfe0e02,user,4,lain,1.0
user_5a064dadac7c,user,5,lain,1.0
user_5a084c60d96f,user,15,lain,1.0
user_5a0de5d484bf,user,14,takut (pujian?),1.0
user_5a16afc05fa2,user,7,lain,1.0
user_5a1ce1b082a3,user,8,lain,1.0
user_5a288a62082e,user,1,lain,1.0
user_5a29ef512762,user,1,lain,1.0
user_5a37217d6a53,user,1,lain,1.0
user_5a37ffa29063,user,2,lain,1.0
user_5a3cf89c209d,user,8,lain,1.0
user_5a4c77051b8f,user,2,lain,1.0
user_5a4e7490159f,user,1,niat menonton,1.0
user_5a5088898593,user,8,lain,1.0
user_5a685d9159c3,user,2,lain,1.0
user_5a92f57eabfa,user,10,lain,1.0
user_5a93ec4748d6,user,5,lain,1.0
user_5a98bda96ceb,user,10,lain,1.0
user_5a98e0788b52,user,15,lain,1.0
user_5aa68e7c9a1e,user,1,lain,1.0
user_5ab0c281d329,user,1,lain,1.0
user_5ab23d13cdec,user,4,lain,1.0
user_5ab970b713fc,user,5,lain,1.0
user_5acb46a17e82,user,3,lain,1.0
user_5acd530ad68b,user,5,lain,1.0
user_5ad038fdd6c0,user,4,lain,1.0
user_5ad075b15d7f,user,16,lain,1.0
user_5ad568c3accd,user,2,takut (pujian?),1.0
user_5ad5da298d3c,user,11,lain,1.0
user_5aed916d5a39,user,4,lain,1.0
user_5b19d233d3a0,user,14,lain,1.0
user_5b1c6da21e04,user,7,lain,1.0
user_5b1d985c3076,user,16,takut (pujian?),1.0
user_5b205b8bfb5a,user,3,lain,1.0
user_5b25939c9fcc,user,9,takut (pujian?),1.0
user_5b26cfb17023,user,4,lain,1.0
user_5b27d5392f63,user,2,lain,1.0
user_5b2c8abdce21,user,9,niat menonton,1.0
user_5b35c8724cac,user,5,lain,1.0
user_5b3804f3e70c,user,1,lain,1.0
user_5b3f5b6fca6d,user,1,lain,1.0
user_5b4b6b9c0c6c,user,6,lain,1.0
user_5b58a239efcd,user,3,takut (pujian?),1.0
user_5b625131f807,user,2,lain,1.0
user_5b6484165644,user,1,lain,1.0
user_5b685954077f,user,16,lain,1.0
user_5b6980311fb0,user,15,lain,1.0
user_5b6a7feada88,user,4,lain,1.0
user_5b6f48ba0007,user,3,lain,1.0
user_5b8473527e7b,user,4,lain,1.0
user_5b9cff99f4c2,user,8,lain,1.0
user_5ba3ca6547e1,user,4,lain,1.0
user_5bc90e18757a,user,7,lain,1.0
user_5bd418616011,user,7,lain,1.0
user_5bda6c88cbe9,user,9,lain,1.0
user_5be8227fe677,user,13,lain,2.0
user_5bf3d28e188d,user,12,lain,1.0
user_5bfc782e4d0e,user,1,lain,1.0
user_5c05de2fa7e4,user,2,lain,1.0
user_5c06b76feade,user,2,lain,1.0
user_5c24ccf3cef9,user,15,lain,1.0
user_5c255cdd18fa,user,9,lain,2.0
user_5c25cedf3574,user,1,lain,1.0
user_5c2d6360a640,user,1,lain,1.0
user_5c32359eb44c,user,6,lain,1.0
user_5c3308f9104c,user,3,lain,1.0
user_5c3fd44b0bc1,user,7,lain,1.0
user_5c47c5e66105,user,14,lain,1.0
user_5c5184324f59,user,5,lain,1.0
user_5c5aa6b03956,user,1,niat menonton,1.0
user_5c616203f0b5,user,4,lain,1.0
user_5c65e55638c0,user,2,lain,1.0
user_5c6f42cd6199,user,9,lain,1.0
user_5c71078ea2c1,user,5,lain,1.0
user_5c74aec148ed,user,2,lain,1.0
user_5c757cef41c5,user,10,lain,1.0
user_5c84adc747cf,user,1,niat menonton,1.0
user_5c9675304172,user,3,lain,1.0
user_5ca17089f201,user,3,lain,1.0
user_5cccaed1f5ac,user,2,lain,1.0
user_5cd05c48b005,user,16,lain,1.0
user_5cdb952364fe,user,1,lain,1.0
user_5ce088166ebc,user,5,lain,1.0
user_5cf99c148500,user,17,lain,1.0
user_5cfa58fe3995,user,9,lain,1.0
user_5d00724f6569,user,14,niat menonton,1.0
user_5d0139bd670c,user,8,niat menonton,1.0
user_5d0b962d847d,user,15,lain,1.0
user_5d0c1450c87f,user,5,lain,1.0
user_5d0c8d2fee95,user,3,takut (pujian?),1.0
user_5d1864d7a1b4,user,9,takut (pujian?),2.0
user_5d1f66ef074a,user,8,lain,1.0
user_5d25fc3b84f0,user,5,lain,1.0
user_5d2ded85b416,user,2,takut (pujian?),2.0
user_5d4d4293b889,user,5,lain,1.0
user_5d56669b7d2c,user,3,takut (pujian?),1.0
user_5d64088970d1,user,6,lain,1.0
user_5d67a7dcadaa,user,10,niat menonton,1.0
user_5d6890238bc6,user,4,lain,1.0
user_5d6a1476fd15,user,15,lain,1.0
user_5d6dbca822e5,user,12,lain,1.0
user_5d6e896a672d,user,6,lain,1.0
user_5d720252a777,user,2,lain,1.0
user_5d76bd6937a5,user,6,niat menonton,1.0
user_5d86afc7199c,user,14,lain,1.0
user_5d9c59ee8fdc,user,6,niat menonton,1.0
user_5da2cc3d2eda,user,9,lain,1.0
user_5da66aeab1f0,user,1,lain,1.0
user_5dc51c588222,user,6,lain,1.0
user_5dc93c9f6dea,user,1,takut (pujian?),1.0
user_5dcfdd734deb,user,1,lain,1.0
user_5dea36fcbdc4,user,1,lain,1.0
user_5dea4f084bc7,user,1,lain,1.0
user_5df6a74455b8,user,2,lain,1.0
user_5dfd179da46e,user,10,takut (pujian?),1.0
user_5e11db187104,user,1,takut (pujian?),1.0
user_5e1cff391b10,user,5,lain,1.0
user_5e1dff19b83a,user,1,lain,1.0
user_5e374a20aa39,user,1,lain,1.0
user_5e3b18db44ec,user,1,lain,1.0
user_5e483e73da10,user,1,lain,1.0
user_5e48dab0d771,user,7,lain,1.0
user_5e4a518056e9,user,1,lain,2.0
user_5e64764fe55a,user,4,lain,1.0
user_5e6bba335e42,user,13,lain,1.0
user_5e6ef1e9652b,user,11,lain,1.0
user_5e789d976f49,user,2,lain,1.0
user_5e8d0be01b8e,user,1,lain,1.0
user_5e8dd45aea24,user,15,lain,1.0
user_5e9089cdf72b,user,14,lain,2.0
user_5e9b62bce8e0,user,4,lain,1.0
user_5e9cb185431f,user,7,lain,1.0
user_5ea02d694b52,user,4,takut (pujian?),1.0
user_5eab2898e419,user,9,lain,1.0
user_5eace04a4552,user,4,lain,1.0
user_5eb812990787,user,1,lain,1.0
user_5ec74373eb2e,user,2,lain,1.0
user_5ec88755d425,user,7,lain,1.0
user_5ed449fce39c,user,10,lain,1.0
user_5ed54ddf964f,user,1,lain,1.0
user_5ed9377013b5,user,4,lain,1.0
user_5ede0efb2a55,user,1,takut (pujian?),1.0
user_5ee2a6bc7c64,user,13,lain,1.0
user_5eebb1ab42d0,user,2,niat menonton,1.0
user_5efcac87e169,user,10,niat menonton,1.0
user_5f038ab95e08,user,10,lain,2.0
user_5f13ec56e231,user,9,lain,2.0
user_5f22ee6318ec,user,5,lain,1.0
user_5f250d2248fe,user,12,lain,1.0
user_5f255453c77d,user,12,lain,1.0
user_5f26a8a21095,user,5,lain,1.0
user_5f2fc4c70652,user,3,lain,1.0
user_5f3074c531d6,user,1,lain,1.0
user_5f334bd16766,user,2,lain,1.0
user_5f3511f6abed,user,7,lain,1.0
user_5f408fcbc31c,user,5,lain,1.0
user_5f51840b4e3f,user,5,lain,1.0
user_5f57dd57776b,user,1,lain,1.0
user_5f62a196c85e,user,4,lain,1.0
user_5f637082d7a0,user,2,lain,3.0
user_5f75706e0cdf,user,4,lain,1.0
user_5f7b1b67e85c,user,12,lain,1.0
user_5f7d109200dc,user,7,lain,1.0
user_5f899070c8e8,user,2,lain,1.0
user_5f8e2e222098,user,12,lain,1.0
user_5f9119dcd1bb,user,2,lain,1.0
user_5f925324e16a,user,15,lain,1.0
user_5fa42f83be7b,user,6,lain,1.0
user_5fa788ca1c8b,user,3,lain,1.0
user_5fa992fab32d,user,3,lain,1.0
user_5fb1ef30cb45,user,13,lain,1.0
user_5fb2675c0c80,user,1,lain,1.0
user_5fb6a12423ac,user,7,lain,1.0
user_5fb840fa6567,user,2,lain,1.0
user_5fbd6d3807eb,user,1,lain,1.0
user_5fc25bf3c1ef,user,2,lain,1.0
user_5fc83f36befe,user,2,lain,1.0
user_5fe8c41f7d97,user,1,lain,1.0
user_5fe9bce1dd83,user,1,lain,1.0
user_5fecf6674f2a,user,4,niat menonton,1.0
user_5ff421afaad9,user,1,lain,1.0
user_600db8c0341d,user,9,lain,1.0
user_601a86ba639c,user,3,niat menonton,1.0
user_60366654eeef,user,1,lain,1.0
user_603bad37d572,user,5,lain,1.0
user_604099b40ed0,user,1,lain,1.0
user_6042f6f4d1c2,user,3,lain,1.0
user_604ee52aa894,user,6,niat menonton,1.0
user_605820b38e66,user,3,niat menonton,1.0
user_60582fc1f955,user,9,niat menonton,1.0
user_6058bee7cbf0,user,1,lain,1.0
user_605b2afdd09e,user,3,lain,1.0
user_605bb7002187,user,2,lain,1.0
user_606d2962025f,user,2,lain,1.0
user_606ee19aed42,user,2,lain,1.0
user_6073bc7c57eb,user,3,lain,1.0
user_60887da26a0f,user,12,lain,1.0
user_608d2ac2baae,user,6,takut (pujian?),1.0
user_6095c4e7ada5,user,8,lain,1.0
user_60a138e164bf,user,6,lain,1.0
user_60adac47b2ab,user,11,lain,1.0
user_60c0ac7c014e,user,17,lain,1.0
user_60d0a18bae15,user,4,lain,1.0
user_60d83a8e0250,user,11,lain,1.0
user_60e06394d90d,user,3,lain,1.0
user_60e6a73b3067,user,7,lain,4.0
user_60f3d24213fa,user,6,niat menonton,1.0
user_60fc4d64de12,user,1,takut (pujian?),1.0
user_6106169bcb1c,user,1,lain,1.0
user_610bedef0272,user,8,lain,1.0
user_61103adc98c2,user,2,lain,1.0
user_61104474e1e0,user,12,takut (pujian?),1.0
user_612365d370ca,user,11,lain,1.0
user_6128418f985b,user,3,takut (pujian?),1.0
user_6137005eb3c0,user,8,lain,1.0
user_6138efaa569c,user,16,lain,5.0
user_614e25238ac3,user,2,niat menonton,1.0
user_61503b927b76,user,6,takut (pujian?),1.0
user_615c77cad043,user,6,lain,1.0
user_61695ea1b3ec,user,6,lain,1.0
user_616e87acc4a8,user,7,lain,1.0
user_617e558e66c5,user,3,niat menonton,1.0
user_6186eaf8eba7,user,2,lain,1.0
user_618758e7cce7,user,4,lain,1.0
user_6197d7f2991a,user,11,lain,1.0
user_61a4451c1d83,user,13,lain,4.0
user_61a71bc9e826,user,1,niat menonton,1.0
user_61abbb7a4674,user,18,lain,1.0
user_61b15bc9d457,user,2,lain,1.0
user_61b86575fdf7,user,3,lain,1.0
user_61b8f7e38a45,user,3,lain,1.0
user_61bdf9e42f53,user,11,lain,1.0
user_61ce969a9313,user,1,lain,1.0
user_61d28cae69d7,user,13,takut (pujian?),1.0
user_61d40c71b9e0,user,6,takut (pujian?),1.0
user_61d7c0cd3e3e,user,14,lain,1.0
user_61e918198f80,user,1,lain,1.0
user_6207eaa67735,user,7,lain,1.0
user_6210c6ee153e,user,4,lain,1.0
user_6214cb27512a,user,10,lain,1.0
user_622097d9901c,user,12,lain,1.0
user_624468dca452,user,11,lain,1.0
user_6252d8492349,user,4,lain,1.0
user_6256a5e3f405,user,3,lain,1.0
user_62685a1d7661,user,5,lain,1.0
user_626a83cd711f,user,2,niat menonton,1.0
user_626b94211574,user,3,lain,2.0
user_62742713a5e0,user,1,lain,1.0
user_62742cab02ec,user,1,lain,1.0
user_6279982938c8,user,2,lain,1.0
user_627dd41902b9,user,1,lain,1.0
user_628e801dcc99,user,4,lain,1.0
user_629f32f50438,user,13,lain,1.0
user_62a1d229a061,user,11,lain,1.0
user_62b0013db4b9,user,16,lain,1.0
user_62b5ba728266,user,10,lain,1.0
user_62ba10f64d49,user,10,lain,1.0
user_62c4d02a2e3f,user,1,lain,1.0
user_62cc3b78a759,user,2,lain,1.0
user_62cd7244a5c6,user,4,lain,1.0
user_62cf411f31a7,user,1,lain,1.0
user_62d15fbec7e3,user,1,lain,1.0
user_62e19578ba45,user,5,lain,1.0
user_62e6c9e087f5,user,14,lain,1.0
user_62e866f557b1,user,4,lain,1.0
user_62eef40b8f8f,user,5,niat menonton,1.0
user_62f9c845ba0b,user,8,lain,1.0
user_62fc8f1f5031,user,15,niat menonton,1.0
user_63205f7fe9a5,user,9,lain,1.0
user_6337aa0eba65,user,4,lain,1.0
user_6345038a9bec,user,2,lain,1.0
user_634628716e78,user,5,lain,1.0
user_63483ec3cd75,user,3,lain,1.0
user_635eaf74d40f,user,11,lain,1.0
user_63642c0030e3,user,12,takut (pujian?),1.0
user_6366a5cc3c86,user,14,takut (pujian?),1.0
user_6367d56cb2f8,user,1,lain,2.0
user_6371f257de44,user,5,takut (pujian?),1.0
user_63762894da65,user,4,niat menonton,1.0
user_63778ca9d56f,user,5,lain,1.0
user_6384a99a7ae6,user,9,lain,1.0
user_638b409aa901,user,8,niat menonton,1.0
user_6393869d88a9,user,1,lain,1.0
user_63adaca5b8a2,user,13,lain,1.0
user_63b921b5d150,user,2,lain,1.0
user_63c300a0c87f,user,8,lain,2.0
user_63cd7786636b,user,5,lain,1.0
user_63d6e814eeb6,user,8,lain,1.0
user_63da99b962d4,user,8,takut (pujian?),1.0
user_63e598fc1050,user,6,lain,1.0
user_63f2413b83d5,user,6,niat menonton,1.0
user_63f30569cb64,user,7,lain,1.0
user_63f90f1bcf0a,user,3,lain,1.0
user_6402915abb98,user,1,lain,1.0
user_640fc7512880,user,2,lain,1.0
user_64128fac4077,user,2,lain,1.0
user_641a16addf1c,user,3,takut (pujian?),1.0
user_64206f98d061,user,6,lain,1.0
user_6421c2b98c45,user,12,takut (pujian?),1.0
user_642527e5a00c,user,6,niat menonton,1.0
user_642f0f726246,user,10,lain,1.0
user_64397d66acec,user,3,takut (pujian?),1.0
user_64456c340e82,user,3,lain,1.0
user_644be2bf1586,user,6,lain,1.0
user_644c328c04b9,user,2,niat menonton,1.0
user_645a3ee6c610,user,1,lain,1.0
user_645c97426fa8,user,12,lain,1.0
user_645d5130dbec,user,6,lain,1.0
user_6466a68829e4,user,14,lain,1.0
user_6470a782e3d1,user,5,takut (pujian?),1.0
user_6477b38ba2a4,user,1,lain,1.0
user_6486f7da10db,user,6,lain,1.0
user_64a45c7889c2,user,3,lain,1.0
user_64aa9db38328,user,11,lain,1.0
user_64b11a8c8175,user,6,lain,1.0
user_64b2be4382f4,user,5,lain,1.0
user_64c2cf3bb1fa,user,5,lain,1.0
user_64cf150ec648,user,8,niat menonton,1.0
user_64eaea220840,user,2,niat menonton,1.0
user_64f0609e5dd3,user,7,lain,1.0
user_64fdf123119f,user,1,lain,1.0
user_6505f83cf6a0,user,10,lain,1.0
user_6514fc880db9,user,1,niat menonton,1.0
user_651d8882b22f,user,6,takut (pujian?),1.0
user_651e21dd7a0f,user,1,lain,1.0
user_652403d1bc23,user,2,lain,2.0
user_6539c3822ce8,user,10,lain,1.0
user_654f5a3f730b,user,13,lain,1.0
user_6551f7d931f0,user,6,niat menonton,1.0
user_655309934f31,user,7,lain,1.0
user_65541ca0cba1,user,9,lain,1.0
user_6558984258ac,user,7,lain,1.0
user_6558b180027a,user,11,lain,1.0
user_655f6183c3ba,user,16,lain,1.0
user_658601b99d8b,user,8,takut (pujian?),1.0
user_6588c5b318b2,user,2,lain,1.0
user_659104344b08,user,16,lain,1.0
user_659a12daa2e6,user,5,takut (pujian?),1.0
user_659e0368c40b,user,9,lain,1.0
user_65a5fcc64072,user,7,lain,1.0
user_65a8d50fda8a,user,7,lain,1.0
user_65bdafe66b1e,user,12,lain,1.0
user_65c4e0cf747d,user,11,lain,1.0
user_65d9f3c5b653,user,1,lain,1.0
user_65e0ffb91918,user,14,lain,1.0
user_65eaf5489866,user,1,lain,1.0
user_65ed5c3d0bd6,user,14,lain,1.0
user_65ed7ae3bd66,user,2,lain,1.0
user_65f96b1cbfe3,user,1,lain,1.0
user_660b049ba03a,user,11,lain,1.0
user_661570bd6f68,user,2,lain,1.0
user_663264e08af0,user,9,lain,1.0
user_663698b1d32a,user,1,lain,1.0
user_6639b4561f4c,user,6,niat menonton,2.0
user_664ee1ad6948,user,7,lain,1.0
user_6657bdf3df9c,user,3,lain,1.0
user_66609f4c55d9,user,4,niat menonton,1.0
user_666511724e57,user,12,lain,1.0
user_66695f0c9425,user,3,lain,1.0
user_667e3a82a16d,user,5,lain,1.0
user_66a54b65d938,user,1,lain,1.0
user_66ae38b15c43,user,6,takut (pujian?),1.0
user_66ae6f611fb3,user,1,niat menonton,1.0
user_66b1a6e39759,user,7,takut (pujian?),1.0
user_66b2fb43f819,user,6,takut (pujian?),1.0
user_66d828aa96cc,user,14,lain,1.0
user_66edc3612d79,user,3,lain,1.0
user_67095afdf4fd,user,13,lain,1.0
user_671b518e1e71,user,5,lain,1.0
user_671b5f27298e,user,8,lain,1.0
user_671f52cf1f52,user,4,lain,2.0
user_6735ace3d054,user,2,lain,1.0
user_673d0b940de9,user,6,takut (pujian?),1.0
user_6747b8c08cba,user,10,lain,2.0
user_67502725008d,user,6,lain,1.0
user_6766782a088c,user,11,lain,1.0
user_676743d9c35c,user,3,takut (pujian?),1.0
user_6769b57df554,user,14,takut (pujian?),1.0
user_67732263743c,user,18,lain,1.0
user_67864b382b79,user,4,niat menonton,1.0
user_67936a1c5d46,user,4,lain,1.0
user_67959debaccb,user,8,niat menonton,1.0
user_67971e6d4a37,user,7,lain,1.0
user_679a74db77ca,user,3,lain,1.0
user_67b6e94b5e63,user,5,lain,1.0
user_67bdf36b3765,user,2,lain,1.0
user_67c3f1a1ab2d,user,10,lain,1.0
user_67d1f7b8b359,user,1,lain,1.0
user_67e0dc1a05ee,user,9,lain,1.0
user_6809506f3f6e,user,2,lain,1.0
user_680ae1f87d11,user,7,lain,1.0
user_68121b05094d,user,5,lain,1.0
user_681985a03d6b,user,1,niat menonton,1.0
user_681c08f5f5aa,user,7,takut (pujian?),1.0
user_683336741a8e,user,2,takut (pujian?),1.0
user_683554781513,user,2,takut (pujian?),1.0
user_683f6224245d,user,4,lain,1.0
user_6843041840ea,user,1,lain,1.0
user_68438a19c480,user,14,lain,1.0
user_68457d48fb95,user,12,takut (pujian?),1.0
user_684f6c4db027,user,2,lain,1.0
user_6851ae9df4db,user,3,lain,1.0
user_6863fe57e59b,user,6,takut (pujian?),2.0
user_68666302138c,user,4,lain,1.0
user_68696e544ec5,user,1,lain,1.0
user_686b82d85f04,user,11,lain,1.0
user_686c2b1bf95c,user,10,lain,1.0
user_68735330dba2,user,1,lain,1.0
user_68774aec17b9,user,3,lain,1.0
user_688f20831f12,user,13,lain,1.0
user_689760a46b34,user,4,lain,1.0
user_68979584e0b4,user,6,niat menonton,1.0
user_68a12b56bc2a,user,5,niat menonton,1.0
user_68b0a8f92a8d,user,15,lain,1.0
user_68be0bf7a1b7,user,5,takut (pujian?),1.0
user_68bf0f770bb3,user,1,takut (pujian?),1.0
user_68c9c57d6a93,user,9,lain,1.0
user_68d0a56c527a,user,11,lain,1.0
user_68d1708a33ec,user,2,lain,1.0
user_68d4607fcfbb,user,5,lain,1.0
user_68e145d645e7,user,15,lain,1.0
user_68e30d58c995,user,1,takut (pujian?),1.0
user_68e6e2bf08ba,user,1,lain,1.0
user_68ed3d38787d,user,4,lain,1.0
user_68ee1583a6aa,user,12,lain,1.0
user_68eec4435a40,user,6,lain,1.0
user_68f2453fab6c,user,4,lain,1.0
user_69291a4d93dc,user,2,lain,1.0
user_692f087507ef,user,1,takut (pujian?),1.0
user_6956900b8d59,user,9,lain,1.0
user_695a94770843,user,7,lain,1.0
user_696139dd0582,user,1,lain,1.0
user_6961f526d88e,user,4,lain,2.0
user_6966cda75dfa,user,7,lain,1.0
user_696f90118719,user,15,lain,1.0
user_696f993a1bd7,user,8,lain,1.0
user_697ed1aaaca9,user,1,lain,1.0
user_6986e26e31c6,user,1,lain,1.0
user_6999ee4c3c27,user,5,lain,1.0
user_699ee69045e2,user,4,lain,1.0
user_69a854a1669c,user,6,lain,1.0
user_69b4a633950c,user,7,lain,1.0
user_69bd11fb4f58,user,3,lain,1.0
user_69c720dda56c,user,1,niat menonton,1.0
user_69ca97ca0530,user,7,takut (pujian?),1.0
user_69da12bb55a9,user,1,lain,1.0
user_69df788165b3,user,3,lain,1.0
user_69e2a49e56a5,user,5,niat menonton,1.0
user_69e3bb00d57d,user,11,lain,1.0
user_69ea147bd2bf,user,10,lain,1.0
user_69f574ae77a8,user,4,lain,1.0
user_6a059de341ab,user,1,lain,1.0
user_6a2d45b56253,user,8,lain,1.0
user_6a3854d79201,user,10,lain,1.0
user_6a3a034dc011,user,10,lain,1.0
user_6a43e7bf72e8,user,14,lain,1.0
user_6a45d72cccbd,user,11,lain,1.0
user_6a51ac737d00,user,11,niat menonton,1.0
user_6a58065e76d8,user,10,lain,2.0
user_6a5c94b9a261,user,8,lain,1.0
user_6a5def581776,user,1,lain,1.0
user_6a666370ef48,user,2,lain,1.0
user_6a6c0c1b74b4,user,13,niat menonton,1.0
user_6a7de6f6776b,user,3,lain,1.0
user_6a8085b39323,user,15,lain,1.0
user_6a9306af685b,user,10,lain,1.0
user_6a95fc82a23a,user,1,lain,1.0
user_6aac1d230982,user,10,lain,1.0
user_6aace3a48b85,user,4,takut (pujian?),1.0
user_6ab1897eea53,user,3,takut (pujian?),1.0
user_6ab4eb0c9c6f,user,1,lain,1.0
user_6ac40f8bbd6a,user,2,lain,1.0
user_6ac51d872bc1,user,7,lain,1.0
user_6ac9c1ab4547,user,2,lain,1.0
user_6ad8884b3fc0,user,6,lain,1.0
user_6afacf0f3aed,user,3,niat menonton,1.0
user_6afb2745d3a9,user,2,lain,1.0
user_6afc37e9edcc,user,17,takut (pujian?),1.0
user_6afda1bb6bcf,user,10,lain,1.0
user_6afe95c39f56,user,3,lain,4.0
user_6b002464f222,user,3,lain,1.0
user_6b01607f4733,user,1,lain,1.0
user_6b0cf86e319f,user,7,lain,1.0
user_6b18a7b481bf,user,2,lain,1.0
user_6b1eb4efc822,user,9,lain,1.0
user_6b270711e9e4,user,10,lain,1.0
user_6b282e1fc854,user,1,lain,1.0
user_6b37bac4e5a8,user,2,lain,1.0
user_6b41e79a0319,user,10,takut (pujian?),1.0
user_6b5849115d86,user,11,lain,1.0
user_6b69d8ec3165,user,13,lain,1.0
user_6b7e9623e5da,user,1,lain,1.0
user_6b7fc6c7afdd,user,14,lain,1.0
user_6b8608a42163,user,1,lain,1.0
user_6ba3a28b7be6,user,11,lain,1.0
user_6ba6d1d464ee,user,2,lain,1.0
user_6ba764e95ca5,user,3,lain,1.0
user_6badf3d16ed9,user,6,lain,1.0
user_6bafce12b34c,user,14,lain,1.0
user_6bb9fbc638f3,user,6,lain,1.0
user_6bcb6a649f30,user,4,lain,1.0
user_6bcbb2cfe33c,user,10,niat menonton,1.0
user_6bd85d71e3c3,user,8,lain,1.0
user_6bda2cbf0df7,user,1,niat menonton,1.0
user_6bda5259989d,user,4,lain,1.0
user_6bdf29fda2f6,user,11,lain,1.0
user_6be090a93acb,user,3,niat menonton,1.0
user_6be24614f948,user,13,lain,1.0
user_6c0097081919,user,13,lain,1.0
user_6c11ae6dddf7,user,14,lain,1.0
user_6c1bcac7b679,user,15,lain,1.0
user_6c20109c178f,user,2,lain,1.0
user_6c2306e0d5d4,user,9,lain,1.0
user_6c268917c63f,user,9,lain,1.0
user_6c2fd3f58b81,user,9,lain,1.0
user_6c7a26315e82,user,5,lain,1.0
user_6c7a8a0d8895,user,1,lain,1.0
user_6c84c8909da3,user,3,lain,1.0
user_6c8e13c1e6b9,user,1,lain,1.0
user_6c9cfd15e2da,user,2,lain,1.0
user_6c9e9bd4f4a1,user,1,lain,1.0
user_6ca7b82eb424,user,3,lain,1.0
user_6ca98a057c07,user,6,lain,1.0
user_6cac98dfa91f,user,11,lain,1.0
user_6cb2f08f2570,user,7,takut (pujian?),1.0
user_6cb93e8a8fd3,user,2,lain,1.0
user_6cc7e6387bf2,user,1,lain,1.0
user_6cce8ca923d4,user,5,lain,1.0
user_6cda57299eb2,user,4,lain,1.0
user_6cde52f153fa,user,1,lain,1.0
user_6cf36a2fda05,user,10,lain,1.0
user_6cf769937d99,user,1,lain,1.0
user_6cfda1527b4e,user,12,lain,1.0
user_6d08cbde600f,user,10,lain,1.0
user_6d0a4e93ce5e,user,1,takut (pujian?),1.0
user_6d169d6f5568,user,4,lain,1.0
user_6d1f937c2c55,user,1,lain,1.0
user_6d2378ebbecd,user,10,lain,1.0
user_6d2d2c733f4c,user,10,lain,1.0
user_6d331649fe72,user,8,takut (pujian?),1.0
user_6d38d031dedc,user,13,lain,1.0
user_6d46f590bb98,user,2,lain,1.0
user_6d5228801333,user,13,lain,1.0
user_6d5980758c0d,user,14,takut (pujian?),1.0
user_6d5c4a34d349,user,11,lain,1.0
user_6d5d9fdf0041,user,2,lain,1.0
user_6d6ebe0f2f09,user,4,lain,1.0
user_6d771c377fb3,user,1,lain,1.0
user_6d84fe36ac92,user,3,lain,1.0
user_6d880c45bd89,user,2,lain,1.0
user_6da1ba113ce3,user,5,lain,1.0
user_6da33e21f721,user,11,lain,1.0
user_6da3de6be123,user,15,lain,1.0
user_6da5546935bc,user,7,lain,1.0
user_6da6745fa1df,user,4,lain,1.0
user_6da9085d0886,user,6,niat menonton,1.0
user_6dab0c863e22,user,7,lain,1.0
user_6db136bd972e,user,14,lain,1.0
user_6dc002aa8136,user,7,takut (pujian?),1.0
user_6dcf44618580,user,4,niat menonton,1.0
user_6dd182f49539,user,4,lain,1.0
user_6dd5d1e2ec6f,user,3,takut (pujian?),1.0
user_6ddf5c27268f,user,14,takut (pujian?),1.0
user_6de745cb980a,user,3,lain,1.0
user_6debe547c7bd,user,8,lain,1.0
user_6dec0d52eeb0,user,7,lain,1.0
user_6deff9afdb59,user,7,lain,1.0
user_6df18912eca6,user,10,niat menonton,1.0
user_6dfef8610a90,user,2,lain,1.0
user_6e01c3d4a380,user,1,lain,1.0
user_6e059972b4b7,user,8,lain,1.0
user_6e0c48e7e383,user,1,lain,1.0
user_6e267d23706f,user,7,lain,1.0
user_6e289759d59f,user,11,lain,1.0
user_6e31d6b5440f,user,1,lain,1.0
user_6e377cd09e30,user,2,lain,1.0
user_6e3e49068078,user,7,lain,1.0
user_6e47deb2992d,user,7,lain,1.0
user_6e48a5097f8a,user,11,lain,1.0
user_6e49e7e1cbec,user,7,takut (pujian?),1.0
user_6e4cc69cd880,user,3,lain,1.0
user_6e4df8640e68,user,1,lain,1.0
user_6e4f76361047,user,4,lain,1.0
user_6e58502d20cd,user,9,lain,2.0
user_6e5875b1179e,user,2,lain,1.0
user_6e604f796c0f,user,4,lain,1.0
user_6e629668069b,user,1,lain,2.0
user_6e66ddf78c7e,user,12,lain,1.0
user_6e697a3738d2,user,6,niat menonton,1.0
user_6e6d8ece3e96,user,15,lain,1.0
user_6e7d167bc249,user,1,lain,1.0
user_6e86dc9e3c99,user,12,niat menonton,1.0
user_6ea944005c20,user,1,lain,1.0
user_6ea9cab5c934,user,6,niat menonton,1.0
user_6eaa4994ab58,user,6,lain,1.0
user_6ebcc68e1ac2,user,2,lain,1.0
user_6ec4ff7fabb9,user,6,lain,1.0
user_6ecb4d7ff354,user,1,niat menonton,1.0
user_6ecd82bcde47,user,5,lain,1.0
user_6ee50cda10cd,user,2,niat menonton,2.0
user_6eedf8cba8bf,user,8,lain,1.0
user_6ef3cfa0a51c,user,7,lain,1.0
user_6efa732224a4,user,6,lain,1.0
user_6efb6afa361a,user,6,lain,1.0
user_6efeceee5d25,user,4,lain,1.0
user_6f171615b30c,user,4,lain,1.0
user_6f1dd5949840,user,8,lain,1.0
user_6f25637ade93,user,1,niat menonton,1.0
user_6f28f958605b,user,13,lain,2.0
user_6f3f50d1140c,user,5,lain,1.0
user_6f46b8b62c42,user,1,lain,1.0
user_6f51f2a9c86c,user,9,lain,1.0
user_6f5948210f1f,user,4,lain,1.0
user_6f5a0e5f6da1,user,15,lain,1.0
user_6f5e263ba397,user,7,lain,1.0
user_6f719e47b1a4,user,6,lain,1.0
user_6f775d016e20,user,13,lain,1.0
user_6f78a844ba5e,user,2,lain,1.0
user_6f98f3624f84,user,1,lain,1.0
user_6fb60b51832b,user,7,lain,1.0
user_6fc58f29157e,user,18,niat menonton,1.0
user_6fc72f00d16e,user,1,lain,1.0
user_6fcb2495c760,user,3,takut (pujian?),1.0
user_6fcf431520c0,user,2,lain,1.0
user_6fdfadf20e49,user,1,lain,1.0
user_6fe951a0c9c5,user,1,lain,1.0
user_6fee1e7683a2,user,1,lain,1.0
user_6ff4c8baf9ec,user,4,lain,1.0
user_70230d1d6d12,user,1,niat menonton,1.0
user_70244c7c47a0,user,1,niat menonton,1.0
user_702649122989,user,11,lain,1.0
user_702a855baec6,user,3,lain,1.0
user_702c02875f3f,user,1,takut (pujian?),1.0
user_70332f162252,user,11,lain,1.0
user_7035579db7ea,user,10,lain,1.0
user_7037667a87e1,user,7,takut (pujian?),1.0
user_703ad30de8f4,user,8,lain,1.0
user_70439ebc7342,user,13,lain,1.0
user_7054cbba8778,user,7,takut (pujian?),1.0
user_7058c2cad38e,user,7,lain,1.0
user_706514f418fc,user,5,niat menonton,1.0
user_7065ef9d38ff,user,4,lain,1.0
user_7067c2ca1728,user,1,lain,2.0
user_707bcc0bacd1,user,1,lain,1.0
user_70820a5623ba,user,1,lain,1.0
user_7087772db823,user,10,takut (pujian?),1.0
user_708f40d87715,user,5,lain,1.0
user_70935a501fbc,user,5,lain,1.0
user_7098b445d203,user,5,lain,1.0
user_709cdfa71f9a,user,8,lain,1.0
user_709cfaa55e3a,user,1,niat menonton,1.0
user_709d28316f37,user,2,lain,1.0
user_709da9dee828,user,9,takut (pujian?),1.0
user_70a2f70a2953,user,3,lain,1.0
user_70ad63c7b7f9,user,1,lain,1.0
user_70b7a41f8467,user,3,lain,1.0
user_70ba3ae36ea0,user,10,lain,2.0
user_70c789cd8e62,user,6,lain,1.0
user_70d55ee975de,user,5,niat menonton,1.0
user_70dee9f0ce73,user,11,lain,1.0
user_70e4b1f8a2b2,user,6,lain,1.0
user_70e79b670149,user,1,niat menonton,1.0
user_70f0a1ae9100,user,2,lain,1.0
user_70f4d6458144,user,1,lain,1.0
user_70f52b0e7f54,user,17,lain,1.0
user_7101abe92b27,user,15,lain,1.0
user_710307c75328,user,13,lain,1.0
user_711563d72740,user,9,lain,1.0
user_712eae87e5b1,user,1,lain,1.0
user_71385be866bb,user,3,lain,1.0
user_713df1cf181e,user,7,niat menonton,1.0
user_713eb5056930,user,9,lain,1.0
user_7148ef93890f,user,8,lain,1.0
user_7153d2b13130,user,16,lain,1.0
user_7158e47c909c,user,9,lain,1.0
user_716604228979,user,6,niat menonton,1.0
user_71664afb5189,user,11,lain,1.0
user_716bbdfb9961,user,1,lain,1.0
user_7171e5476a89,user,13,lain,4.0
user_7180cd751450,user,11,lain,1.0
user_7183b3519c71,user,9,lain,1.0
user_718e3ccf8185,user,3,niat menonton,1.0
user_719679c95318,user,5,lain,1.0
user_719aac698821,user,1,lain,1.0
user_719beb952568,user,5,lain,1.0
user_719de45dc65a,user,16,lain,1.0
user_71c6429802c2,user,3,lain,1.0
user_71c98a56d678,user,14,lain,1.0
user_71d389d3a256,user,4,lain,1.0
user_71e24dab8e9f,user,6,lain,2.0
user_71e68d210095,user,2,lain,1.0
user_71eab7cb8a02,user,11,lain,1.0
user_71ed88afbcc8,user,4,lain,1.0
user_72114a4c0130,user,2,lain,1.0
user_7213c44b4861,user,6,lain,1.0
user_7227385b7565,user,3,lain,1.0
user_7227c64e9ff3,user,1,lain,1.0
user_722b04b11021,user,2,lain,1.0
user_722cf8ee6fd6,user,2,lain,1.0
user_7230de186ba9,user,14,lain,1.0
user_723781d06ad0,user,1,lain,1.0
user_7239eaf0452a,user,2,lain,4.0
user_723a8ff0401d,user,6,lain,1.0
user_7241631ba357,user,4,lain,1.0
user_724948753125,user,14,lain,1.0
user_724b0c2f206f,user,12,lain,1.0
user_726b8dca1a51,user,1,lain,1.0
user_726d0efb7ec2,user,3,lain,1.0
user_72731693103c,user,4,niat menonton,1.0
user_7293607867d0,user,15,lain,1.0
user_729591103535,user,10,lain,1.0
user_729a4d83f78a,user,6,lain,1.0
user_729f893407db,user,9,takut (pujian?),1.0
user_72b097c8f930,user,6,niat menonton,1.0
user_72b25922ea53,user,1,niat menonton,1.0
user_72b49818ca3c,user,14,lain,1.0
user_72b9afaaf162,user,12,takut (pujian?),1.0
user_72c292b1f782,user,6,takut (pujian?),1.0
user_72cf32cb0d97,user,1,lain,1.0
user_72de5f522dc2,user,6,lain,1.0
user_72e038933058,user,6,niat menonton,1.0
user_72f66d12a55d,user,4,lain,1.0
user_72f7391d765d,user,2,lain,1.0
user_72fcd77aa215,user,1,lain,3.0
user_730da7ea620d,user,11,lain,1.0
user_7312dc553216,user,3,lain,1.0
user_73289c57c53a,user,14,lain,1.0
user_7330715bd733,user,8,lain,1.0
user_73338dfa5b8b,user,9,lain,1.0
user_733b7899ac03,user,9,lain,1.0
user_73419a050097,user,6,takut (pujian?),1.0
user_734b441ffa8c,user,11,lain,1.0
user_7371a8dac586,user,5,niat menonton,2.0
user_737715fddf60,user,6,takut (pujian?),1.0
user_7378dc50292f,user,8,niat menonton,1.0
user_737a49dce8e9,user,12,takut (pujian?),1.0
user_737ffbf73ee2,user,1,lain,1.0
user_73848db937b6,user,7,lain,1.0
user_7397160cb29e,user,4,takut (pujian?),1.0
user_739e47607852,user,9,niat menonton,1.0
user_739ee30e9d19,user,13,lain,1.0
user_73afd873b856,user,2,lain,1.0
user_73b2f242818a,user,17,lain,1.0
user_73b886d12fca,user,7,lain,1.0
user_73ba08e7d901,user,5,lain,1.0
user_73c77b62715b,user,4,takut (pujian?),1.0
user_73cbb573e06d,user,1,lain,1.0
user_73cef0f65afe,user,8,lain,1.0
user_73db27a81568,user,16,lain,1.0
user_73ddeea29dea,user,1,lain,1.0
user_73fb4a2debed,user,15,lain,1.0
user_7405606eae2a,user,1,lain,1.0
user_741fb3c1fefe,user,1,lain,1.0
user_7425247e5e5d,user,4,lain,1.0
user_742eafa8f746,user,12,lain,1.0
user_743dc4aaad5d,user,3,lain,1.0
user_743e3c91145a,user,9,lain,1.0
user_7445c842be29,user,9,lain,1.0
user_744a8c455259,user,3,lain,1.0
user_744a911728f6,user,7,lain,1.0
user_744dd16cd8b5,user,4,lain,1.0
user_74551a70b51a,user,10,lain,1.0
user_746b66f6b39c,user,5,lain,1.0
user_74737e78b50a,user,8,lain,2.0
user_74765eb275b8,user,3,lain,1.0
user_7482a29658fe,user,9,lain,1.0
user_7487da209e78,user,11,lain,1.0
user_74993388dae7,user,3,niat menonton,1.0
user_74b51eb9e832,user,6,lain,1.0
user_74bca5e4d42d,user,8,takut (pujian?),1.0
user_74d54c083b97,user,2,lain,1.0
user_74dadb99e342,user,16,lain,1.0
user_74ddb73e5adf,user,12,niat menonton,1.0
user_74e798964926,user,10,niat menonton,1.0
user_7506b29d8b27,user,1,takut (pujian?),1.0
user_7506fb9f725a,user,12,lain,1.0
user_75096ae5e44b,user,10,lain,1.0
user_7512ac158634,user,4,takut (pujian?),1.0
user_751a3b7b9bd8,user,15,lain,1.0
user_752ae51353c7,user,5,lain,1.0
user_752e8871772c,user,1,niat menonton,1.0
user_75417861f629,user,1,lain,1.0
user_7559dd714c62,user,5,lain,1.0
user_755a7a673e83,user,1,lain,1.0
user_755ffef453b3,user,9,lain,1.0
user_756e012049cc,user,1,takut (pujian?),1.0
user_756fff9593e9,user,9,niat menonton,1.0
user_7578b4e49041,user,1,lain,1.0
user_7578c8cdefed,user,9,niat menonton,1.0
user_758c4ff32eb2,user,1,lain,1.0
user_75a550503db1,user,12,lain,2.0
user_75ae0681d21c,user,1,takut (pujian?),1.0
user_75b4186e290d,user,4,lain,1.0
user_75b9c8a19220,user,6,lain,1.0
user_75c77dafe142,user,13,lain,1.0
user_75cac6ab7a2d,user,1,lain,1.0
user_75ce2bf26782,user,1,lain,1.0
user_75d22dff6395,user,12,lain,1.0
user_75da136fd77e,user,9,lain,1.0
user_75dec23962cc,user,14,lain,1.0
user_75e0c2f391c7,user,4,lain,1.0
user_75e86addbdff,user,9,lain,1.0
user_75eee9a0b669,user,5,lain,1.0
user_75f27dfaad5b,user,5,niat menonton,1.0
user_75f56b749fc3,user,13,lain,1.0
user_75f8627f252f,user,11,lain,1.0
user_7618b6fbc191,user,11,lain,3.0
user_761b8eb5da05,user,2,takut (pujian?),1.0
user_761fae8cbdad,user,12,lain,1.0
user_762298236282,user,13,lain,2.0
user_762f6791927f,user,10,lain,2.0
user_7642ebfa91a6,user,5,lain,2.0
user_764415f191d3,user,16,lain,1.0
user_76472a02f200,user,2,takut (pujian?),1.0
user_7648b3766513,user,4,lain,1.0
user_764e8ed83e0f,user,12,lain,1.0
user_7653f25a82df,user,10,lain,1.0
user_7657575bd340,user,8,lain,1.0
user_766c0312e1b8,user,6,lain,1.0
user_76793bc9d779,user,8,lain,1.0
user_76a7bb6572b9,user,5,lain,1.0
user_76ac5eae4598,user,4,niat menonton,1.0
user_76b24f6a0cb0,user,12,takut (pujian?),1.0
user_76d27ba9709d,user,13,lain,1.0
user_76dd6d574c45,user,1,lain,2.0
user_76e037e54f62,user,5,lain,1.0
user_76e6116a4374,user,9,lain,1.0
user_76f90f8e0687,user,2,takut (pujian?),1.0
user_7716ecd3b996,user,4,lain,1.0
user_772312ed8f73,user,1,lain,1.0
user_77298920ea81,user,2,lain,1.0
user_7734829172c4,user,14,takut (pujian?),1.0
user_7742053db741,user,6,lain,1.0
user_77470a64e623,user,12,lain,1.0
user_774e7b14e9e3,user,6,lain,1.0
user_7750872e9e62,user,2,takut (pujian?),1.0
user_77598ad72e76,user,2,lain,1.0
user_776752277057,user,1,lain,1.0
user_776ea55b5fef,user,10,takut (pujian?),1.0
user_7776643b8e1e,user,9,lain,1.0
user_7779ad396763,user,2,lain,4.0
user_778f07fbdb0f,user,1,lain,1.0
user_778f11f00458,user,17,lain,1.0
user_77a5929d7712,user,1,takut (pujian?),1.0
user_77a7b8f30d40,user,16,lain,1.0
user_77a8ca44408e,user,2,lain,1.0
user_77af0a22568a,user,11,niat menonton,1.0
user_77b2a60c4d30,user,6,lain,1.0
user_77bceadfadc2,user,9,lain,1.0
user_77be908d1794,user,13,lain,1.0
user_77cc4d252d02,user,2,lain,1.0
user_77d23ba06aa4,user,3,niat menonton,1.0
user_77f6282b49c1,user,12,niat menonton,1.0
user_77f8aaf277f1,user,4,niat menonton,1.0
user_77fc9235905f,user,7,lain,1.0
user_780eaea5a012,user,1,lain,1.0
user_781110dc10b8,user,6,lain,1.0
user_78205aa77b20,user,1,lain,1.0
user_782b0d0a2015,user,3,lain,1.0
user_78470051e5a6,user,13,takut (pujian?),1.0
user_785f7b928adc,user,7,lain,1.0
user_7873be785f8e,user,1,takut (pujian?),1.0
user_7874fc188ff4,user,7,lain,1.0
user_7879f06378bf,user,7,lain,4.0
user_787a0e8c4892,user,8,lain,1.0
user_787cc8a7a5f4,user,8,takut (pujian?),2.0
user_788317022b41,user,5,lain,1.0
user_78bae0b69c7f,user,7,lain,1.0
user_78f10c45e089,user,3,lain,1.0
user_78f258d00a46,user,11,lain,1.0
user_78ff21b2c97b,user,1,lain,1.0
user_7903a1a10de8,user,17,lain,2.0
user_7909ffcce7ff,user,9,lain,1.0
user_790d5a5a3211,user,2,lain,1.0
user_791e8b8c538c,user,7,lain,2.0
user_79204b233dad,user,3,lain,1.0
user_7921142f4fb8,user,14,lain,1.0
user_79261e73818a,user,3,lain,1.0
user_792d32821f1f,user,1,takut (pujian?),1.0
user_792fced3d3da,user,1,niat menonton,1.0
user_793225c9507a,user,2,niat menonton,1.0
user_7937051e7376,user,1,takut (pujian?),1.0
user_7946f7fe477b,user,6,lain,1.0
user_794ae245ffda,user,8,lain,1.0
user_7950b90f7845,user,10,lain,1.0
user_7953265aca71,user,1,lain,1.0
user_795c80372dd6,user,11,lain,1.0
user_795e415b6a31,user,13,lain,1.0
user_795fc9de4b08,user,2,lain,1.0
user_796bb23ddcb5,user,14,lain,1.0
user_7971f0f6a85e,user,7,lain,1.0
user_797ddbd4f073,user,5,takut (pujian?),1.0
user_7981bc7c1e6f,user,3,niat menonton,1.0
user_7983e6c81cb3,user,9,lain,1.0
user_798fc47abc77,user,2,lain,1.0
user_79935c6ee419,user,8,lain,1.0
user_79965df08204,user,7,lain,1.0
user_79ae8e8fbb5a,user,9,lain,1.0
user_79af63fa5958,user,5,lain,1.0
user_79afea161df2,user,6,lain,1.0
user_79b38807e46c,user,3,lain,1.0
user_79bf94da48ea,user,2,lain,1.0
user_79d97766898c,user,1,lain,1.0
user_79e4b1a07b7f,user,1,lain,1.0
user_79f5e24e91b4,user,8,takut (pujian?),1.0
user_7a0234278953,user,8,lain,1.0
user_7a0f685afe5b,user,9,lain,1.0
user_7a1ea4753c51,user,5,lain,1.0
user_7a2b08d0f531,user,1,lain,1.0
user_7a2e00d8a002,user,8,lain,1.0
user_7a35ff377c7a,user,3,lain,1.0
user_7a374221ddf9,user,6,lain,1.0
user_7a3c66edbdba,user,4,lain,1.0
user_7a5bb8a98cf4,user,10,takut (pujian?),1.0
user_7a5d51af99f6,user,7,niat menonton,1.0
user_7a5f95619a9e,user,11,lain,1.0
user_7a64ac3210a3,user,15,lain,1.0
user_7a7d0db0fd36,user,8,lain,1.0
user_7a7d26763940,user,1,lain,1.0
user_7a8a95133b37,user,2,lain,1.0
user_7a96e01157e8,user,10,lain,1.0
user_7abd038501c8,user,13,lain,1.0
user_7acb4d7e63ac,user,2,lain,1.0
user_7acfef2c5a69,user,2,takut (pujian?),1.0
user_7ad0235e0cd0,user,8,lain,1.0
user_7ad36f7fe966,user,1,niat menonton,1.0
user_7ad7ad33490e,user,8,lain,1.0
user_7ada817f3ba0,user,12,lain,1.0
user_7aea9adaf43d,user,1,lain,1.0
user_7aeecdeaa408,user,3,lain,1.0
user_7af10e7ca1d2,user,1,lain,1.0
user_7af1e4ed2a9f,user,3,lain,1.0
user_7af37f5b6f35,user,12,niat menonton,1.0
user_7afc09fa2c21,user,1,lain,1.0
user_7afd9eab10a9,user,6,takut (pujian?),1.0
user_7b03995c6f52,user,4,lain,1.0
user_7b0e3b0ac9ec,user,14,lain,1.0
user_7b1cead4579e,user,8,lain,1.0
user_7b294e972bcb,user,7,takut (pujian?),1.0
user_7b2bb799e532,user,10,lain,1.0
user_7b2ea548da44,user,2,lain,1.0
user_7b3270757d37,user,4,lain,1.0
user_7b393a0cf947,user,1,takut (pujian?),1.0
user_7b397c2d0914,user,9,takut (pujian?),1.0
user_7b4a81852e8a,user,6,niat menonton,1.0
user_7b4fe65f18df,user,6,niat menonton,1.0
user_7b51e2a4a8ab,user,4,lain,1.0
user_7b52e048de16,user,1,lain,1.0
user_7b63c85a8e47,user,12,takut (pujian?),1.0
user_7b68008cde71,user,5,lain,1.0
user_7b6a0a14a0cb,user,2,lain,1.0
user_7b96ba9139ad,user,1,lain,1.0
user_7b9a4a38a0fe,user,1,lain,1.0
user_7b9bea900f38,user,3,lain,1.0
user_7ba33b87936b,user,8,lain,2.0
user_7ba788e3495b,user,17,lain,1.0
user_7bb12f0ec1be,user,6,lain,1.0
user_7bb4d01a57d7,user,2,lain,1.0
user_7bba03c61fac,user,1,niat menonton,1.0
user_7bc20976ce05,user,1,lain,1.0
user_7bc9f8cfa47c,user,7,lain,1.0
user_7bccab152fec,user,6,lain,2.0
user_7bccac41c317,user,5,lain,1.0
user_7bd2f11d34a1,user,7,lain,1.0
user_7bd97c78210c,user,2,lain,1.0
user_7be2ca3151dc,user,1,lain,1.0
user_7bea67fa2aee,user,5,lain,1.0
user_7bfc7fcfb457,user,1,lain,1.0
user_7c2862164bc8,user,11,lain,1.0
user_7c2994353ef0,user,2,lain,1.0
user_7c33fc634b7b,user,4,lain,1.0
user_7c3432510d0f,user,3,niat menonton,1.0
user_7c3c9148c395,user,6,lain,1.0
user_7c4431df87b2,user,5,lain,1.0
user_7c459b313708,user,2,lain,1.0
user_7c4b6289e3d6,user,8,lain,1.0
user_7c5336d773df,user,2,lain,1.0
user_7c54d2a8b813,user,4,niat menonton,1.0
user_7c578c45d3b3,user,2,lain,1.0
user_7c591bccef72,user,8,lain,1.0
user_7c66493b12b0,user,5,lain,1.0
user_7c77f1aa63e2,user,3,lain,1.0
user_7c8037e2dc56,user,14,niat menonton,1.0
user_7c898690d845,user,15,lain,1.0
user_7c8e6fa3b7e9,user,1,lain,1.0
user_7cab4853b6cd,user,6,takut (pujian?),1.0
user_7cae64e33ba4,user,2,lain,1.0
user_7cb1a4b12154,user,12,lain,1.0
user_7cc49b55e0cc,user,1,lain,1.0
user_7cc9fb9f1c82,user,13,lain,1.0
user_7cd2a3ba4d33,user,11,lain,1.0
user_7cf7bd0b7d0e,user,3,lain,1.0
user_7cfab8b06424,user,6,lain,1.0
user_7cfcade94699,user,5,lain,1.0
user_7d07cd6ff4c9,user,1,lain,1.0
user_7d09f4413b5e,user,5,lain,1.0
user_7d117c1808e4,user,17,lain,1.0
user_7d1977ff1a22,user,1,takut (pujian?),1.0
user_7d219633150b,user,1,lain,1.0
user_7d22393d3413,user,15,lain,1.0
user_7d230a3b51b9,user,1,lain,1.0
user_7d252d5738f0,user,1,takut (pujian?),1.0
user_7d25fac9295d,user,3,lain,1.0
user_7d27d30202e5,user,2,lain,1.0
user_7d28c186c136,user,17,lain,2.0
user_7d2d481b4971,user,1,niat menonton,1.0
user_7d2eeb70bf80,user,18,lain,1.0
user_7d34f1a26d0c,user,8,lain,1.0
user_7d39b1ea8563,user,3,lain,1.0
user_7d3bb3c77fae,user,6,lain,1.0
user_7d4358e5bc03,user,15,lain,1.0
user_7d4b6fcc9064,user,2,lain,1.0
user_7d4d6a2e5fd7,user,15,lain,1.0
user_7d54abdd445d,user,9,lain,1.0
user_7d567538172f,user,1,takut (pujian?),1.0
user_7d569d47f43b,user,9,lain,1.0
user_7d5a2164eb3f,user,5,takut (pujian?),1.0
user_7d5da797b845,user,8,takut (pujian?),1.0
user_7d6c8492c1f5,user,6,niat menonton,1.0
user_7d6e84a23140,user,3,niat menonton,1.0
user_7d764cb9de7b,user,8,takut (pujian?),1.0
user_7d7fe0655a1e,user,1,lain,1.0
user_7da6666ada55,user,5,lain,1.0
user_7da6d158bbff,user,2,lain,1.0
user_7db72c650b8d,user,12,lain,2.0
user_7dbbaa9c1486,user,2,lain,1.0
user_7dc1ebbac13a,user,8,lain,1.0
user_7dc250bf419e,user,2,lain,1.0
user_7dc9931777ea,user,11,lain,1.0
user_7dcce5db87cb,user,1,niat menonton,1.0
user_7dd7b3ecf0ef,user,7,lain,1.0
user_7dd8520ac30e,user,11,lain,1.0
user_7df80c00a6d8,user,3,lain,1.0
user_7dff2ec69ef4,user,8,lain,1.0
user_7e0f02dcf6f7,user,15,lain,1.0
user_7e15005a5c2d,user,3,lain,1.0
user_7e1652183f65,user,7,niat menonton,1.0
user_7e256a36b4d2,user,15,lain,1.0
user_7e342847b920,user,5,lain,1.0
user_7e374a26f836,user,4,lain,1.0
user_7e408bf931ff,user,9,lain,1.0
user_7e425c46a388,user,3,lain,1.0
user_7e52e01e3e32,user,7,lain,1.0
user_7e5617c943d2,user,4,lain,1.0
user_7e6ac70d20be,user,8,lain,2.0
user_7e731ade8f45,user,6,niat menonton,1.0
user_7e74dd8c52b9,user,1,lain,1.0
user_7e7a97476168,user,3,lain,1.0
user_7e7b6abad086,user,1,lain,1.0
user_7e8132096b41,user,2,lain,1.0
user_7e8179585791,user,2,lain,1.0
user_7e885af6c4f8,user,1,lain,1.0
user_7e946bc02f1d,user,9,takut (pujian?),1.0
user_7eb1445a7295,user,4,takut (pujian?),1.0
user_7ed3908a4262,user,1,lain,1.0
user_7ed92d4ab25c,user,1,takut (pujian?),1.0
user_7ee1436d41a2,user,1,niat menonton,1.0
user_7efb55c01d2c,user,12,takut (pujian?),1.0
user_7f033e91c9a9,user,13,niat menonton,1.0
user_7f05a5b22968,user,7,lain,1.0
user_7f1977209328,user,5,lain,1.0
user_7f1d1a96848c,user,3,lain,1.0
user_7f2800e7810f,user,12,lain,1.0
user_7f2959a6c0cc,user,1,lain,1.0
user_7f2ea7b46211,user,3,niat menonton,1.0
user_7f37aaac917d,user,1,lain,1.0
user_7f3c324ccf28,user,1,lain,1.0
user_7f49346a6054,user,4,niat menonton,1.0
user_7f4ba9ec7145,user,3,lain,1.0
user_7f52e27724e3,user,1,lain,1.0
user_7f566083023c,user,1,lain,1.0
user_7f576abb7676,user,7,takut (pujian?),1.0
user_7f587805566a,user,14,lain,1.0
user_7f6cdb17ba04,user,8,takut (pujian?),1.0
user_7f76df44c738,user,1,takut (pujian?),1.0
user_7f7c0ce69d83,user,7,lain,1.0
user_7f84711f9a2d,user,4,lain,1.0
user_7f85ec4f9b53,user,8,lain,1.0
user_7f99a1dbea02,user,10,takut (pujian?),1.0
user_7f9bf19978d7,user,4,lain,1.0
user_7fa07194ee34,user,5,lain,1.0
user_7fa2b932a550,user,9,lain,1.0
user_7fa5302b7076,user,15,lain,1.0
user_7fda1be5adf4,user,4,lain,1.0
user_7fdd1c5abc0d,user,4,lain,1.0
user_7fff058886dd,user,8,lain,1.0
user_80074765fa2a,user,8,lain,1.0
user_8008c3c11598,user,14,lain,1.0
user_8009bae8cf03,user,16,lain,1.0
user_800d844d0870,user,6,lain,1.0
user_8015a64202ec,user,8,lain,1.0
user_801626add9f3,user,2,lain,1.0
user_80173e226fa6,user,5,lain,1.0
user_802c4ab8e43b,user,12,lain,1.0
user_802cb557ff40,user,10,lain,1.0
user_8036cd4336b7,user,13,lain,1.0
user_8037e2216ba5,user,2,lain,1.0
user_80390c2e430a,user,1,lain,1.0
user_803937f66f4c,user,10,niat menonton,1.0
user_803d93f553db,user,16,lain,1.0
user_803e2b215b0a,user,8,lain,1.0
user_803f416cf5d3,user,11,lain,1.0
user_803fc673b9f9,user,8,takut (pujian?),1.0
user_8061018be159,user,3,lain,1.0
user_8066398769e2,user,4,lain,1.0
user_8068186ba918,user,15,lain,1.0
user_806b9028a194,user,5,lain,1.0
user_807ede8fbe46,user,11,lain,1.0
user_80800918d8ed,user,1,lain,1.0
user_8080cbd8c98b,user,10,lain,1.0
user_8087fd226495,user,9,lain,1.0
user_808fc93348a8,user,1,niat menonton,1.0
user_8090dde1e87d,user,2,takut (pujian?),1.0
user_809482d1a436,user,4,lain,1.0
user_80951bdb7209,user,1,lain,1.0
user_80a552df07a3,user,10,niat menonton,1.0
user_80b69ba8fe0a,user,15,lain,1.0
user_80b764850b57,user,13,niat menonton,1.0
user_80b8e4d533f9,user,4,lain,1.0
user_80bcbcd40c30,user,1,lain,2.0
user_80bd49984cec,user,1,niat menonton,1.0
user_80c8c3404da0,user,3,lain,1.0
user_80cb9a5a8e8b,user,5,lain,1.0
user_80d9eba34dae,user,2,lain,1.0
user_80dd647e3e6b,user,5,lain,1.0
user_80eafb2a1dea,user,1,lain,1.0
user_80f14c7df47f,user,2,lain,1.0
user_8106c3e235eb,user,5,lain,1.0
user_810775288318,user,3,takut (pujian?),1.0
user_8124db8a98e1,user,3,lain,1.0
user_812df5d975c5,user,3,takut (pujian?),1.0
user_81312feab544,user,5,lain,1.0
user_8134b2951c1c,user,8,lain,1.0
user_8136321293bf,user,3,lain,1.0
user_8136dd7f2de9,user,12,lain,2.0
user_813f35826d1f,user,7,lain,1.0
user_8143d5aaf74f,user,11,lain,1.0
user_81457867e798,user,9,lain,1.0
user_814f842aba15,user,5,lain,1.0
user_815382e50d41,user,2,lain,1.0
user_815a0ec59669,user,15,lain,1.0
user_816c19531e52,user,7,lain,1.0
user_816d761e4a8e,user,1,lain,1.0
user_817ac8e3713b,user,2,lain,1.0
user_818d430ed143,user,2,lain,1.0
user_819082b96962,user,3,lain,2.0
user_8199b89046ba,user,1,lain,1.0
user_81a6da69a746,user,1,lain,1.0
user_81ae6c6ca177,user,13,niat menonton,1.0
user_81c0bd69b8ed,user,2,lain,1.0
user_81c649a4bbc9,user,7,lain,1.0
user_81c80a25204b,user,1,lain,1.0
user_81c929c032a5,user,9,niat menonton,1.0
user_81cb89a4f482,user,6,lain,1.0
user_81d1b8c246a2,user,3,niat menonton,1.0
user_81d2612e198d,user,6,lain,1.0
user_81dc83f535a9,user,8,lain,1.0
user_81de963450fb,user,6,niat menonton,1.0
user_81ee6e95f6be,user,1,lain,1.0
user_81facc4f4115,user,10,lain,1.0
user_81fbc3c28cee,user,2,lain,1.0
user_8202eca3ec89,user,2,lain,2.0
user_82131ee352f3,user,7,takut (pujian?),1.0
user_8214cc85aab5,user,1,lain,1.0
user_8222458190b3,user,5,lain,1.0
user_8225db7db8f2,user,8,lain,1.0
user_82272e88c759,user,4,lain,1.0
user_82273cfc73b0,user,12,lain,1.0
user_822f1905c9da,user,7,lain,1.0
user_823c09c930dc,user,11,lain,1.0
user_8246fc4d0472,user,7,takut (pujian?),1.0
user_825102e3b3f8,user,8,lain,1.0
user_82583cdcf994,user,6,takut (pujian?),2.0
user_8258f4032d93,user,5,lain,1.0
user_8271cc9c57fd,user,1,lain,1.0
user_8274ea606c0c,user,13,lain,1.0
user_8277a9a9b58c,user,7,takut (pujian?),1.0
user_827f1e9dc398,user,1,niat menonton,1.0
user_828450a719fc,user,8,lain,1.0
user_8298f3efc202,user,9,lain,1.0
user_829e418bf92f,user,2,lain,1.0
user_82a08603631f,user,1,takut (pujian?),1.0
user_82b053bf906f,user,7,lain,1.0
user_82b2fcbd0a5f,user,15,lain,1.0
user_82c3e58ab269,user,9,niat menonton,1.0
user_82c861465076,user,1,takut (pujian?),1.0
user_82c99f7a4613,user,11,lain,1.0
user_82d6587d1e8b,user,10,lain,1.0
user_82e8e0c931dc,user,7,lain,1.0
user_82eb3a4171aa,user,15,lain,1.0
user_82f616761fea,user,1,takut (pujian?),1.0
user_830516a9456d,user,8,lain,1.0
user_8311b07c02fe,user,2,lain,1.0
user_8323b5c5cd25,user,3,lain,1.0
user_8325a7c67739,user,11,lain,1.0
user_83328dd1c14a,user,13,lain,1.0
user_834740f97b67,user,3,niat menonton,1.0
user_834c8b6c9283,user,2,takut (pujian?),1.0
user_834e3c234176,user,2,lain,1.0
user_835853c3c30d,user,1,niat menonton,1.0
user_83672302743a,user,8,takut (pujian?),1.0
user_837b0b1372dd,user,11,lain,1.0
user_837cd57d1b29,user,3,lain,1.0
user_8386aa64a220,user,10,lain,1.0
user_8392618f08d5,user,8,lain,1.0
user_839c22c484a7,user,1,lain,1.0
user_83b6ad3b32e2,user,2,lain,1.0
user_83bf0edaf414,user,8,lain,1.0
user_83c419e340a5,user,5,lain,1.0
user_83d0443da917,user,4,takut (pujian?),1.0
user_83e4c58f97c5,user,4,lain,1.0
user_83edeee7f423,user,11,lain,1.0
user_83f37824283f,user,1,takut (pujian?),1.0
user_83f579e99b05,user,5,lain,2.0
user_83fbf3531fd4,user,10,niat menonton,1.0
user_84009e5a9816,user,11,lain,1.0
user_84110201f654,user,7,lain,1.0
user_8417a95ba334,user,4,niat menonton,1.0
user_842e018dcb1e,user,12,takut (pujian?),2.0
user_84454825b23f,user,5,lain,1.0
user_844605fdffe1,user,9,niat menonton,1.0
user_8447b00d5ab1,user,2,lain,1.0
user_8447f68bfb35,user,14,lain,1.0
user_8448b1ca4fd5,user,7,lain,1.0
user_844a9e72d8c1,user,11,lain,1.0
user_844ac0192458,user,1,takut (pujian?),1.0
user_844ae6dd3cab,user,9,lain,1.0
user_844cae7ca6a3,user,9,lain,1.0
user_845087d0b110,user,3,lain,1.0
user_84521de5ff6b,user,1,lain,1.0
user_846e8c641644,user,4,lain,1.0
user_8476a78d3515,user,2,lain,1.0
user_847d2c4871c0,user,2,lain,1.0
user_8483659fc4c9,user,2,takut (pujian?),1.0
user_8483778a9d9e,user,1,lain,1.0
user_8488c1945f6e,user,3,lain,1.0
user_849a658d0208,user,2,lain,1.0
user_84a2d6749f3c,user,4,lain,1.0
user_84a4151ddea5,user,7,lain,1.0
user_84ab9eb527d6,user,4,takut (pujian?),1.0
user_84b3298b06c8,user,2,lain,1.0
user_84b5a8cb4876,user,9,lain,1.0
user_84b7bea303ff,user,4,lain,1.0
user_84b8b839929e,user,12,lain,2.0
user_84bbc6d1efff,user,1,lain,1.0
user_84bd385450f0,user,17,lain,1.0
user_84d508e05f82,user,9,lain,1.0
user_84d7d240a536,user,1,lain,1.0
user_84d7da9f41f3,user,1,lain,1.0
user_84e28a32cdb6,user,2,lain,1.0
user_84e886c32452,user,2,lain,1.0
user_84f809bedcf7,user,13,lain,1.0
user_84fd599b3c5b,user,1,lain,1.0
user_8502c8bfe951,user,12,lain,1.0
user_8503d1b138ac,user,4,lain,1.0
user_8509e45099a2,user,7,lain,1.0
user_850a58e918fd,user,12,lain,1.0
user_85134480578e,user,2,lain,1.0
user_851d1f88d022,user,5,lain,1.0
user_851fd7916eeb,user,1,takut (pujian?),1.0
user_85288c7a2b0a,user,2,lain,1.0
user_852a9b40b555,user,1,lain,1.0
user_8537ba6107a4,user,5,lain,1.0
user_853dbf232e80,user,4,lain,1.0
user_854d29abaa7b,user,7,lain,1.0
user_854ef96a26ab,user,6,lain,1.0
user_856083e8ffc9,user,1,lain,1.0
user_856262dca2ad,user,1,lain,1.0
user_8570113986c7,user,3,lain,1.0
user_858d8914829e,user,12,niat menonton,1.0
user_859cf97cb218,user,10,lain,1.0
user_85b4246ca6ce,user,4,lain,1.0
user_85b752ae365f,user,9,lain,1.0
user_85c454627396,user,13,lain,2.0
user_85d3fe7035b3,user,2,lain,1.0
user_85d450c290eb,user,13,lain,3.0
user_85d4ad2cfee2,user,1,lain,1.0
user_85db391fbd23,user,16,takut (pujian?),1.0
user_85dffbbf7efb,user,15,lain,1.0
user_85eadf12196c,user,1,lain,1.0
user_85fa3a9b019c,user,5,takut (pujian?),1.0
user_860557171296,user,1,lain,1.0
user_8610e4bdb13a,user,1,lain,1.0
user_861e26889ea3,user,12,lain,1.0
user_862bd10c92d1,user,4,lain,1.0
user_8636990194b2,user,10,lain,1.0
user_8638ae055717,user,1,takut (pujian?),1.0
user_8641403bc5ed,user,3,lain,1.0
user_864ae4ad1e16,user,5,lain,1.0
user_864c29799dcc,user,7,lain,1.0
user_8651c9d0a189,user,11,lain,1.0
user_8656959173d1,user,1,lain,1.0
user_865b19a2f99c,user,14,lain,1.0
user_865b95160cdc,user,4,lain,1.0
user_868215dc7ac2,user,3,lain,2.0
user_8684533cb804,user,8,takut (pujian?),1.0
user_869b1d359b64,user,14,takut (pujian?),2.0
user_869fec6ab785,user,4,lain,1.0
user_86a015f2924b,user,2,lain,1.0
user_86b610bfca7f,user,3,lain,1.0
user_86c9ed9cef0b,user,5,lain,1.0
user_86cddfd677ca,user,7,lain,1.0
user_86ce22a83524,user,10,takut (pujian?),1.0
user_86cfee5e6027,user,1,lain,1.0
user_86db7052c71c,user,5,lain,1.0
user_86dea654d28f,user,2,lain,1.0
user_86ed16e16779,user,4,lain,1.0
user_86f097b76c64,user,3,lain,2.0
user_87012888ab93,user,6,lain,1.0
user_8702f676ba1a,user,7,lain,1.0
user_8709fc52d1dd,user,6,lain,1.0
user_87191a205dd3,user,4,lain,1.0
user_871d8c2be1f4,user,1,lain,1.0
user_872800f298d9,user,8,lain,1.0
user_872db1e02146,user,4,lain,1.0
user_874836db98b2,user,5,lain,1.0
user_874f5e86c07f,user,7,lain,1.0
user_875ee2374636,user,8,lain,1.0
user_87627089d631,user,4,niat menonton,1.0
user_876558cf5eff,user,13,lain,1.0
user_876b2b60832e,user,15,takut (pujian?),1.0
user_876ba71d5c63,user,1,lain,1.0
user_877da0fb1bc3,user,2,lain,1.0
user_8780adb1545d,user,1,lain,1.0
user_87a28c522e26,user,8,lain,1.0
user_87aabe5d65a8,user,12,niat menonton,1.0
user_87ab93ca43e6,user,15,lain,1.0
user_87bb64296078,user,6,lain,1.0
user_87c0c2ed05cf,user,9,lain,1.0
user_87c9485a81a1,user,5,lain,1.0
user_87ce153b44cb,user,7,lain,1.0
user_87cf31aa90de,user,3,niat menonton,1.0
user_87d323ce94cd,user,2,takut (pujian?),1.0
user_87d5edf5c268,user,10,lain,1.0
user_87d71c30b07c,user,6,lain,1.0
user_87e64e44a7d8,user,2,lain,1.0
user_87eef7caba6a,user,14,lain,1.0
user_87f2573371fa,user,1,lain,1.0
user_87f5acd0291d,user,11,lain,1.0
user_87f8797e5845,user,3,niat menonton,1.0
user_88042ac636ee,user,14,lain,1.0
user_880ed1c5c22a,user,12,lain,1.0
user_882c8270130a,user,5,lain,1.0
user_883522c88f26,user,2,lain,1.0
user_884008f75675,user,5,lain,1.0
user_88414a2cfee4,user,8,lain,1.0
user_884eba75c1c9,user,6,lain,1.0
user_8854ed1b55af,user,2,takut (pujian?),1.0
user_885f740eac78,user,12,lain,1.0
user_887df74721bf,user,14,takut (pujian?),1.0
user_8882153e7de2,user,12,takut (pujian?),1.0
user_88829d2bb481,user,2,lain,1.0
user_88845d8bde88,user,16,lain,1.0
user_888c0137fe27,user,11,lain,1.0
user_88a6e0dd756f,user,2,lain,1.0
user_88ab5ad34e23,user,14,lain,1.0
user_88bab2ce8163,user,4,lain,1.0
user_88c2396c7b5a,user,7,lain,1.0
user_88c26a287f58,user,6,niat menonton,1.0
user_88d06769ded5,user,15,lain,1.0
user_88d5f57f75a3,user,3,niat menonton,1.0
user_88da5abbe3c6,user,1,lain,1.0
user_88db51780515,user,16,lain,1.0
user_88db69e32da1,user,2,lain,1.0
user_88df4817c3c8,user,2,niat menonton,1.0
user_88e21d327dc1,user,6,lain,2.0
user_88e27b5f568e,user,1,lain,1.0
user_88ea820f3812,user,13,lain,1.0
user_88f1148d1666,user,5,takut (pujian?),1.0
user_88fdb25d79a3,user,2,lain,1.0
user_88fe9d0d1427,user,3,lain,1.0
user_890f0e526faa,user,4,lain,1.0
user_890f71c2ce77,user,1,lain,1.0
user_891cc0d0113b,user,1,lain,1.0
user_89209e220157,user,7,takut (pujian?),1.0
user_892449e1624e,user,11,lain,2.0
user_89335d85e764,user,1,lain,2.0
user_893454f0c307,user,9,lain,3.0
user_893d4917c478,user,3,takut (pujian?),1.0
user_894bf6dd7a10,user,5,lain,1.0
user_895881064823,user,1,lain,1.0
user_8958f39ec03a,user,1,lain,1.0
user_895f8b2904ac,user,4,lain,1.0
user_89626a01f520,user,9,lain,1.0
user_8969d8d208bd,user,1,lain,1.0
user_896b4aea90b6,user,17,lain,1.0
user_89899f88a710,user,2,lain,1.0
user_89a12485e1ad,user,9,lain,1.0
user_89a39bdaccbc,user,15,lain,1.0
user_89ae78ff2801,user,3,lain,1.0
user_89b44025f08b,user,7,lain,1.0
user_89b458301627,user,2,lain,1.0
user_89bd8a0b53ef,user,2,takut (pujian?),1.0
user_89bfd02798dd,user,1,lain,1.0
user_89c0d8e904ab,user,5,lain,1.0
user_89c5a42cf88a,user,6,lain,1.0
user_89c66c846cfb,user,6,lain,1.0
user_89ce1e9bc4b7,user,6,takut (pujian?),1.0
user_89d66de4d5b1,user,8,takut (pujian?),1.0
user_89d678f93aa8,user,4,lain,2.0
user_89dd908bd62d,user,2,takut (pujian?),1.0
user_89ef51d838af,user,14,lain,1.0
user_89fc5d6c377b,user,4,lain,1.0
user_89fef09a06bf,user,1,lain,1.0
user_89ffc8dc23dc,user,8,lain,1.0
user_8a1602031afc,user,16,lain,1.0
user_8a2f80d96bc0,user,5,lain,1.0
user_8a380bc7ac6a,user,1,lain,1.0
user_8a47a3fb7067,user,2,lain,1.0
user_8a648aa77d48,user,3,niat menonton,1.0
user_8a72d82e883b,user,7,lain,1.0
user_8a73f95e2c43,user,13,lain,1.0
user_8a806a7ec44c,user,1,lain,1.0
user_8a8843871ab0,user,9,lain,1.0
user_8a8e00242bff,user,13,lain,1.0
user_8a8fcd3778cd,user,15,lain,1.0
user_8a9948b20ce6,user,8,lain,1.0
user_8a9a8985504a,user,9,takut (pujian?),1.0
user_8a9cf45512fb,user,14,lain,1.0
user_8a9ef6093c1e,user,1,lain,1.0
user_8aa4a32d3ebe,user,1,lain,1.0
user_8aa689e12025,user,3,lain,1.0
user_8aab09474566,user,10,lain,1.0
user_8ab68f6fd84d,user,1,lain,1.0
user_8ac0200a8c25,user,2,lain,1.0
user_8acfa800af4c,user,2,lain,1.0
user_8adba7f0590d,user,10,lain,1.0
user_8aed587ae772,user,4,lain,1.0
user_8af0689a703e,user,1,lain,1.0
user_8af162034548,user,13,lain,1.0
user_8b0200b9c23e,user,1,lain,1.0
user_8b135f141170,user,14,lain,1.0
user_8b1cd14b7ddc,user,6,takut (pujian?),1.0
user_8b3fc1c18077,user,11,lain,1.0
user_8b48b89e8087,user,7,lain,1.0
user_8b4d9f7592e3,user,9,lain,1.0
user_8b4dbaa89df6,user,5,lain,1.0
user_8b4edfe3cf38,user,7,lain,1.0
user_8b6fec3b0edf,user,3,takut (pujian?),1.0
user_8b750aeeb172,user,12,lain,1.0
user_8b8366997e26,user,16,lain,1.0
user_8b9b8a02b0da,user,2,lain,1.0
user_8b9e3b56f193,user,6,takut (pujian?),1.0
user_8ba5142c4178,user,2,lain,1.0
user_8ba514f51eeb,user,1,lain,1.0
user_8ba8c546fe46,user,5,lain,1.0
user_8bae408b983a,user,1,lain,1.0
user_8bb157133d62,user,6,lain,1.0
user_8bb157d369ed,user,1,lain,3.0
user_8bb1b92841cf,user,4,lain,1.0
user_8bc09c4ae7c0,user,3,lain,1.0
user_8bcb712d483c,user,1,lain,1.0
user_8bd97cebc1a8,user,14,lain,1.0
user_8bf0620db4a7,user,11,lain,1.0
user_8bf7620485c6,user,4,lain,1.0
user_8bfed5bf4534,user,15,lain,1.0
user_8bff4c46f512,user,7,lain,1.0
user_8c073a08d04f,user,1,lain,1.0
user_8c08485fcb46,user,5,lain,1.0
user_8c0b3691c3bd,user,7,lain,1.0
user_8c1d356d633f,user,10,lain,1.0
user_8c221be4d0d7,user,9,niat menonton,1.0
user_8c2224eb7992,user,2,lain,1.0
user_8c40f209aa65,user,16,lain,1.0
user_8c4401537e6f,user,10,lain,2.0
user_8c49918daf02,user,3,lain,2.0
user_8c58bb3d46b2,user,5,lain,1.0
user_8c73f5075dae,user,3,lain,1.0
user_8c7c1dd6e84f,user,1,niat menonton,1.0
user_8c7c3c0a1565,user,15,lain,1.0
user_8c8a7d68dc8e,user,18,lain,1.0
user_8c96b99466d7,user,1,takut (pujian?),1.0
user_8cb5a1e85bd9,user,5,lain,1.0
user_8cce6755e88b,user,11,lain,1.0
user_8cdb24c53d51,user,15,lain,1.0
user_8ce048e2a21e,user,14,lain,1.0
user_8ce41938950e,user,10,niat menonton,1.0
user_8d00d4bc46eb,user,4,lain,1.0
user_8d068fd0db1a,user,7,lain,1.0
user_8d12b9bb583d,user,12,lain,1.0
user_8d231de429cc,user,12,lain,1.0
user_8d252639e2ea,user,1,lain,1.0
user_8d3001806cac,user,5,lain,1.0
user_8d3306aa4887,user,1,takut (pujian?),1.0
user_8d3621339f73,user,1,lain,1.0
user_8d48973836bc,user,3,lain,1.0
user_8d5ed5b58832,user,1,lain,1.0
user_8d60d2e27f1f,user,13,lain,1.0
user_8d64668da80b,user,1,niat menonton,1.0
user_8d64a17373f7,user,11,lain,1.0
user_8d6b77a6f046,user,5,lain,1.0
user_8d7998bc5daa,user,5,lain,1.0
user_8d8391bf939b,user,1,lain,1.0
user_8d84d8841f19,user,8,lain,1.0
user_8d8678803dc0,user,13,niat menonton,1.0
user_8d8caf8a4f68,user,2,lain,1.0
user_8d8eea1baa7a,user,12,takut (pujian?),1.0
user_8d9acf8e09f4,user,1,lain,1.0
user_8d9bed64b2fd,user,7,takut (pujian?),1.0
user_8d9c4147e4a5,user,2,lain,1.0
user_8d9c89956a23,user,2,lain,1.0
user_8d9f1edd3d48,user,2,lain,1.0
user_8da070d74ec0,user,3,lain,1.0
user_8da5801155c3,user,5,lain,1.0
user_8db376bceb37,user,11,lain,1.0
user_8db675114b5d,user,1,niat menonton,1.0
user_8dbdd7a4677f,user,6,lain,1.0
user_8ddc28c3d192,user,3,lain,1.0
user_8ddfbb0a8f36,user,2,lain,1.0
user_8dfae3b4e642,user,1,lain,1.0
user_8dfb8e8cf23e,user,5,lain,1.0
user_8dfbe436bafd,user,17,niat menonton,7.0
user_8e05c300544c,user,17,lain,1.0
user_8e07a81a0fdc,user,3,lain,1.0
user_8e0a7d9c067b,user,9,lain,1.0
user_8e0aa8394d21,user,11,lain,1.0
user_8e25cdfee841,user,11,lain,1.0
user_8e46cbe4b585,user,11,niat menonton,1.0
user_8e4b86bf1ce9,user,6,lain,1.0
user_8e6418cb5383,user,7,lain,1.0
user_8e68edaa8926,user,1,lain,2.0
user_8e74d4e3fe0d,user,1,lain,1.0
user_8e93eca30171,user,8,takut (pujian?),1.0
user_8e96dac859b8,user,13,niat menonton,1.0
user_8e9d640da745,user,5,lain,1.0
user_8ea96176bae3,user,7,lain,1.0
user_8eb276dca2f6,user,1,takut (pujian?),1.0
user_8eb40ad9a3e7,user,2,niat menonton,3.0
user_8ec894572da9,user,11,lain,1.0
user_8eddf1284e72,user,2,lain,1.0
user_8ee0d0820cf2,user,15,lain,1.0
user_8ee96ee411a7,user,5,lain,1.0
user_8f097c3dc9a8,user,3,lain,1.0
user_8f1fa8aaea94,user,12,niat menonton,1.0
user_8f2202bc796d,user,1,lain,1.0
user_8f24588128d5,user,9,lain,1.0
user_8f27eab5f2b6,user,1,lain,1.0
user_8f2abd0d7d10,user,1,niat menonton,1.0
user_8f2e29647a20,user,7,lain,1.0
user_8f34417dfe33,user,7,lain,1.0
user_8f3fd20141b5,user,5,lain,1.0
user_8f6085263bd1,user,16,lain,1.0
user_8f67a947c17d,user,7,lain,1.0
user_8f6d3d3624a3,user,1,lain,1.0
user_8f6f1694b6c4,user,1,lain,2.0
user_8f70d39f75d1,user,1,niat menonton,1.0
user_8f9def534a3c,user,1,lain,1.0
user_8fa954cf4a0b,user,4,niat menonton,1.0
user_8faa3eaa3fd6,user,4,lain,1.0
user_8faa96942710,user,7,lain,1.0
user_8fb3b17f6e0c,user,16,takut (pujian?),1.0
user_8fb7568f57ff,user,15,lain,1.0
user_8fbee96a5c4d,user,5,lain,1.0
user_8fcbbfcf2298,user,4,lain,1.0
user_8fe4239da78f,user,1,lain,1.0
user_8fe629770f95,user,9,lain,1.0
user_8fecaa00ec5f,user,12,lain,1.0
user_8ff0d39988a2,user,5,lain,1.0
user_8ff4e3c95fcf,user,6,lain,1.0
user_8ffec29a6921,user,3,lain,1.0
user_901b815fbe8b,user,2,takut (pujian?),1.0
user_902330062d72,user,13,lain,2.0
user_9024eceb15d9,user,11,lain,1.0
user_904e9a88d289,user,2,lain,1.0
user_906f3c536d7e,user,1,lain,1.0
user_90733ced5c63,user,1,lain,1.0
user_907522f19265,user,13,lain,1.0
user_907eaa19330a,user,4,lain,1.0
user_908376972635,user,10,lain,1.0
user_908f23e5da17,user,11,lain,1.0
user_90944cc40985,user,3,lain,1.0
user_9095e12edd04,user,4,lain,1.0
user_90997d55840a,user,3,lain,1.0
user_90a355ca3baa,user,3,lain,1.0
user_90b1439cfb0e,user,1,lain,1.0
user_90c08600c6e9,user,2,lain,1.0
user_90d24d21b036,user,6,lain,1.0
user_90d444ba84fd,user,2,lain,1.0
user_90d6140700d4,user,7,lain,2.0
user_90e4f6ad0014,user,6,takut (pujian?),1.0
user_90f5edafc179,user,16,takut (pujian?),1.0
user_90f626f1a927,user,7,lain,1.0
user_90fa99948ab3,user,15,lain,1.0
user_90fa9e63f1ba,user,16,lain,1.0
user_9115bbffaaa9,user,12,lain,3.0
user_91238b40a6dc,user,16,lain,1.0
user_912ea7b84112,user,2,lain,1.0
user_912fc1c5f648,user,10,niat menonton,1.0
user_9138c871092a,user,3,takut (pujian?),1.0
user_9138d9131674,user,1,takut (pujian?),1.0
user_9147cbb501b3,user,6,takut (pujian?),1.0
user_915812c3b43a,user,17,lain,1.0
user_9162449b08eb,user,1,lain,1.0
user_9163329df9cf,user,14,lain,1.0
user_916d063796f7,user,15,lain,1.0
user_9171ce40282b,user,6,takut (pujian?),1.0
user_9172d5fbd66f,user,16,lain,1.0
user_917ea62cb767,user,7,lain,1.0
user_9197a11c04aa,user,1,takut (pujian?),1.0
user_9198acb1c840,user,1,lain,2.0
user_91a4bc881cc6,user,5,lain,1.0
user_91d360a720bf,user,5,lain,1.0
user_91d6f62ba94f,user,2,takut (pujian?),1.0
user_91df18344dfd,user,14,lain,1.0
user_91dff4849aa2,user,6,takut (pujian?),1.0
user_91e0fce4aad8,user,16,lain,1.0
user_91f8c82e6454,user,7,lain,1.0
user_91fa16e71b52,user,6,lain,1.0
user_91fad7dc182c,user,2,lain,1.0
user_9200736da38e,user,1,lain,1.0
user_9210478589b6,user,1,lain,1.0
user_921e6c40a50c,user,6,lain,1.0
user_922aff73a31a,user,3,niat menonton,1.0
user_9230668b4480,user,2,niat menonton,1.0
user_92381187eef2,user,14,lain,1.0
user_9239ddf0d11f,user,9,takut (pujian?),1.0
user_923d7df7da04,user,2,lain,1.0
user_926efae18d18,user,2,lain,1.0
user_9272f8518882,user,15,lain,1.0
user_9276d15b12fe,user,11,lain,1.0
user_92781fcaa7f0,user,7,niat menonton,1.0
user_9281751fa32d,user,2,lain,1.0
user_928320c7388b,user,3,lain,1.0
user_929454d03116,user,17,lain,2.0
user_9298fde69a43,user,2,lain,1.0
user_92ab20423a9d,user,14,takut (pujian?),1.0
user_92b3fcebcd82,user,2,lain,1.0
user_92b656b72d2a,user,13,niat menonton,2.0
user_92bd760016ab,user,2,lain,1.0
user_92c6cd853650,user,16,lain,1.0
user_92d33f150599,user,10,lain,2.0
user_92d60851c642,user,2,lain,1.0
user_92ddd0d76c8d,user,1,lain,1.0
user_92e54949a3c8,user,14,takut (pujian?),1.0
user_92f0de255dc2,user,14,lain,1.0
user_92f58b33cb65,user,11,lain,1.0
user_92f8b4229519,user,1,lain,1.0
user_9311c2476181,user,4,lain,1.0
user_931ce9389c17,user,11,lain,1.0
user_9322e79876a9,user,16,lain,1.0
user_9324a0c90f0d,user,17,lain,1.0
user_9330ea43fd19,user,4,lain,1.0
user_93324593b975,user,9,lain,1.0
user_93348d17b2e3,user,10,lain,1.0
user_93363d8827e8,user,11,lain,1.0
user_9353afc2c3dd,user,1,niat menonton,1.0
user_935de50b86fa,user,3,lain,1.0
user_9362dca3c883,user,9,lain,1.0
user_9364276e9789,user,13,lain,1.0
user_936623eb99a5,user,5,takut (pujian?),1.0
user_93725b7c1f60,user,9,lain,1.0
user_9373a0274cf0,user,1,takut (pujian?),2.0
user_939310a5fa5b,user,6,lain,1.0
user_939ced73bc01,user,13,lain,1.0
user_939ed2e5b3fd,user,13,lain,1.0
user_93a4e5b5262a,user,8,lain,1.0
user_93b39b9e49af,user,2,niat menonton,1.0
user_93b40258600d,user,7,lain,1.0
user_93b50ca3e005,user,1,lain,1.0
user_93b6f2e9dc6c,user,11,lain,1.0
user_93b9b9818acc,user,13,lain,1.0
user_93d476829102,user,10,lain,1.0
user_93e0fa093455,user,4,lain,1.0
user_93e606134182,user,1,lain,1.0
user_93ed0fef358e,user,6,niat menonton,1.0
user_93ed5ee21a13,user,2,lain,1.0
user_93f449779bd9,user,5,lain,1.0
user_93facb71cc9f,user,7,takut (pujian?),1.0
user_94194dd843f9,user,4,takut (pujian?),1.0
user_9419ea2780a9,user,2,lain,1.0
user_941cb57842ea,user,10,takut (pujian?),1.0
user_942376604551,user,1,takut (pujian?),1.0
user_9429e9b8033d,user,3,lain,1.0
user_9436582ce4ac,user,4,lain,1.0
user_944f9c697b78,user,6,takut (pujian?),1.0
user_9453ccae3987,user,2,lain,1.0
user_945b839046a9,user,1,niat menonton,1.0
user_94784fd06caf,user,1,lain,1.0
user_947b6cc94eb1,user,4,lain,1.0
user_9487808ee79c,user,5,lain,1.0
user_948b11d28e11,user,4,lain,1.0
user_94a524f273f5,user,5,lain,2.0
user_94adb32f2921,user,11,lain,1.0
user_94b72cc05215,user,3,lain,1.0
user_94baf9f8073b,user,3,lain,1.0
user_94be1b0d2026,user,9,lain,1.0
user_94c0f80ebb2d,user,4,lain,1.0
user_94c940059a32,user,1,lain,1.0
user_94cf7b67516a,user,12,lain,1.0
user_94dca41d0145,user,4,niat menonton,1.0
user_94e9483f985f,user,1,takut (pujian?),1.0
user_94f36e4edcfc,user,1,niat menonton,1.0
user_95022f91655d,user,12,lain,3.0
user_950b4f845ad5,user,1,niat menonton,1.0
user_951f40d6526f,user,14,lain,1.0
user_95256fd609c2,user,4,lain,1.0
user_95279d2d95de,user,10,takut (pujian?),1.0
user_95324028795d,user,5,lain,1.0
user_95332efa4acf,user,6,lain,1.0
user_9541a8b5e97e,user,11,lain,1.0
user_95432b56e47d,user,11,lain,1.0
user_954567ef3d54,user,15,lain,1.0
user_9549920d85dc,user,1,niat menonton,1.0
user_955527ada36f,user,1,lain,1.0
user_9558353c733f,user,7,lain,1.0
user_9559f9489aa2,user,6,niat menonton,1.0
user_9564ce7c600d,user,11,lain,2.0
user_956bd37db01b,user,9,lain,1.0
user_957318048da1,user,6,takut (pujian?),1.0
user_9578363832c2,user,2,lain,1.0
user_957c89fb1e69,user,3,lain,1.0
user_957e3150053f,user,6,lain,1.0
user_9588cb14198a,user,14,niat menonton,1.0
user_95894d62a644,user,3,takut (pujian?),1.0
user_9595db2fc024,user,9,takut (pujian?),1.0
user_95b062b3182e,user,11,lain,3.0
user_95c3e50fe0bb,user,4,lain,1.0
user_95d9a7cde9a0,user,10,lain,1.0
user_95eb098d55e2,user,1,lain,1.0
user_9609e6c99d73,user,13,lain,1.0
user_9618e74aac7e,user,1,lain,1.0
user_961f3d26d8d0,user,13,lain,4.0
user_9628d9869b10,user,11,lain,1.0
user_962f6d4b8e24,user,1,lain,1.0
user_963626a1842b,user,12,lain,1.0
user_9636ea41476e,user,9,lain,2.0
user_9650a06ebe4d,user,6,lain,1.0
user_96552742b865,user,2,lain,1.0
user_965dd7f382a4,user,1,lain,1.0
user_9660e9c7f2e4,user,16,takut (pujian?),1.0
user_966b33b83a17,user,2,lain,1.0
user_966f53d9b059,user,12,lain,1.0
user_967ef2489715,user,16,lain,1.0
user_9680ac42a8a7,user,16,lain,1.0
user_9686a723f8a8,user,3,takut (pujian?),1.0
user_9686bfae9c7b,user,2,takut (pujian?),1.0
user_9687b244d050,user,13,lain,1.0
user_96884926d47c,user,6,niat menonton,1.0
user_968b9686ce51,user,2,lain,2.0
user_968e7d4174ab,user,2,lain,1.0
user_96910156d6eb,user,1,lain,1.0
user_96a20b859207,user,7,takut (pujian?),1.0
user_96a87926c70e,user,5,lain,1.0
user_96b21c279d4c,user,8,lain,1.0
user_96bebd8553fc,user,14,lain,1.0
user_96d466673ae6,user,4,niat menonton,1.0
user_96da04143f06,user,3,lain,1.0
user_96ec0ea5ae7c,user,2,lain,1.0
user_96f8e5e5f614,user,5,lain,1.0
user_96febdada4cb,user,9,lain,1.0
user_97100b8cfeb8,user,11,lain,1.0
user_9713817d8063,user,10,lain,1.0
user_972d99fe93fb,user,5,lain,1.0
user_973b6f78064b,user,9,lain,1.0
user_973c5d8d6dcf,user,3,takut (pujian?),1.0
user_973feb0ab54a,user,6,lain,1.0
user_974a261d0092,user,7,lain,1.0
user_9760c8e38ce1,user,11,lain,1.0
user_976aebc3e154,user,4,lain,1.0
user_976e2cb8b047,user,1,lain,1.0
user_97743d3da562,user,12,lain,1.0
user_97794963c8b2,user,1,lain,1.0
user_978cb97c222d,user,15,lain,1.0
user_978de42b665e,user,16,lain,1.0
user_978eba6fe082,user,9,lain,1.0
user_978f077d08d0,user,1,lain,1.0
user_979c85b3f3e6,user,11,lain,1.0
user_979e5711a840,user,6,takut (pujian?),1.0
user_97a150daf99d,user,8,lain,1.0
user_97ab78a0499e,user,1,lain,1.0
user_97b9358bb5e0,user,3,lain,1.0
user_97bbed42b87e,user,11,lain,1.0
user_97be8dd2c253,user,5,lain,1.0
user_97c931928f6c,user,13,lain,1.0
user_97cdae682594,user,9,lain,1.0
user_97ddbaba762e,user,3,takut (pujian?),1.0
user_97de939b0d55,user,5,lain,1.0
user_97e48ae0de1f,user,3,lain,1.0
user_97f15435e60d,user,1,lain,1.0
user_97fb6f6dba93,user,14,lain,1.0
user_97fde3150c5f,user,14,lain,1.0
user_97fe302e65b2,user,8,lain,1.0
user_98006ee2827b,user,5,lain,1.0
user_98041b08bdcf,user,1,takut (pujian?),1.0
user_981a1eaaf3e6,user,3,lain,1.0
user_982a4c51a829,user,6,lain,1.0
user_9831f6793629,user,1,lain,1.0
user_98396989fa09,user,17,takut (pujian?),1.0
user_984609fe29cb,user,7,lain,1.0
user_984acda2e8da,user,14,lain,1.0
user_9854460f0e80,user,5,lain,1.0
user_98604c639404,user,5,lain,1.0
user_9870e07a8e78,user,3,lain,1.0
user_987457ff818e,user,16,lain,2.0
user_98795a6911aa,user,3,lain,1.0
user_987995624515,user,8,niat menonton,1.0
user_988683f9ac4e,user,8,lain,1.0
user_988dfa4f1eb7,user,6,takut (pujian?),1.0
user_989258d0b3e1,user,14,lain,1.0
user_989311bd6395,user,5,lain,1.0
user_989ba3ce0d59,user,3,niat menonton,1.0
user_989f0b6155c4,user,6,niat menonton,1.0
user_98bf181de219,user,1,lain,1.0
user_98c3ff91cf06,user,3,niat menonton,1.0
user_98cb1ea31d41,user,5,lain,1.0
user_98cffe89ece6,user,5,lain,1.0
user_98dc501e08c8,user,5,lain,1.0
user_98e3071c2ed2,user,8,takut (pujian?),1.0
user_98e39a5916b1,user,3,lain,1.0
user_98e93cfcf8af,user,2,lain,1.0
user_98f03da7629e,user,7,lain,1.0
user_9923a6f5c448,user,11,lain,1.0
user_9925b7c04b37,user,13,lain,1.0
user_992c9e54eeeb,user,9,lain,1.0
user_993b1db5ae1d,user,7,lain,1.0
user_993b45aee711,user,1,lain,1.0
user_99417d931354,user,13,lain,1.0
user_9947903b4619,user,2,takut (pujian?),1.0
user_994ef7ab9b9d,user,8,takut (pujian?),1.0
user_99512dca0912,user,1,lain,1.0
user_996624b1da39,user,1,lain,1.0
user_997059875462,user,10,lain,1.0
user_997920e9b8f5,user,12,niat menonton,1.0
user_9990c0cd3bad,user,3,lain,1.0
user_99939ab59358,user,1,lain,1.0
user_9995d401e1c3,user,1,lain,1.0
user_99bcdb61c6ed,user,2,lain,1.0
user_99c4fd94d5e3,user,14,lain,1.0
user_99db38df27f6,user,2,lain,1.0
user_99e649f2f28a,user,4,niat menonton,1.0
user_99ed989ccc21,user,5,lain,1.0
user_99ee4a849011,user,13,lain,1.0
user_99f0e9f75035,user,14,lain,1.0
user_99f854000754,user,10,lain,1.0
user_99fd9034815a,user,2,lain,1.0
user_99ffd05d2fbc,user,5,lain,1.0
user_99ffed599e79,user,9,lain,1.0
user_9a1077254ff4,user,1,lain,1.0
user_9a1286a60664,user,1,lain,1.0
user_9a12993c4477,user,9,lain,1.0
user_9a1402c0d96a,user,16,takut (pujian?),1.0
user_9a15aecef9c4,user,1,takut (pujian?),1.0
user_9a1c0a0cc93f,user,9,lain,1.0
user_9a1ea63b4103,user,10,lain,1.0
user_9a360ecbe790,user,15,lain,1.0
user_9a38a2028963,user,11,lain,1.0
user_9a4059cca7c0,user,11,lain,1.0
user_9a4237a548a8,user,4,lain,1.0
user_9a4247840967,user,1,niat menonton,1.0
user_9a47da20756c,user,1,lain,1.0
user_9a55049fd95c,user,10,niat menonton,1.0
user_9a576a79abba,user,9,lain,1.0
user_9a5b10f59d33,user,4,lain,1.0
user_9a5e788adb16,user,5,takut (pujian?),1.0
user_9a65db13ae74,user,7,takut (pujian?),1.0
user_9a6b106f552c,user,8,lain,1.0
user_9a77ca2a391a,user,1,lain,1.0
user_9a782b2c67d3,user,15,lain,1.0
user_9a81f1c83402,user,5,takut (pujian?),1.0
user_9a8796b8d7fc,user,2,lain,1.0
user_9a9000905081,user,6,niat menonton,1.0
user_9a91a0851b59,user,8,lain,1.0
user_9a97ca8aa657,user,3,lain,1.0
user_9a9d10dc27e1,user,1,lain,1.0
user_9a9ec31fb0aa,user,5,lain,1.0
user_9aa39f4a6d53,user,2,lain,1.0
user_9aa4cd488626,user,13,lain,1.0
user_9ab88523df09,user,2,lain,1.0
user_9abcd4fea25f,user,4,lain,1.0
user_9abfc7c090f6,user,7,lain,1.0
user_9ad6e6bb166f,user,1,lain,1.0
user_9adfaa98f974,user,15,lain,1.0
user_9ae201fe9631,user,8,lain,1.0
user_9aea534d87cb,user,4,takut (pujian?),1.0
user_9afcc8500d66,user,11,lain,1.0
user_9b0368995a6b,user,15,lain,1.0
user_9b0764b8d42b,user,1,lain,1.0
user_9b095e7bb46d,user,14,lain,1.0
user_9b0ed6dd03dc,user,2,takut (pujian?),1.0
user_9b100924e540,user,1,lain,1.0
user_9b23a719ae27,user,14,lain,1.0
user_9b2af134a64f,user,9,lain,1.0
user_9b32456cd1c9,user,15,lain,1.0
user_9b33f42c64b0,user,16,lain,1.0
user_9b387ff01c07,user,1,lain,2.0
user_9b3f96f969bf,user,1,lain,1.0
user_9b4970675a9d,user,10,lain,1.0
user_9b504629b0cb,user,6,lain,1.0
user_9b73867076ed,user,16,lain,1.0
user_9b7c04654155,user,11,lain,3.0
user_9b7c50d69ff1,user,12,lain,1.0
user_9b8ff17b8f02,user,10,lain,1.0
user_9b91829d6422,user,7,lain,1.0
user_9b95ae175b3e,user,10,lain,1.0
user_9ba2d88c0a23,user,2,lain,1.0
user_9ba3beaedbab,user,5,lain,1.0
user_9ba82f9b1ec5,user,7,lain,1.0
user_9ba9e13627cf,user,10,lain,1.0
user_9bacd0a0ce63,user,9,niat menonton,1.0
user_9bcfc588a50a,user,14,lain,1.0
user_9bcfe8fea62d,user,1,lain,1.0
user_9bd2b50f162c,user,4,lain,1.0
user_9bd2e760f368,user,3,lain,1.0
user_9c00aef5baa1,user,6,lain,1.0
user_9c031d210ee4,user,1,lain,1.0
user_9c0d30a8fbc8,user,3,lain,1.0
user_9c1b5a5c4688,user,11,lain,1.0
user_9c1dd83997b4,user,3,niat menonton,1.0
user_9c1e250adf6d,user,2,lain,1.0
user_9c248bda4ad1,user,2,lain,1.0
user_9c323e3421ff,user,9,lain,1.0
user_9c3fe654a4fe,user,2,niat menonton,1.0
user_9c40d8c6d32b,user,3,lain,1.0
user_9c4b3a1ebfff,user,9,lain,2.0
user_9c513b43e88d,user,13,lain,1.0
user_9c559b1625c9,user,1,lain,1.0
user_9c70cd1fe700,user,1,lain,1.0
user_9c712d3a1d45,user,9,niat menonton,1.0
user_9c7536fa4d57,user,3,takut (pujian?),1.0
user_9c799d1340d2,user,15,lain,1.0
user_9c7c6d505158,user,4,lain,1.0
user_9ca72c375b53,user,2,lain,1.0
user_9caf2826e6a1,user,3,lain,1.0
user_9cbb4dc35934,user,4,lain,1.0
user_9cbbc375f451,user,1,lain,1.0
user_9cd62a3458bd,user,12,lain,1.0
user_9cd79927f147,user,7,lain,1.0
user_9cd8ffd2723b,user,17,lain,1.0
user_9ce0b11deb78,user,4,lain,1.0
user_9cf68b8e3d13,user,1,lain,1.0
user_9d023c46a593,user,6,lain,2.0
user_9d1afef12b97,user,14,lain,1.0
user_9d1ff6e3d991,user,4,lain,1.0
user_9d208e8f0c2b,user,1,lain,1.0
user_9d2bea2ce585,user,2,lain,1.0
user_9d317a0589cc,user,14,lain,1.0
user_9d3204f6d2f3,user,8,lain,1.0
user_9d4425a2c25a,user,6,lain,1.0
user_9d44b2418ad0,user,6,lain,1.0
user_9d471feb97eb,user,9,lain,1.0
user_9d4af1720978,user,5,lain,1.0
user_9d5663ce2a21,user,9,lain,1.0
user_9d57ea976abf,user,3,lain,1.0
user_9d60e667eeea,user,1,lain,1.0
user_9d62ef201976,user,3,lain,1.0
user_9d6c82229bae,user,2,lain,1.0
user_9d7bccbfc985,user,1,lain,1.0
user_9d7bee045107,user,9,lain,1.0
user_9d86a1f7a695,user,4,lain,1.0
user_9d8c402c4230,user,4,lain,1.0
user_9da1102edeae,user,6,lain,1.0
user_9da2cd9559c9,user,9,takut (pujian?),1.0
user_9dba45c81d5c,user,6,lain,1.0
user_9dcac7a416de,user,10,takut (pujian?),1.0
user_9dcdcaf50d21,user,1,takut (pujian?),1.0
user_9dd692fc3b28,user,2,lain,1.0
user_9de9aede0341,user,8,niat menonton,1.0
user_9def0b687ea6,user,6,lain,1.0
user_9e0135b98040,user,14,lain,1.0
user_9e02b9842f15,user,6,lain,1.0
user_9e205d0321b0,user,9,lain,2.0
user_9e21c8d3566f,user,2,lain,1.0
user_9e25e1a5138a,user,9,takut (pujian?),1.0
user_9e45ec07204c,user,14,lain,1.0
user_9e4b4dadc0d6,user,4,niat menonton,1.0
user_9e5c4d0525df,user,14,lain,1.0
user_9e626dea13cf,user,3,lain,1.0
user_9e69bd952474,user,14,lain,1.0
user_9e7355d8f6a4,user,5,lain,1.0
user_9e7a07c79abe,user,4,lain,1.0
user_9e805316f884,user,2,lain,1.0
user_9e86b768dc50,user,8,lain,1.0
user_9eac978153c0,user,2,niat menonton,2.0
user_9ec831e605df,user,14,lain,1.0
user_9ed6e9edb75f,user,3,lain,1.0
user_9edf001da41a,user,15,lain,1.0
user_9ee4cfe24785,user,2,lain,1.0
user_9eeb1d061394,user,1,lain,1.0
user_9ef4d6b489b6,user,12,lain,1.0
user_9ef865bb4999,user,7,lain,1.0
user_9f0452834b29,user,3,lain,1.0
user_9f0745bae2f8,user,5,takut (pujian?),1.0
user_9f09a5dae614,user,15,lain,1.0
user_9f09ccf1761d,user,4,lain,2.0
user_9f0f4f49c09b,user,9,takut (pujian?),1.0
user_9f13bbec9053,user,14,takut (pujian?),1.0
user_9f15fd36a626,user,1,takut (pujian?),1.0
user_9f183e0e9a83,user,9,takut (pujian?),1.0
user_9f1fcd950b1d,user,9,lain,1.0
user_9f206a3490a9,user,15,lain,2.0
user_9f209b881f42,user,10,lain,1.0
user_9f32e81abbc2,user,7,lain,1.0
user_9f3c7e1e46f3,user,12,lain,1.0
user_9f3df651de88,user,10,niat menonton,1.0
user_9f5842dda525,user,14,lain,1.0
user_9f63727a34ef,user,3,takut (pujian?),1.0
user_9f669c150ac4,user,3,lain,1.0
user_9f76c47edd6b,user,6,lain,1.0
user_9f7879949767,user,16,lain,1.0
user_9f7c7be3979c,user,12,lain,1.0
user_9f8d5e420eab,user,9,lain,1.0
user_9f925e2123ef,user,1,lain,1.0
user_9f9a20eb4ec4,user,5,lain,1.0
user_9f9ea844853a,user,12,lain,1.0
user_9fa3eeac9bcb,user,2,lain,1.0
user_9fb0b2ac34e4,user,4,lain,1.0
user_9fb55fb1d0fc,user,1,takut (pujian?),1.0
user_9fbd587f8799,user,3,lain,1.0
user_9fc131d9370b,user,10,lain,1.0
user_9fc321e1ef59,user,4,lain,1.0
user_9fc3c4dd3257,user,6,niat menonton,1.0
user_9fc7f5154e10,user,6,lain,1.0
user_9fc8c6bb2184,user,7,takut (pujian?),1.0
user_9fcf85b8f834,user,1,niat menonton,1.0
user_9fd565c6d76e,user,10,lain,1.0
user_9fd95487f8d8,user,15,lain,1.0
user_9fe235a5666c,user,11,lain,1.0
user_a003b076acc6,user,3,lain,1.0
user_a0079154e4b5,user,1,lain,1.0
user_a010c8cee882,user,9,lain,1.0
user_a0287854630c,user,1,lain,1.0
user_a0482e7ae7ab,user,1,lain,1.0
user_a04fd00d6463,user,5,lain,1.0
user_a0522c66afa5,user,1,lain,1.0
user_a053258479c6,user,15,lain,1.0
user_a05a038126ef,user,2,lain,3.0
user_a05ce2e40fc5,user,3,takut (pujian?),2.0
user_a062c41577a2,user,2,lain,1.0
user_a06d01c145e7,user,2,lain,1.0
user_a06d601b6194,user,14,lain,1.0
user_a06e99207f11,user,1,lain,1.0
user_a07a10d7dedf,user,12,lain,1.0
user_a07b504369b9,user,8,lain,1.0
user_a086cafe024a,user,3,lain,1.0
user_a0874c884076,user,8,lain,1.0
user_a097610ed559,user,1,lain,1.0
user_a09b8cdcf592,user,1,niat menonton,1.0
user_a09d462c0154,user,1,lain,1.0
user_a09fa3a87272,user,5,lain,1.0
user_a0a83b6eff58,user,11,lain,1.0
user_a0c027f54632,user,1,lain,1.0
user_a0c0a073c357,user,5,lain,1.0
user_a0d102e67ad1,user,1,takut (pujian?),1.0
user_a0d576f8f551,user,3,lain,1.0
user_a0f0fd0c8a8f,user,6,lain,1.0
user_a0f14a39f0c3,user,10,lain,1.0
user_a10bc7d6b453,user,9,lain,1.0
user_a117cf60e6f8,user,2,lain,1.0
user_a1227de4e03f,user,6,lain,1.0
user_a1243582e221,user,1,lain,1.0
user_a12c7a5955c2,user,4,takut (pujian?),1.0
user_a12e9d6b4543,user,13,lain,1.0
user_a13b95545977,user,2,lain,1.0
user_a13c9478e01d,user,1,lain,1.0
user_a13f85cc07af,user,14,takut (pujian?),1.0
user_a147dad32292,user,13,niat menonton,2.0
user_a15914d144d5,user,4,lain,1.0
user_a1634c04575b,user,1,lain,1.0
user_a16b74a7883a,user,5,lain,1.0
user_a17e7a3c6f13,user,4,lain,1.0
user_a17fc136b3b3,user,8,lain,1.0
user_a187d796267b,user,7,lain,1.0
user_a18f87e717c4,user,3,lain,1.0
user_a19274cd6d1b,user,16,lain,1.0
user_a1933a512943,user,7,takut (pujian?),1.0
user_a1937b804c16,user,9,lain,1.0
user_a197387678ad,user,16,lain,1.0
user_a199c7de30ac,user,1,lain,2.0
user_a19e5466c2b5,user,10,takut (pujian?),2.0
user_a1a0a4c9eede,user,1,lain,1.0
user_a1aec858b42d,user,1,lain,1.0
user_a1bd9fb024b4,user,8,lain,1.0
user_a1cf69af82b6,user,4,lain,1.0
user_a1d24ba0bfbc,user,13,lain,1.0
user_a1e23d1fe70f,user,1,niat menonton,1.0
user_a1e9fe3a5a3f,user,5,lain,1.0
user_a1f2880a44a6,user,9,lain,1.0
user_a1f8af430fd7,user,2,lain,1.0
user_a1fa9ef76588,user,1,lain,1.0
user_a204207ee378,user,5,lain,1.0
user_a2187fed7639,user,3,niat menonton,1.0
user_a22b2cc3210a,user,10,lain,1.0
user_a230ac0301e6,user,1,lain,1.0
user_a23dea80cf77,user,2,lain,1.0
user_a24588e55416,user,4,lain,2.0
user_a24f638e15f9,user,6,niat menonton,1.0
user_a24fba5d6730,user,10,lain,3.0
user_a25652f10711,user,17,lain,1.0
user_a25edd97e259,user,2,lain,1.0
user_a267f3e7fc9c,user,8,lain,1.0
user_a27b117c8970,user,2,lain,1.0
user_a27f3bfbc635,user,14,lain,1.0
user_a27f78eea180,user,9,takut (pujian?),2.0
user_a280b3ac1dc5,user,2,niat menonton,1.0
user_a28c9ad023d3,user,1,lain,1.0
user_a2a016de89dd,user,5,lain,1.0
user_a2b0ae84935b,user,10,lain,1.0
user_a2c57ba1d7ba,user,2,lain,1.0
user_a2d93f59b168,user,1,lain,1.0
user_a2e4dc403850,user,7,niat menonton,1.0
user_a2e534f1d66a,user,11,lain,1.0
user_a2e8713f55e6,user,2,takut (pujian?),1.0
user_a2e988b7f11a,user,13,lain,1.0
user_a2e9b799696f,user,8,lain,1.0
user_a2f2eace0abd,user,9,lain,1.0
user_a2f54d1a90df,user,17,lain,1.0
user_a2f5e83d9525,user,7,takut (pujian?),1.0
user_a2f9a119bb2b,user,13,lain,1.0
user_a2fd7d86ca62,user,7,lain,1.0
user_a3056745dcf8,user,6,lain,3.0
user_a30f0417a860,user,7,lain,1.0
user_a30ffbfeef7a,user,12,takut (pujian?),1.0
user_a314d315dc1a,user,15,lain,1.0
user_a3198c4df209,user,2,lain,1.0
user_a31e826d006f,user,1,takut (pujian?),1.0
user_a331337bfaaf,user,5,lain,1.0
user_a331f5bf2f62,user,4,lain,1.0
user_a332cb378527,user,4,lain,1.0
user_a3446e91b34a,user,3,niat menonton,1.0
user_a3799712d91e,user,12,lain,1.0
user_a37f2815062e,user,10,lain,1.0
user_a3a2e8183b36,user,12,takut (pujian?),1.0
user_a3ae76d6c184,user,17,lain,1.0
user_a3c2aa30eded,user,7,lain,1.0
user_a3c88a264445,user,9,lain,1.0
user_a3d3aa35918b,user,1,lain,1.0
user_a3e24c4798db,user,2,lain,1.0
user_a3e2e9a9e60b,user,7,lain,2.0
user_a3e7af6c0905,user,4,lain,1.0
user_a3f10367fd58,user,8,lain,1.0
user_a3f1ca04f679,user,1,lain,1.0
user_a3f56ce86960,user,10,lain,2.0
user_a3f801d965dd,user,14,lain,1.0
user_a3fba86bbf1f,user,11,lain,1.0
user_a3fc29b72556,user,7,lain,1.0
user_a4126cdb7a59,user,6,lain,1.0
user_a4129a0e28ab,user,1,lain,1.0
user_a414e5090d3f,user,7,lain,1.0
user_a42a287c2164,user,8,lain,1.0
user_a42a5bdeefa3,user,9,lain,1.0
user_a44329be48bb,user,1,lain,1.0
user_a447ce845d94,user,15,lain,1.0
user_a44feb82c0a1,user,5,lain,1.0
user_a45ac52b0524,user,4,lain,3.0
user_a46439446d5c,user,4,takut (pujian?),1.0
user_a4921240f7f0,user,9,lain,1.0
user_a493c3684449,user,1,lain,1.0
user_a4b77e16272f,user,12,lain,1.0
user_a4c10f7ffa6a,user,1,lain,1.0
user_a4c488a24a38,user,9,lain,1.0
user_a4c75939d623,user,5,lain,1.0
user_a4c75f32ded2,user,1,lain,1.0
user_a4c8a7adcaf9,user,9,lain,2.0
user_a4d15b273a55,user,2,lain,1.0
user_a4dbeec10405,user,12,lain,1.0
user_a4ddd1401276,user,3,lain,1.0
user_a4ea5b62cb8f,user,14,niat menonton,1.0
user_a4ee38520059,user,10,takut (pujian?),1.0
user_a4f04b0ccca9,user,13,lain,1.0
user_a4f1fc8c6bc6,user,11,lain,1.0
user_a500c72736d3,user,11,lain,1.0
user_a501a6a1c120,user,10,lain,1.0
user_a50386d3ab3c,user,10,lain,1.0
user_a50f1808e258,user,1,lain,1.0
user_a51012b3c75f,user,5,takut (pujian?),1.0
user_a510b38c0c43,user,2,lain,1.0
user_a51cd789c0f8,user,8,lain,1.0
user_a51ed866b375,user,1,lain,1.0
user_a53b564c1e7f,user,13,lain,1.0
user_a55d64bb1696,user,15,lain,1.0
user_a566db5258d3,user,5,lain,1.0
user_a569a6d033b5,user,10,lain,1.0
user_a56d4e0e983c,user,11,lain,1.0
user_a56fc9f77428,user,3,lain,1.0
user_a575d7f50f53,user,3,lain,1.0
user_a585975b6bc9,user,16,takut (pujian?),1.0
user_a58af13ee61c,user,3,niat menonton,1.0
user_a5a1addb8a5b,user,1,lain,1.0
user_a5b9d769cca4,user,2,lain,1.0
user_a5bd2291703d,user,12,lain,1.0
user_a5c14368f7dc,user,1,lain,1.0
user_a5cda81f8bf4,user,4,lain,1.0
user_a5f069a07b0b,user,13,lain,1.0
user_a5f5191c16c6,user,11,lain,1.0
user_a5f7aa774423,user,4,lain,1.0
user_a5fd0a378586,user,10,lain,1.0
user_a606d1397ead,user,15,lain,1.0
user_a6105db6fe16,user,10,lain,2.0
user_a615ab8e968c,user,14,lain,1.0
user_a61741a24ebc,user,15,lain,1.0
user_a643c8930889,user,15,lain,1.0
user_a65d9f723d89,user,3,lain,1.0
user_a662e66c5d96,user,1,niat menonton,1.0
user_a67178275d6d,user,12,lain,1.0
user_a67663296531,user,3,lain,1.0
user_a68011a63dca,user,5,lain,1.0
user_a68945d9e50f,user,4,lain,1.0
user_a69b754f2433,user,5,lain,1.0
user_a69de0c4c2e5,user,16,lain,1.0
user_a6b84a87c253,user,9,lain,1.0
user_a6c923698a28,user,6,lain,1.0
user_a6cb5c3e4c05,user,2,lain,1.0
user_a6cc32fca34b,user,6,lain,1.0
user_a6da04902cff,user,4,lain,1.0
user_a6e46a3876fd,user,10,lain,1.0
user_a6e5a1058bc8,user,3,niat menonton,1.0
user_a6e9eb7592e3,user,9,takut (pujian?),1.0
user_a6f5864355ca,user,5,lain,1.0
user_a70c1b17b992,user,1,lain,1.0
user_a71a3aff9651,user,1,lain,1.0
user_a729a389fd5f,user,13,lain,1.0
user_a738d85924e5,user,9,lain,1.0
user_a7401822b3bf,user,3,takut (pujian?),1.0
user_a74031e8c122,user,1,lain,1.0
user_a741d6bf890d,user,1,niat menonton,1.0
user_a748b76ded55,user,5,lain,1.0
user_a74be216cdf2,user,3,lain,1.0
user_a754730fe3b3,user,2,lain,1.0
user_a7577c9bee1b,user,1,lain,1.0
user_a75d7faaac4c,user,4,lain,1.0
user_a75de2b17464,user,1,takut (pujian?),1.0
user_a7621b3ca90d,user,1,lain,1.0
user_a77e9cbb0b0b,user,2,lain,2.0
user_a77eaf3b79c2,user,15,lain,1.0
user_a79273a9aa14,user,4,lain,1.0
user_a7a403b9a2bc,user,1,niat menonton,1.0
user_a7aa0e0c8ca5,user,5,lain,1.0
user_a7acf5c36f4b,user,13,lain,1.0
user_a7bbb904af06,user,3,lain,1.0
user_a7c8280a9cd0,user,4,lain,1.0
user_a7c88c5f03ef,user,13,lain,1.0
user_a7dac8f03f1c,user,8,lain,1.0
user_a7e53f751263,user,4,niat menonton,1.0
user_a7e7fe5ea5f7,user,14,takut (pujian?),1.0
user_a7ef4902de46,user,16,lain,1.0
user_a7eff1f850f0,user,2,lain,1.0
user_a801a92cc3e8,user,6,lain,1.0
user_a80cf59822cc,user,1,lain,1.0
user_a812d173961c,user,7,lain,1.0
user_a815a8c23b87,user,11,lain,1.0
user_a818298cef50,user,17,lain,1.0
user_a831a935fa69,user,14,lain,1.0
user_a83a4eafddfe,user,8,lain,1.0
user_a83c4c3105a9,user,1,takut (pujian?),1.0
user_a83f929b1ae5,user,4,lain,1.0
user_a84a717854c6,user,8,niat menonton,1.0
user_a84f429802c9,user,1,lain,1.0
user_a85356ded475,user,3,takut (pujian?),1.0
user_a86260934a9f,user,2,lain,1.0
user_a88bc648d1a5,user,4,lain,1.0
user_a8964ca5dc4d,user,1,lain,1.0
user_a896cfbd0c53,user,5,lain,1.0
user_a89b1e00edfc,user,2,lain,1.0
user_a89f7ce71717,user,15,lain,1.0
user_a8b187b8f43c,user,3,lain,1.0
user_a8b22afd76d9,user,11,lain,1.0
user_a8bf043e63e0,user,10,lain,1.0
user_a8cb612be882,user,3,lain,1.0
user_a8cd225d7fb9,user,10,lain,3.0
user_a8d16e123142,user,5,lain,1.0
user_a8d1e9e74f75,user,1,lain,1.0
user_a8d4aa316685,user,8,lain,1.0
user_a8e4c72a6172,user,8,lain,2.0
user_a8f984f138ee,user,5,lain,1.0
user_a8ff3efa8826,user,1,lain,1.0
user_a9089934d74c,user,3,lain,1.0
user_a921332e3840,user,2,lain,1.0
user_a92fc266949c,user,3,lain,1.0
user_a93fdafcb1ac,user,11,lain,1.0
user_a94fed5ed48f,user,1,niat menonton,1.0
user_a959552b9ed7,user,6,takut (pujian?),2.0
user_a95d3d30e767,user,15,lain,1.0
user_a95f219b9ecc,user,1,niat menonton,1.0
user_a97656a723a0,user,1,takut (pujian?),1.0
user_a97837313eb5,user,4,lain,1.0
user_a980e7013794,user,2,lain,1.0
user_a981a2812f3f,user,8,lain,1.0
user_a985492cb03c,user,10,lain,1.0
user_a988fc42bb52,user,3,takut (pujian?),1.0
user_a98bdfa430ab,user,1,takut (pujian?),1.0
user_a997c0620ae8,user,16,lain,1.0
user_a9ab83b2cf65,user,1,lain,1.0
user_a9b7785536ed,user,3,lain,1.0
user_a9c28d885aa1,user,14,lain,1.0
user_a9ca4638374e,user,2,lain,1.0
user_a9d3e90e039e,user,1,lain,1.0
user_a9d8b3be22bc,user,8,lain,1.0
user_a9da7c4bc0b6,user,2,lain,1.0
user_a9e3afa36b48,user,10,lain,4.0
user_a9ed80f6108e,user,16,takut (pujian?),2.0
user_a9fd06333bd9,user,15,lain,1.0
user_a9fdd5bfa73f,user,10,lain,1.0
user_a9fe25b34ae7,user,4,lain,1.0
user_a9fe584b44f5,user,10,lain,1.0
user_aa137d0565ce,user,16,lain,1.0
user_aa16b2870360,user,8,lain,1.0
user_aa19905029fe,user,1,lain,1.0
user_aa293019e584,user,11,takut (pujian?),1.0
user_aa3627bb577f,user,10,lain,1.0
user_aa429cf7f133,user,3,lain,1.0
user_aa440a4c913d,user,11,lain,1.0
user_aa44e3772a30,user,8,lain,1.0
user_aa4727bed7fe,user,17,lain,3.0
user_aa52bc400c6a,user,9,lain,1.0
user_aa553f3c57cb,user,3,lain,1.0
user_aa5c4643884f,user,1,niat menonton,1.0
user_aa5ef7dcd574,user,2,lain,1.0
user_aa608f812fb4,user,11,lain,1.0
user_aa650cc587b5,user,4,lain,1.0
user_aa739b8d25ce,user,6,takut (pujian?),1.0
user_aa7dcbab7b73,user,1,lain,1.0
user_aa82905e6f7e,user,2,lain,1.0
user_aa9189f0873f,user,2,lain,1.0
user_aa96a8a68cb7,user,15,lain,1.0
user_aa9ce760ea89,user,2,lain,2.0
user_aaa3f639ed8e,user,1,lain,1.0
user_aaa8eda15cf8,user,1,niat menonton,1.0
user_aab012191eab,user,2,lain,1.0
user_aab5d84d51a0,user,10,lain,1.0
user_aab9f5600e96,user,9,takut (pujian?),1.0
user_aabac80b6b90,user,1,lain,1.0
user_aabec47528d3,user,12,lain,1.0
user_aac4fd09dcfb,user,3,lain,1.0
user_aad269f5cb79,user,9,lain,1.0
user_aad3ccbb9157,user,11,lain,1.0
user_aadfa188d739,user,11,lain,1.0
user_aae048a39479,user,2,lain,1.0
user_aaf1c8454bbd,user,2,lain,1.0
user_aaf7296bdc6d,user,1,lain,1.0
user_aafb93384f5f,user,6,lain,1.0
user_ab03e22a92e3,user,12,niat menonton,2.0
user_ab060a5488e4,user,11,lain,1.0
user_ab14ca1b3ede,user,1,lain,1.0
user_ab18568b571a,user,11,lain,1.0
user_ab228a3daa42,user,11,lain,1.0
user_ab3269bfa837,user,5,lain,2.0
user_ab374bd6b798,user,11,lain,1.0
user_ab3d00be8047,user,2,lain,1.0
user_ab47f0782cac,user,1,lain,1.0
user_ab4aedde8bce,user,1,lain,1.0
user_ab57c273f8d9,user,8,lain,1.0
user_ab58be42c4f4,user,4,niat menonton,1.0
user_ab61a4dbdbc5,user,6,takut (pujian?),1.0
user_ab6d2b23e043,user,9,lain,1.0
user_ab749030dbf0,user,4,lain,1.0
user_ab7735e00181,user,14,lain,1.0
user_ab782eb8f6d0,user,2,lain,1.0
user_ab8654f58e37,user,3,lain,1.0
user_ab8fad45fb07,user,7,lain,1.0
user_ab947006e476,user,15,lain,1.0
user_ab961816393f,user,16,lain,1.0
user_ab96d1a0270b,user,5,lain,1.0
user_ab9db8e38b7f,user,6,lain,1.0
user_aba48d5e12a7,user,17,lain,1.0
user_aba79ac0e294,user,16,lain,1.0
user_aba7ffcaef4d,user,8,lain,1.0
user_abad6330ea3f,user,3,lain,1.0
user_abb06ed44c0b,user,6,lain,1.0
user_abb63e6aecb6,user,1,lain,2.0
user_abb893c18c32,user,8,takut (pujian?),1.0
user_abba31e849c2,user,2,lain,1.0
user_abc782c3f320,user,9,lain,1.0
user_abe299355414,user,4,lain,1.0
user_abe704d52d97,user,1,lain,1.0
user_abebc4d17ec8,user,9,lain,1.0
user_abf331afd9e9,user,1,takut (pujian?),1.0
user_abfb35c294ee,user,11,niat menonton,1.0
user_ac140970adc5,user,6,lain,1.0
user_ac1cd7d52c0c,user,1,lain,1.0
user_ac29e79805b2,user,12,lain,1.0
user_ac2f25f3160d,user,1,lain,1.0
user_ac2f6b72e1e5,user,5,lain,1.0
user_ac35efa67ae2,user,13,lain,1.0
user_ac3675ef8261,user,1,lain,1.0
user_ac4fa88ab7da,user,4,lain,1.0
user_ac562ee40355,user,15,lain,1.0
user_ac5a76cbdd62,user,1,takut (pujian?),1.0
user_ac70894114b4,user,4,niat menonton,1.0
user_ac7485bd5278,user,15,lain,1.0
user_ac7ccc820982,user,11,lain,1.0
user_ac7d69027942,user,4,lain,1.0
user_ac8854453db1,user,1,lain,1.0
user_ac918c2dd0d5,user,1,niat menonton,1.0
user_aca233964886,user,16,lain,2.0
user_acc9d811f90e,user,15,lain,1.0
user_acddbadfc557,user,3,lain,1.0
user_ace68a565c5c,user,12,lain,1.0
user_aceb7595758c,user,7,lain,1.0
user_ad0067f03cfe,user,12,lain,1.0
user_ad05184fdfb9,user,2,lain,1.0
user_ad08b5d8a5c7,user,4,takut (pujian?),1.0
user_ad0dea1ae2b8,user,1,lain,1.0
user_ad14779e30c9,user,2,lain,1.0
user_ad1d60dd0fe9,user,5,lain,5.0
user_ad2af657e2ef,user,6,lain,1.0
user_ad2c0bb2c090,user,7,lain,1.0
user_ad2e519a1dd4,user,10,lain,3.0
user_ad2fe2718ab8,user,9,lain,1.0
user_ad3a5e316f16,user,3,lain,1.0
user_ad3b3443e8e9,user,8,takut (pujian?),1.0
user_ad4a22b1cc6c,user,8,lain,1.0
user_ad4f91f4dbc3,user,4,niat menonton,1.0
user_ad4fb893a3dd,user,1,lain,1.0
user_ad58b298a4da,user,3,lain,1.0
user_ad5f4555e45d,user,13,lain,1.0
user_ad5f9d75213e,user,3,lain,1.0
user_ad736bd93931,user,9,lain,1.0
user_ad760db86e05,user,5,lain,1.0
user_ad85e0c5ec15,user,5,lain,1.0
user_ad8938bb5979,user,5,lain,1.0
user_ad8deac73513,user,8,lain,1.0
user_ad92aa369d7a,user,11,niat menonton,1.0
user_ada3b3a923af,user,7,lain,1.0
user_adbf248ca1fb,user,1,lain,1.0
user_adc3bbfcad88,user,15,lain,1.0
user_adc49c915268,user,3,lain,1.0
user_adcb657849c7,user,3,lain,1.0
user_add5cdbf2403,user,3,takut (pujian?),1.0
user_add9f2c49a59,user,5,lain,1.0
user_ade7d408cb6e,user,11,lain,1.0
user_adf55995f1b4,user,3,lain,1.0
user_adfa257cb611,user,7,lain,1.0
user_adfaafa219fe,user,11,lain,1.0
user_adfd25a837ab,user,3,lain,1.0
user_adfd7eb9812b,user,7,lain,1.0
user_adff6bca7194,user,5,niat menonton,1.0
user_ae03311a498f,user,5,lain,1.0
user_ae134d7de270,user,13,lain,1.0
user_ae24f719e5d2,user,1,takut (pujian?),1.0
user_ae2a29de97c4,user,2,lain,1.0
user_ae2da4d5bc8f,user,4,lain,1.0
user_ae300574112d,user,8,takut (pujian?),1.0
user_ae40a74a9817,user,4,lain,1.0
user_ae411075423f,user,7,lain,1.0
user_ae435b900a5b,user,4,lain,1.0
user_ae49cf498c1b,user,2,lain,1.0
user_ae5866116bc5,user,14,lain,1.0
user_ae59e280e85b,user,3,lain,1.0
user_ae5a83fdf811,user,11,lain,1.0
user_ae704b4c053f,user,8,lain,1.0
user_ae75d8acac1a,user,6,lain,1.0
user_ae7751c50909,user,10,lain,1.0
user_ae816bfc3f7c,user,4,takut (pujian?),1.0
user_ae879cadeb77,user,15,lain,1.0
user_ae88eb9a302f,user,1,takut (pujian?),1.0
user_ae961214128c,user,8,lain,2.0
user_ae9d2297d2ab,user,3,takut (pujian?),1.0
user_aea2a4c7162e,user,17,niat menonton,1.0
user_aea80e2c3e45,user,3,lain,1.0
user_aeade0eb06da,user,8,lain,1.0
user_aec371f399e0,user,2,lain,1.0
user_aec68f4d31ad,user,8,lain,1.0
user_aecfd3a5f7bc,user,4,lain,1.0
user_aed118a0cb01,user,1,lain,1.0
user_aedd76efe09b,user,16,lain,1.0
user_aee5c56aef6c,user,7,lain,2.0
user_aefc152fae1d,user,15,lain,1.0
user_aefdf05044d2,user,2,lain,1.0
user_af2d35ca1363,user,3,lain,1.0
user_af337e934733,user,1,lain,1.0
user_af35195acc7e,user,4,lain,1.0
user_af36981248dd,user,10,lain,1.0
user_af3730173930,user,6,lain,1.0
user_af4170f19acb,user,1,lain,1.0
user_af4542cf2a3d,user,10,lain,1.0
user_af4b2be3a738,user,4,niat menonton,1.0
user_af516a85f776,user,6,takut (pujian?),1.0
user_af56bc9a5fa2,user,4,takut (pujian?),1.0
user_af5842cc9dd6,user,10,takut (pujian?),1.0
user_af61f22490d9,user,13,lain,1.0
user_af6282507adf,user,17,takut (pujian?),3.0
user_af63e547cae5,user,16,lain,1.0
user_af67eacdf96b,user,5,lain,1.0
user_af6bb3a746d0,user,10,lain,1.0
user_af7296c9e463,user,2,lain,1.0
user_af772dd7f5a3,user,1,takut (pujian?),1.0
user_af9941a21e53,user,3,takut (pujian?),1.0
user_afa384f44800,user,2,lain,1.0
user_afb6ccbce122,user,5,lain,1.0
user_afba889e9caa,user,10,niat menonton,1.0
user_afbb952f7b71,user,5,lain,1.0
user_afc5c3318cf2,user,9,lain,1.0
user_afcff0660963,user,12,lain,2.0
user_afd627f59460,user,15,lain,1.0
user_afd794d4a919,user,3,lain,1.0
user_afdf0ce0f67f,user,9,lain,1.0
user_afe0543d196f,user,5,lain,1.0
user_afe4bd2a5911,user,12,lain,1.0
user_afe5e4f8a5fa,user,4,niat menonton,2.0
user_afe5f01254c4,user,1,lain,1.0
user_afe71fc2a973,user,7,lain,1.0
user_afeaf830a01a,user,6,lain,1.0
user_aff2eb3617d5,user,16,lain,1.0
user_b022572bbe95,user,10,lain,1.0
user_b03268e5eb1d,user,14,takut (pujian?),1.0
user_b03413b359ef,user,9,lain,1.0
user_b040b09ea710,user,5,takut (pujian?),1.0
user_b04b2fd43355,user,6,lain,1.0
user_b04eb538e705,user,2,lain,1.0
user_b052911e6450,user,8,lain,1.0
user_b05a85c3bee7,user,8,lain,1.0
user_b063448ec85b,user,8,lain,1.0
user_b0650ea9829f,user,6,lain,1.0
user_b066aa9b3c1a,user,4,niat menonton,1.0
user_b07104263ac2,user,6,lain,1.0
user_b072d5af14d1,user,10,lain,1.0
user_b07501cfa608,user,3,niat menonton,2.0
user_b078a6e4b73f,user,15,lain,1.0
user_b07b2f142c99,user,2,lain,3.0
user_b0968067b60c,user,5,lain,1.0
user_b09d6eec5b87,user,7,niat menonton,1.0
user_b0a0eb5dbe7a,user,13,takut (pujian?),1.0
user_b0a43b703de2,user,5,takut (pujian?),1.0
user_b0a9a9272b82,user,6,lain,1.0
user_b0acf01c5c67,user,1,lain,1.0
user_b0cb5119c306,user,15,lain,1.0
user_b0cc36975b63,user,3,lain,1.0
user_b0e15cd15915,user,7,lain,2.0
user_b0f67f4abfab,user,1,lain,1.0
user_b10cf4750383,user,11,lain,1.0
user_b120e2e700b9,user,5,lain,1.0
user_b12bf3586e51,user,10,takut (pujian?),1.0
user_b12c6eab07b3,user,1,lain,1.0
user_b139f2694ec1,user,2,lain,1.0
user_b13fab020b42,user,14,lain,1.0
user_b1477dcd4c7c,user,3,lain,1.0
user_b14822f7ef06,user,13,lain,1.0
user_b1564791f8b0,user,6,lain,1.0
user_b16613c1df79,user,8,takut (pujian?),1.0
user_b169d4e331bf,user,2,niat menonton,1.0
user_b16cbb5781ba,user,14,lain,1.0
user_b1755ef7467f,user,1,niat menonton,1.0
user_b17a572c3e18,user,10,lain,1.0
user_b19633fc9bce,user,11,lain,1.0
user_b19899d94618,user,4,lain,1.0
user_b19ce1719c0b,user,6,lain,1.0
user_b1a16dec21cb,user,1,lain,1.0
user_b1a62bd23ab1,user,18,lain,1.0
user_b1b0fdb82467,user,7,takut (pujian?),1.0
user_b1b6353ec8e7,user,2,takut (pujian?),1.0
user_b1bbcb9ed465,user,1,lain,1.0
user_b1bcee415dae,user,5,lain,1.0
user_b1be9a85a269,user,9,takut (pujian?),1.0
user_b1c758de31d6,user,12,lain,1.0
user_b1d2831c180f,user,4,lain,1.0
user_b1d3baf18c24,user,5,lain,2.0
user_b1e248a8f498,user,1,lain,1.0
user_b1e3340461f0,user,17,lain,1.0
user_b1e36520afc4,user,2,lain,1.0
user_b200a9839331,user,1,lain,1.0
user_b20684cafef9,user,11,lain,1.0
user_b211d815fa4a,user,1,lain,1.0
user_b218558831c0,user,1,lain,1.0
user_b21dacae2099,user,7,lain,1.0
user_b232d89bf815,user,14,lain,1.0
user_b2416c0939fc,user,9,lain,2.0
user_b241aca745a5,user,16,lain,1.0
user_b24e7ab27adb,user,7,lain,1.0
user_b250fb477209,user,1,takut (pujian?),1.0
user_b2562eb57bbc,user,2,lain,1.0
user_b25908867eb8,user,1,lain,1.0
user_b2660a229afa,user,4,lain,2.0
user_b27575214bae,user,3,lain,1.0
user_b287ac966234,user,9,lain,1.0
user_b2961f12e661,user,7,lain,1.0
user_b29fcf43b25b,user,1,lain,1.0
user_b2c41769f1dd,user,4,lain,1.0
user_b2cfb92adf2e,user,1,lain,1.0
user_b2dc6f9d05e7,user,3,lain,1.0
user_b2e66a95ea4b,user,2,lain,1.0
user_b2e7ac655a94,user,1,lain,1.0
user_b2e7b6279f98,user,1,takut (pujian?),1.0
user_b2e7c0fab25f,user,1,niat menonton,1.0
user_b2fba9d95ea8,user,7,lain,1.0
user_b31d74ccc62d,user,4,takut (pujian?),1.0
user_b320856fc5a8,user,15,lain,1.0
user_b322612abd21,user,7,lain,1.0
user_b325247f3641,user,11,lain,1.0
user_b32ba4cc5463,user,11,lain,1.0
user_b33aa8afe428,user,11,lain,1.0
user_b3411f706dac,user,13,lain,1.0
user_b347b3acd571,user,8,lain,1.0
user_b358a24a4b73,user,9,lain,1.0
user_b3738da276ff,user,2,takut (pujian?),1.0
user_b3901407ac9f,user,5,lain,1.0
user_b392e33ae77d,user,8,lain,1.0
user_b3a8dd691660,user,12,takut (pujian?),1.0
user_b3ae40d47f3a,user,1,lain,1.0
user_b3d3549b68b3,user,1,lain,1.0
user_b3dd64d68997,user,5,takut (pujian?),1.0
user_b3e6a911a4a1,user,9,lain,1.0
user_b3f8ecf107f6,user,11,lain,1.0
user_b3fbbfc8b8c5,user,1,niat menonton,1.0
user_b3fcebc59581,user,5,lain,1.0
user_b411e15d6e28,user,1,lain,1.0
user_b41d766a9054,user,5,lain,1.0
user_b41fd9e463d9,user,1,niat menonton,1.0
user_b43191889e72,user,14,lain,1.0
user_b43d0fbf882d,user,7,lain,1.0
user_b43fbdc0f941,user,3,niat menonton,1.0
user_b444ca561119,user,3,takut (pujian?),1.0
user_b449f2e01e75,user,9,lain,1.0
user_b450f426b355,user,5,lain,1.0
user_b45306fbcc61,user,7,takut (pujian?),1.0
user_b4545b6cfd16,user,6,lain,1.0
user_b454bb78d360,user,11,lain,1.0
user_b4594fb9478e,user,4,lain,1.0
user_b45dd174b096,user,15,lain,1.0
user_b45f22df6501,user,7,lain,1.0
user_b46ca064d374,user,5,lain,1.0
user_b47b36624ea2,user,9,takut (pujian?),1.0
user_b47f753859da,user,3,lain,1.0
user_b48a478c1707,user,10,lain,1.0
user_b48dceb8695b,user,3,lain,1.0
user_b490b579529c,user,1,lain,1.0
user_b4922be3ab97,user,6,lain,1.0
user_b4937dd2539a,user,1,lain,1.0
user_b49f35fa2ee0,user,2,takut (pujian?),1.0
user_b4a2cae0cbf0,user,1,lain,1.0
user_b4a372ca4094,user,4,takut (pujian?),1.0
user_b4a4adf3e05e,user,1,lain,1.0
user_b4a6c65417bd,user,9,lain,3.0
user_b4aa7c14a078,user,8,lain,1.0
user_b4b83943caf5,user,7,lain,1.0
user_b4c398497abb,user,12,takut (pujian?),1.0
user_b4c791654c95,user,3,niat menonton,1.0
user_b4e24a2025fe,user,17,lain,1.0
user_b4e4e2d41bab,user,8,lain,1.0
user_b4eb9b0588c6,user,1,niat menonton,1.0
user_b4f31ae390c8,user,7,lain,1.0
user_b4f4de22ee24,user,5,lain,1.0
user_b4f78d44b9ed,user,2,lain,1.0
user_b5044b64e724,user,2,niat menonton,2.0
user_b5082c0e513e,user,12,lain,1.0
user_b50ee7adcc90,user,7,lain,1.0
user_b516366d39b1,user,5,lain,1.0
user_b51f30309907,user,7,lain,1.0
user_b525d531bf6a,user,1,lain,1.0
user_b525f10069b6,user,6,takut (pujian?),2.0
user_b5389027acd1,user,8,lain,1.0
user_b545c4c23dbc,user,11,lain,1.0
user_b54c6b969421,user,10,niat menonton,1.0
user_b5572b1d4e79,user,8,lain,1.0
user_b55a55fae711,user,9,lain,1.0
user_b5606d9e08a7,user,2,lain,1.0
user_b56d223c9e57,user,5,lain,1.0
user_b56e60f0eb95,user,4,lain,1.0
user_b578b1d10ce9,user,3,lain,1.0
user_b5858bfdc50f,user,13,lain,1.0
user_b58612562d86,user,2,lain,1.0
user_b5879316635a,user,4,lain,1.0
user_b58d5c9f4d21,user,1,lain,1.0
user_b59242f2cc74,user,1,takut (pujian?),1.0
user_b5924a3ab1b9,user,10,lain,1.0
user_b59762d3e6c6,user,8,lain,1.0
user_b5981ca859ec,user,6,takut (pujian?),1.0
user_b59a5bff8661,user,16,lain,1.0
user_b5b833b264b7,user,15,lain,1.0
user_b5bb121b99a3,user,3,takut (pujian?),1.0
user_b5bea406cbe1,user,3,lain,1.0
user_b5d0051c7a80,user,8,lain,1.0
user_b5dfec141b15,user,8,lain,1.0
user_b5e3680fb1c9,user,10,lain,1.0
user_b5e670f6f514,user,1,lain,1.0
user_b5f01ab7e86f,user,5,lain,2.0
user_b5f144eacdcc,user,14,takut (pujian?),1.0
user_b5fe2f756e2a,user,12,lain,1.0
user_b5ff5e275f4f,user,3,lain,1.0
user_b601f569c270,user,1,lain,1.0
user_b602ca73ad23,user,6,niat menonton,1.0
user_b60812964f9d,user,1,niat menonton,1.0
user_b615f8e0817f,user,16,lain,1.0
user_b62a497561f5,user,1,lain,1.0
user_b6360f60765f,user,5,lain,1.0
user_b63cc398aec8,user,4,lain,1.0
user_b65d26e01313,user,14,lain,1.0
user_b673d304e8a0,user,1,lain,1.0
user_b6881c7da3ea,user,2,takut (pujian?),1.0
user_b6894d3bd669,user,14,takut (pujian?),1.0
user_b68c8bc15ad0,user,15,lain,1.0
user_b6957bd44a85,user,8,takut (pujian?),1.0
user_b695a8b10b39,user,2,lain,1.0
user_b696246d9f58,user,15,lain,1.0
user_b69762d22007,user,12,lain,1.0
user_b6984a7e0573,user,13,lain,1.0
user_b6b41e713135,user,14,lain,1.0
user_b6b5aa52e122,user,7,lain,2.0
user_b6bea429a231,user,1,takut (pujian?),1.0
user_b6c0482d46c6,user,7,lain,1.0
user_b6c29cbea7c2,user,3,lain,1.0
user_b6c758192fd3,user,11,lain,1.0
user_b6c9ede1dcde,user,1,lain,1.0
user_b6ca520b92d6,user,4,niat menonton,1.0
user_b6d013caae90,user,5,lain,1.0
user_b6dd5b953856,user,4,takut (pujian?),1.0
user_b6e2d6a1ba75,user,4,lain,1.0
user_b707e5ab2fc8,user,5,niat menonton,1.0
user_b71c89dc1898,user,1,lain,1.0
user_b7212d51c948,user,5,lain,1.0
user_b737f94e2c27,user,2,lain,1.0
user_b73ecdb52af3,user,1,lain,1.0
user_b7410f41daa5,user,6,lain,1.0
user_b74bcf29355f,user,10,niat menonton,1.0
user_b74d28febf4f,user,1,lain,1.0
user_b762b80554d4,user,7,lain,1.0
user_b766f1f64ed4,user,1,lain,2.0
user_b767642afb4a,user,7,lain,1.0
user_b76c6c3d7cdf,user,9,lain,2.0
user_b76c9543a123,user,1,lain,1.0
user_b7709df44ea4,user,13,lain,1.0
user_b77d51832377,user,10,lain,2.0
user_b78c56549127,user,15,lain,1.0
user_b78ecf86cdc6,user,3,lain,1.0
user_b7cf456961fd,user,3,lain,1.0
user_b7dbf28267d1,user,1,lain,1.0
user_b7dc17c88297,user,2,lain,1.0
user_b7e061bd4508,user,6,takut (pujian?),1.0
user_b7e67bce31d7,user,3,niat menonton,1.0
user_b7e8aea66a1d,user,6,niat menonton,2.0
user_b7eefef90709,user,2,lain,1.0
user_b7f0860fee35,user,10,lain,1.0
user_b7f7bb653bed,user,1,lain,1.0
user_b7f8c46204a4,user,4,lain,1.0
user_b803a0149d51,user,1,lain,1.0
user_b80c4bcb4e94,user,12,lain,1.0
user_b81d4e851aa3,user,5,lain,1.0
user_b82f164d5a76,user,1,lain,1.0
user_b839fd0e6e73,user,10,takut (pujian?),1.0
user_b83a9db3eef0,user,1,lain,1.0
user_b8401ed52d68,user,3,lain,1.0
user_b8424df71da8,user,7,lain,1.0
user_b842e606a6a7,user,10,lain,1.0
user_b85ba5f4b715,user,2,lain,1.0
user_b85f897b191f,user,1,lain,1.0
user_b86b55f9ca81,user,5,lain,1.0
user_b8763b872b2d,user,6,takut (pujian?),1.0
user_b890c81fa3c5,user,1,lain,1.0
user_b898485e8d28,user,8,lain,1.0
user_b8a4b73aa77b,user,2,lain,1.0
user_b8a5a9158ec5,user,2,lain,1.0
user_b8bf3a606d9b,user,10,takut (pujian?),1.0
user_b8c150ac6c90,user,1,niat menonton,1.0
user_b8c735e4c3d1,user,2,lain,1.0
user_b8d2f4919efc,user,1,niat menonton,1.0
user_b8d503887661,user,4,lain,1.0
user_b8d8b086bd31,user,4,lain,1.0
user_b8dee0088321,user,7,lain,2.0
user_b8e21623d4cc,user,1,lain,1.0
user_b8e4f8d6c8aa,user,6,niat menonton,1.0
user_b8e517037a6f,user,1,niat menonton,1.0
user_b8e720a5e885,user,3,lain,3.0
user_b8efc701b92a,user,16,lain,1.0
user_b8fc10c0a39b,user,1,lain,1.0
user_b8fefd8c36f2,user,9,lain,2.0
user_b9039de21cfb,user,6,lain,1.0
user_b91bc95176d4,user,5,lain,1.0
user_b91c3f2ca635,user,17,takut (pujian?),1.0
user_b925744ccb64,user,10,lain,1.0
user_b928ec7f5e20,user,5,lain,1.0
user_b9345549914e,user,9,lain,1.0
user_b934f3aead95,user,12,takut (pujian?),1.0
user_b936701921ce,user,2,lain,1.0
user_b95050844d57,user,10,lain,1.0
user_b950d70a9997,user,5,lain,1.0
user_b9534a02e89a,user,6,takut (pujian?),1.0
user_b957a774082c,user,2,lain,1.0
user_b96a14f9c421,user,6,lain,1.0
user_b98002d9750d,user,10,lain,1.0
user_b981134b1970,user,1,takut (pujian?),1.0
user_b9832ae60af1,user,1,lain,1.0
user_b98ca92bc290,user,1,takut (pujian?),1.0
user_b99d9627793e,user,13,lain,1.0
user_b9b6b6b00bd7,user,1,takut (pujian?),1.0
user_b9d35201ee9e,user,6,lain,1.0
user_b9dc51bc18e8,user,1,lain,1.0
user_b9e43bcfd18b,user,3,niat menonton,1.0
user_b9ea239738da,user,1,lain,2.0
user_b9f09d2dbb11,user,2,lain,2.0
user_b9f25e5ae746,user,11,lain,1.0
user_ba059199e0f7,user,5,takut (pujian?),1.0
user_ba06e0d34d2f,user,1,lain,1.0
user_ba131dfc1f1f,user,5,lain,1.0
user_ba1626671f4c,user,4,niat menonton,1.0
user_ba18809d20e6,user,16,lain,1.0
user_ba18e6546c61,user,1,lain,1.0
user_ba2beb7ec338,user,4,lain,1.0
user_ba2dc528a88a,user,5,lain,1.0
user_ba395fd118c5,user,3,lain,1.0
user_ba3d737c7f33,user,4,lain,1.0
user_ba47f2f3637c,user,1,lain,1.0
user_ba4f928f942d,user,5,lain,1.0
user_ba507bfe3837,user,1,niat menonton,1.0
user_ba5565115991,user,2,lain,1.0
user_ba5599933f06,user,10,lain,1.0
user_ba5c09b042df,user,4,lain,1.0
user_ba5dc173825a,user,4,lain,1.0
user_ba6574898d05,user,6,takut (pujian?),1.0
user_ba733cf5d304,user,5,lain,1.0
user_ba7f90380906,user,10,lain,1.0
user_ba9b149f33e4,user,9,takut (pujian?),1.0
user_ba9e353fc186,user,7,lain,1.0
user_ba9f5f86a25e,user,8,lain,1.0
user_baa3c98319eb,user,3,lain,1.0
user_baca54283017,user,1,niat menonton,1.0
user_bacbf0372ff6,user,1,takut (pujian?),1.0
user_bad7852bcf3e,user,5,lain,1.0
user_bad8616e7549,user,1,lain,1.0
user_badce18fdb73,user,8,lain,1.0
user_baf453a79ba9,user,7,takut (pujian?),1.0
user_baf717c3a892,user,5,takut (pujian?),1.0
user_bb04af7afa15,user,4,lain,1.0
user_bb096de3b5c4,user,14,takut (pujian?),1.0
user_bb17819318d0,user,13,lain,1.0
user_bb1fb77a1e89,user,5,lain,1.0
user_bb2f7ee94559,user,4,lain,1.0
user_bb50bc8aa107,user,2,takut (pujian?),1.0
user_bb50f8e63aea,user,8,niat menonton,1.0
user_bb5ff0af7383,user,15,lain,1.0
user_bb623edcdc77,user,16,lain,1.0
user_bb6f5447dd26,user,13,lain,1.0
user_bb75924a10c1,user,2,lain,1.0
user_bb79b017b0ba,user,10,lain,1.0
user_bb84dcae7ac2,user,1,niat menonton,1.0
user_bb9202713e13,user,2,lain,1.0
user_bb923bbfa165,user,7,lain,1.0
user_bb9b4b98eab7,user,1,lain,1.0
user_bbc21bc7f3e6,user,4,lain,1.0
user_bbc76cc2408f,user,9,lain,1.0
user_bbc89b4b9aa7,user,2,lain,1.0
user_bbcd4ec0865a,user,2,lain,1.0
user_bbd8b4739ae8,user,3,lain,1.0
user_bbdccef5bed4,user,1,lain,1.0
user_bc133ffb9c1b,user,2,lain,1.0
user_bc16b6472c83,user,1,lain,1.0
user_bc17d5deb2a9,user,6,niat menonton,1.0
user_bc1cd6f06fbc,user,3,lain,5.0
user_bc1daf5ff404,user,10,takut (pujian?),3.0
user_bc1f76487837,user,2,takut (pujian?),1.0
user_bc2ef20ec64f,user,10,lain,1.0
user_bc3bd0895a29,user,5,lain,1.0
user_bc3cc0701916,user,4,lain,1.0
user_bc413ab4ae13,user,11,lain,1.0
user_bc45fdefa632,user,15,lain,2.0
user_bc4b3f1464bb,user,14,lain,1.0
user_bc6ed0cf043e,user,15,lain,1.0
user_bc7385361127,user,4,lain,1.0
user_bc7a90d176d0,user,1,lain,1.0
user_bc839b642689,user,11,lain,1.0
user_bc8648b797f3,user,5,lain,1.0
user_bc8b2cacad67,user,3,lain,1.0
user_bc9c48c5e684,user,1,takut (pujian?),1.0
user_bc9f50f1e65b,user,2,lain,1.0
user_bcbf7760fb5c,user,3,lain,1.0
user_bcc4213d6d55,user,8,lain,1.0
user_bcd5c68e4fab,user,10,lain,1.0
user_bcd604ea3563,user,4,lain,1.0
user_bcd9ad8d0298,user,7,lain,1.0
user_bcebd07d398e,user,1,niat menonton,1.0
user_bcfa2c20f18b,user,10,niat menonton,1.0
user_bd0430ecd4a7,user,8,lain,1.0
user_bd158029ed30,user,8,lain,1.0
user_bd20638c855a,user,5,lain,1.0
user_bd28f3c0be97,user,12,lain,1.0
user_bd2ed9763fe2,user,8,takut (pujian?),1.0
user_bd34e2fdfb4f,user,6,takut (pujian?),1.0
user_bd375553a91d,user,11,lain,1.0
user_bd43d276480f,user,5,lain,1.0
user_bd4b0eb23530,user,8,lain,1.0
user_bd4eb55aa2a8,user,3,lain,1.0
user_bd5307c9566b,user,17,lain,1.0
user_bd6330b65e4d,user,5,lain,1.0
user_bd645d745c19,user,12,lain,1.0
user_bd65ed3192c8,user,9,lain,1.0
user_bd66701e23be,user,3,lain,1.0
user_bd78283fa081,user,3,takut (pujian?),1.0
user_bd7985cb534c,user,2,lain,1.0
user_bd7b7da774da,user,2,lain,1.0
user_bd7da72664fe,user,11,lain,1.0
user_bd8295a007a2,user,7,lain,1.0
user_bd91bc523ff5,user,5,lain,1.0
user_bda55de5781c,user,1,lain,1.0
user_bda5f404b34b,user,2,lain,1.0
user_bda7069e32cd,user,4,lain,1.0
user_bda7a61c45d1,user,7,lain,1.0
user_bdaa62c44ee8,user,7,lain,1.0
user_bdb773ed6d1e,user,12,takut (pujian?),2.0
user_bdbafab54801,user,2,lain,1.0
user_bdbc4b869597,user,2,lain,1.0
user_bdd27c2ddb45,user,3,lain,1.0
user_bdd8cf853456,user,11,lain,1.0
user_bde0a32702d3,user,15,niat menonton,1.0
user_bdf356a85e80,user,1,lain,1.0
user_be1140d8667f,user,3,takut (pujian?),1.0
user_be1347ce5b07,user,9,lain,1.0
user_be148afd4b6b,user,1,niat menonton,1.0
user_be2529f97769,user,15,lain,1.0
user_be33edee8650,user,4,takut (pujian?),1.0
user_be3dc1d615b8,user,1,takut (pujian?),1.0
user_be4d30451a46,user,2,niat menonton,1.0
user_be4e972dc373,user,8,lain,2.0
user_be522e65ab9d,user,8,niat menonton,1.0
user_be635bd5b16e,user,2,lain,1.0
user_be6a0fd1a630,user,1,lain,1.0
user_be6b4adb10e6,user,7,lain,1.0
user_be6ddd364cd1,user,5,lain,1.0
user_be719c6df77f,user,8,lain,1.0
user_be7758ea1dbb,user,10,takut (pujian?),1.0
user_be7827177af6,user,14,lain,1.0
user_be8b5d97b7e8,user,1,lain,1.0
user_be8e458cc266,user,1,lain,1.0
user_be9dee337697,user,9,lain,1.0
user_bea2ce176425,user,7,lain,1.0
user_beb2d0a2b909,user,9,lain,1.0
user_becdba23ab01,user,15,lain,1.0
user_bed804a8d32b,user,7,lain,1.0
user_beda1ffa67de,user,1,lain,1.0
user_bee93aeae8ce,user,11,lain,1.0
user_bef92c815e1c,user,7,lain,1.0
user_bf037d6dc869,user,15,lain,1.0
user_bf0e16100b86,user,5,lain,1.0
user_bf119b6e29da,user,3,niat menonton,1.0
user_bf1905a7598f,user,2,lain,1.0
user_bf22ae122a96,user,4,niat menonton,1.0
user_bf2c10c4526d,user,9,lain,1.0
user_bf2d773abde3,user,4,lain,1.0
user_bf33f55c8964,user,5,lain,1.0
user_bf368d7fe254,user,7,takut (pujian?),1.0
user_bf393614f269,user,1,lain,1.0
user_bf517f59aa12,user,3,niat menonton,1.0
user_bf5edd9ef1cd,user,10,lain,1.0
user_bf63cd2a4356,user,2,takut (pujian?),1.0
user_bf6fd7c0219c,user,10,niat menonton,2.0
user_bf7260178fcd,user,4,lain,1.0
user_bf73ec2b9632,user,2,lain,1.0
user_bf7d83490b68,user,2,lain,1.0
user_bf88d629fb91,user,8,lain,1.0
user_bfaaf6ea6cd8,user,8,lain,1.0
user_bfc17fd83f5d,user,14,takut (pujian?),2.0
user_bfcd1ed3812c,user,8,niat menonton,1.0
user_bfd5cff0f5f5,user,5,lain,2.0
user_bfe4ccaae9c8,user,4,lain,1.0
user_bff638f483a3,user,9,lain,1.0
user_bff72fd509a1,user,16,lain,1.0
user_bffbc3b2a6d4,user,7,takut (pujian?),1.0
user_bffc40f1d7a9,user,1,niat menonton,1.0
user_c007b48c2567,user,2,lain,1.0
user_c00aa0bf0631,user,2,lain,1.0
user_c017328e1bdb,user,9,niat menonton,1.0
user_c029245d8929,user,6,lain,1.0
user_c02f1aa8bb60,user,1,lain,1.0
user_c036b4e94f83,user,2,lain,1.0
user_c04a0e578b91,user,3,lain,1.0
user_c04c5ddfee99,user,1,lain,1.0
user_c04ea96ba546,user,1,niat menonton,1.0
user_c065545c422a,user,16,lain,1.0
user_c077eec40e41,user,9,lain,1.0
user_c078493aa2cd,user,1,takut (pujian?),1.0
user_c07b226910a2,user,12,lain,1.0
user_c07e0193d08a,user,7,takut (pujian?),1.0
user_c0808862c5da,user,4,lain,1.0
user_c08e88110e3d,user,6,lain,1.0
user_c09120b523d6,user,14,lain,1.0
user_c09640159461,user,6,lain,1.0
user_c09ae7aae589,user,1,lain,1.0
user_c0a5a88a6379,user,3,niat menonton,1.0
user_c0a6e97fc62f,user,3,takut (pujian?),1.0
user_c0b2aad69d24,user,10,lain,1.0
user_c0b6ffead4d6,user,1,lain,1.0
user_c0c848efc4df,user,1,takut (pujian?),1.0
user_c0d853a7013f,user,1,lain,1.0
user_c0eb35e78372,user,13,lain,1.0
user_c0ee8db199fd,user,1,takut (pujian?),1.0
user_c0f9e971d85b,user,1,lain,1.0
user_c0fa77ead484,user,1,lain,1.0
user_c0fecb3ebaa4,user,12,lain,1.0
user_c108d689c6f5,user,5,lain,1.0
user_c10bbeb3ea2f,user,10,lain,2.0
user_c11cd8e5042f,user,2,niat menonton,1.0
user_c1236f93434c,user,9,lain,1.0
user_c1275d228855,user,1,lain,2.0
user_c12f0fe20c88,user,3,niat menonton,1.0
user_c13b3cf83334,user,15,lain,1.0
user_c13f10cd5827,user,6,lain,1.0
user_c1430acf4493,user,3,takut (pujian?),1.0
user_c1477511e26f,user,1,takut (pujian?),1.0
user_c1481b6ba657,user,8,lain,1.0
user_c153b4ec98a1,user,3,lain,1.0
user_c15c50712d42,user,5,lain,1.0
user_c16e0f180496,user,14,lain,1.0
user_c1731ff7a319,user,12,lain,2.0
user_c1787e6eb4f2,user,4,lain,1.0
user_c17ee4591a4c,user,10,lain,2.0
user_c17fce2621a2,user,13,lain,1.0
user_c183d2f7a4e4,user,11,lain,1.0
user_c192421d51f9,user,4,lain,1.0
user_c1938ce9e9e9,user,2,takut (pujian?),1.0
user_c1999b24ac02,user,3,lain,1.0
user_c1a17d2b7c59,user,3,lain,1.0
user_c1a85513543e,user,8,takut (pujian?),1.0
user_c1aa1b61445c,user,2,lain,1.0
user_c1ab45f06629,user,7,lain,1.0
user_c1b28b8cfec4,user,11,lain,1.0
user_c1b295ead0c1,user,3,lain,1.0
user_c1bb7cf81224,user,8,takut (pujian?),1.0
user_c1bbf4c3e308,user,5,lain,1.0
user_c1c72b8fbcd0,user,2,lain,1.0
user_c1c799851c01,user,1,lain,1.0
user_c1c965b3f8be,user,5,niat menonton,2.0
user_c1cda3d66359,user,17,takut (pujian?),1.0
user_c1d413e62c41,user,11,lain,1.0
user_c1d61dbafbbf,user,3,lain,1.0
user_c1d659e07a56,user,11,lain,1.0
user_c1d928ca1747,user,16,takut (pujian?),1.0
user_c1d9cac033a3,user,10,lain,1.0
user_c1da9ef7b12f,user,4,takut (pujian?),1.0
user_c1e576049300,user,1,lain,1.0
user_c1e9f48b3e49,user,1,niat menonton,1.0
user_c1ecb70e4e2c,user,5,takut (pujian?),3.0
user_c20c0ccd28bf,user,3,takut (pujian?),1.0
user_c20f2d0bfede,user,7,lain,1.0
user_c21c213457dc,user,1,lain,1.0
user_c21fddb2cc89,user,4,lain,1.0
user_c2330bf55286,user,9,lain,1.0
user_c233834bf65c,user,10,lain,1.0
user_c233fbf720b7,user,9,lain,1.0
user_c2518f4e7055,user,2,lain,1.0
user_c26eff913f37,user,15,lain,1.0
user_c279d380ab5b,user,14,lain,1.0
user_c27a76f7dbbe,user,15,lain,1.0
user_c280cb849042,user,4,lain,1.0
user_c28390848683,user,13,lain,1.0
user_c289f496ba8e,user,3,takut (pujian?),1.0
user_c29ca0f94748,user,7,lain,1.0
user_c29da1f160ab,user,14,lain,1.0
user_c29e3e65c58b,user,4,lain,1.0
user_c2a090636dff,user,14,lain,1.0
user_c2a9dc7535c4,user,14,lain,1.0
user_c2aa9d0246ee,user,13,lain,1.0
user_c2ac8622e429,user,11,lain,1.0
user_c2b3915b1632,user,9,lain,1.0
user_c2bc92e6608e,user,2,lain,1.0
user_c2bed3f71cf3,user,7,lain,1.0
user_c2c0647831f0,user,3,niat menonton,1.0
user_c2cb0bb784da,user,7,lain,1.0
user_c2debd829fac,user,5,lain,1.0
user_c2e24e628a9a,user,2,lain,1.0
user_c31433330faf,user,9,lain,1.0
user_c32b915227aa,user,7,takut (pujian?),1.0
user_c32d6414731b,user,5,lain,1.0
user_c32f9e8b3331,user,7,lain,1.0
user_c3351b76b8a5,user,10,lain,2.0
user_c3353f1d4a79,user,3,lain,1.0
user_c33a13809069,user,3,lain,1.0
user_c346989e8bde,user,13,lain,1.0
user_c347ae2faf01,user,6,lain,1.0
user_c3497d3cddbb,user,6,lain,1.0
user_c354db222f83,user,15,lain,1.0
user_c3610b8dbe1a,user,8,lain,1.0
user_c368adbb7da6,user,7,lain,1.0
user_c371e9e33bd6,user,6,takut (pujian?),1.0
user_c388be597fc2,user,9,takut (pujian?),1.0
user_c38ab7cfede5,user,4,lain,1.0
user_c392aa9875f3,user,12,niat menonton,1.0
user_c3a3430a9a59,user,10,lain,1.0
user_c3a81b627624,user,4,lain,1.0
user_c3a95564d1c0,user,3,lain,1.0
user_c3a987f7ef08,user,1,lain,1.0
user_c3cb5fcf3285,user,1,lain,1.0
user_c3d16e4c45c2,user,6,lain,1.0
user_c3d7fc61c10e,user,1,lain,1.0
user_c3e5bab4a8a9,user,6,niat menonton,1.0
user_c3f10f52a7a8,user,15,lain,2.0
user_c3f201ba199c,user,15,lain,1.0
user_c3fb0a70876b,user,1,lain,1.0
user_c3fea7ccfd45,user,1,lain,1.0
user_c40ac70844b8,user,9,lain,1.0
user_c41249b0be12,user,16,lain,1.0
user_c419554fc19a,user,3,takut (pujian?),1.0
user_c42474be6532,user,7,takut (pujian?),1.0
user_c42b7f060e3c,user,11,lain,1.0
user_c430a8fdebdb,user,3,takut (pujian?),1.0
user_c444016b2a7c,user,13,niat menonton,1.0
user_c4451379a1bf,user,9,lain,1.0
user_c44caffe99fc,user,1,lain,1.0
user_c45a3a69e8c0,user,2,lain,1.0
user_c46f53c881f5,user,11,lain,1.0
user_c479f0bcd42f,user,7,lain,1.0
user_c47ab7217e3c,user,2,lain,1.0
user_c485f7be4c8c,user,1,lain,1.0
user_c48e388d1609,user,10,lain,1.0
user_c4951f23002f,user,1,takut (pujian?),1.0
user_c49d523f489b,user,9,lain,1.0
user_c4a0a10cfd09,user,13,lain,2.0
user_c4a599ff721b,user,11,lain,1.0
user_c4a65d2dd87f,user,2,lain,1.0
user_c4a93b74c8af,user,9,niat menonton,1.0
user_c4be28bbc8eb,user,3,takut (pujian?),1.0
user_c4c017394f92,user,3,lain,1.0
user_c4c75bfcb935,user,15,lain,1.0
user_c4d116460868,user,5,lain,1.0
user_c4e6572eec5a,user,2,lain,1.0
user_c4ea4a3e5323,user,2,lain,1.0
user_c4ee76f8dfce,user,2,lain,1.0
user_c51da238fe6f,user,4,takut (pujian?),1.0
user_c520d367b2e2,user,12,takut (pujian?),1.0
user_c5226165a65f,user,6,lain,1.0
user_c528d5b6e1c3,user,5,lain,1.0
user_c5418742f612,user,3,lain,1.0
user_c54233c2928f,user,5,lain,1.0
user_c5460cd5d3b7,user,2,lain,1.0
user_c558932a6144,user,1,niat menonton,1.0
user_c55d8f201721,user,1,takut (pujian?),1.0
user_c57110721d4a,user,13,lain,1.0
user_c588ba420298,user,6,niat menonton,1.0
user_c58972484986,user,4,lain,1.0
user_c58f636c7a6b,user,1,lain,1.0
user_c5a285bd65f1,user,14,lain,1.0
user_c5a5b5f11c07,user,1,lain,1.0
user_c5a658959a83,user,7,takut (pujian?),1.0
user_c5aa1fa101db,user,17,lain,1.0
user_c5aca83c5c3b,user,2,takut (pujian?),1.0
user_c5b0ed158e1a,user,2,lain,1.0
user_c5c57e427248,user,11,lain,1.0
user_c5e1b3af3c21,user,7,takut (pujian?),1.0
user_c5e28facd463,user,9,lain,1.0
user_c5ebd13e2ee7,user,14,lain,1.0
user_c5f032f6144f,user,4,lain,1.0
user_c5f0f11a5159,user,1,lain,1.0
user_c605cef8a92f,user,16,lain,1.0
user_c606f3ce7ebd,user,2,lain,1.0
user_c609249c4a5f,user,15,lain,1.0
user_c6158c930951,user,14,lain,2.0
user_c617bb80c946,user,3,lain,1.0
user_c6256e2a2906,user,14,lain,1.0
user_c62c50d443fa,user,13,lain,1.0
user_c62d8bf11817,user,7,lain,1.0
user_c632143ef869,user,2,lain,1.0
user_c645fb7cdf28,user,4,lain,1.0
user_c6491f380cc6,user,17,lain,1.0
user_c65bd8982c45,user,6,takut (pujian?),1.0
user_c66c16aaa14b,user,2,lain,1.0
user_c676e5bbcf09,user,15,lain,1.0
user_c67bec4c9122,user,8,lain,1.0
user_c68027c5fb7f,user,5,lain,1.0
user_c6810b48bde7,user,2,lain,1.0
user_c68f952094f4,user,14,lain,1.0
user_c693ed62396e,user,3,lain,1.0
user_c694961bc099,user,8,lain,1.0
user_c69dd38a86c7,user,12,lain,2.0
user_c69ed0169e25,user,5,lain,1.0
user_c6a12caba1c2,user,6,lain,1.0
user_c6d9b1bb290d,user,2,lain,1.0
user_c6da321e0b01,user,12,lain,1.0
user_c6f24947216a,user,7,lain,2.0
user_c6fcfadf25d5,user,4,lain,1.0
user_c714117fae32,user,1,lain,1.0
user_c714156441b5,user,1,lain,1.0
user_c71d1b861b82,user,10,lain,1.0
user_c71f605e2ef2,user,12,lain,1.0
user_c73054fc9d72,user,3,lain,2.0
user_c730dbef6349,user,1,lain,1.0
user_c73969a07782,user,11,lain,1.0
user_c73be4bfbb71,user,16,lain,1.0
user_c73e8ac91109,user,2,lain,1.0
user_c74e00310af1,user,16,lain,1.0
user_c752026f897e,user,2,lain,1.0
user_c760ea6e1773,user,1,lain,1.0
user_c764cd8180f5,user,1,lain,1.0
user_c769d2035017,user,5,lain,1.0
user_c76a6ca9e71a,user,2,lain,1.0
user_c76e35220453,user,10,lain,1.0
user_c771872fc091,user,13,lain,1.0
user_c77f10adfc74,user,4,lain,1.0
user_c783d2af2210,user,1,lain,1.0
user_c78faea10bd6,user,3,lain,1.0
user_c7924fb38ec6,user,4,lain,1.0
user_c7a15d2f1d60,user,2,lain,1.0
user_c7a2b905d2f9,user,11,lain,1.0
user_c7b1182aa0c3,user,2,lain,1.0
user_c7b5900aa49d,user,3,lain,1.0
user_c7ca15e2fab6,user,1,takut (pujian?),1.0
user_c7cfeb94f361,user,6,lain,1.0
user_c7de3ff6d871,user,2,lain,1.0
user_c7ed237be7a1,user,2,lain,1.0
user_c80892d8a0ea,user,5,lain,1.0
user_c82f8d63cd29,user,9,lain,1.0
user_c852efca3793,user,15,lain,1.0
user_c85bd23eb875,user,1,takut (pujian?),1.0
user_c86d4bca5d7c,user,2,lain,2.0
user_c872731cc97d,user,1,lain,1.0
user_c872dbf8a18c,user,1,lain,1.0
user_c87baba3d57b,user,14,takut (pujian?),1.0
user_c885a625b3cb,user,9,takut (pujian?),1.0
user_c886c27fc33f,user,9,takut (pujian?),1.0
user_c8a8d426f05c,user,5,lain,1.0
user_c8b792eeb205,user,1,lain,1.0
user_c8b8d6f25802,user,3,lain,1.0
user_c8c3c71fc260,user,13,lain,3.0
user_c8cdeb6cb34c,user,1,lain,1.0
user_c8dd4cbac822,user,8,lain,1.0
user_c8e1d529d3e0,user,4,takut (pujian?),1.0
user_c8e756c50440,user,5,lain,1.0
user_c8f1b3d6dc26,user,15,lain,1.0
user_c8f1f024bdec,user,3,lain,5.0
user_c8fdfe4cc317,user,5,lain,1.0
user_c8fe0f52b8eb,user,7,lain,1.0
user_c903535d899b,user,9,lain,1.0
user_c90a73b1b700,user,8,takut (pujian?),1.0
user_c9269af59191,user,2,lain,1.0
user_c930df56884e,user,1,niat menonton,1.0
user_c93c99760aff,user,6,takut (pujian?),1.0
user_c944e27bfb79,user,6,niat menonton,1.0
user_c952c4ac7736,user,1,lain,1.0
user_c953c8099304,user,1,lain,1.0
user_c963db317750,user,14,lain,1.0
user_c96e1d600562,user,4,lain,1.0
user_c97d6bbcc257,user,8,lain,1.0
user_c97e6c759ac0,user,2,lain,1.0
user_c98c32ccf72b,user,4,lain,1.0
user_c98e831323ca,user,13,lain,1.0
user_c991a3549157,user,2,lain,1.0
user_c9958fe416ee,user,6,lain,1.0
user_c99ad531b8e6,user,2,lain,1.0
user_c99f45eec897,user,4,lain,1.0
user_c9a0d2374efa,user,16,lain,5.0
user_c9baf2b699a6,user,3,takut (pujian?),1.0
user_c9c91632563c,user,4,niat menonton,1.0
user_c9dc8c99e7d8,user,10,lain,1.0
user_c9e705fc28db,user,8,lain,1.0
user_ca0c6249dd3b,user,5,lain,1.0
user_ca0cd1513274,user,1,lain,1.0
user_ca0f7c692417,user,6,lain,1.0
user_ca10f802da41,user,1,lain,1.0
user_ca1339b0524c,user,12,lain,1.0
user_ca13ffaee92d,user,1,takut (pujian?),1.0
user_ca14e3d4d530,user,9,lain,3.0
user_ca178476268b,user,2,lain,1.0
user_ca1ea567bcf4,user,8,lain,1.0
user_ca22dafa0fc6,user,10,lain,1.0
user_ca528b1a79e5,user,12,lain,1.0
user_ca589568d873,user,11,lain,1.0
user_ca5de3a00750,user,7,takut (pujian?),1.0
user_ca5e22da21dd,user,5,lain,1.0
user_ca604a696e53,user,9,lain,1.0
user_ca60c3756def,user,7,lain,1.0
user_ca7e1a0f3575,user,16,takut (pujian?),1.0
user_ca8c8dd33c9e,user,1,lain,1.0
user_ca8d251a6c4a,user,8,lain,2.0
user_ca8f53b4ef7a,user,1,takut (pujian?),1.0
user_ca97cd2ce0c9,user,1,lain,1.0
user_ca9af33031ca,user,15,lain,1.0
user_caa744cf71ae,user,3,lain,1.0
user_cab56711f657,user,1,lain,1.0
user_cab9fae5c859,user,2,lain,2.0
user_cabcb7be0dea,user,3,lain,1.0
user_cac4940b304c,user,5,lain,1.0
user_cac67007915d,user,1,niat menonton,1.0
user_cae08eea0d86,user,15,lain,1.0
user_cae2d4b97375,user,4,takut (pujian?),1.0
user_cae4cdab5778,user,1,lain,1.0
user_cb0209834bf5,user,3,niat menonton,1.0
user_cb026ace3d5d,user,11,lain,1.0
user_cb04dd5edb64,user,6,lain,1.0
user_cb05121b4b04,user,6,lain,1.0
user_cb0565ad40ed,user,6,lain,1.0
user_cb070e3a2f67,user,4,lain,1.0
user_cb07dc82a0b2,user,1,lain,1.0
user_cb12cf727163,user,2,lain,1.0
user_cb19b95cafc5,user,15,lain,1.0
user_cb352cc78052,user,2,lain,1.0
user_cb38e9c1fdf1,user,14,lain,2.0
user_cb3d9385a4e0,user,1,lain,1.0
user_cb4a1fc00a2c,user,7,lain,1.0
user_cb4beda6772c,user,1,lain,1.0
user_cb57dc781227,user,16,lain,1.0
user_cb66bdddab4d,user,11,lain,1.0
user_cb6922bf3607,user,1,niat menonton,1.0
user_cb6c0b791c40,user,11,lain,1.0
user_cb7ae9b240e8,user,8,lain,2.0
user_cb9867093146,user,5,takut (pujian?),1.0
user_cb9b7c40ef13,user,1,lain,1.0
user_cba6188e9d0f,user,2,lain,1.0
user_cbab80e940c8,user,5,lain,1.0
user_cbad30185bd1,user,2,lain,1.0
user_cbb1142bb161,user,2,lain,1.0
user_cbb2b73f6d8a,user,12,lain,1.0
user_cbc7e98e57b0,user,16,lain,1.0
user_cbc97e1731f5,user,9,lain,1.0
user_cbca31a278a6,user,7,lain,1.0
user_cbca8235c020,user,1,niat menonton,1.0
user_cbdaf5dd1780,user,3,niat menonton,1.0
user_cbdbd29df984,user,6,takut (pujian?),1.0
user_cbde7c490a85,user,7,lain,1.0
user_cbf00a041c6f,user,4,lain,1.0
user_cbf1c834c30d,user,8,lain,1.0
user_cbf7214b3722,user,11,lain,1.0
user_cbf7c6c80d2e,user,14,lain,1.0
user_cbff6b31e587,user,1,lain,2.0
user_cc011e2e440c,user,12,lain,1.0
user_cc0a5b93ecdf,user,13,lain,2.0
user_cc0ad4cff9ab,user,1,takut (pujian?),1.0
user_cc124b022ba2,user,5,lain,1.0
user_cc1e33fc49af,user,4,lain,1.0
user_cc291b5abe8f,user,10,lain,1.0
user_cc30b9fa3e9d,user,1,lain,1.0
user_cc376c778513,user,9,lain,1.0
user_cc40116c8e6c,user,1,niat menonton,1.0
user_cc468fe71d1f,user,5,lain,1.0
user_cc490637c851,user,11,lain,1.0
user_cc514859b216,user,10,takut (pujian?),2.0
user_cc67663cfe47,user,10,lain,1.0
user_cc7c0ca9b12f,user,1,lain,1.0
user_cc80a187272c,user,14,lain,1.0
user_cc85f06c39d1,user,2,lain,1.0
user_cc87f56e3f69,user,11,takut (pujian?),1.0
user_cc896bb4e46a,user,12,lain,1.0
user_ccb163b2c49b,user,1,lain,1.0
user_ccb7b06a7dc2,user,1,niat menonton,1.0
user_ccc09d9a7909,user,12,takut (pujian?),1.0
user_ccc0c3c9b40e,user,8,takut (pujian?),1.0
user_ccc33b264465,user,5,lain,1.0
user_ccc3b55c7ce3,user,11,lain,1.0
user_ccc58ef68f3e,user,2,lain,1.0
user_ccca5d4a66fb,user,1,lain,1.0
user_ccdaebb93e7e,user,4,lain,1.0
user_cceb2d02189c,user,1,niat menonton,1.0
user_ccf9aa2b80ef,user,4,takut (pujian?),1.0
user_cd05a9802b74,user,1,lain,1.0
user_cd13fd664e9d,user,3,takut (pujian?),1.0
user_cd1ef3b2b539,user,7,lain,1.0
user_cd20fa011b55,user,12,lain,1.0
user_cd266e79596b,user,1,takut (pujian?),1.0
user_cd34620cb116,user,2,lain,1.0
user_cd556e57a6ab,user,10,lain,1.0
user_cd6081d3c3e9,user,10,niat menonton,1.0
user_cd65dda1b1cd,user,12,lain,2.0
user_cd66b2f60f51,user,11,lain,1.0
user_cd6974642f98,user,16,lain,1.0
user_cd77cb80dcc6,user,1,takut (pujian?),1.0
user_cd8c63c74aa9,user,9,lain,1.0
user_cd8f04b2be0b,user,12,lain,4.0
user_cd9a959ea5c5,user,2,lain,1.0
user_cd9b92b3201c,user,9,lain,1.0
user_cd9da6512f99,user,1,lain,1.0
user_cda7b163c98e,user,1,lain,1.0
user_cdbcf29fc193,user,5,lain,1.0
user_cdbd2947a5f4,user,9,lain,1.0
user_cdbdf71d6739,user,1,lain,1.0
user_cdbecc04ba5c,user,2,lain,1.0
user_cdc2166691f6,user,1,lain,1.0
user_cdc2370c13c4,user,4,lain,1.0
user_cdc4e7e53245,user,5,lain,1.0
user_cdd7c7e5296c,user,11,lain,1.0
user_cdd852c322f8,user,3,lain,1.0
user_cddf359615d6,user,4,lain,1.0
user_ce037289eaf4,user,15,lain,1.0
user_ce0817d6da0f,user,12,lain,1.0
user_ce09b8d306c1,user,4,lain,1.0
user_ce1019e76282,user,2,lain,1.0
user_ce1755c54dd3,user,1,lain,1.0
user_ce1b38d8e362,user,2,lain,1.0
user_ce2212711b05,user,2,lain,1.0
user_ce24156c75a3,user,11,niat menonton,1.0
user_ce2a914c01a1,user,2,lain,1.0
user_ce3f685cc26e,user,5,lain,1.0
user_ce3fd1527937,user,2,lain,1.0
user_ce4253e6430c,user,4,takut (pujian?),1.0
user_ce45959a986d,user,1,takut (pujian?),1.0
user_ce5202ed6866,user,1,lain,1.0
user_ce5718d7e760,user,3,lain,1.0
user_ce5bb0ef8678,user,1,takut (pujian?),1.0
user_ce651cf44279,user,2,lain,1.0
user_ce66d7b3f2ac,user,8,lain,1.0
user_ce6b4fc5298a,user,14,lain,1.0
user_ce726857c8c1,user,5,lain,1.0
user_ce73a523b695,user,12,lain,1.0
user_ce7be4f99928,user,1,lain,1.0
user_ce8168b7a509,user,8,takut (pujian?),1.0
user_ce855d119dea,user,2,lain,1.0
user_ce85694d6ed1,user,16,lain,1.0
user_ce8b70947cdf,user,13,lain,2.0
user_ce954dba84a0,user,2,lain,1.0
user_ceb0f4257d33,user,1,lain,1.0
user_ceb14e101d17,user,2,lain,1.0
user_ceb1e191219a,user,1,niat menonton,1.0
user_ceb60b9ecee6,user,17,lain,1.0
user_cebb448ee4de,user,5,niat menonton,1.0
user_cebe84b59c05,user,16,lain,1.0
user_cec4383f6951,user,10,niat menonton,1.0
user_cecd6e6d4d23,user,8,lain,1.0
user_cef417e3cc26,user,10,lain,1.0
user_cf005ac9107d,user,2,lain,1.0
user_cf0d69dd1d3f,user,4,lain,1.0
user_cf0f212c6675,user,2,lain,1.0
user_cf1126fccc8f,user,6,lain,1.0
user_cf1f72e1b268,user,4,lain,1.0
user_cf29c399c45b,user,4,lain,1.0
user_cf2afa3d5893,user,9,takut (pujian?),1.0
user_cf6055fbc551,user,14,lain,1.0
user_cf65f3a7b6ff,user,11,lain,1.0
user_cf6b36a887f8,user,1,takut (pujian?),1.0
user_cf7ca1e57224,user,5,lain,1.0
user_cf838536b122,user,10,lain,1.0
user_cf8d2e0bfb7c,user,9,lain,1.0
user_cfa2d9952f55,user,9,lain,1.0
user_cfa3e84e97a8,user,11,niat menonton,1.0
user_cfa3fd7d9165,user,10,lain,1.0
user_cfaf042207ee,user,4,takut (pujian?),1.0
user_cfb57e130ee9,user,2,lain,2.0
user_cfb6cfe11951,user,1,lain,1.0
user_cfbb5a158ca1,user,9,lain,1.0
user_cfc6bd3576c3,user,8,lain,1.0
user_cfc70167974c,user,7,lain,1.0
user_cfd65d69b9ca,user,12,lain,1.0
user_cfdbeda30f8d,user,2,lain,1.0
user_cfdc5c1760e2,user,5,lain,1.0
user_cffcd428f98a,user,5,lain,1.0
user_cfff7ea5cf58,user,7,takut (pujian?),1.0
user_d00a35f13202,user,2,lain,1.0
user_d0192d667af7,user,4,takut (pujian?),2.0
user_d0214e5a6924,user,13,lain,1.0
user_d030876a6911,user,14,lain,1.0
user_d043d3ad852d,user,2,lain,1.0
user_d04c1e2bcac2,user,9,lain,1.0
user_d05b0831614e,user,13,lain,1.0
user_d05bcd7d184d,user,11,lain,1.0
user_d061a1608cbf,user,3,lain,1.0
user_d07ba1ded7fb,user,1,lain,1.0
user_d07fd5ad272e,user,2,lain,1.0
user_d0871d0fee20,user,6,lain,1.0
user_d087a2d1339e,user,6,lain,1.0
user_d087b268d699,user,11,lain,1.0
user_d092158fe77e,user,17,niat menonton,1.0
user_d0a59fd12297,user,3,lain,1.0
user_d0a766ce2e6e,user,3,niat menonton,1.0
user_d0b1c9417e53,user,6,lain,1.0
user_d0bdc4219590,user,14,takut (pujian?),1.0
user_d0c7a6d7a22a,user,7,lain,1.0
user_d0d1a117ed54,user,17,lain,1.0
user_d0d3d0b3f524,user,11,lain,1.0
user_d0d7da101292,user,1,lain,1.0
user_d0d896f0aaab,user,1,lain,1.0
user_d0d8e046a8cb,user,12,lain,1.0
user_d0fd70b4093a,user,12,lain,1.0
user_d0fdd7b45e01,user,11,niat menonton,1.0
user_d102e0901baa,user,10,lain,1.0
user_d105da30b094,user,13,lain,1.0
user_d121a5134059,user,1,lain,1.0
user_d12651adb731,user,4,lain,1.0
user_d1327e065975,user,10,niat menonton,1.0
user_d13baffa1821,user,6,lain,1.0
user_d1491752739c,user,7,takut (pujian?),1.0
user_d15134809ee1,user,3,lain,1.0
user_d1530a7ad557,user,5,lain,1.0
user_d16208284a47,user,7,lain,1.0
user_d1642dff5b3e,user,17,takut (pujian?),1.0
user_d168c93861e4,user,6,lain,1.0
user_d17b291da12e,user,1,lain,1.0
user_d184927d566f,user,12,takut (pujian?),1.0
user_d1988d33a5ce,user,4,lain,1.0
user_d19d3b68531c,user,11,lain,1.0
user_d1a7a795dc2d,user,6,lain,1.0
user_d1b858e61956,user,8,lain,1.0
user_d1bc2cfd4862,user,10,lain,1.0
user_d1c21e79f732,user,10,lain,1.0
user_d1c9a267a3eb,user,2,lain,1.0
user_d1ca0d1365f7,user,14,lain,1.0
user_d1ce58d072ca,user,2,lain,1.0
user_d1da795b9ffb,user,6,takut (pujian?),1.0
user_d1dc39c3f3e0,user,6,lain,1.0
user_d1df80613d58,user,6,lain,1.0
user_d1dfef7834b9,user,9,lain,1.0
user_d1e0b3c09277,user,1,takut (pujian?),1.0
user_d1f20d02af73,user,6,lain,1.0
user_d1fe2143908e,user,11,takut (pujian?),2.0
user_d1ff7f4f403a,user,1,lain,1.0
user_d217e718a377,user,1,lain,1.0
user_d21a095edd9a,user,2,lain,1.0
user_d21bc59ceee0,user,17,lain,1.0
user_d221295de7b6,user,1,lain,1.0
user_d2248f82c677,user,12,takut (pujian?),1.0
user_d22b0f9db22c,user,13,lain,1.0
user_d2300c774407,user,8,niat menonton,1.0
user_d237b16774fe,user,13,lain,2.0
user_d25367dea220,user,1,takut (pujian?),1.0
user_d25532523319,user,17,lain,1.0
user_d264764576d4,user,16,niat menonton,1.0
user_d274f2659aa4,user,5,lain,1.0
user_d289d28f51a3,user,3,lain,1.0
user_d28df7a2a29b,user,5,lain,1.0
user_d290c7f5029b,user,8,lain,1.0
user_d293c664d2d4,user,7,lain,1.0
user_d29554f808c8,user,6,lain,3.0
user_d295fa7b4914,user,10,lain,1.0
user_d2a53544fa2c,user,14,lain,1.0
user_d2aadc71e33d,user,12,lain,2.0
user_d2ae7f35a1b6,user,12,lain,1.0
user_d2aeb8a67faf,user,11,lain,1.0
user_d2b28d18e75a,user,17,lain,1.0
user_d2b6a70c1189,user,14,lain,1.0
user_d2c1065c8d76,user,1,takut (pujian?),1.0
user_d2c59d1c363c,user,16,takut (pujian?),1.0
user_d2c697451f26,user,1,takut (pujian?),1.0
user_d2cce0f3acf5,user,2,lain,1.0
user_d2dd73cbe7ca,user,1,niat menonton,1.0
user_d2e66f8c60a9,user,14,lain,1.0
user_d2e9c7419ad5,user,2,lain,1.0
user_d2ed7d859b36,user,3,niat menonton,1.0
user_d2f9f96ed0ba,user,5,lain,1.0
user_d2fdd5fdd47d,user,9,lain,1.0
user_d31280eb4233,user,6,lain,1.0
user_d31450814b59,user,4,lain,1.0
user_d33f1d012a42,user,4,lain,1.0
user_d35875a39c20,user,3,lain,1.0
user_d3691e804f6b,user,15,lain,1.0
user_d36d08a04c53,user,10,lain,1.0
user_d377f8547177,user,12,lain,1.0
user_d37b2bc2e636,user,9,lain,1.0
user_d37c1ffb5e56,user,6,lain,1.0
user_d38023ede28b,user,6,lain,1.0
user_d381eba70818,user,3,lain,1.0
user_d393b696fbb6,user,14,takut (pujian?),1.0
user_d3a8b791dd4e,user,16,lain,1.0
user_d3aa27c9d2d7,user,7,takut (pujian?),1.0
user_d3aa6937e67a,user,2,lain,1.0
user_d3b2769a0045,user,16,lain,1.0
user_d3b38b0148ea,user,13,lain,1.0
user_d3b751c2c3c1,user,3,lain,1.0
user_d3cb3322f29f,user,3,lain,1.0
user_d3d12d273506,user,8,lain,2.0
user_d404ddeabadd,user,13,lain,1.0
user_d40e89b29f9b,user,2,lain,1.0
user_d41ad0f00afc,user,8,lain,1.0
user_d423ffe38802,user,2,lain,1.0
user_d4283d9f32e1,user,8,lain,1.0
user_d4299f5a84df,user,4,lain,1.0
user_d43dcff111df,user,11,lain,1.0
user_d440c0599844,user,3,lain,1.0
user_d4423aa99305,user,10,lain,1.0
user_d442f025d2e7,user,1,lain,1.0
user_d44976551406,user,2,lain,1.0
user_d44bb8e26310,user,6,niat menonton,1.0
user_d4563fb3fbc6,user,11,lain,1.0
user_d45a516fd288,user,5,takut (pujian?),1.0
user_d4614ca4cd94,user,3,lain,1.0
user_d468eab02770,user,9,lain,1.0
user_d469b5c3e276,user,11,lain,1.0
user_d46b6d9d1dae,user,5,takut (pujian?),1.0
user_d46b8d4e89ba,user,5,lain,1.0
user_d476fa0e45e7,user,2,lain,1.0
user_d491be4b2a14,user,6,niat menonton,1.0
user_d494833eeea9,user,16,lain,1.0
user_d4a07c909597,user,6,niat menonton,2.0
user_d4a5341827cd,user,1,lain,1.0
user_d4b4026a9d94,user,1,niat menonton,1.0
user_d4b9d538b875,user,6,lain,1.0
user_d4bc636d5297,user,3,lain,1.0
user_d4bcb44b09b6,user,16,lain,2.0
user_d4c04b5efb22,user,2,lain,1.0
user_d4c4466e8c1d,user,4,lain,1.0
user_d4d0dea84d18,user,2,lain,1.0
user_d4e2aae9bfdb,user,10,lain,1.0
user_d4e684464569,user,10,takut (pujian?),1.0
user_d4f2546e23e3,user,7,lain,1.0
user_d4f3df1f151f,user,2,lain,1.0
user_d4f6e484c9aa,user,10,lain,1.0
user_d5086b00a143,user,1,lain,1.0
user_d50c26387438,user,1,lain,1.0
user_d511edd1db35,user,1,lain,1.0
user_d515a8ab31b3,user,3,lain,1.0
user_d5160882cd27,user,7,lain,1.0
user_d529f3537cbf,user,8,lain,1.0
user_d52a667b33bd,user,8,lain,1.0
user_d53e24ea2e6a,user,5,lain,1.0
user_d54203f0f441,user,6,lain,1.0
user_d542815079cd,user,1,takut (pujian?),1.0
user_d55e21f5b735,user,3,lain,1.0
user_d55f7e71cc3e,user,3,lain,1.0
user_d561fb2fd504,user,7,takut (pujian?),1.0
user_d56f75f95838,user,11,takut (pujian?),1.0
user_d57cd0281a62,user,1,niat menonton,1.0
user_d59df9f14f5f,user,4,lain,1.0
user_d59fb76ff48d,user,6,lain,1.0
user_d5a24661ebd4,user,1,lain,1.0
user_d5b2850eedb2,user,1,lain,1.0
user_d5cc2e29c604,user,4,lain,1.0
user_d5d558f1d94c,user,2,takut (pujian?),1.0
user_d5da3c2b5652,user,12,takut (pujian?),1.0
user_d5ddda1a2f9c,user,8,lain,1.0
user_d5e0b8bd834e,user,7,lain,1.0
user_d5f8f3e513b5,user,16,lain,1.0
user_d5fbf09d70b3,user,4,takut (pujian?),1.0
user_d61c67c8f3d3,user,7,lain,1.0
user_d622a59d81fb,user,5,lain,1.0
user_d628f6a18727,user,2,lain,1.0
user_d629e7a77c66,user,4,lain,2.0
user_d634ea729d8a,user,4,lain,1.0
user_d64541577260,user,2,lain,1.0
user_d6535886b484,user,6,lain,2.0
user_d65528c5826e,user,4,lain,1.0
user_d65e7c3fd30e,user,12,lain,1.0
user_d662f47a4d11,user,2,takut (pujian?),1.0
user_d66c5e4790cd,user,7,takut (pujian?),1.0
user_d66fd9874a79,user,10,lain,1.0
user_d677eb4e9842,user,3,lain,1.0
user_d686fe30694b,user,10,lain,1.0
user_d69ee7823b84,user,3,lain,1.0
user_d6a035e256e6,user,2,niat menonton,1.0
user_d6b32badd616,user,16,lain,1.0
user_d6bed68cdef4,user,13,niat menonton,2.0
user_d6c867dc54e1,user,6,lain,1.0
user_d6c9e878fcf0,user,6,niat menonton,1.0
user_d6cc54a619a6,user,1,niat menonton,1.0
user_d6cf2ff983ec,user,1,takut (pujian?),1.0
user_d6d4448cc881,user,12,lain,1.0
user_d6ea29b51bdc,user,1,niat menonton,1.0
user_d6eb698e36ac,user,1,lain,1.0
user_d6f1bab545b7,user,5,takut (pujian?),1.0
user_d6f1e71c8f0f,user,3,lain,1.0
user_d6f91f08219c,user,6,lain,1.0
user_d6fec73e0d90,user,10,lain,1.0
user_d702f3705713,user,1,lain,1.0
user_d704395ba891,user,1,lain,1.0
user_d7048ca6e47f,user,15,lain,1.0
user_d70768e3ed04,user,1,niat menonton,1.0
user_d70ade4506e9,user,4,lain,1.0
user_d71a7fc4f968,user,10,lain,1.0
user_d73cdf7d9b19,user,2,lain,1.0
user_d7521407d3a6,user,1,lain,1.0
user_d75f3a9226d5,user,4,takut (pujian?),1.0
user_d7632ee3e45b,user,2,lain,1.0
user_d763e170dc70,user,1,lain,1.0
user_d764d86954e7,user,1,takut (pujian?),1.0
user_d77f5058a435,user,1,niat menonton,1.0
user_d77fa82bc46d,user,15,lain,1.0
user_d77fd960448a,user,1,lain,1.0
user_d7921680d352,user,3,lain,1.0
user_d7922a6ade8c,user,11,lain,1.0
user_d7a367744d1e,user,3,niat menonton,1.0
user_d7a44d6f3498,user,6,lain,1.0
user_d7a57483e1a3,user,2,lain,1.0
user_d7aa8adeb0ac,user,12,takut (pujian?),1.0
user_d7b68d97b40b,user,4,lain,1.0
user_d7c83143a960,user,2,lain,1.0
user_d7ca9dd6f7b1,user,13,lain,1.0
user_d7d74120260a,user,12,lain,1.0
user_d7da12c9dcfa,user,1,lain,3.0
user_d7dfdd1beffc,user,12,lain,1.0
user_d7f8fcc80d38,user,4,lain,1.0
user_d7f947e43cd2,user,2,niat menonton,1.0
user_d8053667d06a,user,1,lain,1.0
user_d80655793019,user,3,takut (pujian?),1.0
user_d80e3270bef3,user,3,lain,1.0
user_d810f8b63454,user,7,lain,1.0
user_d811b06551d2,user,4,lain,1.0
user_d81655da1ccd,user,7,lain,1.0
user_d81825086b6d,user,5,takut (pujian?),1.0
user_d818e43d354d,user,6,lain,1.0
user_d81e6c53518b,user,3,lain,1.0
user_d82a6ffce2b5,user,3,niat menonton,1.0
user_d83d720b1fb4,user,1,lain,1.0
user_d84ad71f29a7,user,8,takut (pujian?),1.0
user_d84d201876a0,user,11,lain,1.0
user_d8641adc0d9f,user,1,lain,2.0
user_d865dca72f5d,user,6,lain,1.0
user_d868c4503058,user,7,lain,1.0
user_d86fe2510992,user,2,lain,1.0
user_d872ef141cbe,user,9,lain,1.0
user_d87589c81daf,user,2,takut (pujian?),1.0
user_d89a393b7295,user,1,lain,1.0
user_d89a9bddf20d,user,2,niat menonton,2.0
user_d8a80d2c7573,user,3,lain,1.0
user_d8a94dc6b25e,user,7,niat menonton,1.0
user_d8aaf42954fa,user,1,lain,1.0
user_d8b78423a013,user,10,lain,1.0
user_d8c0988a29b5,user,13,niat menonton,1.0
user_d8c47d92044e,user,9,lain,1.0
user_d8c78e76a256,user,7,lain,1.0
user_d8cc5ae03125,user,4,lain,1.0
user_d8d54e57709b,user,7,lain,1.0
user_d903c9bedc3c,user,7,takut (pujian?),1.0
user_d923196ffeb7,user,2,lain,1.0
user_d924ec680179,user,5,lain,1.0
user_d9268f10f5e7,user,1,niat menonton,1.0
user_d93952854478,user,1,lain,1.0
user_d93cc6f0938a,user,7,lain,1.0
user_d93dec1a75fc,user,15,niat menonton,1.0
user_d9452b937258,user,3,takut (pujian?),1.0
user_d946dd10a2bf,user,1,lain,1.0
user_d94f0fed6ab2,user,2,takut (pujian?),1.0
user_d95e12b4f79b,user,10,lain,1.0
user_d96bf8f52eb9,user,1,niat menonton,1.0
user_d96dfa904d0f,user,6,lain,1.0
user_d9732cd7abaa,user,7,lain,1.0
user_d975b428f957,user,11,niat menonton,1.0
user_d98bdda90751,user,1,lain,1.0
user_d98cd7522cdb,user,1,lain,1.0
user_d98f29d7c37d,user,3,lain,1.0
user_d993b1de80ef,user,7,lain,1.0
user_d9955c71621d,user,4,takut (pujian?),1.0
user_d9a53b9cd1aa,user,4,lain,1.0
user_d9a7c5078a84,user,4,lain,2.0
user_d9c1b2bf5bb3,user,11,lain,1.0
user_d9c7e20f030d,user,4,lain,1.0
user_d9c8157dcdf9,user,15,lain,1.0
user_d9ddf30827e3,user,1,lain,1.0
user_d9f43dd5672b,user,12,lain,1.0
user_da066d071489,user,11,lain,1.0
user_da15518b84da,user,5,lain,1.0
user_da179397393d,user,4,takut (pujian?),1.0
user_da2745e48da3,user,3,lain,1.0
user_da2893f21997,user,4,takut (pujian?),1.0
user_da32d24efaa3,user,17,lain,1.0
user_da425a8a547d,user,3,takut (pujian?),1.0
user_da42dc79f7b6,user,13,lain,1.0
user_da4634793a3b,user,14,lain,1.0
user_da4ce9a483ef,user,2,lain,1.0
user_da553590f4a9,user,3,lain,1.0
user_da578e9d1ac2,user,4,takut (pujian?),1.0
user_da649c07ebaa,user,3,lain,1.0
user_da64a09e9175,user,6,lain,1.0
user_da701b304e05,user,2,lain,1.0
user_da71ddaa9912,user,2,lain,1.0
user_da74ed1a6b63,user,3,lain,1.0
user_da8adb42e89d,user,2,lain,1.0
user_da988834b47d,user,6,lain,1.0
user_da98bed21916,user,9,takut (pujian?),1.0
user_daa41d2970f3,user,14,lain,1.0
user_dac5facc9ea4,user,2,lain,1.0
user_dac8bfb341f7,user,1,lain,1.0
user_dad77cd1bf13,user,4,takut (pujian?),1.0
user_dadb98a4e55c,user,15,lain,1.0
user_daf10e43fb8d,user,14,lain,1.0
user_daf7e6945143,user,2,lain,2.0
user_db017a1ce7f3,user,4,lain,1.0
user_db044cebd60d,user,7,niat menonton,1.0
user_db0a1d267415,user,8,lain,1.0
user_db0a633adfba,user,8,lain,1.0
user_db24dca3b042,user,17,takut (pujian?),1.0
user_db3676589cdb,user,3,lain,1.0
user_db3a8ebdce6e,user,1,niat menonton,1.0
user_db3f783d8621,user,5,lain,1.0
user_db5868977aa3,user,16,lain,1.0
user_db5a504ca6e9,user,4,lain,1.0
user_db5baf0ec6de,user,1,lain,1.0
user_db5f77d5119c,user,3,lain,1.0
user_db648b226447,user,1,lain,2.0
user_db6a8b1f57d8,user,1,lain,1.0
user_db6cedd2b293,user,12,takut (pujian?),1.0
user_db993ba009da,user,8,lain,1.0
user_db9b363b84c9,user,1,lain,1.0
user_dbaa40675082,user,9,lain,1.0
user_dbafa5aefb42,user,3,takut (pujian?),1.0
user_dbbf84995259,user,7,lain,1.0
user_dbc81c90977a,user,10,lain,1.0
user_dbc9a641a778,user,4,lain,1.0
user_dbd292b13f6f,user,1,lain,1.0
user_dbd3d76e008d,user,1,niat menonton,1.0
user_dbe23efb0e5c,user,6,lain,1.0
user_dbf8f35a2432,user,2,lain,1.0
user_dbfca8352f19,user,11,lain,1.0
user_dbfd1cf0e66c,user,3,lain,1.0
user_dc12983be625,user,3,takut (pujian?),1.0
user_dc2136753423,user,4,lain,1.0
user_dc2485e4a315,user,12,lain,1.0
user_dc2958519b05,user,3,takut (pujian?),1.0
user_dc3397b03bc5,user,4,lain,2.0
user_dc3a0f5cac5d,user,8,lain,1.0
user_dc514e180faf,user,15,niat menonton,1.0
user_dc787be0cdf5,user,4,niat menonton,1.0
user_dc871243d855,user,1,lain,1.0
user_dc8f452e2fb2,user,14,lain,1.0
user_dca2b512317a,user,13,lain,2.0
user_dca40c995294,user,3,lain,1.0
user_dcac19297ba3,user,12,lain,1.0
user_dcb01a20ca37,user,7,lain,1.0
user_dcb07e0c60ba,user,10,lain,4.0
user_dcb2233b3738,user,5,lain,1.0
user_dcb228c500f3,user,1,lain,1.0
user_dcb67e9c47b2,user,2,lain,1.0
user_dcb69c2cc578,user,1,lain,1.0
user_dccfad649ab7,user,9,lain,1.0
user_dcd1e722cea3,user,1,lain,1.0
user_dcdb97ba994a,user,15,lain,1.0
user_dce19ba54ae5,user,2,lain,1.0
user_dce96610f897,user,4,takut (pujian?),1.0
user_dce9fabc4967,user,3,niat menonton,1.0
user_dceb01e4fe43,user,10,lain,1.0
user_dcfb582dccbe,user,5,takut (pujian?),1.0
user_dcff60fc7897,user,1,lain,1.0
user_dd0bd2f5850d,user,10,lain,1.0
user_dd0d22b66158,user,5,lain,1.0
user_dd1639901f79,user,17,lain,1.0
user_dd19b599e64f,user,5,lain,1.0
user_dd1b1be0a109,user,18,lain,1.0
user_dd1cfa05ea8f,user,1,lain,1.0
user_dd1d5f55815a,user,4,lain,1.0
user_dd1e6aed566c,user,5,lain,1.0
user_dd322215ea5d,user,2,niat menonton,1.0
user_dd371d31d8ce,user,14,lain,1.0
user_dd3737ad91e7,user,3,lain,1.0
user_dd3fb78a1513,user,9,lain,2.0
user_dd4cbc9be524,user,8,lain,1.0
user_dd521d84a188,user,5,lain,1.0
user_dd616835d271,user,2,lain,5.0
user_dd6c0309994e,user,2,niat menonton,1.0
user_dd7328cf0c24,user,4,lain,1.0
user_dd844cb076cc,user,13,lain,2.0
user_dd85e38c0dca,user,1,takut (pujian?),1.0
user_dd8d7bec6e34,user,14,lain,1.0
user_dd8e8ec36225,user,2,lain,1.0
user_dd9c9f0a0a6b,user,2,lain,1.0
user_dd9d10a313a0,user,4,lain,1.0
user_dda5fd867fe6,user,7,lain,1.0
user_ddae4e85b646,user,4,lain,1.0
user_ddc0b7196290,user,9,lain,1.0
user_ddc0ec44c1fd,user,11,lain,1.0
user_ddd1bd386f6f,user,1,lain,1.0
user_dde801ca55b6,user,3,lain,1.0
user_dded16fdd686,user,1,niat menonton,1.0
user_ddedf0af5c83,user,1,takut (pujian?),1.0
user_ddf2d38e0bd8,user,4,lain,2.0
user_ddf933586e93,user,2,lain,1.0
user_ddfe567ba212,user,6,niat menonton,1.0
user_ddfea5d3a26b,user,4,lain,1.0
user_de0ec0fa0bf1,user,13,lain,1.0
user_de1595470019,user,4,lain,2.0
user_de229d89d892,user,8,lain,1.0
user_de39960da43c,user,1,lain,1.0
user_de457a403845,user,1,lain,1.0
user_de4e3e61c73f,user,9,lain,3.0
user_de5245cdce35,user,4,lain,1.0
user_de5df7c6b0b7,user,14,lain,1.0
user_de69705b7e3d,user,12,lain,1.0
user_de75b909e16c,user,1,takut (pujian?),1.0
user_de7b1e6d751d,user,7,lain,1.0
user_de7f2a7638cb,user,9,lain,1.0
user_de85278fcad7,user,15,lain,1.0
user_de8a3c2ccd5d,user,5,lain,1.0
user_de948563793b,user,3,lain,1.0
user_dea2beb590b8,user,8,lain,1.0
user_dea584abb51f,user,5,lain,1.0
user_deb72799b74f,user,4,lain,1.0
user_debddaf44c6f,user,1,lain,1.0
user_decdaf3e9cb3,user,4,takut (pujian?),1.0
user_ded11259878e,user,8,lain,1.0
user_dee35c762e89,user,9,niat menonton,1.0
user_deec96200de3,user,11,lain,1.0
user_def8dbaea836,user,1,lain,1.0
user_df00e4ba037b,user,11,lain,1.0
user_df06279baba6,user,11,lain,1.0
user_df08a600c5e8,user,7,lain,1.0
user_df0f836681c6,user,4,niat menonton,1.0
user_df1eb3953a9d,user,11,lain,1.0
user_df2b7443d42d,user,3,niat menonton,1.0
user_df2d6ca41293,user,10,lain,1.0
user_df30f5f798cc,user,13,lain,1.0
user_df389007b238,user,5,lain,1.0
user_df3c07121cfb,user,10,lain,3.0
user_df48dfcb0239,user,3,niat menonton,1.0
user_df4c4eb89bc2,user,3,lain,1.0
user_df4e13e22f70,user,1,lain,1.0
user_df66aac04d93,user,5,lain,2.0
user_df6f454b783b,user,7,takut (pujian?),1.0
user_df7102e4ce77,user,3,lain,1.0
user_df78cace67dc,user,1,niat menonton,1.0
user_df842444fb4d,user,3,takut (pujian?),1.0
user_df9a53fe3b26,user,9,lain,1.0
user_df9b3e6b7aa8,user,4,lain,1.0
user_dfa007a163ba,user,1,lain,1.0
user_dfa1571076d2,user,2,lain,1.0
user_dfaf946c7040,user,1,lain,1.0
user_dfaff592ab00,user,8,lain,1.0
user_dfba6eca6d1f,user,1,lain,1.0
user_dfc3c849e272,user,7,lain,1.0
user_dfce21f9c231,user,2,lain,1.0
user_dfd0338e9f14,user,11,lain,1.0
user_e000a9580a75,user,14,lain,1.0
user_e001189a3089,user,12,lain,1.0
user_e022a70d1c3f,user,1,lain,1.0
user_e02a389981a7,user,6,lain,1.0
user_e03d412378fa,user,7,lain,1.0
user_e043cfff2e52,user,6,lain,1.0
user_e056ffecb263,user,4,lain,1.0
user_e067d66c4a4c,user,8,lain,1.0
user_e0777d5ba362,user,1,takut (pujian?),1.0
user_e077a393cf2b,user,18,lain,1.0
user_e07962868abb,user,9,lain,1.0
user_e0903ae30f06,user,1,lain,1.0
user_e09ae6fbbdf4,user,12,lain,1.0
user_e0a6ca00f28f,user,17,lain,3.0
user_e0b7190340da,user,12,lain,1.0
user_e0d82f96b6c6,user,15,lain,1.0
user_e0d980509f9a,user,10,niat menonton,1.0
user_e0e6442c9ee2,user,1,lain,1.0
user_e0f304a5d466,user,3,takut (pujian?),1.0
user_e0f325da073f,user,6,takut (pujian?),1.0
user_e11e52957c39,user,2,lain,1.0
user_e124207e826e,user,5,lain,1.0
user_e12ef994c1e3,user,7,lain,1.0
user_e153346ce814,user,4,takut (pujian?),1.0
user_e15bb78f8073,user,11,takut (pujian?),1.0
user_e15bcef6c5a9,user,10,lain,1.0
user_e160a756c1f9,user,16,lain,1.0
user_e160d80e7055,user,4,lain,1.0
user_e165bc135527,user,1,niat menonton,1.0
user_e1687e22a4d7,user,12,lain,1.0
user_e16c2f4e655e,user,1,takut (pujian?),1.0
user_e174ba0aa654,user,15,lain,1.0
user_e17751aa194d,user,4,lain,1.0
user_e189849fd09b,user,10,lain,1.0
user_e18f3551b51d,user,3,lain,1.0
user_e18f5d28e9a7,user,5,lain,1.0
user_e1912564ced4,user,4,lain,1.0
user_e191ed85948c,user,3,lain,1.0
user_e1a69823e096,user,2,lain,2.0
user_e1a76d61dc4d,user,10,lain,1.0
user_e1ae2b12b538,user,1,takut (pujian?),1.0
user_e1b238fd6e0f,user,11,lain,1.0
user_e1b7bc97ce39,user,1,lain,1.0
user_e1befad57ba7,user,9,lain,1.0
user_e1cc56bec7ce,user,6,lain,1.0
user_e1cf862e9e85,user,1,lain,1.0
user_e1d079372822,user,4,takut (pujian?),1.0
user_e1ef59dd1e0b,user,3,lain,2.0
user_e2027b127d4d,user,1,takut (pujian?),1.0
user_e212e5611bd2,user,10,lain,1.0
user_e21dde6ae0e7,user,3,lain,1.0
user_e2273082295c,user,5,lain,1.0
user_e22b0cfd7f80,user,5,lain,1.0
user_e22d66048c47,user,1,niat menonton,1.0
user_e23331374ad4,user,8,lain,1.0
user_e23672664961,user,5,lain,2.0
user_e23e63bad448,user,4,niat menonton,1.0
user_e2433fe3d3c9,user,1,lain,1.0
user_e244690282c3,user,16,lain,1.0
user_e244ca86c7df,user,12,lain,1.0
user_e257447ca134,user,9,takut (pujian?),1.0
user_e258eed0d560,user,7,lain,1.0
user_e26c3fa4fc40,user,6,lain,1.0
user_e2752d06ee49,user,6,lain,2.0
user_e278a59e1aa1,user,8,lain,1.0
user_e27ada20974a,user,12,lain,1.0
user_e27fc1042677,user,7,lain,1.0
user_e2819991edc7,user,8,lain,1.0
user_e290f941ec88,user,9,niat menonton,1.0
user_e2911df22ecd,user,7,lain,1.0
user_e2aaa86421c2,user,1,lain,1.0
user_e2b3169ac283,user,2,lain,1.0
user_e2b5a839ab5d,user,5,lain,1.0
user_e2be284a7168,user,2,lain,2.0
user_e2c9c37454ce,user,3,takut (pujian?),1.0
user_e2cdec97f966,user,13,lain,1.0
user_e2df3ffe8b43,user,1,lain,1.0
user_e2f631601c01,user,5,lain,1.0
user_e30160beebad,user,6,lain,1.0
user_e309ed046346,user,14,lain,1.0
user_e30d8ae054ea,user,11,lain,1.0
user_e30e91ba22ae,user,16,lain,1.0
user_e30fc2417b8d,user,11,lain,1.0
user_e3105a891403,user,11,lain,1.0
user_e32000d98b54,user,8,lain,1.0
user_e328bf2ba4bb,user,2,lain,1.0
user_e35c8721fd9e,user,4,lain,1.0
user_e37882289da2,user,1,lain,1.0
user_e37aaabcaaee,user,4,lain,1.0
user_e3926210eadb,user,6,niat menonton,1.0
user_e397d570f752,user,7,takut (pujian?),1.0
user_e39bd020dfdf,user,6,takut (pujian?),1.0
user_e3a4601b8018,user,10,lain,1.0
user_e3afcbbe16ff,user,8,lain,1.0
user_e3b353549776,user,13,lain,1.0
user_e3c76681c50b,user,3,lain,1.0
user_e3d52082b03c,user,17,takut (pujian?),1.0
user_e3d850ff82ed,user,7,lain,1.0
user_e3e27f47af61,user,13,lain,1.0
user_e3ee66525d2c,user,1,takut (pujian?),1.0
user_e3eedda1d706,user,16,takut (pujian?),1.0
user_e3f70faeb71b,user,1,takut (pujian?),1.0
user_e3f8c0a43fb1,user,2,takut (pujian?),1.0
user_e3fbc07f5636,user,7,lain,1.0
user_e400ac7cba24,user,15,lain,1.0
user_e4028273fb2c,user,1,niat menonton,1.0
user_e40ea678c7ff,user,12,lain,1.0
user_e41720f78773,user,12,lain,1.0
user_e41d47d5aac7,user,13,lain,1.0
user_e45b421b16ff,user,16,niat menonton,1.0
user_e45c9a9bf47c,user,1,niat menonton,1.0
user_e45faa3e41ff,user,14,lain,1.0
user_e461ce3e5e9a,user,11,niat menonton,1.0
user_e467d969b7e1,user,7,lain,1.0
user_e47e11536eaf,user,13,lain,2.0
user_e4800db79d52,user,4,lain,1.0
user_e48e5662d2b3,user,7,lain,2.0
user_e4903a43cd5e,user,8,lain,1.0
user_e491587e2b9f,user,11,lain,1.0
user_e49dc41e068e,user,3,lain,1.0
user_e4a4f552e3ce,user,8,lain,1.0
user_e4a57279bcac,user,2,lain,1.0
user_e4b3ca5fa884,user,5,lain,1.0
user_e4ba2fb9a4d7,user,1,lain,1.0
user_e4bab611d141,user,4,lain,1.0
user_e4c89b840484,user,2,takut (pujian?),1.0
user_e4d1c00e7eb2,user,9,niat menonton,1.0
user_e4da96edae57,user,2,lain,1.0
user_e4f4cef878f1,user,1,lain,1.0
user_e4f6778a56f6,user,5,takut (pujian?),1.0
user_e4f74251fd24,user,2,lain,1.0
user_e4fa4edaa59e,user,5,lain,1.0
user_e4fc0558fd2a,user,4,lain,1.0
user_e50d8df9be7c,user,2,lain,1.0
user_e512d7fe5633,user,8,lain,1.0
user_e524cea892f4,user,3,lain,1.0
user_e534714ba32f,user,14,lain,1.0
user_e538a07a3b1a,user,6,lain,1.0
user_e545c4ea44ce,user,6,niat menonton,1.0
user_e558d88c1685,user,4,lain,1.0
user_e55a58187eac,user,4,lain,1.0
user_e55b9dffa0ce,user,8,lain,1.0
user_e561d1adbd9b,user,2,lain,1.0
user_e562f8aa49d9,user,1,takut (pujian?),1.0
user_e56d79b80c1b,user,11,niat menonton,1.0
user_e57f32460446,user,10,lain,1.0
user_e589b93ab03d,user,5,lain,1.0
user_e5a0d1c5d20e,user,6,lain,1.0
user_e5ada9af4fad,user,11,lain,1.0
user_e5b279e47eaa,user,11,lain,1.0
user_e5cb77ed3e5b,user,6,niat menonton,1.0
user_e5d01cb2502c,user,3,lain,1.0
user_e5daf1a0f92d,user,15,lain,1.0
user_e5e2ca183860,user,12,lain,1.0
user_e5f937569669,user,1,lain,1.0
user_e6060de55d7b,user,4,lain,1.0
user_e60f3de0f083,user,3,lain,1.0
user_e621311eebc3,user,1,lain,2.0
user_e62e9587d802,user,4,lain,1.0
user_e63d1f5c30ad,user,3,lain,1.0
user_e63e0776befe,user,3,takut (pujian?),1.0
user_e63ec03cd72d,user,3,lain,1.0
user_e64168914283,user,3,takut (pujian?),1.0
user_e6461501b4a0,user,2,lain,1.0
user_e650d0c8aac2,user,7,niat menonton,1.0
user_e65559aa60d0,user,9,lain,1.0
user_e657ad2eb0c6,user,6,lain,1.0
user_e65e388330b1,user,8,lain,1.0
user_e66a8d10a218,user,9,lain,1.0
user_e66e0293a9d2,user,8,lain,1.0
user_e672c5f0665a,user,2,lain,1.0
user_e67e507721c8,user,4,lain,1.0
user_e683009a0772,user,1,lain,1.0
user_e68ba184009b,user,2,lain,1.0
user_e68ba5a3eea1,user,1,lain,1.0
user_e6946814aeae,user,7,lain,1.0
user_e6a16ec7ffef,user,1,lain,1.0
user_e6a65d2f74ba,user,1,niat menonton,1.0
user_e6a72946f6f1,user,1,niat menonton,1.0
user_e6bf92eaf024,user,3,takut (pujian?),1.0
user_e6cb5855c8db,user,5,lain,1.0
user_e6cdab667e9f,user,4,takut (pujian?),1.0
user_e6d8c080a519,user,1,lain,1.0
user_e6e67ce9b683,user,1,takut (pujian?),1.0
user_e7030f415776,user,2,lain,1.0
user_e713779bb067,user,2,lain,1.0
user_e71cd28aa06e,user,8,lain,1.0
user_e71f78f4e01e,user,1,lain,1.0
user_e72465273815,user,6,lain,1.0
user_e72eb4510ae0,user,9,lain,1.0
user_e75276e296e5,user,7,takut (pujian?),1.0
user_e757e89f54b1,user,16,lain,1.0
user_e759f900384d,user,3,niat menonton,1.0
user_e75af7723ea8,user,1,lain,1.0
user_e75eb02957e9,user,1,lain,1.0
user_e7715f1b9c04,user,10,takut (pujian?),1.0
user_e771e5f095c3,user,7,lain,1.0
user_e77401a7cfc7,user,12,lain,1.0
user_e778167a5152,user,10,niat menonton,1.0
user_e77c49c55ef9,user,11,lain,1.0
user_e78dcc11e2ec,user,3,lain,1.0
user_e78f601e51da,user,10,takut (pujian?),1.0
user_e790f7df5083,user,13,lain,1.0
user_e79d26cea653,user,2,lain,1.0
user_e79e1b44f03a,user,4,lain,1.0
user_e7a3ef28a55c,user,13,takut (pujian?),2.0
user_e7a64958b483,user,1,lain,1.0
user_e7ae48c2f771,user,1,lain,1.0
user_e7cc55242ad5,user,7,lain,1.0
user_e7cf66833071,user,2,takut (pujian?),2.0
user_e7cf6baf59c4,user,1,takut (pujian?),1.0
user_e7d3b8308462,user,7,lain,1.0
user_e7d50216cbf5,user,7,lain,1.0
user_e7d5962b5dee,user,10,takut (pujian?),1.0
user_e7d6dbf6556c,user,4,niat menonton,1.0
user_e7da089270cf,user,3,lain,1.0
user_e7dbe3685421,user,1,lain,1.0
user_e7dc7bc027db,user,9,lain,1.0
user_e7df82042544,user,10,lain,1.0
user_e7e7f5ce2c4a,user,8,lain,1.0
user_e7fe1cd169ae,user,8,lain,1.0
user_e81569f62098,user,8,lain,1.0
user_e824be914144,user,5,lain,1.0
user_e82c08e768e0,user,2,lain,1.0
user_e82d29674460,user,15,takut (pujian?),1.0
user_e8341cbd9045,user,9,lain,1.0
user_e834cb527ee9,user,3,lain,1.0
user_e834fbf1795d,user,6,lain,1.0
user_e83f0d434910,user,5,lain,5.0
user_e842aa252da2,user,10,lain,1.0
user_e843b546bdd3,user,11,lain,1.0
user_e845166bc080,user,9,lain,1.0
user_e848fb25dc36,user,2,lain,1.0
user_e8490c57edba,user,12,lain,1.0
user_e855d4c9f97b,user,4,lain,1.0
user_e8766cdca455,user,2,takut (pujian?),1.0
user_e8770c0d5116,user,15,lain,1.0
user_e87fa7744654,user,7,lain,1.0
user_e88dc3516043,user,3,lain,1.0
user_e891d84c7613,user,11,lain,1.0
user_e89603a048fb,user,11,lain,1.0
user_e89a1ba02fec,user,10,lain,1.0
user_e89d588aeaf6,user,3,lain,1.0
user_e8ad72574695,user,9,lain,1.0
user_e8b79b4fe252,user,1,lain,1.0
user_e8b81a00e945,user,5,takut (pujian?),1.0
user_e8d5143080f9,user,11,niat menonton,2.0
user_e8dc74b18a83,user,11,lain,1.0
user_e8f37a726dc8,user,9,lain,1.0
user_e8f3ebbe3dca,user,4,lain,1.0
user_e8f47d5daf28,user,1,lain,1.0
user_e8fb4d20806e,user,1,lain,1.0
user_e8fcb17a11ee,user,12,lain,1.0
user_e8fecf91ac3e,user,1,lain,1.0
user_e90a2a4fd2ff,user,13,lain,1.0
user_e91a4611b119,user,1,lain,1.0
user_e91a54e70142,user,3,takut (pujian?),1.0
user_e92be2d74904,user,3,lain,1.0
user_e92d8fe26a88,user,1,lain,1.0
user_e93567e3f6dd,user,7,takut (pujian?),1.0
user_e93bc6cc8e8d,user,1,niat menonton,1.0
user_e93e9584aa9d,user,5,lain,1.0
user_e946d2cd613c,user,3,lain,1.0
user_e96b2fb935ef,user,8,lain,1.0
user_e96dc055b69c,user,8,lain,1.0
user_e9745f166048,user,6,lain,1.0
user_e97b26f74b99,user,3,lain,1.0
user_e97eb437fb3d,user,8,takut (pujian?),1.0
user_e98323a90eda,user,4,lain,1.0
user_e9933183c52e,user,1,lain,1.0
user_e9956946d05b,user,7,lain,1.0
user_e99c4a7e1370,user,2,lain,1.0
user_e9a278d74279,user,13,lain,1.0
user_e9b4b1892d8f,user,9,lain,1.0
user_e9ba8b9396dd,user,16,takut (pujian?),1.0
user_e9c4f8d1fd2c,user,2,lain,1.0
user_e9cb885923fa,user,1,takut (pujian?),1.0
user_e9db76ea9ffd,user,5,lain,1.0
user_e9dbecd5026c,user,4,lain,1.0
user_e9ec292c1e8e,user,12,lain,1.0
user_e9ecba5bdb32,user,1,lain,1.0
user_e9f1e9dabcbe,user,1,lain,1.0
user_e9f7f262e523,user,5,takut (pujian?),1.0
user_ea0604273ba5,user,1,lain,1.0
user_ea096129e838,user,12,lain,1.0
user_ea184ea62032,user,5,niat menonton,1.0
user_ea1d515cd6e2,user,7,lain,1.0
user_ea244ddcecf4,user,3,niat menonton,1.0
user_ea2511f4e8c9,user,1,lain,1.0
user_ea28320d6c40,user,10,lain,1.0
user_ea3f5dc2014d,user,11,lain,1.0
user_ea404398f5ef,user,11,lain,1.0
user_ea438ed621dc,user,13,takut (pujian?),1.0
user_ea4e261f0c26,user,17,lain,1.0
user_ea605ace3f4c,user,9,niat menonton,1.0
user_ea70b78e6019,user,2,takut (pujian?),1.0
user_ea79d76f8815,user,14,lain,1.0
user_ea8686462ba7,user,4,lain,1.0
user_ea951d68133e,user,15,lain,1.0
user_ea9b2015c36d,user,1,lain,4.0
user_eaa6118ea813,user,10,lain,1.0
user_eaae18d66030,user,5,lain,1.0
user_eaaf1ab49304,user,11,lain,1.0
user_eab809142214,user,10,lain,1.0
user_eac2754c9840,user,1,lain,1.0
user_eac5e1b05165,user,2,lain,1.0
user_eaccae9bd0ce,user,2,lain,1.0
user_ead31d6a676b,user,5,lain,1.0
user_eae469d34029,user,1,lain,1.0
user_eae63989108b,user,2,lain,1.0
user_eaf0026a1039,user,6,niat menonton,1.0
user_eafe457c622c,user,4,lain,1.0
user_eb00d493ee1c,user,9,lain,2.0
user_eb1034037f61,user,10,lain,1.0
user_eb141b3f459a,user,5,lain,1.0
user_eb16ddc46039,user,10,takut (pujian?),1.0
user_eb186582a814,user,2,lain,1.0
user_eb19e0b1e6fb,user,2,lain,1.0
user_eb2a6ded9edd,user,11,lain,1.0
user_eb2f28861f69,user,7,lain,1.0
user_eb37fdbc9c73,user,10,lain,2.0
user_eb3bc94bc543,user,1,lain,1.0
user_eb41678b52cb,user,1,niat menonton,1.0
user_eb485ae086a5,user,9,lain,1.0
user_eb4e39448129,user,7,lain,1.0
user_eb5b51d530c0,user,7,lain,1.0
user_eb68a78a452b,user,8,takut (pujian?),1.0
user_eb6b09955c02,user,14,lain,1.0
user_eb7bbb1d39b6,user,7,lain,1.0
user_eb92486b9449,user,6,niat menonton,1.0
user_eb967c154bdd,user,1,lain,1.0
user_eb9d8a9208c4,user,1,lain,1.0
user_eba6538b88d5,user,11,lain,1.0
user_eba77c0442c0,user,3,lain,1.0
user_ebafc122e571,user,3,lain,1.0
user_ebb3bde87281,user,6,lain,1.0
user_ebb80d90e103,user,2,lain,1.0
user_ebbc90798ff0,user,3,lain,1.0
user_ebd8ad19a350,user,5,lain,1.0
user_ebdfe949c66f,user,10,lain,1.0
user_ebea838a88f0,user,1,lain,2.0
user_ebee6ebe8195,user,8,lain,1.0
user_ebf43b1485b6,user,1,lain,1.0
user_ebfb0e89d7de,user,5,lain,1.0
user_ebfb458f53f4,user,10,lain,1.0
user_ebfe7032cdb5,user,1,lain,1.0
user_ec0c29312a73,user,12,takut (pujian?),1.0
user_ec1049f1fa95,user,10,lain,2.0
user_ec22e1a3af65,user,5,lain,1.0
user_ec2a8806e8c0,user,4,niat menonton,1.0
user_ec2b45b6cdaf,user,10,lain,1.0
user_ec314c8432f2,user,3,lain,1.0
user_ec37623fba11,user,1,lain,1.0
user_ec382714c2ca,user,1,lain,1.0
user_ec426b631c71,user,4,lain,1.0
user_ec4ed632f342,user,5,lain,1.0
user_ec5763945f76,user,13,niat menonton,1.0
user_ec6b9bedd909,user,4,takut (pujian?),1.0
user_ec6db172a2b9,user,10,lain,1.0
user_ec6de0fdadb5,user,9,lain,1.0
user_ec7ef8fe6341,user,2,lain,2.0
user_ec8bdbd33a92,user,3,niat menonton,1.0
user_ec9187e7c4af,user,1,takut (pujian?),1.0
user_ec9b4abe9913,user,1,lain,1.0
user_eca7bb86f067,user,2,lain,1.0
user_ecbdcac8a0e7,user,11,lain,1.0
user_ecc6bd8dbaf4,user,2,lain,1.0
user_ecc6ee10367f,user,2,lain,1.0
user_eccd90cca433,user,10,lain,1.0
user_ecd22d6e27d8,user,2,lain,1.0
user_ece39924ecee,user,9,lain,1.0
user_ece40772a413,user,9,lain,1.0
user_eceed6988677,user,1,lain,1.0
user_ed09afd983d4,user,6,niat menonton,1.0
user_ed0ad532d7e7,user,7,lain,1.0
user_ed0f96dc60dd,user,4,lain,1.0
user_ed2867765dcf,user,5,lain,1.0
user_ed29bd269899,user,1,lain,1.0
user_ed2dd995f1fa,user,7,lain,1.0
user_ed3a4b57a769,user,1,lain,1.0
user_ed49989a3225,user,13,lain,6.0
user_ed5c09755010,user,1,lain,1.0
user_ed67be59e5b8,user,7,lain,2.0
user_ed6998e8bd89,user,1,niat menonton,1.0
user_ed6fd12ec064,user,14,lain,1.0
user_ed74ad5460a1,user,11,lain,1.0
user_ed7cf17c69db,user,2,lain,1.0
user_ed7e7768b946,user,9,lain,1.0
user_ed84ba8eccae,user,4,lain,1.0
user_ed85f27630b1,user,13,lain,3.0
user_edb0a81c1fa5,user,1,lain,2.0
user_edcb4ee7aeb5,user,4,lain,1.0
user_eddb3f9379b4,user,3,lain,1.0
user_ede01d52323f,user,1,niat menonton,1.0
user_ede1b79a8fe6,user,3,lain,1.0
user_ede2e7125913,user,3,lain,1.0
user_ede3ddf7afe8,user,4,lain,1.0
user_edf3660765e3,user,5,lain,1.0
user_ee0e35f2cf3c,user,3,lain,1.0
user_ee10ec7479e1,user,1,lain,1.0
user_ee2ca6a02e4e,user,8,lain,1.0
user_ee2cd261bfe9,user,2,lain,1.0
user_ee33a4c4f5b9,user,1,lain,1.0
user_ee342c60052b,user,14,lain,1.0
user_ee39b4312c60,user,9,lain,1.0
user_ee4aadfd5f79,user,2,lain,1.0
user_ee59b802797e,user,14,lain,1.0
user_ee5d603b1533,user,6,lain,1.0
user_ee74ae2432d0,user,1,lain,1.0
user_ee81199f3eec,user,2,lain,1.0
user_ee825800b061,user,4,lain,1.0
user_ee8ab27aacb2,user,13,lain,1.0
user_eea0ea72d355,user,2,lain,1.0
user_eea96b584d7c,user,3,lain,1.0
user_eeb3010a6392,user,7,lain,1.0
user_eeb54c0140b8,user,4,niat menonton,1.0
user_eebad253d626,user,6,lain,1.0
user_eebc816d93f6,user,1,lain,1.0
user_eed6f3e48aae,user,4,lain,1.0
user_eed8a184fc05,user,13,lain,1.0
user_eee70cb62d3a,user,5,lain,2.0
user_eefae4307a50,user,4,lain,1.0
user_eefb659589be,user,2,lain,1.0
user_eefc6d6c8ee1,user,17,lain,1.0
user_eefeaa20f8ff,user,2,lain,1.0
user_eeffe396b424,user,2,lain,1.0
user_ef0153e3e328,user,8,lain,1.0
user_ef0650e32fc3,user,8,lain,1.0
user_ef0b88a43b0b,user,6,takut (pujian?),1.0
user_ef12b32f4dbf,user,4,takut (pujian?),1.0
user_ef13e89503b3,user,2,lain,1.0
user_ef1f5c7f4b43,user,9,lain,1.0
user_ef21a2e6161a,user,12,lain,1.0
user_ef23336aead0,user,5,lain,1.0
user_ef3162fc6195,user,1,lain,1.0
user_ef3481f28a09,user,12,lain,1.0
user_ef37a871f892,user,6,takut (pujian?),1.0
user_ef42b4c3bad7,user,4,lain,2.0
user_ef4a9dade1b2,user,5,lain,1.0
user_ef55a574c53e,user,1,niat menonton,1.0
user_ef5adee62534,user,3,niat menonton,1.0
user_ef69de723ac6,user,10,lain,1.0
user_ef7a638280e3,user,2,lain,1.0
user_ef7fe80d9c4b,user,5,lain,1.0
user_efa6f59f16bb,user,3,lain,1.0
user_efadf49ffc5a,user,9,lain,1.0
user_efb043532940,user,9,takut (pujian?),1.0
user_efb624c13ade,user,1,niat menonton,1.0
user_efb83ee899e4,user,9,lain,2.0
user_efbed3d857f1,user,3,niat menonton,1.0
user_efc1f916b247,user,4,lain,1.0
user_efe146df0043,user,1,lain,2.0
user_effdda105d45,user,14,lain,1.0
user_f007fd8e26d5,user,12,takut (pujian?),1.0
user_f0136058d99a,user,10,lain,1.0
user_f0166ac754f1,user,2,niat menonton,1.0
user_f026ad2d1ba8,user,9,lain,1.0
user_f0294bfd882b,user,4,niat menonton,1.0
user_f03164bc3a71,user,1,lain,1.0
user_f032a5c94a19,user,2,takut (pujian?),1.0
user_f03546169553,user,5,lain,1.0
user_f03974f9b97a,user,13,lain,1.0
user_f04211123a73,user,4,lain,1.0
user_f042537c00aa,user,2,lain,1.0
user_f055f486ccb6,user,1,lain,1.0
user_f059f40be5a6,user,2,lain,1.0
user_f05b3bbe9638,user,8,takut (pujian?),1.0
user_f0693fef8dc8,user,10,lain,1.0
user_f085953704fe,user,1,lain,1.0
user_f08b3b7141e4,user,8,niat menonton,1.0
user_f09a9ff573bc,user,1,lain,1.0
user_f09ffc012619,user,12,lain,1.0
user_f0a0f7570cc2,user,6,lain,1.0
user_f0d246a5b3b2,user,12,lain,1.0
user_f0d3225845e1,user,14,niat menonton,1.0
user_f0d6257bdbc9,user,8,lain,1.0
user_f0d92e87dda7,user,11,lain,1.0
user_f0ec2fb9349d,user,2,lain,1.0
user_f0f27e71b673,user,3,lain,1.0
user_f118250f08d4,user,2,lain,1.0
user_f11eecfc6a08,user,1,takut (pujian?),1.0
user_f13836bef2a3,user,16,lain,1.0
user_f13a0d2cbffb,user,9,lain,1.0
user_f13b70476944,user,7,lain,1.0
user_f13d98a10151,user,6,lain,1.0
user_f14106f32400,user,1,lain,2.0
user_f14235d9f227,user,1,takut (pujian?),1.0
user_f146b46dca44,user,3,lain,1.0
user_f149578a1bc5,user,13,lain,1.0
user_f150292891da,user,9,lain,1.0
user_f16506bf8589,user,10,lain,1.0
user_f16f38c67ca9,user,10,lain,1.0
user_f17d51682f11,user,1,niat menonton,1.0
user_f17f8ca15f58,user,7,lain,1.0
user_f19818c5c4e8,user,5,lain,1.0
user_f199581ad738,user,1,lain,1.0
user_f1a3291a614e,user,11,lain,1.0
user_f1a6d2bbb3a9,user,4,lain,1.0
user_f1aed8ccf0cd,user,1,takut (pujian?),1.0
user_f1b743788c5f,user,5,lain,1.0
user_f1b86c429095,user,2,lain,1.0
user_f1c3300dcd1a,user,15,lain,1.0
user_f1c3b09fcef0,user,3,lain,1.0
user_f1c51a80ef44,user,2,lain,1.0
user_f1d45957a315,user,11,lain,1.0
user_f1dc92c51e9f,user,9,lain,1.0
user_f1dcbfabfeb5,user,6,niat menonton,1.0
user_f1dd125e8c1d,user,14,takut (pujian?),1.0
user_f1ed60339764,user,2,lain,1.0
user_f2058242f547,user,4,takut (pujian?),1.0
user_f20d46073c4f,user,1,lain,1.0
user_f2155ef1ba96,user,3,lain,1.0
user_f22afd171cb6,user,10,lain,1.0
user_f2333f189686,user,11,lain,1.0
user_f247c97f2e0d,user,1,lain,1.0
user_f2488eab2d38,user,10,lain,1.0
user_f2552e0f9bb4,user,3,lain,1.0
user_f25ad0dd631d,user,11,lain,1.0
user_f25ecb0f94f4,user,11,lain,1.0
user_f264d026e813,user,16,lain,1.0
user_f265a32410b3,user,7,lain,1.0
user_f26720628c42,user,9,lain,1.0
user_f26be27dfd38,user,5,lain,1.0
user_f2717f3f14e8,user,10,lain,1.0
user_f275ad2fea65,user,18,lain,1.0
user_f27994c0b3e8,user,9,lain,1.0
user_f27e5a42fb5e,user,2,takut (pujian?),1.0
user_f27f5c216eb4,user,1,niat menonton,1.0
user_f2969ccfeaf1,user,3,lain,1.0
user_f29f0a0e6e23,user,6,lain,1.0
user_f2a088939e58,user,1,lain,1.0
user_f2a60c0ea27d,user,1,lain,1.0
user_f2aad344766a,user,2,lain,1.0
user_f2b1b4889909,user,13,lain,1.0
user_f2c1273542f0,user,8,lain,2.0
user_f2d43a669a0e,user,6,lain,1.0
user_f2dd881a4d29,user,10,lain,1.0
user_f2e3043df15a,user,1,lain,1.0
user_f2e8451d0913,user,10,lain,1.0
user_f2ed82e72900,user,5,lain,1.0
user_f2f4999df448,user,3,lain,1.0
user_f2f658173dcb,user,1,takut (pujian?),1.0
user_f2fca2cdfd72,user,9,takut (pujian?),1.0
user_f3007d38a1f0,user,1,lain,1.0
user_f3034a7ec64a,user,17,takut (pujian?),1.0
user_f308adfbc942,user,2,takut (pujian?),1.0
user_f30e496f9004,user,10,lain,1.0
user_f335f2669ddf,user,2,lain,1.0
user_f34ea143381e,user,6,lain,1.0
user_f3503a87bca1,user,1,lain,1.0
user_f352343cac27,user,5,lain,1.0
user_f3581e7a83ce,user,2,lain,1.0
user_f35958c12a8b,user,5,lain,1.0
user_f35b59cbeeab,user,14,lain,1.0
user_f3659fc9eda2,user,4,lain,1.0
user_f37d19991e7a,user,14,lain,1.0
user_f3833c845833,user,1,niat menonton,1.0
user_f38d68c828e1,user,17,takut (pujian?),1.0
user_f392f6d0e13a,user,1,takut (pujian?),1.0
user_f3934e455dfe,user,7,takut (pujian?),1.0
user_f3a645899afa,user,1,lain,1.0
user_f3a66783c656,user,4,lain,1.0
user_f3acb050d788,user,5,niat menonton,1.0
user_f3b0962f674e,user,6,lain,1.0
user_f3b0fbdc1300,user,4,niat menonton,2.0
user_f3bfceed2f0b,user,16,lain,1.0
user_f3c7410d2d26,user,6,niat menonton,1.0
user_f3cf447913d0,user,16,lain,1.0
user_f3da95768a1e,user,1,lain,1.0
user_f3de87a71ab1,user,14,lain,1.0
user_f3e729fbc957,user,1,lain,1.0
user_f3e87d1a15de,user,5,lain,1.0
user_f3f02143ed12,user,1,lain,1.0
user_f3f27a6a366b,user,10,lain,1.0
user_f3f6b13ad4c1,user,13,lain,1.0
user_f3fa0add2bbd,user,3,lain,1.0
user_f40dd3bdc57c,user,6,lain,1.0
user_f4188c8c1a0e,user,4,lain,1.0
user_f41d4258db84,user,10,takut (pujian?),1.0
user_f422de4c4146,user,9,lain,1.0
user_f42742332cdb,user,6,takut (pujian?),1.0
user_f42bffec13f0,user,5,lain,1.0
user_f4330371ffca,user,1,lain,1.0
user_f43366ab4613,user,16,lain,1.0
user_f43a69570178,user,11,takut (pujian?),1.0
user_f43ccfbc405c,user,1,lain,1.0
user_f44eb77b9f2f,user,3,lain,1.0
user_f4512de281a7,user,5,takut (pujian?),1.0
user_f4574055a9da,user,5,lain,1.0
user_f464cd6bde29,user,8,lain,1.0
user_f467a51918b1,user,7,lain,1.0
user_f472469b4848,user,16,lain,1.0
user_f47ab7d85b48,user,8,lain,1.0
user_f485166a0aff,user,2,lain,1.0
user_f4c5743a9f5d,user,7,takut (pujian?),1.0
user_f4d56f850afe,user,14,lain,1.0
user_f4d6fe6ed41f,user,15,lain,1.0
user_f4db1d0f3ea4,user,9,lain,1.0
user_f4dc79b52f64,user,2,niat menonton,1.0
user_f4ecacf46efe,user,12,lain,1.0
user_f4f0c0cba215,user,1,takut (pujian?),1.0
user_f4f5f68da72e,user,1,takut (pujian?),1.0
user_f4f8b24593f2,user,12,takut (pujian?),1.0
user_f4ff900fc462,user,10,lain,2.0
user_f5000963c3a7,user,12,lain,1.0
user_f5035731ad11,user,1,lain,1.0
user_f503e61f150c,user,16,lain,1.0
user_f5055a69ddcb,user,4,niat menonton,1.0
user_f5066f958b97,user,15,lain,1.0
user_f50ca502239f,user,17,lain,1.0
user_f51231e3cf63,user,5,takut (pujian?),1.0
user_f521b0f994a9,user,1,lain,1.0
user_f52c49a923b6,user,7,lain,1.0
user_f53a34b03004,user,3,lain,1.0
user_f53a95b12def,user,4,lain,2.0
user_f54884ee5cf0,user,5,lain,1.0
user_f55c55898645,user,1,lain,1.0
user_f5665e5f6038,user,10,lain,1.0
user_f5708bca651c,user,5,lain,1.0
user_f574e1a1a7a3,user,10,lain,1.0
user_f57d9b7dfbcc,user,4,niat menonton,1.0
user_f58ef071f339,user,11,lain,1.0
user_f595e77e3378,user,10,lain,1.0
user_f59661d21b27,user,4,takut (pujian?),1.0
user_f5a2ac06746b,user,1,lain,1.0
user_f5d827f278b8,user,6,lain,1.0
user_f5dd75a81ee2,user,6,takut (pujian?),1.0
user_f5e021e0d3d6,user,5,lain,1.0
user_f5f345019228,user,3,lain,1.0
user_f5f3c46a79c2,user,7,lain,1.0
user_f5fc2ab91ec4,user,1,takut (pujian?),1.0
user_f62404782045,user,15,lain,1.0
user_f624d05f1770,user,12,niat menonton,1.0
user_f62713e95151,user,10,lain,1.0
user_f6312af90558,user,12,lain,1.0
user_f636109e3b6a,user,2,lain,1.0
user_f646bc37ec2b,user,6,takut (pujian?),1.0
user_f647877fa9f3,user,2,lain,1.0
user_f66c14c99648,user,7,lain,1.0
user_f66d8953e836,user,14,lain,1.0
user_f678cc0c11b4,user,10,niat menonton,1.0
user_f68979d59b96,user,11,niat menonton,2.0
user_f699db431813,user,15,lain,1.0
user_f69a8f0dddda,user,1,lain,1.0
user_f69e0a421975,user,7,lain,1.0
user_f6a005168b0b,user,6,lain,1.0
user_f6a6ce3f4fde,user,4,lain,1.0
user_f6afbd5302b1,user,1,takut (pujian?),1.0
user_f6da9f1d0d06,user,1,lain,1.0
user_f6f0360673e0,user,14,takut (pujian?),1.0
user_f70a3019c9f4,user,2,lain,1.0
user_f70c002896c3,user,3,lain,1.0
user_f70cda1a7066,user,14,lain,1.0
user_f70f2d261a98,user,15,lain,1.0
user_f711e8c88d56,user,13,lain,1.0
user_f71267cbfcbd,user,12,lain,1.0
user_f71942144a35,user,8,niat menonton,3.0
user_f721b62168c9,user,12,takut (pujian?),1.0
user_f7246e999e2c,user,6,lain,1.0
user_f725bc7f3e3e,user,9,lain,1.0
user_f7319bf780fc,user,4,niat menonton,1.0
user_f73559000666,user,4,lain,1.0
user_f739acaf0d7a,user,7,lain,1.0
user_f73bcaee3d91,user,10,lain,1.0
user_f73d9d203391,user,15,lain,1.0
user_f74c5a315c17,user,11,lain,1.0
user_f7517a40f529,user,6,lain,1.0
user_f760a5b70a15,user,9,lain,1.0
user_f7628b94a334,user,11,lain,1.0
user_f76522239c33,user,4,lain,1.0
user_f76d88b146bb,user,8,lain,1.0
user_f76eaae45002,user,10,lain,1.0
user_f78b7fc870d9,user,1,lain,1.0
user_f7961dfd9aeb,user,2,lain,1.0
user_f7968db6dfd2,user,9,lain,1.0
user_f79e459d1f15,user,16,lain,1.0
user_f7a0c2f49516,user,2,lain,1.0
user_f7a84c4cdbd3,user,7,takut (pujian?),1.0
user_f7af97771c14,user,7,lain,1.0
user_f7bdfa60f9f1,user,1,lain,1.0
user_f7cba180ce19,user,11,lain,1.0
user_f7ccfa5e2e9d,user,4,lain,1.0
user_f7ce829912d1,user,7,lain,1.0
user_f7d302158193,user,4,niat menonton,1.0
user_f7e80e0db05e,user,14,lain,1.0
user_f7eb7d098ca9,user,3,lain,1.0
user_f7ef74248cb1,user,2,lain,1.0
user_f7f1e5b32e25,user,4,niat menonton,1.0
user_f7f4217dc998,user,11,lain,1.0
user_f7f629d9117d,user,5,lain,1.0
user_f7fcff9be9dd,user,7,lain,1.0
user_f8197309ae1c,user,13,lain,1.0
user_f84048d357a2,user,6,lain,1.0
user_f84325d03b88,user,8,takut (pujian?),1.0
user_f848c4d34e1f,user,10,takut (pujian?),1.0
user_f84c1beaad75,user,10,lain,1.0
user_f84f883ca9b3,user,1,lain,1.0
user_f85ec95e654b,user,7,lain,1.0
user_f86984996267,user,15,takut (pujian?),1.0
user_f86f146dd694,user,2,lain,1.0
user_f8737e0e794c,user,1,lain,1.0
user_f877ffccdf88,user,14,takut (pujian?),1.0
user_f88792d2e88f,user,8,lain,1.0
user_f88f3b71e224,user,1,niat menonton,1.0
user_f8924442df04,user,17,lain,1.0
user_f8adbf6dd984,user,3,lain,1.0
user_f8b2c5d392bb,user,9,lain,1.0
user_f8b4afa38177,user,2,lain,1.0
user_f8d0f5d6cbc6,user,13,lain,1.0
user_f8d34be37090,user,12,lain,1.0
user_f8da888fefc1,user,1,lain,1.0
user_f8f8c6190f87,user,18,lain,1.0
user_f903445e6ab6,user,1,lain,2.0
user_f906063ef077,user,1,lain,1.0
user_f9083e855ed2,user,2,lain,1.0
user_f9178e8260f9,user,6,lain,1.0
user_f91f584cf7f3,user,7,takut (pujian?),1.0
user_f92c617ac80b,user,3,lain,1.0
user_f92fe5151e45,user,2,lain,1.0
user_f935a5a92c7c,user,11,lain,1.0
user_f939a87b8c96,user,1,lain,1.0
user_f93f69b96d59,user,10,niat menonton,1.0
user_f943339fdc89,user,5,lain,1.0
user_f9486d27e32e,user,11,lain,1.0
user_f94b5ec1ed22,user,8,lain,1.0
user_f952da063f4c,user,2,lain,1.0
user_f957a66c0ca9,user,11,lain,1.0
user_f95de7965d32,user,9,lain,3.0
user_f9635fd54b56,user,1,lain,1.0
user_f966dfa9f1a9,user,1,lain,1.0
user_f96905ec5379,user,5,lain,1.0
user_f9828e3a6f5c,user,16,lain,1.0
user_f984dc148e41,user,6,lain,1.0
user_f986699ab72b,user,10,lain,1.0
user_f9a5c64e1f73,user,14,lain,2.0
user_f9a8b7e70e99,user,9,lain,1.0
user_f9af47ea136e,user,12,lain,1.0
user_f9b75d6f355f,user,6,lain,1.0
user_f9beef2db9dd,user,14,lain,1.0
user_f9c439d96f6e,user,1,lain,1.0
user_f9cdb6da5b1d,user,8,lain,1.0
user_f9ce777e4bd3,user,8,lain,1.0
user_f9d99dd90448,user,1,lain,1.0
user_f9da4be47311,user,13,lain,1.0
user_f9e92760b3a1,user,1,niat menonton,1.0
user_f9e9b871a096,user,5,lain,1.0
user_f9f2a2a99693,user,5,lain,1.0
user_f9f328970f5a,user,9,lain,1.0
user_f9f74572e5f8,user,16,lain,1.0
user_f9f84e6de640,user,3,takut (pujian?),1.0
user_f9f950b99f04,user,7,lain,1.0
user_f9fe80aec4b7,user,9,lain,1.0
user_fa056fb2e81e,user,6,lain,1.0
user_fa0b021a735c,user,3,lain,1.0
user_fa12e89da56c,user,4,takut (pujian?),1.0
user_fa164345fa83,user,10,lain,1.0
user_fa1a152b82e7,user,15,lain,1.0
user_fa2be7cebfd0,user,7,takut (pujian?),1.0
user_fa2d6c2cbe7e,user,9,lain,1.0
user_fa2d9bb4447c,user,7,takut (pujian?),1.0
user_fa319a2307be,user,8,lain,1.0
user_fa3233391460,user,2,lain,1.0
user_fa5a02c40dce,user,11,takut (pujian?),1.0
user_fa5f0ca6d74e,user,1,lain,1.0
user_fa656f7aceb2,user,12,takut (pujian?),1.0
user_fa6e340d8f70,user,10,lain,1.0
user_fa6f798a9abd,user,12,takut (pujian?),1.0
user_fa743f7f135e,user,3,lain,4.0
user_fa7f96025493,user,12,lain,5.0
user_fa8409feec46,user,8,takut (pujian?),1.0
user_fa8bf600bcfe,user,7,lain,1.0
user_fa953e50da5e,user,5,lain,1.0
user_faa428a786d8,user,4,lain,1.0
user_fac661ba8c55,user,1,lain,1.0
user_fad43625ae33,user,15,lain,1.0
user_fad638fdc0e5,user,1,lain,1.0
user_fade64850070,user,5,lain,1.0
user_fae2cf62fa28,user,1,lain,1.0
user_faea448fcb71,user,1,lain,1.0
user_faf8b49eeb90,user,14,lain,2.0
user_fb04a79a28d4,user,5,lain,1.0
user_fb09c61c044c,user,1,lain,1.0
user_fb299ba11d17,user,14,lain,1.0
user_fb2ea4e3638a,user,11,lain,1.0
user_fb3e7e55f3fc,user,1,lain,1.0
user_fb3edd2affe7,user,15,lain,1.0
user_fb48b805187e,user,3,lain,1.0
user_fb49a4559d54,user,3,lain,1.0
user_fb5af812dd57,user,14,lain,1.0
user_fb61d2109a87,user,8,takut (pujian?),1.0
user_fb773f29abf0,user,3,niat menonton,1.0
user_fb787032d5ab,user,1,lain,1.0
user_fb7f725aaa8a,user,1,lain,1.0
user_fb7f94ae179e,user,5,takut (pujian?),1.0
user_fb816a1d5037,user,1,lain,1.0
user_fb8d45e7e4ff,user,6,lain,1.0
user_fb93a382a3cd,user,10,lain,1.0
user_fb9f1f26e5ad,user,8,lain,1.0
user_fb9fcc93294b,user,12,niat menonton,1.0
user_fbaac5f9bbe6,user,2,lain,1.0
user_fbab4a34a975,user,15,lain,1.0
user_fbd04539357a,user,4,lain,1.0
user_fbd048433ca0,user,16,lain,1.0
user_fbd11b357727,user,3,lain,1.0
user_fbe82e71c335,user,1,lain,1.0
user_fbeb78b9eafc,user,4,lain,1.0
user_fbf23bab722a,user,4,lain,1.0
user_fbf989c8c4ff,user,15,lain,1.0
user_fc0318246f25,user,4,lain,1.0
user_fc1a6754be3f,user,11,lain,2.0
user_fc1cbdd86951,user,1,lain,2.0
user_fc2a45b0fda1,user,2,lain,1.0
user_fc31105b55b6,user,6,lain,1.0
user_fc3540be76a6,user,1,lain,1.0
user_fc35502427d0,user,14,lain,1.0
user_fc5878208439,user,2,lain,1.0
user_fc5cfdc40486,user,1,lain,1.0
user_fc64f634ab34,user,1,takut (pujian?),1.0
user_fc745de6a9cb,user,4,lain,1.0
user_fc74e9c8acbf,user,8,niat menonton,1.0
user_fc817be2d3e4,user,8,lain,1.0
user_fc8eb660597a,user,14,lain,1.0
user_fc93b99aba0c,user,6,lain,1.0
user_fc974fcc1713,user,15,lain,1.0
user_fc9817c61b9a,user,9,lain,1.0
user_fc99662fcedb,user,10,lain,1.0
user_fcab7ba472a1,user,8,lain,1.0
user_fcab7cb997b8,user,12,lain,1.0
user_fcb4c3e442cf,user,17,takut (pujian?),1.0
user_fcba5084f694,user,7,lain,1.0
user_fcbef8f35d88,user,14,takut (pujian?),1.0
user_fcd8fa33948e,user,6,lain,1.0
user_fce6c5ab6bb8,user,11,lain,1.0
user_fcf9de0e1c83,user,3,lain,1.0
user_fd02a40a7f94,user,5,takut (pujian?),1.0
user_fd0523b63536,user,2,lain,1.0
user_fd0b7a58b408,user,10,lain,1.0
user_fd16d23dcbc4,user,4,lain,1.0
user_fd17663f02ec,user,9,lain,1.0
user_fd210a786c00,user,1,lain,1.0
user_fd210ee57977,user,6,lain,1.0
user_fd3ef9d3b53f,user,8,lain,1.0
user_fd52952bb466,user,15,lain,1.0
user_fd5a22e44ee0,user,2,niat menonton,1.0
user_fd5b508c70de,user,9,lain,1.0
user_fd5e87afa79c,user,8,lain,1.0
user_fd675cd4cc3b,user,13,lain,1.0
user_fd72469313ef,user,3,lain,1.0
user_fd727196431b,user,4,niat menonton,1.0
user_fd7ac4a4dc85,user,3,takut (pujian?),1.0
user_fd8023c98655,user,1,takut (pujian?),1.0
user_fd8496750530,user,2,lain,1.0
user_fd95a715f30a,user,1,lain,1.0
user_fd9701f9c13c,user,9,lain,1.0
user_fd99f644f5e6,user,5,lain,1.0
user_fd9c5d3789b8,user,4,lain,1.0
user_fd9cb0952986,user,5,niat menonton,1.0
user_fdcde02e8e89,user,5,niat menonton,1.0
user_fdd055b5c41f,user,6,takut (pujian?),1.0
user_fdd0a5dc4de0,user,8,takut (pujian?),1.0
user_fdd19afcecc4,user,10,lain,1.0
user_fdd2114675ab,user,6,lain,1.0
user_fddc1a9240b5,user,4,lain,1.0
user_fddf026176b1,user,2,niat menonton,1.0
user_fdedef1a84ac,user,6,lain,1.0
user_fdfb9247eced,user,7,lain,1.0
user_fe039d9fe0e5,user,2,lain,1.0
user_fe04a504390f,user,11,lain,1.0
user_fe05cab0c090,user,4,lain,1.0
user_fe082d35c6bf,user,2,lain,1.0
user_fe1b86156a2c,user,2,lain,1.0
user_fe22dde1a8c3,user,3,lain,1.0
user_fe448b0188d6,user,11,lain,1.0
user_fe45fadd9fd6,user,1,lain,1.0
user_fe46f02e9bfe,user,13,lain,1.0
user_fe4b6e1fb8f4,user,3,lain,1.0
user_fe56d66fb880,user,4,niat menonton,1.0
user_fe5fddf9347a,user,4,lain,1.0
user_fe647001e5c6,user,2,lain,1.0
user_fe76f275c638,user,5,lain,1.0
user_fe8d3368ec8f,user,11,lain,1.0
user_fe94009d487b,user,2,lain,1.0
user_fe9649990348,user,1,lain,1.0
user_fe9ab38a3be8,user,7,lain,1.0
user_fea92d9042a3,user,5,lain,1.0
user_fec83903c584,user,1,lain,1.0
user_fece0604ca6e,user,12,lain,1.0
user_fed8eeaf109c,user,17,takut (pujian?),1.0
user_fedb9319429b,user,6,lain,1.0
user_fedf62dbc7d2,user,4,lain,1.0
user_fef8bae0d71b,user,2,lain,1.0
user_fef9cb89dd4d,user,8,lain,1.0
user_ff017c66eec0,user,10,lain,1.0
user_ff132b2174cb,user,2,lain,1.0
user_ff159a10a7f6,user,3,lain,1.0
user_ff2116e17252,user,3,takut (pujian?),1.0
user_ff41d4d19f63,user,17,lain,1.0
user_ff427c0e73c6,user,12,lain,1.0
user_ff448f4104e0,user,8,lain,1.0
user_ff4975b06ab5,user,15,niat menonton,1.0
user_ff6e1f0e8593,user,6,takut (pujian?),1.0
user_ff78fd50cd7f,user,1,lain,3.0
user_ff95c4f470ab,user,7,lain,1.0
user_ff9632d1994a,user,8,lain,1.0
user_ff9752ac4aa1,user,1,niat menonton,1.0
user_ff9bcd45cdab,user,1,lain,1.0
user_ffa43c9c3ec4,user,16,lain,2.0
user_ffa6f9c6889f,user,7,lain,1.0
user_ffbf22833c56,user,1,lain,1.0
user_ffc88e3fcfd4,user,11,lain,1.0
user_ffd10f3b4e50,user,1,lain,1.0
user_ffd4688e2122,user,2,lain,1.0
user_ffd6c9c9eb91,user,13,lain,1.0
user_ffeb607300f5,user,2,lain,1.0
user_ffecfbde9de4,user,2,niat menonton,2.0
user_fff0aedc3544,user,5,lain,1.0
