Vertex 1,Vertex 2,Edge Weight,Relationship
user_0000ae639fe7,Suzzanna: Malam Jumat Kliwon (2023),1,komentar
user_0037d86bfe98,FILM::Suzzanna: Malam Jumat Kliwon (2023),1,komentar
user_003a9646ea12,FILM::Suzzanna: Malam Jumat Kliwon (2023),2,komentar
user_0042b3c36044,FILM::Suzzanna: Malam Jumat Kliwon (2023),1,komentar
user_007a3fbc30f0,FILM::Suzzanna: Malam Jumat Kliwon (2023),1,komentar
user_008e3eefe49b,FILM::Suzzanna: Malam Jumat Kliwon (2023),1,komentar
user_00ac5aec70b1,FILM::Suzzanna: Malam Jumat Kliwon (2023),1,komentar
user_00c95aaea975,FILM::Suzzanna: Malam Jumat Kliwon (2023),1,komentar
user_00dbaf2557a0,FILM::Suzzanna: Malam Jumat Kliwon (2023),1,komentar
user_012c8b130025,FILM::Suzzanna: Malam Jumat Kliwon (2023),1,komentar
user_016890339cd8,FILM::Suzzanna: Malam Jumat Kliwon (2023),1,komentar
user_02519ad25cc8,FILM::Suzzanna: Malam Jumat Kliwon (2023),1,komentar
user_029077625bb4,FILM::Suzzanna: Malam Jumat Kliwon (2023),4,komentar
user_02a57b5bb362,FILM::Suzzanna: Malam Jumat Kliwon (2023),1,komentar
user_02b031c4ab13,FILM::Suzzanna: Malam Jumat Kliwon (2023),1,komentar
user_02ba5c4db6c4,FILM::Suzzanna: Malam Jumat Kliwon (2023),1,komentar
user_02d76505266c,FILM::Suzzanna: Malam Jumat Kliwon (2023),2,komentar
user_032193136a73,FILM::Suzzanna: Malam Jumat Kliwon (2023),2,komentar
user_03680c5d6964,FILM::Suzzanna: Malam Jumat Kliwon (2023),1,komentar
user_043b72386e84,FILM::Suzzanna: Malam Jumat Kliwon (2023),1,komentar
user_0449c1b56bc2,FILM::Suzzanna: Malam Jumat Kliwon (2023),1,komentar
user_04cf9173a423,FILM::Suzzanna: Malam Jumat Kliwon (2023),1,komentar
user_053f9cf18f73,FILM::Suzzanna: Malam Jumat Kliwon (2023),1,komentar
user_0544721b9f34,FILM::Suzzanna: Malam Jumat Kliwon (2023),1,komentar
user_057b6af5330e,FILM::Suzzanna: Malam Jumat Kliwon (2023),1,komentar
user_061182e0bcad,FILM::Suzzanna: Malam Jumat Kliwon (2023),1,komentar
user_0612bbf9bcbc,FILM::Suzzanna: Malam Jumat Kliwon (2023),1,komentar
user_068946b7e198,FILM::Suzzanna: Malam Jumat Kliwon (2023),1,komentar
user_06d9136131ff,FILM::Suzzanna: Malam Jumat Kliwon (2023),1,komentar
user_06edadcae0b3,FILM::Suzzanna: Malam Jumat Kliwon (2023),1,komentar
user_075c71f552ef,FILM::Suzzanna: Malam Jumat Kliwon (2023),1,komentar
user_076a98751e07,FILM::Suzzanna: Malam Jumat Kliwon (2023),1,komentar
user_0796203ecaff,FILM::Suzzanna: Malam Jumat Kliwon (2023),1,komentar
user_07c0bed4c529,FILM::Suzzanna: Malam Jumat Kliwon (2023),1,komentar
user_07f9350eba63,FILM::Suzzanna: Malam Jumat Kliwon (2023),7,komentar
user_081ea0d91adf,FILM::Suzzanna: Malam Jumat Kliwon (2023),1,komentar
user_088a5ac24406,FILM::Suzzanna: Malam Jumat Kliwon (2023),1,komentar
user_08be4e18823e,FILM::Suzzanna: Malam Jumat Kliwon (2023),1,komentar
user_08f151ffbb53,FILM::Suzzanna: Malam Jumat Kliwon (2023),1,komentar
user_0924bf5b5351,FILM::Suzzanna: Malam Jumat Kliwon (2023),1,komentar
user_0956136cb316,FILM::Suzzanna: Malam Jumat Kliwon (2023),1,komentar
user_09723759aaa5,FILM::Suzzanna: Malam Jumat Kliwon (2023),1,komentar
user_09a371194a0f,FILM::Suzzanna: Malam Jumat Kliwon (2023),1,komentar
user_0a2ad9bdd2be,FILM::Suzzanna: Malam Jumat Kliwon (2023),1,komentar
user_0a3839d1ae57,FILM::Suzzanna: Malam Jumat Kliwon (2023),1,komentar
user_0a779311ef70,FILM::Suzzanna: Malam Jumat Kliwon (2023),1,komentar
user_0aa2d05722dd,FILM::Suzzanna: Malam Jumat Kliwon (2023),1,komentar
user_0ab2a581c522,FILM::Suzzanna: Malam Jumat Kliwon (2023),1,komentar
user_0ad45b66d7cf,FILM::Suzzanna: Malam Jumat Kliwon (2023),1,komentar
user_0b35d918bc3e,FILM::Suzzanna: Malam Jumat Kliwon (2023),1,komentar
user_0b4199cb7d54,FILM::Suzzanna: Malam Jumat Kliwon (2023),1,komentar
user_0b699d45f5d7,FILM::Suzzanna: Malam Jumat Kliwon (2023),1,komentar
user_0b6a6d9e95b7,FILM::Suzzanna: Malam Jumat Kliwon (2023),1,komentar
user_0b6e800a8315,FILM::Suzzanna: Malam Jumat Kliwon (2023),1,komentar
user_0b8081202579,FILM::Suzzanna: Malam Jumat Kliwon (2023),1,komentar
user_0ba08fea2645,FILM::Suzzanna: Malam Jumat Kliwon (2023),1,komentar
user_0ba50c5611f4,FILM::Suzzanna: Malam Jumat Kliwon (2023),1,komentar
user_0bc2cf6cfcbd,FILM::Suzzanna: Malam Jumat Kliwon (2023),1,komentar
user_0bd8cb69fd38,FILM::Suzzanna: Malam Jumat Kliwon (2023),1,komentar
user_0be9831420d1,FILM::Suzzanna: Malam Jumat Kliwon (2023),1,komentar
user_0bffc7b06998,FILM::Suzzanna: Malam Jumat Kliwon (2023),1,komentar
user_0c0ed9bc0b3c,FILM::Suzzanna: Malam Jumat Kliwon (2023),1,komentar
user_0c500d5cef19,FILM::Suzzanna: Malam Jumat Kliwon (2023),1,komentar
user_0c6168f37d53,FILM::Suzzanna: Malam Jumat Kliwon (2023),1,komentar
user_0cabf5bd26f6,FILM::Suzzanna: Malam Jumat Kliwon (2023),1,komentar
user_0cbde596adbf,FILM::Suzzanna: Malam Jumat Kliwon (2023),1,komentar
user_0d42d19921c3,FILM::Suzzanna: Malam Jumat Kliwon (2023),1,komentar
user_0d45001146c2,FILM::Suzzanna: Malam Jumat Kliwon (2023),2,komentar
user_0d8c9237e5e3,FILM::Suzzanna: Malam Jumat Kliwon (2023),1,komentar
user_0da4613e837b,FILM::Suzzanna: Malam Jumat Kliwon (2023),1,komentar
user_0dcabe3ae1de,FILM::Suzzanna: Malam Jumat Kliwon (2023),1,komentar
user_0ddc5059fd5a,FILM::Suzzanna: Malam Jumat Kliwon (2023),1,komentar
user_0df85b2dab9f,FILM::Suzzanna: Malam Jumat Kliwon (2023),1,komentar
user_0df9c142c939,FILM::Suzzanna: Malam Jumat Kliwon (2023),1,komentar
user_0dff8c4c0cd7,FILM::Suzzanna: Malam Jumat Kliwon (2023),1,komentar
user_0e0095a4a388,FILM::Suzzanna: Malam Jumat Kliwon (2023),1,komentar
user_0e245fc73a1f,FILM::Suzzanna: Malam Jumat Kliwon (2023),1,komentar
user_0e6a948dc21c,FILM::Suzzanna: Malam Jumat Kliwon (2023),1,komentar
user_0e91e6777117,FILM::Suzzanna: Malam Jumat Kliwon (2023),1,komentar
user_0e959c69a0b2,FILM::Suzzanna: Malam Jumat Kliwon (2023),1,komentar
user_0ed8e71dbaaa,FILM::Suzzanna: Malam Jumat Kliwon (2023),1,komentar
user_0f0c0391c377,FILM::Suzzanna: Malam Jumat Kliwon (2023),1,komentar
user_0f59ce449f15,FILM::Suzzanna: Malam Jumat Kliwon (2023),1,komentar
user_0fa5312442e5,FILM::Suzzanna: Malam Jumat Kliwon (2023),1,komentar
user_0fb78053a6e4,FILM::Suzzanna: Malam Jumat Kliwon (2023),1,komentar
user_0fc2a5b4f398,FILM::Suzzanna: Malam Jumat Kliwon (2023),1,komentar
user_0fdd06f5d1ad,FILM::Suzzanna: Malam Jumat Kliwon (2023),1,komentar
user_0ff0da21e375,FILM::Suzzanna: Malam Jumat Kliwon (2023),1,komentar
user_100323063109,FILM::Suzzanna: Malam Jumat Kliwon (2023),1,komentar
user_10817297439a,FILM::Suzzanna: Malam Jumat Kliwon (2023),1,komentar
user_109d610dc81f,FILM::Suzzanna: Malam Jumat Kliwon (2023),1,komentar
user_10c3357eb98a,FILM::Suzzanna: Malam Jumat Kliwon (2023),1,komentar
user_11166d6c2cdd,FILM::Suzzanna: Malam Jumat Kliwon (2023),3,komentar
user_111e7493664e,FILM::Suzzanna: Malam Jumat Kliwon (2023),1,komentar
user_114e036e3445,FILM::Suzzanna: Malam Jumat Kliwon (2023),1,komentar
user_117fad7559f4,FILM::Suzzanna: Malam Jumat Kliwon (2023),6,komentar
user_11c55e75c824,FILM::Suzzanna: Malam Jumat Kliwon (2023),1,komentar
user_11f10705e6cb,FILM::Suzzanna: Malam Jumat Kliwon (2023),1,komentar
user_12375113c969,FILM::Suzzanna: Malam Jumat Kliwon (2023),2,komentar
user_1279c7617333,FILM::Suzzanna: Malam Jumat Kliwon (2023),2,komentar
user_127fccbc7cb5,FILM::Suzzanna: Malam Jumat Kliwon (2023),1,komentar
user_12bcccaeaa8c,FILM::Suzzanna: Malam Jumat Kliwon (2023),2,komentar
user_12f86b234007,FILM::Suzzanna: Malam Jumat Kliwon (2023),1,komentar
user_1307e3de15d5,FILM::Suzzanna: Malam Jumat Kliwon (2023),1,komentar
user_13968481cad7,FILM::Suzzanna: Malam Jumat Kliwon (2023),3,komentar
user_13a624f4724a,FILM::Suzzanna: Malam Jumat Kliwon (2023),1,komentar
user_13b775b3d47c,FILM::Suzzanna: Malam Jumat Kliwon (2023),1,komentar
user_13c165974eb9,FILM::Suzzanna: Malam Jumat Kliwon (2023),1,komentar
user_1415ebdb72aa,FILM::Suzzanna: Malam Jumat Kliwon (2023),1,komentar
user_144584392842,FILM::Suzzanna: Malam Jumat Kliwon (2023),1,komentar
user_144a0a1c8567,FILM::Suzzanna: Malam Jumat Kliwon (2023),1,komentar
user_1461f54e7207,FILM::Suzzanna: Malam Jumat Kliwon (2023),1,komentar
user_1471c665c39b,FILM::Suzzanna: Malam Jumat Kliwon (2023),2,komentar
user_14b4e9a7dd58,FILM::Suzzanna: Malam Jumat Kliwon (2023),1,komentar
user_14c2d629cd31,FILM::Suzzanna: Malam Jumat Kliwon (2023),1,komentar
user_15291710c68b,FILM::Suzzanna: Malam Jumat Kliwon (2023),3,komentar
user_157887813c00,FILM::Suzzanna: Malam Jumat Kliwon (2023),1,komentar
user_15ca52795a05,FILM::Suzzanna: Malam Jumat Kliwon (2023),1,komentar
user_15fe84c7dbe6,FILM::Suzzanna: Malam Jumat Kliwon (2023),1,komentar
user_161211c4e4df,FILM::Suzzanna: Malam Jumat Kliwon (2023),1,komentar
user_16330e1b2236,FILM::Suzzanna: Malam Jumat Kliwon (2023),1,komentar
user_166425cc81e9,FILM::Suzzanna: Malam Jumat Kliwon (2023),1,komentar
user_168c07836162,FILM::Suzzanna: Malam Jumat Kliwon (2023),1,komentar
user_168f91e06a29,FILM::Suzzanna: Malam Jumat Kliwon (2023),1,komentar
user_168ff9e2d474,FILM::Suzzanna: Malam Jumat Kliwon (2023),1,komentar
user_16bebfe8ccfb,FILM::Suzzanna: Malam Jumat Kliwon (2023),1,komentar
user_16e0da9304a6,FILM::Suzzanna: Malam Jumat Kliwon (2023),1,komentar
user_16e8215e3ec8,FILM::Suzzanna: Malam Jumat Kliwon (2023),1,komentar
user_17218408af50,FILM::Suzzanna: Malam Jumat Kliwon (2023),1,komentar
user_17392e7393d2,FILM::Suzzanna: Malam Jumat Kliwon (2023),1,komentar
user_1761b14a2765,FILM::Suzzanna: Malam Jumat Kliwon (2023),1,komentar
user_17b4f7e244ad,FILM::Suzzanna: Malam Jumat Kliwon (2023),1,komentar
user_17f823563dbf,FILM::Suzzanna: Malam Jumat Kliwon (2023),1,komentar
user_1810fba86495,FILM::Suzzanna: Malam Jumat Kliwon (2023),1,komentar
user_18212f2c01d8,FILM::Suzzanna: Malam Jumat Kliwon (2023),1,komentar
user_184ce0ff472c,FILM::Suzzanna: Malam Jumat Kliwon (2023),1,komentar
user_185a939a2993,FILM::Suzzanna: Malam Jumat Kliwon (2023),1,komentar
user_18d5d40884b8,FILM::Suzzanna: Malam Jumat Kliwon (2023),1,komentar
user_19cdbbbe1a6f,FILM::Suzzanna: Malam Jumat Kliwon (2023),1,komentar
user_19f5fc8e62ba,FILM::Suzzanna: Malam Jumat Kliwon (2023),1,komentar
user_19fa0fa7df16,FILM::Suzzanna: Malam Jumat Kliwon (2023),1,komentar
user_1a26e5ebf2b8,FILM::Suzzanna: Malam Jumat Kliwon (2023),2,komentar
user_1a3bee45811b,FILM::Suzzanna: Malam Jumat Kliwon (2023),2,komentar
user_1a695a6f3b2a,FILM::Suzzanna: Malam Jumat Kliwon (2023),1,komentar
user_1a80b92fe552,FILM::Suzzanna: Malam Jumat Kliwon (2023),1,komentar
user_1aab9c23388d,FILM::Suzzanna: Malam Jumat Kliwon (2023),1,komentar
user_1b3e9b40ab3c,FILM::Suzzanna: Malam Jumat Kliwon (2023),1,komentar
user_1b7e111a21b2,FILM::Suzzanna: Malam Jumat Kliwon (2023),5,komentar
user_1b8aa5143cf9,FILM::Suzzanna: Malam Jumat Kliwon (2023),1,komentar
user_1c418319d7ad,FILM::Suzzanna: Malam Jumat Kliwon (2023),1,komentar
user_1c7f010847a5,FILM::Suzzanna: Malam Jumat Kliwon (2023),1,komentar
user_1d9abab4d7e9,FILM::Suzzanna: Malam Jumat Kliwon (2023),1,komentar
user_1d9cd0296083,FILM::Suzzanna: Malam Jumat Kliwon (2023),1,komentar
user_1db52166fdf2,FILM::Suzzanna: Malam Jumat Kliwon (2023),1,komentar
user_1e0c1726d054,FILM::Suzzanna: Malam Jumat Kliwon (2023),1,komentar
user_1e2d762d05ae,FILM::Suzzanna: Malam Jumat Kliwon (2023),1,komentar
user_1e2f6b5bfc8d,FILM::Suzzanna: Malam Jumat Kliwon (2023),1,komentar
user_1e41c46c473e,FILM::Suzzanna: Malam Jumat Kliwon (2023),1,komentar
user_1e494449bb21,FILM::Suzzanna: Malam Jumat Kliwon (2023),2,komentar
user_1e55086cd87e,FILM::Suzzanna: Malam Jumat Kliwon (2023),1,komentar
user_1e5eec699af6,FILM::Suzzanna: Malam Jumat Kliwon (2023),2,komentar
user_1e912eb54383,FILM::Suzzanna: Malam Jumat Kliwon (2023),1,komentar
user_1f0a303c13dc,FILM::Suzzanna: Malam Jumat Kliwon (2023),1,komentar
user_1f2d83a5d6a5,FILM::Suzzanna: Malam Jumat Kliwon (2023),1,komentar
user_1f59756521b3,FILM::Suzzanna: Malam Jumat Kliwon (2023),1,komentar
user_1f93a32f1ab5,FILM::Suzzanna: Malam Jumat Kliwon (2023),1,komentar
user_1fe0ea392976,FILM::Suzzanna: Malam Jumat Kliwon (2023),1,komentar
user_20154fbff199,FILM::Suzzanna: Malam Jumat Kliwon (2023),1,komentar
user_201a9a5f89a9,FILM::Suzzanna: Malam Jumat Kliwon (2023),1,komentar
user_20546f098151,FILM::Suzzanna: Malam Jumat Kliwon (2023),1,komentar
user_208d89ba0895,FILM::Suzzanna: Malam Jumat Kliwon (2023),2,komentar
user_20993bb2f33f,FILM::Suzzanna: Malam Jumat Kliwon (2023),1,komentar
user_216a9b4b0111,FILM::Suzzanna: Malam Jumat Kliwon (2023),1,komentar
user_219522595279,FILM::Suzzanna: Malam Jumat Kliwon (2023),1,komentar
user_219ad5fde274,FILM::Suzzanna: Malam Jumat Kliwon (2023),1,komentar
user_21a06d4682a9,FILM::Suzzanna: Malam Jumat Kliwon (2023),1,komentar
user_21bc68b2fce1,FILM::Suzzanna: Malam Jumat Kliwon (2023),1,komentar
user_21fd1d472b5a,FILM::Suzzanna: Malam Jumat Kliwon (2023),2,komentar
user_2232b454600d,FILM::Suzzanna: Malam Jumat Kliwon (2023),1,komentar
user_2255a283f14d,FILM::Suzzanna: Malam Jumat Kliwon (2023),1,komentar
user_2269c106915e,FILM::Suzzanna: Malam Jumat Kliwon (2023),1,komentar
user_228ffbc79b75,FILM::Suzzanna: Malam Jumat Kliwon (2023),1,komentar
user_2318ae914e8a,FILM::Suzzanna: Malam Jumat Kliwon (2023),1,komentar
user_236b503f9269,FILM::Suzzanna: Malam Jumat Kliwon (2023),1,komentar
user_23751789b10d,FILM::Suzzanna: Malam Jumat Kliwon (2023),1,komentar
user_237711819697,FILM::Suzzanna: Malam Jumat Kliwon (2023),1,komentar
user_239f756665f4,FILM::Suzzanna: Malam Jumat Kliwon (2023),1,komentar
user_239f84f67c1a,FILM::Suzzanna: Malam Jumat Kliwon (2023),1,komentar
user_23b81dd02e4e,FILM::Suzzanna: Malam Jumat Kliwon (2023),1,komentar
user_23bbc2cdb1f5,FILM::Suzzanna: Malam Jumat Kliwon (2023),1,komentar
user_23e79147a631,FILM::Suzzanna: Malam Jumat Kliwon (2023),1,komentar
user_243748586c66,FILM::Suzzanna: Malam Jumat Kliwon (2023),1,komentar
user_2437a78cbe36,FILM::Suzzanna: Malam Jumat Kliwon (2023),2,komentar
user_244ace926cbc,FILM::Suzzanna: Malam Jumat Kliwon (2023),1,komentar
user_2496770fb8c0,FILM::Suzzanna: Malam Jumat Kliwon (2023),2,komentar
user_250e6e301e26,FILM::Suzzanna: Malam Jumat Kliwon (2023),1,komentar
user_25192ffc2b16,FILM::Suzzanna: Malam Jumat Kliwon (2023),1,komentar
user_252fc72a84b2,FILM::Suzzanna: Malam Jumat Kliwon (2023),1,komentar
user_2549ce332cd2,FILM::Suzzanna: Malam Jumat Kliwon (2023),1,komentar
user_25802bde4f88,FILM::Suzzanna: Malam Jumat Kliwon (2023),1,komentar
user_2597cfa072f5,FILM::Suzzanna: Malam Jumat Kliwon (2023),1,komentar
user_25b1d537f295,FILM::Suzzanna: Malam Jumat Kliwon (2023),1,komentar
user_25eea107bc69,FILM::Suzzanna: Malam Jumat Kliwon (2023),1,komentar
user_26147ddc6e56,FILM::Suzzanna: Malam Jumat Kliwon (2023),1,komentar
user_26491ff1de01,FILM::Suzzanna: Malam Jumat Kliwon (2023),2,komentar
user_26607ecb451a,FILM::Suzzanna: Malam Jumat Kliwon (2023),1,komentar
user_26a23e9c1411,FILM::Suzzanna: Malam Jumat Kliwon (2023),1,komentar
user_26c4c02307e7,FILM::Suzzanna: Malam Jumat Kliwon (2023),1,komentar
user_26c67c41c7d0,FILM::Suzzanna: Malam Jumat Kliwon (2023),1,komentar
user_26f5660966ca,FILM::Suzzanna: Malam Jumat Kliwon (2023),1,komentar
user_26fa5f61ef44,FILM::Suzzanna: Malam Jumat Kliwon (2023),1,komentar
user_270e49637294,FILM::Suzzanna: Malam Jumat Kliwon (2023),1,komentar
user_278ead97b38e,FILM::Suzzanna: Malam Jumat Kliwon (2023),1,komentar
user_278fd7e411d1,FILM::Suzzanna: Malam Jumat Kliwon (2023),1,komentar
user_27c8d5ac1125,FILM::Suzzanna: Malam Jumat Kliwon (2023),1,komentar
user_27d5590c260b,FILM::Suzzanna: Malam Jumat Kliwon (2023),1,komentar
user_27ee74143078,FILM::Suzzanna: Malam Jumat Kliwon (2023),1,komentar
user_27fcd936e003,FILM::Suzzanna: Malam Jumat Kliwon (2023),2,komentar
user_281278d582d6,FILM::Suzzanna: Malam Jumat Kliwon (2023),2,komentar
user_2815845fb643,FILM::Suzzanna: Malam Jumat Kliwon (2023),1,komentar
user_2829b47b238a,FILM::Suzzanna: Malam Jumat Kliwon (2023),1,komentar
user_282d467af3cf,FILM::Suzzanna: Malam Jumat Kliwon (2023),1,komentar
user_2833138d798f,FILM::Suzzanna: Malam Jumat Kliwon (2023),1,komentar
user_28454ad8aa3f,FILM::Suzzanna: Malam Jumat Kliwon (2023),1,komentar
user_28575b57f51c,FILM::Suzzanna: Malam Jumat Kliwon (2023),1,komentar
user_288e4a8a1e9b,FILM::Suzzanna: Malam Jumat Kliwon (2023),1,komentar
user_28da04808ea5,FILM::Suzzanna: Malam Jumat Kliwon (2023),1,komentar
user_28eafeb0022f,FILM::Suzzanna: Malam Jumat Kliwon (2023),2,komentar
user_291e2dbf0457,FILM::Suzzanna: Malam Jumat Kliwon (2023),1,komentar
user_29a5f77bee79,FILM::Suzzanna: Malam Jumat Kliwon (2023),1,komentar
user_29f2af5f6c45,FILM::Suzzanna: Malam Jumat Kliwon (2023),1,komentar
user_2a126b0ec176,FILM::Suzzanna: Malam Jumat Kliwon (2023),1,komentar
user_2a28d763e9b9,FILM::Suzzanna: Malam Jumat Kliwon (2023),1,komentar
user_2a42c014e6a4,FILM::Suzzanna: Malam Jumat Kliwon (2023),1,komentar
user_2a79fb96cc94,FILM::Suzzanna: Malam Jumat Kliwon (2023),1,komentar
user_2a85889801b5,FILM::Suzzanna: Malam Jumat Kliwon (2023),1,komentar
user_2a9cb3291277,FILM::Suzzanna: Malam Jumat Kliwon (2023),2,komentar
user_2aaa3f9c5d8f,FILM::Suzzanna: Malam Jumat Kliwon (2023),1,komentar
user_2ab573a14643,FILM::Suzzanna: Malam Jumat Kliwon (2023),1,komentar
user_2acd066aba9d,FILM::Suzzanna: Malam Jumat Kliwon (2023),3,komentar
user_2ae4dd0fe565,FILM::Suzzanna: Malam Jumat Kliwon (2023),1,komentar
user_2aeab5f552a9,FILM::Suzzanna: Malam Jumat Kliwon (2023),1,komentar
user_2b0e3b03168f,FILM::Suzzanna: Malam Jumat Kliwon (2023),1,komentar
user_2b1c714c124d,FILM::Suzzanna: Malam Jumat Kliwon (2023),1,komentar
user_2b74c2adfd83,FILM::Suzzanna: Malam Jumat Kliwon (2023),1,komentar
user_2b8f1414d9f6,FILM::Suzzanna: Malam Jumat Kliwon (2023),1,komentar
user_2b988e7a7817,FILM::Suzzanna: Malam Jumat Kliwon (2023),1,komentar
user_2b9bfd284fce,FILM::Suzzanna: Malam Jumat Kliwon (2023),3,komentar
user_2bb7b98aa9a4,FILM::Suzzanna: Malam Jumat Kliwon (2023),1,komentar
user_2c3414329c91,FILM::Suzzanna: Malam Jumat Kliwon (2023),1,komentar
user_2c8c3eee22f8,FILM::Suzzanna: Malam Jumat Kliwon (2023),2,komentar
user_2c8d5b4de4dd,FILM::Suzzanna: Malam Jumat Kliwon (2023),1,komentar
user_2d041545052c,FILM::Suzzanna: Malam Jumat Kliwon (2023),1,komentar
user_2d2f0209651e,FILM::Suzzanna: Malam Jumat Kliwon (2023),1,komentar
user_2d3a3a84fdc7,FILM::Suzzanna: Malam Jumat Kliwon (2023),1,komentar
user_2d4ff295d0a0,FILM::Suzzanna: Malam Jumat Kliwon (2023),1,komentar
user_2d641f758c54,FILM::Suzzanna: Malam Jumat Kliwon (2023),1,komentar
user_2d7e55c7b352,FILM::Suzzanna: Malam Jumat Kliwon (2023),2,komentar
user_2d8615db5e37,FILM::Suzzanna: Malam Jumat Kliwon (2023),1,komentar
user_2dd46bc46775,FILM::Suzzanna: Malam Jumat Kliwon (2023),1,komentar
user_2e1b9052c22b,FILM::Suzzanna: Malam Jumat Kliwon (2023),1,komentar
user_2e2c2bf441ae,FILM::Suzzanna: Malam Jumat Kliwon (2023),1,komentar
user_2e3a45b74801,FILM::Suzzanna: Malam Jumat Kliwon (2023),1,komentar
user_2e63461a8874,FILM::Suzzanna: Malam Jumat Kliwon (2023),1,komentar
user_2e91da92b4a3,FILM::Suzzanna: Malam Jumat Kliwon (2023),1,komentar
user_2ea39ede2d01,FILM::Suzzanna: Malam Jumat Kliwon (2023),1,komentar
user_2ec9d764ae2f,FILM::Suzzanna: Malam Jumat Kliwon (2023),1,komentar
user_2efb5c7d4ffd,FILM::Suzzanna: Malam Jumat Kliwon (2023),1,komentar
user_2f1847ec83b1,FILM::Suzzanna: Malam Jumat Kliwon (2023),1,komentar
user_2fa64ae8f3d6,FILM::Suzzanna: Malam Jumat Kliwon (2023),1,komentar
user_2fb45f96d693,FILM::Suzzanna: Malam Jumat Kliwon (2023),1,komentar
user_2fb6ab2f5246,FILM::Suzzanna: Malam Jumat Kliwon (2023),1,komentar
user_2fc88c829d8d,FILM::Suzzanna: Malam Jumat Kliwon (2023),1,komentar
user_2fe0fd447fb4,FILM::Suzzanna: Malam Jumat Kliwon (2023),1,komentar
user_2fe80b9bf0ef,FILM::Suzzanna: Malam Jumat Kliwon (2023),1,komentar
user_30339a1ae5aa,FILM::Suzzanna: Malam Jumat Kliwon (2023),1,komentar
user_304e31033d6a,FILM::Suzzanna: Malam Jumat Kliwon (2023),1,komentar
user_306f814641cb,FILM::Suzzanna: Malam Jumat Kliwon (2023),2,komentar
user_307f172ae472,FILM::Suzzanna: Malam Jumat Kliwon (2023),1,komentar
user_3087a44f7c2a,FILM::Suzzanna: Malam Jumat Kliwon (2023),2,komentar
user_30be41afb170,FILM::Suzzanna: Malam Jumat Kliwon (2023),1,komentar
user_30cabd007bf8,FILM::Suzzanna: Malam Jumat Kliwon (2023),1,komentar
user_30e54d5d37ce,FILM::Suzzanna: Malam Jumat Kliwon (2023),1,komentar
user_30f9ab9d57f2,FILM::Suzzanna: Malam Jumat Kliwon (2023),1,komentar
user_30fe2de8982b,FILM::Suzzanna: Malam Jumat Kliwon (2023),1,komentar
user_316a77e43c4d,FILM::Suzzanna: Malam Jumat Kliwon (2023),1,komentar
user_31757338a735,FILM::Suzzanna: Malam Jumat Kliwon (2023),1,komentar
user_31a1ded75719,FILM::Suzzanna: Malam Jumat Kliwon (2023),1,komentar
user_3217f923a26b,FILM::Suzzanna: Malam Jumat Kliwon (2023),1,komentar
user_3219c9e555ce,FILM::Suzzanna: Malam Jumat Kliwon (2023),1,komentar
user_323846e302fb,FILM::Suzzanna: Malam Jumat Kliwon (2023),2,komentar
user_32459a5cb58d,FILM::Suzzanna: Malam Jumat Kliwon (2023),1,komentar
user_327e51721915,FILM::Suzzanna: Malam Jumat Kliwon (2023),1,komentar
user_32c016494241,FILM::Suzzanna: Malam Jumat Kliwon (2023),1,komentar
user_3353cdda30a3,FILM::Suzzanna: Malam Jumat Kliwon (2023),2,komentar
user_3368cf5b5476,FILM::Suzzanna: Malam Jumat Kliwon (2023),1,komentar
user_338725b856c5,FILM::Suzzanna: Malam Jumat Kliwon (2023),1,komentar
user_33a9cf08772b,FILM::Suzzanna: Malam Jumat Kliwon (2023),1,komentar
user_33d2735dd234,FILM::Suzzanna: Malam Jumat Kliwon (2023),1,komentar
user_3418cf5769b3,FILM::Suzzanna: Malam Jumat Kliwon (2023),1,komentar
user_343aef24de49,FILM::Suzzanna: Malam Jumat Kliwon (2023),1,komentar
user_345bc2631485,FILM::Suzzanna: Malam Jumat Kliwon (2023),1,komentar
user_34d67ea779b8,FILM::Suzzanna: Malam Jumat Kliwon (2023),1,komentar
user_352d85b394a5,FILM::Suzzanna: Malam Jumat Kliwon (2023),1,komentar
user_35b0aa7ae57e,FILM::Suzzanna: Malam Jumat Kliwon (2023),2,komentar
user_35b6b1debf39,FILM::Suzzanna: Malam Jumat Kliwon (2023),1,komentar
user_35ec648fe533,FILM::Suzzanna: Malam Jumat Kliwon (2023),1,komentar
user_364b854af186,FILM::Suzzanna: Malam Jumat Kliwon (2023),1,komentar
user_364bcfddaeea,FILM::Suzzanna: Malam Jumat Kliwon (2023),2,komentar
user_364bd39f5a77,FILM::Suzzanna: Malam Jumat Kliwon (2023),1,komentar
user_3680160ce031,FILM::Suzzanna: Malam Jumat Kliwon (2023),1,komentar
user_36c2561c515c,FILM::Suzzanna: Malam Jumat Kliwon (2023),1,komentar
user_36d1c0f0473d,FILM::Suzzanna: Malam Jumat Kliwon (2023),1,komentar
user_36e48ff60ec5,FILM::Suzzanna: Malam Jumat Kliwon (2023),1,komentar
user_36f249aa7259,FILM::Suzzanna: Malam Jumat Kliwon (2023),1,komentar
user_372a507dab18,FILM::Suzzanna: Malam Jumat Kliwon (2023),1,komentar
user_375392259f0f,FILM::Suzzanna: Malam Jumat Kliwon (2023),1,komentar
user_375b0dfa20d2,FILM::Suzzanna: Malam Jumat Kliwon (2023),1,komentar
user_37890b18e0f5,FILM::Suzzanna: Malam Jumat Kliwon (2023),1,komentar
user_37f80ba86639,FILM::Suzzanna: Malam Jumat Kliwon (2023),1,komentar
user_37fa9f2b7809,FILM::Suzzanna: Malam Jumat Kliwon (2023),1,komentar
user_387e536fdd00,FILM::Suzzanna: Malam Jumat Kliwon (2023),2,komentar
user_3891b0476632,FILM::Suzzanna: Malam Jumat Kliwon (2023),1,komentar
user_38de9a8c4afd,FILM::Suzzanna: Malam Jumat Kliwon (2023),1,komentar
user_3902236c8a2e,FILM::Suzzanna: Malam Jumat Kliwon (2023),1,komentar
user_39e818f44f7e,FILM::Suzzanna: Malam Jumat Kliwon (2023),1,komentar
user_39fd2797728d,FILM::Suzzanna: Malam Jumat Kliwon (2023),1,komentar
user_3a100131669e,FILM::Suzzanna: Malam Jumat Kliwon (2023),3,komentar
user_3a66249258ce,FILM::Suzzanna: Malam Jumat Kliwon (2023),1,komentar
user_3a8109e64253,FILM::Suzzanna: Malam Jumat Kliwon (2023),1,komentar
user_3a87c206a14b,FILM::Suzzanna: Malam Jumat Kliwon (2023),1,komentar
user_3a95f5e57beb,FILM::Suzzanna: Malam Jumat Kliwon (2023),3,komentar
user_3ac5ca1f012a,FILM::Suzzanna: Malam Jumat Kliwon (2023),1,komentar
user_3ad956b41fad,FILM::Suzzanna: Malam Jumat Kliwon (2023),1,komentar
user_3b6c1a977571,FILM::Suzzanna: Malam Jumat Kliwon (2023),1,komentar
user_3b88d02f025c,FILM::Suzzanna: Malam Jumat Kliwon (2023),1,komentar
user_3c4cd58be5b5,FILM::Suzzanna: Malam Jumat Kliwon (2023),1,komentar
user_3cf47aefbd09,FILM::Suzzanna: Malam Jumat Kliwon (2023),1,komentar
user_3d6faef40505,FILM::Suzzanna: Malam Jumat Kliwon (2023),1,komentar
user_3d70ffc4091e,FILM::Suzzanna: Malam Jumat Kliwon (2023),4,komentar
user_3d88e4770102,FILM::Suzzanna: Malam Jumat Kliwon (2023),1,komentar
user_3d88f93538cf,FILM::Suzzanna: Malam Jumat Kliwon (2023),1,komentar
user_3e540426d00b,FILM::Suzzanna: Malam Jumat Kliwon (2023),1,komentar
user_3e846134637a,FILM::Suzzanna: Malam Jumat Kliwon (2023),1,komentar
user_3f2fb393c056,FILM::Suzzanna: Malam Jumat Kliwon (2023),1,komentar
user_3f31a6057b09,FILM::Suzzanna: Malam Jumat Kliwon (2023),1,komentar
user_3f5d2575474a,FILM::Suzzanna: Malam Jumat Kliwon (2023),1,komentar
user_3f7aa0507141,FILM::Suzzanna: Malam Jumat Kliwon (2023),1,komentar
user_3f819d59cd9e,FILM::Suzzanna: Malam Jumat Kliwon (2023),1,komentar
user_3f8c548f482e,FILM::Suzzanna: Malam Jumat Kliwon (2023),1,komentar
user_3fa4b79e4022,FILM::Suzzanna: Malam Jumat Kliwon (2023),1,komentar
user_3fb79c7be372,FILM::Suzzanna: Malam Jumat Kliwon (2023),2,komentar
user_4009892cb2ac,FILM::Suzzanna: Malam Jumat Kliwon (2023),1,komentar
user_406bd2df0f35,FILM::Suzzanna: Malam Jumat Kliwon (2023),1,komentar
user_407b318e5d85,FILM::Suzzanna: Malam Jumat Kliwon (2023),1,komentar
user_4098ae980f55,FILM::Suzzanna: Malam Jumat Kliwon (2023),1,komentar
user_409dfc479011,FILM::Suzzanna: Malam Jumat Kliwon (2023),1,komentar
user_40d7161ad905,FILM::Suzzanna: Malam Jumat Kliwon (2023),1,komentar
user_40ea2ba9dcd4,FILM::Suzzanna: Malam Jumat Kliwon (2023),1,komentar
user_4102c99e13f2,FILM::Suzzanna: Malam Jumat Kliwon (2023),1,komentar
user_41150afb3913,FILM::Suzzanna: Malam Jumat Kliwon (2023),1,komentar
user_41315d651c28,FILM::Suzzanna: Malam Jumat Kliwon (2023),1,komentar
user_41480d6a4fb1,FILM::Suzzanna: Malam Jumat Kliwon (2023),1,komentar
user_418391a1e39d,FILM::Suzzanna: Malam Jumat Kliwon (2023),1,komentar
user_419abd7a7cfd,FILM::Suzzanna: Malam Jumat Kliwon (2023),1,komentar
user_423d4696e08a,FILM::Suzzanna: Malam Jumat Kliwon (2023),4,komentar
user_424b2124f1e8,FILM::Suzzanna: Malam Jumat Kliwon (2023),1,komentar
user_424be662bf74,FILM::Suzzanna: Malam Jumat Kliwon (2023),1,komentar
user_425179bd37a8,FILM::Suzzanna: Malam Jumat Kliwon (2023),1,komentar
user_427ee95d3fee,FILM::Suzzanna: Malam Jumat Kliwon (2023),1,komentar
user_42c8dc9292cc,FILM::Suzzanna: Malam Jumat Kliwon (2023),1,komentar
user_4333e7004dc1,FILM::Suzzanna: Malam Jumat Kliwon (2023),1,komentar
user_436def3ee4d6,FILM::Suzzanna: Malam Jumat Kliwon (2023),1,komentar
user_436f998a43a4,FILM::Suzzanna: Malam Jumat Kliwon (2023),2,komentar
user_437858b0858b,FILM::Suzzanna: Malam Jumat Kliwon (2023),1,komentar
user_43c1232fee5b,FILM::Suzzanna: Malam Jumat Kliwon (2023),2,komentar
user_43ed515761a3,FILM::Suzzanna: Malam Jumat Kliwon (2023),1,komentar
user_441f1c36dab9,FILM::Suzzanna: Malam Jumat Kliwon (2023),1,komentar
user_4459a8652ab7,FILM::Suzzanna: Malam Jumat Kliwon (2023),1,komentar
user_44b03774d129,FILM::Suzzanna: Malam Jumat Kliwon (2023),1,komentar
user_44b83698cfe0,FILM::Suzzanna: Malam Jumat Kliwon (2023),1,komentar
user_44c23919dcb1,FILM::Suzzanna: Malam Jumat Kliwon (2023),1,komentar
user_4507a978c6a6,FILM::Suzzanna: Malam Jumat Kliwon (2023),1,komentar
user_4535f7f5a8d5,FILM::Suzzanna: Malam Jumat Kliwon (2023),1,komentar
user_45423ed3af4b,FILM::Suzzanna: Malam Jumat Kliwon (2023),1,komentar
user_4545b6408fd5,FILM::Suzzanna: Malam Jumat Kliwon (2023),1,komentar
user_458a33376e55,FILM::Suzzanna: Malam Jumat Kliwon (2023),1,komentar
user_4590272b7da1,FILM::Suzzanna: Malam Jumat Kliwon (2023),1,komentar
user_45dbdc1b53b5,FILM::Suzzanna: Malam Jumat Kliwon (2023),1,komentar
user_46cdcc4c000f,FILM::Suzzanna: Malam Jumat Kliwon (2023),1,komentar
user_46d3e0f3b8a2,FILM::Suzzanna: Malam Jumat Kliwon (2023),1,komentar
user_46d9b2eb39e8,FILM::Suzzanna: Malam Jumat Kliwon (2023),1,komentar
user_4706c1df12e1,FILM::Suzzanna: Malam Jumat Kliwon (2023),1,komentar
user_4709ac8b6474,FILM::Suzzanna: Malam Jumat Kliwon (2023),1,komentar
user_47334977fa57,FILM::Suzzanna: Malam Jumat Kliwon (2023),1,komentar
user_47a7bb31646b,FILM::Suzzanna: Malam Jumat Kliwon (2023),1,komentar
user_47d46f82a1db,FILM::Suzzanna: Malam Jumat Kliwon (2023),1,komentar
user_47d6990e3983,FILM::Suzzanna: Malam Jumat Kliwon (2023),1,komentar
user_47eac304fcd7,FILM::Suzzanna: Malam Jumat Kliwon (2023),1,komentar
user_48539b599f13,FILM::Suzzanna: Malam Jumat Kliwon (2023),1,komentar
user_4871a80271b8,FILM::Suzzanna: Malam Jumat Kliwon (2023),1,komentar
user_4872aed51d13,FILM::Suzzanna: Malam Jumat Kliwon (2023),1,komentar
user_488da14ad3f7,FILM::Suzzanna: Malam Jumat Kliwon (2023),1,komentar
user_48ac6b28e9ba,FILM::Suzzanna: Malam Jumat Kliwon (2023),1,komentar
user_48f8a804bb15,FILM::Suzzanna: Malam Jumat Kliwon (2023),1,komentar
user_492ed3e12946,FILM::Suzzanna: Malam Jumat Kliwon (2023),1,komentar
user_49371006056c,FILM::Suzzanna: Malam Jumat Kliwon (2023),1,komentar
user_493aff7998eb,FILM::Suzzanna: Malam Jumat Kliwon (2023),1,komentar
user_49a11f784045,FILM::Suzzanna: Malam Jumat Kliwon (2023),1,komentar
user_49e62ef3ad25,FILM::Suzzanna: Malam Jumat Kliwon (2023),1,komentar
user_4a2a4cd9a6c8,FILM::Suzzanna: Malam Jumat Kliwon (2023),1,komentar
user_4a9975cc08be,FILM::Suzzanna: Malam Jumat Kliwon (2023),1,komentar
user_4add833f2d78,FILM::Suzzanna: Malam Jumat Kliwon (2023),1,komentar
user_4b23749173dc,FILM::Suzzanna: Malam Jumat Kliwon (2023),1,komentar
user_4b47455fb147,FILM::Suzzanna: Malam Jumat Kliwon (2023),2,komentar
user_4bb4be3f3ab2,FILM::Suzzanna: Malam Jumat Kliwon (2023),1,komentar
user_4bb644092652,FILM::Suzzanna: Malam Jumat Kliwon (2023),1,komentar
user_4c2cccc3fe1a,FILM::Suzzanna: Malam Jumat Kliwon (2023),1,komentar
user_4c39dfc963b0,FILM::Suzzanna: Malam Jumat Kliwon (2023),1,komentar
user_4c6afe6aa983,FILM::Suzzanna: Malam Jumat Kliwon (2023),1,komentar
user_4c83e470828f,FILM::Suzzanna: Malam Jumat Kliwon (2023),1,komentar
user_4cb6ac0fe3ad,FILM::Suzzanna: Malam Jumat Kliwon (2023),1,komentar
user_4ceaed7d711f,FILM::Suzzanna: Malam Jumat Kliwon (2023),1,komentar
user_4d147990fe60,FILM::Suzzanna: Malam Jumat Kliwon (2023),1,komentar
user_4d362c16fe1e,FILM::Suzzanna: Malam Jumat Kliwon (2023),1,komentar
user_4d5a84746ae9,FILM::Suzzanna: Malam Jumat Kliwon (2023),1,komentar
user_4d6f5be562ea,FILM::Suzzanna: Malam Jumat Kliwon (2023),1,komentar
user_4d8e1646aa14,FILM::Suzzanna: Malam Jumat Kliwon (2023),1,komentar
user_4dc450356115,FILM::Suzzanna: Malam Jumat Kliwon (2023),1,komentar
user_4dd1edd8f99f,FILM::Suzzanna: Malam Jumat Kliwon (2023),1,komentar
user_4e03f52feaa2,FILM::Suzzanna: Malam Jumat Kliwon (2023),1,komentar
user_4e14b185c23e,FILM::Suzzanna: Malam Jumat Kliwon (2023),1,komentar
user_4e24c566ba4c,FILM::Suzzanna: Malam Jumat Kliwon (2023),1,komentar
user_4e941f8f334c,FILM::Suzzanna: Malam Jumat Kliwon (2023),1,komentar
user_4eaac6bd3ddc,FILM::Suzzanna: Malam Jumat Kliwon (2023),1,komentar
user_4ef3a03f9c0e,FILM::Suzzanna: Malam Jumat Kliwon (2023),1,komentar
user_4f0099c330e9,FILM::Suzzanna: Malam Jumat Kliwon (2023),1,komentar
user_4f5e81007c88,FILM::Suzzanna: Malam Jumat Kliwon (2023),1,komentar
user_4ff78499c625,FILM::Suzzanna: Malam Jumat Kliwon (2023),1,komentar
user_5024e191f4c0,FILM::Suzzanna: Malam Jumat Kliwon (2023),1,komentar
user_503787ebc533,FILM::Suzzanna: Malam Jumat Kliwon (2023),1,komentar
user_5044f7ec04bd,FILM::Suzzanna: Malam Jumat Kliwon (2023),1,komentar
user_50a483b25b43,FILM::Suzzanna: Malam Jumat Kliwon (2023),2,komentar
user_50b761e44a5b,FILM::Suzzanna: Malam Jumat Kliwon (2023),1,komentar
user_50da81a82343,FILM::Suzzanna: Malam Jumat Kliwon (2023),1,komentar
user_511c2d7403e6,FILM::Suzzanna: Malam Jumat Kliwon (2023),1,komentar
user_511f7593525e,FILM::Suzzanna: Malam Jumat Kliwon (2023),1,komentar
user_515aae807b72,FILM::Suzzanna: Malam Jumat Kliwon (2023),1,komentar
user_516b7a3580c6,FILM::Suzzanna: Malam Jumat Kliwon (2023),1,komentar
user_516daa85eaa4,FILM::Suzzanna: Malam Jumat Kliwon (2023),1,komentar
user_51f897f7b663,FILM::Suzzanna: Malam Jumat Kliwon (2023),1,komentar
user_520f0ff60cfb,FILM::Suzzanna: Malam Jumat Kliwon (2023),1,komentar
user_525a706d9c73,FILM::Suzzanna: Malam Jumat Kliwon (2023),1,komentar
user_527be731f0f2,FILM::Suzzanna: Malam Jumat Kliwon (2023),1,komentar
user_5294bb31f40a,FILM::Suzzanna: Malam Jumat Kliwon (2023),1,komentar
user_529655c66449,FILM::Suzzanna: Malam Jumat Kliwon (2023),1,komentar
user_52ab906fe9c9,FILM::Suzzanna: Malam Jumat Kliwon (2023),1,komentar
user_52d689e243cc,FILM::Suzzanna: Malam Jumat Kliwon (2023),2,komentar
user_53137686afd7,FILM::Suzzanna: Malam Jumat Kliwon (2023),1,komentar
user_5336150dde92,FILM::Suzzanna: Malam Jumat Kliwon (2023),1,komentar
user_53a2b2d54140,FILM::Suzzanna: Malam Jumat Kliwon (2023),1,komentar
user_53ed6603438f,FILM::Suzzanna: Malam Jumat Kliwon (2023),1,komentar
user_54185b5ef59b,FILM::Suzzanna: Malam Jumat Kliwon (2023),1,komentar
user_546133a19ccc,FILM::Suzzanna: Malam Jumat Kliwon (2023),1,komentar
user_5476a923ad93,FILM::Suzzanna: Malam Jumat Kliwon (2023),1,komentar
user_54eab1924829,FILM::Suzzanna: Malam Jumat Kliwon (2023),1,komentar
user_551407f5558b,FILM::Suzzanna: Malam Jumat Kliwon (2023),1,komentar
user_552dca41b90b,FILM::Suzzanna: Malam Jumat Kliwon (2023),1,komentar
user_552dd356a1eb,FILM::Suzzanna: Malam Jumat Kliwon (2023),1,komentar
user_554624c4cc39,FILM::Suzzanna: Malam Jumat Kliwon (2023),1,komentar
user_555bb6e18464,FILM::Suzzanna: Malam Jumat Kliwon (2023),1,komentar
user_55619a866652,FILM::Suzzanna: Malam Jumat Kliwon (2023),2,komentar
user_5575d59b9501,FILM::Suzzanna: Malam Jumat Kliwon (2023),1,komentar
user_55800daf8a69,FILM::Suzzanna: Malam Jumat Kliwon (2023),1,komentar
user_5598ec91484f,FILM::Suzzanna: Malam Jumat Kliwon (2023),1,komentar
user_55c347891767,FILM::Suzzanna: Malam Jumat Kliwon (2023),1,komentar
user_5604bada09d3,FILM::Suzzanna: Malam Jumat Kliwon (2023),1,komentar
user_56937325937c,FILM::Suzzanna: Malam Jumat Kliwon (2023),1,komentar
user_56cbf18dff24,FILM::Suzzanna: Malam Jumat Kliwon (2023),1,komentar
user_56cfd83e4781,FILM::Suzzanna: Malam Jumat Kliwon (2023),1,komentar
user_56da14e56ca4,FILM::Suzzanna: Malam Jumat Kliwon (2023),1,komentar
user_56f5ee69e40e,FILM::Suzzanna: Malam Jumat Kliwon (2023),1,komentar
user_570c4125451b,FILM::Suzzanna: Malam Jumat Kliwon (2023),1,komentar
user_57218c6d0ff7,FILM::Suzzanna: Malam Jumat Kliwon (2023),1,komentar
user_574dc29a276b,FILM::Suzzanna: Malam Jumat Kliwon (2023),1,komentar
user_57bf50f10738,FILM::Suzzanna: Malam Jumat Kliwon (2023),1,komentar
user_57e93adbb5f4,FILM::Suzzanna: Malam Jumat Kliwon (2023),1,komentar
user_5809fbf2ddfe,FILM::Suzzanna: Malam Jumat Kliwon (2023),1,komentar
user_58860419d6c6,FILM::Suzzanna: Malam Jumat Kliwon (2023),1,komentar
user_58c92e163751,FILM::Suzzanna: Malam Jumat Kliwon (2023),1,komentar
user_58cc737de5f1,FILM::Suzzanna: Malam Jumat Kliwon (2023),1,komentar
user_58d2bb85d64a,FILM::Suzzanna: Malam Jumat Kliwon (2023),1,komentar
user_58df1b65c72d,FILM::Suzzanna: Malam Jumat Kliwon (2023),1,komentar
user_58e9c6251d31,FILM::Suzzanna: Malam Jumat Kliwon (2023),1,komentar
user_58f570bab92c,FILM::Suzzanna: Malam Jumat Kliwon (2023),1,komentar
user_593542003874,FILM::Suzzanna: Malam Jumat Kliwon (2023),2,komentar
user_59429a82f0b8,FILM::Suzzanna: Malam Jumat Kliwon (2023),1,komentar
user_5954a130ff18,FILM::Suzzanna: Malam Jumat Kliwon (2023),1,komentar
user_5967081609ad,FILM::Suzzanna: Malam Jumat Kliwon (2023),1,komentar
user_59b2165c4335,FILM::Suzzanna: Malam Jumat Kliwon (2023),1,komentar
user_5a01d49784eb,FILM::Suzzanna: Malam Jumat Kliwon (2023),1,komentar
user_5a0768f45c7d,FILM::Suzzanna: Malam Jumat Kliwon (2023),1,komentar
user_5a1bf75719f5,FILM::Suzzanna: Malam Jumat Kliwon (2023),1,komentar
user_5a3e7ee46d99,FILM::Suzzanna: Malam Jumat Kliwon (2023),1,komentar
user_5a4f637f5559,FILM::Suzzanna: Malam Jumat Kliwon (2023),1,komentar
user_5a76176f2875,FILM::Suzzanna: Malam Jumat Kliwon (2023),1,komentar
user_5a82756c01af,FILM::Suzzanna: Malam Jumat Kliwon (2023),1,komentar
user_5adeb746a25f,FILM::Suzzanna: Malam Jumat Kliwon (2023),1,komentar
user_5b3e8f3e05d3,FILM::Suzzanna: Malam Jumat Kliwon (2023),1,komentar
user_5b678f917160,FILM::Suzzanna: Malam Jumat Kliwon (2023),1,komentar
user_5b8b0615d44c,FILM::Suzzanna: Malam Jumat Kliwon (2023),1,komentar
user_5ba93fcca4fc,FILM::Suzzanna: Malam Jumat Kliwon (2023),1,komentar
user_5bad942a84b8,FILM::Suzzanna: Malam Jumat Kliwon (2023),2,komentar
user_5be591b0adcc,FILM::Suzzanna: Malam Jumat Kliwon (2023),1,komentar
user_5bffd583ab31,FILM::Suzzanna: Malam Jumat Kliwon (2023),1,komentar
user_5c0e5a1f1373,FILM::Suzzanna: Malam Jumat Kliwon (2023),2,komentar
user_5c38b5c42de4,FILM::Suzzanna: Malam Jumat Kliwon (2023),1,komentar
user_5c46fe5fa05d,FILM::Suzzanna: Malam Jumat Kliwon (2023),1,komentar
user_5c5018af6f7c,FILM::Suzzanna: Malam Jumat Kliwon (2023),1,komentar
user_5ce36767c99a,FILM::Suzzanna: Malam Jumat Kliwon (2023),1,komentar
user_5cf06351c55c,FILM::Suzzanna: Malam Jumat Kliwon (2023),1,komentar
user_5d580d03b115,FILM::Suzzanna: Malam Jumat Kliwon (2023),1,komentar
user_5d9cd2ab55a7,FILM::Suzzanna: Malam Jumat Kliwon (2023),2,komentar
user_5dd76a4b2a49,FILM::Suzzanna: Malam Jumat Kliwon (2023),1,komentar
user_5de65d867815,FILM::Suzzanna: Malam Jumat Kliwon (2023),6,komentar
user_5dfa170e3cd1,FILM::Suzzanna: Malam Jumat Kliwon (2023),1,komentar
user_5e026981597a,FILM::Suzzanna: Malam Jumat Kliwon (2023),1,komentar
user_5e1f34f2fd79,FILM::Suzzanna: Malam Jumat Kliwon (2023),1,komentar
user_5e669cb6ba6f,FILM::Suzzanna: Malam Jumat Kliwon (2023),1,komentar
user_5eab26dfc1a3,FILM::Suzzanna: Malam Jumat Kliwon (2023),2,komentar
user_5eb6745b8671,FILM::Suzzanna: Malam Jumat Kliwon (2023),1,komentar
user_5ef4ba421224,FILM::Suzzanna: Malam Jumat Kliwon (2023),1,komentar
user_5f240cea611e,FILM::Suzzanna: Malam Jumat Kliwon (2023),1,komentar
user_5f4f077e505f,FILM::Suzzanna: Malam Jumat Kliwon (2023),1,komentar
user_5f703440475b,FILM::Suzzanna: Malam Jumat Kliwon (2023),1,komentar
user_5f83b941909e,FILM::Suzzanna: Malam Jumat Kliwon (2023),1,komentar
user_5f8545e9c3f1,FILM::Suzzanna: Malam Jumat Kliwon (2023),1,komentar
user_60e7ea23167d,FILM::Suzzanna: Malam Jumat Kliwon (2023),1,komentar
user_60f035fa6eee,FILM::Suzzanna: Malam Jumat Kliwon (2023),1,komentar
user_60f34ffd393f,FILM::Suzzanna: Malam Jumat Kliwon (2023),1,komentar
user_61088ec28c41,FILM::Suzzanna: Malam Jumat Kliwon (2023),1,komentar
user_61190aaeff29,FILM::Suzzanna: Malam Jumat Kliwon (2023),1,komentar
user_61364ff9f743,FILM::Suzzanna: Malam Jumat Kliwon (2023),1,komentar
user_6197839d8034,FILM::Suzzanna: Malam Jumat Kliwon (2023),1,komentar
user_619eeeaf2d67,FILM::Suzzanna: Malam Jumat Kliwon (2023),1,komentar
user_61dcd460d899,FILM::Suzzanna: Malam Jumat Kliwon (2023),1,komentar
user_61e90a3d2b0b,FILM::Suzzanna: Malam Jumat Kliwon (2023),1,komentar
user_62200ab286e5,FILM::Suzzanna: Malam Jumat Kliwon (2023),3,komentar
user_6238791a5ebe,FILM::Suzzanna: Malam Jumat Kliwon (2023),1,komentar
user_625bc936b8c0,FILM::Suzzanna: Malam Jumat Kliwon (2023),1,komentar
user_627bf48b9bc2,FILM::Suzzanna: Malam Jumat Kliwon (2023),2,komentar
user_628b85b08181,FILM::Suzzanna: Malam Jumat Kliwon (2023),1,komentar
user_62a3052a4a77,FILM::Suzzanna: Malam Jumat Kliwon (2023),1,komentar
user_62ee83b68d3a,FILM::Suzzanna: Malam Jumat Kliwon (2023),1,komentar
user_62f56d1b7c6d,FILM::Suzzanna: Malam Jumat Kliwon (2023),2,komentar
user_62fec1d3fddb,FILM::Suzzanna: Malam Jumat Kliwon (2023),1,komentar
user_6307b86f7f46,FILM::Suzzanna: Malam Jumat Kliwon (2023),1,komentar
user_631678bc34ff,FILM::Suzzanna: Malam Jumat Kliwon (2023),1,komentar
user_634dc52fa582,FILM::Suzzanna: Malam Jumat Kliwon (2023),1,komentar
user_636217e0e79a,FILM::Suzzanna: Malam Jumat Kliwon (2023),1,komentar
user_6378472002cf,FILM::Suzzanna: Malam Jumat Kliwon (2023),1,komentar
user_63aa91d9d2ff,FILM::Suzzanna: Malam Jumat Kliwon (2023),1,komentar
user_63bcde4c93d7,FILM::Suzzanna: Malam Jumat Kliwon (2023),2,komentar
user_63e16bb2cf84,FILM::Suzzanna: Malam Jumat Kliwon (2023),7,komentar
user_63e3f0982c65,FILM::Suzzanna: Malam Jumat Kliwon (2023),1,komentar
user_641c475a040b,FILM::Suzzanna: Malam Jumat Kliwon (2023),1,komentar
user_64389944dfd7,FILM::Suzzanna: Malam Jumat Kliwon (2023),1,komentar
user_6475fcd303e8,FILM::Suzzanna: Malam Jumat Kliwon (2023),1,komentar
user_6497acbbed70,FILM::Suzzanna: Malam Jumat Kliwon (2023),1,komentar
user_64c74c0b4ff0,FILM::Suzzanna: Malam Jumat Kliwon (2023),1,komentar
user_64f9e8d42433,FILM::Suzzanna: Malam Jumat Kliwon (2023),1,komentar
user_65209d50a3e7,FILM::Suzzanna: Malam Jumat Kliwon (2023),1,komentar
user_65247943a813,FILM::Suzzanna: Malam Jumat Kliwon (2023),1,komentar
user_653962f942af,FILM::Suzzanna: Malam Jumat Kliwon (2023),1,komentar
user_656f883c9f7f,FILM::Suzzanna: Malam Jumat Kliwon (2023),2,komentar
user_6578329ddd76,FILM::Suzzanna: Malam Jumat Kliwon (2023),1,komentar
user_659bf8074b7d,FILM::Suzzanna: Malam Jumat Kliwon (2023),2,komentar
user_65fc46d7417b,FILM::Suzzanna: Malam Jumat Kliwon (2023),1,komentar
user_663ff6ea4ec1,FILM::Suzzanna: Malam Jumat Kliwon (2023),1,komentar
user_66949c68c658,FILM::Suzzanna: Malam Jumat Kliwon (2023),1,komentar
user_66cedcd90d82,FILM::Suzzanna: Malam Jumat Kliwon (2023),1,komentar
user_6709cd75d1a6,FILM::Suzzanna: Malam Jumat Kliwon (2023),1,komentar
user_67878228eefc,FILM::Suzzanna: Malam Jumat Kliwon (2023),1,komentar
user_67924e873de8,FILM::Suzzanna: Malam Jumat Kliwon (2023),1,komentar
user_67b62b99d716,FILM::Suzzanna: Malam Jumat Kliwon (2023),1,komentar
user_67bef43da774,FILM::Suzzanna: Malam Jumat Kliwon (2023),1,komentar
user_684d20d2fce9,FILM::Suzzanna: Malam Jumat Kliwon (2023),1,komentar
user_6867f2d8ec79,FILM::Suzzanna: Malam Jumat Kliwon (2023),1,komentar
user_68aaa63b7882,FILM::Suzzanna: Malam Jumat Kliwon (2023),2,komentar
user_68fa3448bd71,FILM::Suzzanna: Malam Jumat Kliwon (2023),1,komentar
user_6941313d47a2,FILM::Suzzanna: Malam Jumat Kliwon (2023),1,komentar
user_6963402ff88c,FILM::Suzzanna: Malam Jumat Kliwon (2023),1,komentar
user_6987e386eb35,FILM::Suzzanna: Malam Jumat Kliwon (2023),1,komentar
user_6993a8b94fea,FILM::Suzzanna: Malam Jumat Kliwon (2023),1,komentar
user_69984f42a6b4,FILM::Suzzanna: Malam Jumat Kliwon (2023),1,komentar
user_69b013f3779e,FILM::Suzzanna: Malam Jumat Kliwon (2023),1,komentar
user_69f5c190ad24,FILM::Suzzanna: Malam Jumat Kliwon (2023),2,komentar
user_69f94889d4bf,FILM::Suzzanna: Malam Jumat Kliwon (2023),1,komentar
user_69ff57692225,FILM::Suzzanna: Malam Jumat Kliwon (2023),1,komentar
user_6a2112758bad,FILM::Suzzanna: Malam Jumat Kliwon (2023),1,komentar
user_6a218a44110b,FILM::Suzzanna: Malam Jumat Kliwon (2023),2,komentar
user_6a505666199b,FILM::Suzzanna: Malam Jumat Kliwon (2023),1,komentar
user_6a86f3f009c9,FILM::Suzzanna: Malam Jumat Kliwon (2023),1,komentar
user_6aa188b06b2f,FILM::Suzzanna: Malam Jumat Kliwon (2023),1,komentar
user_6aa6121a5a75,FILM::Suzzanna: Malam Jumat Kliwon (2023),1,komentar
user_6ab1326d046c,FILM::Suzzanna: Malam Jumat Kliwon (2023),1,komentar
user_6ab90134c2db,FILM::Suzzanna: Malam Jumat Kliwon (2023),1,komentar
user_6b158a9ada15,FILM::Suzzanna: Malam Jumat Kliwon (2023),3,komentar
user_6b4feea733d7,FILM::Suzzanna: Malam Jumat Kliwon (2023),1,komentar
user_6bd6d7487512,FILM::Suzzanna: Malam Jumat Kliwon (2023),1,komentar
user_6bfbeca0a229,FILM::Suzzanna: Malam Jumat Kliwon (2023),1,komentar
user_6c6af07e5845,FILM::Suzzanna: Malam Jumat Kliwon (2023),1,komentar
user_6c8b2c641fb5,FILM::Suzzanna: Malam Jumat Kliwon (2023),2,komentar
user_6cee71a2af60,FILM::Suzzanna: Malam Jumat Kliwon (2023),2,komentar
user_6d188133760f,FILM::Suzzanna: Malam Jumat Kliwon (2023),1,komentar
user_6d31dd73e912,FILM::Suzzanna: Malam Jumat Kliwon (2023),1,komentar
user_6d47a4321768,FILM::Suzzanna: Malam Jumat Kliwon (2023),1,komentar
user_6d5080b69801,FILM::Suzzanna: Malam Jumat Kliwon (2023),1,komentar
user_6d5c8522442b,FILM::Suzzanna: Malam Jumat Kliwon (2023),1,komentar
user_6d69fdf3b455,FILM::Suzzanna: Malam Jumat Kliwon (2023),1,komentar
user_6db45dae772e,FILM::Suzzanna: Malam Jumat Kliwon (2023),1,komentar
user_6df1a1e38f7a,FILM::Suzzanna: Malam Jumat Kliwon (2023),1,komentar
user_6e0314f52ac8,FILM::Suzzanna: Malam Jumat Kliwon (2023),1,komentar
user_6e1d342e1fa6,FILM::Suzzanna: Malam Jumat Kliwon (2023),1,komentar
user_6e34209d6b61,FILM::Suzzanna: Malam Jumat Kliwon (2023),1,komentar
user_6e7b94606dcc,FILM::Suzzanna: Malam Jumat Kliwon (2023),1,komentar
user_6ea2ea1545cc,FILM::Suzzanna: Malam Jumat Kliwon (2023),24,komentar
user_6f2f0517b32f,FILM::Suzzanna: Malam Jumat Kliwon (2023),2,komentar
user_6f77e5e8d36d,FILM::Suzzanna: Malam Jumat Kliwon (2023),1,komentar
user_6feb9eab5a10,FILM::Suzzanna: Malam Jumat Kliwon (2023),1,komentar
user_7019d86de109,FILM::Suzzanna: Malam Jumat Kliwon (2023),1,komentar
user_706264abdc9d,FILM::Suzzanna: Malam Jumat Kliwon (2023),1,komentar
user_70b4aaeff7c0,FILM::Suzzanna: Malam Jumat Kliwon (2023),1,komentar
user_70ecfd8f7a4a,FILM::Suzzanna: Malam Jumat Kliwon (2023),1,komentar
user_70f4f8e5098a,FILM::Suzzanna: Malam Jumat Kliwon (2023),1,komentar
user_710fe2fd95c2,FILM::Suzzanna: Malam Jumat Kliwon (2023),1,komentar
user_71232cecb0c8,FILM::Suzzanna: Malam Jumat Kliwon (2023),1,komentar
user_712f2ecdd1b7,FILM::Suzzanna: Malam Jumat Kliwon (2023),1,komentar
user_71796757e287,FILM::Suzzanna: Malam Jumat Kliwon (2023),1,komentar
user_7182ed25f44d,FILM::Suzzanna: Malam Jumat Kliwon (2023),1,komentar
user_718d377d330b,FILM::Suzzanna: Malam Jumat Kliwon (2023),1,komentar
user_7191be743e7c,FILM::Suzzanna: Malam Jumat Kliwon (2023),1,komentar
user_71c4a960f2ac,FILM::Suzzanna: Malam Jumat Kliwon (2023),1,komentar
user_720af4e8194a,FILM::Suzzanna: Malam Jumat Kliwon (2023),1,komentar
user_721b339a3165,FILM::Suzzanna: Malam Jumat Kliwon (2023),1,komentar
user_72cd75d0f3e5,FILM::Suzzanna: Malam Jumat Kliwon (2023),1,komentar
user_72cdcdbbacb4,FILM::Suzzanna: Malam Jumat Kliwon (2023),1,komentar
user_72e214550327,FILM::Suzzanna: Malam Jumat Kliwon (2023),1,komentar
user_72efc2254b12,FILM::Suzzanna: Malam Jumat Kliwon (2023),1,komentar
user_73046c1ad254,FILM::Suzzanna: Malam Jumat Kliwon (2023),1,komentar
user_731b820e2110,FILM::Suzzanna: Malam Jumat Kliwon (2023),1,komentar
user_731f3b28fe3c,FILM::Suzzanna: Malam Jumat Kliwon (2023),2,komentar
user_734f9d3bf91e,FILM::Suzzanna: Malam Jumat Kliwon (2023),1,komentar
user_735ce6edadd6,FILM::Suzzanna: Malam Jumat Kliwon (2023),1,komentar
user_73a7884c28c3,FILM::Suzzanna: Malam Jumat Kliwon (2023),1,komentar
user_73b7b755f68c,FILM::Suzzanna: Malam Jumat Kliwon (2023),1,komentar
user_73b8088df934,FILM::Suzzanna: Malam Jumat Kliwon (2023),1,komentar
user_741f312cb6c9,FILM::Suzzanna: Malam Jumat Kliwon (2023),1,komentar
user_7455774943f9,FILM::Suzzanna: Malam Jumat Kliwon (2023),1,komentar
user_7458491c2638,FILM::Suzzanna: Malam Jumat Kliwon (2023),1,komentar
user_747cc88feeff,FILM::Suzzanna: Malam Jumat Kliwon (2023),1,komentar
user_749d0b425c39,FILM::Suzzanna: Malam Jumat Kliwon (2023),1,komentar
user_74a4619671b6,FILM::Suzzanna: Malam Jumat Kliwon (2023),1,komentar
user_74c0405f6260,FILM::Suzzanna: Malam Jumat Kliwon (2023),1,komentar
user_74c304f400e8,FILM::Suzzanna: Malam Jumat Kliwon (2023),1,komentar
user_74c7d50aaddc,FILM::Suzzanna: Malam Jumat Kliwon (2023),1,komentar
user_74cb64fb55fd,FILM::Suzzanna: Malam Jumat Kliwon (2023),2,komentar
user_7504cd929417,FILM::Suzzanna: Malam Jumat Kliwon (2023),2,komentar
user_750d2fa53a38,FILM::Suzzanna: Malam Jumat Kliwon (2023),1,komentar
user_750e3d9b343d,FILM::Suzzanna: Malam Jumat Kliwon (2023),1,komentar
user_757f0af732dc,FILM::Suzzanna: Malam Jumat Kliwon (2023),1,komentar
user_75dfd16078e3,FILM::Suzzanna: Malam Jumat Kliwon (2023),1,komentar
user_762c3269b8ee,FILM::Suzzanna: Malam Jumat Kliwon (2023),1,komentar
user_762ecb984c65,FILM::Suzzanna: Malam Jumat Kliwon (2023),1,komentar
user_764e33a1cff2,FILM::Suzzanna: Malam Jumat Kliwon (2023),1,komentar
user_76515f64380b,FILM::Suzzanna: Malam Jumat Kliwon (2023),1,komentar
user_76b6abe6e580,FILM::Suzzanna: Malam Jumat Kliwon (2023),1,komentar
user_772593a92c12,FILM::Suzzanna: Malam Jumat Kliwon (2023),1,komentar
user_77487729f27d,FILM::Suzzanna: Malam Jumat Kliwon (2023),1,komentar
user_775d69441424,FILM::Suzzanna: Malam Jumat Kliwon (2023),1,komentar
user_7760edf33325,FILM::Suzzanna: Malam Jumat Kliwon (2023),1,komentar
user_777effe1bbd3,FILM::Suzzanna: Malam Jumat Kliwon (2023),2,komentar
user_77e20d2a568f,FILM::Suzzanna: Malam Jumat Kliwon (2023),1,komentar
user_785976d7dc12,FILM::Suzzanna: Malam Jumat Kliwon (2023),1,komentar
user_789119773381,FILM::Suzzanna: Malam Jumat Kliwon (2023),2,komentar
user_78bb3bf5e951,FILM::Suzzanna: Malam Jumat Kliwon (2023),1,komentar
user_78c1c0fd5391,FILM::Suzzanna: Malam Jumat Kliwon (2023),1,komentar
user_78d361a3594e,FILM::Suzzanna: Malam Jumat Kliwon (2023),1,komentar
user_7934542a4d08,FILM::Suzzanna: Malam Jumat Kliwon (2023),1,komentar
user_7935e603c4b0,FILM::Suzzanna: Malam Jumat Kliwon (2023),1,komentar
user_7953bdf06196,FILM::Suzzanna: Malam Jumat Kliwon (2023),1,komentar
user_799170f7de86,FILM::Suzzanna: Malam Jumat Kliwon (2023),1,komentar
user_7a1b0bdf8e5f,FILM::Suzzanna: Malam Jumat Kliwon (2023),1,komentar
user_7a1e14757e36,FILM::Suzzanna: Malam Jumat Kliwon (2023),1,komentar
user_7a473eaff948,FILM::Suzzanna: Malam Jumat Kliwon (2023),1,komentar
user_7a6e45990520,FILM::Suzzanna: Malam Jumat Kliwon (2023),1,komentar
user_7a83d064eda7,FILM::Suzzanna: Malam Jumat Kliwon (2023),1,komentar
user_7a840ee0f60a,FILM::Suzzanna: Malam Jumat Kliwon (2023),3,komentar
user_7ac0f92fb77b,FILM::Suzzanna: Malam Jumat Kliwon (2023),1,komentar
user_7b0d6690594c,FILM::Suzzanna: Malam Jumat Kliwon (2023),1,komentar
user_7baf2a4d69b4,FILM::Suzzanna: Malam Jumat Kliwon (2023),2,komentar
user_7c0b407ae31a,FILM::Suzzanna: Malam Jumat Kliwon (2023),1,komentar
user_7c5629def01a,FILM::Suzzanna: Malam Jumat Kliwon (2023),1,komentar
user_7d2cc90c982d,FILM::Suzzanna: Malam Jumat Kliwon (2023),1,komentar
user_7d3f365df14e,FILM::Suzzanna: Malam Jumat Kliwon (2023),1,komentar
user_7d74f4ebf4dd,FILM::Suzzanna: Malam Jumat Kliwon (2023),1,komentar
user_7de5493dc57d,FILM::Suzzanna: Malam Jumat Kliwon (2023),1,komentar
user_7edce86410b5,FILM::Suzzanna: Malam Jumat Kliwon (2023),1,komentar
user_7ee2b02550a3,FILM::Suzzanna: Malam Jumat Kliwon (2023),1,komentar
user_7f08a10e8df8,FILM::Suzzanna: Malam Jumat Kliwon (2023),1,komentar
user_7f0d62922004,FILM::Suzzanna: Malam Jumat Kliwon (2023),1,komentar
user_7f0dc165f0a4,FILM::Suzzanna: Malam Jumat Kliwon (2023),1,komentar
user_7f19e9da49ea,FILM::Suzzanna: Malam Jumat Kliwon (2023),1,komentar
user_7f3306f2d7d4,FILM::Suzzanna: Malam Jumat Kliwon (2023),1,komentar
user_7f67b25467f2,FILM::Suzzanna: Malam Jumat Kliwon (2023),1,komentar
user_7f765a6aeff4,FILM::Suzzanna: Malam Jumat Kliwon (2023),6,komentar
user_7f838e1f1e2f,FILM::Suzzanna: Malam Jumat Kliwon (2023),1,komentar
user_7f98dadf1d56,FILM::Suzzanna: Malam Jumat Kliwon (2023),1,komentar
user_80009b762ba7,FILM::Suzzanna: Malam Jumat Kliwon (2023),1,komentar
user_8053a00bf1f3,FILM::Suzzanna: Malam Jumat Kliwon (2023),1,komentar
user_808326b165f3,FILM::Suzzanna: Malam Jumat Kliwon (2023),1,komentar
user_809367073e17,FILM::Suzzanna: Malam Jumat Kliwon (2023),1,komentar
user_80a4ba4be199,FILM::Suzzanna: Malam Jumat Kliwon (2023),1,komentar
user_80ef1f1f8140,FILM::Suzzanna: Malam Jumat Kliwon (2023),1,komentar
user_8113f97d2d1a,FILM::Suzzanna: Malam Jumat Kliwon (2023),1,komentar
user_814dd5d7a342,FILM::Suzzanna: Malam Jumat Kliwon (2023),1,komentar
user_815e7b7a60a7,FILM::Suzzanna: Malam Jumat Kliwon (2023),1,komentar
user_816f1628e7ad,FILM::Suzzanna: Malam Jumat Kliwon (2023),4,komentar
user_818f25d6dbc4,FILM::Suzzanna: Malam Jumat Kliwon (2023),1,komentar
user_821c0a11156c,FILM::Suzzanna: Malam Jumat Kliwon (2023),1,komentar
user_825c070b9aa1,FILM::Suzzanna: Malam Jumat Kliwon (2023),1,komentar
user_826efa49c95b,FILM::Suzzanna: Malam Jumat Kliwon (2023),1,komentar
user_831ed0dd2491,FILM::Suzzanna: Malam Jumat Kliwon (2023),1,komentar
user_83365bea3e0a,FILM::Suzzanna: Malam Jumat Kliwon (2023),1,komentar
user_8349c50f5bc2,FILM::Suzzanna: Malam Jumat Kliwon (2023),1,komentar
user_834f52745e40,FILM::Suzzanna: Malam Jumat Kliwon (2023),4,komentar
user_837ba27b6960,FILM::Suzzanna: Malam Jumat Kliwon (2023),1,komentar
user_83c225e1b452,FILM::Suzzanna: Malam Jumat Kliwon (2023),1,komentar
user_845bf40bace6,FILM::Suzzanna: Malam Jumat Kliwon (2023),11,komentar
user_84974d88ac2f,FILM::Suzzanna: Malam Jumat Kliwon (2023),1,komentar
user_84a06912e88e,FILM::Suzzanna: Malam Jumat Kliwon (2023),1,komentar
user_84a5b9e694c2,FILM::Suzzanna: Malam Jumat Kliwon (2023),1,komentar
user_84b03889723d,FILM::Suzzanna: Malam Jumat Kliwon (2023),1,komentar
user_84b13ae768a7,FILM::Suzzanna: Malam Jumat Kliwon (2023),1,komentar
user_84d8866845b8,FILM::Suzzanna: Malam Jumat Kliwon (2023),1,komentar
user_84f20abde965,FILM::Suzzanna: Malam Jumat Kliwon (2023),1,komentar
user_8504329c1db3,FILM::Suzzanna: Malam Jumat Kliwon (2023),1,komentar
user_853f73abf97b,FILM::Suzzanna: Malam Jumat Kliwon (2023),1,komentar
user_8577e9517106,FILM::Suzzanna: Malam Jumat Kliwon (2023),1,komentar
user_85b34c07f690,FILM::Suzzanna: Malam Jumat Kliwon (2023),1,komentar
user_8707f27e94c5,FILM::Suzzanna: Malam Jumat Kliwon (2023),1,komentar
user_8735ee55821e,FILM::Suzzanna: Malam Jumat Kliwon (2023),1,komentar
user_8747dbd46ac4,FILM::Suzzanna: Malam Jumat Kliwon (2023),1,komentar
user_87b6ea6cedd1,FILM::Suzzanna: Malam Jumat Kliwon (2023),1,komentar
user_87d576388dbd,FILM::Suzzanna: Malam Jumat Kliwon (2023),2,komentar
user_87e8c1669b4e,FILM::Suzzanna: Malam Jumat Kliwon (2023),1,komentar
user_880236578073,FILM::Suzzanna: Malam Jumat Kliwon (2023),1,komentar
user_8854c3ef80a9,FILM::Suzzanna: Malam Jumat Kliwon (2023),1,komentar
user_88601f9700f4,FILM::Suzzanna: Malam Jumat Kliwon (2023),1,komentar
user_88ac835935b2,FILM::Suzzanna: Malam Jumat Kliwon (2023),1,komentar
user_88b89f28d694,FILM::Suzzanna: Malam Jumat Kliwon (2023),1,komentar
user_88ccf7efb03d,FILM::Suzzanna: Malam Jumat Kliwon (2023),1,komentar
user_890bda827474,FILM::Suzzanna: Malam Jumat Kliwon (2023),1,komentar
user_8918d383dd20,FILM::Suzzanna: Malam Jumat Kliwon (2023),1,komentar
user_8926ff776762,FILM::Suzzanna: Malam Jumat Kliwon (2023),1,komentar
user_898e75fbd8be,FILM::Suzzanna: Malam Jumat Kliwon (2023),1,komentar
user_89a2ffbb565f,FILM::Suzzanna: Malam Jumat Kliwon (2023),1,komentar
user_89ab9532d4ff,FILM::Suzzanna: Malam Jumat Kliwon (2023),1,komentar
user_89cc721f8371,FILM::Suzzanna: Malam Jumat Kliwon (2023),1,komentar
user_8a44f0667798,FILM::Suzzanna: Malam Jumat Kliwon (2023),1,komentar
user_8aa258c4c138,FILM::Suzzanna: Malam Jumat Kliwon (2023),1,komentar
user_8af5f4ba8794,FILM::Suzzanna: Malam Jumat Kliwon (2023),1,komentar
user_8b2fa3d2cf37,FILM::Suzzanna: Malam Jumat Kliwon (2023),1,komentar
user_8b4313a281eb,FILM::Suzzanna: Malam Jumat Kliwon (2023),1,komentar
user_8b5ef1f93c10,FILM::Suzzanna: Malam Jumat Kliwon (2023),1,komentar
user_8c278c3f22fb,FILM::Suzzanna: Malam Jumat Kliwon (2023),1,komentar
user_8c30e4503677,FILM::Suzzanna: Malam Jumat Kliwon (2023),1,komentar
user_8c53523b751e,FILM::Suzzanna: Malam Jumat Kliwon (2023),1,komentar
user_8c6c28dc2bad,FILM::Suzzanna: Malam Jumat Kliwon (2023),1,komentar
user_8ca8b6a2d2df,FILM::Suzzanna: Malam Jumat Kliwon (2023),2,komentar
user_8d28152f0b28,FILM::Suzzanna: Malam Jumat Kliwon (2023),2,komentar
user_8d4eb7a5a239,FILM::Suzzanna: Malam Jumat Kliwon (2023),1,komentar
user_8d5de5f415c0,FILM::Suzzanna: Malam Jumat Kliwon (2023),1,komentar
user_8d8c740297ea,FILM::Suzzanna: Malam Jumat Kliwon (2023),1,komentar
user_8dcc50922603,FILM::Suzzanna: Malam Jumat Kliwon (2023),1,komentar
user_8dcd82fdf314,FILM::Suzzanna: Malam Jumat Kliwon (2023),1,komentar
user_8dffdd839876,FILM::Suzzanna: Malam Jumat Kliwon (2023),1,komentar
user_8e259c49705f,FILM::Suzzanna: Malam Jumat Kliwon (2023),1,komentar
user_8e80063ff1c5,FILM::Suzzanna: Malam Jumat Kliwon (2023),1,komentar
user_8e91dd797e0a,FILM::Suzzanna: Malam Jumat Kliwon (2023),1,komentar
user_8e9e7ab60b71,FILM::Suzzanna: Malam Jumat Kliwon (2023),1,komentar
user_8ea4c161a49f,FILM::Suzzanna: Malam Jumat Kliwon (2023),2,komentar
user_8ecb7048c845,FILM::Suzzanna: Malam Jumat Kliwon (2023),1,komentar
user_8ee8b69e57b3,FILM::Suzzanna: Malam Jumat Kliwon (2023),3,komentar
user_8ef6c57454f8,FILM::Suzzanna: Malam Jumat Kliwon (2023),2,komentar
user_8f39e2874d64,FILM::Suzzanna: Malam Jumat Kliwon (2023),2,komentar
user_8f8407dba59d,FILM::Suzzanna: Malam Jumat Kliwon (2023),1,komentar
user_8fd23bc01a59,FILM::Suzzanna: Malam Jumat Kliwon (2023),1,komentar
user_9058b58319c1,FILM::Suzzanna: Malam Jumat Kliwon (2023),1,komentar
user_905fac6b869f,FILM::Suzzanna: Malam Jumat Kliwon (2023),1,komentar
user_90638bc310af,FILM::Suzzanna: Malam Jumat Kliwon (2023),1,komentar
user_9075baba1540,FILM::Suzzanna: Malam Jumat Kliwon (2023),1,komentar
user_908d651c2b82,FILM::Suzzanna: Malam Jumat Kliwon (2023),1,komentar
user_909862512fe8,FILM::Suzzanna: Malam Jumat Kliwon (2023),1,komentar
user_90d1020a9a00,FILM::Suzzanna: Malam Jumat Kliwon (2023),1,komentar
user_90f3d6b5a7d8,FILM::Suzzanna: Malam Jumat Kliwon (2023),1,komentar
user_910feef0f2c9,FILM::Suzzanna: Malam Jumat Kliwon (2023),3,komentar
user_91aee82fa247,FILM::Suzzanna: Malam Jumat Kliwon (2023),1,komentar
user_91fbe4392467,FILM::Suzzanna: Malam Jumat Kliwon (2023),1,komentar
user_922781ab4799,FILM::Suzzanna: Malam Jumat Kliwon (2023),1,komentar
user_9240d0d41e83,FILM::Suzzanna: Malam Jumat Kliwon (2023),1,komentar
user_926072efd4fe,FILM::Suzzanna: Malam Jumat Kliwon (2023),1,komentar
user_92c0ef31eb98,FILM::Suzzanna: Malam Jumat Kliwon (2023),1,komentar
user_92d6c65164e4,FILM::Suzzanna: Malam Jumat Kliwon (2023),1,komentar
user_92e9f61b802d,FILM::Suzzanna: Malam Jumat Kliwon (2023),1,komentar
user_9321afda2afe,FILM::Suzzanna: Malam Jumat Kliwon (2023),1,komentar
user_933f139f2b69,FILM::Suzzanna: Malam Jumat Kliwon (2023),1,komentar
user_9380ac108272,FILM::Suzzanna: Malam Jumat Kliwon (2023),1,komentar
user_93a711c5232d,FILM::Suzzanna: Malam Jumat Kliwon (2023),1,komentar
user_93c7c1a61b2b,FILM::Suzzanna: Malam Jumat Kliwon (2023),1,komentar
user_93ede1562b9e,FILM::Suzzanna: Malam Jumat Kliwon (2023),2,komentar
user_941f3066840a,FILM::Suzzanna: Malam Jumat Kliwon (2023),1,komentar
user_943a2969f697,FILM::Suzzanna: Malam Jumat Kliwon (2023),1,komentar
user_948a15f488db,FILM::Suzzanna: Malam Jumat Kliwon (2023),1,komentar
user_94933d7d9328,FILM::Suzzanna: Malam Jumat Kliwon (2023),1,komentar
user_94dab3c67b34,FILM::Suzzanna: Malam Jumat Kliwon (2023),1,komentar
user_94e62a996c31,FILM::Suzzanna: Malam Jumat Kliwon (2023),1,komentar
user_9500217cb24e,FILM::Suzzanna: Malam Jumat Kliwon (2023),1,komentar
user_95063f0e527d,FILM::Suzzanna: Malam Jumat Kliwon (2023),1,komentar
user_9511d2212ee9,FILM::Suzzanna: Malam Jumat Kliwon (2023),1,komentar
user_951bd2ab4dda,FILM::Suzzanna: Malam Jumat Kliwon (2023),1,komentar
user_9545e42a286d,FILM::Suzzanna: Malam Jumat Kliwon (2023),1,komentar
user_956afd9281a5,FILM::Suzzanna: Malam Jumat Kliwon (2023),2,komentar
user_9593782e1f5a,FILM::Suzzanna: Malam Jumat Kliwon (2023),1,komentar
user_95bb8d4b8d76,FILM::Suzzanna: Malam Jumat Kliwon (2023),1,komentar
user_95e6bc8aa533,FILM::Suzzanna: Malam Jumat Kliwon (2023),1,komentar
user_966d597299e5,FILM::Suzzanna: Malam Jumat Kliwon (2023),1,komentar
user_9695ef3e4ae5,FILM::Suzzanna: Malam Jumat Kliwon (2023),1,komentar
user_96c5844c24e3,FILM::Suzzanna: Malam Jumat Kliwon (2023),1,komentar
user_96e32e9c5437,FILM::Suzzanna: Malam Jumat Kliwon (2023),1,komentar
user_97245908f9ee,FILM::Suzzanna: Malam Jumat Kliwon (2023),1,komentar
user_979f720a0c23,FILM::Suzzanna: Malam Jumat Kliwon (2023),1,komentar
user_97a534691a2b,FILM::Suzzanna: Malam Jumat Kliwon (2023),1,komentar
user_97a8a2237b50,FILM::Suzzanna: Malam Jumat Kliwon (2023),1,komentar
user_97f6ba611988,FILM::Suzzanna: Malam Jumat Kliwon (2023),1,komentar
user_98085710ca62,FILM::Suzzanna: Malam Jumat Kliwon (2023),1,komentar
user_981de6eebca3,FILM::Suzzanna: Malam Jumat Kliwon (2023),1,komentar
user_982b04c9775b,FILM::Suzzanna: Malam Jumat Kliwon (2023),4,komentar
user_9846b7ff618d,FILM::Suzzanna: Malam Jumat Kliwon (2023),1,komentar
user_985ac4c3edd5,FILM::Suzzanna: Malam Jumat Kliwon (2023),1,komentar
user_989d2a7b441f,FILM::Suzzanna: Malam Jumat Kliwon (2023),2,komentar
user_98e31f5d69bf,FILM::Suzzanna: Malam Jumat Kliwon (2023),1,komentar
user_98ff1fce08ea,FILM::Suzzanna: Malam Jumat Kliwon (2023),1,komentar
user_99088bbc2172,FILM::Suzzanna: Malam Jumat Kliwon (2023),1,komentar
user_990e67762beb,FILM::Suzzanna: Malam Jumat Kliwon (2023),2,komentar
user_9942c41816d3,FILM::Suzzanna: Malam Jumat Kliwon (2023),1,komentar
user_997e1e63b836,FILM::Suzzanna: Malam Jumat Kliwon (2023),1,komentar
user_99945887be59,FILM::Suzzanna: Malam Jumat Kliwon (2023),1,komentar
user_99c42674b34d,FILM::Suzzanna: Malam Jumat Kliwon (2023),1,komentar
user_99cc47d37428,FILM::Suzzanna: Malam Jumat Kliwon (2023),1,komentar
user_9a15c7c52bc8,FILM::Suzzanna: Malam Jumat Kliwon (2023),1,komentar
user_9ab8fe4628c3,FILM::Suzzanna: Malam Jumat Kliwon (2023),2,komentar
user_9afa285d56e7,FILM::Suzzanna: Malam Jumat Kliwon (2023),1,komentar
user_9b3d8ab7f77e,FILM::Suzzanna: Malam Jumat Kliwon (2023),1,komentar
user_9b460462ac37,FILM::Suzzanna: Malam Jumat Kliwon (2023),1,komentar
user_9bc607603055,FILM::Suzzanna: Malam Jumat Kliwon (2023),1,komentar
user_9c0ee5184037,FILM::Suzzanna: Malam Jumat Kliwon (2023),1,komentar
user_9c3db5371075,FILM::Suzzanna: Malam Jumat Kliwon (2023),1,komentar
user_9cb2b7dbc6c8,FILM::Suzzanna: Malam Jumat Kliwon (2023),1,komentar
user_9ce60fa066fd,FILM::Suzzanna: Malam Jumat Kliwon (2023),1,komentar
user_9d01c0dd1a12,FILM::Suzzanna: Malam Jumat Kliwon (2023),1,komentar
user_9d2b02ad70bb,FILM::Suzzanna: Malam Jumat Kliwon (2023),1,komentar
user_9d301dbc9b81,FILM::Suzzanna: Malam Jumat Kliwon (2023),1,komentar
user_9d7747734295,FILM::Suzzanna: Malam Jumat Kliwon (2023),1,komentar
user_9df4038dbf7b,FILM::Suzzanna: Malam Jumat Kliwon (2023),1,komentar
user_9e3d17847c56,FILM::Suzzanna: Malam Jumat Kliwon (2023),1,komentar
user_9e6539f056d9,FILM::Suzzanna: Malam Jumat Kliwon (2023),1,komentar
user_9e7ddf9cde25,FILM::Suzzanna: Malam Jumat Kliwon (2023),2,komentar
user_9f0c58ef8853,FILM::Suzzanna: Malam Jumat Kliwon (2023),1,komentar
user_9f285ee7b23c,FILM::Suzzanna: Malam Jumat Kliwon (2023),1,komentar
user_9f4a2ce8fd49,FILM::Suzzanna: Malam Jumat Kliwon (2023),1,komentar
user_9f5e06c5b0ea,FILM::Suzzanna: Malam Jumat Kliwon (2023),1,komentar
user_9f9d9b381b3b,FILM::Suzzanna: Malam Jumat Kliwon (2023),1,komentar
user_9fbbf471331d,FILM::Suzzanna: Malam Jumat Kliwon (2023),1,komentar
user_9fee0fed1907,FILM::Suzzanna: Malam Jumat Kliwon (2023),3,komentar
user_a011f57443a1,FILM::Suzzanna: Malam Jumat Kliwon (2023),1,komentar
user_a01f107c6ff6,FILM::Suzzanna: Malam Jumat Kliwon (2023),1,komentar
user_a023d5611677,FILM::Suzzanna: Malam Jumat Kliwon (2023),1,komentar
user_a023e6480b1a,FILM::Suzzanna: Malam Jumat Kliwon (2023),1,komentar
user_a09d1c22f059,FILM::Suzzanna: Malam Jumat Kliwon (2023),1,komentar
user_a0b37caf06c8,FILM::Suzzanna: Malam Jumat Kliwon (2023),1,komentar
user_a0ca20a11c6c,FILM::Suzzanna: Malam Jumat Kliwon (2023),1,komentar
user_a0cd1f8f5d96,FILM::Suzzanna: Malam Jumat Kliwon (2023),1,komentar
user_a0d5ff3bf7ed,FILM::Suzzanna: Malam Jumat Kliwon (2023),1,komentar
user_a10e943adc12,FILM::Suzzanna: Malam Jumat Kliwon (2023),2,komentar
user_a13ae3c3bafc,FILM::Suzzanna: Malam Jumat Kliwon (2023),1,komentar
user_a1697e385f83,FILM::Suzzanna: Malam Jumat Kliwon (2023),2,komentar
user_a23ac2fcdf3d,FILM::Suzzanna: Malam Jumat Kliwon (2023),1,komentar
user_a25aff60929b,FILM::Suzzanna: Malam Jumat Kliwon (2023),1,komentar
user_a2a46244c10f,FILM::Suzzanna: Malam Jumat Kliwon (2023),1,komentar
user_a2c66e97679d,FILM::Suzzanna: Malam Jumat Kliwon (2023),1,komentar
user_a2e656953ff3,FILM::Suzzanna: Malam Jumat Kliwon (2023),1,komentar
user_a2f13bc5d221,FILM::Suzzanna: Malam Jumat Kliwon (2023),1,komentar
user_a318152dfd65,FILM::Suzzanna: Malam Jumat Kliwon (2023),1,komentar
user_a32fdcdb77f1,FILM::Suzzanna: Malam Jumat Kliwon (2023),1,komentar
user_a36100e14d69,FILM::Suzzanna: Malam Jumat Kliwon (2023),1,komentar
user_a38df6713a08,FILM::Suzzanna: Malam Jumat Kliwon (2023),1,komentar
user_a3ddf02979bf,FILM::Suzzanna: Malam Jumat Kliwon (2023),1,komentar
user_a3f94ff6e8d9,FILM::Suzzanna: Malam Jumat Kliwon (2023),1,komentar
user_a424b1572607,FILM::Suzzanna: Malam Jumat Kliwon (2023),1,komentar
user_a43d702e47a8,FILM::Suzzanna: Malam Jumat Kliwon (2023),1,komentar
user_a456a50be40b,FILM::Suzzanna: Malam Jumat Kliwon (2023),1,komentar
user_a47d5253145c,FILM::Suzzanna: Malam Jumat Kliwon (2023),1,komentar
user_a4b61ac7df4d,FILM::Suzzanna: Malam Jumat Kliwon (2023),1,komentar
user_a550204143e0,FILM::Suzzanna: Malam Jumat Kliwon (2023),2,komentar
user_a559b8625850,FILM::Suzzanna: Malam Jumat Kliwon (2023),1,komentar
user_a5cc01a70af0,FILM::Suzzanna: Malam Jumat Kliwon (2023),1,komentar
user_a5dce913160b,FILM::Suzzanna: Malam Jumat Kliwon (2023),1,komentar
user_a5f8f5a1ce0f,FILM::Suzzanna: Malam Jumat Kliwon (2023),1,komentar
user_a609e29e8e82,FILM::Suzzanna: Malam Jumat Kliwon (2023),1,komentar
user_a6391e15921f,FILM::Suzzanna: Malam Jumat Kliwon (2023),1,komentar
user_a68cdd378a3a,FILM::Suzzanna: Malam Jumat Kliwon (2023),1,komentar
user_a6ce20257cec,FILM::Suzzanna: Malam Jumat Kliwon (2023),1,komentar
user_a75177fb4bb2,FILM::Suzzanna: Malam Jumat Kliwon (2023),1,komentar
user_a774c628ae9e,FILM::Suzzanna: Malam Jumat Kliwon (2023),1,komentar
user_a777ff3a37fa,FILM::Suzzanna: Malam Jumat Kliwon (2023),1,komentar
user_a79bbcbbf9fb,FILM::Suzzanna: Malam Jumat Kliwon (2023),1,komentar
user_a7a70b61700a,FILM::Suzzanna: Malam Jumat Kliwon (2023),1,komentar
user_a7cef846f547,FILM::Suzzanna: Malam Jumat Kliwon (2023),1,komentar
user_a7d02aedba01,FILM::Suzzanna: Malam Jumat Kliwon (2023),1,komentar
user_a83b3562c5cf,FILM::Suzzanna: Malam Jumat Kliwon (2023),1,komentar
user_a8435f1d7d57,FILM::Suzzanna: Malam Jumat Kliwon (2023),1,komentar
user_a85c1fb7f095,FILM::Suzzanna: Malam Jumat Kliwon (2023),1,komentar
user_a8610d4bacfd,FILM::Suzzanna: Malam Jumat Kliwon (2023),1,komentar
user_a862e39868c2,FILM::Suzzanna: Malam Jumat Kliwon (2023),2,komentar
user_a870d8ffd19b,FILM::Suzzanna: Malam Jumat Kliwon (2023),1,komentar
user_a8974ea360d3,FILM::Suzzanna: Malam Jumat Kliwon (2023),1,komentar
user_a8bc6b52d221,FILM::Suzzanna: Malam Jumat Kliwon (2023),1,komentar
user_a8d8cf3c75a6,FILM::Suzzanna: Malam Jumat Kliwon (2023),1,komentar
user_a8ede3304db6,FILM::Suzzanna: Malam Jumat Kliwon (2023),1,komentar
user_a90c914c2424,FILM::Suzzanna: Malam Jumat Kliwon (2023),1,komentar
user_a91c263383ff,FILM::Suzzanna: Malam Jumat Kliwon (2023),1,komentar
user_a9374fe8e516,FILM::Suzzanna: Malam Jumat Kliwon (2023),1,komentar
user_a9480393fc89,FILM::Suzzanna: Malam Jumat Kliwon (2023),1,komentar
user_a9e350cf5516,FILM::Suzzanna: Malam Jumat Kliwon (2023),3,komentar
user_a9ed02d68534,FILM::Suzzanna: Malam Jumat Kliwon (2023),1,komentar
user_aa0c53888fb7,FILM::Suzzanna: Malam Jumat Kliwon (2023),1,komentar
user_aa339e34cafd,FILM::Suzzanna: Malam Jumat Kliwon (2023),4,komentar
user_aa87a4e6a4df,FILM::Suzzanna: Malam Jumat Kliwon (2023),1,komentar
user_aac903d79464,FILM::Suzzanna: Malam Jumat Kliwon (2023),1,komentar
user_ab064d8dc255,FILM::Suzzanna: Malam Jumat Kliwon (2023),1,komentar
user_ab0ba91fc467,FILM::Suzzanna: Malam Jumat Kliwon (2023),1,komentar
user_ab867a21d7b2,FILM::Suzzanna: Malam Jumat Kliwon (2023),2,komentar
user_ab89ae09e1d9,FILM::Suzzanna: Malam Jumat Kliwon (2023),2,komentar
user_abbe57ebf9f4,FILM::Suzzanna: Malam Jumat Kliwon (2023),1,komentar
user_abc591db1825,FILM::Suzzanna: Malam Jumat Kliwon (2023),1,komentar
user_abdbcf1d841f,FILM::Suzzanna: Malam Jumat Kliwon (2023),1,komentar
user_ac14bb9c1a5a,FILM::Suzzanna: Malam Jumat Kliwon (2023),1,komentar
user_ac1aca1b3ab0,FILM::Suzzanna: Malam Jumat Kliwon (2023),1,komentar
user_ac4d31f12bf3,FILM::Suzzanna: Malam Jumat Kliwon (2023),1,komentar
user_accf3cb01e68,FILM::Suzzanna: Malam Jumat Kliwon (2023),1,komentar
user_ad14aa0e7305,FILM::Suzzanna: Malam Jumat Kliwon (2023),1,komentar
user_ad210d452d8c,FILM::Suzzanna: Malam Jumat Kliwon (2023),1,komentar
user_ad59b87ba668,FILM::Suzzanna: Malam Jumat Kliwon (2023),1,komentar
user_ad6b57e2d58d,FILM::Suzzanna: Malam Jumat Kliwon (2023),1,komentar
user_ad75b23691a1,FILM::Suzzanna: Malam Jumat Kliwon (2023),1,komentar
user_ade15c1dcce8,FILM::Suzzanna: Malam Jumat Kliwon (2023),1,komentar
user_ade20091b9fc,FILM::Suzzanna: Malam Jumat Kliwon (2023),1,komentar
user_adf64a32f330,FILM::Suzzanna: Malam Jumat Kliwon (2023),2,komentar
user_ae3bfcc796bb,FILM::Suzzanna: Malam Jumat Kliwon (2023),1,komentar
user_ae4bc9190dbd,FILM::Suzzanna: Malam Jumat Kliwon (2023),1,komentar
user_ae6c99963c02,FILM::Suzzanna: Malam Jumat Kliwon (2023),1,komentar
user_ae8d0a9fb70d,FILM::Suzzanna: Malam Jumat Kliwon (2023),1,komentar
user_ae93cf95c4a3,FILM::Suzzanna: Malam Jumat Kliwon (2023),2,komentar
user_ae989677f3b7,FILM::Suzzanna: Malam Jumat Kliwon (2023),1,komentar
user_aea0bec60a6d,FILM::Suzzanna: Malam Jumat Kliwon (2023),1,komentar
user_aea7b1adbdb6,FILM::Suzzanna: Malam Jumat Kliwon (2023),1,komentar
user_aeb16de00a3f,FILM::Suzzanna: Malam Jumat Kliwon (2023),1,komentar
user_aeb4128c03ea,FILM::Suzzanna: Malam Jumat Kliwon (2023),1,komentar
user_aedf5dce8da1,FILM::Suzzanna: Malam Jumat Kliwon (2023),1,komentar
user_afca398e5d3b,FILM::Suzzanna: Malam Jumat Kliwon (2023),1,komentar
user_b03de4a8f230,FILM::Suzzanna: Malam Jumat Kliwon (2023),1,komentar
user_b05340ec2065,FILM::Suzzanna: Malam Jumat Kliwon (2023),1,komentar
user_b073660d0791,FILM::Suzzanna: Malam Jumat Kliwon (2023),1,komentar
user_b0c724658428,FILM::Suzzanna: Malam Jumat Kliwon (2023),1,komentar
user_b1133f910de6,FILM::Suzzanna: Malam Jumat Kliwon (2023),1,komentar
user_b11fca3f56f6,FILM::Suzzanna: Malam Jumat Kliwon (2023),1,komentar
user_b19744850c0d,FILM::Suzzanna: Malam Jumat Kliwon (2023),1,komentar
user_b1d486fb3360,FILM::Suzzanna: Malam Jumat Kliwon (2023),1,komentar
user_b20d980f06ba,FILM::Suzzanna: Malam Jumat Kliwon (2023),1,komentar
user_b213ed384366,FILM::Suzzanna: Malam Jumat Kliwon (2023),2,komentar
user_b283ec92b193,FILM::Suzzanna: Malam Jumat Kliwon (2023),1,komentar
user_b284924790aa,FILM::Suzzanna: Malam Jumat Kliwon (2023),1,komentar
user_b288bbf57589,FILM::Suzzanna: Malam Jumat Kliwon (2023),1,komentar
user_b2da7a12a44a,FILM::Suzzanna: Malam Jumat Kliwon (2023),2,komentar
user_b32046122317,FILM::Suzzanna: Malam Jumat Kliwon (2023),1,komentar
user_b352d5b55a20,FILM::Suzzanna: Malam Jumat Kliwon (2023),1,komentar
user_b36840ee4dd6,FILM::Suzzanna: Malam Jumat Kliwon (2023),1,komentar
user_b37c0651d97b,FILM::Suzzanna: Malam Jumat Kliwon (2023),1,komentar
user_b3849ed13b08,FILM::Suzzanna: Malam Jumat Kliwon (2023),1,komentar
user_b3aca3ec29b3,FILM::Suzzanna: Malam Jumat Kliwon (2023),1,komentar
user_b3b2c33f688a,FILM::Suzzanna: Malam Jumat Kliwon (2023),2,komentar
user_b3c28242a7d0,FILM::Suzzanna: Malam Jumat Kliwon (2023),2,komentar
user_b3d624026441,FILM::Suzzanna: Malam Jumat Kliwon (2023),2,komentar
user_b41b9087bf7d,FILM::Suzzanna: Malam Jumat Kliwon (2023),1,komentar
user_b4b4078778b0,FILM::Suzzanna: Malam Jumat Kliwon (2023),2,komentar
user_b4b43727a3ad,FILM::Suzzanna: Malam Jumat Kliwon (2023),1,komentar
user_b4dba936a425,FILM::Suzzanna: Malam Jumat Kliwon (2023),1,komentar
user_b4ea2abadb45,FILM::Suzzanna: Malam Jumat Kliwon (2023),1,komentar
user_b4fb3fff79bd,FILM::Suzzanna: Malam Jumat Kliwon (2023),2,komentar
user_b525f6724ce5,FILM::Suzzanna: Malam Jumat Kliwon (2023),8,komentar
user_b5472163e76c,FILM::Suzzanna: Malam Jumat Kliwon (2023),1,komentar
user_b5656f1e9a8f,FILM::Suzzanna: Malam Jumat Kliwon (2023),1,komentar
user_b572fee1cc39,FILM::Suzzanna: Malam Jumat Kliwon (2023),1,komentar
user_b60a00aba33b,FILM::Suzzanna: Malam Jumat Kliwon (2023),1,komentar
user_b634a58291a7,FILM::Suzzanna: Malam Jumat Kliwon (2023),2,komentar
user_b66d2142a79c,FILM::Suzzanna: Malam Jumat Kliwon (2023),1,komentar
user_b69288911c4e,FILM::Suzzanna: Malam Jumat Kliwon (2023),1,komentar
user_b72d665ec92d,FILM::Suzzanna: Malam Jumat Kliwon (2023),1,komentar
user_b75378d3077d,FILM::Suzzanna: Malam Jumat Kliwon (2023),1,komentar
user_b7a58408569e,FILM::Suzzanna: Malam Jumat Kliwon (2023),7,komentar
user_b7ecf82cb68f,FILM::Suzzanna: Malam Jumat Kliwon (2023),1,komentar
user_b7f49b3964fa,FILM::Suzzanna: Malam Jumat Kliwon (2023),1,komentar
user_b82d8f1db9c9,FILM::Suzzanna: Malam Jumat Kliwon (2023),1,komentar
user_b837cf21e587,FILM::Suzzanna: Malam Jumat Kliwon (2023),1,komentar
user_b84bfcb41074,FILM::Suzzanna: Malam Jumat Kliwon (2023),1,komentar
user_b907b6db8f0e,FILM::Suzzanna: Malam Jumat Kliwon (2023),1,komentar
user_b93f93e4fb2d,FILM::Suzzanna: Malam Jumat Kliwon (2023),1,komentar
user_b947c816160b,FILM::Suzzanna: Malam Jumat Kliwon (2023),1,komentar
user_b99fbee0e4ec,FILM::Suzzanna: Malam Jumat Kliwon (2023),1,komentar
user_b9b97550f4f4,FILM::Suzzanna: Malam Jumat Kliwon (2023),1,komentar
user_b9cd8ac72e9f,FILM::Suzzanna: Malam Jumat Kliwon (2023),1,komentar
user_b9da12b29aef,FILM::Suzzanna: Malam Jumat Kliwon (2023),1,komentar
user_b9f35c752c1d,FILM::Suzzanna: Malam Jumat Kliwon (2023),1,komentar
user_ba93816eeb16,FILM::Suzzanna: Malam Jumat Kliwon (2023),1,komentar
user_bac2c21e050f,FILM::Suzzanna: Malam Jumat Kliwon (2023),1,komentar
user_bad2c11afe6b,FILM::Suzzanna: Malam Jumat Kliwon (2023),1,komentar
user_bb4b585e8cd6,FILM::Suzzanna: Malam Jumat Kliwon (2023),1,komentar
user_bb4bf5d3f95d,FILM::Suzzanna: Malam Jumat Kliwon (2023),1,komentar
user_bb4e28ae82df,FILM::Suzzanna: Malam Jumat Kliwon (2023),1,komentar
user_bb6899154c72,FILM::Suzzanna: Malam Jumat Kliwon (2023),1,komentar
user_bc2463b25231,FILM::Suzzanna: Malam Jumat Kliwon (2023),1,komentar
user_bc7753f91b56,FILM::Suzzanna: Malam Jumat Kliwon (2023),1,komentar
user_bca0f6051531,FILM::Suzzanna: Malam Jumat Kliwon (2023),1,komentar
user_bcc30da93bd0,FILM::Suzzanna: Malam Jumat Kliwon (2023),1,komentar
user_bd31da3b9b38,FILM::Suzzanna: Malam Jumat Kliwon (2023),1,komentar
user_bd464a50b598,FILM::Suzzanna: Malam Jumat Kliwon (2023),2,komentar
user_bd4e3847cd24,FILM::Suzzanna: Malam Jumat Kliwon (2023),1,komentar
user_bd73432544b3,FILM::Suzzanna: Malam Jumat Kliwon (2023),1,komentar
user_be59a566eadb,FILM::Suzzanna: Malam Jumat Kliwon (2023),1,komentar
user_be80b15d3a65,FILM::Suzzanna: Malam Jumat Kliwon (2023),1,komentar
user_be8a5f1d56cd,FILM::Suzzanna: Malam Jumat Kliwon (2023),1,komentar
user_be9039d9b33a,FILM::Suzzanna: Malam Jumat Kliwon (2023),1,komentar
user_bec08bbd781d,FILM::Suzzanna: Malam Jumat Kliwon (2023),1,komentar
user_bee65d14fd78,FILM::Suzzanna: Malam Jumat Kliwon (2023),1,komentar
user_bf5d98dab333,FILM::Suzzanna: Malam Jumat Kliwon (2023),1,komentar
user_bf7df76d697b,FILM::Suzzanna: Malam Jumat Kliwon (2023),1,komentar
user_bf8acf1ba66b,FILM::Suzzanna: Malam Jumat Kliwon (2023),1,komentar
user_bfc165b6cca9,FILM::Suzzanna: Malam Jumat Kliwon (2023),1,komentar
user_bfd0a04c0feb,FILM::Suzzanna: Malam Jumat Kliwon (2023),1,komentar
user_bfeb90435505,FILM::Suzzanna: Malam Jumat Kliwon (2023),1,komentar
user_bff658dc7653,FILM::Suzzanna: Malam Jumat Kliwon (2023),1,komentar
user_c0142daa9acc,FILM::Suzzanna: Malam Jumat Kliwon (2023),1,komentar
user_c06ba13138c4,FILM::Suzzanna: Malam Jumat Kliwon (2023),1,komentar
user_c06fd850b6e3,FILM::Suzzanna: Malam Jumat Kliwon (2023),1,komentar
user_c0b9e8498bce,FILM::Suzzanna: Malam Jumat Kliwon (2023),2,komentar
user_c15a54effb97,FILM::Suzzanna: Malam Jumat Kliwon (2023),1,komentar
user_c15d79319ffd,FILM::Suzzanna: Malam Jumat Kliwon (2023),1,komentar
user_c194547173de,FILM::Suzzanna: Malam Jumat Kliwon (2023),1,komentar
user_c1962fe23904,FILM::Suzzanna: Malam Jumat Kliwon (2023),1,komentar
user_c1aa0205741e,FILM::Suzzanna: Malam Jumat Kliwon (2023),1,komentar
user_c1ac8dba89b8,FILM::Suzzanna: Malam Jumat Kliwon (2023),1,komentar
user_c1d7997c6d33,FILM::Suzzanna: Malam Jumat Kliwon (2023),1,komentar
user_c1e48d8e61c1,FILM::Suzzanna: Malam Jumat Kliwon (2023),1,komentar
user_c2058c7765da,FILM::Suzzanna: Malam Jumat Kliwon (2023),1,komentar
user_c225c511239a,FILM::Suzzanna: Malam Jumat Kliwon (2023),1,komentar
user_c25937e45fc8,FILM::Suzzanna: Malam Jumat Kliwon (2023),1,komentar
user_c2bcee1c9453,FILM::Suzzanna: Malam Jumat Kliwon (2023),1,komentar
user_c2d7358a63d8,FILM::Suzzanna: Malam Jumat Kliwon (2023),1,komentar
user_c2ddeea3bf13,FILM::Suzzanna: Malam Jumat Kliwon (2023),2,komentar
user_c31c9409aa01,FILM::Suzzanna: Malam Jumat Kliwon (2023),1,komentar
user_c31f31aab6e8,FILM::Suzzanna: Malam Jumat Kliwon (2023),1,komentar
user_c328571229ec,FILM::Suzzanna: Malam Jumat Kliwon (2023),2,komentar
user_c3493483801e,FILM::Suzzanna: Malam Jumat Kliwon (2023),1,komentar
user_c35aa4cdab2f,FILM::Suzzanna: Malam Jumat Kliwon (2023),1,komentar
user_c38acbea2505,FILM::Suzzanna: Malam Jumat Kliwon (2023),1,komentar
user_c38ce33c1b76,FILM::Suzzanna: Malam Jumat Kliwon (2023),1,komentar
user_c39d21bc6394,FILM::Suzzanna: Malam Jumat Kliwon (2023),1,komentar
user_c3c5780a6f65,FILM::Suzzanna: Malam Jumat Kliwon (2023),1,komentar
user_c3e717c7ea69,FILM::Suzzanna: Malam Jumat Kliwon (2023),1,komentar
user_c4218e51c494,FILM::Suzzanna: Malam Jumat Kliwon (2023),1,komentar
user_c428debcd59a,FILM::Suzzanna: Malam Jumat Kliwon (2023),1,komentar
user_c42caf4b292b,FILM::Suzzanna: Malam Jumat Kliwon (2023),1,komentar
user_c465b67b8dd6,FILM::Suzzanna: Malam Jumat Kliwon (2023),1,komentar
user_c4682df53b0c,FILM::Suzzanna: Malam Jumat Kliwon (2023),2,komentar
user_c492d5d92713,FILM::Suzzanna: Malam Jumat Kliwon (2023),1,komentar
user_c4be2394b900,FILM::Suzzanna: Malam Jumat Kliwon (2023),1,komentar
user_c501eecf08a6,FILM::Suzzanna: Malam Jumat Kliwon (2023),1,komentar
user_c534b106eee0,FILM::Suzzanna: Malam Jumat Kliwon (2023),1,komentar
user_c547ce18f78f,FILM::Suzzanna: Malam Jumat Kliwon (2023),1,komentar
user_c54b4d5e359b,FILM::Suzzanna: Malam Jumat Kliwon (2023),1,komentar
user_c54f9f326776,FILM::Suzzanna: Malam Jumat Kliwon (2023),1,komentar
user_c5602bf15b90,FILM::Suzzanna: Malam Jumat Kliwon (2023),1,komentar
user_c5d32a751863,FILM::Suzzanna: Malam Jumat Kliwon (2023),1,komentar
user_c5f6f991e5f8,FILM::Suzzanna: Malam Jumat Kliwon (2023),1,komentar
user_c62ed9361199,FILM::Suzzanna: Malam Jumat Kliwon (2023),1,komentar
user_c658b5c10a4d,FILM::Suzzanna: Malam Jumat Kliwon (2023),1,komentar
user_c66762875bca,FILM::Suzzanna: Malam Jumat Kliwon (2023),1,komentar
user_c6bf7f97fd6e,FILM::Suzzanna: Malam Jumat Kliwon (2023),1,komentar
user_c6d9d1e717be,FILM::Suzzanna: Malam Jumat Kliwon (2023),1,komentar
user_c6ec12412b0e,FILM::Suzzanna: Malam Jumat Kliwon (2023),1,komentar
user_c6ff57f37cc8,FILM::Suzzanna: Malam Jumat Kliwon (2023),1,komentar
user_c74231eb87c3,FILM::Suzzanna: Malam Jumat Kliwon (2023),1,komentar
user_c76fdb973114,FILM::Suzzanna: Malam Jumat Kliwon (2023),1,komentar
user_c77d53b86007,FILM::Suzzanna: Malam Jumat Kliwon (2023),1,komentar
user_c78302e302a1,FILM::Suzzanna: Malam Jumat Kliwon (2023),1,komentar
user_c7866bd970c9,FILM::Suzzanna: Malam Jumat Kliwon (2023),1,komentar
user_c7e6881b7ee2,FILM::Suzzanna: Malam Jumat Kliwon (2023),1,komentar
user_c817883dbea6,FILM::Suzzanna: Malam Jumat Kliwon (2023),1,komentar
user_c86cc5e5d234,FILM::Suzzanna: Malam Jumat Kliwon (2023),1,komentar
user_c892bfaf47d1,FILM::Suzzanna: Malam Jumat Kliwon (2023),1,komentar
user_c8989f85223c,FILM::Suzzanna: Malam Jumat Kliwon (2023),1,komentar
user_c8ab062945a4,FILM::Suzzanna: Malam Jumat Kliwon (2023),1,komentar
user_c90b0c1d7fd1,FILM::Suzzanna: Malam Jumat Kliwon (2023),1,komentar
user_c942b44cdace,FILM::Suzzanna: Malam Jumat Kliwon (2023),1,komentar
user_c954047f2c05,FILM::Suzzanna: Malam Jumat Kliwon (2023),1,komentar
user_c955516c5f28,FILM::Suzzanna: Malam Jumat Kliwon (2023),1,komentar
user_c96ff4ae6ddb,FILM::Suzzanna: Malam Jumat Kliwon (2023),1,komentar
user_c97d46c59768,FILM::Suzzanna: Malam Jumat Kliwon (2023),1,komentar
user_c9dcf0820c91,FILM::Suzzanna: Malam Jumat Kliwon (2023),1,komentar
user_c9e0858047a1,FILM::Suzzanna: Malam Jumat Kliwon (2023),1,komentar
user_c9f0d204e740,FILM::Suzzanna: Malam Jumat Kliwon (2023),1,komentar
user_ca0758d76cf9,FILM::Suzzanna: Malam Jumat Kliwon (2023),1,komentar
user_ca4845812c11,FILM::Suzzanna: Malam Jumat Kliwon (2023),1,komentar
user_ca89c38b02c5,FILM::Suzzanna: Malam Jumat Kliwon (2023),1,komentar
user_cad611a2c733,FILM::Suzzanna: Malam Jumat Kliwon (2023),2,komentar
user_cb2772946cd2,FILM::Suzzanna: Malam Jumat Kliwon (2023),1,komentar
user_cb2ad50f3950,FILM::Suzzanna: Malam Jumat Kliwon (2023),1,komentar
user_cb34c25e8f82,FILM::Suzzanna: Malam Jumat Kliwon (2023),1,komentar
user_cb5d5f838f71,FILM::Suzzanna: Malam Jumat Kliwon (2023),1,komentar
user_cb7c0625ca0f,FILM::Suzzanna: Malam Jumat Kliwon (2023),1,komentar
user_cc41f7894bf6,FILM::Suzzanna: Malam Jumat Kliwon (2023),1,komentar
user_cc83c856f20e,FILM::Suzzanna: Malam Jumat Kliwon (2023),1,komentar
user_cc871832f6d9,FILM::Suzzanna: Malam Jumat Kliwon (2023),3,komentar
user_ccadfab3d6ec,FILM::Suzzanna: Malam Jumat Kliwon (2023),1,komentar
user_ccd5e2768ccb,FILM::Suzzanna: Malam Jumat Kliwon (2023),1,komentar
user_cd33cbb96295,FILM::Suzzanna: Malam Jumat Kliwon (2023),2,komentar
user_cd5386b78a94,FILM::Suzzanna: Malam Jumat Kliwon (2023),1,komentar
user_cd5e1dc5f325,FILM::Suzzanna: Malam Jumat Kliwon (2023),2,komentar
user_cdf5740d57f3,FILM::Suzzanna: Malam Jumat Kliwon (2023),5,komentar
user_ce99cd653c84,FILM::Suzzanna: Malam Jumat Kliwon (2023),1,komentar
user_cea89c026192,FILM::Suzzanna: Malam Jumat Kliwon (2023),1,komentar
user_cebf8d3b822d,FILM::Suzzanna: Malam Jumat Kliwon (2023),1,komentar
user_ced2eb79e744,FILM::Suzzanna: Malam Jumat Kliwon (2023),2,komentar
user_cf374256ebc7,FILM::Suzzanna: Malam Jumat Kliwon (2023),1,komentar
user_cfc6fbecc7a2,FILM::Suzzanna: Malam Jumat Kliwon (2023),1,komentar
user_cffd424df48b,FILM::Suzzanna: Malam Jumat Kliwon (2023),1,komentar
user_d04ab55c757e,FILM::Suzzanna: Malam Jumat Kliwon (2023),1,komentar
user_d0ec9d5a3404,FILM::Suzzanna: Malam Jumat Kliwon (2023),1,komentar
user_d10cb528a56f,FILM::Suzzanna: Malam Jumat Kliwon (2023),1,komentar
user_d1386ff90d96,FILM::Suzzanna: Malam Jumat Kliwon (2023),1,komentar
user_d14ea1296243,FILM::Suzzanna: Malam Jumat Kliwon (2023),2,komentar
user_d16f0159798f,FILM::Suzzanna: Malam Jumat Kliwon (2023),1,komentar
user_d176a45df16b,FILM::Suzzanna: Malam Jumat Kliwon (2023),1,komentar
user_d17fbe72d9fd,FILM::Suzzanna: Malam Jumat Kliwon (2023),1,komentar
user_d1d2a6d8e5a2,FILM::Suzzanna: Malam Jumat Kliwon (2023),1,komentar
user_d21a0f4635e0,FILM::Suzzanna: Malam Jumat Kliwon (2023),1,komentar
user_d22056134d84,FILM::Suzzanna: Malam Jumat Kliwon (2023),1,komentar
user_d22a1498d301,FILM::Suzzanna: Malam Jumat Kliwon (2023),1,komentar
user_d287f23b2667,FILM::Suzzanna: Malam Jumat Kliwon (2023),1,komentar
user_d2b0d2c2094d,FILM::Suzzanna: Malam Jumat Kliwon (2023),1,komentar
user_d2e0c4a1e158,FILM::Suzzanna: Malam Jumat Kliwon (2023),1,komentar
user_d2efab8c7352,FILM::Suzzanna: Malam Jumat Kliwon (2023),1,komentar
user_d2f776b6b367,FILM::Suzzanna: Malam Jumat Kliwon (2023),1,komentar
user_d33b170564e3,FILM::Suzzanna: Malam Jumat Kliwon (2023),1,komentar
user_d33f11de6462,FILM::Suzzanna: Malam Jumat Kliwon (2023),1,komentar
user_d3480d47bf05,FILM::Suzzanna: Malam Jumat Kliwon (2023),1,komentar
user_d35f0ac55a37,FILM::Suzzanna: Malam Jumat Kliwon (2023),1,komentar
user_d389922ae8e9,FILM::Suzzanna: Malam Jumat Kliwon (2023),1,komentar
user_d3a0f25ff185,FILM::Suzzanna: Malam Jumat Kliwon (2023),1,komentar
user_d3e89bfdca54,FILM::Suzzanna: Malam Jumat Kliwon (2023),1,komentar
user_d40107cbcf1b,FILM::Suzzanna: Malam Jumat Kliwon (2023),1,komentar
user_d42b6dd32c29,FILM::Suzzanna: Malam Jumat Kliwon (2023),1,komentar
user_d4db63340344,FILM::Suzzanna: Malam Jumat Kliwon (2023),1,komentar
user_d4df6956ed10,FILM::Suzzanna: Malam Jumat Kliwon (2023),1,komentar
user_d50ca4b63b86,FILM::Suzzanna: Malam Jumat Kliwon (2023),1,komentar
user_d519783e8b5d,FILM::Suzzanna: Malam Jumat Kliwon (2023),1,komentar
user_d523d4f0704b,FILM::Suzzanna: Malam Jumat Kliwon (2023),1,komentar
user_d56e84ec9042,FILM::Suzzanna: Malam Jumat Kliwon (2023),1,komentar
user_d571ae693d04,FILM::Suzzanna: Malam Jumat Kliwon (2023),1,komentar
user_d57fe4da2056,FILM::Suzzanna: Malam Jumat Kliwon (2023),1,komentar
user_d58f16b31c88,FILM::Suzzanna: Malam Jumat Kliwon (2023),1,komentar
user_d59d1519f855,FILM::Suzzanna: Malam Jumat Kliwon (2023),1,komentar
user_d59e8ddc79f2,FILM::Suzzanna: Malam Jumat Kliwon (2023),1,komentar
user_d5d37e363b6f,FILM::Suzzanna: Malam Jumat Kliwon (2023),1,komentar
user_d5df6cecdff6,FILM::Suzzanna: Malam Jumat Kliwon (2023),1,komentar
user_d5e709b3210e,FILM::Suzzanna: Malam Jumat Kliwon (2023),1,komentar
user_d60e6aabef3f,FILM::Suzzanna: Malam Jumat Kliwon (2023),1,komentar
user_d618dbff7270,FILM::Suzzanna: Malam Jumat Kliwon (2023),1,komentar
user_d62343a062fa,FILM::Suzzanna: Malam Jumat Kliwon (2023),1,komentar
user_d6392ad4e7f1,FILM::Suzzanna: Malam Jumat Kliwon (2023),2,komentar
user_d63df18d6696,FILM::Suzzanna: Malam Jumat Kliwon (2023),1,komentar
user_d642c802bd6f,FILM::Suzzanna: Malam Jumat Kliwon (2023),1,komentar
user_d68b94e40e06,FILM::Suzzanna: Malam Jumat Kliwon (2023),1,komentar
user_d6cf02965493,FILM::Suzzanna: Malam Jumat Kliwon (2023),1,komentar
user_d6d37a7b7cb5,FILM::Suzzanna: Malam Jumat Kliwon (2023),1,komentar
user_d6db7305473c,FILM::Suzzanna: Malam Jumat Kliwon (2023),2,komentar
user_d6de53c5549d,FILM::Suzzanna: Malam Jumat Kliwon (2023),1,komentar
user_d6ef22e72f8f,FILM::Suzzanna: Malam Jumat Kliwon (2023),1,komentar
user_d6fdaafe70dd,FILM::Suzzanna: Malam Jumat Kliwon (2023),1,komentar
user_d6fdc7aaf2a0,FILM::Suzzanna: Malam Jumat Kliwon (2023),1,komentar
user_d72fc5418994,FILM::Suzzanna: Malam Jumat Kliwon (2023),1,komentar
user_d74e5b03153a,FILM::Suzzanna: Malam Jumat Kliwon (2023),1,komentar
user_d76af621a9ce,FILM::Suzzanna: Malam Jumat Kliwon (2023),1,komentar
user_d78fe978e69b,FILM::Suzzanna: Malam Jumat Kliwon (2023),1,komentar
user_d79de2f280fb,FILM::Suzzanna: Malam Jumat Kliwon (2023),1,komentar
user_d7c6c4f5f04a,FILM::Suzzanna: Malam Jumat Kliwon (2023),1,komentar
user_d7d7e1127192,FILM::Suzzanna: Malam Jumat Kliwon (2023),1,komentar
user_d7e2775df0ac,FILM::Suzzanna: Malam Jumat Kliwon (2023),2,komentar
user_d8b1de607226,FILM::Suzzanna: Malam Jumat Kliwon (2023),1,komentar
user_d8b62214b6e4,FILM::Suzzanna: Malam Jumat Kliwon (2023),1,komentar
user_d8be1d2553f6,FILM::Suzzanna: Malam Jumat Kliwon (2023),1,komentar
user_d8d516f124ae,FILM::Suzzanna: Malam Jumat Kliwon (2023),1,komentar
user_d93fc21d993b,FILM::Suzzanna: Malam Jumat Kliwon (2023),1,komentar
user_d94f679aa73c,FILM::Suzzanna: Malam Jumat Kliwon (2023),1,komentar
user_d95b145ff239,FILM::Suzzanna: Malam Jumat Kliwon (2023),1,komentar
user_d979bb340afd,FILM::Suzzanna: Malam Jumat Kliwon (2023),1,komentar
user_d9d6a6aa6cd3,FILM::Suzzanna: Malam Jumat Kliwon (2023),2,komentar
user_da37e11c2fa5,FILM::Suzzanna: Malam Jumat Kliwon (2023),1,komentar
user_da719413c83e,FILM::Suzzanna: Malam Jumat Kliwon (2023),1,komentar
user_dabda2797cc6,FILM::Suzzanna: Malam Jumat Kliwon (2023),2,komentar
user_db3aaaba71ec,FILM::Suzzanna: Malam Jumat Kliwon (2023),1,komentar
user_db3d446fcbd5,FILM::Suzzanna: Malam Jumat Kliwon (2023),1,komentar
user_db44fa3d9639,FILM::Suzzanna: Malam Jumat Kliwon (2023),1,komentar
user_db6bc9cb0047,FILM::Suzzanna: Malam Jumat Kliwon (2023),2,komentar
user_db6d8ee2da57,FILM::Suzzanna: Malam Jumat Kliwon (2023),1,komentar
user_db8526bca7b3,FILM::Suzzanna: Malam Jumat Kliwon (2023),1,komentar
user_dbae364d24c9,FILM::Suzzanna: Malam Jumat Kliwon (2023),1,komentar
user_dc0726529164,FILM::Suzzanna: Malam Jumat Kliwon (2023),2,komentar
user_dc61f3b6d632,FILM::Suzzanna: Malam Jumat Kliwon (2023),1,komentar
user_dc720f18bef5,FILM::Suzzanna: Malam Jumat Kliwon (2023),1,komentar
user_dcaa583ef916,FILM::Suzzanna: Malam Jumat Kliwon (2023),1,komentar
user_dd220c6b2d68,FILM::Suzzanna: Malam Jumat Kliwon (2023),1,komentar
user_dd3a682939d3,FILM::Suzzanna: Malam Jumat Kliwon (2023),1,komentar
user_dd72825c9bd4,FILM::Suzzanna: Malam Jumat Kliwon (2023),1,komentar
user_dddd8da1e724,FILM::Suzzanna: Malam Jumat Kliwon (2023),1,komentar
user_ddf3f85abbca,FILM::Suzzanna: Malam Jumat Kliwon (2023),1,komentar
user_de055eeddf24,FILM::Suzzanna: Malam Jumat Kliwon (2023),1,komentar
user_de083e314d34,FILM::Suzzanna: Malam Jumat Kliwon (2023),3,komentar
user_de41b0cac315,FILM::Suzzanna: Malam Jumat Kliwon (2023),1,komentar
user_de6975fcda39,FILM::Suzzanna: Malam Jumat Kliwon (2023),1,komentar
user_de745c544c98,FILM::Suzzanna: Malam Jumat Kliwon (2023),3,komentar
user_dec3a3f6d7c5,FILM::Suzzanna: Malam Jumat Kliwon (2023),2,komentar
user_df44855c8bf5,FILM::Suzzanna: Malam Jumat Kliwon (2023),1,komentar
user_df8ef2cf5885,FILM::Suzzanna: Malam Jumat Kliwon (2023),1,komentar
user_dfa3ce6edfc0,FILM::Suzzanna: Malam Jumat Kliwon (2023),1,komentar
user_e01e1d6defe7,FILM::Suzzanna: Malam Jumat Kliwon (2023),6,komentar
user_e070725653c0,FILM::Suzzanna: Malam Jumat Kliwon (2023),1,komentar
user_e0764fd4b8df,FILM::Suzzanna: Malam Jumat Kliwon (2023),2,komentar
user_e08896449560,FILM::Suzzanna: Malam Jumat Kliwon (2023),1,komentar
user_e08eca576df7,FILM::Suzzanna: Malam Jumat Kliwon (2023),1,komentar
user_e0cd891c6de4,FILM::Suzzanna: Malam Jumat Kliwon (2023),1,komentar
user_e0e6e5c30876,FILM::Suzzanna: Malam Jumat Kliwon (2023),10,komentar
user_e137bc33fc92,FILM::Suzzanna: Malam Jumat Kliwon (2023),1,komentar
user_e161d1369fb0,FILM::Suzzanna: Malam Jumat Kliwon (2023),3,komentar
user_e187971fa437,FILM::Suzzanna: Malam Jumat Kliwon (2023),3,komentar
user_e1ab5e89c740,FILM::Suzzanna: Malam Jumat Kliwon (2023),7,komentar
user_e2281a771519,FILM::Suzzanna: Malam Jumat Kliwon (2023),1,komentar
user_e2320d824d47,FILM::Suzzanna: Malam Jumat Kliwon (2023),1,komentar
user_e25f67aabd91,FILM::Suzzanna: Malam Jumat Kliwon (2023),1,komentar
user_e2ba43ca511a,FILM::Suzzanna: Malam Jumat Kliwon (2023),2,komentar
user_e2be1dac1b9f,FILM::Suzzanna: Malam Jumat Kliwon (2023),1,komentar
user_e30b742ddc30,FILM::Suzzanna: Malam Jumat Kliwon (2023),1,komentar
user_e3a3fec1764d,FILM::Suzzanna: Malam Jumat Kliwon (2023),2,komentar
user_e4343bee61c7,FILM::Suzzanna: Malam Jumat Kliwon (2023),1,komentar
user_e4ca86e65d78,FILM::Suzzanna: Malam Jumat Kliwon (2023),1,komentar
user_e4ce72fa00c2,FILM::Suzzanna: Malam Jumat Kliwon (2023),1,komentar
user_e4d66ef1c177,FILM::Suzzanna: Malam Jumat Kliwon (2023),1,komentar
user_e518bb7378b7,FILM::Suzzanna: Malam Jumat Kliwon (2023),1,komentar
user_e564cdfed56b,FILM::Suzzanna: Malam Jumat Kliwon (2023),1,komentar
user_e6049f9cdc4c,FILM::Suzzanna: Malam Jumat Kliwon (2023),3,komentar
user_e60ae993f6ba,FILM::Suzzanna: Malam Jumat Kliwon (2023),1,komentar
user_e60cae344e6e,FILM::Suzzanna: Malam Jumat Kliwon (2023),1,komentar
user_e6d5e2405597,FILM::Suzzanna: Malam Jumat Kliwon (2023),1,komentar
user_e6d95dd790f8,FILM::Suzzanna: Malam Jumat Kliwon (2023),2,komentar
user_e6dc82d0894c,FILM::Suzzanna: Malam Jumat Kliwon (2023),1,komentar
user_e6e46b596165,FILM::Suzzanna: Malam Jumat Kliwon (2023),1,komentar
user_e6eabaebdbf3,FILM::Suzzanna: Malam Jumat Kliwon (2023),1,komentar
user_e6ec3d530be4,FILM::Suzzanna: Malam Jumat Kliwon (2023),2,komentar
user_e7675341d928,FILM::Suzzanna: Malam Jumat Kliwon (2023),1,komentar
user_e76d3fe25b00,FILM::Suzzanna: Malam Jumat Kliwon (2023),2,komentar
user_e78ec5855842,FILM::Suzzanna: Malam Jumat Kliwon (2023),1,komentar
user_e7a94b9fd717,FILM::Suzzanna: Malam Jumat Kliwon (2023),1,komentar
user_e7c527c8d3fe,FILM::Suzzanna: Malam Jumat Kliwon (2023),1,komentar
user_e7cc0173d8e9,FILM::Suzzanna: Malam Jumat Kliwon (2023),1,komentar
user_e7fdbd2cea3a,FILM::Suzzanna: Malam Jumat Kliwon (2023),1,komentar
user_e859c9617350,FILM::Suzzanna: Malam Jumat Kliwon (2023),3,komentar
user_e8729305bac6,FILM::Suzzanna: Malam Jumat Kliwon (2023),1,komentar
user_e8c5a80e8440,FILM::Suzzanna: Malam Jumat Kliwon (2023),3,komentar
user_e934a2c45e37,FILM::Suzzanna: Malam Jumat Kliwon (2023),1,komentar
user_e9a9a1d6b30a,FILM::Suzzanna: Malam Jumat Kliwon (2023),1,komentar
user_e9ba6e7e1729,FILM::Suzzanna: Malam Jumat Kliwon (2023),2,komentar
user_eaafda274347,FILM::Suzzanna: Malam Jumat Kliwon (2023),4,komentar
user_eab4e26460f4,FILM::Suzzanna: Malam Jumat Kliwon (2023),1,komentar
user_eaea85875302,FILM::Suzzanna: Malam Jumat Kliwon (2023),1,komentar
user_eaf1a951761b,FILM::Suzzanna: Malam Jumat Kliwon (2023),1,komentar
user_eb72e921a596,FILM::Suzzanna: Malam Jumat Kliwon (2023),1,komentar
user_ebb18b8467e3,FILM::Suzzanna: Malam Jumat Kliwon (2023),1,komentar
user_ec3bd4a488cc,FILM::Suzzanna: Malam Jumat Kliwon (2023),2,komentar
user_ec963a0e2d4b,FILM::Suzzanna: Malam Jumat Kliwon (2023),2,komentar
user_eced63975573,FILM::Suzzanna: Malam Jumat Kliwon (2023),1,komentar
user_ecf59e90eda8,FILM::Suzzanna: Malam Jumat Kliwon (2023),1,komentar
user_ed351b844e23,FILM::Suzzanna: Malam Jumat Kliwon (2023),2,komentar
user_ed7872a7b5d4,FILM::Suzzanna: Malam Jumat Kliwon (2023),1,komentar
user_ed858a1ec29e,FILM::Suzzanna: Malam Jumat Kliwon (2023),1,komentar
user_ed9bd0f5cb79,FILM::Suzzanna: Malam Jumat Kliwon (2023),2,komentar
user_edce21128fc7,FILM::Suzzanna: Malam Jumat Kliwon (2023),1,komentar
user_ede2fbfcf947,FILM::Suzzanna: Malam Jumat Kliwon (2023),1,komentar
user_edef5b367bf5,FILM::Suzzanna: Malam Jumat Kliwon (2023),1,komentar
user_eeae6d25d091,FILM::Suzzanna: Malam Jumat Kliwon (2023),1,komentar
user_eebc4399baa4,FILM::Suzzanna: Malam Jumat Kliwon (2023),1,komentar
user_eeec22439ac5,FILM::Suzzanna: Malam Jumat Kliwon (2023),1,komentar
user_ef3dae49d254,FILM::Suzzanna: Malam Jumat Kliwon (2023),1,komentar
user_ef8650955590,FILM::Suzzanna: Malam Jumat Kliwon (2023),1,komentar
user_ef8c14596359,FILM::Suzzanna: Malam Jumat Kliwon (2023),1,komentar
user_efeb96877ec3,FILM::Suzzanna: Malam Jumat Kliwon (2023),1,komentar
user_effa1003a832,FILM::Suzzanna: Malam Jumat Kliwon (2023),1,komentar
user_f0026ae64392,FILM::Suzzanna: Malam Jumat Kliwon (2023),1,komentar
user_f01ab762eaa6,FILM::Suzzanna: Malam Jumat Kliwon (2023),1,komentar
user_f077dffad04a,FILM::Suzzanna: Malam Jumat Kliwon (2023),1,komentar
user_f07a575ac41b,FILM::Suzzanna: Malam Jumat Kliwon (2023),1,komentar
user_f07fb161edca,FILM::Suzzanna: Malam Jumat Kliwon (2023),1,komentar
user_f0c1e2984337,FILM::Suzzanna: Malam Jumat Kliwon (2023),1,komentar
user_f1c074a795ad,FILM::Suzzanna: Malam Jumat Kliwon (2023),1,komentar
user_f1ef58e12c86,FILM::Suzzanna: Malam Jumat Kliwon (2023),1,komentar
user_f21d4ef4a88b,FILM::Suzzanna: Malam Jumat Kliwon (2023),1,komentar
user_f22312e11e0d,FILM::Suzzanna: Malam Jumat Kliwon (2023),1,komentar
user_f23f5ff51d55,FILM::Suzzanna: Malam Jumat Kliwon (2023),4,komentar
user_f257694cc632,FILM::Suzzanna: Malam Jumat Kliwon (2023),1,komentar
user_f25a6b66127f,FILM::Suzzanna: Malam Jumat Kliwon (2023),1,komentar
user_f265a418dc9b,FILM::Suzzanna: Malam Jumat Kliwon (2023),1,komentar
user_f26ab044d01a,FILM::Suzzanna: Malam Jumat Kliwon (2023),1,komentar
user_f282dc8b79fe,FILM::Suzzanna: Malam Jumat Kliwon (2023),1,komentar
user_f2bda354c59c,FILM::Suzzanna: Malam Jumat Kliwon (2023),1,komentar
user_f2c834367ee6,FILM::Suzzanna: Malam Jumat Kliwon (2023),1,komentar
user_f2d57d53f6c3,FILM::Suzzanna: Malam Jumat Kliwon (2023),1,komentar
user_f30faacb81b9,FILM::Suzzanna: Malam Jumat Kliwon (2023),1,komentar
user_f34c76b98ca0,FILM::Suzzanna: Malam Jumat Kliwon (2023),1,komentar
user_f3bdd83ad476,FILM::Suzzanna: Malam Jumat Kliwon (2023),1,komentar
user_f3d3cbc5fcd7,FILM::Suzzanna: Malam Jumat Kliwon (2023),1,komentar
user_f435e8cdf8ac,FILM::Suzzanna: Malam Jumat Kliwon (2023),1,komentar
user_f43d97ea0551,FILM::Suzzanna: Malam Jumat Kliwon (2023),2,komentar
user_f4622e2e3d6e,FILM::Suzzanna: Malam Jumat Kliwon (2023),1,komentar
user_f490da5fbec3,FILM::Suzzanna: Malam Jumat Kliwon (2023),1,komentar
user_f4e28d07d74c,FILM::Suzzanna: Malam Jumat Kliwon (2023),1,komentar
user_f562817a6d1a,FILM::Suzzanna: Malam Jumat Kliwon (2023),1,komentar
user_f58279b1bc79,FILM::Suzzanna: Malam Jumat Kliwon (2023),1,komentar
user_f5d58d03c91b,FILM::Suzzanna: Malam Jumat Kliwon (2023),1,komentar
user_f5e2668762d0,FILM::Suzzanna: Malam Jumat Kliwon (2023),1,komentar
user_f5e8dd196c37,FILM::Suzzanna: Malam Jumat Kliwon (2023),1,komentar
user_f5f3fadcf886,FILM::Suzzanna: Malam Jumat Kliwon (2023),1,komentar
user_f622c8cd1b35,FILM::Suzzanna: Malam Jumat Kliwon (2023),1,komentar
user_f62cecefb870,FILM::Suzzanna: Malam Jumat Kliwon (2023),1,komentar
user_f63071e1cf8a,FILM::Suzzanna: Malam Jumat Kliwon (2023),1,komentar
user_f650f2ebf10d,FILM::Suzzanna: Malam Jumat Kliwon (2023),1,komentar
user_f65d3d5ad533,FILM::Suzzanna: Malam Jumat Kliwon (2023),1,komentar
user_f6a9be686134,FILM::Suzzanna: Malam Jumat Kliwon (2023),1,komentar
user_f6d3abf77112,FILM::Suzzanna: Malam Jumat Kliwon (2023),1,komentar
user_f70072023a8c,FILM::Suzzanna: Malam Jumat Kliwon (2023),1,komentar
user_f7275a735d9a,FILM::Suzzanna: Malam Jumat Kliwon (2023),3,komentar
user_f72822401761,FILM::Suzzanna: Malam Jumat Kliwon (2023),1,komentar
user_f75c6ebfa859,FILM::Suzzanna: Malam Jumat Kliwon (2023),1,komentar
user_f7607e262863,FILM::Suzzanna: Malam Jumat Kliwon (2023),1,komentar
user_f8341aa24a00,FILM::Suzzanna: Malam Jumat Kliwon (2023),1,komentar
user_f84bdc65c23d,FILM::Suzzanna: Malam Jumat Kliwon (2023),1,komentar
user_f8b46fcf189a,FILM::Suzzanna: Malam Jumat Kliwon (2023),1,komentar
user_f8cdcca332fe,FILM::Suzzanna: Malam Jumat Kliwon (2023),1,komentar
user_f981ed004f14,FILM::Suzzanna: Malam Jumat Kliwon (2023),1,komentar
user_f991c8e5a4db,FILM::Suzzanna: Malam Jumat Kliwon (2023),1,komentar
user_f9b001c01497,FILM::Suzzanna: Malam Jumat Kliwon (2023),1,komentar
user_f9d5a7bcbec3,FILM::Suzzanna: Malam Jumat Kliwon (2023),1,komentar
user_f9e8c873493d,FILM::Suzzanna: Malam Jumat Kliwon (2023),2,komentar
user_fa35cc064372,FILM::Suzzanna: Malam Jumat Kliwon (2023),1,komentar
user_fa3a4efeca54,FILM::Suzzanna: Malam Jumat Kliwon (2023),1,komentar
user_fa62a8f150e3,FILM::Suzzanna: Malam Jumat Kliwon (2023),2,komentar
user_fa932ec5f469,FILM::Suzzanna: Malam Jumat Kliwon (2023),1,komentar
user_faa086fec6a5,FILM::Suzzanna: Malam Jumat Kliwon (2023),1,komentar
user_fac8fad6fef6,FILM::Suzzanna: Malam Jumat Kliwon (2023),1,komentar
user_fad8f81f3ac5,FILM::Suzzanna: Malam Jumat Kliwon (2023),3,komentar
user_fae980402786,FILM::Suzzanna: Malam Jumat Kliwon (2023),1,komentar
user_fb1e074b1617,FILM::Suzzanna: Malam Jumat Kliwon (2023),1,komentar
user_fb480f29299e,FILM::Suzzanna: Malam Jumat Kliwon (2023),1,komentar
user_fb8bc3408046,FILM::Suzzanna: Malam Jumat Kliwon (2023),1,komentar
user_fba9e980acab,FILM::Suzzanna: Malam Jumat Kliwon (2023),1,komentar
user_fbf7e7fb5dbf,FILM::Suzzanna: Malam Jumat Kliwon (2023),1,komentar
user_fbfe9c2e521f,FILM::Suzzanna: Malam Jumat Kliwon (2023),1,komentar
user_fc1429deba50,FILM::Suzzanna: Malam Jumat Kliwon (2023),1,komentar
user_fc4d6ae61ac8,FILM::Suzzanna: Malam Jumat Kliwon (2023),2,komentar
user_fc6d1a231799,FILM::Suzzanna: Malam Jumat Kliwon (2023),1,komentar
user_fc93af41aecb,FILM::Suzzanna: Malam Jumat Kliwon (2023),1,komentar
user_fcb4927f09d0,FILM::Suzzanna: Malam Jumat Kliwon (2023),1,komentar
user_fd34ef7e0418,FILM::Suzzanna: Malam Jumat Kliwon (2023),1,komentar
user_fd5a0b545ca8,FILM::Suzzanna: Malam Jumat Kliwon (2023),1,komentar
user_fd646331ed73,FILM::Suzzanna: Malam Jumat Kliwon (2023),8,komentar
user_fd6c384099f4,FILM::Suzzanna: Malam Jumat Kliwon (2023),1,komentar
user_fdc11de7192c,FILM::Suzzanna: Malam Jumat Kliwon (2023),1,komentar
user_fddb0783b387,FILM::Suzzanna: Malam Jumat Kliwon (2023),1,komentar
user_fe3206ee19a0,FILM::Suzzanna: Malam Jumat Kliwon (2023),1,komentar
user_fe398fb9f754,FILM::Suzzanna: Malam Jumat Kliwon (2023),1,komentar
user_fe5a03c4035a,FILM::Suzzanna: Malam Jumat Kliwon (2023),1,komentar
user_fe6467534f20,FILM::Suzzanna: Malam Jumat Kliwon (2023),1,komentar
user_fe7593090523,FILM::Suzzanna: Malam Jumat Kliwon (2023),1,komentar
user_feb499520b43,FILM::Suzzanna: Malam Jumat Kliwon (2023),3,komentar
user_fec9253d5ad0,FILM::Suzzanna: Malam Jumat Kliwon (2023),1,komentar
user_fed4728031bd,FILM::Suzzanna: Malam Jumat Kliwon (2023),2,komentar
user_ff3ae093b132,FILM::Suzzanna: Malam Jumat Kliwon (2023),1,komentar
user_ff3df040c800,FILM::Suzzanna: Malam Jumat Kliwon (2023),1,komentar
user_ff413db8c22d,FILM::Suzzanna: Malam Jumat Kliwon (2023),2,komentar
user_ff8e134d11d8,FILM::Suzzanna: Malam Jumat Kliwon (2023),1,komentar
user_ffac920d09b9,FILM::Suzzanna: Malam Jumat Kliwon (2023),1,komentar
user_ffea92493e0d,FILM::Suzzanna: Malam Jumat Kliwon (2023),1,komentar
user_001d24e9b098,Ipar Adalah Maut (2024),1,komentar
user_001d24e9b098,Janur Ireng: Sewu Dino Prequel (2025/2026),1,komentar
user_001d24e9b098,Perewangan (2024),1,komentar
user_001d24e9b098,Suzzanna: Santet Dosa di Atas Dosa (2026),1,komentar
user_001d24e9b098,user_11c55e75c824,1,balasan
user_001d24e9b098,user_3cc548443a12,1,balasan
user_001d24e9b098,user_a64f4ce63ce4,1,balasan
user_001d24e9b098,user_e3c2810c54d2,1,balasan
user_00931dd5679f,FILM::Ipar Adalah Maut (2024),4,komentar
user_00ebe2e2bdac,FILM::Ipar Adalah Maut (2024),1,komentar
user_01604458a76c,FILM::Ipar Adalah Maut (2024),1,komentar
user_01ca038395a7,FILM::Ipar Adalah Maut (2024),1,komentar
user_02339b7ed09f,FILM::Ipar Adalah Maut (2024),1,komentar
user_03c0a2ada4ad,FILM::Ipar Adalah Maut (2024),1,komentar
user_03d8566964e6,FILM::Ipar Adalah Maut (2024),1,komentar
user_049e5ac9e6a8,FILM::Ipar Adalah Maut (2024),1,komentar
user_04cc943bfc0b,FILM::Ipar Adalah Maut (2024),1,komentar
user_04ee90c39e62,FILM::Ipar Adalah Maut (2024),1,komentar
user_07498ccc5d29,FILM::Ipar Adalah Maut (2024),1,komentar
user_09b8d1faca90,FILM::Ipar Adalah Maut (2024),1,komentar
user_0a41b6121225,FILM::Ipar Adalah Maut (2024),1,komentar
user_0c13dee69f3a,FILM::Ipar Adalah Maut (2024),1,komentar
user_0cd4920a72ce,FILM::Ipar Adalah Maut (2024),1,komentar
user_0d2b15e86272,FILM::Ipar Adalah Maut (2024),1,komentar
user_0d7bf3e103ec,FILM::Ipar Adalah Maut (2024),1,komentar
user_0dadcb40e2e6,FILM::Ipar Adalah Maut (2024),1,komentar
user_0eb68512be0d,FILM::Ipar Adalah Maut (2024),1,komentar
user_0fdc73f0b09d,FILM::Ipar Adalah Maut (2024),1,komentar
user_10bb738ca1f2,FILM::Ipar Adalah Maut (2024),1,komentar
user_10e2dfde7d1a,FILM::Ipar Adalah Maut (2024),1,komentar
user_11e4c9e26fb1,FILM::Ipar Adalah Maut (2024),1,komentar
user_121eac73d5cd,FILM::Ipar Adalah Maut (2024),1,komentar
user_124b8f6a8c73,FILM::Ipar Adalah Maut (2024),1,komentar
user_1284ae2c0f94,FILM::Ipar Adalah Maut (2024),1,komentar
user_1307e3de15d5,FILM::Ipar Adalah Maut (2024),1,komentar
user_130e1b8a042a,FILM::Ipar Adalah Maut (2024),1,komentar
user_14f7e5371c46,FILM::Ipar Adalah Maut (2024),2,komentar
user_1518c45fd312,FILM::Ipar Adalah Maut (2024),1,komentar
user_156ae1f71e09,FILM::Ipar Adalah Maut (2024),1,komentar
user_15770a9108e1,FILM::Ipar Adalah Maut (2024),1,komentar
user_163a3c2c3d01,FILM::Ipar Adalah Maut (2024),2,komentar
user_1671d66ccda5,FILM::Ipar Adalah Maut (2024),1,komentar
user_16e9750955f5,FILM::Ipar Adalah Maut (2024),1,komentar
user_175fe6310948,FILM::Ipar Adalah Maut (2024),1,komentar
user_187e9482c8d9,FILM::Ipar Adalah Maut (2024),1,komentar
user_18b0fab42b58,FILM::Ipar Adalah Maut (2024),1,komentar
user_18df62607792,FILM::Ipar Adalah Maut (2024),26,komentar
user_18e37263cbef,FILM::Ipar Adalah Maut (2024),1,komentar
user_1933336c136b,FILM::Ipar Adalah Maut (2024),1,komentar
user_197886977b2b,FILM::Ipar Adalah Maut (2024),1,komentar
user_1bb1ac807314,FILM::Ipar Adalah Maut (2024),1,komentar
user_1bfa7e074e4a,FILM::Ipar Adalah Maut (2024),1,komentar
user_1c2619b9bd26,FILM::Ipar Adalah Maut (2024),1,komentar
user_1d1a1e636f77,FILM::Ipar Adalah Maut (2024),1,komentar
user_1df754e79e94,FILM::Ipar Adalah Maut (2024),1,komentar
user_1eb533f78e9b,FILM::Ipar Adalah Maut (2024),1,komentar
user_1f2b5363f01a,FILM::Ipar Adalah Maut (2024),1,komentar
user_1ffeb7d53270,FILM::Ipar Adalah Maut (2024),1,komentar
user_202452925dd7,FILM::Ipar Adalah Maut (2024),1,komentar
user_20a21d84c55b,FILM::Ipar Adalah Maut (2024),1,komentar
user_20ba9cecb251,FILM::Ipar Adalah Maut (2024),1,komentar
user_2291728f908b,FILM::Ipar Adalah Maut (2024),1,komentar
user_23328ff66c66,FILM::Ipar Adalah Maut (2024),2,komentar
user_239b78a2409b,FILM::Ipar Adalah Maut (2024),1,komentar
user_2420c4409667,FILM::Ipar Adalah Maut (2024),1,komentar
user_24b7a15d4f67,FILM::Ipar Adalah Maut (2024),1,komentar
user_2609b6f68b00,FILM::Ipar Adalah Maut (2024),1,komentar
user_263d6a49986e,FILM::Ipar Adalah Maut (2024),1,komentar
user_26ccc1b72224,FILM::Ipar Adalah Maut (2024),3,komentar
user_27ffaa028248,FILM::Ipar Adalah Maut (2024),1,komentar
user_28eafeb0022f,FILM::Ipar Adalah Maut (2024),1,komentar
user_2998e4ea1431,FILM::Ipar Adalah Maut (2024),1,komentar
user_2a6c714c2ae8,FILM::Ipar Adalah Maut (2024),1,komentar
user_2bcf62c55b8a,FILM::Ipar Adalah Maut (2024),1,komentar
user_2c1ebde12335,FILM::Ipar Adalah Maut (2024),1,komentar
user_2c69e4ed9d47,FILM::Ipar Adalah Maut (2024),1,komentar
user_2d3425e6a72a,FILM::Ipar Adalah Maut (2024),1,komentar
user_2e6fd5b654ef,FILM::Ipar Adalah Maut (2024),1,komentar
user_2f006719b0f4,FILM::Ipar Adalah Maut (2024),1,komentar
user_2f4fc1774f4f,FILM::Ipar Adalah Maut (2024),1,komentar
user_2fd837d61f4d,FILM::Ipar Adalah Maut (2024),1,komentar
user_30f6bea139eb,FILM::Ipar Adalah Maut (2024),1,komentar
user_3134cdf33ddc,FILM::Ipar Adalah Maut (2024),1,komentar
user_319abb93c313,FILM::Ipar Adalah Maut (2024),1,komentar
user_31ab97a81592,FILM::Ipar Adalah Maut (2024),1,komentar
user_321608610e66,FILM::Ipar Adalah Maut (2024),1,komentar
user_32af37e88162,FILM::Ipar Adalah Maut (2024),1,komentar
user_32ebd2321615,FILM::Ipar Adalah Maut (2024),1,komentar
user_3421633e4f88,FILM::Ipar Adalah Maut (2024),1,komentar
user_34a36166f0d5,FILM::Ipar Adalah Maut (2024),1,komentar
user_3541767426fb,FILM::Ipar Adalah Maut (2024),1,komentar
user_35e577bbb1fe,FILM::Ipar Adalah Maut (2024),1,komentar
user_3769efd8d2fc,FILM::Ipar Adalah Maut (2024),1,komentar
user_37a67b348568,FILM::Ipar Adalah Maut (2024),1,komentar
user_38817062ba13,FILM::Ipar Adalah Maut (2024),1,komentar
user_3891b0476632,FILM::Ipar Adalah Maut (2024),1,komentar
user_3908efb98c63,FILM::Ipar Adalah Maut (2024),1,komentar
user_39697ea2248f,FILM::Ipar Adalah Maut (2024),1,komentar
user_3a73dbdd3766,FILM::Ipar Adalah Maut (2024),2,komentar
user_3bf8065a82eb,FILM::Ipar Adalah Maut (2024),1,komentar
user_3bfe3fb41f9e,FILM::Ipar Adalah Maut (2024),1,komentar
user_3c01eb267c16,FILM::Ipar Adalah Maut (2024),1,komentar
user_3d1157eddb61,FILM::Ipar Adalah Maut (2024),1,komentar
user_3dcec8045b61,FILM::Ipar Adalah Maut (2024),1,komentar
user_3e00412c9df9,FILM::Ipar Adalah Maut (2024),1,komentar
user_3efd8f4aa8ac,FILM::Ipar Adalah Maut (2024),1,komentar
user_403f8c90993c,FILM::Ipar Adalah Maut (2024),1,komentar
user_428d7dae3e6e,FILM::Ipar Adalah Maut (2024),1,komentar
user_42a5c2163a69,FILM::Ipar Adalah Maut (2024),1,komentar
user_42b4ba4c7bc0,FILM::Ipar Adalah Maut (2024),1,komentar
user_42c5c7a39353,FILM::Ipar Adalah Maut (2024),1,komentar
user_47334977fa57,FILM::Ipar Adalah Maut (2024),1,komentar
user_476d96258ff2,FILM::Ipar Adalah Maut (2024),1,komentar
user_47af859700be,FILM::Ipar Adalah Maut (2024),1,komentar
user_490968f4c78a,FILM::Ipar Adalah Maut (2024),1,komentar
user_4d055d316925,FILM::Ipar Adalah Maut (2024),1,komentar
user_4d33e9d0d7b5,FILM::Ipar Adalah Maut (2024),2,komentar
user_4d7ddfd858fe,FILM::Ipar Adalah Maut (2024),1,komentar
user_4d820e19f12e,FILM::Ipar Adalah Maut (2024),1,komentar
user_50a483b25b43,FILM::Ipar Adalah Maut (2024),2,komentar
user_5107b8396a00,FILM::Ipar Adalah Maut (2024),1,komentar
user_51372ad57cf5,FILM::Ipar Adalah Maut (2024),1,komentar
user_528c2de7f474,FILM::Ipar Adalah Maut (2024),1,komentar
user_52ac84205c09,FILM::Ipar Adalah Maut (2024),1,komentar
user_52c2384e7b43,FILM::Ipar Adalah Maut (2024),1,komentar
user_5470f6c70cc6,FILM::Ipar Adalah Maut (2024),1,komentar
user_550142d701f8,FILM::Ipar Adalah Maut (2024),1,komentar
user_553ad026864a,FILM::Ipar Adalah Maut (2024),1,komentar
user_55c44b09d7c8,FILM::Ipar Adalah Maut (2024),2,komentar
user_563e0a221946,FILM::Ipar Adalah Maut (2024),1,komentar
user_5660e5e9604c,FILM::Ipar Adalah Maut (2024),1,komentar
user_5800c62da11d,FILM::Ipar Adalah Maut (2024),1,komentar
user_58ef53942040,FILM::Ipar Adalah Maut (2024),1,komentar
user_5a3db45e5973,FILM::Ipar Adalah Maut (2024),1,komentar
user_5a86e08d8437,FILM::Ipar Adalah Maut (2024),1,komentar
user_5b42295717ee,FILM::Ipar Adalah Maut (2024),1,komentar
user_5b56d127ed7f,FILM::Ipar Adalah Maut (2024),1,komentar
user_5bf45f275eaf,FILM::Ipar Adalah Maut (2024),1,komentar
user_5c620941496f,FILM::Ipar Adalah Maut (2024),1,komentar
user_5ccf4081bac3,FILM::Ipar Adalah Maut (2024),1,komentar
user_5d4764f664a3,FILM::Ipar Adalah Maut (2024),2,komentar
user_5da8454a639b,FILM::Ipar Adalah Maut (2024),1,komentar
user_5db300a6e618,FILM::Ipar Adalah Maut (2024),1,komentar
user_5faf892c33ba,FILM::Ipar Adalah Maut (2024),1,komentar
user_5fbc1659205f,FILM::Ipar Adalah Maut (2024),1,komentar
user_5fd1d8236386,FILM::Ipar Adalah Maut (2024),1,komentar
user_61c32f38ba39,FILM::Ipar Adalah Maut (2024),1,komentar
user_62ac102b6f85,FILM::Ipar Adalah Maut (2024),1,komentar
user_635d1d712d89,FILM::Ipar Adalah Maut (2024),1,komentar
user_640135ab7c67,FILM::Ipar Adalah Maut (2024),1,komentar
user_64389944dfd7,FILM::Ipar Adalah Maut (2024),1,komentar
user_644862e7b968,FILM::Ipar Adalah Maut (2024),1,komentar
user_64ad42d7667a,FILM::Ipar Adalah Maut (2024),1,komentar
user_65763346ad40,FILM::Ipar Adalah Maut (2024),1,komentar
user_65a5447709e5,FILM::Ipar Adalah Maut (2024),1,komentar
user_660be5b72cf9,FILM::Ipar Adalah Maut (2024),4,komentar
user_670ebf06532a,FILM::Ipar Adalah Maut (2024),1,komentar
user_67bc833f921a,FILM::Ipar Adalah Maut (2024),1,komentar
user_69eecafcc81a,FILM::Ipar Adalah Maut (2024),1,komentar
user_6ad01448732f,FILM::Ipar Adalah Maut (2024),1,komentar
user_6b66a3f58af9,FILM::Ipar Adalah Maut (2024),1,komentar
user_6c2df55f8db3,FILM::Ipar Adalah Maut (2024),1,komentar
user_6ef573680214,FILM::Ipar Adalah Maut (2024),1,komentar
user_70e91704fb52,FILM::Ipar Adalah Maut (2024),1,komentar
user_71d38286649e,FILM::Ipar Adalah Maut (2024),1,komentar
user_72aa8061aca2,FILM::Ipar Adalah Maut (2024),1,komentar
user_737f32109b4a,FILM::Ipar Adalah Maut (2024),1,komentar
user_73d0d99a0870,FILM::Ipar Adalah Maut (2024),1,komentar
user_76c006de159f,FILM::Ipar Adalah Maut (2024),8,komentar
user_771b586d4056,FILM::Ipar Adalah Maut (2024),1,komentar
user_77b817002df1,FILM::Ipar Adalah Maut (2024),1,komentar
user_784ff9576a5d,FILM::Ipar Adalah Maut (2024),1,komentar
user_79d9dcd7c7e0,FILM::Ipar Adalah Maut (2024),2,komentar
user_7bed80e42a6f,FILM::Ipar Adalah Maut (2024),1,komentar
user_7c4b8aea2b71,FILM::Ipar Adalah Maut (2024),1,komentar
user_7c8e3ab50bc6,FILM::Ipar Adalah Maut (2024),1,komentar
user_7d898a492a28,FILM::Ipar Adalah Maut (2024),1,komentar
user_7df6a78685ff,FILM::Ipar Adalah Maut (2024),1,komentar
user_7f0e43043273,FILM::Ipar Adalah Maut (2024),1,komentar
user_7f7302c3063b,FILM::Ipar Adalah Maut (2024),1,komentar
user_80ad4cc30e5c,FILM::Ipar Adalah Maut (2024),1,komentar
user_80c19a91329b,FILM::Ipar Adalah Maut (2024),1,komentar
user_8236e7e7b4a8,FILM::Ipar Adalah Maut (2024),1,komentar
user_844b1321d1a0,FILM::Ipar Adalah Maut (2024),1,komentar
user_863d52b182e8,FILM::Ipar Adalah Maut (2024),1,komentar
user_868078a8c730,FILM::Ipar Adalah Maut (2024),1,komentar
user_88ab8f4ce6c7,FILM::Ipar Adalah Maut (2024),1,komentar
user_8910e1312a69,FILM::Ipar Adalah Maut (2024),1,komentar
user_8a51026fd06c,FILM::Ipar Adalah Maut (2024),1,komentar
user_8b303d9c2589,FILM::Ipar Adalah Maut (2024),1,komentar
user_8c907ddfd174,FILM::Ipar Adalah Maut (2024),1,komentar
user_8cecf1e3f5e8,FILM::Ipar Adalah Maut (2024),1,komentar
user_8da89f320a4b,FILM::Ipar Adalah Maut (2024),1,komentar
user_8dc8836fc570,FILM::Ipar Adalah Maut (2024),1,komentar
user_8e18d9c8cedd,FILM::Ipar Adalah Maut (2024),1,komentar
user_8ff570cddd5d,FILM::Ipar Adalah Maut (2024),1,komentar
user_90479e57f186,FILM::Ipar Adalah Maut (2024),1,komentar
user_907236bcb810,FILM::Ipar Adalah Maut (2024),1,komentar
user_912c161c7077,FILM::Ipar Adalah Maut (2024),1,komentar
user_91990f401a0a,FILM::Ipar Adalah Maut (2024),1,komentar
user_91f5c7d4eecd,FILM::Ipar Adalah Maut (2024),1,komentar
user_9205eb9d7bce,FILM::Ipar Adalah Maut (2024),1,komentar
user_920e656ed25b,FILM::Ipar Adalah Maut (2024),1,komentar
user_922a13744bef,FILM::Ipar Adalah Maut (2024),1,komentar
user_923d78340b88,FILM::Ipar Adalah Maut (2024),1,komentar
user_929c380cfdf2,FILM::Ipar Adalah Maut (2024),2,komentar
user_92af888cd837,FILM::Ipar Adalah Maut (2024),1,komentar
user_92b1f38bb1a0,FILM::Ipar Adalah Maut (2024),1,komentar
user_932c506db4f4,FILM::Ipar Adalah Maut (2024),2,komentar
user_946a33abfa64,FILM::Ipar Adalah Maut (2024),1,komentar
user_94b32254650f,FILM::Ipar Adalah Maut (2024),1,komentar
user_94f4ae8efb17,FILM::Ipar Adalah Maut (2024),2,komentar
user_95dc9db7d6a2,FILM::Ipar Adalah Maut (2024),1,komentar
user_96ff91bbad48,FILM::Ipar Adalah Maut (2024),1,komentar
user_98697de3bf99,FILM::Ipar Adalah Maut (2024),1,komentar
user_98c683030e45,FILM::Ipar Adalah Maut (2024),1,komentar
user_994eb4f9d087,FILM::Ipar Adalah Maut (2024),1,komentar
user_99fd8da2fc1e,FILM::Ipar Adalah Maut (2024),1,komentar
user_9aea66e92302,FILM::Ipar Adalah Maut (2024),1,komentar
user_9aebd04cb96d,FILM::Ipar Adalah Maut (2024),1,komentar
user_9bf2b059895b,FILM::Ipar Adalah Maut (2024),1,komentar
user_9d9ef55cbfd3,FILM::Ipar Adalah Maut (2024),1,komentar
user_9e134a5d9bad,FILM::Ipar Adalah Maut (2024),1,komentar
user_9e319103d8d1,FILM::Ipar Adalah Maut (2024),1,komentar
user_9f66308f2e08,FILM::Ipar Adalah Maut (2024),1,komentar
user_a02149fc6fb8,FILM::Ipar Adalah Maut (2024),1,komentar
user_a18f1c05cc97,FILM::Ipar Adalah Maut (2024),4,komentar
user_a1a2aab2460a,FILM::Ipar Adalah Maut (2024),1,komentar
user_a20fad5048e4,FILM::Ipar Adalah Maut (2024),3,komentar
user_a221aefb8d61,FILM::Ipar Adalah Maut (2024),2,komentar
user_a3167d57b4e9,FILM::Ipar Adalah Maut (2024),1,komentar
user_a4f09cf23e01,FILM::Ipar Adalah Maut (2024),1,komentar
user_a64f4ce63ce4,FILM::Ipar Adalah Maut (2024),1,komentar
user_a783f1b2b3e7,FILM::Ipar Adalah Maut (2024),1,komentar
user_a7c53a9d5897,FILM::Ipar Adalah Maut (2024),1,komentar
user_a8345c367585,FILM::Ipar Adalah Maut (2024),2,komentar
user_a986c3be4a71,FILM::Ipar Adalah Maut (2024),1,komentar
user_a9f138a48ee1,FILM::Ipar Adalah Maut (2024),1,komentar
user_aadec6d017bd,FILM::Ipar Adalah Maut (2024),1,komentar
user_abd41c8efd98,FILM::Ipar Adalah Maut (2024),1,komentar
user_ac571da30ff3,FILM::Ipar Adalah Maut (2024),1,komentar
user_aca4c587b1e8,FILM::Ipar Adalah Maut (2024),1,komentar
user_ae566bcb2915,FILM::Ipar Adalah Maut (2024),1,komentar
user_aebb12328532,FILM::Ipar Adalah Maut (2024),1,komentar
user_af8aa2e85c52,FILM::Ipar Adalah Maut (2024),3,komentar
user_afac76845d71,FILM::Ipar Adalah Maut (2024),1,komentar
user_afca2c7ea0f9,FILM::Ipar Adalah Maut (2024),1,komentar
user_afe654d5f1d3,FILM::Ipar Adalah Maut (2024),1,komentar
user_b05340ec2065,FILM::Ipar Adalah Maut (2024),1,komentar
user_b0d96217c419,FILM::Ipar Adalah Maut (2024),1,komentar
user_b1ce8f5cad81,FILM::Ipar Adalah Maut (2024),1,komentar
user_b30b9511f17c,FILM::Ipar Adalah Maut (2024),2,komentar
user_b40d2c2dd62f,FILM::Ipar Adalah Maut (2024),1,komentar
user_b486f86825ba,FILM::Ipar Adalah Maut (2024),1,komentar
user_b4fe4c5053ac,FILM::Ipar Adalah Maut (2024),1,komentar
user_b50f2f3ecda2,FILM::Ipar Adalah Maut (2024),1,komentar
user_b5a2010b1c8a,FILM::Ipar Adalah Maut (2024),1,komentar
user_b5b71e3082ef,FILM::Ipar Adalah Maut (2024),1,komentar
user_b634a58291a7,FILM::Ipar Adalah Maut (2024),1,komentar
user_b656c08eb723,FILM::Ipar Adalah Maut (2024),1,komentar
user_b6efc9634024,FILM::Ipar Adalah Maut (2024),1,komentar
user_b7b2b21f17ab,FILM::Ipar Adalah Maut (2024),1,komentar
user_b7b514233460,FILM::Ipar Adalah Maut (2024),1,komentar
user_b7c36e77a9ab,FILM::Ipar Adalah Maut (2024),1,komentar
user_b861cb9f5393,FILM::Ipar Adalah Maut (2024),1,komentar
user_b91e420767fa,FILM::Ipar Adalah Maut (2024),2,komentar
user_ba06a8366c03,FILM::Ipar Adalah Maut (2024),1,komentar
user_bb5367f14496,FILM::Ipar Adalah Maut (2024),1,komentar
user_bb8bffe5d426,FILM::Ipar Adalah Maut (2024),1,komentar
user_bba3e5abf1c2,FILM::Ipar Adalah Maut (2024),1,komentar
user_bcc621201bb8,FILM::Ipar Adalah Maut (2024),1,komentar
user_bd362851eddd,FILM::Ipar Adalah Maut (2024),1,komentar
user_be1790014407,FILM::Ipar Adalah Maut (2024),1,komentar
user_bf8b813edd69,FILM::Ipar Adalah Maut (2024),1,komentar
user_c2d44dfe2178,FILM::Ipar Adalah Maut (2024),1,komentar
user_c3493483801e,FILM::Ipar Adalah Maut (2024),1,komentar
user_c40ab6c441a8,FILM::Ipar Adalah Maut (2024),1,komentar
user_c5ca1bbe3ad9,FILM::Ipar Adalah Maut (2024),1,komentar
user_c5febe9114f7,FILM::Ipar Adalah Maut (2024),5,komentar
user_c6216e359277,FILM::Ipar Adalah Maut (2024),1,komentar
user_c6d9606af566,FILM::Ipar Adalah Maut (2024),1,komentar
user_c721f7545ca9,FILM::Ipar Adalah Maut (2024),1,komentar
user_c7daefed0dec,FILM::Ipar Adalah Maut (2024),1,komentar
user_c7f436d87015,FILM::Ipar Adalah Maut (2024),1,komentar
user_c808fe4d19f0,FILM::Ipar Adalah Maut (2024),1,komentar
user_c82415e20398,FILM::Ipar Adalah Maut (2024),1,komentar
user_c85839768b61,FILM::Ipar Adalah Maut (2024),1,komentar
user_c916f2fd4b3b,FILM::Ipar Adalah Maut (2024),1,komentar
user_c9cf26f79672,FILM::Ipar Adalah Maut (2024),1,komentar
user_c9fe524f6525,FILM::Ipar Adalah Maut (2024),1,komentar
user_cab1ff992c1a,FILM::Ipar Adalah Maut (2024),1,komentar
user_cb392fcb6777,FILM::Ipar Adalah Maut (2024),1,komentar
user_cbe7f4baba13,FILM::Ipar Adalah Maut (2024),1,komentar
user_cce1c3301270,FILM::Ipar Adalah Maut (2024),1,komentar
user_ceb3855c810d,FILM::Ipar Adalah Maut (2024),1,komentar
user_cece1ec71239,FILM::Ipar Adalah Maut (2024),1,komentar
user_cf437c62cf9b,FILM::Ipar Adalah Maut (2024),1,komentar
user_d0ae40cce069,FILM::Ipar Adalah Maut (2024),1,komentar
user_d11bd2b86574,FILM::Ipar Adalah Maut (2024),1,komentar
user_d14ea1296243,FILM::Ipar Adalah Maut (2024),1,komentar
user_d1778552e7ea,FILM::Ipar Adalah Maut (2024),1,komentar
user_d1c81762d350,FILM::Ipar Adalah Maut (2024),1,komentar
user_d2df847e70e1,FILM::Ipar Adalah Maut (2024),1,komentar
user_d37423433fbd,FILM::Ipar Adalah Maut (2024),1,komentar
user_d3e82dd3e655,FILM::Ipar Adalah Maut (2024),1,komentar
user_d562816bd2f1,FILM::Ipar Adalah Maut (2024),1,komentar
user_d76d366440de,FILM::Ipar Adalah Maut (2024),1,komentar
user_d974986e1863,FILM::Ipar Adalah Maut (2024),2,komentar
user_d99e4986f0e3,FILM::Ipar Adalah Maut (2024),1,komentar
user_da0366b52b50,FILM::Ipar Adalah Maut (2024),1,komentar
user_dbf7e351b178,FILM::Ipar Adalah Maut (2024),1,komentar
user_dbfe820c0279,FILM::Ipar Adalah Maut (2024),1,komentar
user_dd06601f04f7,FILM::Ipar Adalah Maut (2024),1,komentar
user_ddf17d80569d,FILM::Ipar Adalah Maut (2024),1,komentar
user_df2676b7ee50,FILM::Ipar Adalah Maut (2024),1,komentar
user_df87b63bdb74,FILM::Ipar Adalah Maut (2024),1,komentar
user_dfd18280af64,FILM::Ipar Adalah Maut (2024),1,komentar
user_dfeef14e5d8b,FILM::Ipar Adalah Maut (2024),1,komentar
user_e0d720794fba,FILM::Ipar Adalah Maut (2024),1,komentar
user_e1185afb5c89,FILM::Ipar Adalah Maut (2024),1,komentar
user_e1420f5994b8,FILM::Ipar Adalah Maut (2024),1,komentar
user_e1fd446a3015,FILM::Ipar Adalah Maut (2024),3,komentar
user_e2f0e940aedb,FILM::Ipar Adalah Maut (2024),1,komentar
user_e315d8f2f27f,FILM::Ipar Adalah Maut (2024),1,komentar
user_e45d9a0a2935,FILM::Ipar Adalah Maut (2024),1,komentar
user_e49959633c3f,FILM::Ipar Adalah Maut (2024),1,komentar
user_e4eae322223c,FILM::Ipar Adalah Maut (2024),1,komentar
user_e7675341d928,FILM::Ipar Adalah Maut (2024),1,komentar
user_e7abb993765e,FILM::Ipar Adalah Maut (2024),1,komentar
user_e7d2a8070da1,FILM::Ipar Adalah Maut (2024),1,komentar
user_e817e16b4a1a,FILM::Ipar Adalah Maut (2024),1,komentar
user_e8af6dd688d1,FILM::Ipar Adalah Maut (2024),1,komentar
user_e9bc2f4f4d83,FILM::Ipar Adalah Maut (2024),1,komentar
user_e9cbd64bd4c4,FILM::Ipar Adalah Maut (2024),1,komentar
user_eabe5d9498bc,FILM::Ipar Adalah Maut (2024),1,komentar
user_eae234409828,FILM::Ipar Adalah Maut (2024),1,komentar
user_ec5d149a242a,FILM::Ipar Adalah Maut (2024),1,komentar
user_ed8daf246642,FILM::Ipar Adalah Maut (2024),1,komentar
user_ee77520c4b47,FILM::Ipar Adalah Maut (2024),2,komentar
user_ef292a1bed8a,FILM::Ipar Adalah Maut (2024),1,komentar
user_f1267cfa3eb0,FILM::Ipar Adalah Maut (2024),1,komentar
user_f15a4e49c1e3,FILM::Ipar Adalah Maut (2024),1,komentar
user_f228e2a99142,FILM::Ipar Adalah Maut (2024),1,komentar
user_f2bdced2d39b,FILM::Ipar Adalah Maut (2024),1,komentar
user_f2ddaa298b75,FILM::Ipar Adalah Maut (2024),1,komentar
user_f34d88eff457,FILM::Ipar Adalah Maut (2024),1,komentar
user_f39692dff046,FILM::Ipar Adalah Maut (2024),1,komentar
user_f466fd0561d2,FILM::Ipar Adalah Maut (2024),1,komentar
user_f50943cd37e4,FILM::Ipar Adalah Maut (2024),3,komentar
user_f6a84d670bf3,FILM::Ipar Adalah Maut (2024),1,komentar
user_f7fb903f3184,FILM::Ipar Adalah Maut (2024),1,komentar
user_fa33971633d8,FILM::Ipar Adalah Maut (2024),1,komentar
user_fa6b0f2c5d53,FILM::Ipar Adalah Maut (2024),1,komentar
user_faa086fec6a5,FILM::Ipar Adalah Maut (2024),1,komentar
user_faf05e739bd3,FILM::Ipar Adalah Maut (2024),1,komentar
user_fc2b081d6ae8,FILM::Ipar Adalah Maut (2024),1,komentar
user_fcf88c542974,FILM::Ipar Adalah Maut (2024),1,komentar
user_fde0580c4582,FILM::Ipar Adalah Maut (2024),1,komentar
user_ff02fe0ada54,FILM::Ipar Adalah Maut (2024),1,komentar
user_ff2e33cd9058,FILM::Ipar Adalah Maut (2024),1,komentar
user_01d9ef6057cd,FILM::Janur Ireng: Sewu Dino Prequel (2025/2026),1,komentar
user_023749760d0d,FILM::Janur Ireng: Sewu Dino Prequel (2025/2026),1,komentar
user_0294a1f31122,FILM::Janur Ireng: Sewu Dino Prequel (2025/2026),3,komentar
user_02a9336a385d,FILM::Janur Ireng: Sewu Dino Prequel (2025/2026),1,komentar
user_02db5dbf86e8,FILM::Janur Ireng: Sewu Dino Prequel (2025/2026),1,komentar
user_03daee22982c,FILM::Janur Ireng: Sewu Dino Prequel (2025/2026),1,komentar
user_03dc569d1a23,FILM::Janur Ireng: Sewu Dino Prequel (2025/2026),1,komentar
user_050044f24052,FILM::Janur Ireng: Sewu Dino Prequel (2025/2026),1,komentar
user_06b694a22df8,FILM::Janur Ireng: Sewu Dino Prequel (2025/2026),1,komentar
user_06d9136131ff,FILM::Janur Ireng: Sewu Dino Prequel (2025/2026),1,komentar
user_0727e9e16e0d,FILM::Janur Ireng: Sewu Dino Prequel (2025/2026),1,komentar
user_081963a5024a,FILM::Janur Ireng: Sewu Dino Prequel (2025/2026),1,komentar
user_08b73396b34a,FILM::Janur Ireng: Sewu Dino Prequel (2025/2026),2,komentar
user_08db2ce24db7,FILM::Janur Ireng: Sewu Dino Prequel (2025/2026),1,komentar
user_0bf8280e8152,FILM::Janur Ireng: Sewu Dino Prequel (2025/2026),2,komentar
user_0cf745d12367,FILM::Janur Ireng: Sewu Dino Prequel (2025/2026),1,komentar
user_0db2025da8a3,FILM::Janur Ireng: Sewu Dino Prequel (2025/2026),1,komentar
user_0e173bb09440,FILM::Janur Ireng: Sewu Dino Prequel (2025/2026),1,komentar
user_0ea686409c23,FILM::Janur Ireng: Sewu Dino Prequel (2025/2026),1,komentar
user_0eccabe71a01,FILM::Janur Ireng: Sewu Dino Prequel (2025/2026),1,komentar
user_0f1ce6b5b282,FILM::Janur Ireng: Sewu Dino Prequel (2025/2026),1,komentar
user_1066da675cd2,FILM::Janur Ireng: Sewu Dino Prequel (2025/2026),1,komentar
user_10b15584573b,FILM::Janur Ireng: Sewu Dino Prequel (2025/2026),1,komentar
user_10d1cf36abec,FILM::Janur Ireng: Sewu Dino Prequel (2025/2026),1,komentar
user_10e4040b097b,FILM::Janur Ireng: Sewu Dino Prequel (2025/2026),1,komentar
user_11c55e75c824,FILM::Janur Ireng: Sewu Dino Prequel (2025/2026),1,komentar
user_11f10705e6cb,FILM::Janur Ireng: Sewu Dino Prequel (2025/2026),1,komentar
user_11fc6500ee4c,FILM::Janur Ireng: Sewu Dino Prequel (2025/2026),1,komentar
user_1250ac57601b,FILM::Janur Ireng: Sewu Dino Prequel (2025/2026),1,komentar
user_12c2ebb06db6,FILM::Janur Ireng: Sewu Dino Prequel (2025/2026),1,komentar
user_135f9f4019d2,FILM::Janur Ireng: Sewu Dino Prequel (2025/2026),1,komentar
user_1473171d874e,FILM::Janur Ireng: Sewu Dino Prequel (2025/2026),1,komentar
user_148cc652a13a,FILM::Janur Ireng: Sewu Dino Prequel (2025/2026),1,komentar
user_16ab553c29dd,FILM::Janur Ireng: Sewu Dino Prequel (2025/2026),1,komentar
user_178f86c72c80,FILM::Janur Ireng: Sewu Dino Prequel (2025/2026),1,komentar
user_17937f97b5e6,FILM::Janur Ireng: Sewu Dino Prequel (2025/2026),2,komentar
user_1802bf8b743b,FILM::Janur Ireng: Sewu Dino Prequel (2025/2026),1,komentar
user_19f4796c6496,FILM::Janur Ireng: Sewu Dino Prequel (2025/2026),1,komentar
user_19f5fc8e62ba,FILM::Janur Ireng: Sewu Dino Prequel (2025/2026),3,komentar
user_1a79821c0948,FILM::Janur Ireng: Sewu Dino Prequel (2025/2026),1,komentar
user_1b69d39d1acc,FILM::Janur Ireng: Sewu Dino Prequel (2025/2026),2,komentar
user_1cc8b8bf8e5c,FILM::Janur Ireng: Sewu Dino Prequel (2025/2026),1,komentar
user_1d1a1e636f77,FILM::Janur Ireng: Sewu Dino Prequel (2025/2026),2,komentar
user_1da90fa3810a,FILM::Janur Ireng: Sewu Dino Prequel (2025/2026),1,komentar
user_1e31c741cb96,FILM::Janur Ireng: Sewu Dino Prequel (2025/2026),1,komentar
user_1e4c99923d63,FILM::Janur Ireng: Sewu Dino Prequel (2025/2026),2,komentar
user_1e924445be82,FILM::Janur Ireng: Sewu Dino Prequel (2025/2026),1,komentar
user_204880342754,FILM::Janur Ireng: Sewu Dino Prequel (2025/2026),3,komentar
user_2061bbc8c848,FILM::Janur Ireng: Sewu Dino Prequel (2025/2026),1,komentar
user_2079bddbb0c6,FILM::Janur Ireng: Sewu Dino Prequel (2025/2026),2,komentar
user_2085813e949b,FILM::Janur Ireng: Sewu Dino Prequel (2025/2026),1,komentar
user_208d89ba0895,FILM::Janur Ireng: Sewu Dino Prequel (2025/2026),6,komentar
user_20b04fe05c08,FILM::Janur Ireng: Sewu Dino Prequel (2025/2026),2,komentar
user_20cfcd243263,FILM::Janur Ireng: Sewu Dino Prequel (2025/2026),2,komentar
user_2122f121307d,FILM::Janur Ireng: Sewu Dino Prequel (2025/2026),1,komentar
user_216f69883857,FILM::Janur Ireng: Sewu Dino Prequel (2025/2026),1,komentar
user_21e323bb0728,FILM::Janur Ireng: Sewu Dino Prequel (2025/2026),1,komentar
user_22c95034703d,FILM::Janur Ireng: Sewu Dino Prequel (2025/2026),1,komentar
user_239af3ed44e0,FILM::Janur Ireng: Sewu Dino Prequel (2025/2026),1,komentar
user_2542b69836de,FILM::Janur Ireng: Sewu Dino Prequel (2025/2026),1,komentar
user_25e13449cf1f,FILM::Janur Ireng: Sewu Dino Prequel (2025/2026),1,komentar
user_2675feb1555a,FILM::Janur Ireng: Sewu Dino Prequel (2025/2026),1,komentar
user_270fbe18f71d,FILM::Janur Ireng: Sewu Dino Prequel (2025/2026),1,komentar
user_27786b6df926,FILM::Janur Ireng: Sewu Dino Prequel (2025/2026),1,komentar
user_2864f0a42f3b,FILM::Janur Ireng: Sewu Dino Prequel (2025/2026),3,komentar
user_28c4db7b3022,FILM::Janur Ireng: Sewu Dino Prequel (2025/2026),1,komentar
user_28eafeb0022f,FILM::Janur Ireng: Sewu Dino Prequel (2025/2026),1,komentar
user_29ca87b6aedd,FILM::Janur Ireng: Sewu Dino Prequel (2025/2026),1,komentar
user_2a6b8ab6027b,FILM::Janur Ireng: Sewu Dino Prequel (2025/2026),1,komentar
user_2be3133865ca,FILM::Janur Ireng: Sewu Dino Prequel (2025/2026),1,komentar
user_2d6c09bb6f04,FILM::Janur Ireng: Sewu Dino Prequel (2025/2026),1,komentar
user_2f3e19c71262,FILM::Janur Ireng: Sewu Dino Prequel (2025/2026),1,komentar
user_2fd52e3e7d05,FILM::Janur Ireng: Sewu Dino Prequel (2025/2026),1,komentar
user_2fe795126d82,FILM::Janur Ireng: Sewu Dino Prequel (2025/2026),1,komentar
user_3021137403fb,FILM::Janur Ireng: Sewu Dino Prequel (2025/2026),1,komentar
user_30a00005aa2f,FILM::Janur Ireng: Sewu Dino Prequel (2025/2026),1,komentar
user_31400dc904bb,FILM::Janur Ireng: Sewu Dino Prequel (2025/2026),1,komentar
user_315e4cd8988f,FILM::Janur Ireng: Sewu Dino Prequel (2025/2026),1,komentar
user_31b5e998ad57,FILM::Janur Ireng: Sewu Dino Prequel (2025/2026),1,komentar
user_32462d0378e9,FILM::Janur Ireng: Sewu Dino Prequel (2025/2026),1,komentar
user_32794954e034,FILM::Janur Ireng: Sewu Dino Prequel (2025/2026),1,komentar
user_3310aca88d3e,FILM::Janur Ireng: Sewu Dino Prequel (2025/2026),1,komentar
user_337016c68604,FILM::Janur Ireng: Sewu Dino Prequel (2025/2026),1,komentar
user_34a36166f0d5,FILM::Janur Ireng: Sewu Dino Prequel (2025/2026),1,komentar
user_34bc94963a24,FILM::Janur Ireng: Sewu Dino Prequel (2025/2026),1,komentar
user_3592a51dcf42,FILM::Janur Ireng: Sewu Dino Prequel (2025/2026),1,komentar
user_35aad0c8687d,FILM::Janur Ireng: Sewu Dino Prequel (2025/2026),1,komentar
user_361b53b4ab7d,FILM::Janur Ireng: Sewu Dino Prequel (2025/2026),1,komentar
user_365131a59add,FILM::Janur Ireng: Sewu Dino Prequel (2025/2026),1,komentar
user_36c484694e0c,FILM::Janur Ireng: Sewu Dino Prequel (2025/2026),1,komentar
user_36de804a40f1,FILM::Janur Ireng: Sewu Dino Prequel (2025/2026),1,komentar
user_3763bff950e4,FILM::Janur Ireng: Sewu Dino Prequel (2025/2026),1,komentar
user_37f31f99ebb4,FILM::Janur Ireng: Sewu Dino Prequel (2025/2026),1,komentar
user_38717503f8d9,FILM::Janur Ireng: Sewu Dino Prequel (2025/2026),1,komentar
user_392bb7d45dd5,FILM::Janur Ireng: Sewu Dino Prequel (2025/2026),1,komentar
user_392de327894b,FILM::Janur Ireng: Sewu Dino Prequel (2025/2026),1,komentar
user_39692a746b3c,FILM::Janur Ireng: Sewu Dino Prequel (2025/2026),1,komentar
user_39acbbf56916,FILM::Janur Ireng: Sewu Dino Prequel (2025/2026),1,komentar
user_39c43d88f657,FILM::Janur Ireng: Sewu Dino Prequel (2025/2026),2,komentar
user_3a66a750c943,FILM::Janur Ireng: Sewu Dino Prequel (2025/2026),1,komentar
user_3a6790315d1f,FILM::Janur Ireng: Sewu Dino Prequel (2025/2026),1,komentar
user_3b3933131c11,FILM::Janur Ireng: Sewu Dino Prequel (2025/2026),1,komentar
user_3c83bea626a0,FILM::Janur Ireng: Sewu Dino Prequel (2025/2026),1,komentar
user_3cb37eda3fa4,FILM::Janur Ireng: Sewu Dino Prequel (2025/2026),1,komentar
user_3cc548443a12,FILM::Janur Ireng: Sewu Dino Prequel (2025/2026),2,komentar
user_3f31a6057b09,FILM::Janur Ireng: Sewu Dino Prequel (2025/2026),1,komentar
user_3f5df0d65f23,FILM::Janur Ireng: Sewu Dino Prequel (2025/2026),3,komentar
user_3f6ae773e0ee,FILM::Janur Ireng: Sewu Dino Prequel (2025/2026),1,komentar
user_3f9cb0fd81be,FILM::Janur Ireng: Sewu Dino Prequel (2025/2026),1,komentar
user_409dfc479011,FILM::Janur Ireng: Sewu Dino Prequel (2025/2026),1,komentar
user_440cd55995f7,FILM::Janur Ireng: Sewu Dino Prequel (2025/2026),1,komentar
user_44992e71404d,FILM::Janur Ireng: Sewu Dino Prequel (2025/2026),1,komentar
user_45188594bd2b,FILM::Janur Ireng: Sewu Dino Prequel (2025/2026),1,komentar
user_4528fc9aa5be,FILM::Janur Ireng: Sewu Dino Prequel (2025/2026),3,komentar
user_4576cbe3108f,FILM::Janur Ireng: Sewu Dino Prequel (2025/2026),1,komentar
user_45af7e765269,FILM::Janur Ireng: Sewu Dino Prequel (2025/2026),1,komentar
user_45c1420ce449,FILM::Janur Ireng: Sewu Dino Prequel (2025/2026),1,komentar
user_45ec53163843,FILM::Janur Ireng: Sewu Dino Prequel (2025/2026),1,komentar
user_4704b6c19453,FILM::Janur Ireng: Sewu Dino Prequel (2025/2026),1,komentar
user_472f47b81a4c,FILM::Janur Ireng: Sewu Dino Prequel (2025/2026),1,komentar
user_475e8e038614,FILM::Janur Ireng: Sewu Dino Prequel (2025/2026),1,komentar
user_47a803c124ee,FILM::Janur Ireng: Sewu Dino Prequel (2025/2026),1,komentar
user_4816411e2c00,FILM::Janur Ireng: Sewu Dino Prequel (2025/2026),1,komentar
user_48f7c6919a3b,FILM::Janur Ireng: Sewu Dino Prequel (2025/2026),1,komentar
user_499ea14e0761,FILM::Janur Ireng: Sewu Dino Prequel (2025/2026),1,komentar
user_49a5bd560c5e,FILM::Janur Ireng: Sewu Dino Prequel (2025/2026),1,komentar
user_49f852fdb5be,FILM::Janur Ireng: Sewu Dino Prequel (2025/2026),1,komentar
user_4a50a2ff2d27,FILM::Janur Ireng: Sewu Dino Prequel (2025/2026),1,komentar
user_4a68ffbf682b,FILM::Janur Ireng: Sewu Dino Prequel (2025/2026),1,komentar
user_4a70e735f565,FILM::Janur Ireng: Sewu Dino Prequel (2025/2026),1,komentar
user_4b292061d0b6,FILM::Janur Ireng: Sewu Dino Prequel (2025/2026),1,komentar
user_4b5132ed0108,FILM::Janur Ireng: Sewu Dino Prequel (2025/2026),1,komentar
user_4bf63ff6b665,FILM::Janur Ireng: Sewu Dino Prequel (2025/2026),1,komentar
user_4c677be9bd55,FILM::Janur Ireng: Sewu Dino Prequel (2025/2026),1,komentar
user_4df1134fc0ef,FILM::Janur Ireng: Sewu Dino Prequel (2025/2026),2,komentar
user_4ea7a3f16166,FILM::Janur Ireng: Sewu Dino Prequel (2025/2026),1,komentar
user_4ee8158fae66,FILM::Janur Ireng: Sewu Dino Prequel (2025/2026),1,komentar
user_4f04cae52996,FILM::Janur Ireng: Sewu Dino Prequel (2025/2026),1,komentar
user_4f427658fc2f,FILM::Janur Ireng: Sewu Dino Prequel (2025/2026),1,komentar
user_4fa40982a996,FILM::Janur Ireng: Sewu Dino Prequel (2025/2026),1,komentar
user_51ac5bbf426f,FILM::Janur Ireng: Sewu Dino Prequel (2025/2026),1,komentar
user_51b2cc479477,FILM::Janur Ireng: Sewu Dino Prequel (2025/2026),7,komentar
user_51fc647574ad,FILM::Janur Ireng: Sewu Dino Prequel (2025/2026),1,komentar
user_52f8593af6cb,FILM::Janur Ireng: Sewu Dino Prequel (2025/2026),1,komentar
user_5391457deb51,FILM::Janur Ireng: Sewu Dino Prequel (2025/2026),1,komentar
user_549843f52208,FILM::Janur Ireng: Sewu Dino Prequel (2025/2026),1,komentar
user_54d4659b56b0,FILM::Janur Ireng: Sewu Dino Prequel (2025/2026),1,komentar
user_564ec40ccbb6,FILM::Janur Ireng: Sewu Dino Prequel (2025/2026),1,komentar
user_56a838b4a36d,FILM::Janur Ireng: Sewu Dino Prequel (2025/2026),1,komentar
user_56cbf18dff24,FILM::Janur Ireng: Sewu Dino Prequel (2025/2026),1,komentar
user_56cfd28d6353,FILM::Janur Ireng: Sewu Dino Prequel (2025/2026),1,komentar
user_5738119cae92,FILM::Janur Ireng: Sewu Dino Prequel (2025/2026),1,komentar
user_579c28683e3f,FILM::Janur Ireng: Sewu Dino Prequel (2025/2026),1,komentar
user_581122544239,FILM::Janur Ireng: Sewu Dino Prequel (2025/2026),1,komentar
user_587c214f5c55,FILM::Janur Ireng: Sewu Dino Prequel (2025/2026),1,komentar
user_5883ca410a9b,FILM::Janur Ireng: Sewu Dino Prequel (2025/2026),1,komentar
user_5972e24700ab,FILM::Janur Ireng: Sewu Dino Prequel (2025/2026),1,komentar
user_5a2717d0f7b2,FILM::Janur Ireng: Sewu Dino Prequel (2025/2026),1,komentar
user_5a4c53dd7abe,FILM::Janur Ireng: Sewu Dino Prequel (2025/2026),2,komentar
user_5a88c86499e0,FILM::Janur Ireng: Sewu Dino Prequel (2025/2026),1,komentar
user_5cf835804356,FILM::Janur Ireng: Sewu Dino Prequel (2025/2026),1,komentar
user_5db06db13f18,FILM::Janur Ireng: Sewu Dino Prequel (2025/2026),1,komentar
user_5e06966e7386,FILM::Janur Ireng: Sewu Dino Prequel (2025/2026),1,komentar
user_5e06dc2a4e4d,FILM::Janur Ireng: Sewu Dino Prequel (2025/2026),1,komentar
user_6197839d8034,FILM::Janur Ireng: Sewu Dino Prequel (2025/2026),2,komentar
user_621cfe41d6f9,FILM::Janur Ireng: Sewu Dino Prequel (2025/2026),1,komentar
user_62200ab286e5,FILM::Janur Ireng: Sewu Dino Prequel (2025/2026),1,komentar
user_63aa91d9d2ff,FILM::Janur Ireng: Sewu Dino Prequel (2025/2026),1,komentar
user_64131a337f0f,FILM::Janur Ireng: Sewu Dino Prequel (2025/2026),1,komentar
user_641d223806e3,FILM::Janur Ireng: Sewu Dino Prequel (2025/2026),1,komentar
user_6542c24fc364,FILM::Janur Ireng: Sewu Dino Prequel (2025/2026),1,komentar
user_656da92bffbf,FILM::Janur Ireng: Sewu Dino Prequel (2025/2026),1,komentar
user_65eb91c04d10,FILM::Janur Ireng: Sewu Dino Prequel (2025/2026),1,komentar
user_6773eb3f6d77,FILM::Janur Ireng: Sewu Dino Prequel (2025/2026),1,komentar
user_678e4236028c,FILM::Janur Ireng: Sewu Dino Prequel (2025/2026),1,komentar
user_6791ed93a930,FILM::Janur Ireng: Sewu Dino Prequel (2025/2026),1,komentar
user_679df7d19042,FILM::Janur Ireng: Sewu Dino Prequel (2025/2026),1,komentar
user_69523617946a,FILM::Janur Ireng: Sewu Dino Prequel (2025/2026),1,komentar
user_69567095844e,FILM::Janur Ireng: Sewu Dino Prequel (2025/2026),1,komentar
user_696e7818e4de,FILM::Janur Ireng: Sewu Dino Prequel (2025/2026),1,komentar
user_69988f13795c,FILM::Janur Ireng: Sewu Dino Prequel (2025/2026),1,komentar
user_6a11032b95b8,FILM::Janur Ireng: Sewu Dino Prequel (2025/2026),1,komentar
user_6a82a65e5a09,FILM::Janur Ireng: Sewu Dino Prequel (2025/2026),2,komentar
user_6ab636df9a2d,FILM::Janur Ireng: Sewu Dino Prequel (2025/2026),1,komentar
user_6b39d87e8a66,FILM::Janur Ireng: Sewu Dino Prequel (2025/2026),1,komentar
user_6baaa3df5406,FILM::Janur Ireng: Sewu Dino Prequel (2025/2026),1,komentar
user_6c5a4273b217,FILM::Janur Ireng: Sewu Dino Prequel (2025/2026),1,komentar
user_6c7659fe69e6,FILM::Janur Ireng: Sewu Dino Prequel (2025/2026),2,komentar
user_6cedc099eced,FILM::Janur Ireng: Sewu Dino Prequel (2025/2026),1,komentar
user_6dcc7c919d6e,FILM::Janur Ireng: Sewu Dino Prequel (2025/2026),2,komentar
user_6dfa7eb16a11,FILM::Janur Ireng: Sewu Dino Prequel (2025/2026),1,komentar
user_6ea2ea1545cc,FILM::Janur Ireng: Sewu Dino Prequel (2025/2026),3,komentar
user_709f84e5ad9e,FILM::Janur Ireng: Sewu Dino Prequel (2025/2026),1,komentar
user_70bec2b0dad2,FILM::Janur Ireng: Sewu Dino Prequel (2025/2026),1,komentar
user_7107298e3969,FILM::Janur Ireng: Sewu Dino Prequel (2025/2026),2,komentar
user_71173344ea55,FILM::Janur Ireng: Sewu Dino Prequel (2025/2026),1,komentar
user_71f288cef81b,FILM::Janur Ireng: Sewu Dino Prequel (2025/2026),1,komentar
user_72cdcdbbacb4,FILM::Janur Ireng: Sewu Dino Prequel (2025/2026),1,komentar
user_749534c13f96,FILM::Janur Ireng: Sewu Dino Prequel (2025/2026),1,komentar
user_75a502654238,FILM::Janur Ireng: Sewu Dino Prequel (2025/2026),1,komentar
user_75d908bba58f,FILM::Janur Ireng: Sewu Dino Prequel (2025/2026),1,komentar
user_76a96f0f0f48,FILM::Janur Ireng: Sewu Dino Prequel (2025/2026),1,komentar
user_76b080ee6a02,FILM::Janur Ireng: Sewu Dino Prequel (2025/2026),1,komentar
user_77706adbb522,FILM::Janur Ireng: Sewu Dino Prequel (2025/2026),1,komentar
user_77c93df69434,FILM::Janur Ireng: Sewu Dino Prequel (2025/2026),1,komentar
user_77ee03a9c982,FILM::Janur Ireng: Sewu Dino Prequel (2025/2026),2,komentar
user_7891cebe4a60,FILM::Janur Ireng: Sewu Dino Prequel (2025/2026),1,komentar
user_78eb2f00ea49,FILM::Janur Ireng: Sewu Dino Prequel (2025/2026),1,komentar
user_79763f14714e,FILM::Janur Ireng: Sewu Dino Prequel (2025/2026),1,komentar
user_7a6dde9131fc,FILM::Janur Ireng: Sewu Dino Prequel (2025/2026),1,komentar
user_7ab816dd8f92,FILM::Janur Ireng: Sewu Dino Prequel (2025/2026),1,komentar
user_7ba588a179b8,FILM::Janur Ireng: Sewu Dino Prequel (2025/2026),1,komentar
user_7c08a20f49be,FILM::Janur Ireng: Sewu Dino Prequel (2025/2026),1,komentar
user_7d064f33725e,FILM::Janur Ireng: Sewu Dino Prequel (2025/2026),1,komentar
user_7d6c3e0e5ac7,FILM::Janur Ireng: Sewu Dino Prequel (2025/2026),1,komentar
user_7d8765d297d2,FILM::Janur Ireng: Sewu Dino Prequel (2025/2026),1,komentar
user_7ee637cd32b9,FILM::Janur Ireng: Sewu Dino Prequel (2025/2026),1,komentar
user_7ef19a8ddaa5,FILM::Janur Ireng: Sewu Dino Prequel (2025/2026),1,komentar
user_7f4eaa01dd94,FILM::Janur Ireng: Sewu Dino Prequel (2025/2026),1,komentar
user_7f765a6aeff4,FILM::Janur Ireng: Sewu Dino Prequel (2025/2026),1,komentar
user_7fab4257ea50,FILM::Janur Ireng: Sewu Dino Prequel (2025/2026),2,komentar
user_80b367866cb2,FILM::Janur Ireng: Sewu Dino Prequel (2025/2026),1,komentar
user_8117e370a75e,FILM::Janur Ireng: Sewu Dino Prequel (2025/2026),1,komentar
user_81cb532f72ed,FILM::Janur Ireng: Sewu Dino Prequel (2025/2026),2,komentar
user_826efa49c95b,FILM::Janur Ireng: Sewu Dino Prequel (2025/2026),2,komentar
user_830bf7173dac,FILM::Janur Ireng: Sewu Dino Prequel (2025/2026),1,komentar
user_831ed0dd2491,FILM::Janur Ireng: Sewu Dino Prequel (2025/2026),2,komentar
user_83253be1a4b8,FILM::Janur Ireng: Sewu Dino Prequel (2025/2026),3,komentar
user_838878e68eee,FILM::Janur Ireng: Sewu Dino Prequel (2025/2026),1,komentar
user_8432c3620b56,FILM::Janur Ireng: Sewu Dino Prequel (2025/2026),1,komentar
user_84974d88ac2f,FILM::Janur Ireng: Sewu Dino Prequel (2025/2026),2,komentar
user_84b13ae768a7,FILM::Janur Ireng: Sewu Dino Prequel (2025/2026),1,komentar
user_8512a2f86049,FILM::Janur Ireng: Sewu Dino Prequel (2025/2026),1,komentar
user_8590b2009265,FILM::Janur Ireng: Sewu Dino Prequel (2025/2026),1,komentar
user_85fe9ba58c50,FILM::Janur Ireng: Sewu Dino Prequel (2025/2026),1,komentar
user_86cfd2822e32,FILM::Janur Ireng: Sewu Dino Prequel (2025/2026),1,komentar
user_871c7d3bd789,FILM::Janur Ireng: Sewu Dino Prequel (2025/2026),3,komentar
user_87ac78d9fc52,FILM::Janur Ireng: Sewu Dino Prequel (2025/2026),1,komentar
user_87f5735c8a13,FILM::Janur Ireng: Sewu Dino Prequel (2025/2026),1,komentar
user_884c2749e024,FILM::Janur Ireng: Sewu Dino Prequel (2025/2026),1,komentar
user_88bde9d110a4,FILM::Janur Ireng: Sewu Dino Prequel (2025/2026),2,komentar
user_88dbbe0582a2,FILM::Janur Ireng: Sewu Dino Prequel (2025/2026),1,komentar
user_8a6e6035f41e,FILM::Janur Ireng: Sewu Dino Prequel (2025/2026),1,komentar
user_8a8e4ff427f4,FILM::Janur Ireng: Sewu Dino Prequel (2025/2026),1,komentar
user_8a993275ba9d,FILM::Janur Ireng: Sewu Dino Prequel (2025/2026),1,komentar
user_8ac54f060594,FILM::Janur Ireng: Sewu Dino Prequel (2025/2026),1,komentar
user_8ae50e21a857,FILM::Janur Ireng: Sewu Dino Prequel (2025/2026),1,komentar
user_8b24d7993856,FILM::Janur Ireng: Sewu Dino Prequel (2025/2026),1,komentar
user_8b9e6d7c2f0b,FILM::Janur Ireng: Sewu Dino Prequel (2025/2026),1,komentar
user_8bdc96aaaf4f,FILM::Janur Ireng: Sewu Dino Prequel (2025/2026),2,komentar
user_8cb6d7d8fa49,FILM::Janur Ireng: Sewu Dino Prequel (2025/2026),1,komentar
user_8cf45d54cd88,FILM::Janur Ireng: Sewu Dino Prequel (2025/2026),1,komentar
user_8dc8836fc570,FILM::Janur Ireng: Sewu Dino Prequel (2025/2026),1,komentar
user_8e5f560e8a3b,FILM::Janur Ireng: Sewu Dino Prequel (2025/2026),1,komentar
user_8fe15cbf7e0d,FILM::Janur Ireng: Sewu Dino Prequel (2025/2026),1,komentar
user_900ee8e1c7ce,FILM::Janur Ireng: Sewu Dino Prequel (2025/2026),1,komentar
user_90893327e6e5,FILM::Janur Ireng: Sewu Dino Prequel (2025/2026),1,komentar
user_90c9f00fa8ec,FILM::Janur Ireng: Sewu Dino Prequel (2025/2026),1,komentar
user_917682a4b060,FILM::Janur Ireng: Sewu Dino Prequel (2025/2026),1,komentar
user_92a1a348acb5,FILM::Janur Ireng: Sewu Dino Prequel (2025/2026),2,komentar
user_9381933b5859,FILM::Janur Ireng: Sewu Dino Prequel (2025/2026),1,komentar
user_93e0f843b85f,FILM::Janur Ireng: Sewu Dino Prequel (2025/2026),1,komentar
user_9401000960fe,FILM::Janur Ireng: Sewu Dino Prequel (2025/2026),1,komentar
user_943a7bcee52d,FILM::Janur Ireng: Sewu Dino Prequel (2025/2026),1,komentar
user_946a33abfa64,FILM::Janur Ireng: Sewu Dino Prequel (2025/2026),1,komentar
user_94fcd851ad18,FILM::Janur Ireng: Sewu Dino Prequel (2025/2026),1,komentar
user_959ea1fb8764,FILM::Janur Ireng: Sewu Dino Prequel (2025/2026),1,komentar
user_95fba826279c,FILM::Janur Ireng: Sewu Dino Prequel (2025/2026),1,komentar
user_964dc73f1bc8,FILM::Janur Ireng: Sewu Dino Prequel (2025/2026),1,komentar
user_971ddb0b1565,FILM::Janur Ireng: Sewu Dino Prequel (2025/2026),1,komentar
user_973f6cbcf5f1,FILM::Janur Ireng: Sewu Dino Prequel (2025/2026),2,komentar
user_98cbfb90797f,FILM::Janur Ireng: Sewu Dino Prequel (2025/2026),3,komentar
user_9983ff4bf8c4,FILM::Janur Ireng: Sewu Dino Prequel (2025/2026),1,komentar
user_9a2b51aa5ff3,FILM::Janur Ireng: Sewu Dino Prequel (2025/2026),1,komentar
user_9a30f565de54,FILM::Janur Ireng: Sewu Dino Prequel (2025/2026),1,komentar
user_9ab8fe4628c3,FILM::Janur Ireng: Sewu Dino Prequel (2025/2026),1,komentar
user_9adfd6659407,FILM::Janur Ireng: Sewu Dino Prequel (2025/2026),1,komentar
user_9af60c3ddd37,FILM::Janur Ireng: Sewu Dino Prequel (2025/2026),2,komentar
user_9ed2b7717537,FILM::Janur Ireng: Sewu Dino Prequel (2025/2026),1,komentar
user_9f0285e6f50e,FILM::Janur Ireng: Sewu Dino Prequel (2025/2026),1,komentar
user_9f6141a0193d,FILM::Janur Ireng: Sewu Dino Prequel (2025/2026),2,komentar
user_9fce9b78502d,FILM::Janur Ireng: Sewu Dino Prequel (2025/2026),2,komentar
user_9feb46385278,FILM::Janur Ireng: Sewu Dino Prequel (2025/2026),1,komentar
user_a0ce924f8f44,FILM::Janur Ireng: Sewu Dino Prequel (2025/2026),1,komentar
user_a1a9d832dafd,FILM::Janur Ireng: Sewu Dino Prequel (2025/2026),1,komentar
user_a1be43d5785d,FILM::Janur Ireng: Sewu Dino Prequel (2025/2026),2,komentar
user_a2808c249c43,FILM::Janur Ireng: Sewu Dino Prequel (2025/2026),1,komentar
user_a35d60eb4123,FILM::Janur Ireng: Sewu Dino Prequel (2025/2026),3,komentar
user_a4c843183125,FILM::Janur Ireng: Sewu Dino Prequel (2025/2026),2,komentar
user_a4f5c133a9e8,FILM::Janur Ireng: Sewu Dino Prequel (2025/2026),2,komentar
user_a5c4c0c006e8,FILM::Janur Ireng: Sewu Dino Prequel (2025/2026),1,komentar
user_a6705c70b408,FILM::Janur Ireng: Sewu Dino Prequel (2025/2026),2,komentar
user_a67759778e2e,FILM::Janur Ireng: Sewu Dino Prequel (2025/2026),1,komentar
user_a6cb59d0a2ae,FILM::Janur Ireng: Sewu Dino Prequel (2025/2026),1,komentar
user_a7839097308b,FILM::Janur Ireng: Sewu Dino Prequel (2025/2026),1,komentar
user_a7f0ed380fa7,FILM::Janur Ireng: Sewu Dino Prequel (2025/2026),1,komentar
user_a834ab10f9c1,FILM::Janur Ireng: Sewu Dino Prequel (2025/2026),1,komentar
user_a8e8b03af303,FILM::Janur Ireng: Sewu Dino Prequel (2025/2026),1,komentar
user_a91b47abf820,FILM::Janur Ireng: Sewu Dino Prequel (2025/2026),1,komentar
user_a9211bd3e4b8,FILM::Janur Ireng: Sewu Dino Prequel (2025/2026),1,komentar
user_aa2c1ec4a675,FILM::Janur Ireng: Sewu Dino Prequel (2025/2026),1,komentar
user_aac513deb3f4,FILM::Janur Ireng: Sewu Dino Prequel (2025/2026),1,komentar
user_ab16b3904126,FILM::Janur Ireng: Sewu Dino Prequel (2025/2026),1,komentar
user_ac139290a38c,FILM::Janur Ireng: Sewu Dino Prequel (2025/2026),1,komentar
user_ac606b4303e8,FILM::Janur Ireng: Sewu Dino Prequel (2025/2026),1,komentar
user_ace7494ae365,FILM::Janur Ireng: Sewu Dino Prequel (2025/2026),1,komentar
user_ad1e36e4a30a,FILM::Janur Ireng: Sewu Dino Prequel (2025/2026),1,komentar
user_ad7743a8129e,FILM::Janur Ireng: Sewu Dino Prequel (2025/2026),1,komentar
user_ad96b6eeccdf,FILM::Janur Ireng: Sewu Dino Prequel (2025/2026),1,komentar
user_adea868f991a,FILM::Janur Ireng: Sewu Dino Prequel (2025/2026),1,komentar
user_adf1b18652b9,FILM::Janur Ireng: Sewu Dino Prequel (2025/2026),1,komentar
user_aea7b1adbdb6,FILM::Janur Ireng: Sewu Dino Prequel (2025/2026),2,komentar
user_afbd1da79e09,FILM::Janur Ireng: Sewu Dino Prequel (2025/2026),1,komentar
user_b0532ff7ad2a,FILM::Janur Ireng: Sewu Dino Prequel (2025/2026),1,komentar
user_b0c3778a4db0,FILM::Janur Ireng: Sewu Dino Prequel (2025/2026),2,komentar
user_b40ff272c753,FILM::Janur Ireng: Sewu Dino Prequel (2025/2026),1,komentar
user_b423b1a10422,FILM::Janur Ireng: Sewu Dino Prequel (2025/2026),2,komentar
user_b4bd7e512bb2,FILM::Janur Ireng: Sewu Dino Prequel (2025/2026),1,komentar
user_b4d6c3006703,FILM::Janur Ireng: Sewu Dino Prequel (2025/2026),1,komentar
user_b535c3fd3804,FILM::Janur Ireng: Sewu Dino Prequel (2025/2026),2,komentar
user_b57ea2cc24ac,FILM::Janur Ireng: Sewu Dino Prequel (2025/2026),4,komentar
user_b5fbffa0bee0,FILM::Janur Ireng: Sewu Dino Prequel (2025/2026),1,komentar
user_b6069e182fc0,FILM::Janur Ireng: Sewu Dino Prequel (2025/2026),1,komentar
user_b6a90280228a,FILM::Janur Ireng: Sewu Dino Prequel (2025/2026),1,komentar
user_b7184d7dccf5,FILM::Janur Ireng: Sewu Dino Prequel (2025/2026),2,komentar
user_b72c3cd3f94c,FILM::Janur Ireng: Sewu Dino Prequel (2025/2026),1,komentar
user_b77f10da9fda,FILM::Janur Ireng: Sewu Dino Prequel (2025/2026),1,komentar
user_b850fb1c9bab,FILM::Janur Ireng: Sewu Dino Prequel (2025/2026),1,komentar
user_b86e0eb6cde9,FILM::Janur Ireng: Sewu Dino Prequel (2025/2026),5,komentar
user_b94f4e0773ab,FILM::Janur Ireng: Sewu Dino Prequel (2025/2026),1,komentar
user_bb32bae1be2f,FILM::Janur Ireng: Sewu Dino Prequel (2025/2026),1,komentar
user_bc0caa328716,FILM::Janur Ireng: Sewu Dino Prequel (2025/2026),1,komentar
user_bd151f0ff8ae,FILM::Janur Ireng: Sewu Dino Prequel (2025/2026),1,komentar
user_bd4bdd5f31c8,FILM::Janur Ireng: Sewu Dino Prequel (2025/2026),1,komentar
user_bec1c0addf1a,FILM::Janur Ireng: Sewu Dino Prequel (2025/2026),4,komentar
user_bfc0b0051c23,FILM::Janur Ireng: Sewu Dino Prequel (2025/2026),1,komentar
user_c00dd1f1a3e5,FILM::Janur Ireng: Sewu Dino Prequel (2025/2026),1,komentar
user_c06d594c0baf,FILM::Janur Ireng: Sewu Dino Prequel (2025/2026),1,komentar
user_c16687c3cf6d,FILM::Janur Ireng: Sewu Dino Prequel (2025/2026),1,komentar
user_c1a6c8811de3,FILM::Janur Ireng: Sewu Dino Prequel (2025/2026),1,komentar
user_c246595b2556,FILM::Janur Ireng: Sewu Dino Prequel (2025/2026),1,komentar
user_c42b0c2c1a29,FILM::Janur Ireng: Sewu Dino Prequel (2025/2026),1,komentar
user_c690558870ac,FILM::Janur Ireng: Sewu Dino Prequel (2025/2026),3,komentar
user_c6a75927f976,FILM::Janur Ireng: Sewu Dino Prequel (2025/2026),1,komentar
user_c6cc3939f6db,FILM::Janur Ireng: Sewu Dino Prequel (2025/2026),2,komentar
user_c7308276d1c2,FILM::Janur Ireng: Sewu Dino Prequel (2025/2026),1,komentar
user_c7353011a45f,FILM::Janur Ireng: Sewu Dino Prequel (2025/2026),1,komentar
user_c7ada44c8fa5,FILM::Janur Ireng: Sewu Dino Prequel (2025/2026),1,komentar
user_c894e4cc7283,FILM::Janur Ireng: Sewu Dino Prequel (2025/2026),1,komentar
user_c8feb1daef78,FILM::Janur Ireng: Sewu Dino Prequel (2025/2026),1,komentar
user_c99e2461aa12,FILM::Janur Ireng: Sewu Dino Prequel (2025/2026),1,komentar
user_cafccd9d2556,FILM::Janur Ireng: Sewu Dino Prequel (2025/2026),1,komentar
user_cb01259a6ad4,FILM::Janur Ireng: Sewu Dino Prequel (2025/2026),1,komentar
user_cb5e8fc890a1,FILM::Janur Ireng: Sewu Dino Prequel (2025/2026),1,komentar
user_cb6e49965999,FILM::Janur Ireng: Sewu Dino Prequel (2025/2026),1,komentar
user_cbd73757beb5,FILM::Janur Ireng: Sewu Dino Prequel (2025/2026),1,komentar
user_cbf8526013d7,FILM::Janur Ireng: Sewu Dino Prequel (2025/2026),1,komentar
user_ccf430d283c9,FILM::Janur Ireng: Sewu Dino Prequel (2025/2026),1,komentar
user_cd5a24b86859,FILM::Janur Ireng: Sewu Dino Prequel (2025/2026),2,komentar
user_ce111cd2e0fc,FILM::Janur Ireng: Sewu Dino Prequel (2025/2026),1,komentar
user_cedfccd50ac4,FILM::Janur Ireng: Sewu Dino Prequel (2025/2026),1,komentar
user_cf4899e9c8c7,FILM::Janur Ireng: Sewu Dino Prequel (2025/2026),1,komentar
user_cfc471a34fd4,FILM::Janur Ireng: Sewu Dino Prequel (2025/2026),1,komentar
user_d01dec71db29,FILM::Janur Ireng: Sewu Dino Prequel (2025/2026),2,komentar
user_d05201216e52,FILM::Janur Ireng: Sewu Dino Prequel (2025/2026),1,komentar
user_d1305248b264,FILM::Janur Ireng: Sewu Dino Prequel (2025/2026),1,komentar
user_d1693616d6b8,FILM::Janur Ireng: Sewu Dino Prequel (2025/2026),1,komentar
user_d1a03b493086,FILM::Janur Ireng: Sewu Dino Prequel (2025/2026),1,komentar
user_d1ee4b6cb660,FILM::Janur Ireng: Sewu Dino Prequel (2025/2026),1,komentar
user_d21a52ee4c0f,FILM::Janur Ireng: Sewu Dino Prequel (2025/2026),1,komentar
user_d46f015f0117,FILM::Janur Ireng: Sewu Dino Prequel (2025/2026),1,komentar
user_d586e67422c3,FILM::Janur Ireng: Sewu Dino Prequel (2025/2026),1,komentar
user_d5d7234aa5eb,FILM::Janur Ireng: Sewu Dino Prequel (2025/2026),1,komentar
user_d600e0620ff2,FILM::Janur Ireng: Sewu Dino Prequel (2025/2026),1,komentar
user_d71616ec3c72,FILM::Janur Ireng: Sewu Dino Prequel (2025/2026),1,komentar
user_d88eb5556c7c,FILM::Janur Ireng: Sewu Dino Prequel (2025/2026),1,komentar
user_d92bcbe8ea40,FILM::Janur Ireng: Sewu Dino Prequel (2025/2026),1,komentar
user_d93b4f5ba3a4,FILM::Janur Ireng: Sewu Dino Prequel (2025/2026),2,komentar
user_d9f760f69d9f,FILM::Janur Ireng: Sewu Dino Prequel (2025/2026),1,komentar
user_dad596d92f9f,FILM::Janur Ireng: Sewu Dino Prequel (2025/2026),1,komentar
user_db6ffab5528e,FILM::Janur Ireng: Sewu Dino Prequel (2025/2026),1,komentar
user_de7ac7d95295,FILM::Janur Ireng: Sewu Dino Prequel (2025/2026),2,komentar
user_de99295e4bd4,FILM::Janur Ireng: Sewu Dino Prequel (2025/2026),1,komentar
user_dea297b60f0e,FILM::Janur Ireng: Sewu Dino Prequel (2025/2026),1,komentar
user_df8a3f6376b2,FILM::Janur Ireng: Sewu Dino Prequel (2025/2026),1,komentar
user_dfb795267d06,FILM::Janur Ireng: Sewu Dino Prequel (2025/2026),1,komentar
user_e03973ec86fd,FILM::Janur Ireng: Sewu Dino Prequel (2025/2026),1,komentar
user_e287217aff0c,FILM::Janur Ireng: Sewu Dino Prequel (2025/2026),1,komentar
user_e2be1dac1b9f,FILM::Janur Ireng: Sewu Dino Prequel (2025/2026),1,komentar
user_e31b35317200,FILM::Janur Ireng: Sewu Dino Prequel (2025/2026),1,komentar
user_e59859ea800e,FILM::Janur Ireng: Sewu Dino Prequel (2025/2026),1,komentar
user_e719ea1dd441,FILM::Janur Ireng: Sewu Dino Prequel (2025/2026),1,komentar
user_e74087b9477f,FILM::Janur Ireng: Sewu Dino Prequel (2025/2026),1,komentar
user_e859c9617350,FILM::Janur Ireng: Sewu Dino Prequel (2025/2026),1,komentar
user_e85beb7b5315,FILM::Janur Ireng: Sewu Dino Prequel (2025/2026),3,komentar
user_e8890e461e9a,FILM::Janur Ireng: Sewu Dino Prequel (2025/2026),2,komentar
user_e956267fa81e,FILM::Janur Ireng: Sewu Dino Prequel (2025/2026),2,komentar
user_e9891fd1d19e,FILM::Janur Ireng: Sewu Dino Prequel (2025/2026),1,komentar
user_e9ba6e7e1729,FILM::Janur Ireng: Sewu Dino Prequel (2025/2026),2,komentar
user_e9fd17f1061a,FILM::Janur Ireng: Sewu Dino Prequel (2025/2026),1,komentar
user_ea02afe877c9,FILM::Janur Ireng: Sewu Dino Prequel (2025/2026),1,komentar
user_ea3fc67483bf,FILM::Janur Ireng: Sewu Dino Prequel (2025/2026),1,komentar
user_eaa15db4b11e,FILM::Janur Ireng: Sewu Dino Prequel (2025/2026),1,komentar
user_eaf8e919ba91,FILM::Janur Ireng: Sewu Dino Prequel (2025/2026),1,komentar
user_eb442b980e92,FILM::Janur Ireng: Sewu Dino Prequel (2025/2026),1,komentar
user_eb6346e90575,FILM::Janur Ireng: Sewu Dino Prequel (2025/2026),1,komentar
user_eb9b0001abd6,FILM::Janur Ireng: Sewu Dino Prequel (2025/2026),1,komentar
user_ebc139633c5a,FILM::Janur Ireng: Sewu Dino Prequel (2025/2026),1,komentar
user_ec1889c7d429,FILM::Janur Ireng: Sewu Dino Prequel (2025/2026),1,komentar
user_ed514c56c1a4,FILM::Janur Ireng: Sewu Dino Prequel (2025/2026),1,komentar
user_ed6964d04fa4,FILM::Janur Ireng: Sewu Dino Prequel (2025/2026),1,komentar
user_edad7c19b10b,FILM::Janur Ireng: Sewu Dino Prequel (2025/2026),2,komentar
user_edf9ae2bab6d,FILM::Janur Ireng: Sewu Dino Prequel (2025/2026),1,komentar
user_ee5ec48933ea,FILM::Janur Ireng: Sewu Dino Prequel (2025/2026),1,komentar
user_ee93811d2045,FILM::Janur Ireng: Sewu Dino Prequel (2025/2026),1,komentar
user_eea9ee33d4da,FILM::Janur Ireng: Sewu Dino Prequel (2025/2026),1,komentar
user_eebdba4d192e,FILM::Janur Ireng: Sewu Dino Prequel (2025/2026),1,komentar
user_ef70e860efed,FILM::Janur Ireng: Sewu Dino Prequel (2025/2026),1,komentar
user_ef97d624de42,FILM::Janur Ireng: Sewu Dino Prequel (2025/2026),1,komentar
user_f194d442fb4b,FILM::Janur Ireng: Sewu Dino Prequel (2025/2026),1,komentar
user_f1c308e9fb42,FILM::Janur Ireng: Sewu Dino Prequel (2025/2026),1,komentar
user_f26aa5785cb3,FILM::Janur Ireng: Sewu Dino Prequel (2025/2026),1,komentar
user_f288fc97ee9e,FILM::Janur Ireng: Sewu Dino Prequel (2025/2026),4,komentar
user_f2c7062e460a,FILM::Janur Ireng: Sewu Dino Prequel (2025/2026),1,komentar
user_f537f8c87d4a,FILM::Janur Ireng: Sewu Dino Prequel (2025/2026),1,komentar
user_f53ddf56ea39,FILM::Janur Ireng: Sewu Dino Prequel (2025/2026),1,komentar
user_f5ec1260121c,FILM::Janur Ireng: Sewu Dino Prequel (2025/2026),1,komentar
user_f60d94bcca81,FILM::Janur Ireng: Sewu Dino Prequel (2025/2026),1,komentar
user_f6ff350d10bf,FILM::Janur Ireng: Sewu Dino Prequel (2025/2026),1,komentar
user_f89ff87ca1a4,FILM::Janur Ireng: Sewu Dino Prequel (2025/2026),2,komentar
user_fa50becbcad3,FILM::Janur Ireng: Sewu Dino Prequel (2025/2026),1,komentar
user_fa6b3eb47d91,FILM::Janur Ireng: Sewu Dino Prequel (2025/2026),1,komentar
user_fac1bae1adaf,FILM::Janur Ireng: Sewu Dino Prequel (2025/2026),1,komentar
user_fc2cc96006fa,FILM::Janur Ireng: Sewu Dino Prequel (2025/2026),1,komentar
user_fc6d1a231799,FILM::Janur Ireng: Sewu Dino Prequel (2025/2026),1,komentar
user_fdbfe1696943,FILM::Janur Ireng: Sewu Dino Prequel (2025/2026),1,komentar
user_fddfed1fc5e5,FILM::Janur Ireng: Sewu Dino Prequel (2025/2026),1,komentar
user_fdf2ffb31119,FILM::Janur Ireng: Sewu Dino Prequel (2025/2026),1,komentar
user_fede6b43440d,FILM::Janur Ireng: Sewu Dino Prequel (2025/2026),1,komentar
user_fef4e0ada861,FILM::Janur Ireng: Sewu Dino Prequel (2025/2026),4,komentar
user_ff1e8660a2d7,FILM::Janur Ireng: Sewu Dino Prequel (2025/2026),1,komentar
user_00690246358b,FILM::Perewangan (2024),1,komentar
user_00b30712f540,FILM::Perewangan (2024),1,komentar
user_00e62431c307,FILM::Perewangan (2024),1,komentar
user_01b5ff611955,FILM::Perewangan (2024),2,komentar
user_0231055b520d,FILM::Perewangan (2024),1,komentar
user_035c21b34da6,FILM::Perewangan (2024),2,komentar
user_0406ebcde49a,FILM::Perewangan (2024),1,komentar
user_0479658e5843,FILM::Perewangan (2024),1,komentar
user_05e91092c6e4,FILM::Perewangan (2024),1,komentar
user_074f75e532f8,FILM::Perewangan (2024),1,komentar
user_095f863439e8,FILM::Perewangan (2024),1,komentar
user_0b6322a1138f,FILM::Perewangan (2024),1,komentar
user_0cb57f981985,FILM::Perewangan (2024),1,komentar
user_0eed82509312,FILM::Perewangan (2024),1,komentar
user_1015f2517a45,FILM::Perewangan (2024),1,komentar
user_10de28436e78,FILM::Perewangan (2024),1,komentar
user_11cb9a69e6be,FILM::Perewangan (2024),1,komentar
user_13128a78d551,FILM::Perewangan (2024),2,komentar
user_1359654eebca,FILM::Perewangan (2024),1,komentar
user_13b8e23ad3d7,FILM::Perewangan (2024),1,komentar
user_13ee502969c6,FILM::Perewangan (2024),1,komentar
user_14c85e7f0468,FILM::Perewangan (2024),1,komentar
user_15ca7af5e518,FILM::Perewangan (2024),2,komentar
user_16210ca8a1dc,FILM::Perewangan (2024),1,komentar
user_17e3b042614c,FILM::Perewangan (2024),1,komentar
user_17f761679023,FILM::Perewangan (2024),1,komentar
user_189ec22733f4,FILM::Perewangan (2024),1,komentar
user_18cead918272,FILM::Perewangan (2024),1,komentar
user_19e545476824,FILM::Perewangan (2024),2,komentar
user_1a4e3cf3bedd,FILM::Perewangan (2024),1,komentar
user_1cd5002a9f45,FILM::Perewangan (2024),2,komentar
user_1dab9f59d1d2,FILM::Perewangan (2024),1,komentar
user_1e0b6e2a08b3,FILM::Perewangan (2024),1,komentar
user_1e6531c83b8d,FILM::Perewangan (2024),1,komentar
user_1eac603f4c96,FILM::Perewangan (2024),1,komentar
user_1f8326e738e9,FILM::Perewangan (2024),1,komentar
user_20099d5662b8,FILM::Perewangan (2024),1,komentar
user_202a4f6d0ac0,FILM::Perewangan (2024),1,komentar
user_21926c2a877b,FILM::Perewangan (2024),1,komentar
user_223d1d7e5b8b,FILM::Perewangan (2024),1,komentar
user_239af3ed44e0,FILM::Perewangan (2024),1,komentar
user_23db88e73c5b,FILM::Perewangan (2024),2,komentar
user_2425e33d2f29,FILM::Perewangan (2024),1,komentar
user_266be96fcb01,FILM::Perewangan (2024),1,komentar
user_27312f2eea51,FILM::Perewangan (2024),3,komentar
user_27aeda39aa8d,FILM::Perewangan (2024),1,komentar
user_28eafeb0022f,FILM::Perewangan (2024),1,komentar
user_2a6b8ab6027b,FILM::Perewangan (2024),1,komentar
user_2b3afe8fd743,FILM::Perewangan (2024),1,komentar
user_2c92704d49c2,FILM::Perewangan (2024),1,komentar
user_2d0f8359b876,FILM::Perewangan (2024),1,komentar
user_2d6c09bb6f04,FILM::Perewangan (2024),1,komentar
user_2dac86f43cab,FILM::Perewangan (2024),1,komentar
user_2e14d28030e1,FILM::Perewangan (2024),1,komentar
user_2ecb7f167221,FILM::Perewangan (2024),1,komentar
user_2ed4a3b76c88,FILM::Perewangan (2024),1,komentar
user_2ffe5a3c9ee7,FILM::Perewangan (2024),1,komentar
user_33992dffb4c8,FILM::Perewangan (2024),1,komentar
user_33ca099a6abd,FILM::Perewangan (2024),1,komentar
user_34b250426f48,FILM::Perewangan (2024),1,komentar
user_352a6e8e7399,FILM::Perewangan (2024),1,komentar
user_37da3901725c,FILM::Perewangan (2024),1,komentar
user_3847734fee7d,FILM::Perewangan (2024),1,komentar
user_38cfd5aa67c0,FILM::Perewangan (2024),5,komentar
user_38fa96b98192,FILM::Perewangan (2024),3,komentar
user_3a004af9f379,FILM::Perewangan (2024),1,komentar
user_3bfbfc10efc5,FILM::Perewangan (2024),1,komentar
user_3d30ae22c30b,FILM::Perewangan (2024),1,komentar
user_3fab38b62d87,FILM::Perewangan (2024),1,komentar
user_3fb74d6822ec,FILM::Perewangan (2024),2,komentar
user_418f3901c96f,FILM::Perewangan (2024),1,komentar
user_41ce4aec25ee,FILM::Perewangan (2024),1,komentar
user_41f149eb00cf,FILM::Perewangan (2024),1,komentar
user_427a792fbd57,FILM::Perewangan (2024),1,komentar
user_448ef4859738,FILM::Perewangan (2024),1,komentar
user_456b52b38635,FILM::Perewangan (2024),2,komentar
user_46912999cb52,FILM::Perewangan (2024),1,komentar
user_496480a8d0e7,FILM::Perewangan (2024),1,komentar
user_4a543bed9fe1,FILM::Perewangan (2024),1,komentar
user_4d193baeb72b,FILM::Perewangan (2024),1,komentar
user_4d5d9dfdfdc7,FILM::Perewangan (2024),1,komentar
user_50c8a86929c6,FILM::Perewangan (2024),1,komentar
user_51a9f152c52b,FILM::Perewangan (2024),1,komentar
user_52b1a6d1b543,FILM::Perewangan (2024),1,komentar
user_5312473f0e52,FILM::Perewangan (2024),1,komentar
user_53ea412ad965,FILM::Perewangan (2024),1,komentar
user_58c5130dc686,FILM::Perewangan (2024),1,komentar
user_59439af21b73,FILM::Perewangan (2024),1,komentar
user_5afb307111c0,FILM::Perewangan (2024),1,komentar
user_5e53686756c5,FILM::Perewangan (2024),1,komentar
user_5e9509cfb28e,FILM::Perewangan (2024),1,komentar
user_5eef978a7fbe,FILM::Perewangan (2024),1,komentar
user_5f778d3da2d5,FILM::Perewangan (2024),1,komentar
user_5fdbb0a71c93,FILM::Perewangan (2024),1,komentar
user_613d928d11e1,FILM::Perewangan (2024),1,komentar
user_623c1a35ea22,FILM::Perewangan (2024),2,komentar
user_62eee2bf0151,FILM::Perewangan (2024),1,komentar
user_62f3e1466713,FILM::Perewangan (2024),1,komentar
user_63aa91d9d2ff,FILM::Perewangan (2024),1,komentar
user_63dcdfb2a1ff,FILM::Perewangan (2024),1,komentar
user_658f91eb3d05,FILM::Perewangan (2024),1,komentar
user_659dd56debaf,FILM::Perewangan (2024),1,komentar
user_65c9f6be36e5,FILM::Perewangan (2024),1,komentar
user_66ef398ca649,FILM::Perewangan (2024),2,komentar
user_6ad85a03c286,FILM::Perewangan (2024),1,komentar
user_6df48bdc5d97,FILM::Perewangan (2024),1,komentar
user_6ed27c9d8bbc,FILM::Perewangan (2024),2,komentar
user_6ffe101546b9,FILM::Perewangan (2024),1,komentar
user_734116e21754,FILM::Perewangan (2024),1,komentar
user_73e6e12d4e9a,FILM::Perewangan (2024),1,komentar
user_7536bc27b640,FILM::Perewangan (2024),1,komentar
user_75a7228323c5,FILM::Perewangan (2024),1,komentar
user_7a21e5a3ffb0,FILM::Perewangan (2024),2,komentar
user_7ae313ce3abc,FILM::Perewangan (2024),1,komentar
user_7bb4c831ff12,FILM::Perewangan (2024),1,komentar
user_7be3707a2889,FILM::Perewangan (2024),1,komentar
user_7f7c8aeed4c0,FILM::Perewangan (2024),1,komentar
user_7fad085be05f,FILM::Perewangan (2024),1,komentar
user_7fc72c929218,FILM::Perewangan (2024),1,komentar
user_80336463c0d4,FILM::Perewangan (2024),1,komentar
user_81ecc90fa96f,FILM::Perewangan (2024),1,komentar
user_833fbc103df8,FILM::Perewangan (2024),1,komentar
user_83d4e1c0a244,FILM::Perewangan (2024),1,komentar
user_84756f26b789,FILM::Perewangan (2024),2,komentar
user_8519d07b422b,FILM::Perewangan (2024),1,komentar
user_87923727292f,FILM::Perewangan (2024),1,komentar
user_8a8e3f88e873,FILM::Perewangan (2024),1,komentar
user_8c0547f22c78,FILM::Perewangan (2024),1,komentar
user_8ce0199fcd8a,FILM::Perewangan (2024),1,komentar
user_8e6b64c52f7b,FILM::Perewangan (2024),1,komentar
user_8e80063ff1c5,FILM::Perewangan (2024),1,komentar
user_8eaac745d597,FILM::Perewangan (2024),1,komentar
user_924d04cdd7b4,FILM::Perewangan (2024),1,komentar
user_92b9368a6051,FILM::Perewangan (2024),1,komentar
user_932da60f3ed2,FILM::Perewangan (2024),1,komentar
user_94de1adb8586,FILM::Perewangan (2024),2,komentar
user_9532d07b7074,FILM::Perewangan (2024),2,komentar
user_956740a6d823,FILM::Perewangan (2024),1,komentar
user_95976eb6aa5b,FILM::Perewangan (2024),2,komentar
user_9628f828865d,FILM::Perewangan (2024),1,komentar
user_96c11b85d43d,FILM::Perewangan (2024),1,komentar
user_986a95f6fb53,FILM::Perewangan (2024),1,komentar
user_995a57855f44,FILM::Perewangan (2024),1,komentar
user_99edcb16614a,FILM::Perewangan (2024),2,komentar
user_9baebad7adde,FILM::Perewangan (2024),1,komentar
user_9d2c5618f97f,FILM::Perewangan (2024),1,komentar
user_9dbcb9a2f095,FILM::Perewangan (2024),1,komentar
user_9e0d68449540,FILM::Perewangan (2024),1,komentar
user_9e19366ba6fe,FILM::Perewangan (2024),1,komentar
user_9ef76fea0664,FILM::Perewangan (2024),1,komentar
user_9f33133320e7,FILM::Perewangan (2024),1,komentar
user_a0479fb1da16,FILM::Perewangan (2024),1,komentar
user_a0d5ff3bf7ed,FILM::Perewangan (2024),4,komentar
user_a6aed43bdea2,FILM::Perewangan (2024),1,komentar
user_a6bcd70d16e9,FILM::Perewangan (2024),1,komentar
user_a708ab751ef4,FILM::Perewangan (2024),1,komentar
user_a7a067fff388,FILM::Perewangan (2024),1,komentar
user_a7be3e10cd2f,FILM::Perewangan (2024),1,komentar
user_a845b9fcced2,FILM::Perewangan (2024),1,komentar
user_a8668a508c10,FILM::Perewangan (2024),2,komentar
user_a8f47fe67d82,FILM::Perewangan (2024),1,komentar
user_a90e1fabbf05,FILM::Perewangan (2024),1,komentar
user_aa36d21955e6,FILM::Perewangan (2024),1,komentar
user_ad32227ab23e,FILM::Perewangan (2024),2,komentar
user_b0d9f6ca3eeb,FILM::Perewangan (2024),1,komentar
user_b2715b984f54,FILM::Perewangan (2024),1,komentar
user_b3cfaa7a557c,FILM::Perewangan (2024),1,komentar
user_b5ee8df7d3ea,FILM::Perewangan (2024),1,komentar
user_b629487eb4b1,FILM::Perewangan (2024),1,komentar
user_b6f7b4c92230,FILM::Perewangan (2024),1,komentar
user_b9da12b29aef,FILM::Perewangan (2024),1,komentar
user_bc23f7978498,FILM::Perewangan (2024),3,komentar
user_bcd081d86512,FILM::Perewangan (2024),2,komentar
user_bde00049e6e7,FILM::Perewangan (2024),1,komentar
user_bfad5b07758b,FILM::Perewangan (2024),1,komentar
user_c13d99f43665,FILM::Perewangan (2024),1,komentar
user_c220b68d255e,FILM::Perewangan (2024),2,komentar
user_c25940f7327e,FILM::Perewangan (2024),1,komentar
user_c39bdfb8aeca,FILM::Perewangan (2024),1,komentar
user_c4039bcc457b,FILM::Perewangan (2024),1,komentar
user_c4630061a19a,FILM::Perewangan (2024),1,komentar
user_c48438da75ee,FILM::Perewangan (2024),1,komentar
user_c4e48700c6ea,FILM::Perewangan (2024),1,komentar
user_c5014a52de88,FILM::Perewangan (2024),1,komentar
user_c762c9db02d9,FILM::Perewangan (2024),1,komentar
user_c7f77c0d6918,FILM::Perewangan (2024),1,komentar
user_c8454d771afa,FILM::Perewangan (2024),1,komentar
user_c99b38419bb8,FILM::Perewangan (2024),1,komentar
user_ca42af4bcfaa,FILM::Perewangan (2024),1,komentar
user_ca507ace826f,FILM::Perewangan (2024),1,komentar
user_cd1201438bfa,FILM::Perewangan (2024),1,komentar
user_cd3aa788a1a6,FILM::Perewangan (2024),1,komentar
user_cdb454624260,FILM::Perewangan (2024),1,komentar
user_cf66701000e6,FILM::Perewangan (2024),1,komentar
user_cfcbb8204047,FILM::Perewangan (2024),1,komentar
user_d0b2667ee7b8,FILM::Perewangan (2024),1,komentar
user_d0c3260c5b6b,FILM::Perewangan (2024),1,komentar
user_d15c39f7fce1,FILM::Perewangan (2024),1,komentar
user_d1778552e7ea,FILM::Perewangan (2024),1,komentar
user_d202a2a31f22,FILM::Perewangan (2024),1,komentar
user_d31085f201d0,FILM::Perewangan (2024),1,komentar
user_d4266e384c32,FILM::Perewangan (2024),2,komentar
user_d6392ad4e7f1,FILM::Perewangan (2024),5,komentar
user_d664528bc132,FILM::Perewangan (2024),1,komentar
user_d66ac9f09d47,FILM::Perewangan (2024),1,komentar
user_d68246522930,FILM::Perewangan (2024),2,komentar
user_d8544580fdb4,FILM::Perewangan (2024),1,komentar
user_d92067a973e8,FILM::Perewangan (2024),1,komentar
user_d97e1cbca786,FILM::Perewangan (2024),7,komentar
user_d9d6a6aa6cd3,FILM::Perewangan (2024),1,komentar
user_da496a5f7b13,FILM::Perewangan (2024),1,komentar
user_dd5209cbf53e,FILM::Perewangan (2024),1,komentar
user_ddde94befb74,FILM::Perewangan (2024),1,komentar
user_debd0658ff88,FILM::Perewangan (2024),1,komentar
user_e07ea3876d78,FILM::Perewangan (2024),1,komentar
user_e1a23f3f29ee,FILM::Perewangan (2024),1,komentar
user_e1c1b935d9e9,FILM::Perewangan (2024),1,komentar
user_e3c2810c54d2,FILM::Perewangan (2024),1,komentar
user_e55fe37ee7ae,FILM::Perewangan (2024),1,komentar
user_e851c60568dc,FILM::Perewangan (2024),1,komentar
user_e859c9617350,FILM::Perewangan (2024),1,komentar
user_e882cbc99888,FILM::Perewangan (2024),1,komentar
user_eb0a9bf45f81,FILM::Perewangan (2024),2,komentar
user_ebc065e7b371,FILM::Perewangan (2024),1,komentar
user_ecbce1fd7b02,FILM::Perewangan (2024),1,komentar
user_eced9261ae0a,FILM::Perewangan (2024),1,komentar
user_eeec5fc74a97,FILM::Perewangan (2024),1,komentar
user_ef1e939642df,FILM::Perewangan (2024),2,komentar
user_efeaa1b6b79a,FILM::Perewangan (2024),1,komentar
user_f0c67203be21,FILM::Perewangan (2024),1,komentar
user_f0e201508846,FILM::Perewangan (2024),1,komentar
user_f45526d345d6,FILM::Perewangan (2024),1,komentar
user_f534610087d3,FILM::Perewangan (2024),1,komentar
user_f53e59f8ab10,FILM::Perewangan (2024),1,komentar
user_f5fb812ddc50,FILM::Perewangan (2024),3,komentar
user_f60d94bcca81,FILM::Perewangan (2024),1,komentar
user_f69266af4724,FILM::Perewangan (2024),2,komentar
user_f697c5351d72,FILM::Perewangan (2024),2,komentar
user_f6a1b73acf0c,FILM::Perewangan (2024),1,komentar
user_f76e0065ac8e,FILM::Perewangan (2024),1,komentar
user_fb97fb6184f1,FILM::Perewangan (2024),1,komentar
user_fdc1cff36b4a,FILM::Perewangan (2024),1,komentar
user_fea146d14629,FILM::Perewangan (2024),1,komentar
user_ff00baf42faf,FILM::Perewangan (2024),1,komentar
user_ff2da17ad182,FILM::Perewangan (2024),1,komentar
user_007c511883d3,FILM::Suzzanna: Santet Dosa di Atas Dosa (2026),1,komentar
user_00931dd5679f,FILM::Suzzanna: Santet Dosa di Atas Dosa (2026),1,komentar
user_009393498251,FILM::Suzzanna: Santet Dosa di Atas Dosa (2026),1,komentar
user_00a2b369f505,FILM::Suzzanna: Santet Dosa di Atas Dosa (2026),1,komentar
user_00c63f0a3b98,FILM::Suzzanna: Santet Dosa di Atas Dosa (2026),1,komentar
user_0100470e7c05,FILM::Suzzanna: Santet Dosa di Atas Dosa (2026),1,komentar
user_010874983d27,FILM::Suzzanna: Santet Dosa di Atas Dosa (2026),1,komentar
user_0138d401c605,FILM::Suzzanna: Santet Dosa di Atas Dosa (2026),1,komentar
user_015b112190b5,FILM::Suzzanna: Santet Dosa di Atas Dosa (2026),1,komentar
user_022ddad3caac,FILM::Suzzanna: Santet Dosa di Atas Dosa (2026),1,komentar
user_0315eb07de77,FILM::Suzzanna: Santet Dosa di Atas Dosa (2026),1,komentar
user_031ce304a3e4,FILM::Suzzanna: Santet Dosa di Atas Dosa (2026),2,komentar
user_03332cfa44d4,FILM::Suzzanna: Santet Dosa di Atas Dosa (2026),1,komentar
user_033c83848cae,FILM::Suzzanna: Santet Dosa di Atas Dosa (2026),2,komentar
user_043fdcfc2cdd,FILM::Suzzanna: Santet Dosa di Atas Dosa (2026),1,komentar
user_04785621ad8b,FILM::Suzzanna: Santet Dosa di Atas Dosa (2026),1,komentar
user_049b7591bdc3,FILM::Suzzanna: Santet Dosa di Atas Dosa (2026),1,komentar
user_04a378761a0b,FILM::Suzzanna: Santet Dosa di Atas Dosa (2026),1,komentar
user_050d0fe92618,FILM::Suzzanna: Santet Dosa di Atas Dosa (2026),1,komentar
user_051afb298050,FILM::Suzzanna: Santet Dosa di Atas Dosa (2026),3,komentar
user_051b91ffff84,FILM::Suzzanna: Santet Dosa di Atas Dosa (2026),1,komentar
user_05b5adafdba5,FILM::Suzzanna: Santet Dosa di Atas Dosa (2026),1,komentar
user_060fc8727748,FILM::Suzzanna: Santet Dosa di Atas Dosa (2026),1,komentar
user_06694f645acd,FILM::Suzzanna: Santet Dosa di Atas Dosa (2026),1,komentar
user_067933838300,FILM::Suzzanna: Santet Dosa di Atas Dosa (2026),1,komentar
user_068214ce2621,FILM::Suzzanna: Santet Dosa di Atas Dosa (2026),2,komentar
user_06b092eb0193,FILM::Suzzanna: Santet Dosa di Atas Dosa (2026),1,komentar
user_06e1f9cc6f5d,FILM::Suzzanna: Santet Dosa di Atas Dosa (2026),2,komentar
user_0771bf0ce3ad,FILM::Suzzanna: Santet Dosa di Atas Dosa (2026),1,komentar
user_077a0a75c6b4,FILM::Suzzanna: Santet Dosa di Atas Dosa (2026),1,komentar
user_07a55618aab2,FILM::Suzzanna: Santet Dosa di Atas Dosa (2026),1,komentar
user_07ba312cccad,FILM::Suzzanna: Santet Dosa di Atas Dosa (2026),2,komentar
user_08d33a1ebc67,FILM::Suzzanna: Santet Dosa di Atas Dosa (2026),1,komentar
user_09a08e01c30e,FILM::Suzzanna: Santet Dosa di Atas Dosa (2026),1,komentar
user_09c3b96fda76,FILM::Suzzanna: Santet Dosa di Atas Dosa (2026),1,komentar
user_09d7eef13721,FILM::Suzzanna: Santet Dosa di Atas Dosa (2026),1,komentar
user_0a3cc7dd1ba2,FILM::Suzzanna: Santet Dosa di Atas Dosa (2026),2,komentar
user_0a958d96fc3f,FILM::Suzzanna: Santet Dosa di Atas Dosa (2026),1,komentar
user_0aabb40afdfb,FILM::Suzzanna: Santet Dosa di Atas Dosa (2026),1,komentar
user_0aefb00439b6,FILM::Suzzanna: Santet Dosa di Atas Dosa (2026),1,komentar
user_0b40f9fa3759,FILM::Suzzanna: Santet Dosa di Atas Dosa (2026),1,komentar
user_0b4225c13ade,FILM::Suzzanna: Santet Dosa di Atas Dosa (2026),1,komentar
user_0c21d2c73f2a,FILM::Suzzanna: Santet Dosa di Atas Dosa (2026),2,komentar
user_0c3adbf9c8a8,FILM::Suzzanna: Santet Dosa di Atas Dosa (2026),1,komentar
user_0cdad41e9721,FILM::Suzzanna: Santet Dosa di Atas Dosa (2026),1,komentar
user_0dd1854a6c6d,FILM::Suzzanna: Santet Dosa di Atas Dosa (2026),1,komentar
user_0dd597a0c8f5,FILM::Suzzanna: Santet Dosa di Atas Dosa (2026),1,komentar
user_0df3953c0df9,FILM::Suzzanna: Santet Dosa di Atas Dosa (2026),1,komentar
user_0e65879dfd0e,FILM::Suzzanna: Santet Dosa di Atas Dosa (2026),1,komentar
user_0e70313610fd,FILM::Suzzanna: Santet Dosa di Atas Dosa (2026),1,komentar
user_0ea621c2ce6f,FILM::Suzzanna: Santet Dosa di Atas Dosa (2026),1,komentar
user_0ecc114adc31,FILM::Suzzanna: Santet Dosa di Atas Dosa (2026),1,komentar
user_0ee629d6d95c,FILM::Suzzanna: Santet Dosa di Atas Dosa (2026),1,komentar
user_0f04c0f8c0cf,FILM::Suzzanna: Santet Dosa di Atas Dosa (2026),1,komentar
user_0f17cc5080d4,FILM::Suzzanna: Santet Dosa di Atas Dosa (2026),1,komentar
user_0f1c9121a33f,FILM::Suzzanna: Santet Dosa di Atas Dosa (2026),1,komentar
user_0f293f1232bf,FILM::Suzzanna: Santet Dosa di Atas Dosa (2026),3,komentar
user_0fcdc86277a5,FILM::Suzzanna: Santet Dosa di Atas Dosa (2026),1,komentar
user_1005cb588ae1,FILM::Suzzanna: Santet Dosa di Atas Dosa (2026),1,komentar
user_1037d9c558c4,FILM::Suzzanna: Santet Dosa di Atas Dosa (2026),1,komentar
user_10a0adebdd9f,FILM::Suzzanna: Santet Dosa di Atas Dosa (2026),1,komentar
user_10e40a800e4a,FILM::Suzzanna: Santet Dosa di Atas Dosa (2026),1,komentar
user_10e632095e34,FILM::Suzzanna: Santet Dosa di Atas Dosa (2026),1,komentar
user_10ee33a7fbac,FILM::Suzzanna: Santet Dosa di Atas Dosa (2026),1,komentar
user_11038d20dfe4,FILM::Suzzanna: Santet Dosa di Atas Dosa (2026),1,komentar
user_11347d3d77a7,FILM::Suzzanna: Santet Dosa di Atas Dosa (2026),1,komentar
user_113790fac5ed,FILM::Suzzanna: Santet Dosa di Atas Dosa (2026),1,komentar
user_117af7396a7c,FILM::Suzzanna: Santet Dosa di Atas Dosa (2026),1,komentar
user_117fad7559f4,FILM::Suzzanna: Santet Dosa di Atas Dosa (2026),2,komentar
user_118d4ac5ec0b,FILM::Suzzanna: Santet Dosa di Atas Dosa (2026),1,komentar
user_11ae47fc5939,FILM::Suzzanna: Santet Dosa di Atas Dosa (2026),1,komentar
user_11c55e75c824,FILM::Suzzanna: Santet Dosa di Atas Dosa (2026),1,komentar
user_11db73875a51,FILM::Suzzanna: Santet Dosa di Atas Dosa (2026),1,komentar
user_1206420600de,FILM::Suzzanna: Santet Dosa di Atas Dosa (2026),1,komentar
user_12469b011b54,FILM::Suzzanna: Santet Dosa di Atas Dosa (2026),1,komentar
user_12994f44fb74,FILM::Suzzanna: Santet Dosa di Atas Dosa (2026),1,komentar
user_12a22eda2687,FILM::Suzzanna: Santet Dosa di Atas Dosa (2026),1,komentar
user_12e17a2b3e1d,FILM::Suzzanna: Santet Dosa di Atas Dosa (2026),1,komentar
user_1302757f1a3b,FILM::Suzzanna: Santet Dosa di Atas Dosa (2026),1,komentar
user_14313c22ae7b,FILM::Suzzanna: Santet Dosa di Atas Dosa (2026),1,komentar
user_1482eb8f474b,FILM::Suzzanna: Santet Dosa di Atas Dosa (2026),1,komentar
user_14ae79b86851,FILM::Suzzanna: Santet Dosa di Atas Dosa (2026),1,komentar
user_14ed6b4ac86f,FILM::Suzzanna: Santet Dosa di Atas Dosa (2026),1,komentar
user_1544f3c38e69,FILM::Suzzanna: Santet Dosa di Atas Dosa (2026),1,komentar
user_159ad9c0dd9d,FILM::Suzzanna: Santet Dosa di Atas Dosa (2026),1,komentar
user_15bc096cba24,FILM::Suzzanna: Santet Dosa di Atas Dosa (2026),1,komentar
user_1686104f4fb1,FILM::Suzzanna: Santet Dosa di Atas Dosa (2026),2,komentar
user_16ba7a4dd75a,FILM::Suzzanna: Santet Dosa di Atas Dosa (2026),3,komentar
user_1707725026ef,FILM::Suzzanna: Santet Dosa di Atas Dosa (2026),1,komentar
user_17937f97b5e6,FILM::Suzzanna: Santet Dosa di Atas Dosa (2026),27,komentar
user_17d955f0bcb8,FILM::Suzzanna: Santet Dosa di Atas Dosa (2026),1,komentar
user_19d9a8e10992,FILM::Suzzanna: Santet Dosa di Atas Dosa (2026),1,komentar
user_19f5fc8e62ba,FILM::Suzzanna: Santet Dosa di Atas Dosa (2026),1,komentar
user_1a26e5ebf2b8,FILM::Suzzanna: Santet Dosa di Atas Dosa (2026),1,komentar
user_1a79821c0948,FILM::Suzzanna: Santet Dosa di Atas Dosa (2026),1,komentar
user_1aa9df06318f,FILM::Suzzanna: Santet Dosa di Atas Dosa (2026),1,komentar
user_1ab52715180c,FILM::Suzzanna: Santet Dosa di Atas Dosa (2026),1,komentar
user_1af0943a26cb,FILM::Suzzanna: Santet Dosa di Atas Dosa (2026),1,komentar
user_1b45ccd77345,FILM::Suzzanna: Santet Dosa di Atas Dosa (2026),2,komentar
user_1b74cad40c57,FILM::Suzzanna: Santet Dosa di Atas Dosa (2026),1,komentar
user_1b92f8c96032,FILM::Suzzanna: Santet Dosa di Atas Dosa (2026),1,komentar
user_1c0ffe6ae5e6,FILM::Suzzanna: Santet Dosa di Atas Dosa (2026),1,komentar
user_1c19c1da6f5d,FILM::Suzzanna: Santet Dosa di Atas Dosa (2026),1,komentar
user_1c80c2541b31,FILM::Suzzanna: Santet Dosa di Atas Dosa (2026),1,komentar
user_1c9d9dffd0a6,FILM::Suzzanna: Santet Dosa di Atas Dosa (2026),1,komentar
user_1ccfd8a54f74,FILM::Suzzanna: Santet Dosa di Atas Dosa (2026),2,komentar
user_1d0345fb74e1,FILM::Suzzanna: Santet Dosa di Atas Dosa (2026),1,komentar
user_1d1a1e636f77,FILM::Suzzanna: Santet Dosa di Atas Dosa (2026),3,komentar
user_1d5f203b4d18,FILM::Suzzanna: Santet Dosa di Atas Dosa (2026),1,komentar
user_1d6f61116fa1,FILM::Suzzanna: Santet Dosa di Atas Dosa (2026),1,komentar
user_1ddaa465bc21,FILM::Suzzanna: Santet Dosa di Atas Dosa (2026),1,komentar
user_1deae310c3cd,FILM::Suzzanna: Santet Dosa di Atas Dosa (2026),1,komentar
user_1e8068f4b208,FILM::Suzzanna: Santet Dosa di Atas Dosa (2026),1,komentar
user_1e851b8be5bb,FILM::Suzzanna: Santet Dosa di Atas Dosa (2026),1,komentar
user_1eb774739fb2,FILM::Suzzanna: Santet Dosa di Atas Dosa (2026),1,komentar
user_1f0f87d9f982,FILM::Suzzanna: Santet Dosa di Atas Dosa (2026),1,komentar
user_1f6a883cf1f4,FILM::Suzzanna: Santet Dosa di Atas Dosa (2026),2,komentar
user_1fd76c0f1c7b,FILM::Suzzanna: Santet Dosa di Atas Dosa (2026),1,komentar
user_2080ab40bbe9,FILM::Suzzanna: Santet Dosa di Atas Dosa (2026),2,komentar
user_2085813e949b,FILM::Suzzanna: Santet Dosa di Atas Dosa (2026),1,komentar
user_208d89ba0895,FILM::Suzzanna: Santet Dosa di Atas Dosa (2026),2,komentar
user_2122f121307d,FILM::Suzzanna: Santet Dosa di Atas Dosa (2026),1,komentar
user_219522595279,FILM::Suzzanna: Santet Dosa di Atas Dosa (2026),1,komentar
user_221d26d07cc0,FILM::Suzzanna: Santet Dosa di Atas Dosa (2026),1,komentar
user_2229d38154c3,FILM::Suzzanna: Santet Dosa di Atas Dosa (2026),2,komentar
user_222f58e71dfb,FILM::Suzzanna: Santet Dosa di Atas Dosa (2026),1,komentar
user_2286ac3c91b7,FILM::Suzzanna: Santet Dosa di Atas Dosa (2026),1,komentar
user_22c8a9412a99,FILM::Suzzanna: Santet Dosa di Atas Dosa (2026),1,komentar
user_2310b08e818c,FILM::Suzzanna: Santet Dosa di Atas Dosa (2026),1,komentar
user_231e54ebe78d,FILM::Suzzanna: Santet Dosa di Atas Dosa (2026),1,komentar
user_23239add8e9d,FILM::Suzzanna: Santet Dosa di Atas Dosa (2026),1,komentar
user_232e72a099d7,FILM::Suzzanna: Santet Dosa di Atas Dosa (2026),1,komentar
user_234037025d83,FILM::Suzzanna: Santet Dosa di Atas Dosa (2026),1,komentar
user_2396bb8dd954,FILM::Suzzanna: Santet Dosa di Atas Dosa (2026),1,komentar
user_23e500a41f8d,FILM::Suzzanna: Santet Dosa di Atas Dosa (2026),1,komentar
user_240fba6e03e9,FILM::Suzzanna: Santet Dosa di Atas Dosa (2026),2,komentar
user_242209df95ea,FILM::Suzzanna: Santet Dosa di Atas Dosa (2026),1,komentar
user_249b8c4d3532,FILM::Suzzanna: Santet Dosa di Atas Dosa (2026),2,komentar
user_24d60c6971b0,FILM::Suzzanna: Santet Dosa di Atas Dosa (2026),1,komentar
user_2518009d73f8,FILM::Suzzanna: Santet Dosa di Atas Dosa (2026),1,komentar
user_257b370b1ce6,FILM::Suzzanna: Santet Dosa di Atas Dosa (2026),2,komentar
user_25c0a171f32e,FILM::Suzzanna: Santet Dosa di Atas Dosa (2026),1,komentar
user_25eea107bc69,FILM::Suzzanna: Santet Dosa di Atas Dosa (2026),1,komentar
user_2615eefcdd40,FILM::Suzzanna: Santet Dosa di Atas Dosa (2026),1,komentar
user_263137199c32,FILM::Suzzanna: Santet Dosa di Atas Dosa (2026),1,komentar
user_263cb906a8ea,FILM::Suzzanna: Santet Dosa di Atas Dosa (2026),1,komentar
user_26a23e9c1411,FILM::Suzzanna: Santet Dosa di Atas Dosa (2026),1,komentar
user_271dc2f06277,FILM::Suzzanna: Santet Dosa di Atas Dosa (2026),1,komentar
user_273bd37c2238,FILM::Suzzanna: Santet Dosa di Atas Dosa (2026),1,komentar
user_27a532b465c2,FILM::Suzzanna: Santet Dosa di Atas Dosa (2026),1,komentar
user_280a403033cb,FILM::Suzzanna: Santet Dosa di Atas Dosa (2026),1,komentar
user_28515b029e6b,FILM::Suzzanna: Santet Dosa di Atas Dosa (2026),1,komentar
user_28b927a2e9cf,FILM::Suzzanna: Santet Dosa di Atas Dosa (2026),1,komentar
user_28ce9f32d3b1,FILM::Suzzanna: Santet Dosa di Atas Dosa (2026),1,komentar
user_28d26b41e7a3,FILM::Suzzanna: Santet Dosa di Atas Dosa (2026),1,komentar
user_28eafeb0022f,FILM::Suzzanna: Santet Dosa di Atas Dosa (2026),3,komentar
user_290c3ce1b5c3,FILM::Suzzanna: Santet Dosa di Atas Dosa (2026),2,komentar
user_29f0c43833b9,FILM::Suzzanna: Santet Dosa di Atas Dosa (2026),1,komentar
user_2a6b8ab6027b,FILM::Suzzanna: Santet Dosa di Atas Dosa (2026),1,komentar
user_2aa6a7075476,FILM::Suzzanna: Santet Dosa di Atas Dosa (2026),1,komentar
user_2b13505f58f5,FILM::Suzzanna: Santet Dosa di Atas Dosa (2026),1,komentar
user_2b4b31d2f5d1,FILM::Suzzanna: Santet Dosa di Atas Dosa (2026),1,komentar
user_2b7223bdb31f,FILM::Suzzanna: Santet Dosa di Atas Dosa (2026),1,komentar
user_2b78438af9db,FILM::Suzzanna: Santet Dosa di Atas Dosa (2026),1,komentar
user_2bbc8c470604,FILM::Suzzanna: Santet Dosa di Atas Dosa (2026),1,komentar
user_2bc324461e85,FILM::Suzzanna: Santet Dosa di Atas Dosa (2026),1,komentar
user_2c037a827f64,FILM::Suzzanna: Santet Dosa di Atas Dosa (2026),1,komentar
user_2c21b5e9a9bc,FILM::Suzzanna: Santet Dosa di Atas Dosa (2026),3,komentar
user_2cab5d0cffa7,FILM::Suzzanna: Santet Dosa di Atas Dosa (2026),1,komentar
user_2cabf1bc196b,FILM::Suzzanna: Santet Dosa di Atas Dosa (2026),1,komentar
user_2cb426daa8a6,FILM::Suzzanna: Santet Dosa di Atas Dosa (2026),2,komentar
user_2cd33e8cc2cc,FILM::Suzzanna: Santet Dosa di Atas Dosa (2026),1,komentar
user_2cfaae4fe4bd,FILM::Suzzanna: Santet Dosa di Atas Dosa (2026),1,komentar
user_2d011d4e9ef7,FILM::Suzzanna: Santet Dosa di Atas Dosa (2026),1,komentar
user_2d1ba081f975,FILM::Suzzanna: Santet Dosa di Atas Dosa (2026),2,komentar
user_2d8eac8f5e1b,FILM::Suzzanna: Santet Dosa di Atas Dosa (2026),1,komentar
user_2d99eaec3081,FILM::Suzzanna: Santet Dosa di Atas Dosa (2026),1,komentar
user_2dc3de3bab06,FILM::Suzzanna: Santet Dosa di Atas Dosa (2026),1,komentar
user_2e4f0452ab7f,FILM::Suzzanna: Santet Dosa di Atas Dosa (2026),6,komentar
user_2e541ee2437c,FILM::Suzzanna: Santet Dosa di Atas Dosa (2026),1,komentar
user_2ea4fb8eb6f0,FILM::Suzzanna: Santet Dosa di Atas Dosa (2026),1,komentar
user_2f3ca3300652,FILM::Suzzanna: Santet Dosa di Atas Dosa (2026),1,komentar
user_2f68282fed20,FILM::Suzzanna: Santet Dosa di Atas Dosa (2026),1,komentar
user_2f786f3f1cc0,FILM::Suzzanna: Santet Dosa di Atas Dosa (2026),1,komentar
user_2f9d5a2be1a1,FILM::Suzzanna: Santet Dosa di Atas Dosa (2026),2,komentar
user_2fde6ac85d27,FILM::Suzzanna: Santet Dosa di Atas Dosa (2026),1,komentar
user_303f4a1026eb,FILM::Suzzanna: Santet Dosa di Atas Dosa (2026),1,komentar
user_30e8bb6c53af,FILM::Suzzanna: Santet Dosa di Atas Dosa (2026),1,komentar
user_311f7bd32209,FILM::Suzzanna: Santet Dosa di Atas Dosa (2026),1,komentar
user_3170ce97e735,FILM::Suzzanna: Santet Dosa di Atas Dosa (2026),1,komentar
user_31905d147b24,FILM::Suzzanna: Santet Dosa di Atas Dosa (2026),1,komentar
user_3332f9036504,FILM::Suzzanna: Santet Dosa di Atas Dosa (2026),1,komentar
user_33ca099a6abd,FILM::Suzzanna: Santet Dosa di Atas Dosa (2026),1,komentar
user_3468bce8eb98,FILM::Suzzanna: Santet Dosa di Atas Dosa (2026),1,komentar
user_3490490976c4,FILM::Suzzanna: Santet Dosa di Atas Dosa (2026),1,komentar
user_34ae8915e9df,FILM::Suzzanna: Santet Dosa di Atas Dosa (2026),1,komentar
user_34e20a2f07c3,FILM::Suzzanna: Santet Dosa di Atas Dosa (2026),1,komentar
user_34f7aff694cd,FILM::Suzzanna: Santet Dosa di Atas Dosa (2026),1,komentar
user_351ea77cbe79,FILM::Suzzanna: Santet Dosa di Atas Dosa (2026),1,komentar
user_35f8b2316f84,FILM::Suzzanna: Santet Dosa di Atas Dosa (2026),1,komentar
user_365131a59add,FILM::Suzzanna: Santet Dosa di Atas Dosa (2026),1,komentar
user_368d382230ce,FILM::Suzzanna: Santet Dosa di Atas Dosa (2026),1,komentar
user_36d3e366b089,FILM::Suzzanna: Santet Dosa di Atas Dosa (2026),1,komentar
user_373dcb047442,FILM::Suzzanna: Santet Dosa di Atas Dosa (2026),1,komentar
user_3768d7e876f2,FILM::Suzzanna: Santet Dosa di Atas Dosa (2026),1,komentar
user_381c4dc191a4,FILM::Suzzanna: Santet Dosa di Atas Dosa (2026),1,komentar
user_384048d0ec31,FILM::Suzzanna: Santet Dosa di Atas Dosa (2026),1,komentar
user_3891b0476632,FILM::Suzzanna: Santet Dosa di Atas Dosa (2026),1,komentar
user_38a92e5245ec,FILM::Suzzanna: Santet Dosa di Atas Dosa (2026),1,komentar
user_39c43d88f657,FILM::Suzzanna: Santet Dosa di Atas Dosa (2026),1,komentar
user_3a0b6bc569c4,FILM::Suzzanna: Santet Dosa di Atas Dosa (2026),1,komentar
user_3a11f6851ad2,FILM::Suzzanna: Santet Dosa di Atas Dosa (2026),1,komentar
user_3a2c54c90e51,FILM::Suzzanna: Santet Dosa di Atas Dosa (2026),1,komentar
user_3a99ff571e85,FILM::Suzzanna: Santet Dosa di Atas Dosa (2026),1,komentar
user_3ab29126bb57,FILM::Suzzanna: Santet Dosa di Atas Dosa (2026),2,komentar
user_3b5ad5df41af,FILM::Suzzanna: Santet Dosa di Atas Dosa (2026),1,komentar
user_3b6be22b8630,FILM::Suzzanna: Santet Dosa di Atas Dosa (2026),1,komentar
user_3c1615a7d782,FILM::Suzzanna: Santet Dosa di Atas Dosa (2026),1,komentar
user_3c3e7d5b0044,FILM::Suzzanna: Santet Dosa di Atas Dosa (2026),1,komentar
user_3c616b68f640,FILM::Suzzanna: Santet Dosa di Atas Dosa (2026),1,komentar
user_3c800960de8a,FILM::Suzzanna: Santet Dosa di Atas Dosa (2026),1,komentar
user_3cc548443a12,FILM::Suzzanna: Santet Dosa di Atas Dosa (2026),1,komentar
user_3ccd4cecf518,FILM::Suzzanna: Santet Dosa di Atas Dosa (2026),1,komentar
user_3cdbd6cc84a8,FILM::Suzzanna: Santet Dosa di Atas Dosa (2026),2,komentar
user_3cde9389f6f4,FILM::Suzzanna: Santet Dosa di Atas Dosa (2026),1,komentar
user_3d34c55d822e,FILM::Suzzanna: Santet Dosa di Atas Dosa (2026),1,komentar
user_3da7d3a60ae9,FILM::Suzzanna: Santet Dosa di Atas Dosa (2026),2,komentar
user_3dedc9b9da2b,FILM::Suzzanna: Santet Dosa di Atas Dosa (2026),1,komentar
user_3dee7e0e51f4,FILM::Suzzanna: Santet Dosa di Atas Dosa (2026),1,komentar
user_3ea43b055ddf,FILM::Suzzanna: Santet Dosa di Atas Dosa (2026),1,komentar
user_3f2ea2910c11,FILM::Suzzanna: Santet Dosa di Atas Dosa (2026),2,komentar
user_3f5cb7b1f13f,FILM::Suzzanna: Santet Dosa di Atas Dosa (2026),1,komentar
user_3fa22acf4b86,FILM::Suzzanna: Santet Dosa di Atas Dosa (2026),2,komentar
user_3fce42713c86,FILM::Suzzanna: Santet Dosa di Atas Dosa (2026),1,komentar
user_402521b0a72d,FILM::Suzzanna: Santet Dosa di Atas Dosa (2026),1,komentar
user_40312df60f0b,FILM::Suzzanna: Santet Dosa di Atas Dosa (2026),1,komentar
user_403e0fe1c7a7,FILM::Suzzanna: Santet Dosa di Atas Dosa (2026),1,komentar
user_409dfc479011,FILM::Suzzanna: Santet Dosa di Atas Dosa (2026),1,komentar
user_40af8a64e1d0,FILM::Suzzanna: Santet Dosa di Atas Dosa (2026),1,komentar
user_41315d651c28,FILM::Suzzanna: Santet Dosa di Atas Dosa (2026),1,komentar
user_4137e873cb04,FILM::Suzzanna: Santet Dosa di Atas Dosa (2026),2,komentar
user_4160c8f6b342,FILM::Suzzanna: Santet Dosa di Atas Dosa (2026),1,komentar
user_423a98a40e44,FILM::Suzzanna: Santet Dosa di Atas Dosa (2026),1,komentar
user_423d4696e08a,FILM::Suzzanna: Santet Dosa di Atas Dosa (2026),13,komentar
user_4252ec1a285e,FILM::Suzzanna: Santet Dosa di Atas Dosa (2026),1,komentar
user_430699cb0c08,FILM::Suzzanna: Santet Dosa di Atas Dosa (2026),1,komentar
user_4347b895faae,FILM::Suzzanna: Santet Dosa di Atas Dosa (2026),1,komentar
user_4373d4908ee8,FILM::Suzzanna: Santet Dosa di Atas Dosa (2026),1,komentar
user_43dd65462568,FILM::Suzzanna: Santet Dosa di Atas Dosa (2026),1,komentar
user_44992e71404d,FILM::Suzzanna: Santet Dosa di Atas Dosa (2026),1,komentar
user_44ff0f457476,FILM::Suzzanna: Santet Dosa di Atas Dosa (2026),1,komentar
user_458530cc6b97,FILM::Suzzanna: Santet Dosa di Atas Dosa (2026),1,komentar
user_45cfe2e44aaa,FILM::Suzzanna: Santet Dosa di Atas Dosa (2026),2,komentar
user_460dfbaddb92,FILM::Suzzanna: Santet Dosa di Atas Dosa (2026),1,komentar
user_462503b1b1b4,FILM::Suzzanna: Santet Dosa di Atas Dosa (2026),1,komentar
user_4664b48777a5,FILM::Suzzanna: Santet Dosa di Atas Dosa (2026),1,komentar
user_46a6156fda4b,FILM::Suzzanna: Santet Dosa di Atas Dosa (2026),1,komentar
user_46c0ce118bc1,FILM::Suzzanna: Santet Dosa di Atas Dosa (2026),1,komentar
user_47618b6751d8,FILM::Suzzanna: Santet Dosa di Atas Dosa (2026),1,komentar
user_47a2351ae99b,FILM::Suzzanna: Santet Dosa di Atas Dosa (2026),1,komentar
user_47cd82fb38b8,FILM::Suzzanna: Santet Dosa di Atas Dosa (2026),1,komentar
user_47fbd79d0e86,FILM::Suzzanna: Santet Dosa di Atas Dosa (2026),1,komentar
user_480739aa8dc0,FILM::Suzzanna: Santet Dosa di Atas Dosa (2026),1,komentar
user_4837489f5c59,FILM::Suzzanna: Santet Dosa di Atas Dosa (2026),1,komentar
user_48539b599f13,FILM::Suzzanna: Santet Dosa di Atas Dosa (2026),1,komentar
user_486f8b626b03,FILM::Suzzanna: Santet Dosa di Atas Dosa (2026),2,komentar
user_488fe9a38aef,FILM::Suzzanna: Santet Dosa di Atas Dosa (2026),1,komentar
user_48d8163ddd3a,FILM::Suzzanna: Santet Dosa di Atas Dosa (2026),1,komentar
user_4925e7700da9,FILM::Suzzanna: Santet Dosa di Atas Dosa (2026),1,komentar
user_4959df9e8b10,FILM::Suzzanna: Santet Dosa di Atas Dosa (2026),1,komentar
user_49a0825c18d4,FILM::Suzzanna: Santet Dosa di Atas Dosa (2026),1,komentar
user_49e6ca082c79,FILM::Suzzanna: Santet Dosa di Atas Dosa (2026),3,komentar
user_4a704b4df979,FILM::Suzzanna: Santet Dosa di Atas Dosa (2026),1,komentar
user_4aabdcb244b2,FILM::Suzzanna: Santet Dosa di Atas Dosa (2026),1,komentar
user_4b18be4507ab,FILM::Suzzanna: Santet Dosa di Atas Dosa (2026),1,komentar
user_4b3093554c6a,FILM::Suzzanna: Santet Dosa di Atas Dosa (2026),1,komentar
user_4b9c7ea7b89f,FILM::Suzzanna: Santet Dosa di Atas Dosa (2026),1,komentar
user_4bb48b5e867a,FILM::Suzzanna: Santet Dosa di Atas Dosa (2026),1,komentar
user_4bb8d6053336,FILM::Suzzanna: Santet Dosa di Atas Dosa (2026),1,komentar
user_4c28b9a35eba,FILM::Suzzanna: Santet Dosa di Atas Dosa (2026),1,komentar
user_4c47ad2d3846,FILM::Suzzanna: Santet Dosa di Atas Dosa (2026),1,komentar
user_4c55f1369146,FILM::Suzzanna: Santet Dosa di Atas Dosa (2026),1,komentar
user_4c6682a4909c,FILM::Suzzanna: Santet Dosa di Atas Dosa (2026),1,komentar
user_4c927c12ad16,FILM::Suzzanna: Santet Dosa di Atas Dosa (2026),1,komentar
user_4cc858da7e4f,FILM::Suzzanna: Santet Dosa di Atas Dosa (2026),1,komentar
user_4d237b1475a2,FILM::Suzzanna: Santet Dosa di Atas Dosa (2026),1,komentar
user_4d401e4d2eae,FILM::Suzzanna: Santet Dosa di Atas Dosa (2026),1,komentar
user_4d54f6734999,FILM::Suzzanna: Santet Dosa di Atas Dosa (2026),1,komentar
user_4d5512701489,FILM::Suzzanna: Santet Dosa di Atas Dosa (2026),3,komentar
user_4d9e3ba454dd,FILM::Suzzanna: Santet Dosa di Atas Dosa (2026),1,komentar
user_4db68f67e9ec,FILM::Suzzanna: Santet Dosa di Atas Dosa (2026),1,komentar
user_4dd1edd8f99f,FILM::Suzzanna: Santet Dosa di Atas Dosa (2026),1,komentar
user_4df1134fc0ef,FILM::Suzzanna: Santet Dosa di Atas Dosa (2026),1,komentar
user_4e2346a6890a,FILM::Suzzanna: Santet Dosa di Atas Dosa (2026),1,komentar
user_4e332c47b660,FILM::Suzzanna: Santet Dosa di Atas Dosa (2026),1,komentar
user_4e6c48bb7146,FILM::Suzzanna: Santet Dosa di Atas Dosa (2026),1,komentar
user_4e912473028f,FILM::Suzzanna: Santet Dosa di Atas Dosa (2026),1,komentar
user_4ebe5a825732,FILM::Suzzanna: Santet Dosa di Atas Dosa (2026),1,komentar
user_4f7743c1c9b9,FILM::Suzzanna: Santet Dosa di Atas Dosa (2026),1,komentar
user_4f9833b3be98,FILM::Suzzanna: Santet Dosa di Atas Dosa (2026),1,komentar
user_4fa0aae5704a,FILM::Suzzanna: Santet Dosa di Atas Dosa (2026),2,komentar
user_50944df2c625,FILM::Suzzanna: Santet Dosa di Atas Dosa (2026),1,komentar
user_50a6ba85e710,FILM::Suzzanna: Santet Dosa di Atas Dosa (2026),1,komentar
user_517766c0ae05,FILM::Suzzanna: Santet Dosa di Atas Dosa (2026),1,komentar
user_519daae62835,FILM::Suzzanna: Santet Dosa di Atas Dosa (2026),2,komentar
user_51b866b43080,FILM::Suzzanna: Santet Dosa di Atas Dosa (2026),1,komentar
user_52139912433f,FILM::Suzzanna: Santet Dosa di Atas Dosa (2026),1,komentar
user_524c01b5f4e4,FILM::Suzzanna: Santet Dosa di Atas Dosa (2026),1,komentar
user_529095968fe6,FILM::Suzzanna: Santet Dosa di Atas Dosa (2026),1,komentar
user_52b72b51127f,FILM::Suzzanna: Santet Dosa di Atas Dosa (2026),1,komentar
user_52c2744bd193,FILM::Suzzanna: Santet Dosa di Atas Dosa (2026),1,komentar
user_531dc4d7d768,FILM::Suzzanna: Santet Dosa di Atas Dosa (2026),1,komentar
user_53aef70cc618,FILM::Suzzanna: Santet Dosa di Atas Dosa (2026),1,komentar
user_53e3718bbdbc,FILM::Suzzanna: Santet Dosa di Atas Dosa (2026),1,komentar
user_53e903be9510,FILM::Suzzanna: Santet Dosa di Atas Dosa (2026),1,komentar
user_53fb2d263689,FILM::Suzzanna: Santet Dosa di Atas Dosa (2026),2,komentar
user_542b15352fe4,FILM::Suzzanna: Santet Dosa di Atas Dosa (2026),1,komentar
user_54331815230e,FILM::Suzzanna: Santet Dosa di Atas Dosa (2026),2,komentar
user_5438064a7682,FILM::Suzzanna: Santet Dosa di Atas Dosa (2026),1,komentar
user_5457eee9a2e8,FILM::Suzzanna: Santet Dosa di Atas Dosa (2026),1,komentar
user_5482bff6c080,FILM::Suzzanna: Santet Dosa di Atas Dosa (2026),1,komentar
user_54a984454e43,FILM::Suzzanna: Santet Dosa di Atas Dosa (2026),1,komentar
user_54d7341f3633,FILM::Suzzanna: Santet Dosa di Atas Dosa (2026),1,komentar
user_54eab1924829,FILM::Suzzanna: Santet Dosa di Atas Dosa (2026),1,komentar
user_55390c3e1de3,FILM::Suzzanna: Santet Dosa di Atas Dosa (2026),1,komentar
user_55a37513d7d4,FILM::Suzzanna: Santet Dosa di Atas Dosa (2026),1,komentar
user_55bd8bf63802,FILM::Suzzanna: Santet Dosa di Atas Dosa (2026),2,komentar
user_56216f8e70f4,FILM::Suzzanna: Santet Dosa di Atas Dosa (2026),1,komentar
user_563e476269b4,FILM::Suzzanna: Santet Dosa di Atas Dosa (2026),2,komentar
user_56cbf18dff24,FILM::Suzzanna: Santet Dosa di Atas Dosa (2026),3,komentar
user_574b9ed3b4bc,FILM::Suzzanna: Santet Dosa di Atas Dosa (2026),1,komentar
user_574c93bda09f,FILM::Suzzanna: Santet Dosa di Atas Dosa (2026),2,komentar
user_577e7d7e7cc8,FILM::Suzzanna: Santet Dosa di Atas Dosa (2026),1,komentar
user_5786dbc04f58,FILM::Suzzanna: Santet Dosa di Atas Dosa (2026),4,komentar
user_57f72f2830a5,FILM::Suzzanna: Santet Dosa di Atas Dosa (2026),1,komentar
user_5824bfcda17b,FILM::Suzzanna: Santet Dosa di Atas Dosa (2026),1,komentar
user_58279b177b64,FILM::Suzzanna: Santet Dosa di Atas Dosa (2026),1,komentar
user_5916d901e4af,FILM::Suzzanna: Santet Dosa di Atas Dosa (2026),1,komentar
user_593542003874,FILM::Suzzanna: Santet Dosa di Atas Dosa (2026),1,komentar
user_598980e57f79,FILM::Suzzanna: Santet Dosa di Atas Dosa (2026),1,komentar
user_599172ae83db,FILM::Suzzanna: Santet Dosa di Atas Dosa (2026),1,komentar
user_59c0e81a5b54,FILM::Suzzanna: Santet Dosa di Atas Dosa (2026),1,komentar
user_59da8b4af1af,FILM::Suzzanna: Santet Dosa di Atas Dosa (2026),1,komentar
user_59f4681309b5,FILM::Suzzanna: Santet Dosa di Atas Dosa (2026),1,komentar
user_5a5fe623e4f8,FILM::Suzzanna: Santet Dosa di Atas Dosa (2026),1,komentar
user_5a798fb2c87a,FILM::Suzzanna: Santet Dosa di Atas Dosa (2026),1,komentar
user_5a7c9b5a504e,FILM::Suzzanna: Santet Dosa di Atas Dosa (2026),1,komentar
user_5aaa56ad4407,FILM::Suzzanna: Santet Dosa di Atas Dosa (2026),1,komentar
user_5b8792f8cfe9,FILM::Suzzanna: Santet Dosa di Atas Dosa (2026),1,komentar
user_5b9dd50d33c9,FILM::Suzzanna: Santet Dosa di Atas Dosa (2026),1,komentar
user_5bc32a62c603,FILM::Suzzanna: Santet Dosa di Atas Dosa (2026),1,komentar
user_5bc756a9117c,FILM::Suzzanna: Santet Dosa di Atas Dosa (2026),1,komentar
user_5c5da61f88d6,FILM::Suzzanna: Santet Dosa di Atas Dosa (2026),1,komentar
user_5c743e04b053,FILM::Suzzanna: Santet Dosa di Atas Dosa (2026),1,komentar
user_5c8b70552248,FILM::Suzzanna: Santet Dosa di Atas Dosa (2026),1,komentar
user_5cad964d5089,FILM::Suzzanna: Santet Dosa di Atas Dosa (2026),1,komentar
user_5d13a528ddff,FILM::Suzzanna: Santet Dosa di Atas Dosa (2026),1,komentar
user_5d3f34a906d6,FILM::Suzzanna: Santet Dosa di Atas Dosa (2026),1,komentar
user_5d5286a420a7,FILM::Suzzanna: Santet Dosa di Atas Dosa (2026),1,komentar
user_5d5b7e8da5ef,FILM::Suzzanna: Santet Dosa di Atas Dosa (2026),1,komentar
user_5db06db13f18,FILM::Suzzanna: Santet Dosa di Atas Dosa (2026),1,komentar
user_5dc9f2fe4cf2,FILM::Suzzanna: Santet Dosa di Atas Dosa (2026),1,komentar
user_5de65d867815,FILM::Suzzanna: Santet Dosa di Atas Dosa (2026),2,komentar
user_5e2f7c6cc24c,FILM::Suzzanna: Santet Dosa di Atas Dosa (2026),1,komentar
user_5e42f3cb2ed5,FILM::Suzzanna: Santet Dosa di Atas Dosa (2026),1,komentar
user_5e45aeafaa43,FILM::Suzzanna: Santet Dosa di Atas Dosa (2026),1,komentar
user_5e667cff5ce0,FILM::Suzzanna: Santet Dosa di Atas Dosa (2026),1,komentar
user_5e8d98c464c0,FILM::Suzzanna: Santet Dosa di Atas Dosa (2026),1,komentar
user_5e8de80b55b6,FILM::Suzzanna: Santet Dosa di Atas Dosa (2026),1,komentar
user_5e95e035fe56,FILM::Suzzanna: Santet Dosa di Atas Dosa (2026),2,komentar
user_5ef1d656cb40,FILM::Suzzanna: Santet Dosa di Atas Dosa (2026),1,komentar
user_5f96681091ea,FILM::Suzzanna: Santet Dosa di Atas Dosa (2026),3,komentar
user_5fd4d248aa8d,FILM::Suzzanna: Santet Dosa di Atas Dosa (2026),1,komentar
user_605aa0d2fbd5,FILM::Suzzanna: Santet Dosa di Atas Dosa (2026),1,komentar
user_608d599d1710,FILM::Suzzanna: Santet Dosa di Atas Dosa (2026),1,komentar
user_60e3e53f8ff1,FILM::Suzzanna: Santet Dosa di Atas Dosa (2026),1,komentar
user_6114c96dec64,FILM::Suzzanna: Santet Dosa di Atas Dosa (2026),1,komentar
user_6147272f0436,FILM::Suzzanna: Santet Dosa di Atas Dosa (2026),1,komentar
user_617a2df75d4c,FILM::Suzzanna: Santet Dosa di Atas Dosa (2026),2,komentar
user_618915bc6264,FILM::Suzzanna: Santet Dosa di Atas Dosa (2026),1,komentar
user_618ab2a3df5c,FILM::Suzzanna: Santet Dosa di Atas Dosa (2026),1,komentar
user_61b04d63c5da,FILM::Suzzanna: Santet Dosa di Atas Dosa (2026),1,komentar
user_62042f6045c7,FILM::Suzzanna: Santet Dosa di Atas Dosa (2026),1,komentar
user_6216be3d68ae,FILM::Suzzanna: Santet Dosa di Atas Dosa (2026),1,komentar
user_6223372ae1b1,FILM::Suzzanna: Santet Dosa di Atas Dosa (2026),3,komentar
user_624134ee6989,FILM::Suzzanna: Santet Dosa di Atas Dosa (2026),1,komentar
user_627acc49fbf3,FILM::Suzzanna: Santet Dosa di Atas Dosa (2026),1,komentar
user_627d58c76ea4,FILM::Suzzanna: Santet Dosa di Atas Dosa (2026),5,komentar
user_62a281335ff5,FILM::Suzzanna: Santet Dosa di Atas Dosa (2026),1,komentar
user_62a42763df54,FILM::Suzzanna: Santet Dosa di Atas Dosa (2026),1,komentar
user_64308dc75153,FILM::Suzzanna: Santet Dosa di Atas Dosa (2026),1,komentar
user_6438bdd7dfba,FILM::Suzzanna: Santet Dosa di Atas Dosa (2026),1,komentar
user_643d4ae4871a,FILM::Suzzanna: Santet Dosa di Atas Dosa (2026),1,komentar
user_645a4abdfbac,FILM::Suzzanna: Santet Dosa di Atas Dosa (2026),1,komentar
user_646654ef8f9c,FILM::Suzzanna: Santet Dosa di Atas Dosa (2026),1,komentar
user_646722889b59,FILM::Suzzanna: Santet Dosa di Atas Dosa (2026),1,komentar
user_64d2d332f209,FILM::Suzzanna: Santet Dosa di Atas Dosa (2026),1,komentar
user_652f3c3185c2,FILM::Suzzanna: Santet Dosa di Atas Dosa (2026),2,komentar
user_654454905426,FILM::Suzzanna: Santet Dosa di Atas Dosa (2026),1,komentar
user_654f487a7299,FILM::Suzzanna: Santet Dosa di Atas Dosa (2026),1,komentar
user_657b050ea301,FILM::Suzzanna: Santet Dosa di Atas Dosa (2026),1,komentar
user_65d6a3f2122d,FILM::Suzzanna: Santet Dosa di Atas Dosa (2026),1,komentar
user_65e59430c70a,FILM::Suzzanna: Santet Dosa di Atas Dosa (2026),1,komentar
user_65fac1293053,FILM::Suzzanna: Santet Dosa di Atas Dosa (2026),1,komentar
user_665ed1b54bf2,FILM::Suzzanna: Santet Dosa di Atas Dosa (2026),1,komentar
user_66a337baf161,FILM::Suzzanna: Santet Dosa di Atas Dosa (2026),1,komentar
user_66e6b77d0b85,FILM::Suzzanna: Santet Dosa di Atas Dosa (2026),1,komentar
user_66fa8bc99c94,FILM::Suzzanna: Santet Dosa di Atas Dosa (2026),1,komentar
user_670d7cbf2dea,FILM::Suzzanna: Santet Dosa di Atas Dosa (2026),1,komentar
user_67609d223d2b,FILM::Suzzanna: Santet Dosa di Atas Dosa (2026),1,komentar
user_67703cddd3ca,FILM::Suzzanna: Santet Dosa di Atas Dosa (2026),1,komentar
user_67804a65fcd6,FILM::Suzzanna: Santet Dosa di Atas Dosa (2026),1,komentar
user_67a5df5815ef,FILM::Suzzanna: Santet Dosa di Atas Dosa (2026),1,komentar
user_67d52131ee69,FILM::Suzzanna: Santet Dosa di Atas Dosa (2026),1,komentar
user_67e23d2ba06f,FILM::Suzzanna: Santet Dosa di Atas Dosa (2026),1,komentar
user_682ebcb08213,FILM::Suzzanna: Santet Dosa di Atas Dosa (2026),1,komentar
user_68319c8247df,FILM::Suzzanna: Santet Dosa di Atas Dosa (2026),1,komentar
user_6848d7555c8f,FILM::Suzzanna: Santet Dosa di Atas Dosa (2026),1,komentar
user_685c9155354e,FILM::Suzzanna: Santet Dosa di Atas Dosa (2026),1,komentar
user_68686e06378f,FILM::Suzzanna: Santet Dosa di Atas Dosa (2026),1,komentar
user_68826be1a529,FILM::Suzzanna: Santet Dosa di Atas Dosa (2026),1,komentar
user_6983f811ac7c,FILM::Suzzanna: Santet Dosa di Atas Dosa (2026),1,komentar
user_698596756144,FILM::Suzzanna: Santet Dosa di Atas Dosa (2026),1,komentar
user_698952e47749,FILM::Suzzanna: Santet Dosa di Atas Dosa (2026),1,komentar
user_69bad71a350a,FILM::Suzzanna: Santet Dosa di Atas Dosa (2026),1,komentar
user_6a6558aabf16,FILM::Suzzanna: Santet Dosa di Atas Dosa (2026),1,komentar
user_6a71dc4fbef8,FILM::Suzzanna: Santet Dosa di Atas Dosa (2026),1,komentar
user_6a82a65e5a09,FILM::Suzzanna: Santet Dosa di Atas Dosa (2026),1,komentar
user_6aa584890c7f,FILM::Suzzanna: Santet Dosa di Atas Dosa (2026),1,komentar
user_6b0038194a11,FILM::Suzzanna: Santet Dosa di Atas Dosa (2026),1,komentar
user_6b418137932f,FILM::Suzzanna: Santet Dosa di Atas Dosa (2026),1,komentar
user_6b50f438ced8,FILM::Suzzanna: Santet Dosa di Atas Dosa (2026),1,komentar
user_6bb1f8f1c8af,FILM::Suzzanna: Santet Dosa di Atas Dosa (2026),1,komentar
user_6bc4e04db1ce,FILM::Suzzanna: Santet Dosa di Atas Dosa (2026),1,komentar
user_6beffd6bc98d,FILM::Suzzanna: Santet Dosa di Atas Dosa (2026),1,komentar
user_6bf356a8bb09,FILM::Suzzanna: Santet Dosa di Atas Dosa (2026),1,komentar
user_6c049644b24e,FILM::Suzzanna: Santet Dosa di Atas Dosa (2026),1,komentar
user_6c190e2f1659,FILM::Suzzanna: Santet Dosa di Atas Dosa (2026),1,komentar
user_6c2daa851f3e,FILM::Suzzanna: Santet Dosa di Atas Dosa (2026),1,komentar
user_6d60f04672fb,FILM::Suzzanna: Santet Dosa di Atas Dosa (2026),1,komentar
user_6d85e2d58fe9,FILM::Suzzanna: Santet Dosa di Atas Dosa (2026),1,komentar
user_6e1b5875153f,FILM::Suzzanna: Santet Dosa di Atas Dosa (2026),1,komentar
user_6e25e18c0327,FILM::Suzzanna: Santet Dosa di Atas Dosa (2026),1,komentar
user_6e9b63b721b3,FILM::Suzzanna: Santet Dosa di Atas Dosa (2026),1,komentar
user_6ea2ea1545cc,FILM::Suzzanna: Santet Dosa di Atas Dosa (2026),2,komentar
user_6ea98b360f04,FILM::Suzzanna: Santet Dosa di Atas Dosa (2026),1,komentar
user_6fcd1b5edfb1,FILM::Suzzanna: Santet Dosa di Atas Dosa (2026),1,komentar
user_7031f01005bd,FILM::Suzzanna: Santet Dosa di Atas Dosa (2026),1,komentar
user_7045e6fec90a,FILM::Suzzanna: Santet Dosa di Atas Dosa (2026),9,komentar
user_707a867de185,FILM::Suzzanna: Santet Dosa di Atas Dosa (2026),1,komentar
user_7093c53623bf,FILM::Suzzanna: Santet Dosa di Atas Dosa (2026),1,komentar
user_71607b6b2d2f,FILM::Suzzanna: Santet Dosa di Atas Dosa (2026),2,komentar
user_7298a9379e74,FILM::Suzzanna: Santet Dosa di Atas Dosa (2026),1,komentar
user_72b15c8eac8e,FILM::Suzzanna: Santet Dosa di Atas Dosa (2026),2,komentar
user_7302ca515ad8,FILM::Suzzanna: Santet Dosa di Atas Dosa (2026),1,komentar
user_731f3b28fe3c,FILM::Suzzanna: Santet Dosa di Atas Dosa (2026),1,komentar
user_733b2a9d3e1f,FILM::Suzzanna: Santet Dosa di Atas Dosa (2026),1,komentar
user_73761745bdd3,FILM::Suzzanna: Santet Dosa di Atas Dosa (2026),1,komentar
user_73d5d71af13b,FILM::Suzzanna: Santet Dosa di Atas Dosa (2026),1,komentar
user_749d0b425c39,FILM::Suzzanna: Santet Dosa di Atas Dosa (2026),2,komentar
user_74de0158d174,FILM::Suzzanna: Santet Dosa di Atas Dosa (2026),1,komentar
user_74e84e445b62,FILM::Suzzanna: Santet Dosa di Atas Dosa (2026),1,komentar
user_75672a44329f,FILM::Suzzanna: Santet Dosa di Atas Dosa (2026),1,komentar
user_75714defead3,FILM::Suzzanna: Santet Dosa di Atas Dosa (2026),1,komentar
user_75b30922da26,FILM::Suzzanna: Santet Dosa di Atas Dosa (2026),1,komentar
user_75c23f04fb40,FILM::Suzzanna: Santet Dosa di Atas Dosa (2026),1,komentar
user_75c6000bb186,FILM::Suzzanna: Santet Dosa di Atas Dosa (2026),1,komentar
user_75d2ccdbac58,FILM::Suzzanna: Santet Dosa di Atas Dosa (2026),1,komentar
user_75d56603598a,FILM::Suzzanna: Santet Dosa di Atas Dosa (2026),1,komentar
user_77591fc0271b,FILM::Suzzanna: Santet Dosa di Atas Dosa (2026),1,komentar
user_77a967d85d42,FILM::Suzzanna: Santet Dosa di Atas Dosa (2026),1,komentar
user_77c93df69434,FILM::Suzzanna: Santet Dosa di Atas Dosa (2026),1,komentar
user_77d8bf0cfe75,FILM::Suzzanna: Santet Dosa di Atas Dosa (2026),2,komentar
user_77fc6e60e89b,FILM::Suzzanna: Santet Dosa di Atas Dosa (2026),1,komentar
user_78338e9a9bdd,FILM::Suzzanna: Santet Dosa di Atas Dosa (2026),1,komentar
user_78a8ec09cfbb,FILM::Suzzanna: Santet Dosa di Atas Dosa (2026),1,komentar
user_78d518ed5eb4,FILM::Suzzanna: Santet Dosa di Atas Dosa (2026),1,komentar
user_78faf2dd0995,FILM::Suzzanna: Santet Dosa di Atas Dosa (2026),1,komentar
user_790ddef6d6f1,FILM::Suzzanna: Santet Dosa di Atas Dosa (2026),1,komentar
user_797a41de5ece,FILM::Suzzanna: Santet Dosa di Atas Dosa (2026),1,komentar
user_7989036a08c5,FILM::Suzzanna: Santet Dosa di Atas Dosa (2026),1,komentar
user_79bd9d7dcb58,FILM::Suzzanna: Santet Dosa di Atas Dosa (2026),1,komentar
user_79d885b5823d,FILM::Suzzanna: Santet Dosa di Atas Dosa (2026),3,komentar
user_79e3904a7f2f,FILM::Suzzanna: Santet Dosa di Atas Dosa (2026),1,komentar
user_79fedea4f250,FILM::Suzzanna: Santet Dosa di Atas Dosa (2026),2,komentar
user_7a085a24a746,FILM::Suzzanna: Santet Dosa di Atas Dosa (2026),1,komentar
user_7a0bf28849d9,FILM::Suzzanna: Santet Dosa di Atas Dosa (2026),1,komentar
user_7a6052ff73d8,FILM::Suzzanna: Santet Dosa di Atas Dosa (2026),1,komentar
user_7a6e5abcf537,FILM::Suzzanna: Santet Dosa di Atas Dosa (2026),2,komentar
user_7a741ed7627b,FILM::Suzzanna: Santet Dosa di Atas Dosa (2026),1,komentar
user_7a840ee0f60a,FILM::Suzzanna: Santet Dosa di Atas Dosa (2026),5,komentar
user_7af063aa27c5,FILM::Suzzanna: Santet Dosa di Atas Dosa (2026),1,komentar
user_7b787d0f8666,FILM::Suzzanna: Santet Dosa di Atas Dosa (2026),1,komentar
user_7becdf475c36,FILM::Suzzanna: Santet Dosa di Atas Dosa (2026),1,komentar
user_7c16494d1b9e,FILM::Suzzanna: Santet Dosa di Atas Dosa (2026),1,komentar
user_7c209c2b779e,FILM::Suzzanna: Santet Dosa di Atas Dosa (2026),1,komentar
user_7c4942d3b68a,FILM::Suzzanna: Santet Dosa di Atas Dosa (2026),1,komentar
user_7cc80d897772,FILM::Suzzanna: Santet Dosa di Atas Dosa (2026),2,komentar
user_7cce501dcc53,FILM::Suzzanna: Santet Dosa di Atas Dosa (2026),1,komentar
user_7d88515c8785,FILM::Suzzanna: Santet Dosa di Atas Dosa (2026),1,komentar
user_7d9ccaac8def,FILM::Suzzanna: Santet Dosa di Atas Dosa (2026),1,komentar
user_7db0311cbc83,FILM::Suzzanna: Santet Dosa di Atas Dosa (2026),1,komentar
user_7e6c4d1d105d,FILM::Suzzanna: Santet Dosa di Atas Dosa (2026),1,komentar
user_7edffb664cc0,FILM::Suzzanna: Santet Dosa di Atas Dosa (2026),1,komentar
user_7ee2b02550a3,FILM::Suzzanna: Santet Dosa di Atas Dosa (2026),1,komentar
user_7f6206c06d3c,FILM::Suzzanna: Santet Dosa di Atas Dosa (2026),1,komentar
user_7f6a0a3c468c,FILM::Suzzanna: Santet Dosa di Atas Dosa (2026),1,komentar
user_7f9690e39dd3,FILM::Suzzanna: Santet Dosa di Atas Dosa (2026),1,komentar
user_7fc642a174de,FILM::Suzzanna: Santet Dosa di Atas Dosa (2026),1,komentar
user_7ffda13aa3ed,FILM::Suzzanna: Santet Dosa di Atas Dosa (2026),1,komentar
user_810d8695c1a2,FILM::Suzzanna: Santet Dosa di Atas Dosa (2026),1,komentar
user_8113bd67d380,FILM::Suzzanna: Santet Dosa di Atas Dosa (2026),1,komentar
user_813fd027a207,FILM::Suzzanna: Santet Dosa di Atas Dosa (2026),1,komentar
user_816f9ad8f51d,FILM::Suzzanna: Santet Dosa di Atas Dosa (2026),1,komentar
user_81833d893e13,FILM::Suzzanna: Santet Dosa di Atas Dosa (2026),1,komentar
user_818f09320d9f,FILM::Suzzanna: Santet Dosa di Atas Dosa (2026),1,komentar
user_81b1652677f5,FILM::Suzzanna: Santet Dosa di Atas Dosa (2026),1,komentar
user_81fbdb7feb30,FILM::Suzzanna: Santet Dosa di Atas Dosa (2026),1,komentar
user_820ddbe24801,FILM::Suzzanna: Santet Dosa di Atas Dosa (2026),1,komentar
user_824c724cbb63,FILM::Suzzanna: Santet Dosa di Atas Dosa (2026),1,komentar
user_826769a405a2,FILM::Suzzanna: Santet Dosa di Atas Dosa (2026),1,komentar
user_826fbc764252,FILM::Suzzanna: Santet Dosa di Atas Dosa (2026),1,komentar
user_82ce6cd90b64,FILM::Suzzanna: Santet Dosa di Atas Dosa (2026),1,komentar
user_82efa69130aa,FILM::Suzzanna: Santet Dosa di Atas Dosa (2026),2,komentar
user_83253be1a4b8,FILM::Suzzanna: Santet Dosa di Atas Dosa (2026),1,komentar
user_834b140ca3d3,FILM::Suzzanna: Santet Dosa di Atas Dosa (2026),1,komentar
user_8365f168e570,FILM::Suzzanna: Santet Dosa di Atas Dosa (2026),1,komentar
user_836ea1f4d91f,FILM::Suzzanna: Santet Dosa di Atas Dosa (2026),1,komentar
user_8383a7e3fd5c,FILM::Suzzanna: Santet Dosa di Atas Dosa (2026),1,komentar
user_844c214c2ae5,FILM::Suzzanna: Santet Dosa di Atas Dosa (2026),1,komentar
user_84b13ae768a7,FILM::Suzzanna: Santet Dosa di Atas Dosa (2026),1,komentar
user_859212754ca3,FILM::Suzzanna: Santet Dosa di Atas Dosa (2026),1,komentar
user_85a88eb377c7,FILM::Suzzanna: Santet Dosa di Atas Dosa (2026),1,komentar
user_85fd3bfb4679,FILM::Suzzanna: Santet Dosa di Atas Dosa (2026),1,komentar
user_8605c6b35171,FILM::Suzzanna: Santet Dosa di Atas Dosa (2026),1,komentar
user_864901f5f717,FILM::Suzzanna: Santet Dosa di Atas Dosa (2026),1,komentar
user_86685625c362,FILM::Suzzanna: Santet Dosa di Atas Dosa (2026),1,komentar
user_8686d82fbe5e,FILM::Suzzanna: Santet Dosa di Atas Dosa (2026),1,komentar
user_86a3a0ba4291,FILM::Suzzanna: Santet Dosa di Atas Dosa (2026),1,komentar
user_86af4c5e1124,FILM::Suzzanna: Santet Dosa di Atas Dosa (2026),1,komentar
user_86b3dfce77f9,FILM::Suzzanna: Santet Dosa di Atas Dosa (2026),2,komentar
user_86cfd2822e32,FILM::Suzzanna: Santet Dosa di Atas Dosa (2026),1,komentar
user_870164780b99,FILM::Suzzanna: Santet Dosa di Atas Dosa (2026),1,komentar
user_87d69b37ae1f,FILM::Suzzanna: Santet Dosa di Atas Dosa (2026),1,komentar
user_87dee59f58be,FILM::Suzzanna: Santet Dosa di Atas Dosa (2026),1,komentar
user_881773d6116c,FILM::Suzzanna: Santet Dosa di Atas Dosa (2026),1,komentar
user_88189c23a29b,FILM::Suzzanna: Santet Dosa di Atas Dosa (2026),1,komentar
user_8862ab72de5c,FILM::Suzzanna: Santet Dosa di Atas Dosa (2026),1,komentar
user_889e52993125,FILM::Suzzanna: Santet Dosa di Atas Dosa (2026),1,komentar
user_88c478f9623f,FILM::Suzzanna: Santet Dosa di Atas Dosa (2026),1,komentar
user_88efea84f85b,FILM::Suzzanna: Santet Dosa di Atas Dosa (2026),1,komentar
user_88f9f1405fd6,FILM::Suzzanna: Santet Dosa di Atas Dosa (2026),1,komentar
user_892e6fc7afb5,FILM::Suzzanna: Santet Dosa di Atas Dosa (2026),1,komentar
user_897cdf2fc3d7,FILM::Suzzanna: Santet Dosa di Atas Dosa (2026),1,komentar
user_897e72b02087,FILM::Suzzanna: Santet Dosa di Atas Dosa (2026),1,komentar
user_89a61d4c5844,FILM::Suzzanna: Santet Dosa di Atas Dosa (2026),1,komentar
user_89ad6b6c6c5c,FILM::Suzzanna: Santet Dosa di Atas Dosa (2026),1,komentar
user_89f514ea14b5,FILM::Suzzanna: Santet Dosa di Atas Dosa (2026),1,komentar
user_8a46f0ccf3a9,FILM::Suzzanna: Santet Dosa di Atas Dosa (2026),1,komentar
user_8a69b101a379,FILM::Suzzanna: Santet Dosa di Atas Dosa (2026),1,komentar
user_8a8e4ff427f4,FILM::Suzzanna: Santet Dosa di Atas Dosa (2026),1,komentar
user_8b34352ee018,FILM::Suzzanna: Santet Dosa di Atas Dosa (2026),1,komentar
user_8b3917f1b319,FILM::Suzzanna: Santet Dosa di Atas Dosa (2026),1,komentar
user_8b5d71ddf252,FILM::Suzzanna: Santet Dosa di Atas Dosa (2026),1,komentar
user_8be1e2a9b851,FILM::Suzzanna: Santet Dosa di Atas Dosa (2026),1,komentar
user_8c4c91d3d71c,FILM::Suzzanna: Santet Dosa di Atas Dosa (2026),1,komentar
user_8c4db179c6da,FILM::Suzzanna: Santet Dosa di Atas Dosa (2026),1,komentar
user_8c5b6a72cb54,FILM::Suzzanna: Santet Dosa di Atas Dosa (2026),1,komentar
user_8c97f7ae61ce,FILM::Suzzanna: Santet Dosa di Atas Dosa (2026),1,komentar
user_8cc6f4f7b0d3,FILM::Suzzanna: Santet Dosa di Atas Dosa (2026),2,komentar
user_8cf01b3565b8,FILM::Suzzanna: Santet Dosa di Atas Dosa (2026),1,komentar
user_8cf3bffe4a89,FILM::Suzzanna: Santet Dosa di Atas Dosa (2026),1,komentar
user_8dc8836fc570,FILM::Suzzanna: Santet Dosa di Atas Dosa (2026),3,komentar
user_8dd2d5400773,FILM::Suzzanna: Santet Dosa di Atas Dosa (2026),1,komentar
user_8dd7ce812f60,FILM::Suzzanna: Santet Dosa di Atas Dosa (2026),1,komentar
user_8dd9f713c189,FILM::Suzzanna: Santet Dosa di Atas Dosa (2026),1,komentar
user_8ea0d14a57c3,FILM::Suzzanna: Santet Dosa di Atas Dosa (2026),2,komentar
user_8ea106568a5a,FILM::Suzzanna: Santet Dosa di Atas Dosa (2026),1,komentar
user_8eb0c5a643a5,FILM::Suzzanna: Santet Dosa di Atas Dosa (2026),1,komentar
user_8fb41459e43c,FILM::Suzzanna: Santet Dosa di Atas Dosa (2026),1,komentar
user_906fae245c2a,FILM::Suzzanna: Santet Dosa di Atas Dosa (2026),1,komentar
user_90dff054642f,FILM::Suzzanna: Santet Dosa di Atas Dosa (2026),2,komentar
user_9145626b9137,FILM::Suzzanna: Santet Dosa di Atas Dosa (2026),1,komentar
user_916c10691f13,FILM::Suzzanna: Santet Dosa di Atas Dosa (2026),1,komentar
user_91de1f055e6c,FILM::Suzzanna: Santet Dosa di Atas Dosa (2026),1,komentar
user_923da5cc0368,FILM::Suzzanna: Santet Dosa di Atas Dosa (2026),1,komentar
user_927d75cbb462,FILM::Suzzanna: Santet Dosa di Atas Dosa (2026),1,komentar
user_92a6780ff067,FILM::Suzzanna: Santet Dosa di Atas Dosa (2026),2,komentar
user_92ff0a352788,FILM::Suzzanna: Santet Dosa di Atas Dosa (2026),1,komentar
user_9388f0d5c66f,FILM::Suzzanna: Santet Dosa di Atas Dosa (2026),1,komentar
user_93bdc894c3b5,FILM::Suzzanna: Santet Dosa di Atas Dosa (2026),6,komentar
user_94056e03a771,FILM::Suzzanna: Santet Dosa di Atas Dosa (2026),1,komentar
user_941503c5da27,FILM::Suzzanna: Santet Dosa di Atas Dosa (2026),1,komentar
user_943a7bcee52d,FILM::Suzzanna: Santet Dosa di Atas Dosa (2026),4,komentar
user_946a33abfa64,FILM::Suzzanna: Santet Dosa di Atas Dosa (2026),1,komentar
user_946df54f0fd3,FILM::Suzzanna: Santet Dosa di Atas Dosa (2026),1,komentar
user_94c2b7a05983,FILM::Suzzanna: Santet Dosa di Atas Dosa (2026),1,komentar
user_953de6791541,FILM::Suzzanna: Santet Dosa di Atas Dosa (2026),2,komentar
user_957d446f8a6d,FILM::Suzzanna: Santet Dosa di Atas Dosa (2026),1,komentar
user_95ce9a551957,FILM::Suzzanna: Santet Dosa di Atas Dosa (2026),1,komentar
user_964dc73f1bc8,FILM::Suzzanna: Santet Dosa di Atas Dosa (2026),1,komentar
user_9699f647f74b,FILM::Suzzanna: Santet Dosa di Atas Dosa (2026),1,komentar
user_97e8edf768d8,FILM::Suzzanna: Santet Dosa di Atas Dosa (2026),1,komentar
user_97fd178bf6ed,FILM::Suzzanna: Santet Dosa di Atas Dosa (2026),9,komentar
user_98056fb67b7c,FILM::Suzzanna: Santet Dosa di Atas Dosa (2026),1,komentar
user_9836cb11e295,FILM::Suzzanna: Santet Dosa di Atas Dosa (2026),1,komentar
user_985600781c5d,FILM::Suzzanna: Santet Dosa di Atas Dosa (2026),1,komentar
user_98ad7b1567f2,FILM::Suzzanna: Santet Dosa di Atas Dosa (2026),1,komentar
user_98b674715480,FILM::Suzzanna: Santet Dosa di Atas Dosa (2026),1,komentar
user_990e67762beb,FILM::Suzzanna: Santet Dosa di Atas Dosa (2026),1,komentar
user_996f77881040,FILM::Suzzanna: Santet Dosa di Atas Dosa (2026),1,komentar
user_99c0f62639e4,FILM::Suzzanna: Santet Dosa di Atas Dosa (2026),1,komentar
user_9a323d80368c,FILM::Suzzanna: Santet Dosa di Atas Dosa (2026),2,komentar
user_9a397e69c1e2,FILM::Suzzanna: Santet Dosa di Atas Dosa (2026),1,komentar
user_9ab8fe4628c3,FILM::Suzzanna: Santet Dosa di Atas Dosa (2026),1,komentar
user_9ae1b3cc0142,FILM::Suzzanna: Santet Dosa di Atas Dosa (2026),1,komentar
user_9b0c9db193d6,FILM::Suzzanna: Santet Dosa di Atas Dosa (2026),1,komentar
user_9bbb5fee0b1a,FILM::Suzzanna: Santet Dosa di Atas Dosa (2026),1,komentar
user_9c1393d0a76f,FILM::Suzzanna: Santet Dosa di Atas Dosa (2026),1,komentar
user_9c163c1c7038,FILM::Suzzanna: Santet Dosa di Atas Dosa (2026),1,komentar
user_9c9df4f2014d,FILM::Suzzanna: Santet Dosa di Atas Dosa (2026),1,komentar
user_9cb78b9ea7ba,FILM::Suzzanna: Santet Dosa di Atas Dosa (2026),1,komentar
user_9ccfccbfa40b,FILM::Suzzanna: Santet Dosa di Atas Dosa (2026),1,komentar
user_9cf08f94360d,FILM::Suzzanna: Santet Dosa di Atas Dosa (2026),1,komentar
user_9d0ec4309583,FILM::Suzzanna: Santet Dosa di Atas Dosa (2026),1,komentar
user_9dd05914478e,FILM::Suzzanna: Santet Dosa di Atas Dosa (2026),1,komentar
user_9de0fdedaa74,FILM::Suzzanna: Santet Dosa di Atas Dosa (2026),1,komentar
user_9e80bc8669d1,FILM::Suzzanna: Santet Dosa di Atas Dosa (2026),1,komentar
user_9eb458de7b1d,FILM::Suzzanna: Santet Dosa di Atas Dosa (2026),1,komentar
user_9ef3ec4cb51d,FILM::Suzzanna: Santet Dosa di Atas Dosa (2026),12,komentar
user_9f12c71e8cc2,FILM::Suzzanna: Santet Dosa di Atas Dosa (2026),2,komentar
user_9f26e17d42e4,FILM::Suzzanna: Santet Dosa di Atas Dosa (2026),1,komentar
user_9f950ba92931,FILM::Suzzanna: Santet Dosa di Atas Dosa (2026),1,komentar
user_9fa1947ef0e4,FILM::Suzzanna: Santet Dosa di Atas Dosa (2026),1,komentar
user_9fce9b78502d,FILM::Suzzanna: Santet Dosa di Atas Dosa (2026),1,komentar
user_a01ae9a96df5,FILM::Suzzanna: Santet Dosa di Atas Dosa (2026),1,komentar
user_a0675906cb8f,FILM::Suzzanna: Santet Dosa di Atas Dosa (2026),1,komentar
user_a0c996a84d0e,FILM::Suzzanna: Santet Dosa di Atas Dosa (2026),1,komentar
user_a0cbee90453f,FILM::Suzzanna: Santet Dosa di Atas Dosa (2026),2,komentar
user_a1e62656aa0c,FILM::Suzzanna: Santet Dosa di Atas Dosa (2026),1,komentar
user_a23ae0f82206,FILM::Suzzanna: Santet Dosa di Atas Dosa (2026),1,komentar
user_a23f75e5eab6,FILM::Suzzanna: Santet Dosa di Atas Dosa (2026),1,komentar
user_a2a9f319b055,FILM::Suzzanna: Santet Dosa di Atas Dosa (2026),1,komentar
user_a2b66335cc87,FILM::Suzzanna: Santet Dosa di Atas Dosa (2026),1,komentar
user_a2d65ea37f61,FILM::Suzzanna: Santet Dosa di Atas Dosa (2026),1,komentar
user_a35ca6cd5664,FILM::Suzzanna: Santet Dosa di Atas Dosa (2026),1,komentar
user_a398e0e4ea50,FILM::Suzzanna: Santet Dosa di Atas Dosa (2026),1,komentar
user_a3d44377bd7f,FILM::Suzzanna: Santet Dosa di Atas Dosa (2026),1,komentar
user_a41b181ac8ec,FILM::Suzzanna: Santet Dosa di Atas Dosa (2026),1,komentar
user_a43afead61c5,FILM::Suzzanna: Santet Dosa di Atas Dosa (2026),1,komentar
user_a43b118f5ebd,FILM::Suzzanna: Santet Dosa di Atas Dosa (2026),1,komentar
user_a467d3e13a4a,FILM::Suzzanna: Santet Dosa di Atas Dosa (2026),1,komentar
user_a4765d73bd5b,FILM::Suzzanna: Santet Dosa di Atas Dosa (2026),1,komentar
user_a4f5c133a9e8,FILM::Suzzanna: Santet Dosa di Atas Dosa (2026),2,komentar
user_a50329204488,FILM::Suzzanna: Santet Dosa di Atas Dosa (2026),1,komentar
user_a520bb40ca6a,FILM::Suzzanna: Santet Dosa di Atas Dosa (2026),1,komentar
user_a5301b1a2e7b,FILM::Suzzanna: Santet Dosa di Atas Dosa (2026),1,komentar
user_a550204143e0,FILM::Suzzanna: Santet Dosa di Atas Dosa (2026),1,komentar
user_a5d36cf8253e,FILM::Suzzanna: Santet Dosa di Atas Dosa (2026),1,komentar
user_a5dce913160b,FILM::Suzzanna: Santet Dosa di Atas Dosa (2026),1,komentar
user_a611a69f67bc,FILM::Suzzanna: Santet Dosa di Atas Dosa (2026),1,komentar
user_a66021f9b8b7,FILM::Suzzanna: Santet Dosa di Atas Dosa (2026),1,komentar
user_a7aad154d73a,FILM::Suzzanna: Santet Dosa di Atas Dosa (2026),1,komentar
user_a7b497420e29,FILM::Suzzanna: Santet Dosa di Atas Dosa (2026),1,komentar
user_a7ceba4f7f5b,FILM::Suzzanna: Santet Dosa di Atas Dosa (2026),2,komentar
user_a7dce9df1d58,FILM::Suzzanna: Santet Dosa di Atas Dosa (2026),1,komentar
user_a83b3562c5cf,FILM::Suzzanna: Santet Dosa di Atas Dosa (2026),2,komentar
user_a8668a508c10,FILM::Suzzanna: Santet Dosa di Atas Dosa (2026),1,komentar
user_a86a5ad0d47f,FILM::Suzzanna: Santet Dosa di Atas Dosa (2026),1,komentar
user_a8e42af40c6b,FILM::Suzzanna: Santet Dosa di Atas Dosa (2026),1,komentar
user_a8f61dffb84b,FILM::Suzzanna: Santet Dosa di Atas Dosa (2026),1,komentar
user_a934fb9490c2,FILM::Suzzanna: Santet Dosa di Atas Dosa (2026),1,komentar
user_a95d1ffc7773,FILM::Suzzanna: Santet Dosa di Atas Dosa (2026),1,komentar
user_a9ad68dc7fcd,FILM::Suzzanna: Santet Dosa di Atas Dosa (2026),1,komentar
user_a9e0d0d7c106,FILM::Suzzanna: Santet Dosa di Atas Dosa (2026),1,komentar
user_a9e5c90a740d,FILM::Suzzanna: Santet Dosa di Atas Dosa (2026),1,komentar
user_aa546eb85d0c,FILM::Suzzanna: Santet Dosa di Atas Dosa (2026),1,komentar
user_aa7c01daab75,FILM::Suzzanna: Santet Dosa di Atas Dosa (2026),1,komentar
user_aa87a4e6a4df,FILM::Suzzanna: Santet Dosa di Atas Dosa (2026),1,komentar
user_aa9e5af9964c,FILM::Suzzanna: Santet Dosa di Atas Dosa (2026),1,komentar
user_aaa7516917f9,FILM::Suzzanna: Santet Dosa di Atas Dosa (2026),1,komentar
user_aab2b0735137,FILM::Suzzanna: Santet Dosa di Atas Dosa (2026),1,komentar
user_aafc9af123ba,FILM::Suzzanna: Santet Dosa di Atas Dosa (2026),1,komentar
user_ab227ebf7085,FILM::Suzzanna: Santet Dosa di Atas Dosa (2026),1,komentar
user_ab3b039e2aac,FILM::Suzzanna: Santet Dosa di Atas Dosa (2026),1,komentar
user_abbe57ebf9f4,FILM::Suzzanna: Santet Dosa di Atas Dosa (2026),2,komentar
user_abf4e6ce3069,FILM::Suzzanna: Santet Dosa di Atas Dosa (2026),1,komentar
user_ac029ebf6b56,FILM::Suzzanna: Santet Dosa di Atas Dosa (2026),1,komentar
user_ac2cb89e6f2c,FILM::Suzzanna: Santet Dosa di Atas Dosa (2026),1,komentar
user_ac8083dfe5d9,FILM::Suzzanna: Santet Dosa di Atas Dosa (2026),1,komentar
user_acd171882fde,FILM::Suzzanna: Santet Dosa di Atas Dosa (2026),1,komentar
user_ad077e37fd62,FILM::Suzzanna: Santet Dosa di Atas Dosa (2026),1,komentar
user_ad1cf36110b9,FILM::Suzzanna: Santet Dosa di Atas Dosa (2026),1,komentar
user_ad1e36e4a30a,FILM::Suzzanna: Santet Dosa di Atas Dosa (2026),1,komentar
user_ad3f1c470370,FILM::Suzzanna: Santet Dosa di Atas Dosa (2026),2,komentar
user_ad7167ddd5ac,FILM::Suzzanna: Santet Dosa di Atas Dosa (2026),1,komentar
user_ad85ee202b11,FILM::Suzzanna: Santet Dosa di Atas Dosa (2026),1,komentar
user_adc1c9100075,FILM::Suzzanna: Santet Dosa di Atas Dosa (2026),5,komentar
user_ade15c1dcce8,FILM::Suzzanna: Santet Dosa di Atas Dosa (2026),1,komentar
user_ae1cbb71dd00,FILM::Suzzanna: Santet Dosa di Atas Dosa (2026),1,komentar
user_ae25e2f7ebd7,FILM::Suzzanna: Santet Dosa di Atas Dosa (2026),1,komentar
user_ae28ef754f1b,FILM::Suzzanna: Santet Dosa di Atas Dosa (2026),1,komentar
user_aea3322c54f3,FILM::Suzzanna: Santet Dosa di Atas Dosa (2026),1,komentar
user_aebb70497b96,FILM::Suzzanna: Santet Dosa di Atas Dosa (2026),1,komentar
user_aecfbe93b74c,FILM::Suzzanna: Santet Dosa di Atas Dosa (2026),1,komentar
user_b026137d8d13,FILM::Suzzanna: Santet Dosa di Atas Dosa (2026),1,komentar
user_b0631fac6aa8,FILM::Suzzanna: Santet Dosa di Atas Dosa (2026),1,komentar
user_b0654a31f05e,FILM::Suzzanna: Santet Dosa di Atas Dosa (2026),1,komentar
user_b0a8f45118b8,FILM::Suzzanna: Santet Dosa di Atas Dosa (2026),1,komentar
user_b0ccc7db6fc0,FILM::Suzzanna: Santet Dosa di Atas Dosa (2026),1,komentar
user_b0edb8d81143,FILM::Suzzanna: Santet Dosa di Atas Dosa (2026),3,komentar
user_b1528091cc9f,FILM::Suzzanna: Santet Dosa di Atas Dosa (2026),1,komentar
user_b1b82ce52596,FILM::Suzzanna: Santet Dosa di Atas Dosa (2026),1,komentar
user_b1ce01ca435b,FILM::Suzzanna: Santet Dosa di Atas Dosa (2026),1,komentar
user_b21ed19f5594,FILM::Suzzanna: Santet Dosa di Atas Dosa (2026),1,komentar
user_b256c71d1f94,FILM::Suzzanna: Santet Dosa di Atas Dosa (2026),1,komentar
user_b2de55db6362,FILM::Suzzanna: Santet Dosa di Atas Dosa (2026),1,komentar
user_b2f25d9a8bff,FILM::Suzzanna: Santet Dosa di Atas Dosa (2026),2,komentar
user_b4305a8fba54,FILM::Suzzanna: Santet Dosa di Atas Dosa (2026),2,komentar
user_b4350d75b705,FILM::Suzzanna: Santet Dosa di Atas Dosa (2026),1,komentar
user_b4559e61cf09,FILM::Suzzanna: Santet Dosa di Atas Dosa (2026),1,komentar
user_b4c5e5d74010,FILM::Suzzanna: Santet Dosa di Atas Dosa (2026),1,komentar
user_b5884b62e37b,FILM::Suzzanna: Santet Dosa di Atas Dosa (2026),1,komentar
user_b6069e182fc0,FILM::Suzzanna: Santet Dosa di Atas Dosa (2026),1,komentar
user_b631f9a2b50a,FILM::Suzzanna: Santet Dosa di Atas Dosa (2026),1,komentar
user_b634a58291a7,FILM::Suzzanna: Santet Dosa di Atas Dosa (2026),1,komentar
user_b64d2dd79827,FILM::Suzzanna: Santet Dosa di Atas Dosa (2026),2,komentar
user_b667139a4472,FILM::Suzzanna: Santet Dosa di Atas Dosa (2026),1,komentar
user_b68757f18845,FILM::Suzzanna: Santet Dosa di Atas Dosa (2026),2,komentar
user_b6f8fbc81f78,FILM::Suzzanna: Santet Dosa di Atas Dosa (2026),1,komentar
user_b74e33f6539c,FILM::Suzzanna: Santet Dosa di Atas Dosa (2026),1,komentar
user_b78748f36d8e,FILM::Suzzanna: Santet Dosa di Atas Dosa (2026),1,komentar
user_b7a58408569e,FILM::Suzzanna: Santet Dosa di Atas Dosa (2026),3,komentar
user_b7df7996a3c7,FILM::Suzzanna: Santet Dosa di Atas Dosa (2026),2,komentar
user_b847e1ad80c7,FILM::Suzzanna: Santet Dosa di Atas Dosa (2026),3,komentar
user_b90da4bc2ddc,FILM::Suzzanna: Santet Dosa di Atas Dosa (2026),1,komentar
user_b94904233ed4,FILM::Suzzanna: Santet Dosa di Atas Dosa (2026),1,komentar
user_b97ff30b3f01,FILM::Suzzanna: Santet Dosa di Atas Dosa (2026),1,komentar
user_b98c517f4fbd,FILM::Suzzanna: Santet Dosa di Atas Dosa (2026),1,komentar
user_b9c0feb48611,FILM::Suzzanna: Santet Dosa di Atas Dosa (2026),1,komentar
user_b9e828da8773,FILM::Suzzanna: Santet Dosa di Atas Dosa (2026),1,komentar
user_ba07a51e7d8e,FILM::Suzzanna: Santet Dosa di Atas Dosa (2026),1,komentar
user_ba4233184427,FILM::Suzzanna: Santet Dosa di Atas Dosa (2026),1,komentar
user_bb813099abae,FILM::Suzzanna: Santet Dosa di Atas Dosa (2026),1,komentar
user_bbafaea166b4,FILM::Suzzanna: Santet Dosa di Atas Dosa (2026),2,komentar
user_bc0de6093a55,FILM::Suzzanna: Santet Dosa di Atas Dosa (2026),1,komentar
user_bc157d1ba4c7,FILM::Suzzanna: Santet Dosa di Atas Dosa (2026),1,komentar
user_bc38db1ddfeb,FILM::Suzzanna: Santet Dosa di Atas Dosa (2026),1,komentar
user_bc7ad7b60fc3,FILM::Suzzanna: Santet Dosa di Atas Dosa (2026),5,komentar
user_bcbabe392b1a,FILM::Suzzanna: Santet Dosa di Atas Dosa (2026),1,komentar
user_bce907186c9a,FILM::Suzzanna: Santet Dosa di Atas Dosa (2026),1,komentar
user_bd2080ed9f8a,FILM::Suzzanna: Santet Dosa di Atas Dosa (2026),1,komentar
user_bd4e7055d04b,FILM::Suzzanna: Santet Dosa di Atas Dosa (2026),1,komentar
user_bda3fc152bb0,FILM::Suzzanna: Santet Dosa di Atas Dosa (2026),1,komentar
user_be1406d6ea13,FILM::Suzzanna: Santet Dosa di Atas Dosa (2026),1,komentar
user_be2e08fcc6cb,FILM::Suzzanna: Santet Dosa di Atas Dosa (2026),1,komentar
user_bea27982db2f,FILM::Suzzanna: Santet Dosa di Atas Dosa (2026),1,komentar
user_beae0194f25e,FILM::Suzzanna: Santet Dosa di Atas Dosa (2026),1,komentar
user_bf78d60e03a4,FILM::Suzzanna: Santet Dosa di Atas Dosa (2026),1,komentar
user_bf93d85d0098,FILM::Suzzanna: Santet Dosa di Atas Dosa (2026),1,komentar
user_c01e5a1b38d1,FILM::Suzzanna: Santet Dosa di Atas Dosa (2026),1,komentar
user_c04bd8fc93df,FILM::Suzzanna: Santet Dosa di Atas Dosa (2026),1,komentar
user_c1424fde6b93,FILM::Suzzanna: Santet Dosa di Atas Dosa (2026),1,komentar
user_c1d4b91a3202,FILM::Suzzanna: Santet Dosa di Atas Dosa (2026),1,komentar
user_c1e120ee9074,FILM::Suzzanna: Santet Dosa di Atas Dosa (2026),1,komentar
user_c221fe01c202,FILM::Suzzanna: Santet Dosa di Atas Dosa (2026),1,komentar
user_c2807249226b,FILM::Suzzanna: Santet Dosa di Atas Dosa (2026),1,komentar
user_c29f2bf3cab3,FILM::Suzzanna: Santet Dosa di Atas Dosa (2026),1,komentar
user_c2aaa2c58e63,FILM::Suzzanna: Santet Dosa di Atas Dosa (2026),1,komentar
user_c2b83f720708,FILM::Suzzanna: Santet Dosa di Atas Dosa (2026),1,komentar
user_c2ddeea3bf13,FILM::Suzzanna: Santet Dosa di Atas Dosa (2026),2,komentar
user_c39ce3049f21,FILM::Suzzanna: Santet Dosa di Atas Dosa (2026),1,komentar
user_c43c8269fc96,FILM::Suzzanna: Santet Dosa di Atas Dosa (2026),1,komentar
user_c47778d3abe1,FILM::Suzzanna: Santet Dosa di Atas Dosa (2026),1,komentar
user_c4bc6513077a,FILM::Suzzanna: Santet Dosa di Atas Dosa (2026),1,komentar
user_c4cf7a993c01,FILM::Suzzanna: Santet Dosa di Atas Dosa (2026),1,komentar
user_c4ea604df275,FILM::Suzzanna: Santet Dosa di Atas Dosa (2026),1,komentar
user_c55eeee53992,FILM::Suzzanna: Santet Dosa di Atas Dosa (2026),1,komentar
user_c5d12e471e46,FILM::Suzzanna: Santet Dosa di Atas Dosa (2026),2,komentar
user_c6405c969622,FILM::Suzzanna: Santet Dosa di Atas Dosa (2026),1,komentar
user_c6a19c670702,FILM::Suzzanna: Santet Dosa di Atas Dosa (2026),1,komentar
user_c6a608e1ee2d,FILM::Suzzanna: Santet Dosa di Atas Dosa (2026),1,komentar
user_c6af6d6285fb,FILM::Suzzanna: Santet Dosa di Atas Dosa (2026),1,komentar
user_c6c0cccba9e8,FILM::Suzzanna: Santet Dosa di Atas Dosa (2026),1,komentar
user_c771ef961828,FILM::Suzzanna: Santet Dosa di Atas Dosa (2026),1,komentar
user_c78685ff7536,FILM::Suzzanna: Santet Dosa di Atas Dosa (2026),1,komentar
user_c7e1f9991028,FILM::Suzzanna: Santet Dosa di Atas Dosa (2026),1,komentar
user_c80e9f4e25c5,FILM::Suzzanna: Santet Dosa di Atas Dosa (2026),1,komentar
user_c84d6b278998,FILM::Suzzanna: Santet Dosa di Atas Dosa (2026),1,komentar
user_c90dc0afed56,FILM::Suzzanna: Santet Dosa di Atas Dosa (2026),1,komentar
user_c911dca0d81c,FILM::Suzzanna: Santet Dosa di Atas Dosa (2026),1,komentar
user_c9fd9aa90b3e,FILM::Suzzanna: Santet Dosa di Atas Dosa (2026),1,komentar
user_ca25f30b84c1,FILM::Suzzanna: Santet Dosa di Atas Dosa (2026),1,komentar
user_ca7db1198582,FILM::Suzzanna: Santet Dosa di Atas Dosa (2026),1,komentar
user_cb37303c663d,FILM::Suzzanna: Santet Dosa di Atas Dosa (2026),1,komentar
user_cbaf12243180,FILM::Suzzanna: Santet Dosa di Atas Dosa (2026),1,komentar
user_cbf293ab85fe,FILM::Suzzanna: Santet Dosa di Atas Dosa (2026),1,komentar
user_cc8f5c345cbd,FILM::Suzzanna: Santet Dosa di Atas Dosa (2026),1,komentar
user_ccb71ac2f998,FILM::Suzzanna: Santet Dosa di Atas Dosa (2026),1,komentar
user_ccdbba46bd4f,FILM::Suzzanna: Santet Dosa di Atas Dosa (2026),1,komentar
user_cd023b68e12c,FILM::Suzzanna: Santet Dosa di Atas Dosa (2026),1,komentar
user_cd2ee5f5ef17,FILM::Suzzanna: Santet Dosa di Atas Dosa (2026),1,komentar
user_cd5a24b86859,FILM::Suzzanna: Santet Dosa di Atas Dosa (2026),2,komentar
user_cd7c08676b52,FILM::Suzzanna: Santet Dosa di Atas Dosa (2026),1,komentar
user_cd9e35c97a33,FILM::Suzzanna: Santet Dosa di Atas Dosa (2026),1,komentar
user_cdf5740d57f3,FILM::Suzzanna: Santet Dosa di Atas Dosa (2026),2,komentar
user_ce8b408af879,FILM::Suzzanna: Santet Dosa di Atas Dosa (2026),1,komentar
user_ce9343cc017a,FILM::Suzzanna: Santet Dosa di Atas Dosa (2026),2,komentar
user_cedf44ec3e9d,FILM::Suzzanna: Santet Dosa di Atas Dosa (2026),1,komentar
user_cf2f29bff51b,FILM::Suzzanna: Santet Dosa di Atas Dosa (2026),1,komentar
user_cf9c38184e5f,FILM::Suzzanna: Santet Dosa di Atas Dosa (2026),1,komentar
user_d009544964cc,FILM::Suzzanna: Santet Dosa di Atas Dosa (2026),1,komentar
user_d0b2667ee7b8,FILM::Suzzanna: Santet Dosa di Atas Dosa (2026),1,komentar
user_d11bd2b86574,FILM::Suzzanna: Santet Dosa di Atas Dosa (2026),1,komentar
user_d11f0a3c3015,FILM::Suzzanna: Santet Dosa di Atas Dosa (2026),1,komentar
user_d14adc425845,FILM::Suzzanna: Santet Dosa di Atas Dosa (2026),1,komentar
user_d14ea1296243,FILM::Suzzanna: Santet Dosa di Atas Dosa (2026),1,komentar
user_d16f438d47d6,FILM::Suzzanna: Santet Dosa di Atas Dosa (2026),1,komentar
user_d1d9788fbfb8,FILM::Suzzanna: Santet Dosa di Atas Dosa (2026),1,komentar
user_d1e8dbdbc2ab,FILM::Suzzanna: Santet Dosa di Atas Dosa (2026),1,komentar
user_d2b2ff894c4f,FILM::Suzzanna: Santet Dosa di Atas Dosa (2026),1,komentar
user_d37bdfe5f26e,FILM::Suzzanna: Santet Dosa di Atas Dosa (2026),1,komentar
user_d38412345fec,FILM::Suzzanna: Santet Dosa di Atas Dosa (2026),4,komentar
user_d3974418289f,FILM::Suzzanna: Santet Dosa di Atas Dosa (2026),1,komentar
user_d4538dc26871,FILM::Suzzanna: Santet Dosa di Atas Dosa (2026),1,komentar
user_d467dc02cc12,FILM::Suzzanna: Santet Dosa di Atas Dosa (2026),1,komentar
user_d4c662f848fd,FILM::Suzzanna: Santet Dosa di Atas Dosa (2026),1,komentar
user_d4df0dea89b5,FILM::Suzzanna: Santet Dosa di Atas Dosa (2026),1,komentar
user_d4e8545787e2,FILM::Suzzanna: Santet Dosa di Atas Dosa (2026),1,komentar
user_d51adb4a2b74,FILM::Suzzanna: Santet Dosa di Atas Dosa (2026),1,komentar
user_d54845d4c63d,FILM::Suzzanna: Santet Dosa di Atas Dosa (2026),1,komentar
user_d553832d4fe2,FILM::Suzzanna: Santet Dosa di Atas Dosa (2026),1,komentar
user_d600e0620ff2,FILM::Suzzanna: Santet Dosa di Atas Dosa (2026),1,komentar
user_d63ccef408ec,FILM::Suzzanna: Santet Dosa di Atas Dosa (2026),2,komentar
user_d73cef9a2d02,FILM::Suzzanna: Santet Dosa di Atas Dosa (2026),1,komentar
user_d7ced14665b0,FILM::Suzzanna: Santet Dosa di Atas Dosa (2026),1,komentar
user_d8f334908307,FILM::Suzzanna: Santet Dosa di Atas Dosa (2026),2,komentar
user_d902177e6ab4,FILM::Suzzanna: Santet Dosa di Atas Dosa (2026),1,komentar
user_d93b397d4276,FILM::Suzzanna: Santet Dosa di Atas Dosa (2026),1,komentar
user_d94bf1ac28f9,FILM::Suzzanna: Santet Dosa di Atas Dosa (2026),1,komentar
user_d967bb15a36c,FILM::Suzzanna: Santet Dosa di Atas Dosa (2026),1,komentar
user_d96a2e60ecbe,FILM::Suzzanna: Santet Dosa di Atas Dosa (2026),1,komentar
user_d998583a3215,FILM::Suzzanna: Santet Dosa di Atas Dosa (2026),1,komentar
user_d9a359131fe1,FILM::Suzzanna: Santet Dosa di Atas Dosa (2026),1,komentar
user_d9bdeca192b9,FILM::Suzzanna: Santet Dosa di Atas Dosa (2026),1,komentar
user_da719413c83e,FILM::Suzzanna: Santet Dosa di Atas Dosa (2026),1,komentar
user_dadf534e58a0,FILM::Suzzanna: Santet Dosa di Atas Dosa (2026),1,komentar
user_daf7a62ae97a,FILM::Suzzanna: Santet Dosa di Atas Dosa (2026),1,komentar
user_db12fa43d1a6,FILM::Suzzanna: Santet Dosa di Atas Dosa (2026),1,komentar
user_db8332293f7b,FILM::Suzzanna: Santet Dosa di Atas Dosa (2026),1,komentar
user_dbf7e351b178,FILM::Suzzanna: Santet Dosa di Atas Dosa (2026),1,komentar
user_dc9d10c812f5,FILM::Suzzanna: Santet Dosa di Atas Dosa (2026),1,komentar
user_dcc76109f391,FILM::Suzzanna: Santet Dosa di Atas Dosa (2026),1,komentar
user_dce1713240be,FILM::Suzzanna: Santet Dosa di Atas Dosa (2026),1,komentar
user_dd19e76c2370,FILM::Suzzanna: Santet Dosa di Atas Dosa (2026),1,komentar
user_dd4f31a90fff,FILM::Suzzanna: Santet Dosa di Atas Dosa (2026),1,komentar
user_dd50741ecd8b,FILM::Suzzanna: Santet Dosa di Atas Dosa (2026),1,komentar
user_dd5d717437de,FILM::Suzzanna: Santet Dosa di Atas Dosa (2026),1,komentar
user_dd690aa72a44,FILM::Suzzanna: Santet Dosa di Atas Dosa (2026),1,komentar
user_ddc49a2a1ad3,FILM::Suzzanna: Santet Dosa di Atas Dosa (2026),1,komentar
user_dea297b60f0e,FILM::Suzzanna: Santet Dosa di Atas Dosa (2026),1,komentar
user_deb41554e84c,FILM::Suzzanna: Santet Dosa di Atas Dosa (2026),1,komentar
user_debea05e6c88,FILM::Suzzanna: Santet Dosa di Atas Dosa (2026),1,komentar
user_deee97078d6b,FILM::Suzzanna: Santet Dosa di Atas Dosa (2026),1,komentar
user_dfa1b3b4c224,FILM::Suzzanna: Santet Dosa di Atas Dosa (2026),1,komentar
user_dfcc355b9fab,FILM::Suzzanna: Santet Dosa di Atas Dosa (2026),1,komentar
user_e018adeedc34,FILM::Suzzanna: Santet Dosa di Atas Dosa (2026),1,komentar
user_e070725653c0,FILM::Suzzanna: Santet Dosa di Atas Dosa (2026),3,komentar
user_e0b6fada1181,FILM::Suzzanna: Santet Dosa di Atas Dosa (2026),1,komentar
user_e161d1369fb0,FILM::Suzzanna: Santet Dosa di Atas Dosa (2026),1,komentar
user_e17ea7763638,FILM::Suzzanna: Santet Dosa di Atas Dosa (2026),4,komentar
user_e197ec90798a,FILM::Suzzanna: Santet Dosa di Atas Dosa (2026),1,komentar
user_e1c54933d5ee,FILM::Suzzanna: Santet Dosa di Atas Dosa (2026),1,komentar
user_e202e1dfe557,FILM::Suzzanna: Santet Dosa di Atas Dosa (2026),1,komentar
user_e212765a61b1,FILM::Suzzanna: Santet Dosa di Atas Dosa (2026),1,komentar
user_e2190c0fbdf8,FILM::Suzzanna: Santet Dosa di Atas Dosa (2026),1,komentar
user_e28f35b177f3,FILM::Suzzanna: Santet Dosa di Atas Dosa (2026),2,komentar
user_e29398dda887,FILM::Suzzanna: Santet Dosa di Atas Dosa (2026),1,komentar
user_e2c283223cd8,FILM::Suzzanna: Santet Dosa di Atas Dosa (2026),1,komentar
user_e2c60038310c,FILM::Suzzanna: Santet Dosa di Atas Dosa (2026),1,komentar
user_e2e3909936b7,FILM::Suzzanna: Santet Dosa di Atas Dosa (2026),2,komentar
user_e2f3803a53a5,FILM::Suzzanna: Santet Dosa di Atas Dosa (2026),1,komentar
user_e315cfbc7d47,FILM::Suzzanna: Santet Dosa di Atas Dosa (2026),1,komentar
user_e36b9cd215bc,FILM::Suzzanna: Santet Dosa di Atas Dosa (2026),1,komentar
user_e37599ce760d,FILM::Suzzanna: Santet Dosa di Atas Dosa (2026),1,komentar
user_e3d36fa616db,FILM::Suzzanna: Santet Dosa di Atas Dosa (2026),1,komentar
user_e40d6345f803,FILM::Suzzanna: Santet Dosa di Atas Dosa (2026),1,komentar
user_e46374319f5a,FILM::Suzzanna: Santet Dosa di Atas Dosa (2026),2,komentar
user_e4b8e7aae4cc,FILM::Suzzanna: Santet Dosa di Atas Dosa (2026),1,komentar
user_e5317a14a6ca,FILM::Suzzanna: Santet Dosa di Atas Dosa (2026),1,komentar
user_e595e3749970,FILM::Suzzanna: Santet Dosa di Atas Dosa (2026),1,komentar
user_e5cb65388fc1,FILM::Suzzanna: Santet Dosa di Atas Dosa (2026),2,komentar
user_e62d896997e2,FILM::Suzzanna: Santet Dosa di Atas Dosa (2026),1,komentar
user_e6d388e6cbaa,FILM::Suzzanna: Santet Dosa di Atas Dosa (2026),1,komentar
user_e70e6dd8acca,FILM::Suzzanna: Santet Dosa di Atas Dosa (2026),1,komentar
user_e7675341d928,FILM::Suzzanna: Santet Dosa di Atas Dosa (2026),1,komentar
user_e76cde198333,FILM::Suzzanna: Santet Dosa di Atas Dosa (2026),1,komentar
user_e77479cc5780,FILM::Suzzanna: Santet Dosa di Atas Dosa (2026),1,komentar
user_e788e00fe1a3,FILM::Suzzanna: Santet Dosa di Atas Dosa (2026),1,komentar
user_e7ec4b15a0ba,FILM::Suzzanna: Santet Dosa di Atas Dosa (2026),1,komentar
user_e8aca8a2623a,FILM::Suzzanna: Santet Dosa di Atas Dosa (2026),1,komentar
user_e8d3772a319a,FILM::Suzzanna: Santet Dosa di Atas Dosa (2026),1,komentar
user_e956267fa81e,FILM::Suzzanna: Santet Dosa di Atas Dosa (2026),1,komentar
user_e9cac1871a72,FILM::Suzzanna: Santet Dosa di Atas Dosa (2026),1,komentar
user_ea659d9e8b88,FILM::Suzzanna: Santet Dosa di Atas Dosa (2026),2,komentar
user_eb076ffec693,FILM::Suzzanna: Santet Dosa di Atas Dosa (2026),1,komentar
user_eb4cd1dc28f2,FILM::Suzzanna: Santet Dosa di Atas Dosa (2026),2,komentar
user_ebaeba9d54fc,FILM::Suzzanna: Santet Dosa di Atas Dosa (2026),1,komentar
user_ebc2cb6a9e71,FILM::Suzzanna: Santet Dosa di Atas Dosa (2026),1,komentar
user_ec193d57d81a,FILM::Suzzanna: Santet Dosa di Atas Dosa (2026),1,komentar
user_ec30aec77738,FILM::Suzzanna: Santet Dosa di Atas Dosa (2026),1,komentar
user_ec963a0e2d4b,FILM::Suzzanna: Santet Dosa di Atas Dosa (2026),3,komentar
user_eca878d7a853,FILM::Suzzanna: Santet Dosa di Atas Dosa (2026),2,komentar
user_ed9f06da1e3c,FILM::Suzzanna: Santet Dosa di Atas Dosa (2026),1,komentar
user_ee0226815375,FILM::Suzzanna: Santet Dosa di Atas Dosa (2026),1,komentar
user_ee2e7044886b,FILM::Suzzanna: Santet Dosa di Atas Dosa (2026),1,komentar
user_ee63f3545848,FILM::Suzzanna: Santet Dosa di Atas Dosa (2026),1,komentar
user_eed100f8172d,FILM::Suzzanna: Santet Dosa di Atas Dosa (2026),1,komentar
user_ef350d76b4e3,FILM::Suzzanna: Santet Dosa di Atas Dosa (2026),1,komentar
user_ef522da0d1fd,FILM::Suzzanna: Santet Dosa di Atas Dosa (2026),1,komentar
user_eff6d0c14484,FILM::Suzzanna: Santet Dosa di Atas Dosa (2026),1,komentar
user_f01b3c01dce5,FILM::Suzzanna: Santet Dosa di Atas Dosa (2026),1,komentar
user_f0381cd19d5f,FILM::Suzzanna: Santet Dosa di Atas Dosa (2026),1,komentar
user_f0652a332a9d,FILM::Suzzanna: Santet Dosa di Atas Dosa (2026),1,komentar
user_f08897b8d4cd,FILM::Suzzanna: Santet Dosa di Atas Dosa (2026),1,komentar
user_f14ed22c0726,FILM::Suzzanna: Santet Dosa di Atas Dosa (2026),1,komentar
user_f1adee2fffca,FILM::Suzzanna: Santet Dosa di Atas Dosa (2026),1,komentar
user_f1e74fabde26,FILM::Suzzanna: Santet Dosa di Atas Dosa (2026),1,komentar
user_f23f5ff51d55,FILM::Suzzanna: Santet Dosa di Atas Dosa (2026),2,komentar
user_f254a4f082d7,FILM::Suzzanna: Santet Dosa di Atas Dosa (2026),1,komentar
user_f2a65615a493,FILM::Suzzanna: Santet Dosa di Atas Dosa (2026),1,komentar
user_f2c8e6fd82ac,FILM::Suzzanna: Santet Dosa di Atas Dosa (2026),1,komentar
user_f3ef8d8e2260,FILM::Suzzanna: Santet Dosa di Atas Dosa (2026),2,komentar
user_f43d97ea0551,FILM::Suzzanna: Santet Dosa di Atas Dosa (2026),1,komentar
user_f45526d345d6,FILM::Suzzanna: Santet Dosa di Atas Dosa (2026),1,komentar
user_f4810e3169ce,FILM::Suzzanna: Santet Dosa di Atas Dosa (2026),1,komentar
user_f4a01613ceff,FILM::Suzzanna: Santet Dosa di Atas Dosa (2026),1,komentar
user_f4e28d07d74c,FILM::Suzzanna: Santet Dosa di Atas Dosa (2026),1,komentar
user_f507f35cea15,FILM::Suzzanna: Santet Dosa di Atas Dosa (2026),1,komentar
user_f51ec0798e6d,FILM::Suzzanna: Santet Dosa di Atas Dosa (2026),2,komentar
user_f5565331d9a4,FILM::Suzzanna: Santet Dosa di Atas Dosa (2026),1,komentar
user_f5c3cdd60824,FILM::Suzzanna: Santet Dosa di Atas Dosa (2026),1,komentar
user_f5e117c1ce51,FILM::Suzzanna: Santet Dosa di Atas Dosa (2026),1,komentar
user_f5e594d6a771,FILM::Suzzanna: Santet Dosa di Atas Dosa (2026),1,komentar
user_f6082306ff38,FILM::Suzzanna: Santet Dosa di Atas Dosa (2026),1,komentar
user_f6e1d876a6d2,FILM::Suzzanna: Santet Dosa di Atas Dosa (2026),1,komentar
user_f70072023a8c,FILM::Suzzanna: Santet Dosa di Atas Dosa (2026),1,komentar
user_f733b1c9cb7f,FILM::Suzzanna: Santet Dosa di Atas Dosa (2026),2,komentar
user_f73d340df703,FILM::Suzzanna: Santet Dosa di Atas Dosa (2026),1,komentar
user_f795b6729af6,FILM::Suzzanna: Santet Dosa di Atas Dosa (2026),1,komentar
user_f7da763c6a47,FILM::Suzzanna: Santet Dosa di Atas Dosa (2026),1,komentar
user_f7dc3d97d5e2,FILM::Suzzanna: Santet Dosa di Atas Dosa (2026),1,komentar
user_f7fc3076ee7a,FILM::Suzzanna: Santet Dosa di Atas Dosa (2026),1,komentar
user_f8025f8df694,FILM::Suzzanna: Santet Dosa di Atas Dosa (2026),1,komentar
user_f82c17f7a107,FILM::Suzzanna: Santet Dosa di Atas Dosa (2026),1,komentar
user_f888d238ce09,FILM::Suzzanna: Santet Dosa di Atas Dosa (2026),2,komentar
user_f8dfdcf79a68,FILM::Suzzanna: Santet Dosa di Atas Dosa (2026),1,komentar
user_f9096902e4e8,FILM::Suzzanna: Santet Dosa di Atas Dosa (2026),1,komentar
user_f91a4c067cf2,FILM::Suzzanna: Santet Dosa di Atas Dosa (2026),1,komentar
user_f93b1f84cac7,FILM::Suzzanna: Santet Dosa di Atas Dosa (2026),1,komentar
user_f9d99abf5e7a,FILM::Suzzanna: Santet Dosa di Atas Dosa (2026),1,komentar
user_fa078f2168c4,FILM::Suzzanna: Santet Dosa di Atas Dosa (2026),1,komentar
user_fb44891c5fd1,FILM::Suzzanna: Santet Dosa di Atas Dosa (2026),1,komentar
user_fc20a938e5e9,FILM::Suzzanna: Santet Dosa di Atas Dosa (2026),2,komentar
user_fc4e2088d7a2,FILM::Suzzanna: Santet Dosa di Atas Dosa (2026),1,komentar
user_fc6d1a231799,FILM::Suzzanna: Santet Dosa di Atas Dosa (2026),1,komentar
user_fc72a363dd9d,FILM::Suzzanna: Santet Dosa di Atas Dosa (2026),1,komentar
user_fcb91c3b7f02,FILM::Suzzanna: Santet Dosa di Atas Dosa (2026),1,komentar
user_fd0d73f9bf71,FILM::Suzzanna: Santet Dosa di Atas Dosa (2026),1,komentar
user_fd172901596a,FILM::Suzzanna: Santet Dosa di Atas Dosa (2026),1,komentar
user_fd490ae44e23,FILM::Suzzanna: Santet Dosa di Atas Dosa (2026),1,komentar
user_fdb37f8502ce,FILM::Suzzanna: Santet Dosa di Atas Dosa (2026),1,komentar
user_fdd0f7692b52,FILM::Suzzanna: Santet Dosa di Atas Dosa (2026),1,komentar
user_fdde577f6fda,FILM::Suzzanna: Santet Dosa di Atas Dosa (2026),1,komentar
user_fe20c3f17a2f,FILM::Suzzanna: Santet Dosa di Atas Dosa (2026),2,komentar
user_fe358975c784,FILM::Suzzanna: Santet Dosa di Atas Dosa (2026),1,komentar
user_fe482c3b140b,FILM::Suzzanna: Santet Dosa di Atas Dosa (2026),1,komentar
user_fe6467534f20,FILM::Suzzanna: Santet Dosa di Atas Dosa (2026),1,komentar
user_fea7964834bd,FILM::Suzzanna: Santet Dosa di Atas Dosa (2026),1,komentar
user_feb499520b43,FILM::Suzzanna: Santet Dosa di Atas Dosa (2026),1,komentar
user_fef4e0ada861,FILM::Suzzanna: Santet Dosa di Atas Dosa (2026),1,komentar
user_ff559e8c97c1,FILM::Suzzanna: Santet Dosa di Atas Dosa (2026),1,komentar
user_ff88ae3e7da5,FILM::Suzzanna: Santet Dosa di Atas Dosa (2026),1,komentar
user_ff9a22b1df44,FILM::Suzzanna: Santet Dosa di Atas Dosa (2026),1,komentar
user_003295146098,The Doll 3 (2022),1,komentar
user_004c0a80dac4,FILM::The Doll 3 (2022),2,komentar
user_00cfbf07cf5a,FILM::The Doll 3 (2022),6,komentar
user_01edf26f3ad2,FILM::The Doll 3 (2022),1,komentar
user_01fc26f48862,FILM::The Doll 3 (2022),1,komentar
user_0294a1f31122,FILM::The Doll 3 (2022),4,komentar
user_02c55440b4de,FILM::The Doll 3 (2022),1,komentar
user_033e2936d329,FILM::The Doll 3 (2022),1,komentar
user_03761148fb79,FILM::The Doll 3 (2022),1,komentar
user_038f6a9cb8d2,FILM::The Doll 3 (2022),1,komentar
user_03e7aeaa6bcd,FILM::The Doll 3 (2022),1,komentar
user_03fdf34fdecd,FILM::The Doll 3 (2022),1,komentar
user_0402f9932b6b,FILM::The Doll 3 (2022),1,komentar
user_045420fee467,FILM::The Doll 3 (2022),1,komentar
user_055baa63c3bd,FILM::The Doll 3 (2022),1,komentar
user_06972debf83a,FILM::The Doll 3 (2022),2,komentar
user_06f031b9b4cc,FILM::The Doll 3 (2022),2,komentar
user_0746c2529ac1,FILM::The Doll 3 (2022),1,komentar
user_0756f0cb4191,FILM::The Doll 3 (2022),1,komentar
user_07b2c3213f1b,FILM::The Doll 3 (2022),1,komentar
user_08434baa5ade,FILM::The Doll 3 (2022),1,komentar
user_09260caf8f14,FILM::The Doll 3 (2022),1,komentar
user_099e2af5e765,FILM::The Doll 3 (2022),2,komentar
user_09a08e01c30e,FILM::The Doll 3 (2022),1,komentar
user_09d8523e06a4,FILM::The Doll 3 (2022),1,komentar
user_09ff0e9aa0f8,FILM::The Doll 3 (2022),1,komentar
user_0a4907de0dbc,FILM::The Doll 3 (2022),1,komentar
user_0a8ed8e1e82e,FILM::The Doll 3 (2022),1,komentar
user_0b13ecb9fce8,FILM::The Doll 3 (2022),1,komentar
user_0c0a21488ca0,FILM::The Doll 3 (2022),1,komentar
user_0c6c5bb9c8dd,FILM::The Doll 3 (2022),1,komentar
user_0cd0a122d10c,FILM::The Doll 3 (2022),1,komentar
user_0d065c7368db,FILM::The Doll 3 (2022),1,komentar
user_0e6a510eabb6,FILM::The Doll 3 (2022),1,komentar
user_0ea7d1ce826e,FILM::The Doll 3 (2022),1,komentar
user_0efcc28de106,FILM::The Doll 3 (2022),1,komentar
user_0f195a9ecc99,FILM::The Doll 3 (2022),1,komentar
user_0f747fa0da78,FILM::The Doll 3 (2022),1,komentar
user_0fbf7698a659,FILM::The Doll 3 (2022),1,komentar
user_1022635b8c74,FILM::The Doll 3 (2022),1,komentar
user_106c23de84b5,FILM::The Doll 3 (2022),2,komentar
user_10fc60c716e6,FILM::The Doll 3 (2022),1,komentar
user_11602ed7ab0f,FILM::The Doll 3 (2022),1,komentar
user_122fc9ab40f5,FILM::The Doll 3 (2022),1,komentar
user_129a9099eab0,FILM::The Doll 3 (2022),1,komentar
user_12e58c3c0541,FILM::The Doll 3 (2022),1,komentar
user_1387e6102f66,FILM::The Doll 3 (2022),1,komentar
user_13a94428a040,FILM::The Doll 3 (2022),1,komentar
user_13d70e4fb871,FILM::The Doll 3 (2022),2,komentar
user_14ec94015a50,FILM::The Doll 3 (2022),3,komentar
user_1509d0c5d472,FILM::The Doll 3 (2022),1,komentar
user_1656a8da659c,FILM::The Doll 3 (2022),1,komentar
user_16c0134beab9,FILM::The Doll 3 (2022),1,komentar
user_16ec9017e252,FILM::The Doll 3 (2022),1,komentar
user_181168fcee6b,FILM::The Doll 3 (2022),1,komentar
user_187168cf4543,FILM::The Doll 3 (2022),1,komentar
user_195745498f54,FILM::The Doll 3 (2022),1,komentar
user_198c5e57ae22,FILM::The Doll 3 (2022),1,komentar
user_1a2654d736d5,FILM::The Doll 3 (2022),1,komentar
user_1a26e5ebf2b8,FILM::The Doll 3 (2022),6,komentar
user_1a5badbf3cb9,FILM::The Doll 3 (2022),1,komentar
user_1a7b33496e63,FILM::The Doll 3 (2022),1,komentar
user_1acfeb3a9775,FILM::The Doll 3 (2022),1,komentar
user_1ad8150eea0a,FILM::The Doll 3 (2022),1,komentar
user_1ae27be0b2ac,FILM::The Doll 3 (2022),1,komentar
user_1c2215c3303f,FILM::The Doll 3 (2022),1,komentar
user_1ca24964ca5e,FILM::The Doll 3 (2022),1,komentar
user_1e920a93637c,FILM::The Doll 3 (2022),1,komentar
user_1e9bcf2ec562,FILM::The Doll 3 (2022),1,komentar
user_1f64acfb086d,FILM::The Doll 3 (2022),1,komentar
user_1f80b05997c2,FILM::The Doll 3 (2022),1,komentar
user_1fbf56472a6c,FILM::The Doll 3 (2022),1,komentar
user_1fed3752a4bb,FILM::The Doll 3 (2022),4,komentar
user_20a598389061,FILM::The Doll 3 (2022),1,komentar
user_20a824d6d1b9,FILM::The Doll 3 (2022),1,komentar
user_211fac0ff255,FILM::The Doll 3 (2022),1,komentar
user_21472c2669be,FILM::The Doll 3 (2022),1,komentar
user_21ac17a5e8c9,FILM::The Doll 3 (2022),2,komentar
user_22e2936f710e,FILM::The Doll 3 (2022),1,komentar
user_2372b9978084,FILM::The Doll 3 (2022),1,komentar
user_23951a1ea6a2,FILM::The Doll 3 (2022),1,komentar
user_24a0e0a68685,FILM::The Doll 3 (2022),1,komentar
user_255041237dd1,FILM::The Doll 3 (2022),2,komentar
user_2739fe77006c,FILM::The Doll 3 (2022),1,komentar
user_273e01109cc5,FILM::The Doll 3 (2022),1,komentar
user_2889a6c6c341,FILM::The Doll 3 (2022),1,komentar
user_28cc6c98d01b,FILM::The Doll 3 (2022),2,komentar
user_293ac970dd03,FILM::The Doll 3 (2022),1,komentar
user_29a1ab66d577,FILM::The Doll 3 (2022),1,komentar
user_2a624705cf01,FILM::The Doll 3 (2022),1,komentar
user_2a84c630e78a,FILM::The Doll 3 (2022),1,komentar
user_2ace97d3e16d,FILM::The Doll 3 (2022),1,komentar
user_2baf98cd4011,FILM::The Doll 3 (2022),1,komentar
user_2bc93a93fc46,FILM::The Doll 3 (2022),2,komentar
user_2bf7fb41f702,FILM::The Doll 3 (2022),1,komentar
user_2c43a23d4784,FILM::The Doll 3 (2022),1,komentar
user_2c5c774216c7,FILM::The Doll 3 (2022),1,komentar
user_2c996bf2862e,FILM::The Doll 3 (2022),1,komentar
user_2cad447d5ab9,FILM::The Doll 3 (2022),1,komentar
user_2f17884ccd2d,FILM::The Doll 3 (2022),2,komentar
user_2f2266dc57a7,FILM::The Doll 3 (2022),1,komentar
user_2fbc900ed113,FILM::The Doll 3 (2022),1,komentar
user_30546478bc13,FILM::The Doll 3 (2022),2,komentar
user_30ba81afe9d6,FILM::The Doll 3 (2022),1,komentar
user_30fd237b5d26,FILM::The Doll 3 (2022),1,komentar
user_32528d702ff4,FILM::The Doll 3 (2022),1,komentar
user_327be18449fb,FILM::The Doll 3 (2022),1,komentar
user_3288ecb5d002,FILM::The Doll 3 (2022),1,komentar
user_33add603f7b0,FILM::The Doll 3 (2022),1,komentar
user_34436d55fe68,FILM::The Doll 3 (2022),1,komentar
user_35b198a12c8c,FILM::The Doll 3 (2022),1,komentar
user_35c5bbdba586,FILM::The Doll 3 (2022),1,komentar
user_35d987975a61,FILM::The Doll 3 (2022),1,komentar
user_3774b28579f1,FILM::The Doll 3 (2022),1,komentar
user_377d0beb9724,FILM::The Doll 3 (2022),1,komentar
user_380a7d454b19,FILM::The Doll 3 (2022),1,komentar
user_38b8addb90b4,FILM::The Doll 3 (2022),1,komentar
user_3927e38e7298,FILM::The Doll 3 (2022),2,komentar
user_393a7e6946fc,FILM::The Doll 3 (2022),1,komentar
user_39f3b9dda301,FILM::The Doll 3 (2022),2,komentar
user_3a083e035d46,FILM::The Doll 3 (2022),2,komentar
user_3a44eba06868,FILM::The Doll 3 (2022),4,komentar
user_3a8723daf884,FILM::The Doll 3 (2022),1,komentar
user_3ade5f13e4dc,FILM::The Doll 3 (2022),1,komentar
user_3b7ae015acf9,FILM::The Doll 3 (2022),1,komentar
user_3baa493b1963,FILM::The Doll 3 (2022),1,komentar
user_3c2372106837,FILM::The Doll 3 (2022),1,komentar
user_3ccf38d33a47,FILM::The Doll 3 (2022),1,komentar
user_3d69266fcffc,FILM::The Doll 3 (2022),1,komentar
user_3eafb6294ba6,FILM::The Doll 3 (2022),1,komentar
user_3f219f2db178,FILM::The Doll 3 (2022),2,komentar
user_40b4cffaa6fe,FILM::The Doll 3 (2022),1,komentar
user_40f77d49f4a1,FILM::The Doll 3 (2022),1,komentar
user_41d73077f86e,FILM::The Doll 3 (2022),1,komentar
user_425050a1d373,FILM::The Doll 3 (2022),1,komentar
user_425521b6ddbe,FILM::The Doll 3 (2022),1,komentar
user_4257f16bc743,FILM::The Doll 3 (2022),1,komentar
user_42c67c0708f7,FILM::The Doll 3 (2022),1,komentar
user_432b57adc411,FILM::The Doll 3 (2022),1,komentar
user_43942ca49c7e,FILM::The Doll 3 (2022),1,komentar
user_43c634b1650d,FILM::The Doll 3 (2022),1,komentar
user_441b4a7d20bd,FILM::The Doll 3 (2022),2,komentar
user_44317abd209a,FILM::The Doll 3 (2022),1,komentar
user_449b5c9ca0b5,FILM::The Doll 3 (2022),1,komentar
user_44c30e80536b,FILM::The Doll 3 (2022),1,komentar
user_44d1e2d4c152,FILM::The Doll 3 (2022),1,komentar
user_457a4c9289ea,FILM::The Doll 3 (2022),1,komentar
user_45ae9fc9bd78,FILM::The Doll 3 (2022),2,komentar
user_45e5a943072a,FILM::The Doll 3 (2022),2,komentar
user_4629fbb94ce2,FILM::The Doll 3 (2022),1,komentar
user_4707e3d09428,FILM::The Doll 3 (2022),1,komentar
user_47b7279e86ef,FILM::The Doll 3 (2022),1,komentar
user_47c8208a4d19,FILM::The Doll 3 (2022),1,komentar
user_47e56b67662c,FILM::The Doll 3 (2022),1,komentar
user_47fad5b8f4d4,FILM::The Doll 3 (2022),1,komentar
user_483f697f6240,FILM::The Doll 3 (2022),1,komentar
user_4902e19f232d,FILM::The Doll 3 (2022),1,komentar
user_499adbf9878a,FILM::The Doll 3 (2022),1,komentar
user_4a31140d11a7,FILM::The Doll 3 (2022),4,komentar
user_4a4553706ecf,FILM::The Doll 3 (2022),1,komentar
user_4a68ffbf682b,FILM::The Doll 3 (2022),1,komentar
user_4ab6cdd3d240,FILM::The Doll 3 (2022),1,komentar
user_4b598b440c1e,FILM::The Doll 3 (2022),1,komentar
user_4b5f0c8bc3c5,FILM::The Doll 3 (2022),1,komentar
user_4bcc6d1fe04b,FILM::The Doll 3 (2022),1,komentar
user_4d76a2c90ae1,FILM::The Doll 3 (2022),1,komentar
user_4dd516e91d06,FILM::The Doll 3 (2022),1,komentar
user_4de0c0c145d2,FILM::The Doll 3 (2022),2,komentar
user_4e7c890a3435,FILM::The Doll 3 (2022),1,komentar
user_4e80fc7c1507,FILM::The Doll 3 (2022),2,komentar
user_4edcea32523c,FILM::The Doll 3 (2022),1,komentar
user_4f8ca57a70d9,FILM::The Doll 3 (2022),1,komentar
user_50062dbe24fb,FILM::The Doll 3 (2022),2,komentar
user_5008ff4d4fed,FILM::The Doll 3 (2022),1,komentar
user_516d76cc65d7,FILM::The Doll 3 (2022),1,komentar
user_516f38b37ba9,FILM::The Doll 3 (2022),1,komentar
user_536187c472a9,FILM::The Doll 3 (2022),1,komentar
user_536c798f98b0,FILM::The Doll 3 (2022),1,komentar
user_53c9e00a76e0,FILM::The Doll 3 (2022),1,komentar
user_54e25e7f0f18,FILM::The Doll 3 (2022),2,komentar
user_5729f16311a4,FILM::The Doll 3 (2022),1,komentar
user_572c6d6519e8,FILM::The Doll 3 (2022),1,komentar
user_57796be7630c,FILM::The Doll 3 (2022),4,komentar
user_58263dd36ca8,FILM::The Doll 3 (2022),1,komentar
user_5876ec2d1417,FILM::The Doll 3 (2022),1,komentar
user_58e516c06742,FILM::The Doll 3 (2022),1,komentar
user_5a4e2a9339a4,FILM::The Doll 3 (2022),1,komentar
user_5b8cd6c954df,FILM::The Doll 3 (2022),1,komentar
user_5ce9fd965f77,FILM::The Doll 3 (2022),1,komentar
user_5d0d88c50c04,FILM::The Doll 3 (2022),1,komentar
user_5d917bfa17ce,FILM::The Doll 3 (2022),1,komentar
user_5de7b390251a,FILM::The Doll 3 (2022),1,komentar
user_5e3d1c7dcff5,FILM::The Doll 3 (2022),1,komentar
user_5f11a8aefa03,FILM::The Doll 3 (2022),1,komentar
user_5f41b5696c98,FILM::The Doll 3 (2022),4,komentar
user_60160c671cac,FILM::The Doll 3 (2022),2,komentar
user_60466264d25b,FILM::The Doll 3 (2022),1,komentar
user_60c681ec95a2,FILM::The Doll 3 (2022),1,komentar
user_60d55dd57f9d,FILM::The Doll 3 (2022),1,komentar
user_614a5ae94c5f,FILM::The Doll 3 (2022),1,komentar
user_619fbb216c0d,FILM::The Doll 3 (2022),1,komentar
user_61d5088ce7c4,FILM::The Doll 3 (2022),2,komentar
user_643482cbdbe9,FILM::The Doll 3 (2022),3,komentar
user_644e6cf7227a,FILM::The Doll 3 (2022),1,komentar
user_646654ef8f9c,FILM::The Doll 3 (2022),1,komentar
user_6573b82137d1,FILM::The Doll 3 (2022),1,komentar
user_658ecdfa89f9,FILM::The Doll 3 (2022),1,komentar
user_668be26d70c4,FILM::The Doll 3 (2022),1,komentar
user_6716a093b8c8,FILM::The Doll 3 (2022),1,komentar
user_68057d0b050c,FILM::The Doll 3 (2022),1,komentar
user_68d715886452,FILM::The Doll 3 (2022),1,komentar
user_6966b0485d48,FILM::The Doll 3 (2022),1,komentar
user_6993a8b94fea,FILM::The Doll 3 (2022),1,komentar
user_69e5445117f9,FILM::The Doll 3 (2022),1,komentar
user_6a3f100d346e,FILM::The Doll 3 (2022),1,komentar
user_6ab6bd7ed9e3,FILM::The Doll 3 (2022),2,komentar
user_6b3de23d42ad,FILM::The Doll 3 (2022),3,komentar
user_6c0d339ac8aa,FILM::The Doll 3 (2022),1,komentar
user_6c8ac62a01e8,FILM::The Doll 3 (2022),1,komentar
user_6c8c01c379ba,FILM::The Doll 3 (2022),1,komentar
user_6d0699ff6fbc,FILM::The Doll 3 (2022),1,komentar
user_6d368d4687dd,FILM::The Doll 3 (2022),1,komentar
user_6df2e51c6f9c,FILM::The Doll 3 (2022),1,komentar
user_6e22901d1e6f,FILM::The Doll 3 (2022),1,komentar
user_6e3fd62694c9,FILM::The Doll 3 (2022),1,komentar
user_6e9070acaa1f,FILM::The Doll 3 (2022),1,komentar
user_6eadbe57e287,FILM::The Doll 3 (2022),1,komentar
user_6ed0fc2fcfbb,FILM::The Doll 3 (2022),1,komentar
user_6ef191517ed6,FILM::The Doll 3 (2022),1,komentar
user_6f1ac6d3fe1d,FILM::The Doll 3 (2022),1,komentar
user_70cab8ffcb44,FILM::The Doll 3 (2022),1,komentar
user_70d4540522ad,FILM::The Doll 3 (2022),1,komentar
user_71e218bf6b34,FILM::The Doll 3 (2022),17,komentar
user_729ab1340abf,FILM::The Doll 3 (2022),1,komentar
user_72d3e1de79bb,FILM::The Doll 3 (2022),1,komentar
user_72ebe5596e57,FILM::The Doll 3 (2022),1,komentar
user_7313cfdb6798,FILM::The Doll 3 (2022),15,komentar
user_73dfe0b09f98,FILM::The Doll 3 (2022),1,komentar
user_73e0f39b54e4,FILM::The Doll 3 (2022),1,komentar
user_73e7d8597fa2,FILM::The Doll 3 (2022),1,komentar
user_7432c602f662,FILM::The Doll 3 (2022),1,komentar
user_74c1c9a53327,FILM::The Doll 3 (2022),1,komentar
user_74e53c4fd074,FILM::The Doll 3 (2022),1,komentar
user_755c285153f6,FILM::The Doll 3 (2022),1,komentar
user_757e211cafe7,FILM::The Doll 3 (2022),2,komentar
user_75c4ca855fa2,FILM::The Doll 3 (2022),1,komentar
user_75dddf63233a,FILM::The Doll 3 (2022),1,komentar
user_765e6fde3e16,FILM::The Doll 3 (2022),1,komentar
user_76710e9c36f3,FILM::The Doll 3 (2022),1,komentar
user_767b0ba4cc64,FILM::The Doll 3 (2022),1,komentar
user_76f9bbeefd8b,FILM::The Doll 3 (2022),3,komentar
user_7783e844f4c2,FILM::The Doll 3 (2022),1,komentar
user_77c4e57e4488,FILM::The Doll 3 (2022),1,komentar
user_77d7486f92b4,FILM::The Doll 3 (2022),1,komentar
user_77d74c76db33,FILM::The Doll 3 (2022),1,komentar
user_78400e64d4d6,FILM::The Doll 3 (2022),1,komentar
user_786766ab0ebe,FILM::The Doll 3 (2022),1,komentar
user_78b6d0836dbb,FILM::The Doll 3 (2022),1,komentar
user_78eb2f00ea49,FILM::The Doll 3 (2022),1,komentar
user_79610c34909e,FILM::The Doll 3 (2022),1,komentar
user_7a2bc2880a7f,FILM::The Doll 3 (2022),1,komentar
user_7b6a249e0dc3,FILM::The Doll 3 (2022),1,komentar
user_7d99f202e4eb,FILM::The Doll 3 (2022),1,komentar
user_7f373e951cef,FILM::The Doll 3 (2022),1,komentar
user_80b7a0e9c688,FILM::The Doll 3 (2022),1,komentar
user_81997ed22a52,FILM::The Doll 3 (2022),1,komentar
user_828095ee6c01,FILM::The Doll 3 (2022),1,komentar
user_82a4675552c9,FILM::The Doll 3 (2022),1,komentar
user_830c518b05e6,FILM::The Doll 3 (2022),1,komentar
user_8339de3156d0,FILM::The Doll 3 (2022),1,komentar
user_834615e336ce,FILM::The Doll 3 (2022),1,komentar
user_838c3bc738d7,FILM::The Doll 3 (2022),1,komentar
user_84b99223c537,FILM::The Doll 3 (2022),1,komentar
user_86f821eebbdf,FILM::The Doll 3 (2022),1,komentar
user_878ee937936c,FILM::The Doll 3 (2022),1,komentar
user_87c129870f33,FILM::The Doll 3 (2022),2,komentar
user_882763df7a02,FILM::The Doll 3 (2022),1,komentar
user_8933f75fdd38,FILM::The Doll 3 (2022),1,komentar
user_897bd3837e5e,FILM::The Doll 3 (2022),1,komentar
user_897eef8d11f0,FILM::The Doll 3 (2022),1,komentar
user_8a74795fb67f,FILM::The Doll 3 (2022),1,komentar
user_8a765da0782b,FILM::The Doll 3 (2022),1,komentar
user_8b623dc78178,FILM::The Doll 3 (2022),1,komentar
user_8b77af78ecc7,FILM::The Doll 3 (2022),1,komentar
user_8bb23fa9081c,FILM::The Doll 3 (2022),2,komentar
user_8be7d3659de3,FILM::The Doll 3 (2022),1,komentar
user_8cc1596edcaf,FILM::The Doll 3 (2022),1,komentar
user_8d01483b3c85,FILM::The Doll 3 (2022),1,komentar
user_8d374df0aacc,FILM::The Doll 3 (2022),1,komentar
user_8de89d82b63c,FILM::The Doll 3 (2022),1,komentar
user_8e15b34234c2,FILM::The Doll 3 (2022),1,komentar
user_8e37d7671be3,FILM::The Doll 3 (2022),1,komentar
user_8e4354740ec5,FILM::The Doll 3 (2022),2,komentar
user_8f13fc421aba,FILM::The Doll 3 (2022),1,komentar
user_8fcf7f6a2979,FILM::The Doll 3 (2022),1,komentar
user_90935eeedbc8,FILM::The Doll 3 (2022),1,komentar
user_91d7eb133747,FILM::The Doll 3 (2022),1,komentar
user_9313c3258109,FILM::The Doll 3 (2022),1,komentar
user_934267459523,FILM::The Doll 3 (2022),10,komentar
user_93c173b98c44,FILM::The Doll 3 (2022),2,komentar
user_93d71ca6e563,FILM::The Doll 3 (2022),1,komentar
user_93ea3cd6d664,FILM::The Doll 3 (2022),1,komentar
user_94a13e36ffdc,FILM::The Doll 3 (2022),1,komentar
user_95286b7a86b0,FILM::The Doll 3 (2022),1,komentar
user_959f5f86ba06,FILM::The Doll 3 (2022),1,komentar
user_95b3502bdf23,FILM::The Doll 3 (2022),1,komentar
user_95f2b82495a8,FILM::The Doll 3 (2022),1,komentar
user_966186375d5e,FILM::The Doll 3 (2022),1,komentar
user_96c25c73e733,FILM::The Doll 3 (2022),1,komentar
user_97aef7814dc4,FILM::The Doll 3 (2022),1,komentar
user_97f7b9215780,FILM::The Doll 3 (2022),1,komentar
user_981bf9601a13,FILM::The Doll 3 (2022),1,komentar
user_98e3738fba91,FILM::The Doll 3 (2022),2,komentar
user_99e510769e8b,FILM::The Doll 3 (2022),1,komentar
user_9aa9ddb1c4c5,FILM::The Doll 3 (2022),1,komentar
user_9adf27f622c6,FILM::The Doll 3 (2022),1,komentar
user_9b819977b79a,FILM::The Doll 3 (2022),1,komentar
user_9ba079dcda11,FILM::The Doll 3 (2022),1,komentar
user_9cfe161e4ea4,FILM::The Doll 3 (2022),1,komentar
user_9d245a0b5d6f,FILM::The Doll 3 (2022),1,komentar
user_9e020dd475c6,FILM::The Doll 3 (2022),1,komentar
user_9e0aaacb3ac8,FILM::The Doll 3 (2022),1,komentar
user_9e1fb5285776,FILM::The Doll 3 (2022),1,komentar
user_9e77b912f185,FILM::The Doll 3 (2022),1,komentar
user_9f0bd928173a,FILM::The Doll 3 (2022),1,komentar
user_9f0e4531e726,FILM::The Doll 3 (2022),1,komentar
user_9fe28a2dd27b,FILM::The Doll 3 (2022),1,komentar
user_9fe58d2a36d2,FILM::The Doll 3 (2022),1,komentar
user_a035f9b36a27,FILM::The Doll 3 (2022),1,komentar
user_a0f24378e9c1,FILM::The Doll 3 (2022),1,komentar
user_a10281eabe4e,FILM::The Doll 3 (2022),2,komentar
user_a164ae59641c,FILM::The Doll 3 (2022),1,komentar
user_a1d7cef5f81f,FILM::The Doll 3 (2022),1,komentar
user_a34942ac8259,FILM::The Doll 3 (2022),1,komentar
user_a451c44b3197,FILM::The Doll 3 (2022),1,komentar
user_a6cb9cfd6f33,FILM::The Doll 3 (2022),1,komentar
user_a719f95a1803,FILM::The Doll 3 (2022),1,komentar
user_a867356ae7d3,FILM::The Doll 3 (2022),1,komentar
user_a90e0e1ba5e9,FILM::The Doll 3 (2022),1,komentar
user_a9211bd3e4b8,FILM::The Doll 3 (2022),1,komentar
user_a9e0d0d7c106,FILM::The Doll 3 (2022),1,komentar
user_ab867a21d7b2,FILM::The Doll 3 (2022),1,komentar
user_abca244b487b,FILM::The Doll 3 (2022),1,komentar
user_abcd1a8fbe7f,FILM::The Doll 3 (2022),1,komentar
user_abcee81ce7ea,FILM::The Doll 3 (2022),1,komentar
user_ac905e109c96,FILM::The Doll 3 (2022),1,komentar
user_ad1e36e4a30a,FILM::The Doll 3 (2022),1,komentar
user_ad28aa94cba1,FILM::The Doll 3 (2022),1,komentar
user_ad4ced652207,FILM::The Doll 3 (2022),1,komentar
user_ad6cf97b6ce5,FILM::The Doll 3 (2022),1,komentar
user_ad7202fb03b2,FILM::The Doll 3 (2022),1,komentar
user_ae12793de948,FILM::The Doll 3 (2022),2,komentar
user_ae70201b6824,FILM::The Doll 3 (2022),1,komentar
user_ae7281de259c,FILM::The Doll 3 (2022),1,komentar
user_aea0bec60a6d,FILM::The Doll 3 (2022),1,komentar
user_aea7b1adbdb6,FILM::The Doll 3 (2022),1,komentar
user_af74fb5c0e7c,FILM::The Doll 3 (2022),1,komentar
user_afbb46b0c634,FILM::The Doll 3 (2022),1,komentar
user_b001dd543246,FILM::The Doll 3 (2022),4,komentar
user_b00e84ed27b9,FILM::The Doll 3 (2022),1,komentar
user_b055e53bc456,FILM::The Doll 3 (2022),3,komentar
user_b063e1aad911,FILM::The Doll 3 (2022),1,komentar
user_b0edb8d81143,FILM::The Doll 3 (2022),3,komentar
user_b14e80345e99,FILM::The Doll 3 (2022),1,komentar
user_b2308999dc99,FILM::The Doll 3 (2022),1,komentar
user_b23d3b9cf734,FILM::The Doll 3 (2022),3,komentar
user_b24497663816,FILM::The Doll 3 (2022),1,komentar
user_b25ce746da2e,FILM::The Doll 3 (2022),1,komentar
user_b26cdc8ab974,FILM::The Doll 3 (2022),1,komentar
user_b283ec92b193,FILM::The Doll 3 (2022),1,komentar
user_b32a10fe6d99,FILM::The Doll 3 (2022),1,komentar
user_b354c88cd6c3,FILM::The Doll 3 (2022),1,komentar
user_b3eace6af8e9,FILM::The Doll 3 (2022),1,komentar
user_b4f715bda9c7,FILM::The Doll 3 (2022),1,komentar
user_b51e052d8058,FILM::The Doll 3 (2022),1,komentar
user_b5d15037e214,FILM::The Doll 3 (2022),1,komentar
user_b71b42da81e1,FILM::The Doll 3 (2022),1,komentar
user_b7a58408569e,FILM::The Doll 3 (2022),1,komentar
user_b7c24f43a390,FILM::The Doll 3 (2022),1,komentar
user_b893e2e2231e,FILM::The Doll 3 (2022),1,komentar
user_b92d8f929320,FILM::The Doll 3 (2022),1,komentar
user_b98a0e80d76a,FILM::The Doll 3 (2022),1,komentar
user_b9a0ad279ec1,FILM::The Doll 3 (2022),1,komentar
user_ba97e3abd471,FILM::The Doll 3 (2022),1,komentar
user_bab024cc099e,FILM::The Doll 3 (2022),1,komentar
user_bb528bd96cf8,FILM::The Doll 3 (2022),1,komentar
user_bb713bccdf3e,FILM::The Doll 3 (2022),1,komentar
user_bb94c22b6cb9,FILM::The Doll 3 (2022),1,komentar
user_bbc484e0ec27,FILM::The Doll 3 (2022),1,komentar
user_bc4ade55ad8f,FILM::The Doll 3 (2022),1,komentar
user_bcbfc489a7cd,FILM::The Doll 3 (2022),1,komentar
user_bd8e463c54a6,FILM::The Doll 3 (2022),1,komentar
user_bf9115d34ce0,FILM::The Doll 3 (2022),1,komentar
user_bfb04c7f241e,FILM::The Doll 3 (2022),1,komentar
user_c066594f84de,FILM::The Doll 3 (2022),1,komentar
user_c085f1aca21a,FILM::The Doll 3 (2022),1,komentar
user_c0d0f7d75ba7,FILM::The Doll 3 (2022),1,komentar
user_c13984f03b67,FILM::The Doll 3 (2022),1,komentar
user_c1c6a169efa8,FILM::The Doll 3 (2022),1,komentar
user_c254ff2aeaf4,FILM::The Doll 3 (2022),2,komentar
user_c328571229ec,FILM::The Doll 3 (2022),1,komentar
user_c32ba585dc85,FILM::The Doll 3 (2022),5,komentar
user_c3944f1b9010,FILM::The Doll 3 (2022),1,komentar
user_c5b1cef7c50f,FILM::The Doll 3 (2022),1,komentar
user_c76bedf85ef1,FILM::The Doll 3 (2022),1,komentar
user_c7bb8e6d96f4,FILM::The Doll 3 (2022),1,komentar
user_c7db32384b22,FILM::The Doll 3 (2022),1,komentar
user_c7e60b298bbd,FILM::The Doll 3 (2022),1,komentar
user_c83bc248c842,FILM::The Doll 3 (2022),1,komentar
user_c856bc21db87,FILM::The Doll 3 (2022),1,komentar
user_c8765682f7a1,FILM::The Doll 3 (2022),1,komentar
user_c8842386972d,FILM::The Doll 3 (2022),1,komentar
user_c8ab5892566c,FILM::The Doll 3 (2022),1,komentar
user_c90c500f4506,FILM::The Doll 3 (2022),1,komentar
user_c99b38419bb8,FILM::The Doll 3 (2022),1,komentar
user_ca2c4748f51f,FILM::The Doll 3 (2022),1,komentar
user_ca2c7728e425,FILM::The Doll 3 (2022),1,komentar
user_cac61615dd3c,FILM::The Doll 3 (2022),1,komentar
user_cae9536e1a52,FILM::The Doll 3 (2022),1,komentar
user_caf8fdf405b5,FILM::The Doll 3 (2022),1,komentar
user_cb20c9b888b9,FILM::The Doll 3 (2022),1,komentar
user_cc411e778076,FILM::The Doll 3 (2022),1,komentar
user_cc586e832830,FILM::The Doll 3 (2022),1,komentar
user_cc88adb77901,FILM::The Doll 3 (2022),1,komentar
user_cd0fc18ddfac,FILM::The Doll 3 (2022),1,komentar
user_cd5a24b86859,FILM::The Doll 3 (2022),1,komentar
user_cd84ef3193ae,FILM::The Doll 3 (2022),1,komentar
user_ceede2ecd216,FILM::The Doll 3 (2022),1,komentar
user_d009544964cc,FILM::The Doll 3 (2022),1,komentar
user_d14ea1296243,FILM::The Doll 3 (2022),2,komentar
user_d2217d6e41fe,FILM::The Doll 3 (2022),1,komentar
user_d262c8a536df,FILM::The Doll 3 (2022),1,komentar
user_d2b350f2907a,FILM::The Doll 3 (2022),1,komentar
user_d320ed594494,FILM::The Doll 3 (2022),1,komentar
user_d3569970078d,FILM::The Doll 3 (2022),1,komentar
user_d37fc3fd35ba,FILM::The Doll 3 (2022),1,komentar
user_d457b186a15c,FILM::The Doll 3 (2022),1,komentar
user_d4872953414d,FILM::The Doll 3 (2022),1,komentar
user_d48a1240a9b0,FILM::The Doll 3 (2022),1,komentar
user_d53e5537cdd5,FILM::The Doll 3 (2022),1,komentar
user_d60adf976432,FILM::The Doll 3 (2022),1,komentar
user_d70d5e7eb824,FILM::The Doll 3 (2022),1,komentar
user_d7c10e7ff596,FILM::The Doll 3 (2022),1,komentar
user_d7c7f7a24249,FILM::The Doll 3 (2022),2,komentar
user_d7db58dd3528,FILM::The Doll 3 (2022),1,komentar
user_d81b39ecf2e2,FILM::The Doll 3 (2022),1,komentar
user_d863ef6828cf,FILM::The Doll 3 (2022),1,komentar
user_d871c8ba5c0d,FILM::The Doll 3 (2022),1,komentar
user_d88d0282297f,FILM::The Doll 3 (2022),1,komentar
user_d9736c6343a7,FILM::The Doll 3 (2022),1,komentar
user_d997c951b62d,FILM::The Doll 3 (2022),1,komentar
user_db0f162e234a,FILM::The Doll 3 (2022),1,komentar
user_db670d764b96,FILM::The Doll 3 (2022),1,komentar
user_db9b8ab171cf,FILM::The Doll 3 (2022),1,komentar
user_dbf989934886,FILM::The Doll 3 (2022),2,komentar
user_dc3494a80bc0,FILM::The Doll 3 (2022),1,komentar
user_dc480ce80e93,FILM::The Doll 3 (2022),1,komentar
user_dc805bbca44d,FILM::The Doll 3 (2022),1,komentar
user_dd5fe8c9413b,FILM::The Doll 3 (2022),2,komentar
user_dddd8da1e724,FILM::The Doll 3 (2022),1,komentar
user_de22df1e4a6f,FILM::The Doll 3 (2022),1,komentar
user_de2f9fba7b20,FILM::The Doll 3 (2022),1,komentar
user_de39717d5014,FILM::The Doll 3 (2022),1,komentar
user_de902958fd97,FILM::The Doll 3 (2022),1,komentar
user_deb35f2f69cd,FILM::The Doll 3 (2022),2,komentar
user_defe4f4fbacf,FILM::The Doll 3 (2022),1,komentar
user_df82e0f304a9,FILM::The Doll 3 (2022),1,komentar
user_e06bf01fbce7,FILM::The Doll 3 (2022),1,komentar
user_e0b8faf1dece,FILM::The Doll 3 (2022),1,komentar
user_e0e3ea6f325d,FILM::The Doll 3 (2022),1,komentar
user_e118cf94e325,FILM::The Doll 3 (2022),2,komentar
user_e1333e8a65f1,FILM::The Doll 3 (2022),1,komentar
user_e15afb13e7a1,FILM::The Doll 3 (2022),1,komentar
user_e1a23f3f29ee,FILM::The Doll 3 (2022),1,komentar
user_e22e5f6943f1,FILM::The Doll 3 (2022),1,komentar
user_e296822bbe9c,FILM::The Doll 3 (2022),2,komentar
user_e3a3a62f3b92,FILM::The Doll 3 (2022),1,komentar
user_e3dfe7626b3c,FILM::The Doll 3 (2022),2,komentar
user_e41d930ab0ee,FILM::The Doll 3 (2022),2,komentar
user_e471d9bb154d,FILM::The Doll 3 (2022),1,komentar
user_e4d28c12893b,FILM::The Doll 3 (2022),1,komentar
user_e631d02eec99,FILM::The Doll 3 (2022),1,komentar
user_e676679acac7,FILM::The Doll 3 (2022),1,komentar
user_e682321bd9df,FILM::The Doll 3 (2022),1,komentar
user_e6b79a6e3782,FILM::The Doll 3 (2022),1,komentar
user_e6bb8590e79c,FILM::The Doll 3 (2022),1,komentar
user_e703ff4d2461,FILM::The Doll 3 (2022),1,komentar
user_e7584eeb7aa5,FILM::The Doll 3 (2022),1,komentar
user_e7984b203b19,FILM::The Doll 3 (2022),1,komentar
user_e88dd50537db,FILM::The Doll 3 (2022),2,komentar
user_e90b25004823,FILM::The Doll 3 (2022),1,komentar
user_e9ad57d449be,FILM::The Doll 3 (2022),1,komentar
user_ea5ff349bacc,FILM::The Doll 3 (2022),1,komentar
user_eab8d85fbf78,FILM::The Doll 3 (2022),1,komentar
user_eace761ab953,FILM::The Doll 3 (2022),1,komentar
user_eb46d987930e,FILM::The Doll 3 (2022),2,komentar
user_ebdf5a32ee08,FILM::The Doll 3 (2022),1,komentar
user_ec199268542f,FILM::The Doll 3 (2022),1,komentar
user_ec7b945265cf,FILM::The Doll 3 (2022),1,komentar
user_ecb9a4781444,FILM::The Doll 3 (2022),1,komentar
user_f09ef5c65238,FILM::The Doll 3 (2022),1,komentar
user_f0aea3e5267c,FILM::The Doll 3 (2022),1,komentar
user_f0c0e3cf28a4,FILM::The Doll 3 (2022),3,komentar
user_f1728e5afac0,FILM::The Doll 3 (2022),1,komentar
user_f18289fba81f,FILM::The Doll 3 (2022),2,komentar
user_f18769b75828,FILM::The Doll 3 (2022),4,komentar
user_f1aaed0e24ce,FILM::The Doll 3 (2022),1,komentar
user_f1edc1ea8f7b,FILM::The Doll 3 (2022),1,komentar
user_f23ba72340a7,FILM::The Doll 3 (2022),1,komentar
user_f23f5ff51d55,FILM::The Doll 3 (2022),1,komentar
user_f2f4bb714aa2,FILM::The Doll 3 (2022),1,komentar
user_f345b4026c36,FILM::The Doll 3 (2022),2,komentar
user_f3b203313ec7,FILM::The Doll 3 (2022),1,komentar
user_f5af7ca99eba,FILM::The Doll 3 (2022),2,komentar
user_f60779cbc795,FILM::The Doll 3 (2022),1,komentar
user_f6f49816fbdd,FILM::The Doll 3 (2022),1,komentar
user_f6f9dbdb1806,FILM::The Doll 3 (2022),1,komentar
user_f7add872d2ab,FILM::The Doll 3 (2022),2,komentar
user_f7b6b7e8f605,FILM::The Doll 3 (2022),1,komentar
user_f8b33c915052,FILM::The Doll 3 (2022),1,komentar
user_f9422f68936b,FILM::The Doll 3 (2022),1,komentar
user_f9b96bf71e6f,FILM::The Doll 3 (2022),1,komentar
user_fa132421501e,FILM::The Doll 3 (2022),1,komentar
user_fa33166ba381,FILM::The Doll 3 (2022),1,komentar
user_fb282bd47511,FILM::The Doll 3 (2022),1,komentar
user_fb7e29df88f0,FILM::The Doll 3 (2022),2,komentar
user_fca25cab7c02,FILM::The Doll 3 (2022),1,komentar
user_fe19105ac974,FILM::The Doll 3 (2022),1,komentar
user_fe5becbb7a87,FILM::The Doll 3 (2022),1,komentar
user_fe5cbce398a3,FILM::The Doll 3 (2022),1,komentar
user_fe7593090523,FILM::The Doll 3 (2022),1,komentar
user_fed77e1f0a47,FILM::The Doll 3 (2022),1,komentar
user_fedec4548637,FILM::The Doll 3 (2022),1,komentar
user_fee5e10ff9cc,FILM::The Doll 3 (2022),1,komentar
user_ff2dd0c4e2af,FILM::The Doll 3 (2022),2,komentar
user_0037d86bfe98,user_8d28152f0b28,1,balasan
user_0038f4bec9e5,Catatan Harian Menantu Sinting (2024),1,komentar
user_00931dd5679f,FILM::Catatan Harian Menantu Sinting (2024),1,komentar
user_01868ed14544,FILM::Catatan Harian Menantu Sinting (2024),1,komentar
user_01e0de38b381,FILM::Catatan Harian Menantu Sinting (2024),1,komentar
user_02290afaee8b,FILM::Catatan Harian Menantu Sinting (2024),1,komentar
user_02ba5c4db6c4,FILM::Catatan Harian Menantu Sinting (2024),1,komentar
user_032f49af93fb,FILM::Catatan Harian Menantu Sinting (2024),1,komentar
user_03c66aa1c65a,FILM::Catatan Harian Menantu Sinting (2024),1,komentar
user_03d56f774773,FILM::Catatan Harian Menantu Sinting (2024),1,komentar
user_04e5b95a7cb4,FILM::Catatan Harian Menantu Sinting (2024),1,komentar
user_064757c8e617,FILM::Catatan Harian Menantu Sinting (2024),1,komentar
user_0685fcd95f29,FILM::Catatan Harian Menantu Sinting (2024),1,komentar
user_07c3000da2e2,FILM::Catatan Harian Menantu Sinting (2024),1,komentar
user_08e0c83c01c7,FILM::Catatan Harian Menantu Sinting (2024),1,komentar
user_09baeadfa450,FILM::Catatan Harian Menantu Sinting (2024),1,komentar
user_0bf7714f9dfd,FILM::Catatan Harian Menantu Sinting (2024),1,komentar
user_0fd95b41cb28,FILM::Catatan Harian Menantu Sinting (2024),1,komentar
user_1157bfef6601,FILM::Catatan Harian Menantu Sinting (2024),1,komentar
user_129475509e09,FILM::Catatan Harian Menantu Sinting (2024),1,komentar
user_1879bc2a284c,FILM::Catatan Harian Menantu Sinting (2024),1,komentar
user_1a26e5ebf2b8,FILM::Catatan Harian Menantu Sinting (2024),3,komentar
user_1a7aaf6b8dd9,FILM::Catatan Harian Menantu Sinting (2024),2,komentar
user_1a80b92fe552,FILM::Catatan Harian Menantu Sinting (2024),1,komentar
user_1b7e111a21b2,FILM::Catatan Harian Menantu Sinting (2024),1,komentar
user_1b9c87e3d606,FILM::Catatan Harian Menantu Sinting (2024),1,komentar
user_1c37b62d2b95,FILM::Catatan Harian Menantu Sinting (2024),1,komentar
user_1c380988f080,FILM::Catatan Harian Menantu Sinting (2024),1,komentar
user_1c8500cbbbb7,FILM::Catatan Harian Menantu Sinting (2024),1,komentar
user_1eab8f4da2cd,FILM::Catatan Harian Menantu Sinting (2024),1,komentar
user_1ee4d7cfffcb,FILM::Catatan Harian Menantu Sinting (2024),1,komentar
user_2031ed9abfb2,FILM::Catatan Harian Menantu Sinting (2024),1,komentar
user_21005ddb7437,FILM::Catatan Harian Menantu Sinting (2024),1,komentar
user_215ace279f48,FILM::Catatan Harian Menantu Sinting (2024),1,komentar
user_21cda4dab370,FILM::Catatan Harian Menantu Sinting (2024),1,komentar
user_22491ba3edac,FILM::Catatan Harian Menantu Sinting (2024),1,komentar
user_228c61d8a1b0,FILM::Catatan Harian Menantu Sinting (2024),1,komentar
user_246d4972a77d,FILM::Catatan Harian Menantu Sinting (2024),1,komentar
user_250e9321b5ba,FILM::Catatan Harian Menantu Sinting (2024),1,komentar
user_260609e67845,FILM::Catatan Harian Menantu Sinting (2024),1,komentar
user_2654dae03873,FILM::Catatan Harian Menantu Sinting (2024),1,komentar
user_26a8d87564b2,FILM::Catatan Harian Menantu Sinting (2024),1,komentar
user_277e6968115f,FILM::Catatan Harian Menantu Sinting (2024),1,komentar
user_29522ad37f91,FILM::Catatan Harian Menantu Sinting (2024),1,komentar
user_2a3f7b53495d,FILM::Catatan Harian Menantu Sinting (2024),1,komentar
user_2ae43a023d7e,FILM::Catatan Harian Menantu Sinting (2024),1,komentar
user_2b676e357202,FILM::Catatan Harian Menantu Sinting (2024),1,komentar
user_2c205c220a7a,FILM::Catatan Harian Menantu Sinting (2024),1,komentar
user_2ce3709ec880,FILM::Catatan Harian Menantu Sinting (2024),2,komentar
user_2d87764b22ad,FILM::Catatan Harian Menantu Sinting (2024),1,komentar
user_2e8ed390bbac,FILM::Catatan Harian Menantu Sinting (2024),1,komentar
user_2f140a2ab752,FILM::Catatan Harian Menantu Sinting (2024),1,komentar
user_3055e0e0f8e9,FILM::Catatan Harian Menantu Sinting (2024),1,komentar
user_30bed8976a52,FILM::Catatan Harian Menantu Sinting (2024),1,komentar
user_3109eb677578,FILM::Catatan Harian Menantu Sinting (2024),1,komentar
user_312ffd9f06cc,FILM::Catatan Harian Menantu Sinting (2024),2,komentar
user_3216f1324d1e,FILM::Catatan Harian Menantu Sinting (2024),1,komentar
user_342fb696c6bd,FILM::Catatan Harian Menantu Sinting (2024),1,komentar
user_3549f7e7bf75,FILM::Catatan Harian Menantu Sinting (2024),1,komentar
user_38c9b76e320f,FILM::Catatan Harian Menantu Sinting (2024),1,komentar
user_392f606ddb4a,FILM::Catatan Harian Menantu Sinting (2024),1,komentar
user_3b2198a33108,FILM::Catatan Harian Menantu Sinting (2024),1,komentar
user_3d1602a6dab2,FILM::Catatan Harian Menantu Sinting (2024),1,komentar
user_3da74649652c,FILM::Catatan Harian Menantu Sinting (2024),1,komentar
user_3dd53ffd849c,FILM::Catatan Harian Menantu Sinting (2024),2,komentar
user_3e8146548e0c,FILM::Catatan Harian Menantu Sinting (2024),1,komentar
user_40225c1615a1,FILM::Catatan Harian Menantu Sinting (2024),1,komentar
user_40c47c563025,FILM::Catatan Harian Menantu Sinting (2024),1,komentar
user_432ef68c9ad4,FILM::Catatan Harian Menantu Sinting (2024),1,komentar
user_45a9994ebbf2,FILM::Catatan Harian Menantu Sinting (2024),1,komentar
user_46f9db59d906,FILM::Catatan Harian Menantu Sinting (2024),2,komentar
user_47b8ccc6d353,FILM::Catatan Harian Menantu Sinting (2024),1,komentar
user_48a739f8b6f7,FILM::Catatan Harian Menantu Sinting (2024),1,komentar
user_4a64dc528f9b,FILM::Catatan Harian Menantu Sinting (2024),1,komentar
user_4aa727dcc4df,FILM::Catatan Harian Menantu Sinting (2024),1,komentar
user_4abbbc3de4d5,FILM::Catatan Harian Menantu Sinting (2024),1,komentar
user_4b74a959ffb3,FILM::Catatan Harian Menantu Sinting (2024),2,komentar
user_4d8c4ef2257f,FILM::Catatan Harian Menantu Sinting (2024),1,komentar
user_4de73e973c2d,FILM::Catatan Harian Menantu Sinting (2024),1,komentar
user_50de3231e4f5,FILM::Catatan Harian Menantu Sinting (2024),1,komentar
user_51c0d338ac1d,FILM::Catatan Harian Menantu Sinting (2024),1,komentar
user_51f6bb526f15,FILM::Catatan Harian Menantu Sinting (2024),1,komentar
user_53128166deaf,FILM::Catatan Harian Menantu Sinting (2024),1,komentar
user_54215f2bd993,FILM::Catatan Harian Menantu Sinting (2024),1,komentar
user_554beb5038be,FILM::Catatan Harian Menantu Sinting (2024),1,komentar
user_5735ea7a3f48,FILM::Catatan Harian Menantu Sinting (2024),1,komentar
user_5835fbe396d1,FILM::Catatan Harian Menantu Sinting (2024),2,komentar
user_59467282999d,FILM::Catatan Harian Menantu Sinting (2024),1,komentar
user_5d34ac5f084d,FILM::Catatan Harian Menantu Sinting (2024),1,komentar
user_5f142363c36c,FILM::Catatan Harian Menantu Sinting (2024),1,komentar
user_5fbd104ba16f,FILM::Catatan Harian Menantu Sinting (2024),1,komentar
user_614f6dc09cb8,FILM::Catatan Harian Menantu Sinting (2024),1,komentar
user_6223372ae1b1,FILM::Catatan Harian Menantu Sinting (2024),1,komentar
user_626eca6de4d1,FILM::Catatan Harian Menantu Sinting (2024),1,komentar
user_6287b8742af7,FILM::Catatan Harian Menantu Sinting (2024),1,komentar
user_63e69170106f,FILM::Catatan Harian Menantu Sinting (2024),1,komentar
user_650dac1b434c,FILM::Catatan Harian Menantu Sinting (2024),1,komentar
user_6895beecc9d3,FILM::Catatan Harian Menantu Sinting (2024),2,komentar
user_68f65dcf2b5e,FILM::Catatan Harian Menantu Sinting (2024),1,komentar
user_68fbc58be269,FILM::Catatan Harian Menantu Sinting (2024),1,komentar
user_69e735d05351,FILM::Catatan Harian Menantu Sinting (2024),1,komentar
user_6e174c7c3507,FILM::Catatan Harian Menantu Sinting (2024),1,komentar
user_6fa895e8d8f3,FILM::Catatan Harian Menantu Sinting (2024),2,komentar
user_702b9be32018,FILM::Catatan Harian Menantu Sinting (2024),1,komentar
user_7392df41fa17,FILM::Catatan Harian Menantu Sinting (2024),2,komentar
user_739aa126900e,FILM::Catatan Harian Menantu Sinting (2024),1,komentar
user_76dcd70b3707,FILM::Catatan Harian Menantu Sinting (2024),1,komentar
user_77285010b598,FILM::Catatan Harian Menantu Sinting (2024),1,komentar
user_78adde86233c,FILM::Catatan Harian Menantu Sinting (2024),1,komentar
user_78ddbbff8062,FILM::Catatan Harian Menantu Sinting (2024),1,komentar
user_7b05d65ae340,FILM::Catatan Harian Menantu Sinting (2024),1,komentar
user_7d8a6ae82817,FILM::Catatan Harian Menantu Sinting (2024),1,komentar
user_7efd4c6265e7,FILM::Catatan Harian Menantu Sinting (2024),1,komentar
user_7f21ba819c58,FILM::Catatan Harian Menantu Sinting (2024),1,komentar
user_7f844f9065c7,FILM::Catatan Harian Menantu Sinting (2024),1,komentar
user_7f9abadeeb88,FILM::Catatan Harian Menantu Sinting (2024),1,komentar
user_80f9613e23cf,FILM::Catatan Harian Menantu Sinting (2024),1,komentar
user_8124f4fdd524,FILM::Catatan Harian Menantu Sinting (2024),1,komentar
user_81ba919eef19,FILM::Catatan Harian Menantu Sinting (2024),1,komentar
user_820daa8ef3ed,FILM::Catatan Harian Menantu Sinting (2024),1,komentar
user_83000e02eb29,FILM::Catatan Harian Menantu Sinting (2024),1,komentar
user_84d2cbbae370,FILM::Catatan Harian Menantu Sinting (2024),1,komentar
user_8728065c9eb6,FILM::Catatan Harian Menantu Sinting (2024),1,komentar
user_874469fe631a,FILM::Catatan Harian Menantu Sinting (2024),1,komentar
user_8af412e1d341,FILM::Catatan Harian Menantu Sinting (2024),1,komentar
user_8b20fa8b2ed3,FILM::Catatan Harian Menantu Sinting (2024),1,komentar
user_8b24d7993856,FILM::Catatan Harian Menantu Sinting (2024),1,komentar
user_8b9b92f68077,FILM::Catatan Harian Menantu Sinting (2024),1,komentar
user_8bce398feff4,FILM::Catatan Harian Menantu Sinting (2024),1,komentar
user_8d544ec0a429,FILM::Catatan Harian Menantu Sinting (2024),1,komentar
user_8ec045f6fc6e,FILM::Catatan Harian Menantu Sinting (2024),1,komentar
user_8ec1db9056ae,FILM::Catatan Harian Menantu Sinting (2024),1,komentar
user_908c4c6b3b2c,FILM::Catatan Harian Menantu Sinting (2024),1,komentar
user_911f13f44e5b,FILM::Catatan Harian Menantu Sinting (2024),1,komentar
user_940b9b6d285a,FILM::Catatan Harian Menantu Sinting (2024),1,komentar
user_948ba526978b,FILM::Catatan Harian Menantu Sinting (2024),1,komentar
user_96688ea40c12,FILM::Catatan Harian Menantu Sinting (2024),1,komentar
user_987dee5f7980,FILM::Catatan Harian Menantu Sinting (2024),1,komentar
user_9984f419ddf3,FILM::Catatan Harian Menantu Sinting (2024),2,komentar
user_99fa6f853d0e,FILM::Catatan Harian Menantu Sinting (2024),1,komentar
user_9a0375f315fc,FILM::Catatan Harian Menantu Sinting (2024),1,komentar
user_9b98d79e9d4e,FILM::Catatan Harian Menantu Sinting (2024),1,komentar
user_9bd1abd0cd98,FILM::Catatan Harian Menantu Sinting (2024),1,komentar
user_9bffc9d84bc1,FILM::Catatan Harian Menantu Sinting (2024),1,komentar
user_a11648e89a14,FILM::Catatan Harian Menantu Sinting (2024),1,komentar
user_a40e4b58cba2,FILM::Catatan Harian Menantu Sinting (2024),1,komentar
user_a4482605db82,FILM::Catatan Harian Menantu Sinting (2024),1,komentar
user_a4d60996ad7f,FILM::Catatan Harian Menantu Sinting (2024),1,komentar
user_a4ed085e90a0,FILM::Catatan Harian Menantu Sinting (2024),1,komentar
user_a5356b52f6d9,FILM::Catatan Harian Menantu Sinting (2024),1,komentar
user_a60051a01337,FILM::Catatan Harian Menantu Sinting (2024),1,komentar
user_a75afe2cf607,FILM::Catatan Harian Menantu Sinting (2024),1,komentar
user_a7922e94bc06,FILM::Catatan Harian Menantu Sinting (2024),1,komentar
user_a79d0d2bec44,FILM::Catatan Harian Menantu Sinting (2024),1,komentar
user_a8a9b10947c3,FILM::Catatan Harian Menantu Sinting (2024),1,komentar
user_a960d1b3a95a,FILM::Catatan Harian Menantu Sinting (2024),1,komentar
user_ad1e36e4a30a,FILM::Catatan Harian Menantu Sinting (2024),1,komentar
user_adb37cbebb9e,FILM::Catatan Harian Menantu Sinting (2024),1,komentar
user_b13ff7ee8ceb,FILM::Catatan Harian Menantu Sinting (2024),1,komentar
user_b3a6f740a4a2,FILM::Catatan Harian Menantu Sinting (2024),1,komentar
user_b3af300ed8c2,FILM::Catatan Harian Menantu Sinting (2024),1,komentar
user_b400c8c1fb61,FILM::Catatan Harian Menantu Sinting (2024),1,komentar
user_b57f5b0e07c8,FILM::Catatan Harian Menantu Sinting (2024),2,komentar
user_b723b51d266a,FILM::Catatan Harian Menantu Sinting (2024),1,komentar
user_b7aa4aa9f741,FILM::Catatan Harian Menantu Sinting (2024),1,komentar
user_b861cb9f5393,FILM::Catatan Harian Menantu Sinting (2024),1,komentar
user_ba20841eac1b,FILM::Catatan Harian Menantu Sinting (2024),1,komentar
user_ba8054f57f2f,FILM::Catatan Harian Menantu Sinting (2024),1,komentar
user_bb5f8c9cae67,FILM::Catatan Harian Menantu Sinting (2024),1,komentar
user_bb8e2acf400f,FILM::Catatan Harian Menantu Sinting (2024),1,komentar
user_bcd314edb5a6,FILM::Catatan Harian Menantu Sinting (2024),1,komentar
user_bcfbe5e730bd,FILM::Catatan Harian Menantu Sinting (2024),1,komentar
user_bdec0336780c,FILM::Catatan Harian Menantu Sinting (2024),1,komentar
user_be0b6b883a90,FILM::Catatan Harian Menantu Sinting (2024),1,komentar
user_beae5f5f0c8b,FILM::Catatan Harian Menantu Sinting (2024),1,komentar
user_c01b6235b149,FILM::Catatan Harian Menantu Sinting (2024),1,komentar
user_c309215d2b67,FILM::Catatan Harian Menantu Sinting (2024),1,komentar
user_c44e3695314d,FILM::Catatan Harian Menantu Sinting (2024),1,komentar
user_c4feb5d2d84f,FILM::Catatan Harian Menantu Sinting (2024),1,komentar
user_c642aec38306,FILM::Catatan Harian Menantu Sinting (2024),1,komentar
user_c688ada7197a,FILM::Catatan Harian Menantu Sinting (2024),1,komentar
user_c783f83e5214,FILM::Catatan Harian Menantu Sinting (2024),2,komentar
user_c902eb850342,FILM::Catatan Harian Menantu Sinting (2024),1,komentar
user_c975aa8940c5,FILM::Catatan Harian Menantu Sinting (2024),1,komentar
user_ca42762ef5ca,FILM::Catatan Harian Menantu Sinting (2024),1,komentar
user_cab059a06c17,FILM::Catatan Harian Menantu Sinting (2024),1,komentar
user_cb2f11569496,FILM::Catatan Harian Menantu Sinting (2024),2,komentar
user_cba6de442c45,FILM::Catatan Harian Menantu Sinting (2024),1,komentar
user_cbf2b50d0e65,FILM::Catatan Harian Menantu Sinting (2024),1,komentar
user_cd003f9a848f,FILM::Catatan Harian Menantu Sinting (2024),1,komentar
user_cddbda1979af,FILM::Catatan Harian Menantu Sinting (2024),1,komentar
user_d0a9bb878af5,FILM::Catatan Harian Menantu Sinting (2024),1,komentar
user_d0c15486f27e,FILM::Catatan Harian Menantu Sinting (2024),1,komentar
user_d2a04f688c3c,FILM::Catatan Harian Menantu Sinting (2024),1,komentar
user_d574697be301,FILM::Catatan Harian Menantu Sinting (2024),1,komentar
user_d5d301d8facc,FILM::Catatan Harian Menantu Sinting (2024),1,komentar
user_d99c1ef53471,FILM::Catatan Harian Menantu Sinting (2024),1,komentar
user_d9ef10b1445b,FILM::Catatan Harian Menantu Sinting (2024),1,komentar
user_dbe1e1cdd61f,FILM::Catatan Harian Menantu Sinting (2024),1,komentar
user_dcc9755e26ef,FILM::Catatan Harian Menantu Sinting (2024),1,komentar
user_de49b907dd50,FILM::Catatan Harian Menantu Sinting (2024),1,komentar
user_dea297b60f0e,FILM::Catatan Harian Menantu Sinting (2024),1,komentar
user_dfb6810e5bf1,FILM::Catatan Harian Menantu Sinting (2024),1,komentar
user_e0304a03fe14,FILM::Catatan Harian Menantu Sinting (2024),4,komentar
user_e4ce72fa00c2,FILM::Catatan Harian Menantu Sinting (2024),1,komentar
user_e53e014c40f9,FILM::Catatan Harian Menantu Sinting (2024),1,komentar
user_e6545c0321e2,FILM::Catatan Harian Menantu Sinting (2024),1,komentar
user_e661b10ecb7d,FILM::Catatan Harian Menantu Sinting (2024),2,komentar
user_e6bc158e5f47,FILM::Catatan Harian Menantu Sinting (2024),1,komentar
user_e881fb5291b7,FILM::Catatan Harian Menantu Sinting (2024),1,komentar
user_e8c663155d8a,FILM::Catatan Harian Menantu Sinting (2024),1,komentar
user_e91d66d73e37,FILM::Catatan Harian Menantu Sinting (2024),1,komentar
user_ea17980aa789,FILM::Catatan Harian Menantu Sinting (2024),1,komentar
user_ea683e8cd813,FILM::Catatan Harian Menantu Sinting (2024),1,komentar
user_ece9a3187707,FILM::Catatan Harian Menantu Sinting (2024),1,komentar
user_ed10e52b36ef,FILM::Catatan Harian Menantu Sinting (2024),1,komentar
user_ee1ba65da4c3,FILM::Catatan Harian Menantu Sinting (2024),1,komentar
user_efa736bb8e5e,FILM::Catatan Harian Menantu Sinting (2024),1,komentar
user_effb4eba8757,FILM::Catatan Harian Menantu Sinting (2024),1,komentar
user_f0c88992a67d,FILM::Catatan Harian Menantu Sinting (2024),2,komentar
user_f1414478ae5b,FILM::Catatan Harian Menantu Sinting (2024),1,komentar
user_f21504ba7a49,FILM::Catatan Harian Menantu Sinting (2024),1,komentar
user_f2bdced2d39b,FILM::Catatan Harian Menantu Sinting (2024),1,komentar
user_f62bb9fd5dee,FILM::Catatan Harian Menantu Sinting (2024),1,komentar
user_f6e0b266823e,FILM::Catatan Harian Menantu Sinting (2024),2,komentar
user_f799fa600f99,FILM::Catatan Harian Menantu Sinting (2024),1,komentar
user_f7a25fd6ab37,FILM::Catatan Harian Menantu Sinting (2024),1,komentar
user_f7b248ec43ca,FILM::Catatan Harian Menantu Sinting (2024),1,komentar
user_f7d0539e6641,FILM::Catatan Harian Menantu Sinting (2024),1,komentar
user_f99a66cd3afd,FILM::Catatan Harian Menantu Sinting (2024),1,komentar
user_faea15f00189,FILM::Catatan Harian Menantu Sinting (2024),1,komentar
user_fb0852519152,FILM::Catatan Harian Menantu Sinting (2024),1,komentar
user_fbeda2eb6ab7,FILM::Catatan Harian Menantu Sinting (2024),2,komentar
user_fc5262a0e4fb,FILM::Catatan Harian Menantu Sinting (2024),1,komentar
user_fdc034a235a7,FILM::Catatan Harian Menantu Sinting (2024),1,komentar
user_003a9646ea12,user_1b7e111a21b2,1,balasan
user_0042b3c36044,user_1461f54e7207,1,balasan
user_004c0a80dac4,user_f7add872d2ab,1,balasan
user_00690246358b,Danur: The Last Chapter (2026),3,komentar
user_00690246358b,user_2537dd8cdffd,3,balasan
user_00690246358b,user_d15c39f7fce1,1,balasan
user_008d8ebcd8c2,FILM::Danur: The Last Chapter (2026),1,komentar
user_0143f66f8cf3,FILM::Danur: The Last Chapter (2026),1,komentar
user_03c08404afa3,FILM::Danur: The Last Chapter (2026),1,komentar
user_0408cbf87700,FILM::Danur: The Last Chapter (2026),1,komentar
user_0428eb9a3e9d,FILM::Danur: The Last Chapter (2026),1,komentar
user_04785621ad8b,FILM::Danur: The Last Chapter (2026),1,komentar
user_06c769508658,FILM::Danur: The Last Chapter (2026),1,komentar
user_07f9350eba63,FILM::Danur: The Last Chapter (2026),1,komentar
user_080df472a5b6,FILM::Danur: The Last Chapter (2026),1,komentar
user_08d33a1ebc67,FILM::Danur: The Last Chapter (2026),1,komentar
user_094bcd6a1084,FILM::Danur: The Last Chapter (2026),1,komentar
user_09a08e01c30e,FILM::Danur: The Last Chapter (2026),1,komentar
user_09a371194a0f,FILM::Danur: The Last Chapter (2026),1,komentar
user_0ab64dabc977,FILM::Danur: The Last Chapter (2026),1,komentar
user_0ceae89029d0,FILM::Danur: The Last Chapter (2026),1,komentar
user_0d2b15e86272,FILM::Danur: The Last Chapter (2026),1,komentar
user_0d9aab5bac08,FILM::Danur: The Last Chapter (2026),3,komentar
user_0df17b57ce25,FILM::Danur: The Last Chapter (2026),1,komentar
user_0e5a58428a7d,FILM::Danur: The Last Chapter (2026),1,komentar
user_0ec670223583,FILM::Danur: The Last Chapter (2026),1,komentar
user_10455e5fb386,FILM::Danur: The Last Chapter (2026),3,komentar
user_10e4ac165485,FILM::Danur: The Last Chapter (2026),3,komentar
user_13e85754d9e9,FILM::Danur: The Last Chapter (2026),2,komentar
user_14ff053bd622,FILM::Danur: The Last Chapter (2026),1,komentar
user_17937f97b5e6,FILM::Danur: The Last Chapter (2026),3,komentar
user_17f30e4aed62,FILM::Danur: The Last Chapter (2026),1,komentar
user_1806c923aff9,FILM::Danur: The Last Chapter (2026),1,komentar
user_18c7d2543a7b,FILM::Danur: The Last Chapter (2026),3,komentar
user_19180b0ec235,FILM::Danur: The Last Chapter (2026),1,komentar
user_19c48f22c800,FILM::Danur: The Last Chapter (2026),1,komentar
user_1b2589d603bc,FILM::Danur: The Last Chapter (2026),1,komentar
user_1bee41ef982a,FILM::Danur: The Last Chapter (2026),1,komentar
user_1d1a1e636f77,FILM::Danur: The Last Chapter (2026),2,komentar
user_1d7d893e3aef,FILM::Danur: The Last Chapter (2026),13,komentar
user_1de81205b038,FILM::Danur: The Last Chapter (2026),1,komentar
user_1e1e710b8eed,FILM::Danur: The Last Chapter (2026),1,komentar
user_1ebae52ba991,FILM::Danur: The Last Chapter (2026),1,komentar
user_2055aa71ae24,FILM::Danur: The Last Chapter (2026),1,komentar
user_209b34af99e9,FILM::Danur: The Last Chapter (2026),1,komentar
user_2105983b3f28,FILM::Danur: The Last Chapter (2026),1,komentar
user_23748941a59a,FILM::Danur: The Last Chapter (2026),1,komentar
user_23ae199d2faa,FILM::Danur: The Last Chapter (2026),1,komentar
user_242209df95ea,FILM::Danur: The Last Chapter (2026),5,komentar
user_24df6d1697b2,FILM::Danur: The Last Chapter (2026),1,komentar
user_2537dd8cdffd,FILM::Danur: The Last Chapter (2026),1,komentar
user_25c51ab60274,FILM::Danur: The Last Chapter (2026),1,komentar
user_27944f72b4df,FILM::Danur: The Last Chapter (2026),1,komentar
user_28135478e24c,FILM::Danur: The Last Chapter (2026),1,komentar
user_28aed68445bd,FILM::Danur: The Last Chapter (2026),4,komentar
user_28e144b38305,FILM::Danur: The Last Chapter (2026),1,komentar
user_28eafeb0022f,FILM::Danur: The Last Chapter (2026),8,komentar
user_2a623b6148fb,FILM::Danur: The Last Chapter (2026),1,komentar
user_2b0127493189,FILM::Danur: The Last Chapter (2026),1,komentar
user_2bc324461e85,FILM::Danur: The Last Chapter (2026),1,komentar
user_2c21206f5db0,FILM::Danur: The Last Chapter (2026),1,komentar
user_2c21b5e9a9bc,FILM::Danur: The Last Chapter (2026),1,komentar
user_2d0dfd047e9a,FILM::Danur: The Last Chapter (2026),1,komentar
user_2d1ba081f975,FILM::Danur: The Last Chapter (2026),1,komentar
user_2d9fa5810445,FILM::Danur: The Last Chapter (2026),1,komentar
user_2dd879c92851,FILM::Danur: The Last Chapter (2026),1,komentar
user_2e2eebd33af4,FILM::Danur: The Last Chapter (2026),1,komentar
user_2e541ee2437c,FILM::Danur: The Last Chapter (2026),1,komentar
user_2fe052cf6a58,FILM::Danur: The Last Chapter (2026),1,komentar
user_303999e3297a,FILM::Danur: The Last Chapter (2026),1,komentar
user_31118518a3ed,FILM::Danur: The Last Chapter (2026),1,komentar
user_3190eb0ac16c,FILM::Danur: The Last Chapter (2026),1,komentar
user_3266290f9810,FILM::Danur: The Last Chapter (2026),1,komentar
user_3377d88f4c63,FILM::Danur: The Last Chapter (2026),1,komentar
user_347b1bc32004,FILM::Danur: The Last Chapter (2026),1,komentar
user_362befe3dfdd,FILM::Danur: The Last Chapter (2026),1,komentar
user_367c1704fc5d,FILM::Danur: The Last Chapter (2026),1,komentar
user_3780abd8fff1,FILM::Danur: The Last Chapter (2026),1,komentar
user_37c4d0dad688,FILM::Danur: The Last Chapter (2026),1,komentar
user_37f00aabecbf,FILM::Danur: The Last Chapter (2026),1,komentar
user_3a8ee3ccc7f1,FILM::Danur: The Last Chapter (2026),1,komentar
user_3b9ce24b0a82,FILM::Danur: The Last Chapter (2026),1,komentar
user_3c36c0faba88,FILM::Danur: The Last Chapter (2026),3,komentar
user_3cd0bb9cbfad,FILM::Danur: The Last Chapter (2026),1,komentar
user_3e174b8389b6,FILM::Danur: The Last Chapter (2026),1,komentar
user_3ff0a83bd389,FILM::Danur: The Last Chapter (2026),2,komentar
user_3ffbbce54345,FILM::Danur: The Last Chapter (2026),1,komentar
user_40af8a64e1d0,FILM::Danur: The Last Chapter (2026),1,komentar
user_40cbb2fdf827,FILM::Danur: The Last Chapter (2026),1,komentar
user_417c4ceec468,FILM::Danur: The Last Chapter (2026),1,komentar
user_423d4696e08a,FILM::Danur: The Last Chapter (2026),10,komentar
user_454528c90c92,FILM::Danur: The Last Chapter (2026),2,komentar
user_4549ce9d6bdc,FILM::Danur: The Last Chapter (2026),1,komentar
user_45536b3700b0,FILM::Danur: The Last Chapter (2026),1,komentar
user_455cf6702a81,FILM::Danur: The Last Chapter (2026),1,komentar
user_4704b6c19453,FILM::Danur: The Last Chapter (2026),1,komentar
user_47c15fcde058,FILM::Danur: The Last Chapter (2026),1,komentar
user_4912b422d7cf,FILM::Danur: The Last Chapter (2026),1,komentar
user_4b74a959ffb3,FILM::Danur: The Last Chapter (2026),3,komentar
user_4bf39aeb098f,FILM::Danur: The Last Chapter (2026),1,komentar
user_4cefd0493049,FILM::Danur: The Last Chapter (2026),1,komentar
user_4d22e5ecd2aa,FILM::Danur: The Last Chapter (2026),2,komentar
user_4dc5879f888d,FILM::Danur: The Last Chapter (2026),1,komentar
user_4fa40982a996,FILM::Danur: The Last Chapter (2026),2,komentar
user_50335e43e1a7,FILM::Danur: The Last Chapter (2026),1,komentar
user_5121985b98ec,FILM::Danur: The Last Chapter (2026),2,komentar
user_5195342308b8,FILM::Danur: The Last Chapter (2026),2,komentar
user_51bc9117c777,FILM::Danur: The Last Chapter (2026),1,komentar
user_54ca9446a5fd,FILM::Danur: The Last Chapter (2026),1,komentar
user_556b45e90462,FILM::Danur: The Last Chapter (2026),1,komentar
user_568c124d5500,FILM::Danur: The Last Chapter (2026),1,komentar
user_574c93bda09f,FILM::Danur: The Last Chapter (2026),1,komentar
user_5adae688efd0,FILM::Danur: The Last Chapter (2026),1,komentar
user_5db06db13f18,FILM::Danur: The Last Chapter (2026),1,komentar
user_5e01224fe73a,FILM::Danur: The Last Chapter (2026),1,komentar
user_5e95e035fe56,FILM::Danur: The Last Chapter (2026),1,komentar
user_5fcdc949b804,FILM::Danur: The Last Chapter (2026),1,komentar
user_6073beb89c11,FILM::Danur: The Last Chapter (2026),1,komentar
user_61248c6cbb09,FILM::Danur: The Last Chapter (2026),1,komentar
user_61919afbe549,FILM::Danur: The Last Chapter (2026),1,komentar
user_63e00d83ccfa,FILM::Danur: The Last Chapter (2026),1,komentar
user_65c1da5e6e5c,FILM::Danur: The Last Chapter (2026),1,komentar
user_6720e3ae7376,FILM::Danur: The Last Chapter (2026),1,komentar
user_6a1791020d98,FILM::Danur: The Last Chapter (2026),1,komentar
user_6b71f146154b,FILM::Danur: The Last Chapter (2026),1,komentar
user_6c17d9e4eb5a,FILM::Danur: The Last Chapter (2026),1,komentar
user_6c67ff55526c,FILM::Danur: The Last Chapter (2026),1,komentar
user_6c70f97464b7,FILM::Danur: The Last Chapter (2026),1,komentar
user_6e1e0b3ee3a7,FILM::Danur: The Last Chapter (2026),1,komentar
user_70f18f0b466a,FILM::Danur: The Last Chapter (2026),1,komentar
user_73e6d0e4679a,FILM::Danur: The Last Chapter (2026),1,komentar
user_77d8bf0cfe75,FILM::Danur: The Last Chapter (2026),1,komentar
user_77ee03a9c982,FILM::Danur: The Last Chapter (2026),1,komentar
user_78da91c6814a,FILM::Danur: The Last Chapter (2026),1,komentar
user_7986e3571231,FILM::Danur: The Last Chapter (2026),1,komentar
user_7989036a08c5,FILM::Danur: The Last Chapter (2026),1,komentar
user_7a16726d430d,FILM::Danur: The Last Chapter (2026),1,komentar
user_7afe0fb6736a,FILM::Danur: The Last Chapter (2026),1,komentar
user_7bf51705e812,FILM::Danur: The Last Chapter (2026),1,komentar
user_7c14586d1180,FILM::Danur: The Last Chapter (2026),1,komentar
user_7d4d2c05726c,FILM::Danur: The Last Chapter (2026),1,komentar
user_7eaea1aaa8d0,FILM::Danur: The Last Chapter (2026),1,komentar
user_7fbeee69e767,FILM::Danur: The Last Chapter (2026),1,komentar
user_8117e370a75e,FILM::Danur: The Last Chapter (2026),1,komentar
user_816f9ad8f51d,FILM::Danur: The Last Chapter (2026),1,komentar
user_82adb0723c6f,FILM::Danur: The Last Chapter (2026),1,komentar
user_831ed0dd2491,FILM::Danur: The Last Chapter (2026),1,komentar
user_8378287c6b9d,FILM::Danur: The Last Chapter (2026),1,komentar
user_838a3651c35b,FILM::Danur: The Last Chapter (2026),2,komentar
user_83c289e698fc,FILM::Danur: The Last Chapter (2026),1,komentar
user_841f61ce83f4,FILM::Danur: The Last Chapter (2026),2,komentar
user_84974d88ac2f,FILM::Danur: The Last Chapter (2026),1,komentar
user_85e294f89c3a,FILM::Danur: The Last Chapter (2026),2,komentar
user_86cfd2822e32,FILM::Danur: The Last Chapter (2026),1,komentar
user_87dee59f58be,FILM::Danur: The Last Chapter (2026),2,komentar
user_8a527fdc8d92,FILM::Danur: The Last Chapter (2026),1,komentar
user_8ae50e21a857,FILM::Danur: The Last Chapter (2026),1,komentar
user_8dc8836fc570,FILM::Danur: The Last Chapter (2026),1,komentar
user_8e2a798f8a8f,FILM::Danur: The Last Chapter (2026),1,komentar
user_8ef6c57454f8,FILM::Danur: The Last Chapter (2026),1,komentar
user_8ffbb99d5c06,FILM::Danur: The Last Chapter (2026),2,komentar
user_90893327e6e5,FILM::Danur: The Last Chapter (2026),1,komentar
user_92864be7792b,FILM::Danur: The Last Chapter (2026),1,komentar
user_943a7bcee52d,FILM::Danur: The Last Chapter (2026),2,komentar
user_97ff57de3116,FILM::Danur: The Last Chapter (2026),1,komentar
user_98e5a8dc8159,FILM::Danur: The Last Chapter (2026),1,komentar
user_9d1f2ef7c3c9,FILM::Danur: The Last Chapter (2026),1,komentar
user_9d3658e9d519,FILM::Danur: The Last Chapter (2026),1,komentar
user_9f22b778ee19,FILM::Danur: The Last Chapter (2026),4,komentar
user_9fce9b78502d,FILM::Danur: The Last Chapter (2026),1,komentar
user_a10e943adc12,FILM::Danur: The Last Chapter (2026),1,komentar
user_a131a0ddd105,FILM::Danur: The Last Chapter (2026),4,komentar
user_a200c3326ada,FILM::Danur: The Last Chapter (2026),1,komentar
user_a46890217e14,FILM::Danur: The Last Chapter (2026),1,komentar
user_a5ea1018967f,FILM::Danur: The Last Chapter (2026),2,komentar
user_a711869d1991,FILM::Danur: The Last Chapter (2026),1,komentar
user_a7aad154d73a,FILM::Danur: The Last Chapter (2026),1,komentar
user_a8f61dffb84b,FILM::Danur: The Last Chapter (2026),1,komentar
user_a91b47abf820,FILM::Danur: The Last Chapter (2026),1,komentar
user_ad1e36e4a30a,FILM::Danur: The Last Chapter (2026),2,komentar
user_adc1c9100075,FILM::Danur: The Last Chapter (2026),2,komentar
user_add366708719,FILM::Danur: The Last Chapter (2026),1,komentar
user_ade87bcd7c61,FILM::Danur: The Last Chapter (2026),1,komentar
user_ae0493a9fd53,FILM::Danur: The Last Chapter (2026),1,komentar
user_aef668999fce,FILM::Danur: The Last Chapter (2026),1,komentar
user_b0c3778a4db0,FILM::Danur: The Last Chapter (2026),1,komentar
user_b0eeb384bb5e,FILM::Danur: The Last Chapter (2026),1,komentar
user_b2a52245c3f3,FILM::Danur: The Last Chapter (2026),1,komentar
user_b3899ac23ea2,FILM::Danur: The Last Chapter (2026),1,komentar
user_b3ad6c506faf,FILM::Danur: The Last Chapter (2026),2,komentar
user_b9d359eb7bc7,FILM::Danur: The Last Chapter (2026),1,komentar
user_ba79c3df31c1,FILM::Danur: The Last Chapter (2026),1,komentar
user_bbebb8c5ca9b,FILM::Danur: The Last Chapter (2026),1,komentar
user_bda3fc152bb0,FILM::Danur: The Last Chapter (2026),1,komentar
user_beebd4624cce,FILM::Danur: The Last Chapter (2026),1,komentar
user_c17087e1d764,FILM::Danur: The Last Chapter (2026),1,komentar
user_c246595b2556,FILM::Danur: The Last Chapter (2026),2,komentar
user_c273aebfb23b,FILM::Danur: The Last Chapter (2026),1,komentar
user_c48c36f7cae8,FILM::Danur: The Last Chapter (2026),1,komentar
user_c524e7f10fc4,FILM::Danur: The Last Chapter (2026),1,komentar
user_c5c5b384148a,FILM::Danur: The Last Chapter (2026),1,komentar
user_c5cd775ac90a,FILM::Danur: The Last Chapter (2026),2,komentar
user_c65bbbbd256a,FILM::Danur: The Last Chapter (2026),1,komentar
user_c863868ab64b,FILM::Danur: The Last Chapter (2026),1,komentar
user_c90892bbc7c2,FILM::Danur: The Last Chapter (2026),1,komentar
user_c9e1f2687fbd,FILM::Danur: The Last Chapter (2026),2,komentar
user_c9ecb50d2376,FILM::Danur: The Last Chapter (2026),2,komentar
user_cc369d8fe9cd,FILM::Danur: The Last Chapter (2026),1,komentar
user_cc38263fec6d,FILM::Danur: The Last Chapter (2026),1,komentar
user_cc4a7d035d91,FILM::Danur: The Last Chapter (2026),1,komentar
user_cc6d629061cc,FILM::Danur: The Last Chapter (2026),1,komentar
user_cecb8972e35a,FILM::Danur: The Last Chapter (2026),1,komentar
user_d07f236c2809,FILM::Danur: The Last Chapter (2026),1,komentar
user_d0b2667ee7b8,FILM::Danur: The Last Chapter (2026),2,komentar
user_d121e9387633,FILM::Danur: The Last Chapter (2026),1,komentar
user_d600e0620ff2,FILM::Danur: The Last Chapter (2026),1,komentar
user_d67dda41bb95,FILM::Danur: The Last Chapter (2026),1,komentar
user_d6f07d69fe5f,FILM::Danur: The Last Chapter (2026),1,komentar
user_d96e3dd9145a,FILM::Danur: The Last Chapter (2026),1,komentar
user_da3f7f0f67b0,FILM::Danur: The Last Chapter (2026),1,komentar
user_dbca77829f50,FILM::Danur: The Last Chapter (2026),1,komentar
user_dcc5b0735fad,FILM::Danur: The Last Chapter (2026),8,komentar
user_de7ac7d95295,FILM::Danur: The Last Chapter (2026),2,komentar
user_e237dc9e61ef,FILM::Danur: The Last Chapter (2026),1,komentar
user_e332a5e637d3,FILM::Danur: The Last Chapter (2026),3,komentar
user_e6aa7e31b5a4,FILM::Danur: The Last Chapter (2026),1,komentar
user_e70e6dd8acca,FILM::Danur: The Last Chapter (2026),2,komentar
user_e8eedb497835,FILM::Danur: The Last Chapter (2026),4,komentar
user_e908ef36483d,FILM::Danur: The Last Chapter (2026),1,komentar
user_e9f9bd5911bf,FILM::Danur: The Last Chapter (2026),3,komentar
user_ea9ce567b1eb,FILM::Danur: The Last Chapter (2026),1,komentar
user_eaa15db4b11e,FILM::Danur: The Last Chapter (2026),2,komentar
user_eb0a9bf45f81,FILM::Danur: The Last Chapter (2026),2,komentar
user_eb1ed929c3b5,FILM::Danur: The Last Chapter (2026),1,komentar
user_eb941d9a99f1,FILM::Danur: The Last Chapter (2026),1,komentar
user_ec6b3ff24b86,FILM::Danur: The Last Chapter (2026),1,komentar
user_ec963a0e2d4b,FILM::Danur: The Last Chapter (2026),1,komentar
user_ed22c76db6a3,FILM::Danur: The Last Chapter (2026),2,komentar
user_ed23e1a41b1a,FILM::Danur: The Last Chapter (2026),1,komentar
user_ef3dae49d254,FILM::Danur: The Last Chapter (2026),1,komentar
user_f0e28bab1da3,FILM::Danur: The Last Chapter (2026),1,komentar
user_f229a3016b27,FILM::Danur: The Last Chapter (2026),1,komentar
user_f288fc97ee9e,FILM::Danur: The Last Chapter (2026),1,komentar
user_f2f8e69fe4bf,FILM::Danur: The Last Chapter (2026),1,komentar
user_f31acd542c0d,FILM::Danur: The Last Chapter (2026),1,komentar
user_f32e4b8b0d61,FILM::Danur: The Last Chapter (2026),1,komentar
user_f3664ee41af7,FILM::Danur: The Last Chapter (2026),2,komentar
user_f44a02a09ec9,FILM::Danur: The Last Chapter (2026),1,komentar
user_f832b44ffc59,FILM::Danur: The Last Chapter (2026),2,komentar
user_f85041a21752,FILM::Danur: The Last Chapter (2026),1,komentar
user_fd2d661421f4,FILM::Danur: The Last Chapter (2026),1,komentar
user_fdd3b03dca0c,FILM::Danur: The Last Chapter (2026),1,komentar
user_feac0e1fd19c,FILM::Danur: The Last Chapter (2026),1,komentar
user_fecb9aa6271a,FILM::Danur: The Last Chapter (2026),2,komentar
user_fede6b43440d,FILM::Danur: The Last Chapter (2026),4,komentar
user_fef4e0ada861,FILM::Danur: The Last Chapter (2026),1,komentar
user_006d64310e42,Badarawuhi di Desa Penari (2024),1,komentar
user_00fc6b6be036,FILM::Badarawuhi di Desa Penari (2024),1,komentar
user_01a765d45deb,FILM::Badarawuhi di Desa Penari (2024),1,komentar
user_01b58181fa58,FILM::Badarawuhi di Desa Penari (2024),1,komentar
user_01c1ef1b5467,FILM::Badarawuhi di Desa Penari (2024),1,komentar
user_02ba5c4db6c4,FILM::Badarawuhi di Desa Penari (2024),4,komentar
user_06036524fff4,FILM::Badarawuhi di Desa Penari (2024),1,komentar
user_06c043ae25f6,FILM::Badarawuhi di Desa Penari (2024),1,komentar
user_06ff951653d9,FILM::Badarawuhi di Desa Penari (2024),1,komentar
user_078cc34222fb,FILM::Badarawuhi di Desa Penari (2024),1,komentar
user_07905e922e29,FILM::Badarawuhi di Desa Penari (2024),1,komentar
user_080b91597c74,FILM::Badarawuhi di Desa Penari (2024),1,komentar
user_087e3dcba0d0,FILM::Badarawuhi di Desa Penari (2024),1,komentar
user_08b18eda536a,FILM::Badarawuhi di Desa Penari (2024),1,komentar
user_095a019686b4,FILM::Badarawuhi di Desa Penari (2024),1,komentar
user_0a1cc78783b0,FILM::Badarawuhi di Desa Penari (2024),1,komentar
user_0a2317698c8b,FILM::Badarawuhi di Desa Penari (2024),2,komentar
user_0a3c9bf102b2,FILM::Badarawuhi di Desa Penari (2024),1,komentar
user_0ac60088e483,FILM::Badarawuhi di Desa Penari (2024),1,komentar
user_0b04e38bd366,FILM::Badarawuhi di Desa Penari (2024),1,komentar
user_0c9ebd58d3ca,FILM::Badarawuhi di Desa Penari (2024),1,komentar
user_0cd28972d337,FILM::Badarawuhi di Desa Penari (2024),2,komentar
user_0d733bfabf1f,FILM::Badarawuhi di Desa Penari (2024),1,komentar
user_0e52c25fe2aa,FILM::Badarawuhi di Desa Penari (2024),1,komentar
user_0e8dd118d05b,FILM::Badarawuhi di Desa Penari (2024),1,komentar
user_0f293f1232bf,FILM::Badarawuhi di Desa Penari (2024),1,komentar
user_10b9d44504aa,FILM::Badarawuhi di Desa Penari (2024),1,komentar
user_115861027271,FILM::Badarawuhi di Desa Penari (2024),1,komentar
user_11cda136142a,FILM::Badarawuhi di Desa Penari (2024),1,komentar
user_126c197c000c,FILM::Badarawuhi di Desa Penari (2024),1,komentar
user_12fbf0fcb9d8,FILM::Badarawuhi di Desa Penari (2024),1,komentar
user_12fd3b6b6297,FILM::Badarawuhi di Desa Penari (2024),2,komentar
user_131afa7654eb,FILM::Badarawuhi di Desa Penari (2024),1,komentar
user_133986eb3144,FILM::Badarawuhi di Desa Penari (2024),1,komentar
user_134696021c47,FILM::Badarawuhi di Desa Penari (2024),1,komentar
user_14f49a44ace7,FILM::Badarawuhi di Desa Penari (2024),1,komentar
user_156cb1e1ab4e,FILM::Badarawuhi di Desa Penari (2024),1,komentar
user_15df925c374f,FILM::Badarawuhi di Desa Penari (2024),2,komentar
user_16f973be1174,FILM::Badarawuhi di Desa Penari (2024),1,komentar
user_171be1f4fab7,FILM::Badarawuhi di Desa Penari (2024),1,komentar
user_18be7c01f16b,FILM::Badarawuhi di Desa Penari (2024),1,komentar
user_1a891d5dee30,FILM::Badarawuhi di Desa Penari (2024),2,komentar
user_1abadb63c0ed,FILM::Badarawuhi di Desa Penari (2024),1,komentar
user_1b01f134e06b,FILM::Badarawuhi di Desa Penari (2024),1,komentar
user_1b7e1c9cf50f,FILM::Badarawuhi di Desa Penari (2024),1,komentar
user_1c4481fb57fa,FILM::Badarawuhi di Desa Penari (2024),1,komentar
user_1cc04d0a83e2,FILM::Badarawuhi di Desa Penari (2024),1,komentar
user_1d21bf05e677,FILM::Badarawuhi di Desa Penari (2024),1,komentar
user_1e377dcc99d5,FILM::Badarawuhi di Desa Penari (2024),1,komentar
user_1f635f254d50,FILM::Badarawuhi di Desa Penari (2024),1,komentar
user_2050898092b4,FILM::Badarawuhi di Desa Penari (2024),1,komentar
user_2050b4f4b734,FILM::Badarawuhi di Desa Penari (2024),1,komentar
user_2061bbc8c848,FILM::Badarawuhi di Desa Penari (2024),1,komentar
user_216449b9a3df,FILM::Badarawuhi di Desa Penari (2024),1,komentar
user_216835151ece,FILM::Badarawuhi di Desa Penari (2024),2,komentar
user_225ddb6cca52,FILM::Badarawuhi di Desa Penari (2024),1,komentar
user_23ae199d2faa,FILM::Badarawuhi di Desa Penari (2024),3,komentar
user_2563c18c1d36,FILM::Badarawuhi di Desa Penari (2024),1,komentar
user_257f3f276bc6,FILM::Badarawuhi di Desa Penari (2024),1,komentar
user_277c80342ce9,FILM::Badarawuhi di Desa Penari (2024),1,komentar
user_29addd2d1a4a,FILM::Badarawuhi di Desa Penari (2024),1,komentar
user_2a1b5352b87a,FILM::Badarawuhi di Desa Penari (2024),1,komentar
user_2a4d0b13dee6,FILM::Badarawuhi di Desa Penari (2024),1,komentar
user_2bffd460c38d,FILM::Badarawuhi di Desa Penari (2024),6,komentar
user_2c2476de202b,FILM::Badarawuhi di Desa Penari (2024),1,komentar
user_2cd75fa08281,FILM::Badarawuhi di Desa Penari (2024),1,komentar
user_2e108796f761,FILM::Badarawuhi di Desa Penari (2024),1,komentar
user_2f95a83aeb20,FILM::Badarawuhi di Desa Penari (2024),1,komentar
user_2f98e47305bb,FILM::Badarawuhi di Desa Penari (2024),1,komentar
user_3052ed772e25,FILM::Badarawuhi di Desa Penari (2024),1,komentar
user_30d721b3184f,FILM::Badarawuhi di Desa Penari (2024),1,komentar
user_311a0a84cbe1,FILM::Badarawuhi di Desa Penari (2024),1,komentar
user_31605f28ea40,FILM::Badarawuhi di Desa Penari (2024),1,komentar
user_3377d88f4c63,FILM::Badarawuhi di Desa Penari (2024),1,komentar
user_3398123f7309,FILM::Badarawuhi di Desa Penari (2024),1,komentar
user_33ef7e874c81,FILM::Badarawuhi di Desa Penari (2024),1,komentar
user_342e3e97f508,FILM::Badarawuhi di Desa Penari (2024),1,komentar
user_35123c227a53,FILM::Badarawuhi di Desa Penari (2024),1,komentar
user_35435955b29d,FILM::Badarawuhi di Desa Penari (2024),4,komentar
user_35787c6db11f,FILM::Badarawuhi di Desa Penari (2024),1,komentar
user_3636d9711c6e,FILM::Badarawuhi di Desa Penari (2024),1,komentar
user_3800723335dd,FILM::Badarawuhi di Desa Penari (2024),1,komentar
user_38b62b452848,FILM::Badarawuhi di Desa Penari (2024),2,komentar
user_395685e38941,FILM::Badarawuhi di Desa Penari (2024),1,komentar
user_39d902ab8397,FILM::Badarawuhi di Desa Penari (2024),1,komentar
user_3a9a11bf7874,FILM::Badarawuhi di Desa Penari (2024),11,komentar
user_3b030edfb39b,FILM::Badarawuhi di Desa Penari (2024),1,komentar
user_3cc90403c8f9,FILM::Badarawuhi di Desa Penari (2024),1,komentar
user_3d5c113235e0,FILM::Badarawuhi di Desa Penari (2024),1,komentar
user_3d69d9d4b80c,FILM::Badarawuhi di Desa Penari (2024),1,komentar
user_3da620aed1a4,FILM::Badarawuhi di Desa Penari (2024),1,komentar
user_3e028b5e1c72,FILM::Badarawuhi di Desa Penari (2024),1,komentar
user_3e32b8cf946f,FILM::Badarawuhi di Desa Penari (2024),1,komentar
user_3ff3cbfff6d9,FILM::Badarawuhi di Desa Penari (2024),1,komentar
user_4041c018fe1a,FILM::Badarawuhi di Desa Penari (2024),1,komentar
user_40af8a64e1d0,FILM::Badarawuhi di Desa Penari (2024),1,komentar
user_40f1ad7fb0c3,FILM::Badarawuhi di Desa Penari (2024),1,komentar
user_4126cea4f8d8,FILM::Badarawuhi di Desa Penari (2024),1,komentar
user_412fd76a984b,FILM::Badarawuhi di Desa Penari (2024),3,komentar
user_423d4696e08a,FILM::Badarawuhi di Desa Penari (2024),1,komentar
user_428fc4134508,FILM::Badarawuhi di Desa Penari (2024),1,komentar
user_432d2144c2ab,FILM::Badarawuhi di Desa Penari (2024),1,komentar
user_439d0a29c92e,FILM::Badarawuhi di Desa Penari (2024),1,komentar
user_43ec85d7a181,FILM::Badarawuhi di Desa Penari (2024),2,komentar
user_441f1c36dab9,FILM::Badarawuhi di Desa Penari (2024),1,komentar
user_442eaafc97af,FILM::Badarawuhi di Desa Penari (2024),1,komentar
user_4496620b979f,FILM::Badarawuhi di Desa Penari (2024),1,komentar
user_4511f354808b,FILM::Badarawuhi di Desa Penari (2024),1,komentar
user_460dfbaddb92,FILM::Badarawuhi di Desa Penari (2024),1,komentar
user_46e8a83f9a4e,FILM::Badarawuhi di Desa Penari (2024),1,komentar
user_481ad13f8cfd,FILM::Badarawuhi di Desa Penari (2024),1,komentar
user_4885a262d067,FILM::Badarawuhi di Desa Penari (2024),1,komentar
user_48a8bdd8852b,FILM::Badarawuhi di Desa Penari (2024),1,komentar
user_48c435fb328e,FILM::Badarawuhi di Desa Penari (2024),1,komentar
user_499360e86f9c,FILM::Badarawuhi di Desa Penari (2024),1,komentar
user_499a5dcc9951,FILM::Badarawuhi di Desa Penari (2024),1,komentar
user_4aafb4739550,FILM::Badarawuhi di Desa Penari (2024),1,komentar
user_4b3ebd664efb,FILM::Badarawuhi di Desa Penari (2024),1,komentar
user_4c72f3edf3fa,FILM::Badarawuhi di Desa Penari (2024),1,komentar
user_4c818cce350e,FILM::Badarawuhi di Desa Penari (2024),4,komentar
user_4caf62585f5c,FILM::Badarawuhi di Desa Penari (2024),1,komentar
user_4d32222e1e6e,FILM::Badarawuhi di Desa Penari (2024),1,komentar
user_4d74cc8d62ea,FILM::Badarawuhi di Desa Penari (2024),1,komentar
user_4deec5ffdae7,FILM::Badarawuhi di Desa Penari (2024),11,komentar
user_4e18f4df4b70,FILM::Badarawuhi di Desa Penari (2024),1,komentar
user_4e1a0e4b0c8e,FILM::Badarawuhi di Desa Penari (2024),1,komentar
user_4e35d95735f8,FILM::Badarawuhi di Desa Penari (2024),1,komentar
user_4ea7a3f16166,FILM::Badarawuhi di Desa Penari (2024),1,komentar
user_502245f06557,FILM::Badarawuhi di Desa Penari (2024),1,komentar
user_504554830bea,FILM::Badarawuhi di Desa Penari (2024),1,komentar
user_50709bfac9c5,FILM::Badarawuhi di Desa Penari (2024),1,komentar
user_5122f9b6e923,FILM::Badarawuhi di Desa Penari (2024),1,komentar
user_52b729ab3d72,FILM::Badarawuhi di Desa Penari (2024),1,komentar
user_52cf2e372a31,FILM::Badarawuhi di Desa Penari (2024),1,komentar
user_52d1c68b86ad,FILM::Badarawuhi di Desa Penari (2024),1,komentar
user_53113f58b481,FILM::Badarawuhi di Desa Penari (2024),1,komentar
user_537a055e5da7,FILM::Badarawuhi di Desa Penari (2024),1,komentar
user_53d4592dc575,FILM::Badarawuhi di Desa Penari (2024),1,komentar
user_541d955b5b3e,FILM::Badarawuhi di Desa Penari (2024),1,komentar
user_5427b4f63e84,FILM::Badarawuhi di Desa Penari (2024),1,komentar
user_549b863f4a23,FILM::Badarawuhi di Desa Penari (2024),1,komentar
user_56c78a601020,FILM::Badarawuhi di Desa Penari (2024),1,komentar
user_5717a966e8c9,FILM::Badarawuhi di Desa Penari (2024),1,komentar
user_576f79c13a52,FILM::Badarawuhi di Desa Penari (2024),1,komentar
user_58263dd36ca8,FILM::Badarawuhi di Desa Penari (2024),1,komentar
user_596e7b51ec2b,FILM::Badarawuhi di Desa Penari (2024),1,komentar
user_59bef02e5701,FILM::Badarawuhi di Desa Penari (2024),1,komentar
user_5b3c92992f8a,FILM::Badarawuhi di Desa Penari (2024),1,komentar
user_5bf79e4a1363,FILM::Badarawuhi di Desa Penari (2024),1,komentar
user_5c0ad4631ed4,FILM::Badarawuhi di Desa Penari (2024),1,komentar
user_5c3f69867391,FILM::Badarawuhi di Desa Penari (2024),1,komentar
user_5ce3b0d6106d,FILM::Badarawuhi di Desa Penari (2024),2,komentar
user_5d04c0652cc9,FILM::Badarawuhi di Desa Penari (2024),1,komentar
user_5d3d8b249c30,FILM::Badarawuhi di Desa Penari (2024),1,komentar
user_5f9ca6b9e258,FILM::Badarawuhi di Desa Penari (2024),1,komentar
user_5ff92d1e6ab8,FILM::Badarawuhi di Desa Penari (2024),1,komentar
user_60d2561d43a1,FILM::Badarawuhi di Desa Penari (2024),1,komentar
user_60e5dc8139bf,FILM::Badarawuhi di Desa Penari (2024),1,komentar
user_61dc874add73,FILM::Badarawuhi di Desa Penari (2024),1,komentar
user_61df9c7751f9,FILM::Badarawuhi di Desa Penari (2024),1,komentar
user_6238f17a9b5f,FILM::Badarawuhi di Desa Penari (2024),1,komentar
user_6319ed0a57ba,FILM::Badarawuhi di Desa Penari (2024),1,komentar
user_633a34518dd3,FILM::Badarawuhi di Desa Penari (2024),1,komentar
user_638e711768df,FILM::Badarawuhi di Desa Penari (2024),6,komentar
user_63d77cfa1c88,FILM::Badarawuhi di Desa Penari (2024),1,komentar
user_63e38c7defe1,FILM::Badarawuhi di Desa Penari (2024),2,komentar
user_6512cdae8c64,FILM::Badarawuhi di Desa Penari (2024),1,komentar
user_6598feeaa664,FILM::Badarawuhi di Desa Penari (2024),1,komentar
user_65ca4f45b846,FILM::Badarawuhi di Desa Penari (2024),1,komentar
user_66c6aa1908e3,FILM::Badarawuhi di Desa Penari (2024),1,komentar
user_6769e899a434,FILM::Badarawuhi di Desa Penari (2024),1,komentar
user_683d26e200c7,FILM::Badarawuhi di Desa Penari (2024),1,komentar
user_68aa46bc4633,FILM::Badarawuhi di Desa Penari (2024),1,komentar
user_68f4595f1a4d,FILM::Badarawuhi di Desa Penari (2024),1,komentar
user_693cfe4eb629,FILM::Badarawuhi di Desa Penari (2024),2,komentar
user_695a228fd74d,FILM::Badarawuhi di Desa Penari (2024),1,komentar
user_69fb83575953,FILM::Badarawuhi di Desa Penari (2024),1,komentar
user_6a120ae44eab,FILM::Badarawuhi di Desa Penari (2024),1,komentar
user_6ab93fb79ee3,FILM::Badarawuhi di Desa Penari (2024),2,komentar
user_6bd13cd44ddd,FILM::Badarawuhi di Desa Penari (2024),1,komentar
user_6c09e2322fd1,FILM::Badarawuhi di Desa Penari (2024),1,komentar
user_6c2c7846c607,FILM::Badarawuhi di Desa Penari (2024),3,komentar
user_6d136903b18b,FILM::Badarawuhi di Desa Penari (2024),1,komentar
user_6e3d1c6e1bda,FILM::Badarawuhi di Desa Penari (2024),1,komentar
user_6e9613878e69,FILM::Badarawuhi di Desa Penari (2024),1,komentar
user_6ec1528671bb,FILM::Badarawuhi di Desa Penari (2024),12,komentar
user_6ff40d9a568d,FILM::Badarawuhi di Desa Penari (2024),1,komentar
user_702bf89a5675,FILM::Badarawuhi di Desa Penari (2024),1,komentar
user_7031ff2c6569,FILM::Badarawuhi di Desa Penari (2024),1,komentar
user_705dc1197212,FILM::Badarawuhi di Desa Penari (2024),1,komentar
user_70a820ce4c36,FILM::Badarawuhi di Desa Penari (2024),1,komentar
user_7173b474db8b,FILM::Badarawuhi di Desa Penari (2024),1,komentar
user_71b4dd26a81c,FILM::Badarawuhi di Desa Penari (2024),1,komentar
user_72bc5092308e,FILM::Badarawuhi di Desa Penari (2024),1,komentar
user_735c88958c42,FILM::Badarawuhi di Desa Penari (2024),1,komentar
user_73ab99ce6ace,FILM::Badarawuhi di Desa Penari (2024),1,komentar
user_743651b0cb3e,FILM::Badarawuhi di Desa Penari (2024),1,komentar
user_753085dd57ba,FILM::Badarawuhi di Desa Penari (2024),1,komentar
user_7675e1535dfa,FILM::Badarawuhi di Desa Penari (2024),1,komentar
user_782b23ad8aaf,FILM::Badarawuhi di Desa Penari (2024),1,komentar
user_783d1b2d2a76,FILM::Badarawuhi di Desa Penari (2024),1,komentar
user_78bc7ba0d6a5,FILM::Badarawuhi di Desa Penari (2024),1,komentar
user_78d44be333a1,FILM::Badarawuhi di Desa Penari (2024),1,komentar
user_790ddef6d6f1,FILM::Badarawuhi di Desa Penari (2024),1,komentar
user_799e5d52a634,FILM::Badarawuhi di Desa Penari (2024),1,komentar
user_79a99eb2b0cb,FILM::Badarawuhi di Desa Penari (2024),1,komentar
user_7a59a1044eaa,FILM::Badarawuhi di Desa Penari (2024),1,komentar
user_7afedb214a19,FILM::Badarawuhi di Desa Penari (2024),1,komentar
user_7bddfd724ed3,FILM::Badarawuhi di Desa Penari (2024),1,komentar
user_7c97122285b8,FILM::Badarawuhi di Desa Penari (2024),1,komentar
user_7d0a69a98e4c,FILM::Badarawuhi di Desa Penari (2024),1,komentar
user_7dd3a75fda27,FILM::Badarawuhi di Desa Penari (2024),1,komentar
user_7f385b2b1d0c,FILM::Badarawuhi di Desa Penari (2024),1,komentar
user_802624d3eff5,FILM::Badarawuhi di Desa Penari (2024),1,komentar
user_80ad55e049a0,FILM::Badarawuhi di Desa Penari (2024),1,komentar
user_80bd0be4b4d4,FILM::Badarawuhi di Desa Penari (2024),1,komentar
user_81870c1f8453,FILM::Badarawuhi di Desa Penari (2024),1,komentar
user_82402467ccb9,FILM::Badarawuhi di Desa Penari (2024),1,komentar
user_8379b0df1aa1,FILM::Badarawuhi di Desa Penari (2024),1,komentar
user_8421afeb2871,FILM::Badarawuhi di Desa Penari (2024),1,komentar
user_845f2a24b9a4,FILM::Badarawuhi di Desa Penari (2024),1,komentar
user_847be30e6ad0,FILM::Badarawuhi di Desa Penari (2024),1,komentar
user_848da8b3ac27,FILM::Badarawuhi di Desa Penari (2024),2,komentar
user_851c791cefb2,FILM::Badarawuhi di Desa Penari (2024),1,komentar
user_852ac19b77e3,FILM::Badarawuhi di Desa Penari (2024),1,komentar
user_863535654e5a,FILM::Badarawuhi di Desa Penari (2024),1,komentar
user_869c927991be,FILM::Badarawuhi di Desa Penari (2024),1,komentar
user_86b60104c8e0,FILM::Badarawuhi di Desa Penari (2024),1,komentar
user_86cc0e575775,FILM::Badarawuhi di Desa Penari (2024),1,komentar
user_871a7353db19,FILM::Badarawuhi di Desa Penari (2024),1,komentar
user_8797da89be73,FILM::Badarawuhi di Desa Penari (2024),1,komentar
user_886a0615434a,FILM::Badarawuhi di Desa Penari (2024),1,komentar
user_89687f1190e3,FILM::Badarawuhi di Desa Penari (2024),1,komentar
user_89b78a121697,FILM::Badarawuhi di Desa Penari (2024),1,komentar
user_8b0b84ea35e4,FILM::Badarawuhi di Desa Penari (2024),1,komentar
user_8b40176cd1dd,FILM::Badarawuhi di Desa Penari (2024),1,komentar
user_8b9fce5524b0,FILM::Badarawuhi di Desa Penari (2024),2,komentar
user_8bcdc62a2b4c,FILM::Badarawuhi di Desa Penari (2024),1,komentar
user_8bd3240bea11,FILM::Badarawuhi di Desa Penari (2024),1,komentar
user_8c94881bcdd8,FILM::Badarawuhi di Desa Penari (2024),2,komentar
user_8caa167f5476,FILM::Badarawuhi di Desa Penari (2024),1,komentar
user_8d0faab4c70a,FILM::Badarawuhi di Desa Penari (2024),1,komentar
user_8de23d2f2774,FILM::Badarawuhi di Desa Penari (2024),1,komentar
user_8dfa5e1ada8e,FILM::Badarawuhi di Desa Penari (2024),1,komentar
user_8ef86ee77b6e,FILM::Badarawuhi di Desa Penari (2024),1,komentar
user_928efce0f172,FILM::Badarawuhi di Desa Penari (2024),1,komentar
user_92a7ea7cf6f2,FILM::Badarawuhi di Desa Penari (2024),1,komentar
user_952d892bcb35,FILM::Badarawuhi di Desa Penari (2024),1,komentar
user_958294223bb8,FILM::Badarawuhi di Desa Penari (2024),1,komentar
user_96cd028444a5,FILM::Badarawuhi di Desa Penari (2024),1,komentar
user_971098e0ed4e,FILM::Badarawuhi di Desa Penari (2024),1,komentar
user_9717e2268932,FILM::Badarawuhi di Desa Penari (2024),1,komentar
user_979dffba3f5e,FILM::Badarawuhi di Desa Penari (2024),1,komentar
user_98804d647b13,FILM::Badarawuhi di Desa Penari (2024),1,komentar
user_98bdad537fbf,FILM::Badarawuhi di Desa Penari (2024),1,komentar
user_98cab4f1c803,FILM::Badarawuhi di Desa Penari (2024),1,komentar
user_996f77881040,FILM::Badarawuhi di Desa Penari (2024),1,komentar
user_9b08bcd08e45,FILM::Badarawuhi di Desa Penari (2024),1,komentar
user_9b18bfbf5a18,FILM::Badarawuhi di Desa Penari (2024),1,komentar
user_9bebb1e247aa,FILM::Badarawuhi di Desa Penari (2024),1,komentar
user_9c4254d21403,FILM::Badarawuhi di Desa Penari (2024),1,komentar
user_9d2cb1cee88c,FILM::Badarawuhi di Desa Penari (2024),1,komentar
user_9f89a082d13e,FILM::Badarawuhi di Desa Penari (2024),1,komentar
user_a15433a1cf6a,FILM::Badarawuhi di Desa Penari (2024),1,komentar
user_a205c8384933,FILM::Badarawuhi di Desa Penari (2024),1,komentar
user_a208311228ec,FILM::Badarawuhi di Desa Penari (2024),1,komentar
user_a3560ca1f5e9,FILM::Badarawuhi di Desa Penari (2024),1,komentar
user_a3849a9250d1,FILM::Badarawuhi di Desa Penari (2024),1,komentar
user_a5c2ce5ae67d,FILM::Badarawuhi di Desa Penari (2024),1,komentar
user_a68bf8801427,FILM::Badarawuhi di Desa Penari (2024),1,komentar
user_a8c5caccefce,FILM::Badarawuhi di Desa Penari (2024),1,komentar
user_aa92d4b44fc0,FILM::Badarawuhi di Desa Penari (2024),1,komentar
user_ab21ed1cd945,FILM::Badarawuhi di Desa Penari (2024),1,komentar
user_ab99b7cb7566,FILM::Badarawuhi di Desa Penari (2024),1,komentar
user_ac139290a38c,FILM::Badarawuhi di Desa Penari (2024),2,komentar
user_ad8c85f6d0c5,FILM::Badarawuhi di Desa Penari (2024),1,komentar
user_ae93cf95c4a3,FILM::Badarawuhi di Desa Penari (2024),1,komentar
user_b1fc19ccada8,FILM::Badarawuhi di Desa Penari (2024),1,komentar
user_b22014b822e3,FILM::Badarawuhi di Desa Penari (2024),1,komentar
user_b22b060bd9b6,FILM::Badarawuhi di Desa Penari (2024),1,komentar
user_b28c7bd49612,FILM::Badarawuhi di Desa Penari (2024),1,komentar
user_b3056164ba41,FILM::Badarawuhi di Desa Penari (2024),1,komentar
user_b37180b2e5b5,FILM::Badarawuhi di Desa Penari (2024),1,komentar
user_b3e5c5cd87a5,FILM::Badarawuhi di Desa Penari (2024),1,komentar
user_b3fa25be9f97,FILM::Badarawuhi di Desa Penari (2024),1,komentar
user_b4a969a981ba,FILM::Badarawuhi di Desa Penari (2024),1,komentar
user_b5fc2bec3683,FILM::Badarawuhi di Desa Penari (2024),1,komentar
user_b6c8b155f0a2,FILM::Badarawuhi di Desa Penari (2024),1,komentar
user_b89a11c6f428,FILM::Badarawuhi di Desa Penari (2024),1,komentar
user_b8b5fbe922d9,FILM::Badarawuhi di Desa Penari (2024),1,komentar
user_ba79c3df31c1,FILM::Badarawuhi di Desa Penari (2024),2,komentar
user_baa936ee2786,FILM::Badarawuhi di Desa Penari (2024),1,komentar
user_bac5438d62d2,FILM::Badarawuhi di Desa Penari (2024),1,komentar
user_bb089283da48,FILM::Badarawuhi di Desa Penari (2024),1,komentar
user_bb9483fdda10,FILM::Badarawuhi di Desa Penari (2024),1,komentar
user_bba5bcd89a59,FILM::Badarawuhi di Desa Penari (2024),1,komentar
user_bc6ba75ab9b9,FILM::Badarawuhi di Desa Penari (2024),1,komentar
user_bce2acfce434,FILM::Badarawuhi di Desa Penari (2024),1,komentar
user_bd44057112bf,FILM::Badarawuhi di Desa Penari (2024),1,komentar
user_be474694224c,FILM::Badarawuhi di Desa Penari (2024),1,komentar
user_bee97ced5136,FILM::Badarawuhi di Desa Penari (2024),1,komentar
user_bf6076da2317,FILM::Badarawuhi di Desa Penari (2024),1,komentar
user_c06c7c60f175,FILM::Badarawuhi di Desa Penari (2024),1,komentar
user_c0b19c83abc6,FILM::Badarawuhi di Desa Penari (2024),1,komentar
user_c166f945453a,FILM::Badarawuhi di Desa Penari (2024),2,komentar
user_c20399e37726,FILM::Badarawuhi di Desa Penari (2024),1,komentar
user_c2768c2c9448,FILM::Badarawuhi di Desa Penari (2024),1,komentar
user_c2a90adc8fcb,FILM::Badarawuhi di Desa Penari (2024),1,komentar
user_c34c85bc484b,FILM::Badarawuhi di Desa Penari (2024),1,komentar
user_c3d3100d682c,FILM::Badarawuhi di Desa Penari (2024),1,komentar
user_c3dafdc20df5,FILM::Badarawuhi di Desa Penari (2024),1,komentar
user_c3edf398b6d1,FILM::Badarawuhi di Desa Penari (2024),2,komentar
user_c47701e6373c,FILM::Badarawuhi di Desa Penari (2024),1,komentar
user_c4801118c757,FILM::Badarawuhi di Desa Penari (2024),1,komentar
user_c4ec6b7673ba,FILM::Badarawuhi di Desa Penari (2024),1,komentar
user_c56155349a0d,FILM::Badarawuhi di Desa Penari (2024),1,komentar
user_c57a2aaaa0c4,FILM::Badarawuhi di Desa Penari (2024),1,komentar
user_c7020bbb9b4d,FILM::Badarawuhi di Desa Penari (2024),1,komentar
user_c730ed19d04f,FILM::Badarawuhi di Desa Penari (2024),1,komentar
user_c79ea1f996e2,FILM::Badarawuhi di Desa Penari (2024),1,komentar
user_c7e8281ccace,FILM::Badarawuhi di Desa Penari (2024),1,komentar
user_c93a6049d175,FILM::Badarawuhi di Desa Penari (2024),1,komentar
user_c9f0d204e740,FILM::Badarawuhi di Desa Penari (2024),1,komentar
user_ca4cd6fa9ad9,FILM::Badarawuhi di Desa Penari (2024),1,komentar
user_cb1f1cc20855,FILM::Badarawuhi di Desa Penari (2024),1,komentar
user_cb2d969b50ce,FILM::Badarawuhi di Desa Penari (2024),1,komentar
user_ccc0defa5f6f,FILM::Badarawuhi di Desa Penari (2024),1,komentar
user_cd55316217d2,FILM::Badarawuhi di Desa Penari (2024),1,komentar
user_cdd3b9fe8241,FILM::Badarawuhi di Desa Penari (2024),1,komentar
user_cde0da5e0f13,FILM::Badarawuhi di Desa Penari (2024),1,komentar
user_ce284f29170f,FILM::Badarawuhi di Desa Penari (2024),2,komentar
user_ce61f8f8e147,FILM::Badarawuhi di Desa Penari (2024),1,komentar
user_cf8aae2dbcd0,FILM::Badarawuhi di Desa Penari (2024),1,komentar
user_cf96cbbdadfa,FILM::Badarawuhi di Desa Penari (2024),1,komentar
user_d1c79eca82e8,FILM::Badarawuhi di Desa Penari (2024),1,komentar
user_d1fafba2d959,FILM::Badarawuhi di Desa Penari (2024),1,komentar
user_d303b969ceb8,FILM::Badarawuhi di Desa Penari (2024),1,komentar
user_d40f1ae55131,FILM::Badarawuhi di Desa Penari (2024),1,komentar
user_d484ae81cbd5,FILM::Badarawuhi di Desa Penari (2024),1,komentar
user_d4f74526a30a,FILM::Badarawuhi di Desa Penari (2024),1,komentar
user_d5e1e4b91534,FILM::Badarawuhi di Desa Penari (2024),1,komentar
user_d6cf1b932c6d,FILM::Badarawuhi di Desa Penari (2024),1,komentar
user_d7280dca5bd2,FILM::Badarawuhi di Desa Penari (2024),1,komentar
user_d74bb3c16bae,FILM::Badarawuhi di Desa Penari (2024),1,komentar
user_d773759a02b4,FILM::Badarawuhi di Desa Penari (2024),1,komentar
user_d7821e397b52,FILM::Badarawuhi di Desa Penari (2024),1,komentar
user_d78d5263c63d,FILM::Badarawuhi di Desa Penari (2024),1,komentar
user_d7fc8e716b56,FILM::Badarawuhi di Desa Penari (2024),1,komentar
user_d80cb7883a43,FILM::Badarawuhi di Desa Penari (2024),1,komentar
user_d88173c5328b,FILM::Badarawuhi di Desa Penari (2024),1,komentar
user_d8cd804797f5,FILM::Badarawuhi di Desa Penari (2024),1,komentar
user_da0ea2edd357,FILM::Badarawuhi di Desa Penari (2024),1,komentar
user_da3aa484799a,FILM::Badarawuhi di Desa Penari (2024),1,komentar
user_da5429066aa8,FILM::Badarawuhi di Desa Penari (2024),1,komentar
user_da5c28c01d8e,FILM::Badarawuhi di Desa Penari (2024),1,komentar
user_da8af77273a4,FILM::Badarawuhi di Desa Penari (2024),1,komentar
user_dc0726529164,FILM::Badarawuhi di Desa Penari (2024),1,komentar
user_dc1382ba5de9,FILM::Badarawuhi di Desa Penari (2024),2,komentar
user_dd04d8659ef5,FILM::Badarawuhi di Desa Penari (2024),1,komentar
user_de40fbfb0efc,FILM::Badarawuhi di Desa Penari (2024),1,komentar
user_de745c544c98,FILM::Badarawuhi di Desa Penari (2024),1,komentar
user_e06bf01fbce7,FILM::Badarawuhi di Desa Penari (2024),2,komentar
user_e0a1cea4009d,FILM::Badarawuhi di Desa Penari (2024),1,komentar
user_e1a23f3f29ee,FILM::Badarawuhi di Desa Penari (2024),1,komentar
user_e1b5a200ee79,FILM::Badarawuhi di Desa Penari (2024),1,komentar
user_e1c23a40046c,FILM::Badarawuhi di Desa Penari (2024),1,komentar
user_e200d9880039,FILM::Badarawuhi di Desa Penari (2024),1,komentar
user_e2245374e527,FILM::Badarawuhi di Desa Penari (2024),3,komentar
user_e28319a77fc1,FILM::Badarawuhi di Desa Penari (2024),1,komentar
user_e38463dae0a3,FILM::Badarawuhi di Desa Penari (2024),1,komentar
user_e3c33ae18f6e,FILM::Badarawuhi di Desa Penari (2024),1,komentar
user_e3da98e9be47,FILM::Badarawuhi di Desa Penari (2024),1,komentar
user_e420c19f986f,FILM::Badarawuhi di Desa Penari (2024),1,komentar
user_e488d5b08ce4,FILM::Badarawuhi di Desa Penari (2024),1,komentar
user_e51b13b29052,FILM::Badarawuhi di Desa Penari (2024),1,komentar
user_e5838e2a2b8a,FILM::Badarawuhi di Desa Penari (2024),1,komentar
user_e64dce0ee03e,FILM::Badarawuhi di Desa Penari (2024),1,komentar
user_e689c56d5cf9,FILM::Badarawuhi di Desa Penari (2024),1,komentar
user_e7c4967d6b11,FILM::Badarawuhi di Desa Penari (2024),1,komentar
user_e8daf5dbabcc,FILM::Badarawuhi di Desa Penari (2024),1,komentar
user_e8e51d6cb5e7,FILM::Badarawuhi di Desa Penari (2024),1,komentar
user_e8ec0e911148,FILM::Badarawuhi di Desa Penari (2024),1,komentar
user_eaa6357dc489,FILM::Badarawuhi di Desa Penari (2024),1,komentar
user_eaab6e02cb48,FILM::Badarawuhi di Desa Penari (2024),1,komentar
user_eb9918db85af,FILM::Badarawuhi di Desa Penari (2024),1,komentar
user_ec42b4acf019,FILM::Badarawuhi di Desa Penari (2024),1,komentar
user_ec5c6acf24f4,FILM::Badarawuhi di Desa Penari (2024),1,komentar
user_ec811bbdbd5a,FILM::Badarawuhi di Desa Penari (2024),1,komentar
user_ec9db438679d,FILM::Badarawuhi di Desa Penari (2024),1,komentar
user_ede340de5efb,FILM::Badarawuhi di Desa Penari (2024),1,komentar
user_ee965f8ebfdc,FILM::Badarawuhi di Desa Penari (2024),2,komentar
user_efe908ac3722,FILM::Badarawuhi di Desa Penari (2024),1,komentar
user_f0de0703dba7,FILM::Badarawuhi di Desa Penari (2024),1,komentar
user_f0f624425124,FILM::Badarawuhi di Desa Penari (2024),1,komentar
user_f141f32bcbaa,FILM::Badarawuhi di Desa Penari (2024),1,komentar
user_f1e313c5c817,FILM::Badarawuhi di Desa Penari (2024),1,komentar
user_f25a6b66127f,FILM::Badarawuhi di Desa Penari (2024),2,komentar
user_f2897af5e189,FILM::Badarawuhi di Desa Penari (2024),1,komentar
user_f34f6f0db096,FILM::Badarawuhi di Desa Penari (2024),1,komentar
user_f3ab76f75830,FILM::Badarawuhi di Desa Penari (2024),1,komentar
user_f41df060d787,FILM::Badarawuhi di Desa Penari (2024),2,komentar
user_f43be44e22d5,FILM::Badarawuhi di Desa Penari (2024),1,komentar
user_f44a7e6a5901,FILM::Badarawuhi di Desa Penari (2024),1,komentar
user_f4b4ef95ff91,FILM::Badarawuhi di Desa Penari (2024),1,komentar
user_f90679449f06,FILM::Badarawuhi di Desa Penari (2024),1,komentar
user_f9a9f12eb8da,FILM::Badarawuhi di Desa Penari (2024),1,komentar
user_fa9c58ec82f2,FILM::Badarawuhi di Desa Penari (2024),1,komentar
user_fb8b167ed82a,FILM::Badarawuhi di Desa Penari (2024),1,komentar
user_fbdfb6e3f3ca,FILM::Badarawuhi di Desa Penari (2024),1,komentar
user_fc1079e66243,FILM::Badarawuhi di Desa Penari (2024),1,komentar
user_fd09316fe731,FILM::Badarawuhi di Desa Penari (2024),2,komentar
user_fd50bcbfc811,FILM::Badarawuhi di Desa Penari (2024),1,komentar
user_fe23e1f04980,FILM::Badarawuhi di Desa Penari (2024),1,komentar
user_fe2c7a580d66,FILM::Badarawuhi di Desa Penari (2024),1,komentar
user_fe974d048a64,FILM::Badarawuhi di Desa Penari (2024),2,komentar
user_00722fb64b0a,Jurnal Risa by Risa Saraswati (2024),1,komentar
user_00816542dfe5,FILM::Jurnal Risa by Risa Saraswati (2024),1,komentar
user_00ec9339112f,FILM::Jurnal Risa by Risa Saraswati (2024),1,komentar
user_015c2cec1a7e,FILM::Jurnal Risa by Risa Saraswati (2024),1,komentar
user_016d65757a80,FILM::Jurnal Risa by Risa Saraswati (2024),1,komentar
user_01d9ef6057cd,FILM::Jurnal Risa by Risa Saraswati (2024),1,komentar
user_029e5e7948b6,FILM::Jurnal Risa by Risa Saraswati (2024),1,komentar
user_02ac9964ed9b,FILM::Jurnal Risa by Risa Saraswati (2024),3,komentar
user_02ba5c4db6c4,FILM::Jurnal Risa by Risa Saraswati (2024),5,komentar
user_02c243e1ab94,FILM::Jurnal Risa by Risa Saraswati (2024),1,komentar
user_0385a168ae55,FILM::Jurnal Risa by Risa Saraswati (2024),1,komentar
user_039798e44f96,FILM::Jurnal Risa by Risa Saraswati (2024),9,komentar
user_03a5e5faac3a,FILM::Jurnal Risa by Risa Saraswati (2024),1,komentar
user_04cf5fc11d81,FILM::Jurnal Risa by Risa Saraswati (2024),1,komentar
user_0529d73edf48,FILM::Jurnal Risa by Risa Saraswati (2024),1,komentar
user_0591f40c0115,FILM::Jurnal Risa by Risa Saraswati (2024),4,komentar
user_064e02b80a49,FILM::Jurnal Risa by Risa Saraswati (2024),1,komentar
user_06574c861296,FILM::Jurnal Risa by Risa Saraswati (2024),1,komentar
user_06900a0341e8,FILM::Jurnal Risa by Risa Saraswati (2024),1,komentar
user_06ccf8ad03e9,FILM::Jurnal Risa by Risa Saraswati (2024),1,komentar
user_0740ea297d5e,FILM::Jurnal Risa by Risa Saraswati (2024),3,komentar
user_074a5c8f590a,FILM::Jurnal Risa by Risa Saraswati (2024),1,komentar
user_077ac208e16a,FILM::Jurnal Risa by Risa Saraswati (2024),1,komentar
user_080b0833d560,FILM::Jurnal Risa by Risa Saraswati (2024),1,komentar
user_08a7633b83f8,FILM::Jurnal Risa by Risa Saraswati (2024),1,komentar
user_08bcce3adf84,FILM::Jurnal Risa by Risa Saraswati (2024),1,komentar
user_08cb77e2ce28,FILM::Jurnal Risa by Risa Saraswati (2024),1,komentar
user_09b2a1b2de13,FILM::Jurnal Risa by Risa Saraswati (2024),1,komentar
user_0acb5ab3a4d3,FILM::Jurnal Risa by Risa Saraswati (2024),1,komentar
user_0be04e3d099d,FILM::Jurnal Risa by Risa Saraswati (2024),1,komentar
user_0d3d6d6230a5,FILM::Jurnal Risa by Risa Saraswati (2024),1,komentar
user_0d46f6fda5d3,FILM::Jurnal Risa by Risa Saraswati (2024),1,komentar
user_0dff8c4c0cd7,FILM::Jurnal Risa by Risa Saraswati (2024),1,komentar
user_0e3c3dbacce5,FILM::Jurnal Risa by Risa Saraswati (2024),1,komentar
user_0e4ca194afd0,FILM::Jurnal Risa by Risa Saraswati (2024),1,komentar
user_0e88c452ff23,FILM::Jurnal Risa by Risa Saraswati (2024),2,komentar
user_0ea207c68774,FILM::Jurnal Risa by Risa Saraswati (2024),1,komentar
user_0f43a85f1b32,FILM::Jurnal Risa by Risa Saraswati (2024),1,komentar
user_0fde2d525a70,FILM::Jurnal Risa by Risa Saraswati (2024),2,komentar
user_0ffd149ba1bf,FILM::Jurnal Risa by Risa Saraswati (2024),1,komentar
user_1022635b8c74,FILM::Jurnal Risa by Risa Saraswati (2024),1,komentar
user_103f803185be,FILM::Jurnal Risa by Risa Saraswati (2024),1,komentar
user_1090547d5c8d,FILM::Jurnal Risa by Risa Saraswati (2024),1,komentar
user_10b15584573b,FILM::Jurnal Risa by Risa Saraswati (2024),1,komentar
user_122674fd4e59,FILM::Jurnal Risa by Risa Saraswati (2024),1,komentar
user_1265388dc43a,FILM::Jurnal Risa by Risa Saraswati (2024),1,komentar
user_1274ee8f52be,FILM::Jurnal Risa by Risa Saraswati (2024),1,komentar
user_1294ceb608e6,FILM::Jurnal Risa by Risa Saraswati (2024),1,komentar
user_12bcccaeaa8c,FILM::Jurnal Risa by Risa Saraswati (2024),1,komentar
user_137ad6304c8a,FILM::Jurnal Risa by Risa Saraswati (2024),1,komentar
user_140d716c498e,FILM::Jurnal Risa by Risa Saraswati (2024),1,komentar
user_146efa5cb042,FILM::Jurnal Risa by Risa Saraswati (2024),1,komentar
user_157fa0c0298d,FILM::Jurnal Risa by Risa Saraswati (2024),1,komentar
user_15c39332d249,FILM::Jurnal Risa by Risa Saraswati (2024),2,komentar
user_1635d42ad285,FILM::Jurnal Risa by Risa Saraswati (2024),1,komentar
user_166274a846e9,FILM::Jurnal Risa by Risa Saraswati (2024),2,komentar
user_16d163e4f84f,FILM::Jurnal Risa by Risa Saraswati (2024),1,komentar
user_1710f5ccc2c8,FILM::Jurnal Risa by Risa Saraswati (2024),1,komentar
user_17f30e4aed62,FILM::Jurnal Risa by Risa Saraswati (2024),1,komentar
user_1830c2acd33b,FILM::Jurnal Risa by Risa Saraswati (2024),1,komentar
user_1865503b77db,FILM::Jurnal Risa by Risa Saraswati (2024),1,komentar
user_1869992831fb,FILM::Jurnal Risa by Risa Saraswati (2024),1,komentar
user_188e87145e93,FILM::Jurnal Risa by Risa Saraswati (2024),1,komentar
user_18fab7a66919,FILM::Jurnal Risa by Risa Saraswati (2024),1,komentar
user_19d841a7a556,FILM::Jurnal Risa by Risa Saraswati (2024),1,komentar
user_1a0317dfbecc,FILM::Jurnal Risa by Risa Saraswati (2024),1,komentar
user_1a7aaf6b8dd9,FILM::Jurnal Risa by Risa Saraswati (2024),1,komentar
user_1af4a2a77c78,FILM::Jurnal Risa by Risa Saraswati (2024),1,komentar
user_1c9d9dffd0a6,FILM::Jurnal Risa by Risa Saraswati (2024),2,komentar
user_1d7cbf75a4e5,FILM::Jurnal Risa by Risa Saraswati (2024),1,komentar
user_1dab51547c2a,FILM::Jurnal Risa by Risa Saraswati (2024),1,komentar
user_1dbf5620fee9,FILM::Jurnal Risa by Risa Saraswati (2024),1,komentar
user_1df0fa96c48a,FILM::Jurnal Risa by Risa Saraswati (2024),1,komentar
user_1dfddc7e8222,FILM::Jurnal Risa by Risa Saraswati (2024),1,komentar
user_1e2ad11ac087,FILM::Jurnal Risa by Risa Saraswati (2024),1,komentar
user_20049075e64d,FILM::Jurnal Risa by Risa Saraswati (2024),1,komentar
user_2047319ebf88,FILM::Jurnal Risa by Risa Saraswati (2024),1,komentar
user_20543337c48d,FILM::Jurnal Risa by Risa Saraswati (2024),1,komentar
user_20a0b23a27df,FILM::Jurnal Risa by Risa Saraswati (2024),1,komentar
user_239af3ed44e0,FILM::Jurnal Risa by Risa Saraswati (2024),1,komentar
user_23a105a3427f,FILM::Jurnal Risa by Risa Saraswati (2024),1,komentar
user_23f8a45d1bed,FILM::Jurnal Risa by Risa Saraswati (2024),1,komentar
user_24d9da30a8cf,FILM::Jurnal Risa by Risa Saraswati (2024),1,komentar
user_24de06449558,FILM::Jurnal Risa by Risa Saraswati (2024),1,komentar
user_25f25479f3ec,FILM::Jurnal Risa by Risa Saraswati (2024),1,komentar
user_2602630be3d6,FILM::Jurnal Risa by Risa Saraswati (2024),1,komentar
user_262c3c437bae,FILM::Jurnal Risa by Risa Saraswati (2024),1,komentar
user_268c209f9637,FILM::Jurnal Risa by Risa Saraswati (2024),1,komentar
user_26a4e5413d70,FILM::Jurnal Risa by Risa Saraswati (2024),1,komentar
user_277beeef659b,FILM::Jurnal Risa by Risa Saraswati (2024),1,komentar
user_277da01cd68d,FILM::Jurnal Risa by Risa Saraswati (2024),1,komentar
user_27b2bf9c28cf,FILM::Jurnal Risa by Risa Saraswati (2024),1,komentar
user_28773ffd7dd1,FILM::Jurnal Risa by Risa Saraswati (2024),1,komentar
user_28d75cde184e,FILM::Jurnal Risa by Risa Saraswati (2024),2,komentar
user_28ff532b7101,FILM::Jurnal Risa by Risa Saraswati (2024),1,komentar
user_2a2461f7e2d4,FILM::Jurnal Risa by Risa Saraswati (2024),1,komentar
user_2a7ccb0cde11,FILM::Jurnal Risa by Risa Saraswati (2024),1,komentar
user_2aa0e60a5b19,FILM::Jurnal Risa by Risa Saraswati (2024),1,komentar
user_2b197795c36e,FILM::Jurnal Risa by Risa Saraswati (2024),1,komentar
user_2b27dbf75f30,FILM::Jurnal Risa by Risa Saraswati (2024),1,komentar
user_2c62010c3967,FILM::Jurnal Risa by Risa Saraswati (2024),1,komentar
user_2cb426daa8a6,FILM::Jurnal Risa by Risa Saraswati (2024),1,komentar
user_2cd98321fe82,FILM::Jurnal Risa by Risa Saraswati (2024),1,komentar
user_2d335289a0dc,FILM::Jurnal Risa by Risa Saraswati (2024),1,komentar
user_2d396b8bf66f,FILM::Jurnal Risa by Risa Saraswati (2024),1,komentar
user_2daeaac9735c,FILM::Jurnal Risa by Risa Saraswati (2024),1,komentar
user_2e0ffea596e5,FILM::Jurnal Risa by Risa Saraswati (2024),1,komentar
user_2e82de9fc5ad,FILM::Jurnal Risa by Risa Saraswati (2024),1,komentar
user_2f0e6673f0af,FILM::Jurnal Risa by Risa Saraswati (2024),1,komentar
user_2fafdedd2050,FILM::Jurnal Risa by Risa Saraswati (2024),2,komentar
user_2fecdf480ac1,FILM::Jurnal Risa by Risa Saraswati (2024),1,komentar
user_3041e2a61734,FILM::Jurnal Risa by Risa Saraswati (2024),1,komentar
user_30b373eedbd7,FILM::Jurnal Risa by Risa Saraswati (2024),1,komentar
user_312acbe0b441,FILM::Jurnal Risa by Risa Saraswati (2024),1,komentar
user_3147e0c2d1da,FILM::Jurnal Risa by Risa Saraswati (2024),1,komentar
user_319dad043d15,FILM::Jurnal Risa by Risa Saraswati (2024),1,komentar
user_319f0d731ca2,FILM::Jurnal Risa by Risa Saraswati (2024),1,komentar
user_32956897d4f0,FILM::Jurnal Risa by Risa Saraswati (2024),1,komentar
user_331f102b790c,FILM::Jurnal Risa by Risa Saraswati (2024),1,komentar
user_3353d3483cda,FILM::Jurnal Risa by Risa Saraswati (2024),2,komentar
user_3469ad5c699b,FILM::Jurnal Risa by Risa Saraswati (2024),1,komentar
user_3481b7c4daed,FILM::Jurnal Risa by Risa Saraswati (2024),5,komentar
user_34c08e547065,FILM::Jurnal Risa by Risa Saraswati (2024),1,komentar
user_353970a83cf9,FILM::Jurnal Risa by Risa Saraswati (2024),1,komentar
user_35520113fdfa,FILM::Jurnal Risa by Risa Saraswati (2024),1,komentar
user_35f3ecccb45c,FILM::Jurnal Risa by Risa Saraswati (2024),2,komentar
user_36a4f39ce17a,FILM::Jurnal Risa by Risa Saraswati (2024),1,komentar
user_36e48ff60ec5,FILM::Jurnal Risa by Risa Saraswati (2024),1,komentar
user_37910319966e,FILM::Jurnal Risa by Risa Saraswati (2024),1,komentar
user_37d856a9eb16,FILM::Jurnal Risa by Risa Saraswati (2024),1,komentar
user_381654af65e5,FILM::Jurnal Risa by Risa Saraswati (2024),1,komentar
user_382225962d5f,FILM::Jurnal Risa by Risa Saraswati (2024),1,komentar
user_38d777c2958f,FILM::Jurnal Risa by Risa Saraswati (2024),1,komentar
user_391b94f3488c,FILM::Jurnal Risa by Risa Saraswati (2024),1,komentar
user_395e54877c5d,FILM::Jurnal Risa by Risa Saraswati (2024),1,komentar
user_39dcb9bc2c95,FILM::Jurnal Risa by Risa Saraswati (2024),28,komentar
user_39fab79965c6,FILM::Jurnal Risa by Risa Saraswati (2024),1,komentar
user_3a0d5974ba54,FILM::Jurnal Risa by Risa Saraswati (2024),1,komentar
user_3a39831a9b92,FILM::Jurnal Risa by Risa Saraswati (2024),1,komentar
user_3a6fe4d4f387,FILM::Jurnal Risa by Risa Saraswati (2024),1,komentar
user_3a7ab6393fb1,FILM::Jurnal Risa by Risa Saraswati (2024),1,komentar
user_3a810c994943,FILM::Jurnal Risa by Risa Saraswati (2024),1,komentar
user_3ab0df0961fd,FILM::Jurnal Risa by Risa Saraswati (2024),1,komentar
user_3ac668bd1ed0,FILM::Jurnal Risa by Risa Saraswati (2024),1,komentar
user_3b5e4d7a3784,FILM::Jurnal Risa by Risa Saraswati (2024),2,komentar
user_3b67cc2da8e1,FILM::Jurnal Risa by Risa Saraswati (2024),1,komentar
user_3b840d41ff88,FILM::Jurnal Risa by Risa Saraswati (2024),1,komentar
user_3bd3d05ae450,FILM::Jurnal Risa by Risa Saraswati (2024),1,komentar
user_3c13775ccf60,FILM::Jurnal Risa by Risa Saraswati (2024),1,komentar
user_3c1c5f2554e8,FILM::Jurnal Risa by Risa Saraswati (2024),2,komentar
user_3c9c72837c29,FILM::Jurnal Risa by Risa Saraswati (2024),2,komentar
user_3d31221d8649,FILM::Jurnal Risa by Risa Saraswati (2024),1,komentar
user_3e209c129021,FILM::Jurnal Risa by Risa Saraswati (2024),1,komentar
user_3e27242c5a48,FILM::Jurnal Risa by Risa Saraswati (2024),1,komentar
user_3e916dd0cec3,FILM::Jurnal Risa by Risa Saraswati (2024),1,komentar
user_3f5cb7b1f13f,FILM::Jurnal Risa by Risa Saraswati (2024),2,komentar
user_3f8ddd6d24b9,FILM::Jurnal Risa by Risa Saraswati (2024),1,komentar
user_4023982f3c51,FILM::Jurnal Risa by Risa Saraswati (2024),1,komentar
user_40f6333d4912,FILM::Jurnal Risa by Risa Saraswati (2024),1,komentar
user_41150afb3913,FILM::Jurnal Risa by Risa Saraswati (2024),1,komentar
user_422a4f6396be,FILM::Jurnal Risa by Risa Saraswati (2024),1,komentar
user_423d4696e08a,FILM::Jurnal Risa by Risa Saraswati (2024),1,komentar
user_424969f2a8cc,FILM::Jurnal Risa by Risa Saraswati (2024),1,komentar
user_4265dd81f842,FILM::Jurnal Risa by Risa Saraswati (2024),1,komentar
user_42a32f3bb1a7,FILM::Jurnal Risa by Risa Saraswati (2024),1,komentar
user_431b94b210c2,FILM::Jurnal Risa by Risa Saraswati (2024),1,komentar
user_43ec85d7a181,FILM::Jurnal Risa by Risa Saraswati (2024),3,komentar
user_44879af7f85a,FILM::Jurnal Risa by Risa Saraswati (2024),1,komentar
user_44dc2433dc57,FILM::Jurnal Risa by Risa Saraswati (2024),1,komentar
user_45df5c3681d2,FILM::Jurnal Risa by Risa Saraswati (2024),1,komentar
user_45fc7fd62cb4,FILM::Jurnal Risa by Risa Saraswati (2024),1,komentar
user_4649d2517e69,FILM::Jurnal Risa by Risa Saraswati (2024),1,komentar
user_47533ad6248a,FILM::Jurnal Risa by Risa Saraswati (2024),1,komentar
user_47f07008e973,FILM::Jurnal Risa by Risa Saraswati (2024),2,komentar
user_4837213e46a3,FILM::Jurnal Risa by Risa Saraswati (2024),1,komentar
user_485d1113cbeb,FILM::Jurnal Risa by Risa Saraswati (2024),1,komentar
user_48c435fb328e,FILM::Jurnal Risa by Risa Saraswati (2024),2,komentar
user_48d5afbb85cc,FILM::Jurnal Risa by Risa Saraswati (2024),1,komentar
user_49396ffe9b09,FILM::Jurnal Risa by Risa Saraswati (2024),1,komentar
user_49797561674e,FILM::Jurnal Risa by Risa Saraswati (2024),1,komentar
user_4aa7eb05a72a,FILM::Jurnal Risa by Risa Saraswati (2024),1,komentar
user_4b3673056032,FILM::Jurnal Risa by Risa Saraswati (2024),1,komentar
user_4b6fb321d4d1,FILM::Jurnal Risa by Risa Saraswati (2024),2,komentar
user_4b9185d40f21,FILM::Jurnal Risa by Risa Saraswati (2024),1,komentar
user_4bc1129e90a7,FILM::Jurnal Risa by Risa Saraswati (2024),1,komentar
user_4c6e1304dd3b,FILM::Jurnal Risa by Risa Saraswati (2024),1,komentar
user_4c70276e951a,FILM::Jurnal Risa by Risa Saraswati (2024),1,komentar
user_4e859e40b62e,FILM::Jurnal Risa by Risa Saraswati (2024),1,komentar
user_4eac349a0f0d,FILM::Jurnal Risa by Risa Saraswati (2024),1,komentar
user_4f5f988f7de8,FILM::Jurnal Risa by Risa Saraswati (2024),1,komentar
user_4fc28a7f7d40,FILM::Jurnal Risa by Risa Saraswati (2024),1,komentar
user_4fc7c96b3f04,FILM::Jurnal Risa by Risa Saraswati (2024),1,komentar
user_50553e4ba999,FILM::Jurnal Risa by Risa Saraswati (2024),1,komentar
user_5058eecb6c4d,FILM::Jurnal Risa by Risa Saraswati (2024),1,komentar
user_50830803dfba,FILM::Jurnal Risa by Risa Saraswati (2024),1,komentar
user_509a868a0d42,FILM::Jurnal Risa by Risa Saraswati (2024),1,komentar
user_50de3231e4f5,FILM::Jurnal Risa by Risa Saraswati (2024),3,komentar
user_511cb5ca83f1,FILM::Jurnal Risa by Risa Saraswati (2024),1,komentar
user_5123a978c13f,FILM::Jurnal Risa by Risa Saraswati (2024),1,komentar
user_5139ee40b4fe,FILM::Jurnal Risa by Risa Saraswati (2024),1,komentar
user_5195342308b8,FILM::Jurnal Risa by Risa Saraswati (2024),2,komentar
user_51b1dc5513f1,FILM::Jurnal Risa by Risa Saraswati (2024),1,komentar
user_51c6e96e794b,FILM::Jurnal Risa by Risa Saraswati (2024),2,komentar
user_51fbd24ce43d,FILM::Jurnal Risa by Risa Saraswati (2024),1,komentar
user_5269c295a6f9,FILM::Jurnal Risa by Risa Saraswati (2024),1,komentar
user_52a01a5f2d16,FILM::Jurnal Risa by Risa Saraswati (2024),1,komentar
user_52d4d1397c0e,FILM::Jurnal Risa by Risa Saraswati (2024),1,komentar
user_53c2de110f12,FILM::Jurnal Risa by Risa Saraswati (2024),1,komentar
user_53f9c40d4d87,FILM::Jurnal Risa by Risa Saraswati (2024),1,komentar
user_541352634b79,FILM::Jurnal Risa by Risa Saraswati (2024),1,komentar
user_5414d1b1287c,FILM::Jurnal Risa by Risa Saraswati (2024),1,komentar
user_543f885544e4,FILM::Jurnal Risa by Risa Saraswati (2024),1,komentar
user_5467bd59b796,FILM::Jurnal Risa by Risa Saraswati (2024),2,komentar
user_54926de9ab66,FILM::Jurnal Risa by Risa Saraswati (2024),1,komentar
user_54ca9446a5fd,FILM::Jurnal Risa by Risa Saraswati (2024),1,komentar
user_550178dd4f52,FILM::Jurnal Risa by Risa Saraswati (2024),1,komentar
user_55fe523f6789,FILM::Jurnal Risa by Risa Saraswati (2024),1,komentar
user_56333c6881bf,FILM::Jurnal Risa by Risa Saraswati (2024),1,komentar
user_56cbf18dff24,FILM::Jurnal Risa by Risa Saraswati (2024),2,komentar
user_56d6b24989b8,FILM::Jurnal Risa by Risa Saraswati (2024),1,komentar
user_573b42cee07c,FILM::Jurnal Risa by Risa Saraswati (2024),1,komentar
user_5786dbc04f58,FILM::Jurnal Risa by Risa Saraswati (2024),1,komentar
user_57b4d20ec1ee,FILM::Jurnal Risa by Risa Saraswati (2024),1,komentar
user_58186b6b4023,FILM::Jurnal Risa by Risa Saraswati (2024),1,komentar
user_58c0c2fe2614,FILM::Jurnal Risa by Risa Saraswati (2024),4,komentar
user_58dfe00143cf,FILM::Jurnal Risa by Risa Saraswati (2024),1,komentar
user_5931d8d19450,FILM::Jurnal Risa by Risa Saraswati (2024),1,komentar
user_5972e24700ab,FILM::Jurnal Risa by Risa Saraswati (2024),1,komentar
user_59757fce5ca7,FILM::Jurnal Risa by Risa Saraswati (2024),1,komentar
user_59e7b607d743,FILM::Jurnal Risa by Risa Saraswati (2024),1,komentar
user_59f96a478f95,FILM::Jurnal Risa by Risa Saraswati (2024),1,komentar
user_5a3840598252,FILM::Jurnal Risa by Risa Saraswati (2024),1,komentar
user_5a9c75afbb1f,FILM::Jurnal Risa by Risa Saraswati (2024),1,komentar
user_5ab20791f39f,FILM::Jurnal Risa by Risa Saraswati (2024),1,komentar
user_5ad9ddbac0a2,FILM::Jurnal Risa by Risa Saraswati (2024),1,komentar
user_5af503e317ba,FILM::Jurnal Risa by Risa Saraswati (2024),1,komentar
user_5b2a268b5fe6,FILM::Jurnal Risa by Risa Saraswati (2024),1,komentar
user_5b5801ae19f5,FILM::Jurnal Risa by Risa Saraswati (2024),1,komentar
user_5b74d014dd10,FILM::Jurnal Risa by Risa Saraswati (2024),1,komentar
user_5bf44fe65e48,FILM::Jurnal Risa by Risa Saraswati (2024),1,komentar
user_5cb9687c423b,FILM::Jurnal Risa by Risa Saraswati (2024),1,komentar
user_5dcbd0bc9a7c,FILM::Jurnal Risa by Risa Saraswati (2024),1,komentar
user_5e5ff0602e57,FILM::Jurnal Risa by Risa Saraswati (2024),1,komentar
user_5e85d1b58e3b,FILM::Jurnal Risa by Risa Saraswati (2024),1,komentar
user_5f9c61cc23ef,FILM::Jurnal Risa by Risa Saraswati (2024),2,komentar
user_5fb039c19499,FILM::Jurnal Risa by Risa Saraswati (2024),1,komentar
user_5fe57fa0d02e,FILM::Jurnal Risa by Risa Saraswati (2024),1,komentar
user_6006cde07e55,FILM::Jurnal Risa by Risa Saraswati (2024),2,komentar
user_6015a3e89bff,FILM::Jurnal Risa by Risa Saraswati (2024),1,komentar
user_60b7183f28c0,FILM::Jurnal Risa by Risa Saraswati (2024),1,komentar
user_60ce3723e093,FILM::Jurnal Risa by Risa Saraswati (2024),1,komentar
user_61882764511e,FILM::Jurnal Risa by Risa Saraswati (2024),1,komentar
user_61a1a67c6603,FILM::Jurnal Risa by Risa Saraswati (2024),1,komentar
user_61d87cc1a28a,FILM::Jurnal Risa by Risa Saraswati (2024),1,komentar
user_6218e50af0ae,FILM::Jurnal Risa by Risa Saraswati (2024),1,komentar
user_62200ab286e5,FILM::Jurnal Risa by Risa Saraswati (2024),1,komentar
user_62ec315caafb,FILM::Jurnal Risa by Risa Saraswati (2024),1,komentar
user_630114894cf2,FILM::Jurnal Risa by Risa Saraswati (2024),1,komentar
user_630ce5353def,FILM::Jurnal Risa by Risa Saraswati (2024),1,komentar
user_644206e80026,FILM::Jurnal Risa by Risa Saraswati (2024),1,komentar
user_65330f9002ce,FILM::Jurnal Risa by Risa Saraswati (2024),1,komentar
user_65aef05d38a5,FILM::Jurnal Risa by Risa Saraswati (2024),1,komentar
user_65c93474f79e,FILM::Jurnal Risa by Risa Saraswati (2024),1,komentar
user_6652b34350f1,FILM::Jurnal Risa by Risa Saraswati (2024),1,komentar
user_668018de7331,FILM::Jurnal Risa by Risa Saraswati (2024),1,komentar
user_66de61d01a5d,FILM::Jurnal Risa by Risa Saraswati (2024),1,komentar
user_674320115df2,FILM::Jurnal Risa by Risa Saraswati (2024),1,komentar
user_683a5374bea6,FILM::Jurnal Risa by Risa Saraswati (2024),1,komentar
user_6999efbc799e,FILM::Jurnal Risa by Risa Saraswati (2024),1,komentar
user_699a3ffa3261,FILM::Jurnal Risa by Risa Saraswati (2024),2,komentar
user_6a09a8e2f9d6,FILM::Jurnal Risa by Risa Saraswati (2024),1,komentar
user_6a2ef7fa09e0,FILM::Jurnal Risa by Risa Saraswati (2024),1,komentar
user_6b8b22cac471,FILM::Jurnal Risa by Risa Saraswati (2024),1,komentar
user_6b9925ea755b,FILM::Jurnal Risa by Risa Saraswati (2024),2,komentar
user_6bb7efae984b,FILM::Jurnal Risa by Risa Saraswati (2024),1,komentar
user_6bbba5911b21,FILM::Jurnal Risa by Risa Saraswati (2024),1,komentar
user_6c46ca24fdbd,FILM::Jurnal Risa by Risa Saraswati (2024),1,komentar
user_6c6da84c6430,FILM::Jurnal Risa by Risa Saraswati (2024),1,komentar
user_6c8a8b6c283a,FILM::Jurnal Risa by Risa Saraswati (2024),1,komentar
user_6c93435d9511,FILM::Jurnal Risa by Risa Saraswati (2024),1,komentar
user_6c9db900e94c,FILM::Jurnal Risa by Risa Saraswati (2024),1,komentar
user_6cb8a848a390,FILM::Jurnal Risa by Risa Saraswati (2024),1,komentar
user_6cc19b6b13c1,FILM::Jurnal Risa by Risa Saraswati (2024),2,komentar
user_6cf3f95661d9,FILM::Jurnal Risa by Risa Saraswati (2024),1,komentar
user_6d29b845d5c8,FILM::Jurnal Risa by Risa Saraswati (2024),1,komentar
user_6ddba8b5368c,FILM::Jurnal Risa by Risa Saraswati (2024),1,komentar
user_6de8b1802144,FILM::Jurnal Risa by Risa Saraswati (2024),1,komentar
user_6dff5051f4d0,FILM::Jurnal Risa by Risa Saraswati (2024),1,komentar
user_6f2b9e20c39f,FILM::Jurnal Risa by Risa Saraswati (2024),1,komentar
user_6f4bd2f1d2e6,FILM::Jurnal Risa by Risa Saraswati (2024),1,komentar
user_6fc1cb26156c,FILM::Jurnal Risa by Risa Saraswati (2024),1,komentar
user_6ffa307b5215,FILM::Jurnal Risa by Risa Saraswati (2024),1,komentar
user_6ffcf7fbdf2f,FILM::Jurnal Risa by Risa Saraswati (2024),2,komentar
user_70fcd867fc4c,FILM::Jurnal Risa by Risa Saraswati (2024),1,komentar
user_71a58fc9a7cd,FILM::Jurnal Risa by Risa Saraswati (2024),1,komentar
user_7204b3ce8456,FILM::Jurnal Risa by Risa Saraswati (2024),1,komentar
user_723458dd110c,FILM::Jurnal Risa by Risa Saraswati (2024),1,komentar
user_7278a006d627,FILM::Jurnal Risa by Risa Saraswati (2024),1,komentar
user_7391c9451d80,FILM::Jurnal Risa by Risa Saraswati (2024),1,komentar
user_73baa04e6e5d,FILM::Jurnal Risa by Risa Saraswati (2024),1,komentar
user_750de608dab5,FILM::Jurnal Risa by Risa Saraswati (2024),1,komentar
user_7520825f0b4d,FILM::Jurnal Risa by Risa Saraswati (2024),1,komentar
user_75ce4eb9ac32,FILM::Jurnal Risa by Risa Saraswati (2024),1,komentar
user_76b89f7921eb,FILM::Jurnal Risa by Risa Saraswati (2024),1,komentar
user_77d152495cc8,FILM::Jurnal Risa by Risa Saraswati (2024),1,komentar
user_780dda121b1c,FILM::Jurnal Risa by Risa Saraswati (2024),1,komentar
user_7876e2019d10,FILM::Jurnal Risa by Risa Saraswati (2024),1,komentar
user_7914c87ad15d,FILM::Jurnal Risa by Risa Saraswati (2024),1,komentar
user_7947653d9ab9,FILM::Jurnal Risa by Risa Saraswati (2024),1,komentar
user_7986e3571231,FILM::Jurnal Risa by Risa Saraswati (2024),1,komentar
user_79da5fa5bc3e,FILM::Jurnal Risa by Risa Saraswati (2024),1,komentar
user_7b137669a941,FILM::Jurnal Risa by Risa Saraswati (2024),1,komentar
user_7b20e663b972,FILM::Jurnal Risa by Risa Saraswati (2024),1,komentar
user_7b6b314f1816,FILM::Jurnal Risa by Risa Saraswati (2024),1,komentar
user_7c1c91514f51,FILM::Jurnal Risa by Risa Saraswati (2024),1,komentar
user_7caa1fb7b06f,FILM::Jurnal Risa by Risa Saraswati (2024),1,komentar
user_7d74ffeffb03,FILM::Jurnal Risa by Risa Saraswati (2024),1,komentar
user_7e10715ceb53,FILM::Jurnal Risa by Risa Saraswati (2024),1,komentar
user_7e4aa152ab67,FILM::Jurnal Risa by Risa Saraswati (2024),1,komentar
user_7e697f34df9e,FILM::Jurnal Risa by Risa Saraswati (2024),1,komentar
user_7ed0379bfec9,FILM::Jurnal Risa by Risa Saraswati (2024),1,komentar
user_7ef217168062,FILM::Jurnal Risa by Risa Saraswati (2024),1,komentar
user_7f6c8a802fd2,FILM::Jurnal Risa by Risa Saraswati (2024),1,komentar
user_7fddaeef3ca2,FILM::Jurnal Risa by Risa Saraswati (2024),3,komentar
user_802dbdba6647,FILM::Jurnal Risa by Risa Saraswati (2024),1,komentar
user_80a52924db5f,FILM::Jurnal Risa by Risa Saraswati (2024),1,komentar
user_80be9048dcd5,FILM::Jurnal Risa by Risa Saraswati (2024),1,komentar
user_814637849914,FILM::Jurnal Risa by Risa Saraswati (2024),1,komentar
user_818ec7a5e6c5,FILM::Jurnal Risa by Risa Saraswati (2024),1,komentar
user_82176fef3e2f,FILM::Jurnal Risa by Risa Saraswati (2024),1,komentar
user_82d1d5b00de0,FILM::Jurnal Risa by Risa Saraswati (2024),1,komentar
user_830415f57a36,FILM::Jurnal Risa by Risa Saraswati (2024),1,komentar
user_835d9f8d9005,FILM::Jurnal Risa by Risa Saraswati (2024),1,komentar
user_83910631fd59,FILM::Jurnal Risa by Risa Saraswati (2024),1,komentar
user_84c63b200859,FILM::Jurnal Risa by Risa Saraswati (2024),1,komentar
user_85871371a446,FILM::Jurnal Risa by Risa Saraswati (2024),1,komentar
user_858ec8da189c,FILM::Jurnal Risa by Risa Saraswati (2024),1,komentar
user_85d68b13fef3,FILM::Jurnal Risa by Risa Saraswati (2024),1,komentar
user_8654f1dd32bc,FILM::Jurnal Risa by Risa Saraswati (2024),1,komentar
user_8659dfa43e92,FILM::Jurnal Risa by Risa Saraswati (2024),1,komentar
user_8694f391995f,FILM::Jurnal Risa by Risa Saraswati (2024),1,komentar
user_86cfd2822e32,FILM::Jurnal Risa by Risa Saraswati (2024),3,komentar
user_871219b0f3d8,FILM::Jurnal Risa by Risa Saraswati (2024),1,komentar
user_871d74c07dea,FILM::Jurnal Risa by Risa Saraswati (2024),1,komentar
user_87f4f4ff3ea9,FILM::Jurnal Risa by Risa Saraswati (2024),2,komentar
user_8815add3563a,FILM::Jurnal Risa by Risa Saraswati (2024),1,komentar
user_887008011acc,FILM::Jurnal Risa by Risa Saraswati (2024),3,komentar
user_88fa457dc9ae,FILM::Jurnal Risa by Risa Saraswati (2024),1,komentar
user_8935b7d7e37f,FILM::Jurnal Risa by Risa Saraswati (2024),1,komentar
user_893bdc808317,FILM::Jurnal Risa by Risa Saraswati (2024),2,komentar
user_89d5de902677,FILM::Jurnal Risa by Risa Saraswati (2024),3,komentar
user_8a4bab8ddcde,FILM::Jurnal Risa by Risa Saraswati (2024),1,komentar
user_8a78f0b76de8,FILM::Jurnal Risa by Risa Saraswati (2024),1,komentar
user_8b87bcbc02f7,FILM::Jurnal Risa by Risa Saraswati (2024),1,komentar
user_8cb6a5f78006,FILM::Jurnal Risa by Risa Saraswati (2024),1,komentar
user_8cf4ea112535,FILM::Jurnal Risa by Risa Saraswati (2024),1,komentar
user_8cf551eeadb7,FILM::Jurnal Risa by Risa Saraswati (2024),1,komentar
user_8d2e690f0e31,FILM::Jurnal Risa by Risa Saraswati (2024),1,komentar
user_8e6b64c52f7b,FILM::Jurnal Risa by Risa Saraswati (2024),1,komentar
user_8ebc978b3705,FILM::Jurnal Risa by Risa Saraswati (2024),1,komentar
user_8f64b608950e,FILM::Jurnal Risa by Risa Saraswati (2024),1,komentar
user_8f71b9fac615,FILM::Jurnal Risa by Risa Saraswati (2024),1,komentar
user_8f8e11de3b14,FILM::Jurnal Risa by Risa Saraswati (2024),1,komentar
user_8fb378bd6b5f,FILM::Jurnal Risa by Risa Saraswati (2024),2,komentar
user_90064bdfd0a4,FILM::Jurnal Risa by Risa Saraswati (2024),1,komentar
user_90192f04df81,FILM::Jurnal Risa by Risa Saraswati (2024),1,komentar
user_903242c46d27,FILM::Jurnal Risa by Risa Saraswati (2024),2,komentar
user_90f3d6b5a7d8,FILM::Jurnal Risa by Risa Saraswati (2024),2,komentar
user_91059564b960,FILM::Jurnal Risa by Risa Saraswati (2024),2,komentar
user_91f6c5dc70e6,FILM::Jurnal Risa by Risa Saraswati (2024),2,komentar
user_9208eaa0b3ce,FILM::Jurnal Risa by Risa Saraswati (2024),1,komentar
user_9242e30cce29,FILM::Jurnal Risa by Risa Saraswati (2024),1,komentar
user_929c380cfdf2,FILM::Jurnal Risa by Risa Saraswati (2024),1,komentar
user_92f1bb488010,FILM::Jurnal Risa by Risa Saraswati (2024),1,komentar
user_933322e3cb58,FILM::Jurnal Risa by Risa Saraswati (2024),1,komentar
user_9342b06ed142,FILM::Jurnal Risa by Risa Saraswati (2024),1,komentar
user_93c4219f554b,FILM::Jurnal Risa by Risa Saraswati (2024),1,komentar
user_952768f9a252,FILM::Jurnal Risa by Risa Saraswati (2024),1,komentar
user_952ae7605cd5,FILM::Jurnal Risa by Risa Saraswati (2024),1,komentar
user_953cf10db74e,FILM::Jurnal Risa by Risa Saraswati (2024),1,komentar
user_954f5464cb7c,FILM::Jurnal Risa by Risa Saraswati (2024),1,komentar
user_95f4ec483b14,FILM::Jurnal Risa by Risa Saraswati (2024),1,komentar
user_964dc73f1bc8,FILM::Jurnal Risa by Risa Saraswati (2024),1,komentar
user_97572aa6b8e1,FILM::Jurnal Risa by Risa Saraswati (2024),1,komentar
user_979f8f1c6b79,FILM::Jurnal Risa by Risa Saraswati (2024),2,komentar
user_9804c9f36c30,FILM::Jurnal Risa by Risa Saraswati (2024),1,komentar
user_98a3d3900e10,FILM::Jurnal Risa by Risa Saraswati (2024),1,komentar
user_98eb6fb7cbeb,FILM::Jurnal Risa by Risa Saraswati (2024),1,komentar
user_990201308db8,FILM::Jurnal Risa by Risa Saraswati (2024),1,komentar
user_9a0c522cc106,FILM::Jurnal Risa by Risa Saraswati (2024),1,komentar
user_9b2e645a6a9a,FILM::Jurnal Risa by Risa Saraswati (2024),1,komentar
user_9b5c435925a5,FILM::Jurnal Risa by Risa Saraswati (2024),2,komentar
user_9c52e4ffe7c0,FILM::Jurnal Risa by Risa Saraswati (2024),1,komentar
user_9d067ca0a2a3,FILM::Jurnal Risa by Risa Saraswati (2024),1,komentar
user_9d11c3b576ca,FILM::Jurnal Risa by Risa Saraswati (2024),1,komentar
user_9d4254d9d996,FILM::Jurnal Risa by Risa Saraswati (2024),1,komentar
user_9d554eab05b7,FILM::Jurnal Risa by Risa Saraswati (2024),1,komentar
user_9da08a4fe08e,FILM::Jurnal Risa by Risa Saraswati (2024),1,komentar
user_9db260f8ded1,FILM::Jurnal Risa by Risa Saraswati (2024),1,komentar
user_9dfc4d8d9c39,FILM::Jurnal Risa by Risa Saraswati (2024),1,komentar
user_9e7ddf9cde25,FILM::Jurnal Risa by Risa Saraswati (2024),1,komentar
user_9ef31e56c05a,FILM::Jurnal Risa by Risa Saraswati (2024),1,komentar
user_9f51dc52deba,FILM::Jurnal Risa by Risa Saraswati (2024),1,komentar
user_9fb197eca6bf,FILM::Jurnal Risa by Risa Saraswati (2024),2,komentar
user_a087e7140b25,FILM::Jurnal Risa by Risa Saraswati (2024),1,komentar
user_a101c6ba8907,FILM::Jurnal Risa by Risa Saraswati (2024),2,komentar
user_a135c3429a65,FILM::Jurnal Risa by Risa Saraswati (2024),1,komentar
user_a16e0f817e00,FILM::Jurnal Risa by Risa Saraswati (2024),1,komentar
user_a1a4dc896b13,FILM::Jurnal Risa by Risa Saraswati (2024),4,komentar
user_a1b4954a6632,FILM::Jurnal Risa by Risa Saraswati (2024),1,komentar
user_a1de6c642883,FILM::Jurnal Risa by Risa Saraswati (2024),1,komentar
user_a20053a9ea2b,FILM::Jurnal Risa by Risa Saraswati (2024),1,komentar
user_a20d6b8dc9a6,FILM::Jurnal Risa by Risa Saraswati (2024),1,komentar
user_a2fab9179be2,FILM::Jurnal Risa by Risa Saraswati (2024),1,komentar
user_a3667e55c1bc,FILM::Jurnal Risa by Risa Saraswati (2024),1,komentar
user_a36a564d6c9a,FILM::Jurnal Risa by Risa Saraswati (2024),1,komentar
user_a5ba9ec56da1,FILM::Jurnal Risa by Risa Saraswati (2024),2,komentar
user_a5f162f2cd1b,FILM::Jurnal Risa by Risa Saraswati (2024),1,komentar
user_a61778e6de8f,FILM::Jurnal Risa by Risa Saraswati (2024),1,komentar
user_a61d3cb79a98,FILM::Jurnal Risa by Risa Saraswati (2024),1,komentar
user_a65aeb4a51ab,FILM::Jurnal Risa by Risa Saraswati (2024),1,komentar
user_a78b1bd837e7,FILM::Jurnal Risa by Risa Saraswati (2024),1,komentar
user_a807a219e9ca,FILM::Jurnal Risa by Risa Saraswati (2024),1,komentar
user_a816c73f8b6e,FILM::Jurnal Risa by Risa Saraswati (2024),1,komentar
user_a828f40ebd18,FILM::Jurnal Risa by Risa Saraswati (2024),1,komentar
user_a837c9e85097,FILM::Jurnal Risa by Risa Saraswati (2024),1,komentar
user_a83b3562c5cf,FILM::Jurnal Risa by Risa Saraswati (2024),1,komentar
user_a854b1fcea24,FILM::Jurnal Risa by Risa Saraswati (2024),1,komentar
user_a8afb3b2acf4,FILM::Jurnal Risa by Risa Saraswati (2024),1,komentar
user_a8e2d422852a,FILM::Jurnal Risa by Risa Saraswati (2024),1,komentar
user_a90c7311472c,FILM::Jurnal Risa by Risa Saraswati (2024),1,komentar
user_a9afd7e485a7,FILM::Jurnal Risa by Risa Saraswati (2024),1,komentar
user_a9d632c46860,FILM::Jurnal Risa by Risa Saraswati (2024),1,komentar
user_aa01dad36c6c,FILM::Jurnal Risa by Risa Saraswati (2024),1,komentar
user_aa4afda117c1,FILM::Jurnal Risa by Risa Saraswati (2024),1,komentar
user_aa9711e12285,FILM::Jurnal Risa by Risa Saraswati (2024),2,komentar
user_aabcc9be86e7,FILM::Jurnal Risa by Risa Saraswati (2024),1,komentar
user_aad9a62b0d48,FILM::Jurnal Risa by Risa Saraswati (2024),1,komentar
user_ab060177e951,FILM::Jurnal Risa by Risa Saraswati (2024),1,komentar
user_ab10b2a2d395,FILM::Jurnal Risa by Risa Saraswati (2024),1,komentar
user_ab3590bac237,FILM::Jurnal Risa by Risa Saraswati (2024),1,komentar
user_ab78d2b7eb86,FILM::Jurnal Risa by Risa Saraswati (2024),1,komentar
user_abf9768a16d1,FILM::Jurnal Risa by Risa Saraswati (2024),1,komentar
user_ac9c6739df1d,FILM::Jurnal Risa by Risa Saraswati (2024),1,komentar
user_aca4c587b1e8,FILM::Jurnal Risa by Risa Saraswati (2024),1,komentar
user_ad1e36e4a30a,FILM::Jurnal Risa by Risa Saraswati (2024),2,komentar
user_ad25e4c47187,FILM::Jurnal Risa by Risa Saraswati (2024),5,komentar
user_ad3eef34d050,FILM::Jurnal Risa by Risa Saraswati (2024),1,komentar
user_ad62fe684494,FILM::Jurnal Risa by Risa Saraswati (2024),1,komentar
user_ae146bdca635,FILM::Jurnal Risa by Risa Saraswati (2024),3,komentar
user_ae92070af57c,FILM::Jurnal Risa by Risa Saraswati (2024),1,komentar
user_ae93cf95c4a3,FILM::Jurnal Risa by Risa Saraswati (2024),1,komentar
user_aeefa61aef4b,FILM::Jurnal Risa by Risa Saraswati (2024),1,komentar
user_af050625b79c,FILM::Jurnal Risa by Risa Saraswati (2024),1,komentar
user_af45984e167f,FILM::Jurnal Risa by Risa Saraswati (2024),1,komentar
user_af91dda6ae7c,FILM::Jurnal Risa by Risa Saraswati (2024),1,komentar
user_afeb4fa2ad41,FILM::Jurnal Risa by Risa Saraswati (2024),1,komentar
user_aff9f9b774a1,FILM::Jurnal Risa by Risa Saraswati (2024),1,komentar
user_b00478ad3777,FILM::Jurnal Risa by Risa Saraswati (2024),1,komentar
user_b07c105fa3a7,FILM::Jurnal Risa by Risa Saraswati (2024),1,komentar
user_b098cfda070c,FILM::Jurnal Risa by Risa Saraswati (2024),1,komentar
user_b09e32545ecd,FILM::Jurnal Risa by Risa Saraswati (2024),1,komentar
user_b0c3778a4db0,FILM::Jurnal Risa by Risa Saraswati (2024),1,komentar
user_b0eeb384bb5e,FILM::Jurnal Risa by Risa Saraswati (2024),1,komentar
user_b1d54e18ee7a,FILM::Jurnal Risa by Risa Saraswati (2024),1,komentar
user_b1e26182ecf5,FILM::Jurnal Risa by Risa Saraswati (2024),1,komentar
user_b23f498b9b2c,FILM::Jurnal Risa by Risa Saraswati (2024),1,komentar
user_b29fe22f9196,FILM::Jurnal Risa by Risa Saraswati (2024),2,komentar
user_b2b7030bdc1b,FILM::Jurnal Risa by Risa Saraswati (2024),1,komentar
user_b2ec0e0b6ed0,FILM::Jurnal Risa by Risa Saraswati (2024),4,komentar
user_b3817ac0077c,FILM::Jurnal Risa by Risa Saraswati (2024),2,komentar
user_b3a147538560,FILM::Jurnal Risa by Risa Saraswati (2024),1,komentar
user_b3a3e542d152,FILM::Jurnal Risa by Risa Saraswati (2024),1,komentar
user_b3c28242a7d0,FILM::Jurnal Risa by Risa Saraswati (2024),1,komentar
user_b45f3425cf0d,FILM::Jurnal Risa by Risa Saraswati (2024),1,komentar
user_b483b2322ecc,FILM::Jurnal Risa by Risa Saraswati (2024),1,komentar
user_b54ac9e31064,FILM::Jurnal Risa by Risa Saraswati (2024),1,komentar
user_b56bc510d95f,FILM::Jurnal Risa by Risa Saraswati (2024),2,komentar
user_b5e370f4ef3a,FILM::Jurnal Risa by Risa Saraswati (2024),1,komentar
user_b60a00aba33b,FILM::Jurnal Risa by Risa Saraswati (2024),1,komentar
user_b6850860314f,FILM::Jurnal Risa by Risa Saraswati (2024),1,komentar
user_b74c76a8e9dc,FILM::Jurnal Risa by Risa Saraswati (2024),1,komentar
user_b76df8364567,FILM::Jurnal Risa by Risa Saraswati (2024),1,komentar
user_b9327e8bb7aa,FILM::Jurnal Risa by Risa Saraswati (2024),2,komentar
user_b9618c394bdf,FILM::Jurnal Risa by Risa Saraswati (2024),1,komentar
user_b99a38b8a3ce,FILM::Jurnal Risa by Risa Saraswati (2024),1,komentar
user_b9b76db4256e,FILM::Jurnal Risa by Risa Saraswati (2024),1,komentar
user_b9c7093c665f,FILM::Jurnal Risa by Risa Saraswati (2024),1,komentar
user_b9f96337ed87,FILM::Jurnal Risa by Risa Saraswati (2024),1,komentar
user_b9fc03d22ea1,FILM::Jurnal Risa by Risa Saraswati (2024),1,komentar
user_ba10a9f047ca,FILM::Jurnal Risa by Risa Saraswati (2024),1,komentar
user_ba14c7fc7480,FILM::Jurnal Risa by Risa Saraswati (2024),1,komentar
user_ba2c8f74d3c7,FILM::Jurnal Risa by Risa Saraswati (2024),1,komentar
user_ba5910b81132,FILM::Jurnal Risa by Risa Saraswati (2024),1,komentar
user_ba99c760c661,FILM::Jurnal Risa by Risa Saraswati (2024),1,komentar
user_bb61185485cc,FILM::Jurnal Risa by Risa Saraswati (2024),1,komentar
user_bbab30cf0bd6,FILM::Jurnal Risa by Risa Saraswati (2024),1,komentar
user_bc009502b874,FILM::Jurnal Risa by Risa Saraswati (2024),1,komentar
user_bc217853f19e,FILM::Jurnal Risa by Risa Saraswati (2024),3,komentar
user_bd151f0ff8ae,FILM::Jurnal Risa by Risa Saraswati (2024),2,komentar
user_bd5246028e43,FILM::Jurnal Risa by Risa Saraswati (2024),1,komentar
user_bdaa6e5c24f5,FILM::Jurnal Risa by Risa Saraswati (2024),1,komentar
user_bdfbf0b2df5c,FILM::Jurnal Risa by Risa Saraswati (2024),1,komentar
user_be288951f5f0,FILM::Jurnal Risa by Risa Saraswati (2024),1,komentar
user_bf2480bf4381,FILM::Jurnal Risa by Risa Saraswati (2024),1,komentar
user_bf9bb2b5e3d1,FILM::Jurnal Risa by Risa Saraswati (2024),1,komentar
user_bfac7fb037ba,FILM::Jurnal Risa by Risa Saraswati (2024),1,komentar
user_c05cd9b58327,FILM::Jurnal Risa by Risa Saraswati (2024),1,komentar
user_c0a58ae79900,FILM::Jurnal Risa by Risa Saraswati (2024),1,komentar
user_c0c962fae716,FILM::Jurnal Risa by Risa Saraswati (2024),1,komentar
user_c11d5cdd5e1e,FILM::Jurnal Risa by Risa Saraswati (2024),1,komentar
user_c1ea0e50248c,FILM::Jurnal Risa by Risa Saraswati (2024),1,komentar
user_c2790994be9f,FILM::Jurnal Risa by Risa Saraswati (2024),1,komentar
user_c28e01cfa492,FILM::Jurnal Risa by Risa Saraswati (2024),1,komentar
user_c2d741f516e8,FILM::Jurnal Risa by Risa Saraswati (2024),1,komentar
user_c328571229ec,FILM::Jurnal Risa by Risa Saraswati (2024),1,komentar
user_c32995591c49,FILM::Jurnal Risa by Risa Saraswati (2024),1,komentar
user_c3764b1b9cab,FILM::Jurnal Risa by Risa Saraswati (2024),1,komentar
user_c3987c45c3a6,FILM::Jurnal Risa by Risa Saraswati (2024),1,komentar
user_c3c6144bbbe3,FILM::Jurnal Risa by Risa Saraswati (2024),1,komentar
user_c3cd6f4a3108,FILM::Jurnal Risa by Risa Saraswati (2024),1,komentar
user_c41c1cc29476,FILM::Jurnal Risa by Risa Saraswati (2024),1,komentar
user_c46189e060da,FILM::Jurnal Risa by Risa Saraswati (2024),1,komentar
user_c48438da75ee,FILM::Jurnal Risa by Risa Saraswati (2024),1,komentar
user_c5c5b384148a,FILM::Jurnal Risa by Risa Saraswati (2024),1,komentar
user_c5d7511b397d,FILM::Jurnal Risa by Risa Saraswati (2024),1,komentar
user_c6331ddc0d2b,FILM::Jurnal Risa by Risa Saraswati (2024),1,komentar
user_c6392610bbe8,FILM::Jurnal Risa by Risa Saraswati (2024),1,komentar
user_c64b2f79e082,FILM::Jurnal Risa by Risa Saraswati (2024),1,komentar
user_c69a803b1fd7,FILM::Jurnal Risa by Risa Saraswati (2024),1,komentar
user_c6bd9e7e564f,FILM::Jurnal Risa by Risa Saraswati (2024),1,komentar
user_c854410e45ef,FILM::Jurnal Risa by Risa Saraswati (2024),1,komentar
user_c88aa9e8d134,FILM::Jurnal Risa by Risa Saraswati (2024),1,komentar
user_c8ace41bc2c5,FILM::Jurnal Risa by Risa Saraswati (2024),1,komentar
user_c901eee41922,FILM::Jurnal Risa by Risa Saraswati (2024),1,komentar
user_c9f0d204e740,FILM::Jurnal Risa by Risa Saraswati (2024),1,komentar
user_c9f9ebe4d55e,FILM::Jurnal Risa by Risa Saraswati (2024),1,komentar
user_ca42af4bcfaa,FILM::Jurnal Risa by Risa Saraswati (2024),1,komentar
user_cbab1a113b03,FILM::Jurnal Risa by Risa Saraswati (2024),2,komentar
user_cc639db27c4c,FILM::Jurnal Risa by Risa Saraswati (2024),1,komentar
user_cc9f9bf22f05,FILM::Jurnal Risa by Risa Saraswati (2024),1,komentar
user_ccacf22714c0,FILM::Jurnal Risa by Risa Saraswati (2024),1,komentar
user_ccf2a47532a0,FILM::Jurnal Risa by Risa Saraswati (2024),1,komentar
user_ce1eeec7bd0a,FILM::Jurnal Risa by Risa Saraswati (2024),1,komentar
user_ce9cdd4b9722,FILM::Jurnal Risa by Risa Saraswati (2024),1,komentar
user_ceafb587edc6,FILM::Jurnal Risa by Risa Saraswati (2024),1,komentar
user_ced272254c2e,FILM::Jurnal Risa by Risa Saraswati (2024),1,komentar
user_cee5109c6474,FILM::Jurnal Risa by Risa Saraswati (2024),1,komentar
user_cfc471a34fd4,FILM::Jurnal Risa by Risa Saraswati (2024),1,komentar
user_cfc496454658,FILM::Jurnal Risa by Risa Saraswati (2024),1,komentar
user_d016babfedea,FILM::Jurnal Risa by Risa Saraswati (2024),1,komentar
user_d0b53931b1f4,FILM::Jurnal Risa by Risa Saraswati (2024),1,komentar
user_d0c7f0b68199,FILM::Jurnal Risa by Risa Saraswati (2024),1,komentar
user_d0ccc722bac0,FILM::Jurnal Risa by Risa Saraswati (2024),1,komentar
user_d24b1bc2e055,FILM::Jurnal Risa by Risa Saraswati (2024),1,komentar
user_d264c7c70724,FILM::Jurnal Risa by Risa Saraswati (2024),1,komentar
user_d2cb1fc1d346,FILM::Jurnal Risa by Risa Saraswati (2024),2,komentar
user_d300912ca35e,FILM::Jurnal Risa by Risa Saraswati (2024),1,komentar
user_d3194aafc394,FILM::Jurnal Risa by Risa Saraswati (2024),1,komentar
user_d37bdfe5f26e,FILM::Jurnal Risa by Risa Saraswati (2024),2,komentar
user_d3a3a43c7432,FILM::Jurnal Risa by Risa Saraswati (2024),1,komentar
user_d40fdd67b02f,FILM::Jurnal Risa by Risa Saraswati (2024),1,komentar
user_d55429947366,FILM::Jurnal Risa by Risa Saraswati (2024),1,komentar
user_d586e67422c3,FILM::Jurnal Risa by Risa Saraswati (2024),1,komentar
user_d607b38a83bb,FILM::Jurnal Risa by Risa Saraswati (2024),1,komentar
user_d6392ad4e7f1,FILM::Jurnal Risa by Risa Saraswati (2024),3,komentar
user_d737820437b9,FILM::Jurnal Risa by Risa Saraswati (2024),1,komentar
user_d746bf4c578c,FILM::Jurnal Risa by Risa Saraswati (2024),1,komentar
user_d795e13d801e,FILM::Jurnal Risa by Risa Saraswati (2024),1,komentar
user_d7fb4181f2cf,FILM::Jurnal Risa by Risa Saraswati (2024),1,komentar
user_d868f57781e0,FILM::Jurnal Risa by Risa Saraswati (2024),1,komentar
user_d8b2db32afde,FILM::Jurnal Risa by Risa Saraswati (2024),1,komentar
user_d927699fd647,FILM::Jurnal Risa by Risa Saraswati (2024),1,komentar
user_d93ac89ba2c1,FILM::Jurnal Risa by Risa Saraswati (2024),1,komentar
user_d9530de3ea17,FILM::Jurnal Risa by Risa Saraswati (2024),1,komentar
user_d987b6a0a402,FILM::Jurnal Risa by Risa Saraswati (2024),2,komentar
user_d9c7f85bd984,FILM::Jurnal Risa by Risa Saraswati (2024),1,komentar
user_d9d0bbb75f91,FILM::Jurnal Risa by Risa Saraswati (2024),1,komentar
user_d9edfb227551,FILM::Jurnal Risa by Risa Saraswati (2024),1,komentar
user_da1cad949137,FILM::Jurnal Risa by Risa Saraswati (2024),1,komentar
user_db82dd4c5efd,FILM::Jurnal Risa by Risa Saraswati (2024),1,komentar
user_db8eb7760021,FILM::Jurnal Risa by Risa Saraswati (2024),1,komentar
user_dbb87df7b23a,FILM::Jurnal Risa by Risa Saraswati (2024),1,komentar
user_dc108d7587fd,FILM::Jurnal Risa by Risa Saraswati (2024),1,komentar
user_dc5e1b8ef9ee,FILM::Jurnal Risa by Risa Saraswati (2024),1,komentar
user_dcc5ab63f891,FILM::Jurnal Risa by Risa Saraswati (2024),1,komentar
user_dd3451188af4,FILM::Jurnal Risa by Risa Saraswati (2024),1,komentar
user_dd62087a93f1,FILM::Jurnal Risa by Risa Saraswati (2024),2,komentar
user_dd9a1b416d7a,FILM::Jurnal Risa by Risa Saraswati (2024),1,komentar
user_de0793a6833c,FILM::Jurnal Risa by Risa Saraswati (2024),2,komentar
user_de5f1c44afac,FILM::Jurnal Risa by Risa Saraswati (2024),1,komentar
user_de89caa59e87,FILM::Jurnal Risa by Risa Saraswati (2024),1,komentar
user_dea297b60f0e,FILM::Jurnal Risa by Risa Saraswati (2024),1,komentar
user_df346126512c,FILM::Jurnal Risa by Risa Saraswati (2024),1,komentar
user_e021498e148c,FILM::Jurnal Risa by Risa Saraswati (2024),1,komentar
user_e209cf72c190,FILM::Jurnal Risa by Risa Saraswati (2024),1,komentar
user_e2320d824d47,FILM::Jurnal Risa by Risa Saraswati (2024),6,komentar
user_e2f580e20243,FILM::Jurnal Risa by Risa Saraswati (2024),1,komentar
user_e3726c613829,FILM::Jurnal Risa by Risa Saraswati (2024),1,komentar
user_e488d5b08ce4,FILM::Jurnal Risa by Risa Saraswati (2024),1,komentar
user_e49a5e09aabc,FILM::Jurnal Risa by Risa Saraswati (2024),1,komentar
user_e5d217edfb37,FILM::Jurnal Risa by Risa Saraswati (2024),1,komentar
user_e80f9625a6cd,FILM::Jurnal Risa by Risa Saraswati (2024),1,komentar
user_e882cbc99888,FILM::Jurnal Risa by Risa Saraswati (2024),2,komentar
user_e8d9000e4025,FILM::Jurnal Risa by Risa Saraswati (2024),1,komentar
user_e9d8d4112f4b,FILM::Jurnal Risa by Risa Saraswati (2024),1,komentar
user_ea15bcdc4654,FILM::Jurnal Risa by Risa Saraswati (2024),1,komentar
user_ea5042e5b89e,FILM::Jurnal Risa by Risa Saraswati (2024),1,komentar
user_ee1eb3dc51e9,FILM::Jurnal Risa by Risa Saraswati (2024),1,komentar
user_ee39d1b1fff0,FILM::Jurnal Risa by Risa Saraswati (2024),1,komentar
user_eea47aec8250,FILM::Jurnal Risa by Risa Saraswati (2024),1,komentar
user_eec299850129,FILM::Jurnal Risa by Risa Saraswati (2024),1,komentar
user_efa4cae6f1c1,FILM::Jurnal Risa by Risa Saraswati (2024),1,komentar
user_efac09c362e4,FILM::Jurnal Risa by Risa Saraswati (2024),1,komentar
user_f21177b3b42d,FILM::Jurnal Risa by Risa Saraswati (2024),1,komentar
user_f218b778268e,FILM::Jurnal Risa by Risa Saraswati (2024),1,komentar
user_f234497a769d,FILM::Jurnal Risa by Risa Saraswati (2024),1,komentar
user_f24c37921dfa,FILM::Jurnal Risa by Risa Saraswati (2024),1,komentar
user_f288fc97ee9e,FILM::Jurnal Risa by Risa Saraswati (2024),2,komentar
user_f31342f872b6,FILM::Jurnal Risa by Risa Saraswati (2024),2,komentar
user_f386d008be34,FILM::Jurnal Risa by Risa Saraswati (2024),2,komentar
user_f3912dca550f,FILM::Jurnal Risa by Risa Saraswati (2024),1,komentar
user_f43977bd4cee,FILM::Jurnal Risa by Risa Saraswati (2024),1,komentar
user_f44a02a09ec9,FILM::Jurnal Risa by Risa Saraswati (2024),1,komentar
user_f5e7a10cc366,FILM::Jurnal Risa by Risa Saraswati (2024),1,komentar
user_f5ff72ce6c0c,FILM::Jurnal Risa by Risa Saraswati (2024),1,komentar
user_f60fceda20ba,FILM::Jurnal Risa by Risa Saraswati (2024),1,komentar
user_f69266af4724,FILM::Jurnal Risa by Risa Saraswati (2024),1,komentar
user_f6bedb79d522,FILM::Jurnal Risa by Risa Saraswati (2024),1,komentar
user_f89fcf15cadf,FILM::Jurnal Risa by Risa Saraswati (2024),1,komentar
user_f8d80229e83c,FILM::Jurnal Risa by Risa Saraswati (2024),1,komentar
user_f8fd7b60db30,FILM::Jurnal Risa by Risa Saraswati (2024),2,komentar
user_f92a9deca59e,FILM::Jurnal Risa by Risa Saraswati (2024),1,komentar
user_f99846ae7318,FILM::Jurnal Risa by Risa Saraswati (2024),1,komentar
user_fac5b4be3ec5,FILM::Jurnal Risa by Risa Saraswati (2024),1,komentar
user_fb06c2067d22,FILM::Jurnal Risa by Risa Saraswati (2024),1,komentar
user_fbd6497dc3ec,FILM::Jurnal Risa by Risa Saraswati (2024),1,komentar
user_fbdd4a2958a4,FILM::Jurnal Risa by Risa Saraswati (2024),1,komentar
user_fc72a363dd9d,FILM::Jurnal Risa by Risa Saraswati (2024),1,komentar
user_fd4dcb411393,FILM::Jurnal Risa by Risa Saraswati (2024),1,komentar
user_fd67f4b19b57,FILM::Jurnal Risa by Risa Saraswati (2024),1,komentar
user_fd7bf961bcc5,FILM::Jurnal Risa by Risa Saraswati (2024),1,komentar
user_fe1d725f3797,FILM::Jurnal Risa by Risa Saraswati (2024),1,komentar
user_fe244f4f1c48,FILM::Jurnal Risa by Risa Saraswati (2024),1,komentar
user_fe5fbe206734,FILM::Jurnal Risa by Risa Saraswati (2024),1,komentar
user_fe9391a6dc8d,FILM::Jurnal Risa by Risa Saraswati (2024),1,komentar
user_fec788096db2,FILM::Jurnal Risa by Risa Saraswati (2024),1,komentar
user_ff63da2f4338,FILM::Jurnal Risa by Risa Saraswati (2024),1,komentar
user_ff9dc88be4ca,FILM::Jurnal Risa by Risa Saraswati (2024),1,komentar
user_ffd27ebcff78,FILM::Jurnal Risa by Risa Saraswati (2024),1,komentar
user_008d8ebcd8c2,user_0d9aab5bac08,1,balasan
user_009393498251,user_a83b3562c5cf,1,balasan
user_00bd6d27c302,Indigo: What Do You See? (2023),1,komentar
user_00d3e8336f37,FILM::Indigo: What Do You See? (2023),2,komentar
user_010874983d27,FILM::Indigo: What Do You See? (2023),1,komentar
user_012a4ba54075,FILM::Indigo: What Do You See? (2023),1,komentar
user_01c29ce25135,FILM::Indigo: What Do You See? (2023),1,komentar
user_01df19e33cf0,FILM::Indigo: What Do You See? (2023),1,komentar
user_02ba5c4db6c4,FILM::Indigo: What Do You See? (2023),1,komentar
user_03c08404afa3,FILM::Indigo: What Do You See? (2023),1,komentar
user_0406ebcde49a,FILM::Indigo: What Do You See? (2023),1,komentar
user_046b2a9afe99,FILM::Indigo: What Do You See? (2023),1,komentar
user_04d2f4545abb,FILM::Indigo: What Do You See? (2023),1,komentar
user_064bd93d275e,FILM::Indigo: What Do You See? (2023),1,komentar
user_06a48dced9d0,FILM::Indigo: What Do You See? (2023),1,komentar
user_06b812bb8fe2,FILM::Indigo: What Do You See? (2023),1,komentar
user_06f50d35567d,FILM::Indigo: What Do You See? (2023),1,komentar
user_070b68d549e7,FILM::Indigo: What Do You See? (2023),1,komentar
user_07163fda293b,FILM::Indigo: What Do You See? (2023),1,komentar
user_081ea451a574,FILM::Indigo: What Do You See? (2023),1,komentar
user_084fbb193ab9,FILM::Indigo: What Do You See? (2023),2,komentar
user_0a7909a859dd,FILM::Indigo: What Do You See? (2023),1,komentar
user_0ab1883cb134,FILM::Indigo: What Do You See? (2023),1,komentar
user_0ad5fbe8727f,FILM::Indigo: What Do You See? (2023),1,komentar
user_0b14c6c86081,FILM::Indigo: What Do You See? (2023),1,komentar
user_0b49885ce276,FILM::Indigo: What Do You See? (2023),1,komentar
user_0bb1766e0d11,FILM::Indigo: What Do You See? (2023),1,komentar
user_0c500d5cef19,FILM::Indigo: What Do You See? (2023),1,komentar
user_0cc986dd9cbe,FILM::Indigo: What Do You See? (2023),1,komentar
user_0d5576dc9b57,FILM::Indigo: What Do You See? (2023),1,komentar
user_0e1ec5ab442b,FILM::Indigo: What Do You See? (2023),1,komentar
user_0e20fe72e02f,FILM::Indigo: What Do You See? (2023),1,komentar
user_0e2a4525a1f6,FILM::Indigo: What Do You See? (2023),1,komentar
user_0eb7c96fe903,FILM::Indigo: What Do You See? (2023),1,komentar
user_0f29a412caa9,FILM::Indigo: What Do You See? (2023),1,komentar
user_0fde2d525a70,FILM::Indigo: What Do You See? (2023),1,komentar
user_103ec0e905fc,FILM::Indigo: What Do You See? (2023),1,komentar
user_10870c853da8,FILM::Indigo: What Do You See? (2023),1,komentar
user_10a85310433b,FILM::Indigo: What Do You See? (2023),1,komentar
user_10c28f6ab3c1,FILM::Indigo: What Do You See? (2023),1,komentar
user_1209217f701b,FILM::Indigo: What Do You See? (2023),1,komentar
user_126a16bc235f,FILM::Indigo: What Do You See? (2023),1,komentar
user_12fe1fe76985,FILM::Indigo: What Do You See? (2023),1,komentar
user_13664f7870d3,FILM::Indigo: What Do You See? (2023),1,komentar
user_138617caadec,FILM::Indigo: What Do You See? (2023),1,komentar
user_14e91eab71d3,FILM::Indigo: What Do You See? (2023),1,komentar
user_15548ab96d87,FILM::Indigo: What Do You See? (2023),1,komentar
user_155c4966eacd,FILM::Indigo: What Do You See? (2023),1,komentar
user_15655ef202d7,FILM::Indigo: What Do You See? (2023),2,komentar
user_159e0523db0d,FILM::Indigo: What Do You See? (2023),1,komentar
user_1608c1e94073,FILM::Indigo: What Do You See? (2023),2,komentar
user_163c9e882daa,FILM::Indigo: What Do You See? (2023),1,komentar
user_167f8370b1df,FILM::Indigo: What Do You See? (2023),1,komentar
user_16c842132ee0,FILM::Indigo: What Do You See? (2023),2,komentar
user_18422cf3785f,FILM::Indigo: What Do You See? (2023),1,komentar
user_1964e50fde7f,FILM::Indigo: What Do You See? (2023),1,komentar
user_19dbe486cac9,FILM::Indigo: What Do You See? (2023),1,komentar
user_1a26e5ebf2b8,FILM::Indigo: What Do You See? (2023),5,komentar
user_1a80b92fe552,FILM::Indigo: What Do You See? (2023),5,komentar
user_1a90cfc21cd0,FILM::Indigo: What Do You See? (2023),1,komentar
user_1aa99fe32316,FILM::Indigo: What Do You See? (2023),2,komentar
user_1b87475d36da,FILM::Indigo: What Do You See? (2023),1,komentar
user_1bcb24af5f7c,FILM::Indigo: What Do You See? (2023),1,komentar
user_1bd64d5dd889,FILM::Indigo: What Do You See? (2023),1,komentar
user_1c3d6705483a,FILM::Indigo: What Do You See? (2023),1,komentar
user_1c5cf2304a9f,FILM::Indigo: What Do You See? (2023),1,komentar
user_1c9f327cf572,FILM::Indigo: What Do You See? (2023),2,komentar
user_1dc50631630c,FILM::Indigo: What Do You See? (2023),1,komentar
user_1df754e79e94,FILM::Indigo: What Do You See? (2023),1,komentar
user_1e5eec699af6,FILM::Indigo: What Do You See? (2023),1,komentar
user_1e682ec20bb4,FILM::Indigo: What Do You See? (2023),1,komentar
user_1e8068f4b208,FILM::Indigo: What Do You See? (2023),3,komentar
user_1f0b7233614e,FILM::Indigo: What Do You See? (2023),1,komentar
user_1f0fee1929e9,FILM::Indigo: What Do You See? (2023),1,komentar
user_1f30336661df,FILM::Indigo: What Do You See? (2023),1,komentar
user_1f48394ed479,FILM::Indigo: What Do You See? (2023),1,komentar
user_1fe66ae286a7,FILM::Indigo: What Do You See? (2023),1,komentar
user_1fea53693295,FILM::Indigo: What Do You See? (2023),1,komentar
user_1ff434d89e56,FILM::Indigo: What Do You See? (2023),1,komentar
user_202c46f735b0,FILM::Indigo: What Do You See? (2023),1,komentar
user_20c3243571cd,FILM::Indigo: What Do You See? (2023),1,komentar
user_2157d5c986c4,FILM::Indigo: What Do You See? (2023),1,komentar
user_2158c4b97d9d,FILM::Indigo: What Do You See? (2023),1,komentar
user_216f08274e3c,FILM::Indigo: What Do You See? (2023),1,komentar
user_21abdad68e96,FILM::Indigo: What Do You See? (2023),1,komentar
user_21aca3f03fe5,FILM::Indigo: What Do You See? (2023),1,komentar
user_21e8355c433f,FILM::Indigo: What Do You See? (2023),1,komentar
user_23b81dd02e4e,FILM::Indigo: What Do You See? (2023),1,komentar
user_23cdd7af99bf,FILM::Indigo: What Do You See? (2023),1,komentar
user_23eea57be985,FILM::Indigo: What Do You See? (2023),1,komentar
user_24a45131034e,FILM::Indigo: What Do You See? (2023),1,komentar
user_256c39e993f2,FILM::Indigo: What Do You See? (2023),1,komentar
user_257b370b1ce6,FILM::Indigo: What Do You See? (2023),5,komentar
user_25ad25c7f6da,FILM::Indigo: What Do You See? (2023),1,komentar
user_25b1b2839140,FILM::Indigo: What Do You See? (2023),1,komentar
user_25d4ccb49b4b,FILM::Indigo: What Do You See? (2023),1,komentar
user_26528c908db5,FILM::Indigo: What Do You See? (2023),1,komentar
user_26d3114198c8,FILM::Indigo: What Do You See? (2023),1,komentar
user_27003f817aed,FILM::Indigo: What Do You See? (2023),1,komentar
user_2771c2043539,FILM::Indigo: What Do You See? (2023),1,komentar
user_2790d17c86cf,FILM::Indigo: What Do You See? (2023),1,komentar
user_27fcd936e003,FILM::Indigo: What Do You See? (2023),1,komentar
user_28341b1c629e,FILM::Indigo: What Do You See? (2023),1,komentar
user_28d4704310b9,FILM::Indigo: What Do You See? (2023),1,komentar
user_291eef411dee,FILM::Indigo: What Do You See? (2023),1,komentar
user_295c53f7bea4,FILM::Indigo: What Do You See? (2023),1,komentar
user_29ffaf61bbd7,FILM::Indigo: What Do You See? (2023),1,komentar
user_2a0f4d37d12a,FILM::Indigo: What Do You See? (2023),1,komentar
user_2a467219809b,FILM::Indigo: What Do You See? (2023),1,komentar
user_2a7c3599f65d,FILM::Indigo: What Do You See? (2023),1,komentar
user_2aae106c46ce,FILM::Indigo: What Do You See? (2023),1,komentar
user_2ad14f836bd0,FILM::Indigo: What Do You See? (2023),1,komentar
user_2bafbc9d9353,FILM::Indigo: What Do You See? (2023),1,komentar
user_2bb8afa04f32,FILM::Indigo: What Do You See? (2023),1,komentar
user_2bb98e049ce6,FILM::Indigo: What Do You See? (2023),1,komentar
user_2bcb08aae9ee,FILM::Indigo: What Do You See? (2023),1,komentar
user_2bd8cca2f633,FILM::Indigo: What Do You See? (2023),1,komentar
user_2bd98081cb03,FILM::Indigo: What Do You See? (2023),1,komentar
user_2c8319840695,FILM::Indigo: What Do You See? (2023),1,komentar
user_2c883480902a,FILM::Indigo: What Do You See? (2023),1,komentar
user_2cafae390b9b,FILM::Indigo: What Do You See? (2023),1,komentar
user_2e2ea3fec890,FILM::Indigo: What Do You See? (2023),2,komentar
user_2f3596d21c38,FILM::Indigo: What Do You See? (2023),1,komentar
user_2f6b36784337,FILM::Indigo: What Do You See? (2023),1,komentar
user_2f9aec8636ae,FILM::Indigo: What Do You See? (2023),1,komentar
user_30a5c1c55156,FILM::Indigo: What Do You See? (2023),1,komentar
user_3115c8d04308,FILM::Indigo: What Do You See? (2023),1,komentar
user_312d7167b1f4,FILM::Indigo: What Do You See? (2023),1,komentar
user_31533b2de639,FILM::Indigo: What Do You See? (2023),1,komentar
user_315a2de1f3e4,FILM::Indigo: What Do You See? (2023),1,komentar
user_31ab7c9811d0,FILM::Indigo: What Do You See? (2023),1,komentar
user_3233fe48666b,FILM::Indigo: What Do You See? (2023),1,komentar
user_3398a69005e6,FILM::Indigo: What Do You See? (2023),1,komentar
user_3435c3d16457,FILM::Indigo: What Do You See? (2023),1,komentar
user_34e947bbea6c,FILM::Indigo: What Do You See? (2023),7,komentar
user_35fdf85618f2,FILM::Indigo: What Do You See? (2023),1,komentar
user_3630b8e370d1,FILM::Indigo: What Do You See? (2023),1,komentar
user_365946ea5257,FILM::Indigo: What Do You See? (2023),1,komentar
user_36eb0a321867,FILM::Indigo: What Do You See? (2023),2,komentar
user_381c00858e38,FILM::Indigo: What Do You See? (2023),1,komentar
user_387d9cbf6ecf,FILM::Indigo: What Do You See? (2023),1,komentar
user_38807d525989,FILM::Indigo: What Do You See? (2023),1,komentar
user_38fcd7080279,FILM::Indigo: What Do You See? (2023),1,komentar
user_39200c048b2f,FILM::Indigo: What Do You See? (2023),1,komentar
user_395b1ac62914,FILM::Indigo: What Do You See? (2023),2,komentar
user_39c85f337cc6,FILM::Indigo: What Do You See? (2023),1,komentar
user_3a1cede53bcb,FILM::Indigo: What Do You See? (2023),1,komentar
user_3a8723daf884,FILM::Indigo: What Do You See? (2023),1,komentar
user_3b4a7c8e6272,FILM::Indigo: What Do You See? (2023),2,komentar
user_3c00d8f4fb56,FILM::Indigo: What Do You See? (2023),1,komentar
user_3c37bb671eb7,FILM::Indigo: What Do You See? (2023),1,komentar
user_3c5816e34ca5,FILM::Indigo: What Do You See? (2023),1,komentar
user_3cd68309fabf,FILM::Indigo: What Do You See? (2023),1,komentar
user_3cec97966c4d,FILM::Indigo: What Do You See? (2023),1,komentar
user_3d7559acf603,FILM::Indigo: What Do You See? (2023),1,komentar
user_3e1186b3d495,FILM::Indigo: What Do You See? (2023),1,komentar
user_3e61b2176b49,FILM::Indigo: What Do You See? (2023),1,komentar
user_3e9f11e087e6,FILM::Indigo: What Do You See? (2023),1,komentar
user_3eb1b530e841,FILM::Indigo: What Do You See? (2023),1,komentar
user_3f219f2db178,FILM::Indigo: What Do You See? (2023),1,komentar
user_3fc488d00833,FILM::Indigo: What Do You See? (2023),1,komentar
user_3fdd8d855f72,FILM::Indigo: What Do You See? (2023),1,komentar
user_40a2d288d4a4,FILM::Indigo: What Do You See? (2023),1,komentar
user_4111a82b89a7,FILM::Indigo: What Do You See? (2023),1,komentar
user_414f151d89cc,FILM::Indigo: What Do You See? (2023),1,komentar
user_4205c2ea5542,FILM::Indigo: What Do You See? (2023),1,komentar
user_425179bd37a8,FILM::Indigo: What Do You See? (2023),1,komentar
user_435ab9c64fd1,FILM::Indigo: What Do You See? (2023),1,komentar
user_439c92f7edec,FILM::Indigo: What Do You See? (2023),1,komentar
user_446f0f560f15,FILM::Indigo: What Do You See? (2023),1,komentar
user_44d80cedb7d2,FILM::Indigo: What Do You See? (2023),1,komentar
user_4507a978c6a6,FILM::Indigo: What Do You See? (2023),1,komentar
user_46255ab81d9a,FILM::Indigo: What Do You See? (2023),1,komentar
user_465fbc97b365,FILM::Indigo: What Do You See? (2023),1,komentar
user_466d9e97cd0b,FILM::Indigo: What Do You See? (2023),1,komentar
user_468809013bfa,FILM::Indigo: What Do You See? (2023),1,komentar
user_47a60e4ef143,FILM::Indigo: What Do You See? (2023),1,komentar
user_48a98728c77f,FILM::Indigo: What Do You See? (2023),1,komentar
user_48d4026bf3fa,FILM::Indigo: What Do You See? (2023),1,komentar
user_49376a547074,FILM::Indigo: What Do You See? (2023),1,komentar
user_4947ab9ff775,FILM::Indigo: What Do You See? (2023),1,komentar
user_49846afbc07a,FILM::Indigo: What Do You See? (2023),1,komentar
user_49d81305a2ed,FILM::Indigo: What Do You See? (2023),1,komentar
user_49ed479a064a,FILM::Indigo: What Do You See? (2023),1,komentar
user_49fbaa777349,FILM::Indigo: What Do You See? (2023),1,komentar
user_4ac4ff8210d3,FILM::Indigo: What Do You See? (2023),1,komentar
user_4b0bd0c67e41,FILM::Indigo: What Do You See? (2023),1,komentar
user_4b64f599d957,FILM::Indigo: What Do You See? (2023),1,komentar
user_4bdd85c213d7,FILM::Indigo: What Do You See? (2023),1,komentar
user_4dff8ddb9cae,FILM::Indigo: What Do You See? (2023),1,komentar
user_4e397e4eede1,FILM::Indigo: What Do You See? (2023),1,komentar
user_4e912473028f,FILM::Indigo: What Do You See? (2023),1,komentar
user_4f66f368d1f0,FILM::Indigo: What Do You See? (2023),1,komentar
user_4fd317efed39,FILM::Indigo: What Do You See? (2023),1,komentar
user_50ed0a9cd079,FILM::Indigo: What Do You See? (2023),1,komentar
user_511f6a301e66,FILM::Indigo: What Do You See? (2023),1,komentar
user_512d599a2ba0,FILM::Indigo: What Do You See? (2023),1,komentar
user_517ad48178be,FILM::Indigo: What Do You See? (2023),1,komentar
user_5195342308b8,FILM::Indigo: What Do You See? (2023),1,komentar
user_51fd62158571,FILM::Indigo: What Do You See? (2023),1,komentar
user_52379497f4f5,FILM::Indigo: What Do You See? (2023),1,komentar
user_525e24e62f1b,FILM::Indigo: What Do You See? (2023),1,komentar
user_52b159baf06b,FILM::Indigo: What Do You See? (2023),1,komentar
user_5341518406d2,FILM::Indigo: What Do You See? (2023),1,komentar
user_535d355bd74e,FILM::Indigo: What Do You See? (2023),1,komentar
user_53f285c21905,FILM::Indigo: What Do You See? (2023),1,komentar
user_540780a4a9d9,FILM::Indigo: What Do You See? (2023),1,komentar
user_54269b1f84ae,FILM::Indigo: What Do You See? (2023),1,komentar
user_543e928884c5,FILM::Indigo: What Do You See? (2023),2,komentar
user_54c4f3e7076d,FILM::Indigo: What Do You See? (2023),1,komentar
user_55117c6565e8,FILM::Indigo: What Do You See? (2023),1,komentar
user_557b5a6ecf9c,FILM::Indigo: What Do You See? (2023),1,komentar
user_56094fbe380c,FILM::Indigo: What Do You See? (2023),1,komentar
user_562cd5fcdc5b,FILM::Indigo: What Do You See? (2023),1,komentar
user_562defe4b3a8,FILM::Indigo: What Do You See? (2023),1,komentar
user_5761c2504682,FILM::Indigo: What Do You See? (2023),1,komentar
user_5786dbc04f58,FILM::Indigo: What Do You See? (2023),1,komentar
user_57dd0e366bb1,FILM::Indigo: What Do You See? (2023),1,komentar
user_57fd901230d9,FILM::Indigo: What Do You See? (2023),1,komentar
user_581a737421eb,FILM::Indigo: What Do You See? (2023),1,komentar
user_58dbca1bd577,FILM::Indigo: What Do You See? (2023),1,komentar
user_590ba9754f80,FILM::Indigo: What Do You See? (2023),1,komentar
user_599a49a289a8,FILM::Indigo: What Do You See? (2023),1,komentar
user_5a3e7ee46d99,FILM::Indigo: What Do You See? (2023),1,komentar
user_5a88c86499e0,FILM::Indigo: What Do You See? (2023),3,komentar
user_5aba1f5b86b6,FILM::Indigo: What Do You See? (2023),1,komentar
user_5b08077a20f6,FILM::Indigo: What Do You See? (2023),1,komentar
user_5b856237cd45,FILM::Indigo: What Do You See? (2023),4,komentar
user_5bb050231fa0,FILM::Indigo: What Do You See? (2023),1,komentar
user_5c426b9e89cf,FILM::Indigo: What Do You See? (2023),1,komentar
user_5cd56d3ab40c,FILM::Indigo: What Do You See? (2023),1,komentar
user_5d64908b97dc,FILM::Indigo: What Do You See? (2023),1,komentar
user_5db06db13f18,FILM::Indigo: What Do You See? (2023),1,komentar
user_5e8bfed153e0,FILM::Indigo: What Do You See? (2023),1,komentar
user_5eaf215a0311,FILM::Indigo: What Do You See? (2023),1,komentar
user_5f8d188fa51a,FILM::Indigo: What Do You See? (2023),2,komentar
user_6079c2035c74,FILM::Indigo: What Do You See? (2023),1,komentar
user_60bd93d274fd,FILM::Indigo: What Do You See? (2023),38,komentar
user_616987c17216,FILM::Indigo: What Do You See? (2023),1,komentar
user_623e45fd62c5,FILM::Indigo: What Do You See? (2023),1,komentar
user_62bfb1a46948,FILM::Indigo: What Do You See? (2023),1,komentar
user_62dcc1efa1ce,FILM::Indigo: What Do You See? (2023),1,komentar
user_62fe56761721,FILM::Indigo: What Do You See? (2023),1,komentar
user_63179bd77df1,FILM::Indigo: What Do You See? (2023),1,komentar
user_636693bd7c20,FILM::Indigo: What Do You See? (2023),1,komentar
user_63b2647d00c8,FILM::Indigo: What Do You See? (2023),1,komentar
user_63d036c36412,FILM::Indigo: What Do You See? (2023),1,komentar
user_63d31e232fdf,FILM::Indigo: What Do You See? (2023),1,komentar
user_63e16bb2cf84,FILM::Indigo: What Do You See? (2023),13,komentar
user_64dc2fbf588f,FILM::Indigo: What Do You See? (2023),1,komentar
user_65209d50a3e7,FILM::Indigo: What Do You See? (2023),1,komentar
user_656e5bf28e5a,FILM::Indigo: What Do You See? (2023),1,komentar
user_65710cff918e,FILM::Indigo: What Do You See? (2023),1,komentar
user_6595c18b8013,FILM::Indigo: What Do You See? (2023),1,komentar
user_65ea982116d6,FILM::Indigo: What Do You See? (2023),1,komentar
user_6644e85c13d4,FILM::Indigo: What Do You See? (2023),1,komentar
user_66c77dc4ede4,FILM::Indigo: What Do You See? (2023),1,komentar
user_66d8b7c74670,FILM::Indigo: What Do You See? (2023),1,komentar
user_66dffe6de1d4,FILM::Indigo: What Do You See? (2023),1,komentar
user_6711f34de4eb,FILM::Indigo: What Do You See? (2023),1,komentar
user_67dde0963b80,FILM::Indigo: What Do You See? (2023),1,komentar
user_67ec78b196f4,FILM::Indigo: What Do You See? (2023),1,komentar
user_681c09a97c89,FILM::Indigo: What Do You See? (2023),1,komentar
user_68b5e8769764,FILM::Indigo: What Do You See? (2023),1,komentar
user_68c8152a285c,FILM::Indigo: What Do You See? (2023),1,komentar
user_6952ed442129,FILM::Indigo: What Do You See? (2023),1,komentar
user_6993a8b94fea,FILM::Indigo: What Do You See? (2023),1,komentar
user_6999efbc799e,FILM::Indigo: What Do You See? (2023),1,komentar
user_6adc4fc6aaea,FILM::Indigo: What Do You See? (2023),2,komentar
user_6b5981b8036a,FILM::Indigo: What Do You See? (2023),1,komentar
user_6bd5aa73f6d2,FILM::Indigo: What Do You See? (2023),1,komentar
user_6c58f9b7c1da,FILM::Indigo: What Do You See? (2023),1,komentar
user_6c761cf0dabe,FILM::Indigo: What Do You See? (2023),1,komentar
user_6c9cb005052d,FILM::Indigo: What Do You See? (2023),1,komentar
user_6dae37234eab,FILM::Indigo: What Do You See? (2023),1,komentar
user_6e70ca027e20,FILM::Indigo: What Do You See? (2023),1,komentar
user_6f048a0d9182,FILM::Indigo: What Do You See? (2023),1,komentar
user_70848b69c0ca,FILM::Indigo: What Do You See? (2023),1,komentar
user_71a6315c3d65,FILM::Indigo: What Do You See? (2023),2,komentar
user_71f296857f39,FILM::Indigo: What Do You See? (2023),6,komentar
user_7211a4ad7f07,FILM::Indigo: What Do You See? (2023),1,komentar
user_72981714df91,FILM::Indigo: What Do You See? (2023),1,komentar
user_72a2247f90cd,FILM::Indigo: What Do You See? (2023),1,komentar
user_72b484ed6d6b,FILM::Indigo: What Do You See? (2023),1,komentar
user_731607054c5c,FILM::Indigo: What Do You See? (2023),1,komentar
user_73bbd7df544c,FILM::Indigo: What Do You See? (2023),3,komentar
user_748413121b07,FILM::Indigo: What Do You See? (2023),1,komentar
user_74e951e6e1bf,FILM::Indigo: What Do You See? (2023),1,komentar
user_75439489370b,FILM::Indigo: What Do You See? (2023),2,komentar
user_757d46060cf2,FILM::Indigo: What Do You See? (2023),1,komentar
user_762ae943754c,FILM::Indigo: What Do You See? (2023),1,komentar
user_7681bfcc2cc9,FILM::Indigo: What Do You See? (2023),1,komentar
user_7734c1da3552,FILM::Indigo: What Do You See? (2023),1,komentar
user_7788b54ddd1f,FILM::Indigo: What Do You See? (2023),1,komentar
user_77b50f06c0a9,FILM::Indigo: What Do You See? (2023),1,komentar
user_77e20d2a568f,FILM::Indigo: What Do You See? (2023),1,komentar
user_78a13811ee5f,FILM::Indigo: What Do You See? (2023),1,komentar
user_79469babaf18,FILM::Indigo: What Do You See? (2023),1,komentar
user_7a3645600fd9,FILM::Indigo: What Do You See? (2023),1,komentar
user_7b470b88e9aa,FILM::Indigo: What Do You See? (2023),1,komentar
user_7bc8667ce4e2,FILM::Indigo: What Do You See? (2023),1,komentar
user_7c525e241f52,FILM::Indigo: What Do You See? (2023),1,komentar
user_7c7e9e44b6e1,FILM::Indigo: What Do You See? (2023),4,komentar
user_7ceccc84c664,FILM::Indigo: What Do You See? (2023),1,komentar
user_7d303bc5f512,FILM::Indigo: What Do You See? (2023),1,komentar
user_7da1355a7bf5,FILM::Indigo: What Do You See? (2023),1,komentar
user_7dac7c6559a8,FILM::Indigo: What Do You See? (2023),1,komentar
user_7f088553b0be,FILM::Indigo: What Do You See? (2023),2,komentar
user_7f78933299f1,FILM::Indigo: What Do You See? (2023),1,komentar
user_7f97a91ecdb6,FILM::Indigo: What Do You See? (2023),3,komentar
user_7f98dadf1d56,FILM::Indigo: What Do You See? (2023),1,komentar
user_7fb40c292572,FILM::Indigo: What Do You See? (2023),1,komentar
user_7ff18b1e4822,FILM::Indigo: What Do You See? (2023),1,komentar
user_8033a5f156f9,FILM::Indigo: What Do You See? (2023),1,komentar
user_80e9f492d9f8,FILM::Indigo: What Do You See? (2023),4,komentar
user_81843a7cb333,FILM::Indigo: What Do You See? (2023),1,komentar
user_81a6d0900a4a,FILM::Indigo: What Do You See? (2023),1,komentar
user_822d98179f3d,FILM::Indigo: What Do You See? (2023),1,komentar
user_824c83c74641,FILM::Indigo: What Do You See? (2023),2,komentar
user_8347d1591457,FILM::Indigo: What Do You See? (2023),1,komentar
user_835182259369,FILM::Indigo: What Do You See? (2023),1,komentar
user_83ecdd54285d,FILM::Indigo: What Do You See? (2023),1,komentar
user_846df8ccc98c,FILM::Indigo: What Do You See? (2023),1,komentar
user_84a0128b4f21,FILM::Indigo: What Do You See? (2023),1,komentar
user_855fd88b7cf4,FILM::Indigo: What Do You See? (2023),1,komentar
user_857839ce67e9,FILM::Indigo: What Do You See? (2023),2,komentar
user_85cf170ced0f,FILM::Indigo: What Do You See? (2023),1,komentar
user_862121cb698e,FILM::Indigo: What Do You See? (2023),2,komentar
user_8621c61eff13,FILM::Indigo: What Do You See? (2023),2,komentar
user_8624c406790d,FILM::Indigo: What Do You See? (2023),1,komentar
user_86d8dc6d0810,FILM::Indigo: What Do You See? (2023),1,komentar
user_86f69be4f066,FILM::Indigo: What Do You See? (2023),1,komentar
user_87017c6e9102,FILM::Indigo: What Do You See? (2023),3,komentar
user_873943a2f639,FILM::Indigo: What Do You See? (2023),4,komentar
user_874ae1362024,FILM::Indigo: What Do You See? (2023),1,komentar
user_8750526453eb,FILM::Indigo: What Do You See? (2023),1,komentar
user_87b78743f389,FILM::Indigo: What Do You See? (2023),1,komentar
user_88cb363ab5bf,FILM::Indigo: What Do You See? (2023),1,komentar
user_890ad03b0572,FILM::Indigo: What Do You See? (2023),1,komentar
user_8982d57c3143,FILM::Indigo: What Do You See? (2023),1,komentar
user_89dea6cf197a,FILM::Indigo: What Do You See? (2023),1,komentar
user_8a4efde54d9f,FILM::Indigo: What Do You See? (2023),1,komentar
user_8abef0d7afbb,FILM::Indigo: What Do You See? (2023),1,komentar
user_8b6250225bec,FILM::Indigo: What Do You See? (2023),1,komentar
user_8c08d1f9c1f2,FILM::Indigo: What Do You See? (2023),1,komentar
user_8ca86fdd9b27,FILM::Indigo: What Do You See? (2023),1,komentar
user_8d1723627c85,FILM::Indigo: What Do You See? (2023),3,komentar
user_8da2107d4fc4,FILM::Indigo: What Do You See? (2023),1,komentar
user_8db4c3b2b238,FILM::Indigo: What Do You See? (2023),1,komentar
user_8e2fc85570f3,FILM::Indigo: What Do You See? (2023),1,komentar
user_8e5bb9022eb1,FILM::Indigo: What Do You See? (2023),1,komentar
user_8e80063ff1c5,FILM::Indigo: What Do You See? (2023),3,komentar
user_8e81be1c1725,FILM::Indigo: What Do You See? (2023),2,komentar
user_8f2842fa20ec,FILM::Indigo: What Do You See? (2023),2,komentar
user_8f5137701325,FILM::Indigo: What Do You See? (2023),1,komentar
user_909862512fe8,FILM::Indigo: What Do You See? (2023),1,komentar
user_90c2628466ba,FILM::Indigo: What Do You See? (2023),1,komentar
user_90db2b7c6212,FILM::Indigo: What Do You See? (2023),1,komentar
user_90dca4d6d17e,FILM::Indigo: What Do You See? (2023),1,komentar
user_919af51f0dac,FILM::Indigo: What Do You See? (2023),1,komentar
user_91d30b245728,FILM::Indigo: What Do You See? (2023),1,komentar
user_922aa9203714,FILM::Indigo: What Do You See? (2023),1,komentar
user_92ff0a352788,FILM::Indigo: What Do You See? (2023),1,komentar
user_943868bd04d6,FILM::Indigo: What Do You See? (2023),1,komentar
user_94689024aade,FILM::Indigo: What Do You See? (2023),1,komentar
user_94f087393c5d,FILM::Indigo: What Do You See? (2023),1,komentar
user_94f946e0d486,FILM::Indigo: What Do You See? (2023),1,komentar
user_951884c8eb34,FILM::Indigo: What Do You See? (2023),1,komentar
user_95a50940314b,FILM::Indigo: What Do You See? (2023),1,komentar
user_95f4ec483b14,FILM::Indigo: What Do You See? (2023),1,komentar
user_960a159601af,FILM::Indigo: What Do You See? (2023),2,komentar
user_971ddb0b1565,FILM::Indigo: What Do You See? (2023),1,komentar
user_9761a8e876fd,FILM::Indigo: What Do You See? (2023),1,komentar
user_97965ff67a9c,FILM::Indigo: What Do You See? (2023),1,komentar
user_97fb6c2631fd,FILM::Indigo: What Do You See? (2023),1,komentar
user_982b04c9775b,FILM::Indigo: What Do You See? (2023),4,komentar
user_987058a29db6,FILM::Indigo: What Do You See? (2023),1,komentar
user_991082af88b9,FILM::Indigo: What Do You See? (2023),1,komentar
user_9929dbe25148,FILM::Indigo: What Do You See? (2023),1,komentar
user_99c42674b34d,FILM::Indigo: What Do You See? (2023),1,komentar
user_99e401e91817,FILM::Indigo: What Do You See? (2023),1,komentar
user_9a11272c73f3,FILM::Indigo: What Do You See? (2023),3,komentar
user_9a81f68c6274,FILM::Indigo: What Do You See? (2023),1,komentar
user_9a8673e5f025,FILM::Indigo: What Do You See? (2023),1,komentar
user_9ab8fe4628c3,FILM::Indigo: What Do You See? (2023),1,komentar
user_9ac181abf2ad,FILM::Indigo: What Do You See? (2023),1,komentar
user_9b4fe04081fb,FILM::Indigo: What Do You See? (2023),1,komentar
user_9b65b37cd1e6,FILM::Indigo: What Do You See? (2023),1,komentar
user_9b70ed152439,FILM::Indigo: What Do You See? (2023),4,komentar
user_9cb6dd110dd9,FILM::Indigo: What Do You See? (2023),1,komentar
user_9ce5b52e9c00,FILM::Indigo: What Do You See? (2023),1,komentar
user_9d13996e22c3,FILM::Indigo: What Do You See? (2023),2,komentar
user_9dd93af4932b,FILM::Indigo: What Do You See? (2023),1,komentar
user_9ed80a51786b,FILM::Indigo: What Do You See? (2023),1,komentar
user_9f05d83e33e1,FILM::Indigo: What Do You See? (2023),1,komentar
user_9f69d9fb8ee5,FILM::Indigo: What Do You See? (2023),1,komentar
user_9f879b2418ce,FILM::Indigo: What Do You See? (2023),1,komentar
user_9fc30c45d49e,FILM::Indigo: What Do You See? (2023),1,komentar
user_a1de6065923f,FILM::Indigo: What Do You See? (2023),1,komentar
user_a239a0684693,FILM::Indigo: What Do You See? (2023),1,komentar
user_a2999c890719,FILM::Indigo: What Do You See? (2023),1,komentar
user_a2c02d121988,FILM::Indigo: What Do You See? (2023),1,komentar
user_a2c6a68488d3,FILM::Indigo: What Do You See? (2023),1,komentar
user_a2f13bc5d221,FILM::Indigo: What Do You See? (2023),1,komentar
user_a3286ccdd21e,FILM::Indigo: What Do You See? (2023),1,komentar
user_a37c95105e40,FILM::Indigo: What Do You See? (2023),1,komentar
user_a3b9799c204b,FILM::Indigo: What Do You See? (2023),1,komentar
user_a456a50be40b,FILM::Indigo: What Do You See? (2023),1,komentar
user_a4999800c4a3,FILM::Indigo: What Do You See? (2023),1,komentar
user_a4ef4a0e2a15,FILM::Indigo: What Do You See? (2023),1,komentar
user_a5974afe46dc,FILM::Indigo: What Do You See? (2023),4,komentar
user_a63c821bf4e7,FILM::Indigo: What Do You See? (2023),2,komentar
user_a676b95b0f70,FILM::Indigo: What Do You See? (2023),2,komentar
user_a69409a864b6,FILM::Indigo: What Do You See? (2023),1,komentar
user_a6a4e66c3884,FILM::Indigo: What Do You See? (2023),1,komentar
user_a786543feda9,FILM::Indigo: What Do You See? (2023),1,komentar
user_a7d7e1c35d83,FILM::Indigo: What Do You See? (2023),1,komentar
user_a83b3562c5cf,FILM::Indigo: What Do You See? (2023),1,komentar
user_a845b9fcced2,FILM::Indigo: What Do You See? (2023),1,komentar
user_a895bcbf9ea1,FILM::Indigo: What Do You See? (2023),1,komentar
user_a998afc20f8e,FILM::Indigo: What Do You See? (2023),1,komentar
user_aa3573dceb2d,FILM::Indigo: What Do You See? (2023),1,komentar
user_aa793cc2bbdd,FILM::Indigo: What Do You See? (2023),1,komentar
user_aa7c01daab75,FILM::Indigo: What Do You See? (2023),1,komentar
user_aac3e9a97287,FILM::Indigo: What Do You See? (2023),1,komentar
user_aaff2871fb4e,FILM::Indigo: What Do You See? (2023),1,komentar
user_abc2ee99586d,FILM::Indigo: What Do You See? (2023),1,komentar
user_abcee81ce7ea,FILM::Indigo: What Do You See? (2023),1,komentar
user_abe60fce72ea,FILM::Indigo: What Do You See? (2023),1,komentar
user_ac48cadb4f30,FILM::Indigo: What Do You See? (2023),1,komentar
user_acaa526e272a,FILM::Indigo: What Do You See? (2023),1,komentar
user_acd6d6c14fe8,FILM::Indigo: What Do You See? (2023),1,komentar
user_ad1e36e4a30a,FILM::Indigo: What Do You See? (2023),5,komentar
user_add4b1e306b1,FILM::Indigo: What Do You See? (2023),1,komentar
user_addc6806a0a7,FILM::Indigo: What Do You See? (2023),3,komentar
user_adf5993e4888,FILM::Indigo: What Do You See? (2023),1,komentar
user_aec018d563ca,FILM::Indigo: What Do You See? (2023),1,komentar
user_af00c1790f28,FILM::Indigo: What Do You See? (2023),2,komentar
user_af176273a958,FILM::Indigo: What Do You See? (2023),1,komentar
user_af39b9d1010e,FILM::Indigo: What Do You See? (2023),1,komentar
user_b00ae025c624,FILM::Indigo: What Do You See? (2023),1,komentar
user_b019c603c7c2,FILM::Indigo: What Do You See? (2023),2,komentar
user_b04759523aeb,FILM::Indigo: What Do You See? (2023),1,komentar
user_b04927e1e5e4,FILM::Indigo: What Do You See? (2023),2,komentar
user_b19ff6210d80,FILM::Indigo: What Do You See? (2023),1,komentar
user_b22eacab8abb,FILM::Indigo: What Do You See? (2023),1,komentar
user_b2a97590365a,FILM::Indigo: What Do You See? (2023),1,komentar
user_b2e14c32a284,FILM::Indigo: What Do You See? (2023),1,komentar
user_b38b603d87e2,FILM::Indigo: What Do You See? (2023),1,komentar
user_b428cfdbc9e3,FILM::Indigo: What Do You See? (2023),1,komentar
user_b46e23b52eb6,FILM::Indigo: What Do You See? (2023),2,komentar
user_b5fb145f8ba5,FILM::Indigo: What Do You See? (2023),1,komentar
user_b60a00aba33b,FILM::Indigo: What Do You See? (2023),1,komentar
user_b65c64b7f622,FILM::Indigo: What Do You See? (2023),1,komentar
user_b6c581d99c7e,FILM::Indigo: What Do You See? (2023),1,komentar
user_b6ef79d3b12f,FILM::Indigo: What Do You See? (2023),1,komentar
user_b71b42da81e1,FILM::Indigo: What Do You See? (2023),5,komentar
user_b774e01af78e,FILM::Indigo: What Do You See? (2023),1,komentar
user_b7d52c9cac16,FILM::Indigo: What Do You See? (2023),1,komentar
user_b813e1d412fe,FILM::Indigo: What Do You See? (2023),3,komentar
user_b8876c936ef2,FILM::Indigo: What Do You See? (2023),1,komentar
user_b8c960dd8b83,FILM::Indigo: What Do You See? (2023),1,komentar
user_b9657c494a34,FILM::Indigo: What Do You See? (2023),1,komentar
user_b9906a0bbaf5,FILM::Indigo: What Do You See? (2023),1,komentar
user_b9e19e1cbd5e,FILM::Indigo: What Do You See? (2023),1,komentar
user_ba2c8f74d3c7,FILM::Indigo: What Do You See? (2023),1,komentar
user_bb90bbdd5a41,FILM::Indigo: What Do You See? (2023),1,komentar
user_bbd6cdb6f5ab,FILM::Indigo: What Do You See? (2023),1,komentar
user_bc05db433d8a,FILM::Indigo: What Do You See? (2023),1,komentar
user_bc0a312adfc5,FILM::Indigo: What Do You See? (2023),1,komentar
user_bd8dfd1d8fd0,FILM::Indigo: What Do You See? (2023),2,komentar
user_bf42f5254c58,FILM::Indigo: What Do You See? (2023),1,komentar
user_bf5fb38e8236,FILM::Indigo: What Do You See? (2023),1,komentar
user_bfb372ce9790,FILM::Indigo: What Do You See? (2023),1,komentar
user_bfe9646720f1,FILM::Indigo: What Do You See? (2023),1,komentar
user_c03c12c3e648,FILM::Indigo: What Do You See? (2023),1,komentar
user_c06014286823,FILM::Indigo: What Do You See? (2023),1,komentar
user_c0f9fcc899a2,FILM::Indigo: What Do You See? (2023),1,komentar
user_c15c42b84249,FILM::Indigo: What Do You See? (2023),3,komentar
user_c1c3f7672d9b,FILM::Indigo: What Do You See? (2023),1,komentar
user_c2306af9ee57,FILM::Indigo: What Do You See? (2023),1,komentar
user_c364c2413a61,FILM::Indigo: What Do You See? (2023),1,komentar
user_c376f3cc120e,FILM::Indigo: What Do You See? (2023),1,komentar
user_c39bd45b10f3,FILM::Indigo: What Do You See? (2023),1,komentar
user_c3e6b0fa7a83,FILM::Indigo: What Do You See? (2023),1,komentar
user_c419ef7b0711,FILM::Indigo: What Do You See? (2023),1,komentar
user_c4ec606dd898,FILM::Indigo: What Do You See? (2023),1,komentar
user_c63579d238a4,FILM::Indigo: What Do You See? (2023),1,komentar
user_c64b2f79e082,FILM::Indigo: What Do You See? (2023),1,komentar
user_c64f52fd7901,FILM::Indigo: What Do You See? (2023),1,komentar
user_c6b933f47f2e,FILM::Indigo: What Do You See? (2023),1,komentar
user_c6faf25545b2,FILM::Indigo: What Do You See? (2023),1,komentar
user_c74a43d5697d,FILM::Indigo: What Do You See? (2023),1,komentar
user_c79001640e9e,FILM::Indigo: What Do You See? (2023),1,komentar
user_c7dd2f7f7e47,FILM::Indigo: What Do You See? (2023),1,komentar
user_c7fa4aeed3ba,FILM::Indigo: What Do You See? (2023),2,komentar
user_c80a18caa6ed,FILM::Indigo: What Do You See? (2023),2,komentar
user_c890ece797d5,FILM::Indigo: What Do You See? (2023),1,komentar
user_c8bc0b6e18a3,FILM::Indigo: What Do You See? (2023),1,komentar
user_c8c2a8fe7328,FILM::Indigo: What Do You See? (2023),1,komentar
user_c8e1f9e624ba,FILM::Indigo: What Do You See? (2023),1,komentar
user_c9268f3ec5a3,FILM::Indigo: What Do You See? (2023),1,komentar
user_c93dc145630e,FILM::Indigo: What Do You See? (2023),1,komentar
user_c9aa6e414da5,FILM::Indigo: What Do You See? (2023),1,komentar
user_c9f0d204e740,FILM::Indigo: What Do You See? (2023),2,komentar
user_ca7c27976eec,FILM::Indigo: What Do You See? (2023),1,komentar
user_caa52d035312,FILM::Indigo: What Do You See? (2023),1,komentar
user_cb94fab7cde9,FILM::Indigo: What Do You See? (2023),2,komentar
user_cba511816926,FILM::Indigo: What Do You See? (2023),1,komentar
user_cc6ed12190ab,FILM::Indigo: What Do You See? (2023),1,komentar
user_cc871832f6d9,FILM::Indigo: What Do You See? (2023),1,komentar
user_ccf61050a918,FILM::Indigo: What Do You See? (2023),1,komentar
user_cd74b609fbfa,FILM::Indigo: What Do You See? (2023),1,komentar
user_cd8fd2c0bbad,FILM::Indigo: What Do You See? (2023),1,komentar
user_cdf5740d57f3,FILM::Indigo: What Do You See? (2023),1,komentar
user_cf47fe3462b7,FILM::Indigo: What Do You See? (2023),3,komentar
user_d001c0857e93,FILM::Indigo: What Do You See? (2023),1,komentar
user_d034b252c29e,FILM::Indigo: What Do You See? (2023),1,komentar
user_d0e2e80a7c8e,FILM::Indigo: What Do You See? (2023),1,komentar
user_d0e5fc45692f,FILM::Indigo: What Do You See? (2023),1,komentar
user_d1179176c8cb,FILM::Indigo: What Do You See? (2023),1,komentar
user_d136d844ccff,FILM::Indigo: What Do You See? (2023),1,komentar
user_d20ae2af1445,FILM::Indigo: What Do You See? (2023),5,komentar
user_d22529aed3e9,FILM::Indigo: What Do You See? (2023),1,komentar
user_d2668ed41521,FILM::Indigo: What Do You See? (2023),1,komentar
user_d3048a5e0ca5,FILM::Indigo: What Do You See? (2023),1,komentar
user_d39e4667b5d8,FILM::Indigo: What Do You See? (2023),1,komentar
user_d6ad6bfe9243,FILM::Indigo: What Do You See? (2023),1,komentar
user_d77d891f524d,FILM::Indigo: What Do You See? (2023),1,komentar
user_d7bff67df603,FILM::Indigo: What Do You See? (2023),2,komentar
user_d7c2eb80511b,FILM::Indigo: What Do You See? (2023),1,komentar
user_d8bb9e6880ab,FILM::Indigo: What Do You See? (2023),5,komentar
user_d8c6fd863e0c,FILM::Indigo: What Do You See? (2023),1,komentar
user_d8d3e5c66140,FILM::Indigo: What Do You See? (2023),1,komentar
user_d997c951b62d,FILM::Indigo: What Do You See? (2023),1,komentar
user_d9cf551b98bb,FILM::Indigo: What Do You See? (2023),1,komentar
user_d9d81c7a5a05,FILM::Indigo: What Do You See? (2023),1,komentar
user_db7fc6890883,FILM::Indigo: What Do You See? (2023),1,komentar
user_dba70457db35,FILM::Indigo: What Do You See? (2023),1,komentar
user_dc30398862bb,FILM::Indigo: What Do You See? (2023),1,komentar
user_dcc5b0735fad,FILM::Indigo: What Do You See? (2023),2,komentar
user_dcd9b11bf7d0,FILM::Indigo: What Do You See? (2023),1,komentar
user_ddda2211d716,FILM::Indigo: What Do You See? (2023),1,komentar
user_dde22a0800f2,FILM::Indigo: What Do You See? (2023),1,komentar
user_ddf3fcd6dd2f,FILM::Indigo: What Do You See? (2023),1,komentar
user_de0f8e15ed2a,FILM::Indigo: What Do You See? (2023),1,komentar
user_de55d7193f54,FILM::Indigo: What Do You See? (2023),1,komentar
user_defda810f6b1,FILM::Indigo: What Do You See? (2023),1,komentar
user_df8693314110,FILM::Indigo: What Do You See? (2023),1,komentar
user_e0bcab51505c,FILM::Indigo: What Do You See? (2023),1,komentar
user_e1a23f3f29ee,FILM::Indigo: What Do You See? (2023),1,komentar
user_e2d2bce832df,FILM::Indigo: What Do You See? (2023),1,komentar
user_e3024fa10a51,FILM::Indigo: What Do You See? (2023),1,komentar
user_e36a50b0d247,FILM::Indigo: What Do You See? (2023),1,komentar
user_e397c403ba91,FILM::Indigo: What Do You See? (2023),2,komentar
user_e4a24a99865e,FILM::Indigo: What Do You See? (2023),1,komentar
user_e57e07089e4b,FILM::Indigo: What Do You See? (2023),1,komentar
user_e589bde4d745,FILM::Indigo: What Do You See? (2023),1,komentar
user_e63ae913e233,FILM::Indigo: What Do You See? (2023),1,komentar
user_e6d95dd790f8,FILM::Indigo: What Do You See? (2023),1,komentar
user_e793b9844ef7,FILM::Indigo: What Do You See? (2023),1,komentar
user_e7a50d8c0f50,FILM::Indigo: What Do You See? (2023),1,komentar
user_e97489a1d797,FILM::Indigo: What Do You See? (2023),1,komentar
user_e99074784be0,FILM::Indigo: What Do You See? (2023),1,komentar
user_e9992f2a72f7,FILM::Indigo: What Do You See? (2023),1,komentar
user_ebf7ce08ecec,FILM::Indigo: What Do You See? (2023),1,komentar
user_ec7519c1b541,FILM::Indigo: What Do You See? (2023),1,komentar
user_ecc2a8161750,FILM::Indigo: What Do You See? (2023),1,komentar
user_eccee8d1a4fd,FILM::Indigo: What Do You See? (2023),1,komentar
user_ed2d8ce02546,FILM::Indigo: What Do You See? (2023),1,komentar
user_ed3fca0c062a,FILM::Indigo: What Do You See? (2023),1,komentar
user_ed5325c8a08c,FILM::Indigo: What Do You See? (2023),1,komentar
user_ed8d511d6f85,FILM::Indigo: What Do You See? (2023),1,komentar
user_eda5c050b893,FILM::Indigo: What Do You See? (2023),1,komentar
user_edeb9f2bc5dd,FILM::Indigo: What Do You See? (2023),1,komentar
user_ee824c92c36e,FILM::Indigo: What Do You See? (2023),1,komentar
user_ef35062894fc,FILM::Indigo: What Do You See? (2023),1,komentar
user_ef3dae49d254,FILM::Indigo: What Do You See? (2023),1,komentar
user_efbaf6bbfc15,FILM::Indigo: What Do You See? (2023),1,komentar
user_efcc37e2f262,FILM::Indigo: What Do You See? (2023),1,komentar
user_efe9995c86ce,FILM::Indigo: What Do You See? (2023),1,komentar
user_f0c308d15255,FILM::Indigo: What Do You See? (2023),1,komentar
user_f0fe9481245f,FILM::Indigo: What Do You See? (2023),1,komentar
user_f16ca51ba312,FILM::Indigo: What Do You See? (2023),1,komentar
user_f23ce413d86f,FILM::Indigo: What Do You See? (2023),1,komentar
user_f276652a12d3,FILM::Indigo: What Do You See? (2023),1,komentar
user_f28e5323506b,FILM::Indigo: What Do You See? (2023),1,komentar
user_f341a5b09fcb,FILM::Indigo: What Do You See? (2023),1,komentar
user_f37b52754196,FILM::Indigo: What Do You See? (2023),1,komentar
user_f3baa8720b8f,FILM::Indigo: What Do You See? (2023),1,komentar
user_f4181913fe47,FILM::Indigo: What Do You See? (2023),1,komentar
user_f4acc841db64,FILM::Indigo: What Do You See? (2023),2,komentar
user_f566b83af447,FILM::Indigo: What Do You See? (2023),1,komentar
user_f5b2ef387078,FILM::Indigo: What Do You See? (2023),1,komentar
user_f68c525d8dff,FILM::Indigo: What Do You See? (2023),1,komentar
user_f77ad7e3f2fa,FILM::Indigo: What Do You See? (2023),2,komentar
user_f825250f17ac,FILM::Indigo: What Do You See? (2023),1,komentar
user_f84a6f877043,FILM::Indigo: What Do You See? (2023),1,komentar
user_f88261e4f052,FILM::Indigo: What Do You See? (2023),1,komentar
user_f88e06fd2c95,FILM::Indigo: What Do You See? (2023),1,komentar
user_f8bb7ba34585,FILM::Indigo: What Do You See? (2023),1,komentar
user_f9727db6f30f,FILM::Indigo: What Do You See? (2023),1,komentar
user_f9a69a1d0899,FILM::Indigo: What Do You See? (2023),1,komentar
user_fa6b3eb47d91,FILM::Indigo: What Do You See? (2023),1,komentar
user_fa840d200d5e,FILM::Indigo: What Do You See? (2023),1,komentar
user_fae95fd548ef,FILM::Indigo: What Do You See? (2023),3,komentar
user_fb10d9263ea0,FILM::Indigo: What Do You See? (2023),1,komentar
user_fb458e75d501,FILM::Indigo: What Do You See? (2023),1,komentar
user_fc7e8da2d94b,FILM::Indigo: What Do You See? (2023),1,komentar
user_fca25cab7c02,FILM::Indigo: What Do You See? (2023),2,komentar
user_fd116bec1028,FILM::Indigo: What Do You See? (2023),1,komentar
user_fd2096b5a73f,FILM::Indigo: What Do You See? (2023),1,komentar
user_fdb1b189c12f,FILM::Indigo: What Do You See? (2023),1,komentar
user_fe5ca2b419cc,FILM::Indigo: What Do You See? (2023),1,komentar
user_ff0170f9cde1,FILM::Indigo: What Do You See? (2023),1,komentar
user_ff3ae093b132,FILM::Indigo: What Do You See? (2023),1,komentar
user_ffd0c6ce03d3,FILM::Indigo: What Do You See? (2023),1,komentar
user_ffec8906c47f,FILM::Indigo: What Do You See? (2023),1,komentar
user_00cd3168bc47,Ivanna (2022),1,komentar
user_01ca23f81e19,FILM::Ivanna (2022),1,komentar
user_034f663f8f72,FILM::Ivanna (2022),1,komentar
user_03e14cdf572f,FILM::Ivanna (2022),1,komentar
user_03fea9299b35,FILM::Ivanna (2022),1,komentar
user_05abd8bc124e,FILM::Ivanna (2022),2,komentar
user_07339f56f6c2,FILM::Ivanna (2022),2,komentar
user_08cc904a0686,FILM::Ivanna (2022),1,komentar
user_091f804dda33,FILM::Ivanna (2022),3,komentar
user_0beb61745843,FILM::Ivanna (2022),1,komentar
user_0c6455d9fbc3,FILM::Ivanna (2022),1,komentar
user_0c8ad2edc30c,FILM::Ivanna (2022),1,komentar
user_0c91debe828f,FILM::Ivanna (2022),1,komentar
user_0f9c24bffafe,FILM::Ivanna (2022),1,komentar
user_101afd44bdbf,FILM::Ivanna (2022),2,komentar
user_102161980fd6,FILM::Ivanna (2022),2,komentar
user_103f803185be,FILM::Ivanna (2022),1,komentar
user_115f9e314ca7,FILM::Ivanna (2022),1,komentar
user_124ec44c2eee,FILM::Ivanna (2022),2,komentar
user_12e82e6ce891,FILM::Ivanna (2022),1,komentar
user_135aa6991f90,FILM::Ivanna (2022),1,komentar
user_13eee5eceaed,FILM::Ivanna (2022),3,komentar
user_1565f48c4cd3,FILM::Ivanna (2022),1,komentar
user_159930af502a,FILM::Ivanna (2022),1,komentar
user_15c537a76b67,FILM::Ivanna (2022),1,komentar
user_15d1ccecb909,FILM::Ivanna (2022),1,komentar
user_167f1465befc,FILM::Ivanna (2022),1,komentar
user_1730e025aa50,FILM::Ivanna (2022),1,komentar
user_17589a7838f8,FILM::Ivanna (2022),1,komentar
user_181b8560b4d6,FILM::Ivanna (2022),1,komentar
user_189386fc9768,FILM::Ivanna (2022),1,komentar
user_1b176b725bf7,FILM::Ivanna (2022),1,komentar
user_1b980dd98cf8,FILM::Ivanna (2022),1,komentar
user_1c28c1a894b8,FILM::Ivanna (2022),1,komentar
user_1f3955ad5e1d,FILM::Ivanna (2022),1,komentar
user_1f3d81fd1f10,FILM::Ivanna (2022),1,komentar
user_1f40091dcf31,FILM::Ivanna (2022),4,komentar
user_1f7b18a32fa9,FILM::Ivanna (2022),1,komentar
user_201c32fbbc75,FILM::Ivanna (2022),1,komentar
user_2094b8edb400,FILM::Ivanna (2022),1,komentar
user_20d052086a13,FILM::Ivanna (2022),1,komentar
user_21bc68b2fce1,FILM::Ivanna (2022),1,komentar
user_23155b7ca87d,FILM::Ivanna (2022),1,komentar
user_23a2e56091b6,FILM::Ivanna (2022),1,komentar
user_2bf2d0c17e1b,FILM::Ivanna (2022),1,komentar
user_2c19f06adb58,FILM::Ivanna (2022),1,komentar
user_2cf2f74ee372,FILM::Ivanna (2022),1,komentar
user_2d0dfd047e9a,FILM::Ivanna (2022),3,komentar
user_2e51da126d7e,FILM::Ivanna (2022),3,komentar
user_2f51872b0145,FILM::Ivanna (2022),1,komentar
user_306a7c51c0d7,FILM::Ivanna (2022),1,komentar
user_3140ca207117,FILM::Ivanna (2022),1,komentar
user_32b8b4e9846a,FILM::Ivanna (2022),1,komentar
user_330ba1901715,FILM::Ivanna (2022),1,komentar
user_33a9cf08772b,FILM::Ivanna (2022),1,komentar
user_35fda476f66c,FILM::Ivanna (2022),1,komentar
user_373d98a93612,FILM::Ivanna (2022),1,komentar
user_377fdce32a0d,FILM::Ivanna (2022),1,komentar
user_39210a8c97d5,FILM::Ivanna (2022),1,komentar
user_3a1bf187653a,FILM::Ivanna (2022),1,komentar
user_3a25ca98b3e6,FILM::Ivanna (2022),1,komentar
user_3b659c5a1125,FILM::Ivanna (2022),1,komentar
user_3bf39ec909ae,FILM::Ivanna (2022),1,komentar
user_3de7ff1b8061,FILM::Ivanna (2022),1,komentar
user_3e3507d24f44,FILM::Ivanna (2022),1,komentar
user_3efbb4c73f8f,FILM::Ivanna (2022),2,komentar
user_404badc46244,FILM::Ivanna (2022),1,komentar
user_406f50d50222,FILM::Ivanna (2022),1,komentar
user_4081be82d5c7,FILM::Ivanna (2022),1,komentar
user_44ac4c29e3f4,FILM::Ivanna (2022),1,komentar
user_44af79c48900,FILM::Ivanna (2022),1,komentar
user_45e8c3978614,FILM::Ivanna (2022),1,komentar
user_4619183bf3eb,FILM::Ivanna (2022),1,komentar
user_47790789fb98,FILM::Ivanna (2022),1,komentar
user_487f0b480012,FILM::Ivanna (2022),1,komentar
user_48c435fb328e,FILM::Ivanna (2022),2,komentar
user_4a68ffbf682b,FILM::Ivanna (2022),1,komentar
user_4ba547845931,FILM::Ivanna (2022),1,komentar
user_4d15b464bea3,FILM::Ivanna (2022),1,komentar
user_4d8d29fe1870,FILM::Ivanna (2022),2,komentar
user_4e1c5b7d7b22,FILM::Ivanna (2022),1,komentar
user_4e250fe332f4,FILM::Ivanna (2022),1,komentar
user_4faac6fec5c1,FILM::Ivanna (2022),1,komentar
user_4fd49b2f6700,FILM::Ivanna (2022),1,komentar
user_5009b1efcb52,FILM::Ivanna (2022),1,komentar
user_50afead896eb,FILM::Ivanna (2022),1,komentar
user_50ff2d4a7439,FILM::Ivanna (2022),1,komentar
user_5176a700d350,FILM::Ivanna (2022),1,komentar
user_54254e50fd9e,FILM::Ivanna (2022),1,komentar
user_542f7889b686,FILM::Ivanna (2022),1,komentar
user_543e928884c5,FILM::Ivanna (2022),3,komentar
user_546df92082ca,FILM::Ivanna (2022),1,komentar
user_5481cbca41c9,FILM::Ivanna (2022),1,komentar
user_55fa70649e5c,FILM::Ivanna (2022),2,komentar
user_571e9b983e5c,FILM::Ivanna (2022),1,komentar
user_59e670a85227,FILM::Ivanna (2022),1,komentar
user_5b4170d7fc20,FILM::Ivanna (2022),1,komentar
user_5c6f57dfc8b1,FILM::Ivanna (2022),1,komentar
user_5db06db13f18,FILM::Ivanna (2022),2,komentar
user_5de91db6c328,FILM::Ivanna (2022),1,komentar
user_5e9712176779,FILM::Ivanna (2022),1,komentar
user_5f223d4cc381,FILM::Ivanna (2022),1,komentar
user_5f9c61cc23ef,FILM::Ivanna (2022),11,komentar
user_601ad6ea7b74,FILM::Ivanna (2022),1,komentar
user_60718573761e,FILM::Ivanna (2022),1,komentar
user_60f5619cc383,FILM::Ivanna (2022),1,komentar
user_628dfe14e38b,FILM::Ivanna (2022),1,komentar
user_638e711768df,FILM::Ivanna (2022),1,komentar
user_64f4b87b8b47,FILM::Ivanna (2022),1,komentar
user_661ad74dbadc,FILM::Ivanna (2022),1,komentar
user_6993a8b94fea,FILM::Ivanna (2022),10,komentar
user_6a42703228b6,FILM::Ivanna (2022),1,komentar
user_6ab93fb79ee3,FILM::Ivanna (2022),1,komentar
user_6be0f6f04bca,FILM::Ivanna (2022),1,komentar
user_6c28f14b96e1,FILM::Ivanna (2022),1,komentar
user_6dd7ffc22712,FILM::Ivanna (2022),1,komentar
user_6e96354f8deb,FILM::Ivanna (2022),1,komentar
user_70233477bc9e,FILM::Ivanna (2022),1,komentar
user_7041fa797b7c,FILM::Ivanna (2022),1,komentar
user_710b0532a76e,FILM::Ivanna (2022),2,komentar
user_71ed1045a5ad,FILM::Ivanna (2022),1,komentar
user_72092952c2e4,FILM::Ivanna (2022),1,komentar
user_7225d13cdc67,FILM::Ivanna (2022),1,komentar
user_727bafdb216a,FILM::Ivanna (2022),1,komentar
user_72e920979f29,FILM::Ivanna (2022),1,komentar
user_734884a57276,FILM::Ivanna (2022),1,komentar
user_77a4f6de71d4,FILM::Ivanna (2022),1,komentar
user_77b859596dc3,FILM::Ivanna (2022),1,komentar
user_79152729fdf9,FILM::Ivanna (2022),1,komentar
user_792d44b876c5,FILM::Ivanna (2022),1,komentar
user_7db4fe19b1dd,FILM::Ivanna (2022),1,komentar
user_7e0f001129e1,FILM::Ivanna (2022),1,komentar
user_7ed0379bfec9,FILM::Ivanna (2022),1,komentar
user_7fac5dcf6088,FILM::Ivanna (2022),1,komentar
user_81e21c492001,FILM::Ivanna (2022),1,komentar
user_8339de3156d0,FILM::Ivanna (2022),1,komentar
user_8352ea0166fd,FILM::Ivanna (2022),1,komentar
user_8410c8b57bc4,FILM::Ivanna (2022),1,komentar
user_8449bb71b407,FILM::Ivanna (2022),1,komentar
user_85fba6c2f24d,FILM::Ivanna (2022),1,komentar
user_8689b2629d6b,FILM::Ivanna (2022),1,komentar
user_86e2fbcbe1f9,FILM::Ivanna (2022),1,komentar
user_87a5868e14b3,FILM::Ivanna (2022),1,komentar
user_8819d224e964,FILM::Ivanna (2022),1,komentar
user_88b9f7e5a63b,FILM::Ivanna (2022),5,komentar
user_88bdc749f809,FILM::Ivanna (2022),1,komentar
user_89fddd938e09,FILM::Ivanna (2022),1,komentar
user_8a26d45a4539,FILM::Ivanna (2022),1,komentar
user_8abef0d7afbb,FILM::Ivanna (2022),1,komentar
user_8c278c3f22fb,FILM::Ivanna (2022),1,komentar
user_8cc40f1b06e8,FILM::Ivanna (2022),1,komentar
user_8d4320bbe385,FILM::Ivanna (2022),1,komentar
user_8d75b8ab305f,FILM::Ivanna (2022),1,komentar
user_8e80063ff1c5,FILM::Ivanna (2022),2,komentar
user_8e82fc584847,FILM::Ivanna (2022),1,komentar
user_90260cd82c66,FILM::Ivanna (2022),1,komentar
user_909aebe7405b,FILM::Ivanna (2022),1,komentar
user_917c1181c2e5,FILM::Ivanna (2022),1,komentar
user_934e8e44b369,FILM::Ivanna (2022),1,komentar
user_93aadd30e9bd,FILM::Ivanna (2022),1,komentar
user_952768f9a252,FILM::Ivanna (2022),1,komentar
user_95f70c6f099b,FILM::Ivanna (2022),1,komentar
user_97336499266e,FILM::Ivanna (2022),1,komentar
user_978383ceec62,FILM::Ivanna (2022),1,komentar
user_978ea35ef4f7,FILM::Ivanna (2022),1,komentar
user_985f3ef640de,FILM::Ivanna (2022),1,komentar
user_9979f1501f57,FILM::Ivanna (2022),1,komentar
user_99a711047a96,FILM::Ivanna (2022),1,komentar
user_9adf81fcdadc,FILM::Ivanna (2022),1,komentar
user_9bb79ce2edd9,FILM::Ivanna (2022),1,komentar
user_9c5b3ca936f9,FILM::Ivanna (2022),1,komentar
user_9c8065d130a9,FILM::Ivanna (2022),1,komentar
user_9e519cc59fb1,FILM::Ivanna (2022),1,komentar
user_9ede34c5cad2,FILM::Ivanna (2022),1,komentar
user_a01b6df4cb83,FILM::Ivanna (2022),1,komentar
user_a0cd1f8f5d96,FILM::Ivanna (2022),2,komentar
user_a1b2fe2ccdd8,FILM::Ivanna (2022),1,komentar
user_a46db3e31d0f,FILM::Ivanna (2022),1,komentar
user_a491fb9e3ccc,FILM::Ivanna (2022),1,komentar
user_a552fbab4e71,FILM::Ivanna (2022),1,komentar
user_a74be9b12616,FILM::Ivanna (2022),1,komentar
user_a85179d06b4b,FILM::Ivanna (2022),1,komentar
user_a858afd7b35a,FILM::Ivanna (2022),1,komentar
user_a97adc8fbd07,FILM::Ivanna (2022),1,komentar
user_a9c5cd5f163d,FILM::Ivanna (2022),1,komentar
user_aa7c01daab75,FILM::Ivanna (2022),3,komentar
user_aac59cecdc4c,FILM::Ivanna (2022),5,komentar
user_ab0b7e48ed63,FILM::Ivanna (2022),1,komentar
user_ab6adaa6854b,FILM::Ivanna (2022),1,komentar
user_abb20c367ad0,FILM::Ivanna (2022),1,komentar
user_ac17cb4cea8e,FILM::Ivanna (2022),1,komentar
user_ac9dabb0467b,FILM::Ivanna (2022),1,komentar
user_acb2bb6366bc,FILM::Ivanna (2022),1,komentar
user_ace478be8b35,FILM::Ivanna (2022),1,komentar
user_adb29fde7d88,FILM::Ivanna (2022),1,komentar
user_ae78254c7053,FILM::Ivanna (2022),1,komentar
user_aed0d54745b9,FILM::Ivanna (2022),1,komentar
user_af8d00d35de6,FILM::Ivanna (2022),1,komentar
user_b049be50e1d1,FILM::Ivanna (2022),1,komentar
user_b112c167736e,FILM::Ivanna (2022),1,komentar
user_b25f65d50fdd,FILM::Ivanna (2022),1,komentar
user_b2bc92c722d4,FILM::Ivanna (2022),1,komentar
user_b2dfb93b277b,FILM::Ivanna (2022),1,komentar
user_b3153159c73b,FILM::Ivanna (2022),1,komentar
user_b3feb9a556f7,FILM::Ivanna (2022),3,komentar
user_b408a55c2ab6,FILM::Ivanna (2022),1,komentar
user_b484ad88c346,FILM::Ivanna (2022),1,komentar
user_b64bea3a23bc,FILM::Ivanna (2022),1,komentar
user_b687d0446458,FILM::Ivanna (2022),1,komentar
user_b830ab215249,FILM::Ivanna (2022),1,komentar
user_b89a45ed4cad,FILM::Ivanna (2022),1,komentar
user_b9434caa27b0,FILM::Ivanna (2022),1,komentar
user_ba9bb07427c2,FILM::Ivanna (2022),1,komentar
user_baa0883e5ee9,FILM::Ivanna (2022),1,komentar
user_be39011f1376,FILM::Ivanna (2022),1,komentar
user_c060afde0cf9,FILM::Ivanna (2022),1,komentar
user_c08ad7021c6b,FILM::Ivanna (2022),1,komentar
user_c1882877d555,FILM::Ivanna (2022),1,komentar
user_c1c86fa1035d,FILM::Ivanna (2022),1,komentar
user_c25b7cc1e7d6,FILM::Ivanna (2022),1,komentar
user_c35abfe012a5,FILM::Ivanna (2022),1,komentar
user_c593b7cdae0f,FILM::Ivanna (2022),1,komentar
user_c76b753fc09f,FILM::Ivanna (2022),1,komentar
user_c8b913a5469a,FILM::Ivanna (2022),1,komentar
user_c965fcf0422d,FILM::Ivanna (2022),1,komentar
user_c9c3cb957e75,FILM::Ivanna (2022),1,komentar
user_c9f9ebe4d55e,FILM::Ivanna (2022),1,komentar
user_ca0bb67480f7,FILM::Ivanna (2022),1,komentar
user_cc46217e6922,FILM::Ivanna (2022),1,komentar
user_ccab6df3dc75,FILM::Ivanna (2022),1,komentar
user_cfa666726059,FILM::Ivanna (2022),1,komentar
user_d0d76b4ebf40,FILM::Ivanna (2022),1,komentar
user_d2002564502a,FILM::Ivanna (2022),1,komentar
user_d22d999807d9,FILM::Ivanna (2022),1,komentar
user_d307ff9c65ef,FILM::Ivanna (2022),1,komentar
user_d40406628468,FILM::Ivanna (2022),1,komentar
user_d7eb26b719ca,FILM::Ivanna (2022),1,komentar
user_d8ae21f2d8a7,FILM::Ivanna (2022),1,komentar
user_d9f7eb1e6aaf,FILM::Ivanna (2022),1,komentar
user_db2d7ac25624,FILM::Ivanna (2022),1,komentar
user_dc2fa766dae1,FILM::Ivanna (2022),1,komentar
user_dd14cd564575,FILM::Ivanna (2022),1,komentar
user_dd8e2e51ffad,FILM::Ivanna (2022),1,komentar
user_de50d5da45f6,FILM::Ivanna (2022),1,komentar
user_deced8b1eb85,FILM::Ivanna (2022),1,komentar
user_def72da82c5d,FILM::Ivanna (2022),4,komentar
user_dfbaf1abbcf2,FILM::Ivanna (2022),3,komentar
user_e01e1d6defe7,FILM::Ivanna (2022),1,komentar
user_e0ff0b71a965,FILM::Ivanna (2022),1,komentar
user_e1b2a259b8b3,FILM::Ivanna (2022),1,komentar
user_e1d38d5bdab8,FILM::Ivanna (2022),1,komentar
user_e2c7c122953c,FILM::Ivanna (2022),1,komentar
user_e3d71071b54a,FILM::Ivanna (2022),3,komentar
user_e433d95aaec8,FILM::Ivanna (2022),1,komentar
user_e58eaef3e541,FILM::Ivanna (2022),1,komentar
user_e6aeb2b1d89d,FILM::Ivanna (2022),1,komentar
user_e6fed7462a6f,FILM::Ivanna (2022),2,komentar
user_e87f0a5334b9,FILM::Ivanna (2022),1,komentar
user_eaafda274347,FILM::Ivanna (2022),1,komentar
user_ee72f7a31aaf,FILM::Ivanna (2022),1,komentar
user_eebf616e22b3,FILM::Ivanna (2022),1,komentar
user_eef23aa270d7,FILM::Ivanna (2022),1,komentar
user_f03c588154df,FILM::Ivanna (2022),1,komentar
user_f09c46600161,FILM::Ivanna (2022),1,komentar
user_f2aa48d734ae,FILM::Ivanna (2022),1,komentar
user_f4e5c25adb4c,FILM::Ivanna (2022),1,komentar
user_f6893df9eb25,FILM::Ivanna (2022),1,komentar
user_f74bf5d92695,FILM::Ivanna (2022),1,komentar
user_f77ccfc9b42a,FILM::Ivanna (2022),1,komentar
user_f845d955dce7,FILM::Ivanna (2022),26,komentar
user_f8cec8973a3c,FILM::Ivanna (2022),2,komentar
user_f8fd94ab9200,FILM::Ivanna (2022),2,komentar
user_f96d8c25d02a,FILM::Ivanna (2022),1,komentar
user_fadbbcc0b298,FILM::Ivanna (2022),1,komentar
user_faf04250ebf5,FILM::Ivanna (2022),1,komentar
user_fc59eddb0cb9,FILM::Ivanna (2022),1,komentar
user_fd5b2bf95045,FILM::Ivanna (2022),1,komentar
user_fda52e0a7e81,FILM::Ivanna (2022),1,komentar
user_fddaa07f5313,FILM::Ivanna (2022),1,komentar
user_ff4525914d82,FILM::Ivanna (2022),1,komentar
user_00cfbf07cf5a,user_536c798f98b0,6,balasan
user_00d3e8336f37,Racun Sangga: Santet Pemisah Rumah Tangga (2024),1,komentar
user_00d3e8336f37,user_ad1e36e4a30a,1,balasan
user_00d3e8336f37,user_fca25cab7c02,1,balasan
user_00d3e8336f37,user_f611081f53b4,1,balasan
user_04cc943bfc0b,FILM::Racun Sangga: Santet Pemisah Rumah Tangga (2024),1,komentar
user_07b1b2602a07,FILM::Racun Sangga: Santet Pemisah Rumah Tangga (2024),1,komentar
user_0ad97797b81a,FILM::Racun Sangga: Santet Pemisah Rumah Tangga (2024),1,komentar
user_0bf77c0f2fa9,FILM::Racun Sangga: Santet Pemisah Rumah Tangga (2024),1,komentar
user_0d5d1891a9e8,FILM::Racun Sangga: Santet Pemisah Rumah Tangga (2024),1,komentar
user_0dea9cf49460,FILM::Racun Sangga: Santet Pemisah Rumah Tangga (2024),1,komentar
user_0f85b14d4caa,FILM::Racun Sangga: Santet Pemisah Rumah Tangga (2024),3,komentar
user_0fe86a3f240e,FILM::Racun Sangga: Santet Pemisah Rumah Tangga (2024),2,komentar
user_10c3bcf9cfc4,FILM::Racun Sangga: Santet Pemisah Rumah Tangga (2024),1,komentar
user_1272c6db8239,FILM::Racun Sangga: Santet Pemisah Rumah Tangga (2024),1,komentar
user_170c1a613f6c,FILM::Racun Sangga: Santet Pemisah Rumah Tangga (2024),1,komentar
user_17937f97b5e6,FILM::Racun Sangga: Santet Pemisah Rumah Tangga (2024),3,komentar
user_194bfc3c5937,FILM::Racun Sangga: Santet Pemisah Rumah Tangga (2024),1,komentar
user_1a64ccb6c985,FILM::Racun Sangga: Santet Pemisah Rumah Tangga (2024),1,komentar
user_1b35bbbb369a,FILM::Racun Sangga: Santet Pemisah Rumah Tangga (2024),1,komentar
user_1c80c2541b31,FILM::Racun Sangga: Santet Pemisah Rumah Tangga (2024),1,komentar
user_1ddb38f86629,FILM::Racun Sangga: Santet Pemisah Rumah Tangga (2024),1,komentar
user_1f723474b4f5,FILM::Racun Sangga: Santet Pemisah Rumah Tangga (2024),1,komentar
user_1f7ef644c50b,FILM::Racun Sangga: Santet Pemisah Rumah Tangga (2024),1,komentar
user_21037f5f84cf,FILM::Racun Sangga: Santet Pemisah Rumah Tangga (2024),1,komentar
user_22d37086b242,FILM::Racun Sangga: Santet Pemisah Rumah Tangga (2024),1,komentar
user_2475783e4fef,FILM::Racun Sangga: Santet Pemisah Rumah Tangga (2024),2,komentar
user_24c3aee2cded,FILM::Racun Sangga: Santet Pemisah Rumah Tangga (2024),1,komentar
user_24e384eaa3df,FILM::Racun Sangga: Santet Pemisah Rumah Tangga (2024),5,komentar
user_2518009d73f8,FILM::Racun Sangga: Santet Pemisah Rumah Tangga (2024),1,komentar
user_25c1da953158,FILM::Racun Sangga: Santet Pemisah Rumah Tangga (2024),1,komentar
user_2873dde25729,FILM::Racun Sangga: Santet Pemisah Rumah Tangga (2024),1,komentar
user_2930af1ceca8,FILM::Racun Sangga: Santet Pemisah Rumah Tangga (2024),3,komentar
user_2a8c688d0911,FILM::Racun Sangga: Santet Pemisah Rumah Tangga (2024),1,komentar
user_2b18a17817b6,FILM::Racun Sangga: Santet Pemisah Rumah Tangga (2024),1,komentar
user_2baeb4e089df,FILM::Racun Sangga: Santet Pemisah Rumah Tangga (2024),2,komentar
user_2c0811558eff,FILM::Racun Sangga: Santet Pemisah Rumah Tangga (2024),1,komentar
user_2c4d678bdec3,FILM::Racun Sangga: Santet Pemisah Rumah Tangga (2024),1,komentar
user_2cf01edd31fc,FILM::Racun Sangga: Santet Pemisah Rumah Tangga (2024),1,komentar
user_2ea4fb8eb6f0,FILM::Racun Sangga: Santet Pemisah Rumah Tangga (2024),1,komentar
user_2fb3b8b2c38e,FILM::Racun Sangga: Santet Pemisah Rumah Tangga (2024),1,komentar
user_305a8a8d2c05,FILM::Racun Sangga: Santet Pemisah Rumah Tangga (2024),2,komentar
user_32fc97edbe8a,FILM::Racun Sangga: Santet Pemisah Rumah Tangga (2024),1,komentar
user_3c3d7747707e,FILM::Racun Sangga: Santet Pemisah Rumah Tangga (2024),1,komentar
user_3cdf0e4818d5,FILM::Racun Sangga: Santet Pemisah Rumah Tangga (2024),1,komentar
user_3cf5ead32c87,FILM::Racun Sangga: Santet Pemisah Rumah Tangga (2024),1,komentar
user_3d70ffc4091e,FILM::Racun Sangga: Santet Pemisah Rumah Tangga (2024),1,komentar
user_3de4b999c282,FILM::Racun Sangga: Santet Pemisah Rumah Tangga (2024),1,komentar
user_3ec6e191e200,FILM::Racun Sangga: Santet Pemisah Rumah Tangga (2024),2,komentar
user_40680d302f01,FILM::Racun Sangga: Santet Pemisah Rumah Tangga (2024),1,komentar
user_413668d6ebea,FILM::Racun Sangga: Santet Pemisah Rumah Tangga (2024),1,komentar
user_46a7d8eea24e,FILM::Racun Sangga: Santet Pemisah Rumah Tangga (2024),1,komentar
user_48a02cc613aa,FILM::Racun Sangga: Santet Pemisah Rumah Tangga (2024),1,komentar
user_496bef0f02a8,FILM::Racun Sangga: Santet Pemisah Rumah Tangga (2024),1,komentar
user_4a6a09d7a835,FILM::Racun Sangga: Santet Pemisah Rumah Tangga (2024),1,komentar
user_4fc1dc27162f,FILM::Racun Sangga: Santet Pemisah Rumah Tangga (2024),1,komentar
user_5085695edb9a,FILM::Racun Sangga: Santet Pemisah Rumah Tangga (2024),1,komentar
user_53adcdd84060,FILM::Racun Sangga: Santet Pemisah Rumah Tangga (2024),1,komentar
user_55a4e28020d6,FILM::Racun Sangga: Santet Pemisah Rumah Tangga (2024),1,komentar
user_56596f47ce3f,FILM::Racun Sangga: Santet Pemisah Rumah Tangga (2024),1,komentar
user_575c7234850c,FILM::Racun Sangga: Santet Pemisah Rumah Tangga (2024),1,komentar
user_585ae9541b08,FILM::Racun Sangga: Santet Pemisah Rumah Tangga (2024),1,komentar
user_5babedeccf81,FILM::Racun Sangga: Santet Pemisah Rumah Tangga (2024),2,komentar
user_5e24681963e2,FILM::Racun Sangga: Santet Pemisah Rumah Tangga (2024),3,komentar
user_62fdb0d1e720,FILM::Racun Sangga: Santet Pemisah Rumah Tangga (2024),1,komentar
user_63e647b6c5ef,FILM::Racun Sangga: Santet Pemisah Rumah Tangga (2024),1,komentar
user_6516121c7ac1,FILM::Racun Sangga: Santet Pemisah Rumah Tangga (2024),1,komentar
user_659dd56debaf,FILM::Racun Sangga: Santet Pemisah Rumah Tangga (2024),2,komentar
user_662b8c573e1b,FILM::Racun Sangga: Santet Pemisah Rumah Tangga (2024),1,komentar
user_6699e610c26b,FILM::Racun Sangga: Santet Pemisah Rumah Tangga (2024),1,komentar
user_69d509285dbb,FILM::Racun Sangga: Santet Pemisah Rumah Tangga (2024),1,komentar
user_6a1d6cd50dd6,FILM::Racun Sangga: Santet Pemisah Rumah Tangga (2024),1,komentar
user_6a2b02b40fcf,FILM::Racun Sangga: Santet Pemisah Rumah Tangga (2024),1,komentar
user_6a5255b1a9ad,FILM::Racun Sangga: Santet Pemisah Rumah Tangga (2024),1,komentar
user_6b23cb9e1546,FILM::Racun Sangga: Santet Pemisah Rumah Tangga (2024),1,komentar
user_6dbc73716c3a,FILM::Racun Sangga: Santet Pemisah Rumah Tangga (2024),1,komentar
user_6df36c90f583,FILM::Racun Sangga: Santet Pemisah Rumah Tangga (2024),1,komentar
user_70dc1b15f94d,FILM::Racun Sangga: Santet Pemisah Rumah Tangga (2024),1,komentar
user_722e8ff52625,FILM::Racun Sangga: Santet Pemisah Rumah Tangga (2024),1,komentar
user_7276d50d4fa4,FILM::Racun Sangga: Santet Pemisah Rumah Tangga (2024),1,komentar
user_77581295fac6,FILM::Racun Sangga: Santet Pemisah Rumah Tangga (2024),2,komentar
user_77e0d6e014e5,FILM::Racun Sangga: Santet Pemisah Rumah Tangga (2024),1,komentar
user_7902dc57e7ef,FILM::Racun Sangga: Santet Pemisah Rumah Tangga (2024),1,komentar
user_7a21e5a3ffb0,FILM::Racun Sangga: Santet Pemisah Rumah Tangga (2024),2,komentar
user_7b00211504c5,FILM::Racun Sangga: Santet Pemisah Rumah Tangga (2024),1,komentar
user_7c7c8d7c30f7,FILM::Racun Sangga: Santet Pemisah Rumah Tangga (2024),1,komentar
user_7da0fff55e10,FILM::Racun Sangga: Santet Pemisah Rumah Tangga (2024),1,komentar
user_807ba28de634,FILM::Racun Sangga: Santet Pemisah Rumah Tangga (2024),1,komentar
user_81a6432b7a25,FILM::Racun Sangga: Santet Pemisah Rumah Tangga (2024),1,komentar
user_855ec1e5ade4,FILM::Racun Sangga: Santet Pemisah Rumah Tangga (2024),1,komentar
user_8675bdb29b6a,FILM::Racun Sangga: Santet Pemisah Rumah Tangga (2024),1,komentar
user_8967796b0648,FILM::Racun Sangga: Santet Pemisah Rumah Tangga (2024),1,komentar
user_8c4b8da5f43a,FILM::Racun Sangga: Santet Pemisah Rumah Tangga (2024),1,komentar
user_8ca09d3b6d23,FILM::Racun Sangga: Santet Pemisah Rumah Tangga (2024),1,komentar
user_90ffae2e0c48,FILM::Racun Sangga: Santet Pemisah Rumah Tangga (2024),1,komentar
user_9127f3664c27,FILM::Racun Sangga: Santet Pemisah Rumah Tangga (2024),1,komentar
user_941dd871f22d,FILM::Racun Sangga: Santet Pemisah Rumah Tangga (2024),1,komentar
user_94c9fdfa5017,FILM::Racun Sangga: Santet Pemisah Rumah Tangga (2024),1,komentar
user_954b0f404515,FILM::Racun Sangga: Santet Pemisah Rumah Tangga (2024),1,komentar
user_9770371c60d6,FILM::Racun Sangga: Santet Pemisah Rumah Tangga (2024),1,komentar
user_9908a13def0e,FILM::Racun Sangga: Santet Pemisah Rumah Tangga (2024),1,komentar
user_9f636aae797c,FILM::Racun Sangga: Santet Pemisah Rumah Tangga (2024),1,komentar
user_a386b4c2040b,FILM::Racun Sangga: Santet Pemisah Rumah Tangga (2024),1,komentar
user_a3af6f95a7cf,FILM::Racun Sangga: Santet Pemisah Rumah Tangga (2024),1,komentar
user_a4c01524a780,FILM::Racun Sangga: Santet Pemisah Rumah Tangga (2024),1,komentar
user_a67a574a71f3,FILM::Racun Sangga: Santet Pemisah Rumah Tangga (2024),1,komentar
user_a8668a508c10,FILM::Racun Sangga: Santet Pemisah Rumah Tangga (2024),1,komentar
user_a8dc111c1b77,FILM::Racun Sangga: Santet Pemisah Rumah Tangga (2024),1,komentar
user_a9ef75a4d1e7,FILM::Racun Sangga: Santet Pemisah Rumah Tangga (2024),1,komentar
user_ac5c87779dc9,FILM::Racun Sangga: Santet Pemisah Rumah Tangga (2024),1,komentar
user_ad1e36e4a30a,FILM::Racun Sangga: Santet Pemisah Rumah Tangga (2024),2,komentar
user_aea3432ed90d,FILM::Racun Sangga: Santet Pemisah Rumah Tangga (2024),1,komentar
user_aea7b1adbdb6,FILM::Racun Sangga: Santet Pemisah Rumah Tangga (2024),3,komentar
user_b0c8e97d0ab0,FILM::Racun Sangga: Santet Pemisah Rumah Tangga (2024),1,komentar
user_b2fcccf9635b,FILM::Racun Sangga: Santet Pemisah Rumah Tangga (2024),1,komentar
user_b3a4b93d9f3a,FILM::Racun Sangga: Santet Pemisah Rumah Tangga (2024),2,komentar
user_b46d066e6f47,FILM::Racun Sangga: Santet Pemisah Rumah Tangga (2024),1,komentar
user_b4a2bceddfde,FILM::Racun Sangga: Santet Pemisah Rumah Tangga (2024),1,komentar
user_b507748c447f,FILM::Racun Sangga: Santet Pemisah Rumah Tangga (2024),1,komentar
user_b5895b3cbfda,FILM::Racun Sangga: Santet Pemisah Rumah Tangga (2024),1,komentar
user_ba07a51e7d8e,FILM::Racun Sangga: Santet Pemisah Rumah Tangga (2024),1,komentar
user_bc08fdeb52fc,FILM::Racun Sangga: Santet Pemisah Rumah Tangga (2024),1,komentar
user_bd21e562628e,FILM::Racun Sangga: Santet Pemisah Rumah Tangga (2024),1,komentar
user_bfd31b140dda,FILM::Racun Sangga: Santet Pemisah Rumah Tangga (2024),1,komentar
user_c0b112dbe43e,FILM::Racun Sangga: Santet Pemisah Rumah Tangga (2024),2,komentar
user_c1a24bb64992,FILM::Racun Sangga: Santet Pemisah Rumah Tangga (2024),1,komentar
user_c2ceadbf796a,FILM::Racun Sangga: Santet Pemisah Rumah Tangga (2024),1,komentar
user_c322afa09845,FILM::Racun Sangga: Santet Pemisah Rumah Tangga (2024),1,komentar
user_c67362c609f4,FILM::Racun Sangga: Santet Pemisah Rumah Tangga (2024),1,komentar
user_c68cb7d063ba,FILM::Racun Sangga: Santet Pemisah Rumah Tangga (2024),1,komentar
user_c7e554e72f8f,FILM::Racun Sangga: Santet Pemisah Rumah Tangga (2024),1,komentar
user_c9bc499b0eed,FILM::Racun Sangga: Santet Pemisah Rumah Tangga (2024),1,komentar
user_c9f0d204e740,FILM::Racun Sangga: Santet Pemisah Rumah Tangga (2024),1,komentar
user_cb0653e6a6f6,FILM::Racun Sangga: Santet Pemisah Rumah Tangga (2024),1,komentar
user_cbf5cf318d6a,FILM::Racun Sangga: Santet Pemisah Rumah Tangga (2024),1,komentar
user_cdf5740d57f3,FILM::Racun Sangga: Santet Pemisah Rumah Tangga (2024),1,komentar
user_ce8e32bf0f99,FILM::Racun Sangga: Santet Pemisah Rumah Tangga (2024),1,komentar
user_ce9fbbfaa211,FILM::Racun Sangga: Santet Pemisah Rumah Tangga (2024),1,komentar
user_d03c9a9563f5,FILM::Racun Sangga: Santet Pemisah Rumah Tangga (2024),1,komentar
user_d0b2667ee7b8,FILM::Racun Sangga: Santet Pemisah Rumah Tangga (2024),1,komentar
user_d27a447f9590,FILM::Racun Sangga: Santet Pemisah Rumah Tangga (2024),1,komentar
user_d28e679eacbe,FILM::Racun Sangga: Santet Pemisah Rumah Tangga (2024),1,komentar
user_d38045d890c5,FILM::Racun Sangga: Santet Pemisah Rumah Tangga (2024),1,komentar
user_d3a5c163109b,FILM::Racun Sangga: Santet Pemisah Rumah Tangga (2024),1,komentar
user_d4b9fce5b0b9,FILM::Racun Sangga: Santet Pemisah Rumah Tangga (2024),2,komentar
user_d523908a8052,FILM::Racun Sangga: Santet Pemisah Rumah Tangga (2024),3,komentar
user_d63e4d594bed,FILM::Racun Sangga: Santet Pemisah Rumah Tangga (2024),1,komentar
user_d7048b44b330,FILM::Racun Sangga: Santet Pemisah Rumah Tangga (2024),1,komentar
user_d7c43590e614,FILM::Racun Sangga: Santet Pemisah Rumah Tangga (2024),2,komentar
user_dca873533339,FILM::Racun Sangga: Santet Pemisah Rumah Tangga (2024),1,komentar
user_df985bf8b8b9,FILM::Racun Sangga: Santet Pemisah Rumah Tangga (2024),1,komentar
user_dfcc997fe8ad,FILM::Racun Sangga: Santet Pemisah Rumah Tangga (2024),1,komentar
user_e1ac51a718c2,FILM::Racun Sangga: Santet Pemisah Rumah Tangga (2024),1,komentar
user_e35c8ddaae2d,FILM::Racun Sangga: Santet Pemisah Rumah Tangga (2024),1,komentar
user_ebb3626ff51d,FILM::Racun Sangga: Santet Pemisah Rumah Tangga (2024),1,komentar
user_ebd0f96f9a44,FILM::Racun Sangga: Santet Pemisah Rumah Tangga (2024),1,komentar
user_ef435bb1189d,FILM::Racun Sangga: Santet Pemisah Rumah Tangga (2024),1,komentar
user_efc4f2d7f1fc,FILM::Racun Sangga: Santet Pemisah Rumah Tangga (2024),1,komentar
user_f0a503f19b31,FILM::Racun Sangga: Santet Pemisah Rumah Tangga (2024),1,komentar
user_f288fc97ee9e,FILM::Racun Sangga: Santet Pemisah Rumah Tangga (2024),1,komentar
user_f36e822fa522,FILM::Racun Sangga: Santet Pemisah Rumah Tangga (2024),1,komentar
user_f5a33801004d,FILM::Racun Sangga: Santet Pemisah Rumah Tangga (2024),1,komentar
user_f611081f53b4,FILM::Racun Sangga: Santet Pemisah Rumah Tangga (2024),1,komentar
user_f628ecbca12b,FILM::Racun Sangga: Santet Pemisah Rumah Tangga (2024),1,komentar
user_f63078222903,FILM::Racun Sangga: Santet Pemisah Rumah Tangga (2024),1,komentar
user_f6873ad51f1e,FILM::Racun Sangga: Santet Pemisah Rumah Tangga (2024),1,komentar
user_f8a33cac489d,FILM::Racun Sangga: Santet Pemisah Rumah Tangga (2024),1,komentar
user_f8bbc55fb701,FILM::Racun Sangga: Santet Pemisah Rumah Tangga (2024),1,komentar
user_fab7609c117b,FILM::Racun Sangga: Santet Pemisah Rumah Tangga (2024),1,komentar
user_fdaa10d68ec0,FILM::Racun Sangga: Santet Pemisah Rumah Tangga (2024),1,komentar
user_fede6b43440d,FILM::Racun Sangga: Santet Pemisah Rumah Tangga (2024),1,komentar
user_ff99ec45cb07,FILM::Racun Sangga: Santet Pemisah Rumah Tangga (2024),1,komentar
user_00e50a00f259,Suzzanna: Bernapas dalam Kubur (2018),1,komentar
user_00e8fc3a6cfa,FILM::Suzzanna: Bernapas dalam Kubur (2018),1,komentar
user_01bbfbfd9da0,FILM::Suzzanna: Bernapas dalam Kubur (2018),1,komentar
user_034f7a1a5d97,FILM::Suzzanna: Bernapas dalam Kubur (2018),1,komentar
user_03860b61d0f2,FILM::Suzzanna: Bernapas dalam Kubur (2018),1,komentar
user_03abdae3207a,FILM::Suzzanna: Bernapas dalam Kubur (2018),1,komentar
user_05085b603fa7,FILM::Suzzanna: Bernapas dalam Kubur (2018),1,komentar
user_050d09362024,FILM::Suzzanna: Bernapas dalam Kubur (2018),1,komentar
user_0522e19c2dfb,FILM::Suzzanna: Bernapas dalam Kubur (2018),1,komentar
user_054d89311865,FILM::Suzzanna: Bernapas dalam Kubur (2018),1,komentar
user_057f528aeb71,FILM::Suzzanna: Bernapas dalam Kubur (2018),1,komentar
user_0592fbfaac89,FILM::Suzzanna: Bernapas dalam Kubur (2018),1,komentar
user_0698ea4ce000,FILM::Suzzanna: Bernapas dalam Kubur (2018),1,komentar
user_06d9136131ff,FILM::Suzzanna: Bernapas dalam Kubur (2018),1,komentar
user_07189db42f25,FILM::Suzzanna: Bernapas dalam Kubur (2018),1,komentar
user_0727e03c54bc,FILM::Suzzanna: Bernapas dalam Kubur (2018),1,komentar
user_07847c331244,FILM::Suzzanna: Bernapas dalam Kubur (2018),1,komentar
user_079eb9225127,FILM::Suzzanna: Bernapas dalam Kubur (2018),1,komentar
user_07f9350eba63,FILM::Suzzanna: Bernapas dalam Kubur (2018),2,komentar
user_086faf0b0bf2,FILM::Suzzanna: Bernapas dalam Kubur (2018),1,komentar
user_08c76df2fa9b,FILM::Suzzanna: Bernapas dalam Kubur (2018),1,komentar
user_099618439add,FILM::Suzzanna: Bernapas dalam Kubur (2018),1,komentar
user_09a08e01c30e,FILM::Suzzanna: Bernapas dalam Kubur (2018),1,komentar
user_09d30becdabb,FILM::Suzzanna: Bernapas dalam Kubur (2018),1,komentar
user_0a1dce5b062f,FILM::Suzzanna: Bernapas dalam Kubur (2018),1,komentar
user_0a216f346c3d,FILM::Suzzanna: Bernapas dalam Kubur (2018),1,komentar
user_0b0280a4c4ee,FILM::Suzzanna: Bernapas dalam Kubur (2018),1,komentar
user_0bb6eef926cb,FILM::Suzzanna: Bernapas dalam Kubur (2018),3,komentar
user_0bc718ad59ff,FILM::Suzzanna: Bernapas dalam Kubur (2018),1,komentar
user_0c3117348840,FILM::Suzzanna: Bernapas dalam Kubur (2018),8,komentar
user_0c3d014383ee,FILM::Suzzanna: Bernapas dalam Kubur (2018),1,komentar
user_0c87597ea311,FILM::Suzzanna: Bernapas dalam Kubur (2018),1,komentar
user_0ca032f72972,FILM::Suzzanna: Bernapas dalam Kubur (2018),1,komentar
user_0d0ff8c54ee9,FILM::Suzzanna: Bernapas dalam Kubur (2018),1,komentar
user_0d26bda60620,FILM::Suzzanna: Bernapas dalam Kubur (2018),1,komentar
user_0d9aab5bac08,FILM::Suzzanna: Bernapas dalam Kubur (2018),10,komentar
user_0e60577860b2,FILM::Suzzanna: Bernapas dalam Kubur (2018),1,komentar
user_0e6d55b28715,FILM::Suzzanna: Bernapas dalam Kubur (2018),1,komentar
user_0ea9a5a1b002,FILM::Suzzanna: Bernapas dalam Kubur (2018),1,komentar
user_0f46e4d9d542,FILM::Suzzanna: Bernapas dalam Kubur (2018),1,komentar
user_0f5d28a33b7a,FILM::Suzzanna: Bernapas dalam Kubur (2018),1,komentar
user_0f63f2a54b4d,FILM::Suzzanna: Bernapas dalam Kubur (2018),1,komentar
user_10add418418a,FILM::Suzzanna: Bernapas dalam Kubur (2018),2,komentar
user_11243ceb79db,FILM::Suzzanna: Bernapas dalam Kubur (2018),1,komentar
user_1142fb90a9f6,FILM::Suzzanna: Bernapas dalam Kubur (2018),1,komentar
user_11af0d2645e5,FILM::Suzzanna: Bernapas dalam Kubur (2018),1,komentar
user_12bcccaeaa8c,FILM::Suzzanna: Bernapas dalam Kubur (2018),1,komentar
user_138173721c60,FILM::Suzzanna: Bernapas dalam Kubur (2018),1,komentar
user_13a06f97c930,FILM::Suzzanna: Bernapas dalam Kubur (2018),1,komentar
user_1408eac94b7e,FILM::Suzzanna: Bernapas dalam Kubur (2018),1,komentar
user_14c2d629cd31,FILM::Suzzanna: Bernapas dalam Kubur (2018),1,komentar
user_14f1ac4aaffa,FILM::Suzzanna: Bernapas dalam Kubur (2018),1,komentar
user_155a50856810,FILM::Suzzanna: Bernapas dalam Kubur (2018),1,komentar
user_16ad503eb42a,FILM::Suzzanna: Bernapas dalam Kubur (2018),2,komentar
user_1873832bb291,FILM::Suzzanna: Bernapas dalam Kubur (2018),1,komentar
user_18af6e4c4e8f,FILM::Suzzanna: Bernapas dalam Kubur (2018),1,komentar
user_18ba54d01b3c,FILM::Suzzanna: Bernapas dalam Kubur (2018),1,komentar
user_1a4eea5421b8,FILM::Suzzanna: Bernapas dalam Kubur (2018),1,komentar
user_1ad74c8c528d,FILM::Suzzanna: Bernapas dalam Kubur (2018),4,komentar
user_1b7e111a21b2,FILM::Suzzanna: Bernapas dalam Kubur (2018),1,komentar
user_1ba9d97aaaa5,FILM::Suzzanna: Bernapas dalam Kubur (2018),1,komentar
user_1bb49a8a7c62,FILM::Suzzanna: Bernapas dalam Kubur (2018),1,komentar
user_1ca07d8ac8e8,FILM::Suzzanna: Bernapas dalam Kubur (2018),1,komentar
user_1dc63d3095b0,FILM::Suzzanna: Bernapas dalam Kubur (2018),1,komentar
user_1dd2064ae2a4,FILM::Suzzanna: Bernapas dalam Kubur (2018),1,komentar
user_1e53468b6d5b,FILM::Suzzanna: Bernapas dalam Kubur (2018),1,komentar
user_1f2d4c93ad98,FILM::Suzzanna: Bernapas dalam Kubur (2018),1,komentar
user_1f4d001a7aa2,FILM::Suzzanna: Bernapas dalam Kubur (2018),1,komentar
user_1f69a4940cf5,FILM::Suzzanna: Bernapas dalam Kubur (2018),1,komentar
user_1f8f12bc4409,FILM::Suzzanna: Bernapas dalam Kubur (2018),1,komentar
user_1f90dca1e7ab,FILM::Suzzanna: Bernapas dalam Kubur (2018),2,komentar
user_20372bf7f265,FILM::Suzzanna: Bernapas dalam Kubur (2018),1,komentar
user_207c3d046fca,FILM::Suzzanna: Bernapas dalam Kubur (2018),1,komentar
user_20c6dc01aa02,FILM::Suzzanna: Bernapas dalam Kubur (2018),1,komentar
user_211bbb6c7270,FILM::Suzzanna: Bernapas dalam Kubur (2018),1,komentar
user_24f2baaa2739,FILM::Suzzanna: Bernapas dalam Kubur (2018),1,komentar
user_25266a7e7a40,FILM::Suzzanna: Bernapas dalam Kubur (2018),1,komentar
user_25ba68e57eb1,FILM::Suzzanna: Bernapas dalam Kubur (2018),1,komentar
user_26b5c5998dfd,FILM::Suzzanna: Bernapas dalam Kubur (2018),1,komentar
user_27c35695d202,FILM::Suzzanna: Bernapas dalam Kubur (2018),3,komentar
user_2855337f6b6b,FILM::Suzzanna: Bernapas dalam Kubur (2018),2,komentar
user_2a9cb3291277,FILM::Suzzanna: Bernapas dalam Kubur (2018),1,komentar
user_2acc1468ba12,FILM::Suzzanna: Bernapas dalam Kubur (2018),1,komentar
user_2b264a47dbf3,FILM::Suzzanna: Bernapas dalam Kubur (2018),1,komentar
user_2cdf47dce2bc,FILM::Suzzanna: Bernapas dalam Kubur (2018),1,komentar
user_2debd82c645e,FILM::Suzzanna: Bernapas dalam Kubur (2018),1,komentar
user_2fc548ba8518,FILM::Suzzanna: Bernapas dalam Kubur (2018),1,komentar
user_2fd26fa7411e,FILM::Suzzanna: Bernapas dalam Kubur (2018),1,komentar
user_30490cb1d4f9,FILM::Suzzanna: Bernapas dalam Kubur (2018),1,komentar
user_30720fed659e,FILM::Suzzanna: Bernapas dalam Kubur (2018),1,komentar
user_30c6794bd5d9,FILM::Suzzanna: Bernapas dalam Kubur (2018),1,komentar
user_329e825288c5,FILM::Suzzanna: Bernapas dalam Kubur (2018),1,komentar
user_32acfb13c6f0,FILM::Suzzanna: Bernapas dalam Kubur (2018),1,komentar
user_32ad96ff6c4e,FILM::Suzzanna: Bernapas dalam Kubur (2018),1,komentar
user_33c89dc02e5b,FILM::Suzzanna: Bernapas dalam Kubur (2018),1,komentar
user_35316542c6db,FILM::Suzzanna: Bernapas dalam Kubur (2018),1,komentar
user_35e8a8211b2a,FILM::Suzzanna: Bernapas dalam Kubur (2018),1,komentar
user_361ece4a09da,FILM::Suzzanna: Bernapas dalam Kubur (2018),1,komentar
user_371778454ae2,FILM::Suzzanna: Bernapas dalam Kubur (2018),1,komentar
user_375a8a602dee,FILM::Suzzanna: Bernapas dalam Kubur (2018),2,komentar
user_37fb83ca684e,FILM::Suzzanna: Bernapas dalam Kubur (2018),1,komentar
user_3906f365eca6,FILM::Suzzanna: Bernapas dalam Kubur (2018),1,komentar
user_399b7557508f,FILM::Suzzanna: Bernapas dalam Kubur (2018),1,komentar
user_3bbbabf40e98,FILM::Suzzanna: Bernapas dalam Kubur (2018),1,komentar
user_3c0f6f82fec7,FILM::Suzzanna: Bernapas dalam Kubur (2018),1,komentar
user_3ce7d7d1015e,FILM::Suzzanna: Bernapas dalam Kubur (2018),1,komentar
user_3d23132fd235,FILM::Suzzanna: Bernapas dalam Kubur (2018),2,komentar
user_3dfeb5f68de1,FILM::Suzzanna: Bernapas dalam Kubur (2018),1,komentar
user_3e49f8087604,FILM::Suzzanna: Bernapas dalam Kubur (2018),1,komentar
user_3e6a16847d9c,FILM::Suzzanna: Bernapas dalam Kubur (2018),1,komentar
user_3f8c548f482e,FILM::Suzzanna: Bernapas dalam Kubur (2018),1,komentar
user_400d55bd0ce1,FILM::Suzzanna: Bernapas dalam Kubur (2018),1,komentar
user_400dae212fb2,FILM::Suzzanna: Bernapas dalam Kubur (2018),1,komentar
user_40af8a64e1d0,FILM::Suzzanna: Bernapas dalam Kubur (2018),1,komentar
user_4148d157d018,FILM::Suzzanna: Bernapas dalam Kubur (2018),1,komentar
user_421e85956047,FILM::Suzzanna: Bernapas dalam Kubur (2018),1,komentar
user_43f62f65fdd1,FILM::Suzzanna: Bernapas dalam Kubur (2018),1,komentar
user_4475947f2ff8,FILM::Suzzanna: Bernapas dalam Kubur (2018),1,komentar
user_447ab7067791,FILM::Suzzanna: Bernapas dalam Kubur (2018),1,komentar
user_476518c0397b,FILM::Suzzanna: Bernapas dalam Kubur (2018),1,komentar
user_482b92c402d7,FILM::Suzzanna: Bernapas dalam Kubur (2018),1,komentar
user_48402f0915f6,FILM::Suzzanna: Bernapas dalam Kubur (2018),1,komentar
user_48c1f449411b,FILM::Suzzanna: Bernapas dalam Kubur (2018),1,komentar
user_48f50d466006,FILM::Suzzanna: Bernapas dalam Kubur (2018),1,komentar
user_49233530b16f,FILM::Suzzanna: Bernapas dalam Kubur (2018),1,komentar
user_4956579069b8,FILM::Suzzanna: Bernapas dalam Kubur (2018),1,komentar
user_49956f8338ef,FILM::Suzzanna: Bernapas dalam Kubur (2018),1,komentar
user_4bb36620b9ec,FILM::Suzzanna: Bernapas dalam Kubur (2018),1,komentar
user_4c1d1f0b73dc,FILM::Suzzanna: Bernapas dalam Kubur (2018),1,komentar
user_4c8cbbad7ab6,FILM::Suzzanna: Bernapas dalam Kubur (2018),1,komentar
user_4cf936b4ab12,FILM::Suzzanna: Bernapas dalam Kubur (2018),1,komentar
user_4cfcc58da0a4,FILM::Suzzanna: Bernapas dalam Kubur (2018),2,komentar
user_4d2879fa44db,FILM::Suzzanna: Bernapas dalam Kubur (2018),1,komentar
user_4dd84c9231ea,FILM::Suzzanna: Bernapas dalam Kubur (2018),2,komentar
user_4ed9825a815e,FILM::Suzzanna: Bernapas dalam Kubur (2018),1,komentar
user_4f2ba3ba91f3,FILM::Suzzanna: Bernapas dalam Kubur (2018),1,komentar
user_5029a040ad88,FILM::Suzzanna: Bernapas dalam Kubur (2018),1,komentar
user_505a7cae0db7,FILM::Suzzanna: Bernapas dalam Kubur (2018),1,komentar
user_50a483b25b43,FILM::Suzzanna: Bernapas dalam Kubur (2018),1,komentar
user_51314bab3e17,FILM::Suzzanna: Bernapas dalam Kubur (2018),1,komentar
user_51fc9fc32df8,FILM::Suzzanna: Bernapas dalam Kubur (2018),1,komentar
user_5247ce634d5f,FILM::Suzzanna: Bernapas dalam Kubur (2018),1,komentar
user_5284b6f293ee,FILM::Suzzanna: Bernapas dalam Kubur (2018),1,komentar
user_536187c472a9,FILM::Suzzanna: Bernapas dalam Kubur (2018),1,komentar
user_5468de38d954,FILM::Suzzanna: Bernapas dalam Kubur (2018),1,komentar
user_5500bf1ac2f8,FILM::Suzzanna: Bernapas dalam Kubur (2018),1,komentar
user_55670890d1c9,FILM::Suzzanna: Bernapas dalam Kubur (2018),1,komentar
user_55c4bde63933,FILM::Suzzanna: Bernapas dalam Kubur (2018),1,komentar
user_56192e0da3ac,FILM::Suzzanna: Bernapas dalam Kubur (2018),1,komentar
user_569b61642118,FILM::Suzzanna: Bernapas dalam Kubur (2018),1,komentar
user_56bd433659a6,FILM::Suzzanna: Bernapas dalam Kubur (2018),1,komentar
user_57d09ebc0f74,FILM::Suzzanna: Bernapas dalam Kubur (2018),1,komentar
user_596eb1ad1000,FILM::Suzzanna: Bernapas dalam Kubur (2018),1,komentar
user_5981b41a828c,FILM::Suzzanna: Bernapas dalam Kubur (2018),2,komentar
user_598d5bbd00c7,FILM::Suzzanna: Bernapas dalam Kubur (2018),1,komentar
user_59e39112d4a0,FILM::Suzzanna: Bernapas dalam Kubur (2018),1,komentar
user_5a3a2d0024ba,FILM::Suzzanna: Bernapas dalam Kubur (2018),1,komentar
user_5a5d6cea5bbe,FILM::Suzzanna: Bernapas dalam Kubur (2018),1,komentar
user_5c9643989dd1,FILM::Suzzanna: Bernapas dalam Kubur (2018),1,komentar
user_5cd53baf6afa,FILM::Suzzanna: Bernapas dalam Kubur (2018),1,komentar
user_5cfb7bbdbf75,FILM::Suzzanna: Bernapas dalam Kubur (2018),1,komentar
user_5d210fe6dc04,FILM::Suzzanna: Bernapas dalam Kubur (2018),1,komentar
user_5d5c55c58112,FILM::Suzzanna: Bernapas dalam Kubur (2018),1,komentar
user_5e90824e9ff6,FILM::Suzzanna: Bernapas dalam Kubur (2018),1,komentar
user_5e9878413220,FILM::Suzzanna: Bernapas dalam Kubur (2018),2,komentar
user_61d9e4a2a455,FILM::Suzzanna: Bernapas dalam Kubur (2018),1,komentar
user_636b8265fdc4,FILM::Suzzanna: Bernapas dalam Kubur (2018),1,komentar
user_637a1eec69af,FILM::Suzzanna: Bernapas dalam Kubur (2018),1,komentar
user_63a661d8cecb,FILM::Suzzanna: Bernapas dalam Kubur (2018),1,komentar
user_63b1f01ac15d,FILM::Suzzanna: Bernapas dalam Kubur (2018),1,komentar
user_65a352116254,FILM::Suzzanna: Bernapas dalam Kubur (2018),1,komentar
user_65b33aa96ea8,FILM::Suzzanna: Bernapas dalam Kubur (2018),1,komentar
user_65db2237e28c,FILM::Suzzanna: Bernapas dalam Kubur (2018),1,komentar
user_6662e616c258,FILM::Suzzanna: Bernapas dalam Kubur (2018),1,komentar
user_6808e1611fee,FILM::Suzzanna: Bernapas dalam Kubur (2018),1,komentar
user_683dda22b26e,FILM::Suzzanna: Bernapas dalam Kubur (2018),1,komentar
user_6993a8b94fea,FILM::Suzzanna: Bernapas dalam Kubur (2018),2,komentar
user_69e373734fd5,FILM::Suzzanna: Bernapas dalam Kubur (2018),1,komentar
user_6af74f7f08ff,FILM::Suzzanna: Bernapas dalam Kubur (2018),1,komentar
user_6b8bdfd19cf1,FILM::Suzzanna: Bernapas dalam Kubur (2018),1,komentar
user_6d21a38b7776,FILM::Suzzanna: Bernapas dalam Kubur (2018),1,komentar
user_6db9138f74ba,FILM::Suzzanna: Bernapas dalam Kubur (2018),1,komentar
user_6dc409211de6,FILM::Suzzanna: Bernapas dalam Kubur (2018),1,komentar
user_6eb85a8426df,FILM::Suzzanna: Bernapas dalam Kubur (2018),1,komentar
user_702a579b0a42,FILM::Suzzanna: Bernapas dalam Kubur (2018),1,komentar
user_7187d221c49f,FILM::Suzzanna: Bernapas dalam Kubur (2018),1,komentar
user_71d7ea03c467,FILM::Suzzanna: Bernapas dalam Kubur (2018),1,komentar
user_72353d3e4d28,FILM::Suzzanna: Bernapas dalam Kubur (2018),1,komentar
user_72d3baaa9cf9,FILM::Suzzanna: Bernapas dalam Kubur (2018),1,komentar
user_731a3d27be5f,FILM::Suzzanna: Bernapas dalam Kubur (2018),1,komentar
user_731f3b28fe3c,FILM::Suzzanna: Bernapas dalam Kubur (2018),1,komentar
user_741e94e0ad22,FILM::Suzzanna: Bernapas dalam Kubur (2018),1,komentar
user_742074b82708,FILM::Suzzanna: Bernapas dalam Kubur (2018),1,komentar
user_74ccca72b6af,FILM::Suzzanna: Bernapas dalam Kubur (2018),1,komentar
user_7547189350c1,FILM::Suzzanna: Bernapas dalam Kubur (2018),1,komentar
user_77ba960cd21f,FILM::Suzzanna: Bernapas dalam Kubur (2018),1,komentar
user_77d8bf0cfe75,FILM::Suzzanna: Bernapas dalam Kubur (2018),1,komentar
user_78c8efd1db1d,FILM::Suzzanna: Bernapas dalam Kubur (2018),1,komentar
user_78e32518176f,FILM::Suzzanna: Bernapas dalam Kubur (2018),3,komentar
user_7954ce10f7b7,FILM::Suzzanna: Bernapas dalam Kubur (2018),1,komentar
user_7a58f6450ecc,FILM::Suzzanna: Bernapas dalam Kubur (2018),1,komentar
user_7af546a68703,FILM::Suzzanna: Bernapas dalam Kubur (2018),1,komentar
user_7b37d318bc9b,FILM::Suzzanna: Bernapas dalam Kubur (2018),1,komentar
user_7bc4e5050fbe,FILM::Suzzanna: Bernapas dalam Kubur (2018),1,komentar
user_7d9d12aed3d9,FILM::Suzzanna: Bernapas dalam Kubur (2018),1,komentar
user_7ef1feb7dd59,FILM::Suzzanna: Bernapas dalam Kubur (2018),1,komentar
user_7f63b9d2663c,FILM::Suzzanna: Bernapas dalam Kubur (2018),1,komentar
user_7f7d4904e073,FILM::Suzzanna: Bernapas dalam Kubur (2018),1,komentar
user_7fd09cd6e133,FILM::Suzzanna: Bernapas dalam Kubur (2018),1,komentar
user_80cb7acd849b,FILM::Suzzanna: Bernapas dalam Kubur (2018),1,komentar
user_813328c23bc1,FILM::Suzzanna: Bernapas dalam Kubur (2018),1,komentar
user_82b4af70be70,FILM::Suzzanna: Bernapas dalam Kubur (2018),1,komentar
user_82c8e1ee1d41,FILM::Suzzanna: Bernapas dalam Kubur (2018),1,komentar
user_82eed7ade2c5,FILM::Suzzanna: Bernapas dalam Kubur (2018),1,komentar
user_82f373aa8e6e,FILM::Suzzanna: Bernapas dalam Kubur (2018),1,komentar
user_8379b0df1aa1,FILM::Suzzanna: Bernapas dalam Kubur (2018),1,komentar
user_83e023d93a5f,FILM::Suzzanna: Bernapas dalam Kubur (2018),1,komentar
user_8406f58affb9,FILM::Suzzanna: Bernapas dalam Kubur (2018),1,komentar
user_85ba7eed86e4,FILM::Suzzanna: Bernapas dalam Kubur (2018),1,komentar
user_872684ecf0e6,FILM::Suzzanna: Bernapas dalam Kubur (2018),1,komentar
user_87357fd87697,FILM::Suzzanna: Bernapas dalam Kubur (2018),1,komentar
user_885f96e99c84,FILM::Suzzanna: Bernapas dalam Kubur (2018),1,komentar
user_89cd4fed9bba,FILM::Suzzanna: Bernapas dalam Kubur (2018),1,komentar
user_8c1dbed1e0d4,FILM::Suzzanna: Bernapas dalam Kubur (2018),1,komentar
user_8d21060c0627,FILM::Suzzanna: Bernapas dalam Kubur (2018),1,komentar
user_8e80063ff1c5,FILM::Suzzanna: Bernapas dalam Kubur (2018),1,komentar
user_8f4635c35316,FILM::Suzzanna: Bernapas dalam Kubur (2018),1,komentar
user_8fc3af61fac3,FILM::Suzzanna: Bernapas dalam Kubur (2018),1,komentar
user_90270c495a79,FILM::Suzzanna: Bernapas dalam Kubur (2018),1,komentar
user_90f7555cfd70,FILM::Suzzanna: Bernapas dalam Kubur (2018),1,komentar
user_91c118ab0120,FILM::Suzzanna: Bernapas dalam Kubur (2018),2,komentar
user_93b5d49ad4c1,FILM::Suzzanna: Bernapas dalam Kubur (2018),1,komentar
user_93c7c1a61b2b,FILM::Suzzanna: Bernapas dalam Kubur (2018),1,komentar
user_94345932ea7a,FILM::Suzzanna: Bernapas dalam Kubur (2018),1,komentar
user_94cc681050a0,FILM::Suzzanna: Bernapas dalam Kubur (2018),1,komentar
user_95063f0e527d,FILM::Suzzanna: Bernapas dalam Kubur (2018),1,komentar
user_9516dfc44bb5,FILM::Suzzanna: Bernapas dalam Kubur (2018),1,komentar
user_95f6f126ff04,FILM::Suzzanna: Bernapas dalam Kubur (2018),1,komentar
user_95f99df7b576,FILM::Suzzanna: Bernapas dalam Kubur (2018),1,komentar
user_96bfa18d2491,FILM::Suzzanna: Bernapas dalam Kubur (2018),1,komentar
user_9728d99ae7ec,FILM::Suzzanna: Bernapas dalam Kubur (2018),1,komentar
user_979dffba3f5e,FILM::Suzzanna: Bernapas dalam Kubur (2018),1,komentar
user_98970e4e7d26,FILM::Suzzanna: Bernapas dalam Kubur (2018),1,komentar
user_999ec1abf2b5,FILM::Suzzanna: Bernapas dalam Kubur (2018),1,komentar
user_99eb80113ee2,FILM::Suzzanna: Bernapas dalam Kubur (2018),1,komentar
user_99f09aeb63ed,FILM::Suzzanna: Bernapas dalam Kubur (2018),2,komentar
user_9a974b713a0c,FILM::Suzzanna: Bernapas dalam Kubur (2018),1,komentar
user_9cd6b2a8ed59,FILM::Suzzanna: Bernapas dalam Kubur (2018),1,komentar
user_9d297907e6c8,FILM::Suzzanna: Bernapas dalam Kubur (2018),2,komentar
user_9d4c7b6994d7,FILM::Suzzanna: Bernapas dalam Kubur (2018),1,komentar
user_9dd78cc4cd9c,FILM::Suzzanna: Bernapas dalam Kubur (2018),1,komentar
user_9e0673efdfad,FILM::Suzzanna: Bernapas dalam Kubur (2018),1,komentar
user_9e845dfc097b,FILM::Suzzanna: Bernapas dalam Kubur (2018),1,komentar
user_9eca3d38ecf9,FILM::Suzzanna: Bernapas dalam Kubur (2018),1,komentar
user_9ee97ffc4f90,FILM::Suzzanna: Bernapas dalam Kubur (2018),1,komentar
user_9f12c71e8cc2,FILM::Suzzanna: Bernapas dalam Kubur (2018),1,komentar
user_9fee0fed1907,FILM::Suzzanna: Bernapas dalam Kubur (2018),1,komentar
user_a25ec37e8242,FILM::Suzzanna: Bernapas dalam Kubur (2018),1,komentar
user_a4ba692a46be,FILM::Suzzanna: Bernapas dalam Kubur (2018),1,komentar
user_a550204143e0,FILM::Suzzanna: Bernapas dalam Kubur (2018),1,komentar
user_a6705c70b408,FILM::Suzzanna: Bernapas dalam Kubur (2018),1,komentar
user_a8d8cf3c75a6,FILM::Suzzanna: Bernapas dalam Kubur (2018),1,komentar
user_a9a6698f7844,FILM::Suzzanna: Bernapas dalam Kubur (2018),2,komentar
user_a9c7148b34f5,FILM::Suzzanna: Bernapas dalam Kubur (2018),1,komentar
user_a9e3c06b6103,FILM::Suzzanna: Bernapas dalam Kubur (2018),1,komentar
user_a9fc2c0ffdf9,FILM::Suzzanna: Bernapas dalam Kubur (2018),1,komentar
user_aa76b9a6e2dc,FILM::Suzzanna: Bernapas dalam Kubur (2018),1,komentar
user_aaaee241f8e9,FILM::Suzzanna: Bernapas dalam Kubur (2018),1,komentar
user_aae1dc20b9dc,FILM::Suzzanna: Bernapas dalam Kubur (2018),1,komentar
user_ab1687113cc0,FILM::Suzzanna: Bernapas dalam Kubur (2018),1,komentar
user_ab8b03163377,FILM::Suzzanna: Bernapas dalam Kubur (2018),1,komentar
user_ac4d5e0a74c2,FILM::Suzzanna: Bernapas dalam Kubur (2018),1,komentar
user_aca4f4ebe033,FILM::Suzzanna: Bernapas dalam Kubur (2018),1,komentar
user_add28ba22f02,FILM::Suzzanna: Bernapas dalam Kubur (2018),1,komentar
user_af28d756487d,FILM::Suzzanna: Bernapas dalam Kubur (2018),1,komentar
user_af4faf509dc4,FILM::Suzzanna: Bernapas dalam Kubur (2018),2,komentar
user_af62ca9b2eff,FILM::Suzzanna: Bernapas dalam Kubur (2018),1,komentar
user_b1406d3cfba5,FILM::Suzzanna: Bernapas dalam Kubur (2018),1,komentar
user_b183dd2d2937,FILM::Suzzanna: Bernapas dalam Kubur (2018),1,komentar
user_b20136a3b4c4,FILM::Suzzanna: Bernapas dalam Kubur (2018),1,komentar
user_b25801477c4d,FILM::Suzzanna: Bernapas dalam Kubur (2018),1,komentar
user_b3feb9a556f7,FILM::Suzzanna: Bernapas dalam Kubur (2018),1,komentar
user_b40ec22a34b8,FILM::Suzzanna: Bernapas dalam Kubur (2018),1,komentar
user_b496bc7e1f23,FILM::Suzzanna: Bernapas dalam Kubur (2018),1,komentar
user_b4ead526c897,FILM::Suzzanna: Bernapas dalam Kubur (2018),1,komentar
user_b58213d4788a,FILM::Suzzanna: Bernapas dalam Kubur (2018),1,komentar
user_b708e8eeabbb,FILM::Suzzanna: Bernapas dalam Kubur (2018),1,komentar
user_b765fae825fd,FILM::Suzzanna: Bernapas dalam Kubur (2018),1,komentar
user_b7852d78381a,FILM::Suzzanna: Bernapas dalam Kubur (2018),1,komentar
user_b95564fd8c3e,FILM::Suzzanna: Bernapas dalam Kubur (2018),1,komentar
user_bb1cd8c40bc0,FILM::Suzzanna: Bernapas dalam Kubur (2018),1,komentar
user_bb22218d7c32,FILM::Suzzanna: Bernapas dalam Kubur (2018),1,komentar
user_bb4a616a53ee,FILM::Suzzanna: Bernapas dalam Kubur (2018),1,komentar
user_bc000e9a6975,FILM::Suzzanna: Bernapas dalam Kubur (2018),1,komentar
user_bc469b661769,FILM::Suzzanna: Bernapas dalam Kubur (2018),1,komentar
user_bc912c12f826,FILM::Suzzanna: Bernapas dalam Kubur (2018),1,komentar
user_bccd3cdfbe4e,FILM::Suzzanna: Bernapas dalam Kubur (2018),1,komentar
user_bdccbe2a2180,FILM::Suzzanna: Bernapas dalam Kubur (2018),1,komentar
user_bed7a38a695b,FILM::Suzzanna: Bernapas dalam Kubur (2018),1,komentar
user_bf2c1bed0b4a,FILM::Suzzanna: Bernapas dalam Kubur (2018),2,komentar
user_c0699f160659,FILM::Suzzanna: Bernapas dalam Kubur (2018),1,komentar
user_c0c2c49aad0c,FILM::Suzzanna: Bernapas dalam Kubur (2018),1,komentar
user_c0e651140620,FILM::Suzzanna: Bernapas dalam Kubur (2018),1,komentar
user_c122b7e4c01f,FILM::Suzzanna: Bernapas dalam Kubur (2018),1,komentar
user_c16b614225a0,FILM::Suzzanna: Bernapas dalam Kubur (2018),1,komentar
user_c18b8741dddc,FILM::Suzzanna: Bernapas dalam Kubur (2018),1,komentar
user_c1c5d973b2cd,FILM::Suzzanna: Bernapas dalam Kubur (2018),2,komentar
user_c25bb297fd61,FILM::Suzzanna: Bernapas dalam Kubur (2018),1,komentar
user_c2a5631a271e,FILM::Suzzanna: Bernapas dalam Kubur (2018),1,komentar
user_c321b00ca254,FILM::Suzzanna: Bernapas dalam Kubur (2018),1,komentar
user_c4368679c0e4,FILM::Suzzanna: Bernapas dalam Kubur (2018),2,komentar
user_c586c61fd0c5,FILM::Suzzanna: Bernapas dalam Kubur (2018),1,komentar
user_c6471eee304a,FILM::Suzzanna: Bernapas dalam Kubur (2018),1,komentar
user_c6ad482b807f,FILM::Suzzanna: Bernapas dalam Kubur (2018),1,komentar
user_c71100ff54cf,FILM::Suzzanna: Bernapas dalam Kubur (2018),2,komentar
user_c7850c949902,FILM::Suzzanna: Bernapas dalam Kubur (2018),1,komentar
user_c97b959dcf3f,FILM::Suzzanna: Bernapas dalam Kubur (2018),1,komentar
user_c9c4a3d10900,FILM::Suzzanna: Bernapas dalam Kubur (2018),1,komentar
user_c9e21a58dfa2,FILM::Suzzanna: Bernapas dalam Kubur (2018),1,komentar
user_c9f4c75304af,FILM::Suzzanna: Bernapas dalam Kubur (2018),1,komentar
user_ca05bc658f83,FILM::Suzzanna: Bernapas dalam Kubur (2018),1,komentar
user_ca42af4bcfaa,FILM::Suzzanna: Bernapas dalam Kubur (2018),2,komentar
user_cb7e46741b18,FILM::Suzzanna: Bernapas dalam Kubur (2018),1,komentar
user_cb9f79dea25a,FILM::Suzzanna: Bernapas dalam Kubur (2018),1,komentar
user_cce78b28ff4c,FILM::Suzzanna: Bernapas dalam Kubur (2018),1,komentar
user_cd627e128c42,FILM::Suzzanna: Bernapas dalam Kubur (2018),1,komentar
user_cdc7b9867af6,FILM::Suzzanna: Bernapas dalam Kubur (2018),1,komentar
user_cdd90142571b,FILM::Suzzanna: Bernapas dalam Kubur (2018),1,komentar
user_ce70f57f4864,FILM::Suzzanna: Bernapas dalam Kubur (2018),1,komentar
user_ceb8cd1c4186,FILM::Suzzanna: Bernapas dalam Kubur (2018),1,komentar
user_cf625a83c269,FILM::Suzzanna: Bernapas dalam Kubur (2018),1,komentar
user_d06ac4ae7bc1,FILM::Suzzanna: Bernapas dalam Kubur (2018),1,komentar
user_d0f464229220,FILM::Suzzanna: Bernapas dalam Kubur (2018),1,komentar
user_d171a70f4c98,FILM::Suzzanna: Bernapas dalam Kubur (2018),2,komentar
user_d1e2b28d6228,FILM::Suzzanna: Bernapas dalam Kubur (2018),1,komentar
user_d1e923b6b2fc,FILM::Suzzanna: Bernapas dalam Kubur (2018),1,komentar
user_d23febe51359,FILM::Suzzanna: Bernapas dalam Kubur (2018),1,komentar
user_d2f203b7c727,FILM::Suzzanna: Bernapas dalam Kubur (2018),1,komentar
user_d40ee69cff04,FILM::Suzzanna: Bernapas dalam Kubur (2018),1,komentar
user_d4649f1719e1,FILM::Suzzanna: Bernapas dalam Kubur (2018),1,komentar
user_d4bbb19be8c1,FILM::Suzzanna: Bernapas dalam Kubur (2018),1,komentar
user_d675fb4ab824,FILM::Suzzanna: Bernapas dalam Kubur (2018),1,komentar
user_d702647653fc,FILM::Suzzanna: Bernapas dalam Kubur (2018),1,komentar
user_d7300ea21720,FILM::Suzzanna: Bernapas dalam Kubur (2018),1,komentar
user_d736bb4f16fb,FILM::Suzzanna: Bernapas dalam Kubur (2018),1,komentar
user_d79cb3a83891,FILM::Suzzanna: Bernapas dalam Kubur (2018),1,komentar
user_d79d1c2c65d6,FILM::Suzzanna: Bernapas dalam Kubur (2018),1,komentar
user_d7a3db56cfef,FILM::Suzzanna: Bernapas dalam Kubur (2018),1,komentar
user_d873ef0752eb,FILM::Suzzanna: Bernapas dalam Kubur (2018),1,komentar
user_d8de7524c244,FILM::Suzzanna: Bernapas dalam Kubur (2018),1,komentar
user_d932cdb471ff,FILM::Suzzanna: Bernapas dalam Kubur (2018),1,komentar
user_d962fcf432c1,FILM::Suzzanna: Bernapas dalam Kubur (2018),1,komentar
user_d9ee39f8934a,FILM::Suzzanna: Bernapas dalam Kubur (2018),1,komentar
user_d9f0f448daf3,FILM::Suzzanna: Bernapas dalam Kubur (2018),1,komentar
user_daab7c4409b8,FILM::Suzzanna: Bernapas dalam Kubur (2018),2,komentar
user_dc1626e07144,FILM::Suzzanna: Bernapas dalam Kubur (2018),1,komentar
user_dc9cba2188d7,FILM::Suzzanna: Bernapas dalam Kubur (2018),1,komentar
user_dcbba295f393,FILM::Suzzanna: Bernapas dalam Kubur (2018),1,komentar
user_dd342a318564,FILM::Suzzanna: Bernapas dalam Kubur (2018),1,komentar
user_dd561411411d,FILM::Suzzanna: Bernapas dalam Kubur (2018),1,komentar
user_dde03643c24c,FILM::Suzzanna: Bernapas dalam Kubur (2018),1,komentar
user_de6e12022a9b,FILM::Suzzanna: Bernapas dalam Kubur (2018),1,komentar
user_de902958fd97,FILM::Suzzanna: Bernapas dalam Kubur (2018),1,komentar
user_df878ef71ea1,FILM::Suzzanna: Bernapas dalam Kubur (2018),2,komentar
user_df95a820001d,FILM::Suzzanna: Bernapas dalam Kubur (2018),1,komentar
user_e0594e6e7756,FILM::Suzzanna: Bernapas dalam Kubur (2018),1,komentar
user_e0e6e5c30876,FILM::Suzzanna: Bernapas dalam Kubur (2018),4,komentar
user_e16422c1b37d,FILM::Suzzanna: Bernapas dalam Kubur (2018),1,komentar
user_e1943fb98b80,FILM::Suzzanna: Bernapas dalam Kubur (2018),1,komentar
user_e1a23f3f29ee,FILM::Suzzanna: Bernapas dalam Kubur (2018),1,komentar
user_e25d92f87bc9,FILM::Suzzanna: Bernapas dalam Kubur (2018),1,komentar
user_e2864929c551,FILM::Suzzanna: Bernapas dalam Kubur (2018),1,komentar
user_e376442b417a,FILM::Suzzanna: Bernapas dalam Kubur (2018),1,komentar
user_e44d50e1e486,FILM::Suzzanna: Bernapas dalam Kubur (2018),1,komentar
user_e45713cb5dc0,FILM::Suzzanna: Bernapas dalam Kubur (2018),1,komentar
user_e45e9857fd3a,FILM::Suzzanna: Bernapas dalam Kubur (2018),1,komentar
user_e4861ca4ccc0,FILM::Suzzanna: Bernapas dalam Kubur (2018),1,komentar
user_e49dc815ad76,FILM::Suzzanna: Bernapas dalam Kubur (2018),1,komentar
user_e4dfd943530c,FILM::Suzzanna: Bernapas dalam Kubur (2018),1,komentar
user_e51a5c7081ed,FILM::Suzzanna: Bernapas dalam Kubur (2018),1,komentar
user_e6636e17f4b4,FILM::Suzzanna: Bernapas dalam Kubur (2018),2,komentar
user_e6da66e0ebfc,FILM::Suzzanna: Bernapas dalam Kubur (2018),1,komentar
user_e79f49918d37,FILM::Suzzanna: Bernapas dalam Kubur (2018),1,komentar
user_e7c5f5438fba,FILM::Suzzanna: Bernapas dalam Kubur (2018),1,komentar
user_e81240b66970,FILM::Suzzanna: Bernapas dalam Kubur (2018),1,komentar
user_e870d8c07982,FILM::Suzzanna: Bernapas dalam Kubur (2018),1,komentar
user_e8d3772a319a,FILM::Suzzanna: Bernapas dalam Kubur (2018),1,komentar
user_e9013bf9b820,FILM::Suzzanna: Bernapas dalam Kubur (2018),1,komentar
user_e952b0a04ad7,FILM::Suzzanna: Bernapas dalam Kubur (2018),1,komentar
user_ea0c50b16349,FILM::Suzzanna: Bernapas dalam Kubur (2018),1,komentar
user_ea5535048605,FILM::Suzzanna: Bernapas dalam Kubur (2018),1,komentar
user_eb731d5af38b,FILM::Suzzanna: Bernapas dalam Kubur (2018),1,komentar
user_ebcdf497a02f,FILM::Suzzanna: Bernapas dalam Kubur (2018),1,komentar
user_ebec4f7ccdbf,FILM::Suzzanna: Bernapas dalam Kubur (2018),1,komentar
user_ec26f70f3a4f,FILM::Suzzanna: Bernapas dalam Kubur (2018),1,komentar
user_ed01bd06ef46,FILM::Suzzanna: Bernapas dalam Kubur (2018),1,komentar
user_ed8d511d6f85,FILM::Suzzanna: Bernapas dalam Kubur (2018),1,komentar
user_eea0a2d228da,FILM::Suzzanna: Bernapas dalam Kubur (2018),1,komentar
user_eec7921efefb,FILM::Suzzanna: Bernapas dalam Kubur (2018),1,komentar
user_efd0d087af42,FILM::Suzzanna: Bernapas dalam Kubur (2018),1,komentar
user_f04d9dc5fd26,FILM::Suzzanna: Bernapas dalam Kubur (2018),1,komentar
user_f0652a332a9d,FILM::Suzzanna: Bernapas dalam Kubur (2018),1,komentar
user_f082b601933d,FILM::Suzzanna: Bernapas dalam Kubur (2018),1,komentar
user_f084c54701e8,FILM::Suzzanna: Bernapas dalam Kubur (2018),1,komentar
user_f136f22af601,FILM::Suzzanna: Bernapas dalam Kubur (2018),1,komentar
user_f152f8398317,FILM::Suzzanna: Bernapas dalam Kubur (2018),1,komentar
user_f23f5ff51d55,FILM::Suzzanna: Bernapas dalam Kubur (2018),8,komentar
user_f2cc1e3921a1,FILM::Suzzanna: Bernapas dalam Kubur (2018),1,komentar
user_f329e51c6609,FILM::Suzzanna: Bernapas dalam Kubur (2018),1,komentar
user_f3b40b438607,FILM::Suzzanna: Bernapas dalam Kubur (2018),1,komentar
user_f3e52455ad64,FILM::Suzzanna: Bernapas dalam Kubur (2018),1,komentar
user_f3fd94e263cf,FILM::Suzzanna: Bernapas dalam Kubur (2018),1,komentar
user_f40315323174,FILM::Suzzanna: Bernapas dalam Kubur (2018),1,komentar
user_f5a98b7609cd,FILM::Suzzanna: Bernapas dalam Kubur (2018),1,komentar
user_f5fe78186d2f,FILM::Suzzanna: Bernapas dalam Kubur (2018),1,komentar
user_f65f35b6afdd,FILM::Suzzanna: Bernapas dalam Kubur (2018),1,komentar
user_f6a1e8a9efaa,FILM::Suzzanna: Bernapas dalam Kubur (2018),1,komentar
user_f794d4c2bbba,FILM::Suzzanna: Bernapas dalam Kubur (2018),1,komentar
user_f7ebf97912f8,FILM::Suzzanna: Bernapas dalam Kubur (2018),1,komentar
user_f82a1b7e3af5,FILM::Suzzanna: Bernapas dalam Kubur (2018),1,komentar
user_f8d0b254a438,FILM::Suzzanna: Bernapas dalam Kubur (2018),1,komentar
user_fa48e09bb53b,FILM::Suzzanna: Bernapas dalam Kubur (2018),1,komentar
user_fa944c829d81,FILM::Suzzanna: Bernapas dalam Kubur (2018),1,komentar
user_fabd1b507f68,FILM::Suzzanna: Bernapas dalam Kubur (2018),1,komentar
user_fac0df694ebe,FILM::Suzzanna: Bernapas dalam Kubur (2018),1,komentar
user_fb2ee7d42ca7,FILM::Suzzanna: Bernapas dalam Kubur (2018),1,komentar
user_fb4f869f37e3,FILM::Suzzanna: Bernapas dalam Kubur (2018),1,komentar
user_fc1ee00072ca,FILM::Suzzanna: Bernapas dalam Kubur (2018),1,komentar
user_fc4563392947,FILM::Suzzanna: Bernapas dalam Kubur (2018),1,komentar
user_fc6af046ffa5,FILM::Suzzanna: Bernapas dalam Kubur (2018),1,komentar
user_fcbc1301bd49,FILM::Suzzanna: Bernapas dalam Kubur (2018),1,komentar
user_fcdc10482daa,FILM::Suzzanna: Bernapas dalam Kubur (2018),1,komentar
user_fcf64d6641cf,FILM::Suzzanna: Bernapas dalam Kubur (2018),1,komentar
user_fd9e90b19e12,FILM::Suzzanna: Bernapas dalam Kubur (2018),1,komentar
user_fdde577f6fda,FILM::Suzzanna: Bernapas dalam Kubur (2018),1,komentar
user_fdf09adb31e2,FILM::Suzzanna: Bernapas dalam Kubur (2018),2,komentar
user_fec7fef6330c,FILM::Suzzanna: Bernapas dalam Kubur (2018),1,komentar
user_fffc056da75d,FILM::Suzzanna: Bernapas dalam Kubur (2018),1,komentar
user_00e8fc3a6cfa,user_f23f5ff51d55,1,balasan
user_00ebe2e2bdac,user_55c44b09d7c8,2,balasan
user_00ec9339112f,user_0d46f6fda5d3,1,balasan
user_00ec9339112f,user_91059564b960,1,balasan
user_0100470e7c05,user_15bc096cba24,1,balasan
user_010874983d27,user_216f08274e3c,1,balasan
user_012d043980ab,Santet Segoro Pitu (2024),1,komentar
user_012d043980ab,user_38fa96b98192,1,balasan
user_016ac53de7b5,FILM::Santet Segoro Pitu (2024),1,komentar
user_0233f8a38ada,FILM::Santet Segoro Pitu (2024),1,komentar
user_02948d65f5b1,FILM::Santet Segoro Pitu (2024),1,komentar
user_029a97efb9c5,FILM::Santet Segoro Pitu (2024),1,komentar
user_02dec7ab1582,FILM::Santet Segoro Pitu (2024),1,komentar
user_0346fe034164,FILM::Santet Segoro Pitu (2024),1,komentar
user_03680c5d6964,FILM::Santet Segoro Pitu (2024),1,komentar
user_03bd444c31fc,FILM::Santet Segoro Pitu (2024),1,komentar
user_04aff11fe592,FILM::Santet Segoro Pitu (2024),1,komentar
user_04d769c9deda,FILM::Santet Segoro Pitu (2024),1,komentar
user_06f031b9b4cc,FILM::Santet Segoro Pitu (2024),2,komentar
user_06f9e4d0fd2b,FILM::Santet Segoro Pitu (2024),1,komentar
user_07847c331244,FILM::Santet Segoro Pitu (2024),1,komentar
user_07bb383a5276,FILM::Santet Segoro Pitu (2024),2,komentar
user_095065a42dab,FILM::Santet Segoro Pitu (2024),1,komentar
user_095de0ee8789,FILM::Santet Segoro Pitu (2024),1,komentar
user_0a4286d4614e,FILM::Santet Segoro Pitu (2024),1,komentar
user_0c199f414d37,FILM::Santet Segoro Pitu (2024),2,komentar
user_0c7ed756f0ef,FILM::Santet Segoro Pitu (2024),1,komentar
user_0ceae89029d0,FILM::Santet Segoro Pitu (2024),1,komentar
user_0dc7505624b7,FILM::Santet Segoro Pitu (2024),1,komentar
user_0ec11facfa25,FILM::Santet Segoro Pitu (2024),1,komentar
user_0f705fce0016,FILM::Santet Segoro Pitu (2024),1,komentar
user_0f85b14d4caa,FILM::Santet Segoro Pitu (2024),5,komentar
user_0fa58e6b659e,FILM::Santet Segoro Pitu (2024),1,komentar
user_11460a8c155e,FILM::Santet Segoro Pitu (2024),1,komentar
user_11a72dd312e7,FILM::Santet Segoro Pitu (2024),1,komentar
user_13d6daf3c87d,FILM::Santet Segoro Pitu (2024),1,komentar
user_14baef8b0790,FILM::Santet Segoro Pitu (2024),1,komentar
user_150a14191eaa,FILM::Santet Segoro Pitu (2024),1,komentar
user_15b929ef0c07,FILM::Santet Segoro Pitu (2024),1,komentar
user_16b7f1f7479e,FILM::Santet Segoro Pitu (2024),1,komentar
user_16ef3cc3df39,FILM::Santet Segoro Pitu (2024),1,komentar
user_1761b14a2765,FILM::Santet Segoro Pitu (2024),1,komentar
user_1777ce9ac685,FILM::Santet Segoro Pitu (2024),1,komentar
user_1849bc6cb84a,FILM::Santet Segoro Pitu (2024),1,komentar
user_18d0e23c4ce6,FILM::Santet Segoro Pitu (2024),1,komentar
user_1963b77a7a75,FILM::Santet Segoro Pitu (2024),1,komentar
user_19a08de0d4cb,FILM::Santet Segoro Pitu (2024),1,komentar
user_19b6b5fe9ab9,FILM::Santet Segoro Pitu (2024),1,komentar
user_1d7426c588da,FILM::Santet Segoro Pitu (2024),1,komentar
user_1ea08cef8ef7,FILM::Santet Segoro Pitu (2024),1,komentar
user_1ecc91d672e9,FILM::Santet Segoro Pitu (2024),1,komentar
user_1f65e278ead0,FILM::Santet Segoro Pitu (2024),1,komentar
user_20199765f588,FILM::Santet Segoro Pitu (2024),1,komentar
user_214751451914,FILM::Santet Segoro Pitu (2024),1,komentar
user_215527677879,FILM::Santet Segoro Pitu (2024),1,komentar
user_2252bf044024,FILM::Santet Segoro Pitu (2024),1,komentar
user_225ddb6cca52,FILM::Santet Segoro Pitu (2024),1,komentar
user_2371a32f9e15,FILM::Santet Segoro Pitu (2024),1,komentar
user_23f2c1a766f0,FILM::Santet Segoro Pitu (2024),1,komentar
user_24464011499e,FILM::Santet Segoro Pitu (2024),1,komentar
user_251de92e1efb,FILM::Santet Segoro Pitu (2024),1,komentar
user_257b370b1ce6,FILM::Santet Segoro Pitu (2024),1,komentar
user_25adc880f68a,FILM::Santet Segoro Pitu (2024),1,komentar
user_261b16f5b169,FILM::Santet Segoro Pitu (2024),1,komentar
user_2765e6e0243c,FILM::Santet Segoro Pitu (2024),1,komentar
user_27aed0ac919e,FILM::Santet Segoro Pitu (2024),2,komentar
user_27fcd936e003,FILM::Santet Segoro Pitu (2024),1,komentar
user_28fc0882928b,FILM::Santet Segoro Pitu (2024),1,komentar
user_2956d9b6f8ce,FILM::Santet Segoro Pitu (2024),1,komentar
user_29a8dfd49369,FILM::Santet Segoro Pitu (2024),1,komentar
user_2a346ac0e0f7,FILM::Santet Segoro Pitu (2024),1,komentar
user_2a6b8ab6027b,FILM::Santet Segoro Pitu (2024),1,komentar
user_2b5fe883f9eb,FILM::Santet Segoro Pitu (2024),1,komentar
user_2b676e357202,FILM::Santet Segoro Pitu (2024),1,komentar
user_2b84cd5537c2,FILM::Santet Segoro Pitu (2024),1,komentar
user_2c6196b51c4d,FILM::Santet Segoro Pitu (2024),1,komentar
user_2de2ebbde6a4,FILM::Santet Segoro Pitu (2024),1,komentar
user_2e4d7e335924,FILM::Santet Segoro Pitu (2024),1,komentar
user_2ff989181afa,FILM::Santet Segoro Pitu (2024),1,komentar
user_3176c65a9c32,FILM::Santet Segoro Pitu (2024),1,komentar
user_319d592f599b,FILM::Santet Segoro Pitu (2024),1,komentar
user_32d9e7b12fe4,FILM::Santet Segoro Pitu (2024),1,komentar
user_33ef7e874c81,FILM::Santet Segoro Pitu (2024),2,komentar
user_34a36166f0d5,FILM::Santet Segoro Pitu (2024),1,komentar
user_3521ae15bc81,FILM::Santet Segoro Pitu (2024),1,komentar
user_357086c34f58,FILM::Santet Segoro Pitu (2024),1,komentar
user_37a93164ea4f,FILM::Santet Segoro Pitu (2024),2,komentar
user_37c9522a9de4,FILM::Santet Segoro Pitu (2024),1,komentar
user_380952dc9383,FILM::Santet Segoro Pitu (2024),1,komentar
user_38fa96b98192,FILM::Santet Segoro Pitu (2024),2,komentar
user_3922f0569a6b,FILM::Santet Segoro Pitu (2024),3,komentar
user_3a004af9f379,FILM::Santet Segoro Pitu (2024),1,komentar
user_3b77c70d3a15,FILM::Santet Segoro Pitu (2024),1,komentar
user_3bad36bc6237,FILM::Santet Segoro Pitu (2024),1,komentar
user_3bd1265b8739,FILM::Santet Segoro Pitu (2024),1,komentar
user_3cf5ead32c87,FILM::Santet Segoro Pitu (2024),1,komentar
user_3cfadd14eaba,FILM::Santet Segoro Pitu (2024),1,komentar
user_3dea18049cc2,FILM::Santet Segoro Pitu (2024),1,komentar
user_3e0ecf415328,FILM::Santet Segoro Pitu (2024),1,komentar
user_3e5a8c77b327,FILM::Santet Segoro Pitu (2024),1,komentar
user_3fab20803dc0,FILM::Santet Segoro Pitu (2024),1,komentar
user_3fff80c09711,FILM::Santet Segoro Pitu (2024),1,komentar
user_40008eac9301,FILM::Santet Segoro Pitu (2024),1,komentar
user_4058d27bb400,FILM::Santet Segoro Pitu (2024),1,komentar
user_41315d651c28,FILM::Santet Segoro Pitu (2024),2,komentar
user_41d9457a9d7a,FILM::Santet Segoro Pitu (2024),1,komentar
user_42b88cc2d70a,FILM::Santet Segoro Pitu (2024),1,komentar
user_4305d10970e5,FILM::Santet Segoro Pitu (2024),1,komentar
user_4362eb62525d,FILM::Santet Segoro Pitu (2024),1,komentar
user_43b6d99e3ed5,FILM::Santet Segoro Pitu (2024),1,komentar
user_43deaad428bf,FILM::Santet Segoro Pitu (2024),1,komentar
user_44ecb8b35d59,FILM::Santet Segoro Pitu (2024),1,komentar
user_463ff2f5b426,FILM::Santet Segoro Pitu (2024),1,komentar
user_4706c1df12e1,FILM::Santet Segoro Pitu (2024),1,komentar
user_47f07008e973,FILM::Santet Segoro Pitu (2024),5,komentar
user_490681cfa38d,FILM::Santet Segoro Pitu (2024),1,komentar
user_495ec8c64dfd,FILM::Santet Segoro Pitu (2024),1,komentar
user_4a317fb82078,FILM::Santet Segoro Pitu (2024),1,komentar
user_4a326ecd938e,FILM::Santet Segoro Pitu (2024),1,komentar
user_4ade5970532d,FILM::Santet Segoro Pitu (2024),1,komentar
user_4cc6178e3e0d,FILM::Santet Segoro Pitu (2024),1,komentar
user_4e108b5d9fb9,FILM::Santet Segoro Pitu (2024),1,komentar
user_4eea1d28b0a0,FILM::Santet Segoro Pitu (2024),1,komentar
user_4eec9bb59b2b,FILM::Santet Segoro Pitu (2024),1,komentar
user_50dbc8857c63,FILM::Santet Segoro Pitu (2024),1,komentar
user_513758ad8103,FILM::Santet Segoro Pitu (2024),1,komentar
user_518aff24ba6d,FILM::Santet Segoro Pitu (2024),1,komentar
user_51cd017e5543,FILM::Santet Segoro Pitu (2024),1,komentar
user_52663765a9a5,FILM::Santet Segoro Pitu (2024),1,komentar
user_53398ca9007e,FILM::Santet Segoro Pitu (2024),1,komentar
user_534d9dbff8b7,FILM::Santet Segoro Pitu (2024),1,komentar
user_537a9857bc0d,FILM::Santet Segoro Pitu (2024),1,komentar
user_542f6783226a,FILM::Santet Segoro Pitu (2024),1,komentar
user_54f7e9899501,FILM::Santet Segoro Pitu (2024),1,komentar
user_556a4a58001e,FILM::Santet Segoro Pitu (2024),1,komentar
user_560e9cc1ace2,FILM::Santet Segoro Pitu (2024),1,komentar
user_5620e4625a50,FILM::Santet Segoro Pitu (2024),1,komentar
user_567d62cb7512,FILM::Santet Segoro Pitu (2024),1,komentar
user_5692e226652c,FILM::Santet Segoro Pitu (2024),1,komentar
user_5956fe029a37,FILM::Santet Segoro Pitu (2024),1,komentar
user_5994b21aedf7,FILM::Santet Segoro Pitu (2024),1,komentar
user_59de51065c2f,FILM::Santet Segoro Pitu (2024),1,komentar
user_5d8afdc19af0,FILM::Santet Segoro Pitu (2024),1,komentar
user_5e146b64c3ef,FILM::Santet Segoro Pitu (2024),1,komentar
user_5e254ba9520b,FILM::Santet Segoro Pitu (2024),2,komentar
user_5e93f94f226b,FILM::Santet Segoro Pitu (2024),1,komentar
user_5f4760c0b665,FILM::Santet Segoro Pitu (2024),1,komentar
user_5f55aa09e562,FILM::Santet Segoro Pitu (2024),1,komentar
user_6099eb10a4b8,FILM::Santet Segoro Pitu (2024),1,komentar
user_617dc07509b5,FILM::Santet Segoro Pitu (2024),1,komentar
user_61919afbe549,FILM::Santet Segoro Pitu (2024),4,komentar
user_61a6623e14e1,FILM::Santet Segoro Pitu (2024),1,komentar
user_61c1d577f9c5,FILM::Santet Segoro Pitu (2024),1,komentar
user_6288f834eba4,FILM::Santet Segoro Pitu (2024),1,komentar
user_63c5c587eed1,FILM::Santet Segoro Pitu (2024),1,komentar
user_6423c884284c,FILM::Santet Segoro Pitu (2024),1,komentar
user_659dd56debaf,FILM::Santet Segoro Pitu (2024),1,komentar
user_65c19636b40c,FILM::Santet Segoro Pitu (2024),1,komentar
user_65c1da5e6e5c,FILM::Santet Segoro Pitu (2024),1,komentar
user_66d0bbb5d256,FILM::Santet Segoro Pitu (2024),1,komentar
user_66deca1ef68b,FILM::Santet Segoro Pitu (2024),2,komentar
user_671532cf7c44,FILM::Santet Segoro Pitu (2024),1,komentar
user_679df7d19042,FILM::Santet Segoro Pitu (2024),1,komentar
user_681d19952bf5,FILM::Santet Segoro Pitu (2024),1,komentar
user_682f2e50d74e,FILM::Santet Segoro Pitu (2024),1,komentar
user_683a777053ff,FILM::Santet Segoro Pitu (2024),1,komentar
user_687132231f06,FILM::Santet Segoro Pitu (2024),1,komentar
user_68793b4c7c3a,FILM::Santet Segoro Pitu (2024),1,komentar
user_6980b61f0c80,FILM::Santet Segoro Pitu (2024),1,komentar
user_69984f42a6b4,FILM::Santet Segoro Pitu (2024),1,komentar
user_69e0dc7d2f21,FILM::Santet Segoro Pitu (2024),1,komentar
user_6a2db954c680,FILM::Santet Segoro Pitu (2024),1,komentar
user_6afdf6c872e3,FILM::Santet Segoro Pitu (2024),1,komentar
user_6c86e8825c22,FILM::Santet Segoro Pitu (2024),1,komentar
user_6ed27c9d8bbc,FILM::Santet Segoro Pitu (2024),2,komentar
user_711fa47159e7,FILM::Santet Segoro Pitu (2024),1,komentar
user_716b9a467dfa,FILM::Santet Segoro Pitu (2024),3,komentar
user_71e324f25e26,FILM::Santet Segoro Pitu (2024),1,komentar
user_7334c7db9af2,FILM::Santet Segoro Pitu (2024),2,komentar
user_73ecf858a407,FILM::Santet Segoro Pitu (2024),2,komentar
user_754f371548a1,FILM::Santet Segoro Pitu (2024),1,komentar
user_77356fff64ed,FILM::Santet Segoro Pitu (2024),1,komentar
user_77b50f06c0a9,FILM::Santet Segoro Pitu (2024),1,komentar
user_77c738047e15,FILM::Santet Segoro Pitu (2024),1,komentar
user_77db9768f2be,FILM::Santet Segoro Pitu (2024),1,komentar
user_77edba9a8ed4,FILM::Santet Segoro Pitu (2024),1,komentar
user_78568df0dccd,FILM::Santet Segoro Pitu (2024),1,komentar
user_78eb2f00ea49,FILM::Santet Segoro Pitu (2024),2,komentar
user_795868b78496,FILM::Santet Segoro Pitu (2024),1,komentar
user_799d2043e9c7,FILM::Santet Segoro Pitu (2024),1,komentar
user_7a1db018692f,FILM::Santet Segoro Pitu (2024),1,komentar
user_7a6052ff73d8,FILM::Santet Segoro Pitu (2024),1,komentar
user_7d469756c5e8,FILM::Santet Segoro Pitu (2024),1,komentar
user_7dda2845bccc,FILM::Santet Segoro Pitu (2024),1,komentar
user_7f3a66346223,FILM::Santet Segoro Pitu (2024),1,komentar
user_80204fd8cb2b,FILM::Santet Segoro Pitu (2024),1,komentar
user_8063d0ce707e,FILM::Santet Segoro Pitu (2024),1,komentar
user_80a9d01bf9d5,FILM::Santet Segoro Pitu (2024),1,komentar
user_81d6b71daf5b,FILM::Santet Segoro Pitu (2024),1,komentar
user_81ecc90fa96f,FILM::Santet Segoro Pitu (2024),1,komentar
user_81f5e0186733,FILM::Santet Segoro Pitu (2024),2,komentar
user_830bf7173dac,FILM::Santet Segoro Pitu (2024),1,komentar
user_848da8b3ac27,FILM::Santet Segoro Pitu (2024),1,komentar
user_84b13ae768a7,FILM::Santet Segoro Pitu (2024),2,komentar
user_858609731d14,FILM::Santet Segoro Pitu (2024),1,komentar
user_86c1ce14d03f,FILM::Santet Segoro Pitu (2024),1,komentar
user_8778b2bd643a,FILM::Santet Segoro Pitu (2024),1,komentar
user_87f425d09f70,FILM::Santet Segoro Pitu (2024),2,komentar
user_87f5735c8a13,FILM::Santet Segoro Pitu (2024),1,komentar
user_885f7c501a31,FILM::Santet Segoro Pitu (2024),1,komentar
user_886099b465ae,FILM::Santet Segoro Pitu (2024),1,komentar
user_88d635956c51,FILM::Santet Segoro Pitu (2024),1,komentar
user_8900e78aaf45,FILM::Santet Segoro Pitu (2024),1,komentar
user_8a15b185b6f5,FILM::Santet Segoro Pitu (2024),1,komentar
user_8a527fdc8d92,FILM::Santet Segoro Pitu (2024),1,komentar
user_8ca8b6a2d2df,FILM::Santet Segoro Pitu (2024),1,komentar
user_8cbe0dd79e5d,FILM::Santet Segoro Pitu (2024),1,komentar
user_8d7d35c9fd97,FILM::Santet Segoro Pitu (2024),1,komentar
user_8ddc1c8eeb18,FILM::Santet Segoro Pitu (2024),2,komentar
user_8e60605cab40,FILM::Santet Segoro Pitu (2024),1,komentar
user_8ea352791d50,FILM::Santet Segoro Pitu (2024),1,komentar
user_8f6f55c9e4c7,FILM::Santet Segoro Pitu (2024),1,komentar
user_90e39853ed25,FILM::Santet Segoro Pitu (2024),1,komentar
user_916f3474ebcc,FILM::Santet Segoro Pitu (2024),2,komentar
user_92bfe2eea66a,FILM::Santet Segoro Pitu (2024),1,komentar
user_9334497137aa,FILM::Santet Segoro Pitu (2024),1,komentar
user_93995a0f2001,FILM::Santet Segoro Pitu (2024),1,komentar
user_941f97f29d41,FILM::Santet Segoro Pitu (2024),1,komentar
user_94be4b41f180,FILM::Santet Segoro Pitu (2024),1,komentar
user_9523ef2babf9,FILM::Santet Segoro Pitu (2024),1,komentar
user_956ff5ce8b86,FILM::Santet Segoro Pitu (2024),1,komentar
user_96530f5edca9,FILM::Santet Segoro Pitu (2024),1,komentar
user_9761a8e876fd,FILM::Santet Segoro Pitu (2024),2,komentar
user_9840778a62fc,FILM::Santet Segoro Pitu (2024),1,komentar
user_99b142560705,FILM::Santet Segoro Pitu (2024),1,komentar
user_9b781dd9288c,FILM::Santet Segoro Pitu (2024),1,komentar
user_9bb7a4dd8c98,FILM::Santet Segoro Pitu (2024),1,komentar
user_9caa31eb273d,FILM::Santet Segoro Pitu (2024),1,komentar
user_9cf065bb2aca,FILM::Santet Segoro Pitu (2024),1,komentar
user_9d90fc230f6f,FILM::Santet Segoro Pitu (2024),1,komentar
user_9dc8d1d36481,FILM::Santet Segoro Pitu (2024),1,komentar
user_9f8be4433468,FILM::Santet Segoro Pitu (2024),1,komentar
user_9f8c89b62037,FILM::Santet Segoro Pitu (2024),1,komentar
user_9f9fb79630e0,FILM::Santet Segoro Pitu (2024),1,komentar
user_a10e943adc12,FILM::Santet Segoro Pitu (2024),1,komentar
user_a174576ec436,FILM::Santet Segoro Pitu (2024),1,komentar
user_a3a405682945,FILM::Santet Segoro Pitu (2024),1,komentar
user_a55d4312bae4,FILM::Santet Segoro Pitu (2024),1,komentar
user_a5f8f5a1ce0f,FILM::Santet Segoro Pitu (2024),1,komentar
user_a6b62eb76b5e,FILM::Santet Segoro Pitu (2024),1,komentar
user_a7584486fb41,FILM::Santet Segoro Pitu (2024),1,komentar
user_a77f7d02a3f3,FILM::Santet Segoro Pitu (2024),1,komentar
user_a7aad154d73a,FILM::Santet Segoro Pitu (2024),1,komentar
user_a7e44bdc1d4b,FILM::Santet Segoro Pitu (2024),1,komentar
user_a845b9fcced2,FILM::Santet Segoro Pitu (2024),2,komentar
user_aa8990570b40,FILM::Santet Segoro Pitu (2024),1,komentar
user_aad4ae356811,FILM::Santet Segoro Pitu (2024),2,komentar
user_ac639d18e57a,FILM::Santet Segoro Pitu (2024),1,komentar
user_acce6c440d36,FILM::Santet Segoro Pitu (2024),1,komentar
user_ad10af15fe21,FILM::Santet Segoro Pitu (2024),1,komentar
user_ad6f6044ee13,FILM::Santet Segoro Pitu (2024),2,komentar
user_ada72a7d6600,FILM::Santet Segoro Pitu (2024),1,komentar
user_ae654bd25dfd,FILM::Santet Segoro Pitu (2024),1,komentar
user_af6dda36ca7a,FILM::Santet Segoro Pitu (2024),1,komentar
user_af6face966d1,FILM::Santet Segoro Pitu (2024),1,komentar
user_af94a9118d8b,FILM::Santet Segoro Pitu (2024),1,komentar
user_afbfe06414ee,FILM::Santet Segoro Pitu (2024),1,komentar
user_b0344699d6c8,FILM::Santet Segoro Pitu (2024),1,komentar
user_b0ebc7f948b6,FILM::Santet Segoro Pitu (2024),1,komentar
user_b24b5bdcf232,FILM::Santet Segoro Pitu (2024),1,komentar
user_b2fde94d8c38,FILM::Santet Segoro Pitu (2024),1,komentar
user_b3228ff20a97,FILM::Santet Segoro Pitu (2024),1,komentar
user_b35e526d8c9b,FILM::Santet Segoro Pitu (2024),1,komentar
user_b4a5772fa668,FILM::Santet Segoro Pitu (2024),1,komentar
user_b641e406ef5c,FILM::Santet Segoro Pitu (2024),1,komentar
user_b71b42da81e1,FILM::Santet Segoro Pitu (2024),1,komentar
user_b793f495361b,FILM::Santet Segoro Pitu (2024),1,komentar
user_b81f366ca0fe,FILM::Santet Segoro Pitu (2024),3,komentar
user_b867aaf65b32,FILM::Santet Segoro Pitu (2024),2,komentar
user_b96e92f77473,FILM::Santet Segoro Pitu (2024),1,komentar
user_b9a7e1b6a80b,FILM::Santet Segoro Pitu (2024),1,komentar
user_ba07a51e7d8e,FILM::Santet Segoro Pitu (2024),1,komentar
user_ba2a35fe3a62,FILM::Santet Segoro Pitu (2024),1,komentar
user_ba2c8f74d3c7,FILM::Santet Segoro Pitu (2024),1,komentar
user_bd3bac7a8f25,FILM::Santet Segoro Pitu (2024),1,komentar
user_be644cb02159,FILM::Santet Segoro Pitu (2024),1,komentar
user_c007aab816b8,FILM::Santet Segoro Pitu (2024),1,komentar
user_c08f1a17704b,FILM::Santet Segoro Pitu (2024),1,komentar
user_c0afd19aaabf,FILM::Santet Segoro Pitu (2024),1,komentar
user_c0c81e6ccfec,FILM::Santet Segoro Pitu (2024),1,komentar
user_c0e0270f2d84,FILM::Santet Segoro Pitu (2024),2,komentar
user_c16b614225a0,FILM::Santet Segoro Pitu (2024),1,komentar
user_c1912f6b5348,FILM::Santet Segoro Pitu (2024),1,komentar
user_c2ab07e65d30,FILM::Santet Segoro Pitu (2024),1,komentar
user_c2b83f720708,FILM::Santet Segoro Pitu (2024),2,komentar
user_c2b865081aab,FILM::Santet Segoro Pitu (2024),1,komentar
user_c378cdb5d5f5,FILM::Santet Segoro Pitu (2024),1,komentar
user_c3ad6595db37,FILM::Santet Segoro Pitu (2024),1,komentar
user_c3ca96d8d00a,FILM::Santet Segoro Pitu (2024),1,komentar
user_c47a4b524ac5,FILM::Santet Segoro Pitu (2024),1,komentar
user_c4ce0c21a746,FILM::Santet Segoro Pitu (2024),1,komentar
user_c61861a487bb,FILM::Santet Segoro Pitu (2024),1,komentar
user_c6227d6d9a13,FILM::Santet Segoro Pitu (2024),1,komentar
user_cb78bc760121,FILM::Santet Segoro Pitu (2024),1,komentar
user_cbcb16cdd028,FILM::Santet Segoro Pitu (2024),1,komentar
user_cbd8b5ce499c,FILM::Santet Segoro Pitu (2024),1,komentar
user_cd8e3a459609,FILM::Santet Segoro Pitu (2024),1,komentar
user_ce5b13183572,FILM::Santet Segoro Pitu (2024),2,komentar
user_d06a24b5eadb,FILM::Santet Segoro Pitu (2024),1,komentar
user_d0b2667ee7b8,FILM::Santet Segoro Pitu (2024),1,komentar
user_d523908a8052,FILM::Santet Segoro Pitu (2024),2,komentar
user_d6cc21ebceaf,FILM::Santet Segoro Pitu (2024),1,komentar
user_d9a7ef4a9cc3,FILM::Santet Segoro Pitu (2024),1,komentar
user_daff360151f5,FILM::Santet Segoro Pitu (2024),2,komentar
user_db1850d58dca,FILM::Santet Segoro Pitu (2024),1,komentar
user_dba0dd379d69,FILM::Santet Segoro Pitu (2024),1,komentar
user_dc0336fde60c,FILM::Santet Segoro Pitu (2024),1,komentar
user_dc060f67c4c2,FILM::Santet Segoro Pitu (2024),1,komentar
user_dc2fa766dae1,FILM::Santet Segoro Pitu (2024),1,komentar
user_dc44ea2a7782,FILM::Santet Segoro Pitu (2024),1,komentar
user_dd54d8f37ae9,FILM::Santet Segoro Pitu (2024),2,komentar
user_dd5742ad3b60,FILM::Santet Segoro Pitu (2024),1,komentar
user_e070725653c0,FILM::Santet Segoro Pitu (2024),4,komentar
user_e118cf94e325,FILM::Santet Segoro Pitu (2024),1,komentar
user_e15afb13e7a1,FILM::Santet Segoro Pitu (2024),1,komentar
user_e1becd93bc40,FILM::Santet Segoro Pitu (2024),1,komentar
user_e21b56f7d0ff,FILM::Santet Segoro Pitu (2024),2,komentar
user_e2e6f7ca37ec,FILM::Santet Segoro Pitu (2024),1,komentar
user_e32976274962,FILM::Santet Segoro Pitu (2024),1,komentar
user_e365c17589df,FILM::Santet Segoro Pitu (2024),1,komentar
user_e4379e4aeeae,FILM::Santet Segoro Pitu (2024),1,komentar
user_e4b0bc68e509,FILM::Santet Segoro Pitu (2024),1,komentar
user_e4bf760d8b89,FILM::Santet Segoro Pitu (2024),1,komentar
user_e509534437a9,FILM::Santet Segoro Pitu (2024),1,komentar
user_e52c87f6da81,FILM::Santet Segoro Pitu (2024),1,komentar
user_e653bdeb76ac,FILM::Santet Segoro Pitu (2024),1,komentar
user_e6ac2aadfefa,FILM::Santet Segoro Pitu (2024),1,komentar
user_e882a12d1530,FILM::Santet Segoro Pitu (2024),1,komentar
user_e8bf8e1413d8,FILM::Santet Segoro Pitu (2024),1,komentar
user_e93197bef3f8,FILM::Santet Segoro Pitu (2024),1,komentar
user_e94205d6df39,FILM::Santet Segoro Pitu (2024),1,komentar
user_e9c599dda967,FILM::Santet Segoro Pitu (2024),1,komentar
user_e9fcb7c2144a,FILM::Santet Segoro Pitu (2024),1,komentar
user_ea9b26127ac9,FILM::Santet Segoro Pitu (2024),1,komentar
user_ebf173353d86,FILM::Santet Segoro Pitu (2024),1,komentar
user_ec1e8f660260,FILM::Santet Segoro Pitu (2024),1,komentar
user_ecdb0ba49a91,FILM::Santet Segoro Pitu (2024),1,komentar
user_eced9261ae0a,FILM::Santet Segoro Pitu (2024),2,komentar
user_ed2b0b8e80bd,FILM::Santet Segoro Pitu (2024),1,komentar
user_ee21f25f0e8a,FILM::Santet Segoro Pitu (2024),1,komentar
user_eededafabb20,FILM::Santet Segoro Pitu (2024),2,komentar
user_ef86d1cab46c,FILM::Santet Segoro Pitu (2024),1,komentar
user_f0689f272982,FILM::Santet Segoro Pitu (2024),1,komentar
user_f08946459462,FILM::Santet Segoro Pitu (2024),1,komentar
user_f0b8251658fa,FILM::Santet Segoro Pitu (2024),1,komentar
user_f151c3b64c1c,FILM::Santet Segoro Pitu (2024),1,komentar
user_f1b456c45e13,FILM::Santet Segoro Pitu (2024),1,komentar
user_f2f8e69fe4bf,FILM::Santet Segoro Pitu (2024),1,komentar
user_f622c8cd1b35,FILM::Santet Segoro Pitu (2024),1,komentar
user_f637f7d54504,FILM::Santet Segoro Pitu (2024),1,komentar
user_f6b0fe35b97b,FILM::Santet Segoro Pitu (2024),1,komentar
user_f6cca04e704e,FILM::Santet Segoro Pitu (2024),1,komentar
user_f705c24c6137,FILM::Santet Segoro Pitu (2024),1,komentar
user_f763c0211ab3,FILM::Santet Segoro Pitu (2024),1,komentar
user_f8cec8973a3c,FILM::Santet Segoro Pitu (2024),2,komentar
user_f939f19a8d46,FILM::Santet Segoro Pitu (2024),1,komentar
user_f96e4fe44414,FILM::Santet Segoro Pitu (2024),1,komentar
user_f9d85b0c8f5f,FILM::Santet Segoro Pitu (2024),1,komentar
user_fbfdd5250b45,FILM::Santet Segoro Pitu (2024),1,komentar
user_fd4f7d7e8d6a,FILM::Santet Segoro Pitu (2024),1,komentar
user_fdf2ffb31119,FILM::Santet Segoro Pitu (2024),2,komentar
user_fef28a2118e5,FILM::Santet Segoro Pitu (2024),1,komentar
user_ff0db99533c1,FILM::Santet Segoro Pitu (2024),1,komentar
user_ff785f45ee29,FILM::Santet Segoro Pitu (2024),2,komentar
user_ffe4be285ae7,FILM::Santet Segoro Pitu (2024),1,komentar
user_fffeba5e0b5c,FILM::Santet Segoro Pitu (2024),1,komentar
user_013418eea655,Mata Batin (2017),1,komentar
user_02084abe7ec1,FILM::Mata Batin (2017),1,komentar
user_06f031b9b4cc,FILM::Mata Batin (2017),1,komentar
user_07b334327bc6,FILM::Mata Batin (2017),2,komentar
user_0a1b848d2a28,FILM::Mata Batin (2017),1,komentar
user_0eeb6fb943dd,FILM::Mata Batin (2017),1,komentar
user_16696909c997,FILM::Mata Batin (2017),1,komentar
user_19889716b944,FILM::Mata Batin (2017),1,komentar
user_199f5502d9a5,FILM::Mata Batin (2017),1,komentar
user_1a7978ff4903,FILM::Mata Batin (2017),1,komentar
user_1e7506aa8dbb,FILM::Mata Batin (2017),1,komentar
user_2052a7818889,FILM::Mata Batin (2017),1,komentar
user_283557cdbfd2,FILM::Mata Batin (2017),1,komentar
user_28e828fb1fd8,FILM::Mata Batin (2017),1,komentar
user_2d22169d6dc2,FILM::Mata Batin (2017),1,komentar
user_329ec9cae579,FILM::Mata Batin (2017),3,komentar
user_3654e5edb5be,FILM::Mata Batin (2017),3,komentar
user_3fe0405f486f,FILM::Mata Batin (2017),2,komentar
user_4111a82b89a7,FILM::Mata Batin (2017),2,komentar
user_44125e53f125,FILM::Mata Batin (2017),1,komentar
user_4a0616a59914,FILM::Mata Batin (2017),1,komentar
user_558171cc7ec6,FILM::Mata Batin (2017),1,komentar
user_5b0b23a4f9b1,FILM::Mata Batin (2017),1,komentar
user_617236c24c11,FILM::Mata Batin (2017),2,komentar
user_64368d475b7c,FILM::Mata Batin (2017),1,komentar
user_67edb0afb533,FILM::Mata Batin (2017),1,komentar
user_68b99b8159e7,FILM::Mata Batin (2017),1,komentar
user_6f4a2aa5ebda,FILM::Mata Batin (2017),1,komentar
user_71e218bf6b34,FILM::Mata Batin (2017),1,komentar
user_77e0ba92bcd9,FILM::Mata Batin (2017),1,komentar
user_793e9f46be07,FILM::Mata Batin (2017),2,komentar
user_7b76e340cd66,FILM::Mata Batin (2017),2,komentar
user_7c9b6b201d13,FILM::Mata Batin (2017),1,komentar
user_7d27884ae49d,FILM::Mata Batin (2017),1,komentar
user_7fa08d6f577e,FILM::Mata Batin (2017),3,komentar
user_825482a5f8c4,FILM::Mata Batin (2017),1,komentar
user_8549d854932f,FILM::Mata Batin (2017),2,komentar
user_8595d5388f0b,FILM::Mata Batin (2017),1,komentar
user_879063a3bfdd,FILM::Mata Batin (2017),1,komentar
user_881f4d6465eb,FILM::Mata Batin (2017),1,komentar
user_890ad03b0572,FILM::Mata Batin (2017),1,komentar
user_8ac5ff095864,FILM::Mata Batin (2017),1,komentar
user_8d2a4411f5a9,FILM::Mata Batin (2017),1,komentar
user_92d257a2912d,FILM::Mata Batin (2017),1,komentar
user_933fa95f5aba,FILM::Mata Batin (2017),1,komentar
user_9521e927b4bc,FILM::Mata Batin (2017),1,komentar
user_954f2b63d0ff,FILM::Mata Batin (2017),1,komentar
user_984376e9e228,FILM::Mata Batin (2017),1,komentar
user_98ffcc2d6399,FILM::Mata Batin (2017),1,komentar
user_9b5c22743508,FILM::Mata Batin (2017),1,komentar
user_9c68e824876c,FILM::Mata Batin (2017),2,komentar
user_a0e4687430d0,FILM::Mata Batin (2017),1,komentar
user_a0fc9da6170b,FILM::Mata Batin (2017),1,komentar
user_abcd1a8fbe7f,FILM::Mata Batin (2017),1,komentar
user_ad1e36e4a30a,FILM::Mata Batin (2017),1,komentar
user_b28178fac4aa,FILM::Mata Batin (2017),1,komentar
user_b43d3b950679,FILM::Mata Batin (2017),1,komentar
user_b6efc9634024,FILM::Mata Batin (2017),4,komentar
user_bc343251936a,FILM::Mata Batin (2017),1,komentar
user_c34f45a744ec,FILM::Mata Batin (2017),2,komentar
user_c5b0363a4164,FILM::Mata Batin (2017),1,komentar
user_cc56a207007b,FILM::Mata Batin (2017),1,komentar
user_ce6e4b149d05,FILM::Mata Batin (2017),3,komentar
user_cf016866103b,FILM::Mata Batin (2017),1,komentar
user_cfc471a34fd4,FILM::Mata Batin (2017),1,komentar
user_d04223b59590,FILM::Mata Batin (2017),1,komentar
user_d2d8b4216fe4,FILM::Mata Batin (2017),1,komentar
user_d53e5537cdd5,FILM::Mata Batin (2017),2,komentar
user_d619ea109279,FILM::Mata Batin (2017),1,komentar
user_d76080ce024e,FILM::Mata Batin (2017),1,komentar
user_daab7c4409b8,FILM::Mata Batin (2017),1,komentar
user_db65a6340993,FILM::Mata Batin (2017),2,komentar
user_de6fc9f71c1c,FILM::Mata Batin (2017),1,komentar
user_e10710c2bf31,FILM::Mata Batin (2017),1,komentar
user_e1a23f3f29ee,FILM::Mata Batin (2017),1,komentar
user_e574feca4fb7,FILM::Mata Batin (2017),1,komentar
user_e999420fc3b2,FILM::Mata Batin (2017),1,komentar
user_ea972ed1057b,FILM::Mata Batin (2017),1,komentar
user_ec2c0bc15ca8,FILM::Mata Batin (2017),1,komentar
user_f42c4acfd429,FILM::Mata Batin (2017),1,komentar
user_f76cca827142,FILM::Mata Batin (2017),1,komentar
user_fad55ba8657e,FILM::Mata Batin (2017),1,komentar
user_ff3ae093b132,FILM::Mata Batin (2017),1,komentar
user_014cb172d622,Siccin 8,1,komentar
user_014cb172d622,user_413f2223d433,1,balasan
user_17937f97b5e6,FILM::Siccin 8,1,komentar
user_1e258fb3af6b,FILM::Siccin 8,1,komentar
user_37a320eb3eee,FILM::Siccin 8,1,komentar
user_38923589f8f1,FILM::Siccin 8,1,komentar
user_413f2223d433,FILM::Siccin 8,1,komentar
user_42b591733232,FILM::Siccin 8,1,komentar
user_5174ee9925bd,FILM::Siccin 8,1,komentar
user_7a4478ff303f,FILM::Siccin 8,1,komentar
user_860c50a40630,FILM::Siccin 8,1,komentar
user_a1003974ac70,FILM::Siccin 8,1,komentar
user_a131a0ddd105,FILM::Siccin 8,1,komentar
user_ac4d5e0a74c2,FILM::Siccin 8,1,komentar
user_b56dccb6e72f,FILM::Siccin 8,1,komentar
user_b7b046fec64f,FILM::Siccin 8,1,komentar
user_d098389c6795,FILM::Siccin 8,1,komentar
user_d8220089f133,FILM::Siccin 8,1,komentar
user_de250b2257d0,FILM::Siccin 8,1,komentar
user_de962f6e9745,FILM::Siccin 8,1,komentar
user_ef38efafea99,FILM::Siccin 8,1,komentar
user_eff6777d62b8,FILM::Siccin 8,1,komentar
user_015c2cec1a7e,user_e2320d824d47,2,balasan
user_015c2cec1a7e,user_58c0c2fe2614,1,balasan
user_01868ed14544,user_a60051a01337,1,balasan
user_01b5ff611955,Official Trailer IVANNA (2022) - MD Pictures,1,komentar
user_01b5ff611955,user_b3cfaa7a557c,1,balasan
user_01b5ff611955,user_c220b68d255e,2,balasan
user_034c31fb89f3,FILM::Official Trailer IVANNA (2022) - MD Pictures,1,komentar
user_040de2da0683,FILM::Official Trailer IVANNA (2022) - MD Pictures,1,komentar
user_04ef4866f728,FILM::Official Trailer IVANNA (2022) - MD Pictures,1,komentar
user_057b12c25252,FILM::Official Trailer IVANNA (2022) - MD Pictures,1,komentar
user_06d9136131ff,FILM::Official Trailer IVANNA (2022) - MD Pictures,1,komentar
user_06eab290dbc2,FILM::Official Trailer IVANNA (2022) - MD Pictures,1,komentar
user_074f7cc49e7d,FILM::Official Trailer IVANNA (2022) - MD Pictures,2,komentar
user_08956ae151fc,FILM::Official Trailer IVANNA (2022) - MD Pictures,1,komentar
user_089818e72192,FILM::Official Trailer IVANNA (2022) - MD Pictures,1,komentar
user_08c8ec018776,FILM::Official Trailer IVANNA (2022) - MD Pictures,1,komentar
user_08dc855059a5,FILM::Official Trailer IVANNA (2022) - MD Pictures,1,komentar
user_091f804dda33,FILM::Official Trailer IVANNA (2022) - MD Pictures,1,komentar
user_0ae8421632ef,FILM::Official Trailer IVANNA (2022) - MD Pictures,1,komentar
user_0b17b9a0a22d,FILM::Official Trailer IVANNA (2022) - MD Pictures,1,komentar
user_0b3dfbead32b,FILM::Official Trailer IVANNA (2022) - MD Pictures,1,komentar
user_0b8ea9b105d4,FILM::Official Trailer IVANNA (2022) - MD Pictures,1,komentar
user_0bae4fd5ac55,FILM::Official Trailer IVANNA (2022) - MD Pictures,1,komentar
user_0c03d0436642,FILM::Official Trailer IVANNA (2022) - MD Pictures,1,komentar
user_0c81e88707da,FILM::Official Trailer IVANNA (2022) - MD Pictures,2,komentar
user_0d857395e67d,FILM::Official Trailer IVANNA (2022) - MD Pictures,1,komentar
user_0d92442689d7,FILM::Official Trailer IVANNA (2022) - MD Pictures,1,komentar
user_0df95f3085c7,FILM::Official Trailer IVANNA (2022) - MD Pictures,1,komentar
user_0dfc2d6807f7,FILM::Official Trailer IVANNA (2022) - MD Pictures,2,komentar
user_0e0734518ef6,FILM::Official Trailer IVANNA (2022) - MD Pictures,1,komentar
user_0e479c6a2e89,FILM::Official Trailer IVANNA (2022) - MD Pictures,1,komentar
user_0f9db6178a9f,FILM::Official Trailer IVANNA (2022) - MD Pictures,1,komentar
user_11243ceb79db,FILM::Official Trailer IVANNA (2022) - MD Pictures,1,komentar
user_1183b14fc578,FILM::Official Trailer IVANNA (2022) - MD Pictures,1,komentar
user_11fc6500ee4c,FILM::Official Trailer IVANNA (2022) - MD Pictures,1,komentar
user_1348a21e2948,FILM::Official Trailer IVANNA (2022) - MD Pictures,1,komentar
user_154aa33756d1,FILM::Official Trailer IVANNA (2022) - MD Pictures,1,komentar
user_15706589554b,FILM::Official Trailer IVANNA (2022) - MD Pictures,1,komentar
user_15c89b6911d9,FILM::Official Trailer IVANNA (2022) - MD Pictures,1,komentar
user_161e86bbce10,FILM::Official Trailer IVANNA (2022) - MD Pictures,1,komentar
user_16a09664a784,FILM::Official Trailer IVANNA (2022) - MD Pictures,3,komentar
user_170b545e59cb,FILM::Official Trailer IVANNA (2022) - MD Pictures,1,komentar
user_1743268f506b,FILM::Official Trailer IVANNA (2022) - MD Pictures,1,komentar
user_177d19aca4d4,FILM::Official Trailer IVANNA (2022) - MD Pictures,1,komentar
user_17ad2e339ca4,FILM::Official Trailer IVANNA (2022) - MD Pictures,1,komentar
user_1810fba86495,FILM::Official Trailer IVANNA (2022) - MD Pictures,1,komentar
user_1815f2aff355,FILM::Official Trailer IVANNA (2022) - MD Pictures,1,komentar
user_1849bc6cb84a,FILM::Official Trailer IVANNA (2022) - MD Pictures,1,komentar
user_18738738b73f,FILM::Official Trailer IVANNA (2022) - MD Pictures,1,komentar
user_19dc2df1a1c6,FILM::Official Trailer IVANNA (2022) - MD Pictures,1,komentar
user_1adf8eb32b4e,FILM::Official Trailer IVANNA (2022) - MD Pictures,1,komentar
user_1b7e111a21b2,FILM::Official Trailer IVANNA (2022) - MD Pictures,1,komentar
user_1c427e433967,FILM::Official Trailer IVANNA (2022) - MD Pictures,1,komentar
user_1cffc89be7e3,FILM::Official Trailer IVANNA (2022) - MD Pictures,1,komentar
user_1d6922a940d6,FILM::Official Trailer IVANNA (2022) - MD Pictures,1,komentar
user_1e2fc586dcea,FILM::Official Trailer IVANNA (2022) - MD Pictures,1,komentar
user_1ea43994349a,FILM::Official Trailer IVANNA (2022) - MD Pictures,1,komentar
user_1ef6fa8425ba,FILM::Official Trailer IVANNA (2022) - MD Pictures,1,komentar
user_1efc76805ac0,FILM::Official Trailer IVANNA (2022) - MD Pictures,1,komentar
user_1f5d75c6c229,FILM::Official Trailer IVANNA (2022) - MD Pictures,1,komentar
user_1ff6f1ac0930,FILM::Official Trailer IVANNA (2022) - MD Pictures,1,komentar
user_2061bbc8c848,FILM::Official Trailer IVANNA (2022) - MD Pictures,1,komentar
user_2074841e8844,FILM::Official Trailer IVANNA (2022) - MD Pictures,1,komentar
user_21109ca41764,FILM::Official Trailer IVANNA (2022) - MD Pictures,1,komentar
user_211738a49063,FILM::Official Trailer IVANNA (2022) - MD Pictures,1,komentar
user_214c6a60d3f4,FILM::Official Trailer IVANNA (2022) - MD Pictures,1,komentar
user_21640e8732c3,FILM::Official Trailer IVANNA (2022) - MD Pictures,1,komentar
user_22bee1d83106,FILM::Official Trailer IVANNA (2022) - MD Pictures,1,komentar
user_2356633bfed0,FILM::Official Trailer IVANNA (2022) - MD Pictures,1,komentar
user_23cc4b38d9b4,FILM::Official Trailer IVANNA (2022) - MD Pictures,1,komentar
user_23f15bad243a,FILM::Official Trailer IVANNA (2022) - MD Pictures,1,komentar
user_241a042b0fd8,FILM::Official Trailer IVANNA (2022) - MD Pictures,1,komentar
user_24620f3b259a,FILM::Official Trailer IVANNA (2022) - MD Pictures,1,komentar
user_24a8f73d77fc,FILM::Official Trailer IVANNA (2022) - MD Pictures,1,komentar
user_24dbc937fc4a,FILM::Official Trailer IVANNA (2022) - MD Pictures,1,komentar
user_2580099c079e,FILM::Official Trailer IVANNA (2022) - MD Pictures,1,komentar
user_25bee1566322,FILM::Official Trailer IVANNA (2022) - MD Pictures,1,komentar
user_277e3f5e3c85,FILM::Official Trailer IVANNA (2022) - MD Pictures,1,komentar
user_278c0c85eb6f,FILM::Official Trailer IVANNA (2022) - MD Pictures,1,komentar
user_27f6cd7deabe,FILM::Official Trailer IVANNA (2022) - MD Pictures,1,komentar
user_27fcd936e003,FILM::Official Trailer IVANNA (2022) - MD Pictures,1,komentar
user_283e24f1b695,FILM::Official Trailer IVANNA (2022) - MD Pictures,1,komentar
user_297e5c3477c5,FILM::Official Trailer IVANNA (2022) - MD Pictures,1,komentar
user_2a2a8a8ea85b,FILM::Official Trailer IVANNA (2022) - MD Pictures,1,komentar
user_2ac4ae7fb234,FILM::Official Trailer IVANNA (2022) - MD Pictures,1,komentar
user_2aea56a4a70c,FILM::Official Trailer IVANNA (2022) - MD Pictures,1,komentar
user_2b258295f9e2,FILM::Official Trailer IVANNA (2022) - MD Pictures,1,komentar
user_2cd53fa3701d,FILM::Official Trailer IVANNA (2022) - MD Pictures,1,komentar
user_2d7494dd5ebf,FILM::Official Trailer IVANNA (2022) - MD Pictures,1,komentar
user_2d7e55c7b352,FILM::Official Trailer IVANNA (2022) - MD Pictures,1,komentar
user_2da8215513ad,FILM::Official Trailer IVANNA (2022) - MD Pictures,1,komentar
user_2e8d5d495793,FILM::Official Trailer IVANNA (2022) - MD Pictures,1,komentar
user_2eaaaf106b22,FILM::Official Trailer IVANNA (2022) - MD Pictures,1,komentar
user_2f958dc1ab62,FILM::Official Trailer IVANNA (2022) - MD Pictures,1,komentar
user_30d0c3eb8ca4,FILM::Official Trailer IVANNA (2022) - MD Pictures,2,komentar
user_30ddfdf1d90f,FILM::Official Trailer IVANNA (2022) - MD Pictures,1,komentar
user_319d18c22928,FILM::Official Trailer IVANNA (2022) - MD Pictures,1,komentar
user_319d31c8cb5b,FILM::Official Trailer IVANNA (2022) - MD Pictures,1,komentar
user_31b9d2bcf289,FILM::Official Trailer IVANNA (2022) - MD Pictures,1,komentar
user_32465c4d9249,FILM::Official Trailer IVANNA (2022) - MD Pictures,1,komentar
user_32f6f97851c8,FILM::Official Trailer IVANNA (2022) - MD Pictures,1,komentar
user_355d141d7e64,FILM::Official Trailer IVANNA (2022) - MD Pictures,1,komentar
user_3669859faa84,FILM::Official Trailer IVANNA (2022) - MD Pictures,1,komentar
user_3680160ce031,FILM::Official Trailer IVANNA (2022) - MD Pictures,2,komentar
user_369fa60a5e3c,FILM::Official Trailer IVANNA (2022) - MD Pictures,1,komentar
user_37ee53cd5f62,FILM::Official Trailer IVANNA (2022) - MD Pictures,1,komentar
user_37f34a954daf,FILM::Official Trailer IVANNA (2022) - MD Pictures,1,komentar
user_383c2ea79cb6,FILM::Official Trailer IVANNA (2022) - MD Pictures,1,komentar
user_388ffb15a06f,FILM::Official Trailer IVANNA (2022) - MD Pictures,1,komentar
user_3a40b8092e33,FILM::Official Trailer IVANNA (2022) - MD Pictures,1,komentar
user_3a5a5596b5ab,FILM::Official Trailer IVANNA (2022) - MD Pictures,1,komentar
user_3a755392fab3,FILM::Official Trailer IVANNA (2022) - MD Pictures,1,komentar
user_3a774ba70609,FILM::Official Trailer IVANNA (2022) - MD Pictures,1,komentar
user_3a9b18402d38,FILM::Official Trailer IVANNA (2022) - MD Pictures,1,komentar
user_3cdfc1516bb4,FILM::Official Trailer IVANNA (2022) - MD Pictures,1,komentar
user_3d93a93a4aab,FILM::Official Trailer IVANNA (2022) - MD Pictures,1,komentar
user_3e03d9d8e7ee,FILM::Official Trailer IVANNA (2022) - MD Pictures,1,komentar
user_3e1f74f88bde,FILM::Official Trailer IVANNA (2022) - MD Pictures,1,komentar
user_3e267fd0c50e,FILM::Official Trailer IVANNA (2022) - MD Pictures,1,komentar
user_3eb4407db06d,FILM::Official Trailer IVANNA (2022) - MD Pictures,1,komentar
user_3ec99f60d559,FILM::Official Trailer IVANNA (2022) - MD Pictures,1,komentar
user_3efbb4c73f8f,FILM::Official Trailer IVANNA (2022) - MD Pictures,1,komentar
user_3f1d765a6749,FILM::Official Trailer IVANNA (2022) - MD Pictures,1,komentar
user_3fa794599409,FILM::Official Trailer IVANNA (2022) - MD Pictures,2,komentar
user_401023d52968,FILM::Official Trailer IVANNA (2022) - MD Pictures,1,komentar
user_403563571599,FILM::Official Trailer IVANNA (2022) - MD Pictures,1,komentar
user_40475c0728c8,FILM::Official Trailer IVANNA (2022) - MD Pictures,1,komentar
user_40692370b701,FILM::Official Trailer IVANNA (2022) - MD Pictures,1,komentar
user_40a04f556677,FILM::Official Trailer IVANNA (2022) - MD Pictures,1,komentar
user_4114e4766dc0,FILM::Official Trailer IVANNA (2022) - MD Pictures,1,komentar
user_41150afb3913,FILM::Official Trailer IVANNA (2022) - MD Pictures,3,komentar
user_416669752499,FILM::Official Trailer IVANNA (2022) - MD Pictures,1,komentar
user_41982b6ae0bc,FILM::Official Trailer IVANNA (2022) - MD Pictures,1,komentar
user_41e85d362e7a,FILM::Official Trailer IVANNA (2022) - MD Pictures,1,komentar
user_423d4696e08a,FILM::Official Trailer IVANNA (2022) - MD Pictures,1,komentar
user_426f5bffa05b,FILM::Official Trailer IVANNA (2022) - MD Pictures,1,komentar
user_42a3404e58ff,FILM::Official Trailer IVANNA (2022) - MD Pictures,1,komentar
user_42a404cb07f9,FILM::Official Trailer IVANNA (2022) - MD Pictures,1,komentar
user_43e5a68bc2e6,FILM::Official Trailer IVANNA (2022) - MD Pictures,1,komentar
user_447b7c2aa080,FILM::Official Trailer IVANNA (2022) - MD Pictures,1,komentar
user_448845517095,FILM::Official Trailer IVANNA (2022) - MD Pictures,1,komentar
user_44b5020774c0,FILM::Official Trailer IVANNA (2022) - MD Pictures,1,komentar
user_454309333831,FILM::Official Trailer IVANNA (2022) - MD Pictures,1,komentar
user_45ec53163843,FILM::Official Trailer IVANNA (2022) - MD Pictures,1,komentar
user_46a59cded08f,FILM::Official Trailer IVANNA (2022) - MD Pictures,1,komentar
user_47334977fa57,FILM::Official Trailer IVANNA (2022) - MD Pictures,1,komentar
user_476ec3e9cab5,FILM::Official Trailer IVANNA (2022) - MD Pictures,1,komentar
user_483e1c8c0502,FILM::Official Trailer IVANNA (2022) - MD Pictures,1,komentar
user_4881a442a3c0,FILM::Official Trailer IVANNA (2022) - MD Pictures,1,komentar
user_48b738c57065,FILM::Official Trailer IVANNA (2022) - MD Pictures,1,komentar
user_48c435fb328e,FILM::Official Trailer IVANNA (2022) - MD Pictures,3,komentar
user_491a7351e5ea,FILM::Official Trailer IVANNA (2022) - MD Pictures,1,komentar
user_49551734126d,FILM::Official Trailer IVANNA (2022) - MD Pictures,1,komentar
user_49922a3782c2,FILM::Official Trailer IVANNA (2022) - MD Pictures,1,komentar
user_49b300fe20e9,FILM::Official Trailer IVANNA (2022) - MD Pictures,2,komentar
user_4a8589b0061d,FILM::Official Trailer IVANNA (2022) - MD Pictures,1,komentar
user_4b0dd47e5749,FILM::Official Trailer IVANNA (2022) - MD Pictures,1,komentar
user_4c8b0dfddc0b,FILM::Official Trailer IVANNA (2022) - MD Pictures,1,komentar
user_4d5a73fa1e39,FILM::Official Trailer IVANNA (2022) - MD Pictures,1,komentar
user_4d66a882c0c0,FILM::Official Trailer IVANNA (2022) - MD Pictures,1,komentar
user_4dbce19c4b3f,FILM::Official Trailer IVANNA (2022) - MD Pictures,1,komentar
user_4e259f981d4d,FILM::Official Trailer IVANNA (2022) - MD Pictures,1,komentar
user_4edda3fc64af,FILM::Official Trailer IVANNA (2022) - MD Pictures,1,komentar
user_4f1633e18df5,FILM::Official Trailer IVANNA (2022) - MD Pictures,1,komentar
user_4f3d4749d8a0,FILM::Official Trailer IVANNA (2022) - MD Pictures,1,komentar
user_4f51d6f4e245,FILM::Official Trailer IVANNA (2022) - MD Pictures,1,komentar
user_4fdd8c6e110a,FILM::Official Trailer IVANNA (2022) - MD Pictures,1,komentar
user_50ff2d4a7439,FILM::Official Trailer IVANNA (2022) - MD Pictures,2,komentar
user_5151b87f3f50,FILM::Official Trailer IVANNA (2022) - MD Pictures,1,komentar
user_52139912433f,FILM::Official Trailer IVANNA (2022) - MD Pictures,1,komentar
user_5264362e3572,FILM::Official Trailer IVANNA (2022) - MD Pictures,1,komentar
user_531df694fb15,FILM::Official Trailer IVANNA (2022) - MD Pictures,1,komentar
user_5373bcdb1b4b,FILM::Official Trailer IVANNA (2022) - MD Pictures,1,komentar
user_538766e8ac46,FILM::Official Trailer IVANNA (2022) - MD Pictures,1,komentar
user_53f09b69d585,FILM::Official Trailer IVANNA (2022) - MD Pictures,1,komentar
user_5544b0f68859,FILM::Official Trailer IVANNA (2022) - MD Pictures,1,komentar
user_5577534d72ce,FILM::Official Trailer IVANNA (2022) - MD Pictures,1,komentar
user_56a6899e83af,FILM::Official Trailer IVANNA (2022) - MD Pictures,1,komentar
user_56ad082bcfb1,FILM::Official Trailer IVANNA (2022) - MD Pictures,1,komentar
user_575095f2725e,FILM::Official Trailer IVANNA (2022) - MD Pictures,1,komentar
user_57badbaf4bd7,FILM::Official Trailer IVANNA (2022) - MD Pictures,1,komentar
user_582d2b190bf1,FILM::Official Trailer IVANNA (2022) - MD Pictures,1,komentar
user_592ed8acccb8,FILM::Official Trailer IVANNA (2022) - MD Pictures,1,komentar
user_595a5ee51ba6,FILM::Official Trailer IVANNA (2022) - MD Pictures,1,komentar
user_599172ae83db,FILM::Official Trailer IVANNA (2022) - MD Pictures,1,komentar
user_599a8da44a34,FILM::Official Trailer IVANNA (2022) - MD Pictures,1,komentar
user_59ced83e91cf,FILM::Official Trailer IVANNA (2022) - MD Pictures,1,komentar
user_5ac5ea5cf110,FILM::Official Trailer IVANNA (2022) - MD Pictures,1,komentar
user_5aeb0fba8118,FILM::Official Trailer IVANNA (2022) - MD Pictures,1,komentar
user_5bc487ba979c,FILM::Official Trailer IVANNA (2022) - MD Pictures,1,komentar
user_5cba02aef3e5,FILM::Official Trailer IVANNA (2022) - MD Pictures,1,komentar
user_5ccaaa629514,FILM::Official Trailer IVANNA (2022) - MD Pictures,1,komentar
user_5ce8d976b158,FILM::Official Trailer IVANNA (2022) - MD Pictures,1,komentar
user_5d47ac286356,FILM::Official Trailer IVANNA (2022) - MD Pictures,1,komentar
user_5e8664e7c759,FILM::Official Trailer IVANNA (2022) - MD Pictures,1,komentar
user_5ecc2f07f780,FILM::Official Trailer IVANNA (2022) - MD Pictures,1,komentar
user_5f1558b905e3,FILM::Official Trailer IVANNA (2022) - MD Pictures,1,komentar
user_5f45a045d78c,FILM::Official Trailer IVANNA (2022) - MD Pictures,1,komentar
user_5f80597e6138,FILM::Official Trailer IVANNA (2022) - MD Pictures,2,komentar
user_5fe177cb1a28,FILM::Official Trailer IVANNA (2022) - MD Pictures,1,komentar
user_60285e81a69f,FILM::Official Trailer IVANNA (2022) - MD Pictures,1,komentar
user_60fca67151c5,FILM::Official Trailer IVANNA (2022) - MD Pictures,1,komentar
user_6147ba71d98f,FILM::Official Trailer IVANNA (2022) - MD Pictures,1,komentar
user_615db30bd839,FILM::Official Trailer IVANNA (2022) - MD Pictures,1,komentar
user_617ee7aa78cb,FILM::Official Trailer IVANNA (2022) - MD Pictures,1,komentar
user_6189faf4ce22,FILM::Official Trailer IVANNA (2022) - MD Pictures,1,komentar
user_6288f834eba4,FILM::Official Trailer IVANNA (2022) - MD Pictures,1,komentar
user_63c92e628bf0,FILM::Official Trailer IVANNA (2022) - MD Pictures,1,komentar
user_6416b4586510,FILM::Official Trailer IVANNA (2022) - MD Pictures,1,komentar
user_65b60cee8e06,FILM::Official Trailer IVANNA (2022) - MD Pictures,1,komentar
user_674d644e0339,FILM::Official Trailer IVANNA (2022) - MD Pictures,1,komentar
user_674dabb5a348,FILM::Official Trailer IVANNA (2022) - MD Pictures,1,komentar
user_67935880e745,FILM::Official Trailer IVANNA (2022) - MD Pictures,1,komentar
user_67ce68cec927,FILM::Official Trailer IVANNA (2022) - MD Pictures,1,komentar
user_681cc85d8376,FILM::Official Trailer IVANNA (2022) - MD Pictures,1,komentar
user_6884fe03a28b,FILM::Official Trailer IVANNA (2022) - MD Pictures,1,komentar
user_693b29363941,FILM::Official Trailer IVANNA (2022) - MD Pictures,1,komentar
user_6999efbc799e,FILM::Official Trailer IVANNA (2022) - MD Pictures,1,komentar
user_69ef0c466488,FILM::Official Trailer IVANNA (2022) - MD Pictures,3,komentar
user_6c688f2f9cea,FILM::Official Trailer IVANNA (2022) - MD Pictures,1,komentar
user_6c728e23fe32,FILM::Official Trailer IVANNA (2022) - MD Pictures,1,komentar
user_6c988e3cc622,FILM::Official Trailer IVANNA (2022) - MD Pictures,1,komentar
user_6dc212d6754e,FILM::Official Trailer IVANNA (2022) - MD Pictures,1,komentar
user_6e708de9daf6,FILM::Official Trailer IVANNA (2022) - MD Pictures,1,komentar
user_6e70ca027e20,FILM::Official Trailer IVANNA (2022) - MD Pictures,1,komentar
user_6fcd22def7a3,FILM::Official Trailer IVANNA (2022) - MD Pictures,1,komentar
user_705471c8af8a,FILM::Official Trailer IVANNA (2022) - MD Pictures,1,komentar
user_7178a5e2ec41,FILM::Official Trailer IVANNA (2022) - MD Pictures,1,komentar
user_72515bce9343,FILM::Official Trailer IVANNA (2022) - MD Pictures,1,komentar
user_7253e752fff0,FILM::Official Trailer IVANNA (2022) - MD Pictures,1,komentar
user_736cb1ef9aeb,FILM::Official Trailer IVANNA (2022) - MD Pictures,1,komentar
user_73cc29ff5a74,FILM::Official Trailer IVANNA (2022) - MD Pictures,1,komentar
user_74273f04fdd3,FILM::Official Trailer IVANNA (2022) - MD Pictures,1,komentar
user_74c0405f6260,FILM::Official Trailer IVANNA (2022) - MD Pictures,1,komentar
user_7549d4914d49,FILM::Official Trailer IVANNA (2022) - MD Pictures,1,komentar
user_7571a8174a73,FILM::Official Trailer IVANNA (2022) - MD Pictures,1,komentar
user_763dc87153ab,FILM::Official Trailer IVANNA (2022) - MD Pictures,1,komentar
user_764defa86f47,FILM::Official Trailer IVANNA (2022) - MD Pictures,1,komentar
user_766a6ddcaa9e,FILM::Official Trailer IVANNA (2022) - MD Pictures,1,komentar
user_769e685ea423,FILM::Official Trailer IVANNA (2022) - MD Pictures,1,komentar
user_77581295fac6,FILM::Official Trailer IVANNA (2022) - MD Pictures,1,komentar
user_77d8bf0cfe75,FILM::Official Trailer IVANNA (2022) - MD Pictures,1,komentar
user_7815bf0ac6ac,FILM::Official Trailer IVANNA (2022) - MD Pictures,1,komentar
user_786e2182324a,FILM::Official Trailer IVANNA (2022) - MD Pictures,1,komentar
user_7877c4f8094a,FILM::Official Trailer IVANNA (2022) - MD Pictures,1,komentar
user_78bf37ed401b,FILM::Official Trailer IVANNA (2022) - MD Pictures,1,komentar
user_79fa4c0297e5,FILM::Official Trailer IVANNA (2022) - MD Pictures,1,komentar
user_7aaada4aa78d,FILM::Official Trailer IVANNA (2022) - MD Pictures,1,komentar
user_7ac69d1adeae,FILM::Official Trailer IVANNA (2022) - MD Pictures,1,komentar
user_7ce37f202195,FILM::Official Trailer IVANNA (2022) - MD Pictures,1,komentar
user_7cfcc95ea8ca,FILM::Official Trailer IVANNA (2022) - MD Pictures,1,komentar
user_7d8cd42651d5,FILM::Official Trailer IVANNA (2022) - MD Pictures,1,komentar
user_7da25b769680,FILM::Official Trailer IVANNA (2022) - MD Pictures,1,komentar
user_7e0f001129e1,FILM::Official Trailer IVANNA (2022) - MD Pictures,1,komentar
user_7e27c963bf43,FILM::Official Trailer IVANNA (2022) - MD Pictures,1,komentar
user_7f9abadeeb88,FILM::Official Trailer IVANNA (2022) - MD Pictures,1,komentar
user_7fa560564e4f,FILM::Official Trailer IVANNA (2022) - MD Pictures,1,komentar
user_800cfa587815,FILM::Official Trailer IVANNA (2022) - MD Pictures,1,komentar
user_81e2b9ef5819,FILM::Official Trailer IVANNA (2022) - MD Pictures,1,komentar
user_82cab536e8d3,FILM::Official Trailer IVANNA (2022) - MD Pictures,1,komentar
user_82db686569c8,FILM::Official Trailer IVANNA (2022) - MD Pictures,1,komentar
user_832462b39600,FILM::Official Trailer IVANNA (2022) - MD Pictures,1,komentar
user_838f566430eb,FILM::Official Trailer IVANNA (2022) - MD Pictures,1,komentar
user_8402e8bb9f19,FILM::Official Trailer IVANNA (2022) - MD Pictures,1,komentar
user_84a63d70ede1,FILM::Official Trailer IVANNA (2022) - MD Pictures,1,komentar
user_84b03889723d,FILM::Official Trailer IVANNA (2022) - MD Pictures,1,komentar
user_85296b28a227,FILM::Official Trailer IVANNA (2022) - MD Pictures,2,komentar
user_8728065c9eb6,FILM::Official Trailer IVANNA (2022) - MD Pictures,1,komentar
user_87c827da036f,FILM::Official Trailer IVANNA (2022) - MD Pictures,1,komentar
user_87f5735c8a13,FILM::Official Trailer IVANNA (2022) - MD Pictures,1,komentar
user_88bdc749f809,FILM::Official Trailer IVANNA (2022) - MD Pictures,1,komentar
user_88bde9d110a4,FILM::Official Trailer IVANNA (2022) - MD Pictures,1,komentar
user_893e7f67b474,FILM::Official Trailer IVANNA (2022) - MD Pictures,1,komentar
user_8ab789e634a9,FILM::Official Trailer IVANNA (2022) - MD Pictures,1,komentar
user_8ae81b1eb98c,FILM::Official Trailer IVANNA (2022) - MD Pictures,1,komentar
user_8b2f907208b5,FILM::Official Trailer IVANNA (2022) - MD Pictures,1,komentar
user_8b9daa07e30c,FILM::Official Trailer IVANNA (2022) - MD Pictures,1,komentar
user_8c8650004154,FILM::Official Trailer IVANNA (2022) - MD Pictures,1,komentar
user_8cc40f1b06e8,FILM::Official Trailer IVANNA (2022) - MD Pictures,1,komentar
user_8cd29ee1abda,FILM::Official Trailer IVANNA (2022) - MD Pictures,1,komentar
user_8d7a59cdbe6a,FILM::Official Trailer IVANNA (2022) - MD Pictures,1,komentar
user_8dbca8973f0f,FILM::Official Trailer IVANNA (2022) - MD Pictures,1,komentar
user_8ddabfc206f0,FILM::Official Trailer IVANNA (2022) - MD Pictures,1,komentar
user_8e5f560e8a3b,FILM::Official Trailer IVANNA (2022) - MD Pictures,1,komentar
user_8e8ceadfff53,FILM::Official Trailer IVANNA (2022) - MD Pictures,1,komentar
user_8eef5cbac65f,FILM::Official Trailer IVANNA (2022) - MD Pictures,1,komentar
user_8f31449e1db8,FILM::Official Trailer IVANNA (2022) - MD Pictures,1,komentar
user_8f4732e082f8,FILM::Official Trailer IVANNA (2022) - MD Pictures,1,komentar
user_8f6908d3fbf2,FILM::Official Trailer IVANNA (2022) - MD Pictures,1,komentar
user_8f973f46ab24,FILM::Official Trailer IVANNA (2022) - MD Pictures,1,komentar
user_915447afec1d,FILM::Official Trailer IVANNA (2022) - MD Pictures,1,komentar
user_91597c0c58eb,FILM::Official Trailer IVANNA (2022) - MD Pictures,2,komentar
user_916ec50fbe1a,FILM::Official Trailer IVANNA (2022) - MD Pictures,1,komentar
user_91a6b215b26f,FILM::Official Trailer IVANNA (2022) - MD Pictures,1,komentar
user_9212459094eb,FILM::Official Trailer IVANNA (2022) - MD Pictures,1,komentar
user_923458012ff3,FILM::Official Trailer IVANNA (2022) - MD Pictures,1,komentar
user_92e960341c88,FILM::Official Trailer IVANNA (2022) - MD Pictures,1,komentar
user_93c173b98c44,FILM::Official Trailer IVANNA (2022) - MD Pictures,1,komentar
user_9498b528a78c,FILM::Official Trailer IVANNA (2022) - MD Pictures,1,komentar
user_95077d366888,FILM::Official Trailer IVANNA (2022) - MD Pictures,1,komentar
user_95212d9dc648,FILM::Official Trailer IVANNA (2022) - MD Pictures,2,komentar
user_97a45a0b587c,FILM::Official Trailer IVANNA (2022) - MD Pictures,1,komentar
user_97cf5d5b0eac,FILM::Official Trailer IVANNA (2022) - MD Pictures,1,komentar
user_981d1f37aa84,FILM::Official Trailer IVANNA (2022) - MD Pictures,1,komentar
user_986ef74ea047,FILM::Official Trailer IVANNA (2022) - MD Pictures,1,komentar
user_999ab42263fd,FILM::Official Trailer IVANNA (2022) - MD Pictures,1,komentar
user_9b8913c66c88,FILM::Official Trailer IVANNA (2022) - MD Pictures,1,komentar
user_9c7caf3ba886,FILM::Official Trailer IVANNA (2022) - MD Pictures,1,komentar
user_9d2844e29d67,FILM::Official Trailer IVANNA (2022) - MD Pictures,2,komentar
user_9f6b3f773d96,FILM::Official Trailer IVANNA (2022) - MD Pictures,1,komentar
user_a00cb86f61f3,FILM::Official Trailer IVANNA (2022) - MD Pictures,1,komentar
user_a0a4233c7949,FILM::Official Trailer IVANNA (2022) - MD Pictures,1,komentar
user_a0d5416706d3,FILM::Official Trailer IVANNA (2022) - MD Pictures,1,komentar
user_a15d1338c351,FILM::Official Trailer IVANNA (2022) - MD Pictures,1,komentar
user_a18137b3a8e5,FILM::Official Trailer IVANNA (2022) - MD Pictures,1,komentar
user_a281fc4c377f,FILM::Official Trailer IVANNA (2022) - MD Pictures,1,komentar
user_a2df27560b47,FILM::Official Trailer IVANNA (2022) - MD Pictures,2,komentar
user_a2e74a7ea74a,FILM::Official Trailer IVANNA (2022) - MD Pictures,1,komentar
user_a4ed68f13fb5,FILM::Official Trailer IVANNA (2022) - MD Pictures,1,komentar
user_a5a0ede21b0e,FILM::Official Trailer IVANNA (2022) - MD Pictures,1,komentar
user_a67dfbf60de7,FILM::Official Trailer IVANNA (2022) - MD Pictures,1,komentar
user_a6b6b1a71c53,FILM::Official Trailer IVANNA (2022) - MD Pictures,1,komentar
user_a859f8ea9923,FILM::Official Trailer IVANNA (2022) - MD Pictures,1,komentar
user_a99d4546609d,FILM::Official Trailer IVANNA (2022) - MD Pictures,1,komentar
user_aac59cecdc4c,FILM::Official Trailer IVANNA (2022) - MD Pictures,2,komentar
user_ab0b3ebf67b0,FILM::Official Trailer IVANNA (2022) - MD Pictures,1,komentar
user_ab6adaa6854b,FILM::Official Trailer IVANNA (2022) - MD Pictures,1,komentar
user_abd1237da8b8,FILM::Official Trailer IVANNA (2022) - MD Pictures,1,komentar
user_abeb2303c267,FILM::Official Trailer IVANNA (2022) - MD Pictures,1,komentar
user_acf2b32cae92,FILM::Official Trailer IVANNA (2022) - MD Pictures,1,komentar
user_ae6a21f8cc6a,FILM::Official Trailer IVANNA (2022) - MD Pictures,1,komentar
user_aea7b1adbdb6,FILM::Official Trailer IVANNA (2022) - MD Pictures,1,komentar
user_aeae205f3a7e,FILM::Official Trailer IVANNA (2022) - MD Pictures,3,komentar
user_af2aec756122,FILM::Official Trailer IVANNA (2022) - MD Pictures,1,komentar
user_afc534396972,FILM::Official Trailer IVANNA (2022) - MD Pictures,1,komentar
user_afd74ffda5bd,FILM::Official Trailer IVANNA (2022) - MD Pictures,1,komentar
user_b07c105fa3a7,FILM::Official Trailer IVANNA (2022) - MD Pictures,1,komentar
user_b0d90a634c8c,FILM::Official Trailer IVANNA (2022) - MD Pictures,1,komentar
user_b1b935b5acab,FILM::Official Trailer IVANNA (2022) - MD Pictures,1,komentar
user_b3e292aac3e3,FILM::Official Trailer IVANNA (2022) - MD Pictures,1,komentar
user_b591d8566b9f,FILM::Official Trailer IVANNA (2022) - MD Pictures,1,komentar
user_b784922fcd28,FILM::Official Trailer IVANNA (2022) - MD Pictures,1,komentar
user_b78828455bd0,FILM::Official Trailer IVANNA (2022) - MD Pictures,1,komentar
user_b7b947a5771d,FILM::Official Trailer IVANNA (2022) - MD Pictures,1,komentar
user_b7e424b0c9c3,FILM::Official Trailer IVANNA (2022) - MD Pictures,1,komentar
user_b88be299034a,FILM::Official Trailer IVANNA (2022) - MD Pictures,1,komentar
user_b8c21dff31f1,FILM::Official Trailer IVANNA (2022) - MD Pictures,1,komentar
user_b924ccc9ee27,FILM::Official Trailer IVANNA (2022) - MD Pictures,1,komentar
user_b98c517f4fbd,FILM::Official Trailer IVANNA (2022) - MD Pictures,1,komentar
user_ba93816eeb16,FILM::Official Trailer IVANNA (2022) - MD Pictures,2,komentar
user_bae458f7bc24,FILM::Official Trailer IVANNA (2022) - MD Pictures,1,komentar
user_bb5367f14496,FILM::Official Trailer IVANNA (2022) - MD Pictures,1,komentar
user_bbbbc668125c,FILM::Official Trailer IVANNA (2022) - MD Pictures,1,komentar
user_bcdcd2f2fa46,FILM::Official Trailer IVANNA (2022) - MD Pictures,1,komentar
user_bd6a1ee45d3b,FILM::Official Trailer IVANNA (2022) - MD Pictures,1,komentar
user_bdcccac07f0a,FILM::Official Trailer IVANNA (2022) - MD Pictures,1,komentar
user_be0555e38d06,FILM::Official Trailer IVANNA (2022) - MD Pictures,1,komentar
user_be36259b9823,FILM::Official Trailer IVANNA (2022) - MD Pictures,1,komentar
user_bee5260e367f,FILM::Official Trailer IVANNA (2022) - MD Pictures,1,komentar
user_bf98fa698490,FILM::Official Trailer IVANNA (2022) - MD Pictures,1,komentar
user_bfb04c7f241e,FILM::Official Trailer IVANNA (2022) - MD Pictures,1,komentar
user_c08ad7021c6b,FILM::Official Trailer IVANNA (2022) - MD Pictures,1,komentar
user_c0ad326900ca,FILM::Official Trailer IVANNA (2022) - MD Pictures,1,komentar
user_c0c6fff90d56,FILM::Official Trailer IVANNA (2022) - MD Pictures,1,komentar
user_c0fcc74fe964,FILM::Official Trailer IVANNA (2022) - MD Pictures,1,komentar
user_c0fddc8fc400,FILM::Official Trailer IVANNA (2022) - MD Pictures,1,komentar
user_c15ce4f78d89,FILM::Official Trailer IVANNA (2022) - MD Pictures,1,komentar
user_c1a24bb64992,FILM::Official Trailer IVANNA (2022) - MD Pictures,1,komentar
user_c2254edb9c90,FILM::Official Trailer IVANNA (2022) - MD Pictures,1,komentar
user_c2dce14e3da5,FILM::Official Trailer IVANNA (2022) - MD Pictures,1,komentar
user_c3de835f11b2,FILM::Official Trailer IVANNA (2022) - MD Pictures,1,komentar
user_c45192fc409a,FILM::Official Trailer IVANNA (2022) - MD Pictures,1,komentar
user_c501eecf08a6,FILM::Official Trailer IVANNA (2022) - MD Pictures,1,komentar
user_c6291050d2fd,FILM::Official Trailer IVANNA (2022) - MD Pictures,1,komentar
user_c694c9c7a271,FILM::Official Trailer IVANNA (2022) - MD Pictures,1,komentar
user_c71307ee9b71,FILM::Official Trailer IVANNA (2022) - MD Pictures,1,komentar
user_c788ac6e54cf,FILM::Official Trailer IVANNA (2022) - MD Pictures,1,komentar
user_c7a83f9ee780,FILM::Official Trailer IVANNA (2022) - MD Pictures,1,komentar
user_c7ad840378ff,FILM::Official Trailer IVANNA (2022) - MD Pictures,1,komentar
user_c86ec1473981,FILM::Official Trailer IVANNA (2022) - MD Pictures,1,komentar
user_c890ece797d5,FILM::Official Trailer IVANNA (2022) - MD Pictures,1,komentar
user_c89304c0f0ba,FILM::Official Trailer IVANNA (2022) - MD Pictures,1,komentar
user_c8ac9100bfe0,FILM::Official Trailer IVANNA (2022) - MD Pictures,3,komentar
user_c9c6a04dd955,FILM::Official Trailer IVANNA (2022) - MD Pictures,1,komentar
user_c9d249644567,FILM::Official Trailer IVANNA (2022) - MD Pictures,1,komentar
user_ca33ec80fb02,FILM::Official Trailer IVANNA (2022) - MD Pictures,1,komentar
user_cb2b358fed54,FILM::Official Trailer IVANNA (2022) - MD Pictures,1,komentar
user_cb34c25e8f82,FILM::Official Trailer IVANNA (2022) - MD Pictures,1,komentar
user_cb392fcb6777,FILM::Official Trailer IVANNA (2022) - MD Pictures,1,komentar
user_cbdf1300f728,FILM::Official Trailer IVANNA (2022) - MD Pictures,1,komentar
user_cc38263fec6d,FILM::Official Trailer IVANNA (2022) - MD Pictures,1,komentar
user_cc99ec1c37e6,FILM::Official Trailer IVANNA (2022) - MD Pictures,1,komentar
user_cd1809061a18,FILM::Official Trailer IVANNA (2022) - MD Pictures,1,komentar
user_cd63aa1c96f8,FILM::Official Trailer IVANNA (2022) - MD Pictures,1,komentar
user_cdef5ddf646e,FILM::Official Trailer IVANNA (2022) - MD Pictures,1,komentar
user_ce100fa6f6f6,FILM::Official Trailer IVANNA (2022) - MD Pictures,1,komentar
user_ce447047a68a,FILM::Official Trailer IVANNA (2022) - MD Pictures,1,komentar
user_ce4edcf00747,FILM::Official Trailer IVANNA (2022) - MD Pictures,1,komentar
user_cef0752180fd,FILM::Official Trailer IVANNA (2022) - MD Pictures,1,komentar
user_cf06ad8354a5,FILM::Official Trailer IVANNA (2022) - MD Pictures,1,komentar
user_cf1f4425917b,FILM::Official Trailer IVANNA (2022) - MD Pictures,1,komentar
user_cfb75cd7bb4c,FILM::Official Trailer IVANNA (2022) - MD Pictures,1,komentar
user_d10891c5c84b,FILM::Official Trailer IVANNA (2022) - MD Pictures,1,komentar
user_d10ef632bbec,FILM::Official Trailer IVANNA (2022) - MD Pictures,1,komentar
user_d14ea1296243,FILM::Official Trailer IVANNA (2022) - MD Pictures,1,komentar
user_d314a4f8f37b,FILM::Official Trailer IVANNA (2022) - MD Pictures,1,komentar
user_d3d7847f29e3,FILM::Official Trailer IVANNA (2022) - MD Pictures,1,komentar
user_d4402f2889a0,FILM::Official Trailer IVANNA (2022) - MD Pictures,1,komentar
user_d634564b5af2,FILM::Official Trailer IVANNA (2022) - MD Pictures,1,komentar
user_d6740277bb73,FILM::Official Trailer IVANNA (2022) - MD Pictures,1,komentar
user_d799824f20c5,FILM::Official Trailer IVANNA (2022) - MD Pictures,1,komentar
user_d8cf87195c8c,FILM::Official Trailer IVANNA (2022) - MD Pictures,1,komentar
user_d9cb887f0383,FILM::Official Trailer IVANNA (2022) - MD Pictures,1,komentar
user_d9ffb26d15b3,FILM::Official Trailer IVANNA (2022) - MD Pictures,1,komentar
user_dbe6b4a59169,FILM::Official Trailer IVANNA (2022) - MD Pictures,1,komentar
user_dc0726529164,FILM::Official Trailer IVANNA (2022) - MD Pictures,1,komentar
user_dc0ee3e1dbb8,FILM::Official Trailer IVANNA (2022) - MD Pictures,1,komentar
user_dcc5b0735fad,FILM::Official Trailer IVANNA (2022) - MD Pictures,1,komentar
user_dd622220e833,FILM::Official Trailer IVANNA (2022) - MD Pictures,1,komentar
user_dd9019f76b01,FILM::Official Trailer IVANNA (2022) - MD Pictures,1,komentar
user_de2d49fdd64c,FILM::Official Trailer IVANNA (2022) - MD Pictures,1,komentar
user_debe4a13b2e6,FILM::Official Trailer IVANNA (2022) - MD Pictures,1,komentar
user_df8006356937,FILM::Official Trailer IVANNA (2022) - MD Pictures,1,komentar
user_e020973ab6c1,FILM::Official Trailer IVANNA (2022) - MD Pictures,2,komentar
user_e06bf01fbce7,FILM::Official Trailer IVANNA (2022) - MD Pictures,2,komentar
user_e1a23f3f29ee,FILM::Official Trailer IVANNA (2022) - MD Pictures,1,komentar
user_e1f1f17f2ed0,FILM::Official Trailer IVANNA (2022) - MD Pictures,1,komentar
user_e28a55f9263c,FILM::Official Trailer IVANNA (2022) - MD Pictures,1,komentar
user_e347e496802b,FILM::Official Trailer IVANNA (2022) - MD Pictures,1,komentar
user_e494a29a0a09,FILM::Official Trailer IVANNA (2022) - MD Pictures,1,komentar
user_e50e0af7cba0,FILM::Official Trailer IVANNA (2022) - MD Pictures,1,komentar
user_e661b10ecb7d,FILM::Official Trailer IVANNA (2022) - MD Pictures,1,komentar
user_e66c5b101cbd,FILM::Official Trailer IVANNA (2022) - MD Pictures,1,komentar
user_e7ed7b361696,FILM::Official Trailer IVANNA (2022) - MD Pictures,1,komentar
user_e8477aefceae,FILM::Official Trailer IVANNA (2022) - MD Pictures,1,komentar
user_e9ec8e5f1154,FILM::Official Trailer IVANNA (2022) - MD Pictures,1,komentar
user_ea65a30a8f66,FILM::Official Trailer IVANNA (2022) - MD Pictures,1,komentar
user_eab1ccb28256,FILM::Official Trailer IVANNA (2022) - MD Pictures,1,komentar
user_eb5205b3cb78,FILM::Official Trailer IVANNA (2022) - MD Pictures,1,komentar
user_eb8d0f0d9cc9,FILM::Official Trailer IVANNA (2022) - MD Pictures,1,komentar
user_ebaecf3c1249,FILM::Official Trailer IVANNA (2022) - MD Pictures,1,komentar
user_ebe2c57fdc91,FILM::Official Trailer IVANNA (2022) - MD Pictures,1,komentar
user_ebfcde3e690e,FILM::Official Trailer IVANNA (2022) - MD Pictures,1,komentar
user_ec4a058b8566,FILM::Official Trailer IVANNA (2022) - MD Pictures,1,komentar
user_ec78b12904af,FILM::Official Trailer IVANNA (2022) - MD Pictures,1,komentar
user_ed151ec93dd3,FILM::Official Trailer IVANNA (2022) - MD Pictures,1,komentar
user_ee569c79da44,FILM::Official Trailer IVANNA (2022) - MD Pictures,1,komentar
user_ee56cce354b0,FILM::Official Trailer IVANNA (2022) - MD Pictures,1,komentar
user_ef0cdbe76076,FILM::Official Trailer IVANNA (2022) - MD Pictures,1,komentar
user_efdb1e5c44c1,FILM::Official Trailer IVANNA (2022) - MD Pictures,1,komentar
user_f086b9fffb0f,FILM::Official Trailer IVANNA (2022) - MD Pictures,1,komentar
user_f0f690fea0b7,FILM::Official Trailer IVANNA (2022) - MD Pictures,1,komentar
user_f114f4d7c9f8,FILM::Official Trailer IVANNA (2022) - MD Pictures,1,komentar
user_f288fc97ee9e,FILM::Official Trailer IVANNA (2022) - MD Pictures,1,komentar
user_f33c88f06bfc,FILM::Official Trailer IVANNA (2022) - MD Pictures,2,komentar
user_f358d08a1b9a,FILM::Official Trailer IVANNA (2022) - MD Pictures,1,komentar
user_f43870e4f598,FILM::Official Trailer IVANNA (2022) - MD Pictures,1,komentar
user_f702a3dadc78,FILM::Official Trailer IVANNA (2022) - MD Pictures,1,komentar
user_f78d3a719ef2,FILM::Official Trailer IVANNA (2022) - MD Pictures,1,komentar
user_f80a6b8b0c47,FILM::Official Trailer IVANNA (2022) - MD Pictures,1,komentar
user_f90f2bd144ce,FILM::Official Trailer IVANNA (2022) - MD Pictures,1,komentar
user_f9aaeaa35e3b,FILM::Official Trailer IVANNA (2022) - MD Pictures,1,komentar
user_fa0c8e37a251,FILM::Official Trailer IVANNA (2022) - MD Pictures,1,komentar
user_fa221c0d0e31,FILM::Official Trailer IVANNA (2022) - MD Pictures,1,komentar
user_fad15cede0fe,FILM::Official Trailer IVANNA (2022) - MD Pictures,1,komentar
user_fb852fcb1f3b,FILM::Official Trailer IVANNA (2022) - MD Pictures,1,komentar
user_fc3ddeeafc7c,FILM::Official Trailer IVANNA (2022) - MD Pictures,2,komentar
user_fce1a40eb264,FILM::Official Trailer IVANNA (2022) - MD Pictures,1,komentar
user_fd17566eb14c,FILM::Official Trailer IVANNA (2022) - MD Pictures,1,komentar
user_fd77ee6b0bc2,FILM::Official Trailer IVANNA (2022) - MD Pictures,1,komentar
user_ff6b5a137fe4,FILM::Official Trailer IVANNA (2022) - MD Pictures,1,komentar
user_ffa39bfe6b0b,FILM::Official Trailer IVANNA (2022) - MD Pictures,1,komentar
user_ffdcb10377e7,FILM::Official Trailer IVANNA (2022) - MD Pictures,1,komentar
user_01ca038395a7,user_55c44b09d7c8,1,balasan
user_01d9ef6057cd,user_9f6141a0193d,1,balasan
user_02084abe7ec1,user_b6efc9634024,1,balasan
user_0231055b520d,user_924d04cdd7b4,1,balasan
user_029077625bb4,user_2c3414329c91,1,balasan
user_029077625bb4,user_6497acbbed70,1,balasan
user_029077625bb4,user_c492d5d92713,1,balasan
user_0294a1f31122,user_13d70e4fb871,2,balasan
user_0294a1f31122,user_5b8cd6c954df,1,balasan
user_0294a1f31122,user_644e6cf7227a,1,balasan
user_0294a1f31122,user_68057d0b050c,1,balasan
user_0294a1f31122,user_871c7d3bd789,4,balasan
user_029a97efb9c5,user_3922f0569a6b,1,balasan
user_02a57b5bb362,user_b4b4078778b0,2,balasan
user_02a9336a385d,user_4b5132ed0108,1,balasan
user_02ac9964ed9b,user_39dcb9bc2c95,2,balasan
user_02ac9964ed9b,user_56cbf18dff24,2,balasan
user_02ac9964ed9b,user_d2cb1fc1d346,1,balasan
user_02ba5c4db6c4,user_078cc34222fb,1,balasan
user_02ba5c4db6c4,user_0fde2d525a70,1,balasan
user_02ba5c4db6c4,user_1cc04d0a83e2,1,balasan
user_02ba5c4db6c4,user_3469ad5c699b,1,balasan
user_02ba5c4db6c4,user_4aa7eb05a72a,1,balasan
user_02ba5c4db6c4,user_4c818cce350e,1,balasan
user_02ba5c4db6c4,user_70848b69c0ca,1,balasan
user_02ba5c4db6c4,user_fd09316fe731,1,balasan
user_02db5dbf86e8,user_0eccabe71a01,1,balasan
user_02db5dbf86e8,user_1802bf8b743b,1,balasan
user_02db5dbf86e8,user_fef4e0ada861,1,balasan
user_02db5dbf86e8,user_e9891fd1d19e,1,balasan
user_033c83848cae,user_7b787d0f8666,2,balasan
user_033c83848cae,user_51b866b43080,1,balasan
user_033e2936d329,user_0f195a9ecc99,1,balasan
user_0346fe034164,user_27fcd936e003,1,balasan
user_034f7a1a5d97,user_1e53468b6d5b,1,balasan
user_035c21b34da6,user_e55fe37ee7ae,2,balasan
user_03860b61d0f2,user_1bb49a8a7c62,1,balasan
user_039798e44f96,user_2c62010c3967,1,balasan
user_039798e44f96,user_699a3ffa3261,1,balasan
user_039798e44f96,user_71a58fc9a7cd,1,balasan
user_039798e44f96,user_8cb6a5f78006,1,balasan
user_039798e44f96,user_f288fc97ee9e,1,balasan
user_039798e44f96,user_ffd27ebcff78,1,balasan
user_039798e44f96,user_ad25e4c47187,1,balasan
user_039798e44f96,user_bb61185485cc,1,balasan
user_03fdf34fdecd,user_2ace97d3e16d,1,balasan
user_03fdf34fdecd,user_c7bb8e6d96f4,1,balasan
user_0406ebcde49a,user_ad1e36e4a30a,1,balasan
user_040de2da0683,user_283e24f1b695,1,balasan
user_040de2da0683,user_5f80597e6138,1,balasan
user_040de2da0683,user_2074841e8844,1,balasan
user_040de2da0683,user_c9c6a04dd955,1,balasan
user_043fdcfc2cdd,user_b78748f36d8e,1,balasan
user_043fdcfc2cdd,user_9c163c1c7038,1,balasan
user_04785621ad8b,user_2c21b5e9a9bc,1,balasan
user_04aff11fe592,user_eededafabb20,1,balasan
user_04cc943bfc0b,user_659dd56debaf,1,balasan
user_04cf9173a423,user_10c3357eb98a,1,balasan
user_050044f24052,user_178f86c72c80,1,balasan
user_051afb298050,user_797a41de5ece,1,balasan
user_051afb298050,user_943a7bcee52d,2,balasan
user_0529d73edf48,user_e2320d824d47,1,balasan
user_053f9cf18f73,user_b7a58408569e,1,balasan
user_055baa63c3bd,user_5b8cd6c954df,1,balasan
user_057b6af5330e,user_62200ab286e5,1,balasan
user_057b6af5330e,user_a1697e385f83,1,balasan
user_057f528aeb71,user_35e8a8211b2a,1,balasan
user_0591f40c0115,user_9b5c435925a5,1,balasan
user_0591f40c0115,user_bd151f0ff8ae,1,balasan
user_0591f40c0115,user_fbdd4a2958a4,1,balasan
user_0591f40c0115,user_89d5de902677,1,balasan
user_05abd8bc124e,user_091f804dda33,2,balasan
user_05abd8bc124e,user_07339f56f6c2,1,balasan
user_05abd8bc124e,user_3e3507d24f44,1,balasan
user_05e91092c6e4,user_95976eb6aa5b,1,balasan
user_0612bbf9bcbc,user_a79bbcbbf9fb,1,balasan
user_06b092eb0193,user_0c21d2c73f2a,1,balasan
user_06d9136131ff,user_0d9aab5bac08,1,balasan
user_06eab290dbc2,user_283e24f1b695,1,balasan
user_06edadcae0b3,user_cad611a2c733,2,balasan
user_06f031b9b4cc,user_0f195a9ecc99,1,balasan
user_06f031b9b4cc,user_6b3de23d42ad,1,balasan
user_06f031b9b4cc,user_ad6f6044ee13,1,balasan
user_06f031b9b4cc,user_ce6e4b149d05,2,balasan
user_07339f56f6c2,user_f845d955dce7,2,balasan
user_0740ea297d5e,user_0fde2d525a70,2,balasan
user_074a5c8f590a,user_50de3231e4f5,1,balasan
user_077ac208e16a,user_c3987c45c3a6,1,balasan
user_078cc34222fb,user_1a891d5dee30,1,balasan
user_07b2c3213f1b,user_d7c7f7a24249,1,balasan
user_07ba312cccad,user_2229d38154c3,1,balasan
user_07ba312cccad,user_b026137d8d13,1,balasan
user_07c0bed4c529,user_cdf5740d57f3,2,balasan
user_07c3000da2e2,user_d0c15486f27e,1,balasan
user_07f9350eba63,user_2269c106915e,1,balasan
user_07f9350eba63,user_51fc9fc32df8,1,balasan
user_07f9350eba63,user_55800daf8a69,1,balasan
user_07f9350eba63,user_5de65d867815,2,balasan
user_07f9350eba63,user_63e16bb2cf84,1,balasan
user_07f9350eba63,user_65209d50a3e7,1,balasan
user_07f9350eba63,user_8504329c1db3,1,balasan
user_07f9350eba63,user_a8d8cf3c75a6,1,balasan
user_07f9350eba63,user_1a26e5ebf2b8,1,balasan
user_081ea0d91adf,user_27fcd936e003,1,balasan
user_084fbb193ab9,user_fca25cab7c02,2,balasan
user_089818e72192,user_56a6899e83af,1,balasan
user_08d33a1ebc67,user_c246595b2556,1,balasan
user_08d33a1ebc67,user_16ba7a4dd75a,1,balasan
user_08d33a1ebc67,user_17937f97b5e6,1,balasan
user_08d33a1ebc67,user_810d8695c1a2,1,balasan
user_08e0c83c01c7,user_dcc9755e26ef,1,balasan
user_091f804dda33,user_5f80597e6138,1,balasan
user_091f804dda33,user_f845d955dce7,3,balasan
user_091f804dda33,user_6993a8b94fea,1,balasan
user_09260caf8f14,user_73e7d8597fa2,1,balasan
user_095f863439e8,user_b3cfaa7a557c,1,balasan
user_099e2af5e765,user_21ac17a5e8c9,1,balasan
user_099e2af5e765,user_28cc6c98d01b,1,balasan
user_099e2af5e765,user_43c634b1650d,1,balasan
user_099e2af5e765,user_6993a8b94fea,1,balasan
user_099e2af5e765,user_a867356ae7d3,1,balasan
user_099e2af5e765,user_fb282bd47511,1,balasan
user_09a371194a0f,user_b2a52245c3f3,1,balasan
user_09b8d1faca90,user_55c44b09d7c8,1,balasan
user_0a2ad9bdd2be,user_8ee8b69e57b3,1,balasan
user_0a2ad9bdd2be,user_e161d1369fb0,1,balasan
user_0a3c9bf102b2,user_f41df060d787,1,balasan
user_0a41b6121225,user_af8aa2e85c52,1,balasan
user_0a958d96fc3f,user_593542003874,1,balasan
user_0a958d96fc3f,user_35f8b2316f84,1,balasan
user_0a958d96fc3f,user_e28f35b177f3,1,balasan
user_0ab1883cb134,user_d8bb9e6880ab,1,balasan
user_0ab2a581c522,user_808326b165f3,1,balasan
user_0ab64dabc977,user_3c36c0faba88,2,balasan
user_0ad97797b81a,user_659dd56debaf,1,balasan
user_0b0280a4c4ee,user_99eb80113ee2,1,balasan
user_0b17b9a0a22d,user_283e24f1b695,1,balasan
user_0b40f9fa3759,user_6438bdd7dfba,1,balasan
user_0ba50c5611f4,user_816f1628e7ad,2,balasan
user_0bb6eef926cb,user_fcdc10482daa,3,balasan
user_0bf77c0f2fa9,user_9f636aae797c,1,balasan
user_0c199f414d37,user_a7e44bdc1d4b,1,balasan
user_0c199f414d37,user_f151c3b64c1c,1,balasan
user_0c21d2c73f2a,user_9a323d80368c,2,balasan
user_0c21d2c73f2a,user_c29f2bf3cab3,1,balasan
user_0c3117348840,user_0d9aab5bac08,4,balasan
user_0c3117348840,user_a6705c70b408,2,balasan
user_0c3117348840,user_c18b8741dddc,1,balasan
user_0c500d5cef19,user_257b370b1ce6,1,balasan
user_0c500d5cef19,user_7c7e9e44b6e1,1,balasan
user_0c500d5cef19,user_c8bc0b6e18a3,1,balasan
user_0c6c5bb9c8dd,user_ec199268542f,1,balasan
user_0c81e88707da,user_283e24f1b695,1,balasan
user_0c81e88707da,user_69ef0c466488,2,balasan
user_0c8ad2edc30c,user_89fddd938e09,1,balasan
user_0c91debe828f,user_f845d955dce7,1,balasan
user_0cabf5bd26f6,user_26a23e9c1411,1,balasan
user_0cdad41e9721,user_d93b397d4276,1,balasan
user_0cdad41e9721,user_2b7223bdb31f,1,balasan
user_0ceae89029d0,user_1d7d893e3aef,1,balasan
user_0ceae89029d0,user_3ffbbce54345,1,balasan
user_0d065c7368db,user_80b7a0e9c688,1,balasan
user_0d857395e67d,user_d3d7847f29e3,1,balasan
user_0d9aab5bac08,user_25c51ab60274,1,balasan
user_0d9aab5bac08,user_5cd53baf6afa,1,balasan
user_0d9aab5bac08,user_72353d3e4d28,1,balasan
user_0d9aab5bac08,user_7f7d4904e073,1,balasan
user_0d9aab5bac08,user_aca4f4ebe033,1,balasan
user_0d9aab5bac08,user_dd342a318564,1,balasan
user_0d9aab5bac08,user_ed22c76db6a3,1,balasan
user_0d9aab5bac08,user_e8eedb497835,1,balasan
user_0dadcb40e2e6,user_946a33abfa64,1,balasan
user_0dadcb40e2e6,user_f50943cd37e4,1,balasan
user_0dc7505624b7,user_2ff989181afa,1,balasan
user_0dc7505624b7,user_2b676e357202,1,balasan
user_0dea9cf49460,user_0f85b14d4caa,1,balasan
user_0dfc2d6807f7,user_283e24f1b695,1,balasan
user_0dfc2d6807f7,user_56a6899e83af,1,balasan
user_0dff8c4c0cd7,user_7fddaeef3ca2,1,balasan
user_0e5a58428a7d,user_ade87bcd7c61,1,balasan
user_0e6a510eabb6,user_8b77af78ecc7,1,balasan
user_0e6a510eabb6,user_8be7d3659de3,1,balasan
user_0e6a510eabb6,user_de22df1e4a6f,1,balasan
user_0e88c452ff23,user_887008011acc,1,balasan
user_0ea9a5a1b002,user_f23f5ff51d55,1,balasan
user_0ecc114adc31,user_55390c3e1de3,1,balasan
user_0ed8e71dbaaa,user_6ea2ea1545cc,1,balasan
user_0eeb6fb943dd,user_1e7506aa8dbb,1,balasan
user_0eeb6fb943dd,user_d2d8b4216fe4,1,balasan
user_0efcc28de106,user_93ea3cd6d664,1,balasan
user_0f1ce6b5b282,user_edad7c19b10b,2,balasan
user_0f293f1232bf,user_53fb2d263689,3,balasan
user_0f747fa0da78,user_fca25cab7c02,1,balasan
user_0f85b14d4caa,user_1c80c2541b31,1,balasan
user_0f85b14d4caa,user_41d9457a9d7a,1,balasan
user_0f85b14d4caa,user_99b142560705,1,balasan
user_0f85b14d4caa,user_a386b4c2040b,2,balasan
user_0f85b14d4caa,user_c0e0270f2d84,2,balasan
user_0f85b14d4caa,user_e4bf760d8b89,2,balasan
user_0f85b14d4caa,user_c322afa09845,1,balasan
user_0fa58e6b659e,user_be644cb02159,1,balasan
user_0fcdc86277a5,user_a0c996a84d0e,1,balasan
user_0fde2d525a70,user_8cf551eeadb7,1,balasan
user_0fe86a3f240e,user_b3a4b93d9f3a,1,balasan
user_0fe86a3f240e,user_f8bbc55fb701,1,balasan
user_1015f2517a45,user_27aeda39aa8d,1,balasan
user_101afd44bdbf,user_4fd49b2f6700,2,balasan
user_102161980fd6,user_aac59cecdc4c,3,balasan
user_1022635b8c74,user_e2320d824d47,2,balasan
user_1022635b8c74,user_8bb23fa9081c,2,balasan
user_1037d9c558c4,user_79d885b5823d,1,balasan
user_10455e5fb386,user_7afe0fb6736a,1,balasan
user_10455e5fb386,user_8ffbb99d5c06,1,balasan
user_10455e5fb386,user_dcc5b0735fad,2,balasan
user_106c23de84b5,user_d262c8a536df,1,balasan
user_106c23de84b5,user_7313cfdb6798,1,balasan
user_10add418418a,user_c0c2c49aad0c,2,balasan
user_10add418418a,user_f23f5ff51d55,1,balasan
user_10b15584573b,user_edad7c19b10b,1,balasan
user_10b9d44504aa,user_c166f945453a,1,balasan
user_10c28f6ab3c1,user_5341518406d2,1,balasan
user_10de28436e78,user_b3cfaa7a557c,1,balasan
user_10e2dfde7d1a,user_11e4c9e26fb1,1,balasan
user_10e4ac165485,user_d0b2667ee7b8,1,balasan
user_10e4ac165485,user_e9f9bd5911bf,3,balasan
user_11166d6c2cdd,user_63e16bb2cf84,1,balasan
user_11166d6c2cdd,user_7f765a6aeff4,2,balasan
user_11166d6c2cdd,user_a79bbcbbf9fb,1,balasan
user_11460a8c155e,user_27fcd936e003,1,balasan
user_114e036e3445,user_316a77e43c4d,1,balasan
user_1157bfef6601,user_f6e0b266823e,1,balasan
user_117fad7559f4,user_208d89ba0895,2,balasan
user_117fad7559f4,user_834f52745e40,2,balasan
user_117fad7559f4,user_16bebfe8ccfb,1,balasan
user_11a72dd312e7,user_215527677879,1,balasan
user_11a72dd312e7,user_cd8e3a459609,1,balasan
user_11af0d2645e5,user_e0e6e5c30876,1,balasan
user_11c55e75c824,user_4528fc9aa5be,1,balasan
user_11db73875a51,user_423d4696e08a,1,balasan
user_11e4c9e26fb1,user_18df62607792,1,balasan
user_11e4c9e26fb1,user_7bed80e42a6f,1,balasan
user_11f10705e6cb,user_a79bbcbbf9fb,1,balasan
user_1206420600de,user_a8f61dffb84b,1,balasan
user_12375113c969,user_cad611a2c733,1,balasan
user_12375113c969,user_e2ba43ca511a,1,balasan
user_124b8f6a8c73,user_50a483b25b43,1,balasan
user_1272c6db8239,user_a8668a508c10,1,balasan
user_1272c6db8239,user_5e24681963e2,1,balasan
user_1294ceb608e6,user_a135c3429a65,1,balasan
user_12c2ebb06db6,user_aea7b1adbdb6,1,balasan
user_12e58c3c0541,user_5a4e2a9339a4,1,balasan
user_1307e3de15d5,user_2b74c2adfd83,1,balasan
user_13128a78d551,user_a0d5ff3bf7ed,1,balasan
user_1348a21e2948,user_283e24f1b695,1,balasan
user_1359654eebca,user_e55fe37ee7ae,1,balasan
user_13664f7870d3,user_60bd93d274fd,1,balasan
user_13e85754d9e9,user_28eafeb0022f,2,balasan
user_13ee502969c6,user_e55fe37ee7ae,1,balasan
user_13eee5eceaed,user_5f9c61cc23ef,4,balasan
user_14313c22ae7b,user_d9bdeca192b9,1,balasan
user_1471c665c39b,user_908d651c2b82,1,balasan
user_148cc652a13a,user_4528fc9aa5be,1,balasan
user_148cc652a13a,user_7fab4257ea50,1,balasan
user_14e91eab71d3,user_f9727db6f30f,1,balasan
user_15291710c68b,user_808326b165f3,1,balasan
user_15655ef202d7,user_5341518406d2,1,balasan
user_15655ef202d7,user_3435c3d16457,1,balasan
user_156cb1e1ab4e,user_2bffd460c38d,1,balasan
user_159930af502a,user_5f9c61cc23ef,1,balasan
user_159e0523db0d,user_63e16bb2cf84,1,balasan
user_15c39332d249,user_5786dbc04f58,1,balasan
user_15c39332d249,user_ad1e36e4a30a,1,balasan
user_15ca52795a05,user_7f765a6aeff4,1,balasan
user_15ca7af5e518,user_23db88e73c5b,2,balasan
user_15df925c374f,user_4c818cce350e,1,balasan
user_15df925c374f,user_783d1b2d2a76,1,balasan
user_1608c1e94073,user_3b4a7c8e6272,2,balasan
user_1608c1e94073,user_71f296857f39,1,balasan
user_16210ca8a1dc,user_38fa96b98192,1,balasan
user_16210ca8a1dc,user_7bb4c831ff12,1,balasan
user_1635d42ad285,user_39dcb9bc2c95,1,balasan
user_1635d42ad285,user_8cb6a5f78006,1,balasan
user_163a3c2c3d01,user_50a483b25b43,1,balasan
user_163a3c2c3d01,user_a986c3be4a71,1,balasan
user_16696909c997,user_8549d854932f,1,balasan
user_168ff9e2d474,user_59b2165c4335,1,balasan
user_168ff9e2d474,user_6f2f0517b32f,1,balasan
user_16a09664a784,user_283e24f1b695,1,balasan
user_16a09664a784,user_56a6899e83af,1,balasan
user_16ab553c29dd,user_b423b1a10422,1,balasan
user_16ba7a4dd75a,user_627d58c76ea4,1,balasan
user_16c842132ee0,user_4e397e4eede1,2,balasan
user_16e0da9304a6,user_23b81dd02e4e,1,balasan
user_16e9750955f5,user_5ccf4081bac3,1,balasan
user_170c1a613f6c,user_659dd56debaf,1,balasan
user_171be1f4fab7,user_2bffd460c38d,1,balasan
user_178f86c72c80,user_90893327e6e5,1,balasan
user_178f86c72c80,user_f537f8c87d4a,1,balasan
user_17937f97b5e6,user_1a64ccb6c985,1,balasan
user_17937f97b5e6,user_1e851b8be5bb,1,balasan
user_17937f97b5e6,user_209b34af99e9,1,balasan
user_17937f97b5e6,user_28eafeb0022f,1,balasan
user_17937f97b5e6,user_3468bce8eb98,1,balasan
user_17937f97b5e6,user_3ab29126bb57,1,balasan
user_17937f97b5e6,user_49e6ca082c79,1,balasan
user_17937f97b5e6,user_4cc858da7e4f,1,balasan
user_17937f97b5e6,user_5786dbc04f58,1,balasan
user_17937f97b5e6,user_593542003874,1,balasan
user_17937f97b5e6,user_5babedeccf81,1,balasan
user_17937f97b5e6,user_5bc32a62c603,1,balasan
user_17937f97b5e6,user_5db06db13f18,1,balasan
user_17937f97b5e6,user_627d58c76ea4,1,balasan
user_17937f97b5e6,user_7045e6fec90a,2,balasan
user_17937f97b5e6,user_86af4c5e1124,1,balasan
user_17937f97b5e6,user_86b3dfce77f9,1,balasan
user_17937f97b5e6,user_86cfd2822e32,1,balasan
user_17937f97b5e6,user_897e72b02087,1,balasan
user_17937f97b5e6,user_90dff054642f,1,balasan
user_17937f97b5e6,user_92a6780ff067,1,balasan
user_17937f97b5e6,user_c4bc6513077a,1,balasan
user_17937f97b5e6,user_d93b397d4276,1,balasan
user_17937f97b5e6,user_dbf7e351b178,1,balasan
user_17937f97b5e6,user_e070725653c0,1,balasan
user_17e3b042614c,user_f5fb812ddc50,1,balasan
user_17f30e4aed62,user_e9d8d4112f4b,1,balasan
user_1806c923aff9,user_1b2589d603bc,1,balasan
user_184ce0ff472c,user_6c8b2c641fb5,1,balasan
user_187168cf4543,user_1a26e5ebf2b8,2,balasan
user_187168cf4543,user_84b99223c537,1,balasan
user_189ec22733f4,user_27312f2eea51,1,balasan
user_18af6e4c4e8f,user_3e6a16847d9c,1,balasan
user_18b0fab42b58,user_18df62607792,1,balasan
user_18b0fab42b58,user_4d33e9d0d7b5,1,balasan
user_18b0fab42b58,user_2f006719b0f4,1,balasan
user_18b0fab42b58,user_3bfe3fb41f9e,1,balasan
user_18b0fab42b58,user_be1790014407,1,balasan
user_18b0fab42b58,user_e4eae322223c,1,balasan
user_18b0fab42b58,user_ee77520c4b47,1,balasan
user_18c7d2543a7b,user_1d7d893e3aef,1,balasan
user_18c7d2543a7b,user_4704b6c19453,1,balasan
user_18c7d2543a7b,user_4b74a959ffb3,1,balasan
user_18cead918272,user_e55fe37ee7ae,1,balasan
user_18df62607792,user_1bfa7e074e4a,1,balasan
user_18df62607792,user_1ffeb7d53270,1,balasan
user_18df62607792,user_32ebd2321615,1,balasan
user_18df62607792,user_4d33e9d0d7b5,1,balasan
user_18df62607792,user_4d820e19f12e,1,balasan
user_18df62607792,user_50a483b25b43,1,balasan
user_18df62607792,user_55c44b09d7c8,1,balasan
user_18df62607792,user_5db300a6e618,1,balasan
user_18df62607792,user_61c32f38ba39,1,balasan
user_18df62607792,user_660be5b72cf9,1,balasan
user_18df62607792,user_80ad4cc30e5c,1,balasan
user_18df62607792,user_8dc8836fc570,1,balasan
user_18df62607792,user_946a33abfa64,1,balasan
user_18df62607792,user_96ff91bbad48,1,balasan
user_18df62607792,user_9aea66e92302,1,balasan
user_18df62607792,user_a221aefb8d61,1,balasan
user_18df62607792,user_a64f4ce63ce4,1,balasan
user_18df62607792,user_a986c3be4a71,1,balasan
user_18df62607792,user_af8aa2e85c52,1,balasan
user_18df62607792,user_bb5367f14496,1,balasan
user_18df62607792,user_e7675341d928,1,balasan
user_18df62607792,user_eae234409828,1,balasan
user_18df62607792,user_ec5d149a242a,1,balasan
user_18df62607792,user_f466fd0561d2,1,balasan
user_194bfc3c5937,user_4fc1dc27162f,1,balasan
user_1963b77a7a75,user_66deca1ef68b,2,balasan
user_1963b77a7a75,user_ef86d1cab46c,1,balasan
user_199f5502d9a5,user_98ffcc2d6399,1,balasan
user_199f5502d9a5,user_4a0616a59914,1,balasan
user_19c48f22c800,user_ae0493a9fd53,1,balasan
user_19dc2df1a1c6,user_283e24f1b695,1,balasan
user_19e545476824,user_223d1d7e5b8b,1,balasan
user_19e545476824,user_f697c5351d72,2,balasan
user_19f4796c6496,user_6baaa3df5406,1,balasan
user_19fa0fa7df16,user_21fd1d472b5a,1,balasan
user_19fa0fa7df16,user_747cc88feeff,1,balasan
user_1a26e5ebf2b8,user_1ff434d89e56,1,balasan
user_1a26e5ebf2b8,user_26491ff1de01,1,balasan
user_1a26e5ebf2b8,user_3a44eba06868,2,balasan
user_1a26e5ebf2b8,user_49846afbc07a,1,balasan
user_1a26e5ebf2b8,user_614a5ae94c5f,1,balasan
user_1a26e5ebf2b8,user_6223372ae1b1,1,balasan
user_1a26e5ebf2b8,user_6438bdd7dfba,1,balasan
user_1a26e5ebf2b8,user_7788b54ddd1f,1,balasan
user_1a26e5ebf2b8,user_90dca4d6d17e,1,balasan
user_1a26e5ebf2b8,user_98e3738fba91,2,balasan
user_1a26e5ebf2b8,user_a69409a864b6,1,balasan
user_1a26e5ebf2b8,user_ad1e36e4a30a,1,balasan
user_1a26e5ebf2b8,user_d0a9bb878af5,1,balasan
user_1a26e5ebf2b8,user_fe7593090523,1,balasan
user_1a3bee45811b,user_6ea2ea1545cc,1,balasan
user_1a64ccb6c985,user_1f723474b4f5,1,balasan
user_1a79821c0948,user_bc157d1ba4c7,1,balasan
user_1a7aaf6b8dd9,user_fb0852519152,1,balasan
user_1a80b92fe552,user_ad1e36e4a30a,1,balasan
user_1a891d5dee30,user_de745c544c98,1,balasan
user_1aa9df06318f,user_4d5512701489,1,balasan
user_1ab52715180c,user_49e6ca082c79,2,balasan
user_1af0943a26cb,user_5786dbc04f58,1,balasan
user_1b01f134e06b,user_2bffd460c38d,1,balasan
user_1b01f134e06b,user_e06bf01fbce7,1,balasan
user_1b3e9b40ab3c,user_dc0726529164,1,balasan
user_1b69d39d1acc,user_4704b6c19453,1,balasan
user_1b69d39d1acc,user_b57ea2cc24ac,1,balasan
user_1b7e111a21b2,user_56a6899e83af,1,balasan
user_1b7e111a21b2,user_593542003874,2,balasan
user_1b7e111a21b2,user_a79bbcbbf9fb,1,balasan
user_1b7e111a21b2,user_a9e3c06b6103,1,balasan
user_1bfa7e074e4a,user_a20fad5048e4,1,balasan
user_1c427e433967,user_56a6899e83af,1,balasan
user_1c5cf2304a9f,user_4bdd85c213d7,1,balasan
user_1c80c2541b31,user_1d1a1e636f77,2,balasan
user_1c80c2541b31,user_6516121c7ac1,1,balasan
user_1c9d9dffd0a6,user_39dcb9bc2c95,1,balasan
user_1c9d9dffd0a6,user_b3a147538560,2,balasan
user_1ca07d8ac8e8,user_742074b82708,1,balasan
user_1cc04d0a83e2,user_2563c18c1d36,1,balasan
user_1ccfd8a54f74,user_a5d36cf8253e,2,balasan
user_1cd5002a9f45,user_4d5d9dfdfdc7,1,balasan
user_1cd5002a9f45,user_84756f26b789,2,balasan
user_1cd5002a9f45,user_99edcb16614a,1,balasan
user_1d1a1e636f77,user_75b30922da26,2,balasan
user_1d1a1e636f77,user_7bf51705e812,1,balasan
user_1d1a1e636f77,user_ec6b3ff24b86,1,balasan
user_1d7d893e3aef,user_28eafeb0022f,7,balasan
user_1d7d893e3aef,user_5195342308b8,3,balasan
user_1d7d893e3aef,user_cc6d629061cc,4,balasan
user_1d7d893e3aef,user_e70e6dd8acca,1,balasan
user_1d7d893e3aef,user_ed23e1a41b1a,1,balasan
user_1d9abab4d7e9,user_db3aaaba71ec,1,balasan
user_1d9cd0296083,user_a79bbcbbf9fb,1,balasan
user_1df0fa96c48a,user_a5ba9ec56da1,1,balasan
user_1df754e79e94,user_60bd93d274fd,1,balasan
user_1e41c46c473e,user_a79bbcbbf9fb,1,balasan
user_1e494449bb21,user_2c3414329c91,1,balasan
user_1e4c99923d63,user_20b04fe05c08,1,balasan
user_1e4c99923d63,user_29ca87b6aedd,1,balasan
user_1e4c99923d63,user_aea7b1adbdb6,1,balasan
user_1e55086cd87e,user_7f838e1f1e2f,1,balasan
user_1e5eec699af6,user_5de65d867815,1,balasan
user_1e5eec699af6,user_bd73432544b3,1,balasan
user_1e6531c83b8d,user_c4e48700c6ea,1,balasan
user_1e682ec20bb4,user_65710cff918e,1,balasan
user_1e8068f4b208,user_3b4a7c8e6272,2,balasan
user_1e8068f4b208,user_addc6806a0a7,2,balasan
user_1e8068f4b208,user_423d4696e08a,1,balasan
user_1e851b8be5bb,user_b68757f18845,1,balasan
user_1e9bcf2ec562,user_4b5f0c8bc3c5,1,balasan
user_1ea43994349a,user_283e24f1b695,1,balasan
user_1eb774739fb2,user_4cc858da7e4f,1,balasan
user_1f0b7233614e,user_60bd93d274fd,1,balasan
user_1f40091dcf31,user_f845d955dce7,3,balasan
user_1f40091dcf31,user_aa7c01daab75,2,balasan
user_1f40091dcf31,user_adb29fde7d88,1,balasan
user_1f48394ed479,user_36eb0a321867,1,balasan
user_1f69a4940cf5,user_c97b959dcf3f,1,balasan
user_1f6a883cf1f4,user_7a840ee0f60a,1,balasan
user_1f7ef644c50b,user_659dd56debaf,1,balasan
user_1f90dca1e7ab,user_3906f365eca6,1,balasan
user_1f90dca1e7ab,user_fb4f869f37e3,1,balasan
user_1fe0ea392976,user_997e1e63b836,1,balasan
user_1fed3752a4bb,user_a1d7cef5f81f,1,balasan
user_1ffeb7d53270,user_c9fe524f6525,1,balasan
user_201a9a5f89a9,user_feb499520b43,1,balasan
user_2079bddbb0c6,user_6dcc7c919d6e,1,balasan
user_2085813e949b,user_77ee03a9c982,2,balasan
user_2085813e949b,user_7989036a08c5,1,balasan
user_208d89ba0895,user_20b04fe05c08,1,balasan
user_208d89ba0895,user_656da92bffbf,1,balasan
user_208d89ba0895,user_7a6e5abcf537,1,balasan
user_208d89ba0895,user_86b3dfce77f9,1,balasan
user_208d89ba0895,user_a8e8b03af303,2,balasan
user_208d89ba0895,user_c690558870ac,4,balasan
user_209b34af99e9,user_dcc5b0735fad,1,balasan
user_209b34af99e9,user_2105983b3f28,1,balasan
user_20a598389061,user_d7c10e7ff596,1,balasan
user_20b04fe05c08,user_a35d60eb4123,2,balasan
user_20b04fe05c08,user_29ca87b6aedd,1,balasan
user_20b04fe05c08,user_39acbbf56916,1,balasan
user_20b04fe05c08,user_3a66a750c943,1,balasan
user_20b04fe05c08,user_4a70e735f565,1,balasan
user_20b04fe05c08,user_4df1134fc0ef,1,balasan
user_20b04fe05c08,user_621cfe41d6f9,1,balasan
user_20b04fe05c08,user_6a82a65e5a09,1,balasan
user_20b04fe05c08,user_ed514c56c1a4,1,balasan
user_20c6dc01aa02,user_78e32518176f,1,balasan
user_20cfcd243263,user_cafccd9d2556,1,balasan
user_2105983b3f28,user_2537dd8cdffd,1,balasan
user_216835151ece,user_e420c19f986f,1,balasan
user_216f69883857,user_bd4bdd5f31c8,1,balasan
user_219ad5fde274,user_c2ddeea3bf13,1,balasan
user_219ad5fde274,user_fd646331ed73,1,balasan
user_21cda4dab370,user_46f9db59d906,2,balasan
user_222f58e71dfb,user_b68757f18845,1,balasan
user_2269c106915e,user_772593a92c12,1,balasan
user_228c61d8a1b0,user_ca42762ef5ca,1,balasan
user_23328ff66c66,user_61c32f38ba39,1,balasan
user_23328ff66c66,user_80ad4cc30e5c,1,balasan
user_2356633bfed0,user_283e24f1b695,1,balasan
user_2396bb8dd954,user_7045e6fec90a,1,balasan
user_239af3ed44e0,user_b3cfaa7a557c,1,balasan
user_239f756665f4,user_63bcde4c93d7,1,balasan
user_23ae199d2faa,user_6598feeaa664,2,balasan
user_23ae199d2faa,user_bee97ced5136,1,balasan
user_23ae199d2faa,user_cc6d629061cc,1,balasan
user_23cc4b38d9b4,user_283e24f1b695,1,balasan
user_23cdd7af99bf,user_60bd93d274fd,1,balasan
user_23db88e73c5b,user_995a57855f44,1,balasan
user_23f2c1a766f0,user_aad4ae356811,1,balasan
user_23f2c1a766f0,user_b0ebc7f948b6,1,balasan
user_240fba6e03e9,user_4c55f1369146,1,balasan
user_242209df95ea,user_423d4696e08a,3,balasan
user_242209df95ea,user_90dff054642f,1,balasan
user_242209df95ea,user_ad1e36e4a30a,2,balasan
user_2425e33d2f29,user_99edcb16614a,1,balasan
user_2437a78cbe36,user_63e16bb2cf84,1,balasan
user_2437a78cbe36,user_a79bbcbbf9fb,1,balasan
user_2496770fb8c0,user_8ea4c161a49f,1,balasan
user_249b8c4d3532,user_ca25f30b84c1,1,balasan
user_249b8c4d3532,user_f23f5ff51d55,1,balasan
user_24b7a15d4f67,user_d1c81762d350,1,balasan
user_24d9da30a8cf,user_aa9711e12285,1,balasan
user_24de06449558,user_699a3ffa3261,1,balasan
user_24de06449558,user_903242c46d27,1,balasan
user_24e384eaa3df,user_2518009d73f8,1,balasan
user_24e384eaa3df,user_575c7234850c,1,balasan
user_24e384eaa3df,user_a4c01524a780,1,balasan
user_24e384eaa3df,user_c0b112dbe43e,1,balasan
user_24e384eaa3df,user_d7c43590e614,1,balasan
user_250e9321b5ba,user_dcc9755e26ef,1,balasan
user_2518009d73f8,user_3ec6e191e200,1,balasan
user_251de92e1efb,user_b71b42da81e1,1,balasan
user_252fc72a84b2,user_cdf5740d57f3,1,balasan
user_2537dd8cdffd,user_86cfd2822e32,1,balasan
user_2537dd8cdffd,user_fede6b43440d,2,balasan
user_2549ce332cd2,user_27fcd936e003,1,balasan
user_255041237dd1,user_60160c671cac,2,balasan
user_255041237dd1,user_e88dd50537db,1,balasan
user_256c39e993f2,user_d8bb9e6880ab,1,balasan
user_257b370b1ce6,user_63e16bb2cf84,1,balasan
user_257b370b1ce6,user_eda5c050b893,1,balasan
user_257b370b1ce6,user_fae95fd548ef,1,balasan
user_25bee1566322,user_56a6899e83af,1,balasan
user_2602630be3d6,user_b56bc510d95f,1,balasan
user_26491ff1de01,user_d6db7305473c,1,balasan
user_26491ff1de01,user_2dd46bc46775,1,balasan
user_26607ecb451a,user_dc0726529164,2,balasan
user_266be96fcb01,user_ef1e939642df,1,balasan
user_26ccc1b72224,user_5db300a6e618,1,balasan
user_26ccc1b72224,user_9aea66e92302,1,balasan
user_26ccc1b72224,user_bf8b813edd69,1,balasan
user_2739fe77006c,user_ad1e36e4a30a,1,balasan
user_2765e6e0243c,user_2ff989181afa,1,balasan
user_277e6968115f,user_e661b10ecb7d,1,balasan
user_27b2bf9c28cf,user_39dcb9bc2c95,3,balasan
user_27c35695d202,user_2855337f6b6b,1,balasan
user_27c35695d202,user_6b8bdfd19cf1,1,balasan
user_27c35695d202,user_cb9f79dea25a,1,balasan
user_27c8d5ac1125,user_35b0aa7ae57e,1,balasan
user_27fcd936e003,user_e070725653c0,1,balasan
user_27fcd936e003,user_d6db7305473c,1,balasan
user_27fcd936e003,user_7f08a10e8df8,1,balasan
user_27fcd936e003,user_47f07008e973,1,balasan
user_27fcd936e003,user_4ff78499c625,1,balasan
user_27fcd936e003,user_54f7e9899501,1,balasan
user_27fcd936e003,user_5d8afdc19af0,1,balasan
user_27fcd936e003,user_6d47a4321768,1,balasan
user_27fcd936e003,user_b81f366ca0fe,2,balasan
user_27fcd936e003,user_a0b37caf06c8,1,balasan
user_27fcd936e003,user_b1d486fb3360,1,balasan
user_27fcd936e003,user_c6ec12412b0e,1,balasan
user_27fcd936e003,user_d22056134d84,1,balasan
user_27fcd936e003,user_f22312e11e0d,1,balasan
user_28135478e24c,user_ade87bcd7c61,1,balasan
user_283557cdbfd2,user_fad55ba8657e,1,balasan
user_283e24f1b695,user_69ef0c466488,1,balasan
user_283e24f1b695,user_423d4696e08a,1,balasan
user_283e24f1b695,user_2b258295f9e2,1,balasan
user_283e24f1b695,user_2da8215513ad,1,balasan
user_283e24f1b695,user_30d0c3eb8ca4,1,balasan
user_283e24f1b695,user_32f6f97851c8,1,balasan
user_283e24f1b695,user_369fa60a5e3c,1,balasan
user_283e24f1b695,user_41150afb3913,1,balasan
user_283e24f1b695,user_4dbce19c4b3f,1,balasan
user_283e24f1b695,user_50ff2d4a7439,1,balasan
user_283e24f1b695,user_f33c88f06bfc,1,balasan
user_283e24f1b695,user_5373bcdb1b4b,1,balasan
user_283e24f1b695,user_5544b0f68859,1,balasan
user_283e24f1b695,user_599a8da44a34,1,balasan
user_283e24f1b695,user_5ecc2f07f780,1,balasan
user_283e24f1b695,user_67ce68cec927,1,balasan
user_283e24f1b695,user_681cc85d8376,1,balasan
user_283e24f1b695,user_6884fe03a28b,1,balasan
user_283e24f1b695,user_766a6ddcaa9e,1,balasan
user_283e24f1b695,user_77581295fac6,1,balasan
user_283e24f1b695,user_7da25b769680,1,balasan
user_283e24f1b695,user_f78d3a719ef2,1,balasan
user_283e24f1b695,user_8eef5cbac65f,1,balasan
user_283e24f1b695,user_8f6908d3fbf2,1,balasan
user_283e24f1b695,user_95212d9dc648,1,balasan
user_283e24f1b695,user_a18137b3a8e5,1,balasan
user_283e24f1b695,user_a2e74a7ea74a,1,balasan
user_283e24f1b695,user_abeb2303c267,1,balasan
user_283e24f1b695,user_afc534396972,1,balasan
user_283e24f1b695,user_b78828455bd0,1,balasan
user_283e24f1b695,user_b7b947a5771d,1,balasan
user_283e24f1b695,user_ba93816eeb16,1,balasan
user_283e24f1b695,user_c45192fc409a,1,balasan
user_283e24f1b695,user_c86ec1473981,1,balasan
user_283e24f1b695,user_c8ac9100bfe0,2,balasan
user_283e24f1b695,user_cfb75cd7bb4c,1,balasan
user_283e24f1b695,user_d8cf87195c8c,1,balasan
user_283e24f1b695,user_d9cb887f0383,1,balasan
user_283e24f1b695,user_dc0ee3e1dbb8,1,balasan
user_283e24f1b695,user_fa0c8e37a251,1,balasan
user_2889a6c6c341,user_abcee81ce7ea,1,balasan
user_2889a6c6c341,user_e06bf01fbce7,1,balasan
user_28cc6c98d01b,user_981bf9601a13,1,balasan
user_28cc6c98d01b,user_de2f9fba7b20,1,balasan
user_28d26b41e7a3,user_ec30aec77738,1,balasan
user_28d26b41e7a3,user_bea27982db2f,1,balasan
user_28d75cde184e,user_39dcb9bc2c95,2,balasan
user_28da04808ea5,user_6ea2ea1545cc,1,balasan
user_28da04808ea5,user_e0e6e5c30876,1,balasan
user_28e144b38305,user_e332a5e637d3,1,balasan
user_28eafeb0022f,user_d15c39f7fce1,1,balasan
user_28eafeb0022f,user_6c67ff55526c,1,balasan
user_28eafeb0022f,user_797a41de5ece,1,balasan
user_28eafeb0022f,user_87dee59f58be,3,balasan
user_28eafeb0022f,user_e8eedb497835,1,balasan
user_28eafeb0022f,user_b68757f18845,1,balasan
user_28eafeb0022f,user_423d4696e08a,1,balasan
user_28eafeb0022f,user_2e4f0452ab7f,1,balasan
user_28eafeb0022f,user_3da7d3a60ae9,1,balasan
user_28eafeb0022f,user_97fd178bf6ed,1,balasan
user_28eafeb0022f,user_4373d4908ee8,1,balasan
user_28eafeb0022f,user_46a6156fda4b,1,balasan
user_28eafeb0022f,user_46c0ce118bc1,1,balasan
user_28eafeb0022f,user_4c28b9a35eba,1,balasan
user_28eafeb0022f,user_4fa40982a996,1,balasan
user_28eafeb0022f,user_617a2df75d4c,1,balasan
user_28eafeb0022f,user_6b71f146154b,1,balasan
user_28eafeb0022f,user_e07ea3876d78,1,balasan
user_28eafeb0022f,user_7a21e5a3ffb0,1,balasan
user_28eafeb0022f,user_8a8e4ff427f4,1,balasan
user_28eafeb0022f,user_8ea0d14a57c3,1,balasan
user_28eafeb0022f,user_f51ec0798e6d,1,balasan
user_28eafeb0022f,user_98056fb67b7c,1,balasan
user_28eafeb0022f,user_b97ff30b3f01,1,balasan
user_28eafeb0022f,user_c221fe01c202,1,balasan
user_28eafeb0022f,user_c39ce3049f21,1,balasan
user_28eafeb0022f,user_c6af6d6285fb,1,balasan
user_28eafeb0022f,user_c90892bbc7c2,1,balasan
user_28eafeb0022f,user_e37599ce760d,1,balasan
user_28eafeb0022f,user_eb4cd1dc28f2,1,balasan
user_28eafeb0022f,user_f733b1c9cb7f,1,balasan
user_28eafeb0022f,user_f8025f8df694,1,balasan
user_28fc0882928b,user_380952dc9383,1,balasan
user_29522ad37f91,user_4de73e973c2d,1,balasan
user_29a5f77bee79,user_b525f6724ce5,1,balasan
user_29a8dfd49369,user_b641e406ef5c,1,balasan
user_29f0c43833b9,user_bda3fc152bb0,1,balasan
user_2a1b5352b87a,user_799e5d52a634,1,balasan
user_2a2a8a8ea85b,user_56a6899e83af,1,balasan
user_2a6b8ab6027b,user_f5fb812ddc50,2,balasan
user_2a6b8ab6027b,user_8778b2bd643a,1,balasan
user_2a6b8ab6027b,user_80336463c0d4,1,balasan
user_2a9cb3291277,user_2b74c2adfd83,1,balasan
user_2a9cb3291277,user_e0e6e5c30876,1,balasan
user_2acd066aba9d,user_6ea2ea1545cc,2,balasan
user_2acd066aba9d,user_7f19e9da49ea,2,balasan
user_2ae43a023d7e,user_6895beecc9d3,2,balasan
user_2aeab5f552a9,user_e08896449560,1,balasan
user_2b18a17817b6,user_7276d50d4fa4,1,balasan
user_2b264a47dbf3,user_4d2879fa44db,1,balasan
user_2b264a47dbf3,user_cb7e46741b18,1,balasan
user_2b4b31d2f5d1,user_48d8163ddd3a,1,balasan
user_2b74c2adfd83,user_3d70ffc4091e,1,balasan
user_2b84cd5537c2,user_716b9a467dfa,1,balasan
user_2b9bfd284fce,user_423d4696e08a,2,balasan
user_2b9bfd284fce,user_bb4e28ae82df,1,balasan
user_2b9bfd284fce,user_d95b145ff239,1,balasan
user_2baeb4e089df,user_d7c43590e614,1,balasan
user_2baeb4e089df,user_305a8a8d2c05,1,balasan
user_2baeb4e089df,user_56596f47ce3f,1,balasan
user_2baeb4e089df,user_5e24681963e2,1,balasan
user_2baeb4e089df,user_69d509285dbb,1,balasan
user_2baeb4e089df,user_b0c8e97d0ab0,1,balasan
user_2baeb4e089df,user_d38045d890c5,1,balasan
user_2baf98cd4011,user_ff2dd0c4e2af,1,balasan
user_2bc93a93fc46,user_54e25e7f0f18,2,balasan
user_2bc93a93fc46,user_a34942ac8259,1,balasan
user_2bc93a93fc46,user_4de0c0c145d2,1,balasan
user_2bf7fb41f702,user_a1d7cef5f81f,1,balasan
user_2bffd460c38d,user_ce284f29170f,2,balasan
user_2bffd460c38d,user_efe908ac3722,1,balasan
user_2bffd460c38d,user_f90679449f06,1,balasan
user_2c21b5e9a9bc,user_5786dbc04f58,2,balasan
user_2c21b5e9a9bc,user_97fd178bf6ed,1,balasan
user_2c21b5e9a9bc,user_946df54f0fd3,1,balasan
user_2c21b5e9a9bc,user_7d4d2c05726c,1,balasan
user_2c2476de202b,user_848da8b3ac27,1,balasan
user_2c62010c3967,user_382225962d5f,1,balasan
user_2c62010c3967,user_87f4f4ff3ea9,1,balasan
user_2c8c3eee22f8,user_d2b0d2c2094d,1,balasan
user_2c92704d49c2,user_b3cfaa7a557c,1,balasan
user_2d0dfd047e9a,user_dcc5b0735fad,1,balasan
user_2d0dfd047e9a,user_48c435fb328e,1,balasan
user_2d0dfd047e9a,user_ccab6df3dc75,1,balasan
user_2d0dfd047e9a,user_64f4b87b8b47,1,balasan
user_2d1ba081f975,user_dd5d717437de,1,balasan
user_2d396b8bf66f,user_53c2de110f12,1,balasan
user_2d7e55c7b352,user_b073660d0791,2,balasan
user_2d8eac8f5e1b,user_d9bdeca192b9,1,balasan
user_2d8eac8f5e1b,user_9ef3ec4cb51d,1,balasan
user_2d99eaec3081,user_92a6780ff067,1,balasan
user_2d9fa5810445,user_dcc5b0735fad,1,balasan
user_2dc3de3bab06,user_d11f0a3c3015,1,balasan
user_2e14d28030e1,user_a8668a508c10,1,balasan
user_2e4f0452ab7f,user_593542003874,1,balasan
user_2e51da126d7e,user_b3feb9a556f7,2,balasan
user_2e51da126d7e,user_def72da82c5d,1,balasan
user_2e82de9fc5ad,user_f8fd7b60db30,1,balasan
user_2ea39ede2d01,user_e3a3fec1764d,1,balasan
user_2ea4fb8eb6f0,user_aea3432ed90d,1,balasan
user_2efb5c7d4ffd,user_7f08a10e8df8,1,balasan
user_2f0e6673f0af,user_3353d3483cda,1,balasan
user_2f0e6673f0af,user_b2ec0e0b6ed0,1,balasan
user_2f140a2ab752,user_46f9db59d906,1,balasan
user_2f2266dc57a7,user_8bb23fa9081c,1,balasan
user_2f958dc1ab62,user_82cab536e8d3,1,balasan
user_2f9d5a2be1a1,user_5f96681091ea,3,balasan
user_2f9d5a2be1a1,user_8a46f0ccf3a9,1,balasan
user_2fafdedd2050,user_ad25e4c47187,1,balasan
user_2fafdedd2050,user_dc5e1b8ef9ee,1,balasan
user_2fafdedd2050,user_dd62087a93f1,1,balasan
user_2fb45f96d693,user_dc0726529164,1,balasan
user_2fb45f96d693,user_a6ce20257cec,1,balasan
user_2fb6ab2f5246,user_721b339a3165,1,balasan
user_2fd52e3e7d05,user_3f5df0d65f23,2,balasan
user_2ff989181afa,user_a7e44bdc1d4b,1,balasan
user_2ff989181afa,user_f151c3b64c1c,1,balasan
user_2ff989181afa,user_47f07008e973,1,balasan
user_2ff989181afa,user_40008eac9301,1,balasan
user_2ff989181afa,user_537a9857bc0d,1,balasan
user_2ff989181afa,user_9caa31eb273d,1,balasan
user_303f4a1026eb,user_92a6780ff067,1,balasan
user_3041e2a61734,user_f288fc97ee9e,1,balasan
user_306f814641cb,user_f8341aa24a00,1,balasan
user_30f6bea139eb,user_9aea66e92302,1,balasan
user_3109eb677578,user_a8a9b10947c3,1,balasan
user_31118518a3ed,user_5adae688efd0,1,balasan
user_316a77e43c4d,user_423d4696e08a,1,balasan
user_316a77e43c4d,user_35b0aa7ae57e,1,balasan
user_316a77e43c4d,user_5a3e7ee46d99,1,balasan
user_316a77e43c4d,user_9942c41816d3,1,balasan
user_31905d147b24,user_f1e74fabde26,1,balasan
user_319dad043d15,user_f288fc97ee9e,1,balasan
user_31ab7c9811d0,user_381c00858e38,1,balasan
user_31ab7c9811d0,user_6adc4fc6aaea,1,balasan
user_31b5e998ad57,user_51b2cc479477,1,balasan
user_31b5e998ad57,user_83253be1a4b8,2,balasan
user_3216f1324d1e,user_dcc9755e26ef,1,balasan
user_3219c9e555ce,user_418391a1e39d,1,balasan
user_32459a5cb58d,user_3a100131669e,1,balasan
user_32459a5cb58d,user_5a01d49784eb,1,balasan
user_32956897d4f0,user_50de3231e4f5,1,balasan
user_329ec9cae579,user_b6efc9634024,1,balasan
user_32b8b4e9846a,user_6993a8b94fea,1,balasan
user_32ebd2321615,user_79d9dcd7c7e0,1,balasan
user_32ebd2321615,user_a8345c367585,1,balasan
user_337016c68604,user_edad7c19b10b,1,balasan
user_3377d88f4c63,user_eaab6e02cb48,1,balasan
user_3398123f7309,user_d6cf1b932c6d,1,balasan
user_33a9cf08772b,user_6ea2ea1545cc,1,balasan
user_33c89dc02e5b,user_9d4c7b6994d7,1,balasan
user_33ca099a6abd,user_427a792fbd57,1,balasan
user_33ef7e874c81,user_47f07008e973,1,balasan
user_3418cf5769b3,user_627bf48b9bc2,2,balasan
user_342e3e97f508,user_7dd3a75fda27,1,balasan
user_3468bce8eb98,user_486f8b626b03,1,balasan
user_3469ad5c699b,user_6cc19b6b13c1,1,balasan
user_3481b7c4daed,user_39dcb9bc2c95,2,balasan
user_3481b7c4daed,user_47f07008e973,2,balasan
user_3481b7c4daed,user_b29fe22f9196,2,balasan
user_3481b7c4daed,user_c6bd9e7e564f,2,balasan
user_3481b7c4daed,user_55fe523f6789,1,balasan
user_3481b7c4daed,user_90192f04df81,1,balasan
user_3481b7c4daed,user_9d554eab05b7,1,balasan
user_34bc94963a24,user_4df1134fc0ef,1,balasan
user_34bc94963a24,user_d93b4f5ba3a4,1,balasan
user_34e947bbea6c,user_395b1ac62914,1,balasan
user_34f7aff694cd,user_54331815230e,2,balasan
user_352a6e8e7399,user_b3cfaa7a557c,1,balasan
user_35316542c6db,user_65b33aa96ea8,1,balasan
user_35b0aa7ae57e,user_f43d97ea0551,1,balasan
user_35f3ecccb45c,user_4aa7eb05a72a,1,balasan
user_35f3ecccb45c,user_a828f40ebd18,1,balasan
user_35f3ecccb45c,user_efa4cae6f1c1,1,balasan
user_361b53b4ab7d,user_7107298e3969,1,balasan
user_364bcfddaeea,user_5bad942a84b8,3,balasan
user_3654e5edb5be,user_7d27884ae49d,2,balasan
user_36eb0a321867,user_60bd93d274fd,1,balasan
user_373dcb047442,user_5f96681091ea,1,balasan
user_37da3901725c,user_995a57855f44,1,balasan
user_37fb83ca684e,user_e4861ca4ccc0,1,balasan
user_387e536fdd00,user_6ea2ea1545cc,2,balasan
user_387e536fdd00,user_a79bbcbbf9fb,1,balasan
user_387e536fdd00,user_dabda2797cc6,1,balasan
user_38cfd5aa67c0,user_e55fe37ee7ae,1,balasan
user_38cfd5aa67c0,user_ef1e939642df,1,balasan
user_38cfd5aa67c0,user_f5fb812ddc50,1,balasan
user_38d777c2958f,user_f288fc97ee9e,1,balasan
user_38fa96b98192,user_75a7228323c5,1,balasan
user_38fa96b98192,user_a7e44bdc1d4b,1,balasan
user_38fa96b98192,user_ad32227ab23e,1,balasan
user_38fa96b98192,user_734116e21754,1,balasan
user_38fa96b98192,user_d68246522930,1,balasan
user_391b94f3488c,user_630114894cf2,1,balasan
user_39210a8c97d5,user_5f9c61cc23ef,1,balasan
user_3922f0569a6b,user_61919afbe549,2,balasan
user_3922f0569a6b,user_a174576ec436,1,balasan
user_3927e38e7298,user_72d3e1de79bb,1,balasan
user_392bb7d45dd5,user_3cc548443a12,1,balasan
user_392f606ddb4a,user_908c4c6b3b2c,1,balasan
user_39c43d88f657,user_d5d7234aa5eb,2,balasan
user_39dcb9bc2c95,user_e2320d824d47,2,balasan
user_39dcb9bc2c95,user_48c435fb328e,2,balasan
user_39dcb9bc2c95,user_509a868a0d42,1,balasan
user_39dcb9bc2c95,user_53c2de110f12,1,balasan
user_39dcb9bc2c95,user_5b5801ae19f5,1,balasan
user_39dcb9bc2c95,user_5fe57fa0d02e,1,balasan
user_39dcb9bc2c95,user_7204b3ce8456,1,balasan
user_39dcb9bc2c95,user_89d5de902677,1,balasan
user_39dcb9bc2c95,user_9b5c435925a5,1,balasan
user_39dcb9bc2c95,user_a61d3cb79a98,1,balasan
user_39dcb9bc2c95,user_ac9c6739df1d,1,balasan
user_39dcb9bc2c95,user_b3a147538560,1,balasan
user_39dcb9bc2c95,user_b3c28242a7d0,1,balasan
user_39dcb9bc2c95,user_b483b2322ecc,1,balasan
user_39dcb9bc2c95,user_bd151f0ff8ae,2,balasan
user_39dcb9bc2c95,user_d2cb1fc1d346,1,balasan
user_39dcb9bc2c95,user_d40fdd67b02f,1,balasan
user_39dcb9bc2c95,user_f43977bd4cee,1,balasan
user_39dcb9bc2c95,user_f5ff72ce6c0c,1,balasan
user_39dcb9bc2c95,user_5e85d1b58e3b,1,balasan
user_39f3b9dda301,user_b23d3b9cf734,2,balasan
user_39fd2797728d,user_d6db7305473c,1,balasan
user_3a004af9f379,user_75a7228323c5,1,balasan
user_3a004af9f379,user_6ed27c9d8bbc,1,balasan
user_3a25ca98b3e6,user_5f9c61cc23ef,1,balasan
user_3a25ca98b3e6,user_8e80063ff1c5,1,balasan
user_3a39831a9b92,user_a5ba9ec56da1,1,balasan
user_3a44eba06868,user_3f219f2db178,3,balasan
user_3a66249258ce,user_b5656f1e9a8f,1,balasan
user_3a73dbdd3766,user_96ff91bbad48,1,balasan
user_3a8723daf884,user_7313cfdb6798,1,balasan
user_3a8723daf884,user_934267459523,1,balasan
user_3a9a11bf7874,user_4c818cce350e,2,balasan
user_3a9a11bf7874,user_4deec5ffdae7,12,balasan
user_3a9b18402d38,user_d3d7847f29e3,1,balasan
user_3ab29126bb57,user_fe20c3f17a2f,3,balasan
user_3b5e4d7a3784,user_4023982f3c51,1,balasan
user_3b5e4d7a3784,user_d2cb1fc1d346,1,balasan
user_3b659c5a1125,user_f845d955dce7,2,balasan
user_3b7ae015acf9,user_44c30e80536b,1,balasan
user_3b840d41ff88,user_e2320d824d47,1,balasan
user_3bad36bc6237,user_ba07a51e7d8e,1,balasan
user_3c9c72837c29,user_d0ccc722bac0,1,balasan
user_3c9c72837c29,user_e49a5e09aabc,2,balasan
user_3cc548443a12,user_51b2cc479477,1,balasan
user_3cdbd6cc84a8,user_7989036a08c5,2,balasan
user_3cdf0e4818d5,user_7da0fff55e10,1,balasan
user_3cf47aefbd09,user_593542003874,1,balasan
user_3cf5ead32c87,user_a845b9fcced2,1,balasan
user_3cf5ead32c87,user_af6face966d1,1,balasan
user_3d23132fd235,user_d79cb3a83891,1,balasan
user_3d69266fcffc,user_ec199268542f,1,balasan
user_3d70ffc4091e,user_6aa6121a5a75,1,balasan
user_3d70ffc4091e,user_720af4e8194a,1,balasan
user_3d70ffc4091e,user_b3c28242a7d0,1,balasan
user_3da620aed1a4,user_848da8b3ac27,1,balasan
user_3da620aed1a4,user_baa936ee2786,1,balasan
user_3da7d3a60ae9,user_7989036a08c5,1,balasan
user_3dd53ffd849c,user_e0304a03fe14,2,balasan
user_3de4b999c282,user_659dd56debaf,1,balasan
user_3e209c129021,user_3f8ddd6d24b9,1,balasan
user_3e49f8087604,user_e16422c1b37d,1,balasan
user_3ec6e191e200,user_659dd56debaf,1,balasan
user_3efbb4c73f8f,user_aac59cecdc4c,2,balasan
user_3efbb4c73f8f,user_88b9f7e5a63b,6,balasan
user_3f2ea2910c11,user_e5cb65388fc1,1,balasan
user_3f2fb393c056,user_6993a8b94fea,1,balasan
user_3f2fb393c056,user_e1ab5e89c740,1,balasan
user_3f5cb7b1f13f,user_668018de7331,2,balasan
user_3f5cb7b1f13f,user_af050625b79c,1,balasan
user_3f5df0d65f23,user_7c08a20f49be,2,balasan
user_3f8c548f482e,user_808326b165f3,1,balasan
user_3f8c548f482e,user_e0e6e5c30876,1,balasan
user_3fa22acf4b86,user_6223372ae1b1,1,balasan
user_3fa22acf4b86,user_adc1c9100075,2,balasan
user_3fab38b62d87,user_ef1e939642df,1,balasan
user_3fb79c7be372,user_808326b165f3,2,balasan
user_3fe0405f486f,user_825482a5f8c4,1,balasan
user_3fe0405f486f,user_b6efc9634024,1,balasan
user_3fff80c09711,user_87f5735c8a13,1,balasan
user_406f50d50222,user_6993a8b94fea,1,balasan
user_409dfc479011,user_4d5512701489,1,balasan
user_40b4cffaa6fe,user_757e211cafe7,1,balasan
user_40f77d49f4a1,user_7313cfdb6798,1,balasan
user_4111a82b89a7,user_c34f45a744ec,3,balasan
user_412fd76a984b,user_63d77cfa1c88,1,balasan
user_412fd76a984b,user_a208311228ec,1,balasan
user_412fd76a984b,user_b89a11c6f428,1,balasan
user_41315d651c28,user_84b13ae768a7,2,balasan
user_41315d651c28,user_eededafabb20,1,balasan
user_414f151d89cc,user_63e16bb2cf84,1,balasan
user_414f151d89cc,user_56094fbe380c,1,balasan
user_4160c8f6b342,user_5bc32a62c603,1,balasan
user_423a98a40e44,user_e070725653c0,1,balasan
user_423d4696e08a,user_dcc5b0735fad,1,balasan
user_423d4696e08a,user_58e9c6251d31,1,balasan
user_423d4696e08a,user_654454905426,1,balasan
user_423d4696e08a,user_7afe0fb6736a,1,balasan
user_423d4696e08a,user_90dff054642f,1,balasan
user_423d4696e08a,user_97fd178bf6ed,2,balasan
user_423d4696e08a,user_ad1e36e4a30a,1,balasan
user_423d4696e08a,user_b0a8f45118b8,1,balasan
user_423d4696e08a,user_b7a58408569e,1,balasan
user_423d4696e08a,user_bbafaea166b4,1,balasan
user_423d4696e08a,user_c7e1f9991028,1,balasan
user_423d4696e08a,user_dbf7e351b178,1,balasan
user_423d4696e08a,user_e187971fa437,1,balasan
user_423d4696e08a,user_f288fc97ee9e,1,balasan
user_423d4696e08a,user_f2a65615a493,1,balasan
user_423d4696e08a,user_fede6b43440d,3,balasan
user_423d4696e08a,user_982b04c9775b,1,balasan
user_423d4696e08a,user_adc1c9100075,1,balasan
user_423d4696e08a,user_9d1f2ef7c3c9,1,balasan
user_423d4696e08a,user_fd646331ed73,2,balasan
user_424b2124f1e8,user_b525f6724ce5,1,balasan
user_424b2124f1e8,user_4872aed51d13,1,balasan
user_425179bd37a8,user_ad1e36e4a30a,1,balasan
user_425179bd37a8,user_982b04c9775b,1,balasan
user_426f5bffa05b,user_def72da82c5d,1,balasan
user_42b4ba4c7bc0,user_76c006de159f,1,balasan
user_42b4ba4c7bc0,user_eabe5d9498bc,1,balasan
user_42b591733232,user_ac4d5e0a74c2,1,balasan
user_436f998a43a4,user_653962f942af,1,balasan
user_436f998a43a4,user_cad611a2c733,1,balasan
user_437858b0858b,user_a79bbcbbf9fb,1,balasan
user_43deaad428bf,user_a7e44bdc1d4b,1,balasan
user_43ec85d7a181,user_9f89a082d13e,1,balasan
user_43ec85d7a181,user_d987b6a0a402,3,balasan
user_43ec85d7a181,user_f90679449f06,1,balasan
user_44125e53f125,user_793e9f46be07,1,balasan
user_441b4a7d20bd,user_f23ba72340a7,1,balasan
user_441b4a7d20bd,user_71e218bf6b34,1,balasan
user_44992e71404d,user_e8890e461e9a,1,balasan
user_44af79c48900,user_b484ad88c346,1,balasan
user_44c23919dcb1,user_815e7b7a60a7,1,balasan
user_44c30e80536b,user_b063e1aad911,1,balasan
user_44d80cedb7d2,user_857839ce67e9,1,balasan
user_44ecb8b35d59,user_c2b83f720708,1,balasan
user_4507a978c6a6,user_a023e6480b1a,1,balasan
user_45536b3700b0,user_4fa40982a996,1,balasan
user_45536b3700b0,user_838a3651c35b,1,balasan
user_456b52b38635,user_ef1e939642df,2,balasan
user_4576cbe3108f,user_51b2cc479477,2,balasan
user_458530cc6b97,user_67a5df5815ef,1,balasan
user_45c1420ce449,user_b57ea2cc24ac,1,balasan
user_45cfe2e44aaa,user_9c163c1c7038,1,balasan
user_45cfe2e44aaa,user_cd2ee5f5ef17,1,balasan
user_45dbdc1b53b5,user_dc0726529164,1,balasan
user_45e5a943072a,user_9f0e4531e726,2,balasan
user_45e5a943072a,user_eb46d987930e,1,balasan
user_45ec53163843,user_edad7c19b10b,1,balasan
user_463ff2f5b426,user_a7e44bdc1d4b,1,balasan
user_465fbc97b365,user_66dffe6de1d4,1,balasan
user_46912999cb52,user_bc23f7978498,2,balasan
user_476d96258ff2,user_9aea66e92302,1,balasan
user_47790789fb98,user_5f9c61cc23ef,1,balasan
user_47a2351ae99b,user_7045e6fec90a,1,balasan
user_47a60e4ef143,user_63e16bb2cf84,1,balasan
user_47a7bb31646b,user_8ee8b69e57b3,1,balasan
user_47f07008e973,user_956ff5ce8b86,1,balasan
user_47f07008e973,user_a7aad154d73a,1,balasan
user_47f07008e973,user_eededafabb20,1,balasan
user_486f8b626b03,user_9ef3ec4cb51d,1,balasan
user_486f8b626b03,user_5aaa56ad4407,1,balasan
user_48a02cc613aa,user_b3a4b93d9f3a,2,balasan
user_48c1f449411b,user_7954ce10f7b7,1,balasan
user_48c435fb328e,user_f845d955dce7,3,balasan
user_48c435fb328e,user_e420c19f986f,1,balasan
user_48c435fb328e,user_fadbbcc0b298,1,balasan
user_48c435fb328e,user_def72da82c5d,1,balasan
user_48d4026bf3fa,user_d20ae2af1445,1,balasan
user_4902e19f232d,user_61d5088ce7c4,1,balasan
user_491a7351e5ea,user_85296b28a227,1,balasan
user_496480a8d0e7,user_d31085f201d0,1,balasan
user_49e6ca082c79,user_97e8edf768d8,2,balasan
user_4a326ecd938e,user_ad10af15fe21,1,balasan
user_4aa7eb05a72a,user_dd62087a93f1,1,balasan
user_4abbbc3de4d5,user_b13ff7ee8ceb,1,balasan
user_4abbbc3de4d5,user_fbeda2eb6ab7,1,balasan
user_4b5f0c8bc3c5,user_50062dbe24fb,1,balasan
user_4b5f0c8bc3c5,user_71e218bf6b34,1,balasan
user_4b6fb321d4d1,user_b2ec0e0b6ed0,3,balasan
user_4b74a959ffb3,user_90893327e6e5,1,balasan
user_4b74a959ffb3,user_f0e28bab1da3,1,balasan
user_4bdd85c213d7,user_535d355bd74e,1,balasan
user_4c1d1f0b73dc,user_b3feb9a556f7,1,balasan
user_4c818cce350e,user_4deec5ffdae7,2,balasan
user_4c818cce350e,user_638e711768df,1,balasan
user_4c83e470828f,user_b7a58408569e,1,balasan
user_4c927c12ad16,user_a0675906cb8f,1,balasan
user_4cfcc58da0a4,user_f23f5ff51d55,2,balasan
user_4d32222e1e6e,user_6c2c7846c607,2,balasan
user_4d33e9d0d7b5,user_922a13744bef,1,balasan
user_4d362c16fe1e,user_ed858a1ec29e,1,balasan
user_4d5512701489,user_7989036a08c5,1,balasan
user_4d5d9dfdfdc7,user_95976eb6aa5b,1,balasan
user_4d5d9dfdfdc7,user_94de1adb8586,1,balasan
user_4d5d9dfdfdc7,user_a708ab751ef4,1,balasan
user_4d7ddfd858fe,user_9aea66e92302,1,balasan
user_4dd84c9231ea,user_f8d0b254a438,1,balasan
user_4de0c0c145d2,user_54e25e7f0f18,1,balasan
user_4deec5ffdae7,user_52cf2e372a31,1,balasan
user_4e80fc7c1507,user_50062dbe24fb,1,balasan
user_4e80fc7c1507,user_6b3de23d42ad,1,balasan
user_4ef3a03f9c0e,user_d6db7305473c,1,balasan
user_4f5f988f7de8,user_e2320d824d47,1,balasan
user_4fc28a7f7d40,user_58c0c2fe2614,1,balasan
user_50062dbe24fb,user_6b3de23d42ad,1,balasan
user_5044f7ec04bd,user_cad611a2c733,1,balasan
user_50553e4ba999,user_7fddaeef3ca2,1,balasan
user_50a483b25b43,user_a9e350cf5516,2,balasan
user_50a483b25b43,user_c5febe9114f7,2,balasan
user_50a483b25b43,user_9f12c71e8cc2,1,balasan
user_50da81a82343,user_e0e6e5c30876,1,balasan
user_50da81a82343,user_9e7ddf9cde25,1,balasan
user_50da81a82343,user_dec3a3f6d7c5,1,balasan
user_50de3231e4f5,user_630ce5353def,1,balasan
user_50de3231e4f5,user_5195342308b8,1,balasan
user_50de3231e4f5,user_7392df41fa17,1,balasan
user_50de3231e4f5,user_b9c7093c665f,1,balasan
user_50de3231e4f5,user_c902eb850342,1,balasan
user_50ff2d4a7439,user_f33c88f06bfc,1,balasan
user_511c2d7403e6,user_e0e6e5c30876,1,balasan
user_5121985b98ec,user_98e5a8dc8159,2,balasan
user_5174ee9925bd,user_a1003974ac70,1,balasan
user_5195342308b8,user_77d8bf0cfe75,1,balasan
user_5195342308b8,user_ba14c7fc7480,1,balasan
user_51b1dc5513f1,user_d795e13d801e,1,balasan
user_51b2cc479477,user_6ea2ea1545cc,2,balasan
user_51b2cc479477,user_b4bd7e512bb2,1,balasan
user_51b2cc479477,user_de99295e4bd4,1,balasan
user_51f6bb526f15,user_8124f4fdd524,1,balasan
user_51f6bb526f15,user_7f21ba819c58,1,balasan
user_51f6bb526f15,user_be0b6b883a90,1,balasan
user_51f6bb526f15,user_ed10e52b36ef,1,balasan
user_51f6bb526f15,user_f0c88992a67d,1,balasan
user_51f6bb526f15,user_f7b248ec43ca,1,balasan
user_529655c66449,user_6a218a44110b,1,balasan
user_52a01a5f2d16,user_65330f9002ce,1,balasan
user_52b1a6d1b543,user_e55fe37ee7ae,1,balasan
user_53398ca9007e,user_f637f7d54504,1,balasan
user_534d9dbff8b7,user_f96e4fe44414,1,balasan
user_536187c472a9,user_b354c88cd6c3,1,balasan
user_536187c472a9,user_c16b614225a0,1,balasan
user_5373bcdb1b4b,user_aeae205f3a7e,1,balasan
user_53a2b2d54140,user_e76d3fe25b00,1,balasan
user_53adcdd84060,user_a8668a508c10,1,balasan
user_53e903be9510,user_7989036a08c5,1,balasan
user_5438064a7682,user_9ef3ec4cb51d,1,balasan
user_543e928884c5,user_5f9c61cc23ef,1,balasan
user_543e928884c5,user_5b856237cd45,2,balasan
user_543e928884c5,user_792d44b876c5,1,balasan
user_543e928884c5,user_c9f9ebe4d55e,1,balasan
user_543e928884c5,user_d77d891f524d,1,balasan
user_5467bd59b796,user_fe5fbe206734,1,balasan
user_54c4f3e7076d,user_c9f0d204e740,2,balasan
user_54c4f3e7076d,user_8f2842fa20ec,1,balasan
user_54e25e7f0f18,user_a34942ac8259,1,balasan
user_55800daf8a69,user_5de65d867815,1,balasan
user_55800daf8a69,user_6ea2ea1545cc,1,balasan
user_55800daf8a69,user_58cc737de5f1,1,balasan
user_55800daf8a69,user_59429a82f0b8,1,balasan
user_55800daf8a69,user_66cedcd90d82,1,balasan
user_55800daf8a69,user_e1ab5e89c740,1,balasan
user_55800daf8a69,user_d1d2a6d8e5a2,1,balasan
user_55bd8bf63802,user_9ef3ec4cb51d,2,balasan
user_55bd8bf63802,user_93bdc894c3b5,1,balasan
user_55bd8bf63802,user_bc7ad7b60fc3,1,balasan
user_55bd8bf63802,user_e9cac1871a72,1,balasan
user_55c44b09d7c8,user_faf05e739bd3,1,balasan
user_55c44b09d7c8,user_b30b9511f17c,1,balasan
user_55fa70649e5c,user_e3d71071b54a,3,balasan
user_55fa70649e5c,user_7db4fe19b1dd,1,balasan
user_55fa70649e5c,user_deced8b1eb85,1,balasan
user_5604bada09d3,user_b7a58408569e,1,balasan
user_568c124d5500,user_e8eedb497835,1,balasan
user_56a6899e83af,user_d3d7847f29e3,1,balasan
user_56a6899e83af,user_bb5367f14496,1,balasan
user_56a6899e83af,user_82cab536e8d3,1,balasan
user_56a6899e83af,user_84b03889723d,1,balasan
user_56a6899e83af,user_9498b528a78c,1,balasan
user_56a6899e83af,user_97cf5d5b0eac,1,balasan
user_56a6899e83af,user_a2df27560b47,1,balasan
user_56a6899e83af,user_c7a83f9ee780,1,balasan
user_56a6899e83af,user_c7ad840378ff,1,balasan
user_56a6899e83af,user_ce447047a68a,1,balasan
user_56a6899e83af,user_d634564b5af2,1,balasan
user_56cbf18dff24,user_86cfd2822e32,1,balasan
user_56cbf18dff24,user_6c5a4273b217,1,balasan
user_56cfd28d6353,user_ac606b4303e8,1,balasan
user_56cfd28d6353,user_e9fd17f1061a,1,balasan
user_570c4125451b,user_6ea2ea1545cc,1,balasan
user_575c7234850c,user_dca873533339,1,balasan
user_5786dbc04f58,user_749d0b425c39,2,balasan
user_5786dbc04f58,user_7f78933299f1,1,balasan
user_579c28683e3f,user_5db06db13f18,1,balasan
user_587c214f5c55,user_696e7818e4de,1,balasan
user_58c0c2fe2614,user_dbb87df7b23a,1,balasan
user_58c0c2fe2614,user_e2320d824d47,1,balasan
user_58e9c6251d31,user_7a840ee0f60a,1,balasan
user_58e9c6251d31,user_eaea85875302,1,balasan
user_593542003874,user_cdf5740d57f3,1,balasan
user_593542003874,user_bd464a50b598,2,balasan
user_593542003874,user_6ea2ea1545cc,1,balasan
user_593542003874,user_75672a44329f,1,balasan
user_593542003874,user_777effe1bbd3,1,balasan
user_593542003874,user_e0e6e5c30876,1,balasan
user_593542003874,user_ed7872a7b5d4,1,balasan
user_593542003874,user_90638bc310af,1,balasan
user_593542003874,user_9cf08f94360d,1,balasan
user_593542003874,user_ac8083dfe5d9,1,balasan
user_593542003874,user_c7866bd970c9,1,balasan
user_598980e57f79,user_6438bdd7dfba,1,balasan
user_598980e57f79,user_b6069e182fc0,1,balasan
user_59c0e81a5b54,user_adc1c9100075,1,balasan
user_5a01d49784eb,user_aea7b1adbdb6,1,balasan
user_5a01d49784eb,user_b2da7a12a44a,1,balasan
user_5a4c53dd7abe,user_fef4e0ada861,1,balasan
user_5a4f637f5559,user_cad611a2c733,1,balasan
user_5a5fe623e4f8,user_bc7ad7b60fc3,1,balasan
user_5a88c86499e0,user_63e16bb2cf84,2,balasan
user_5aaa56ad4407,user_bc7ad7b60fc3,1,balasan
user_5ad9ddbac0a2,user_c3987c45c3a6,1,balasan
user_5b0b23a4f9b1,user_617236c24c11,1,balasan
user_5b42295717ee,user_61c32f38ba39,1,balasan
user_5b856237cd45,user_8e80063ff1c5,4,balasan
user_5b856237cd45,user_90dca4d6d17e,1,balasan
user_5b8cd6c954df,user_765e6fde3e16,1,balasan
user_5bc32a62c603,user_9f12c71e8cc2,1,balasan
user_5bc32a62c603,user_ce9343cc017a,1,balasan
user_5bf79e4a1363,user_c166f945453a,2,balasan
user_5c3f69867391,user_fd09316fe731,1,balasan
user_5ccf4081bac3,user_5db300a6e618,1,balasan
user_5ce36767c99a,user_bd4e3847cd24,1,balasan
user_5ce3b0d6106d,user_f34f6f0db096,2,balasan
user_5ce9fd965f77,user_71e218bf6b34,1,balasan
user_5d0d88c50c04,user_78400e64d4d6,1,balasan
user_5d13a528ddff,user_7f6a0a3c468c,1,balasan
user_5d5286a420a7,user_6438bdd7dfba,1,balasan
user_5da8454a639b,user_9aea66e92302,1,balasan
user_5db06db13f18,user_c2ddeea3bf13,1,balasan
user_5db06db13f18,user_f91a4c067cf2,1,balasan
user_5db300a6e618,user_660be5b72cf9,1,balasan
user_5db300a6e618,user_7f7302c3063b,1,balasan
user_5db300a6e618,user_88ab8f4ce6c7,1,balasan
user_5dcbd0bc9a7c,user_a5ba9ec56da1,1,balasan
user_5de65d867815,user_84b13ae768a7,1,balasan
user_5de65d867815,user_8ee8b69e57b3,1,balasan
user_5e01224fe73a,user_c9ecb50d2376,1,balasan
user_5e24681963e2,user_b2fcccf9635b,1,balasan
user_5e254ba9520b,user_ba07a51e7d8e,2,balasan
user_5e8d98c464c0,user_7989036a08c5,1,balasan
user_5e90824e9ff6,user_683dda22b26e,1,balasan
user_5e9509cfb28e,user_eb0a9bf45f81,1,balasan
user_5e9878413220,user_af4faf509dc4,1,balasan
user_5e9878413220,user_c1c5d973b2cd,1,balasan
user_5eaf215a0311,user_63e16bb2cf84,1,balasan
user_5eaf215a0311,user_97965ff67a9c,1,balasan
user_5f41b5696c98,user_78eb2f00ea49,3,balasan
user_5f4760c0b665,user_8ddc1c8eeb18,1,balasan
user_5f80597e6138,user_f33c88f06bfc,2,balasan
user_5f9c61cc23ef,user_84c63b200859,1,balasan
user_5f9c61cc23ef,user_f845d955dce7,3,balasan
user_5f9ca6b9e258,user_8b40176cd1dd,1,balasan
user_5fb039c19499,user_f5ff72ce6c0c,1,balasan
user_6006cde07e55,user_a9d632c46860,1,balasan
user_60160c671cac,user_d14ea1296243,2,balasan
user_60bd93d274fd,user_63e16bb2cf84,1,balasan
user_60bd93d274fd,user_8ca86fdd9b27,1,balasan
user_60bd93d274fd,user_8d1723627c85,1,balasan
user_60bd93d274fd,user_9d13996e22c3,2,balasan
user_60bd93d274fd,user_9fc30c45d49e,1,balasan
user_60bd93d274fd,user_b019c603c7c2,1,balasan
user_60bd93d274fd,user_c79001640e9e,1,balasan
user_60bd93d274fd,user_c93dc145630e,1,balasan
user_60bd93d274fd,user_d20ae2af1445,8,balasan
user_60bd93d274fd,user_ec7519c1b541,1,balasan
user_60bd93d274fd,user_ff3ae093b132,1,balasan
user_60bd93d274fd,user_a3286ccdd21e,1,balasan
user_60bd93d274fd,user_efcc37e2f262,1,balasan
user_60bd93d274fd,user_fa840d200d5e,1,balasan
user_60f34ffd393f,user_d6db7305473c,1,balasan
user_60f34ffd393f,user_982b04c9775b,1,balasan
user_6114c96dec64,user_a0c996a84d0e,1,balasan
user_617236c24c11,user_825482a5f8c4,1,balasan
user_617dc07509b5,user_a3a405682945,1,balasan
user_618ab2a3df5c,user_f23f5ff51d55,1,balasan
user_61919afbe549,user_d9a7ef4a9cc3,1,balasan
user_61919afbe549,user_eededafabb20,1,balasan
user_6197839d8034,user_a79bbcbbf9fb,1,balasan
user_61b04d63c5da,user_dc9d10c812f5,1,balasan
user_61dc874add73,user_fd50bcbfc811,1,balasan
user_62200ab286e5,user_e1ab5e89c740,1,balasan
user_62200ab286e5,user_a1697e385f83,1,balasan
user_6223372ae1b1,user_ccb71ac2f998,1,balasan
user_623c1a35ea22,user_9532d07b7074,1,balasan
user_623c1a35ea22,user_f69266af4724,1,balasan
user_627d58c76ea4,user_77591fc0271b,1,balasan
user_627d58c76ea4,user_79d885b5823d,2,balasan
user_627d58c76ea4,user_93bdc894c3b5,1,balasan
user_627d58c76ea4,user_7045e6fec90a,1,balasan
user_6287b8742af7,user_8124f4fdd524,1,balasan
user_62ac102b6f85,user_9aea66e92302,1,balasan
user_62f56d1b7c6d,user_ae8d0a9fb70d,1,balasan
user_62f56d1b7c6d,user_777effe1bbd3,1,balasan
user_630ce5353def,user_6ffcf7fbdf2f,1,balasan
user_6319ed0a57ba,user_7dd3a75fda27,1,balasan
user_6319ed0a57ba,user_6ab93fb79ee3,1,balasan
user_635d1d712d89,user_eae234409828,1,balasan
user_638e711768df,user_683d26e200c7,1,balasan
user_638e711768df,user_80bd0be4b4d4,1,balasan
user_638e711768df,user_c166f945453a,1,balasan
user_638e711768df,user_d74bb3c16bae,1,balasan
user_63a661d8cecb,user_f8d0b254a438,1,balasan
user_63b1f01ac15d,user_f23f5ff51d55,1,balasan
user_63dcdfb2a1ff,user_b3cfaa7a557c,1,balasan
user_63e16bb2cf84,user_7c7e9e44b6e1,2,balasan
user_63e16bb2cf84,user_7f765a6aeff4,2,balasan
user_63e16bb2cf84,user_982b04c9775b,1,balasan
user_63e16bb2cf84,user_ad1e36e4a30a,1,balasan
user_63e16bb2cf84,user_b3c28242a7d0,1,balasan
user_63e16bb2cf84,user_b525f6724ce5,1,balasan
user_63e16bb2cf84,user_b7a58408569e,1,balasan
user_63e16bb2cf84,user_c64b2f79e082,1,balasan
user_63e16bb2cf84,user_c7fa4aeed3ba,2,balasan
user_63e16bb2cf84,user_d0e5fc45692f,1,balasan
user_63e16bb2cf84,user_d20ae2af1445,1,balasan
user_63e16bb2cf84,user_ec3bd4a488cc,2,balasan
user_643482cbdbe9,user_aea0bec60a6d,1,balasan
user_64368d475b7c,user_71e218bf6b34,1,balasan
user_6438bdd7dfba,user_67703cddd3ca,1,balasan
user_6438bdd7dfba,user_8fb41459e43c,1,balasan
user_6438bdd7dfba,user_a35ca6cd5664,1,balasan
user_6438bdd7dfba,user_ce9343cc017a,1,balasan
user_6438bdd7dfba,user_f254a4f082d7,1,balasan
user_645a4abdfbac,user_946df54f0fd3,1,balasan
user_646722889b59,user_92a6780ff067,1,balasan
user_65209d50a3e7,user_772593a92c12,1,balasan
user_65209d50a3e7,user_982b04c9775b,1,balasan
user_65330f9002ce,user_b56bc510d95f,1,balasan
user_65330f9002ce,user_e209cf72c190,1,balasan
user_653962f942af,user_a79bbcbbf9fb,1,balasan
user_659dd56debaf,user_d0b2667ee7b8,2,balasan
user_659dd56debaf,user_fede6b43440d,1,balasan
user_659dd56debaf,user_6a2b02b40fcf,1,balasan
user_659dd56debaf,user_6a5255b1a9ad,1,balasan
user_659dd56debaf,user_a67a574a71f3,1,balasan
user_659dd56debaf,user_ac5c87779dc9,1,balasan
user_659dd56debaf,user_bfd31b140dda,1,balasan
user_659dd56debaf,user_ce8e32bf0f99,1,balasan
user_659dd56debaf,user_d3a5c163109b,1,balasan
user_659dd56debaf,user_dfcc997fe8ad,1,balasan
user_65aef05d38a5,user_7c1c91514f51,1,balasan
user_65c9f6be36e5,user_96c11b85d43d,1,balasan
user_662b8c573e1b,user_a8668a508c10,1,balasan
user_66e6b77d0b85,user_7045e6fec90a,2,balasan
user_66ef398ca649,user_83d4e1c0a244,1,balasan
user_674dabb5a348,user_74273f04fdd3,1,balasan
user_678e4236028c,user_838878e68eee,1,balasan
user_6848d7555c8f,user_7989036a08c5,1,balasan
user_684d20d2fce9,user_a79bbcbbf9fb,1,balasan
user_68aaa63b7882,user_6ea2ea1545cc,1,balasan
user_68f65dcf2b5e,user_a75afe2cf607,1,balasan
user_6993a8b94fea,user_f845d955dce7,10,balasan
user_6993a8b94fea,user_917c1181c2e5,2,balasan
user_6993a8b94fea,user_ca42af4bcfaa,3,balasan
user_699a3ffa3261,user_903242c46d27,1,balasan
user_699a3ffa3261,user_c2790994be9f,1,balasan
user_69e0dc7d2f21,user_94be4b41f180,1,balasan
user_69eecafcc81a,user_af8aa2e85c52,1,balasan
user_69fb83575953,user_e06bf01fbce7,1,balasan
user_6a2112758bad,user_dc0726529164,1,balasan
user_6a218a44110b,user_97a8a2237b50,2,balasan
user_6a3f100d346e,user_6b3de23d42ad,1,balasan
user_6ab6bd7ed9e3,user_f345b4026c36,2,balasan
user_6ab93fb79ee3,user_7dd3a75fda27,1,balasan
user_6ab93fb79ee3,user_917c1181c2e5,1,balasan
user_6adc4fc6aaea,user_81843a7cb333,1,balasan
user_6b3de23d42ad,user_7313cfdb6798,3,balasan
user_6b3de23d42ad,user_f5af7ca99eba,1,balasan
user_6b5981b8036a,user_857839ce67e9,1,balasan
user_6b9925ea755b,user_e2320d824d47,3,balasan
user_6bd13cd44ddd,user_c0b19c83abc6,1,balasan
user_6c2c7846c607,user_86b60104c8e0,1,balasan
user_6c2df55f8db3,user_a20fad5048e4,1,balasan
user_6c67ff55526c,user_e8eedb497835,2,balasan
user_6c7659fe69e6,user_a1be43d5785d,2,balasan
user_6db9138f74ba,user_e0e6e5c30876,1,balasan
user_6dcc7c919d6e,user_f89ff87ca1a4,2,balasan
user_6ddba8b5368c,user_c6331ddc0d2b,1,balasan
user_6de8b1802144,user_8cb6a5f78006,1,balasan
user_6e34209d6b61,user_d0ec9d5a3404,1,balasan
user_6ea2ea1545cc,user_7191be743e7c,1,balasan
user_6ea2ea1545cc,user_7f765a6aeff4,1,balasan
user_6ea2ea1545cc,user_88ac835935b2,1,balasan
user_6ea2ea1545cc,user_89ab9532d4ff,1,balasan
user_6ea2ea1545cc,user_8ea4c161a49f,1,balasan
user_6ea2ea1545cc,user_b7a58408569e,2,balasan
user_6ea2ea1545cc,user_e1ab5e89c740,2,balasan
user_6ea2ea1545cc,user_e859c9617350,2,balasan
user_6ea2ea1545cc,user_ec3bd4a488cc,1,balasan
user_6ea2ea1545cc,user_ede2fbfcf947,1,balasan
user_6ea2ea1545cc,user_f43d97ea0551,2,balasan
user_6ed27c9d8bbc,user_7334c7db9af2,2,balasan
user_6ed27c9d8bbc,user_80336463c0d4,1,balasan
user_6ed27c9d8bbc,user_8c0547f22c78,1,balasan
user_6f1ac6d3fe1d,user_b26cdc8ab974,1,balasan
user_6f77e5e8d36d,user_e7cc0173d8e9,1,balasan
user_6ffcf7fbdf2f,user_aa9711e12285,1,balasan
user_6ffcf7fbdf2f,user_91059564b960,1,balasan
user_6ffe101546b9,user_b3cfaa7a557c,1,balasan
user_702bf89a5675,user_e200d9880039,1,balasan
user_7045e6fec90a,user_ca25f30b84c1,2,balasan
user_7045e6fec90a,user_d38412345fec,5,balasan
user_7045e6fec90a,user_97fd178bf6ed,1,balasan
user_7045e6fec90a,user_9ef3ec4cb51d,1,balasan
user_7045e6fec90a,user_77591fc0271b,1,balasan
user_7045e6fec90a,user_93bdc894c3b5,2,balasan
user_7045e6fec90a,user_89a61d4c5844,1,balasan
user_7045e6fec90a,user_95ce9a551957,1,balasan
user_7045e6fec90a,user_9fce9b78502d,1,balasan
user_7045e6fec90a,user_cf9c38184e5f,1,balasan
user_7045e6fec90a,user_e202e1dfe557,1,balasan
user_707a867de185,user_b1528091cc9f,1,balasan
user_70848b69c0ca,user_85cf170ced0f,1,balasan
user_70dc1b15f94d,user_d0b2667ee7b8,1,balasan
user_7107298e3969,user_98cbfb90797f,2,balasan
user_716b9a467dfa,user_b81f366ca0fe,1,balasan
user_71a58fc9a7cd,user_a8afb3b2acf4,1,balasan
user_71e218bf6b34,user_934267459523,5,balasan
user_71e218bf6b34,user_a0fc9da6170b,1,balasan
user_71e218bf6b34,user_a9e0d0d7c106,2,balasan
user_71e218bf6b34,user_b7c24f43a390,1,balasan
user_71e218bf6b34,user_d14ea1296243,2,balasan
user_71e218bf6b34,user_d7c10e7ff596,1,balasan
user_71e218bf6b34,user_f23ba72340a7,1,balasan
user_71e324f25e26,user_f9d85b0c8f5f,1,balasan
user_71f296857f39,user_d0e5fc45692f,1,balasan
user_71f296857f39,user_d20ae2af1445,1,balasan
user_71f296857f39,user_d8d3e5c66140,1,balasan
user_71f296857f39,user_ffec8906c47f,1,balasan
user_72a2247f90cd,user_79469babaf18,1,balasan
user_7313cfdb6798,user_934267459523,6,balasan
user_7313cfdb6798,user_ceede2ecd216,1,balasan
user_7313cfdb6798,user_e7584eeb7aa5,1,balasan
user_7313cfdb6798,user_f5af7ca99eba,4,balasan
user_7334c7db9af2,user_ff785f45ee29,1,balasan
user_734f9d3bf91e,user_a0b37caf06c8,1,balasan
user_73d5d71af13b,user_93bdc894c3b5,1,balasan
user_73e6e12d4e9a,user_e07ea3876d78,1,balasan
user_73ecf858a407,user_916f3474ebcc,2,balasan
user_74273f04fdd3,user_f33c88f06bfc,1,balasan
user_74273f04fdd3,user_aeae205f3a7e,1,balasan
user_74273f04fdd3,user_e020973ab6c1,1,balasan
user_74c1c9a53327,user_a451c44b3197,1,balasan
user_74c7d50aaddc,user_e8c5a80e8440,1,balasan
user_74cb64fb55fd,user_e187971fa437,1,balasan
user_7504cd929417,user_c2058c7765da,1,balasan
user_75d56603598a,user_7989036a08c5,1,balasan
user_76a96f0f0f48,user_8b24d7993856,1,balasan
user_76c006de159f,user_929c380cfdf2,1,balasan
user_76c006de159f,user_af8aa2e85c52,1,balasan
user_76dcd70b3707,user_b400c8c1fb61,1,balasan
user_76f9bbeefd8b,user_c085f1aca21a,1,balasan
user_76f9bbeefd8b,user_ec7b945265cf,1,balasan
user_772593a92c12,user_e0cd891c6de4,1,balasan
user_77581295fac6,user_aeae205f3a7e,1,balasan
user_77c4e57e4488,user_f345b4026c36,1,balasan
user_77d8bf0cfe75,user_adc1c9100075,1,balasan
user_77d8bf0cfe75,user_ade87bcd7c61,1,balasan
user_77e0ba92bcd9,user_db65a6340993,1,balasan
user_78adde86233c,user_bb8e2acf400f,1,balasan
user_78ddbbff8062,user_9bffc9d84bc1,1,balasan
user_78e32518176f,user_a9a6698f7844,3,balasan
user_790ddef6d6f1,user_e2245374e527,1,balasan
user_793e9f46be07,user_9b5c22743508,1,balasan
user_7947653d9ab9,user_b29fe22f9196,1,balasan
user_7986e3571231,user_f0e28bab1da3,1,balasan
user_7989036a08c5,user_9a323d80368c,1,balasan
user_79d885b5823d,user_c2ddeea3bf13,1,balasan
user_7a6052ff73d8,user_ad6f6044ee13,2,balasan
user_7a840ee0f60a,user_dd19e76c2370,2,balasan
user_7a840ee0f60a,user_ff559e8c97c1,2,balasan
user_7a840ee0f60a,user_9ef3ec4cb51d,1,balasan
user_7afe0fb6736a,user_dcc5b0735fad,1,balasan
user_7afe0fb6736a,user_f85041a21752,1,balasan
user_7afe0fb6736a,user_fecb9aa6271a,1,balasan
user_7b137669a941,user_93c4219f554b,1,balasan
user_7b76e340cd66,user_b6efc9634024,2,balasan
user_7b76e340cd66,user_c5b0363a4164,1,balasan
user_7baf2a4d69b4,user_e01e1d6defe7,3,balasan
user_7be3707a2889,user_e55fe37ee7ae,1,balasan
user_7c14586d1180,user_ba79c3df31c1,1,balasan
user_7c1c91514f51,user_887008011acc,1,balasan
user_7c4942d3b68a,user_90dff054642f,1,balasan
user_7c7c8d7c30f7,user_f288fc97ee9e,1,balasan
user_7c7e9e44b6e1,user_8621c61eff13,2,balasan
user_7c8e3ab50bc6,user_b91e420767fa,2,balasan
user_7d064f33725e,user_b6069e182fc0,1,balasan
user_7d27884ae49d,user_8ac5ff095864,1,balasan
user_7d27884ae49d,user_984376e9e228,1,balasan
user_7d6c3e0e5ac7,user_98cbfb90797f,1,balasan
user_7d74ffeffb03,user_ffd27ebcff78,1,balasan
user_7d99f202e4eb,user_838c3bc738d7,1,balasan
user_7da25b769680,user_aac59cecdc4c,1,balasan
user_7da25b769680,user_c3de835f11b2,1,balasan
user_7da25b769680,user_e020973ab6c1,1,balasan
user_7dd3a75fda27,user_c47701e6373c,1,balasan
user_7de5493dc57d,user_e0e6e5c30876,1,balasan
user_7ee637cd32b9,user_f288fc97ee9e,1,balasan
user_7f765a6aeff4,user_edad7c19b10b,1,balasan
user_7f765a6aeff4,user_fad8f81f3ac5,2,balasan
user_7fa08d6f577e,user_b6efc9634024,4,balasan
user_7fad085be05f,user_d0c3260c5b6b,1,balasan
user_7fc72c929218,user_c13d99f43665,1,balasan
user_7fc72c929218,user_d4266e384c32,1,balasan
user_7fddaeef3ca2,user_86cfd2822e32,3,balasan
user_7fddaeef3ca2,user_b0c3778a4db0,1,balasan
user_8053a00bf1f3,user_bee65d14fd78,1,balasan
user_808326b165f3,user_b2da7a12a44a,1,balasan
user_808326b165f3,user_b4fb3fff79bd,1,balasan
user_808326b165f3,user_ced2eb79e744,1,balasan
user_80a9d01bf9d5,user_f637f7d54504,1,balasan
user_80e9f492d9f8,user_9ab8fe4628c3,1,balasan
user_8113bd67d380,user_fc20a938e5e9,1,balasan
user_813fd027a207,user_86cfd2822e32,1,balasan
user_816f1628e7ad,user_fd6c384099f4,1,balasan
user_81870c1f8453,user_fd09316fe731,2,balasan
user_818f09320d9f,user_c771ef961828,1,balasan
user_81997ed22a52,user_d457b186a15c,1,balasan
user_81ba919eef19,user_effb4eba8757,1,balasan
user_81cb532f72ed,user_a1be43d5785d,1,balasan
user_81ecc90fa96f,user_b3cfaa7a557c,1,balasan
user_81ecc90fa96f,user_b4a5772fa668,1,balasan
user_81f5e0186733,user_9dc8d1d36481,1,balasan
user_81f5e0186733,user_eededafabb20,1,balasan
user_820daa8ef3ed,user_dcc9755e26ef,1,balasan
user_822d98179f3d,user_982b04c9775b,1,balasan
user_822d98179f3d,user_ad1e36e4a30a,1,balasan
user_825482a5f8c4,user_d53e5537cdd5,1,balasan
user_834615e336ce,user_b055e53bc456,1,balasan
user_8349c50f5bc2,user_b5656f1e9a8f,1,balasan
user_834f52745e40,user_b36840ee4dd6,1,balasan
user_834f52745e40,user_e7cc0173d8e9,1,balasan
user_838878e68eee,user_ac606b4303e8,1,balasan
user_838878e68eee,user_959ea1fb8764,1,balasan
user_838878e68eee,user_ccf430d283c9,1,balasan
user_838a3651c35b,user_ef3dae49d254,1,balasan
user_845bf40bace6,user_b525f6724ce5,9,balasan
user_845bf40bace6,user_e0e6e5c30876,1,balasan
user_848da8b3ac27,user_a3a405682945,1,balasan
user_84b03889723d,user_b7a58408569e,1,balasan
user_84b13ae768a7,user_f2a65615a493,1,balasan
user_84c63b200859,user_c88aa9e8d134,1,balasan
user_84f20abde965,user_a79bbcbbf9fb,1,balasan
user_8504329c1db3,user_a79bbcbbf9fb,1,balasan
user_8519d07b422b,user_9d2c5618f97f,1,balasan
user_85296b28a227,user_aea7b1adbdb6,2,balasan
user_85296b28a227,user_ed151ec93dd3,1,balasan
user_8577e9517106,user_ed7872a7b5d4,1,balasan
user_857839ce67e9,user_a63c821bf4e7,1,balasan
user_857839ce67e9,user_b813e1d412fe,1,balasan
user_857839ce67e9,user_c15c42b84249,1,balasan
user_8595d5388f0b,user_b28178fac4aa,1,balasan
user_86af4c5e1124,user_c01e5a1b38d1,1,balasan
user_86b3dfce77f9,user_97fd178bf6ed,1,balasan
user_874ae1362024,user_ad1e36e4a30a,1,balasan
user_879063a3bfdd,user_a0e4687430d0,1,balasan
user_87ac78d9fc52,user_c6a75927f976,1,balasan
user_87b78743f389,user_b8876c936ef2,1,balasan
user_87c129870f33,user_b26cdc8ab974,1,balasan
user_87dee59f58be,user_e70e6dd8acca,1,balasan
user_87f4f4ff3ea9,user_f288fc97ee9e,1,balasan
user_87f5735c8a13,user_f78d3a719ef2,1,balasan
user_8862ab72de5c,user_97fd178bf6ed,1,balasan
user_893bdc808317,user_f288fc97ee9e,1,balasan
user_897e72b02087,user_beae0194f25e,1,balasan
user_8a8e3f88e873,user_e55fe37ee7ae,1,balasan
user_8a8e4ff427f4,user_941503c5da27,1,balasan
user_8a8e4ff427f4,user_9eb458de7b1d,1,balasan
user_8af412e1d341,user_dcc9755e26ef,1,balasan
user_8af5f4ba8794,user_cc871832f6d9,1,balasan
user_8b9b92f68077,user_c783f83e5214,1,balasan
user_8c0547f22c78,user_d97e1cbca786,1,balasan
user_8cb6a5f78006,user_a83b3562c5cf,1,balasan
user_8cb6a5f78006,user_afeb4fa2ad41,1,balasan
user_8cb6a5f78006,user_fd4dcb411393,1,balasan
user_8cb6d7d8fa49,user_98cbfb90797f,1,balasan
user_8cc40f1b06e8,user_e3d71071b54a,1,balasan
user_8ce0199fcd8a,user_b3cfaa7a557c,1,balasan
user_8d28152f0b28,user_bd4e3847cd24,1,balasan
user_8d4320bbe385,user_f845d955dce7,1,balasan
user_8dc8836fc570,user_9f12c71e8cc2,1,balasan
user_8dc8836fc570,user_a8345c367585,1,balasan
user_8ddc1c8eeb18,user_e2e6f7ca37ec,1,balasan
user_8ddc1c8eeb18,user_ecdb0ba49a91,1,balasan
user_8e5f560e8a3b,user_b57ea2cc24ac,1,balasan
user_8e6b64c52f7b,user_f5fb812ddc50,1,balasan
user_8e80063ff1c5,user_d66ac9f09d47,1,balasan
user_8e81be1c1725,user_9b65b37cd1e6,1,balasan
user_8ea0d14a57c3,user_f51ec0798e6d,1,balasan
user_8ea4c161a49f,user_f9d5a7bcbec3,2,balasan
user_8f39e2874d64,user_b2da7a12a44a,1,balasan
user_8f39e2874d64,user_b4fb3fff79bd,1,balasan
user_8f8407dba59d,user_a79bbcbbf9fb,1,balasan
user_8ff570cddd5d,user_9aea66e92302,1,balasan
user_8ffbb99d5c06,user_ae0493a9fd53,1,balasan
user_8ffbb99d5c06,user_a711869d1991,1,balasan
user_90893327e6e5,user_c524e7f10fc4,1,balasan
user_90dff054642f,user_93bdc894c3b5,1,balasan
user_90dff054642f,user_f3ef8d8e2260,1,balasan
user_9145626b9137,user_9ef3ec4cb51d,1,balasan
user_91c118ab0120,user_c4368679c0e4,3,balasan
user_91f6c5dc70e6,user_d40fdd67b02f,2,balasan
user_927d75cbb462,user_e7675341d928,1,balasan
user_929c380cfdf2,user_ad25e4c47187,1,balasan
user_92b9368a6051,user_b3cfaa7a557c,1,balasan
user_9313c3258109,user_dd5fe8c9413b,2,balasan
user_932da60f3ed2,user_e3c2810c54d2,1,balasan
user_934267459523,user_fed77e1f0a47,1,balasan
user_934267459523,user_a719f95a1803,1,balasan
user_93b5d49ad4c1,user_ceb8cd1c4186,1,balasan
user_93bdc894c3b5,user_c2ddeea3bf13,1,balasan
user_93bdc894c3b5,user_a9e0d0d7c106,1,balasan
user_93bdc894c3b5,user_bc7ad7b60fc3,1,balasan
user_93c7c1a61b2b,user_a9fc2c0ffdf9,1,balasan
user_93c7c1a61b2b,user_b40ec22a34b8,1,balasan
user_943a7bcee52d,user_e85beb7b5315,2,balasan
user_943a7bcee52d,user_dce1713240be,1,balasan
user_946a33abfa64,user_c5febe9114f7,1,balasan
user_94a13e36ffdc,user_e41d930ab0ee,1,balasan
user_94c2b7a05983,user_a4f5c133a9e8,1,balasan
user_94de1adb8586,user_9532d07b7074,2,balasan
user_95063f0e527d,user_b525f6724ce5,1,balasan
user_951bd2ab4dda,user_c942b44cdace,1,balasan
user_9521e927b4bc,user_db65a6340993,1,balasan
user_9532d07b7074,user_f6a1b73acf0c,1,balasan
user_956740a6d823,user_e55fe37ee7ae,1,balasan
user_958294223bb8,user_e420c19f986f,1,balasan
user_95976eb6aa5b,user_99edcb16614a,2,balasan
user_96ff91bbad48,user_fde0580c4582,1,balasan
user_971ddb0b1565,user_d8bb9e6880ab,1,balasan
user_97a45a0b587c,user_aeae205f3a7e,1,balasan
user_97fd178bf6ed,user_f08897b8d4cd,1,balasan
user_97fd178bf6ed,user_b7a58408569e,1,balasan
user_9804c9f36c30,user_b29fe22f9196,1,balasan
user_9804c9f36c30,user_fd7bf961bcc5,1,balasan
user_98085710ca62,user_ef8c14596359,1,balasan
user_981bf9601a13,user_d7c7f7a24249,1,balasan
user_981bf9601a13,user_f8b33c915052,1,balasan
user_982b04c9775b,user_ad1e36e4a30a,1,balasan
user_982b04c9775b,user_9ab8fe4628c3,2,balasan
user_982b04c9775b,user_c64b2f79e082,1,balasan
user_985f3ef640de,user_aac59cecdc4c,1,balasan
user_989d2a7b441f,user_bee65d14fd78,1,balasan
user_98eb6fb7cbeb,user_cbab1a113b03,1,balasan
user_9908a13def0e,user_aea7b1adbdb6,1,balasan
user_9984f419ddf3,user_9bffc9d84bc1,1,balasan
user_99e401e91817,user_b71b42da81e1,4,balasan
user_99eb80113ee2,user_daab7c4409b8,1,balasan
user_9a323d80368c,user_a934fb9490c2,1,balasan
user_9a397e69c1e2,user_9ef3ec4cb51d,1,balasan
user_9ab8fe4628c3,user_a023e6480b1a,1,balasan
user_9ab8fe4628c3,user_ad1e36e4a30a,1,balasan
user_9aea66e92302,user_bf8b813edd69,1,balasan
user_9aea66e92302,user_a18f1c05cc97,1,balasan
user_9aea66e92302,user_ff02fe0ada54,1,balasan
user_9afa285d56e7,user_cc871832f6d9,1,balasan
user_9b65b37cd1e6,user_cf47fe3462b7,1,balasan
user_9bb7a4dd8c98,user_c378cdb5d5f5,1,balasan
user_9c68e824876c,user_d53e5537cdd5,2,balasan
user_9c68e824876c,user_de6fc9f71c1c,1,balasan
user_9dc8d1d36481,user_bd3bac7a8f25,1,balasan
user_9e7ddf9cde25,user_ad25e4c47187,1,balasan
user_9ef3ec4cb51d,user_a5301b1a2e7b,1,balasan
user_9ef3ec4cb51d,user_ad077e37fd62,1,balasan
user_9ef3ec4cb51d,user_e4b8e7aae4cc,1,balasan
user_9ef3ec4cb51d,user_f14ed22c0726,1,balasan
user_9f22b778ee19,user_c246595b2556,1,balasan
user_9f22b778ee19,user_c9ecb50d2376,2,balasan
user_9f22b778ee19,user_e9f9bd5911bf,1,balasan
user_9f6141a0193d,user_edad7c19b10b,1,balasan
user_9f636aae797c,user_d523908a8052,1,balasan
user_9f89a082d13e,user_fa9c58ec82f2,1,balasan
user_9fe58d2a36d2,user_d7db58dd3528,1,balasan
user_a011f57443a1,user_ff3ae093b132,1,balasan
user_a035f9b36a27,user_ff2dd0c4e2af,1,balasan
user_a09d1c22f059,user_b525f6724ce5,1,balasan
user_a0c996a84d0e,user_b78748f36d8e,1,balasan
user_a0c996a84d0e,user_e28f35b177f3,1,balasan
user_a0d5ff3bf7ed,user_d664528bc132,1,balasan
user_a0d5ff3bf7ed,user_ef1e939642df,1,balasan
user_a131a0ddd105,user_adc1c9100075,1,balasan
user_a131a0ddd105,user_ad1e36e4a30a,1,balasan
user_a131a0ddd105,user_d098389c6795,1,balasan
user_a131a0ddd105,user_da3f7f0f67b0,1,balasan
user_a13ae3c3bafc,user_de083e314d34,1,balasan
user_a18f1c05cc97,user_af8aa2e85c52,2,balasan
user_a18f1c05cc97,user_b7b2b21f17ab,1,balasan
user_a18f1c05cc97,user_b861cb9f5393,1,balasan
user_a1be43d5785d,user_e956267fa81e,2,balasan
user_a200c3326ada,user_adc1c9100075,1,balasan
user_a20fad5048e4,user_faf05e739bd3,1,balasan
user_a221aefb8d61,user_c5febe9114f7,1,balasan
user_a2e656953ff3,user_a79bbcbbf9fb,1,balasan
user_a35d60eb4123,user_a4c843183125,1,balasan
user_a456a50be40b,user_c80a18caa6ed,1,balasan
user_a4ba692a46be,user_aca4f4ebe033,1,balasan
user_a4f5c133a9e8,user_b57ea2cc24ac,2,balasan
user_a4f5c133a9e8,user_ea659d9e8b88,2,balasan
user_a50329204488,user_e161d1369fb0,1,balasan
user_a5c4c0c006e8,user_aea7b1adbdb6,1,balasan
user_a6705c70b408,user_aea7b1adbdb6,1,balasan
user_a6705c70b408,user_e9ba6e7e1729,2,balasan
user_a75afe2cf607,user_e661b10ecb7d,1,balasan
user_a77f7d02a3f3,user_b35e526d8c9b,1,balasan
user_a7922e94bc06,user_dfb6810e5bf1,1,balasan
user_a79bbcbbf9fb,user_cad611a2c733,1,balasan
user_a79bbcbbf9fb,user_e2ba43ca511a,1,balasan
user_a79bbcbbf9fb,user_de745c544c98,1,balasan
user_a79bbcbbf9fb,user_b525f6724ce5,1,balasan
user_a79bbcbbf9fb,user_b3c28242a7d0,1,balasan
user_a79bbcbbf9fb,user_be8a5f1d56cd,1,balasan
user_a79bbcbbf9fb,user_be9039d9b33a,1,balasan
user_a79bbcbbf9fb,user_cb2772946cd2,1,balasan
user_a79bbcbbf9fb,user_d17fbe72d9fd,1,balasan
user_a79bbcbbf9fb,user_da37e11c2fa5,1,balasan
user_a79bbcbbf9fb,user_dabda2797cc6,1,balasan
user_a79bbcbbf9fb,user_fe398fb9f754,1,balasan
user_a7d7e1c35d83,user_addc6806a0a7,1,balasan
user_a834ab10f9c1,user_b423b1a10422,1,balasan
user_a83b3562c5cf,user_e0e6e5c30876,1,balasan
user_a862e39868c2,user_e1ab5e89c740,1,balasan
user_a8668a508c10,user_ddde94befb74,1,balasan
user_a90e0e1ba5e9,user_b24497663816,1,balasan
user_a90e1fabbf05,user_f5fb812ddc50,1,balasan
user_a9d632c46860,user_c5d7511b397d,1,balasan
user_aa339e34cafd,user_e859c9617350,3,balasan
user_aa7c01daab75,user_eaafda274347,1,balasan
user_aac59cecdc4c,user_f33c88f06bfc,1,balasan
user_aafc9af123ba,user_e070725653c0,1,balasan
user_abc591db1825,user_d2e0c4a1e158,1,balasan
user_ac48cadb4f30,user_defda810f6b1,1,balasan
user_ac639d18e57a,user_e070725653c0,1,balasan
user_ac905e109c96,user_c328571229ec,1,balasan
user_aca4f4ebe033,user_e376442b417a,1,balasan
user_ad1e36e4a30a,user_da1cad949137,1,balasan
user_ad1e36e4a30a,user_e589bde4d745,1,balasan
user_ad1e36e4a30a,user_b7a58408569e,1,balasan
user_ad1e36e4a30a,user_ad25e4c47187,1,balasan
user_ad1e36e4a30a,user_d7bff67df603,1,balasan
user_ad1e36e4a30a,user_fb458e75d501,1,balasan
user_ad32227ab23e,user_b3cfaa7a557c,1,balasan
user_ad6cf97b6ce5,user_ceede2ecd216,1,balasan
user_ad7202fb03b2,user_b26cdc8ab974,1,balasan
user_ade87bcd7c61,user_b9d359eb7bc7,1,balasan
user_ae146bdca635,user_ce1eeec7bd0a,2,balasan
user_aea0bec60a6d,user_d53e5537cdd5,1,balasan
user_aea3322c54f3,user_be1406d6ea13,1,balasan
user_aea7b1adbdb6,user_d523908a8052,3,balasan
user_afbfe06414ee,user_eededafabb20,1,balasan
user_b055e53bc456,user_eace761ab953,1,balasan
user_b0c3778a4db0,user_eb442b980e92,2,balasan
user_b0c3778a4db0,user_fef4e0ada861,1,balasan
user_b0c3778a4db0,user_e8890e461e9a,1,balasan
user_b1133f910de6,user_d6cf02965493,1,balasan
user_b19744850c0d,user_e7cc0173d8e9,1,balasan
user_b2308999dc99,user_f0c0e3cf28a4,1,balasan
user_b23d3b9cf734,user_db9b8ab171cf,2,balasan
user_b28178fac4aa,user_b6efc9634024,1,balasan
user_b29fe22f9196,user_d9d0bbb75f91,1,balasan
user_b3056164ba41,user_baa936ee2786,1,balasan
user_b354c88cd6c3,user_fe7593090523,1,balasan
user_b36840ee4dd6,user_b7a58408569e,1,balasan
user_b3cfaa7a557c,user_c220b68d255e,1,balasan
user_b3cfaa7a557c,user_b629487eb4b1,1,balasan
user_b3cfaa7a557c,user_cd3aa788a1a6,1,balasan
user_b3cfaa7a557c,user_d9d6a6aa6cd3,1,balasan
user_b3cfaa7a557c,user_eb0a9bf45f81,1,balasan
user_b3cfaa7a557c,user_e882cbc99888,1,balasan
user_b3fa25be9f97,user_e200d9880039,1,balasan
user_b3feb9a556f7,user_f845d955dce7,3,balasan
user_b40ec22a34b8,user_ed8d511d6f85,1,balasan
user_b4305a8fba54,user_e2190c0fbdf8,2,balasan
user_b46d066e6f47,user_d03c9a9563f5,1,balasan
user_b4a2bceddfde,user_d7c43590e614,1,balasan
user_b4dba936a425,user_d04ab55c757e,1,balasan
user_b507748c447f,user_efc4f2d7f1fc,1,balasan
user_b525f6724ce5,user_db6d8ee2da57,1,balasan
user_b525f6724ce5,user_e0e6e5c30876,2,balasan
user_b525f6724ce5,user_eaafda274347,2,balasan
user_b5656f1e9a8f,user_eced63975573,1,balasan
user_b57ea2cc24ac,user_e2be1dac1b9f,1,balasan
user_b57ea2cc24ac,user_f89ff87ca1a4,1,balasan
user_b57f5b0e07c8,user_e0304a03fe14,2,balasan
user_b57f5b0e07c8,user_dcc9755e26ef,1,balasan
user_b6069e182fc0,user_c06d594c0baf,1,balasan
user_b641e406ef5c,user_e94205d6df39,1,balasan
user_b68757f18845,user_c9fd9aa90b3e,1,balasan
user_b69288911c4e,user_eebc4399baa4,1,balasan
user_b71b42da81e1,user_dcc5b0735fad,1,balasan
user_b71b42da81e1,user_e41d930ab0ee,1,balasan
user_b72d665ec92d,user_fe5a03c4035a,1,balasan
user_b74c76a8e9dc,user_e80f9625a6cd,1,balasan
user_b7852d78381a,user_f8d0b254a438,1,balasan
user_b7a58408569e,user_f23f5ff51d55,1,balasan
user_b7a58408569e,user_e1ab5e89c740,2,balasan
user_b7a58408569e,user_e0e6e5c30876,1,balasan
user_b813e1d412fe,user_cc6ed12190ab,1,balasan
user_b813e1d412fe,user_f9727db6f30f,1,balasan
user_b81f366ca0fe,user_e070725653c0,2,balasan
user_b84bfcb41074,user_c2bcee1c9453,1,balasan
user_b86e0eb6cde9,user_dad596d92f9f,1,balasan
user_b86e0eb6cde9,user_ea3fc67483bf,1,balasan
user_b9c0feb48611,user_c4bc6513077a,1,balasan
user_b9f96337ed87,user_cbab1a113b03,1,balasan
user_ba07a51e7d8e,user_eededafabb20,2,balasan
user_ba07a51e7d8e,user_c47a4b524ac5,1,balasan
user_ba07a51e7d8e,user_f622c8cd1b35,1,balasan
user_ba79c3df31c1,user_f32e4b8b0d61,1,balasan
user_bb22218d7c32,user_f3fd94e263cf,1,balasan
user_bb4bf5d3f95d,user_d2b0d2c2094d,1,balasan
user_bb5367f14496,user_c5febe9114f7,1,balasan
user_bbc484e0ec27,user_dd5fe8c9413b,1,balasan
user_bc7ad7b60fc3,user_c5d12e471e46,2,balasan
user_bc7ad7b60fc3,user_d8f334908307,2,balasan
user_bc7ad7b60fc3,user_eb076ffec693,1,balasan
user_bcd081d86512,user_ecbce1fd7b02,1,balasan
user_bce2acfce434,user_da0ea2edd357,1,balasan
user_bde00049e6e7,user_e55fe37ee7ae,1,balasan
user_bdec0336780c,user_c01b6235b149,1,balasan
user_bec1c0addf1a,user_cd5a24b86859,2,balasan
user_bec1c0addf1a,user_de7ac7d95295,4,balasan
user_c0b112dbe43e,user_f6873ad51f1e,2,balasan
user_c0c2c49aad0c,user_f23f5ff51d55,1,balasan
user_c0e651140620,user_f23f5ff51d55,1,balasan
user_c1c5d973b2cd,user_ceb8cd1c4186,1,balasan
user_c246595b2556,user_f194d442fb4b,1,balasan
user_c25940f7327e,user_cfcbb8204047,1,balasan
user_c2b83f720708,user_d523908a8052,2,balasan
user_c2b83f720708,user_e9fcb7c2144a,1,balasan
user_c2b83f720708,user_ff785f45ee29,1,balasan
user_c2ddeea3bf13,user_fd646331ed73,2,balasan
user_c309215d2b67,user_fdc034a235a7,1,balasan
user_c364c2413a61,user_f9727db6f30f,1,balasan
user_c39bdfb8aeca,user_e55fe37ee7ae,1,balasan
user_c3d3100d682c,user_e2245374e527,1,balasan
user_c3edf398b6d1,user_de745c544c98,2,balasan
user_c5cd775ac90a,user_ef3dae49d254,1,balasan
user_c5cd775ac90a,user_f44a02a09ec9,1,balasan
user_c5febe9114f7,user_e7675341d928,1,balasan
user_c8842386972d,user_fb7e29df88f0,1,balasan
user_c8ac9100bfe0,user_f78d3a719ef2,1,balasan
user_c8bc0b6e18a3,user_ed8d511d6f85,1,balasan
user_c90b0c1d7fd1,user_e6dc82d0894c,1,balasan
user_c911dca0d81c,user_f9096902e4e8,1,balasan
user_c954047f2c05,user_d6db7305473c,1,balasan
user_c99e2461aa12,user_cd5a24b86859,1,balasan
user_c9f9ebe4d55e,user_d868f57781e0,1,balasan
user_c9fd9aa90b3e,user_dcc76109f391,1,balasan
user_ca4cd6fa9ad9,user_d74bb3c16bae,1,balasan
user_cad611a2c733,user_e76d3fe25b00,1,balasan
user_cb2f11569496,user_e0304a03fe14,1,balasan
user_cb2f11569496,user_dcc9755e26ef,1,balasan
user_cb94fab7cde9,user_d8bb9e6880ab,2,balasan
user_cc6d629061cc,user_f832b44ffc59,2,balasan
user_cd5a24b86859,user_f08897b8d4cd,1,balasan
user_cd5a24b86859,user_f7add872d2ab,1,balasan
user_cd5a24b86859,user_f7dc3d97d5e2,1,balasan
user_cd9e35c97a33,user_d63ccef408ec,1,balasan
user_ce6e4b149d05,user_daab7c4409b8,2,balasan
user_ceb8cd1c4186,user_d0f464229220,1,balasan
user_ceb8cd1c4186,user_ed01bd06ef46,1,balasan
user_ceede2ecd216,user_e7584eeb7aa5,1,balasan
user_cf016866103b,user_d04223b59590,1,balasan
user_cf47fe3462b7,user_f9727db6f30f,1,balasan
user_cfc471a34fd4,user_ff3ae093b132,1,balasan
user_d001c0857e93,user_f84a6f877043,1,balasan
user_d03c9a9563f5,user_d4b9fce5b0b9,1,balasan
user_d05201216e52,user_fddfed1fc5e5,1,balasan
user_d098389c6795,user_d8220089f133,1,balasan
user_d171a70f4c98,user_e6da66e0ebfc,1,balasan
user_d2e0c4a1e158,user_e0e6e5c30876,1,balasan
user_d523908a8052,user_e9fcb7c2144a,1,balasan
user_d60e6aabef3f,user_d6cf02965493,1,balasan
user_d6db7305473c,user_fe5a03c4035a,1,balasan
user_d92067a973e8,user_e55fe37ee7ae,1,balasan
user_d93fc21d993b,user_f6a9be686134,1,balasan
user_da0ea2edd357,user_e2245374e527,1,balasan
user_daab7c4409b8,user_dde03643c24c,1,balasan
user_daff360151f5,user_e2e6f7ca37ec,1,balasan
user_daff360151f5,user_ecdb0ba49a91,1,balasan
user_dbb87df7b23a,user_e2320d824d47,1,balasan
user_dc0726529164,user_e0e6e5c30876,1,balasan
user_dc1382ba5de9,user_f44a7e6a5901,1,balasan
user_dcc5b0735fad,user_fef4e0ada861,1,balasan
user_dcc9755e26ef,user_e0304a03fe14,1,balasan
user_dd690aa72a44,user_f08897b8d4cd,1,balasan
user_de5f1c44afac,user_e9d8d4112f4b,1,balasan
user_debea05e6c88,user_fcb91c3b7f02,1,balasan
user_def72da82c5d,user_ff4525914d82,1,balasan
user_e01e1d6defe7,user_e161d1369fb0,2,balasan
user_e0304a03fe14,user_ece9a3187707,1,balasan
user_e070725653c0,user_e32976274962,2,balasan
user_e070725653c0,user_eced9261ae0a,1,balasan
user_e332a5e637d3,user_eb0a9bf45f81,3,balasan
user_e55fe37ee7ae,user_ecbce1fd7b02,1,balasan
user_e55fe37ee7ae,user_eced9261ae0a,1,balasan
user_e682321bd9df,user_f9b96bf71e6f,1,balasan
user_e8d9000e4025,user_e9d8d4112f4b,1,balasan
user_e8eedb497835,user_f44a02a09ec9,1,balasan
user_e97489a1d797,user_f23ce413d86f,1,balasan
user_e9d8d4112f4b,user_f288fc97ee9e,1,balasan
user_eaafda274347,user_fd646331ed73,3,balasan
user_eb1ed929c3b5,user_f3664ee41af7,1,balasan
user_eb731d5af38b,user_f23f5ff51d55,1,balasan
user_ec5d149a242a,user_f50943cd37e4,1,balasan
user_ec6b3ff24b86,user_ed22c76db6a3,1,balasan
user_eced9261ae0a,user_f0689f272982,1,balasan
user_edad7c19b10b,user_fef4e0ada861,1,balasan
user_edad7c19b10b,user_f26aa5785cb3,1,balasan
user_f0689f272982,user_f705c24c6137,1,balasan
user_f0c0e3cf28a4,user_f18289fba81f,3,balasan
user_f288fc97ee9e,user_ffd27ebcff78,1,balasan
user_f466fd0561d2,user_f50943cd37e4,1,balasan
user_f6ff350d10bf,user_fef4e0ada861,1,balasan
