Vertex,Jenis,Komunitas,Kategori,Jumlah Film
user_0000ae639fe7,user,1,niat menonton,1.0
Suzzanna: Malam Jumat Kliwon (2023),film,1,film,
user_001d24e9b098,user,9,lain,4.0
Ipar Adalah Maut (2024),film,11,film,
Janur Ireng: Sewu Dino Prequel (2025/2026),film,9,film,
Perewangan (2024),film,13,film,
Suzzanna: Santet Dosa di Atas Dosa (2026),film,2,film,
user_003295146098,user,5,lain,1.0
The Doll 3 (2022),film,5,film,
user_0037d86bfe98,user,1,lain,1.0
user_0038f4bec9e5,user,15,lain,1.0
Catatan Harian Menantu Sinting (2024),film,15,film,
user_003a9646ea12,user,1,lain,1.0
user_0042b3c36044,user,1,niat menonton,1.0
user_004c0a80dac4,user,5,takut (pujian?),1.0
user_00690246358b,user,14,lain,2.0
Danur: The Last Chapter (2026),film,14,film,
user_006d64310e42,user,8,lain,1.0
Badarawuhi di Desa Penari (2024),film,8,film,
user_00722fb64b0a,user,3,lain,1.0
Jurnal Risa by Risa Saraswati (2024),film,3,film,
user_007a3fbc30f0,user,1,lain,1.0
user_007c511883d3,user,2,lain,1.0
user_00816542dfe5,user,3,lain,1.0
user_008d8ebcd8c2,user,7,lain,1.0
user_008e3eefe49b,user,1,lain,1.0
user_00931dd5679f,user,11,lain,3.0
user_009393498251,user,2,lain,1.0
user_00a2b369f505,user,2,lain,1.0
user_00ac5aec70b1,user,1,lain,1.0
user_00b30712f540,user,13,takut (pujian?),1.0
user_00bd6d27c302,user,4,lain,1.0
Indigo: What Do You See? (2023),film,4,film,
user_00c63f0a3b98,user,2,lain,1.0
user_00c95aaea975,user,1,lain,1.0
user_00cd3168bc47,user,12,lain,1.0
Ivanna (2022),film,12,film,
user_00cfbf07cf5a,user,5,lain,1.0
user_00d3e8336f37,user,4,lain,2.0
Racun Sangga: Santet Pemisah Rumah Tangga (2024),film,16,film,
user_00dbaf2557a0,user,1,lain,1.0
user_00e50a00f259,user,7,takut (pujian?),1.0
Suzzanna: Bernapas dalam Kubur (2018),film,7,film,
user_00e62431c307,user,13,lain,1.0
user_00e8fc3a6cfa,user,7,takut (pujian?),1.0
user_00ebe2e2bdac,user,11,lain,1.0
user_00ec9339112f,user,3,lain,1.0
user_00fc6b6be036,user,8,lain,1.0
user_0100470e7c05,user,2,lain,1.0
user_010874983d27,user,4,niat menonton,2.0
user_012a4ba54075,user,4,lain,1.0
user_012c8b130025,user,1,takut (pujian?),1.0
user_012d043980ab,user,13,lain,1.0
Santet Segoro Pitu (2024),film,10,film,
user_013418eea655,user,17,lain,1.0
Mata Batin (2017),film,17,film,
user_0138d401c605,user,2,lain,1.0
user_0143f66f8cf3,user,14,lain,1.0
user_014cb172d622,user,18,lain,1.0
Siccin 8,film,18,film,
user_015b112190b5,user,2,lain,1.0
user_015c2cec1a7e,user,3,lain,1.0
user_01604458a76c,user,11,lain,1.0
user_016890339cd8,user,1,niat menonton,1.0
user_016ac53de7b5,user,10,lain,1.0
user_016d65757a80,user,3,takut (pujian?),1.0
user_01868ed14544,user,15,lain,1.0
user_01a765d45deb,user,8,lain,1.0
user_01b58181fa58,user,8,lain,1.0
user_01b5ff611955,user,13,niat menonton,2.0
Official Trailer IVANNA (2022) - MD Pictures,film,6,film,
user_01bbfbfd9da0,user,7,lain,1.0
user_01c1ef1b5467,user,8,lain,1.0
user_01c29ce25135,user,4,lain,1.0
user_01ca038395a7,user,11,lain,1.0
user_01ca23f81e19,user,12,niat menonton,1.0
user_01d9ef6057cd,user,9,lain,2.0
user_01df19e33cf0,user,4,lain,1.0
user_01e0de38b381,user,15,lain,1.0
user_01edf26f3ad2,user,5,lain,1.0
user_01fc26f48862,user,5,lain,1.0
user_02084abe7ec1,user,17,niat menonton,1.0
user_02290afaee8b,user,15,lain,1.0
user_022ddad3caac,user,2,lain,1.0
user_0231055b520d,user,13,takut (pujian?),1.0
user_02339b7ed09f,user,11,niat menonton,1.0
user_0233f8a38ada,user,10,lain,1.0
user_023749760d0d,user,9,lain,1.0
user_02519ad25cc8,user,1,lain,1.0
user_029077625bb4,user,1,lain,1.0
user_02948d65f5b1,user,10,lain,1.0
user_0294a1f31122,user,5,lain,2.0
user_029a97efb9c5,user,10,lain,1.0
user_029e5e7948b6,user,3,niat menonton,1.0
user_02a57b5bb362,user,1,lain,1.0
user_02a9336a385d,user,9,lain,1.0
user_02ac9964ed9b,user,3,lain,1.0
user_02b031c4ab13,user,1,lain,1.0
user_02ba5c4db6c4,user,3,lain,5.0
user_02c243e1ab94,user,3,takut (pujian?),1.0
user_02c55440b4de,user,5,lain,1.0
user_02d76505266c,user,1,lain,1.0
user_02db5dbf86e8,user,9,lain,1.0
user_02dec7ab1582,user,10,lain,1.0
user_0315eb07de77,user,2,lain,1.0
user_031ce304a3e4,user,2,lain,1.0
user_032193136a73,user,1,lain,1.0
user_032f49af93fb,user,15,lain,1.0
user_03332cfa44d4,user,2,lain,1.0
user_033c83848cae,user,2,lain,1.0
user_033e2936d329,user,5,lain,1.0
user_0346fe034164,user,10,lain,1.0
user_034c31fb89f3,user,6,lain,1.0
user_034f663f8f72,user,12,lain,1.0
user_034f7a1a5d97,user,7,lain,1.0
user_035c21b34da6,user,13,lain,1.0
user_03680c5d6964,user,10,lain,2.0
user_03761148fb79,user,5,takut (pujian?),1.0
user_0385a168ae55,user,3,takut (pujian?),1.0
user_03860b61d0f2,user,7,lain,1.0
user_038f6a9cb8d2,user,5,lain,1.0
user_039798e44f96,user,3,lain,1.0
user_03a5e5faac3a,user,3,lain,1.0
user_03abdae3207a,user,7,niat menonton,1.0
user_03bd444c31fc,user,10,takut (pujian?),1.0
user_03c08404afa3,user,14,takut (pujian?),2.0
user_03c0a2ada4ad,user,11,lain,1.0
user_03c66aa1c65a,user,15,lain,1.0
user_03d56f774773,user,15,lain,1.0
user_03d8566964e6,user,11,lain,1.0
user_03daee22982c,user,9,niat menonton,1.0
user_03dc569d1a23,user,9,lain,1.0
user_03e14cdf572f,user,12,takut (pujian?),1.0
user_03e7aeaa6bcd,user,5,lain,1.0
user_03fdf34fdecd,user,5,lain,1.0
user_03fea9299b35,user,12,lain,1.0
user_0402f9932b6b,user,5,lain,1.0
user_0406ebcde49a,user,4,takut (pujian?),2.0
user_0408cbf87700,user,14,lain,1.0
user_040de2da0683,user,6,lain,1.0
user_0428eb9a3e9d,user,14,lain,1.0
user_043b72386e84,user,1,lain,1.0
user_043fdcfc2cdd,user,2,lain,1.0
user_0449c1b56bc2,user,1,lain,1.0
user_045420fee467,user,5,lain,1.0
user_046b2a9afe99,user,4,lain,1.0
user_04785621ad8b,user,2,lain,2.0
user_0479658e5843,user,13,lain,1.0
user_049b7591bdc3,user,2,lain,1.0
user_049e5ac9e6a8,user,11,lain,1.0
user_04a378761a0b,user,2,lain,1.0
user_04aff11fe592,user,10,lain,1.0
user_04cc943bfc0b,user,16,lain,2.0
user_04cf5fc11d81,user,3,niat menonton,1.0
user_04cf9173a423,user,1,takut (pujian?),1.0
user_04d2f4545abb,user,4,lain,1.0
user_04d769c9deda,user,10,niat menonton,1.0
user_04e5b95a7cb4,user,15,niat menonton,1.0
user_04ee90c39e62,user,11,lain,1.0
user_04ef4866f728,user,6,takut (pujian?),1.0
user_050044f24052,user,9,lain,1.0
user_05085b603fa7,user,7,lain,1.0
user_050d09362024,user,7,lain,1.0
user_050d0fe92618,user,2,lain,1.0
user_051afb298050,user,2,lain,1.0
user_051b91ffff84,user,2,lain,1.0
user_0522e19c2dfb,user,7,takut (pujian?),1.0
user_0529d73edf48,user,3,lain,1.0
user_053f9cf18f73,user,1,lain,1.0
user_0544721b9f34,user,1,lain,1.0
user_054d89311865,user,7,takut (pujian?),1.0
user_055baa63c3bd,user,5,lain,1.0
user_057b12c25252,user,6,lain,1.0
user_057b6af5330e,user,1,lain,1.0
user_057f528aeb71,user,7,lain,1.0
user_0591f40c0115,user,3,lain,1.0
user_0592fbfaac89,user,7,lain,1.0
user_05abd8bc124e,user,12,takut (pujian?),1.0
user_05b5adafdba5,user,2,takut (pujian?),1.0
user_05e91092c6e4,user,13,lain,1.0
user_06036524fff4,user,8,niat menonton,1.0
user_060fc8727748,user,2,lain,1.0
user_061182e0bcad,user,1,niat menonton,1.0
user_0612bbf9bcbc,user,1,lain,1.0
user_064757c8e617,user,15,lain,1.0
user_064bd93d275e,user,4,lain,1.0
user_064e02b80a49,user,3,lain,1.0
user_06574c861296,user,3,lain,1.0
user_06694f645acd,user,2,takut (pujian?),1.0
user_067933838300,user,2,lain,1.0
user_068214ce2621,user,2,lain,1.0
user_0685fcd95f29,user,15,lain,1.0
user_068946b7e198,user,1,takut (pujian?),1.0
user_06900a0341e8,user,3,lain,1.0
user_06972debf83a,user,5,lain,1.0
user_0698ea4ce000,user,7,lain,1.0
user_06a48dced9d0,user,4,lain,1.0
user_06b092eb0193,user,2,lain,1.0
user_06b694a22df8,user,9,lain,1.0
user_06b812bb8fe2,user,4,lain,1.0
user_06c043ae25f6,user,8,lain,1.0
user_06c769508658,user,14,lain,1.0
user_06ccf8ad03e9,user,3,lain,1.0
user_06d9136131ff,user,7,lain,4.0
user_06e1f9cc6f5d,user,2,lain,1.0
user_06eab290dbc2,user,6,lain,1.0
user_06edadcae0b3,user,1,lain,1.0
user_06f031b9b4cc,user,17,lain,3.0
user_06f50d35567d,user,4,takut (pujian?),1.0
user_06f9e4d0fd2b,user,10,lain,1.0
user_06ff951653d9,user,8,niat menonton,1.0
user_070b68d549e7,user,4,lain,1.0
user_07163fda293b,user,4,lain,1.0
user_07189db42f25,user,7,lain,1.0
user_0727e03c54bc,user,7,takut (pujian?),1.0
user_0727e9e16e0d,user,9,lain,1.0
user_07339f56f6c2,user,12,takut (pujian?),1.0
user_0740ea297d5e,user,3,lain,1.0
user_0746c2529ac1,user,5,lain,1.0
user_07498ccc5d29,user,11,lain,1.0
user_074a5c8f590a,user,3,lain,1.0
user_074f75e532f8,user,13,lain,1.0
user_074f7cc49e7d,user,6,takut (pujian?),1.0
user_0756f0cb4191,user,5,lain,1.0
user_075c71f552ef,user,1,lain,1.0
user_076a98751e07,user,1,lain,1.0
user_0771bf0ce3ad,user,2,lain,1.0
user_077a0a75c6b4,user,2,niat menonton,1.0
user_077ac208e16a,user,3,lain,1.0
user_07847c331244,user,10,lain,2.0
user_078cc34222fb,user,8,lain,1.0
user_07905e922e29,user,8,lain,1.0
user_0796203ecaff,user,1,lain,1.0
user_079eb9225127,user,7,niat menonton,1.0
user_07a55618aab2,user,2,lain,1.0
user_07b1b2602a07,user,16,lain,1.0
user_07b2c3213f1b,user,5,lain,1.0
user_07b334327bc6,user,17,lain,1.0
user_07ba312cccad,user,2,lain,1.0
user_07bb383a5276,user,10,lain,1.0
user_07c0bed4c529,user,1,takut (pujian?),1.0
user_07c3000da2e2,user,15,lain,1.0
user_07f9350eba63,user,1,lain,3.0
user_080b0833d560,user,3,lain,1.0
user_080b91597c74,user,8,niat menonton,1.0
user_080df472a5b6,user,14,lain,1.0
user_081963a5024a,user,9,lain,1.0
user_081ea0d91adf,user,10,lain,1.0
user_081ea451a574,user,4,lain,1.0
user_08434baa5ade,user,5,lain,1.0
user_084fbb193ab9,user,4,lain,1.0
user_086faf0b0bf2,user,7,lain,1.0
user_087e3dcba0d0,user,8,takut (pujian?),1.0
user_088a5ac24406,user,1,lain,1.0
user_08956ae151fc,user,6,lain,1.0
user_089818e72192,user,6,lain,1.0
user_08a7633b83f8,user,3,niat menonton,1.0
user_08b18eda536a,user,8,lain,1.0
user_08b73396b34a,user,9,lain,1.0
user_08bcce3adf84,user,3,lain,1.0
user_08be4e18823e,user,1,lain,1.0
user_08c76df2fa9b,user,7,lain,1.0
user_08c8ec018776,user,6,lain,1.0
user_08cb77e2ce28,user,3,lain,1.0
user_08cc904a0686,user,12,niat menonton,1.0
user_08d33a1ebc67,user,2,lain,2.0
user_08db2ce24db7,user,9,lain,1.0
user_08dc855059a5,user,6,lain,1.0
user_08e0c83c01c7,user,15,lain,1.0
user_08f151ffbb53,user,1,niat menonton,1.0
user_091f804dda33,user,12,lain,2.0
user_0924bf5b5351,user,1,lain,1.0
user_09260caf8f14,user,5,lain,1.0
user_094bcd6a1084,user,14,takut (pujian?),1.0
user_095065a42dab,user,10,lain,1.0
user_0956136cb316,user,1,lain,1.0
user_095a019686b4,user,8,lain,1.0
user_095de0ee8789,user,10,lain,1.0
user_095f863439e8,user,13,lain,1.0
user_09723759aaa5,user,1,lain,1.0
user_099618439add,user,7,lain,1.0
user_099e2af5e765,user,5,lain,1.0
user_09a08e01c30e,user,7,lain,4.0
user_09a371194a0f,user,14,lain,2.0
user_09b2a1b2de13,user,3,lain,1.0
user_09b8d1faca90,user,11,lain,1.0
user_09baeadfa450,user,15,lain,1.0
user_09c3b96fda76,user,2,lain,1.0
user_09d30becdabb,user,7,takut (pujian?),1.0
user_09d7eef13721,user,2,lain,1.0
user_09d8523e06a4,user,5,lain,1.0
user_09ff0e9aa0f8,user,5,lain,1.0
user_0a1b848d2a28,user,17,lain,1.0
user_0a1cc78783b0,user,8,lain,1.0
user_0a1dce5b062f,user,7,lain,1.0
user_0a216f346c3d,user,7,lain,1.0
user_0a2317698c8b,user,8,lain,1.0
user_0a2ad9bdd2be,user,1,lain,1.0
user_0a3839d1ae57,user,1,lain,1.0
user_0a3c9bf102b2,user,8,takut (pujian?),1.0
user_0a3cc7dd1ba2,user,2,lain,1.0
user_0a41b6121225,user,11,lain,1.0
user_0a4286d4614e,user,10,lain,1.0
user_0a4907de0dbc,user,5,lain,1.0
user_0a779311ef70,user,1,niat menonton,1.0
user_0a7909a859dd,user,4,lain,1.0
user_0a8ed8e1e82e,user,5,takut (pujian?),1.0
user_0a958d96fc3f,user,2,lain,1.0
user_0aa2d05722dd,user,1,lain,1.0
user_0aabb40afdfb,user,2,lain,1.0
user_0ab1883cb134,user,4,lain,1.0
user_0ab2a581c522,user,1,lain,1.0
user_0ab64dabc977,user,14,lain,1.0
user_0ac60088e483,user,8,takut (pujian?),1.0
user_0acb5ab3a4d3,user,3,lain,1.0
user_0ad45b66d7cf,user,1,niat menonton,1.0
user_0ad5fbe8727f,user,4,niat menonton,1.0
user_0ad97797b81a,user,16,lain,1.0
user_0ae8421632ef,user,6,niat menonton,1.0
user_0aefb00439b6,user,2,takut (pujian?),1.0
user_0b0280a4c4ee,user,7,lain,1.0
user_0b04e38bd366,user,8,lain,1.0
user_0b13ecb9fce8,user,5,lain,1.0
user_0b14c6c86081,user,4,lain,1.0
user_0b17b9a0a22d,user,6,lain,1.0
user_0b35d918bc3e,user,1,lain,1.0
user_0b3dfbead32b,user,6,lain,1.0
user_0b40f9fa3759,user,2,lain,1.0
user_0b4199cb7d54,user,1,takut (pujian?),1.0
user_0b4225c13ade,user,2,lain,1.0
user_0b49885ce276,user,4,lain,1.0
user_0b6322a1138f,user,13,lain,1.0
user_0b699d45f5d7,user,1,takut (pujian?),1.0
user_0b6a6d9e95b7,user,1,lain,1.0
user_0b6e800a8315,user,1,lain,1.0
user_0b8081202579,user,1,lain,1.0
user_0b8ea9b105d4,user,6,lain,1.0
user_0ba08fea2645,user,1,lain,1.0
user_0ba50c5611f4,user,1,takut (pujian?),1.0
user_0bae4fd5ac55,user,6,niat menonton,1.0
user_0bb1766e0d11,user,4,lain,1.0
user_0bb6eef926cb,user,7,lain,1.0
user_0bc2cf6cfcbd,user,1,takut (pujian?),1.0
user_0bc718ad59ff,user,7,lain,1.0
user_0bd8cb69fd38,user,1,lain,1.0
user_0be04e3d099d,user,3,lain,1.0
user_0be9831420d1,user,1,lain,1.0
user_0beb61745843,user,12,lain,1.0
user_0bf7714f9dfd,user,15,lain,1.0
user_0bf77c0f2fa9,user,16,lain,1.0
user_0bf8280e8152,user,9,lain,1.0
user_0bffc7b06998,user,1,lain,1.0
user_0c03d0436642,user,6,lain,1.0
user_0c0a21488ca0,user,5,lain,1.0
user_0c0ed9bc0b3c,user,1,lain,1.0
user_0c13dee69f3a,user,11,lain,1.0
user_0c199f414d37,user,10,lain,1.0
user_0c21d2c73f2a,user,2,lain,1.0
user_0c3117348840,user,7,lain,1.0
user_0c3adbf9c8a8,user,2,lain,1.0
user_0c3d014383ee,user,7,lain,1.0
user_0c500d5cef19,user,4,lain,2.0
user_0c6168f37d53,user,1,lain,1.0
user_0c6455d9fbc3,user,12,lain,1.0
user_0c6c5bb9c8dd,user,5,lain,1.0
user_0c7ed756f0ef,user,10,lain,1.0
user_0c81e88707da,user,6,lain,1.0
user_0c87597ea311,user,7,lain,1.0
user_0c8ad2edc30c,user,12,lain,1.0
user_0c91debe828f,user,12,lain,1.0
user_0c9ebd58d3ca,user,8,lain,1.0
user_0ca032f72972,user,7,lain,1.0
user_0cabf5bd26f6,user,1,lain,1.0
user_0cb57f981985,user,13,lain,1.0
user_0cbde596adbf,user,1,lain,1.0
user_0cc986dd9cbe,user,4,lain,1.0
user_0cd0a122d10c,user,5,lain,1.0
user_0cd28972d337,user,8,lain,1.0
user_0cd4920a72ce,user,11,lain,1.0
user_0cdad41e9721,user,2,lain,1.0
user_0ceae89029d0,user,14,lain,2.0
user_0cf745d12367,user,9,lain,1.0
user_0d065c7368db,user,5,lain,1.0
user_0d0ff8c54ee9,user,7,lain,1.0
user_0d26bda60620,user,7,takut (pujian?),1.0
user_0d2b15e86272,user,14,lain,2.0
user_0d3d6d6230a5,user,3,lain,1.0
user_0d42d19921c3,user,1,takut (pujian?),1.0
user_0d45001146c2,user,1,lain,1.0
user_0d46f6fda5d3,user,3,lain,1.0
user_0d5576dc9b57,user,4,lain,1.0
user_0d5d1891a9e8,user,16,lain,1.0
user_0d733bfabf1f,user,8,takut (pujian?),1.0
user_0d7bf3e103ec,user,11,lain,1.0
user_0d857395e67d,user,6,lain,1.0
user_0d8c9237e5e3,user,1,lain,1.0
user_0d92442689d7,user,6,niat menonton,1.0
user_0d9aab5bac08,user,7,lain,2.0
user_0da4613e837b,user,1,lain,1.0
user_0dadcb40e2e6,user,11,lain,1.0
user_0db2025da8a3,user,9,lain,1.0
user_0dc7505624b7,user,10,niat menonton,1.0
user_0dcabe3ae1de,user,1,lain,1.0
user_0dd1854a6c6d,user,2,lain,1.0
user_0dd597a0c8f5,user,2,lain,1.0
user_0ddc5059fd5a,user,1,takut (pujian?),1.0
user_0dea9cf49460,user,10,lain,1.0
user_0df17b57ce25,user,14,lain,1.0
user_0df3953c0df9,user,2,lain,1.0
user_0df85b2dab9f,user,1,niat menonton,1.0
user_0df95f3085c7,user,6,lain,1.0
user_0df9c142c939,user,1,lain,1.0
user_0dfc2d6807f7,user,6,lain,1.0
user_0dff8c4c0cd7,user,3,lain,2.0
user_0e0095a4a388,user,1,lain,1.0
user_0e0734518ef6,user,6,takut (pujian?),1.0
user_0e173bb09440,user,9,lain,1.0
user_0e1ec5ab442b,user,4,niat menonton,1.0
user_0e20fe72e02f,user,4,takut (pujian?),1.0
user_0e245fc73a1f,user,1,lain,1.0
user_0e2a4525a1f6,user,4,takut (pujian?),1.0
user_0e3c3dbacce5,user,3,lain,1.0
user_0e479c6a2e89,user,6,lain,1.0
user_0e4ca194afd0,user,3,lain,1.0
user_0e52c25fe2aa,user,8,takut (pujian?),1.0
user_0e5a58428a7d,user,14,lain,1.0
user_0e60577860b2,user,7,lain,1.0
user_0e65879dfd0e,user,2,lain,1.0
user_0e6a510eabb6,user,5,lain,1.0
user_0e6a948dc21c,user,1,lain,1.0
user_0e6d55b28715,user,7,lain,1.0
user_0e70313610fd,user,2,lain,1.0
user_0e88c452ff23,user,3,lain,1.0
user_0e8dd118d05b,user,8,lain,1.0
user_0e91e6777117,user,1,lain,1.0
user_0e959c69a0b2,user,1,lain,1.0
user_0ea207c68774,user,3,lain,1.0
user_0ea621c2ce6f,user,2,lain,1.0
user_0ea686409c23,user,9,lain,1.0
user_0ea7d1ce826e,user,5,lain,1.0
user_0ea9a5a1b002,user,7,lain,1.0
user_0eb68512be0d,user,11,lain,1.0
user_0eb7c96fe903,user,4,lain,1.0
user_0ec11facfa25,user,10,lain,1.0
user_0ec670223583,user,14,lain,1.0
user_0ecc114adc31,user,2,lain,1.0
user_0eccabe71a01,user,9,lain,1.0
user_0ed8e71dbaaa,user,1,lain,1.0
user_0ee629d6d95c,user,2,lain,1.0
user_0eeb6fb943dd,user,17,lain,1.0
user_0eed82509312,user,13,lain,1.0
user_0efcc28de106,user,5,lain,1.0
user_0f04c0f8c0cf,user,2,niat menonton,1.0
user_0f0c0391c377,user,1,lain,1.0
user_0f17cc5080d4,user,2,niat menonton,1.0
user_0f195a9ecc99,user,5,lain,1.0
user_0f1c9121a33f,user,2,lain,1.0
user_0f1ce6b5b282,user,9,lain,1.0
user_0f293f1232bf,user,2,lain,2.0
user_0f29a412caa9,user,4,lain,1.0
user_0f43a85f1b32,user,3,niat menonton,1.0
user_0f46e4d9d542,user,7,lain,1.0
user_0f59ce449f15,user,1,niat menonton,1.0
user_0f5d28a33b7a,user,7,lain,1.0
user_0f63f2a54b4d,user,7,takut (pujian?),1.0
user_0f705fce0016,user,10,takut (pujian?),1.0
user_0f747fa0da78,user,5,niat menonton,1.0
user_0f85b14d4caa,user,10,lain,2.0
user_0f9c24bffafe,user,12,takut (pujian?),1.0
user_0f9db6178a9f,user,6,takut (pujian?),1.0
user_0fa5312442e5,user,1,niat menonton,1.0
user_0fa58e6b659e,user,10,niat menonton,1.0
user_0fb78053a6e4,user,1,takut (pujian?),1.0
user_0fbf7698a659,user,5,lain,1.0
user_0fc2a5b4f398,user,1,lain,1.0
user_0fcdc86277a5,user,2,lain,1.0
user_0fd95b41cb28,user,15,lain,1.0
user_0fdc73f0b09d,user,11,lain,1.0
user_0fdd06f5d1ad,user,1,niat menonton,1.0
user_0fde2d525a70,user,3,takut (pujian?),2.0
user_0fe86a3f240e,user,16,lain,1.0
user_0ff0da21e375,user,1,niat menonton,1.0
user_0ffd149ba1bf,user,3,lain,1.0
user_100323063109,user,1,niat menonton,1.0
user_1005cb588ae1,user,2,lain,1.0
user_1015f2517a45,user,13,niat menonton,1.0
user_101afd44bdbf,user,12,lain,1.0
user_102161980fd6,user,12,lain,1.0
user_1022635b8c74,user,5,lain,2.0
user_1037d9c558c4,user,2,lain,1.0
user_103ec0e905fc,user,4,takut (pujian?),1.0
user_103f803185be,user,12,lain,2.0
user_10455e5fb386,user,14,lain,1.0
user_1066da675cd2,user,9,lain,1.0
user_106c23de84b5,user,5,lain,1.0
user_10817297439a,user,1,lain,1.0
user_10870c853da8,user,4,lain,1.0
user_1090547d5c8d,user,3,lain,1.0
user_109d610dc81f,user,1,lain,1.0
user_10a0adebdd9f,user,2,lain,1.0
user_10a85310433b,user,4,lain,1.0
user_10add418418a,user,7,lain,1.0
user_10b15584573b,user,9,lain,2.0
user_10b9d44504aa,user,8,lain,1.0
user_10bb738ca1f2,user,11,lain,1.0
user_10c28f6ab3c1,user,4,lain,1.0
user_10c3357eb98a,user,1,lain,1.0
user_10c3bcf9cfc4,user,16,lain,1.0
user_10d1cf36abec,user,9,lain,1.0
user_10de28436e78,user,13,lain,1.0
user_10e2dfde7d1a,user,11,lain,1.0
user_10e4040b097b,user,9,lain,1.0
user_10e40a800e4a,user,2,lain,1.0
user_10e4ac165485,user,14,lain,1.0
user_10e632095e34,user,2,lain,1.0
user_10ee33a7fbac,user,2,lain,1.0
user_10fc60c716e6,user,5,takut (pujian?),1.0
user_11038d20dfe4,user,2,takut (pujian?),1.0
user_11166d6c2cdd,user,1,lain,1.0
user_111e7493664e,user,1,lain,1.0
user_11243ceb79db,user,7,takut (pujian?),2.0
user_11347d3d77a7,user,2,lain,1.0
user_113790fac5ed,user,2,niat menonton,1.0
user_1142fb90a9f6,user,7,takut (pujian?),1.0
user_11460a8c155e,user,10,lain,1.0
user_114e036e3445,user,1,lain,1.0
user_1157bfef6601,user,15,lain,1.0
user_115861027271,user,8,lain,1.0
user_115f9e314ca7,user,12,lain,1.0
user_11602ed7ab0f,user,5,lain,1.0
user_117af7396a7c,user,2,lain,1.0
user_117fad7559f4,user,1,lain,2.0
user_1183b14fc578,user,6,lain,1.0
user_118d4ac5ec0b,user,2,lain,1.0
user_11a72dd312e7,user,10,lain,1.0
user_11ae47fc5939,user,2,lain,1.0
user_11af0d2645e5,user,7,lain,1.0
user_11c55e75c824,user,9,lain,3.0
user_11cb9a69e6be,user,13,takut (pujian?),1.0
user_11cda136142a,user,8,lain,1.0
user_11db73875a51,user,14,lain,1.0
user_11e4c9e26fb1,user,11,lain,1.0
user_11f10705e6cb,user,1,niat menonton,2.0
user_11fc6500ee4c,user,6,lain,2.0
user_1206420600de,user,2,lain,1.0
user_1209217f701b,user,4,lain,1.0
user_121eac73d5cd,user,11,lain,1.0
user_122674fd4e59,user,3,niat menonton,1.0
user_122fc9ab40f5,user,5,lain,1.0
user_12375113c969,user,1,lain,1.0
user_12469b011b54,user,2,lain,1.0
user_124b8f6a8c73,user,11,takut (pujian?),1.0
user_124ec44c2eee,user,12,lain,1.0
user_1250ac57601b,user,9,takut (pujian?),1.0
user_1265388dc43a,user,3,lain,1.0
user_126a16bc235f,user,4,lain,1.0
user_126c197c000c,user,8,lain,1.0
user_1272c6db8239,user,16,lain,1.0
user_1274ee8f52be,user,3,lain,1.0
user_1279c7617333,user,1,lain,1.0
user_127fccbc7cb5,user,1,lain,1.0
user_1284ae2c0f94,user,11,lain,1.0
user_129475509e09,user,15,lain,1.0
user_1294ceb608e6,user,3,lain,1.0
user_12994f44fb74,user,2,lain,1.0
user_129a9099eab0,user,5,lain,1.0
user_12a22eda2687,user,2,takut (pujian?),1.0
user_12bcccaeaa8c,user,1,lain,3.0
user_12c2ebb06db6,user,6,lain,1.0
user_12e17a2b3e1d,user,2,lain,1.0
user_12e58c3c0541,user,5,lain,1.0
user_12e82e6ce891,user,12,lain,1.0
user_12f86b234007,user,1,lain,1.0
user_12fbf0fcb9d8,user,8,lain,1.0
user_12fd3b6b6297,user,8,takut (pujian?),1.0
user_12fe1fe76985,user,4,lain,1.0
user_1302757f1a3b,user,2,lain,1.0
user_1307e3de15d5,user,1,lain,2.0
user_130e1b8a042a,user,11,lain,1.0
user_13128a78d551,user,13,lain,1.0
user_131afa7654eb,user,8,lain,1.0
user_133986eb3144,user,8,lain,1.0
user_134696021c47,user,8,lain,1.0
user_1348a21e2948,user,6,takut (pujian?),1.0
user_1359654eebca,user,13,lain,1.0
user_135aa6991f90,user,12,takut (pujian?),1.0
user_135f9f4019d2,user,9,lain,1.0
user_13664f7870d3,user,4,niat menonton,1.0
user_137ad6304c8a,user,3,lain,1.0
user_138173721c60,user,7,lain,1.0
user_138617caadec,user,4,lain,1.0
user_1387e6102f66,user,5,takut (pujian?),1.0
user_13968481cad7,user,1,lain,1.0
user_13a06f97c930,user,7,lain,1.0
user_13a624f4724a,user,1,lain,1.0
user_13a94428a040,user,5,niat menonton,1.0
user_13b775b3d47c,user,1,takut (pujian?),1.0
user_13b8e23ad3d7,user,13,takut (pujian?),1.0
user_13c165974eb9,user,1,lain,1.0
user_13d6daf3c87d,user,10,lain,1.0
user_13d70e4fb871,user,5,takut (pujian?),1.0
user_13e85754d9e9,user,14,lain,1.0
user_13ee502969c6,user,13,lain,1.0
user_13eee5eceaed,user,12,lain,1.0
user_1408eac94b7e,user,7,lain,1.0
user_140d716c498e,user,3,lain,1.0
user_1415ebdb72aa,user,1,niat menonton,1.0
user_14313c22ae7b,user,2,lain,1.0
user_144584392842,user,1,lain,1.0
user_144a0a1c8567,user,1,lain,1.0
user_1461f54e7207,user,1,lain,1.0
user_146efa5cb042,user,3,lain,1.0
user_1471c665c39b,user,1,lain,1.0
user_1473171d874e,user,9,lain,1.0
user_1482eb8f474b,user,2,lain,1.0
user_148cc652a13a,user,9,takut (pujian?),1.0
user_14ae79b86851,user,2,lain,1.0
user_14b4e9a7dd58,user,1,lain,1.0
user_14baef8b0790,user,10,niat menonton,1.0
user_14c2d629cd31,user,7,takut (pujian?),2.0
user_14c85e7f0468,user,13,niat menonton,1.0
user_14e91eab71d3,user,4,lain,1.0
user_14ec94015a50,user,5,lain,1.0
user_14ed6b4ac86f,user,2,lain,1.0
user_14f1ac4aaffa,user,7,lain,1.0
user_14f49a44ace7,user,8,lain,1.0
user_14f7e5371c46,user,11,lain,1.0
user_14ff053bd622,user,14,lain,1.0
user_1509d0c5d472,user,5,lain,1.0
user_150a14191eaa,user,10,lain,1.0
user_1518c45fd312,user,11,lain,1.0
user_15291710c68b,user,1,takut (pujian?),1.0
user_1544f3c38e69,user,2,lain,1.0
user_154aa33756d1,user,6,lain,1.0
user_15548ab96d87,user,4,lain,1.0
user_155a50856810,user,7,takut (pujian?),1.0
user_155c4966eacd,user,4,lain,1.0
user_15655ef202d7,user,4,niat menonton,1.0
user_1565f48c4cd3,user,12,lain,1.0
user_156ae1f71e09,user,11,lain,1.0
user_156cb1e1ab4e,user,8,lain,1.0
user_15706589554b,user,6,lain,1.0
user_15770a9108e1,user,11,lain,1.0
user_157887813c00,user,1,lain,1.0
user_157fa0c0298d,user,3,takut (pujian?),1.0
user_159930af502a,user,12,lain,1.0
user_159ad9c0dd9d,user,2,takut (pujian?),1.0
user_159e0523db0d,user,4,niat menonton,1.0
user_15b929ef0c07,user,10,lain,1.0
user_15bc096cba24,user,2,lain,1.0
user_15c39332d249,user,3,lain,1.0
user_15c537a76b67,user,12,lain,1.0
user_15c89b6911d9,user,6,lain,1.0
user_15ca52795a05,user,1,takut (pujian?),1.0
user_15ca7af5e518,user,13,lain,1.0
user_15d1ccecb909,user,12,lain,1.0
user_15df925c374f,user,8,lain,1.0
user_15fe84c7dbe6,user,1,lain,1.0
user_1608c1e94073,user,4,takut (pujian?),1.0
user_161211c4e4df,user,1,lain,1.0
user_161e86bbce10,user,6,niat menonton,1.0
user_16210ca8a1dc,user,13,takut (pujian?),1.0
user_16330e1b2236,user,1,lain,1.0
user_1635d42ad285,user,3,lain,1.0
user_163a3c2c3d01,user,11,lain,1.0
user_163c9e882daa,user,4,lain,1.0
user_1656a8da659c,user,5,takut (pujian?),1.0
user_166274a846e9,user,3,lain,1.0
user_166425cc81e9,user,1,lain,1.0
user_16696909c997,user,17,niat menonton,1.0
user_1671d66ccda5,user,11,lain,1.0
user_167f1465befc,user,12,takut (pujian?),1.0
user_167f8370b1df,user,4,lain,1.0
user_1686104f4fb1,user,2,takut (pujian?),1.0
user_168c07836162,user,1,lain,1.0
user_168f91e06a29,user,1,lain,1.0
user_168ff9e2d474,user,1,lain,1.0
user_16a09664a784,user,6,niat menonton,1.0
user_16ab553c29dd,user,9,takut (pujian?),1.0
user_16ad503eb42a,user,7,lain,1.0
user_16b7f1f7479e,user,10,lain,1.0
user_16ba7a4dd75a,user,2,lain,1.0
user_16bebfe8ccfb,user,1,takut (pujian?),1.0
user_16c0134beab9,user,5,lain,1.0
user_16c842132ee0,user,4,niat menonton,1.0
user_16d163e4f84f,user,3,lain,1.0
user_16e0da9304a6,user,1,lain,1.0
user_16e8215e3ec8,user,1,lain,1.0
user_16e9750955f5,user,11,lain,1.0
user_16ec9017e252,user,5,lain,1.0
user_16ef3cc3df39,user,10,lain,1.0
user_16f973be1174,user,8,takut (pujian?),1.0
user_1707725026ef,user,2,takut (pujian?),1.0
user_170b545e59cb,user,6,lain,1.0
user_170c1a613f6c,user,16,niat menonton,1.0
user_1710f5ccc2c8,user,3,takut (pujian?),1.0
user_171be1f4fab7,user,8,takut (pujian?),1.0
user_17218408af50,user,1,lain,1.0
user_1730e025aa50,user,12,lain,1.0
user_17392e7393d2,user,1,takut (pujian?),1.0
user_1743268f506b,user,6,lain,1.0
user_17589a7838f8,user,12,lain,1.0
user_175fe6310948,user,11,lain,1.0
user_1761b14a2765,user,10,takut (pujian?),2.0
user_1777ce9ac685,user,10,lain,1.0
user_177d19aca4d4,user,6,takut (pujian?),1.0
user_178f86c72c80,user,9,lain,1.0
user_17937f97b5e6,user,2,lain,5.0
user_17ad2e339ca4,user,6,lain,1.0
user_17b4f7e244ad,user,1,lain,1.0
user_17d955f0bcb8,user,2,lain,1.0
user_17e3b042614c,user,13,lain,1.0
user_17f30e4aed62,user,3,lain,2.0
user_17f761679023,user,13,lain,1.0
user_17f823563dbf,user,1,takut (pujian?),1.0
user_1802bf8b743b,user,9,lain,1.0
user_1806c923aff9,user,14,lain,1.0
user_1810fba86495,user,6,lain,2.0
user_181168fcee6b,user,5,lain,1.0
user_1815f2aff355,user,6,takut (pujian?),1.0
user_181b8560b4d6,user,12,lain,1.0
user_18212f2c01d8,user,1,lain,1.0
user_1830c2acd33b,user,3,takut (pujian?),1.0
user_18422cf3785f,user,4,lain,1.0
user_1849bc6cb84a,user,10,lain,2.0
user_184ce0ff472c,user,1,lain,1.0
user_185a939a2993,user,1,niat menonton,1.0
user_1865503b77db,user,3,lain,1.0
user_1869992831fb,user,3,lain,1.0
user_187168cf4543,user,5,takut (pujian?),1.0
user_1873832bb291,user,7,lain,1.0
user_18738738b73f,user,6,lain,1.0
user_1879bc2a284c,user,15,lain,1.0
user_187e9482c8d9,user,11,lain,1.0
user_188e87145e93,user,3,lain,1.0
user_189386fc9768,user,12,takut (pujian?),1.0
user_189ec22733f4,user,13,takut (pujian?),1.0
user_18af6e4c4e8f,user,7,takut (pujian?),1.0
user_18b0fab42b58,user,11,lain,1.0
user_18ba54d01b3c,user,7,lain,1.0
user_18be7c01f16b,user,8,lain,1.0
user_18c7d2543a7b,user,14,lain,1.0
user_18cead918272,user,13,lain,1.0
user_18d0e23c4ce6,user,10,lain,1.0
user_18d5d40884b8,user,1,lain,1.0
user_18df62607792,user,11,lain,1.0
user_18e37263cbef,user,11,lain,1.0
user_18fab7a66919,user,3,lain,1.0
user_19180b0ec235,user,14,lain,1.0
user_1933336c136b,user,11,lain,1.0
user_194bfc3c5937,user,16,lain,1.0
user_195745498f54,user,5,lain,1.0
user_1963b77a7a75,user,10,takut (pujian?),1.0
user_1964e50fde7f,user,4,lain,1.0
user_197886977b2b,user,11,lain,1.0
user_19889716b944,user,17,lain,1.0
user_198c5e57ae22,user,5,lain,1.0
user_199f5502d9a5,user,17,lain,1.0
user_19a08de0d4cb,user,10,takut (pujian?),1.0
user_19b6b5fe9ab9,user,10,lain,1.0
user_19c48f22c800,user,14,lain,1.0
user_19cdbbbe1a6f,user,1,lain,1.0
user_19d841a7a556,user,3,lain,1.0
user_19d9a8e10992,user,2,niat menonton,1.0
user_19dbe486cac9,user,4,lain,1.0
user_19dc2df1a1c6,user,6,lain,1.0
user_19e545476824,user,13,lain,1.0
user_19f4796c6496,user,9,lain,1.0
user_19f5fc8e62ba,user,9,lain,3.0
user_19fa0fa7df16,user,1,lain,1.0
user_1a0317dfbecc,user,3,lain,1.0
user_1a2654d736d5,user,5,lain,1.0
user_1a26e5ebf2b8,user,5,lain,5.0
user_1a3bee45811b,user,1,niat menonton,1.0
user_1a4e3cf3bedd,user,13,lain,1.0
user_1a4eea5421b8,user,7,lain,1.0
user_1a5badbf3cb9,user,5,lain,1.0
user_1a64ccb6c985,user,16,lain,1.0
user_1a695a6f3b2a,user,1,takut (pujian?),1.0
user_1a7978ff4903,user,17,lain,1.0
user_1a79821c0948,user,2,lain,2.0
user_1a7aaf6b8dd9,user,15,lain,2.0
user_1a7b33496e63,user,5,lain,1.0
user_1a80b92fe552,user,4,lain,3.0
user_1a891d5dee30,user,8,lain,1.0
user_1a90cfc21cd0,user,4,takut (pujian?),1.0
user_1aa99fe32316,user,4,niat menonton,1.0
user_1aa9df06318f,user,2,takut (pujian?),1.0
user_1aab9c23388d,user,1,lain,1.0
user_1ab52715180c,user,2,lain,1.0
user_1abadb63c0ed,user,8,lain,1.0
user_1acfeb3a9775,user,5,lain,1.0
user_1ad74c8c528d,user,7,takut (pujian?),1.0
user_1ad8150eea0a,user,5,lain,1.0
user_1adf8eb32b4e,user,6,lain,1.0
user_1ae27be0b2ac,user,5,lain,1.0
user_1af0943a26cb,user,2,lain,1.0
user_1af4a2a77c78,user,3,lain,1.0
user_1b01f134e06b,user,8,lain,1.0
user_1b176b725bf7,user,12,lain,1.0
user_1b2589d603bc,user,14,lain,1.0
user_1b35bbbb369a,user,16,lain,1.0
user_1b3e9b40ab3c,user,1,lain,1.0
user_1b45ccd77345,user,2,lain,1.0
user_1b69d39d1acc,user,9,lain,1.0
user_1b74cad40c57,user,2,takut (pujian?),1.0
user_1b7e111a21b2,user,1,lain,4.0
user_1b7e1c9cf50f,user,8,niat menonton,1.0
user_1b87475d36da,user,4,lain,1.0
user_1b8aa5143cf9,user,1,niat menonton,1.0
user_1b92f8c96032,user,2,lain,1.0
user_1b980dd98cf8,user,12,takut (pujian?),1.0
user_1b9c87e3d606,user,15,lain,1.0
user_1ba9d97aaaa5,user,7,lain,1.0
user_1bb1ac807314,user,11,niat menonton,1.0
user_1bb49a8a7c62,user,7,lain,1.0
user_1bcb24af5f7c,user,4,lain,1.0
user_1bd64d5dd889,user,4,takut (pujian?),1.0
user_1bee41ef982a,user,14,lain,1.0
user_1bfa7e074e4a,user,11,takut (pujian?),1.0
user_1c0ffe6ae5e6,user,2,lain,1.0
user_1c19c1da6f5d,user,2,lain,1.0
user_1c2215c3303f,user,5,lain,1.0
user_1c2619b9bd26,user,11,lain,1.0
user_1c28c1a894b8,user,12,lain,1.0
user_1c37b62d2b95,user,15,lain,1.0
user_1c380988f080,user,15,lain,1.0
user_1c3d6705483a,user,4,lain,1.0
user_1c418319d7ad,user,1,niat menonton,1.0
user_1c427e433967,user,6,lain,1.0
user_1c4481fb57fa,user,8,lain,1.0
user_1c5cf2304a9f,user,4,lain,1.0
user_1c7f010847a5,user,1,lain,1.0
user_1c80c2541b31,user,2,niat menonton,2.0
user_1c8500cbbbb7,user,15,lain,1.0
user_1c9d9dffd0a6,user,3,takut (pujian?),2.0
user_1c9f327cf572,user,4,lain,1.0
user_1ca07d8ac8e8,user,7,lain,1.0
user_1ca24964ca5e,user,5,niat menonton,1.0
user_1cc04d0a83e2,user,8,lain,1.0
user_1cc8b8bf8e5c,user,9,lain,1.0
user_1ccfd8a54f74,user,2,lain,1.0
user_1cd5002a9f45,user,13,lain,1.0
user_1cffc89be7e3,user,6,lain,1.0
user_1d0345fb74e1,user,2,lain,1.0
user_1d1a1e636f77,user,2,lain,4.0
user_1d21bf05e677,user,8,takut (pujian?),1.0
user_1d5f203b4d18,user,2,lain,1.0
user_1d6922a940d6,user,6,lain,1.0
user_1d6f61116fa1,user,2,lain,1.0
user_1d7426c588da,user,10,lain,1.0
user_1d7cbf75a4e5,user,3,lain,1.0
user_1d7d893e3aef,user,14,lain,1.0
user_1d9abab4d7e9,user,1,lain,1.0
user_1d9cd0296083,user,1,lain,1.0
user_1da90fa3810a,user,9,lain,1.0
user_1dab51547c2a,user,3,lain,1.0
user_1dab9f59d1d2,user,13,niat menonton,1.0
user_1db52166fdf2,user,1,lain,1.0
user_1dbf5620fee9,user,3,lain,1.0
user_1dc50631630c,user,4,lain,1.0
user_1dc63d3095b0,user,7,takut (pujian?),1.0
user_1dd2064ae2a4,user,7,lain,1.0
user_1ddaa465bc21,user,2,lain,1.0
user_1ddb38f86629,user,16,lain,1.0
user_1de81205b038,user,14,lain,1.0
user_1deae310c3cd,user,2,takut (pujian?),1.0
user_1df0fa96c48a,user,3,lain,1.0
user_1df754e79e94,user,4,lain,2.0
user_1dfddc7e8222,user,3,lain,1.0
user_1e0b6e2a08b3,user,13,niat menonton,1.0
user_1e0c1726d054,user,1,lain,1.0
user_1e1e710b8eed,user,14,lain,1.0
user_1e258fb3af6b,user,18,lain,1.0
user_1e2ad11ac087,user,3,takut (pujian?),1.0
user_1e2d762d05ae,user,1,lain,1.0
user_1e2f6b5bfc8d,user,1,lain,1.0
user_1e2fc586dcea,user,6,lain,1.0
user_1e31c741cb96,user,9,lain,1.0
user_1e377dcc99d5,user,8,lain,1.0
user_1e41c46c473e,user,1,lain,1.0
user_1e494449bb21,user,1,lain,1.0
user_1e4c99923d63,user,9,lain,1.0
user_1e53468b6d5b,user,7,takut (pujian?),1.0
user_1e55086cd87e,user,1,lain,1.0
user_1e5eec699af6,user,1,lain,2.0
user_1e6531c83b8d,user,13,lain,1.0
user_1e682ec20bb4,user,4,lain,1.0
user_1e7506aa8dbb,user,17,lain,1.0
user_1e8068f4b208,user,4,lain,2.0
user_1e851b8be5bb,user,2,lain,1.0
user_1e912eb54383,user,1,lain,1.0
user_1e920a93637c,user,5,lain,1.0
user_1e924445be82,user,9,takut (pujian?),1.0
user_1e9bcf2ec562,user,5,lain,1.0
user_1ea08cef8ef7,user,10,lain,1.0
user_1ea43994349a,user,6,lain,1.0
user_1eab8f4da2cd,user,15,lain,1.0
user_1eac603f4c96,user,13,takut (pujian?),1.0
user_1eb533f78e9b,user,11,lain,1.0
user_1eb774739fb2,user,2,lain,1.0
user_1ebae52ba991,user,14,lain,1.0
user_1ecc91d672e9,user,10,takut (pujian?),1.0
user_1ee4d7cfffcb,user,15,lain,1.0
user_1ef6fa8425ba,user,6,lain,1.0
user_1efc76805ac0,user,6,lain,1.0
user_1f0a303c13dc,user,1,takut (pujian?),1.0
user_1f0b7233614e,user,4,lain,1.0
user_1f0f87d9f982,user,2,lain,1.0
user_1f0fee1929e9,user,4,lain,1.0
user_1f2b5363f01a,user,11,lain,1.0
user_1f2d4c93ad98,user,7,takut (pujian?),1.0
user_1f2d83a5d6a5,user,1,lain,1.0
user_1f30336661df,user,4,lain,1.0
user_1f3955ad5e1d,user,12,lain,1.0
user_1f3d81fd1f10,user,12,lain,1.0
user_1f40091dcf31,user,12,lain,1.0
user_1f48394ed479,user,4,lain,1.0
user_1f4d001a7aa2,user,7,lain,1.0
user_1f59756521b3,user,1,lain,1.0
user_1f5d75c6c229,user,6,niat menonton,1.0
user_1f635f254d50,user,8,niat menonton,1.0
user_1f64acfb086d,user,5,lain,1.0
user_1f65e278ead0,user,10,niat menonton,1.0
user_1f69a4940cf5,user,7,takut (pujian?),1.0
user_1f6a883cf1f4,user,2,lain,1.0
user_1f723474b4f5,user,16,lain,1.0
user_1f7b18a32fa9,user,12,takut (pujian?),1.0
user_1f7ef644c50b,user,16,lain,1.0
user_1f80b05997c2,user,5,lain,1.0
user_1f8326e738e9,user,13,takut (pujian?),1.0
user_1f8f12bc4409,user,7,takut (pujian?),1.0
user_1f90dca1e7ab,user,7,lain,1.0
user_1f93a32f1ab5,user,1,lain,1.0
user_1fbf56472a6c,user,5,lain,1.0
user_1fd76c0f1c7b,user,2,lain,1.0
user_1fe0ea392976,user,1,lain,1.0
user_1fe66ae286a7,user,4,lain,1.0
user_1fea53693295,user,4,lain,1.0
user_1fed3752a4bb,user,5,lain,1.0
user_1ff434d89e56,user,5,lain,1.0
user_1ff6f1ac0930,user,6,lain,1.0
user_1ffeb7d53270,user,11,lain,1.0
user_20049075e64d,user,3,lain,1.0
user_20099d5662b8,user,13,lain,1.0
user_20154fbff199,user,1,lain,1.0
user_20199765f588,user,10,lain,1.0
user_201a9a5f89a9,user,1,lain,1.0
user_201c32fbbc75,user,12,takut (pujian?),1.0
user_202452925dd7,user,11,lain,1.0
user_202a4f6d0ac0,user,13,lain,1.0
user_202c46f735b0,user,4,lain,1.0
user_2031ed9abfb2,user,15,lain,1.0
user_20372bf7f265,user,7,lain,1.0
user_2047319ebf88,user,3,takut (pujian?),1.0
user_204880342754,user,9,lain,1.0
user_2050898092b4,user,8,lain,1.0
user_2050b4f4b734,user,8,lain,1.0
user_2052a7818889,user,17,lain,1.0
user_20543337c48d,user,3,niat menonton,1.0
user_20546f098151,user,1,takut (pujian?),1.0
user_2055aa71ae24,user,14,niat menonton,1.0
user_2061bbc8c848,user,6,lain,3.0
user_2074841e8844,user,6,lain,1.0
user_2079bddbb0c6,user,9,lain,1.0
user_207c3d046fca,user,7,lain,1.0
user_2080ab40bbe9,user,2,lain,1.0
user_2085813e949b,user,9,lain,2.0
user_208d89ba0895,user,9,lain,3.0
user_2094b8edb400,user,12,lain,1.0
user_20993bb2f33f,user,1,lain,1.0
user_209b34af99e9,user,14,niat menonton,1.0
user_20a0b23a27df,user,3,takut (pujian?),1.0
user_20a21d84c55b,user,11,lain,1.0
user_20a598389061,user,5,lain,1.0
user_20a824d6d1b9,user,5,lain,1.0
user_20b04fe05c08,user,9,lain,1.0
user_20ba9cecb251,user,11,lain,1.0
user_20c3243571cd,user,4,lain,1.0
user_20c6dc01aa02,user,7,lain,1.0
user_20cfcd243263,user,9,takut (pujian?),1.0
user_20d052086a13,user,12,lain,1.0
user_21005ddb7437,user,15,lain,1.0
user_21037f5f84cf,user,16,lain,1.0
user_2105983b3f28,user,14,lain,1.0
user_21109ca41764,user,6,lain,1.0
user_211738a49063,user,6,lain,1.0
user_211bbb6c7270,user,7,lain,1.0
user_211fac0ff255,user,5,lain,1.0
user_2122f121307d,user,9,takut (pujian?),2.0
user_21472c2669be,user,5,lain,1.0
user_214751451914,user,10,niat menonton,1.0
user_214c6a60d3f4,user,6,lain,1.0
user_215527677879,user,10,lain,1.0
user_2157d5c986c4,user,4,lain,1.0
user_2158c4b97d9d,user,4,lain,1.0
user_215ace279f48,user,15,lain,1.0
user_21640e8732c3,user,6,lain,1.0
user_216449b9a3df,user,8,takut (pujian?),1.0
user_216835151ece,user,8,lain,1.0
user_216a9b4b0111,user,1,lain,1.0
user_216f08274e3c,user,4,lain,1.0
user_216f69883857,user,9,lain,1.0
user_21926c2a877b,user,13,lain,1.0
user_219522595279,user,2,lain,2.0
user_219ad5fde274,user,1,lain,1.0
user_21a06d4682a9,user,1,lain,1.0
user_21abdad68e96,user,4,lain,1.0
user_21ac17a5e8c9,user,5,lain,1.0
user_21aca3f03fe5,user,4,lain,1.0
user_21bc68b2fce1,user,12,takut (pujian?),2.0
user_21cda4dab370,user,15,lain,1.0
user_21e323bb0728,user,9,lain,1.0
user_21e8355c433f,user,4,lain,1.0
user_21fd1d472b5a,user,1,lain,1.0
user_221d26d07cc0,user,2,lain,1.0
user_2229d38154c3,user,2,lain,1.0
user_222f58e71dfb,user,2,lain,1.0
user_2232b454600d,user,1,lain,1.0
user_223d1d7e5b8b,user,13,lain,1.0
user_22491ba3edac,user,15,lain,1.0
user_2252bf044024,user,10,lain,1.0
user_2255a283f14d,user,1,lain,1.0
user_225ddb6cca52,user,10,lain,2.0
user_2269c106915e,user,1,lain,1.0
user_2286ac3c91b7,user,2,lain,1.0
user_228c61d8a1b0,user,15,lain,1.0
user_228ffbc79b75,user,1,lain,1.0
user_2291728f908b,user,11,lain,1.0
user_22bee1d83106,user,6,niat menonton,1.0
user_22c8a9412a99,user,2,lain,1.0
user_22c95034703d,user,9,lain,1.0
user_22d37086b242,user,16,lain,1.0
user_22e2936f710e,user,5,lain,1.0
user_2310b08e818c,user,2,takut (pujian?),1.0
user_23155b7ca87d,user,12,niat menonton,1.0
user_2318ae914e8a,user,1,lain,1.0
user_231e54ebe78d,user,2,lain,1.0
user_23239add8e9d,user,2,lain,1.0
user_232e72a099d7,user,2,lain,1.0
user_23328ff66c66,user,11,lain,1.0
user_234037025d83,user,2,lain,1.0
user_2356633bfed0,user,6,lain,1.0
user_236b503f9269,user,1,lain,1.0
user_2371a32f9e15,user,10,lain,1.0
user_2372b9978084,user,5,lain,1.0
user_23748941a59a,user,14,lain,1.0
user_23751789b10d,user,1,takut (pujian?),1.0
user_237711819697,user,1,takut (pujian?),1.0
user_23951a1ea6a2,user,5,lain,1.0
user_2396bb8dd954,user,2,lain,1.0
user_239af3ed44e0,user,13,lain,3.0
user_239b78a2409b,user,11,lain,1.0
user_239f756665f4,user,1,niat menonton,1.0
user_239f84f67c1a,user,1,takut (pujian?),1.0
user_23a105a3427f,user,3,lain,1.0
user_23a2e56091b6,user,12,lain,1.0
user_23ae199d2faa,user,8,lain,2.0
user_23b81dd02e4e,user,1,lain,2.0
user_23bbc2cdb1f5,user,1,niat menonton,1.0
user_23cc4b38d9b4,user,6,lain,1.0
user_23cdd7af99bf,user,4,lain,1.0
user_23db88e73c5b,user,13,lain,1.0
user_23e500a41f8d,user,2,lain,1.0
user_23e79147a631,user,1,lain,1.0
user_23eea57be985,user,4,lain,1.0
user_23f15bad243a,user,6,lain,1.0
user_23f2c1a766f0,user,10,lain,1.0
user_23f8a45d1bed,user,3,takut (pujian?),1.0
user_240fba6e03e9,user,2,lain,1.0
user_241a042b0fd8,user,6,lain,1.0
user_2420c4409667,user,11,lain,1.0
user_242209df95ea,user,14,lain,2.0
user_2425e33d2f29,user,13,lain,1.0
user_243748586c66,user,1,niat menonton,1.0
user_2437a78cbe36,user,1,lain,1.0
user_24464011499e,user,10,lain,1.0
user_244ace926cbc,user,1,lain,1.0
user_24620f3b259a,user,6,lain,1.0
user_246d4972a77d,user,15,lain,1.0
user_2475783e4fef,user,16,takut (pujian?),1.0
user_2496770fb8c0,user,1,niat menonton,1.0
user_249b8c4d3532,user,2,lain,1.0
user_24a0e0a68685,user,5,lain,1.0
user_24a45131034e,user,4,takut (pujian?),1.0
user_24a8f73d77fc,user,6,lain,1.0
user_24b7a15d4f67,user,11,lain,1.0
user_24c3aee2cded,user,16,takut (pujian?),1.0
user_24d60c6971b0,user,2,lain,1.0
user_24d9da30a8cf,user,3,lain,1.0
user_24dbc937fc4a,user,6,takut (pujian?),1.0
user_24de06449558,user,3,lain,1.0
user_24df6d1697b2,user,14,lain,1.0
user_24e384eaa3df,user,16,lain,1.0
user_24f2baaa2739,user,7,niat menonton,1.0
user_250e6e301e26,user,1,takut (pujian?),1.0
user_250e9321b5ba,user,15,lain,1.0
user_2518009d73f8,user,16,takut (pujian?),2.0
user_25192ffc2b16,user,1,lain,1.0
user_251de92e1efb,user,10,lain,1.0
user_25266a7e7a40,user,7,lain,1.0
user_252fc72a84b2,user,1,takut (pujian?),1.0
user_2537dd8cdffd,user,14,lain,1.0
user_2542b69836de,user,9,lain,1.0
user_2549ce332cd2,user,10,lain,1.0
user_255041237dd1,user,5,lain,1.0
user_2563c18c1d36,user,8,lain,1.0
user_256c39e993f2,user,4,lain,1.0
user_257b370b1ce6,user,4,lain,3.0
user_257f3f276bc6,user,8,lain,1.0
user_2580099c079e,user,6,lain,1.0
user_25802bde4f88,user,1,lain,1.0
user_2597cfa072f5,user,1,niat menonton,1.0
user_25ad25c7f6da,user,4,lain,1.0
user_25adc880f68a,user,10,lain,1.0
user_25b1b2839140,user,4,lain,1.0
user_25b1d537f295,user,1,lain,1.0
user_25ba68e57eb1,user,7,takut (pujian?),1.0
user_25bee1566322,user,6,lain,1.0
user_25c0a171f32e,user,2,lain,1.0
user_25c1da953158,user,16,lain,1.0
user_25c51ab60274,user,7,lain,1.0
user_25d4ccb49b4b,user,4,lain,1.0
user_25e13449cf1f,user,9,lain,1.0
user_25eea107bc69,user,2,lain,2.0
user_25f25479f3ec,user,3,niat menonton,1.0
user_2602630be3d6,user,3,takut (pujian?),1.0
user_260609e67845,user,15,lain,1.0
user_2609b6f68b00,user,11,lain,1.0
user_26147ddc6e56,user,1,lain,1.0
user_2615eefcdd40,user,2,lain,1.0
user_261b16f5b169,user,10,lain,1.0
user_262c3c437bae,user,3,lain,1.0
user_263137199c32,user,2,lain,1.0
user_263cb906a8ea,user,2,lain,1.0
user_263d6a49986e,user,11,lain,1.0
user_26491ff1de01,user,1,lain,1.0
user_26528c908db5,user,4,lain,1.0
user_2654dae03873,user,15,lain,1.0
user_26607ecb451a,user,1,takut (pujian?),1.0
user_266be96fcb01,user,13,lain,1.0
user_2675feb1555a,user,9,lain,1.0
user_268c209f9637,user,3,lain,1.0
user_26a23e9c1411,user,1,lain,2.0
user_26a4e5413d70,user,3,lain,1.0
user_26a8d87564b2,user,15,lain,1.0
user_26b5c5998dfd,user,7,takut (pujian?),1.0
user_26c4c02307e7,user,1,niat menonton,1.0
user_26c67c41c7d0,user,1,lain,1.0
user_26ccc1b72224,user,11,lain,1.0
user_26d3114198c8,user,4,takut (pujian?),1.0
user_26f5660966ca,user,1,lain,1.0
user_26fa5f61ef44,user,1,niat menonton,1.0
user_27003f817aed,user,4,lain,1.0
user_270e49637294,user,1,lain,1.0
user_270fbe18f71d,user,9,lain,1.0
user_271dc2f06277,user,2,lain,1.0
user_27312f2eea51,user,13,takut (pujian?),1.0
user_2739fe77006c,user,5,lain,1.0
user_273bd37c2238,user,2,lain,1.0
user_273e01109cc5,user,5,takut (pujian?),1.0
user_2765e6e0243c,user,10,takut (pujian?),1.0
user_2771c2043539,user,4,niat menonton,1.0
user_27786b6df926,user,9,lain,1.0
user_277beeef659b,user,3,niat menonton,1.0
user_277c80342ce9,user,8,lain,1.0
user_277da01cd68d,user,3,lain,1.0
user_277e3f5e3c85,user,6,lain,1.0
user_277e6968115f,user,15,lain,1.0
user_278c0c85eb6f,user,6,niat menonton,1.0
user_278ead97b38e,user,1,lain,1.0
user_278fd7e411d1,user,1,niat menonton,1.0
user_2790d17c86cf,user,4,lain,1.0
user_27944f72b4df,user,14,lain,1.0
user_27a532b465c2,user,2,lain,1.0
user_27aed0ac919e,user,10,lain,1.0
user_27aeda39aa8d,user,13,lain,1.0
user_27b2bf9c28cf,user,3,lain,1.0
user_27c35695d202,user,7,lain,1.0
user_27c8d5ac1125,user,1,lain,1.0
user_27d5590c260b,user,1,lain,1.0
user_27ee74143078,user,1,lain,1.0
user_27f6cd7deabe,user,6,lain,1.0
user_27fcd936e003,user,10,lain,4.0
user_27ffaa028248,user,11,niat menonton,1.0
user_280a403033cb,user,2,takut (pujian?),1.0
user_281278d582d6,user,1,niat menonton,1.0
user_28135478e24c,user,14,lain,1.0
user_2815845fb643,user,1,lain,1.0
user_2829b47b238a,user,1,takut (pujian?),1.0
user_282d467af3cf,user,1,lain,1.0
user_2833138d798f,user,1,lain,1.0
user_28341b1c629e,user,4,lain,1.0
user_283557cdbfd2,user,17,takut (pujian?),1.0
user_283e24f1b695,user,6,lain,1.0
user_28454ad8aa3f,user,1,lain,1.0
user_28515b029e6b,user,2,lain,1.0
user_2855337f6b6b,user,7,lain,1.0
user_28575b57f51c,user,1,lain,1.0
user_2864f0a42f3b,user,9,lain,1.0
user_2873dde25729,user,16,lain,1.0
user_28773ffd7dd1,user,3,lain,1.0
user_2889a6c6c341,user,5,lain,1.0
user_288e4a8a1e9b,user,1,lain,1.0
user_28aed68445bd,user,14,lain,1.0
user_28b927a2e9cf,user,2,lain,1.0
user_28c4db7b3022,user,9,lain,1.0
user_28cc6c98d01b,user,5,lain,1.0
user_28ce9f32d3b1,user,2,lain,1.0
user_28d26b41e7a3,user,2,lain,1.0
user_28d4704310b9,user,4,niat menonton,1.0
user_28d75cde184e,user,3,takut (pujian?),1.0
user_28da04808ea5,user,1,lain,1.0
user_28e144b38305,user,14,lain,1.0
user_28e828fb1fd8,user,17,takut (pujian?),1.0
user_28eafeb0022f,user,14,lain,6.0
user_28fc0882928b,user,10,lain,1.0
user_28ff532b7101,user,3,lain,1.0
user_290c3ce1b5c3,user,2,lain,1.0
user_291e2dbf0457,user,1,lain,1.0
user_291eef411dee,user,4,lain,1.0
user_2930af1ceca8,user,16,lain,1.0
user_293ac970dd03,user,5,lain,1.0
user_29522ad37f91,user,15,lain,1.0
user_2956d9b6f8ce,user,10,lain,1.0
user_295c53f7bea4,user,4,takut (pujian?),1.0
user_297e5c3477c5,user,6,niat menonton,1.0
user_2998e4ea1431,user,11,lain,1.0
user_29a1ab66d577,user,5,lain,1.0
user_29a5f77bee79,user,1,lain,1.0
user_29a8dfd49369,user,10,lain,1.0
user_29addd2d1a4a,user,8,lain,1.0
user_29ca87b6aedd,user,9,lain,1.0
user_29f0c43833b9,user,2,takut (pujian?),1.0
user_29f2af5f6c45,user,1,lain,1.0
user_29ffaf61bbd7,user,4,lain,1.0
user_2a0f4d37d12a,user,4,lain,1.0
user_2a126b0ec176,user,1,lain,1.0
user_2a1b5352b87a,user,8,lain,1.0
user_2a2461f7e2d4,user,3,niat menonton,1.0
user_2a28d763e9b9,user,1,niat menonton,1.0
user_2a2a8a8ea85b,user,6,lain,1.0
user_2a346ac0e0f7,user,10,lain,1.0
user_2a3f7b53495d,user,15,lain,1.0
user_2a42c014e6a4,user,1,lain,1.0
user_2a467219809b,user,4,lain,1.0
user_2a4d0b13dee6,user,8,lain,1.0
user_2a623b6148fb,user,14,lain,1.0
user_2a624705cf01,user,5,lain,1.0
user_2a6b8ab6027b,user,13,lain,4.0
user_2a6c714c2ae8,user,11,lain,1.0
user_2a79fb96cc94,user,1,takut (pujian?),1.0
user_2a7c3599f65d,user,4,lain,1.0
user_2a7ccb0cde11,user,3,lain,1.0
user_2a84c630e78a,user,5,lain,1.0
user_2a85889801b5,user,1,niat menonton,1.0
user_2a8c688d0911,user,16,lain,1.0
user_2a9cb3291277,user,1,lain,2.0
user_2aa0e60a5b19,user,3,niat menonton,1.0
user_2aa6a7075476,user,2,lain,1.0
user_2aaa3f9c5d8f,user,1,lain,1.0
user_2aae106c46ce,user,4,lain,1.0
user_2ab573a14643,user,1,niat menonton,1.0
user_2ac4ae7fb234,user,6,lain,1.0
user_2acc1468ba12,user,7,lain,1.0
user_2acd066aba9d,user,1,lain,1.0
user_2ace97d3e16d,user,5,lain,1.0
user_2ad14f836bd0,user,4,lain,1.0
user_2ae43a023d7e,user,15,lain,1.0
user_2ae4dd0fe565,user,1,lain,1.0
user_2aea56a4a70c,user,6,lain,1.0
user_2aeab5f552a9,user,1,lain,1.0
user_2b0127493189,user,14,lain,1.0
user_2b0e3b03168f,user,1,takut (pujian?),1.0
user_2b13505f58f5,user,2,lain,1.0
user_2b18a17817b6,user,16,lain,1.0
user_2b197795c36e,user,3,lain,1.0
user_2b1c714c124d,user,1,niat menonton,1.0
user_2b258295f9e2,user,6,lain,1.0
user_2b264a47dbf3,user,7,lain,1.0
user_2b27dbf75f30,user,3,lain,1.0
user_2b3afe8fd743,user,13,lain,1.0
user_2b4b31d2f5d1,user,2,lain,1.0
user_2b5fe883f9eb,user,10,lain,1.0
user_2b676e357202,user,10,lain,2.0
user_2b7223bdb31f,user,2,lain,1.0
user_2b74c2adfd83,user,1,lain,1.0
user_2b78438af9db,user,2,lain,1.0
user_2b84cd5537c2,user,10,lain,1.0
user_2b8f1414d9f6,user,1,lain,1.0
user_2b988e7a7817,user,1,lain,1.0
user_2b9bfd284fce,user,1,lain,1.0
user_2baeb4e089df,user,16,lain,1.0
user_2baf98cd4011,user,5,takut (pujian?),1.0
user_2bafbc9d9353,user,4,takut (pujian?),1.0
user_2bb7b98aa9a4,user,1,lain,1.0
user_2bb8afa04f32,user,4,lain,1.0
user_2bb98e049ce6,user,4,lain,1.0
user_2bbc8c470604,user,2,takut (pujian?),1.0
user_2bc324461e85,user,14,lain,2.0
user_2bc93a93fc46,user,5,lain,1.0
user_2bcb08aae9ee,user,4,lain,1.0
user_2bcf62c55b8a,user,11,lain,1.0
user_2bd8cca2f633,user,4,lain,1.0
user_2bd98081cb03,user,4,lain,1.0
user_2be3133865ca,user,9,lain,1.0
user_2bf2d0c17e1b,user,12,takut (pujian?),1.0
user_2bf7fb41f702,user,5,lain,1.0
user_2bffd460c38d,user,8,lain,1.0
user_2c037a827f64,user,2,lain,1.0
user_2c0811558eff,user,16,lain,1.0
user_2c19f06adb58,user,12,lain,1.0
user_2c1ebde12335,user,11,lain,1.0
user_2c205c220a7a,user,15,lain,1.0
user_2c21206f5db0,user,14,lain,1.0
user_2c21b5e9a9bc,user,2,lain,2.0
user_2c2476de202b,user,8,takut (pujian?),1.0
user_2c3414329c91,user,1,lain,1.0
user_2c43a23d4784,user,5,lain,1.0
user_2c4d678bdec3,user,16,lain,1.0
user_2c5c774216c7,user,5,lain,1.0
user_2c6196b51c4d,user,10,lain,1.0
user_2c62010c3967,user,3,niat menonton,1.0
user_2c69e4ed9d47,user,11,lain,1.0
user_2c8319840695,user,4,lain,1.0
user_2c883480902a,user,4,lain,1.0
user_2c8c3eee22f8,user,1,lain,1.0
user_2c8d5b4de4dd,user,1,lain,1.0
user_2c92704d49c2,user,13,lain,1.0
user_2c996bf2862e,user,5,lain,1.0
user_2cab5d0cffa7,user,2,lain,1.0
user_2cabf1bc196b,user,2,lain,1.0
user_2cad447d5ab9,user,5,lain,1.0
user_2cafae390b9b,user,4,lain,1.0
user_2cb426daa8a6,user,2,takut (pujian?),2.0
user_2cd33e8cc2cc,user,2,lain,1.0
user_2cd53fa3701d,user,6,takut (pujian?),1.0
user_2cd75fa08281,user,8,lain,1.0
user_2cd98321fe82,user,3,lain,1.0
user_2cdf47dce2bc,user,7,lain,1.0
user_2ce3709ec880,user,15,lain,1.0
user_2cf01edd31fc,user,16,lain,1.0
user_2cf2f74ee372,user,12,lain,1.0
user_2cfaae4fe4bd,user,2,lain,1.0
user_2d011d4e9ef7,user,2,lain,1.0
user_2d041545052c,user,1,lain,1.0
user_2d0dfd047e9a,user,12,lain,2.0
user_2d0f8359b876,user,13,lain,1.0
user_2d1ba081f975,user,2,niat menonton,2.0
user_2d22169d6dc2,user,17,lain,1.0
user_2d2f0209651e,user,1,lain,1.0
user_2d335289a0dc,user,3,takut (pujian?),1.0
user_2d3425e6a72a,user,11,lain,1.0
user_2d396b8bf66f,user,3,lain,1.0
user_2d3a3a84fdc7,user,1,lain,1.0
user_2d4ff295d0a0,user,1,lain,1.0
user_2d641f758c54,user,1,lain,1.0
user_2d6c09bb6f04,user,13,lain,2.0
user_2d7494dd5ebf,user,6,takut (pujian?),1.0
user_2d7e55c7b352,user,1,lain,2.0
user_2d8615db5e37,user,1,lain,1.0
user_2d87764b22ad,user,15,lain,1.0
user_2d8eac8f5e1b,user,2,lain,1.0
user_2d99eaec3081,user,2,niat menonton,1.0
user_2d9fa5810445,user,14,lain,1.0
user_2da8215513ad,user,6,lain,1.0
user_2dac86f43cab,user,13,lain,1.0
user_2daeaac9735c,user,3,takut (pujian?),1.0
user_2dc3de3bab06,user,2,lain,1.0
user_2dd46bc46775,user,1,lain,1.0
user_2dd879c92851,user,14,lain,1.0
user_2de2ebbde6a4,user,10,lain,1.0
user_2debd82c645e,user,7,takut (pujian?),1.0
user_2e0ffea596e5,user,3,lain,1.0
user_2e108796f761,user,8,lain,1.0
user_2e14d28030e1,user,16,lain,1.0
user_2e1b9052c22b,user,1,lain,1.0
user_2e2c2bf441ae,user,1,niat menonton,1.0
user_2e2ea3fec890,user,4,takut (pujian?),1.0
user_2e2eebd33af4,user,14,niat menonton,1.0
user_2e3a45b74801,user,1,lain,1.0
user_2e4d7e335924,user,10,lain,1.0
user_2e4f0452ab7f,user,2,lain,1.0
user_2e51da126d7e,user,12,lain,1.0
user_2e541ee2437c,user,14,lain,2.0
user_2e63461a8874,user,1,lain,1.0
user_2e6fd5b654ef,user,11,lain,1.0
user_2e82de9fc5ad,user,3,lain,1.0
user_2e8d5d495793,user,6,takut (pujian?),1.0
user_2e8ed390bbac,user,15,takut (pujian?),1.0
user_2e91da92b4a3,user,1,lain,1.0
user_2ea39ede2d01,user,1,niat menonton,1.0
user_2ea4fb8eb6f0,user,16,lain,2.0
user_2eaaaf106b22,user,6,takut (pujian?),1.0
user_2ec9d764ae2f,user,1,lain,1.0
user_2ecb7f167221,user,13,lain,1.0
user_2ed4a3b76c88,user,13,lain,1.0
user_2efb5c7d4ffd,user,1,takut (pujian?),1.0
user_2f006719b0f4,user,11,lain,1.0
user_2f0e6673f0af,user,3,lain,1.0
user_2f140a2ab752,user,15,lain,1.0
user_2f17884ccd2d,user,5,lain,1.0
user_2f1847ec83b1,user,1,takut (pujian?),1.0
user_2f2266dc57a7,user,5,lain,1.0
user_2f3596d21c38,user,4,lain,1.0
user_2f3ca3300652,user,2,lain,1.0
user_2f3e19c71262,user,9,lain,1.0
user_2f4fc1774f4f,user,11,lain,1.0
user_2f51872b0145,user,12,lain,1.0
user_2f68282fed20,user,2,lain,1.0
user_2f6b36784337,user,4,takut (pujian?),1.0
user_2f786f3f1cc0,user,2,takut (pujian?),1.0
user_2f958dc1ab62,user,6,lain,1.0
user_2f95a83aeb20,user,8,niat menonton,1.0
user_2f98e47305bb,user,8,lain,1.0
user_2f9aec8636ae,user,4,niat menonton,1.0
user_2f9d5a2be1a1,user,2,lain,1.0
user_2fa64ae8f3d6,user,1,niat menonton,1.0
user_2fafdedd2050,user,3,lain,1.0
user_2fb3b8b2c38e,user,16,lain,1.0
user_2fb45f96d693,user,1,takut (pujian?),1.0
user_2fb6ab2f5246,user,1,lain,1.0
user_2fbc900ed113,user,5,lain,1.0
user_2fc548ba8518,user,7,takut (pujian?),1.0
user_2fc88c829d8d,user,1,niat menonton,1.0
user_2fd26fa7411e,user,7,lain,1.0
user_2fd52e3e7d05,user,9,lain,1.0
user_2fd837d61f4d,user,11,lain,1.0
user_2fde6ac85d27,user,2,lain,1.0
user_2fe052cf6a58,user,14,lain,1.0
user_2fe0fd447fb4,user,1,lain,1.0
user_2fe795126d82,user,9,lain,1.0
user_2fe80b9bf0ef,user,1,lain,1.0
user_2fecdf480ac1,user,3,lain,1.0
user_2ff989181afa,user,10,lain,1.0
user_2ffe5a3c9ee7,user,13,lain,1.0
user_3021137403fb,user,9,lain,1.0
user_30339a1ae5aa,user,1,lain,1.0
user_303999e3297a,user,14,lain,1.0
user_303f4a1026eb,user,2,lain,1.0
user_3041e2a61734,user,9,lain,1.0
user_30490cb1d4f9,user,7,takut (pujian?),1.0
user_304e31033d6a,user,1,takut (pujian?),1.0
user_3052ed772e25,user,8,takut (pujian?),1.0
user_30546478bc13,user,5,lain,1.0
user_3055e0e0f8e9,user,15,lain,1.0
user_305a8a8d2c05,user,16,lain,1.0
user_306a7c51c0d7,user,12,takut (pujian?),1.0
user_306f814641cb,user,1,takut (pujian?),1.0
user_30720fed659e,user,7,lain,1.0
user_307f172ae472,user,1,lain,1.0
user_3087a44f7c2a,user,1,lain,1.0
user_30a00005aa2f,user,9,lain,1.0
user_30a5c1c55156,user,4,niat menonton,1.0
user_30b373eedbd7,user,3,niat menonton,1.0
user_30ba81afe9d6,user,5,lain,1.0
user_30be41afb170,user,1,niat menonton,1.0
user_30bed8976a52,user,15,lain,1.0
user_30c6794bd5d9,user,7,takut (pujian?),1.0
user_30cabd007bf8,user,1,lain,1.0
user_30d0c3eb8ca4,user,6,takut (pujian?),1.0
user_30d721b3184f,user,8,takut (pujian?),1.0
user_30ddfdf1d90f,user,6,niat menonton,1.0
user_30e54d5d37ce,user,1,lain,1.0
user_30e8bb6c53af,user,2,lain,1.0
user_30f6bea139eb,user,11,lain,1.0
user_30f9ab9d57f2,user,1,niat menonton,1.0
user_30fd237b5d26,user,5,lain,1.0
user_30fe2de8982b,user,1,lain,1.0
user_3109eb677578,user,15,lain,1.0
user_31118518a3ed,user,14,lain,1.0
user_3115c8d04308,user,4,lain,1.0
user_311a0a84cbe1,user,8,lain,1.0
user_311f7bd32209,user,2,lain,1.0
user_312acbe0b441,user,3,lain,1.0
user_312d7167b1f4,user,4,lain,1.0
user_312ffd9f06cc,user,15,lain,1.0
user_3134cdf33ddc,user,11,lain,1.0
user_31400dc904bb,user,9,takut (pujian?),1.0
user_3140ca207117,user,12,lain,1.0
user_3147e0c2d1da,user,3,lain,1.0
user_31533b2de639,user,4,lain,1.0
user_315a2de1f3e4,user,4,niat menonton,1.0
user_315e4cd8988f,user,9,lain,1.0
user_31605f28ea40,user,8,takut (pujian?),1.0
user_316a77e43c4d,user,1,niat menonton,1.0
user_3170ce97e735,user,2,lain,1.0
user_31757338a735,user,1,lain,1.0
user_3176c65a9c32,user,10,lain,1.0
user_31905d147b24,user,2,lain,1.0
user_3190eb0ac16c,user,14,lain,1.0
user_319abb93c313,user,11,lain,1.0
user_319d18c22928,user,6,lain,1.0
user_319d31c8cb5b,user,6,lain,1.0
user_319d592f599b,user,10,lain,1.0
user_319dad043d15,user,9,lain,1.0
user_319f0d731ca2,user,3,lain,1.0
user_31a1ded75719,user,1,niat menonton,1.0
user_31ab7c9811d0,user,4,niat menonton,1.0
user_31ab97a81592,user,11,lain,1.0
user_31b5e998ad57,user,9,lain,1.0
user_31b9d2bcf289,user,6,niat menonton,1.0
user_321608610e66,user,11,lain,1.0
user_3216f1324d1e,user,15,lain,1.0
user_3217f923a26b,user,1,lain,1.0
user_3219c9e555ce,user,1,lain,1.0
user_3233fe48666b,user,4,lain,1.0
user_323846e302fb,user,1,lain,1.0
user_32459a5cb58d,user,1,lain,1.0
user_32462d0378e9,user,9,lain,1.0
user_32465c4d9249,user,6,lain,1.0
user_32528d702ff4,user,5,lain,1.0
user_3266290f9810,user,14,lain,1.0
user_32794954e034,user,9,lain,1.0
user_327be18449fb,user,5,lain,1.0
user_327e51721915,user,1,lain,1.0
user_3288ecb5d002,user,5,takut (pujian?),1.0
user_32956897d4f0,user,3,lain,1.0
user_329e825288c5,user,7,takut (pujian?),1.0
user_329ec9cae579,user,17,takut (pujian?),1.0
user_32acfb13c6f0,user,7,lain,1.0
user_32ad96ff6c4e,user,7,lain,1.0
user_32af37e88162,user,11,lain,1.0
user_32b8b4e9846a,user,12,lain,1.0
user_32c016494241,user,1,lain,1.0
user_32d9e7b12fe4,user,10,lain,1.0
user_32ebd2321615,user,11,lain,1.0
user_32f6f97851c8,user,6,lain,1.0
user_32fc97edbe8a,user,16,lain,1.0
user_330ba1901715,user,12,lain,1.0
user_3310aca88d3e,user,9,lain,1.0
user_331f102b790c,user,3,niat menonton,1.0
user_3332f9036504,user,2,lain,1.0
user_3353cdda30a3,user,1,niat menonton,1.0
user_3353d3483cda,user,3,niat menonton,1.0
user_3368cf5b5476,user,1,takut (pujian?),1.0
user_337016c68604,user,9,lain,1.0
user_3377d88f4c63,user,8,lain,2.0
user_338725b856c5,user,1,lain,1.0
user_3398123f7309,user,8,lain,1.0
user_3398a69005e6,user,4,lain,1.0
user_33992dffb4c8,user,13,lain,1.0
user_33a9cf08772b,user,1,lain,2.0
user_33add603f7b0,user,5,lain,1.0
user_33c89dc02e5b,user,7,lain,1.0
user_33ca099a6abd,user,13,takut (pujian?),2.0
user_33d2735dd234,user,1,niat menonton,1.0
user_33ef7e874c81,user,10,lain,2.0
user_3418cf5769b3,user,1,lain,1.0
user_3421633e4f88,user,11,lain,1.0
user_342e3e97f508,user,8,lain,1.0
user_342fb696c6bd,user,15,niat menonton,1.0
user_3435c3d16457,user,4,lain,1.0
user_343aef24de49,user,1,lain,1.0
user_34436d55fe68,user,5,lain,1.0
user_345bc2631485,user,1,takut (pujian?),1.0
user_3468bce8eb98,user,2,lain,1.0
user_3469ad5c699b,user,3,lain,1.0
user_347b1bc32004,user,14,lain,1.0
user_3481b7c4daed,user,3,takut (pujian?),1.0
user_3490490976c4,user,2,lain,1.0
user_34a36166f0d5,user,10,lain,3.0
user_34ae8915e9df,user,2,lain,1.0
user_34b250426f48,user,13,lain,1.0
user_34bc94963a24,user,9,lain,1.0
user_34c08e547065,user,3,lain,1.0
user_34d67ea779b8,user,1,lain,1.0
user_34e20a2f07c3,user,2,lain,1.0
user_34e947bbea6c,user,4,lain,1.0
user_34f7aff694cd,user,2,lain,1.0
user_35123c227a53,user,8,takut (pujian?),1.0
user_351ea77cbe79,user,2,lain,1.0
user_3521ae15bc81,user,10,lain,1.0
user_352a6e8e7399,user,13,lain,1.0
user_352d85b394a5,user,1,lain,1.0
user_35316542c6db,user,7,lain,1.0
user_353970a83cf9,user,3,lain,1.0
user_3541767426fb,user,11,lain,1.0
user_35435955b29d,user,8,lain,1.0
user_3549f7e7bf75,user,15,lain,1.0
user_35520113fdfa,user,3,takut (pujian?),1.0
user_355d141d7e64,user,6,lain,1.0
user_357086c34f58,user,10,niat menonton,1.0
user_35787c6db11f,user,8,lain,1.0
user_3592a51dcf42,user,9,takut (pujian?),1.0
user_35aad0c8687d,user,9,takut (pujian?),1.0
user_35b0aa7ae57e,user,1,lain,1.0
user_35b198a12c8c,user,5,lain,1.0
user_35b6b1debf39,user,1,lain,1.0
user_35c5bbdba586,user,5,lain,1.0
user_35d987975a61,user,5,lain,1.0
user_35e577bbb1fe,user,11,lain,1.0
user_35e8a8211b2a,user,7,lain,1.0
user_35ec648fe533,user,1,lain,1.0
user_35f3ecccb45c,user,3,lain,1.0
user_35f8b2316f84,user,2,lain,1.0
user_35fda476f66c,user,12,takut (pujian?),1.0
user_35fdf85618f2,user,4,lain,1.0
user_361b53b4ab7d,user,9,lain,1.0
user_361ece4a09da,user,7,lain,1.0
user_362befe3dfdd,user,14,lain,1.0
user_3630b8e370d1,user,4,lain,1.0
user_3636d9711c6e,user,8,lain,1.0
user_364b854af186,user,1,lain,1.0
user_364bcfddaeea,user,1,lain,1.0
user_364bd39f5a77,user,1,lain,1.0
user_365131a59add,user,9,lain,2.0
user_3654e5edb5be,user,17,lain,1.0
user_365946ea5257,user,4,lain,1.0
user_3669859faa84,user,6,takut (pujian?),1.0
user_367c1704fc5d,user,14,lain,1.0
user_3680160ce031,user,6,lain,2.0
user_368d382230ce,user,2,niat menonton,1.0
user_369fa60a5e3c,user,6,lain,1.0
user_36a4f39ce17a,user,3,lain,1.0
user_36c2561c515c,user,1,lain,1.0
user_36c484694e0c,user,9,lain,1.0
user_36d1c0f0473d,user,1,lain,1.0
user_36d3e366b089,user,2,niat menonton,1.0
user_36de804a40f1,user,9,lain,1.0
user_36e48ff60ec5,user,3,lain,2.0
user_36eb0a321867,user,4,lain,1.0
user_36f249aa7259,user,1,lain,1.0
user_371778454ae2,user,7,lain,1.0
user_372a507dab18,user,1,takut (pujian?),1.0
user_373d98a93612,user,12,lain,1.0
user_373dcb047442,user,2,lain,1.0
user_375392259f0f,user,1,takut (pujian?),1.0
user_375a8a602dee,user,7,lain,1.0
user_375b0dfa20d2,user,1,lain,1.0
user_3763bff950e4,user,9,lain,1.0
user_3768d7e876f2,user,2,lain,1.0
user_3769efd8d2fc,user,11,lain,1.0
user_3774b28579f1,user,5,lain,1.0
user_377d0beb9724,user,5,lain,1.0
user_377fdce32a0d,user,12,lain,1.0
user_3780abd8fff1,user,14,lain,1.0
user_37890b18e0f5,user,1,lain,1.0
user_37910319966e,user,3,lain,1.0
user_37a320eb3eee,user,18,lain,1.0
user_37a67b348568,user,11,lain,1.0
user_37a93164ea4f,user,10,lain,1.0
user_37c4d0dad688,user,14,takut (pujian?),1.0
user_37c9522a9de4,user,10,lain,1.0
user_37d856a9eb16,user,3,lain,1.0
user_37da3901725c,user,13,lain,1.0
user_37ee53cd5f62,user,6,lain,1.0
user_37f00aabecbf,user,14,lain,1.0
user_37f31f99ebb4,user,9,takut (pujian?),1.0
user_37f34a954daf,user,6,lain,1.0
user_37f80ba86639,user,1,lain,1.0
user_37fa9f2b7809,user,1,lain,1.0
user_37fb83ca684e,user,7,lain,1.0
user_3800723335dd,user,8,lain,1.0
user_380952dc9383,user,10,lain,1.0
user_380a7d454b19,user,5,lain,1.0
user_381654af65e5,user,3,lain,1.0
user_381c00858e38,user,4,takut (pujian?),1.0
user_381c4dc191a4,user,2,takut (pujian?),1.0
user_382225962d5f,user,3,lain,1.0
user_383c2ea79cb6,user,6,lain,1.0
user_384048d0ec31,user,2,lain,1.0
user_3847734fee7d,user,13,lain,1.0
user_38717503f8d9,user,9,takut (pujian?),1.0
user_387d9cbf6ecf,user,4,lain,1.0
user_387e536fdd00,user,1,lain,1.0
user_38807d525989,user,4,lain,1.0
user_38817062ba13,user,11,lain,1.0
user_388ffb15a06f,user,6,lain,1.0
user_3891b0476632,user,11,lain,3.0
user_38923589f8f1,user,18,lain,1.0
user_38a92e5245ec,user,2,lain,1.0
user_38b62b452848,user,8,lain,1.0
user_38b8addb90b4,user,5,lain,1.0
user_38c9b76e320f,user,15,lain,1.0
user_38cfd5aa67c0,user,13,lain,1.0
user_38d777c2958f,user,9,lain,1.0
user_38de9a8c4afd,user,1,lain,1.0
user_38fa96b98192,user,13,lain,2.0
user_38fcd7080279,user,4,lain,1.0
user_3902236c8a2e,user,1,lain,1.0
user_3906f365eca6,user,7,lain,1.0
user_3908efb98c63,user,11,lain,1.0
user_391b94f3488c,user,3,lain,1.0
user_39200c048b2f,user,4,lain,1.0
user_39210a8c97d5,user,12,takut (pujian?),1.0
user_3922f0569a6b,user,10,lain,1.0
user_3927e38e7298,user,5,lain,1.0
user_392bb7d45dd5,user,9,lain,1.0
user_392de327894b,user,9,niat menonton,1.0
user_392f606ddb4a,user,15,lain,1.0
user_393a7e6946fc,user,5,lain,1.0
user_395685e38941,user,8,lain,1.0
user_395b1ac62914,user,4,lain,1.0
user_395e54877c5d,user,3,lain,1.0
user_39692a746b3c,user,9,lain,1.0
user_39697ea2248f,user,11,lain,1.0
user_399b7557508f,user,7,lain,1.0
user_39acbbf56916,user,9,lain,1.0
user_39c43d88f657,user,9,lain,2.0
user_39c85f337cc6,user,4,niat menonton,1.0
user_39d902ab8397,user,8,lain,1.0
user_39dcb9bc2c95,user,3,lain,1.0
user_39e818f44f7e,user,1,lain,1.0
user_39f3b9dda301,user,5,takut (pujian?),1.0
user_39fab79965c6,user,3,lain,1.0
user_39fd2797728d,user,1,lain,1.0
user_3a004af9f379,user,13,lain,2.0
user_3a083e035d46,user,5,lain,1.0
user_3a0b6bc569c4,user,2,lain,1.0
user_3a0d5974ba54,user,3,lain,1.0
user_3a100131669e,user,1,lain,1.0
user_3a11f6851ad2,user,2,niat menonton,1.0
user_3a1bf187653a,user,12,lain,1.0
user_3a1cede53bcb,user,4,lain,1.0
user_3a25ca98b3e6,user,12,takut (pujian?),1.0
user_3a2c54c90e51,user,2,lain,1.0
user_3a39831a9b92,user,3,lain,1.0
user_3a40b8092e33,user,6,takut (pujian?),1.0
user_3a44eba06868,user,5,lain,1.0
user_3a5a5596b5ab,user,6,lain,1.0
user_3a66249258ce,user,1,lain,1.0
user_3a66a750c943,user,9,lain,1.0
user_3a6790315d1f,user,9,niat menonton,1.0
user_3a6fe4d4f387,user,3,lain,1.0
user_3a73dbdd3766,user,11,lain,1.0
user_3a755392fab3,user,6,niat menonton,1.0
user_3a774ba70609,user,6,niat menonton,1.0
user_3a7ab6393fb1,user,3,lain,1.0
user_3a8109e64253,user,1,takut (pujian?),1.0
user_3a810c994943,user,3,lain,1.0
user_3a8723daf884,user,5,lain,2.0
user_3a87c206a14b,user,1,lain,1.0
user_3a8ee3ccc7f1,user,14,lain,1.0
user_3a95f5e57beb,user,1,lain,1.0
user_3a99ff571e85,user,2,takut (pujian?),1.0
user_3a9a11bf7874,user,8,lain,1.0
user_3a9b18402d38,user,6,lain,1.0
user_3ab0df0961fd,user,3,lain,1.0
user_3ab29126bb57,user,2,lain,1.0
user_3ac5ca1f012a,user,1,lain,1.0
user_3ac668bd1ed0,user,3,lain,1.0
user_3ad956b41fad,user,1,niat menonton,1.0
user_3ade5f13e4dc,user,5,lain,1.0
user_3b030edfb39b,user,8,lain,1.0
user_3b2198a33108,user,15,lain,1.0
user_3b3933131c11,user,9,lain,1.0
user_3b4a7c8e6272,user,4,takut (pujian?),1.0
user_3b5ad5df41af,user,2,lain,1.0
user_3b5e4d7a3784,user,3,lain,1.0
user_3b659c5a1125,user,12,lain,1.0
user_3b67cc2da8e1,user,3,lain,1.0
user_3b6be22b8630,user,2,lain,1.0
user_3b6c1a977571,user,1,takut (pujian?),1.0
user_3b77c70d3a15,user,10,lain,1.0
user_3b7ae015acf9,user,5,lain,1.0
user_3b840d41ff88,user,3,lain,1.0
user_3b88d02f025c,user,1,niat menonton,1.0
user_3b9ce24b0a82,user,14,niat menonton,1.0
user_3baa493b1963,user,5,lain,1.0
user_3bad36bc6237,user,10,lain,1.0
user_3bbbabf40e98,user,7,lain,1.0
user_3bd1265b8739,user,10,lain,1.0
user_3bd3d05ae450,user,3,lain,1.0
user_3bf39ec909ae,user,12,lain,1.0
user_3bf8065a82eb,user,11,lain,1.0
user_3bfbfc10efc5,user,13,lain,1.0
user_3bfe3fb41f9e,user,11,lain,1.0
user_3c00d8f4fb56,user,4,niat menonton,1.0
user_3c01eb267c16,user,11,lain,1.0
user_3c0f6f82fec7,user,7,lain,1.0
user_3c13775ccf60,user,3,lain,1.0
user_3c1615a7d782,user,2,lain,1.0
user_3c1c5f2554e8,user,3,lain,1.0
user_3c2372106837,user,5,lain,1.0
user_3c36c0faba88,user,14,lain,1.0
user_3c37bb671eb7,user,4,lain,1.0
user_3c3d7747707e,user,16,lain,1.0
user_3c3e7d5b0044,user,2,takut (pujian?),1.0
user_3c4cd58be5b5,user,1,lain,1.0
user_3c5816e34ca5,user,4,lain,1.0
user_3c616b68f640,user,2,lain,1.0
user_3c800960de8a,user,2,lain,1.0
user_3c83bea626a0,user,9,lain,1.0
user_3c9c72837c29,user,3,lain,1.0
user_3cb37eda3fa4,user,9,lain,1.0
user_3cc548443a12,user,9,lain,2.0
user_3cc90403c8f9,user,8,lain,1.0
user_3ccd4cecf518,user,2,lain,1.0
user_3ccf38d33a47,user,5,lain,1.0
user_3cd0bb9cbfad,user,14,lain,1.0
user_3cd68309fabf,user,4,lain,1.0
user_3cdbd6cc84a8,user,2,lain,1.0
user_3cde9389f6f4,user,2,takut (pujian?),1.0
user_3cdf0e4818d5,user,16,lain,1.0
user_3cdfc1516bb4,user,6,lain,1.0
user_3ce7d7d1015e,user,7,lain,1.0
user_3cec97966c4d,user,4,lain,1.0
user_3cf47aefbd09,user,1,takut (pujian?),1.0
user_3cf5ead32c87,user,10,lain,2.0
user_3cfadd14eaba,user,10,lain,1.0
user_3d1157eddb61,user,11,lain,1.0
user_3d1602a6dab2,user,15,lain,1.0
user_3d23132fd235,user,7,lain,1.0
user_3d30ae22c30b,user,13,lain,1.0
user_3d31221d8649,user,3,lain,1.0
user_3d34c55d822e,user,2,lain,1.0
user_3d5c113235e0,user,8,lain,1.0
user_3d69266fcffc,user,5,lain,1.0
user_3d69d9d4b80c,user,8,lain,1.0
user_3d6faef40505,user,1,lain,1.0
user_3d70ffc4091e,user,1,lain,2.0
user_3d7559acf603,user,4,lain,1.0
user_3d88e4770102,user,1,takut (pujian?),1.0
user_3d88f93538cf,user,1,takut (pujian?),1.0
user_3d93a93a4aab,user,6,lain,1.0
user_3da620aed1a4,user,8,takut (pujian?),1.0
user_3da74649652c,user,15,lain,1.0
user_3da7d3a60ae9,user,2,lain,1.0
user_3dcec8045b61,user,11,lain,1.0
user_3dd53ffd849c,user,15,lain,1.0
user_3de4b999c282,user,16,takut (pujian?),1.0
user_3de7ff1b8061,user,12,lain,1.0
user_3dea18049cc2,user,10,lain,1.0
user_3dedc9b9da2b,user,2,lain,1.0
user_3dee7e0e51f4,user,2,lain,1.0
user_3dfeb5f68de1,user,7,lain,1.0
user_3e00412c9df9,user,11,takut (pujian?),1.0
user_3e028b5e1c72,user,8,lain,1.0
user_3e03d9d8e7ee,user,6,lain,1.0
user_3e0ecf415328,user,10,lain,1.0
user_3e1186b3d495,user,4,lain,1.0
user_3e174b8389b6,user,14,lain,1.0
user_3e1f74f88bde,user,6,lain,1.0
user_3e209c129021,user,3,lain,1.0
user_3e267fd0c50e,user,6,lain,1.0
user_3e27242c5a48,user,3,lain,1.0
user_3e32b8cf946f,user,8,lain,1.0
user_3e3507d24f44,user,12,lain,1.0
user_3e49f8087604,user,7,lain,1.0
user_3e540426d00b,user,1,niat menonton,1.0
user_3e5a8c77b327,user,10,lain,1.0
user_3e61b2176b49,user,4,lain,1.0
user_3e6a16847d9c,user,7,takut (pujian?),1.0
user_3e8146548e0c,user,15,lain,1.0
user_3e846134637a,user,1,lain,1.0
user_3e916dd0cec3,user,3,lain,1.0
user_3e9f11e087e6,user,4,takut (pujian?),1.0
user_3ea43b055ddf,user,2,lain,1.0
user_3eafb6294ba6,user,5,lain,1.0
user_3eb1b530e841,user,4,lain,1.0
user_3eb4407db06d,user,6,lain,1.0
user_3ec6e191e200,user,16,takut (pujian?),1.0
user_3ec99f60d559,user,6,lain,1.0
user_3efbb4c73f8f,user,12,takut (pujian?),2.0
user_3efd8f4aa8ac,user,11,lain,1.0
user_3f1d765a6749,user,6,niat menonton,1.0
user_3f219f2db178,user,5,lain,2.0
user_3f2ea2910c11,user,2,lain,1.0
user_3f2fb393c056,user,1,niat menonton,1.0
user_3f31a6057b09,user,9,lain,2.0
user_3f5cb7b1f13f,user,3,lain,2.0
user_3f5d2575474a,user,1,lain,1.0
user_3f5df0d65f23,user,9,lain,1.0
user_3f6ae773e0ee,user,9,lain,1.0
user_3f7aa0507141,user,1,lain,1.0
user_3f819d59cd9e,user,1,lain,1.0
user_3f8c548f482e,user,1,lain,2.0
user_3f8ddd6d24b9,user,3,lain,1.0
user_3f9cb0fd81be,user,9,lain,1.0
user_3fa22acf4b86,user,2,lain,1.0
user_3fa4b79e4022,user,1,niat menonton,1.0
user_3fa794599409,user,6,niat menonton,1.0
user_3fab20803dc0,user,10,takut (pujian?),1.0
user_3fab38b62d87,user,13,lain,1.0
user_3fb74d6822ec,user,13,lain,1.0
user_3fb79c7be372,user,1,lain,1.0
user_3fc488d00833,user,4,lain,1.0
user_3fce42713c86,user,2,takut (pujian?),1.0
user_3fdd8d855f72,user,4,lain,1.0
user_3fe0405f486f,user,17,lain,1.0
user_3ff0a83bd389,user,14,lain,1.0
user_3ff3cbfff6d9,user,8,lain,1.0
user_3ffbbce54345,user,14,lain,1.0
user_3fff80c09711,user,10,lain,1.0
user_40008eac9301,user,10,lain,1.0
user_4009892cb2ac,user,1,lain,1.0
user_400d55bd0ce1,user,7,lain,1.0
user_400dae212fb2,user,7,lain,1.0
user_401023d52968,user,6,lain,1.0
user_40225c1615a1,user,15,lain,1.0
user_4023982f3c51,user,3,takut (pujian?),1.0
user_402521b0a72d,user,2,takut (pujian?),1.0
user_40312df60f0b,user,2,lain,1.0
user_403563571599,user,6,niat menonton,1.0
user_403e0fe1c7a7,user,2,takut (pujian?),1.0
user_403f8c90993c,user,11,niat menonton,1.0
user_4041c018fe1a,user,8,lain,1.0
user_40475c0728c8,user,6,niat menonton,1.0
user_404badc46244,user,12,lain,1.0
user_4058d27bb400,user,10,lain,1.0
user_40680d302f01,user,16,lain,1.0
user_40692370b701,user,6,lain,1.0
user_406bd2df0f35,user,1,niat menonton,1.0
user_406f50d50222,user,12,lain,1.0
user_407b318e5d85,user,1,lain,1.0
user_4081be82d5c7,user,12,lain,1.0
user_4098ae980f55,user,1,lain,1.0
user_409dfc479011,user,2,lain,3.0
user_40a04f556677,user,6,lain,1.0
user_40a2d288d4a4,user,4,takut (pujian?),1.0
user_40af8a64e1d0,user,7,lain,4.0
user_40b4cffaa6fe,user,5,lain,1.0
user_40c47c563025,user,15,niat menonton,1.0
user_40cbb2fdf827,user,14,lain,1.0
user_40d7161ad905,user,1,lain,1.0
user_40ea2ba9dcd4,user,1,lain,1.0
user_40f1ad7fb0c3,user,8,niat menonton,1.0
user_40f6333d4912,user,3,lain,1.0
user_40f77d49f4a1,user,5,lain,1.0
user_4102c99e13f2,user,1,niat menonton,1.0
user_4111a82b89a7,user,17,lain,2.0
user_4114e4766dc0,user,6,takut (pujian?),1.0
user_41150afb3913,user,6,lain,3.0
user_4126cea4f8d8,user,8,lain,1.0
user_412fd76a984b,user,8,lain,1.0
user_41315d651c28,user,10,lain,3.0
user_413668d6ebea,user,16,lain,1.0
user_4137e873cb04,user,2,lain,1.0
user_413f2223d433,user,18,lain,1.0
user_41480d6a4fb1,user,1,lain,1.0
user_4148d157d018,user,7,lain,1.0
user_414f151d89cc,user,4,lain,1.0
user_4160c8f6b342,user,2,lain,1.0
user_416669752499,user,6,takut (pujian?),1.0
user_417c4ceec468,user,14,lain,1.0
user_418391a1e39d,user,1,niat menonton,1.0
user_418f3901c96f,user,13,niat menonton,1.0
user_41982b6ae0bc,user,6,takut (pujian?),1.0
user_419abd7a7cfd,user,1,lain,1.0
user_41ce4aec25ee,user,13,lain,1.0
user_41d73077f86e,user,5,lain,1.0
user_41d9457a9d7a,user,10,lain,1.0
user_41e85d362e7a,user,6,lain,1.0
user_41f149eb00cf,user,13,lain,1.0
user_4205c2ea5542,user,4,lain,1.0
user_421e85956047,user,7,lain,1.0
user_422a4f6396be,user,3,lain,1.0
user_423a98a40e44,user,10,lain,1.0
user_423d4696e08a,user,14,lain,6.0
user_424969f2a8cc,user,3,lain,1.0
user_424b2124f1e8,user,1,lain,1.0
user_424be662bf74,user,1,lain,1.0
user_425050a1d373,user,5,lain,1.0
user_425179bd37a8,user,4,lain,2.0
user_4252ec1a285e,user,2,lain,1.0
user_425521b6ddbe,user,5,lain,1.0
user_4257f16bc743,user,5,takut (pujian?),1.0
user_4265dd81f842,user,3,lain,1.0
user_426f5bffa05b,user,12,lain,1.0
user_427a792fbd57,user,13,lain,1.0
user_427ee95d3fee,user,1,lain,1.0
user_428d7dae3e6e,user,11,lain,1.0
user_428fc4134508,user,8,lain,1.0
user_42a32f3bb1a7,user,3,lain,1.0
user_42a3404e58ff,user,6,lain,1.0
user_42a404cb07f9,user,6,takut (pujian?),1.0
user_42a5c2163a69,user,11,lain,1.0
user_42b4ba4c7bc0,user,11,lain,1.0
user_42b591733232,user,18,lain,1.0
user_42b88cc2d70a,user,10,lain,1.0
user_42c5c7a39353,user,11,lain,1.0
user_42c67c0708f7,user,5,lain,1.0
user_42c8dc9292cc,user,1,lain,1.0
user_4305d10970e5,user,10,niat menonton,1.0
user_430699cb0c08,user,2,lain,1.0
user_431b94b210c2,user,3,takut (pujian?),1.0
user_432b57adc411,user,5,lain,1.0
user_432d2144c2ab,user,8,takut (pujian?),1.0
user_432ef68c9ad4,user,15,lain,1.0
user_4333e7004dc1,user,1,lain,1.0
user_4347b895faae,user,2,takut (pujian?),1.0
user_435ab9c64fd1,user,4,lain,1.0
user_4362eb62525d,user,10,lain,1.0
user_436def3ee4d6,user,1,lain,1.0
user_436f998a43a4,user,1,lain,1.0
user_4373d4908ee8,user,14,lain,1.0
user_437858b0858b,user,1,takut (pujian?),1.0
user_43942ca49c7e,user,5,lain,1.0
user_439c92f7edec,user,4,takut (pujian?),1.0
user_439d0a29c92e,user,8,takut (pujian?),1.0
user_43b6d99e3ed5,user,10,lain,1.0
user_43c1232fee5b,user,1,lain,1.0
user_43c634b1650d,user,5,lain,1.0
user_43dd65462568,user,2,niat menonton,1.0
user_43deaad428bf,user,10,lain,1.0
user_43e5a68bc2e6,user,6,lain,1.0
user_43ec85d7a181,user,3,lain,2.0
user_43ed515761a3,user,1,lain,1.0
user_43f62f65fdd1,user,7,lain,1.0
user_440cd55995f7,user,9,lain,1.0
user_44125e53f125,user,17,lain,1.0
user_441b4a7d20bd,user,5,lain,1.0
user_441f1c36dab9,user,8,lain,2.0
user_442eaafc97af,user,8,lain,1.0
user_44317abd209a,user,5,lain,1.0
user_4459a8652ab7,user,1,lain,1.0
user_446f0f560f15,user,4,niat menonton,1.0
user_4475947f2ff8,user,7,takut (pujian?),1.0
user_447ab7067791,user,7,lain,1.0
user_447b7c2aa080,user,6,lain,1.0
user_44879af7f85a,user,3,niat menonton,1.0
user_448845517095,user,6,lain,1.0
user_448ef4859738,user,13,takut (pujian?),1.0
user_4496620b979f,user,8,lain,1.0
user_44992e71404d,user,9,lain,2.0
user_449b5c9ca0b5,user,5,lain,1.0
user_44ac4c29e3f4,user,12,lain,1.0
user_44af79c48900,user,12,lain,1.0
user_44b03774d129,user,1,lain,1.0
user_44b5020774c0,user,6,lain,1.0
user_44b83698cfe0,user,1,takut (pujian?),1.0
user_44c23919dcb1,user,1,niat menonton,1.0
user_44c30e80536b,user,5,lain,1.0
user_44d1e2d4c152,user,5,lain,1.0
user_44d80cedb7d2,user,4,lain,1.0
user_44dc2433dc57,user,3,lain,1.0
user_44ecb8b35d59,user,10,lain,1.0
user_44ff0f457476,user,2,lain,1.0
user_4507a978c6a6,user,4,lain,2.0
user_4511f354808b,user,8,lain,1.0
user_45188594bd2b,user,9,lain,1.0
user_4528fc9aa5be,user,9,takut (pujian?),1.0
user_4535f7f5a8d5,user,1,lain,1.0
user_45423ed3af4b,user,1,takut (pujian?),1.0
user_454309333831,user,6,takut (pujian?),1.0
user_454528c90c92,user,14,lain,1.0
user_4545b6408fd5,user,1,lain,1.0
user_4549ce9d6bdc,user,14,lain,1.0
user_45536b3700b0,user,14,lain,1.0
user_455cf6702a81,user,14,lain,1.0
user_456b52b38635,user,13,lain,1.0
user_4576cbe3108f,user,9,takut (pujian?),1.0
user_457a4c9289ea,user,5,takut (pujian?),1.0
user_458530cc6b97,user,2,lain,1.0
user_458a33376e55,user,1,takut (pujian?),1.0
user_4590272b7da1,user,1,lain,1.0
user_45a9994ebbf2,user,15,lain,1.0
user_45ae9fc9bd78,user,5,lain,1.0
user_45af7e765269,user,9,lain,1.0
user_45c1420ce449,user,9,lain,1.0
user_45cfe2e44aaa,user,2,lain,1.0
user_45dbdc1b53b5,user,1,lain,1.0
user_45df5c3681d2,user,3,takut (pujian?),1.0
user_45e5a943072a,user,5,lain,1.0
user_45e8c3978614,user,12,lain,1.0
user_45ec53163843,user,9,lain,2.0
user_45fc7fd62cb4,user,3,lain,1.0
user_460dfbaddb92,user,8,lain,2.0
user_4619183bf3eb,user,12,lain,1.0
user_462503b1b1b4,user,2,niat menonton,1.0
user_46255ab81d9a,user,4,lain,1.0
user_4629fbb94ce2,user,5,lain,1.0
user_463ff2f5b426,user,10,lain,1.0
user_4649d2517e69,user,3,lain,1.0
user_465fbc97b365,user,4,niat menonton,1.0
user_4664b48777a5,user,2,lain,1.0
user_466d9e97cd0b,user,4,lain,1.0
user_468809013bfa,user,4,takut (pujian?),1.0
user_46912999cb52,user,13,takut (pujian?),1.0
user_46a59cded08f,user,6,lain,1.0
user_46a6156fda4b,user,14,lain,1.0
user_46a7d8eea24e,user,16,lain,1.0
user_46c0ce118bc1,user,14,lain,1.0
user_46cdcc4c000f,user,1,takut (pujian?),1.0
user_46d3e0f3b8a2,user,1,lain,1.0
user_46d9b2eb39e8,user,1,lain,1.0
user_46e8a83f9a4e,user,8,lain,1.0
user_46f9db59d906,user,15,lain,1.0
user_4704b6c19453,user,14,lain,2.0
user_4706c1df12e1,user,10,lain,2.0
user_4707e3d09428,user,5,lain,1.0
user_4709ac8b6474,user,1,lain,1.0
user_472f47b81a4c,user,9,niat menonton,1.0
user_47334977fa57,user,6,lain,3.0
user_47533ad6248a,user,3,lain,1.0
user_475e8e038614,user,9,takut (pujian?),1.0
user_47618b6751d8,user,2,lain,1.0
user_476518c0397b,user,7,lain,1.0
user_476d96258ff2,user,11,lain,1.0
user_476ec3e9cab5,user,6,lain,1.0
user_47790789fb98,user,12,takut (pujian?),1.0
user_47a2351ae99b,user,2,lain,1.0
user_47a60e4ef143,user,4,takut (pujian?),1.0
user_47a7bb31646b,user,1,lain,1.0
user_47a803c124ee,user,9,lain,1.0
user_47af859700be,user,11,lain,1.0
user_47b7279e86ef,user,5,lain,1.0
user_47b8ccc6d353,user,15,lain,1.0
user_47c15fcde058,user,14,lain,1.0
user_47c8208a4d19,user,5,lain,1.0
user_47cd82fb38b8,user,2,lain,1.0
user_47d46f82a1db,user,1,lain,1.0
user_47d6990e3983,user,1,lain,1.0
user_47e56b67662c,user,5,lain,1.0
user_47eac304fcd7,user,1,lain,1.0
user_47f07008e973,user,10,lain,2.0
user_47fad5b8f4d4,user,5,lain,1.0
user_47fbd79d0e86,user,2,lain,1.0
user_480739aa8dc0,user,2,lain,1.0
user_4816411e2c00,user,9,lain,1.0
user_481ad13f8cfd,user,8,lain,1.0
user_482b92c402d7,user,7,lain,1.0
user_4837213e46a3,user,3,lain,1.0
user_4837489f5c59,user,2,lain,1.0
user_483e1c8c0502,user,6,niat menonton,1.0
user_483f697f6240,user,5,lain,1.0
user_48402f0915f6,user,7,lain,1.0
user_48539b599f13,user,2,lain,2.0
user_485d1113cbeb,user,3,niat menonton,1.0
user_486f8b626b03,user,2,lain,1.0
user_4871a80271b8,user,1,lain,1.0
user_4872aed51d13,user,1,takut (pujian?),1.0
user_487f0b480012,user,12,lain,1.0
user_4881a442a3c0,user,6,lain,1.0
user_4885a262d067,user,8,lain,1.0
user_488da14ad3f7,user,1,niat menonton,1.0
user_488fe9a38aef,user,2,niat menonton,1.0
user_48a02cc613aa,user,16,takut (pujian?),1.0
user_48a739f8b6f7,user,15,lain,1.0
user_48a8bdd8852b,user,8,lain,1.0
user_48a98728c77f,user,4,lain,1.0
user_48ac6b28e9ba,user,1,lain,1.0
user_48b738c57065,user,6,niat menonton,1.0
user_48c1f449411b,user,7,lain,1.0
user_48c435fb328e,user,12,lain,4.0
user_48d4026bf3fa,user,4,lain,1.0
user_48d5afbb85cc,user,3,niat menonton,1.0
user_48d8163ddd3a,user,2,lain,1.0
user_48f50d466006,user,7,lain,1.0
user_48f7c6919a3b,user,9,lain,1.0
user_48f8a804bb15,user,1,lain,1.0
user_4902e19f232d,user,5,lain,1.0
user_490681cfa38d,user,10,lain,1.0
user_490968f4c78a,user,11,lain,1.0
user_4912b422d7cf,user,14,lain,1.0
user_491a7351e5ea,user,6,lain,1.0
user_49233530b16f,user,7,lain,1.0
user_4925e7700da9,user,2,lain,1.0
user_492ed3e12946,user,1,lain,1.0
user_49371006056c,user,1,niat menonton,1.0
user_49376a547074,user,4,lain,1.0
user_49396ffe9b09,user,3,lain,1.0
user_493aff7998eb,user,1,lain,1.0
user_4947ab9ff775,user,4,takut (pujian?),1.0
user_49551734126d,user,6,lain,1.0
user_4956579069b8,user,7,lain,1.0
user_4959df9e8b10,user,2,lain,1.0
user_495ec8c64dfd,user,10,lain,1.0
user_496480a8d0e7,user,13,lain,1.0
user_496bef0f02a8,user,16,lain,1.0
user_49797561674e,user,3,lain,1.0
user_49846afbc07a,user,5,lain,1.0
user_49922a3782c2,user,6,lain,1.0
user_499360e86f9c,user,8,lain,1.0
user_49956f8338ef,user,7,lain,1.0
user_499a5dcc9951,user,8,lain,1.0
user_499adbf9878a,user,5,takut (pujian?),1.0
user_499ea14e0761,user,9,lain,1.0
user_49a0825c18d4,user,2,takut (pujian?),1.0
user_49a11f784045,user,1,lain,1.0
user_49a5bd560c5e,user,9,niat menonton,1.0
user_49b300fe20e9,user,6,lain,1.0
user_49d81305a2ed,user,4,lain,1.0
user_49e62ef3ad25,user,1,lain,1.0
user_49e6ca082c79,user,2,niat menonton,1.0
user_49ed479a064a,user,4,takut (pujian?),1.0
user_49f852fdb5be,user,9,lain,1.0
user_49fbaa777349,user,4,lain,1.0
user_4a0616a59914,user,17,lain,1.0
user_4a2a4cd9a6c8,user,1,lain,1.0
user_4a31140d11a7,user,5,lain,1.0
user_4a317fb82078,user,10,lain,1.0
user_4a326ecd938e,user,10,lain,1.0
user_4a4553706ecf,user,5,lain,1.0
user_4a50a2ff2d27,user,9,lain,1.0
user_4a543bed9fe1,user,13,lain,1.0
user_4a64dc528f9b,user,15,lain,1.0
user_4a68ffbf682b,user,12,lain,3.0
user_4a6a09d7a835,user,16,lain,1.0
user_4a704b4df979,user,2,lain,1.0
user_4a70e735f565,user,9,lain,1.0
user_4a8589b0061d,user,6,niat menonton,1.0
user_4a9975cc08be,user,1,lain,1.0
user_4aa727dcc4df,user,15,lain,1.0
user_4aa7eb05a72a,user,3,lain,1.0
user_4aabdcb244b2,user,2,lain,1.0
user_4aafb4739550,user,8,takut (pujian?),1.0
user_4ab6cdd3d240,user,5,lain,1.0
user_4abbbc3de4d5,user,15,lain,1.0
user_4ac4ff8210d3,user,4,niat menonton,1.0
user_4add833f2d78,user,1,takut (pujian?),1.0
user_4ade5970532d,user,10,lain,1.0
user_4b0bd0c67e41,user,4,niat menonton,1.0
user_4b0dd47e5749,user,6,lain,1.0
user_4b18be4507ab,user,2,lain,1.0
user_4b23749173dc,user,1,niat menonton,1.0
user_4b292061d0b6,user,9,lain,1.0
user_4b3093554c6a,user,2,lain,1.0
user_4b3673056032,user,3,lain,1.0
user_4b3ebd664efb,user,8,lain,1.0
user_4b47455fb147,user,1,takut (pujian?),1.0
user_4b5132ed0108,user,9,lain,1.0
user_4b598b440c1e,user,5,lain,1.0
user_4b5f0c8bc3c5,user,5,lain,1.0
user_4b64f599d957,user,4,niat menonton,1.0
user_4b6fb321d4d1,user,3,lain,1.0
user_4b74a959ffb3,user,14,lain,2.0
user_4b9185d40f21,user,3,lain,1.0
user_4b9c7ea7b89f,user,2,lain,1.0
user_4ba547845931,user,12,lain,1.0
user_4bb36620b9ec,user,7,lain,1.0
user_4bb48b5e867a,user,2,lain,1.0
user_4bb4be3f3ab2,user,1,niat menonton,1.0
user_4bb644092652,user,1,lain,1.0
user_4bb8d6053336,user,2,lain,1.0
user_4bc1129e90a7,user,3,lain,1.0
user_4bcc6d1fe04b,user,5,lain,1.0
user_4bdd85c213d7,user,4,lain,1.0
user_4bf39aeb098f,user,14,takut (pujian?),1.0
user_4bf63ff6b665,user,9,niat menonton,1.0
user_4c1d1f0b73dc,user,12,lain,1.0
user_4c28b9a35eba,user,14,lain,1.0
user_4c2cccc3fe1a,user,1,niat menonton,1.0
user_4c39dfc963b0,user,1,lain,1.0
user_4c47ad2d3846,user,2,niat menonton,1.0
user_4c55f1369146,user,2,lain,1.0
user_4c6682a4909c,user,2,lain,1.0
user_4c677be9bd55,user,9,lain,1.0
user_4c6afe6aa983,user,1,takut (pujian?),1.0
user_4c6e1304dd3b,user,3,lain,1.0
user_4c70276e951a,user,3,lain,1.0
user_4c72f3edf3fa,user,8,lain,1.0
user_4c818cce350e,user,8,lain,1.0
user_4c83e470828f,user,1,takut (pujian?),1.0
user_4c8b0dfddc0b,user,6,takut (pujian?),1.0
user_4c8cbbad7ab6,user,7,lain,1.0
user_4c927c12ad16,user,2,lain,1.0
user_4caf62585f5c,user,8,takut (pujian?),1.0
user_4cb6ac0fe3ad,user,1,takut (pujian?),1.0
user_4cc6178e3e0d,user,10,lain,1.0
user_4cc858da7e4f,user,2,lain,1.0
user_4ceaed7d711f,user,1,takut (pujian?),1.0
user_4cefd0493049,user,14,lain,1.0
user_4cf936b4ab12,user,7,lain,1.0
user_4cfcc58da0a4,user,7,takut (pujian?),1.0
user_4d055d316925,user,11,lain,1.0
user_4d147990fe60,user,1,takut (pujian?),1.0
user_4d15b464bea3,user,12,lain,1.0
user_4d193baeb72b,user,13,takut (pujian?),1.0
user_4d22e5ecd2aa,user,14,lain,1.0
user_4d237b1475a2,user,2,lain,1.0
user_4d2879fa44db,user,7,lain,1.0
user_4d32222e1e6e,user,8,niat menonton,1.0
user_4d33e9d0d7b5,user,11,lain,1.0
user_4d362c16fe1e,user,1,lain,1.0
user_4d401e4d2eae,user,2,lain,1.0
user_4d54f6734999,user,2,takut (pujian?),1.0
user_4d5512701489,user,2,takut (pujian?),1.0
user_4d5a73fa1e39,user,6,lain,1.0
user_4d5a84746ae9,user,1,lain,1.0
user_4d5d9dfdfdc7,user,13,lain,1.0
user_4d66a882c0c0,user,6,niat menonton,1.0
user_4d6f5be562ea,user,1,lain,1.0
user_4d74cc8d62ea,user,8,lain,1.0
user_4d76a2c90ae1,user,5,lain,1.0
user_4d7ddfd858fe,user,11,lain,1.0
user_4d820e19f12e,user,11,lain,1.0
user_4d8c4ef2257f,user,15,lain,1.0
user_4d8d29fe1870,user,12,lain,1.0
user_4d8e1646aa14,user,1,lain,1.0
user_4d9e3ba454dd,user,2,lain,1.0
user_4db68f67e9ec,user,2,lain,1.0
user_4dbce19c4b3f,user,6,lain,1.0
user_4dc450356115,user,1,lain,1.0
user_4dc5879f888d,user,14,lain,1.0
user_4dd1edd8f99f,user,2,lain,2.0
user_4dd516e91d06,user,5,lain,1.0
user_4dd84c9231ea,user,7,lain,1.0
user_4de0c0c145d2,user,5,lain,1.0
user_4de73e973c2d,user,15,lain,1.0
user_4deec5ffdae7,user,8,lain,1.0
user_4df1134fc0ef,user,9,lain,2.0
user_4dff8ddb9cae,user,4,niat menonton,1.0
user_4e03f52feaa2,user,1,lain,1.0
user_4e108b5d9fb9,user,10,lain,1.0
user_4e14b185c23e,user,1,niat menonton,1.0
user_4e18f4df4b70,user,8,lain,1.0
user_4e1a0e4b0c8e,user,8,lain,1.0
user_4e1c5b7d7b22,user,12,lain,1.0
user_4e2346a6890a,user,2,lain,1.0
user_4e24c566ba4c,user,1,niat menonton,1.0
user_4e250fe332f4,user,12,lain,1.0
user_4e259f981d4d,user,6,takut (pujian?),1.0
user_4e332c47b660,user,2,lain,1.0
user_4e35d95735f8,user,8,takut (pujian?),1.0
user_4e397e4eede1,user,4,lain,1.0
user_4e6c48bb7146,user,2,takut (pujian?),1.0
user_4e7c890a3435,user,5,lain,1.0
user_4e80fc7c1507,user,5,lain,1.0
user_4e859e40b62e,user,3,lain,1.0
user_4e912473028f,user,4,lain,2.0
user_4e941f8f334c,user,1,takut (pujian?),1.0
user_4ea7a3f16166,user,8,lain,2.0
user_4eaac6bd3ddc,user,1,lain,1.0
user_4eac349a0f0d,user,3,lain,1.0
user_4ebe5a825732,user,2,lain,1.0
user_4ed9825a815e,user,7,lain,1.0
user_4edcea32523c,user,5,lain,1.0
user_4edda3fc64af,user,6,lain,1.0
user_4ee8158fae66,user,9,lain,1.0
user_4eea1d28b0a0,user,10,lain,1.0
user_4eec9bb59b2b,user,10,lain,1.0
user_4ef3a03f9c0e,user,1,takut (pujian?),1.0
user_4f0099c330e9,user,1,lain,1.0
user_4f04cae52996,user,9,lain,1.0
user_4f1633e18df5,user,6,lain,1.0
user_4f2ba3ba91f3,user,7,lain,1.0
user_4f3d4749d8a0,user,6,lain,1.0
user_4f427658fc2f,user,9,lain,1.0
user_4f51d6f4e245,user,6,lain,1.0
user_4f5e81007c88,user,1,lain,1.0
user_4f5f988f7de8,user,3,lain,1.0
user_4f66f368d1f0,user,4,lain,1.0
user_4f7743c1c9b9,user,2,lain,1.0
user_4f8ca57a70d9,user,5,lain,1.0
user_4f9833b3be98,user,2,lain,1.0
user_4fa0aae5704a,user,2,lain,1.0
user_4fa40982a996,user,14,lain,2.0
user_4faac6fec5c1,user,12,takut (pujian?),1.0
user_4fc1dc27162f,user,16,lain,1.0
user_4fc28a7f7d40,user,3,lain,1.0
user_4fc7c96b3f04,user,3,lain,1.0
user_4fd317efed39,user,4,lain,1.0
user_4fd49b2f6700,user,12,lain,1.0
user_4fdd8c6e110a,user,6,lain,1.0
user_4ff78499c625,user,10,takut (pujian?),1.0
user_50062dbe24fb,user,5,lain,1.0
user_5008ff4d4fed,user,5,niat menonton,1.0
user_5009b1efcb52,user,12,lain,1.0
user_502245f06557,user,8,lain,1.0
user_5024e191f4c0,user,1,lain,1.0
user_5029a040ad88,user,7,lain,1.0
user_50335e43e1a7,user,14,lain,1.0
user_503787ebc533,user,1,takut (pujian?),1.0
user_5044f7ec04bd,user,1,lain,1.0
user_504554830bea,user,8,takut (pujian?),1.0
user_50553e4ba999,user,3,lain,1.0
user_5058eecb6c4d,user,3,lain,1.0
user_505a7cae0db7,user,7,lain,1.0
user_50709bfac9c5,user,8,lain,1.0
user_50830803dfba,user,3,lain,1.0
user_5085695edb9a,user,16,lain,1.0
user_50944df2c625,user,2,lain,1.0
user_509a868a0d42,user,3,lain,1.0
user_50a483b25b43,user,11,lain,3.0
user_50a6ba85e710,user,2,lain,1.0
user_50afead896eb,user,12,lain,1.0
user_50b761e44a5b,user,1,lain,1.0
user_50c8a86929c6,user,13,lain,1.0
user_50da81a82343,user,1,takut (pujian?),1.0
user_50dbc8857c63,user,10,lain,1.0
user_50de3231e4f5,user,3,lain,2.0
user_50ed0a9cd079,user,4,lain,1.0
user_50ff2d4a7439,user,6,lain,2.0
user_5107b8396a00,user,11,lain,1.0
user_511c2d7403e6,user,1,takut (pujian?),1.0
user_511cb5ca83f1,user,3,lain,1.0
user_511f6a301e66,user,4,lain,1.0
user_511f7593525e,user,1,takut (pujian?),1.0
user_5121985b98ec,user,14,lain,1.0
user_5122f9b6e923,user,8,lain,1.0
user_5123a978c13f,user,3,takut (pujian?),1.0
user_512d599a2ba0,user,4,lain,1.0
user_51314bab3e17,user,7,lain,1.0
user_51372ad57cf5,user,11,takut (pujian?),1.0
user_513758ad8103,user,10,lain,1.0
user_5139ee40b4fe,user,3,niat menonton,1.0
user_5151b87f3f50,user,6,lain,1.0
user_515aae807b72,user,1,niat menonton,1.0
user_516b7a3580c6,user,1,lain,1.0
user_516d76cc65d7,user,5,lain,1.0
user_516daa85eaa4,user,1,lain,1.0
user_516f38b37ba9,user,5,takut (pujian?),1.0
user_5174ee9925bd,user,18,lain,1.0
user_5176a700d350,user,12,takut (pujian?),1.0
user_517766c0ae05,user,2,lain,1.0
user_517ad48178be,user,4,lain,1.0
user_518aff24ba6d,user,10,lain,1.0
user_5195342308b8,user,14,lain,3.0
user_519daae62835,user,2,lain,1.0
user_51a9f152c52b,user,13,lain,1.0
user_51ac5bbf426f,user,9,lain,1.0
user_51b1dc5513f1,user,3,lain,1.0
user_51b2cc479477,user,9,lain,1.0
user_51b866b43080,user,2,niat menonton,1.0
user_51bc9117c777,user,14,lain,1.0
user_51c0d338ac1d,user,15,lain,1.0
user_51c6e96e794b,user,3,lain,1.0
user_51cd017e5543,user,10,lain,1.0
user_51f6bb526f15,user,15,lain,1.0
user_51f897f7b663,user,1,lain,1.0
user_51fbd24ce43d,user,3,takut (pujian?),1.0
user_51fc647574ad,user,9,lain,1.0
user_51fc9fc32df8,user,7,takut (pujian?),1.0
user_51fd62158571,user,4,lain,1.0
user_520f0ff60cfb,user,1,lain,1.0
user_52139912433f,user,6,lain,2.0
user_52379497f4f5,user,4,lain,1.0
user_5247ce634d5f,user,7,lain,1.0
user_524c01b5f4e4,user,2,lain,1.0
user_525a706d9c73,user,1,lain,1.0
user_525e24e62f1b,user,4,lain,1.0
user_5264362e3572,user,6,takut (pujian?),1.0
user_52663765a9a5,user,10,lain,1.0
user_5269c295a6f9,user,3,lain,1.0
user_527be731f0f2,user,1,lain,1.0
user_5284b6f293ee,user,7,lain,1.0
user_528c2de7f474,user,11,lain,1.0
user_529095968fe6,user,2,lain,1.0
user_5294bb31f40a,user,1,takut (pujian?),1.0
user_529655c66449,user,1,lain,1.0
user_52a01a5f2d16,user,3,lain,1.0
user_52ab906fe9c9,user,1,lain,1.0
user_52ac84205c09,user,11,lain,1.0
user_52b159baf06b,user,4,niat menonton,1.0
user_52b1a6d1b543,user,13,lain,1.0
user_52b729ab3d72,user,8,lain,1.0
user_52b72b51127f,user,2,lain,1.0
user_52c2384e7b43,user,11,lain,1.0
user_52c2744bd193,user,2,takut (pujian?),1.0
user_52cf2e372a31,user,8,lain,1.0
user_52d1c68b86ad,user,8,lain,1.0
user_52d4d1397c0e,user,3,takut (pujian?),1.0
user_52d689e243cc,user,1,lain,1.0
user_52f8593af6cb,user,9,lain,1.0
user_53113f58b481,user,8,lain,1.0
user_5312473f0e52,user,13,lain,1.0
user_53128166deaf,user,15,lain,1.0
user_53137686afd7,user,1,takut (pujian?),1.0
user_531dc4d7d768,user,2,lain,1.0
user_531df694fb15,user,6,takut (pujian?),1.0
user_5336150dde92,user,1,lain,1.0
user_53398ca9007e,user,10,lain,1.0
user_5341518406d2,user,4,lain,1.0
user_534d9dbff8b7,user,10,lain,1.0
user_535d355bd74e,user,4,lain,1.0
user_536187c472a9,user,5,lain,2.0
user_536c798f98b0,user,5,lain,1.0
user_5373bcdb1b4b,user,6,lain,1.0
user_537a055e5da7,user,8,lain,1.0
user_537a9857bc0d,user,10,lain,1.0
user_538766e8ac46,user,6,takut (pujian?),1.0
user_5391457deb51,user,9,niat menonton,1.0
user_53a2b2d54140,user,1,lain,1.0
user_53adcdd84060,user,16,lain,1.0
user_53aef70cc618,user,2,lain,1.0
user_53c2de110f12,user,3,niat menonton,1.0
user_53c9e00a76e0,user,5,lain,1.0
user_53d4592dc575,user,8,takut (pujian?),1.0
user_53e3718bbdbc,user,2,niat menonton,1.0
user_53e903be9510,user,2,lain,1.0
user_53ea412ad965,user,13,lain,1.0
user_53ed6603438f,user,1,niat menonton,1.0
user_53f09b69d585,user,6,lain,1.0
user_53f285c21905,user,4,lain,1.0
user_53f9c40d4d87,user,3,lain,1.0
user_53fb2d263689,user,2,lain,1.0
user_540780a4a9d9,user,4,lain,1.0
user_541352634b79,user,3,niat menonton,1.0
user_5414d1b1287c,user,3,lain,1.0
user_54185b5ef59b,user,1,lain,1.0
user_541d955b5b3e,user,8,lain,1.0
user_54215f2bd993,user,15,lain,1.0
user_54254e50fd9e,user,12,lain,1.0
user_54269b1f84ae,user,4,lain,1.0
user_5427b4f63e84,user,8,lain,1.0
user_542b15352fe4,user,2,lain,1.0
user_542f6783226a,user,10,lain,1.0
user_542f7889b686,user,12,takut (pujian?),1.0
user_54331815230e,user,2,lain,1.0
user_5438064a7682,user,2,lain,1.0
user_543e928884c5,user,12,lain,2.0
user_543f885544e4,user,3,lain,1.0
user_5457eee9a2e8,user,2,lain,1.0
user_546133a19ccc,user,1,lain,1.0
user_5467bd59b796,user,3,lain,1.0
user_5468de38d954,user,7,lain,1.0
user_546df92082ca,user,12,lain,1.0
user_5470f6c70cc6,user,11,lain,1.0
user_5476a923ad93,user,1,niat menonton,1.0
user_5481cbca41c9,user,12,lain,1.0
user_5482bff6c080,user,2,niat menonton,1.0
user_54926de9ab66,user,3,lain,1.0
user_549843f52208,user,9,lain,1.0
user_549b863f4a23,user,8,lain,1.0
user_54a984454e43,user,2,niat menonton,1.0
user_54c4f3e7076d,user,4,takut (pujian?),1.0
user_54ca9446a5fd,user,14,lain,2.0
user_54d4659b56b0,user,9,lain,1.0
user_54d7341f3633,user,2,lain,1.0
user_54e25e7f0f18,user,5,lain,1.0
user_54eab1924829,user,2,takut (pujian?),2.0
user_54f7e9899501,user,10,lain,1.0
user_5500bf1ac2f8,user,7,lain,1.0
user_550142d701f8,user,11,lain,1.0
user_550178dd4f52,user,3,lain,1.0
user_55117c6565e8,user,4,lain,1.0
user_551407f5558b,user,1,lain,1.0
user_552dca41b90b,user,1,takut (pujian?),1.0
user_552dd356a1eb,user,1,lain,1.0
user_55390c3e1de3,user,2,lain,1.0
user_553ad026864a,user,11,takut (pujian?),1.0
user_5544b0f68859,user,6,lain,1.0
user_554624c4cc39,user,1,lain,1.0
user_554beb5038be,user,15,lain,1.0
user_555bb6e18464,user,1,lain,1.0
user_55619a866652,user,1,lain,1.0
user_55670890d1c9,user,7,lain,1.0
user_556a4a58001e,user,10,lain,1.0
user_556b45e90462,user,14,lain,1.0
user_5575d59b9501,user,1,lain,1.0
user_5577534d72ce,user,6,lain,1.0
user_557b5a6ecf9c,user,4,lain,1.0
user_55800daf8a69,user,1,lain,1.0
user_558171cc7ec6,user,17,lain,1.0
user_5598ec91484f,user,1,lain,1.0
user_55a37513d7d4,user,2,takut (pujian?),1.0
user_55a4e28020d6,user,16,lain,1.0
user_55bd8bf63802,user,2,lain,1.0
user_55c347891767,user,1,lain,1.0
user_55c44b09d7c8,user,11,lain,1.0
user_55c4bde63933,user,7,takut (pujian?),1.0
user_55fa70649e5c,user,12,lain,1.0
user_55fe523f6789,user,3,lain,1.0
user_5604bada09d3,user,1,lain,1.0
user_56094fbe380c,user,4,lain,1.0
user_560e9cc1ace2,user,10,takut (pujian?),1.0
user_56192e0da3ac,user,7,lain,1.0
user_5620e4625a50,user,10,lain,1.0
user_56216f8e70f4,user,2,lain,1.0
user_562cd5fcdc5b,user,4,lain,1.0
user_562defe4b3a8,user,4,takut (pujian?),1.0
user_56333c6881bf,user,3,niat menonton,1.0
user_563e0a221946,user,11,lain,1.0
user_563e476269b4,user,2,lain,1.0
user_564ec40ccbb6,user,9,lain,1.0
user_56596f47ce3f,user,16,takut (pujian?),1.0
user_5660e5e9604c,user,11,lain,1.0
user_567d62cb7512,user,10,lain,1.0
user_568c124d5500,user,14,takut (pujian?),1.0
user_5692e226652c,user,10,lain,1.0
user_56937325937c,user,1,lain,1.0
user_569b61642118,user,7,lain,1.0
user_56a6899e83af,user,6,lain,1.0
user_56a838b4a36d,user,9,lain,1.0
user_56ad082bcfb1,user,6,takut (pujian?),1.0
user_56bd433659a6,user,7,lain,1.0
user_56c78a601020,user,8,lain,1.0
user_56cbf18dff24,user,3,lain,4.0
user_56cfd28d6353,user,9,lain,1.0
user_56cfd83e4781,user,1,lain,1.0
user_56d6b24989b8,user,3,lain,1.0
user_56da14e56ca4,user,1,takut (pujian?),1.0
user_56f5ee69e40e,user,1,takut (pujian?),1.0
user_570c4125451b,user,1,takut (pujian?),1.0
user_5717a966e8c9,user,8,lain,1.0
user_571e9b983e5c,user,12,lain,1.0
user_57218c6d0ff7,user,1,takut (pujian?),1.0
user_5729f16311a4,user,5,lain,1.0
user_572c6d6519e8,user,5,lain,1.0
user_5735ea7a3f48,user,15,lain,1.0
user_5738119cae92,user,9,lain,1.0
user_573b42cee07c,user,3,lain,1.0
user_574b9ed3b4bc,user,2,lain,1.0
user_574c93bda09f,user,2,lain,2.0
user_574dc29a276b,user,1,niat menonton,1.0
user_575095f2725e,user,6,lain,1.0
user_575c7234850c,user,16,lain,1.0
user_5761c2504682,user,4,lain,1.0
user_576f79c13a52,user,8,lain,1.0
user_57796be7630c,user,5,lain,1.0
user_577e7d7e7cc8,user,2,takut (pujian?),1.0
user_5786dbc04f58,user,2,lain,3.0
user_579c28683e3f,user,12,lain,1.0
user_57b4d20ec1ee,user,3,lain,1.0
user_57badbaf4bd7,user,6,lain,1.0
user_57bf50f10738,user,1,lain,1.0
user_57d09ebc0f74,user,7,lain,1.0
user_57dd0e366bb1,user,4,takut (pujian?),1.0
user_57e93adbb5f4,user,1,lain,1.0
user_57f72f2830a5,user,2,lain,1.0
user_57fd901230d9,user,4,lain,1.0
user_5800c62da11d,user,11,lain,1.0
user_5809fbf2ddfe,user,1,takut (pujian?),1.0
user_581122544239,user,9,lain,1.0
user_58186b6b4023,user,3,takut (pujian?),1.0
user_581a737421eb,user,4,lain,1.0
user_5824bfcda17b,user,2,lain,1.0
user_58263dd36ca8,user,8,lain,2.0
user_58279b177b64,user,2,lain,1.0
user_582d2b190bf1,user,6,lain,1.0
user_5835fbe396d1,user,15,lain,1.0
user_585ae9541b08,user,16,lain,1.0
user_5876ec2d1417,user,5,lain,1.0
user_587c214f5c55,user,9,lain,1.0
user_5883ca410a9b,user,9,lain,1.0
user_58860419d6c6,user,1,niat menonton,1.0
user_58c0c2fe2614,user,3,takut (pujian?),1.0
user_58c5130dc686,user,13,lain,1.0
user_58c92e163751,user,1,lain,1.0
user_58cc737de5f1,user,1,lain,1.0
user_58d2bb85d64a,user,1,lain,1.0
user_58dbca1bd577,user,4,takut (pujian?),1.0
user_58df1b65c72d,user,1,lain,1.0
user_58dfe00143cf,user,3,takut (pujian?),1.0
user_58e516c06742,user,5,lain,1.0
user_58e9c6251d31,user,1,lain,1.0
user_58ef53942040,user,11,lain,1.0
user_58f570bab92c,user,1,lain,1.0
user_590ba9754f80,user,4,lain,1.0
user_5916d901e4af,user,2,lain,1.0
user_592ed8acccb8,user,6,takut (pujian?),1.0
user_5931d8d19450,user,3,takut (pujian?),1.0
user_593542003874,user,1,lain,2.0
user_59429a82f0b8,user,1,lain,1.0
user_59439af21b73,user,13,lain,1.0
user_59467282999d,user,15,lain,1.0
user_5954a130ff18,user,1,lain,1.0
user_5956fe029a37,user,10,lain,1.0
user_595a5ee51ba6,user,6,lain,1.0
user_5967081609ad,user,1,lain,1.0
user_596e7b51ec2b,user,8,lain,1.0
user_596eb1ad1000,user,7,takut (pujian?),1.0
user_5972e24700ab,user,9,lain,2.0
user_59757fce5ca7,user,3,lain,1.0
user_5981b41a828c,user,7,lain,1.0
user_598980e57f79,user,9,takut (pujian?),1.0
user_598d5bbd00c7,user,7,takut (pujian?),1.0
user_599172ae83db,user,6,lain,2.0
user_5994b21aedf7,user,10,takut (pujian?),1.0
user_599a49a289a8,user,4,lain,1.0
user_599a8da44a34,user,6,lain,1.0
user_59b2165c4335,user,1,lain,1.0
user_59bef02e5701,user,8,lain,1.0
user_59c0e81a5b54,user,2,lain,1.0
user_59ced83e91cf,user,6,lain,1.0
user_59da8b4af1af,user,2,lain,1.0
user_59de51065c2f,user,10,lain,1.0
user_59e39112d4a0,user,7,lain,1.0
user_59e670a85227,user,12,lain,1.0
user_59e7b607d743,user,3,lain,1.0
user_59f4681309b5,user,2,lain,1.0
user_59f96a478f95,user,3,lain,1.0
user_5a01d49784eb,user,1,lain,1.0
user_5a0768f45c7d,user,1,lain,1.0
user_5a1bf75719f5,user,1,lain,1.0
user_5a2717d0f7b2,user,9,lain,1.0
user_5a3840598252,user,3,lain,1.0
user_5a3a2d0024ba,user,7,lain,1.0
user_5a3db45e5973,user,11,lain,1.0
user_5a3e7ee46d99,user,1,takut (pujian?),2.0
user_5a4c53dd7abe,user,9,lain,1.0
user_5a4e2a9339a4,user,5,lain,1.0
user_5a4f637f5559,user,1,lain,1.0
user_5a5d6cea5bbe,user,7,lain,1.0
user_5a5fe623e4f8,user,2,lain,1.0
user_5a76176f2875,user,1,lain,1.0
user_5a798fb2c87a,user,2,lain,1.0
user_5a7c9b5a504e,user,2,lain,1.0
user_5a82756c01af,user,1,lain,1.0
user_5a86e08d8437,user,11,lain,1.0
user_5a88c86499e0,user,4,niat menonton,2.0
user_5a9c75afbb1f,user,3,niat menonton,1.0
user_5aaa56ad4407,user,2,lain,1.0
user_5ab20791f39f,user,3,niat menonton,1.0
user_5aba1f5b86b6,user,4,lain,1.0
user_5ac5ea5cf110,user,6,lain,1.0
user_5ad9ddbac0a2,user,3,lain,1.0
user_5adae688efd0,user,14,lain,1.0
user_5adeb746a25f,user,1,lain,1.0
user_5aeb0fba8118,user,6,niat menonton,1.0
user_5af503e317ba,user,3,takut (pujian?),1.0
user_5afb307111c0,user,13,lain,1.0
user_5b08077a20f6,user,4,lain,1.0
user_5b0b23a4f9b1,user,17,lain,1.0
user_5b2a268b5fe6,user,3,lain,1.0
user_5b3c92992f8a,user,8,lain,1.0
user_5b3e8f3e05d3,user,1,lain,1.0
user_5b4170d7fc20,user,12,lain,1.0
user_5b42295717ee,user,11,lain,1.0
user_5b56d127ed7f,user,11,lain,1.0
user_5b5801ae19f5,user,3,niat menonton,1.0
user_5b678f917160,user,1,lain,1.0
user_5b74d014dd10,user,3,lain,1.0
user_5b856237cd45,user,4,lain,1.0
user_5b8792f8cfe9,user,2,lain,1.0
user_5b8b0615d44c,user,1,takut (pujian?),1.0
user_5b8cd6c954df,user,5,lain,1.0
user_5b9dd50d33c9,user,2,lain,1.0
user_5ba93fcca4fc,user,1,lain,1.0
user_5babedeccf81,user,16,lain,1.0
user_5bad942a84b8,user,1,lain,1.0
user_5bb050231fa0,user,4,takut (pujian?),1.0
user_5bc32a62c603,user,2,lain,1.0
user_5bc487ba979c,user,6,lain,1.0
user_5bc756a9117c,user,2,lain,1.0
user_5be591b0adcc,user,1,lain,1.0
user_5bf44fe65e48,user,3,lain,1.0
user_5bf45f275eaf,user,11,lain,1.0
user_5bf79e4a1363,user,8,lain,1.0
user_5bffd583ab31,user,1,lain,1.0
user_5c0ad4631ed4,user,8,takut (pujian?),1.0
user_5c0e5a1f1373,user,1,lain,1.0
user_5c38b5c42de4,user,1,lain,1.0
user_5c3f69867391,user,8,lain,1.0
user_5c426b9e89cf,user,4,lain,1.0
user_5c46fe5fa05d,user,1,lain,1.0
user_5c5018af6f7c,user,1,lain,1.0
user_5c5da61f88d6,user,2,lain,1.0
user_5c620941496f,user,11,lain,1.0
user_5c6f57dfc8b1,user,12,lain,1.0
user_5c743e04b053,user,2,lain,1.0
user_5c8b70552248,user,2,lain,1.0
user_5c9643989dd1,user,7,lain,1.0
user_5cad964d5089,user,2,lain,1.0
user_5cb9687c423b,user,3,lain,1.0
user_5cba02aef3e5,user,6,lain,1.0
user_5ccaaa629514,user,6,lain,1.0
user_5ccf4081bac3,user,11,lain,1.0
user_5cd53baf6afa,user,7,lain,1.0
user_5cd56d3ab40c,user,4,takut (pujian?),1.0
user_5ce36767c99a,user,1,lain,1.0
user_5ce3b0d6106d,user,8,lain,1.0
user_5ce8d976b158,user,6,lain,1.0
user_5ce9fd965f77,user,5,lain,1.0
user_5cf06351c55c,user,1,lain,1.0
user_5cf835804356,user,9,lain,1.0
user_5cfb7bbdbf75,user,7,lain,1.0
user_5d04c0652cc9,user,8,lain,1.0
user_5d0d88c50c04,user,5,lain,1.0
user_5d13a528ddff,user,2,lain,1.0
user_5d210fe6dc04,user,7,lain,1.0
user_5d34ac5f084d,user,15,takut (pujian?),1.0
user_5d3d8b249c30,user,8,takut (pujian?),1.0
user_5d3f34a906d6,user,2,lain,1.0
user_5d4764f664a3,user,11,lain,1.0
user_5d47ac286356,user,6,lain,1.0
user_5d5286a420a7,user,2,lain,1.0
user_5d580d03b115,user,1,lain,1.0
user_5d5b7e8da5ef,user,2,lain,1.0
user_5d5c55c58112,user,7,lain,1.0
user_5d64908b97dc,user,4,niat menonton,1.0
user_5d8afdc19af0,user,10,lain,1.0
user_5d917bfa17ce,user,5,lain,1.0
user_5d9cd2ab55a7,user,1,lain,1.0
user_5da8454a639b,user,11,lain,1.0
user_5db06db13f18,user,12,lain,5.0
user_5db300a6e618,user,11,niat menonton,1.0
user_5dc9f2fe4cf2,user,2,niat menonton,1.0
user_5dcbd0bc9a7c,user,3,lain,1.0
user_5dd76a4b2a49,user,1,takut (pujian?),1.0
user_5de65d867815,user,1,lain,2.0
user_5de7b390251a,user,5,lain,1.0
user_5de91db6c328,user,12,takut (pujian?),1.0
user_5dfa170e3cd1,user,1,takut (pujian?),1.0
user_5e01224fe73a,user,14,lain,1.0
user_5e026981597a,user,1,lain,1.0
user_5e06966e7386,user,9,lain,1.0
user_5e06dc2a4e4d,user,9,lain,1.0
user_5e146b64c3ef,user,10,takut (pujian?),1.0
user_5e1f34f2fd79,user,1,lain,1.0
user_5e24681963e2,user,16,lain,1.0
user_5e254ba9520b,user,10,lain,1.0
user_5e2f7c6cc24c,user,2,lain,1.0
user_5e3d1c7dcff5,user,5,lain,1.0
user_5e42f3cb2ed5,user,2,niat menonton,1.0
user_5e45aeafaa43,user,2,lain,1.0
user_5e53686756c5,user,13,lain,1.0
user_5e5ff0602e57,user,3,takut (pujian?),1.0
user_5e667cff5ce0,user,2,lain,1.0
user_5e669cb6ba6f,user,1,takut (pujian?),1.0
user_5e85d1b58e3b,user,3,lain,1.0
user_5e8664e7c759,user,6,lain,1.0
user_5e8bfed153e0,user,4,lain,1.0
user_5e8d98c464c0,user,2,takut (pujian?),1.0
user_5e8de80b55b6,user,2,lain,1.0
user_5e90824e9ff6,user,7,lain,1.0
user_5e93f94f226b,user,10,lain,1.0
user_5e9509cfb28e,user,14,lain,1.0
user_5e95e035fe56,user,2,lain,2.0
user_5e9712176779,user,12,lain,1.0
user_5e9878413220,user,7,lain,1.0
user_5eab26dfc1a3,user,1,lain,1.0
user_5eaf215a0311,user,4,lain,1.0
user_5eb6745b8671,user,1,lain,1.0
user_5ecc2f07f780,user,6,takut (pujian?),1.0
user_5eef978a7fbe,user,13,lain,1.0
user_5ef1d656cb40,user,2,lain,1.0
user_5ef4ba421224,user,1,lain,1.0
user_5f11a8aefa03,user,5,lain,1.0
user_5f142363c36c,user,15,lain,1.0
user_5f1558b905e3,user,6,takut (pujian?),1.0
user_5f223d4cc381,user,12,lain,1.0
user_5f240cea611e,user,1,lain,1.0
user_5f41b5696c98,user,5,lain,1.0
user_5f45a045d78c,user,6,lain,1.0
user_5f4760c0b665,user,10,lain,1.0
user_5f4f077e505f,user,1,lain,1.0
user_5f55aa09e562,user,10,lain,1.0
user_5f703440475b,user,1,lain,1.0
user_5f778d3da2d5,user,13,takut (pujian?),1.0
user_5f80597e6138,user,6,niat menonton,1.0
user_5f83b941909e,user,1,niat menonton,1.0
user_5f8545e9c3f1,user,1,lain,1.0
user_5f8d188fa51a,user,4,lain,1.0
user_5f96681091ea,user,2,lain,1.0
user_5f9c61cc23ef,user,12,lain,2.0
user_5f9ca6b9e258,user,8,lain,1.0
user_5faf892c33ba,user,11,lain,1.0
user_5fb039c19499,user,3,lain,1.0
user_5fbc1659205f,user,11,lain,1.0
user_5fbd104ba16f,user,15,lain,1.0
user_5fcdc949b804,user,14,lain,1.0
user_5fd1d8236386,user,11,lain,1.0
user_5fd4d248aa8d,user,2,lain,1.0
user_5fdbb0a71c93,user,13,takut (pujian?),1.0
user_5fe177cb1a28,user,6,lain,1.0
user_5fe57fa0d02e,user,3,takut (pujian?),1.0
user_5ff92d1e6ab8,user,8,lain,1.0
user_6006cde07e55,user,3,lain,1.0
user_6015a3e89bff,user,3,lain,1.0
user_60160c671cac,user,5,lain,1.0
user_601ad6ea7b74,user,12,lain,1.0
user_60285e81a69f,user,6,lain,1.0
user_60466264d25b,user,5,takut (pujian?),1.0
user_605aa0d2fbd5,user,2,lain,1.0
user_60718573761e,user,12,lain,1.0
user_6073beb89c11,user,14,niat menonton,1.0
user_6079c2035c74,user,4,lain,1.0
user_608d599d1710,user,2,takut (pujian?),1.0
user_6099eb10a4b8,user,10,lain,1.0
user_60b7183f28c0,user,3,lain,1.0
user_60bd93d274fd,user,4,lain,1.0
user_60c681ec95a2,user,5,lain,1.0
user_60ce3723e093,user,3,niat menonton,1.0
user_60d2561d43a1,user,8,lain,1.0
user_60d55dd57f9d,user,5,lain,1.0
user_60e3e53f8ff1,user,2,lain,1.0
user_60e5dc8139bf,user,8,lain,1.0
user_60e7ea23167d,user,1,lain,1.0
user_60f035fa6eee,user,1,lain,1.0
user_60f34ffd393f,user,1,lain,1.0
user_60f5619cc383,user,12,lain,1.0
user_60fca67151c5,user,6,lain,1.0
user_61088ec28c41,user,1,lain,1.0
user_6114c96dec64,user,2,lain,1.0
user_61190aaeff29,user,1,lain,1.0
user_61248c6cbb09,user,14,lain,1.0
user_61364ff9f743,user,1,takut (pujian?),1.0
user_613d928d11e1,user,13,lain,1.0
user_6147272f0436,user,2,lain,1.0
user_6147ba71d98f,user,6,takut (pujian?),1.0
user_614a5ae94c5f,user,5,lain,1.0
user_614f6dc09cb8,user,15,lain,1.0
user_615db30bd839,user,6,niat menonton,1.0
user_616987c17216,user,4,lain,1.0
user_617236c24c11,user,17,lain,1.0
user_617a2df75d4c,user,2,takut (pujian?),1.0
user_617dc07509b5,user,10,takut (pujian?),1.0
user_617ee7aa78cb,user,6,lain,1.0
user_61882764511e,user,3,lain,1.0
user_618915bc6264,user,2,lain,1.0
user_6189faf4ce22,user,6,lain,1.0
user_618ab2a3df5c,user,7,lain,1.0
user_61919afbe549,user,10,lain,2.0
user_6197839d8034,user,9,lain,2.0
user_619eeeaf2d67,user,1,lain,1.0
user_619fbb216c0d,user,5,lain,1.0
user_61a1a67c6603,user,3,lain,1.0
user_61a6623e14e1,user,10,niat menonton,1.0
user_61b04d63c5da,user,2,lain,1.0
user_61c1d577f9c5,user,10,lain,1.0
user_61c32f38ba39,user,11,lain,1.0
user_61d5088ce7c4,user,5,takut (pujian?),1.0
user_61d87cc1a28a,user,3,lain,1.0
user_61d9e4a2a455,user,7,lain,1.0
user_61dc874add73,user,8,lain,1.0
user_61dcd460d899,user,1,niat menonton,1.0
user_61df9c7751f9,user,8,lain,1.0
user_61e90a3d2b0b,user,1,lain,1.0
user_62042f6045c7,user,2,lain,1.0
user_6216be3d68ae,user,2,lain,1.0
user_6218e50af0ae,user,3,takut (pujian?),1.0
user_621cfe41d6f9,user,9,lain,1.0
user_62200ab286e5,user,1,lain,3.0
user_6223372ae1b1,user,2,lain,2.0
user_6238791a5ebe,user,1,lain,1.0
user_6238f17a9b5f,user,8,lain,1.0
user_623c1a35ea22,user,13,lain,1.0
user_623e45fd62c5,user,4,lain,1.0
user_624134ee6989,user,2,lain,1.0
user_625bc936b8c0,user,1,lain,1.0
user_626eca6de4d1,user,15,lain,1.0
user_627acc49fbf3,user,2,lain,1.0
user_627bf48b9bc2,user,1,takut (pujian?),1.0
user_627d58c76ea4,user,2,lain,1.0
user_6287b8742af7,user,15,lain,1.0
user_6288f834eba4,user,10,lain,2.0
user_628b85b08181,user,1,niat menonton,1.0
user_628dfe14e38b,user,12,takut (pujian?),1.0
user_62a281335ff5,user,2,lain,1.0
user_62a3052a4a77,user,1,niat menonton,1.0
user_62a42763df54,user,2,lain,1.0
user_62ac102b6f85,user,11,lain,1.0
user_62bfb1a46948,user,4,lain,1.0
user_62dcc1efa1ce,user,4,lain,1.0
user_62ec315caafb,user,3,lain,1.0
user_62ee83b68d3a,user,1,lain,1.0
user_62eee2bf0151,user,13,takut (pujian?),1.0
user_62f3e1466713,user,13,lain,1.0
user_62f56d1b7c6d,user,1,lain,1.0
user_62fdb0d1e720,user,16,lain,1.0
user_62fe56761721,user,4,niat menonton,1.0
user_62fec1d3fddb,user,1,lain,1.0
user_630114894cf2,user,3,lain,1.0
user_6307b86f7f46,user,1,takut (pujian?),1.0
user_630ce5353def,user,3,lain,1.0
user_631678bc34ff,user,1,lain,1.0
user_63179bd77df1,user,4,lain,1.0
user_6319ed0a57ba,user,8,lain,1.0
user_633a34518dd3,user,8,lain,1.0
user_634dc52fa582,user,1,niat menonton,1.0
user_635d1d712d89,user,11,lain,1.0
user_636217e0e79a,user,1,niat menonton,1.0
user_636693bd7c20,user,4,lain,1.0
user_636b8265fdc4,user,7,lain,1.0
user_6378472002cf,user,1,lain,1.0
user_637a1eec69af,user,7,lain,1.0
user_638e711768df,user,8,lain,2.0
user_63a661d8cecb,user,7,lain,1.0
user_63aa91d9d2ff,user,13,lain,3.0
user_63b1f01ac15d,user,7,lain,1.0
user_63b2647d00c8,user,4,niat menonton,1.0
user_63bcde4c93d7,user,1,lain,1.0
user_63c5c587eed1,user,10,lain,1.0
user_63c92e628bf0,user,6,lain,1.0
user_63d036c36412,user,4,lain,1.0
user_63d31e232fdf,user,4,lain,1.0
user_63d77cfa1c88,user,8,lain,1.0
user_63dcdfb2a1ff,user,13,lain,1.0
user_63e00d83ccfa,user,14,lain,1.0
user_63e16bb2cf84,user,4,lain,2.0
user_63e38c7defe1,user,8,lain,1.0
user_63e3f0982c65,user,1,lain,1.0
user_63e647b6c5ef,user,16,lain,1.0
user_63e69170106f,user,15,lain,1.0
user_640135ab7c67,user,11,lain,1.0
user_64131a337f0f,user,9,lain,1.0
user_6416b4586510,user,6,lain,1.0
user_641c475a040b,user,1,takut (pujian?),1.0
user_641d223806e3,user,9,lain,1.0
user_6423c884284c,user,10,takut (pujian?),1.0
user_64308dc75153,user,2,lain,1.0
user_643482cbdbe9,user,5,lain,1.0
user_64368d475b7c,user,17,lain,1.0
user_64389944dfd7,user,11,lain,2.0
user_6438bdd7dfba,user,2,lain,1.0
user_643d4ae4871a,user,2,lain,1.0
user_644206e80026,user,3,lain,1.0
user_644862e7b968,user,11,lain,1.0
user_644e6cf7227a,user,5,lain,1.0
user_645a4abdfbac,user,2,lain,1.0
user_646654ef8f9c,user,5,lain,2.0
user_646722889b59,user,2,lain,1.0
user_6475fcd303e8,user,1,niat menonton,1.0
user_6497acbbed70,user,1,takut (pujian?),1.0
user_64ad42d7667a,user,11,lain,1.0
user_64c74c0b4ff0,user,1,lain,1.0
user_64d2d332f209,user,2,lain,1.0
user_64dc2fbf588f,user,4,takut (pujian?),1.0
user_64f4b87b8b47,user,12,lain,1.0
user_64f9e8d42433,user,1,niat menonton,1.0
user_650dac1b434c,user,15,lain,1.0
user_6512cdae8c64,user,8,lain,1.0
user_6516121c7ac1,user,16,lain,1.0
user_65209d50a3e7,user,1,lain,2.0
user_65247943a813,user,1,lain,1.0
user_652f3c3185c2,user,2,lain,1.0
user_65330f9002ce,user,3,lain,1.0
user_653962f942af,user,1,lain,1.0
user_6542c24fc364,user,9,lain,1.0
user_654454905426,user,14,lain,1.0
user_654f487a7299,user,2,lain,1.0
user_656da92bffbf,user,9,lain,1.0
user_656e5bf28e5a,user,4,niat menonton,1.0
user_656f883c9f7f,user,1,lain,1.0
user_65710cff918e,user,4,lain,1.0
user_6573b82137d1,user,5,lain,1.0
user_65763346ad40,user,11,lain,1.0
user_6578329ddd76,user,1,lain,1.0
user_657b050ea301,user,2,lain,1.0
user_658ecdfa89f9,user,5,lain,1.0
user_658f91eb3d05,user,13,lain,1.0
user_6595c18b8013,user,4,lain,1.0
user_6598feeaa664,user,8,lain,1.0
user_659bf8074b7d,user,1,niat menonton,1.0
user_659dd56debaf,user,16,lain,3.0
user_65a352116254,user,7,lain,1.0
user_65a5447709e5,user,11,lain,1.0
user_65aef05d38a5,user,3,lain,1.0
user_65b33aa96ea8,user,7,lain,1.0
user_65b60cee8e06,user,6,takut (pujian?),1.0
user_65c19636b40c,user,10,lain,1.0
user_65c1da5e6e5c,user,10,takut (pujian?),2.0
user_65c93474f79e,user,3,takut (pujian?),1.0
user_65c9f6be36e5,user,13,lain,1.0
user_65ca4f45b846,user,8,lain,1.0
user_65d6a3f2122d,user,2,takut (pujian?),1.0
user_65db2237e28c,user,7,lain,1.0
user_65e59430c70a,user,2,lain,1.0
user_65ea982116d6,user,4,lain,1.0
user_65eb91c04d10,user,9,lain,1.0
user_65fac1293053,user,2,lain,1.0
user_65fc46d7417b,user,1,lain,1.0
user_660be5b72cf9,user,11,lain,1.0
user_661ad74dbadc,user,12,lain,1.0
user_662b8c573e1b,user,16,lain,1.0
user_663ff6ea4ec1,user,1,takut (pujian?),1.0
user_6644e85c13d4,user,4,lain,1.0
user_6652b34350f1,user,3,takut (pujian?),1.0
user_665ed1b54bf2,user,2,lain,1.0
user_6662e616c258,user,7,lain,1.0
user_668018de7331,user,3,lain,1.0
user_668be26d70c4,user,5,lain,1.0
user_66949c68c658,user,1,lain,1.0
user_6699e610c26b,user,16,lain,1.0
user_66a337baf161,user,2,takut (pujian?),1.0
user_66c6aa1908e3,user,8,takut (pujian?),1.0
user_66c77dc4ede4,user,4,lain,1.0
user_66cedcd90d82,user,1,lain,1.0
user_66d0bbb5d256,user,10,takut (pujian?),1.0
user_66d8b7c74670,user,4,takut (pujian?),1.0
user_66de61d01a5d,user,3,takut (pujian?),1.0
user_66deca1ef68b,user,10,lain,1.0
user_66dffe6de1d4,user,4,takut (pujian?),1.0
user_66e6b77d0b85,user,2,lain,1.0
user_66ef398ca649,user,13,lain,1.0
user_66fa8bc99c94,user,2,lain,1.0
user_6709cd75d1a6,user,1,lain,1.0
user_670d7cbf2dea,user,2,lain,1.0
user_670ebf06532a,user,11,lain,1.0
user_6711f34de4eb,user,4,lain,1.0
user_671532cf7c44,user,10,lain,1.0
user_6716a093b8c8,user,5,takut (pujian?),1.0
user_6720e3ae7376,user,14,lain,1.0
user_674320115df2,user,3,lain,1.0
user_674d644e0339,user,6,niat menonton,1.0
user_674dabb5a348,user,6,takut (pujian?),1.0
user_67609d223d2b,user,2,lain,1.0
user_6769e899a434,user,8,takut (pujian?),1.0
user_67703cddd3ca,user,2,lain,1.0
user_6773eb3f6d77,user,9,lain,1.0
user_67804a65fcd6,user,2,lain,1.0
user_67878228eefc,user,1,niat menonton,1.0
user_678e4236028c,user,9,lain,1.0
user_6791ed93a930,user,9,lain,1.0
user_67924e873de8,user,1,lain,1.0
user_67935880e745,user,6,lain,1.0
user_679df7d19042,user,10,lain,2.0
user_67a5df5815ef,user,2,lain,1.0
user_67b62b99d716,user,1,lain,1.0
user_67bc833f921a,user,11,lain,1.0
user_67bef43da774,user,1,lain,1.0
user_67ce68cec927,user,6,lain,1.0
user_67d52131ee69,user,2,lain,1.0
user_67dde0963b80,user,4,lain,1.0
user_67e23d2ba06f,user,2,lain,1.0
user_67ec78b196f4,user,4,lain,1.0
user_67edb0afb533,user,17,lain,1.0
user_68057d0b050c,user,5,lain,1.0
user_6808e1611fee,user,7,lain,1.0
user_681c09a97c89,user,4,lain,1.0
user_681cc85d8376,user,6,lain,1.0
user_681d19952bf5,user,10,lain,1.0
user_682ebcb08213,user,2,lain,1.0
user_682f2e50d74e,user,10,lain,1.0
user_68319c8247df,user,2,lain,1.0
user_683a5374bea6,user,3,lain,1.0
user_683a777053ff,user,10,lain,1.0
user_683d26e200c7,user,8,lain,1.0
user_683dda22b26e,user,7,lain,1.0
user_6848d7555c8f,user,2,lain,1.0
user_684d20d2fce9,user,1,takut (pujian?),1.0
user_685c9155354e,user,2,lain,1.0
user_6867f2d8ec79,user,1,lain,1.0
user_68686e06378f,user,2,lain,1.0
user_687132231f06,user,10,lain,1.0
user_68793b4c7c3a,user,10,lain,1.0
user_68826be1a529,user,2,lain,1.0
user_6884fe03a28b,user,6,lain,1.0
user_6895beecc9d3,user,15,lain,1.0
user_68aa46bc4633,user,8,lain,1.0
user_68aaa63b7882,user,1,lain,1.0
user_68b5e8769764,user,4,lain,1.0
user_68b99b8159e7,user,17,lain,1.0
user_68c8152a285c,user,4,lain,1.0
user_68d715886452,user,5,lain,1.0
user_68f4595f1a4d,user,8,takut (pujian?),1.0
user_68f65dcf2b5e,user,15,lain,1.0
user_68fa3448bd71,user,1,lain,1.0
user_68fbc58be269,user,15,lain,1.0
user_693b29363941,user,6,niat menonton,1.0
user_693cfe4eb629,user,8,lain,1.0
user_6941313d47a2,user,1,niat menonton,1.0
user_69523617946a,user,9,lain,1.0
user_6952ed442129,user,4,lain,1.0
user_69567095844e,user,9,niat menonton,1.0
user_695a228fd74d,user,8,lain,1.0
user_6963402ff88c,user,1,lain,1.0
user_6966b0485d48,user,5,lain,1.0
user_696e7818e4de,user,9,lain,1.0
user_6980b61f0c80,user,10,niat menonton,1.0
user_6983f811ac7c,user,2,lain,1.0
user_698596756144,user,2,lain,1.0
user_6987e386eb35,user,1,lain,1.0
user_698952e47749,user,2,lain,1.0
user_6993a8b94fea,user,12,lain,5.0
user_69984f42a6b4,user,10,takut (pujian?),2.0
user_69988f13795c,user,9,lain,1.0
user_6999efbc799e,user,6,lain,3.0
user_699a3ffa3261,user,3,takut (pujian?),1.0
user_69b013f3779e,user,1,lain,1.0
user_69bad71a350a,user,2,lain,1.0
user_69d509285dbb,user,16,lain,1.0
user_69e0dc7d2f21,user,10,lain,1.0
user_69e373734fd5,user,7,lain,1.0
user_69e5445117f9,user,5,lain,1.0
user_69e735d05351,user,15,lain,1.0
user_69eecafcc81a,user,11,lain,1.0
user_69ef0c466488,user,6,lain,1.0
user_69f5c190ad24,user,1,niat menonton,1.0
user_69f94889d4bf,user,1,lain,1.0
user_69fb83575953,user,8,niat menonton,1.0
user_69ff57692225,user,1,lain,1.0
user_6a09a8e2f9d6,user,3,lain,1.0
user_6a11032b95b8,user,9,lain,1.0
user_6a120ae44eab,user,8,niat menonton,1.0
user_6a1791020d98,user,14,niat menonton,1.0
user_6a1d6cd50dd6,user,16,lain,1.0
user_6a2112758bad,user,1,lain,1.0
user_6a218a44110b,user,1,lain,1.0
user_6a2b02b40fcf,user,16,lain,1.0
user_6a2db954c680,user,10,lain,1.0
user_6a2ef7fa09e0,user,3,lain,1.0
user_6a3f100d346e,user,5,lain,1.0
user_6a42703228b6,user,12,lain,1.0
user_6a505666199b,user,1,lain,1.0
user_6a5255b1a9ad,user,16,lain,1.0
user_6a6558aabf16,user,2,lain,1.0
user_6a71dc4fbef8,user,2,lain,1.0
user_6a82a65e5a09,user,9,lain,2.0
user_6a86f3f009c9,user,1,lain,1.0
user_6aa188b06b2f,user,1,lain,1.0
user_6aa584890c7f,user,2,lain,1.0
user_6aa6121a5a75,user,1,takut (pujian?),1.0
user_6ab1326d046c,user,1,lain,1.0
user_6ab636df9a2d,user,9,lain,1.0
user_6ab6bd7ed9e3,user,5,lain,1.0
user_6ab90134c2db,user,1,lain,1.0
user_6ab93fb79ee3,user,8,lain,2.0
user_6ad01448732f,user,11,lain,1.0
user_6ad85a03c286,user,13,takut (pujian?),1.0
user_6adc4fc6aaea,user,4,lain,1.0
user_6af74f7f08ff,user,7,takut (pujian?),1.0
user_6afdf6c872e3,user,10,lain,1.0
user_6b0038194a11,user,2,lain,1.0
user_6b158a9ada15,user,1,lain,1.0
user_6b23cb9e1546,user,16,takut (pujian?),1.0
user_6b39d87e8a66,user,9,lain,1.0
user_6b3de23d42ad,user,5,lain,1.0
user_6b418137932f,user,2,lain,1.0
user_6b4feea733d7,user,1,lain,1.0
user_6b50f438ced8,user,2,lain,1.0
user_6b5981b8036a,user,4,lain,1.0
user_6b66a3f58af9,user,11,lain,1.0
user_6b71f146154b,user,14,lain,1.0
user_6b8b22cac471,user,3,takut (pujian?),1.0
user_6b8bdfd19cf1,user,7,lain,1.0
user_6b9925ea755b,user,3,lain,1.0
user_6baaa3df5406,user,9,lain,1.0
user_6bb1f8f1c8af,user,2,lain,1.0
user_6bb7efae984b,user,3,lain,1.0
user_6bbba5911b21,user,3,lain,1.0
user_6bc4e04db1ce,user,2,niat menonton,1.0
user_6bd13cd44ddd,user,8,lain,1.0
user_6bd5aa73f6d2,user,4,lain,1.0
user_6bd6d7487512,user,1,lain,1.0
user_6be0f6f04bca,user,12,lain,1.0
user_6beffd6bc98d,user,2,lain,1.0
user_6bf356a8bb09,user,2,lain,1.0
user_6bfbeca0a229,user,1,takut (pujian?),1.0
user_6c049644b24e,user,2,lain,1.0
user_6c09e2322fd1,user,8,takut (pujian?),1.0
user_6c0d339ac8aa,user,5,lain,1.0
user_6c17d9e4eb5a,user,14,niat menonton,1.0
user_6c190e2f1659,user,2,lain,1.0
user_6c28f14b96e1,user,12,lain,1.0
user_6c2c7846c607,user,8,niat menonton,1.0
user_6c2daa851f3e,user,2,lain,1.0
user_6c2df55f8db3,user,11,lain,1.0
user_6c46ca24fdbd,user,3,lain,1.0
user_6c58f9b7c1da,user,4,lain,1.0
user_6c5a4273b217,user,9,lain,1.0
user_6c67ff55526c,user,14,lain,1.0
user_6c688f2f9cea,user,6,takut (pujian?),1.0
user_6c6af07e5845,user,1,niat menonton,1.0
user_6c6da84c6430,user,3,lain,1.0
user_6c70f97464b7,user,14,lain,1.0
user_6c728e23fe32,user,6,takut (pujian?),1.0
user_6c761cf0dabe,user,4,lain,1.0
user_6c7659fe69e6,user,9,niat menonton,1.0
user_6c86e8825c22,user,10,niat menonton,1.0
user_6c8a8b6c283a,user,3,lain,1.0
user_6c8ac62a01e8,user,5,lain,1.0
user_6c8b2c641fb5,user,1,takut (pujian?),1.0
user_6c8c01c379ba,user,5,niat menonton,1.0
user_6c93435d9511,user,3,takut (pujian?),1.0
user_6c988e3cc622,user,6,lain,1.0
user_6c9cb005052d,user,4,lain,1.0
user_6c9db900e94c,user,3,lain,1.0
user_6cb8a848a390,user,3,takut (pujian?),1.0
user_6cc19b6b13c1,user,3,lain,1.0
user_6cedc099eced,user,9,lain,1.0
user_6cee71a2af60,user,1,niat menonton,1.0
user_6cf3f95661d9,user,3,lain,1.0
user_6d0699ff6fbc,user,5,lain,1.0
user_6d136903b18b,user,8,lain,1.0
user_6d188133760f,user,1,niat menonton,1.0
user_6d21a38b7776,user,7,lain,1.0
user_6d29b845d5c8,user,3,lain,1.0
user_6d31dd73e912,user,1,lain,1.0
user_6d368d4687dd,user,5,lain,1.0
user_6d47a4321768,user,10,lain,1.0
user_6d5080b69801,user,1,lain,1.0
user_6d5c8522442b,user,1,lain,1.0
user_6d60f04672fb,user,2,lain,1.0
user_6d69fdf3b455,user,1,lain,1.0
user_6d85e2d58fe9,user,2,lain,1.0
user_6dae37234eab,user,4,lain,1.0
user_6db45dae772e,user,1,niat menonton,1.0
user_6db9138f74ba,user,7,lain,1.0
user_6dbc73716c3a,user,16,lain,1.0
user_6dc212d6754e,user,6,lain,1.0
user_6dc409211de6,user,7,lain,1.0
user_6dcc7c919d6e,user,9,lain,1.0
user_6dd7ffc22712,user,12,lain,1.0
user_6ddba8b5368c,user,3,takut (pujian?),1.0
user_6de8b1802144,user,3,lain,1.0
user_6df1a1e38f7a,user,1,lain,1.0
user_6df2e51c6f9c,user,5,lain,1.0
user_6df36c90f583,user,16,lain,1.0
user_6df48bdc5d97,user,13,lain,1.0
user_6dfa7eb16a11,user,9,lain,1.0
user_6dff5051f4d0,user,3,lain,1.0
user_6e0314f52ac8,user,1,niat menonton,1.0
user_6e174c7c3507,user,15,lain,1.0
user_6e1b5875153f,user,2,lain,1.0
user_6e1d342e1fa6,user,1,lain,1.0
user_6e1e0b3ee3a7,user,14,lain,1.0
user_6e22901d1e6f,user,5,lain,1.0
user_6e25e18c0327,user,2,lain,1.0
user_6e34209d6b61,user,1,lain,1.0
user_6e3d1c6e1bda,user,8,lain,1.0
user_6e3fd62694c9,user,5,lain,1.0
user_6e708de9daf6,user,6,lain,1.0
user_6e70ca027e20,user,6,lain,2.0
user_6e7b94606dcc,user,1,lain,1.0
user_6e9070acaa1f,user,5,lain,1.0
user_6e9613878e69,user,8,lain,1.0
user_6e96354f8deb,user,12,takut (pujian?),1.0
user_6e9b63b721b3,user,2,lain,1.0
user_6ea2ea1545cc,user,1,lain,3.0
user_6ea98b360f04,user,2,lain,1.0
user_6eadbe57e287,user,5,lain,1.0
user_6eb85a8426df,user,7,lain,1.0
user_6ec1528671bb,user,8,lain,1.0
user_6ed0fc2fcfbb,user,5,niat menonton,1.0
user_6ed27c9d8bbc,user,13,lain,2.0
user_6ef191517ed6,user,5,lain,1.0
user_6ef573680214,user,11,lain,1.0
user_6f048a0d9182,user,4,lain,1.0
user_6f1ac6d3fe1d,user,5,lain,1.0
user_6f2b9e20c39f,user,3,niat menonton,1.0
user_6f2f0517b32f,user,1,lain,1.0
user_6f4a2aa5ebda,user,17,takut (pujian?),1.0
user_6f4bd2f1d2e6,user,3,takut (pujian?),1.0
user_6f77e5e8d36d,user,1,takut (pujian?),1.0
user_6fa895e8d8f3,user,15,lain,1.0
user_6fc1cb26156c,user,3,lain,1.0
user_6fcd1b5edfb1,user,2,lain,1.0
user_6fcd22def7a3,user,6,takut (pujian?),1.0
user_6feb9eab5a10,user,1,takut (pujian?),1.0
user_6ff40d9a568d,user,8,niat menonton,1.0
user_6ffa307b5215,user,3,lain,1.0
user_6ffcf7fbdf2f,user,3,takut (pujian?),1.0
user_6ffe101546b9,user,13,lain,1.0
user_7019d86de109,user,1,niat menonton,1.0
user_70233477bc9e,user,12,takut (pujian?),1.0
user_702a579b0a42,user,7,takut (pujian?),1.0
user_702b9be32018,user,15,lain,1.0
user_702bf89a5675,user,8,lain,1.0
user_7031f01005bd,user,2,lain,1.0
user_7031ff2c6569,user,8,lain,1.0
user_7041fa797b7c,user,12,niat menonton,1.0
user_7045e6fec90a,user,2,lain,1.0
user_705471c8af8a,user,6,lain,1.0
user_705dc1197212,user,8,lain,1.0
user_706264abdc9d,user,1,lain,1.0
user_707a867de185,user,2,lain,1.0
user_70848b69c0ca,user,4,lain,1.0
user_7093c53623bf,user,2,takut (pujian?),1.0
user_709f84e5ad9e,user,9,lain,1.0
user_70a820ce4c36,user,8,lain,1.0
user_70b4aaeff7c0,user,1,takut (pujian?),1.0
user_70bec2b0dad2,user,9,lain,1.0
user_70cab8ffcb44,user,5,lain,1.0
user_70d4540522ad,user,5,niat menonton,1.0
user_70dc1b15f94d,user,16,lain,1.0
user_70e91704fb52,user,11,lain,1.0
user_70ecfd8f7a4a,user,1,lain,1.0
user_70f18f0b466a,user,14,lain,1.0
user_70f4f8e5098a,user,1,lain,1.0
user_70fcd867fc4c,user,3,lain,1.0
user_7107298e3969,user,9,lain,1.0
user_710b0532a76e,user,12,lain,1.0
user_710fe2fd95c2,user,1,lain,1.0
user_71173344ea55,user,9,lain,1.0
user_711fa47159e7,user,10,lain,1.0
user_71232cecb0c8,user,1,takut (pujian?),1.0
user_712f2ecdd1b7,user,1,niat menonton,1.0
user_71607b6b2d2f,user,2,lain,1.0
user_716b9a467dfa,user,10,lain,1.0
user_7173b474db8b,user,8,lain,1.0
user_7178a5e2ec41,user,6,niat menonton,1.0
user_71796757e287,user,1,lain,1.0
user_7182ed25f44d,user,1,lain,1.0
user_7187d221c49f,user,7,takut (pujian?),1.0
user_718d377d330b,user,1,lain,1.0
user_7191be743e7c,user,1,lain,1.0
user_71a58fc9a7cd,user,3,niat menonton,1.0
user_71a6315c3d65,user,4,lain,1.0
user_71b4dd26a81c,user,8,lain,1.0
user_71c4a960f2ac,user,1,lain,1.0
user_71d38286649e,user,11,lain,1.0
user_71d7ea03c467,user,7,lain,1.0
user_71e218bf6b34,user,5,lain,2.0
user_71e324f25e26,user,10,lain,1.0
user_71ed1045a5ad,user,12,lain,1.0
user_71f288cef81b,user,9,niat menonton,1.0
user_71f296857f39,user,4,lain,1.0
user_7204b3ce8456,user,3,niat menonton,1.0
user_72092952c2e4,user,12,lain,1.0
user_720af4e8194a,user,1,lain,1.0
user_7211a4ad7f07,user,4,niat menonton,1.0
user_721b339a3165,user,1,lain,1.0
user_7225d13cdc67,user,12,takut (pujian?),1.0
user_722e8ff52625,user,16,lain,1.0
user_723458dd110c,user,3,takut (pujian?),1.0
user_72353d3e4d28,user,7,takut (pujian?),1.0
user_72515bce9343,user,6,niat menonton,1.0
user_7253e752fff0,user,6,takut (pujian?),1.0
user_7276d50d4fa4,user,16,niat menonton,1.0
user_7278a006d627,user,3,lain,1.0
user_727bafdb216a,user,12,lain,1.0
user_72981714df91,user,4,lain,1.0
user_7298a9379e74,user,2,lain,1.0
user_729ab1340abf,user,5,lain,1.0
user_72a2247f90cd,user,4,lain,1.0
user_72aa8061aca2,user,11,lain,1.0
user_72b15c8eac8e,user,2,lain,1.0
user_72b484ed6d6b,user,4,lain,1.0
user_72bc5092308e,user,8,lain,1.0
user_72cd75d0f3e5,user,1,lain,1.0
user_72cdcdbbacb4,user,9,lain,2.0
user_72d3baaa9cf9,user,7,lain,1.0
user_72d3e1de79bb,user,5,lain,1.0
user_72e214550327,user,1,takut (pujian?),1.0
user_72e920979f29,user,12,lain,1.0
user_72ebe5596e57,user,5,lain,1.0
user_72efc2254b12,user,1,lain,1.0
user_7302ca515ad8,user,2,lain,1.0
user_73046c1ad254,user,1,niat menonton,1.0
user_7313cfdb6798,user,5,lain,1.0
user_731607054c5c,user,4,lain,1.0
user_731a3d27be5f,user,7,lain,1.0
user_731b820e2110,user,1,lain,1.0
user_731f3b28fe3c,user,1,lain,3.0
user_7334c7db9af2,user,10,lain,1.0
user_733b2a9d3e1f,user,2,lain,1.0
user_734116e21754,user,13,lain,1.0
user_734884a57276,user,12,lain,1.0
user_734f9d3bf91e,user,1,lain,1.0
user_735c88958c42,user,8,lain,1.0
user_735ce6edadd6,user,1,lain,1.0
user_736cb1ef9aeb,user,6,takut (pujian?),1.0
user_73761745bdd3,user,2,lain,1.0
user_737f32109b4a,user,11,lain,1.0
user_7391c9451d80,user,3,niat menonton,1.0
user_7392df41fa17,user,15,lain,1.0
user_739aa126900e,user,15,lain,1.0
user_73a7884c28c3,user,1,niat menonton,1.0
user_73ab99ce6ace,user,8,lain,1.0
user_73b7b755f68c,user,1,takut (pujian?),1.0
user_73b8088df934,user,1,takut (pujian?),1.0
user_73baa04e6e5d,user,3,lain,1.0
user_73bbd7df544c,user,4,lain,1.0
user_73cc29ff5a74,user,6,niat menonton,1.0
user_73d0d99a0870,user,11,lain,1.0
user_73d5d71af13b,user,2,lain,1.0
user_73dfe0b09f98,user,5,lain,1.0
user_73e0f39b54e4,user,5,lain,1.0
user_73e6d0e4679a,user,14,lain,1.0
user_73e6e12d4e9a,user,13,takut (pujian?),1.0
user_73e7d8597fa2,user,5,lain,1.0
user_73ecf858a407,user,10,lain,1.0
user_741e94e0ad22,user,7,lain,1.0
user_741f312cb6c9,user,1,lain,1.0
user_742074b82708,user,7,lain,1.0
user_74273f04fdd3,user,6,lain,1.0
user_7432c602f662,user,5,lain,1.0
user_743651b0cb3e,user,8,lain,1.0
user_7455774943f9,user,1,lain,1.0
user_7458491c2638,user,1,lain,1.0
user_747cc88feeff,user,1,lain,1.0
user_748413121b07,user,4,lain,1.0
user_749534c13f96,user,9,niat menonton,1.0
user_749d0b425c39,user,2,lain,2.0
user_74a4619671b6,user,1,lain,1.0
user_74c0405f6260,user,6,niat menonton,2.0
user_74c1c9a53327,user,5,lain,1.0
user_74c304f400e8,user,1,lain,1.0
user_74c7d50aaddc,user,1,lain,1.0
user_74cb64fb55fd,user,1,lain,1.0
user_74ccca72b6af,user,7,lain,1.0
user_74de0158d174,user,2,lain,1.0
user_74e53c4fd074,user,5,lain,1.0
user_74e84e445b62,user,2,lain,1.0
user_74e951e6e1bf,user,4,lain,1.0
user_7504cd929417,user,1,lain,1.0
user_750d2fa53a38,user,1,takut (pujian?),1.0
user_750de608dab5,user,3,takut (pujian?),1.0
user_750e3d9b343d,user,1,lain,1.0
user_7520825f0b4d,user,3,lain,1.0
user_753085dd57ba,user,8,lain,1.0
user_7536bc27b640,user,13,takut (pujian?),1.0
user_75439489370b,user,4,lain,1.0
user_7547189350c1,user,7,lain,1.0
user_7549d4914d49,user,6,lain,1.0
user_754f371548a1,user,10,takut (pujian?),1.0
user_755c285153f6,user,5,lain,1.0
user_75672a44329f,user,1,lain,1.0
user_75714defead3,user,2,lain,1.0
user_7571a8174a73,user,6,lain,1.0
user_757d46060cf2,user,4,lain,1.0
user_757e211cafe7,user,5,takut (pujian?),1.0
user_757f0af732dc,user,1,niat menonton,1.0
user_75a502654238,user,9,lain,1.0
user_75a7228323c5,user,13,lain,1.0
user_75b30922da26,user,2,lain,1.0
user_75c23f04fb40,user,2,lain,1.0
user_75c4ca855fa2,user,5,niat menonton,1.0
user_75c6000bb186,user,2,lain,1.0
user_75ce4eb9ac32,user,3,lain,1.0
user_75d2ccdbac58,user,2,takut (pujian?),1.0
user_75d56603598a,user,2,lain,1.0
user_75d908bba58f,user,9,lain,1.0
user_75dddf63233a,user,5,lain,1.0
user_75dfd16078e3,user,1,lain,1.0
user_762ae943754c,user,4,takut (pujian?),1.0
user_762c3269b8ee,user,1,lain,1.0
user_762ecb984c65,user,1,lain,1.0
user_763dc87153ab,user,6,lain,1.0
user_764defa86f47,user,6,lain,1.0
user_764e33a1cff2,user,1,lain,1.0
user_76515f64380b,user,1,lain,1.0
user_765e6fde3e16,user,5,takut (pujian?),1.0
user_766a6ddcaa9e,user,6,takut (pujian?),1.0
user_76710e9c36f3,user,5,lain,1.0
user_7675e1535dfa,user,8,lain,1.0
user_767b0ba4cc64,user,5,lain,1.0
user_7681bfcc2cc9,user,4,lain,1.0
user_769e685ea423,user,6,niat menonton,1.0
user_76a96f0f0f48,user,9,lain,1.0
user_76b080ee6a02,user,9,lain,1.0
user_76b6abe6e580,user,1,lain,1.0
user_76b89f7921eb,user,3,lain,1.0
user_76c006de159f,user,11,lain,1.0
user_76dcd70b3707,user,15,lain,1.0
user_76f9bbeefd8b,user,5,lain,1.0
user_771b586d4056,user,11,lain,1.0
user_772593a92c12,user,1,lain,1.0
user_77285010b598,user,15,lain,1.0
user_7734c1da3552,user,4,lain,1.0
user_77356fff64ed,user,10,lain,1.0
user_77487729f27d,user,1,lain,1.0
user_77581295fac6,user,16,lain,2.0
user_77591fc0271b,user,2,lain,1.0
user_775d69441424,user,1,takut (pujian?),1.0
user_7760edf33325,user,1,lain,1.0
user_77706adbb522,user,9,lain,1.0
user_777effe1bbd3,user,1,lain,1.0
user_7783e844f4c2,user,5,takut (pujian?),1.0
user_7788b54ddd1f,user,5,lain,1.0
user_77a4f6de71d4,user,12,lain,1.0
user_77a967d85d42,user,2,lain,1.0
user_77b50f06c0a9,user,10,takut (pujian?),2.0
user_77b817002df1,user,11,lain,1.0
user_77b859596dc3,user,12,lain,1.0
user_77ba960cd21f,user,7,lain,1.0
user_77c4e57e4488,user,5,lain,1.0
user_77c738047e15,user,10,lain,1.0
user_77c93df69434,user,9,takut (pujian?),2.0
user_77d152495cc8,user,3,niat menonton,1.0
user_77d7486f92b4,user,5,lain,1.0
user_77d74c76db33,user,5,lain,1.0
user_77d8bf0cfe75,user,2,lain,4.0
user_77db9768f2be,user,10,niat menonton,1.0
user_77e0ba92bcd9,user,17,lain,1.0
user_77e0d6e014e5,user,16,lain,1.0
user_77e20d2a568f,user,4,lain,2.0
user_77edba9a8ed4,user,10,takut (pujian?),1.0
user_77ee03a9c982,user,9,lain,2.0
user_77fc6e60e89b,user,2,lain,1.0
user_780dda121b1c,user,3,takut (pujian?),1.0
user_7815bf0ac6ac,user,6,lain,1.0
user_782b23ad8aaf,user,8,lain,1.0
user_78338e9a9bdd,user,2,lain,1.0
user_783d1b2d2a76,user,8,lain,1.0
user_78400e64d4d6,user,5,lain,1.0
user_784ff9576a5d,user,11,lain,1.0
user_78568df0dccd,user,10,lain,1.0
user_785976d7dc12,user,1,lain,1.0
user_786766ab0ebe,user,5,takut (pujian?),1.0
user_786e2182324a,user,6,lain,1.0
user_7876e2019d10,user,3,lain,1.0
user_7877c4f8094a,user,6,niat menonton,1.0
user_789119773381,user,1,lain,1.0
user_7891cebe4a60,user,9,lain,1.0
user_78a13811ee5f,user,4,lain,1.0
user_78a8ec09cfbb,user,2,lain,1.0
user_78adde86233c,user,15,lain,1.0
user_78b6d0836dbb,user,5,lain,1.0
user_78bb3bf5e951,user,1,takut (pujian?),1.0
user_78bc7ba0d6a5,user,8,takut (pujian?),1.0
user_78bf37ed401b,user,6,lain,1.0
user_78c1c0fd5391,user,1,lain,1.0
user_78c8efd1db1d,user,7,lain,1.0
user_78d361a3594e,user,1,lain,1.0
user_78d44be333a1,user,8,lain,1.0
user_78d518ed5eb4,user,2,lain,1.0
user_78da91c6814a,user,14,lain,1.0
user_78ddbbff8062,user,15,lain,1.0
user_78e32518176f,user,7,lain,1.0
user_78eb2f00ea49,user,5,lain,3.0
user_78faf2dd0995,user,2,lain,1.0
user_7902dc57e7ef,user,16,niat menonton,1.0
user_790ddef6d6f1,user,8,lain,2.0
user_7914c87ad15d,user,3,lain,1.0
user_79152729fdf9,user,12,lain,1.0
user_792d44b876c5,user,12,lain,1.0
user_7934542a4d08,user,1,niat menonton,1.0
user_7935e603c4b0,user,1,lain,1.0
user_793e9f46be07,user,17,lain,1.0
user_79469babaf18,user,4,lain,1.0
user_7947653d9ab9,user,3,lain,1.0
user_7953bdf06196,user,1,lain,1.0
user_7954ce10f7b7,user,7,lain,1.0
user_795868b78496,user,10,lain,1.0
user_79610c34909e,user,5,lain,1.0
user_79763f14714e,user,9,lain,1.0
user_797a41de5ece,user,2,lain,1.0
user_7986e3571231,user,14,lain,2.0
user_7989036a08c5,user,2,takut (pujian?),2.0
user_799170f7de86,user,1,lain,1.0
user_799d2043e9c7,user,10,lain,1.0
user_799e5d52a634,user,8,lain,1.0
user_79a99eb2b0cb,user,8,lain,1.0
user_79bd9d7dcb58,user,2,lain,1.0
user_79d885b5823d,user,2,lain,1.0
user_79d9dcd7c7e0,user,11,niat menonton,1.0
user_79da5fa5bc3e,user,3,lain,1.0
user_79e3904a7f2f,user,2,lain,1.0
user_79fa4c0297e5,user,6,niat menonton,1.0
user_79fedea4f250,user,2,lain,1.0
user_7a085a24a746,user,2,lain,1.0
user_7a0bf28849d9,user,2,lain,1.0
user_7a16726d430d,user,14,lain,1.0
user_7a1b0bdf8e5f,user,1,lain,1.0
user_7a1db018692f,user,10,takut (pujian?),1.0
user_7a1e14757e36,user,1,lain,1.0
user_7a21e5a3ffb0,user,16,lain,2.0
user_7a2bc2880a7f,user,5,takut (pujian?),1.0
user_7a3645600fd9,user,4,lain,1.0
user_7a4478ff303f,user,18,lain,1.0
user_7a473eaff948,user,1,lain,1.0
user_7a58f6450ecc,user,7,niat menonton,1.0
user_7a59a1044eaa,user,8,takut (pujian?),1.0
user_7a6052ff73d8,user,10,lain,2.0
user_7a6dde9131fc,user,9,lain,1.0
user_7a6e45990520,user,1,takut (pujian?),1.0
user_7a6e5abcf537,user,2,lain,1.0
user_7a741ed7627b,user,2,lain,1.0
user_7a83d064eda7,user,1,lain,1.0
user_7a840ee0f60a,user,2,niat menonton,2.0
user_7aaada4aa78d,user,6,takut (pujian?),1.0
user_7ab816dd8f92,user,9,lain,1.0
user_7ac0f92fb77b,user,1,takut (pujian?),1.0
user_7ac69d1adeae,user,6,lain,1.0
user_7ae313ce3abc,user,13,lain,1.0
user_7af063aa27c5,user,2,lain,1.0
user_7af546a68703,user,7,lain,1.0
user_7afe0fb6736a,user,14,lain,1.0
user_7afedb214a19,user,8,niat menonton,1.0
user_7b00211504c5,user,16,lain,1.0
user_7b05d65ae340,user,15,lain,1.0
user_7b0d6690594c,user,1,lain,1.0
user_7b137669a941,user,3,lain,1.0
user_7b20e663b972,user,3,niat menonton,1.0
user_7b37d318bc9b,user,7,lain,1.0
user_7b470b88e9aa,user,4,niat menonton,1.0
user_7b6a249e0dc3,user,5,lain,1.0
user_7b6b314f1816,user,3,lain,1.0
user_7b76e340cd66,user,17,lain,1.0
user_7b787d0f8666,user,2,lain,1.0
user_7ba588a179b8,user,9,lain,1.0
user_7baf2a4d69b4,user,1,lain,1.0
user_7bb4c831ff12,user,13,lain,1.0
user_7bc4e5050fbe,user,7,lain,1.0
user_7bc8667ce4e2,user,4,lain,1.0
user_7bddfd724ed3,user,8,niat menonton,1.0
user_7be3707a2889,user,13,lain,1.0
user_7becdf475c36,user,2,niat menonton,1.0
user_7bed80e42a6f,user,11,lain,1.0
user_7bf51705e812,user,14,lain,1.0
user_7c08a20f49be,user,9,lain,1.0
user_7c0b407ae31a,user,1,lain,1.0
user_7c14586d1180,user,14,lain,1.0
user_7c16494d1b9e,user,2,lain,1.0
user_7c1c91514f51,user,3,lain,1.0
user_7c209c2b779e,user,2,lain,1.0
user_7c4942d3b68a,user,2,lain,1.0
user_7c4b8aea2b71,user,11,lain,1.0
user_7c525e241f52,user,4,lain,1.0
user_7c5629def01a,user,1,niat menonton,1.0
user_7c7c8d7c30f7,user,16,lain,1.0
user_7c7e9e44b6e1,user,4,takut (pujian?),1.0
user_7c8e3ab50bc6,user,11,lain,1.0
user_7c97122285b8,user,8,takut (pujian?),1.0
user_7c9b6b201d13,user,17,lain,1.0
user_7caa1fb7b06f,user,3,lain,1.0
user_7cc80d897772,user,2,lain,1.0
user_7cce501dcc53,user,2,lain,1.0
user_7ce37f202195,user,6,lain,1.0
user_7ceccc84c664,user,4,niat menonton,1.0
user_7cfcc95ea8ca,user,6,niat menonton,1.0
user_7d064f33725e,user,9,lain,1.0
user_7d0a69a98e4c,user,8,takut (pujian?),1.0
user_7d27884ae49d,user,17,takut (pujian?),1.0
user_7d2cc90c982d,user,1,takut (pujian?),1.0
user_7d303bc5f512,user,4,lain,1.0
user_7d3f365df14e,user,1,lain,1.0
user_7d469756c5e8,user,10,lain,1.0
user_7d4d2c05726c,user,14,lain,1.0
user_7d6c3e0e5ac7,user,9,lain,1.0
user_7d74f4ebf4dd,user,1,lain,1.0
user_7d74ffeffb03,user,3,lain,1.0
user_7d8765d297d2,user,9,lain,1.0
user_7d88515c8785,user,2,lain,1.0
user_7d898a492a28,user,11,lain,1.0
user_7d8a6ae82817,user,15,lain,1.0
user_7d8cd42651d5,user,6,lain,1.0
user_7d99f202e4eb,user,5,lain,1.0
user_7d9ccaac8def,user,2,lain,1.0
user_7d9d12aed3d9,user,7,lain,1.0
user_7da0fff55e10,user,16,lain,1.0
user_7da1355a7bf5,user,4,niat menonton,1.0
user_7da25b769680,user,6,takut (pujian?),1.0
user_7dac7c6559a8,user,4,lain,1.0
user_7db0311cbc83,user,2,niat menonton,1.0
user_7db4fe19b1dd,user,12,lain,1.0
user_7dd3a75fda27,user,8,lain,1.0
user_7dda2845bccc,user,10,lain,1.0
user_7de5493dc57d,user,1,lain,1.0
user_7df6a78685ff,user,11,lain,1.0
user_7e0f001129e1,user,12,lain,2.0
user_7e10715ceb53,user,3,lain,1.0
user_7e27c963bf43,user,6,lain,1.0
user_7e4aa152ab67,user,3,lain,1.0
user_7e697f34df9e,user,3,lain,1.0
user_7e6c4d1d105d,user,2,lain,1.0
user_7eaea1aaa8d0,user,14,lain,1.0
user_7ed0379bfec9,user,12,lain,2.0
user_7edce86410b5,user,1,lain,1.0
user_7edffb664cc0,user,2,lain,1.0
user_7ee2b02550a3,user,2,lain,2.0
user_7ee637cd32b9,user,9,lain,1.0
user_7ef19a8ddaa5,user,9,lain,1.0
user_7ef1feb7dd59,user,7,lain,1.0
user_7ef217168062,user,3,lain,1.0
user_7efd4c6265e7,user,15,lain,1.0
user_7f088553b0be,user,4,lain,1.0
user_7f08a10e8df8,user,1,takut (pujian?),1.0
user_7f0d62922004,user,1,lain,1.0
user_7f0dc165f0a4,user,1,lain,1.0
user_7f0e43043273,user,11,lain,1.0
user_7f19e9da49ea,user,1,lain,1.0
user_7f21ba819c58,user,15,lain,1.0
user_7f3306f2d7d4,user,1,lain,1.0
user_7f373e951cef,user,5,lain,1.0
user_7f385b2b1d0c,user,8,lain,1.0
user_7f3a66346223,user,10,takut (pujian?),1.0
user_7f4eaa01dd94,user,9,lain,1.0
user_7f6206c06d3c,user,2,lain,1.0
user_7f63b9d2663c,user,7,lain,1.0
user_7f67b25467f2,user,1,lain,1.0
user_7f6a0a3c468c,user,2,lain,1.0
user_7f6c8a802fd2,user,3,takut (pujian?),1.0
user_7f7302c3063b,user,11,lain,1.0
user_7f765a6aeff4,user,1,lain,2.0
user_7f78933299f1,user,4,lain,1.0
user_7f7c8aeed4c0,user,13,lain,1.0
user_7f7d4904e073,user,7,lain,1.0
user_7f838e1f1e2f,user,1,lain,1.0
user_7f844f9065c7,user,15,lain,1.0
user_7f9690e39dd3,user,2,lain,1.0
user_7f97a91ecdb6,user,4,lain,1.0
user_7f98dadf1d56,user,4,lain,2.0
user_7f9abadeeb88,user,15,lain,2.0
user_7fa08d6f577e,user,17,lain,1.0
user_7fa560564e4f,user,6,takut (pujian?),1.0
user_7fab4257ea50,user,9,lain,1.0
user_7fac5dcf6088,user,12,lain,1.0
user_7fad085be05f,user,13,takut (pujian?),1.0
user_7fb40c292572,user,4,lain,1.0
user_7fbeee69e767,user,14,lain,1.0
user_7fc642a174de,user,2,lain,1.0
user_7fc72c929218,user,13,lain,1.0
user_7fd09cd6e133,user,7,lain,1.0
user_7fddaeef3ca2,user,3,lain,1.0
user_7ff18b1e4822,user,4,lain,1.0
user_7ffda13aa3ed,user,2,lain,1.0
user_80009b762ba7,user,1,lain,1.0
user_800cfa587815,user,6,lain,1.0
user_80204fd8cb2b,user,10,lain,1.0
user_802624d3eff5,user,8,lain,1.0
user_802dbdba6647,user,3,lain,1.0
user_80336463c0d4,user,13,lain,1.0
user_8033a5f156f9,user,4,takut (pujian?),1.0
user_8053a00bf1f3,user,1,lain,1.0
user_8063d0ce707e,user,10,lain,1.0
user_807ba28de634,user,16,lain,1.0
user_808326b165f3,user,1,lain,1.0
user_809367073e17,user,1,niat menonton,1.0
user_80a4ba4be199,user,1,lain,1.0
user_80a52924db5f,user,3,lain,1.0
user_80a9d01bf9d5,user,10,lain,1.0
user_80ad4cc30e5c,user,11,lain,1.0
user_80ad55e049a0,user,8,lain,1.0
user_80b367866cb2,user,9,lain,1.0
user_80b7a0e9c688,user,5,lain,1.0
user_80bd0be4b4d4,user,8,lain,1.0
user_80be9048dcd5,user,3,lain,1.0
user_80c19a91329b,user,11,lain,1.0
user_80cb7acd849b,user,7,takut (pujian?),1.0
user_80e9f492d9f8,user,4,lain,1.0
user_80ef1f1f8140,user,1,lain,1.0
user_80f9613e23cf,user,15,lain,1.0
user_810d8695c1a2,user,2,lain,1.0
user_8113bd67d380,user,2,takut (pujian?),1.0
user_8113f97d2d1a,user,1,lain,1.0
user_8117e370a75e,user,14,niat menonton,2.0
user_8124f4fdd524,user,15,lain,1.0
user_813328c23bc1,user,7,lain,1.0
user_813fd027a207,user,3,takut (pujian?),1.0
user_814637849914,user,3,lain,1.0
user_814dd5d7a342,user,1,lain,1.0
user_815e7b7a60a7,user,1,lain,1.0
user_816f1628e7ad,user,1,lain,1.0
user_816f9ad8f51d,user,14,lain,2.0
user_81833d893e13,user,2,lain,1.0
user_81843a7cb333,user,4,lain,1.0
user_81870c1f8453,user,8,lain,1.0
user_818ec7a5e6c5,user,3,lain,1.0
user_818f09320d9f,user,2,lain,1.0
user_818f25d6dbc4,user,1,niat menonton,1.0
user_81997ed22a52,user,5,lain,1.0
user_81a6432b7a25,user,16,niat menonton,1.0
user_81a6d0900a4a,user,4,lain,1.0
user_81b1652677f5,user,2,lain,1.0
user_81ba919eef19,user,15,lain,1.0
user_81cb532f72ed,user,9,lain,1.0
user_81d6b71daf5b,user,10,takut (pujian?),1.0
user_81e21c492001,user,12,lain,1.0
user_81e2b9ef5819,user,6,niat menonton,1.0
user_81ecc90fa96f,user,13,lain,2.0
user_81f5e0186733,user,10,lain,1.0
user_81fbdb7feb30,user,2,lain,1.0
user_820daa8ef3ed,user,15,lain,1.0
user_820ddbe24801,user,2,lain,1.0
user_82176fef3e2f,user,3,lain,1.0
user_821c0a11156c,user,1,niat menonton,1.0
user_822d98179f3d,user,4,takut (pujian?),1.0
user_8236e7e7b4a8,user,11,takut (pujian?),1.0
user_82402467ccb9,user,8,lain,1.0
user_824c724cbb63,user,2,lain,1.0
user_824c83c74641,user,4,takut (pujian?),1.0
user_825482a5f8c4,user,17,lain,1.0
user_825c070b9aa1,user,1,lain,1.0
user_826769a405a2,user,2,lain,1.0
user_826efa49c95b,user,9,lain,2.0
user_826fbc764252,user,2,niat menonton,1.0
user_828095ee6c01,user,5,lain,1.0
user_82a4675552c9,user,5,lain,1.0
user_82adb0723c6f,user,14,lain,1.0
user_82b4af70be70,user,7,lain,1.0
user_82c8e1ee1d41,user,7,lain,1.0
user_82cab536e8d3,user,6,lain,1.0
user_82ce6cd90b64,user,2,lain,1.0
user_82d1d5b00de0,user,3,lain,1.0
user_82db686569c8,user,6,lain,1.0
user_82eed7ade2c5,user,7,lain,1.0
user_82efa69130aa,user,2,lain,1.0
user_82f373aa8e6e,user,7,takut (pujian?),1.0
user_83000e02eb29,user,15,lain,1.0
user_830415f57a36,user,3,lain,1.0
user_830bf7173dac,user,10,lain,2.0
user_830c518b05e6,user,5,lain,1.0
user_831ed0dd2491,user,9,lain,3.0
user_832462b39600,user,6,lain,1.0
user_83253be1a4b8,user,9,lain,2.0
user_83365bea3e0a,user,1,lain,1.0
user_8339de3156d0,user,12,lain,2.0
user_833fbc103df8,user,13,lain,1.0
user_834615e336ce,user,5,takut (pujian?),1.0
user_8347d1591457,user,4,lain,1.0
user_8349c50f5bc2,user,1,lain,1.0
user_834b140ca3d3,user,2,lain,1.0
user_834f52745e40,user,1,takut (pujian?),1.0
user_835182259369,user,4,lain,1.0
user_8352ea0166fd,user,12,niat menonton,1.0
user_835d9f8d9005,user,3,lain,1.0
user_8365f168e570,user,2,niat menonton,1.0
user_836ea1f4d91f,user,2,lain,1.0
user_8378287c6b9d,user,14,lain,1.0
user_8379b0df1aa1,user,7,lain,2.0
user_837ba27b6960,user,1,takut (pujian?),1.0
user_8383a7e3fd5c,user,2,takut (pujian?),1.0
user_838878e68eee,user,9,lain,1.0
user_838a3651c35b,user,14,lain,1.0
user_838c3bc738d7,user,5,lain,1.0
user_838f566430eb,user,6,lain,1.0
user_83910631fd59,user,3,lain,1.0
user_83c225e1b452,user,1,lain,1.0
user_83c289e698fc,user,14,lain,1.0
user_83d4e1c0a244,user,13,lain,1.0
user_83e023d93a5f,user,7,lain,1.0
user_83ecdd54285d,user,4,lain,1.0
user_8402e8bb9f19,user,6,lain,1.0
user_8406f58affb9,user,7,lain,1.0
user_8410c8b57bc4,user,12,lain,1.0
user_841f61ce83f4,user,14,lain,1.0
user_8421afeb2871,user,8,lain,1.0
user_8432c3620b56,user,9,takut (pujian?),1.0
user_8449bb71b407,user,12,lain,1.0
user_844b1321d1a0,user,11,niat menonton,1.0
user_844c214c2ae5,user,2,lain,1.0
user_845bf40bace6,user,1,lain,1.0
user_845f2a24b9a4,user,8,lain,1.0
user_846df8ccc98c,user,4,lain,1.0
user_84756f26b789,user,13,lain,1.0
user_847be30e6ad0,user,8,lain,1.0
user_848da8b3ac27,user,8,lain,2.0
user_84974d88ac2f,user,9,lain,3.0
user_84a0128b4f21,user,4,lain,1.0
user_84a06912e88e,user,1,lain,1.0
user_84a5b9e694c2,user,1,lain,1.0
user_84a63d70ede1,user,6,takut (pujian?),1.0
user_84b03889723d,user,1,lain,2.0
user_84b13ae768a7,user,10,lain,4.0
user_84b99223c537,user,5,lain,1.0
user_84c63b200859,user,3,lain,1.0
user_84d2cbbae370,user,15,lain,1.0
user_84d8866845b8,user,1,lain,1.0
user_84f20abde965,user,1,lain,1.0
user_8504329c1db3,user,1,lain,1.0
user_8512a2f86049,user,9,takut (pujian?),1.0
user_8519d07b422b,user,13,lain,1.0
user_851c791cefb2,user,8,lain,1.0
user_85296b28a227,user,6,lain,1.0
user_852ac19b77e3,user,8,takut (pujian?),1.0
user_853f73abf97b,user,1,lain,1.0
user_8549d854932f,user,17,lain,1.0
user_855ec1e5ade4,user,16,takut (pujian?),1.0
user_855fd88b7cf4,user,4,lain,1.0
user_8577e9517106,user,1,lain,1.0
user_857839ce67e9,user,4,niat menonton,1.0
user_858609731d14,user,10,lain,1.0
user_85871371a446,user,3,lain,1.0
user_858ec8da189c,user,3,lain,1.0
user_8590b2009265,user,9,takut (pujian?),1.0
user_859212754ca3,user,2,lain,1.0
user_8595d5388f0b,user,17,takut (pujian?),1.0
user_85a88eb377c7,user,2,lain,1.0
user_85b34c07f690,user,1,lain,1.0
user_85ba7eed86e4,user,7,lain,1.0
user_85cf170ced0f,user,4,lain,1.0
user_85d68b13fef3,user,3,lain,1.0
user_85e294f89c3a,user,14,lain,1.0
user_85fba6c2f24d,user,12,niat menonton,1.0
user_85fd3bfb4679,user,2,lain,1.0
user_85fe9ba58c50,user,9,lain,1.0
user_8605c6b35171,user,2,lain,1.0
user_860c50a40630,user,18,niat menonton,1.0
user_862121cb698e,user,4,lain,1.0
user_8621c61eff13,user,4,takut (pujian?),1.0
user_8624c406790d,user,4,lain,1.0
user_863535654e5a,user,8,lain,1.0
user_863d52b182e8,user,11,lain,1.0
user_864901f5f717,user,2,takut (pujian?),1.0
user_8654f1dd32bc,user,3,lain,1.0
user_8659dfa43e92,user,3,lain,1.0
user_86685625c362,user,2,takut (pujian?),1.0
user_8675bdb29b6a,user,16,lain,1.0
user_868078a8c730,user,11,lain,1.0
user_8686d82fbe5e,user,2,lain,1.0
user_8689b2629d6b,user,12,lain,1.0
user_8694f391995f,user,3,lain,1.0
user_869c927991be,user,8,lain,1.0
user_86a3a0ba4291,user,2,lain,1.0
user_86af4c5e1124,user,2,lain,1.0
user_86b3dfce77f9,user,2,lain,1.0
user_86b60104c8e0,user,8,niat menonton,1.0
user_86c1ce14d03f,user,10,niat menonton,1.0
user_86cc0e575775,user,8,lain,1.0
user_86cfd2822e32,user,3,lain,4.0
user_86d8dc6d0810,user,4,lain,1.0
user_86e2fbcbe1f9,user,12,lain,1.0
user_86f69be4f066,user,4,niat menonton,1.0
user_86f821eebbdf,user,5,lain,1.0
user_870164780b99,user,2,takut (pujian?),1.0
user_87017c6e9102,user,4,lain,1.0
user_8707f27e94c5,user,1,lain,1.0
user_871219b0f3d8,user,3,niat menonton,1.0
user_871a7353db19,user,8,lain,1.0
user_871c7d3bd789,user,5,lain,1.0
user_871d74c07dea,user,3,niat menonton,1.0
user_872684ecf0e6,user,7,takut (pujian?),1.0
user_8728065c9eb6,user,15,lain,2.0
user_87357fd87697,user,7,lain,1.0
user_8735ee55821e,user,1,lain,1.0
user_873943a2f639,user,4,lain,1.0
user_874469fe631a,user,15,lain,1.0
user_8747dbd46ac4,user,1,takut (pujian?),1.0
user_874ae1362024,user,4,lain,1.0
user_8750526453eb,user,4,lain,1.0
user_8778b2bd643a,user,13,lain,1.0
user_878ee937936c,user,5,lain,1.0
user_879063a3bfdd,user,17,lain,1.0
user_87923727292f,user,13,lain,1.0
user_8797da89be73,user,8,lain,1.0
user_87a5868e14b3,user,12,lain,1.0
user_87ac78d9fc52,user,9,takut (pujian?),1.0
user_87b6ea6cedd1,user,1,lain,1.0
user_87b78743f389,user,4,lain,1.0
user_87c129870f33,user,5,lain,1.0
user_87c827da036f,user,6,lain,1.0
user_87d576388dbd,user,1,lain,1.0
user_87d69b37ae1f,user,2,lain,1.0
user_87dee59f58be,user,14,lain,2.0
user_87e8c1669b4e,user,1,lain,1.0
user_87f425d09f70,user,10,lain,1.0
user_87f4f4ff3ea9,user,3,lain,1.0
user_87f5735c8a13,user,10,lain,3.0
user_880236578073,user,1,niat menonton,1.0
user_8815add3563a,user,3,lain,1.0
user_881773d6116c,user,2,lain,1.0
user_88189c23a29b,user,2,lain,1.0
user_8819d224e964,user,12,lain,1.0
user_881f4d6465eb,user,17,takut (pujian?),1.0
user_882763df7a02,user,5,lain,1.0
user_884c2749e024,user,9,lain,1.0
user_8854c3ef80a9,user,1,lain,1.0
user_885f7c501a31,user,10,lain,1.0
user_885f96e99c84,user,7,takut (pujian?),1.0
user_88601f9700f4,user,1,lain,1.0
user_886099b465ae,user,10,niat menonton,1.0
user_8862ab72de5c,user,2,lain,1.0
user_886a0615434a,user,8,lain,1.0
user_887008011acc,user,3,takut (pujian?),1.0
user_889e52993125,user,2,lain,1.0
user_88ab8f4ce6c7,user,11,lain,1.0
user_88ac835935b2,user,1,lain,1.0
user_88b89f28d694,user,1,lain,1.0
user_88b9f7e5a63b,user,12,lain,1.0
user_88bdc749f809,user,12,lain,2.0
user_88bde9d110a4,user,9,lain,2.0
user_88c478f9623f,user,2,lain,1.0
user_88cb363ab5bf,user,4,lain,1.0
user_88ccf7efb03d,user,1,niat menonton,1.0
user_88d635956c51,user,10,lain,1.0
user_88dbbe0582a2,user,9,lain,1.0
user_88efea84f85b,user,2,lain,1.0
user_88f9f1405fd6,user,2,lain,1.0
user_88fa457dc9ae,user,3,lain,1.0
user_8900e78aaf45,user,10,lain,1.0
user_890ad03b0572,user,17,lain,2.0
user_890bda827474,user,1,lain,1.0
user_8910e1312a69,user,11,lain,1.0
user_8918d383dd20,user,1,lain,1.0
user_8926ff776762,user,1,lain,1.0
user_892e6fc7afb5,user,2,lain,1.0
user_8933f75fdd38,user,5,lain,1.0
user_8935b7d7e37f,user,3,takut (pujian?),1.0
user_893bdc808317,user,3,lain,1.0
user_893e7f67b474,user,6,lain,1.0
user_8967796b0648,user,16,lain,1.0
user_89687f1190e3,user,8,takut (pujian?),1.0
user_897bd3837e5e,user,5,lain,1.0
user_897cdf2fc3d7,user,2,lain,1.0
user_897e72b02087,user,2,lain,1.0
user_897eef8d11f0,user,5,lain,1.0
user_8982d57c3143,user,4,lain,1.0
user_898e75fbd8be,user,1,lain,1.0
user_89a2ffbb565f,user,1,lain,1.0
user_89a61d4c5844,user,2,lain,1.0
user_89ab9532d4ff,user,1,lain,1.0
user_89ad6b6c6c5c,user,2,lain,1.0
user_89b78a121697,user,8,lain,1.0
user_89cc721f8371,user,1,niat menonton,1.0
user_89cd4fed9bba,user,7,lain,1.0
user_89d5de902677,user,3,lain,1.0
user_89dea6cf197a,user,4,lain,1.0
user_89f514ea14b5,user,2,lain,1.0
user_89fddd938e09,user,12,lain,1.0
user_8a15b185b6f5,user,10,lain,1.0
user_8a26d45a4539,user,12,lain,1.0
user_8a44f0667798,user,1,lain,1.0
user_8a46f0ccf3a9,user,2,lain,1.0
user_8a4bab8ddcde,user,3,niat menonton,1.0
user_8a4efde54d9f,user,4,lain,1.0
user_8a51026fd06c,user,11,lain,1.0
user_8a527fdc8d92,user,10,lain,2.0
user_8a69b101a379,user,2,lain,1.0
user_8a6e6035f41e,user,9,lain,1.0
user_8a74795fb67f,user,5,lain,1.0
user_8a765da0782b,user,5,lain,1.0
user_8a78f0b76de8,user,3,niat menonton,1.0
user_8a8e3f88e873,user,13,lain,1.0
user_8a8e4ff427f4,user,2,lain,2.0
user_8a993275ba9d,user,9,lain,1.0
user_8aa258c4c138,user,1,lain,1.0
user_8ab789e634a9,user,6,lain,1.0
user_8abef0d7afbb,user,12,niat menonton,2.0
user_8ac54f060594,user,9,takut (pujian?),1.0
user_8ac5ff095864,user,17,lain,1.0
user_8ae50e21a857,user,14,lain,2.0
user_8ae81b1eb98c,user,6,lain,1.0
user_8af412e1d341,user,15,lain,1.0
user_8af5f4ba8794,user,1,lain,1.0
user_8b0b84ea35e4,user,8,lain,1.0
user_8b20fa8b2ed3,user,15,lain,1.0
user_8b24d7993856,user,9,takut (pujian?),2.0
user_8b2f907208b5,user,6,niat menonton,1.0
user_8b2fa3d2cf37,user,1,lain,1.0
user_8b303d9c2589,user,11,lain,1.0
user_8b34352ee018,user,2,lain,1.0
user_8b3917f1b319,user,2,lain,1.0
user_8b40176cd1dd,user,8,lain,1.0
user_8b4313a281eb,user,1,lain,1.0
user_8b5d71ddf252,user,2,lain,1.0
user_8b5ef1f93c10,user,1,lain,1.0
user_8b623dc78178,user,5,niat menonton,1.0
user_8b6250225bec,user,4,lain,1.0
user_8b77af78ecc7,user,5,lain,1.0
user_8b87bcbc02f7,user,3,lain,1.0
user_8b9b92f68077,user,15,lain,1.0
user_8b9daa07e30c,user,6,takut (pujian?),1.0
user_8b9e6d7c2f0b,user,9,lain,1.0
user_8b9fce5524b0,user,8,lain,1.0
user_8bb23fa9081c,user,5,lain,1.0
user_8bcdc62a2b4c,user,8,lain,1.0
user_8bce398feff4,user,15,lain,1.0
user_8bd3240bea11,user,8,lain,1.0
user_8bdc96aaaf4f,user,9,lain,1.0
user_8be1e2a9b851,user,2,lain,1.0
user_8be7d3659de3,user,5,lain,1.0
user_8c0547f22c78,user,13,lain,1.0
user_8c08d1f9c1f2,user,4,lain,1.0
user_8c1dbed1e0d4,user,7,lain,1.0
user_8c278c3f22fb,user,12,lain,2.0
user_8c30e4503677,user,1,lain,1.0
user_8c4b8da5f43a,user,16,lain,1.0
user_8c4c91d3d71c,user,2,lain,1.0
user_8c4db179c6da,user,2,lain,1.0
user_8c53523b751e,user,1,lain,1.0
user_8c5b6a72cb54,user,2,lain,1.0
user_8c6c28dc2bad,user,1,lain,1.0
user_8c8650004154,user,6,lain,1.0
user_8c907ddfd174,user,11,lain,1.0
user_8c94881bcdd8,user,8,lain,1.0
user_8c97f7ae61ce,user,2,lain,1.0
user_8ca09d3b6d23,user,16,lain,1.0
user_8ca86fdd9b27,user,4,lain,1.0
user_8ca8b6a2d2df,user,1,lain,2.0
user_8caa167f5476,user,8,lain,1.0
user_8cb6a5f78006,user,3,takut (pujian?),1.0
user_8cb6d7d8fa49,user,9,lain,1.0
user_8cbe0dd79e5d,user,10,lain,1.0
user_8cc1596edcaf,user,5,lain,1.0
user_8cc40f1b06e8,user,12,takut (pujian?),2.0
user_8cc6f4f7b0d3,user,2,lain,1.0
user_8cd29ee1abda,user,6,takut (pujian?),1.0
user_8ce0199fcd8a,user,13,lain,1.0
user_8cecf1e3f5e8,user,11,lain,1.0
user_8cf01b3565b8,user,2,lain,1.0
user_8cf3bffe4a89,user,2,lain,1.0
user_8cf45d54cd88,user,9,lain,1.0
user_8cf4ea112535,user,3,lain,1.0
user_8cf551eeadb7,user,3,lain,1.0
user_8d01483b3c85,user,5,takut (pujian?),1.0
user_8d0faab4c70a,user,8,lain,1.0
user_8d1723627c85,user,4,lain,1.0
user_8d21060c0627,user,7,lain,1.0
user_8d28152f0b28,user,1,lain,1.0
user_8d2a4411f5a9,user,17,lain,1.0
user_8d2e690f0e31,user,3,lain,1.0
user_8d374df0aacc,user,5,takut (pujian?),1.0
user_8d4320bbe385,user,12,lain,1.0
user_8d4eb7a5a239,user,1,lain,1.0
user_8d544ec0a429,user,15,lain,1.0
user_8d5de5f415c0,user,1,lain,1.0
user_8d75b8ab305f,user,12,lain,1.0
user_8d7a59cdbe6a,user,6,lain,1.0
user_8d7d35c9fd97,user,10,takut (pujian?),1.0
user_8d8c740297ea,user,1,lain,1.0
user_8da2107d4fc4,user,4,takut (pujian?),1.0
user_8da89f320a4b,user,11,lain,1.0
user_8db4c3b2b238,user,4,lain,1.0
user_8dbca8973f0f,user,6,lain,1.0
user_8dc8836fc570,user,2,lain,4.0
user_8dcc50922603,user,1,lain,1.0
user_8dcd82fdf314,user,1,lain,1.0
user_8dd2d5400773,user,2,lain,1.0
user_8dd7ce812f60,user,2,lain,1.0
user_8dd9f713c189,user,2,lain,1.0
user_8ddabfc206f0,user,6,takut (pujian?),1.0
user_8ddc1c8eeb18,user,10,niat menonton,1.0
user_8de23d2f2774,user,8,lain,1.0
user_8de89d82b63c,user,5,takut (pujian?),1.0
user_8dfa5e1ada8e,user,8,lain,1.0
user_8dffdd839876,user,1,lain,1.0
user_8e15b34234c2,user,5,lain,1.0
user_8e18d9c8cedd,user,11,lain,1.0
user_8e259c49705f,user,1,lain,1.0
user_8e2a798f8a8f,user,14,lain,1.0
user_8e2fc85570f3,user,4,takut (pujian?),1.0
user_8e37d7671be3,user,5,lain,1.0
user_8e4354740ec5,user,5,lain,1.0
user_8e5bb9022eb1,user,4,niat menonton,1.0
user_8e5f560e8a3b,user,9,lain,2.0
user_8e60605cab40,user,10,lain,1.0
user_8e6b64c52f7b,user,13,lain,2.0
user_8e80063ff1c5,user,4,lain,5.0
user_8e81be1c1725,user,4,lain,1.0
user_8e82fc584847,user,12,niat menonton,1.0
user_8e8ceadfff53,user,6,lain,1.0
user_8e91dd797e0a,user,1,lain,1.0
user_8e9e7ab60b71,user,1,lain,1.0
user_8ea0d14a57c3,user,2,lain,1.0
user_8ea106568a5a,user,2,lain,1.0
user_8ea352791d50,user,10,lain,1.0
user_8ea4c161a49f,user,1,niat menonton,1.0
user_8eaac745d597,user,13,lain,1.0
user_8eb0c5a643a5,user,2,lain,1.0
user_8ebc978b3705,user,3,lain,1.0
user_8ec045f6fc6e,user,15,lain,1.0
user_8ec1db9056ae,user,15,lain,1.0
user_8ecb7048c845,user,1,lain,1.0
user_8ee8b69e57b3,user,1,lain,1.0
user_8eef5cbac65f,user,6,lain,1.0
user_8ef6c57454f8,user,1,lain,2.0
user_8ef86ee77b6e,user,8,niat menonton,1.0
user_8f13fc421aba,user,5,lain,1.0
user_8f2842fa20ec,user,4,lain,1.0
user_8f31449e1db8,user,6,lain,1.0
user_8f39e2874d64,user,1,lain,1.0
user_8f4635c35316,user,7,lain,1.0
user_8f4732e082f8,user,6,lain,1.0
user_8f5137701325,user,4,lain,1.0
user_8f64b608950e,user,3,lain,1.0
user_8f6908d3fbf2,user,6,lain,1.0
user_8f6f55c9e4c7,user,10,takut (pujian?),1.0
user_8f71b9fac615,user,3,lain,1.0
user_8f8407dba59d,user,1,takut (pujian?),1.0
user_8f8e11de3b14,user,3,takut (pujian?),1.0
user_8f973f46ab24,user,6,lain,1.0
user_8fb378bd6b5f,user,3,lain,1.0
user_8fb41459e43c,user,2,lain,1.0
user_8fc3af61fac3,user,7,lain,1.0
user_8fcf7f6a2979,user,5,takut (pujian?),1.0
user_8fd23bc01a59,user,1,niat menonton,1.0
user_8fe15cbf7e0d,user,9,lain,1.0
user_8ff570cddd5d,user,11,lain,1.0
user_8ffbb99d5c06,user,14,lain,1.0
user_90064bdfd0a4,user,3,lain,1.0
user_900ee8e1c7ce,user,9,lain,1.0
user_90192f04df81,user,3,lain,1.0
user_90260cd82c66,user,12,takut (pujian?),1.0
user_90270c495a79,user,7,lain,1.0
user_903242c46d27,user,3,lain,1.0
user_90479e57f186,user,11,lain,1.0
user_9058b58319c1,user,1,lain,1.0
user_905fac6b869f,user,1,takut (pujian?),1.0
user_90638bc310af,user,1,takut (pujian?),1.0
user_906fae245c2a,user,2,lain,1.0
user_907236bcb810,user,11,lain,1.0
user_9075baba1540,user,1,niat menonton,1.0
user_90893327e6e5,user,14,takut (pujian?),2.0
user_908c4c6b3b2c,user,15,lain,1.0
user_908d651c2b82,user,1,niat menonton,1.0
user_90935eeedbc8,user,5,lain,1.0
user_909862512fe8,user,4,lain,2.0
user_909aebe7405b,user,12,lain,1.0
user_90c2628466ba,user,4,lain,1.0
user_90c9f00fa8ec,user,9,lain,1.0
user_90d1020a9a00,user,1,takut (pujian?),1.0
user_90db2b7c6212,user,4,lain,1.0
user_90dca4d6d17e,user,4,lain,1.0
user_90dff054642f,user,2,lain,1.0
user_90e39853ed25,user,10,lain,1.0
user_90f3d6b5a7d8,user,3,lain,2.0
user_90f7555cfd70,user,7,lain,1.0
user_90ffae2e0c48,user,16,lain,1.0
user_91059564b960,user,3,lain,1.0
user_910feef0f2c9,user,1,lain,1.0
user_911f13f44e5b,user,15,lain,1.0
user_9127f3664c27,user,16,lain,1.0
user_912c161c7077,user,11,lain,1.0
user_9145626b9137,user,2,lain,1.0
user_915447afec1d,user,6,takut (pujian?),1.0
user_91597c0c58eb,user,6,lain,1.0
user_916c10691f13,user,2,lain,1.0
user_916ec50fbe1a,user,6,lain,1.0
user_916f3474ebcc,user,10,lain,1.0
user_917682a4b060,user,9,takut (pujian?),1.0
user_917c1181c2e5,user,12,lain,1.0
user_91990f401a0a,user,11,lain,1.0
user_919af51f0dac,user,4,lain,1.0
user_91a6b215b26f,user,6,takut (pujian?),1.0
user_91aee82fa247,user,1,lain,1.0
user_91c118ab0120,user,7,lain,1.0
user_91d30b245728,user,4,lain,1.0
user_91d7eb133747,user,5,lain,1.0
user_91de1f055e6c,user,2,lain,1.0
user_91f5c7d4eecd,user,11,lain,1.0
user_91f6c5dc70e6,user,3,lain,1.0
user_91fbe4392467,user,1,lain,1.0
user_9205eb9d7bce,user,11,lain,1.0
user_9208eaa0b3ce,user,3,lain,1.0
user_920e656ed25b,user,11,lain,1.0
user_9212459094eb,user,6,lain,1.0
user_922781ab4799,user,1,lain,1.0
user_922a13744bef,user,11,lain,1.0
user_922aa9203714,user,4,takut (pujian?),1.0
user_923458012ff3,user,6,lain,1.0
user_923d78340b88,user,11,lain,1.0
user_923da5cc0368,user,2,lain,1.0
user_9240d0d41e83,user,1,lain,1.0
user_9242e30cce29,user,3,takut (pujian?),1.0
user_924d04cdd7b4,user,13,takut (pujian?),1.0
user_926072efd4fe,user,1,lain,1.0
user_927d75cbb462,user,11,takut (pujian?),1.0
user_92864be7792b,user,14,lain,1.0
user_928efce0f172,user,8,lain,1.0
user_929c380cfdf2,user,11,lain,2.0
user_92a1a348acb5,user,9,lain,1.0
user_92a6780ff067,user,2,lain,1.0
user_92a7ea7cf6f2,user,8,lain,1.0
user_92af888cd837,user,11,lain,1.0
user_92b1f38bb1a0,user,11,niat menonton,1.0
user_92b9368a6051,user,13,lain,1.0
user_92bfe2eea66a,user,10,niat menonton,1.0
user_92c0ef31eb98,user,1,lain,1.0
user_92d257a2912d,user,17,lain,1.0
user_92d6c65164e4,user,1,lain,1.0
user_92e960341c88,user,6,lain,1.0
user_92e9f61b802d,user,1,lain,1.0
user_92f1bb488010,user,3,lain,1.0
user_92ff0a352788,user,4,lain,2.0
user_9313c3258109,user,5,lain,1.0
user_9321afda2afe,user,1,lain,1.0
user_932c506db4f4,user,11,lain,1.0
user_932da60f3ed2,user,13,lain,1.0
user_933322e3cb58,user,3,niat menonton,1.0
user_9334497137aa,user,10,lain,1.0
user_933f139f2b69,user,1,lain,1.0
user_933fa95f5aba,user,17,takut (pujian?),1.0
user_934267459523,user,5,lain,1.0
user_9342b06ed142,user,3,lain,1.0
user_934e8e44b369,user,12,lain,1.0
user_9380ac108272,user,1,lain,1.0
user_9381933b5859,user,9,lain,1.0
user_9388f0d5c66f,user,2,lain,1.0
user_93995a0f2001,user,10,lain,1.0
user_93a711c5232d,user,1,niat menonton,1.0
user_93aadd30e9bd,user,12,lain,1.0
user_93b5d49ad4c1,user,7,lain,1.0
user_93bdc894c3b5,user,2,lain,1.0
user_93c173b98c44,user,5,lain,2.0
user_93c4219f554b,user,3,lain,1.0
user_93c7c1a61b2b,user,7,lain,2.0
user_93d71ca6e563,user,5,lain,1.0
user_93e0f843b85f,user,9,lain,1.0
user_93ea3cd6d664,user,5,lain,1.0
user_93ede1562b9e,user,1,lain,1.0
user_9401000960fe,user,9,lain,1.0
user_94056e03a771,user,2,lain,1.0
user_940b9b6d285a,user,15,lain,1.0
user_941503c5da27,user,2,lain,1.0
user_941dd871f22d,user,16,lain,1.0
user_941f3066840a,user,1,lain,1.0
user_941f97f29d41,user,10,lain,1.0
user_94345932ea7a,user,7,lain,1.0
user_943868bd04d6,user,4,lain,1.0
user_943a2969f697,user,1,lain,1.0
user_943a7bcee52d,user,2,lain,3.0
user_94689024aade,user,4,lain,1.0
user_946a33abfa64,user,11,lain,3.0
user_946df54f0fd3,user,2,lain,1.0
user_948a15f488db,user,1,niat menonton,1.0
user_948ba526978b,user,15,lain,1.0
user_94933d7d9328,user,1,niat menonton,1.0
user_9498b528a78c,user,6,takut (pujian?),1.0
user_94a13e36ffdc,user,5,lain,1.0
user_94b32254650f,user,11,lain,1.0
user_94be4b41f180,user,10,lain,1.0
user_94c2b7a05983,user,9,lain,1.0
user_94c9fdfa5017,user,16,lain,1.0
user_94cc681050a0,user,7,lain,1.0
user_94dab3c67b34,user,1,lain,1.0
user_94de1adb8586,user,13,lain,1.0
user_94e62a996c31,user,1,lain,1.0
user_94f087393c5d,user,4,takut (pujian?),1.0
user_94f4ae8efb17,user,11,lain,1.0
user_94f946e0d486,user,4,lain,1.0
user_94fcd851ad18,user,9,lain,1.0
user_9500217cb24e,user,1,lain,1.0
user_95063f0e527d,user,1,lain,2.0
user_95077d366888,user,6,lain,1.0
user_9511d2212ee9,user,1,lain,1.0
user_9516dfc44bb5,user,7,lain,1.0
user_951884c8eb34,user,4,lain,1.0
user_951bd2ab4dda,user,1,lain,1.0
user_95212d9dc648,user,6,lain,1.0
user_9521e927b4bc,user,17,lain,1.0
user_9523ef2babf9,user,10,lain,1.0
user_952768f9a252,user,12,lain,2.0
user_95286b7a86b0,user,5,lain,1.0
user_952ae7605cd5,user,3,lain,1.0
user_952d892bcb35,user,8,takut (pujian?),1.0
user_9532d07b7074,user,13,niat menonton,1.0
user_953cf10db74e,user,3,lain,1.0
user_953de6791541,user,2,lain,1.0
user_9545e42a286d,user,1,lain,1.0
user_954b0f404515,user,16,lain,1.0
user_954f2b63d0ff,user,17,lain,1.0
user_954f5464cb7c,user,3,lain,1.0
user_956740a6d823,user,13,lain,1.0
user_956afd9281a5,user,1,lain,1.0
user_956ff5ce8b86,user,10,takut (pujian?),1.0
user_957d446f8a6d,user,2,lain,1.0
user_958294223bb8,user,8,lain,1.0
user_9593782e1f5a,user,1,lain,1.0
user_95976eb6aa5b,user,13,lain,1.0
user_959ea1fb8764,user,9,lain,1.0
user_959f5f86ba06,user,5,takut (pujian?),1.0
user_95a50940314b,user,4,lain,1.0
user_95b3502bdf23,user,5,takut (pujian?),1.0
user_95bb8d4b8d76,user,1,lain,1.0
user_95ce9a551957,user,2,lain,1.0
user_95dc9db7d6a2,user,11,lain,1.0
user_95e6bc8aa533,user,1,lain,1.0
user_95f2b82495a8,user,5,takut (pujian?),1.0
user_95f4ec483b14,user,3,lain,2.0
user_95f6f126ff04,user,7,lain,1.0
user_95f70c6f099b,user,12,lain,1.0
user_95f99df7b576,user,7,lain,1.0
user_95fba826279c,user,9,lain,1.0
user_960a159601af,user,4,lain,1.0
user_9628f828865d,user,13,lain,1.0
user_964dc73f1bc8,user,9,lain,3.0
user_96530f5edca9,user,10,lain,1.0
user_966186375d5e,user,5,lain,1.0
user_96688ea40c12,user,15,lain,1.0
user_966d597299e5,user,1,lain,1.0
user_9695ef3e4ae5,user,1,niat menonton,1.0
user_9699f647f74b,user,2,lain,1.0
user_96bfa18d2491,user,7,lain,1.0
user_96c11b85d43d,user,13,lain,1.0
user_96c25c73e733,user,5,lain,1.0
user_96c5844c24e3,user,1,lain,1.0
user_96cd028444a5,user,8,lain,1.0
user_96e32e9c5437,user,1,niat menonton,1.0
user_96ff91bbad48,user,11,lain,1.0
user_971098e0ed4e,user,8,lain,1.0
user_9717e2268932,user,8,lain,1.0
user_971ddb0b1565,user,4,lain,2.0
user_97245908f9ee,user,1,lain,1.0
user_9728d99ae7ec,user,7,lain,1.0
user_97336499266e,user,12,lain,1.0
user_973f6cbcf5f1,user,9,niat menonton,1.0
user_97572aa6b8e1,user,3,niat menonton,1.0
user_9761a8e876fd,user,10,niat menonton,2.0
user_9770371c60d6,user,16,lain,1.0
user_978383ceec62,user,12,lain,1.0
user_978ea35ef4f7,user,12,lain,1.0
user_97965ff67a9c,user,4,lain,1.0
user_979dffba3f5e,user,7,lain,2.0
user_979f720a0c23,user,1,lain,1.0
user_979f8f1c6b79,user,3,lain,1.0
user_97a45a0b587c,user,6,takut (pujian?),1.0
user_97a534691a2b,user,1,lain,1.0
user_97a8a2237b50,user,1,lain,1.0
user_97aef7814dc4,user,5,lain,1.0
user_97cf5d5b0eac,user,6,lain,1.0
user_97e8edf768d8,user,2,lain,1.0
user_97f6ba611988,user,1,lain,1.0
user_97f7b9215780,user,5,takut (pujian?),1.0
user_97fb6c2631fd,user,4,niat menonton,1.0
user_97fd178bf6ed,user,2,lain,1.0
user_97ff57de3116,user,14,niat menonton,1.0
user_9804c9f36c30,user,3,lain,1.0
user_98056fb67b7c,user,14,lain,1.0
user_98085710ca62,user,1,lain,1.0
user_981bf9601a13,user,5,lain,1.0
user_981d1f37aa84,user,6,niat menonton,1.0
user_981de6eebca3,user,1,niat menonton,1.0
user_982b04c9775b,user,4,lain,2.0
user_9836cb11e295,user,2,lain,1.0
user_9840778a62fc,user,10,lain,1.0
user_984376e9e228,user,17,lain,1.0
user_9846b7ff618d,user,1,takut (pujian?),1.0
user_985600781c5d,user,2,lain,1.0
user_985ac4c3edd5,user,1,lain,1.0
user_985f3ef640de,user,12,lain,1.0
user_98697de3bf99,user,11,lain,1.0
user_986a95f6fb53,user,13,takut (pujian?),1.0
user_986ef74ea047,user,6,takut (pujian?),1.0
user_987058a29db6,user,4,lain,1.0
user_987dee5f7980,user,15,lain,1.0
user_98804d647b13,user,8,lain,1.0
user_98970e4e7d26,user,7,lain,1.0
user_989d2a7b441f,user,1,lain,1.0
user_98a3d3900e10,user,3,lain,1.0
user_98ad7b1567f2,user,2,lain,1.0
user_98b674715480,user,2,lain,1.0
user_98bdad537fbf,user,8,niat menonton,1.0
user_98c683030e45,user,11,lain,1.0
user_98cab4f1c803,user,8,takut (pujian?),1.0
user_98cbfb90797f,user,9,takut (pujian?),1.0
user_98e31f5d69bf,user,1,lain,1.0
user_98e3738fba91,user,5,lain,1.0
user_98e5a8dc8159,user,14,lain,1.0
user_98eb6fb7cbeb,user,3,lain,1.0
user_98ff1fce08ea,user,1,niat menonton,1.0
user_98ffcc2d6399,user,17,lain,1.0
user_990201308db8,user,3,niat menonton,1.0
user_99088bbc2172,user,1,niat menonton,1.0
user_9908a13def0e,user,6,lain,1.0
user_990e67762beb,user,1,lain,2.0
user_991082af88b9,user,4,lain,1.0
user_9929dbe25148,user,4,lain,1.0
user_9942c41816d3,user,1,lain,1.0
user_994eb4f9d087,user,11,lain,1.0
user_995a57855f44,user,13,lain,1.0
user_996f77881040,user,8,takut (pujian?),2.0
user_9979f1501f57,user,12,takut (pujian?),1.0
user_997e1e63b836,user,1,lain,1.0
user_9983ff4bf8c4,user,9,lain,1.0
user_9984f419ddf3,user,15,lain,1.0
user_99945887be59,user,1,niat menonton,1.0
user_999ab42263fd,user,6,lain,1.0
user_999ec1abf2b5,user,7,lain,1.0
user_99a711047a96,user,12,lain,1.0
user_99b142560705,user,10,lain,1.0
user_99c0f62639e4,user,2,lain,1.0
user_99c42674b34d,user,4,niat menonton,2.0
user_99cc47d37428,user,1,lain,1.0
user_99e401e91817,user,4,lain,1.0
user_99e510769e8b,user,5,lain,1.0
user_99eb80113ee2,user,7,lain,1.0
user_99edcb16614a,user,13,lain,1.0
user_99f09aeb63ed,user,7,niat menonton,1.0
user_99fa6f853d0e,user,15,lain,1.0
user_99fd8da2fc1e,user,11,lain,1.0
user_9a0375f315fc,user,15,lain,1.0
user_9a0c522cc106,user,3,lain,1.0
user_9a11272c73f3,user,4,lain,1.0
user_9a15c7c52bc8,user,1,lain,1.0
user_9a2b51aa5ff3,user,9,lain,1.0
user_9a30f565de54,user,9,lain,1.0
user_9a323d80368c,user,2,lain,1.0
user_9a397e69c1e2,user,2,lain,1.0
user_9a81f68c6274,user,4,lain,1.0
user_9a8673e5f025,user,4,lain,1.0
user_9a974b713a0c,user,7,lain,1.0
user_9aa9ddb1c4c5,user,5,takut (pujian?),1.0
user_9ab8fe4628c3,user,4,lain,4.0
user_9ac181abf2ad,user,4,lain,1.0
user_9adf27f622c6,user,5,lain,1.0
user_9adf81fcdadc,user,12,takut (pujian?),1.0
user_9adfd6659407,user,9,takut (pujian?),1.0
user_9ae1b3cc0142,user,2,lain,1.0
user_9aea66e92302,user,11,lain,1.0
user_9aebd04cb96d,user,11,lain,1.0
user_9af60c3ddd37,user,9,lain,1.0
user_9afa285d56e7,user,1,takut (pujian?),1.0
user_9b08bcd08e45,user,8,lain,1.0
user_9b0c9db193d6,user,2,lain,1.0
user_9b18bfbf5a18,user,8,lain,1.0
user_9b2e645a6a9a,user,3,niat menonton,1.0
user_9b3d8ab7f77e,user,1,lain,1.0
user_9b460462ac37,user,1,lain,1.0
user_9b4fe04081fb,user,4,lain,1.0
user_9b5c22743508,user,17,lain,1.0
user_9b5c435925a5,user,3,lain,1.0
user_9b65b37cd1e6,user,4,lain,1.0
user_9b70ed152439,user,4,lain,1.0
user_9b781dd9288c,user,10,lain,1.0
user_9b819977b79a,user,5,lain,1.0
user_9b8913c66c88,user,6,lain,1.0
user_9b98d79e9d4e,user,15,lain,1.0
user_9ba079dcda11,user,5,lain,1.0
user_9baebad7adde,user,13,lain,1.0
user_9bb79ce2edd9,user,12,lain,1.0
user_9bb7a4dd8c98,user,10,niat menonton,1.0
user_9bbb5fee0b1a,user,2,lain,1.0
user_9bc607603055,user,1,lain,1.0
user_9bd1abd0cd98,user,15,lain,1.0
user_9bebb1e247aa,user,8,lain,1.0
user_9bf2b059895b,user,11,lain,1.0
user_9bffc9d84bc1,user,15,lain,1.0
user_9c0ee5184037,user,1,lain,1.0
user_9c1393d0a76f,user,2,lain,1.0
user_9c163c1c7038,user,2,lain,1.0
user_9c3db5371075,user,1,lain,1.0
user_9c4254d21403,user,8,takut (pujian?),1.0
user_9c52e4ffe7c0,user,3,lain,1.0
user_9c5b3ca936f9,user,12,takut (pujian?),1.0
user_9c68e824876c,user,17,lain,1.0
user_9c7caf3ba886,user,6,niat menonton,1.0
user_9c8065d130a9,user,12,lain,1.0
user_9c9df4f2014d,user,2,lain,1.0
user_9caa31eb273d,user,10,lain,1.0
user_9cb2b7dbc6c8,user,1,takut (pujian?),1.0
user_9cb6dd110dd9,user,4,takut (pujian?),1.0
user_9cb78b9ea7ba,user,2,lain,1.0
user_9ccfccbfa40b,user,2,niat menonton,1.0
user_9cd6b2a8ed59,user,7,takut (pujian?),1.0
user_9ce5b52e9c00,user,4,lain,1.0
user_9ce60fa066fd,user,1,lain,1.0
user_9cf065bb2aca,user,10,lain,1.0
user_9cf08f94360d,user,1,lain,1.0
user_9cfe161e4ea4,user,5,takut (pujian?),1.0
user_9d01c0dd1a12,user,1,lain,1.0
user_9d067ca0a2a3,user,3,lain,1.0
user_9d0ec4309583,user,2,lain,1.0
user_9d11c3b576ca,user,3,lain,1.0
user_9d13996e22c3,user,4,lain,1.0
user_9d1f2ef7c3c9,user,14,lain,1.0
user_9d245a0b5d6f,user,5,lain,1.0
user_9d2844e29d67,user,6,niat menonton,1.0
user_9d297907e6c8,user,7,lain,1.0
user_9d2b02ad70bb,user,1,lain,1.0
user_9d2c5618f97f,user,13,lain,1.0
user_9d2cb1cee88c,user,8,lain,1.0
user_9d301dbc9b81,user,1,lain,1.0
user_9d3658e9d519,user,14,niat menonton,1.0
user_9d4254d9d996,user,3,takut (pujian?),1.0
user_9d4c7b6994d7,user,7,lain,1.0
user_9d554eab05b7,user,3,lain,1.0
user_9d7747734295,user,1,niat menonton,1.0
user_9d90fc230f6f,user,10,lain,1.0
user_9d9ef55cbfd3,user,11,lain,1.0
user_9da08a4fe08e,user,3,lain,1.0
user_9db260f8ded1,user,3,niat menonton,1.0
user_9dbcb9a2f095,user,13,lain,1.0
user_9dc8d1d36481,user,10,lain,1.0
user_9dd05914478e,user,2,niat menonton,1.0
user_9dd78cc4cd9c,user,7,takut (pujian?),1.0
user_9dd93af4932b,user,4,lain,1.0
user_9de0fdedaa74,user,2,lain,1.0
user_9df4038dbf7b,user,1,lain,1.0
user_9dfc4d8d9c39,user,3,niat menonton,1.0
user_9e020dd475c6,user,5,lain,1.0
user_9e0673efdfad,user,7,lain,1.0
user_9e0aaacb3ac8,user,5,lain,1.0
user_9e0d68449540,user,13,lain,1.0
user_9e134a5d9bad,user,11,lain,1.0
user_9e19366ba6fe,user,13,lain,1.0
user_9e1fb5285776,user,5,lain,1.0
user_9e319103d8d1,user,11,lain,1.0
user_9e3d17847c56,user,1,lain,1.0
user_9e519cc59fb1,user,12,lain,1.0
user_9e6539f056d9,user,1,lain,1.0
user_9e77b912f185,user,5,lain,1.0
user_9e7ddf9cde25,user,1,lain,2.0
user_9e80bc8669d1,user,2,lain,1.0
user_9e845dfc097b,user,7,takut (pujian?),1.0
user_9eb458de7b1d,user,2,takut (pujian?),1.0
user_9eca3d38ecf9,user,7,lain,1.0
user_9ed2b7717537,user,9,lain,1.0
user_9ed80a51786b,user,4,takut (pujian?),1.0
user_9ede34c5cad2,user,12,lain,1.0
user_9ee97ffc4f90,user,7,lain,1.0
user_9ef31e56c05a,user,3,niat menonton,1.0
user_9ef3ec4cb51d,user,2,lain,1.0
user_9ef76fea0664,user,13,takut (pujian?),1.0
user_9f0285e6f50e,user,9,lain,1.0
user_9f05d83e33e1,user,4,lain,1.0
user_9f0bd928173a,user,5,takut (pujian?),1.0
user_9f0c58ef8853,user,1,lain,1.0
user_9f0e4531e726,user,5,lain,1.0
user_9f12c71e8cc2,user,2,lain,2.0
user_9f22b778ee19,user,14,lain,1.0
user_9f26e17d42e4,user,2,lain,1.0
user_9f285ee7b23c,user,1,lain,1.0
user_9f33133320e7,user,13,lain,1.0
user_9f4a2ce8fd49,user,1,takut (pujian?),1.0
user_9f51dc52deba,user,3,lain,1.0
user_9f5e06c5b0ea,user,1,lain,1.0
user_9f6141a0193d,user,9,lain,1.0
user_9f636aae797c,user,16,lain,1.0
user_9f66308f2e08,user,11,lain,1.0
user_9f69d9fb8ee5,user,4,lain,1.0
user_9f6b3f773d96,user,6,lain,1.0
user_9f879b2418ce,user,4,lain,1.0
user_9f89a082d13e,user,8,lain,1.0
user_9f8be4433468,user,10,niat menonton,1.0
user_9f8c89b62037,user,10,lain,1.0
user_9f950ba92931,user,2,lain,1.0
user_9f9d9b381b3b,user,1,lain,1.0
user_9f9fb79630e0,user,10,niat menonton,1.0
user_9fa1947ef0e4,user,2,lain,1.0
user_9fb197eca6bf,user,3,niat menonton,1.0
user_9fbbf471331d,user,1,lain,1.0
user_9fc30c45d49e,user,4,lain,1.0
user_9fce9b78502d,user,9,lain,3.0
user_9fe28a2dd27b,user,5,lain,1.0
user_9fe58d2a36d2,user,5,lain,1.0
user_9feb46385278,user,9,lain,1.0
user_9fee0fed1907,user,1,takut (pujian?),2.0
user_a00cb86f61f3,user,6,takut (pujian?),1.0
user_a011f57443a1,user,17,lain,1.0
user_a01ae9a96df5,user,2,lain,1.0
user_a01b6df4cb83,user,12,lain,1.0
user_a01f107c6ff6,user,1,niat menonton,1.0
user_a02149fc6fb8,user,11,lain,1.0
user_a023d5611677,user,1,lain,1.0
user_a023e6480b1a,user,4,takut (pujian?),1.0
user_a035f9b36a27,user,5,takut (pujian?),1.0
user_a0479fb1da16,user,13,lain,1.0
user_a0675906cb8f,user,2,lain,1.0
user_a087e7140b25,user,3,lain,1.0
user_a09d1c22f059,user,1,lain,1.0
user_a0a4233c7949,user,6,niat menonton,1.0
user_a0b37caf06c8,user,1,niat menonton,1.0
user_a0c996a84d0e,user,2,lain,1.0
user_a0ca20a11c6c,user,1,lain,1.0
user_a0cbee90453f,user,2,lain,1.0
user_a0cd1f8f5d96,user,12,lain,2.0
user_a0ce924f8f44,user,9,lain,1.0
user_a0d5416706d3,user,6,lain,1.0
user_a0d5ff3bf7ed,user,13,lain,2.0
user_a0e4687430d0,user,17,lain,1.0
user_a0f24378e9c1,user,5,lain,1.0
user_a0fc9da6170b,user,17,lain,1.0
user_a1003974ac70,user,18,lain,1.0
user_a101c6ba8907,user,3,takut (pujian?),1.0
user_a10281eabe4e,user,5,lain,1.0
user_a10e943adc12,user,1,lain,3.0
user_a11648e89a14,user,15,lain,1.0
user_a131a0ddd105,user,14,lain,2.0
user_a135c3429a65,user,3,niat menonton,1.0
user_a13ae3c3bafc,user,1,lain,1.0
user_a15433a1cf6a,user,8,lain,1.0
user_a15d1338c351,user,6,lain,1.0
user_a164ae59641c,user,5,lain,1.0
user_a1697e385f83,user,1,lain,1.0
user_a16e0f817e00,user,3,lain,1.0
user_a174576ec436,user,10,lain,1.0
user_a18137b3a8e5,user,6,takut (pujian?),1.0
user_a18f1c05cc97,user,11,lain,1.0
user_a1a2aab2460a,user,11,lain,1.0
user_a1a4dc896b13,user,3,lain,1.0
user_a1a9d832dafd,user,9,lain,1.0
user_a1b2fe2ccdd8,user,12,lain,1.0
user_a1b4954a6632,user,3,lain,1.0
user_a1be43d5785d,user,9,lain,1.0
user_a1d7cef5f81f,user,5,lain,1.0
user_a1de6065923f,user,4,lain,1.0
user_a1de6c642883,user,3,takut (pujian?),1.0
user_a1e62656aa0c,user,2,lain,1.0
user_a20053a9ea2b,user,3,lain,1.0
user_a200c3326ada,user,14,takut (pujian?),1.0
user_a205c8384933,user,8,lain,1.0
user_a208311228ec,user,8,lain,1.0
user_a20d6b8dc9a6,user,3,lain,1.0
user_a20fad5048e4,user,11,lain,1.0
user_a221aefb8d61,user,11,lain,1.0
user_a239a0684693,user,4,niat menonton,1.0
user_a23ac2fcdf3d,user,1,lain,1.0
user_a23ae0f82206,user,2,lain,1.0
user_a23f75e5eab6,user,2,lain,1.0
user_a25aff60929b,user,1,lain,1.0
user_a25ec37e8242,user,7,takut (pujian?),1.0
user_a2808c249c43,user,9,lain,1.0
user_a281fc4c377f,user,6,niat menonton,1.0
user_a2999c890719,user,4,lain,1.0
user_a2a46244c10f,user,1,lain,1.0
user_a2a9f319b055,user,2,lain,1.0
user_a2b66335cc87,user,2,lain,1.0
user_a2c02d121988,user,4,lain,1.0
user_a2c66e97679d,user,1,takut (pujian?),1.0
user_a2c6a68488d3,user,4,lain,1.0
user_a2d65ea37f61,user,2,lain,1.0
user_a2df27560b47,user,6,niat menonton,1.0
user_a2e656953ff3,user,1,takut (pujian?),1.0
user_a2e74a7ea74a,user,6,lain,1.0
user_a2f13bc5d221,user,4,lain,2.0
user_a2fab9179be2,user,3,lain,1.0
user_a3167d57b4e9,user,11,lain,1.0
user_a318152dfd65,user,1,niat menonton,1.0
user_a3286ccdd21e,user,4,lain,1.0
user_a32fdcdb77f1,user,1,lain,1.0
user_a34942ac8259,user,5,lain,1.0
user_a3560ca1f5e9,user,8,lain,1.0
user_a35ca6cd5664,user,2,lain,1.0
user_a35d60eb4123,user,9,lain,1.0
user_a36100e14d69,user,1,lain,1.0
user_a3667e55c1bc,user,3,lain,1.0
user_a36a564d6c9a,user,3,lain,1.0
user_a37c95105e40,user,4,takut (pujian?),1.0
user_a3849a9250d1,user,8,lain,1.0
user_a386b4c2040b,user,10,takut (pujian?),1.0
user_a38df6713a08,user,1,lain,1.0
user_a398e0e4ea50,user,2,niat menonton,1.0
user_a3a405682945,user,10,lain,1.0
user_a3af6f95a7cf,user,16,lain,1.0
user_a3b9799c204b,user,4,takut (pujian?),1.0
user_a3d44377bd7f,user,2,lain,1.0
user_a3ddf02979bf,user,1,lain,1.0
user_a3f94ff6e8d9,user,1,lain,1.0
user_a40e4b58cba2,user,15,lain,1.0
user_a41b181ac8ec,user,2,lain,1.0
user_a424b1572607,user,1,lain,1.0
user_a43afead61c5,user,2,lain,1.0
user_a43b118f5ebd,user,2,takut (pujian?),1.0
user_a43d702e47a8,user,1,takut (pujian?),1.0
user_a4482605db82,user,15,lain,1.0
user_a451c44b3197,user,5,lain,1.0
user_a456a50be40b,user,4,lain,2.0
user_a467d3e13a4a,user,2,lain,1.0
user_a46890217e14,user,14,lain,1.0
user_a46db3e31d0f,user,12,lain,1.0
user_a4765d73bd5b,user,2,takut (pujian?),1.0
user_a47d5253145c,user,1,lain,1.0
user_a491fb9e3ccc,user,12,lain,1.0
user_a4999800c4a3,user,4,lain,1.0
user_a4b61ac7df4d,user,1,lain,1.0
user_a4ba692a46be,user,7,lain,1.0
user_a4c01524a780,user,16,takut (pujian?),1.0
user_a4c843183125,user,9,takut (pujian?),1.0
user_a4d60996ad7f,user,15,lain,1.0
user_a4ed085e90a0,user,15,lain,1.0
user_a4ed68f13fb5,user,6,takut (pujian?),1.0
user_a4ef4a0e2a15,user,4,niat menonton,1.0
user_a4f09cf23e01,user,11,lain,1.0
user_a4f5c133a9e8,user,9,lain,2.0
user_a50329204488,user,2,lain,1.0
user_a520bb40ca6a,user,2,lain,1.0
user_a5301b1a2e7b,user,2,lain,1.0
user_a5356b52f6d9,user,15,lain,1.0
user_a550204143e0,user,1,lain,3.0
user_a552fbab4e71,user,12,lain,1.0
user_a559b8625850,user,1,lain,1.0
user_a55d4312bae4,user,10,lain,1.0
user_a5974afe46dc,user,4,lain,1.0
user_a5a0ede21b0e,user,6,lain,1.0
user_a5ba9ec56da1,user,3,lain,1.0
user_a5c2ce5ae67d,user,8,niat menonton,1.0
user_a5c4c0c006e8,user,6,lain,1.0
user_a5cc01a70af0,user,1,lain,1.0
user_a5d36cf8253e,user,2,lain,1.0
user_a5dce913160b,user,2,niat menonton,2.0
user_a5ea1018967f,user,14,lain,1.0
user_a5f162f2cd1b,user,3,niat menonton,1.0
user_a5f8f5a1ce0f,user,10,lain,2.0
user_a60051a01337,user,15,lain,1.0
user_a609e29e8e82,user,1,lain,1.0
user_a611a69f67bc,user,2,lain,1.0
user_a61778e6de8f,user,3,niat menonton,1.0
user_a61d3cb79a98,user,3,niat menonton,1.0
user_a6391e15921f,user,1,lain,1.0
user_a63c821bf4e7,user,4,niat menonton,1.0
user_a64f4ce63ce4,user,11,lain,1.0
user_a65aeb4a51ab,user,3,takut (pujian?),1.0
user_a66021f9b8b7,user,2,lain,1.0
user_a6705c70b408,user,7,lain,2.0
user_a676b95b0f70,user,4,lain,1.0
user_a67759778e2e,user,9,lain,1.0
user_a67a574a71f3,user,16,lain,1.0
user_a67dfbf60de7,user,6,lain,1.0
user_a68bf8801427,user,8,lain,1.0
user_a68cdd378a3a,user,1,niat menonton,1.0
user_a69409a864b6,user,5,lain,1.0
user_a6a4e66c3884,user,4,niat menonton,1.0
user_a6aed43bdea2,user,13,lain,1.0
user_a6b62eb76b5e,user,10,lain,1.0
user_a6b6b1a71c53,user,6,lain,1.0
user_a6bcd70d16e9,user,13,lain,1.0
user_a6cb59d0a2ae,user,9,lain,1.0
user_a6cb9cfd6f33,user,5,lain,1.0
user_a6ce20257cec,user,1,lain,1.0
user_a708ab751ef4,user,13,takut (pujian?),1.0
user_a711869d1991,user,14,lain,1.0
user_a719f95a1803,user,5,lain,1.0
user_a74be9b12616,user,12,lain,1.0
user_a75177fb4bb2,user,1,niat menonton,1.0
user_a7584486fb41,user,10,lain,1.0
user_a75afe2cf607,user,15,lain,1.0
user_a774c628ae9e,user,1,lain,1.0
user_a777ff3a37fa,user,1,lain,1.0
user_a77f7d02a3f3,user,10,takut (pujian?),1.0
user_a7839097308b,user,9,lain,1.0
user_a783f1b2b3e7,user,11,lain,1.0
user_a786543feda9,user,4,lain,1.0
user_a78b1bd837e7,user,3,lain,1.0
user_a7922e94bc06,user,15,lain,1.0
user_a79bbcbbf9fb,user,1,lain,1.0
user_a79d0d2bec44,user,15,lain,1.0
user_a7a067fff388,user,13,lain,1.0
user_a7a70b61700a,user,1,lain,1.0
user_a7aad154d73a,user,10,niat menonton,3.0
user_a7b497420e29,user,2,lain,1.0
user_a7be3e10cd2f,user,13,lain,1.0
user_a7c53a9d5897,user,11,lain,1.0
user_a7ceba4f7f5b,user,2,lain,1.0
user_a7cef846f547,user,1,lain,1.0
user_a7d02aedba01,user,1,lain,1.0
user_a7d7e1c35d83,user,4,lain,1.0
user_a7dce9df1d58,user,2,lain,1.0
user_a7e44bdc1d4b,user,10,lain,1.0
user_a7f0ed380fa7,user,9,takut (pujian?),1.0
user_a807a219e9ca,user,3,lain,1.0
user_a816c73f8b6e,user,3,niat menonton,1.0
user_a828f40ebd18,user,3,lain,1.0
user_a8345c367585,user,11,lain,1.0
user_a834ab10f9c1,user,9,lain,1.0
user_a837c9e85097,user,3,niat menonton,1.0
user_a83b3562c5cf,user,2,lain,4.0
user_a8435f1d7d57,user,1,lain,1.0
user_a845b9fcced2,user,10,lain,3.0
user_a85179d06b4b,user,12,lain,1.0
user_a854b1fcea24,user,3,niat menonton,1.0
user_a858afd7b35a,user,12,lain,1.0
user_a859f8ea9923,user,6,takut (pujian?),1.0
user_a85c1fb7f095,user,1,lain,1.0
user_a8610d4bacfd,user,1,lain,1.0
user_a862e39868c2,user,1,lain,1.0
user_a8668a508c10,user,16,takut (pujian?),3.0
user_a867356ae7d3,user,5,lain,1.0
user_a86a5ad0d47f,user,2,lain,1.0
user_a870d8ffd19b,user,1,lain,1.0
user_a895bcbf9ea1,user,4,niat menonton,1.0
user_a8974ea360d3,user,1,lain,1.0
user_a8a9b10947c3,user,15,lain,1.0
user_a8afb3b2acf4,user,3,takut (pujian?),1.0
user_a8bc6b52d221,user,1,lain,1.0
user_a8c5caccefce,user,8,takut (pujian?),1.0
user_a8d8cf3c75a6,user,1,lain,2.0
user_a8dc111c1b77,user,16,takut (pujian?),1.0
user_a8e2d422852a,user,3,lain,1.0
user_a8e42af40c6b,user,2,lain,1.0
user_a8e8b03af303,user,9,lain,1.0
user_a8ede3304db6,user,1,takut (pujian?),1.0
user_a8f47fe67d82,user,13,lain,1.0
user_a8f61dffb84b,user,2,niat menonton,2.0
user_a90c7311472c,user,3,niat menonton,1.0
user_a90c914c2424,user,1,lain,1.0
user_a90e0e1ba5e9,user,5,lain,1.0
user_a90e1fabbf05,user,13,niat menonton,1.0
user_a91b47abf820,user,14,takut (pujian?),2.0
user_a91c263383ff,user,1,lain,1.0
user_a9211bd3e4b8,user,9,lain,2.0
user_a934fb9490c2,user,2,lain,1.0
user_a9374fe8e516,user,1,lain,1.0
user_a9480393fc89,user,1,lain,1.0
user_a95d1ffc7773,user,2,lain,1.0
user_a960d1b3a95a,user,15,lain,1.0
user_a97adc8fbd07,user,12,lain,1.0
user_a986c3be4a71,user,11,lain,1.0
user_a998afc20f8e,user,4,lain,1.0
user_a99d4546609d,user,6,lain,1.0
user_a9a6698f7844,user,7,niat menonton,1.0
user_a9ad68dc7fcd,user,2,lain,1.0
user_a9afd7e485a7,user,3,takut (pujian?),1.0
user_a9c5cd5f163d,user,12,takut (pujian?),1.0
user_a9c7148b34f5,user,7,lain,1.0
user_a9d632c46860,user,3,lain,1.0
user_a9e0d0d7c106,user,5,lain,2.0
user_a9e350cf5516,user,1,lain,1.0
user_a9e3c06b6103,user,7,lain,1.0
user_a9e5c90a740d,user,2,lain,1.0
user_a9ed02d68534,user,1,lain,1.0
user_a9ef75a4d1e7,user,16,lain,1.0
user_a9f138a48ee1,user,11,lain,1.0
user_a9fc2c0ffdf9,user,7,lain,1.0
user_aa01dad36c6c,user,3,lain,1.0
user_aa0c53888fb7,user,1,lain,1.0
user_aa2c1ec4a675,user,9,lain,1.0
user_aa339e34cafd,user,1,lain,1.0
user_aa3573dceb2d,user,4,lain,1.0
user_aa36d21955e6,user,13,lain,1.0
user_aa4afda117c1,user,3,lain,1.0
user_aa546eb85d0c,user,2,lain,1.0
user_aa76b9a6e2dc,user,7,lain,1.0
user_aa793cc2bbdd,user,4,lain,1.0
user_aa7c01daab75,user,12,lain,3.0
user_aa87a4e6a4df,user,2,niat menonton,2.0
user_aa8990570b40,user,10,lain,1.0
user_aa92d4b44fc0,user,8,lain,1.0
user_aa9711e12285,user,3,lain,1.0
user_aa9e5af9964c,user,2,lain,1.0
user_aaa7516917f9,user,2,lain,1.0
user_aaaee241f8e9,user,7,lain,1.0
user_aab2b0735137,user,2,lain,1.0
user_aabcc9be86e7,user,3,lain,1.0
user_aac3e9a97287,user,4,lain,1.0
user_aac513deb3f4,user,9,lain,1.0
user_aac59cecdc4c,user,12,lain,2.0
user_aac903d79464,user,1,lain,1.0
user_aad4ae356811,user,10,takut (pujian?),1.0
user_aad9a62b0d48,user,3,takut (pujian?),1.0
user_aadec6d017bd,user,11,lain,1.0
user_aae1dc20b9dc,user,7,lain,1.0
user_aafc9af123ba,user,10,takut (pujian?),1.0
user_aaff2871fb4e,user,4,lain,1.0
user_ab060177e951,user,3,lain,1.0
user_ab064d8dc255,user,1,takut (pujian?),1.0
user_ab0b3ebf67b0,user,6,niat menonton,1.0
user_ab0b7e48ed63,user,12,lain,1.0
user_ab0ba91fc467,user,1,niat menonton,1.0
user_ab10b2a2d395,user,3,lain,1.0
user_ab1687113cc0,user,7,lain,1.0
user_ab16b3904126,user,9,lain,1.0
user_ab21ed1cd945,user,8,niat menonton,1.0
user_ab227ebf7085,user,2,lain,1.0
user_ab3590bac237,user,3,takut (pujian?),1.0
user_ab3b039e2aac,user,2,lain,1.0
user_ab6adaa6854b,user,12,lain,2.0
user_ab78d2b7eb86,user,3,lain,1.0
user_ab867a21d7b2,user,1,lain,2.0
user_ab89ae09e1d9,user,1,lain,1.0
user_ab8b03163377,user,7,takut (pujian?),1.0
user_ab99b7cb7566,user,8,lain,1.0
user_abb20c367ad0,user,12,lain,1.0
user_abbe57ebf9f4,user,2,lain,2.0
user_abc2ee99586d,user,4,lain,1.0
user_abc591db1825,user,1,lain,1.0
user_abca244b487b,user,5,lain,1.0
user_abcd1a8fbe7f,user,17,lain,2.0
user_abcee81ce7ea,user,5,lain,2.0
user_abd1237da8b8,user,6,lain,1.0
user_abd41c8efd98,user,11,lain,1.0
user_abdbcf1d841f,user,1,niat menonton,1.0
user_abe60fce72ea,user,4,lain,1.0
user_abeb2303c267,user,6,lain,1.0
user_abf4e6ce3069,user,2,lain,1.0
user_abf9768a16d1,user,3,takut (pujian?),1.0
user_ac029ebf6b56,user,2,lain,1.0
user_ac139290a38c,user,8,lain,2.0
user_ac14bb9c1a5a,user,1,lain,1.0
user_ac17cb4cea8e,user,12,lain,1.0
user_ac1aca1b3ab0,user,1,lain,1.0
user_ac2cb89e6f2c,user,2,lain,1.0
user_ac48cadb4f30,user,4,lain,1.0
user_ac4d31f12bf3,user,1,niat menonton,1.0
user_ac4d5e0a74c2,user,18,lain,2.0
user_ac571da30ff3,user,11,lain,1.0
user_ac5c87779dc9,user,16,lain,1.0
user_ac606b4303e8,user,9,lain,1.0
user_ac639d18e57a,user,10,takut (pujian?),1.0
user_ac8083dfe5d9,user,1,lain,1.0
user_ac905e109c96,user,5,lain,1.0
user_ac9c6739df1d,user,3,lain,1.0
user_ac9dabb0467b,user,12,lain,1.0
user_aca4c587b1e8,user,11,lain,2.0
user_aca4f4ebe033,user,7,takut (pujian?),1.0
user_acaa526e272a,user,4,lain,1.0
user_acb2bb6366bc,user,12,lain,1.0
user_acce6c440d36,user,10,lain,1.0
user_accf3cb01e68,user,1,lain,1.0
user_acd171882fde,user,2,lain,1.0
user_acd6d6c14fe8,user,4,lain,1.0
user_ace478be8b35,user,12,lain,1.0
user_ace7494ae365,user,9,lain,1.0
user_acf2b32cae92,user,6,lain,1.0
user_ad077e37fd62,user,2,lain,1.0
user_ad10af15fe21,user,10,lain,1.0
user_ad14aa0e7305,user,1,lain,1.0
user_ad1cf36110b9,user,2,lain,1.0
user_ad1e36e4a30a,user,4,lain,9.0
user_ad210d452d8c,user,1,lain,1.0
user_ad25e4c47187,user,3,lain,1.0
user_ad28aa94cba1,user,5,lain,1.0
user_ad32227ab23e,user,13,lain,1.0
user_ad3eef34d050,user,3,takut (pujian?),1.0
user_ad3f1c470370,user,2,lain,1.0
user_ad4ced652207,user,5,lain,1.0
user_ad59b87ba668,user,1,takut (pujian?),1.0
user_ad62fe684494,user,3,niat menonton,1.0
user_ad6b57e2d58d,user,1,lain,1.0
user_ad6cf97b6ce5,user,5,lain,1.0
user_ad6f6044ee13,user,10,lain,1.0
user_ad7167ddd5ac,user,2,niat menonton,1.0
user_ad7202fb03b2,user,5,lain,1.0
user_ad75b23691a1,user,1,lain,1.0
user_ad7743a8129e,user,9,takut (pujian?),1.0
user_ad85ee202b11,user,2,lain,1.0
user_ad8c85f6d0c5,user,8,lain,1.0
user_ad96b6eeccdf,user,9,niat menonton,1.0
user_ada72a7d6600,user,10,lain,1.0
user_adb29fde7d88,user,12,lain,1.0
user_adb37cbebb9e,user,15,lain,1.0
user_adc1c9100075,user,2,lain,2.0
user_add28ba22f02,user,7,lain,1.0
user_add366708719,user,14,lain,1.0
user_add4b1e306b1,user,4,lain,1.0
user_addc6806a0a7,user,4,lain,1.0
user_ade15c1dcce8,user,2,niat menonton,2.0
user_ade20091b9fc,user,1,lain,1.0
user_ade87bcd7c61,user,14,lain,1.0
user_adea868f991a,user,9,lain,1.0
user_adf1b18652b9,user,9,niat menonton,1.0
user_adf5993e4888,user,4,lain,1.0
user_adf64a32f330,user,1,lain,1.0
user_ae0493a9fd53,user,14,lain,1.0
user_ae12793de948,user,5,lain,1.0
user_ae146bdca635,user,3,lain,1.0
user_ae1cbb71dd00,user,2,lain,1.0
user_ae25e2f7ebd7,user,2,niat menonton,1.0
user_ae28ef754f1b,user,2,takut (pujian?),1.0
user_ae3bfcc796bb,user,1,lain,1.0
user_ae4bc9190dbd,user,1,lain,1.0
user_ae566bcb2915,user,11,niat menonton,1.0
user_ae654bd25dfd,user,10,lain,1.0
user_ae6a21f8cc6a,user,6,niat menonton,1.0
user_ae6c99963c02,user,1,lain,1.0
user_ae70201b6824,user,5,lain,1.0
user_ae7281de259c,user,5,takut (pujian?),1.0
user_ae78254c7053,user,12,lain,1.0
user_ae8d0a9fb70d,user,1,lain,1.0
user_ae92070af57c,user,3,lain,1.0
user_ae93cf95c4a3,user,1,lain,3.0
user_ae989677f3b7,user,1,lain,1.0
user_aea0bec60a6d,user,5,lain,2.0
user_aea3322c54f3,user,2,lain,1.0
user_aea3432ed90d,user,16,lain,1.0
user_aea7b1adbdb6,user,6,lain,5.0
user_aeae205f3a7e,user,6,takut (pujian?),1.0
user_aeb16de00a3f,user,1,lain,1.0
user_aeb4128c03ea,user,1,lain,1.0
user_aebb12328532,user,11,lain,1.0
user_aebb70497b96,user,2,lain,1.0
user_aec018d563ca,user,4,lain,1.0
user_aecfbe93b74c,user,2,lain,1.0
user_aed0d54745b9,user,12,lain,1.0
user_aedf5dce8da1,user,1,lain,1.0
user_aeefa61aef4b,user,3,lain,1.0
user_aef668999fce,user,14,lain,1.0
user_af00c1790f28,user,4,lain,1.0
user_af050625b79c,user,3,lain,1.0
user_af176273a958,user,4,takut (pujian?),1.0
user_af28d756487d,user,7,lain,1.0
user_af2aec756122,user,6,lain,1.0
user_af39b9d1010e,user,4,lain,1.0
user_af45984e167f,user,3,takut (pujian?),1.0
user_af4faf509dc4,user,7,lain,1.0
user_af62ca9b2eff,user,7,takut (pujian?),1.0
user_af6dda36ca7a,user,10,lain,1.0
user_af6face966d1,user,10,lain,1.0
user_af74fb5c0e7c,user,5,lain,1.0
user_af8aa2e85c52,user,11,lain,1.0
user_af8d00d35de6,user,12,lain,1.0
user_af91dda6ae7c,user,3,takut (pujian?),1.0
user_af94a9118d8b,user,10,lain,1.0
user_afac76845d71,user,11,lain,1.0
user_afbb46b0c634,user,5,lain,1.0
user_afbd1da79e09,user,9,lain,1.0
user_afbfe06414ee,user,10,lain,1.0
user_afc534396972,user,6,lain,1.0
user_afca2c7ea0f9,user,11,lain,1.0
user_afca398e5d3b,user,1,niat menonton,1.0
user_afd74ffda5bd,user,6,takut (pujian?),1.0
user_afe654d5f1d3,user,11,lain,1.0
user_afeb4fa2ad41,user,3,takut (pujian?),1.0
user_aff9f9b774a1,user,3,lain,1.0
user_b001dd543246,user,5,takut (pujian?),1.0
user_b00478ad3777,user,3,lain,1.0
user_b00ae025c624,user,4,takut (pujian?),1.0
user_b00e84ed27b9,user,5,lain,1.0
user_b019c603c7c2,user,4,lain,1.0
user_b026137d8d13,user,2,takut (pujian?),1.0
user_b0344699d6c8,user,10,takut (pujian?),1.0
user_b03de4a8f230,user,1,lain,1.0
user_b04759523aeb,user,4,lain,1.0
user_b04927e1e5e4,user,4,lain,1.0
user_b049be50e1d1,user,12,lain,1.0
user_b0532ff7ad2a,user,9,lain,1.0
user_b05340ec2065,user,11,niat menonton,2.0
user_b055e53bc456,user,5,lain,1.0
user_b0631fac6aa8,user,2,lain,1.0
user_b063e1aad911,user,5,lain,1.0
user_b0654a31f05e,user,2,lain,1.0
user_b073660d0791,user,1,niat menonton,1.0
user_b07c105fa3a7,user,6,niat menonton,2.0
user_b098cfda070c,user,3,niat menonton,1.0
user_b09e32545ecd,user,3,lain,1.0
user_b0a8f45118b8,user,14,lain,1.0
user_b0c3778a4db0,user,9,lain,3.0
user_b0c724658428,user,1,niat menonton,1.0
user_b0c8e97d0ab0,user,16,lain,1.0
user_b0ccc7db6fc0,user,2,lain,1.0
user_b0d90a634c8c,user,6,niat menonton,1.0
user_b0d96217c419,user,11,lain,1.0
user_b0d9f6ca3eeb,user,13,lain,1.0
user_b0ebc7f948b6,user,10,lain,1.0
user_b0edb8d81143,user,5,lain,2.0
user_b0eeb384bb5e,user,14,lain,2.0
user_b112c167736e,user,12,lain,1.0
user_b1133f910de6,user,1,lain,1.0
user_b11fca3f56f6,user,1,lain,1.0
user_b13ff7ee8ceb,user,15,lain,1.0
user_b1406d3cfba5,user,7,lain,1.0
user_b14e80345e99,user,5,lain,1.0
user_b1528091cc9f,user,2,lain,1.0
user_b183dd2d2937,user,7,takut (pujian?),1.0
user_b19744850c0d,user,1,lain,1.0
user_b19ff6210d80,user,4,lain,1.0
user_b1b82ce52596,user,2,lain,1.0
user_b1b935b5acab,user,6,lain,1.0
user_b1ce01ca435b,user,2,lain,1.0
user_b1ce8f5cad81,user,11,lain,1.0
user_b1d486fb3360,user,10,lain,1.0
user_b1d54e18ee7a,user,3,lain,1.0
user_b1e26182ecf5,user,3,lain,1.0
user_b1fc19ccada8,user,8,lain,1.0
user_b20136a3b4c4,user,7,lain,1.0
user_b20d980f06ba,user,1,niat menonton,1.0
user_b213ed384366,user,1,lain,1.0
user_b21ed19f5594,user,2,lain,1.0
user_b22014b822e3,user,8,lain,1.0
user_b22b060bd9b6,user,8,lain,1.0
user_b22eacab8abb,user,4,lain,1.0
user_b2308999dc99,user,5,lain,1.0
user_b23d3b9cf734,user,5,lain,1.0
user_b23f498b9b2c,user,3,lain,1.0
user_b24497663816,user,5,lain,1.0
user_b24b5bdcf232,user,10,lain,1.0
user_b256c71d1f94,user,2,takut (pujian?),1.0
user_b25801477c4d,user,7,lain,1.0
user_b25ce746da2e,user,5,lain,1.0
user_b25f65d50fdd,user,12,takut (pujian?),1.0
user_b26cdc8ab974,user,5,lain,1.0
user_b2715b984f54,user,13,lain,1.0
user_b28178fac4aa,user,17,takut (pujian?),1.0
user_b283ec92b193,user,5,niat menonton,2.0
user_b284924790aa,user,1,lain,1.0
user_b288bbf57589,user,1,lain,1.0
user_b28c7bd49612,user,8,lain,1.0
user_b29fe22f9196,user,3,takut (pujian?),1.0
user_b2a52245c3f3,user,14,lain,1.0
user_b2a97590365a,user,4,lain,1.0
user_b2b7030bdc1b,user,3,lain,1.0
user_b2bc92c722d4,user,12,lain,1.0
user_b2da7a12a44a,user,1,lain,1.0
user_b2de55db6362,user,2,lain,1.0
user_b2dfb93b277b,user,12,lain,1.0
user_b2e14c32a284,user,4,lain,1.0
user_b2ec0e0b6ed0,user,3,lain,1.0
user_b2f25d9a8bff,user,2,lain,1.0
user_b2fcccf9635b,user,16,lain,1.0
user_b2fde94d8c38,user,10,takut (pujian?),1.0
user_b3056164ba41,user,8,lain,1.0
user_b30b9511f17c,user,11,lain,1.0
user_b3153159c73b,user,12,lain,1.0
user_b32046122317,user,1,niat menonton,1.0
user_b3228ff20a97,user,10,lain,1.0
user_b32a10fe6d99,user,5,lain,1.0
user_b352d5b55a20,user,1,lain,1.0
user_b354c88cd6c3,user,5,takut (pujian?),1.0
user_b35e526d8c9b,user,10,lain,1.0
user_b36840ee4dd6,user,1,lain,1.0
user_b37180b2e5b5,user,8,lain,1.0
user_b37c0651d97b,user,1,lain,1.0
user_b3817ac0077c,user,3,lain,1.0
user_b3849ed13b08,user,1,lain,1.0
user_b3899ac23ea2,user,14,lain,1.0
user_b38b603d87e2,user,4,lain,1.0
user_b3a147538560,user,3,takut (pujian?),1.0
user_b3a3e542d152,user,3,lain,1.0
user_b3a4b93d9f3a,user,16,takut (pujian?),1.0
user_b3a6f740a4a2,user,15,lain,1.0
user_b3aca3ec29b3,user,1,lain,1.0
user_b3ad6c506faf,user,14,lain,1.0
user_b3af300ed8c2,user,15,lain,1.0
user_b3b2c33f688a,user,1,lain,1.0
user_b3c28242a7d0,user,1,lain,2.0
user_b3cfaa7a557c,user,13,lain,1.0
user_b3d624026441,user,1,lain,1.0
user_b3e292aac3e3,user,6,lain,1.0
user_b3e5c5cd87a5,user,8,niat menonton,1.0
user_b3eace6af8e9,user,5,lain,1.0
user_b3fa25be9f97,user,8,lain,1.0
user_b3feb9a556f7,user,12,lain,2.0
user_b400c8c1fb61,user,15,lain,1.0
user_b408a55c2ab6,user,12,takut (pujian?),1.0
user_b40d2c2dd62f,user,11,lain,1.0
user_b40ec22a34b8,user,7,lain,1.0
user_b40ff272c753,user,9,lain,1.0
user_b41b9087bf7d,user,1,lain,1.0
user_b423b1a10422,user,9,lain,1.0
user_b428cfdbc9e3,user,4,niat menonton,1.0
user_b4305a8fba54,user,2,lain,1.0
user_b4350d75b705,user,2,lain,1.0
user_b43d3b950679,user,17,lain,1.0
user_b4559e61cf09,user,2,lain,1.0
user_b45f3425cf0d,user,3,lain,1.0
user_b46d066e6f47,user,16,lain,1.0
user_b46e23b52eb6,user,4,lain,1.0
user_b483b2322ecc,user,3,lain,1.0
user_b484ad88c346,user,12,lain,1.0
user_b486f86825ba,user,11,lain,1.0
user_b496bc7e1f23,user,7,lain,1.0
user_b4a2bceddfde,user,16,lain,1.0
user_b4a5772fa668,user,13,lain,1.0
user_b4a969a981ba,user,8,lain,1.0
user_b4b4078778b0,user,1,lain,1.0
user_b4b43727a3ad,user,1,lain,1.0
user_b4bd7e512bb2,user,9,takut (pujian?),1.0
user_b4c5e5d74010,user,2,lain,1.0
user_b4d6c3006703,user,9,lain,1.0
user_b4dba936a425,user,1,lain,1.0
user_b4ea2abadb45,user,1,lain,1.0
user_b4ead526c897,user,7,lain,1.0
user_b4f715bda9c7,user,5,niat menonton,1.0
user_b4fb3fff79bd,user,1,lain,1.0
user_b4fe4c5053ac,user,11,niat menonton,1.0
user_b507748c447f,user,16,lain,1.0
user_b50f2f3ecda2,user,11,lain,1.0
user_b51e052d8058,user,5,takut (pujian?),1.0
user_b525f6724ce5,user,1,lain,1.0
user_b535c3fd3804,user,9,lain,1.0
user_b5472163e76c,user,1,lain,1.0
user_b54ac9e31064,user,3,takut (pujian?),1.0
user_b5656f1e9a8f,user,1,lain,1.0
user_b56bc510d95f,user,3,lain,1.0
user_b56dccb6e72f,user,18,lain,1.0
user_b572fee1cc39,user,1,lain,1.0
user_b57ea2cc24ac,user,9,lain,1.0
user_b57f5b0e07c8,user,15,lain,1.0
user_b58213d4788a,user,7,lain,1.0
user_b5884b62e37b,user,2,takut (pujian?),1.0
user_b5895b3cbfda,user,16,lain,1.0
user_b591d8566b9f,user,6,niat menonton,1.0
user_b5a2010b1c8a,user,11,lain,1.0
user_b5b71e3082ef,user,11,takut (pujian?),1.0
user_b5d15037e214,user,5,lain,1.0
user_b5e370f4ef3a,user,3,lain,1.0
user_b5ee8df7d3ea,user,13,takut (pujian?),1.0
user_b5fb145f8ba5,user,4,lain,1.0
user_b5fbffa0bee0,user,9,lain,1.0
user_b5fc2bec3683,user,8,lain,1.0
user_b6069e182fc0,user,9,lain,2.0
user_b60a00aba33b,user,3,lain,3.0
user_b629487eb4b1,user,13,lain,1.0
user_b631f9a2b50a,user,2,lain,1.0
user_b634a58291a7,user,1,lain,3.0
user_b641e406ef5c,user,10,lain,1.0
user_b64bea3a23bc,user,12,niat menonton,1.0
user_b64d2dd79827,user,2,lain,1.0
user_b656c08eb723,user,11,lain,1.0
user_b65c64b7f622,user,4,lain,1.0
user_b667139a4472,user,2,lain,1.0
user_b66d2142a79c,user,1,lain,1.0
user_b6850860314f,user,3,lain,1.0
user_b68757f18845,user,2,lain,1.0
user_b687d0446458,user,12,lain,1.0
user_b69288911c4e,user,1,lain,1.0
user_b6a90280228a,user,9,lain,1.0
user_b6c581d99c7e,user,4,lain,1.0
user_b6c8b155f0a2,user,8,lain,1.0
user_b6ef79d3b12f,user,4,takut (pujian?),1.0
user_b6efc9634024,user,17,lain,2.0
user_b6f7b4c92230,user,13,lain,1.0
user_b6f8fbc81f78,user,2,takut (pujian?),1.0
user_b708e8eeabbb,user,7,lain,1.0
user_b7184d7dccf5,user,9,lain,1.0
user_b71b42da81e1,user,4,lain,3.0
user_b723b51d266a,user,15,lain,1.0
user_b72c3cd3f94c,user,9,lain,1.0
user_b72d665ec92d,user,1,lain,1.0
user_b74c76a8e9dc,user,3,takut (pujian?),1.0
user_b74e33f6539c,user,2,lain,1.0
user_b75378d3077d,user,1,lain,1.0
user_b765fae825fd,user,7,lain,1.0
user_b76df8364567,user,3,lain,1.0
user_b774e01af78e,user,4,lain,1.0
user_b77f10da9fda,user,9,niat menonton,1.0
user_b784922fcd28,user,6,lain,1.0
user_b7852d78381a,user,7,lain,1.0
user_b78748f36d8e,user,2,lain,1.0
user_b78828455bd0,user,6,lain,1.0
user_b793f495361b,user,10,lain,1.0
user_b7a58408569e,user,1,lain,3.0
user_b7aa4aa9f741,user,15,lain,1.0
user_b7b046fec64f,user,18,niat menonton,1.0
user_b7b2b21f17ab,user,11,lain,1.0
user_b7b514233460,user,11,niat menonton,1.0
user_b7b947a5771d,user,6,lain,1.0
user_b7c24f43a390,user,5,lain,1.0
user_b7c36e77a9ab,user,11,lain,1.0
user_b7d52c9cac16,user,4,lain,1.0
user_b7df7996a3c7,user,2,lain,1.0
user_b7e424b0c9c3,user,6,lain,1.0
user_b7ecf82cb68f,user,1,lain,1.0
user_b7f49b3964fa,user,1,takut (pujian?),1.0
user_b813e1d412fe,user,4,lain,1.0
user_b81f366ca0fe,user,10,lain,1.0
user_b82d8f1db9c9,user,1,lain,1.0
user_b830ab215249,user,12,lain,1.0
user_b837cf21e587,user,1,lain,1.0
user_b847e1ad80c7,user,2,lain,1.0
user_b84bfcb41074,user,1,lain,1.0
user_b850fb1c9bab,user,9,lain,1.0
user_b861cb9f5393,user,11,niat menonton,2.0
user_b867aaf65b32,user,10,lain,1.0
user_b86e0eb6cde9,user,9,lain,1.0
user_b8876c936ef2,user,4,lain,1.0
user_b88be299034a,user,6,lain,1.0
user_b893e2e2231e,user,5,lain,1.0
user_b89a11c6f428,user,8,lain,1.0
user_b89a45ed4cad,user,12,lain,1.0
user_b8b5fbe922d9,user,8,lain,1.0
user_b8c21dff31f1,user,6,lain,1.0
user_b8c960dd8b83,user,4,lain,1.0
user_b907b6db8f0e,user,1,lain,1.0
user_b90da4bc2ddc,user,2,niat menonton,1.0
user_b91e420767fa,user,11,lain,1.0
user_b924ccc9ee27,user,6,niat menonton,1.0
user_b92d8f929320,user,5,lain,1.0
user_b9327e8bb7aa,user,3,lain,1.0
user_b93f93e4fb2d,user,1,takut (pujian?),1.0
user_b9434caa27b0,user,12,lain,1.0
user_b947c816160b,user,1,lain,1.0
user_b94904233ed4,user,2,lain,1.0
user_b94f4e0773ab,user,9,lain,1.0
user_b95564fd8c3e,user,7,takut (pujian?),1.0
user_b9618c394bdf,user,3,takut (pujian?),1.0
user_b9657c494a34,user,4,lain,1.0
user_b96e92f77473,user,10,takut (pujian?),1.0
user_b97ff30b3f01,user,14,lain,1.0
user_b98a0e80d76a,user,5,lain,1.0
user_b98c517f4fbd,user,6,lain,2.0
user_b9906a0bbaf5,user,4,lain,1.0
user_b99a38b8a3ce,user,3,lain,1.0
user_b99fbee0e4ec,user,1,lain,1.0
user_b9a0ad279ec1,user,5,lain,1.0
user_b9a7e1b6a80b,user,10,lain,1.0
user_b9b76db4256e,user,3,lain,1.0
user_b9b97550f4f4,user,1,lain,1.0
user_b9c0feb48611,user,2,lain,1.0
user_b9c7093c665f,user,3,lain,1.0
user_b9cd8ac72e9f,user,1,lain,1.0
user_b9d359eb7bc7,user,14,lain,1.0
user_b9da12b29aef,user,13,lain,2.0
user_b9e19e1cbd5e,user,4,lain,1.0
user_b9e828da8773,user,2,lain,1.0
user_b9f35c752c1d,user,1,lain,1.0
user_b9f96337ed87,user,3,takut (pujian?),1.0
user_b9fc03d22ea1,user,3,lain,1.0
user_ba06a8366c03,user,11,lain,1.0
user_ba07a51e7d8e,user,10,lain,3.0
user_ba10a9f047ca,user,3,niat menonton,1.0
user_ba14c7fc7480,user,14,lain,1.0
user_ba20841eac1b,user,15,lain,1.0
user_ba2a35fe3a62,user,10,lain,1.0
user_ba2c8f74d3c7,user,10,takut (pujian?),3.0
user_ba4233184427,user,2,lain,1.0
user_ba5910b81132,user,3,niat menonton,1.0
user_ba79c3df31c1,user,14,lain,2.0
user_ba8054f57f2f,user,15,lain,1.0
user_ba93816eeb16,user,6,lain,2.0
user_ba97e3abd471,user,5,lain,1.0
user_ba99c760c661,user,3,niat menonton,1.0
user_ba9bb07427c2,user,12,lain,1.0
user_baa0883e5ee9,user,12,lain,1.0
user_baa936ee2786,user,8,lain,1.0
user_bab024cc099e,user,5,lain,1.0
user_bac2c21e050f,user,1,lain,1.0
user_bac5438d62d2,user,8,takut (pujian?),1.0
user_bad2c11afe6b,user,1,lain,1.0
user_bae458f7bc24,user,6,lain,1.0
user_bb089283da48,user,8,lain,1.0
user_bb1cd8c40bc0,user,7,lain,1.0
user_bb22218d7c32,user,7,lain,1.0
user_bb32bae1be2f,user,9,takut (pujian?),1.0
user_bb4a616a53ee,user,7,lain,1.0
user_bb4b585e8cd6,user,1,lain,1.0
user_bb4bf5d3f95d,user,1,lain,1.0
user_bb4e28ae82df,user,1,lain,1.0
user_bb528bd96cf8,user,5,lain,1.0
user_bb5367f14496,user,11,lain,2.0
user_bb5f8c9cae67,user,15,lain,1.0
user_bb61185485cc,user,3,lain,1.0
user_bb6899154c72,user,1,niat menonton,1.0
user_bb713bccdf3e,user,5,lain,1.0
user_bb813099abae,user,2,lain,1.0
user_bb8bffe5d426,user,11,lain,1.0
user_bb8e2acf400f,user,15,lain,1.0
user_bb90bbdd5a41,user,4,niat menonton,1.0
user_bb9483fdda10,user,8,takut (pujian?),1.0
user_bb94c22b6cb9,user,5,lain,1.0
user_bba3e5abf1c2,user,11,lain,1.0
user_bba5bcd89a59,user,8,lain,1.0
user_bbab30cf0bd6,user,3,niat menonton,1.0
user_bbafaea166b4,user,2,lain,1.0
user_bbbbc668125c,user,6,lain,1.0
user_bbc484e0ec27,user,5,lain,1.0
user_bbd6cdb6f5ab,user,4,lain,1.0
user_bbebb8c5ca9b,user,14,lain,1.0
user_bc000e9a6975,user,7,lain,1.0
user_bc009502b874,user,3,lain,1.0
user_bc05db433d8a,user,4,lain,1.0
user_bc08fdeb52fc,user,16,lain,1.0
user_bc0a312adfc5,user,4,takut (pujian?),1.0
user_bc0caa328716,user,9,takut (pujian?),1.0
user_bc0de6093a55,user,2,lain,1.0
user_bc157d1ba4c7,user,2,lain,1.0
user_bc217853f19e,user,3,lain,1.0
user_bc23f7978498,user,13,lain,1.0
user_bc2463b25231,user,1,niat menonton,1.0
user_bc343251936a,user,17,takut (pujian?),1.0
user_bc38db1ddfeb,user,2,takut (pujian?),1.0
user_bc469b661769,user,7,lain,1.0
user_bc4ade55ad8f,user,5,lain,1.0
user_bc6ba75ab9b9,user,8,lain,1.0
user_bc7753f91b56,user,1,lain,1.0
user_bc7ad7b60fc3,user,2,lain,1.0
user_bc912c12f826,user,7,lain,1.0
user_bca0f6051531,user,1,lain,1.0
user_bcbabe392b1a,user,2,lain,1.0
user_bcbfc489a7cd,user,5,niat menonton,1.0
user_bcc30da93bd0,user,1,lain,1.0
user_bcc621201bb8,user,11,lain,1.0
user_bccd3cdfbe4e,user,7,lain,1.0
user_bcd081d86512,user,13,lain,1.0
user_bcd314edb5a6,user,15,lain,1.0
user_bcdcd2f2fa46,user,6,takut (pujian?),1.0
user_bce2acfce434,user,8,lain,1.0
user_bce907186c9a,user,2,lain,1.0
user_bcfbe5e730bd,user,15,lain,1.0
user_bd151f0ff8ae,user,3,niat menonton,2.0
user_bd2080ed9f8a,user,2,lain,1.0
user_bd21e562628e,user,16,lain,1.0
user_bd31da3b9b38,user,1,lain,1.0
user_bd362851eddd,user,11,lain,1.0
user_bd3bac7a8f25,user,10,lain,1.0
user_bd44057112bf,user,8,lain,1.0
user_bd464a50b598,user,1,niat menonton,1.0
user_bd4bdd5f31c8,user,9,lain,1.0
user_bd4e3847cd24,user,1,takut (pujian?),1.0
user_bd4e7055d04b,user,2,lain,1.0
user_bd5246028e43,user,3,lain,1.0
user_bd6a1ee45d3b,user,6,lain,1.0
user_bd73432544b3,user,1,lain,1.0
user_bd8dfd1d8fd0,user,4,lain,1.0
user_bd8e463c54a6,user,5,lain,1.0
user_bda3fc152bb0,user,2,lain,2.0
user_bdaa6e5c24f5,user,3,lain,1.0
user_bdccbe2a2180,user,7,lain,1.0
user_bdcccac07f0a,user,6,lain,1.0
user_bde00049e6e7,user,13,lain,1.0
user_bdec0336780c,user,15,lain,1.0
user_bdfbf0b2df5c,user,3,niat menonton,1.0
user_be0555e38d06,user,6,takut (pujian?),1.0
user_be0b6b883a90,user,15,lain,1.0
user_be1406d6ea13,user,2,lain,1.0
user_be1790014407,user,11,lain,1.0
user_be288951f5f0,user,3,lain,1.0
user_be2e08fcc6cb,user,2,niat menonton,1.0
user_be36259b9823,user,6,lain,1.0
user_be39011f1376,user,12,lain,1.0
user_be474694224c,user,8,lain,1.0
user_be59a566eadb,user,1,lain,1.0
user_be644cb02159,user,10,lain,1.0
user_be80b15d3a65,user,1,lain,1.0
user_be8a5f1d56cd,user,1,lain,1.0
user_be9039d9b33a,user,1,lain,1.0
user_bea27982db2f,user,2,lain,1.0
user_beae0194f25e,user,2,takut (pujian?),1.0
user_beae5f5f0c8b,user,15,lain,1.0
user_bec08bbd781d,user,1,lain,1.0
user_bec1c0addf1a,user,9,lain,1.0
user_bed7a38a695b,user,7,takut (pujian?),1.0
user_bee5260e367f,user,6,lain,1.0
user_bee65d14fd78,user,1,lain,1.0
user_bee97ced5136,user,8,lain,1.0
user_beebd4624cce,user,14,lain,1.0
user_bf2480bf4381,user,3,lain,1.0
user_bf2c1bed0b4a,user,7,lain,1.0
user_bf42f5254c58,user,4,lain,1.0
user_bf5d98dab333,user,1,lain,1.0
user_bf5fb38e8236,user,4,lain,1.0
user_bf6076da2317,user,8,lain,1.0
user_bf78d60e03a4,user,2,lain,1.0
user_bf7df76d697b,user,1,lain,1.0
user_bf8acf1ba66b,user,1,lain,1.0
user_bf8b813edd69,user,11,lain,1.0
user_bf9115d34ce0,user,5,lain,1.0
user_bf93d85d0098,user,2,lain,1.0
user_bf98fa698490,user,6,niat menonton,1.0
user_bf9bb2b5e3d1,user,3,niat menonton,1.0
user_bfac7fb037ba,user,3,lain,1.0
user_bfad5b07758b,user,13,takut (pujian?),1.0
user_bfb04c7f241e,user,6,takut (pujian?),2.0
user_bfb372ce9790,user,4,lain,1.0
user_bfc0b0051c23,user,9,lain,1.0
user_bfc165b6cca9,user,1,takut (pujian?),1.0
user_bfd0a04c0feb,user,1,lain,1.0
user_bfd31b140dda,user,16,lain,1.0
user_bfe9646720f1,user,4,lain,1.0
user_bfeb90435505,user,1,lain,1.0
user_bff658dc7653,user,1,lain,1.0
user_c007aab816b8,user,10,lain,1.0
user_c00dd1f1a3e5,user,9,lain,1.0
user_c0142daa9acc,user,1,lain,1.0
user_c01b6235b149,user,15,lain,1.0
user_c01e5a1b38d1,user,2,lain,1.0
user_c03c12c3e648,user,4,lain,1.0
user_c04bd8fc93df,user,2,takut (pujian?),1.0
user_c05cd9b58327,user,3,takut (pujian?),1.0
user_c06014286823,user,4,takut (pujian?),1.0
user_c060afde0cf9,user,12,lain,1.0
user_c066594f84de,user,5,lain,1.0
user_c0699f160659,user,7,lain,1.0
user_c06ba13138c4,user,1,lain,1.0
user_c06c7c60f175,user,8,lain,1.0
user_c06d594c0baf,user,9,lain,1.0
user_c06fd850b6e3,user,1,lain,1.0
user_c085f1aca21a,user,5,lain,1.0
user_c08ad7021c6b,user,12,lain,2.0
user_c08f1a17704b,user,10,lain,1.0
user_c0a58ae79900,user,3,lain,1.0
user_c0ad326900ca,user,6,lain,1.0
user_c0afd19aaabf,user,10,lain,1.0
user_c0b112dbe43e,user,16,lain,1.0
user_c0b19c83abc6,user,8,lain,1.0
user_c0b9e8498bce,user,1,lain,1.0
user_c0c2c49aad0c,user,7,lain,1.0
user_c0c6fff90d56,user,6,lain,1.0
user_c0c81e6ccfec,user,10,lain,1.0
user_c0c962fae716,user,3,lain,1.0
user_c0d0f7d75ba7,user,5,lain,1.0
user_c0e0270f2d84,user,10,lain,1.0
user_c0e651140620,user,7,lain,1.0
user_c0f9fcc899a2,user,4,lain,1.0
user_c0fcc74fe964,user,6,lain,1.0
user_c0fddc8fc400,user,6,niat menonton,1.0
user_c11d5cdd5e1e,user,3,niat menonton,1.0
user_c122b7e4c01f,user,7,lain,1.0
user_c13984f03b67,user,5,lain,1.0
user_c13d99f43665,user,13,lain,1.0
user_c1424fde6b93,user,2,lain,1.0
user_c15a54effb97,user,1,lain,1.0
user_c15c42b84249,user,4,lain,1.0
user_c15ce4f78d89,user,6,lain,1.0
user_c15d79319ffd,user,1,lain,1.0
user_c16687c3cf6d,user,9,lain,1.0
user_c166f945453a,user,8,lain,1.0
user_c16b614225a0,user,5,lain,2.0
user_c17087e1d764,user,14,lain,1.0
user_c1882877d555,user,12,lain,1.0
user_c18b8741dddc,user,7,lain,1.0
user_c1912f6b5348,user,10,niat menonton,1.0
user_c194547173de,user,1,lain,1.0
user_c1962fe23904,user,1,lain,1.0
user_c1a24bb64992,user,16,takut (pujian?),2.0
user_c1a6c8811de3,user,9,lain,1.0
user_c1aa0205741e,user,1,lain,1.0
user_c1ac8dba89b8,user,1,niat menonton,1.0
user_c1c3f7672d9b,user,4,lain,1.0
user_c1c5d973b2cd,user,7,lain,1.0
user_c1c6a169efa8,user,5,lain,1.0
user_c1c86fa1035d,user,12,lain,1.0
user_c1d4b91a3202,user,2,lain,1.0
user_c1d7997c6d33,user,1,lain,1.0
user_c1e120ee9074,user,2,lain,1.0
user_c1e48d8e61c1,user,1,niat menonton,1.0
user_c1ea0e50248c,user,3,lain,1.0
user_c20399e37726,user,8,lain,1.0
user_c2058c7765da,user,1,lain,1.0
user_c220b68d255e,user,13,lain,1.0
user_c221fe01c202,user,14,lain,1.0
user_c2254edb9c90,user,6,niat menonton,1.0
user_c225c511239a,user,1,lain,1.0
user_c2306af9ee57,user,4,takut (pujian?),1.0
user_c246595b2556,user,14,lain,2.0
user_c254ff2aeaf4,user,5,lain,1.0
user_c25937e45fc8,user,1,lain,1.0
user_c25940f7327e,user,13,takut (pujian?),1.0
user_c25b7cc1e7d6,user,12,lain,1.0
user_c25bb297fd61,user,7,lain,1.0
user_c273aebfb23b,user,14,lain,1.0
user_c2768c2c9448,user,8,takut (pujian?),1.0
user_c2790994be9f,user,3,lain,1.0
user_c2807249226b,user,2,lain,1.0
user_c28e01cfa492,user,3,lain,1.0
user_c29f2bf3cab3,user,2,lain,1.0
user_c2a5631a271e,user,7,lain,1.0
user_c2a90adc8fcb,user,8,lain,1.0
user_c2aaa2c58e63,user,2,lain,1.0
user_c2ab07e65d30,user,10,niat menonton,1.0
user_c2b83f720708,user,10,lain,2.0
user_c2b865081aab,user,10,lain,1.0
user_c2bcee1c9453,user,1,lain,1.0
user_c2ceadbf796a,user,16,lain,1.0
user_c2d44dfe2178,user,11,lain,1.0
user_c2d7358a63d8,user,1,takut (pujian?),1.0
user_c2d741f516e8,user,3,takut (pujian?),1.0
user_c2dce14e3da5,user,6,lain,1.0
user_c2ddeea3bf13,user,1,lain,2.0
user_c309215d2b67,user,15,lain,1.0
user_c31c9409aa01,user,1,lain,1.0
user_c31f31aab6e8,user,1,lain,1.0
user_c321b00ca254,user,7,lain,1.0
user_c322afa09845,user,10,lain,1.0
user_c328571229ec,user,5,takut (pujian?),3.0
user_c32995591c49,user,3,lain,1.0
user_c32ba585dc85,user,5,lain,1.0
user_c3493483801e,user,11,takut (pujian?),2.0
user_c34c85bc484b,user,8,lain,1.0
user_c34f45a744ec,user,17,takut (pujian?),1.0
user_c35aa4cdab2f,user,1,lain,1.0
user_c35abfe012a5,user,12,niat menonton,1.0
user_c364c2413a61,user,4,lain,1.0
user_c3764b1b9cab,user,3,lain,1.0
user_c376f3cc120e,user,4,takut (pujian?),1.0
user_c378cdb5d5f5,user,10,lain,1.0
user_c38acbea2505,user,1,lain,1.0
user_c38ce33c1b76,user,1,lain,1.0
user_c3944f1b9010,user,5,lain,1.0
user_c3987c45c3a6,user,3,lain,1.0
user_c39bd45b10f3,user,4,lain,1.0
user_c39bdfb8aeca,user,13,lain,1.0
user_c39ce3049f21,user,14,lain,1.0
user_c39d21bc6394,user,1,takut (pujian?),1.0
user_c3ad6595db37,user,10,takut (pujian?),1.0
user_c3c5780a6f65,user,1,lain,1.0
user_c3c6144bbbe3,user,3,lain,1.0
user_c3ca96d8d00a,user,10,takut (pujian?),1.0
user_c3cd6f4a3108,user,3,takut (pujian?),1.0
user_c3d3100d682c,user,8,lain,1.0
user_c3dafdc20df5,user,8,lain,1.0
user_c3de835f11b2,user,6,lain,1.0
user_c3e6b0fa7a83,user,4,lain,1.0
user_c3e717c7ea69,user,1,takut (pujian?),1.0
user_c3edf398b6d1,user,8,lain,1.0
user_c4039bcc457b,user,13,lain,1.0
user_c40ab6c441a8,user,11,lain,1.0
user_c419ef7b0711,user,4,lain,1.0
user_c41c1cc29476,user,3,niat menonton,1.0
user_c4218e51c494,user,1,lain,1.0
user_c428debcd59a,user,1,takut (pujian?),1.0
user_c42b0c2c1a29,user,9,lain,1.0
user_c42caf4b292b,user,1,lain,1.0
user_c4368679c0e4,user,7,lain,1.0
user_c43c8269fc96,user,2,lain,1.0
user_c44e3695314d,user,15,niat menonton,1.0
user_c45192fc409a,user,6,lain,1.0
user_c46189e060da,user,3,takut (pujian?),1.0
user_c4630061a19a,user,13,lain,1.0
user_c465b67b8dd6,user,1,lain,1.0
user_c4682df53b0c,user,1,lain,1.0
user_c47701e6373c,user,8,lain,1.0
user_c47778d3abe1,user,2,lain,1.0
user_c47a4b524ac5,user,10,lain,1.0
user_c4801118c757,user,8,lain,1.0
user_c48438da75ee,user,13,lain,2.0
user_c48c36f7cae8,user,14,lain,1.0
user_c492d5d92713,user,1,lain,1.0
user_c4bc6513077a,user,2,takut (pujian?),1.0
user_c4be2394b900,user,1,lain,1.0
user_c4ce0c21a746,user,10,lain,1.0
user_c4cf7a993c01,user,2,lain,1.0
user_c4e48700c6ea,user,13,lain,1.0
user_c4ea604df275,user,2,lain,1.0
user_c4ec606dd898,user,4,lain,1.0
user_c4ec6b7673ba,user,8,lain,1.0
user_c4feb5d2d84f,user,15,lain,1.0
user_c5014a52de88,user,13,lain,1.0
user_c501eecf08a6,user,6,takut (pujian?),2.0
user_c524e7f10fc4,user,14,lain,1.0
user_c534b106eee0,user,1,lain,1.0
user_c547ce18f78f,user,1,niat menonton,1.0
user_c54b4d5e359b,user,1,lain,1.0
user_c54f9f326776,user,1,niat menonton,1.0
user_c55eeee53992,user,2,niat menonton,1.0
user_c5602bf15b90,user,1,lain,1.0
user_c56155349a0d,user,8,lain,1.0
user_c57a2aaaa0c4,user,8,takut (pujian?),1.0
user_c586c61fd0c5,user,7,lain,1.0
user_c593b7cdae0f,user,12,niat menonton,1.0
user_c5b0363a4164,user,17,lain,1.0
user_c5b1cef7c50f,user,5,lain,1.0
user_c5c5b384148a,user,14,lain,2.0
user_c5ca1bbe3ad9,user,11,lain,1.0
user_c5cd775ac90a,user,14,lain,1.0
user_c5d12e471e46,user,2,lain,1.0
user_c5d32a751863,user,1,niat menonton,1.0
user_c5d7511b397d,user,3,lain,1.0
user_c5f6f991e5f8,user,1,lain,1.0
user_c5febe9114f7,user,11,lain,1.0
user_c61861a487bb,user,10,lain,1.0
user_c6216e359277,user,11,lain,1.0
user_c6227d6d9a13,user,10,lain,1.0
user_c6291050d2fd,user,6,niat menonton,1.0
user_c62ed9361199,user,1,niat menonton,1.0
user_c6331ddc0d2b,user,3,lain,1.0
user_c63579d238a4,user,4,lain,1.0
user_c6392610bbe8,user,3,lain,1.0
user_c6405c969622,user,2,lain,1.0
user_c642aec38306,user,15,lain,1.0
user_c6471eee304a,user,7,lain,1.0
user_c64b2f79e082,user,4,lain,2.0
user_c64f52fd7901,user,4,lain,1.0
user_c658b5c10a4d,user,1,lain,1.0
user_c65bbbbd256a,user,14,lain,1.0
user_c66762875bca,user,1,lain,1.0
user_c67362c609f4,user,16,takut (pujian?),1.0
user_c688ada7197a,user,15,lain,1.0
user_c68cb7d063ba,user,16,lain,1.0
user_c690558870ac,user,9,lain,1.0
user_c694c9c7a271,user,6,lain,1.0
user_c69a803b1fd7,user,3,lain,1.0
user_c6a19c670702,user,2,takut (pujian?),1.0
user_c6a608e1ee2d,user,2,lain,1.0
user_c6a75927f976,user,9,lain,1.0
user_c6ad482b807f,user,7,takut (pujian?),1.0
user_c6af6d6285fb,user,14,niat menonton,1.0
user_c6b933f47f2e,user,4,lain,1.0
user_c6bd9e7e564f,user,3,lain,1.0
user_c6bf7f97fd6e,user,1,lain,1.0
user_c6c0cccba9e8,user,2,niat menonton,1.0
user_c6cc3939f6db,user,9,lain,1.0
user_c6d9606af566,user,11,lain,1.0
user_c6d9d1e717be,user,1,niat menonton,1.0
user_c6ec12412b0e,user,10,lain,1.0
user_c6faf25545b2,user,4,niat menonton,1.0
user_c6ff57f37cc8,user,1,lain,1.0
user_c7020bbb9b4d,user,8,lain,1.0
user_c71100ff54cf,user,7,lain,1.0
user_c71307ee9b71,user,6,lain,1.0
user_c721f7545ca9,user,11,lain,1.0
user_c7308276d1c2,user,9,lain,1.0
user_c730ed19d04f,user,8,lain,1.0
user_c7353011a45f,user,9,niat menonton,1.0
user_c74231eb87c3,user,1,niat menonton,1.0
user_c74a43d5697d,user,4,lain,1.0
user_c762c9db02d9,user,13,lain,1.0
user_c76b753fc09f,user,12,takut (pujian?),1.0
user_c76bedf85ef1,user,5,lain,1.0
user_c76fdb973114,user,1,lain,1.0
user_c771ef961828,user,2,lain,1.0
user_c77d53b86007,user,1,lain,1.0
user_c78302e302a1,user,1,lain,1.0
user_c783f83e5214,user,15,lain,1.0
user_c7850c949902,user,7,lain,1.0
user_c7866bd970c9,user,1,takut (pujian?),1.0
user_c78685ff7536,user,2,lain,1.0
user_c788ac6e54cf,user,6,lain,1.0
user_c79001640e9e,user,4,lain,1.0
user_c79ea1f996e2,user,8,lain,1.0
user_c7a83f9ee780,user,6,lain,1.0
user_c7ad840378ff,user,6,lain,1.0
user_c7ada44c8fa5,user,9,takut (pujian?),1.0
user_c7bb8e6d96f4,user,5,lain,1.0
user_c7daefed0dec,user,11,lain,1.0
user_c7db32384b22,user,5,lain,1.0
user_c7dd2f7f7e47,user,4,lain,1.0
user_c7e1f9991028,user,14,lain,1.0
user_c7e554e72f8f,user,16,takut (pujian?),1.0
user_c7e60b298bbd,user,5,takut (pujian?),1.0
user_c7e6881b7ee2,user,1,lain,1.0
user_c7e8281ccace,user,8,lain,1.0
user_c7f436d87015,user,11,lain,1.0
user_c7f77c0d6918,user,13,lain,1.0
user_c7fa4aeed3ba,user,4,takut (pujian?),1.0
user_c808fe4d19f0,user,11,lain,1.0
user_c80a18caa6ed,user,4,lain,1.0
user_c80e9f4e25c5,user,2,lain,1.0
user_c817883dbea6,user,1,lain,1.0
user_c82415e20398,user,11,lain,1.0
user_c83bc248c842,user,5,lain,1.0
user_c8454d771afa,user,13,lain,1.0
user_c84d6b278998,user,2,lain,1.0
user_c854410e45ef,user,3,lain,1.0
user_c856bc21db87,user,5,lain,1.0
user_c85839768b61,user,11,lain,1.0
user_c863868ab64b,user,14,lain,1.0
user_c86cc5e5d234,user,1,lain,1.0
user_c86ec1473981,user,6,takut (pujian?),1.0
user_c8765682f7a1,user,5,lain,1.0
user_c8842386972d,user,5,lain,1.0
user_c88aa9e8d134,user,3,lain,1.0
user_c890ece797d5,user,6,lain,2.0
user_c892bfaf47d1,user,1,lain,1.0
user_c89304c0f0ba,user,6,niat menonton,1.0
user_c894e4cc7283,user,9,niat menonton,1.0
user_c8989f85223c,user,1,niat menonton,1.0
user_c8ab062945a4,user,1,lain,1.0
user_c8ab5892566c,user,5,takut (pujian?),1.0
user_c8ac9100bfe0,user,6,lain,1.0
user_c8ace41bc2c5,user,3,lain,1.0
user_c8b913a5469a,user,12,lain,1.0
user_c8bc0b6e18a3,user,4,lain,1.0
user_c8c2a8fe7328,user,4,lain,1.0
user_c8e1f9e624ba,user,4,lain,1.0
user_c8feb1daef78,user,9,takut (pujian?),1.0
user_c901eee41922,user,3,lain,1.0
user_c902eb850342,user,15,lain,1.0
user_c90892bbc7c2,user,14,takut (pujian?),1.0
user_c90b0c1d7fd1,user,1,takut (pujian?),1.0
user_c90c500f4506,user,5,lain,1.0
user_c90dc0afed56,user,2,lain,1.0
user_c911dca0d81c,user,2,lain,1.0
user_c916f2fd4b3b,user,11,lain,1.0
user_c9268f3ec5a3,user,4,niat menonton,1.0
user_c93a6049d175,user,8,lain,1.0
user_c93dc145630e,user,4,niat menonton,1.0
user_c942b44cdace,user,1,takut (pujian?),1.0
user_c954047f2c05,user,1,lain,1.0
user_c955516c5f28,user,1,niat menonton,1.0
user_c965fcf0422d,user,12,niat menonton,1.0
user_c96ff4ae6ddb,user,1,lain,1.0
user_c975aa8940c5,user,15,lain,1.0
user_c97b959dcf3f,user,7,lain,1.0
user_c97d46c59768,user,1,lain,1.0
user_c99b38419bb8,user,13,lain,2.0
user_c99e2461aa12,user,9,lain,1.0
user_c9aa6e414da5,user,4,takut (pujian?),1.0
user_c9bc499b0eed,user,16,lain,1.0
user_c9c3cb957e75,user,12,lain,1.0
user_c9c4a3d10900,user,7,lain,1.0
user_c9c6a04dd955,user,6,lain,1.0
user_c9cf26f79672,user,11,lain,1.0
user_c9d249644567,user,6,takut (pujian?),1.0
user_c9dcf0820c91,user,1,takut (pujian?),1.0
user_c9e0858047a1,user,1,takut (pujian?),1.0
user_c9e1f2687fbd,user,14,lain,1.0
user_c9e21a58dfa2,user,7,lain,1.0
user_c9ecb50d2376,user,14,lain,1.0
user_c9f0d204e740,user,4,takut (pujian?),5.0
user_c9f4c75304af,user,7,takut (pujian?),1.0
user_c9f9ebe4d55e,user,12,lain,2.0
user_c9fd9aa90b3e,user,2,lain,1.0
user_c9fe524f6525,user,11,lain,1.0
user_ca05bc658f83,user,7,lain,1.0
user_ca0758d76cf9,user,1,lain,1.0
user_ca0bb67480f7,user,12,lain,1.0
user_ca25f30b84c1,user,2,lain,1.0
user_ca2c4748f51f,user,5,lain,1.0
user_ca2c7728e425,user,5,lain,1.0
user_ca33ec80fb02,user,6,lain,1.0
user_ca42762ef5ca,user,15,lain,1.0
user_ca42af4bcfaa,user,12,takut (pujian?),3.0
user_ca4845812c11,user,1,niat menonton,1.0
user_ca4cd6fa9ad9,user,8,lain,1.0
user_ca507ace826f,user,13,lain,1.0
user_ca7c27976eec,user,4,lain,1.0
user_ca7db1198582,user,2,lain,1.0
user_ca89c38b02c5,user,1,lain,1.0
user_caa52d035312,user,4,lain,1.0
user_cab059a06c17,user,15,lain,1.0
user_cab1ff992c1a,user,11,lain,1.0
user_cac61615dd3c,user,5,lain,1.0
user_cad611a2c733,user,1,lain,1.0
user_cae9536e1a52,user,5,niat menonton,1.0
user_caf8fdf405b5,user,5,lain,1.0
user_cafccd9d2556,user,9,takut (pujian?),1.0
user_cb01259a6ad4,user,9,lain,1.0
user_cb0653e6a6f6,user,16,lain,1.0
user_cb1f1cc20855,user,8,lain,1.0
user_cb20c9b888b9,user,5,lain,1.0
user_cb2772946cd2,user,1,lain,1.0
user_cb2ad50f3950,user,1,takut (pujian?),1.0
user_cb2b358fed54,user,6,lain,1.0
user_cb2d969b50ce,user,8,lain,1.0
user_cb2f11569496,user,15,takut (pujian?),1.0
user_cb34c25e8f82,user,6,lain,2.0
user_cb37303c663d,user,2,lain,1.0
user_cb392fcb6777,user,6,niat menonton,2.0
user_cb5d5f838f71,user,1,takut (pujian?),1.0
user_cb5e8fc890a1,user,9,lain,1.0
user_cb6e49965999,user,9,lain,1.0
user_cb78bc760121,user,10,lain,1.0
user_cb7c0625ca0f,user,1,lain,1.0
user_cb7e46741b18,user,7,lain,1.0
user_cb94fab7cde9,user,4,lain,1.0
user_cb9f79dea25a,user,7,lain,1.0
user_cba511816926,user,4,takut (pujian?),1.0
user_cba6de442c45,user,15,lain,1.0
user_cbab1a113b03,user,3,takut (pujian?),1.0
user_cbaf12243180,user,2,lain,1.0
user_cbcb16cdd028,user,10,lain,1.0
user_cbd73757beb5,user,9,lain,1.0
user_cbd8b5ce499c,user,10,lain,1.0
user_cbdf1300f728,user,6,takut (pujian?),1.0
user_cbe7f4baba13,user,11,lain,1.0
user_cbf293ab85fe,user,2,lain,1.0
user_cbf2b50d0e65,user,15,lain,1.0
user_cbf5cf318d6a,user,16,lain,1.0
user_cbf8526013d7,user,9,lain,1.0
user_cc369d8fe9cd,user,14,lain,1.0
user_cc38263fec6d,user,6,takut (pujian?),2.0
user_cc411e778076,user,5,lain,1.0
user_cc41f7894bf6,user,1,takut (pujian?),1.0
user_cc46217e6922,user,12,lain,1.0
user_cc4a7d035d91,user,14,lain,1.0
user_cc56a207007b,user,17,lain,1.0
user_cc586e832830,user,5,niat menonton,1.0
user_cc639db27c4c,user,3,lain,1.0
user_cc6d629061cc,user,14,lain,1.0
user_cc6ed12190ab,user,4,niat menonton,1.0
user_cc83c856f20e,user,1,niat menonton,1.0
user_cc871832f6d9,user,1,lain,2.0
user_cc88adb77901,user,5,lain,1.0
user_cc8f5c345cbd,user,2,lain,1.0
user_cc99ec1c37e6,user,6,lain,1.0
user_cc9f9bf22f05,user,3,lain,1.0
user_ccab6df3dc75,user,12,lain,1.0
user_ccacf22714c0,user,3,lain,1.0
user_ccadfab3d6ec,user,1,lain,1.0
user_ccb71ac2f998,user,2,lain,1.0
user_ccc0defa5f6f,user,8,takut (pujian?),1.0
user_ccd5e2768ccb,user,1,lain,1.0
user_ccdbba46bd4f,user,2,lain,1.0
user_cce1c3301270,user,11,lain,1.0
user_cce78b28ff4c,user,7,lain,1.0
user_ccf2a47532a0,user,3,lain,1.0
user_ccf430d283c9,user,9,lain,1.0
user_ccf61050a918,user,4,lain,1.0
user_cd003f9a848f,user,15,takut (pujian?),1.0
user_cd023b68e12c,user,2,takut (pujian?),1.0
user_cd0fc18ddfac,user,5,lain,1.0
user_cd1201438bfa,user,13,lain,1.0
user_cd1809061a18,user,6,lain,1.0
user_cd2ee5f5ef17,user,2,lain,1.0
user_cd33cbb96295,user,1,lain,1.0
user_cd3aa788a1a6,user,13,lain,1.0
user_cd5386b78a94,user,1,lain,1.0
user_cd55316217d2,user,8,lain,1.0
user_cd5a24b86859,user,9,lain,3.0
user_cd5e1dc5f325,user,1,lain,1.0
user_cd627e128c42,user,7,lain,1.0
user_cd63aa1c96f8,user,6,lain,1.0
user_cd74b609fbfa,user,4,lain,1.0
user_cd7c08676b52,user,2,lain,1.0
user_cd84ef3193ae,user,5,lain,1.0
user_cd8e3a459609,user,10,lain,1.0
user_cd8fd2c0bbad,user,4,lain,1.0
user_cd9e35c97a33,user,2,lain,1.0
user_cdb454624260,user,13,lain,1.0
user_cdc7b9867af6,user,7,takut (pujian?),1.0
user_cdd3b9fe8241,user,8,lain,1.0
user_cdd90142571b,user,7,takut (pujian?),1.0
user_cddbda1979af,user,15,lain,1.0
user_cde0da5e0f13,user,8,lain,1.0
user_cdef5ddf646e,user,6,lain,1.0
user_cdf5740d57f3,user,1,lain,4.0
user_ce100fa6f6f6,user,6,lain,1.0
user_ce111cd2e0fc,user,9,lain,1.0
user_ce1eeec7bd0a,user,3,lain,1.0
user_ce284f29170f,user,8,lain,1.0
user_ce447047a68a,user,6,lain,1.0
user_ce4edcf00747,user,6,takut (pujian?),1.0
user_ce5b13183572,user,10,lain,1.0
user_ce61f8f8e147,user,8,lain,1.0
user_ce6e4b149d05,user,17,lain,1.0
user_ce70f57f4864,user,7,lain,1.0
user_ce8b408af879,user,2,lain,1.0
user_ce8e32bf0f99,user,16,lain,1.0
user_ce9343cc017a,user,2,lain,1.0
user_ce99cd653c84,user,1,takut (pujian?),1.0
user_ce9cdd4b9722,user,3,niat menonton,1.0
user_ce9fbbfaa211,user,16,takut (pujian?),1.0
user_cea89c026192,user,1,lain,1.0
user_ceafb587edc6,user,3,lain,1.0
user_ceb3855c810d,user,11,lain,1.0
user_ceb8cd1c4186,user,7,lain,1.0
user_cebf8d3b822d,user,1,lain,1.0
user_cecb8972e35a,user,14,lain,1.0
user_cece1ec71239,user,11,lain,1.0
user_ced272254c2e,user,3,lain,1.0
user_ced2eb79e744,user,1,lain,1.0
user_cedf44ec3e9d,user,2,lain,1.0
user_cedfccd50ac4,user,9,takut (pujian?),1.0
user_cee5109c6474,user,3,lain,1.0
user_ceede2ecd216,user,5,takut (pujian?),1.0
user_cef0752180fd,user,6,lain,1.0
user_cf016866103b,user,17,lain,1.0
user_cf06ad8354a5,user,6,lain,1.0
user_cf1f4425917b,user,6,lain,1.0
user_cf2f29bff51b,user,2,lain,1.0
user_cf374256ebc7,user,1,takut (pujian?),1.0
user_cf437c62cf9b,user,11,lain,1.0
user_cf47fe3462b7,user,4,lain,1.0
user_cf4899e9c8c7,user,9,niat menonton,1.0
user_cf625a83c269,user,7,takut (pujian?),1.0
user_cf66701000e6,user,13,lain,1.0
user_cf8aae2dbcd0,user,8,niat menonton,1.0
user_cf96cbbdadfa,user,8,lain,1.0
user_cf9c38184e5f,user,2,lain,1.0
user_cfa666726059,user,12,lain,1.0
user_cfb75cd7bb4c,user,6,lain,1.0
user_cfc471a34fd4,user,17,lain,3.0
user_cfc496454658,user,3,lain,1.0
user_cfc6fbecc7a2,user,1,niat menonton,1.0
user_cfcbb8204047,user,13,lain,1.0
user_cffd424df48b,user,1,lain,1.0
user_d001c0857e93,user,4,lain,1.0
user_d009544964cc,user,5,lain,2.0
user_d016babfedea,user,3,lain,1.0
user_d01dec71db29,user,9,niat menonton,1.0
user_d034b252c29e,user,4,niat menonton,1.0
user_d03c9a9563f5,user,16,lain,1.0
user_d04223b59590,user,17,lain,1.0
user_d04ab55c757e,user,1,lain,1.0
user_d05201216e52,user,9,lain,1.0
user_d06a24b5eadb,user,10,niat menonton,1.0
user_d06ac4ae7bc1,user,7,lain,1.0
user_d07f236c2809,user,14,lain,1.0
user_d098389c6795,user,18,lain,1.0
user_d0a9bb878af5,user,5,lain,1.0
user_d0ae40cce069,user,11,lain,1.0
user_d0b2667ee7b8,user,14,lain,5.0
user_d0b53931b1f4,user,3,lain,1.0
user_d0c15486f27e,user,15,lain,1.0
user_d0c3260c5b6b,user,13,takut (pujian?),1.0
user_d0c7f0b68199,user,3,lain,1.0
user_d0ccc722bac0,user,3,lain,1.0
user_d0d76b4ebf40,user,12,lain,1.0
user_d0e2e80a7c8e,user,4,lain,1.0
user_d0e5fc45692f,user,4,lain,1.0
user_d0ec9d5a3404,user,1,lain,1.0
user_d0f464229220,user,7,lain,1.0
user_d10891c5c84b,user,6,niat menonton,1.0
user_d10cb528a56f,user,1,lain,1.0
user_d10ef632bbec,user,6,niat menonton,1.0
user_d1179176c8cb,user,4,lain,1.0
user_d11bd2b86574,user,11,lain,2.0
user_d11f0a3c3015,user,2,lain,1.0
user_d121e9387633,user,14,lain,1.0
user_d1305248b264,user,9,lain,1.0
user_d136d844ccff,user,4,lain,1.0
user_d1386ff90d96,user,1,lain,1.0
user_d14adc425845,user,2,lain,1.0
user_d14ea1296243,user,5,lain,5.0
user_d15c39f7fce1,user,14,niat menonton,1.0
user_d1693616d6b8,user,9,takut (pujian?),1.0
user_d16f0159798f,user,1,niat menonton,1.0
user_d16f438d47d6,user,2,lain,1.0
user_d171a70f4c98,user,7,lain,1.0
user_d176a45df16b,user,1,lain,1.0
user_d1778552e7ea,user,13,lain,2.0
user_d17fbe72d9fd,user,1,lain,1.0
user_d1a03b493086,user,9,niat menonton,1.0
user_d1c79eca82e8,user,8,takut (pujian?),1.0
user_d1c81762d350,user,11,lain,1.0
user_d1d2a6d8e5a2,user,1,lain,1.0
user_d1d9788fbfb8,user,2,lain,1.0
user_d1e2b28d6228,user,7,lain,1.0
user_d1e8dbdbc2ab,user,2,lain,1.0
user_d1e923b6b2fc,user,7,lain,1.0
user_d1ee4b6cb660,user,9,lain,1.0
user_d1fafba2d959,user,8,lain,1.0
user_d2002564502a,user,12,lain,1.0
user_d202a2a31f22,user,13,takut (pujian?),1.0
user_d20ae2af1445,user,4,lain,1.0
user_d21a0f4635e0,user,1,niat menonton,1.0
user_d21a52ee4c0f,user,9,lain,1.0
user_d22056134d84,user,10,lain,1.0
user_d2217d6e41fe,user,5,lain,1.0
user_d22529aed3e9,user,4,lain,1.0
user_d22a1498d301,user,1,niat menonton,1.0
user_d22d999807d9,user,12,lain,1.0
user_d23febe51359,user,7,lain,1.0
user_d24b1bc2e055,user,3,takut (pujian?),1.0
user_d262c8a536df,user,5,takut (pujian?),1.0
user_d264c7c70724,user,3,lain,1.0
user_d2668ed41521,user,4,lain,1.0
user_d27a447f9590,user,16,lain,1.0
user_d287f23b2667,user,1,lain,1.0
user_d28e679eacbe,user,16,lain,1.0
user_d2a04f688c3c,user,15,lain,1.0
user_d2b0d2c2094d,user,1,lain,1.0
user_d2b2ff894c4f,user,2,lain,1.0
user_d2b350f2907a,user,5,lain,1.0
user_d2cb1fc1d346,user,3,lain,1.0
user_d2d8b4216fe4,user,17,lain,1.0
user_d2df847e70e1,user,11,lain,1.0
user_d2e0c4a1e158,user,1,takut (pujian?),1.0
user_d2efab8c7352,user,1,niat menonton,1.0
user_d2f203b7c727,user,7,lain,1.0
user_d2f776b6b367,user,1,lain,1.0
user_d300912ca35e,user,3,niat menonton,1.0
user_d303b969ceb8,user,8,lain,1.0
user_d3048a5e0ca5,user,4,lain,1.0
user_d307ff9c65ef,user,12,lain,1.0
user_d31085f201d0,user,13,lain,1.0
user_d314a4f8f37b,user,6,lain,1.0
user_d3194aafc394,user,3,lain,1.0
user_d320ed594494,user,5,niat menonton,1.0
user_d33b170564e3,user,1,lain,1.0
user_d33f11de6462,user,1,lain,1.0
user_d3480d47bf05,user,1,lain,1.0
user_d3569970078d,user,5,lain,1.0
user_d35f0ac55a37,user,1,lain,1.0
user_d37423433fbd,user,11,lain,1.0
user_d37bdfe5f26e,user,3,lain,2.0
user_d37fc3fd35ba,user,5,lain,1.0
user_d38045d890c5,user,16,lain,1.0
user_d38412345fec,user,2,lain,1.0
user_d389922ae8e9,user,1,lain,1.0
user_d3974418289f,user,2,lain,1.0
user_d39e4667b5d8,user,4,takut (pujian?),1.0
user_d3a0f25ff185,user,1,takut (pujian?),1.0
user_d3a3a43c7432,user,3,lain,1.0
user_d3a5c163109b,user,16,lain,1.0
user_d3d7847f29e3,user,6,lain,1.0
user_d3e82dd3e655,user,11,lain,1.0
user_d3e89bfdca54,user,1,lain,1.0
user_d40107cbcf1b,user,1,lain,1.0
user_d40406628468,user,12,lain,1.0
user_d40ee69cff04,user,7,lain,1.0
user_d40f1ae55131,user,8,takut (pujian?),1.0
user_d40fdd67b02f,user,3,lain,1.0
user_d4266e384c32,user,13,lain,1.0
user_d42b6dd32c29,user,1,lain,1.0
user_d4402f2889a0,user,6,lain,1.0
user_d4538dc26871,user,2,lain,1.0
user_d457b186a15c,user,5,lain,1.0
user_d4649f1719e1,user,7,lain,1.0
user_d467dc02cc12,user,2,lain,1.0
user_d46f015f0117,user,9,lain,1.0
user_d484ae81cbd5,user,8,takut (pujian?),1.0
user_d4872953414d,user,5,lain,1.0
user_d48a1240a9b0,user,5,lain,1.0
user_d4b9fce5b0b9,user,16,lain,1.0
user_d4bbb19be8c1,user,7,lain,1.0
user_d4c662f848fd,user,2,lain,1.0
user_d4db63340344,user,1,lain,1.0
user_d4df0dea89b5,user,2,lain,1.0
user_d4df6956ed10,user,1,lain,1.0
user_d4e8545787e2,user,2,lain,1.0
user_d4f74526a30a,user,8,takut (pujian?),1.0
user_d50ca4b63b86,user,1,lain,1.0
user_d519783e8b5d,user,1,lain,1.0
user_d51adb4a2b74,user,2,lain,1.0
user_d523908a8052,user,10,lain,2.0
user_d523d4f0704b,user,1,takut (pujian?),1.0
user_d53e5537cdd5,user,17,lain,2.0
user_d54845d4c63d,user,2,takut (pujian?),1.0
user_d553832d4fe2,user,2,lain,1.0
user_d55429947366,user,3,lain,1.0
user_d562816bd2f1,user,11,lain,1.0
user_d56e84ec9042,user,1,lain,1.0
user_d571ae693d04,user,1,lain,1.0
user_d574697be301,user,15,niat menonton,1.0
user_d57fe4da2056,user,1,lain,1.0
user_d586e67422c3,user,9,lain,2.0
user_d58f16b31c88,user,1,takut (pujian?),1.0
user_d59d1519f855,user,1,takut (pujian?),1.0
user_d59e8ddc79f2,user,1,lain,1.0
user_d5d301d8facc,user,15,takut (pujian?),1.0
user_d5d37e363b6f,user,1,niat menonton,1.0
user_d5d7234aa5eb,user,9,lain,1.0
user_d5df6cecdff6,user,1,takut (pujian?),1.0
user_d5e1e4b91534,user,8,lain,1.0
user_d5e709b3210e,user,1,lain,1.0
user_d600e0620ff2,user,14,lain,3.0
user_d607b38a83bb,user,3,lain,1.0
user_d60adf976432,user,5,lain,1.0
user_d60e6aabef3f,user,1,lain,1.0
user_d618dbff7270,user,1,lain,1.0
user_d619ea109279,user,17,lain,1.0
user_d62343a062fa,user,1,lain,1.0
user_d634564b5af2,user,6,lain,1.0
user_d6392ad4e7f1,user,13,lain,3.0
user_d63ccef408ec,user,2,niat menonton,1.0
user_d63df18d6696,user,1,takut (pujian?),1.0
user_d63e4d594bed,user,16,lain,1.0
user_d642c802bd6f,user,1,lain,1.0
user_d664528bc132,user,13,lain,1.0
user_d66ac9f09d47,user,4,lain,1.0
user_d6740277bb73,user,6,lain,1.0
user_d675fb4ab824,user,7,takut (pujian?),1.0
user_d67dda41bb95,user,14,lain,1.0
user_d68246522930,user,13,lain,1.0
user_d68b94e40e06,user,1,takut (pujian?),1.0
user_d6ad6bfe9243,user,4,lain,1.0
user_d6cc21ebceaf,user,10,takut (pujian?),1.0
user_d6cf02965493,user,1,lain,1.0
user_d6cf1b932c6d,user,8,lain,1.0
user_d6d37a7b7cb5,user,1,lain,1.0
user_d6db7305473c,user,1,lain,1.0
user_d6de53c5549d,user,1,lain,1.0
user_d6ef22e72f8f,user,1,lain,1.0
user_d6f07d69fe5f,user,14,lain,1.0
user_d6fdaafe70dd,user,1,niat menonton,1.0
user_d6fdc7aaf2a0,user,1,takut (pujian?),1.0
user_d702647653fc,user,7,lain,1.0
user_d7048b44b330,user,16,lain,1.0
user_d70d5e7eb824,user,5,lain,1.0
user_d71616ec3c72,user,9,lain,1.0
user_d7280dca5bd2,user,8,takut (pujian?),1.0
user_d72fc5418994,user,1,takut (pujian?),1.0
user_d7300ea21720,user,7,lain,1.0
user_d736bb4f16fb,user,7,lain,1.0
user_d737820437b9,user,3,lain,1.0
user_d73cef9a2d02,user,2,lain,1.0
user_d746bf4c578c,user,3,takut (pujian?),1.0
user_d74bb3c16bae,user,8,lain,1.0
user_d74e5b03153a,user,1,takut (pujian?),1.0
user_d76080ce024e,user,17,lain,1.0
user_d76af621a9ce,user,1,niat menonton,1.0
user_d76d366440de,user,11,lain,1.0
user_d773759a02b4,user,8,lain,1.0
user_d77d891f524d,user,12,lain,1.0
user_d7821e397b52,user,8,lain,1.0
user_d78d5263c63d,user,8,lain,1.0
user_d78fe978e69b,user,1,lain,1.0
user_d795e13d801e,user,3,takut (pujian?),1.0
user_d799824f20c5,user,6,lain,1.0
user_d79cb3a83891,user,7,lain,1.0
user_d79d1c2c65d6,user,7,takut (pujian?),1.0
user_d79de2f280fb,user,1,lain,1.0
user_d7a3db56cfef,user,7,lain,1.0
user_d7bff67df603,user,4,lain,1.0
user_d7c10e7ff596,user,5,lain,1.0
user_d7c2eb80511b,user,4,lain,1.0
user_d7c43590e614,user,16,takut (pujian?),1.0
user_d7c6c4f5f04a,user,1,lain,1.0
user_d7c7f7a24249,user,5,lain,1.0
user_d7ced14665b0,user,2,lain,1.0
user_d7d7e1127192,user,1,lain,1.0
user_d7db58dd3528,user,5,lain,1.0
user_d7e2775df0ac,user,1,niat menonton,1.0
user_d7eb26b719ca,user,12,takut (pujian?),1.0
user_d7fb4181f2cf,user,3,lain,1.0
user_d7fc8e716b56,user,8,lain,1.0
user_d80cb7883a43,user,8,lain,1.0
user_d81b39ecf2e2,user,5,lain,1.0
user_d8220089f133,user,18,lain,1.0
user_d8544580fdb4,user,13,lain,1.0
user_d863ef6828cf,user,5,takut (pujian?),1.0
user_d868f57781e0,user,12,takut (pujian?),1.0
user_d871c8ba5c0d,user,5,lain,1.0
user_d873ef0752eb,user,7,takut (pujian?),1.0
user_d88173c5328b,user,8,takut (pujian?),1.0
user_d88d0282297f,user,5,lain,1.0
user_d88eb5556c7c,user,9,lain,1.0
user_d8ae21f2d8a7,user,12,lain,1.0
user_d8b1de607226,user,1,lain,1.0
user_d8b2db32afde,user,3,lain,1.0
user_d8b62214b6e4,user,1,takut (pujian?),1.0
user_d8bb9e6880ab,user,4,lain,1.0
user_d8be1d2553f6,user,1,lain,1.0
user_d8c6fd863e0c,user,4,niat menonton,1.0
user_d8cd804797f5,user,8,lain,1.0
user_d8cf87195c8c,user,6,lain,1.0
user_d8d3e5c66140,user,4,lain,1.0
user_d8d516f124ae,user,1,lain,1.0
user_d8de7524c244,user,7,lain,1.0
user_d8f334908307,user,2,lain,1.0
user_d902177e6ab4,user,2,lain,1.0
user_d92067a973e8,user,13,lain,1.0
user_d927699fd647,user,3,lain,1.0
user_d92bcbe8ea40,user,9,lain,1.0
user_d932cdb471ff,user,7,lain,1.0
user_d93ac89ba2c1,user,3,lain,1.0
user_d93b397d4276,user,2,takut (pujian?),1.0
user_d93b4f5ba3a4,user,9,lain,1.0
user_d93fc21d993b,user,1,takut (pujian?),1.0
user_d94bf1ac28f9,user,2,lain,1.0
user_d94f679aa73c,user,1,lain,1.0
user_d9530de3ea17,user,3,lain,1.0
user_d95b145ff239,user,1,takut (pujian?),1.0
user_d962fcf432c1,user,7,lain,1.0
user_d967bb15a36c,user,2,lain,1.0
user_d96a2e60ecbe,user,2,lain,1.0
user_d96e3dd9145a,user,14,niat menonton,1.0
user_d9736c6343a7,user,5,lain,1.0
user_d974986e1863,user,11,lain,1.0
user_d979bb340afd,user,1,takut (pujian?),1.0
user_d97e1cbca786,user,13,lain,1.0
user_d987b6a0a402,user,3,lain,1.0
user_d997c951b62d,user,5,niat menonton,2.0
user_d998583a3215,user,2,niat menonton,1.0
user_d99c1ef53471,user,15,lain,1.0
user_d99e4986f0e3,user,11,lain,1.0
user_d9a359131fe1,user,2,lain,1.0
user_d9a7ef4a9cc3,user,10,lain,1.0
user_d9bdeca192b9,user,2,lain,1.0
user_d9c7f85bd984,user,3,lain,1.0
user_d9cb887f0383,user,6,takut (pujian?),1.0
user_d9cf551b98bb,user,4,lain,1.0
user_d9d0bbb75f91,user,3,lain,1.0
user_d9d6a6aa6cd3,user,1,lain,2.0
user_d9d81c7a5a05,user,4,lain,1.0
user_d9edfb227551,user,3,takut (pujian?),1.0
user_d9ee39f8934a,user,7,lain,1.0
user_d9ef10b1445b,user,15,lain,1.0
user_d9f0f448daf3,user,7,lain,1.0
user_d9f760f69d9f,user,9,lain,1.0
user_d9f7eb1e6aaf,user,12,lain,1.0
user_d9ffb26d15b3,user,6,lain,1.0
user_da0366b52b50,user,11,lain,1.0
user_da0ea2edd357,user,8,lain,1.0
user_da1cad949137,user,3,lain,1.0
user_da37e11c2fa5,user,1,takut (pujian?),1.0
user_da3aa484799a,user,8,lain,1.0
user_da3f7f0f67b0,user,14,lain,1.0
user_da496a5f7b13,user,13,lain,1.0
user_da5429066aa8,user,8,lain,1.0
user_da5c28c01d8e,user,8,takut (pujian?),1.0
user_da719413c83e,user,2,lain,2.0
user_da8af77273a4,user,8,lain,1.0
user_daab7c4409b8,user,17,lain,2.0
user_dabda2797cc6,user,1,lain,1.0
user_dad596d92f9f,user,9,lain,1.0
user_dadf534e58a0,user,2,lain,1.0
user_daf7a62ae97a,user,2,lain,1.0
user_daff360151f5,user,10,takut (pujian?),1.0
user_db0f162e234a,user,5,lain,1.0
user_db12fa43d1a6,user,2,lain,1.0
user_db1850d58dca,user,10,lain,1.0
user_db2d7ac25624,user,12,takut (pujian?),1.0
user_db3aaaba71ec,user,1,takut (pujian?),1.0
user_db3d446fcbd5,user,1,lain,1.0
user_db44fa3d9639,user,1,lain,1.0
user_db65a6340993,user,17,lain,1.0
user_db670d764b96,user,5,lain,1.0
user_db6bc9cb0047,user,1,niat menonton,1.0
user_db6d8ee2da57,user,1,niat menonton,1.0
user_db6ffab5528e,user,9,lain,1.0
user_db7fc6890883,user,4,lain,1.0
user_db82dd4c5efd,user,3,lain,1.0
user_db8332293f7b,user,2,lain,1.0
user_db8526bca7b3,user,1,lain,1.0
user_db8eb7760021,user,3,niat menonton,1.0
user_db9b8ab171cf,user,5,lain,1.0
user_dba0dd379d69,user,10,lain,1.0
user_dba70457db35,user,4,lain,1.0
user_dbae364d24c9,user,1,lain,1.0
user_dbb87df7b23a,user,3,lain,1.0
user_dbca77829f50,user,14,lain,1.0
user_dbe1e1cdd61f,user,15,lain,1.0
user_dbe6b4a59169,user,6,lain,1.0
user_dbf7e351b178,user,2,niat menonton,2.0
user_dbf989934886,user,5,lain,1.0
user_dbfe820c0279,user,11,lain,1.0
user_dc0336fde60c,user,10,lain,1.0
user_dc060f67c4c2,user,10,lain,1.0
user_dc0726529164,user,1,niat menonton,3.0
user_dc0ee3e1dbb8,user,6,lain,1.0
user_dc108d7587fd,user,3,takut (pujian?),1.0
user_dc1382ba5de9,user,8,lain,1.0
user_dc1626e07144,user,7,lain,1.0
user_dc2fa766dae1,user,10,lain,2.0
user_dc30398862bb,user,4,niat menonton,1.0
user_dc3494a80bc0,user,5,lain,1.0
user_dc44ea2a7782,user,10,takut (pujian?),1.0
user_dc480ce80e93,user,5,lain,1.0
user_dc5e1b8ef9ee,user,3,lain,1.0
user_dc61f3b6d632,user,1,lain,1.0
user_dc720f18bef5,user,1,lain,1.0
user_dc805bbca44d,user,5,lain,1.0
user_dc9cba2188d7,user,7,lain,1.0
user_dc9d10c812f5,user,2,lain,1.0
user_dca873533339,user,16,lain,1.0
user_dcaa583ef916,user,1,lain,1.0
user_dcbba295f393,user,7,lain,1.0
user_dcc5ab63f891,user,3,lain,1.0
user_dcc5b0735fad,user,14,lain,3.0
user_dcc76109f391,user,2,lain,1.0
user_dcc9755e26ef,user,15,lain,1.0
user_dcd9b11bf7d0,user,4,lain,1.0
user_dce1713240be,user,2,lain,1.0
user_dd04d8659ef5,user,8,takut (pujian?),1.0
user_dd06601f04f7,user,11,lain,1.0
user_dd14cd564575,user,12,lain,1.0
user_dd19e76c2370,user,2,lain,1.0
user_dd220c6b2d68,user,1,niat menonton,1.0
user_dd342a318564,user,7,lain,1.0
user_dd3451188af4,user,3,takut (pujian?),1.0
user_dd3a682939d3,user,1,lain,1.0
user_dd4f31a90fff,user,2,niat menonton,1.0
user_dd50741ecd8b,user,2,lain,1.0
user_dd5209cbf53e,user,13,lain,1.0
user_dd54d8f37ae9,user,10,lain,1.0
user_dd561411411d,user,7,lain,1.0
user_dd5742ad3b60,user,10,takut (pujian?),1.0
user_dd5d717437de,user,2,lain,1.0
user_dd5fe8c9413b,user,5,lain,1.0
user_dd62087a93f1,user,3,lain,1.0
user_dd622220e833,user,6,lain,1.0
user_dd690aa72a44,user,2,lain,1.0
user_dd72825c9bd4,user,1,lain,1.0
user_dd8e2e51ffad,user,12,takut (pujian?),1.0
user_dd9019f76b01,user,6,niat menonton,1.0
user_dd9a1b416d7a,user,3,lain,1.0
user_ddc49a2a1ad3,user,2,lain,1.0
user_ddda2211d716,user,4,niat menonton,1.0
user_dddd8da1e724,user,5,niat menonton,2.0
user_ddde94befb74,user,16,lain,1.0
user_dde03643c24c,user,17,lain,1.0
user_dde22a0800f2,user,4,lain,1.0
user_ddf17d80569d,user,11,lain,1.0
user_ddf3f85abbca,user,1,lain,1.0
user_ddf3fcd6dd2f,user,4,lain,1.0
user_de055eeddf24,user,1,lain,1.0
user_de0793a6833c,user,3,lain,1.0
user_de083e314d34,user,1,lain,1.0
user_de0f8e15ed2a,user,4,lain,1.0
user_de22df1e4a6f,user,5,lain,1.0
user_de250b2257d0,user,18,lain,1.0
user_de2d49fdd64c,user,6,lain,1.0
user_de2f9fba7b20,user,5,lain,1.0
user_de39717d5014,user,5,lain,1.0
user_de40fbfb0efc,user,8,takut (pujian?),1.0
user_de41b0cac315,user,1,lain,1.0
user_de49b907dd50,user,15,lain,1.0
user_de50d5da45f6,user,12,lain,1.0
user_de55d7193f54,user,4,takut (pujian?),1.0
user_de5f1c44afac,user,3,lain,1.0
user_de6975fcda39,user,1,lain,1.0
user_de6e12022a9b,user,7,takut (pujian?),1.0
user_de6fc9f71c1c,user,17,takut (pujian?),1.0
user_de745c544c98,user,8,takut (pujian?),2.0
user_de7ac7d95295,user,9,lain,2.0
user_de89caa59e87,user,3,niat menonton,1.0
user_de902958fd97,user,7,lain,2.0
user_de962f6e9745,user,18,lain,1.0
user_de99295e4bd4,user,9,lain,1.0
user_dea297b60f0e,user,15,lain,4.0
user_deb35f2f69cd,user,5,lain,1.0
user_deb41554e84c,user,2,lain,1.0
user_debd0658ff88,user,13,takut (pujian?),1.0
user_debe4a13b2e6,user,6,lain,1.0
user_debea05e6c88,user,2,lain,1.0
user_dec3a3f6d7c5,user,1,lain,1.0
user_deced8b1eb85,user,12,lain,1.0
user_deee97078d6b,user,2,lain,1.0
user_def72da82c5d,user,12,lain,1.0
user_defda810f6b1,user,4,lain,1.0
user_defe4f4fbacf,user,5,lain,1.0
user_df2676b7ee50,user,11,lain,1.0
user_df346126512c,user,3,lain,1.0
user_df44855c8bf5,user,1,lain,1.0
user_df8006356937,user,6,lain,1.0
user_df82e0f304a9,user,5,lain,1.0
user_df8693314110,user,4,lain,1.0
user_df878ef71ea1,user,7,lain,1.0
user_df87b63bdb74,user,11,lain,1.0
user_df8a3f6376b2,user,9,lain,1.0
user_df8ef2cf5885,user,1,takut (pujian?),1.0
user_df95a820001d,user,7,lain,1.0
user_df985bf8b8b9,user,16,lain,1.0
user_dfa1b3b4c224,user,2,lain,1.0
user_dfa3ce6edfc0,user,1,lain,1.0
user_dfb6810e5bf1,user,15,lain,1.0
user_dfb795267d06,user,9,lain,1.0
user_dfbaf1abbcf2,user,12,takut (pujian?),1.0
user_dfcc355b9fab,user,2,lain,1.0
user_dfcc997fe8ad,user,16,lain,1.0
user_dfd18280af64,user,11,lain,1.0
user_dfeef14e5d8b,user,11,niat menonton,1.0
user_e018adeedc34,user,2,lain,1.0
user_e01e1d6defe7,user,1,lain,2.0
user_e020973ab6c1,user,6,lain,1.0
user_e021498e148c,user,3,niat menonton,1.0
user_e0304a03fe14,user,15,lain,1.0
user_e03973ec86fd,user,9,lain,1.0
user_e0594e6e7756,user,7,lain,1.0
user_e06bf01fbce7,user,8,niat menonton,3.0
user_e070725653c0,user,10,lain,3.0
user_e0764fd4b8df,user,1,lain,1.0
user_e07ea3876d78,user,13,lain,1.0
user_e08896449560,user,1,lain,1.0
user_e08eca576df7,user,1,lain,1.0
user_e0a1cea4009d,user,8,lain,1.0
user_e0b6fada1181,user,2,lain,1.0
user_e0b8faf1dece,user,5,lain,1.0
user_e0bcab51505c,user,4,niat menonton,1.0
user_e0cd891c6de4,user,1,lain,1.0
user_e0d720794fba,user,11,lain,1.0
user_e0e3ea6f325d,user,5,lain,1.0
user_e0e6e5c30876,user,1,lain,2.0
user_e0ff0b71a965,user,12,lain,1.0
user_e10710c2bf31,user,17,takut (pujian?),1.0
user_e1185afb5c89,user,11,lain,1.0
user_e118cf94e325,user,5,lain,2.0
user_e1333e8a65f1,user,5,lain,1.0
user_e137bc33fc92,user,1,lain,1.0
user_e1420f5994b8,user,11,niat menonton,1.0
user_e15afb13e7a1,user,10,lain,2.0
user_e161d1369fb0,user,1,lain,2.0
user_e16422c1b37d,user,7,niat menonton,1.0
user_e17ea7763638,user,2,lain,1.0
user_e187971fa437,user,1,takut (pujian?),1.0
user_e1943fb98b80,user,7,takut (pujian?),1.0
user_e197ec90798a,user,2,takut (pujian?),1.0
user_e1a23f3f29ee,user,17,niat menonton,7.0
user_e1ab5e89c740,user,1,lain,1.0
user_e1ac51a718c2,user,16,takut (pujian?),1.0
user_e1b2a259b8b3,user,12,takut (pujian?),1.0
user_e1b5a200ee79,user,8,takut (pujian?),1.0
user_e1becd93bc40,user,10,lain,1.0
user_e1c1b935d9e9,user,13,takut (pujian?),1.0
user_e1c23a40046c,user,8,lain,1.0
user_e1c54933d5ee,user,2,lain,1.0
user_e1d38d5bdab8,user,12,lain,1.0
user_e1f1f17f2ed0,user,6,lain,1.0
user_e1fd446a3015,user,11,lain,1.0
user_e200d9880039,user,8,lain,1.0
user_e202e1dfe557,user,2,lain,1.0
user_e209cf72c190,user,3,lain,1.0
user_e212765a61b1,user,2,niat menonton,1.0
user_e2190c0fbdf8,user,2,lain,1.0
user_e21b56f7d0ff,user,10,lain,1.0
user_e2245374e527,user,8,lain,1.0
user_e2281a771519,user,1,lain,1.0
user_e22e5f6943f1,user,5,lain,1.0
user_e2320d824d47,user,3,lain,2.0
user_e237dc9e61ef,user,14,lain,1.0
user_e25d92f87bc9,user,7,lain,1.0
user_e25f67aabd91,user,1,niat menonton,1.0
user_e28319a77fc1,user,8,niat menonton,1.0
user_e2864929c551,user,7,takut (pujian?),1.0
user_e287217aff0c,user,9,takut (pujian?),1.0
user_e28a55f9263c,user,6,lain,1.0
user_e28f35b177f3,user,2,lain,1.0
user_e29398dda887,user,2,lain,1.0
user_e296822bbe9c,user,5,lain,1.0
user_e2ba43ca511a,user,1,lain,1.0
user_e2be1dac1b9f,user,9,lain,2.0
user_e2c283223cd8,user,2,lain,1.0
user_e2c60038310c,user,2,takut (pujian?),1.0
user_e2c7c122953c,user,12,lain,1.0
user_e2d2bce832df,user,4,lain,1.0
user_e2e3909936b7,user,2,lain,1.0
user_e2e6f7ca37ec,user,10,lain,1.0
user_e2f0e940aedb,user,11,lain,1.0
user_e2f3803a53a5,user,2,lain,1.0
user_e2f580e20243,user,3,lain,1.0
user_e3024fa10a51,user,4,takut (pujian?),1.0
user_e30b742ddc30,user,1,lain,1.0
user_e315cfbc7d47,user,2,lain,1.0
user_e315d8f2f27f,user,11,lain,1.0
user_e31b35317200,user,9,lain,1.0
user_e32976274962,user,10,lain,1.0
user_e332a5e637d3,user,14,lain,1.0
user_e347e496802b,user,6,takut (pujian?),1.0
user_e35c8ddaae2d,user,16,lain,1.0
user_e365c17589df,user,10,lain,1.0
user_e36a50b0d247,user,4,niat menonton,1.0
user_e36b9cd215bc,user,2,lain,1.0
user_e3726c613829,user,3,lain,1.0
user_e37599ce760d,user,14,lain,1.0
user_e376442b417a,user,7,lain,1.0
user_e38463dae0a3,user,8,lain,1.0
user_e397c403ba91,user,4,takut (pujian?),1.0
user_e3a3a62f3b92,user,5,lain,1.0
user_e3a3fec1764d,user,1,lain,1.0
user_e3c2810c54d2,user,13,lain,1.0
user_e3c33ae18f6e,user,8,takut (pujian?),1.0
user_e3d36fa616db,user,2,niat menonton,1.0
user_e3d71071b54a,user,12,lain,1.0
user_e3da98e9be47,user,8,lain,1.0
user_e3dfe7626b3c,user,5,lain,1.0
user_e40d6345f803,user,2,lain,1.0
user_e41d930ab0ee,user,5,lain,1.0
user_e420c19f986f,user,8,lain,1.0
user_e433d95aaec8,user,12,lain,1.0
user_e4343bee61c7,user,1,niat menonton,1.0
user_e4379e4aeeae,user,10,lain,1.0
user_e44d50e1e486,user,7,lain,1.0
user_e45713cb5dc0,user,7,lain,1.0
user_e45d9a0a2935,user,11,lain,1.0
user_e45e9857fd3a,user,7,lain,1.0
user_e46374319f5a,user,2,lain,1.0
user_e471d9bb154d,user,5,lain,1.0
user_e4861ca4ccc0,user,7,lain,1.0
user_e488d5b08ce4,user,8,lain,2.0
user_e494a29a0a09,user,6,lain,1.0
user_e49959633c3f,user,11,lain,1.0
user_e49a5e09aabc,user,3,lain,1.0
user_e49dc815ad76,user,7,lain,1.0
user_e4a24a99865e,user,4,lain,1.0
user_e4b0bc68e509,user,10,lain,1.0
user_e4b8e7aae4cc,user,2,lain,1.0
user_e4bf760d8b89,user,10,lain,1.0
user_e4ca86e65d78,user,1,niat menonton,1.0
user_e4ce72fa00c2,user,15,lain,2.0
user_e4d28c12893b,user,5,lain,1.0
user_e4d66ef1c177,user,1,lain,1.0
user_e4dfd943530c,user,7,lain,1.0
user_e4eae322223c,user,11,lain,1.0
user_e509534437a9,user,10,lain,1.0
user_e50e0af7cba0,user,6,lain,1.0
user_e518bb7378b7,user,1,niat menonton,1.0
user_e51a5c7081ed,user,7,lain,1.0
user_e51b13b29052,user,8,lain,1.0
user_e52c87f6da81,user,10,lain,1.0
user_e5317a14a6ca,user,2,lain,1.0
user_e53e014c40f9,user,15,lain,1.0
user_e55fe37ee7ae,user,13,lain,1.0
user_e564cdfed56b,user,1,niat menonton,1.0
user_e574feca4fb7,user,17,lain,1.0
user_e57e07089e4b,user,4,lain,1.0
user_e5838e2a2b8a,user,8,lain,1.0
user_e589bde4d745,user,4,lain,1.0
user_e58eaef3e541,user,12,lain,1.0
user_e595e3749970,user,2,lain,1.0
user_e59859ea800e,user,9,niat menonton,1.0
user_e5cb65388fc1,user,2,niat menonton,1.0
user_e5d217edfb37,user,3,takut (pujian?),1.0
user_e6049f9cdc4c,user,1,niat menonton,1.0
user_e60ae993f6ba,user,1,lain,1.0
user_e60cae344e6e,user,1,lain,1.0
user_e62d896997e2,user,2,niat menonton,1.0
user_e631d02eec99,user,5,lain,1.0
user_e63ae913e233,user,4,lain,1.0
user_e64dce0ee03e,user,8,lain,1.0
user_e653bdeb76ac,user,10,lain,1.0
user_e6545c0321e2,user,15,lain,1.0
user_e661b10ecb7d,user,15,lain,2.0
user_e6636e17f4b4,user,7,lain,1.0
user_e66c5b101cbd,user,6,lain,1.0
user_e676679acac7,user,5,lain,1.0
user_e682321bd9df,user,5,lain,1.0
user_e689c56d5cf9,user,8,lain,1.0
user_e6aa7e31b5a4,user,14,lain,1.0
user_e6ac2aadfefa,user,10,lain,1.0
user_e6aeb2b1d89d,user,12,lain,1.0
user_e6b79a6e3782,user,5,lain,1.0
user_e6bb8590e79c,user,5,lain,1.0
user_e6bc158e5f47,user,15,lain,1.0
user_e6d388e6cbaa,user,2,lain,1.0
user_e6d5e2405597,user,1,lain,1.0
user_e6d95dd790f8,user,1,niat menonton,2.0
user_e6da66e0ebfc,user,7,lain,1.0
user_e6dc82d0894c,user,1,takut (pujian?),1.0
user_e6e46b596165,user,1,niat menonton,1.0
user_e6eabaebdbf3,user,1,lain,1.0
user_e6ec3d530be4,user,1,lain,1.0
user_e6fed7462a6f,user,12,lain,1.0
user_e703ff4d2461,user,5,lain,1.0
user_e70e6dd8acca,user,14,lain,2.0
user_e719ea1dd441,user,9,takut (pujian?),1.0
user_e74087b9477f,user,9,lain,1.0
user_e7584eeb7aa5,user,5,lain,1.0
user_e7675341d928,user,11,lain,3.0
user_e76cde198333,user,2,lain,1.0
user_e76d3fe25b00,user,1,lain,1.0
user_e77479cc5780,user,2,lain,1.0
user_e788e00fe1a3,user,2,takut (pujian?),1.0
user_e78ec5855842,user,1,lain,1.0
user_e793b9844ef7,user,4,lain,1.0
user_e7984b203b19,user,5,lain,1.0
user_e79f49918d37,user,7,takut (pujian?),1.0
user_e7a50d8c0f50,user,4,lain,1.0
user_e7a94b9fd717,user,1,niat menonton,1.0
user_e7abb993765e,user,11,lain,1.0
user_e7c4967d6b11,user,8,takut (pujian?),1.0
user_e7c527c8d3fe,user,1,lain,1.0
user_e7c5f5438fba,user,7,lain,1.0
user_e7cc0173d8e9,user,1,niat menonton,1.0
user_e7d2a8070da1,user,11,lain,1.0
user_e7ec4b15a0ba,user,2,lain,1.0
user_e7ed7b361696,user,6,lain,1.0
user_e7fdbd2cea3a,user,1,niat menonton,1.0
user_e80f9625a6cd,user,3,takut (pujian?),1.0
user_e81240b66970,user,7,lain,1.0
user_e817e16b4a1a,user,11,lain,1.0
user_e8477aefceae,user,6,lain,1.0
user_e851c60568dc,user,13,lain,1.0
user_e859c9617350,user,1,lain,3.0
user_e85beb7b5315,user,9,lain,1.0
user_e870d8c07982,user,7,takut (pujian?),1.0
user_e8729305bac6,user,1,lain,1.0
user_e87f0a5334b9,user,12,lain,1.0
user_e881fb5291b7,user,15,lain,1.0
user_e882a12d1530,user,10,lain,1.0
user_e882cbc99888,user,3,lain,2.0
user_e8890e461e9a,user,9,lain,1.0
user_e88dd50537db,user,5,lain,1.0
user_e8aca8a2623a,user,2,lain,1.0
user_e8af6dd688d1,user,11,lain,1.0
user_e8bf8e1413d8,user,10,lain,1.0
user_e8c5a80e8440,user,1,lain,1.0
user_e8c663155d8a,user,15,lain,1.0
user_e8d3772a319a,user,7,lain,2.0
user_e8d9000e4025,user,3,lain,1.0
user_e8daf5dbabcc,user,8,takut (pujian?),1.0
user_e8e51d6cb5e7,user,8,lain,1.0
user_e8ec0e911148,user,8,lain,1.0
user_e8eedb497835,user,14,lain,1.0
user_e9013bf9b820,user,7,takut (pujian?),1.0
user_e908ef36483d,user,14,lain,1.0
user_e90b25004823,user,5,niat menonton,1.0
user_e91d66d73e37,user,15,lain,1.0
user_e93197bef3f8,user,10,lain,1.0
user_e934a2c45e37,user,1,takut (pujian?),1.0
user_e94205d6df39,user,10,lain,1.0
user_e952b0a04ad7,user,7,lain,1.0
user_e956267fa81e,user,9,lain,2.0
user_e97489a1d797,user,4,lain,1.0
user_e9891fd1d19e,user,9,lain,1.0
user_e99074784be0,user,4,lain,1.0
user_e9992f2a72f7,user,4,lain,1.0
user_e999420fc3b2,user,17,lain,1.0
user_e9a9a1d6b30a,user,1,lain,1.0
user_e9ad57d449be,user,5,lain,1.0
user_e9ba6e7e1729,user,7,lain,2.0
user_e9bc2f4f4d83,user,11,lain,1.0
user_e9c599dda967,user,10,lain,1.0
user_e9cac1871a72,user,2,lain,1.0
user_e9cbd64bd4c4,user,11,lain,1.0
user_e9d8d4112f4b,user,3,lain,1.0
user_e9ec8e5f1154,user,6,niat menonton,1.0
user_e9f9bd5911bf,user,14,lain,1.0
user_e9fcb7c2144a,user,10,lain,1.0
user_e9fd17f1061a,user,9,lain,1.0
user_ea02afe877c9,user,9,niat menonton,1.0
user_ea0c50b16349,user,7,lain,1.0
user_ea15bcdc4654,user,3,lain,1.0
user_ea17980aa789,user,15,lain,1.0
user_ea3fc67483bf,user,9,lain,1.0
user_ea5042e5b89e,user,3,lain,1.0
user_ea5535048605,user,7,lain,1.0
user_ea5ff349bacc,user,5,takut (pujian?),1.0
user_ea659d9e8b88,user,9,lain,1.0
user_ea65a30a8f66,user,6,niat menonton,1.0
user_ea683e8cd813,user,15,lain,1.0
user_ea972ed1057b,user,17,takut (pujian?),1.0
user_ea9b26127ac9,user,10,lain,1.0
user_ea9ce567b1eb,user,14,lain,1.0
user_eaa15db4b11e,user,14,niat menonton,2.0
user_eaa6357dc489,user,8,niat menonton,1.0
user_eaab6e02cb48,user,8,lain,1.0
user_eaafda274347,user,1,lain,2.0
user_eab1ccb28256,user,6,takut (pujian?),1.0
user_eab4e26460f4,user,1,lain,1.0
user_eab8d85fbf78,user,5,lain,1.0
user_eabe5d9498bc,user,11,lain,1.0
user_eace761ab953,user,5,lain,1.0
user_eae234409828,user,11,lain,1.0
user_eaea85875302,user,1,lain,1.0
user_eaf1a951761b,user,1,niat menonton,1.0
user_eaf8e919ba91,user,9,takut (pujian?),1.0
user_eb076ffec693,user,2,lain,1.0
user_eb0a9bf45f81,user,14,lain,2.0
user_eb1ed929c3b5,user,14,lain,1.0
user_eb442b980e92,user,9,lain,1.0
user_eb46d987930e,user,5,lain,1.0
user_eb4cd1dc28f2,user,2,lain,1.0
user_eb5205b3cb78,user,6,lain,1.0
user_eb6346e90575,user,9,lain,1.0
user_eb72e921a596,user,1,lain,1.0
user_eb731d5af38b,user,7,takut (pujian?),1.0
user_eb8d0f0d9cc9,user,6,lain,1.0
user_eb941d9a99f1,user,14,lain,1.0
user_eb9918db85af,user,8,takut (pujian?),1.0
user_eb9b0001abd6,user,9,lain,1.0
user_ebaeba9d54fc,user,2,lain,1.0
user_ebaecf3c1249,user,6,niat menonton,1.0
user_ebb18b8467e3,user,1,lain,1.0
user_ebb3626ff51d,user,16,lain,1.0
user_ebc065e7b371,user,13,takut (pujian?),1.0
user_ebc139633c5a,user,9,lain,1.0
user_ebc2cb6a9e71,user,2,takut (pujian?),1.0
user_ebcdf497a02f,user,7,lain,1.0
user_ebd0f96f9a44,user,16,niat menonton,1.0
user_ebdf5a32ee08,user,5,lain,1.0
user_ebe2c57fdc91,user,6,lain,1.0
user_ebec4f7ccdbf,user,7,lain,1.0
user_ebf173353d86,user,10,lain,1.0
user_ebf7ce08ecec,user,4,lain,1.0
user_ebfcde3e690e,user,6,niat menonton,1.0
user_ec1889c7d429,user,9,lain,1.0
user_ec193d57d81a,user,2,lain,1.0
user_ec199268542f,user,5,lain,1.0
user_ec1e8f660260,user,10,niat menonton,1.0
user_ec26f70f3a4f,user,7,lain,1.0
user_ec2c0bc15ca8,user,17,lain,1.0
user_ec30aec77738,user,2,lain,1.0
user_ec3bd4a488cc,user,1,niat menonton,1.0
user_ec42b4acf019,user,8,lain,1.0
user_ec4a058b8566,user,6,lain,1.0
user_ec5c6acf24f4,user,8,lain,1.0
user_ec5d149a242a,user,11,lain,1.0
user_ec6b3ff24b86,user,14,lain,1.0
user_ec7519c1b541,user,4,niat menonton,1.0
user_ec78b12904af,user,6,lain,1.0
user_ec7b945265cf,user,5,lain,1.0
user_ec811bbdbd5a,user,8,lain,1.0
user_ec963a0e2d4b,user,2,niat menonton,3.0
user_ec9db438679d,user,8,lain,1.0
user_eca878d7a853,user,2,lain,1.0
user_ecb9a4781444,user,5,lain,1.0
user_ecbce1fd7b02,user,13,lain,1.0
user_ecc2a8161750,user,4,takut (pujian?),1.0
user_eccee8d1a4fd,user,4,lain,1.0
user_ecdb0ba49a91,user,10,lain,1.0
user_ece9a3187707,user,15,lain,1.0
user_eced63975573,user,1,lain,1.0
user_eced9261ae0a,user,10,lain,2.0
user_ecf59e90eda8,user,1,lain,1.0
user_ed01bd06ef46,user,7,lain,1.0
user_ed10e52b36ef,user,15,lain,1.0
user_ed151ec93dd3,user,6,lain,1.0
user_ed22c76db6a3,user,14,lain,1.0
user_ed23e1a41b1a,user,14,lain,1.0
user_ed2b0b8e80bd,user,10,lain,1.0
user_ed2d8ce02546,user,4,lain,1.0
user_ed351b844e23,user,1,lain,1.0
user_ed3fca0c062a,user,4,niat menonton,1.0
user_ed514c56c1a4,user,9,lain,1.0
user_ed5325c8a08c,user,4,lain,1.0
user_ed6964d04fa4,user,9,lain,1.0
user_ed7872a7b5d4,user,1,lain,1.0
user_ed858a1ec29e,user,1,lain,1.0
user_ed8d511d6f85,user,4,lain,2.0
user_ed8daf246642,user,11,lain,1.0
user_ed9bd0f5cb79,user,1,niat menonton,1.0
user_ed9f06da1e3c,user,2,takut (pujian?),1.0
user_eda5c050b893,user,4,lain,1.0
user_edad7c19b10b,user,9,lain,1.0
user_edce21128fc7,user,1,lain,1.0
user_ede2fbfcf947,user,1,lain,1.0
user_ede340de5efb,user,8,lain,1.0
user_edeb9f2bc5dd,user,4,lain,1.0
user_edef5b367bf5,user,1,lain,1.0
user_edf9ae2bab6d,user,9,lain,1.0
user_ee0226815375,user,2,lain,1.0
user_ee1ba65da4c3,user,15,lain,1.0
user_ee1eb3dc51e9,user,3,takut (pujian?),1.0
user_ee21f25f0e8a,user,10,niat menonton,1.0
user_ee2e7044886b,user,2,takut (pujian?),1.0
user_ee39d1b1fff0,user,3,niat menonton,1.0
user_ee569c79da44,user,6,takut (pujian?),1.0
user_ee56cce354b0,user,6,niat menonton,1.0
user_ee5ec48933ea,user,9,lain,1.0
user_ee63f3545848,user,2,lain,1.0
user_ee72f7a31aaf,user,12,lain,1.0
user_ee77520c4b47,user,11,lain,1.0
user_ee824c92c36e,user,4,lain,1.0
user_ee93811d2045,user,9,takut (pujian?),1.0
user_ee965f8ebfdc,user,8,lain,1.0
user_eea0a2d228da,user,7,lain,1.0
user_eea47aec8250,user,3,takut (pujian?),1.0
user_eea9ee33d4da,user,9,lain,1.0
user_eeae6d25d091,user,1,lain,1.0
user_eebc4399baa4,user,1,lain,1.0
user_eebdba4d192e,user,9,lain,1.0
user_eebf616e22b3,user,12,lain,1.0
user_eec299850129,user,3,lain,1.0
user_eec7921efefb,user,7,takut (pujian?),1.0
user_eed100f8172d,user,2,lain,1.0
user_eededafabb20,user,10,lain,1.0
user_eeec22439ac5,user,1,lain,1.0
user_eeec5fc74a97,user,13,lain,1.0
user_eef23aa270d7,user,12,lain,1.0
user_ef0cdbe76076,user,6,lain,1.0
user_ef1e939642df,user,13,lain,1.0
user_ef292a1bed8a,user,11,lain,1.0
user_ef35062894fc,user,4,lain,1.0
user_ef350d76b4e3,user,2,lain,1.0
user_ef38efafea99,user,18,lain,1.0
user_ef3dae49d254,user,14,lain,3.0
user_ef435bb1189d,user,16,lain,1.0
user_ef522da0d1fd,user,2,lain,1.0
user_ef70e860efed,user,9,niat menonton,1.0
user_ef8650955590,user,1,lain,1.0
user_ef86d1cab46c,user,10,takut (pujian?),1.0
user_ef8c14596359,user,1,lain,1.0
user_ef97d624de42,user,9,niat menonton,1.0
user_efa4cae6f1c1,user,3,lain,1.0
user_efa736bb8e5e,user,15,lain,1.0
user_efac09c362e4,user,3,niat menonton,1.0
user_efbaf6bbfc15,user,4,lain,1.0
user_efc4f2d7f1fc,user,16,lain,1.0
user_efcc37e2f262,user,4,lain,1.0
user_efd0d087af42,user,7,takut (pujian?),1.0
user_efdb1e5c44c1,user,6,lain,1.0
user_efe908ac3722,user,8,lain,1.0
user_efe9995c86ce,user,4,lain,1.0
user_efeaa1b6b79a,user,13,lain,1.0
user_efeb96877ec3,user,1,lain,1.0
user_eff6777d62b8,user,18,lain,1.0
user_eff6d0c14484,user,2,lain,1.0
user_effa1003a832,user,1,lain,1.0
user_effb4eba8757,user,15,lain,1.0
user_f0026ae64392,user,1,lain,1.0
user_f01ab762eaa6,user,1,lain,1.0
user_f01b3c01dce5,user,2,lain,1.0
user_f0381cd19d5f,user,2,lain,1.0
user_f03c588154df,user,12,lain,1.0
user_f04d9dc5fd26,user,7,lain,1.0
user_f0652a332a9d,user,7,lain,2.0
user_f0689f272982,user,10,takut (pujian?),1.0
user_f077dffad04a,user,1,lain,1.0
user_f07a575ac41b,user,1,niat menonton,1.0
user_f07fb161edca,user,1,lain,1.0
user_f082b601933d,user,7,lain,1.0
user_f084c54701e8,user,7,lain,1.0
user_f086b9fffb0f,user,6,lain,1.0
user_f08897b8d4cd,user,2,lain,1.0
user_f08946459462,user,10,takut (pujian?),1.0
user_f09c46600161,user,12,lain,1.0
user_f09ef5c65238,user,5,lain,1.0
user_f0a503f19b31,user,16,lain,1.0
user_f0aea3e5267c,user,5,lain,1.0
user_f0b8251658fa,user,10,niat menonton,1.0
user_f0c0e3cf28a4,user,5,lain,1.0
user_f0c1e2984337,user,1,lain,1.0
user_f0c308d15255,user,4,lain,1.0
user_f0c67203be21,user,13,lain,1.0
user_f0c88992a67d,user,15,lain,1.0
user_f0de0703dba7,user,8,lain,1.0
user_f0e201508846,user,13,lain,1.0
user_f0e28bab1da3,user,14,lain,1.0
user_f0f624425124,user,8,lain,1.0
user_f0f690fea0b7,user,6,lain,1.0
user_f0fe9481245f,user,4,takut (pujian?),1.0
user_f114f4d7c9f8,user,6,takut (pujian?),1.0
user_f1267cfa3eb0,user,11,lain,1.0
user_f136f22af601,user,7,lain,1.0
user_f1414478ae5b,user,15,lain,1.0
user_f141f32bcbaa,user,8,lain,1.0
user_f14ed22c0726,user,2,lain,1.0
user_f151c3b64c1c,user,10,lain,1.0
user_f152f8398317,user,7,lain,1.0
user_f15a4e49c1e3,user,11,lain,1.0
user_f16ca51ba312,user,4,lain,1.0
user_f1728e5afac0,user,5,lain,1.0
user_f18289fba81f,user,5,lain,1.0
user_f18769b75828,user,5,lain,1.0
user_f194d442fb4b,user,14,lain,1.0
user_f1aaed0e24ce,user,5,lain,1.0
user_f1adee2fffca,user,2,lain,1.0
user_f1b456c45e13,user,10,lain,1.0
user_f1c074a795ad,user,1,lain,1.0
user_f1c308e9fb42,user,9,lain,1.0
user_f1e313c5c817,user,8,takut (pujian?),1.0
user_f1e74fabde26,user,2,lain,1.0
user_f1edc1ea8f7b,user,5,lain,1.0
user_f1ef58e12c86,user,1,takut (pujian?),1.0
user_f21177b3b42d,user,3,lain,1.0
user_f21504ba7a49,user,15,lain,1.0
user_f218b778268e,user,3,lain,1.0
user_f21d4ef4a88b,user,1,niat menonton,1.0
user_f22312e11e0d,user,10,takut (pujian?),1.0
user_f228e2a99142,user,11,lain,1.0
user_f229a3016b27,user,14,niat menonton,1.0
user_f234497a769d,user,3,lain,1.0
user_f23ba72340a7,user,5,lain,1.0
user_f23ce413d86f,user,4,lain,1.0
user_f23f5ff51d55,user,7,lain,4.0
user_f24c37921dfa,user,3,lain,1.0
user_f254a4f082d7,user,2,lain,1.0
user_f257694cc632,user,1,niat menonton,1.0
user_f25a6b66127f,user,8,lain,2.0
user_f265a418dc9b,user,1,lain,1.0
user_f26aa5785cb3,user,9,lain,1.0
user_f26ab044d01a,user,1,lain,1.0
user_f276652a12d3,user,4,lain,1.0
user_f282dc8b79fe,user,1,niat menonton,1.0
user_f288fc97ee9e,user,9,lain,5.0
user_f2897af5e189,user,8,lain,1.0
user_f28e5323506b,user,4,lain,1.0
user_f2a65615a493,user,10,lain,1.0
user_f2aa48d734ae,user,12,takut (pujian?),1.0
user_f2bda354c59c,user,1,takut (pujian?),1.0
user_f2bdced2d39b,user,15,lain,2.0
user_f2c7062e460a,user,9,lain,1.0
user_f2c834367ee6,user,1,lain,1.0
user_f2c8e6fd82ac,user,2,lain,1.0
user_f2cc1e3921a1,user,7,takut (pujian?),1.0
user_f2d57d53f6c3,user,1,lain,1.0
user_f2ddaa298b75,user,11,lain,1.0
user_f2f4bb714aa2,user,5,lain,1.0
user_f2f8e69fe4bf,user,10,lain,2.0
user_f30faacb81b9,user,1,lain,1.0
user_f31342f872b6,user,3,lain,1.0
user_f31acd542c0d,user,14,lain,1.0
user_f329e51c6609,user,7,niat menonton,1.0
user_f32e4b8b0d61,user,14,lain,1.0
user_f33c88f06bfc,user,6,niat menonton,1.0
user_f341a5b09fcb,user,4,lain,1.0
user_f345b4026c36,user,5,lain,1.0
user_f34c76b98ca0,user,1,lain,1.0
user_f34d88eff457,user,11,lain,1.0
user_f34f6f0db096,user,8,lain,1.0
user_f358d08a1b9a,user,6,lain,1.0
user_f3664ee41af7,user,14,lain,1.0
user_f36e822fa522,user,16,lain,1.0
user_f37b52754196,user,4,lain,1.0
user_f386d008be34,user,3,lain,1.0
user_f3912dca550f,user,3,lain,1.0
user_f39692dff046,user,11,lain,1.0
user_f3ab76f75830,user,8,lain,1.0
user_f3b203313ec7,user,5,niat menonton,1.0
user_f3b40b438607,user,7,takut (pujian?),1.0
user_f3baa8720b8f,user,4,lain,1.0
user_f3bdd83ad476,user,1,lain,1.0
user_f3d3cbc5fcd7,user,1,niat menonton,1.0
user_f3e52455ad64,user,7,lain,1.0
user_f3ef8d8e2260,user,2,lain,1.0
user_f3fd94e263cf,user,7,lain,1.0
user_f40315323174,user,7,lain,1.0
user_f4181913fe47,user,4,lain,1.0
user_f41df060d787,user,8,niat menonton,1.0
user_f42c4acfd429,user,17,lain,1.0
user_f435e8cdf8ac,user,1,lain,1.0
user_f43870e4f598,user,6,lain,1.0
user_f43977bd4cee,user,3,lain,1.0
user_f43be44e22d5,user,8,lain,1.0
user_f43d97ea0551,user,1,lain,2.0
user_f44a02a09ec9,user,14,lain,2.0
user_f44a7e6a5901,user,8,lain,1.0
user_f45526d345d6,user,13,lain,2.0
user_f4622e2e3d6e,user,1,lain,1.0
user_f466fd0561d2,user,11,lain,1.0
user_f4810e3169ce,user,2,lain,1.0
user_f490da5fbec3,user,1,lain,1.0
user_f4a01613ceff,user,2,lain,1.0
user_f4acc841db64,user,4,lain,1.0
user_f4b4ef95ff91,user,8,lain,1.0
user_f4e28d07d74c,user,2,lain,2.0
user_f4e5c25adb4c,user,12,lain,1.0
user_f507f35cea15,user,2,lain,1.0
user_f50943cd37e4,user,11,lain,1.0
user_f51ec0798e6d,user,2,lain,1.0
user_f534610087d3,user,13,lain,1.0
user_f537f8c87d4a,user,9,lain,1.0
user_f53ddf56ea39,user,9,takut (pujian?),1.0
user_f53e59f8ab10,user,13,lain,1.0
user_f5565331d9a4,user,2,lain,1.0
user_f562817a6d1a,user,1,lain,1.0
user_f566b83af447,user,4,lain,1.0
user_f58279b1bc79,user,1,takut (pujian?),1.0
user_f5a33801004d,user,16,lain,1.0
user_f5a98b7609cd,user,7,lain,1.0
user_f5af7ca99eba,user,5,lain,1.0
user_f5b2ef387078,user,4,lain,1.0
user_f5c3cdd60824,user,2,lain,1.0
user_f5d58d03c91b,user,1,lain,1.0
user_f5e117c1ce51,user,2,lain,1.0
user_f5e2668762d0,user,1,lain,1.0
user_f5e594d6a771,user,2,lain,1.0
user_f5e7a10cc366,user,3,niat menonton,1.0
user_f5e8dd196c37,user,1,lain,1.0
user_f5ec1260121c,user,9,lain,1.0
user_f5f3fadcf886,user,1,lain,1.0
user_f5fb812ddc50,user,13,lain,1.0
user_f5fe78186d2f,user,7,niat menonton,1.0
user_f5ff72ce6c0c,user,3,niat menonton,1.0
user_f60779cbc795,user,5,takut (pujian?),1.0
user_f6082306ff38,user,2,lain,1.0
user_f60d94bcca81,user,13,takut (pujian?),2.0
user_f60fceda20ba,user,3,lain,1.0
user_f611081f53b4,user,16,lain,1.0
user_f622c8cd1b35,user,10,lain,2.0
user_f628ecbca12b,user,16,lain,1.0
user_f62bb9fd5dee,user,15,lain,1.0
user_f62cecefb870,user,1,lain,1.0
user_f63071e1cf8a,user,1,lain,1.0
user_f63078222903,user,16,lain,1.0
user_f637f7d54504,user,10,lain,1.0
user_f650f2ebf10d,user,1,lain,1.0
user_f65d3d5ad533,user,1,lain,1.0
user_f65f35b6afdd,user,7,niat menonton,1.0
user_f6873ad51f1e,user,16,lain,1.0
user_f6893df9eb25,user,12,takut (pujian?),1.0
user_f68c525d8dff,user,4,lain,1.0
user_f69266af4724,user,13,takut (pujian?),2.0
user_f697c5351d72,user,13,lain,1.0
user_f6a1b73acf0c,user,13,lain,1.0
user_f6a1e8a9efaa,user,7,lain,1.0
user_f6a84d670bf3,user,11,lain,1.0
user_f6a9be686134,user,1,takut (pujian?),1.0
user_f6b0fe35b97b,user,10,lain,1.0
user_f6bedb79d522,user,3,lain,1.0
user_f6cca04e704e,user,10,lain,1.0
user_f6d3abf77112,user,1,takut (pujian?),1.0
user_f6e0b266823e,user,15,lain,1.0
user_f6e1d876a6d2,user,2,lain,1.0
user_f6f49816fbdd,user,5,lain,1.0
user_f6f9dbdb1806,user,5,lain,1.0
user_f6ff350d10bf,user,9,lain,1.0
user_f70072023a8c,user,2,niat menonton,2.0
user_f702a3dadc78,user,6,lain,1.0
user_f705c24c6137,user,10,lain,1.0
user_f7275a735d9a,user,1,lain,1.0
user_f72822401761,user,1,lain,1.0
user_f733b1c9cb7f,user,2,lain,1.0
user_f73d340df703,user,2,lain,1.0
user_f74bf5d92695,user,12,takut (pujian?),1.0
user_f75c6ebfa859,user,1,lain,1.0
user_f7607e262863,user,1,lain,1.0
user_f763c0211ab3,user,10,takut (pujian?),1.0
user_f76cca827142,user,17,lain,1.0
user_f76e0065ac8e,user,13,lain,1.0
user_f77ad7e3f2fa,user,4,takut (pujian?),1.0
user_f77ccfc9b42a,user,12,lain,1.0
user_f78d3a719ef2,user,6,lain,1.0
user_f794d4c2bbba,user,7,lain,1.0
user_f795b6729af6,user,2,lain,1.0
user_f799fa600f99,user,15,lain,1.0
user_f7a25fd6ab37,user,15,lain,1.0
user_f7add872d2ab,user,5,lain,1.0
user_f7b248ec43ca,user,15,lain,1.0
user_f7b6b7e8f605,user,5,lain,1.0
user_f7d0539e6641,user,15,lain,1.0
user_f7da763c6a47,user,2,lain,1.0
user_f7dc3d97d5e2,user,9,lain,1.0
user_f7ebf97912f8,user,7,lain,1.0
user_f7fb903f3184,user,11,lain,1.0
user_f7fc3076ee7a,user,2,lain,1.0
user_f8025f8df694,user,14,lain,1.0
user_f80a6b8b0c47,user,6,lain,1.0
user_f825250f17ac,user,4,takut (pujian?),1.0
user_f82a1b7e3af5,user,7,lain,1.0
user_f82c17f7a107,user,2,lain,1.0
user_f832b44ffc59,user,14,lain,1.0
user_f8341aa24a00,user,1,lain,1.0
user_f845d955dce7,user,12,lain,1.0
user_f84a6f877043,user,4,lain,1.0
user_f84bdc65c23d,user,1,takut (pujian?),1.0
user_f85041a21752,user,14,lain,1.0
user_f88261e4f052,user,4,lain,1.0
user_f888d238ce09,user,2,lain,1.0
user_f88e06fd2c95,user,4,lain,1.0
user_f89fcf15cadf,user,3,niat menonton,1.0
user_f89ff87ca1a4,user,9,lain,1.0
user_f8a33cac489d,user,16,lain,1.0
user_f8b33c915052,user,5,lain,1.0
user_f8b46fcf189a,user,1,lain,1.0
user_f8bb7ba34585,user,4,niat menonton,1.0
user_f8bbc55fb701,user,16,lain,1.0
user_f8cdcca332fe,user,1,lain,1.0
user_f8cec8973a3c,user,10,lain,2.0
user_f8d0b254a438,user,7,lain,1.0
user_f8d80229e83c,user,3,lain,1.0
user_f8dfdcf79a68,user,2,lain,1.0
user_f8fd7b60db30,user,3,lain,1.0
user_f8fd94ab9200,user,12,lain,1.0
user_f90679449f06,user,8,niat menonton,1.0
user_f9096902e4e8,user,2,lain,1.0
user_f90f2bd144ce,user,6,lain,1.0
user_f91a4c067cf2,user,12,lain,1.0
user_f92a9deca59e,user,3,lain,1.0
user_f939f19a8d46,user,10,lain,1.0
user_f93b1f84cac7,user,2,takut (pujian?),1.0
user_f9422f68936b,user,5,lain,1.0
user_f96d8c25d02a,user,12,takut (pujian?),1.0
user_f96e4fe44414,user,10,lain,1.0
user_f9727db6f30f,user,4,niat menonton,1.0
user_f981ed004f14,user,1,lain,1.0
user_f991c8e5a4db,user,1,lain,1.0
user_f99846ae7318,user,3,lain,1.0
user_f99a66cd3afd,user,15,lain,1.0
user_f9a69a1d0899,user,4,takut (pujian?),1.0
user_f9a9f12eb8da,user,8,lain,1.0
user_f9aaeaa35e3b,user,6,takut (pujian?),1.0
user_f9b001c01497,user,1,lain,1.0
user_f9b96bf71e6f,user,5,lain,1.0
user_f9d5a7bcbec3,user,1,lain,1.0
user_f9d85b0c8f5f,user,10,lain,1.0
user_f9d99abf5e7a,user,2,lain,1.0
user_f9e8c873493d,user,1,niat menonton,1.0
user_fa078f2168c4,user,2,lain,1.0
user_fa0c8e37a251,user,6,lain,1.0
user_fa132421501e,user,5,lain,1.0
user_fa221c0d0e31,user,6,lain,1.0
user_fa33166ba381,user,5,lain,1.0
user_fa33971633d8,user,11,lain,1.0
user_fa35cc064372,user,1,niat menonton,1.0
user_fa3a4efeca54,user,1,lain,1.0
user_fa48e09bb53b,user,7,lain,1.0
user_fa50becbcad3,user,9,lain,1.0
user_fa62a8f150e3,user,1,lain,1.0
user_fa6b0f2c5d53,user,11,lain,1.0
user_fa6b3eb47d91,user,9,lain,2.0
user_fa840d200d5e,user,4,takut (pujian?),1.0
user_fa932ec5f469,user,1,takut (pujian?),1.0
user_fa944c829d81,user,7,takut (pujian?),1.0
user_fa9c58ec82f2,user,8,lain,1.0
user_faa086fec6a5,user,11,lain,2.0
user_fab7609c117b,user,16,takut (pujian?),1.0
user_fabd1b507f68,user,7,lain,1.0
user_fac0df694ebe,user,7,lain,1.0
user_fac1bae1adaf,user,9,lain,1.0
user_fac5b4be3ec5,user,3,lain,1.0
user_fac8fad6fef6,user,1,lain,1.0
user_fad15cede0fe,user,6,lain,1.0
user_fad55ba8657e,user,17,lain,1.0
user_fad8f81f3ac5,user,1,lain,1.0
user_fadbbcc0b298,user,12,lain,1.0
user_fae95fd548ef,user,4,lain,1.0
user_fae980402786,user,1,takut (pujian?),1.0
user_faea15f00189,user,15,lain,1.0
user_faf04250ebf5,user,12,lain,1.0
user_faf05e739bd3,user,11,lain,1.0
user_fb06c2067d22,user,3,lain,1.0
user_fb0852519152,user,15,lain,1.0
user_fb10d9263ea0,user,4,lain,1.0
user_fb1e074b1617,user,1,lain,1.0
user_fb282bd47511,user,5,lain,1.0
user_fb2ee7d42ca7,user,7,lain,1.0
user_fb44891c5fd1,user,2,lain,1.0
user_fb458e75d501,user,4,lain,1.0
user_fb480f29299e,user,1,lain,1.0
user_fb4f869f37e3,user,7,lain,1.0
user_fb7e29df88f0,user,5,lain,1.0
user_fb852fcb1f3b,user,6,lain,1.0
user_fb8b167ed82a,user,8,lain,1.0
user_fb8bc3408046,user,1,lain,1.0
user_fb97fb6184f1,user,13,lain,1.0
user_fba9e980acab,user,1,takut (pujian?),1.0
user_fbd6497dc3ec,user,3,lain,1.0
user_fbdd4a2958a4,user,3,takut (pujian?),1.0
user_fbdfb6e3f3ca,user,8,lain,1.0
user_fbeda2eb6ab7,user,15,lain,1.0
user_fbf7e7fb5dbf,user,1,lain,1.0
user_fbfdd5250b45,user,10,takut (pujian?),1.0
user_fbfe9c2e521f,user,1,takut (pujian?),1.0
user_fc1079e66243,user,8,lain,1.0
user_fc1429deba50,user,1,lain,1.0
user_fc1ee00072ca,user,7,lain,1.0
user_fc20a938e5e9,user,2,lain,1.0
user_fc2b081d6ae8,user,11,lain,1.0
user_fc2cc96006fa,user,9,lain,1.0
user_fc3ddeeafc7c,user,6,lain,1.0
user_fc4563392947,user,7,lain,1.0
user_fc4d6ae61ac8,user,1,lain,1.0
user_fc4e2088d7a2,user,2,lain,1.0
user_fc5262a0e4fb,user,15,lain,1.0
user_fc59eddb0cb9,user,12,niat menonton,1.0
user_fc6af046ffa5,user,7,niat menonton,1.0
user_fc6d1a231799,user,9,lain,3.0
user_fc72a363dd9d,user,3,lain,2.0
user_fc7e8da2d94b,user,4,takut (pujian?),1.0
user_fc93af41aecb,user,1,lain,1.0
user_fca25cab7c02,user,4,lain,2.0
user_fcb4927f09d0,user,1,niat menonton,1.0
user_fcb91c3b7f02,user,2,lain,1.0
user_fcbc1301bd49,user,7,takut (pujian?),1.0
user_fcdc10482daa,user,7,lain,1.0
user_fce1a40eb264,user,6,niat menonton,1.0
user_fcf64d6641cf,user,7,lain,1.0
user_fcf88c542974,user,11,lain,1.0
user_fd09316fe731,user,8,lain,1.0
user_fd0d73f9bf71,user,2,niat menonton,1.0
user_fd116bec1028,user,4,lain,1.0
user_fd172901596a,user,2,lain,1.0
user_fd17566eb14c,user,6,lain,1.0
user_fd2096b5a73f,user,4,niat menonton,1.0
user_fd2d661421f4,user,14,lain,1.0
user_fd34ef7e0418,user,1,lain,1.0
user_fd490ae44e23,user,2,lain,1.0
user_fd4dcb411393,user,3,lain,1.0
user_fd4f7d7e8d6a,user,10,lain,1.0
user_fd50bcbfc811,user,8,lain,1.0
user_fd5a0b545ca8,user,1,lain,1.0
user_fd5b2bf95045,user,12,lain,1.0
user_fd646331ed73,user,1,lain,1.0
user_fd67f4b19b57,user,3,lain,1.0
user_fd6c384099f4,user,1,lain,1.0
user_fd77ee6b0bc2,user,6,lain,1.0
user_fd7bf961bcc5,user,3,lain,1.0
user_fd9e90b19e12,user,7,lain,1.0
user_fda52e0a7e81,user,12,lain,1.0
user_fdaa10d68ec0,user,16,lain,1.0
user_fdb1b189c12f,user,4,niat menonton,1.0
user_fdb37f8502ce,user,2,lain,1.0
user_fdbfe1696943,user,9,lain,1.0
user_fdc034a235a7,user,15,lain,1.0
user_fdc11de7192c,user,1,takut (pujian?),1.0
user_fdc1cff36b4a,user,13,lain,1.0
user_fdd0f7692b52,user,2,lain,1.0
user_fdd3b03dca0c,user,14,niat menonton,1.0
user_fddaa07f5313,user,12,takut (pujian?),1.0
user_fddb0783b387,user,1,lain,1.0
user_fdde577f6fda,user,7,lain,2.0
user_fddfed1fc5e5,user,9,lain,1.0
user_fde0580c4582,user,11,lain,1.0
user_fdf09adb31e2,user,7,lain,1.0
user_fdf2ffb31119,user,10,lain,2.0
user_fe19105ac974,user,5,lain,1.0
user_fe1d725f3797,user,3,niat menonton,1.0
user_fe20c3f17a2f,user,2,lain,1.0
user_fe23e1f04980,user,8,lain,1.0
user_fe244f4f1c48,user,3,takut (pujian?),1.0
user_fe2c7a580d66,user,8,lain,1.0
user_fe3206ee19a0,user,1,lain,1.0
user_fe358975c784,user,2,lain,1.0
user_fe398fb9f754,user,1,takut (pujian?),1.0
user_fe482c3b140b,user,2,lain,1.0
user_fe5a03c4035a,user,1,lain,1.0
user_fe5becbb7a87,user,5,lain,1.0
user_fe5ca2b419cc,user,4,lain,1.0
user_fe5cbce398a3,user,5,lain,1.0
user_fe5fbe206734,user,3,lain,1.0
user_fe6467534f20,user,2,niat menonton,2.0
user_fe7593090523,user,5,lain,2.0
user_fe9391a6dc8d,user,3,lain,1.0
user_fe974d048a64,user,8,lain,1.0
user_fea146d14629,user,13,lain,1.0
user_fea7964834bd,user,2,lain,1.0
user_feac0e1fd19c,user,14,lain,1.0
user_feb499520b43,user,1,lain,2.0
user_fec788096db2,user,3,niat menonton,1.0
user_fec7fef6330c,user,7,lain,1.0
user_fec9253d5ad0,user,1,lain,1.0
user_fecb9aa6271a,user,14,lain,1.0
user_fed4728031bd,user,1,niat menonton,1.0
user_fed77e1f0a47,user,5,lain,1.0
user_fede6b43440d,user,14,lain,3.0
user_fedec4548637,user,5,lain,1.0
user_fee5e10ff9cc,user,5,takut (pujian?),1.0
user_fef28a2118e5,user,10,takut (pujian?),1.0
user_fef4e0ada861,user,9,lain,3.0
user_ff00baf42faf,user,13,lain,1.0
user_ff0170f9cde1,user,4,lain,1.0
user_ff02fe0ada54,user,11,lain,1.0
user_ff0db99533c1,user,10,lain,1.0
user_ff1e8660a2d7,user,9,takut (pujian?),1.0
user_ff2da17ad182,user,13,takut (pujian?),1.0
user_ff2dd0c4e2af,user,5,lain,1.0
user_ff2e33cd9058,user,11,lain,1.0
user_ff3ae093b132,user,17,takut (pujian?),3.0
user_ff3df040c800,user,1,lain,1.0
user_ff413db8c22d,user,1,lain,1.0
user_ff4525914d82,user,12,lain,1.0
user_ff559e8c97c1,user,2,lain,1.0
user_ff63da2f4338,user,3,takut (pujian?),1.0
user_ff6b5a137fe4,user,6,niat menonton,1.0
user_ff785f45ee29,user,10,lain,1.0
user_ff88ae3e7da5,user,2,lain,1.0
user_ff8e134d11d8,user,1,lain,1.0
user_ff99ec45cb07,user,16,lain,1.0
user_ff9a22b1df44,user,2,takut (pujian?),1.0
user_ff9dc88be4ca,user,3,lain,1.0
user_ffa39bfe6b0b,user,6,niat menonton,1.0
user_ffac920d09b9,user,1,lain,1.0
user_ffd0c6ce03d3,user,4,lain,1.0
user_ffd27ebcff78,user,3,lain,1.0
user_ffdcb10377e7,user,6,takut (pujian?),1.0
user_ffe4be285ae7,user,10,lain,1.0
user_ffea92493e0d,user,1,lain,1.0
user_ffec8906c47f,user,4,lain,1.0
user_fffc056da75d,user,7,takut (pujian?),1.0
user_fffeba5e0b5c,user,10,lain,1.0
