film_id,title,year,release_date,release_month,release_quarter,release_window,genre,director,cast,production_house,distributor,age_rating,admissions,admissions_source,is_franchise,ip_type,yt_likes_total,yt_views_total,yt_comments_total,trends_pra_rilis,est_gross_box_office_idr,est_producer_net_ticket_idr,commercial_tier,director_film_count_2020_2026,director_avg_admissions_2020_2026,ph_tier,production_budget_idr,marketing_spend_idr,actual_roi_pct,ott_license_fee_idr
id_agak_laen_menyala_pantiku_2025,Agak Laen: Menyala Pantiku,2025,2025-11-27,november,Q4,reguler,Komedi,Muhadkly Acho,Bene Dion Boris Bokir Tissa Biani Indra Jegel Oki Rengga Tika Panggabean Jarwo Kuat Chew Kin Wah Ariyo Wahab Surya Saputra,Imajinari,,,11000866.0,wiki_2025_table,False,original,,,,,522541135000.0,222079982375.0,mega_hit,4.0,5212773.75,major_studio,,,,
id_jumbo_2025,Jumbo,2025,2025-03-31,maret,Q1,lebaran,Animasi Fantasi Anak-anak,Ryan Adriandhy,Prince Poetiray Quinn Salman Yusuf Özkan Graciella Abigail Cinta Laura Kiehl Muhammad Adhiyat Angga Yunanda Kiki Narendra Ariyo Wahab Nazril Irham Bunga Citra Lestari Ratna Riantiarno,Visinema Studios Springboard Anami Films,,SU,10182536.0,wiki_2025_table,False,original,,,,,483670460000.0,205559945500.0,mega_hit,2.0,5791403.5,major_studio,,,,
id_kkn_di_desa_penari_2022,KKN di Desa Penari,2022,2022-04-30,april,Q2,reguler,Horor,Awi Suryadi,"Tissa Biani, Adinda Thomas, Achmad Megantara, Aghniny Haque, Calvin Jeremy, Fajar Nugra, Aulia Sarah","MD Pictures, Pichouse Films",,13+ (beberapa adegan dipotong) dan 17+ (tanpa pemotongan adegan),9233847.0,wiki_2022_table,False,original,,,,,387821574000.0,164824168950.0,mega_hit,9.0,2431071.6666666665,major_studio,,,,
id_agak_laen_2024,Agak Laen,2024,2024-02-01,februari,Q1,reguler,"Horor, komedi",Muhadkly Acho,"Bene Dion, Oki Rengga, Indra Jegel","Imajinari, Jagartha",-,13+,9125188.0,wiki_2024_table,False,original,,,,,410633460000.0,174519220500.0,mega_hit,4.0,5212773.75,major_studio,,,,
id_pengabdi_setan_2_communion_2022,Pengabdi Setan 2: Communion,2022,2022-08-04,agustus,Q3,kemerdekaan,Horor,Joko Anwar,"Tara Basro, Ayu Laksmi,Endy Arfian, Nasar Anuz, Bront Palarae, Ratu Felisha","Rapi Films, Sky Media, Brown Entertainment, Legacy Pictures, Come and See Pictures",,13+,6391982.0,wiki_2022_table,True,sequel_or_franchise,,,,,268463244000.0,114096878700.0,mega_hit,4.0,3915121.75,major_studio,,,,
id_miracle_in_cell_no_7_2022,Miracle in Cell No. 7,2022,2022-09-08,september,Q3,reguler,Drama,Hanung Bramantyo,"Vino G. Bastian, Graciella Abigail, Indro Warkop, Tora Sudiro, Rigen Rakelna, Indra Jegel, Bryan Domani, Mawar de Jongh",Falcon Pictures,,SU,5851595.0,wiki_2022_table,False,original,,,,,245766990000.0,104450970750.0,mega_hit,12.0,1291592.3333333333,major_studio,,,,
id_vina_sebelum_7_hari_2024,Vina: Sebelum 7 Hari,2024,2024-05-08,mei,Q2,reguler,Horor,Anggy Umbara,"Nayla Purnama, Lydia Kandou, Gisellma Firmansyah","Dee Company, Umbara Brothers Film",-,17+,5815492.0,wiki_2024_table,False,original,,,,,261697140000.0,111221284500.0,mega_hit,12.0,964791.25,major_studio,,,,
id_sewu_dino_2023,Sewu Dino,2023,2023-04-19,april,Q2,lebaran,Horor,Kimo Stamboel,"Mikha Tambayong, Rio Dewanto, Gisellma Firmansyah, Karina Suwandi",MD Pictures,,13+,4886406.0,wiki_2023_table,False,original,,,,,219888270000.0,93452514750.0,mega_hit,5.0,2917165.4,major_studio,,,,
id_pabrik_gula_2025,Pabrik Gula,2025,2025-03-31,maret,Q1,lebaran,Horor,Awi Suryadi,Arbani Yasiz Ersya Aurelia Erika Carlina Bukie B. Mansyur Benidictus Siregar Arif Alfiansyah Sadana Agung Yono Bakrie Dewi Pakis Vonny Anggraini Hayati Azis,Pichouse Films MD Pictures,Netflix,17+,4726760.0,wiki_2025_table,False,original,,,,,224521100000.0,95421467500.0,mega_hit,9.0,2431071.6666666665,major_studio,,,,
id_kang_mak_from_pee_mak_2024,Kang Mak from Pee Mak,2024,2024-08-15,agustus,Q3,kemerdekaan,"Horor, komedi",Herwin Novianto,"Indro, Tora Sudiro, Rigen Rakelna",Falcon Pictures,-,13+,4580209.0,wiki_2024_table,False,original,,,,,206109405000.0,87596497125.0,mega_hit,8.0,1167316.125,major_studio,,,,
id_ipar_adalah_maut_2024,Ipar adalah Maut,2024,2024-06-13,juni,Q2,libur_sekolah,Drama,Hanung Bramantyo,"Michelle Ziudith, Deva Mahenra, Davina Karamoy","MD Pictures, Dapur Film",-,13+,4503799.0,wiki_2024_table,False,original,13022.0,2409913.0,426.0,9.67,202670955000.0,86135155875.0,mega_hit,12.0,1291592.3333333333,major_studio,,,,
id_badarawuhi_di_desa_penari_2024,Badarawuhi di Desa Penari,2024,2024-04-11,april,Q2,lebaran,"Horor, cerita seru",Kimo Stamboel,"Aulia Sarah, Maudy Effrosina, Jourdy Pranata",MD Pictures,-,13+,4013558.0,wiki_2024_table,False,original,17065.0,2624610.0,500.0,1.19,180610110000.0,76759296750.0,mega_hit,5.0,2917165.4,major_studio,,,,
id_siksa_kubur_2024,Siksa Kubur,2024,2024-04-11,april,Q2,lebaran,"Horor, cerita seru, psikologis",Joko Anwar,"Faradina Mufti, Reza Rahadian, Widuri Puteri","Come and See Pictures, Rapi Films",-,17+,4000826.0,wiki_2024_table,False,original,,,,,180037170000.0,76515797250.0,mega_hit,4.0,3915121.75,major_studio,,,,
id_danur_the_last_chapter_2026,Danur: The Last Chapter,2026,2026-03-18,maret,Q1,lebaran,Horor,Awi Suryadi,"Prilly Latuconsina, Zee Asadel, Dito Darmawan",MD Pictures,-,,3619493.0,wiki_2026_table,True,sequel_or_franchise,,,,,180974650000.0,76914226250.0,mega_hit,9.0,2431071.6666666665,major_studio,,,,
id_bila_esok_ibu_tiada_2024,Bila Esok Ibu Tiada,2024,2024-11-14,november,Q4,reguler,Drama,,,Leo Pictures,-,,3568518.0,wiki_2024_top,False,original,,,,,160583310000.0,68247906750.0,mega_hit,,,mid_or_indie,,,,
id_ghost_in_the_cell_2026,Ghost in the Cell,2026,2026-04-16,april,Q2,lebaran,Horor,Joko Anwar,"Aming, Abimana Aryasatya, Tora Sudiro",Come and See Pictures,-,,3376865.0,wiki_2026_table,False,original,,,,,168843250000.0,71758381250.0,mega_hit,4.0,3915121.75,mid_or_indie,,,,
id_jangan_buang_ibu_2026,Jangan Buang Ibu,2026,2026-06-25,juni,Q2,libur_sekolah,Drama,Hadrah Daeng Ratu,"Nirina Zubir, Refal Hady, Amanda Manopo",Leo Pictures,-,,3351616.0,wiki_2026_table,False,original,,,,,167580800000.0,71221840000.0,mega_hit,13.0,1183652.5384615385,mid_or_indie,,,,
id_di_ambang_kematian_2023,Di Ambang Kematian,2023,2023-09-28,september,Q3,reguler,Horor,Azhar Kinoi Lubis,"Taskya Namya, Wafda Saifan, Teuku Rifnu Wikana, Kinaryosih, Farras Fatik, Raya Adena Syah",MVP Pictures,,17+,3242244.0,wiki_2023_table,False,original,,,,,145900980000.0,62007916500.0,mega_hit,13.0,1003415.4615384615,mid_or_indie,,,,
id_petaka_gunung_gede_2025,Petaka Gunung Gede,2025,2025-02-06,februari,Q1,reguler,Horor,Azhar Kinoi Lubis,Arla Ailani Adzana Ashel Moh. Iqbal Sulaiman Endy Arfian Raihan Khan,Starvision Legacy Pictures,,13+,3236225.0,wiki_2025_table,False,original,,,,,153720687500.0,65331292187.5,mega_hit,13.0,1003415.4615384615,major_studio,,,,
id_milea_suara_dari_dilan_2020,Milea: Suara dari Dilan,2020,2020-02-13,februari,Q1,reguler,Drama,"Fajar Bustomi, Pidi Baiq","Iqbaal Ramadhan, Vanessa Prescilla",Max Pictures,Netflix,13+,3155933.0,wiki_2020_table,True,sequel_or_franchise,,,,,119925454000.0,50968317950.0,mega_hit,2.0,1836338.0,mid_or_indie,,,,
id_air_mata_di_ujung_sajadah_2023,Air Mata di Ujung Sajadah,2023,2023-09-07,september,Q3,reguler,Drama,Key Mangunsong,"Titi Kamal, Fedi Nuril, Citra Kirana, Jenny Rachman, Faqih Alaydrus, Krisjiana Baharudin","Beehave Pictures, MBK Productions",,13+,3127671.0,wiki_2023_table,False,original,,,,,140745195000.0,59816707875.0,mega_hit,6.0,662899.6666666666,mid_or_indie,,,,
id_sore_istri_dari_masa_depan_2025,Sore: Istri Dari Masa Depan,2025,2025-07-10,juli,Q3,libur_sekolah,Drama,Yandy Laurens,Dion Wiyoko Sheila Dara Aisha Mathias Muchus Maya Hasan,Cerita Films,,13,3082079.0,wiki_2025_table,False,original,,,,,146398752500.0,62219469812.5,mega_hit,3.0,1655904.3333333333,mid_or_indie,,,,
id_172_days_2023,172 Days,2023,2023-11-23,november,Q4,reguler,Drama,Hadrah Daeng Ratu,"Bryan Domani, Yasmin Napper, Yoriko Angeline, Amara Sophie, Abun Sungkar, Adhitya Putri, Ridwan Ghany",Starvision Plus,,13+,3015020.0,wiki_2023_table,True,sequel_or_franchise,,,,,135675900000.0,57662257500.0,mega_hit,13.0,1183652.5384615385,major_studio,,,,
id_tunggu_aku_sukses_nanti_2026,Tunggu Aku Sukses Nanti,2026,2026-03-18,maret,Q1,lebaran,Drama,Naya Anindita,"Ardit Erwandha, Lulu Tobing, Ariyo Wahab",Rapi Films,-,,3005776.0,wiki_2026_table,False,original,,,,,150288800000.0,63872740000.0,mega_hit,3.0,2399948.0,major_studio,,,,
id_komang_2025,Komang,2025,2025-03-31,maret,Q1,lebaran,Drama Percintaan,Naya Anindita,Aurora Ribero Kiesha Alvaro Cut Mini Theo Arie Kriting Pevita Pearce Anggika Bolsterli Naya Anindita Mathias Muchus Ayu Laksmi Jonathan Alvaro Neneng Wulandari Raim Laode Afgansyah Reza,Starvision,,13 +,2996041.0,wiki_2025_table,False,original,,,,,142311947500.0,60482577687.5,hit,3.0,2399948.0,major_studio,,,,
id_ngeri_ngeri_sedap_2022,Ngeri-Ngeri Sedap,2022,2022-06-02,juni,Q2,libur_sekolah,"Drama, Komedi",Bene Dion Rajagukguk,"Arswendy Beningswara Nasution, Tika Panggabean, Boris Bokir Manullang, Gita Bhebhita Butar-butar, Lolox, Indra Jegel","Imajinari, Visionari Film Fund",,13+,2886121.0,wiki_2022_table,False,original,,,,,121217082000.0,51517259850.0,hit,1.0,2886121.0,major_studio,,,,
id_jalan_pulang_2025,Jalan Pulang,2025,2025-06-19,juni,Q2,libur_sekolah,Horor,Jeropoint,Shareefa Daanish Sujiwo Tejo Luna Maya Teuku Rifnu Wikana Jajang C Noer Kiki Narendra Taskya Namya Ruth Marini Saskia Chadwick,Legacy Pictures Leo Pictures,,17+,2808689.0,wiki_2025_top,False,original,,,,,133412727500.0,56700409187.5,hit,4.0,1270762.0,mid_or_indie,,,,
id_ivanna_2022,Ivanna,2022,2022-07-14,juli,Q3,libur_sekolah,Horor,Kimo Stamboel,"Caitlin Halderman, Jovarel Callum, Junior Roberts, Shandy William, Sonia Alyssa","MD Pictures, Pichouse Films",,17+,2793775.0,wiki_2022_table,False,original,102946.0,7629600.0,1000.0,1.93,117338550000.0,49868883750.0,hit,5.0,2917165.4,major_studio,,,,
id_kang_solah_from_kang_mak_x_nenek_gayung_2025,Kang Solah from Kang Mak x Nenek Gayung,2025,2025-09-25,september,Q3,reguler,Horor Komedi,Herwin Novianto,Rigen Rakelna Indra Jegel Tora Sudiro Praz Teguh Indro Andre Taulany Asri Welas Indy Barends Davina Karamoy Kenzy Taulany,,,,2507452.0,wiki_2025_table,False,original,,,,,119103970000.0,50619187250.0,hit,8.0,1167316.125,indie_or_unknown,,,,
id_alas_roban_2026,Alas Roban,2026,2026-01-15,januari,Q1,reguler,Horor,Hadrah Daeng Ratu,"Michelle Ziudith, Rio Dewanto, Taskya Namya",Unlimited Production,-,,2432967.0,wiki_2026_table,False,original,,,,,121648350000.0,51700548750.0,hit,13.0,1183652.5384615385,mid_or_indie,,,,
id_sekawan_limo_2024,Sekawan Limo,2024,2024-07-04,juli,Q3,libur_sekolah,"Horor, komedi",Bayu Skak,"Bayu Skak, Nadya Arina, Keisya Levronka","Starvision, Skak Studios",-,13+,2430228.0,wiki_2024_table,False,original,,,,,109360260000.0,46478110500.0,hit,5.0,1073421.6,major_studio,,,,
id_sayap_sayap_patah_2022,Sayap-Sayap Patah,2022,2022-08-18,agustus,Q3,kemerdekaan,"Drama, Laga",Rudi Soedjarwo,"Nicholas Saputra, Ariel Tatum","Maxima Pictures, Denny Siregar Production",,13+,2426084.0,wiki_2022_table,False,original,,,,,101895528000.0,43305599400.0,hit,4.0,749244.0,mid_or_indie,,,,
id_petualangan_sherina_2_2023,Petualangan Sherina 2,2023,2023-09-28,september,Q3,reguler,"Laga, petualangan",Riri Riza,"Sherina Munaf, Derby Romero","Miles Films, BASE Entertainment",,SU,2413933.0,wiki_2023_table,True,sequel_or_franchise,,,,,108626985000.0,46166468625.0,hit,3.0,1136700.3333333333,major_studio,,,,
id_waktu_maghrib_2023,Waktu Maghrib,2023,2023-02-09,februari,Q1,reguler,Horor,Sidharta Tata,"Ali Fikry, Bima Sena, Nafiza Fatia Rani","Rapi Films, Sky Media",,17+,2409112.0,wiki_2023_table,False,original,,,,,108410040000.0,46074267000.0,hit,6.0,676897.5,major_studio,,,,
id_siksa_neraka_2023,Siksa Neraka,2023,2023-12-14,desember,Q4,libur_akhir_tahun,Horor,Anggy Umbara,"Kiesha Alvaro, Nayla D Purnama, Ratu Sofya, Ariyo Wahab",Dee Company,,17+,2354700.0,wiki_2023_table,False,original,,,,,105961500000.0,45033637500.0,hit,12.0,964791.25,major_studio,,,,
id_mencuri_raden_saleh_2022,Mencuri Raden Saleh,2022,2022-08-25,agustus,Q3,kemerdekaan,"Drama, Aksi, Perampokan",Angga Dwimas Sasongko,"Iqbaal Ramadhan, Angga Yunanda, Umay Shahab, Rachel Amanda, Aghniny Haque, Ari Irham","Visinema Pictures, Jagartha, Blibli, Astro Shaw",,13+,2350741.0,wiki_2022_table,False,original,,,,,98731122000.0,41960726850.0,hit,6.0,1110135.8333333333,major_studio,,,,
id_nanti_kita_cerita_tentang_hari_ini_2020,Nanti Kita Cerita tentang Hari Ini,2020,2020-01-02,januari,Q1,reguler,Drama,Angga Dwimas Sasongko,"Rio Dewanto, Sheila Dara Aisha, Rachel Amanda, Ardhito Pramono, Donny Damara, Susan Bachtiar","Visinema Pictures, IDN Media, Blibli.com, XRM Media",Netflix,13+,2256876.0,wiki_2020_table,False,adaptation,,,,,85761288000.0,36448547400.0,hit,6.0,1110135.8333333333,major_studio,,,,
id_kukira_kau_rumah_2022,Kukira Kau Rumah,2022,2022-02-03,februari,Q1,reguler,"Drama, Psikologi",Umay Shahab,"Prilly Latuconsina, Jourdy Pranata, Shenina Cinnamon, Raim Laode, Unique Priscilla, Kiki Narendra","MD Pictures, Sinemaku Pictures",,13+,2219265.0,wiki_2022_table,False,original,,,,,93209130000.0,39613880250.0,hit,3.0,1732651.3333333333,major_studio,,,,
id_qodrat_2_2025,Qodrat 2,2025,2025-03-31,maret,Q1,lebaran,Horor Religi,Charles Gozali,Vino G. Bastian Acha Septriasa Della Dartyan Hana Saraswati Donny Alamsyah Septian Dwi Cahyo,Magma Entertainment Rapi Films Legacy Pictures Astro Shaw,,17+,2214441.0,wiki_2025_table,True,sequel_or_franchise,,,,,105185947500.0,44704027687.5,hit,5.0,1138796.8,major_studio,,,,
id_sekawan_limo_2_gunung_klawih_2026,Sekawan Limo 2: Gunung Klawih,2026,2026-05-27,mei,Q2,reguler,Komedi,Bayu Skak,"Bayu Skak, Nadya Arina, Benidictus Siregar","Starvision, Skak Studios, Legacy Pictures",-,,2125006.0,wiki_2026_table,True,sequel_or_franchise,,,,,106250300000.0,45156377500.0,hit,5.0,1073421.6,major_studio,,,,
id_suzzanna_malam_jumat_kliwon_2023,Suzzanna: Malam Jumat Kliwon,2023,2023-08-03,agustus,Q3,kemerdekaan,Horor,Guntur Soeharjanto,"Luna Maya, Achmad Megantara",Soraya Intercine Films,,13+,2082569.0,wiki_2023_table,True,sequel_or_franchise,29542.0,4869567.0,1728.0,1.14,93715605000.0,39829132125.0,hit,10.0,811574.5,major_studio,,,,
id_pengepungan_di_bukit_duri_2025,Pengepungan di Bukit Duri,2025,2025-04-17,april,Q2,lebaran,Laga Triler Komedi gelap,Joko Anwar,Morgan Oey Omara Esteghlal Hana Malasan Endy Arfian Fatih Unru Satine Zaneta Dewa Dayana Faris Fadjar Farandika Raihan Khan Sandy Pradana Bima Azriel Sheila Kusnadi Kiki Narendra Emir Mahira,Amazon MGM Studios Come and See Pictures,,17+,1890814.0,wiki_2025_table,False,original,,,,,89813665000.0,38170807625.0,hit,4.0,3915121.75,mid_or_indie,,,,
id_sijjin_2023,Sijjin,2023,2023-11-09,november,Q4,reguler,Horor,Hadrah Daeng Ratu,"Delia Husein, Ibrahim Risyad, Niken Anjani, Anggika Bolsterli","Rapi Films, Sky Media, Legacy Pictures",,17+,1854228.0,wiki_2023_table,False,original,,,,,83440260000.0,35462110500.0,hit,13.0,1183652.5384615385,major_studio,,,,
id_the_doll_3_2022,The Doll 3,2022,2022-05-26,mei,Q2,reguler,Horor,Rocky Soraya,"Jessica Mila, Winky Wiryawan, Masayu Anastasia, Sara Wijayanto, Jeremy Thomas",Hitmaker Studios,,17+,1764077.0,wiki_2022_table,True,sequel_or_franchise,29076.0,6679661.0,680.0,18.13,74091234000.0,31488774450.0,hit,2.0,1389654.0,major_studio,,,,
id_makmum_2_2021,Makmum 2,2021,2021-12-30,desember,Q4,libur_akhir_tahun,Horor,Guntur Soeharjanto,"Titi Kamal, Samuel Rizal, Marcella Zalianty, Dea Panendra","Blue Water Films, Dee Company",,17+,1756676.0,wiki_2021_table,True,sequel_or_franchise,,,,,70267040000.0,29863492000.0,hit,10.0,811574.5,major_studio,,,,
id_qodrat_2022,Qodrat,2022,2022-10-27,oktober,Q4,reguler,Horor,Charles Gozali,"Vino G. Bastian, Marsha Timothy, Maudy Effrosina, Randy Pangalila","Magma Entertainment, Rapi Films, Ideosource Entertainment, Astro Shaw, Caravan Studio, Dunia Mencekam Productions",,17+,1751233.0,wiki_2022_table,False,original,,,,,73551786000.0,31259509050.0,hit,5.0,1138796.8,major_studio,,,,
id_ayah_ini_arahnya_ke_mana_ya_2026,"Ayah, Ini Arahnya ke Mana, Ya?",2026,2026-04-09,april,Q2,lebaran,Drama,Kuntz Agus,"Rey Bong, Mawar Eva de Jongh, Dwi Sasono",Five Elements Pictures,-,,1667159.0,wiki_2026_table,False,original,,,,,83357950000.0,35427128750.0,hit,6.0,666599.5,mid_or_indie,,,,
id_2nd_miracle_in_cell_no_7_2024,2nd Miracle in Cell No. 7,2024,2024-12-25,desember,Q4,libur_akhir_tahun,,,,,-,,1665332.0,wiki_2024_top,True,sequel_or_franchise,,,,,74939940000.0,31849474500.0,hit,,,indie_or_unknown,,,,
id_tumbal_proyek_2026,Tumbal Proyek,2026,2026-05-13,mei,Q2,reguler,Horor,Jeropoint,"Karina Suwandi, Kiesha Alvaro, Callista Arum",Dee Company,-,,1655590.0,wiki_2026_table,False,original,,,,,82779500000.0,35181287500.0,hit,4.0,1270762.0,major_studio,,,,
id_kisah_tanah_jawa_pocong_gundul_2023,Kisah Tanah Jawa: Pocong Gundul,2023,2023-09-21,september,Q3,reguler,Horor,Awi Suryadi,"Deva Mahenra, Della Dartyan",MD Pictures,,13+,1652862.0,wiki_2023_table,False,adaptation,,,,,74378790000.0,31610985750.0,hit,9.0,2431071.6666666665,major_studio,,,,
id_home_sweet_loan_2024,Home Sweet Loan,2024,2024-09-26,september,Q3,reguler,Drama,Sabrina Rochelle Kalangie,"Yunita Siregar, Derby Romero, Rizky Tagor.",Visinema Pictures,-,,1650000.0,wiki_2024_table,False,original,,,,,74250000000.0,31556250000.0,hit,2.0,883430.5,major_studio,,,,
id_pemandi_jenazah_2024,Pemandi Jenazah,2024,2024-02-22,februari,Q1,reguler,Horor,Hadrah Daeng Ratu,"Aghniny Haque, Ibrahim Risyad, Amara Sophie",VMS Studio,-,17+,1645513.0,wiki_2024_table,False,original,,,,,74048085000.0,31470436125.0,hit,13.0,1183652.5384615385,mid_or_indie,,,,
id_ketika_berhenti_di_sini_2023,Ketika Berhenti di Sini,2023,2023-07-27,juli,Q3,libur_sekolah,Drama,Umay Shahab,"Prilly Latuconsina, Refal Hady, Bryan Domani","Sinemaku Pictures, Legacy Pictures",,13+,1604359.0,wiki_2023_table,False,original,,,,,72196155000.0,30683365875.0,hit,3.0,1732651.3333333333,mid_or_indie,,,,
id_sampai_titik_terakhirmu_2025,Sampai Titik Terakhirmu,2025,2025-11-13,november,Q4,reguler,,Dinna Jasanti,Arbani Yazis Unique Priscilla Kiki Narendra Tika Panggabean Yasamin Jasem Onadio Leonardo Mawar Eva de Jongh Shakeel Fauzi Aisy Siti Fauziah Vonny Felicia Alfie Alfandy TJ Ruth Verina Ardiyanti Dana Wardhana Ricky Cemor,LYTO Pictures,,,1555652.0,wiki_2025_table,False,original,,,,,73893470000.0,31404724750.0,hit,5.0,609037.0,mid_or_indie,,,,
id_jailangkung_sandekala_2022,Jailangkung: Sandekala,2022,2022-09-22,september,Q3,reguler,Horor,Kimo Stamboel,"Titi Kamal, Syifa Hadju, Muzakki Ramdhan, Giulio Parengkuan, Dwi Sasono","Sky Media, CJ ENM, Rapi Films, Legacy Pictures, Nimpuna Sinema",,13+,1546295.0,wiki_2022_table,False,original,,,,,64944390000.0,27601365750.0,hit,5.0,2917165.4,major_studio,,,,
id_suzzanna_santet_dosa_di_atas_dosa_2026,Suzzanna: Santet Dosa di Atas Dosa,2026,2026-03-18,maret,Q1,lebaran,Horor,Azhar Kinoi Lubis,"Luna Maya, Reza Rahadian, Clift Sangra",Soraya Intercine Films,-,,1530071.0,wiki_2026_table,True,sequel_or_franchise,10417.0,3187674.0,1215.0,0.0,76503550000.0,32514008750.0,hit,13.0,1003415.4615384615,major_studio,,,,
id_kuasa_gelap_2024,Kuasa Gelap,2024,2024-10-03,oktober,Q4,reguler,Horor,Bobby Prasetyo,"Jerome Kurnia, Lukman Sardi, Astrid Tiar","Paragon Pictures, Ideosource Entertainment",-,,1467141.0,wiki_2024_top,False,original,,,,,66021345000.0,28059071625.0,hit,9.0,814871.3333333334,major_studio,,,,
id_pamali_dusun_pocong_2023,Pamali: Dusun Pocong,2023,2023-10-12,oktober,Q4,reguler,Horor,Bobby Prasetyo,"Fajar Nugra, Yasamin Jasem, Arla Ailani, Dea Panendra",Lyto Pictures,,13+,1440173.0,wiki_2023_table,False,original,,,,,64807785000.0,27543308625.0,hit,9.0,814871.3333333334,mid_or_indie,,,,
id_sumala_2024,Sumala,2024,2024-09-26,september,Q3,reguler,Horor,Rizal Mantovani,"Luna Maya, Darius Sinathrya, Makayla Rose","Hitmaker Studios, Soraya Intercine Films",-,,1436640.0,wiki_2024_top,False,original,,,,,64648800000.0,27475740000.0,hit,13.0,577996.2307692308,major_studio,,,,
id_na_willa_2026,Na Willa,2026,2026-03-18,maret,Q1,lebaran,Drama,Ryan Adriandhy,"Luisa Adreena, Freya Mikhayla, Azamy Syauqi",Visinema Pictures,-,,1400271.0,wiki_2026_table,False,original,,,,,70013550000.0,29755758750.0,hit,2.0,5791403.5,major_studio,,,,
id_perayaan_mati_rasa_2025,Perayaan Mati Rasa,2025,2025-01-29,januari,Q1,reguler,Drama,Umay Shahab,Iqbaal Ramadhan Umay Shahab Dwi Sasono,Sinemaku Pictures,Netflix,13+,1374330.0,wiki_2025_table,False,original,,,,,65280675000.0,27744286875.0,hit,3.0,1732651.3333333333,mid_or_indie,,,,
id_janur_ireng_2025,Janur Ireng,2025,2025-12-24,desember,Q4,libur_akhir_tahun,Horror,Kimo Stamboel,Tora Sudiro Rio Dewanto Marthino Lio Epy Kusnandar Masayu Anastasia Karina Suwandi Pritt Timothy Givina Lukita Dewi Gisellma Firmansyah Ratu Rafa Maryam Supraba,,,,1345793.0,wiki_2025_table,False,original,,,,,63925167500.0,27168196187.5,hit,5.0,2917165.4,indie_or_unknown,,,,
id_qorin_2022,Qorin,2022,2022-12-01,desember,Q4,libur_akhir_tahun,Horor,Ginanti Rona,"Zulfa Maharani, Omar Daniel, Aghniny Haque, Dea Annisa",IDN Pictures,,17+,1320600.0,wiki_2022_table,False,original,,,,,55465200000.0,23572710000.0,hit,5.0,486507.2,major_studio,,,,
id_ancika_dia_yang_bersamaku_1995_2024,Ancika: Dia yang Bersamaku 1995,2024,2024-01-11,januari,Q1,reguler,"Drama, percintaan",Benni Setiawan,"Zee JKT48, Arbani Yasiz, Daffa Wardhana","MD Pictures, Enam Sembilan Productions",-,13+,1318272.0,wiki_2024_table,False,original,,,,,59322240000.0,25211952000.0,hit,6.0,645686.5,major_studio,,,,
id_kuntilanak_3_2022,Kuntilanak 3,2022,2022-04-30,april,Q2,reguler,Horor,Rizal Mantovani,"Nicole Rossi, Andryan Bima, Ali Fikry, Adlu Fahrezy, Ciara Brosnan, Sara Wijayanto",MVP Pictures,,13+,1313304.0,wiki_2022_table,True,sequel_or_franchise,,,,,55158768000.0,23442476400.0,hit,13.0,577996.2307692308,mid_or_indie,,,,
id_buya_hamka_vol_i_2023,Buya Hamka Vol. I,2023,2023-04-19,april,Q2,lebaran,"Drama, biopik",Fajar Bustomi,"Vino G. Bastian, Laudya Cynthia Bella","Falcon Pictures, Starvision Plus",,SU,1297791.0,wiki_2023_table,False,original,,,,,58400595000.0,24820252875.0,hit,10.0,379210.4,major_studio,,,,
id_saranjana_kota_ghaib_2023,Saranjana: Kota Ghaib,2023,2023-10-26,oktober,Q4,reguler,Horor,Johansyah Jumberan,"Adinda Azani, Betari Ayu, Irzan Faiq, Ajeng Fauziah, Luthfi Aulia",DHF Entertainment,,13+,1248360.0,wiki_2023_table,False,original,,,,,56176200000.0,23874885000.0,hit,3.0,901051.6666666666,mid_or_indie,,,,
id_1_kakak_7_ponakan_2025,1 Kakak 7 Ponakan,2025,2025-01-23,januari,Q1,reguler,Drama Keluarga,Yandy Laurens,Chicco Kurniawan Amanda Rawles Fatih Unru Freya Jayawardana Ahmad Nadif Kawai Labiba Ringgo Agus Rahman Niken Anjani Kiki Narendra Maudy Koesnaedi,Mandela Pictures Cerita Films Legacy Pictures Masih Belajar Pictures Rhaya Flicks Infia Volix Pictures StickEarn Visual Media Studio,Netflix,SU,1237043.0,wiki_2025_table,False,original,,,,,58759542500.0,24972805562.5,hit,3.0,1655904.3333333333,mid_or_indie,,,,
id_santet_segoro_pitu_2024,Santet Segoro Pitu,2024,2024-11-07,november,Q4,reguler,,,,,-,,1227153.0,wiki_2024_top,False,original,7019.0,3773589.0,425.0,1.33,55221885000.0,23469301125.0,hit,,,indie_or_unknown,,,,
id_tiba_tiba_setan_2026,Tiba-Tiba Setan,2026,2026-04-16,april,Q2,lebaran,Komedi,Etienne Caesar,"Lolox, Oki Rengga, Ratu Felisha",Ess Jay Pictures,-,,1223717.0,wiki_2026_table,False,original,,,,,61185850000.0,26003986250.0,hit,2.0,642100.0,mid_or_indie,,,,
id_kuyank_2026,Kuyank,2026,2026-01-29,januari,Q1,reguler,Horor,Johansyah Jumberan,"Rio Dewanto, Putri Intan Kasela, Ochi Rosdiana",DHF Entertainment,-,,1216815.0,wiki_2026_table,False,original,,,,,60840750000.0,25857318750.0,hit,3.0,901051.6666666666,mid_or_indie,,,,
id_agensi_rumah_tangga_2026,Agensi Rumah Tangga,2026,2026-09-10,september,Q3,reguler,Drama,Naya Anindita,"Enzy Storia, Afgan, Fita Anggriani","Starvision, Legacy Pictures, Vortera Studios, Navvaros",-,,1198027.0,wiki_2026_top,False,original,,,,,59901350000.0,25458073750.0,hit,3.0,2399948.0,major_studio,,,,
id_senin_harga_naik_2026,Senin Harga Naik,2026,2026-03-18,maret,Q1,lebaran,Drama,Dinna Jasanti,"Nadya Arina, Meriam Bellina, Andri Mashadi","Starvision, Legacy Pictures",-,,1177201.0,wiki_2026_table,False,original,,,,,58860050000.0,25015521250.0,hit,5.0,609037.0,major_studio,,,,
id_semua_akan_baik_baik_saja_2026,Semua Akan Baik-Baik Saja,2026,2026-05-13,mei,Q2,reguler,Drama,Baim Wong,"Reza Rahadian, Ari Irham,Teuku Rifnu Wikana",Tiger Wong Entertainment,-,,1168135.0,wiki_2026_table,False,original,,,,,58406750000.0,24822868750.0,hit,3.0,1007262.0,mid_or_indie,,,,
id_khanzab_2023,Khanzab,2023,2023-04-19,april,Q2,lebaran,Horor,Anggy Umbara,"Tika Bravani, Yasamin Jasem, Arswendy Beningswara, Rizky Hanggono, Munggaran Meldrat","Dee Company, Umbara Brothers Film",,13+,1166706.0,wiki_2023_table,False,original,,,,,52501770000.0,22313252250.0,hit,12.0,964791.25,major_studio,,,,
id_sosok_ketiga_2023,Sosok Ketiga,2023,2023-06-22,juni,Q2,libur_sekolah,Horor,Dedy Mercy,"Celine Evangelista, Erika Carlina, Samuel Rizal, Dewi Irawan, Marshel Widianto",Leo Pictures,,17+,1162291.0,wiki_2023_table,False,original,,,,,52303095000.0,22228815375.0,hit,4.0,477721.25,mid_or_indie,,,,
id_akhir_kisah_cinta_si_doel_2020,Akhir Kisah Cinta Si Doel,2020,2020-01-23,januari,Q1,reguler,Percintaan,Rano Karno,"Rano Karno, Cornelia Agatha, Maudy Koesnaedy, Mandra, Suti Karno, Aminah Cendrakasih, Rey Bong, Ahmad Zulhoir Mardia","Falcon Pictures, Karnos Film",Netflix,13+,1155859.0,wiki_2020_table,False,adaptation,,,,,43922642000.0,18667122850.0,hit,1.0,1155859.0,major_studio,,,,
id_panggonan_wingit_2023,Panggonan Wingit,2023,2023-11-30,november,Q4,reguler,Horor,Guntur Soeharjanto,"Luna Maya, Christian Sugiono","Hitmaker Studios, Legacy Pictures",,13+,1128376.0,wiki_2023_table,False,original,,,,,50776920000.0,21580191000.0,hit,10.0,811574.5,major_studio,,,,
id_argantara_2022,Argantara,2022,2022-12-29,desember,Q4,libur_akhir_tahun,"Drama, Aksi",Guntur Soeharjanto,"Aliando Syarief, Natasha Wilona, Teuku Rassya",Hitmaker Studios,,13+,1101359.0,wiki_2022_table,False,original,,,,,46257078000.0,19659258150.0,hit,10.0,811574.5,major_studio,,,,
id_panggonan_wingit_2_miss_k_2024,Panggonan Wingit 2: Miss K,2024,2024-12-25,desember,Q4,libur_akhir_tahun,,,,,-,,1074836.0,wiki_2024_top,True,sequel_or_franchise,,,,,48367620000.0,20556238500.0,hit,,,indie_or_unknown,,,,
id_believe_the_ultimate_battle_2025,Believe: The Ultimate Battle,2025,2025-07-24,juli,Q3,libur_sekolah,Laga Perang,Rahabi Mandra,Adinda Thomas Ajil Ditto Maudy Koesnaedi Wafda Saifan Marthino Lio Faqih Alaydrus Moh. Iqbal Sulaiman Eduwart Manalu Zidni Hakim Tubagus Ali Aditya Lakon Hardi Fadhillah Khael Bogota Haydar Salishz Gibran Bung Alle Nizar Umar Akbar Dwi Surya,Bahagia Tanpa Drama,,,1038688.0,wiki_2025_table,False,original,,,,,49337680000.0,20968514000.0,hit,3.0,604766.6666666666,mid_or_indie,,,,
id_layangan_putus_the_movie_2023,Layangan Putus the Movie,2023,2023-12-21,desember,Q4,libur_akhir_tahun,Drama,Benni Setiawan,"Reza Rahadian, Raihaanun, Anya Geraldine",MD Pictures,,,1021899.0,wiki_2023_table,False,original,,,,,45985455000.0,19543818375.0,hit,6.0,645686.5,major_studio,,,,
id_children_of_heaven_2026,Children of Heaven,2026,2026-05-27,mei,Q2,reguler,"Drama, keluarga",Hanung Bramantyo,"Jared Ali, Humaira Jahra, Andri Mashadi",MD Pictures,-,,1019589.0,wiki_2026_table,False,original,,,,,50979450000.0,21666266250.0,hit,12.0,1291592.3333333333,major_studio,,,,
id_indigo_what_do_you_see_2023,Indigo: What Do You See?,2023,2023-10-19,oktober,Q4,reguler,Horor,Rocky Soraya,"Amanda Manopo, Aliando Syarief, Sara Wijayanto","Hitmaker Studios, Legacy Pictures",,13+,1015231.0,wiki_2023_table,False,original,12378.0,3147375.0,793.0,1.8,45685395000.0,19416292875.0,hit,2.0,1389654.0,major_studio,,,,
id_sukma_2025,Sukma,2025,2025-09-11,september,Q3,reguler,Horor,Baim Wong,Luna Maya Christine Hakim Oka Antara Kimberly Ryder Asri Welas Khrisna Keitaro Anna Jobling Fedi Nuril,Legacy Pictures Tiger Wong Productions,,,1011679.0,wiki_2025_table,False,original,,,,,48054752500.0,20423269812.5,hit,3.0,1007262.0,mid_or_indie,,,,
id_13_bom_di_jakarta_2023,13 Bom di Jakarta,2023,2023-12-28,desember,Q4,libur_akhir_tahun,Laga,Angga Dwimas Sasongko,"Ardhito Pramono, Lutesha, Chicco Kurniawan, Rio Dewanto, Ganindra Bimo, Putri Ayudya",Visinema Pictures,,,1005000.0,wiki_2023_table,True,sequel_or_franchise,,,,,45225000000.0,19220625000.0,hit,6.0,1110135.8333333333,major_studio,,,,
id_cerita_lila_2026,Cerita Lila,2026,2026-06-18,juni,Q2,libur_sekolah,Horor,Bobby Prasetyo,"Shareefa Daanish, Lutesha, Whani Darmawan","MVP Pictures, Legacy Pictures",-,,1004835.0,wiki_2026_table,False,adaptation,,,,,50241750000.0,21352743750.0,hit,9.0,814871.3333333334,mid_or_indie,,,,
id_the_architecture_of_love_2024,The Architecture of Love,2024,2024-04-30,april,Q2,lebaran,Drama,Teddy Soeriaatmadja,"Putri Marino, Nicholas Saputra, Jerome Kurnia","Starvision, Karuna Pictures",-,13+,1003999.0,wiki_2024_table,False,original,,,,,45179955000.0,19201480875.0,hit,3.0,395552.6666666667,major_studio,,,,
id_kereta_berdarah_2024,Kereta Berdarah,2024,2024-02-01,februari,Q1,reguler,Horor,Rizal Mantovani,"Hana Malasan, Zara Leola, Kiki Narendra",MVP Pictures,-,17+,1000027.0,wiki_2024_table,False,original,,,,,45001215000.0,19125516375.0,hit,13.0,577996.2307692308,mid_or_indie,,,,
id_bolehkah_sekali_saja_kumenangis_2024,Bolehkah Sekali Saja Kumenangis,2024,2024-10-17,oktober,Q4,reguler,Drama,Reka Wijaya,"Prilly Latuconsina, Pradikta Wicaksono",Sinemaku Pictures,-,,1000000.0,wiki_2024_table,False,original,,,,,45000000000.0,19125000000.0,hit,4.0,268296.5,mid_or_indie,,,,
id_rangga_dan_cinta_2025,Rangga dan Cinta,2025,2025-10-02,oktober,Q4,reguler,Romansa Musikal,Riri Riza,El Putra Sarira Leya Princy Jasmine Nadya Daniella Tumiwa Kyandra Sembel Katyana Mawira Rafly Altama Rafi Sudirman,Miles Films Surya Citra Media Imajinari Productions Barunson E&A Trinity Entertainment Jagartha Dwidaya Amadeo Gemintang Primeworks Studios,,13+,919554.0,wiki_2025_table,False,original,,,,,43678815000.0,18563496375.0,moderate,3.0,1136700.3333333333,major_studio,,,,
id_keramat_2_caruban_larang_2022,Keramat 2: Caruban Larang,2022,2022-11-24,november,Q4,reguler,Horor,Monty Tiwa,"Umay Shahab, Lutesha, Ajil Ditto, Arla Ailani, Josephine Firmstone, Maura Gabrielle, Keanu Angelo","Starvision Plus, Moviesta Pictures",,13+,918099.0,wiki_2022_table,True,sequel_or_franchise,,,,,38560158000.0,16388067150.0,moderate,7.0,334049.28571428574,major_studio,,,,
id_ibu_bagaimana_aku_tanpamu_2026,"Ibu, Bagaimana Aku Tanpamu?",2026,2026-09-24,september,Q3,reguler,Drama,Herwin Novianto,"Marsha Timothy, Fara Shakila, Praz Teguh",Falcon Pictures,-,,916158.0,wiki_2026_top,False,original,,,,,45807900000.0,19468357500.0,moderate,8.0,1167316.125,major_studio,,,,
id_waktu_maghrib_2_2025,Waktu Maghrib 2,2025,2025-05-28,mei,Q2,reguler,Horor,Sidharta Tata,Muzakki Ramdhan Omar Daniel Anantya Kirana Nopek Novian Sultan Hamonangan Sadana Agung Fita Anggriani,Rapi Films,,17+,910665.0,wiki_2025_table,True,sequel_or_franchise,,,,,43256587500.0,18384049687.5,moderate,6.0,676897.5,major_studio,,,,
id_andai_ibu_tidak_menikah_dengan_ayah_2025,Andai Ibu Tidak Menikah dengan Ayah,2025,2025-09-04,september,Q3,reguler,Keluarga,Kuntz Agus,Amanda Rawles Sha Ine Febriyanti Bucek Depp Eva Celia Nayla Purnama Indian Akbar,Rapi Films Screenplay Films Legacy Pictures Vortera Studios,,13+,903277.0,wiki_2025_table,False,original,,,,,42905657500.0,18234904437.5,moderate,6.0,666599.5,major_studio,,,,
id_badut_gendong_2026,Badut Gendong,2026,2026-05-27,mei,Q2,reguler,Horor,Charles Gozali,"Marthino Lio, Clara Bernadeth, Derby Romero",Magma Entertainment,-,,892158.0,wiki_2026_table,False,original,,,,,44607900000.0,18958357500.0,moderate,5.0,1138796.8,major_studio,,,,
id_thaghut_2024,Thaghut,2024,2024-08-29,agustus,Q3,kemerdekaan,Horor,Bobby Prasetyo,"Yasmin Napper, Arbani Yasiz, Ria Ricis","Leo Pictures, Legacy Pictures",-,13+,887283.0,wiki_2024_table,False,original,,,,,39927735000.0,16969287375.0,moderate,9.0,814871.3333333334,mid_or_indie,,,,
id_pamali_2022,Pamali,2022,2022-10-06,oktober,Q4,reguler,Horor,Bobby Prasetyo,"Marthino Lio, Putri Ayudya, Taskya Namya, Unique Priscilla, Rukman Rosadi, Fajar Nugra",Lyto Pictures,,17+,880618.0,wiki_2022_table,False,original,,,,,36985956000.0,15719031300.0,moderate,9.0,814871.3333333334,mid_or_indie,,,,
id_la_tahzan_cinta_dosa_luka_2025,"La Tahzan: Cinta, Dosa, Luka...",2025,2025-08-14,agustus,Q3,kemerdekaan,Drama Religi,Hanung Bramantyo,Asri Welas Ariel Tatum Marshanda Deva Mahenra Benedictus Siregar Rachel Mikhayla,MD Pictures,,17+,878572.0,wiki_2025_table,False,original,,,,,41732170000.0,17736172250.0,moderate,12.0,1291592.3333333333,major_studio,,,,
id_cek_toko_sebelah_2_2022,Cek Toko Sebelah 2,2022,2022-12-22,desember,Q4,libur_akhir_tahun,"Drama, Komedi",Ernest Prakasa,"Ernest Prakasa, Laura Basuki, Chew Kin Wah, Dion Wiyoko, Adinia Wirasti, Maya Hasan, Widuri Puteri",Starvision Plus,,13+,870285.0,wiki_2022_table,True,sequel_or_franchise,,,,,36551970000.0,15534587250.0,moderate,2.0,521651.0,major_studio,,,,
id_panggil_aku_ayah_2025,Panggil Aku Ayah,2025,2025-08-07,agustus,Q3,kemerdekaan,Keluarga,Benni Setiawan,Ringgo Agus Rahman Boris Bokir Tissa Biani Myesha Lin Grace Emmanuela Sita Nursanti,Visinema Studios CJ E&M Legacy Pictures Anami Films CBI Pictures Indopictures Studio,,,867191.0,wiki_2025_table,False,original,,,,,41191572500.0,17506418312.5,moderate,6.0,645686.5,major_studio,,,,
id_jalan_yang_jauh_jangan_lupa_pulang_2023,"Jalan yang Jauh, Jangan Lupa Pulang",2023,2023-02-02,februari,Q1,reguler,Drama,Angga Dwimas Sasongko,"Sheila Dara Aisha, Rachel Amanda, Rio Dewanto, Jerome Kurnia, Lutesha, Ganindra Bimo","Visinema Pictures, Legacy Pictures, XRM Media",,13+,866367.0,wiki_2023_table,False,original,,,,,38986515000.0,16569268875.0,moderate,6.0,1110135.8333333333,major_studio,,,,
id_kaka_boss_2024,Kaka Boss,2024,2024-08-29,agustus,Q3,kemerdekaan,Komedi,"Arie Kriting, Kristo Immanuel","Godfred Orindeod, Glory Hillary, Ernest Prakasa","Imajinari, Jagartha",-,13+,859190.0,wiki_2024_table,False,original,,,,,38663550000.0,16432008750.0,moderate,1.0,859190.0,major_studio,,,,
id_jurnal_risa_by_risa_saraswati_2024,Jurnal Risa by Risa Saraswati,2024,2024-07-11,juli,Q3,libur_sekolah,"Horor, mokumenter",Rizal Mantovani,"Risa Saraswati, Prinsa Mandagie, Ranggana Purwana","MD Pictures, Pichouse Films",-,13+,858106.0,wiki_2024_table,False,original,15483.0,1433003.0,792.0,3.76,38614770000.0,16411277250.0,moderate,13.0,577996.2307692308,major_studio,,,,
id_pengantin_setan_2025,Pengantin Setan,2025,2025-01-16,januari,Q1,reguler,Horor,Azhar Kinoi Lubis,Erika Carlina Emir Mahira Ruth Marini Ence Bagus,MVP Pictures,,17+,843580.0,wiki_2025_table,False,original,,,,,40070050000.0,17029771250.0,moderate,13.0,1003415.4615384615,mid_or_indie,,,,
id_lembayung_2024,Lembayung,2024,2024-09-19,september,Q3,reguler,Horor,Baim Wong,"Yasamin Jasem, Taskya Namya, Arya Saloka",MNC Pictures,-,17+,841972.0,wiki_2024_table,False,original,,,,,37888740000.0,16102714500.0,moderate,3.0,1007262.0,mid_or_indie,,,,
id_mangkujiwo_2020,Mangkujiwo,2020,2020-01-30,januari,Q1,reguler,Horor,Azhar Kinoi Lubis,"Yasamin Jasem, Asmara Abigail, Karina Suwandi, Sujiwo Tedjo, Djenar Maesa Ayu",MVP Pictures,iflix,17+,834806.0,wiki_2020_table,False,original,,,,,31722628000.0,13482116900.0,moderate,13.0,1003415.4615384615,mid_or_indie,,,,
id_sebelum_iblis_menjemput_ayat_2_2020,Sebelum Iblis Menjemput Ayat 2,2020,2020-02-27,februari,Q1,reguler,Horor,Timo Tjahjanto,"Chelsea Islan, Hadijah Shahab, Karina Salim, Widika Sidmore, Shareefa Daanish, Baskara Mahendra, Arya Vasco, Lutesha","Frontier Pictures, Legacy Pictures, Rapi Films, Brown Entertainment",Disney+ Hotstar,17+,834126.0,wiki_2020_table,True,sequel_or_franchise,,,,,31696788000.0,13471134900.0,moderate,1.0,834126.0,major_studio,,,,
id_trinil_kembalikan_tubuhku_2024,Trinil: Kembalikan Tubuhku,2024,2024-01-04,januari,Q1,reguler,Horor,Hanung Bramantyo,"Carmela van der Kruk, Rangga Nattra, Fattah Amin",Dapur Film,-,17+,833124.0,wiki_2024_table,False,original,,,,,37490580000.0,15933496500.0,moderate,12.0,1291592.3333333333,mid_or_indie,,,,
id_inang_2022,Inang,2022,2022-10-13,oktober,Q4,reguler,"Horor, Cerita seru",Fajar Nugros,"Naysilla Mirdad, Dimas Anggara, Rukman Rosadi, Lydia Kandou",IDN Pictures,,17+,828168.0,wiki_2022_table,False,original,,,,,34783056000.0,14782798800.0,moderate,8.0,362432.875,major_studio,,,,
id_kkn_di_desa_penari_luwih_dowo_luwih_medeni_2022,"KKN di Desa Penari: Luwih Dowo, Luwih Medeni",2022,2022-12-29,desember,Q4,libur_akhir_tahun,Horor,Awi Suryadi,"Tissa Biani, Adinda Thomas, Achmad Megantara, Aghniny Haque, Calvin Jeremy, Fajar Nugra","MD Pictures, Pichouse Films",,17+,827186.0,wiki_2022_table,False,original,,,,,34741812000.0,14765270100.0,moderate,9.0,2431071.6666666665,major_studio,,,,
id_temantapimenikah2_2020,TemanTapiMenikah2,2020,2020-02-27,februari,Q1,reguler,Percintaan,Rako Prijanto,"Adipati Dolken, Mawar Eva de Jongh",Falcon Pictures,Netflix,13+,819879.0,wiki_2020_table,True,sequel_or_franchise,,,,,31155402000.0,13241045850.0,moderate,7.0,225236.57142857142,major_studio,,,,
id_munafik_melawan_iblis_2026,Munafik: Melawan Iblis,2026,2026-09-03,september,Q3,reguler,Horor,Guntur Soeharjanto,"Arya Saloka, Acha Septriasa, Dimas Aditya",Unlimited Production,-,,810516.0,wiki_2026_table,False,original,,,,,40525800000.0,17223465000.0,moderate,10.0,811574.5,mid_or_indie,,,,
id_catatan_harian_menantu_sinting_2024,Catatan Harian Menantu Sinting,2024,2024-07-18,juli,Q3,libur_sekolah,"Drama, komedi",Sunil Soraya,"Ariel Tatum, Raditya Dika, Lina Marpaung",Soraya Intercine Films,-,13+,794934.0,wiki_2024_table,False,original,17909.0,2151656.0,257.0,3.79,35772030000.0,15203112750.0,moderate,1.0,794934.0,major_studio,,,,
id_sosok_ketiga_lintrik_2025,Sosok Ketiga: Lintrik,2025,2025-11-06,november,Q4,reguler,Horror,Fajar Nugros,Wafda Saifan Adinda Thomas Nugie Atiqah Hasiholan Aulia Sarah Adzwa Aurell Radja Nasution Alifa Lubis Saputra Kori,,,,786518.0,wiki_2025_table,False,original,,,,,37359605000.0,15877832125.0,moderate,8.0,362432.875,indie_or_unknown,,,,
id_munkar_2024,Munkar,2024,2024-02-07,februari,Q1,reguler,Horor,Anggy Umbara,"Adhisty Zara, Ratu Sofya, Saskia Chadwick","MD Pictures, Pichouse Films",-,13+,774516.0,wiki_2024_table,False,original,,,,,34853220000.0,14812618500.0,moderate,12.0,964791.25,major_studio,,,,
id_laura_2024,Laura,2024,2024-09-12,september,Q3,reguler,Drama,Hanung Bramantyo,"Amanda Rawles, Kevin Ardilova, Carissa Perusset","MD Pictures, Dapur Film",-,13+,774125.0,wiki_2024_table,False,original,,,,,34835625000.0,14805140625.0,moderate,12.0,1291592.3333333333,major_studio,,,,
id_dusun_mayit_2025,Dusun Mayit,2025,2025-12-31,desember,Q4,libur_akhir_tahun,Horror,Rizal Mantovani,Amanda Manopo Randy Martin Fahad Haydra Ersya Aurelia,,,,771983.0,wiki_2025_table,False,original,,,,,36669192500.0,15584406812.5,moderate,13.0,577996.2307692308,indie_or_unknown,,,,
id_gampang_cuan_2023,Gampang Cuan,2023,2023-11-16,november,Q4,reguler,"Drama, Komedi",Rahabi Mandra,"Vino G. Bastian, Anya Geraldine, Alzi Markers, Meriam Bellina","Temata Studios, Adhya Pictures",,13+,767249.0,wiki_2023_table,False,original,,,,,34526205000.0,14673637125.0,moderate,3.0,604766.6666666666,mid_or_indie,,,,
id_mariposa_2020,Mariposa,2020,2020-03-12,maret,Q1,reguler,Drama,Fajar Bustomi,"Angga Yunanda, Adhisty Zara","Falcon Pictures, Starvision Plus",Netflix,13+,765142.0,wiki_2020_table,False,original,,,,,29075396000.0,12357043300.0,moderate,10.0,379210.4,major_studio,,,,
id_dear_nathan_thank_you_salma_2022,Dear Nathan: Thank You Salma,2022,2022-01-13,januari,Q1,reguler,"Drama, Roman",Kuntz Agus,"Amanda Rawles, Jefri Nichol, Ardhito Pramono, Indah Permatasari, Susan Sameh","Rapi Films, Screenplay Films",,13+,754122.0,wiki_2022_table,False,original,,,,,31673124000.0,13461077700.0,moderate,6.0,666599.5,major_studio,,,,
id_petaka_gunung_welirang_2026,Petaka Gunung Welirang,2026,2026-07-03,juli,Q3,libur_sekolah,Horor,Indra Gunawan,"Antonio Blanco Jr., Alika Jantinia, Giulio Parengkuan",Starvision,-,,732931.0,wiki_2026_table,False,original,,,,,36646550000.0,15574783750.0,moderate,11.0,227966.54545454544,major_studio,,,,
id_pembantaian_dukun_santet_2025,Pembantaian Dukun Santet,2025,2025-05-08,mei,Q2,reguler,Horor,Azhar Kinoi Lubis,Ariyo Wahab Teuku Rifnu Wikana Aurora Ribero Kevin Ardilova Pritt Timothy Annisa Hertami Totos Rasiti Moh Iqbal Sulaiman Kaneishia Yusuf,Pichouse Films,,,729992.0,wiki_2025_table,False,original,,,,,34674620000.0,14736713500.0,moderate,13.0,1003415.4615384615,mid_or_indie,,,,
id_almarhum_2025,Almarhum,2025,2025-01-09,januari,Q1,reguler,Horor,Adhe Dharmastriya,Dimas Aditya Rizky Hanggono Ruth Marini Rukman Rosadi Alzi Markers,Unlimited Production A&Z Films,,17+,726121.0,wiki_2025_table,False,original,,,,,34490747500.0,14658567687.5,moderate,4.0,373153.25,mid_or_indie,,,,
id_menjelang_ajal_2024,Menjelang Ajal,2024,2024-04-30,april,Q2,lebaran,Horor,Hadrah Daeng Ratu,"Shareefa Daanish, Daffa Wardhana, Caitlin Halderman","Rapi Films, Sky Media",-,17+,711122.0,wiki_2024_table,False,original,,,,,32000490000.0,13600208250.0,moderate,13.0,1183652.5384615385,major_studio,,,,
id_norma_antara_mertua_dan_menantu_2025,Norma: Antara Mertua dan Menantu,2025,2025-03-31,maret,Q1,lebaran,Drama Percintaan,Guntur Soeharjanto,Wulan Guritno Tissa Biani Rukman Rosadi Erick Estrada Yusuf Mahardika Astri Nurdin Nunung Adila Fitri Tomy Babap,Dee Company,,13+,702132.0,wiki_2025_table,False,original,,,,,33351270000.0,14174289750.0,moderate,10.0,811574.5,major_studio,,,,
id_pengantin_iblis_2025,Pengantin Iblis,2025,2025-01-29,januari,Q1,reguler,Horor,Azhar Kinoi Lubis,Wafda Saifan Taskya Namya Elly D. Luthan Ratna Riantiarno Givina Lukita Dewi,LYTO Pictures,,13+,700605.0,wiki_2025_table,False,original,,,,,33278737500.0,14143463437.5,moderate,13.0,1003415.4615384615,mid_or_indie,,,,
id_sihir_pelakor_2025,Sihir Pelakor,2025,2025-07-31,juli,Q3,libur_sekolah,Horor,Bobby Prasetyo,Asmara Abigail Adhisty Zara Indra Birowo Fathir Muchtar Ruth Marini Marcella Zalianty Neona Ayu Fadi Alaydrus Hana Malasan Ara Ajisiwi Alfie Alfandy Jared Ali Fajar Aditya Sofia Yulinar Sania Leonardo Nissy Meinard,Kharisma Starvision Plus,,,665070.0,wiki_2025_table,False,original,,,,,31590825000.0,13426100625.0,moderate,9.0,814871.3333333334,major_studio,,,,
id_tuhan_izinkan_aku_berdosa_2024,"Tuhan, Izinkan Aku Berdosa",2024,2024-05-22,mei,Q2,reguler,Drama,Hanung Bramantyo,"Aghniny Haque, Donny Damara, Djenar Maesa Ayu,","MVP Pictures, Dapur Film",-,17+,655725.0,wiki_2024_table,False,original,,,,,29507625000.0,12540740625.0,moderate,12.0,1291592.3333333333,mid_or_indie,,,,
id_jatuh_cinta_seperti_di_film_film_2023,Jatuh Cinta Seperti di Film-film,2023,2023-11-30,november,Q4,reguler,"Drama, Romansa",Yandy Laurens,"Ringgo Agus Rahman, Nirina Zubir, Alex Abbad, Sheila Dara Aisha, Dion Wiyoko, Julie Estelle","Imajinari, Jagartha, Trinity Entertainment, Cerita Films",,13+,648591.0,wiki_2023_table,False,original,,,,,29186595000.0,12404302875.0,moderate,3.0,1655904.3333333333,major_studio,,,,
id_harusnya_horror_2026,Harusnya Horror,2026,2026-08-20,agustus,Q3,kemerdekaan,"Horor, komedi",Reza Oktovian,"Reza Oktovian, Lula Lahfah, Tierison",Ess Jay Pictures,-,,629421.0,wiki_2026_table,False,original,,,,,31471050000.0,13375196250.0,moderate,1.0,629421.0,mid_or_indie,,,,
id_mumun_2022,Mumun,2022,2022-09-01,september,Q3,reguler,"Horor, Komedi",Rizal Mantovani,"Acha Septriasa, Dimas Aditya, Volland Humonggio, Mandra",Dee Company,,13+,627695.0,wiki_2022_table,False,original,,,,,26363190000.0,11204355750.0,moderate,13.0,577996.2307692308,major_studio,,,,
id_jagat_alam_gaib_sinden_gaib_2024,Jagat Alam Gaib: Sinden Gaib,2024,2024-02-22,februari,Q1,reguler,Horor,Faozan Rizal,"Sara Fajira, Riza Syah, Dimas Aditya","Starvision, Evergreen Pictures",-,13+,619538.0,wiki_2024_table,False,original,,,,,27879210000.0,11848664250.0,moderate,4.0,194025.5,major_studio,,,,
id_hello_ghost_2023,Hello Ghost,2023,2023-05-11,mei,Q2,reguler,"Komedi, horor",Indra Gunawan,"Onadio Leonardo, Enzy Storia, Indro Warkop, Tora Sudiro, Hesti Purwadinata, Ciara Nadine Brosnan",Falcon Pictures,,13+,613212.0,wiki_2023_table,False,original,,,,,27594540000.0,11727679500.0,moderate,11.0,227966.54545454544,major_studio,,,,
id_kitab_sijjin_illiyyin_2025,Kitab Sijjin & Illiyyin,2025,2025-07-17,juli,Q3,libur_sekolah,Horor,Hadrah Daeng Ratu,Eduwart Manalu Yunita Siregar Djenar Maesa Ayu Tarra Budiman Kawai Labiba,Rapi Films,,17+,601855.0,wiki_2025_table,False,original,,,,,28588112500.0,12149947812.5,moderate,13.0,1183652.5384615385,major_studio,,,,
id_tumbal_kanjeng_iblis_2022,Tumbal Kanjeng Iblis,2022,2022-12-22,desember,Q4,libur_akhir_tahun,Horor,Mizam Fadilah Ananda,"Sheryl Sheinafia, Putri Ayudya, Miller Khan, Omar Daniel, Yunita Siregar, Teuku Rifnu Wikana","Visinema Pictures, Legacy Pictures",,17+,600360.0,wiki_2022_table,False,original,,,,,25215120000.0,10716426000.0,moderate,1.0,600360.0,major_studio,,,,
id_gjls_ibuku_ibu_ibu_2025,GJLS: Ibuku Ibu-Ibu,2025,2025-06-12,juni,Q2,libur_sekolah,Komedi Keluarga,Monty Tiwa,Luna Maya Nadya Arina Hifdzi Khoir Bucek Depp Rigen Rakelna Ananta Rispo,Amadeus Sinemagna,,17+,597165.0,wiki_2025_table,False,original,,,,,28365337500.0,12055268437.5,moderate,7.0,334049.28571428574,mid_or_indie,,,,
id_sri_asih_2022,Sri Asih,2022,2022-11-17,november,Q4,reguler,"Aksi, Pahlawan super",Upi,"Pevita Pearce, Reza Rahadian, Christine Hakim, Jefri Nichol, Dimas Anggara, Surya Saputra","Screenplay Bumilangit, SK Global, Legacy Pictures, DMMX Media, Adhya Group",,13+,579889.0,wiki_2022_table,False,original,,,,,24355338000.0,10351018650.0,moderate,1.0,579889.0,major_studio,,,,
id_budi_pekerti_2023,Budi Pekerti,2023,2023-11-02,november,Q4,reguler,Drama,Wregas Bhanuteja,"Sha Ine Febriyanti, Dwi Sasono, Angga Yunanda, Prilly Latuconsina","Kaninga Pictures, Rekata Studio",,13+,579478.0,wiki_2023_table,False,original,,,,,26076510000.0,11082516750.0,moderate,2.0,366188.0,mid_or_indie,,,,
id_gara_gara_warisan_2022,Gara-Gara Warisan,2022,2022-04-30,april,Q2,reguler,"Drama, Komedi",Muhadkly Acho,"Oka Antara, Indah Permatasari, Ge Pamungkas, Yayu Unru, Ira Wibowo",Starvision Plus,,13+,574830.0,wiki_2022_table,False,original,,,,,24142860000.0,10260715500.0,moderate,4.0,5212773.75,major_studio,,,,
id_aku_tahu_kapan_kamu_mati_2020,Aku Tahu Kapan Kamu Mati,2020,2020-03-05,maret,Q1,reguler,Horor,Hadrah Daeng Ratu,"Al Ghazali, Natasha Wilona, Ria Ricis","Maxima Pictures, Unlimited Production",Disney+ Hotstar,13+,567701.0,wiki_2020_table,False,original,,,,,21572638000.0,9168371150.0,moderate,13.0,1183652.5384615385,mid_or_indie,,,,
id_pangku_2025,Pangku,2025,2025-11-06,november,Q4,reguler,Drama,Reza Rahadian,Fedi Nuril Christine Hakim Devano Danendra Claresta Taufan Shakeel Fauzi Aisy,Gambar Gerak,,,562332.0,wiki_2025_table,False,original,,,,,26710770000.0,11352077250.0,moderate,1.0,562332.0,mid_or_indie,,,,
id_menjelang_magrib_2022,Menjelang Magrib,2022,2022-03-31,maret,Q1,reguler,Horor,Helfi Kardit,"Annette Edoarda, Novia Bachmid, Jeffry Reksa, Fajar Kurniawan, Tien Kadaryono","Helroad Films, Silent D Pictures",,13+,556193.0,wiki_2022_table,False,original,,,,,23360106000.0,9928045050.0,moderate,4.0,274301.75,mid_or_indie,,,,
id_mangkujiwo_2_2023,Mangkujiwo 2,2023,2023-01-26,januari,Q1,reguler,"Horor, cerita seru",Azhar Kinoi Lubis,"Sujiwo Tejo, Djenar Maesa Ayu, Yasamin Jasem, Karina Suwandi",MVP Pictures,,17+,555934.0,wiki_2023_table,True,sequel_or_franchise,,,,,25017030000.0,10632237750.0,moderate,13.0,1003415.4615384615,mid_or_indie,,,,
id_do_you_see_what_i_see_2024,Do You See What I See,2024,2024-05-16,mei,Q2,reguler,Horor,Awi Suryadi,"Shenina Cinnamon, Diandra Agatha, Sonia Alyssa","MD Pictures, Pichouse Films",-,13+,545490.0,wiki_2024_table,False,original,,,,,24547050000.0,10432496250.0,moderate,9.0,2431071.6666666665,major_studio,,,,
id_sengkolo_malam_satu_suro_2024,Sengkolo: Malam Satu Suro,2024,2024-06-20,juni,Q2,libur_sekolah,Horor,Hanny R. Saputra,"Donny Alamsyah, Fauzan Nasrul, Anantya Kirana",MVP Pictures,-,13+,542891.0,wiki_2024_table,False,original,,,,,24430095000.0,10382790375.0,moderate,5.0,194977.6,mid_or_indie,,,,
id_cyberbullying_2025,Cyberbullying,2025,2025-10-23,oktober,Q4,reguler,,Rusmin Nuryadin,Roy Marten Arlita Renggiana Cahyary Nagara Amanda Putri Revina Andi Putri Najwah,,,,540788.0,wiki_2025_table,False,original,,,,,25687430000.0,10917157750.0,moderate,1.0,540788.0,indie_or_unknown,,,,
id_rumah_untuk_alie_2025,Rumah untuk Alie,2025,2025-04-17,april,Q2,lebaran,Drama Keluarga Psikologi,Herwin Novianto,Tika Bravani Rizky Hanggono Anantya Kirana Ully Triani Dito Darmawan,Falcon Pictures,,13+,539222.0,wiki_2025_table,False,original,,,,,25613045000.0,10885544125.0,moderate,8.0,1167316.125,major_studio,,,,
id_kafir_gerbang_sukma_2026,Kafir: Gerbang Sukma,2026,2026-01-29,januari,Q1,reguler,Horor,Azhar Kinoi Lubis,"Putri Ayudya, Rangga Azof, Nadya Arina",Starvision,-,,525717.0,wiki_2026_table,False,original,,,,,26285850000.0,11171486250.0,moderate,13.0,1003415.4615384615,major_studio,,,,
id_dilan_itb_1997_2026,Dilan: ITB 1997,2026,2026-04-30,april,Q2,lebaran,Drama,"Fajar Bustomi, Pidi Baiq","Nazril Irham, Niken Anjani, Raline Shah",Falcon Pictures,-,,516743.0,wiki_2026_table,True,sequel_or_franchise,,,,,25837150000.0,10980788750.0,moderate,2.0,1836338.0,major_studio,,,,
id_pencarian_terakhir_2025,Pencarian Terakhir,2025,2025-08-28,agustus,Q3,kemerdekaan,Horor,Affandi Abdul Rachman,Donny Alamsyah Alex Abbad Verdi Solaiman Ramon Y. Tungka Yama Carlos Artika Sari Devi Fatih Unru Egi Fedly Ruth Marini Fuad Idris Dinda Mahira Fadi Alaydrus Moh. Iqbal Sulaiman Adzana Ashel Andrew Andika Razan Zu Azkya Mahira Alika Jantinia Tesadesrada Ryza,Kharisma Starvision Plus,,,512205.0,wiki_2025_table,False,original,,,,,24329737500.0,10340138437.5,moderate,1.0,512205.0,major_studio,,,,
id_hati_suhita_2023,Hati Suhita,2023,2023-05-25,mei,Q2,reguler,Drama,Archie Hekagery,"Nadya Arina, Omar Daniel, Anggika Bölsterli",Starvision Plus,,13+,506800.0,wiki_2023_table,False,original,,,,,22806000000.0,9692550000.0,moderate,3.0,222676.0,major_studio,,,,
id_tak_ingin_usai_di_sini_2025,Tak Ingin Usai di Sini,2025,2025-06-05,juni,Q2,libur_sekolah,Drama Romantis,Robert Ronny,Vanesha Prescilla Tanta Ginting Rayn Wijaya Davina Karamoy Rukman Rosadi Anya Zen Bryan Domani Jinan Safa Asha Assuncao Indian Akbar,Paragon Pictures Ideosource Entertainment,,13+,504317.0,wiki_2025_table,False,original,,,,,23955057500.0,10180899437.5,moderate,1.0,504317.0,major_studio,,,,
id_dua_hati_biru_2024,Dua Hati Biru,2024,2024-04-17,april,Q2,lebaran,"Drama, percintaan","Ginatri S. Noer, Dinna Jasanti","Angga Yunanda, Aisha Nurra Datau, Farrell Rafisqy","Starvision, Wahana Kreator",-,13+,501132.0,wiki_2024_table,False,original,,,,,22550940000.0,9584149500.0,moderate,1.0,501132.0,major_studio,,,,
id_teluh_2022,Teluh,2022,2022-01-20,januari,Q1,reguler,"Horor, Cerita seru",Dedy Mercy,"Baron Hermanto, Ferdi Ali, Monique Henry, Farahdibba Ferreira","786 Productions, Mercusuar Films, Black Horse Entertainment, Morning Sky Entertainment",,17+,500039.0,wiki_2022_table,False,original,,,,,21001638000.0,8925696150.0,moderate,4.0,477721.25,mid_or_indie,,,,
id_pemukiman_setan_2024,Pemukiman Setan,2024,2024-01-25,januari,Q1,reguler,"Horor, laga",Charles Gozali,"Maudy Effrosina, Adinda Thomas, Bhisma Mulia","Rapi Films, Magma Entertainment",-,17+,495353.0,wiki_2024_table,False,original,,,,,22290885000.0,9473626125.0,moderate,5.0,1138796.8,major_studio,,,,
id_iblis_dalam_kandungan_2022,Iblis dalam Kandungan,2022,2022-03-10,maret,Q1,reguler,Horor,Adhe Dharmastriya,"Nafa Urbach, Ali Syakieb, Denira Wiraguna, Muhammad Adhiyat",DHF Entertainment,,17+,494896.0,wiki_2022_table,False,original,,,,,20785632000.0,8833893600.0,moderate,4.0,373153.25,mid_or_indie,,,,
id_warkop_dki_viralin_doooong_2026,Warkop DKI: Viralin Doooong..!!,2026,2026-06-11,juni,Q2,libur_sekolah,Komedi,Herwin Novianto,"Tora Sudiro, Vino G. Bastian, Deddy Mahendra Desta",Falcon Pictures,-,,493810.0,wiki_2026_table,False,original,,,,,24690500000.0,10493462500.0,moderate,8.0,1167316.125,major_studio,,,,
id_gundik_2025,Gundik,2025,2025-05-22,mei,Q2,reguler,Horor Penyerbuan,Anggy Umbara,Luna Maya Maxime Bouttier Dian Sidik Agus Kuncoro Rukman Rosadi Ratu Sofya Arief Didu,Umbara Brothers,,17+,493371.0,wiki_2025_table,False,original,,,,,23435122500.0,9959927062.5,moderate,12.0,964791.25,mid_or_indie,,,,
id_pasutri_gaje_2024,Pasutri Gaje,2024,2024-02-07,februari,Q1,reguler,"Drama, percintaan, komedi",Fajar Bustomi,"Reza Rahadian, Bunga Citra Lestari, Indro Warkop",Falcon Pictures,-,13+,467035.0,wiki_2024_table,False,original,,,,,21016575000.0,8932044375.0,moderate,10.0,379210.4,major_studio,,,,
id_operasi_pesta_copet_2026,Operasi Pesta Copet,2026,2026-08-27,agustus,Q3,kemerdekaan,"Komedi, kriminal, musikal",Edy Khemod,"Iqbaal Ramadhan, Kristo Immanuel, Zulfa Maharani",Imajinari,-,,465939.0,wiki_2026_table,False,original,,,,,23296950000.0,9901203750.0,moderate,1.0,465939.0,major_studio,,,,
id_gowok_kamasutra_jawa_2025,Gowok: Kamasutra Jawa,2025,2025-06-05,juni,Q2,libur_sekolah,Drama,Hanung Bramantyo,Reza Rahadian Slamet Rahardjo Raihaanun Devano Danendra Donny Damara Lola Amaria Ali Fikry Djenar Maesa Ayu Alika Jantinia,MVP Pictures Dapur Films,,17+,463000.0,wiki_2025_table,False,original,,,,,21992500000.0,9346812500.0,moderate,12.0,1291592.3333333333,mid_or_indie,,,,
id_nussa_2021,Nussa,2021,2021-10-14,oktober,Q4,reguler,"Animasi, Petualangan, Anak, Religi",Bony Wirasmono,"Muzakki Ramdhan, Aysha Raazana Ocean Fajar, Fenita Arie, Ali Fikry, Alex Abbad","The Little Giantz, Visinema Pictures",,SU,445777.0,wiki_2021_table,False,original,,,,,17831080000.0,7578209000.0,moderate,1.0,445777.0,major_studio,,,,
id_paku_tanah_jawa_2024,Paku Tanah Jawa,2024,2024-06-06,juni,Q2,libur_sekolah,Horor,Bambang Drias,"Masayu Anastasia, Wafda, Gisellma Firmansyah",Armani Entertainment,-,13+,444291.0,wiki_2024_table,False,original,,,,,19993095000.0,8497065375.0,moderate,5.0,197190.0,mid_or_indie,,,,
id_keluarga_cemara_2_2022,Keluarga Cemara 2,2022,2022-06-23,juni,Q2,libur_sekolah,Drama,Ismail Basbeth,"Ringgo Agus Rahman, Nirina Zubir, Adhisty Zara, Widuri Putri Sasono, Niloufer Bahalwan","Visinema Pictures, Jagartha, Blibli, Astro Shaw",,13+,444187.0,wiki_2022_table,True,sequel_or_franchise,,,,,18655854000.0,7928737950.0,moderate,2.0,231189.0,major_studio,,,,
id_marni_the_story_of_wewe_gombel_2024,Marni: The Story of Wewe Gombel,2024,2024-06-27,juni,Q2,libur_sekolah,Horor,Billy Christian,"Ismi Melinda, Amanda Rigby, Hannah Al Rashid","Shen Entertainment, RA Pictures",-,17+,435788.0,wiki_2024_table,False,original,,,,,19610460000.0,8334445500.0,moderate,2.0,239734.0,mid_or_indie,,,,
id_bayi_ajaib_2023,Bayi Ajaib,2023,2023-01-19,januari,Q1,reguler,Horor,Rako Prijanto,"Vino G. Bastian, Adipati Dolken, Sara Fajira, Desy Ratnasari, Teuku Rifnu Wikana",Falcon Black,,17+,434228.0,wiki_2023_table,False,original,,,,,19540260000.0,8304610500.0,moderate,7.0,225236.57142857142,mid_or_indie,,,,
id_sebelum_7_hari_2025,Sebelum 7 Hari,2025,2025-01-23,januari,Q1,reguler,Horor,Awi Suryadi,Agla Artalidia Haydar Salishz Anantya Kirana Mian Tiara Iang Darmawan,MD Pictures,,13+,430146.0,wiki_2025_table,False,original,,,,,20431935000.0,8683572375.0,moderate,9.0,2431071.6666666665,major_studio,,,,
id_pesugihan_sate_gagak_2025,Pesugihan Sate Gagak,2025,2025-11-13,november,Q4,reguler,Horor komedi,Dono Pradana Etienne Caesar,Yoriko Angeline Ardit Erwandha Benedictus Siregar Yono Bakrie Nunung Arief Didu Ence Bagus,,,,423008.0,wiki_2025_table,False,original,,,,,20092880000.0,8539474000.0,moderate,1.0,423008.0,indie_or_unknown,,,,
id_galaksi_2023,Galaksi,2023,2023-08-24,agustus,Q3,kemerdekaan,Drama,Kuntz Agus,"Bryan Domani, Mawar de Jongh","Rapi Films, Screenplay Films",,13+,421216.0,wiki_2023_table,False,original,,,,,18954720000.0,8055756000.0,moderate,6.0,666599.5,major_studio,,,,
id_yowis_ben_3_2021,Yowis Ben 3,2021,2021-11-25,november,Q4,reguler,"Drama, Komedi","Fajar Nugros, Bayu Skak","Bayu Skak, Joshua Suherman, Brandon Salim, Tutus Thomson, Anya Geraldine, Cut Meyriska",Starvision Plus,,13+,418526.0,wiki_2021_table,True,sequel_or_franchise,,,,,16741040000.0,7114942000.0,moderate,2.0,393868.5,major_studio,,,,
id_susuk_kutukan_kecantikan_2023,Susuk: Kutukan Kecantikan,2023,2023-08-31,agustus,Q3,kemerdekaan,Horor,Ginanti Rona,"Hana Malasan, Ersya Aurelia, Jourdy Pranata","Visinema Pictures, Legacy Pictures, Visionari Capital, Goodwork",,17+,417204.0,wiki_2023_table,False,original,,,,,18774180000.0,7979026500.0,moderate,5.0,486507.2,major_studio,,,,
id_cek_khodam_2026,Cek Khodam,2026,2026-07-16,juli,Q3,libur_sekolah,"Horor, komedi",Jeropoint,"Saputra Kori, Jirayut, Benidictus Siregar",Dee Company,-,,407504.0,wiki_2026_table,False,original,,,,,20375200000.0,8659460000.0,moderate,4.0,1270762.0,major_studio,,,,
id_timur_2025,Timur,2025,2025-12-18,desember,Q4,libur_akhir_tahun,Aksi,Iko Uwais,Iko Uwais Yusuf Mahardika Yasamin Jasem Arnold Kobogau Bizael Tanasale Fanny Ghassani Aufa Assagaf Stefan William Jimmy Kobogau Amara Angelica,,,,406632.0,wiki_2025_table,False,original,,,,,19315020000.0,8208883500.0,moderate,1.0,406632.0,indie_or_unknown,,,,
id_merindu_cahaya_de_amstel_2022,Merindu Cahaya de Amstel,2022,2022-01-20,januari,Q1,reguler,"Drama, Religi",Hadrah Daeng Ratu,"Amanda Rawles, Bryan Domani, Rachel Amanda, Oki Setiana Dewi, Ridwan Remin, Maudy Koesnaedi","Maxstream Original, Unlimited Production, Maxima Pictures, Imperial Pictures, Dwi Abisatya Persada",,13+,401271.0,wiki_2022_table,False,original,,,,,16853382000.0,7162687350.0,moderate,13.0,1183652.5384615385,mid_or_indie,,,,
id_malam_pencabut_nyawa_2024,Malam Pencabut Nyawa,2024,2024-05-22,mei,Q2,reguler,Horor,Sidharta Tata,"Devano Danendra, Keisya Levronka, Mikha Hernan","BASE Entertainment, Samara",-,17+,400414.0,wiki_2024_table,False,original,,,,,18018630000.0,7657917750.0,moderate,6.0,676897.5,major_studio,,,,
id_comic_8_revolution_santet_kabin3t_2025,Comic 8 Revolution: Santet Kabin3t,2025,2025-12-24,desember,Q4,libur_akhir_tahun,Komedi,Fajar Bustomi,Indro Warkop Hesti Purwadinata Andre Taulany Oki Rengga Mo Sidik,Falcon Pictures,,,386219.0,wiki_2025_table,True,sequel_or_franchise,,,,,18345402500.0,7796796062.5,moderate,10.0,379210.4,major_studio,,,,
id_rasuk_2_2020,Rasuk 2,2020,2020-01-02,januari,Q1,reguler,Horor,Rizal Mantovani,"Nikita Willy, Achmad Megantara, Asri Welas, Raquel Katie Larkin, Sonia Alyssa, Lania Fira, Tegar Satrya, Iang Darmawan","Dee Company, Blue Water Films",Disney+ Hotstar,17+,382765.0,wiki_2020_table,True,sequel_or_franchise,,,,,14545070000.0,6181654750.0,moderate,13.0,577996.2307692308,major_studio,,,,
id_yowis_ben_finale_2021,Yowis Ben Finale,2021,2021-12-16,desember,Q4,libur_akhir_tahun,"Drama, Komedi","Fajar Nugros, Bayu Skak","Bayu Skak, Joshua Suherman, Brandon Salim, Tutus Thomson, Anya Geraldine, Cut Meyriska",Starvision Plus,,13+,369211.0,wiki_2021_table,False,original,,,,,14768440000.0,6276587000.0,moderate,2.0,393868.5,major_studio,,,,
id_pamali_tumbal_2025,Pamali: Tumbal,2025,2025-08-07,agustus,Q3,kemerdekaan,Horor,Bobby Prasetyo,Verdi Solaiman Fajar Nugra Banyu Bening Djenar Maesa Ayu Keisya Levronka Dominique Sanda Ummi Quary Krisna Keitaro Aldean Tegar (DEANKT),LYTO Pictures Legacy Pictures,,,367103.0,wiki_2025_table,False,original,,,,,17437392500.0,7410891812.5,moderate,9.0,814871.3333333334,mid_or_indie,,,,
id_foufo_2026,Foufo,2026,2026-07-09,juli,Q3,libur_sekolah,"Komedi, fiksi ilmiah",Bayu Skak,"Tretan Muslim, Bayu Skak, Benidictus Siregar",Skak Studios,-,,366082.0,wiki_2026_table,False,original,,,,,18304100000.0,7779242500.0,moderate,5.0,1073421.6,mid_or_indie,,,,
id_labinak_mereka_ada_di_sini_2025,Labinak Mereka ada Di Sini,2025,2025-08-21,agustus,Q3,kemerdekaan,Horor,Azhar Kinoi Lubis,Raihaanun Nayla D. Purnama Arifin Putra Giulio Parengkuan Jenny Zhang Ivanka Suwandi Aimee Saras Chantiq Schagerl,Anami Films,,,363672.0,wiki_2025_table,False,original,,,,,17274420000.0,7341628500.0,moderate,13.0,1003415.4615384615,mid_or_indie,,,,
id_penjagal_iblis_dosa_turunan_2025,Penjagal Iblis: Dosa Turunan,2025,2025-04-30,april,Q2,lebaran,Horor,Tommy Dewo,Marthino Lio Niken Anjani Kiki Narendra Satine Zaneta Eduwart Manalu,Screenplay Fims Rapi Films IFI Sinema,,17+,361461.0,wiki_2025_table,False,original,,,,,17169397500.0,7296993937.5,moderate,2.0,340276.5,major_studio,,,,
id_modual_nekad_2025,Modual Nekad,2025,2025-12-31,desember,Q4,libur_akhir_tahun,Komedi,Imam Darto,Gading Marten Fatih Unru Tarra Budiman Gisella Anastasia Ira Wibowo Surya Saputra Sahila Hisyam Gempita Nora Marten,Kharisma Starvision Plus,,,353583.0,wiki_2025_table,False,original,,,,,16795192500.0,7137956812.5,moderate,2.0,298363.0,major_studio,,,,
id_perjanjian_gaib_2023,Perjanjian Gaib,2023,2023-03-09,maret,Q1,lebaran,"Horor, komedi",Hadrah Daeng Ratu,"Della Dartyan, Dennis Adhiswara, Ayu Laksmi","Maxima Pictures, Cakra Film, Sinergi Pictures",,17+,352740.0,wiki_2023_table,False,original,,,,,15873300000.0,6746152500.0,moderate,13.0,1183652.5384615385,mid_or_indie,,,,
id_hamka_siti_raham_2023,Hamka & Siti Raham,2023,2023-12-21,desember,Q4,libur_akhir_tahun,"Drama, biopik",Fajar Bustomi,"Vino G. Bastian, Laudya Chintya Bella","Starvision Plus, Falcon Pictures",,,343813.0,wiki_2023_table,False,original,,,,,15471585000.0,6575423625.0,moderate,10.0,379210.4,major_studio,,,,
id_maju_serem_mundur_horor_2025,Maju Serem Mundur Horor,2025,2025-10-23,oktober,Q4,reguler,Horror Komedi,Chiska Doppert,Carissa Perruset Dodit Mulyanto Mael Lee Daffa Ariq Yewen,,,,343640.0,wiki_2025_table,False,original,,,,,16322900000.0,6937232500.0,moderate,6.0,126021.16666666667,indie_or_unknown,,,,
id_tumbal_darah_2025,Tumbal Darah,2025,2025-10-23,oktober,Q4,reguler,Horror,Charles Gozali,Donny Alamsyah Marthino Lio Agla Artalidia Sallum Ratu Ke,,,,340799.0,wiki_2025_table,False,original,,,,,16187952500.0,6879879812.5,moderate,5.0,1138796.8,indie_or_unknown,,,,
id_si_juki_the_movie_harta_pulau_monyet_2024,Si Juki the Movie: Harta Pulau Monyet,2024,2024-06-27,juni,Q2,libur_sekolah,"Animasi, petualangan",Faza Meonk,"Indro, Indra Jegel, Rigen Rakelna",Falcon Pictures,-,SU,340218.0,wiki_2024_table,False,original,,,,,15309810000.0,6506669250.0,moderate,1.0,340218.0,major_studio,,,,
id_cinta_subuh_2022,Cinta Subuh,2022,2022-05-19,mei,Q2,reguler,"Drama, Roman, Religi",Indra Gunawan,"Dinda Hauw, Rey Mbayang, Roger Danuarta, Cut Meyriska, Syakir Daulay, Adiba Khanza, Dimas Seto, Dhini Aminarti, Kemal Palevi",Falcon Pictures,,13+,338978.0,wiki_2022_table,False,original,,,,,14237076000.0,6050757300.0,moderate,11.0,227966.54545454544,major_studio,,,,
id_sleep_call_2023,Sleep Call,2023,2023-09-07,september,Q3,reguler,Cerita seru,Fajar Nugros,"Laura Basuki, Bio One",IDN Pictures,,17+,335786.0,wiki_2023_table,False,original,,,,,15110370000.0,6421907250.0,moderate,8.0,362432.875,major_studio,,,,
id_hidayah_2023,Hidayah,2023,2023-01-12,januari,Q1,reguler,Horor,Monty Tiwa,"Ajil Ditto, Givina Lukita Dewi, Alif Joerg","Pichouse Films, Clockwork Films",,13+,333982.0,wiki_2023_table,False,original,,,,,15029190000.0,6387405750.0,moderate,7.0,334049.28571428574,mid_or_indie,,,,
id_asih_2_2020,Asih 2,2020,2020-12-24,desember,Q4,libur_akhir_tahun,Horor,Rizal Mantovani,"Marsha Timothy, Ario Bayu, Shareefa Daanish, Anantya Rezky",MD Pictures,Disney+ Hotstar,,332786.0,wiki_2020_table,True,sequel_or_franchise,,,,,12645868000.0,5374493900.0,moderate,13.0,577996.2307692308,major_studio,,,,
id_malam_pacar_mapacci_2023,Malam Pacar Mapacci,2023,2023-08-24,agustus,Q3,kemerdekaan,Drama,Andi Burhamzah,"Andi Batari Bintang, Cahya Arynagara","Timur Pictures, 786 Production, Sairama Entertainment",,13+,328608.0,wiki_2023_table,False,original,,,,,14787360000.0,6284628000.0,moderate,4.0,151695.75,mid_or_indie,,,,
id_garis_waktu_2022,Garis Waktu,2022,2022-02-24,februari,Q1,reguler,"Drama, Roman",Jeihan Angga,"Reza Rahadian, Anya Geraldine, Michelle Ziudith","MD Pictures, Dapur Film",,13+,325800.0,wiki_2022_table,False,original,,,,,13683600000.0,5815530000.0,moderate,5.0,148849.0,major_studio,,,,
id_mendadak_dangdut_2025,Mendadak Dangdut,2025,2025-04-30,april,Q2,lebaran,Komedi Musikal,Monty Tiwa,Anya Geraldine Nurra Datau Joshua Pandelaki Fajar Nugra Keanu Angelo Opie Kumis,SinemART,,13+,320710.0,wiki_2025_table,False,original,,,,,15233725000.0,6474333125.0,moderate,7.0,334049.28571428574,mid_or_indie,,,,
id_getih_ireng_2025,Getih Ireng,2025,2025-10-16,oktober,Q4,reguler,Horor,Tommy Dewo,Titi Kamal Sarah Wijayanto Egi Fedly Nungki Kusumastuti Darius Sinathrya Ivonne Dahler Tenno Ali Agus Firmansyah Shafira Doyle Bambang Oeban Muhammad Segaf Bonifasius Jose,,,,319092.0,wiki_2025_table,False,original,,,,,15156870000.0,6441669750.0,moderate,2.0,340276.5,indie_or_unknown,,,,
id_rumah_dinas_bapak_2024,Rumah Dinas Bapak,2024,2024-08-08,agustus,Q3,kemerdekaan,"Horor, komedi",Bobby Prasetyo,"Dodit Mulyanto, Putri Ayudya, Yasamin Jasem",Starvision,-,13+,316610.0,wiki_2024_table,False,original,,,,,14247450000.0,6055166250.0,moderate,9.0,814871.3333333334,major_studio,,,,
id_perjamuan_iblis_2023,Perjamuan Iblis,2023,2023-11-16,november,Q4,reguler,Horor,Kenny Gulardi,"Putri Ayudya, Fandy Christian, Jordan Omar, Epy Kusnandar",PIM Pictures,,17+,314672.0,wiki_2023_table,False,original,,,,,14160240000.0,6018102000.0,moderate,2.0,296942.5,mid_or_indie,,,,
id_penerbangan_terakhir_2026,Penerbangan Terakhir,2026,2026-01-15,januari,Q1,reguler,Drama,Benni Setiawan,"Jerome Kurnia, Nadya Arina, Aghniny Haque",Visual Media Studio,-,,311376.0,wiki_2026_table,False,original,,,,,15568800000.0,6616740000.0,moderate,6.0,645686.5,mid_or_indie,,,,
id_kultus_iblis_2023,Kultus Iblis,2023,2023-11-02,november,Q4,reguler,Horor,Bobby Prasetyo,"Yasamin Jasem, Fadi Alaydrus, Debo Andryos, Mian Tiara, Yayu Unru",Starvision Plus,,17+,305009.0,wiki_2023_table,False,original,,,,,13725405000.0,5833297125.0,moderate,9.0,814871.3333333334,major_studio,,,,
id_aku_tahu_kapan_kamu_mati_desa_bunuh_diri_2023,Aku Tahu Kapan Kamu Mati: Desa Bunuh Diri,2023,2023-09-14,september,Q3,reguler,Horor,Anggy Umbara,"Natasha Wilona, Acha Septriasa, Marsha Aruan, Ratu Felisha, Giulio Parengkuan","Unlimited Production, Umbara Brothers Film, Dwi Abisatya Persada, Light House, Festival Pictures",,17+,304925.0,wiki_2023_table,False,original,,,,,13721625000.0,5831690625.0,moderate,12.0,964791.25,mid_or_indie,,,,
id_402_rumah_sakit_angker_korea_2026,402 Rumah Sakit Angker Korea,2026,2026-07-09,juli,Q3,libur_sekolah,Horor,Anggy Umbara,"Arbani Yasiz, Saputra Kori, Diandra Agatha",Pichouse Films,-,,302538.0,wiki_2026_table,True,sequel_or_franchise,,,,,15126900000.0,6428932500.0,moderate,12.0,964791.25,mid_or_indie,,,,
id_pasar_setan_2024,Pasar Setan,2024,2024-02-29,februari,Q1,reguler,Horor,Wisnu Surya Pratama,"Audi Marissa, Roy Sungkono, Pangeran Lantang",IDN Pictures,-,17+,301878.0,wiki_2024_table,False,original,,,,,13584510000.0,5773416750.0,moderate,2.0,214148.0,major_studio,,,,
id_malam_para_jahanam_2023,Malam Para Jahanam,2023,2023-12-07,desember,Q4,libur_akhir_tahun,Horor,Indra Gunawan,"Harris Vriza, Aghniny Haque",Starvision Plus,,,301131.0,wiki_2023_table,False,original,,,,,13550895000.0,5759130375.0,moderate,11.0,227966.54545454544,major_studio,,,,
id_seni_memahami_kekasih_2024,Seni Memahami Kekasih,2024,2024-09-05,september,Q3,reguler,"Drama, percintaan",Jeihan Angga,"Febby Rastanty, Elang El Gibran, Devina Aureel",IDN Pictures,-,SU,297170.0,wiki_2024_table,False,original,,,,,13372650000.0,5683376250.0,underperformer,5.0,148849.0,major_studio,,,,
id_tenung_by_risa_saraswati_dimasta_2025,Tenung by Risa Saraswati & Dimasta,2025,2025-06-05,juni,Q2,libur_sekolah,Horor,Rizal Mantovani,Emir Mahira Aisyah Aqilah Sonia Alyssa Ony Seroja Hafiedz Anya Zen Andi Bersama Humaira Jahra Roby Tremonti,MD Pictures,,13+,291940.0,wiki_2025_table,False,original,,,,,13867150000.0,5893538750.0,underperformer,13.0,577996.2307692308,major_studio,,,,
id_aku_rindu_2023,Aku Rindu,2023,2023-11-09,november,Q4,reguler,Drama,Key Mangunsong,"Verlita Evelyn, Samuel Rizal, Natasha Siahaan",Engingkeng Pictures,,SU,289771.0,wiki_2023_table,False,original,,,,,13039695000.0,5541870375.0,underperformer,6.0,662899.6666666666,mid_or_indie,,,,
id_anak_kunti_2025,Anak Kunti,2025,2025-02-20,februari,Q1,reguler,Horor,Bambang Drias,Gisellma Firmansyah Nita Gunawan Abun Sungkar Jajang C. Noer Iwa K Wavi Zihan Selvi Kitty Ruth Marini Pritt Timothy,Kipas-Kipas Production Drias Production,,13+,289173.0,wiki_2025_table,False,original,,,,,13735717500.0,5837679937.5,underperformer,5.0,197190.0,mid_or_indie,,,,
id_rego_nyowo_2025,Rego Nyowo,2025,2025-07-31,juli,Q3,libur_sekolah,Horor,Rizal Mantovani,Ari Irham Diah Permatasari Cassandra Lee Erwin Moron Rassya Hidayah Sheva Audrey Zoe Jireh Sandrinna Michelle,Hitmaker Studios,,,285575.0,wiki_2025_table,False,original,,,,,13564812500.0,5765045312.5,underperformer,13.0,577996.2307692308,major_studio,,,,
id_primbon_2023,Primbon,2023,2023-08-10,agustus,Q3,kemerdekaan,Horor,Rudi Soedjarwo,"Happy Salma, Nugie, Chicco Kurniawan, Flavio Zaviera","Maxima Pictures, Cakra Film",,13+,281955.0,wiki_2023_table,False,original,,,,,12687975000.0,5392389375.0,underperformer,4.0,749244.0,mid_or_indie,,,,
id_tukar_takdir_2025,Tukar Takdir,2025,2025-10-02,oktober,Q4,reguler,Drama,Mouly Surya,Nicolas Saputra Adhisty Zara Marsha Timothy Ariyo Wahab Tora Sudiro Meriam Bellina Ringgo Agus Rahman Hannah Al-Rashid Roy Sungkono Marcella Zalianty Teddy Syach Devi Permatasari Revaldo Ayez Kassar Bagus Ade Saputra,Kharisma Starvision Plus Cinesurya Legacy Pictures,,13+,281546.0,wiki_2025_table,False,original,,,,,13373435000.0,5683709875.0,underperformer,2.0,203827.0,major_studio,,,,
id_jadi_tuh_barang_2025,Jadi Tuh Barang,2025,2025-09-18,september,Q3,reguler,Komedi,Kemal Palevi,Oki Rengga Dicki Difie Steven Wongso Ence Bagus Nurul Arifin Beby Tsabina Arafah Rianti Ge Pamungkas Arief Didu,E....Komik Pictures,,,280201.0,wiki_2025_table,False,original,,,,,13309547500.0,5656557687.5,underperformer,1.0,280201.0,mid_or_indie,,,,
id_lampir_2024,Lampir,2024,2024-02-14,februari,Q1,reguler,Horor,Kenny Gulardi,"Jolene Marie, Rory Asyari, Gandhi Fernando","Sinergi Pictures, Vision+",-,17+,279213.0,wiki_2024_table,False,original,,,,,12564585000.0,5339948625.0,underperformer,2.0,296942.5,mid_or_indie,,,,
id_spirit_doll_2023,Spirit Doll,2023,2023-06-01,juni,Q2,libur_sekolah,Horor,Azhar Kinoi Lubis,"Anya Geraldine, Samuel Rizal","Blue Water Films, Golden Scene Pictures",,13+,279072.0,wiki_2023_table,False,original,,,,,12558240000.0,5337252000.0,underperformer,13.0,1003415.4615384615,mid_or_indie,,,,
id_bismillah_kunikahi_suamimu_2023,Bismillah Kunikahi Suamimu,2023,2023-02-23,februari,Q1,reguler,"Drama, roman",Benni Setiawan,"Mikha Tambayong, Syifa Hadju, Rizky Nazar",MD Pictures,,13+,273231.0,wiki_2023_table,False,original,,,,,12295395000.0,5225542875.0,underperformer,6.0,645686.5,major_studio,,,,
id_kalian_pantas_mati_2022,Kalian Pantas Mati,2022,2022-10-13,oktober,Q4,reguler,Horor,Ginanti Rona,"Emir Mahira, Zee JKT48","Ideosource Entertainment, Newko Global Entertainment, Paragon Pictures, Anami Films, IDS, WME Independent",,13+,265251.0,wiki_2022_table,False,original,,,,,11140542000.0,4734730350.0,underperformer,5.0,486507.2,major_studio,,,,
id_cocote_tonggo_2025,Cocote Tonggo,2025,2025-05-15,mei,Q2,reguler,Komedi,Bayu Skak,Dennis Adhiswara Bayu Skak Asri Welas Ayushita Benedictus Siregar Firza Valaza Marwoto Kawer Yati Pesek Tatang Gepeng Ika Purpitasari,Skak Pictures Tobali Film,,13+,264466.0,wiki_2025_table,False,original,,,,,12562135000.0,5338907375.0,underperformer,5.0,1073421.6,mid_or_indie,,,,
id_temurun_2024,Temurun,2024,2024-05-30,mei,Q2,reguler,"Horor, cerita seru",Inarah Syarafina,"Yasamin Jasem, Bryan Domani, Karina Suwandi","Sinemaku Pictures, Legacy Pictures",-,17+,263087.0,wiki_2024_table,False,original,,,,,11838915000.0,5031538875.0,underperformer,1.0,263087.0,mid_or_indie,,,,
id_kuyang_sekutu_iblis_yang_selalu_mengintai_2024,Kuyang: Sekutu Iblis yang Selalu Mengintai,2024,2024-03-07,maret,Q1,lebaran,Horor,Yongki Angestu,"Dimas Aditya, Alyssa Abidin, Putri Ayudya",Aenigma Picture,-,17+,263051.0,wiki_2024_table,False,original,,,,,11837295000.0,5030850375.0,underperformer,1.0,263051.0,mid_or_indie,,,,
id_suamiku_lukaku_2026,Suamiku Lukaku,2026,2026-05-27,mei,Q2,reguler,Drama,"Viva Westi, Ssharad Sharan","Acha Septriasa, Raline Shah, Mathias Muchus",SinemArt,-,,262321.0,wiki_2026_table,False,original,,,,,13116050000.0,5574321250.0,underperformer,1.0,262321.0,mid_or_indie,,,,
id_ronggeng_kematian_2024,Ronggeng Kematian,2024,2024-03-28,maret,Q1,lebaran,Horor,Verdi Solaiman,"Cindy Nirmala, Claresta Taufan, Chicco Kurniawan",Clock Work Films,-,17+,258265.0,wiki_2024_table,False,original,,,,,11621925000.0,4939318125.0,underperformer,1.0,258265.0,mid_or_indie,,,,
id_sayap_sayap_patah_2_olivia_2025,Sayap-sayap Patah 2: Olivia,2025,2025-05-08,mei,Q2,reguler,Triler,Ferry Pei Irawan,Bio One Nugie Meriam Bellina Muhammad Khan Samo Rafael Givina Lukita Dewi Iwa K Aufa Assagaf Arya Saloka Dara Saraswati,Denny Siregar Pictures,,,256602.0,wiki_2025_table,True,sequel_or_franchise,,,,,12188595000.0,5180152875.0,underperformer,1.0,256602.0,mid_or_indie,,,,
id_kutukan_sembilan_setan_2023,Kutukan Sembilan Setan,2023,2023-06-08,juni,Q2,libur_sekolah,Horor,Arie Azis,"Ajil Ditto, Denira Wiraguna, Fandy Christian, Frislly Herlind, Joshua Suherman","PIM Pictures, Dynamic Pictures",,17+,252849.0,wiki_2023_table,False,original,,,,,11378205000.0,4835737125.0,underperformer,2.0,134170.0,mid_or_indie,,,,
id_assalamualaikum_baitullah_2025,Assalamualaikum Baitullah,2025,2025-07-17,juli,Q3,libur_sekolah,Religi Romansa,Hadrah Daeng Ratu,Sadana Agung Ummi Quary Vonny Anggraini Miqdad Addausy Arbani Yasiz Maudy Koesnaedi Djenar Maesa Ayu Tissa Biani,,,13,252255.0,wiki_2025_table,False,original,,,,,11982112500.0,5092397812.5,underperformer,13.0,1183652.5384615385,indie_or_unknown,,,,
id_gereja_setan_2025,Gereja Setan,2025,2025-09-11,september,Q3,reguler,Horor,Daniel Tito Pakpahan,Kathleen Carolyne Mongol Stres Jonas Rivanno Richard Ivander Maddy Slinger,Amazing Grace Production Shakti Cinema,,17+,251733.0,wiki_2025_table,False,original,,,,,11957317500.0,5081859937.5,underperformer,2.0,134024.5,mid_or_indie,,,,
id_perempuan_bergaun_merah_2022,Perempuan Bergaun Merah,2022,2022-11-03,november,Q4,reguler,Horor,William Chandra,"Tatjana Saphira, Refal Hady","Frontier Pictures, Legacy Pictures, Rapi Films",,13+,251177.0,wiki_2022_table,False,original,,,,,10549434000.0,4483509450.0,underperformer,1.0,251177.0,major_studio,,,,
id_bangku_kosong_ujian_terakhir_2023,Bangku Kosong: Ujian Terakhir,2023,2023-10-05,oktober,Q4,reguler,Horor,Lakonde,"Karina Suwandi, Teddy Syach, Lania Fira, Maisha Kanna, Emiliano Cortizo",Starvision Plus,,17+,250755.0,wiki_2023_table,False,original,,,,,11283975000.0,4795689375.0,underperformer,1.0,250755.0,major_studio,,,,
id_pesugihan_bersekutu_dengan_iblis_2023,Pesugihan: Bersekutu dengan Iblis,2023,2023-02-23,februari,Q1,reguler,Horor,Hanny R. Saputra,"Nirina Zubir, Randy Martin, Isel Fricella, Gary Iskak, Nicole Parham, Naufal Azhar",Virgo Putra Film,,17+,248012.0,wiki_2023_table,False,original,,,,,11160540000.0,4743229500.0,underperformer,5.0,194977.6,mid_or_indie,,,,
id_srimulat_hil_yang_mustahal_babak_pertama_2022,Srimulat: Hil yang Mustahal - Babak Pertama,2022,2022-05-19,mei,Q2,reguler,"Drama, Komedi",Fajar Nugros,"Bio One, Elang El Gibran, Dimas Anggara, Ibnu Jamil, Teuku Rifnu Wikana, Erick Estrada, Zulfa Maharani, Morgan Oey, Rukman Rosadi, Erika Carlina, Indah Permatasari, Naimma Aljufri, Rano Karno","IDN Pictures, MNC Pictures",,13+,246593.0,wiki_2022_table,True,sequel_or_franchise,,,,,10356906000.0,4401685050.0,underperformer,8.0,362432.875,major_studio,,,,
id_jo_sahabat_sejati_2022,Jo Sahabat Sejati,2022,2022-08-11,agustus,Q3,kemerdekaan,"Drama, Petualangan",Alex Latief,"Ismu Tanjung, Amanda Latief, Novika Siregar, Cornel Nadeak, Adry Wicaksono",Alamanda Production,,SU,245370.0,wiki_2022_table,False,original,,,,,10305540000.0,4379854500.0,underperformer,2.0,237873.0,mid_or_indie,,,,
id_gudang_merica_2026,Gudang Merica,2026,2026-05-21,mei,Q2,reguler,Komedi,Imam Darto,"Fatih Unru, Ardhito Pramono, Zulfa Maharani",MVP Pictures,-,,243143.0,wiki_2026_table,False,original,,,,,12157150000.0,5166788750.0,underperformer,2.0,298363.0,mid_or_indie,,,,
id_yang_lain_boleh_hilang_asal_kau_jangan_2026,Yang Lain Boleh Hilang Asal Kau Jangan,2026,2026-05-13,mei,Q2,reguler,Drama,Kuntz Agus,"Lulu Tobing, Ibnu Jamil, Yasmin Napper",Rapi Films,-,,241209.0,wiki_2026_table,False,original,,,,,12060450000.0,5125691250.0,underperformer,6.0,666599.5,major_studio,,,,
id_iblis_dalam_kandungan_2_deception_2025,Iblis dalam Kandungan 2: Deception,2025,2025-02-27,februari,Q1,reguler,Horor,Johansyah Jumberan,Widi Mulia Denira Wiraguna Muhammad Adhiyat Munggaran Meldrat Ananda George Rendy Herpy Dayu Wijanto Gusti Gina Pipien Putri Fuad Idris,Dari Hati Films,,17+,237980.0,wiki_2025_table,True,sequel_or_franchise,,,,,11304050000.0,4804221250.0,underperformer,3.0,901051.6666666666,mid_or_indie,,,,
id_dignitate_2020,Dignitate,2020,2020-01-23,januari,Q1,reguler,Drama,Fajar Nugros,"Ahmad Al Ghazali, Caitlin Halderman, Giorgino Abraham, Teuku Ryzki",MD Pictures,Viu,13+,236210.0,wiki_2020_table,False,original,,,,,8975980000.0,3814791500.0,underperformer,8.0,362432.875,major_studio,,,,
id_pelangi_di_mars_2026,Pelangi di Mars,2026,2026-03-18,maret,Q1,lebaran,Fantasi,Upie Guava,"Messi Gusti, Lutesha, Myesha Lin","Mahakarya Pictures, MBK Productions",-,,232124.0,wiki_2026_table,False,original,,,,,11606200000.0,4932635000.0,underperformer,1.0,232124.0,mid_or_indie,,,,
id_juara_sejati_2026,Juara Sejati,2026,2026-03-05,maret,Q1,lebaran,Drama,Alex Latief,"Adli Umar, Raissa Siregar, Xendra Basel",Alamanda Production,-,,230376.0,wiki_2026_table,False,original,,,,,11518800000.0,4895490000.0,underperformer,2.0,237873.0,mid_or_indie,,,,
id_sebelum_dijemput_nenek_2026,Sebelum Dijemput Nenek,2026,2026-01-22,januari,Q1,reguler,Komedi,Fajar Martha Santosa,"Angga Yunanda, Dodit Mulyanto, Wavi Zihan",Rapi Films,-,,230117.0,wiki_2026_table,False,original,,,,,11505850000.0,4889986250.0,underperformer,1.0,230117.0,major_studio,,,,
id_qorin_2_2025,Qorin 2,2025,2025-12-11,desember,Q4,libur_akhir_tahun,Horror,Ginanti Rona,Fedi Nuril Muzakki Ramdhan Wavi Zihan Dimas Aditya Epy Kusnandar Indra Birowo Ali Fikry Seroja Hafiedz Fitrie Rachmadhina Gilang Devialdy,,,,228554.0,wiki_2025_table,True,sequel_or_franchise,,,,,10856315000.0,4613933875.0,underperformer,5.0,486507.2,indie_or_unknown,,,,
id_iblis_dalam_darah_2023,Iblis dalam Darah,2023,2023-03-16,maret,Q1,lebaran,Horor,Yannie Sukarya,"Michelle Joan, Ryaas Randa, Cut Ashifa, Soraya Rasyid",Helroad Films,,13+,227168.0,wiki_2023_table,False,original,,,,,10222560000.0,4344588000.0,underperformer,2.0,163842.0,mid_or_indie,,,,
id_esok_tanpa_ibu_2026,Esok tanpa Ibu,2026,2026-01-22,januari,Q1,reguler,Drama,Ho Wi Ding,"Ali Fikry, Ringgo Agus Rahman, Dian Sastrowardoyo","BASE Entertainment, Beacon Film, Refinery Media",-,,225352.0,wiki_2026_table,False,original,,,,,11267600000.0,4788730000.0,underperformer,1.0,225352.0,major_studio,,,,
id_tarian_lengger_maut_2021,Tarian Lengger Maut,2021,2021-05-13,mei,Q2,reguler,"Cerita seru, Horor",Yongki Ongestu,"Della Dartyan, Refal Hady, Alyssa Abidin","Visinema Pictures, Aenigma Pictures",,17+,222062.0,wiki_2021_table,False,original,,,,,8882480000.0,3775054000.0,underperformer,1.0,222062.0,major_studio,,,,
id_menjelang_magrib_2_wanita_yang_dirantai_2025,Menjelang Magrib 2: Wanita yang Dirantai,2025,2025-09-04,september,Q3,reguler,Horor,Helfi Kardit,Ajeng Fauziah Muthia Datau Aditya Zoni Aurelia Lourdes Aisha Kastolan Ageng Kiwi Shania Sree Ratu Dewi Imasy Fendy Pradana,Helroad Films,,17+,221181.0,wiki_2025_table,True,sequel_or_franchise,,,,,10506097500.0,4465091437.5,underperformer,4.0,274301.75,mid_or_indie,,,,
id_toko_barang_mantan_2020,Toko Barang Mantan,2020,2020-02-20,februari,Q1,reguler,Drama,Viva Westi,"Reza Rahadian, Marsha Timothy, Iedil Putra, Dea Panendra",MNC Pictures,Netflix,13+,217818.0,wiki_2020_table,False,original,,,,,8277084000.0,3517760700.0,underperformer,1.0,217818.0,mid_or_indie,,,,
id_riba_getih_anak_2025,Riba (Getih Anak),2025,2025-12-04,desember,Q4,libur_akhir_tahun,Horror,Adhe Dharmastriya,Wafda Saifan Jajang C Noer Pritt Timothy Ibrahim Risyad Fanny Ghassani Kevin Danu Emilat Morshedi,,,,216125.0,wiki_2025_table,False,original,,,,,10265937500.0,4363023437.5,underperformer,4.0,373153.25,indie_or_unknown,,,,
id_wakaf_2023,Wakaf,2023,2023-10-26,oktober,Q4,reguler,Horor,Adi Garin,"M. Yusuf Al Lampungi, Putri Delina, Arswendy Bening Swara, Egi Fedly, Julian Kunto, Kiki Amalia",Supermedia Pictures,,13+,216113.0,wiki_2023_table,False,original,,,,,9725085000.0,4133161125.0,underperformer,3.0,84712.0,mid_or_indie,,,,
id_keajaiban_air_mata_wanita_2025,Keajaiban Air Mata Wanita,2025,2025-01-23,januari,Q1,reguler,Drama Religi,Indra Gunawan,Citra Kirana Rezky Adhitya Natasha Rizky Yessy Gusman Baby Zelvia Ricky Perdana Unang Joe P Project,Bahagia Pictures,,13+,215156.0,wiki_2025_table,False,original,,,,,10219910000.0,4343461750.0,underperformer,11.0,227966.54545454544,mid_or_indie,,,,
id_para_betina_pengikut_iblis_2023,Para Betina Pengikut Iblis,2023,2023-02-16,februari,Q1,reguler,Horor,Rako Prijanto,"Mawar de Jongh, Hanggini, Sara Fajira, Adipati Dolken",Falcon Black,,21+,214585.0,wiki_2023_table,False,original,,,,,9656325000.0,4103938125.0,underperformer,7.0,225236.57142857142,mid_or_indie,,,,
id_sihir_tanah_kubur_makam_wurung_2026,Sihir Tanah Kubur: Makam Wurung,2026,2026-07-23,juli,Q3,libur_sekolah,Horor,Jeropoint,"Kiesha Alvaro, Ariyo Wahab, Shareefa Daanish",MVP Pictures,-,,211265.0,wiki_2026_table,False,original,,,,,10563250000.0,4489381250.0,underperformer,4.0,1270762.0,mid_or_indie,,,,
id_uang_passolo_2026,Uang Passolo,2026,2026-01-08,januari,Q1,reguler,"Drama, Komedi",Andi Burhamzah,"Imran Ismail, Masita Aspam, Jade Thamrin","786 Production, Rumpi Entertainment, Timur Pictures",-,,211005.0,wiki_2026_table,False,original,,,,,10550250000.0,4483856250.0,underperformer,4.0,151695.75,mid_or_indie,,,,
id_sengkolo_petaka_satu_suro_2026,Sengkolo: Petaka Satu Suro,2026,2026-01-22,januari,Q1,reguler,Horor,Deni Saputra,"Aulia Sarah, Agla Artalidia, Cindy Nirmala",MVP Pictures,-,,208280.0,wiki_2026_table,False,original,,,,,10414000000.0,4425950000.0,underperformer,1.0,208280.0,mid_or_indie,,,,
id_jembatan_shiratal_mustaqim_2025,Jembatan Shiratal Mustaqim,2025,2025-10-09,oktober,Q4,reguler,Horor,Bounty Umbara,Agus Kuncoro Rory Asyari Imelda Therinne Eduwart Manalu Raihan Khan Mike Lucock,Dee Company,,,206458.0,wiki_2025_table,False,original,,,,,9806755000.0,4167870875.0,underperformer,1.0,206458.0,major_studio,,,,
id_shutter_2025,Shutter,2025,2025-10-30,oktober,Q4,reguler,Horror,Herwin Novianto,Anya Geraldine Donny Alamsyah Vino G. Bastian Nugie Niken Anjani Rukman Rosadi Dewi Gita Iang Darmawan Andri Mashadi Rangga Nattra Michelle Tahalea Agus Mahesa Angie Ang Megarita,,,,204851.0,wiki_2025_table,False,original,,,,,9730422500.0,4135429562.5,underperformer,8.0,1167316.125,indie_or_unknown,,,,
id_dasim_2025,Dasim,2025,2025-05-15,mei,Q2,reguler,Horor,Ginanti Rona,Adinda Thomas Morgan Oey Meriam Bellina Arswendi Nasution Dinda Kanyadewi Zulfa Maharani Omar Daniel Yati Surachman,Kharisma Starvision Plus,,13+,200927.0,wiki_2025_table,False,original,,,,,9544032500.0,4056213812.5,underperformer,5.0,486507.2,major_studio,,,,
id_sakaratul_maut_2024,Sakaratul Maut,2024,2024-08-01,agustus,Q3,kemerdekaan,Horor,Sidharta Tata,"Indah Permatasari, Claresta Taufan, Jose Rizal Manua","Rapi Films, Sky Media",-,17+,200772.0,wiki_2024_table,False,original,,,,,9034740000.0,3839764500.0,underperformer,6.0,676897.5,major_studio,,,,
id_tulah_6_13_2023,Tulah 6/13,2023,2023-03-30,maret,Q1,lebaran,Horor,Chiska Doppert,"Carissa Perusset, Erika Carlina, Omara Esteghlal, Thomi Baraqbah, Michael James",Her's Productions,,17+,200016.0,wiki_2023_table,True,sequel_or_franchise,,,,,9000720000.0,3825306000.0,underperformer,6.0,126021.16666666667,mid_or_indie,,,,
id_dilan_1983_wo_ai_ni_2024,Dilan 1983: Wo Ai Ni,2024,2024-06-13,juni,Q2,libur_sekolah,"Drama, percintaan",Fajar Bustomi,"Muhammad Adhiyat, Malea Emma Tjandrawidjaja, Ira Wibowo",Falcon Pictures,-,SU,199456.0,wiki_2024_table,True,sequel_or_franchise,,,,,8975520000.0,3814596000.0,underperformer,10.0,379210.4,major_studio,,,,
id_paket_santet_2026,Paket Santet,2026,2026-08-27,agustus,Q3,kemerdekaan,Horor,Dinna Jasanti,"Fatih Unru, Yasamin Jasem, Gabriella Ekaputri",BASE Entertainment,-,,196365.0,wiki_2026_table,False,original,,,,,9818250000.0,4172756250.0,underperformer,5.0,609037.0,major_studio,,,,
id_sajen_satu_suro_2026,Sajen Satu Suro,2026,2026-07-30,juli,Q3,libur_sekolah,Horor,Yohanes Gatot Subroto,"Cinta Brian, Aisyah Aqilah, Frislly Herlind",Sams Studios,-,,195303.0,wiki_2026_table,False,original,,,,,9765150000.0,4150188750.0,underperformer,1.0,195303.0,mid_or_indie,,,,
id_ranah_3_warna_2022,Ranah 3 Warna,2022,2022-06-30,juni,Q2,libur_sekolah,"Drama, Roman",Guntur Soeharjanto,"Arbani Yasiz, Amanda Rawles, Teuku Rassya",MNC Pictures,,13+,194877.0,wiki_2022_table,True,sequel_or_franchise,,,,,8184834000.0,3478554450.0,underperformer,10.0,811574.5,mid_or_indie,,,,
id_narik_sukmo_menari_atau_mati_2025,Narik Sukmo: Menari atau Mati,2025,2025-07-03,juli,Q3,libur_sekolah,Horor,Indra Gunawan,Teuku Rifnu Wikana Nugie Aliando Syarief Kinaryosih Yama Carlos Febby Rastanty Dea Annisa Elly D. Luthan Maryam Supraba,,,13+,192789.0,wiki_2025_table,False,original,,,,,9157477500.0,3891927937.5,underperformer,11.0,227966.54545454544,indie_or_unknown,,,,
id_singsot_siulan_kematian_2025,Singsot: Siulan Kematian,2025,2025-03-13,maret,Q1,lebaran,Horor,Wahyu Agung Prasetyo,Landung Simatupang Siti Fauziah Alex Suhendra Jamaluddin Latif Ardana Jovin,Clock Work Films,,13+,185969.0,wiki_2025_table,False,original,,,,,8833527500.0,3754249187.5,underperformer,1.0,185969.0,mid_or_indie,,,,
id_perumahan_laddaland_2026,Perumahan Laddaland,2026,2026-08-13,agustus,Q3,kemerdekaan,Horor,Awi Suryadi,"Titi Kamal, Andri Mashadi, Anantya Kirana",MD Pictures,-,,185861.0,wiki_2026_table,False,original,,,,,9293050000.0,3949546250.0,underperformer,9.0,2431071.6666666665,major_studio,,,,
id_satria_dewa_gatotkaca_2022,Satria Dewa: Gatotkaca,2022,2022-06-09,juni,Q2,libur_sekolah,Laga,Hanung Bramantyo,"Rizky Nazar, Yasmin Napper, Ali Fikry, Omar Daniel, Edward Akbar, Sigi Wimala, Yati Surachman, Yayan Ruhian, Cecep Arif Rahman, Jerome Kurnia",Satria Dewa Studio,,SU,185584.0,wiki_2022_table,False,original,,,,,7794528000.0,3312674400.0,underperformer,12.0,1291592.3333333333,mid_or_indie,,,,
id_tinggal_meninggal_2025,Tinggal Meninggal,2025,2025-08-14,agustus,Q3,kemerdekaan,Komedi Hitam,Kristo Immanuel,Nirina Zubir Omara Esteghlal Muhadkly Acho Ardit Erwandha Mawar Eva de Jongh Shindy Huang Nada Novia Jared Ali Mario Caesar,Imajinari Pictures,,13+,184960.0,wiki_2025_table,False,original,,,,,8785600000.0,3733880000.0,underperformer,1.0,184960.0,major_studio,,,,
id_janin_2020,Janin,2020,2020-01-16,januari,Q1,reguler,Horor,Ook Budiyono,"Jill Gladys, Reuben Elishama, Meriam Bellina, Arnold Leonard, Babe Cabiita",PAW Pictures,Disney+ Hotstar,17+,183673.0,wiki_2020_table,False,original,,,,,6979574000.0,2966318950.0,underperformer,1.0,183673.0,mid_or_indie,,,,
id_perempuan_pembawa_sial_2025,Perempuan Pembawa Sial,2025,2025-09-18,september,Q3,reguler,Horor,Fajar Nugros,Raihaanun Clara Bernadeth Morgan Oey Rukman Rosadi Aurra Kharisma Didik Nini Thowok,IDN Pictures,,,183353.0,wiki_2025_table,False,original,,,,,8709267500.0,3701438687.5,underperformer,8.0,362432.875,major_studio,,,,
id_lyora_penantian_buah_hati_2025,Lyora: Penantian Buah Hati,2025,2025-08-07,agustus,Q3,kemerdekaan,Keluarga,Pritagita Arianeara,Marsha Timothy Darius Sinathrya Ariyo Wahab Widyawati Olga Lydia Hannah Al Rashid Ivanka Suwandi,,,,182629.0,wiki_2025_table,False,original,,,,,8674877500.0,3686822937.5,underperformer,1.0,182629.0,indie_or_unknown,,,,
id_lara_ati_2022,Lara Ati,2022,2022-09-15,september,Q3,reguler,"Drama, Komedi",Bayu Skak,"Bayu Skak, Tatjana Saphira, Keisya Levronka, Dono Pradana, Sahila Hisyam, Ciccio Manassero, Benidictus Siregar, Indra Pramujito","BASE Entertainment, SK Global, Surya Citra Media, Trinity Optima Production, Skak Studios",,13+,181326.0,wiki_2022_table,False,original,,,,,7615692000.0,3236669100.0,underperformer,5.0,1073421.6,major_studio,,,,
id_glenn_fredly_the_movie_2024,Glenn Fredly the Movie,2024,2024-04-25,april,Q2,lebaran,"Drama, biografi",Lukman Sardi,"Marthino Lio, Zulfa Maharani, Sonia Alyssa","Time International Films, Adhya Pictures",-,13+,180757.0,wiki_2024_table,False,original,,,,,8134065000.0,3456977625.0,underperformer,1.0,180757.0,mid_or_indie,,,,
id_jin_khodam_2023,Jin Khodam,2023,2023-05-25,mei,Q2,reguler,Horor,"Dedy Mercy, Tema Patrosza","Boy Hamzah, Haviza Devi Anjani, Ray Sahetapy, Ayu Dyah Pasha, Egi Fedly, Piet Pagau","786 Production, Mercusuar Films",,13+,177193.0,wiki_2023_table,False,original,,,,,7973685000.0,3388816125.0,underperformer,1.0,177193.0,mid_or_indie,,,,
id_kado_untuk_ibu_2026,Kado untuk Ibu,2026,2026-08-06,agustus,Q3,kemerdekaan,Drama,M. Amrul Ummami,"Luisa Adreena, Emir Mahira, Agla Artalidia","Starvision, FMM Studios",-,,177036.0,wiki_2026_table,False,original,,,,,8851800000.0,3762015000.0,underperformer,3.0,99065.66666666667,major_studio,,,,
id_muslihat_2025,Muslihat,2025,2025-04-17,april,Q2,lebaran,Horor,Chairun Nissa,Asmara Abigail Ajeng Giona Tata Janeeta Fatih Unru Ence Bagus Aditya Lakon Edward Akbar,Indonesia MaknaKarya Pictures (IM Pictures),,17+,174707.0,wiki_2025_table,False,original,,,,,8298582500.0,3526897562.5,underperformer,2.0,101102.5,mid_or_indie,,,,
id_teka_teki_tika_2021,Teka-teki Tika,2021,2021-12-23,desember,Q4,libur_akhir_tahun,"Drama, Misteri, Keluarga",Ernest Prakasa,"Sheila Dara, Dion Wiyoko, Morgan Oey, Ferry Salim, Jenny Zhang, Eriska Rein, Tansri Kemala","Starvision Plus, Indie Picture, Imajinari, Fosa Pictures",,13+,173017.0,wiki_2021_table,False,original,,,,,6920680000.0,2941289000.0,underperformer,2.0,521651.0,major_studio,,,,
id_mertua_ngeri_kali_2025,Mertua Ngeri Kali,2025,2025-12-11,desember,Q4,libur_akhir_tahun,,Key Mangunsong,Dimas Anggara Siti Fauziah Farrell Rafisqy Gita Bhebhita Naysilla Mirdad Bunda Corla Bonar Manalu,,,,171046.0,wiki_2025_table,False,original,,,,,8124685000.0,3452991125.0,underperformer,6.0,662899.6666666666,indie_or_unknown,,,,
id_dosen_ghaib_sudah_malam_atau_sudah_tahu_2024,Dosen Ghaib: Sudah Malam atau Sudah Tahu,2024,2024-08-15,agustus,Q3,kemerdekaan,Horor,Guntur Soeharjanto,"Egy Fedly, Endy Arfian, Rayn Wijaya",Dee Company,-,17+,170500.0,wiki_2024_table,False,original,,,,,7672500000.0,3260812500.0,underperformer,10.0,811574.5,major_studio,,,,
id_pusaka_2024,Pusaka,2024,2024-07-18,juli,Q3,libur_sekolah,Horor,Rizal Mantovani,"Susan Sameh, Ajil Ditto, Bukie B. Mansyur","MVP Pictures, A&Z Films",-,17+,170153.0,wiki_2024_table,False,original,,,,,7656885000.0,3254176125.0,underperformer,13.0,577996.2307692308,mid_or_indie,,,,
id_dan_bandung_2026,Dan Bandung,2026,2026-08-20,agustus,Q3,kemerdekaan,Drama,Rudi Soedjarwo,"Shanna Shannon, Samo Rafael, Keisya Levronka",Verona Films,-,,169565.0,wiki_2026_table,False,original,,,,,8478250000.0,3603256250.0,underperformer,4.0,749244.0,mid_or_indie,,,,
id_rumah_iblis_2023,Rumah Iblis,2023,2023-11-23,november,Q4,reguler,Horor,Bambang Drias,"Aura Kasih, Edward Akbar, Fauzan, Egi Fedly, Whani Darmawan, Wanda Hamidah",4ward Pictures,,13+,168317.0,wiki_2023_table,False,original,,,,,7574265000.0,3219062625.0,underperformer,5.0,197190.0,mid_or_indie,,,,
id_selepas_tahlil_2025,Selepas Tahlil,2025,2025-07-10,juli,Q3,libur_sekolah,Horor,Adriano Rudiman,Diandra Agatha Aghniny Haque Bastian Steel Vonny Anggraini,BION Studios,,13+,167804.0,wiki_2025_table,False,original,,,,,7970690000.0,3387543250.0,underperformer,1.0,167804.0,mid_or_indie,,,,
id_air_mata_di_ujung_sajadah_2_2025,Air Mata di Ujung Sajadah 2,2025,2025-10-23,oktober,Q4,reguler,Drama Religi,Key Mangunsong,Titi Kamal Citra Kirana Daffa Wardhana Faqih Alaydrus Jenny Rachman Mbok Tun,,,,166889.0,wiki_2025_table,True,sequel_or_franchise,,,,,7927227500.0,3369071687.5,underperformer,6.0,662899.6666666666,indie_or_unknown,,,,
id_malam_keramat_2024,Malam Keramat,2024,2024-09-12,september,Q3,reguler,Horor,Helfi Kardit,"Frederika Cull, Samuel Rizal",Helroad Films,-,17+,165865.0,wiki_2024_table,False,original,,,,,7463925000.0,3172168125.0,underperformer,4.0,274301.75,mid_or_indie,,,,
id_satu_hari_dengan_ibu_2023,Satu Hari dengan Ibu,2023,2023-09-21,september,Q3,reguler,Drama,Amrul Ummami,"Chand Kelvin, Vonny Anggraini, Vebby Palwinta, Muzakki Ramdhan",Ruang 29 Pictures,,SU,165765.0,wiki_2023_table,False,original,,,,,7459425000.0,3170255625.0,underperformer,1.0,165765.0,mid_or_indie,,,,
id_srimulat_hidup_memang_komedi_2023,Srimulat: Hidup Memang Komedi,2023,2023-11-23,november,Q4,reguler,Komedi,Fajar Nugros,"Bio One, Elang El Gibran","IDN Pictures, MNC Pictures",,13+,159271.0,wiki_2023_table,False,original,,,,,7167195000.0,3046057875.0,underperformer,8.0,362432.875,major_studio,,,,
id_dopamin_2025,Dopamin,2025,2025-11-13,november,Q4,reguler,Horor tegang,Teddy Soeriaatmadja,Angga Yunanda Teuku Rifnu Wikana Verdi Solaiman Willem Bevers Kiki Narendra Aida Nurmala Anjasmara Shenina Cinnamon Totos Rasiti Andri Mashadi Nagra Kautsar Pakusadewo Tike Priyatna Rizky Inggar Alfian Phang,Kharisma Starvision Plus,,,158339.0,wiki_2025_table,False,original,,,,,7521102500.0,3196468562.5,underperformer,3.0,395552.6666666667,major_studio,,,,
id_titus_mystery_of_the_enygma_animasi_2020,Titus: Mystery of the Enygma (animasi),2020,2020-01-09,januari,Q1,reguler,"Misteri, petualangan",Dineshkumar Subashchandra,"Arbani Yasiz, Ranty Maria, Lukman Sardi, Robby Purba, Jessica Tanoesoedibjo","MNC Pictures, MNC Animation",Netflix,SU,156738.0,wiki_2020_table,False,original,,,,,5956044000.0,2531318700.0,underperformer,1.0,156738.0,mid_or_indie,,,,
id_utusan_iblis_2025,Utusan Iblis,2025,2025-01-02,januari,Q1,reguler,Horor,Dyan Sunu Prastowo,Shareefa Daanish Lucky Moniaga Dimas Aditya Della Dartyan Rizky Mocil,DLK Pictures,,13+,156275.0,wiki_2025_table,False,original,,,,,7423062500.0,3154801562.5,underperformer,8.0,54784.0,mid_or_indie,,,,
id_catatan_si_boy_2023,Catatan Si Boy,2023,2023-08-17,agustus,Q3,kemerdekaan,Drama,Hanung Bramantyo,"Angga Yunanda, Syifa Hadju","MD Pictures, MVP Pictures, Dapur Film",,13+,154374.0,wiki_2023_table,False,original,,,,,6946830000.0,2952402750.0,underperformer,12.0,1291592.3333333333,major_studio,,,,
id_rambut_kafan_2024,Rambut Kafan,2024,2024-01-18,januari,Q1,reguler,Horor,Helfi Kardit,"Bulan Sutena, Catherine Wilson, Yama Carlos",Voxineema,-,13+,153968.0,wiki_2024_table,False,original,,,,,6928560000.0,2944638000.0,underperformer,4.0,274301.75,mid_or_indie,,,,
id_para_perasuk_2026,Para Perasuk,2026,2026-04-23,april,Q2,lebaran,Drama,Wregas Bhanuteja,"Angga Yunanda, Anggun C. Sasmi, Maudy Ayunda",Rekata Studio,-,,152898.0,wiki_2026_table,False,original,,,,,7644900000.0,3249082500.0,underperformer,2.0,366188.0,mid_or_indie,,,,
id_hayya_3_gaza_2025,Hayya 3: Gaza,2025,2025-06-12,juni,Q2,libur_sekolah,Drama Religi,Jastis Arimba,Oki Setiana Dewi Cut Syifa Mario Irwinsyah Meyda Sefira Fauzi Baadilla Andy Boim Adhin Abdul Hakim Anyun Cadel Arafah Rianti Amna Shahab Asma Nadia Ridwan Raoull Rohaz Husein Alatas Azamy Syauqi Aryani Fitriana Donny Michael Keyla Arcelia Erick Yusuf Andi Biru Laut,Warna Picture 786 Productions,,13+,151007.0,wiki_2025_table,True,sequel_or_franchise,,,,,7172832500.0,3048453812.5,underperformer,5.0,55558.8,mid_or_indie,,,,
id_cinta_tak_pernah_tepat_waktu_2025,Cinta Tak Pernah Tepat Waktu,2025,2025-02-13,februari,Q1,reguler,Drama Romantis,Hanung Bramantyo,Refal Hady Nadya Arina Carissa Perusset Slamet Rahardjo Meriam Bellina Mira Filzah,Dapur Films K Studio,,13+,150748.0,wiki_2025_table,False,original,,,,,7160530000.0,3043225250.0,underperformer,12.0,1291592.3333333333,mid_or_indie,,,,
id_losmen_melati_2023,Losmen Melati,2023,2023-03-16,maret,Q1,lebaran,Horor,"Mike Wiluan, Billy Christian","Alexandra Gottardo, Kiki Narendra, Dwi Sasono, Fandy Christian",Infinite Studios,,17+,150240.0,wiki_2023_table,False,original,,,,,6760800000.0,2873340000.0,underperformer,1.0,150240.0,mid_or_indie,,,,
id_ghost_writer_2_2022,Ghost Writer 2,2022,2022-07-21,juli,Q3,libur_sekolah,"Horor, Komedi",Muhadkly Acho,"Tatjana Saphira, Deva Mahenra, Widyawati, Endy Arfian, Moh. Iqbal Sulaiman",Starvision Plus,,13+,150211.0,wiki_2022_table,True,sequel_or_franchise,,,,,6308862000.0,2681266350.0,underperformer,4.0,5212773.75,major_studio,,,,
id_my_sassy_girl_2022,My Sassy Girl,2022,2022-06-23,juni,Q2,libur_sekolah,"Drama, Roman, Komedi",Fajar Bustomi,"Jefri Nichol, Tiara Andini",Falcon Pictures,,13+,150024.0,wiki_2022_table,False,original,,,,,6301008000.0,2677928400.0,underperformer,10.0,379210.4,major_studio,,,,
id_kajiman_iblis_terkejam_penagih_janji_2023,Kajiman: Iblis Terkejam Penagih Janji,2023,2023-05-18,mei,Q2,reguler,Horor,Adriyanto Dewo,"Aghniny Haque, Jourdy Pranata","Relate Films, Visionari Capital",,13+,149568.0,wiki_2023_table,False,original,,,,,6730560000.0,2860488000.0,underperformer,1.0,149568.0,mid_or_indie,,,,
id_1_imam_2_makmum_2025,1 Imam 2 Makmum,2025,2025-01-16,januari,Q1,reguler,Drama Religi,Key Mangunsong,Amanda Manopo Fedi Nuril Revalina S. Temat,Cahaya Pictures Legacy Pictures BASE Entertainment,,13+,146124.0,wiki_2025_table,True,sequel_or_franchise,,,,,6940890000.0,2949878250.0,underperformer,6.0,662899.6666666666,major_studio,,,,
id_pelet_tali_pocong_2023,Pelet Tali Pocong,2023,2023-04-06,april,Q2,lebaran,Horor,Dedy Mercy,"Emil Kusumo, Keira Shabira, Emma Waroka","Clockwork Films, Digital Frame Production",,13+,141448.0,wiki_2023_table,False,original,,,,,6365160000.0,2705193000.0,underperformer,4.0,477721.25,mid_or_indie,,,,
id_backstage_2021,Backstage,2021,2021-12-30,desember,Q4,libur_akhir_tahun,"Drama, Musikal",Guntur Soeharjanto,"Vanesha Prescilla, Sissy Priscillia, Achmad Megantara, Karina Suwandi","Paragon Pictures, Ideosource Entertainment, Astro Shaw, NFC Indonesia, Endeavor Content",Amazon Prime,13+,138258.0,wiki_2021_table,False,original,,,,,5530320000.0,2350386000.0,underperformer,10.0,811574.5,major_studio,,,,
id_bangsal_isolasi_2024,Bangsal Isolasi,2024,2024-07-25,juli,Q3,libur_sekolah,"Laga, cerita seru",Adhe Dharmasatriya,"Kimberly Ryder, Wulan Guritno, Ibrahim Risyad","Mesari Pictures, JP Pictures",-,13+,137066.0,wiki_2024_table,False,original,,,,,6167970000.0,2621387250.0,underperformer,1.0,137066.0,mid_or_indie,,,,
id_ayah_aku_mau_cerita_2026,"Ayah, Aku Mau Cerita",2026,2026-08-20,agustus,Q3,kemerdekaan,Drama,Danial Rifki,"Vino G. Bastian, Marsha Timothy, Niken Anjani",Falcon Pictures,-,,136991.0,wiki_2026_table,False,adaptation,,,,,6849550000.0,2911058750.0,underperformer,4.0,92239.75,major_studio,,,,
id_danyang_wingit_2025,Danyang Wingit,2025,2025-11-20,november,Q4,reguler,Horror,Agus Riyanto,Whani Darmawan Fajar Nugra Celine Evangelista Djenar Maesa Ayu Angga WIjaya Natalie Holscher Aisyah Kanza Norma Cinta Dimas Tedjo Keona Cinta Putri Maya Rumanti Bilqis Hafsa,,,,136725.0,wiki_2025_table,False,original,,,,,6494437500.0,2760135937.5,underperformer,1.0,136725.0,indie_or_unknown,,,,
id_mendarat_darurat_2022,Mendarat Darurat,2022,2022-09-08,september,Q3,reguler,"Drama, Komedi",Pandji Pragiwaksono,"Reza Rahadian, Luna Maya, Marissa Anita, Pandji Pragiwaksono",MD Pictures,,13+,136239.0,wiki_2022_table,False,original,,,,,5722038000.0,2431866150.0,underperformer,1.0,136239.0,major_studio,,,,
id_titip_bunda_di_surga_mu_2026,Titip Bunda di Surga-Mu,2026,2026-02-26,februari,Q1,reguler,Drama,Hanny R. Saputra,"Acha Septriasa, Kevin Julio, Abun Sungkar","RRK Pictures, Spectrum Film",-,,132689.0,wiki_2026_table,False,original,,,,,6634450000.0,2819641250.0,underperformer,5.0,194977.6,mid_or_indie,,,,
id_the_bell_panggilan_untuk_mati_2026,The Bell: Panggilan untuk Mati,2026,2026-05-07,mei,Q2,reguler,Horor,Jay Sukmo,"Nadya Alma, Givina Lukita Dewi, Septian Dwi Cahyo","Multi Buana Kreasindo, Sinemata, Radepa Studio",-,,128494.0,wiki_2026_table,False,original,,,,,6424700000.0,2730497500.0,underperformer,3.0,74246.66666666667,mid_or_indie,,,,
id_urang_bunian_2026,Urang Bunian,2026,2026-09-17,september,Q3,reguler,Horor,Rendy Herpy,"Dimas Aditya, Adinda Thomas, Fauzan Nasrul",DHF Entertainment,-,,128003.0,wiki_2026_table,False,original,,,,,6400150000.0,2720063750.0,underperformer,1.0,128003.0,mid_or_indie,,,,
id_sehidup_semati_2024,Sehidup Semati,2024,2024-01-11,januari,Q1,reguler,"Horor, cerita seru",Upi Avianto,"Laura Basuki, Ario Bayu, Asmara Abigail",Starvision,-,17+,127057.0,wiki_2024_table,False,original,,,,,5717565000.0,2429965125.0,underperformer,1.0,127057.0,major_studio,,,,
id_kampung_jabang_mayit_2025,Kampung Jabang Mayit,2025,2025-07-24,juli,Q3,libur_sekolah,Horor,Wisnu Surya Pratama,Atiqah Hasiholan Kukuh Prasetyo Bukie B. Mansyur Ersya Aurelia Rachquel Nesia,Kucing Hitam Pictures SPASI Moving Image BEN Film,,,126418.0,wiki_2025_table,False,original,,,,,6004855000.0,2552063375.0,underperformer,2.0,214148.0,mid_or_indie,,,,
id_perang_kota_2025,Perang Kota,2025,2025-04-30,april,Q2,lebaran,Drama Perang,Mouly Surya,Jerome Kurnia Chicco Jerikho Ariel Tatum Imelda Therinne Rukman Rosadi,Kharisma Starvision Plus,,17+,126108.0,wiki_2025_table,False,original,,,,,5990130000.0,2545805250.0,underperformer,2.0,203827.0,major_studio,,,,
id_kuyang_the_movie_2021,Kuyang the Movie,2021,2021-05-20,mei,Q2,reguler,Horor,Sonny Gumelar,"Arie Dwi Andhika, Zora Vidyanata, Anne J Cotto",786 Production,,17+,126108.0,wiki_2021_table,False,original,,,,,5044320000.0,2143836000.0,underperformer,1.0,126108.0,mid_or_indie,,,,
id_onde_mande_2023,Onde Mande!,2023,2023-06-22,juni,Q2,libur_sekolah,"Drama, komedi",Paul Agusta,"Jajang C. Noer, Jose Rizal Manua, Shenina Cinnamon, Ajil Ditto, Emir Mahira, Shahabi Sakri","Visinema Pictures, Gandrvng Films, Visionari Capital",,13+,124475.0,wiki_2023_table,False,original,,,,,5601375000.0,2380584375.0,underperformer,2.0,90937.5,major_studio,,,,
id_balada_si_roy_2023,Balada Si Roy,2023,2023-01-19,januari,Q1,reguler,"Drama, laga",Fajar Nugros,"Abidzar Al Ghifari, Febby Rastanty, Bio One",IDN Pictures,,13+,123564.0,wiki_2023_table,False,original,,,,,5560380000.0,2363161500.0,underperformer,8.0,362432.875,major_studio,,,,
id_garuda_di_dadaku_2026,Garuda di Dadaku,2026,2026-06-11,juni,Q2,libur_sekolah,Animasi,Ronny Gani,"Keanu Azka, Kristo Immanuel, Quinn Salman",Kawi Animation,-,,121869.0,wiki_2026_table,False,original,,,,,6093450000.0,2589716250.0,underperformer,1.0,121869.0,mid_or_indie,,,,
id_12_cerita_glen_anggara_2022,12 Cerita Glen Anggara,2022,2022-08-18,agustus,Q3,kemerdekaan,"Drama, Roman",Fajar Bustomi,"Prilly Latuconsina, Junior Roberts, Angga Yunanda, Adhisty Zara, Abun Sungkar, Dannia Salsabilla","Falcon Pictures, Starvision Plus",,13+,121458.0,wiki_2022_table,True,sequel_or_franchise,,,,,5101236000.0,2168025300.0,underperformer,10.0,379210.4,major_studio,,,,
id_nobody_loves_kay_2026,Nobody Loves Kay,2026,2026-06-04,juni,Q2,libur_sekolah,Drama,Bernadus Raka,"Bima Azriel, Aurora Ribero, Rey Bong",Qun Films,-,,121228.0,wiki_2026_table,False,original,,,,,6061400000.0,2576095000.0,underperformer,1.0,121228.0,mid_or_indie,,,,
id_kupu_kupu_kertas_2024,Kupu-Kupu Kertas,2024,2024-09-26,september,Q3,reguler,"Drama, sejarah",Emil Heradi,"Amanda Manopo, Chicco Kurniawan, Iwa K.","Maxima Pictures, Denny Siregar Production",-,17+,120753.0,wiki_2024_table,False,original,,,,,5433885000.0,2309401125.0,underperformer,2.0,68637.5,mid_or_indie,,,,
id_losmen_bu_broto_2021,Losmen Bu Broto,2021,2021-11-18,november,Q4,reguler,Drama,"Ifa Isfansyah, Eddie Cahyono","Maudy Koesnaedi, Mathias Muchus, Maudy Ayunda, Baskara Mahendra, Putri Marino","Ideosource Entertainment, Paragon Pictures, Fourcolours Films, Ideoworks",,13+,120413.0,wiki_2021_table,False,original,,,,,4816520000.0,2047021000.0,underperformer,1.0,120413.0,major_studio,,,,
id_istimewa_2026,Istimewa,2026,2026-09-17,september,Q3,reguler,Drama,Ruben Adrian,"Mathias Muchus, Ence Bagus, Yanni Melwani",Kairos Pictures,-,,119784.0,wiki_2026_table,False,original,,,,,5989200000.0,2545410000.0,underperformer,2.0,113993.0,mid_or_indie,,,,
id_dia_bukan_ibu_2025,Dia Bukan Ibu,2025,2025-09-25,september,Q3,reguler,Horor,Randolph Zaini,Aurora Ribero Artika Sari Devi Dian Sidik Sita Nursanti Ali Fikry Khiva Iskak Fara Shakila Husein Alatas,MVP Pictures,,,119767.0,wiki_2025_table,False,original,,,,,5688932500.0,2417796312.5,underperformer,1.0,119767.0,mid_or_indie,,,,
id_tanah_runtuh_2026,Tanah Runtuh,2026,2026-06-25,juni,Q2,libur_sekolah,Drama,Rudi Soedjarwo,"Vino G. Bastian, Sigi Wimala, Tubagus Ali",Denny Siregar Production,-,,119372.0,wiki_2026_table,False,original,,,,,5968600000.0,2536655000.0,underperformer,4.0,749244.0,mid_or_indie,,,,
id_suanggi_ilmu_kutukan_2026,Suanggi: Ilmu Kutukan,2026,2026-09-10,september,Q3,reguler,Horor,Dom Dharmo,"Pangeran Lantang, Carissa Perusset, Eugenia Yauwalata","Mutiara Films, Subtube Studio",-,,118779.0,wiki_2026_table,False,original,,,,,5938950000.0,2524053750.0,underperformer,2.0,100521.0,mid_or_indie,,,,
id_kromoleo_2024,Kromoleo,2024,2024-08-22,agustus,Q3,kemerdekaan,Horor,Anggy Umbara,"Ratu Sofya, Tio Pakusadewo, Abun Sungkar","Imperial Pictures, Umbara Brothers Film",-,17+,118310.0,wiki_2024_table,False,original,,,,,5323950000.0,2262678750.0,underperformer,12.0,964791.25,mid_or_indie,,,,
id_mama_pesan_dari_neraka_2025,Mama: Pesan dari Neraka,2025,2025-09-11,september,Q3,reguler,Horor,Azhar Kinoi Lubis,Andy /rif Hannah Al Rashid Raihan Khan Ruli Fitrian Alia Naura Hakim Grace Emmanuela Nova Eliza Callista Arum,Pichouse Films PAW Pictures,,17+,117365.0,wiki_2025_table,False,original,,,,,5574837500.0,2369305937.5,underperformer,13.0,1003415.4615384615,mid_or_indie,,,,
id_yuni_2021,Yuni,2021,2021-12-09,desember,Q4,libur_akhir_tahun,Drama,Kamila Andini,"Arawinda Kirana, Kevin Ardilova, Dimas Aditya, Asmara Abigail","Fourcolours Films, Starvision Plus, Akanga Film Asia, Manny Films",,17+,117160.0,wiki_2021_table,False,original,,,,,4686400000.0,1991720000.0,underperformer,1.0,117160.0,major_studio,,,,
id_noktah_merah_perkawinan_2022,Noktah Merah Perkawinan,2022,2022-09-15,september,Q3,reguler,"Melodrama, Roman",Sabrina Rochelle Kalangie,"Marsha Timothy, Oka Antara, Sheila Dara Aisha",Rapi Films,,13+,116861.0,wiki_2022_table,False,original,,,,,4908162000.0,2085968850.0,underperformer,2.0,883430.5,major_studio,,,,
id_anak_medan_cocok_ko_rasa_2025,Anak Medan: Cocok Ko Rasa??,2025,2025-04-24,april,Q2,lebaran,Drama Komedi,Ivan Bandhito,Ajil Ditto Mario Maulana Ady Sky Maell Lee,PIM Pictures D'Ayu Pictures,,13+,115810.0,wiki_2025_table,False,original,,,,,5500975000.0,2337914375.0,underperformer,2.0,70866.0,mid_or_indie,,,,
id_mantra_surugana_2023,Mantra Surugana,2023,2023-07-27,juli,Q3,libur_sekolah,Horor,Dyan Sunu Prastowo,"Sitha Marino, Cindy Nirmala, Rania Putrisari, Luna Shabrina, Fergie Brittany","Peregrine Studios, Adhya Pictures",,17+,112803.0,wiki_2023_table,False,original,,,,,5076135000.0,2157357375.0,underperformer,8.0,54784.0,mid_or_indie,,,,
id_mangga_muda_2020,Mangga Muda,2020,2020-01-23,januari,Q1,reguler,"Drama, Komedi",Girry Pratama,"Tora Sudiro, Alexandra Gottardo, Gary Iskak, Nafa Urbach, Ajun Perwira, Sayudi Ucul, Vikri Rasta, Niniek L. Karim, Ratu Rolinda Rahman, Pasha Van K",Lingkar Film,Viu,13+,112317.0,wiki_2020_table,False,original,,,,,4268046000.0,1813919550.0,underperformer,2.0,65366.5,mid_or_indie,,,,
id_perjanjian_setan_2024,Perjanjian Setan,2024,2024-09-05,september,Q3,reguler,Horor,Farid Dermawan,"Callista Arum, Kenny Austin, Gemi Nastiti",MPS Pictures,-,13+,111698.0,wiki_2024_table,False,original,,,,,5026410000.0,2136224250.0,underperformer,1.0,111698.0,mid_or_indie,,,,
id_anak_garuda_2020,Anak Garuda,2020,2020-01-16,januari,Q1,reguler,Drama,Faozan Rizal,"Tissa Biani, Ajil Ditto, Clairine Clay, Violla Georgie, Rebecca Klopper, Rania Putrisari, Geraldy Krekchoff, Kiki Narendra",Butterfly Pictures,Disney+ Hotstar,13+,111170.0,wiki_2020_table,False,original,,,,,4224460000.0,1795395500.0,underperformer,4.0,194025.5,mid_or_indie,,,,
id_patah_hati_yang_kupilih_2025,Patah Hati Yang Kupilih,2025,2025-12-24,desember,Q4,libur_akhir_tahun,Roman,Danial Rifki,Prilly Latuconsina Bryan Domani Marissa Anita,Sinemaku Pictures,,,109160.0,wiki_2025_table,False,original,,,,,5185100000.0,2203667500.0,underperformer,4.0,92239.75,mid_or_indie,,,,
id_autopsy_dead_body_can_talk_2026,Autopsy: Dead Body Can Talk,2026,2026-09-03,september,Q3,reguler,Triler,Ozan Ruz,"Masayu Anastasia, Samuel Rizal, Teuku Rifnu Wikana",Karya Kreatif Utama,-,,108809.0,wiki_2026_table,False,original,,,,,5440450000.0,2312191250.0,underperformer,1.0,108809.0,mid_or_indie,,,,
id_cinta_pertama_kedua_ketiga_2022,"Cinta Pertama, Kedua & Ketiga",2022,2022-01-06,januari,Q1,reguler,"Drama, Roman",Gina S. Noer,"Angga Yunanda, Putri Marino, Slamet Rahardjo, Ira Wibowo","Starvision, Wahana Kreator Nusantara",,17+,108579.0,wiki_2022_table,False,original,,,,,4560318000.0,1938135150.0,underperformer,2.0,77536.0,major_studio,,,,
id_jagat_arwah_2022,Jagat Arwah,2022,2022-09-29,september,Q3,reguler,"Horor, Fantasi, Petualangan",Ruben Adrian,"Oka Antara, Cinta Laura, Ari Irham, Ganindra Bimo, Sheila Dara, Kiki Narendra","Visinema Pictures, Infinite Studios, Jagartha, Blibli, Astro Shaw",,13+,108202.0,wiki_2022_table,False,original,,,,,4544484000.0,1931405700.0,underperformer,2.0,113993.0,major_studio,,,,
id_ben_jody_2022,Ben & Jody,2022,2022-01-27,januari,Q1,reguler,"Drama, Aksi, Petualangan",Angga Dwimas Sasongko,"Rio Dewanto, Chicco Jerikho, Hana Malasan, Aghniny Haque, Muzakki Ramdhan, Reza Hilman","Visinema Pictures, Jagartha, Blibli, Astro Shaw",,13+,107803.0,wiki_2022_table,False,original,,,,,4527726000.0,1924283550.0,underperformer,6.0,1110135.8333333333,major_studio,,,,
id_ganjil_genap_2023,Ganjil Genap,2023,2023-06-28,juni,Q2,libur_sekolah,"Drama, komedi",Bene Dion,"Clara Bernadeth, Oka Antara, Baskara Mahendra",MD Pictures,,13+,107718.0,wiki_2023_table,False,original,,,,,4847310000.0,2060106750.0,underperformer,1.0,107718.0,major_studio,,,,
id_eva_pendakian_terakhir_2025,Eva: Pendakian Terakhir,2025,2025-01-16,januari,Q1,reguler,Horor,Dedy Mercy,Bulan Sutena Kiesha Alvaro Axel Matthew Thomas Ashira Zamita Ilham Aji Santoso Hannah Kinasih,Citra Visual Sinema,,17+,107107.0,wiki_2025_table,False,original,,,,,5087582500.0,2162222562.5,underperformer,4.0,477721.25,mid_or_indie,,,,
id_clbk_cinta_lama_babak_kedua_2026,#CLBK: Cinta Lama Babak Kedua,2026,2026-07-03,juli,Q3,libur_sekolah,"Drama, romansa",Ivander Tedjasukmana,"Slamet Rahardjo, Widyawati, Sintya Marisca",MIR Productions,-,,105469.0,wiki_2026_table,True,sequel_or_franchise,,,,,5273450000.0,2241216250.0,underperformer,1.0,105469.0,mid_or_indie,,,,
id_warung_pocong_2026,Warung Pocong,2026,2026-04-09,april,Q2,lebaran,Komedi,Bee N Dolt,"Sadana Agung, Fajar Nugra, Randhika Djamil",Entelekey Media Indonesia,-,,103888.0,wiki_2026_table,False,original,,,,,5194400000.0,2207620000.0,underperformer,1.0,103888.0,mid_or_indie,,,,
id_wasiat_warisan_2025,Wasiat Warisan,2025,2025-12-04,desember,Q4,libur_akhir_tahun,Drama,Agustinus Sitorus,Derby Romero Astrid Tiar Sarah Sechan Hamka Siregar Rita Ch Panduri Jenda Munthe Sumaisy Djaitov Yanda Vito Sinaga Femila Sinukaban Dorman Manik,PIM Pictures,,,103621.0,wiki_2025_table,False,original,,,,,4921997500.0,2091848937.5,underperformer,2.0,98921.5,mid_or_indie,,,,
id_ain_2026,Ain,2026,2026-05-07,mei,Q2,reguler,Horor,Archie Hekagery,"Fergie Brittany, Denira Wiraguna, Putri Ayudya","MVP Pictures, Manara Studios",-,,101647.0,wiki_2026_table,False,original,,,,,5082350000.0,2159998750.0,underperformer,3.0,222676.0,mid_or_indie,,,,
id_until_tomorrow_2022,Until Tomorrow,2022,2022-09-29,september,Q3,reguler,"Drama, Roman",Hadrah Daeng Ratu,"Deva Mahenra, Clara Bernadeth","Unlimited Production, Dwi Abisatya Persada, Light House Capital Management",,13+,100679.0,wiki_2022_table,False,original,,,,,4228518000.0,1797120150.0,underperformer,13.0,1183652.5384615385,mid_or_indie,,,,
id_musuh_dalam_selimut_2026,Musuh dalam Selimut,2026,2026-01-08,januari,Q1,reguler,"Triler, Romantis",Hadrah Daeng Ratu,"Yasmin Napper, Megan Domani, Arbani Yasiz",Narasi Semesta,-,,100516.0,wiki_2026_table,False,original,,,,,5025800000.0,2135965000.0,underperformer,13.0,1183652.5384615385,mid_or_indie,,,,
id_malam_3_yasinan_2026,Malam 3 Yasinan,2026,2026-01-08,januari,Q1,reguler,"Horor, Triler",Yannie Sukarya,"Shalom Razade, Piet Pagau, Wulan Guritno","Hellroad Films, Alkimia Production",-,,100516.0,wiki_2026_table,True,sequel_or_franchise,,,,,5025800000.0,2135965000.0,underperformer,2.0,163842.0,mid_or_indie,,,,
id_dedemit_diikuti_makhluk_halus_2023,Dedemit: Diikuti Makhluk Halus,2023,2023-05-04,mei,Q2,reguler,Horor,Hendra Sirajuddin,"Ikram Noer, Fildzah Burhan, Nurfadilah Hanifah, DG Mabone",786 Production,,13+,100163.0,wiki_2023_table,False,original,,,,,4507335000.0,1915617375.0,underperformer,1.0,100163.0,mid_or_indie,,,,
id_mohon_doa_restu_2023,Mohon Doa Restu,2023,2023-10-26,oktober,Q4,reguler,"Komedi, roman",Ody C. Harahap,"Jefri Nichol, Syifa Hadju, Sarah Sechan, Cut Mini, Kiki Narendra","Screenplay Films, Rapi Films, IFI Sinema",,SU,98547.0,wiki_2023_table,False,original,,,,,4434615000.0,1884711375.0,underperformer,3.0,61408.0,major_studio,,,,
id_setengah_hati_2024,Setengah Hati,2024,2024-01-25,januari,Q1,reguler,Drama,Hasto Broto,"Yusuf Mahardika, Tissa Biani, Rachman Avri",Satu Selaras Production,-,13+,97187.0,wiki_2024_table,False,original,,,,,4373415000.0,1858701375.0,underperformer,4.0,44731.75,mid_or_indie,,,,
id_aku_harus_mati_2026,Aku Harus Mati,2026,2026-04-02,april,Q2,lebaran,Horor,Hestu Saputra,"Hana Saraswati, Amara Sophie, Prasetya Agni",Rollink Action,-,,96485.0,wiki_2026_table,False,original,,,,,4824250000.0,2050306250.0,underperformer,3.0,58722.333333333336,mid_or_indie,,,,
id_keadilan_the_verdict_2025,KEADILAN (The Verdict),2025,2025-11-20,november,Q4,reguler,Kriminal,Lee Chang Hee Yusron Fuadi,Reza Rahadian Rio Dewanto Elang El Gibran Dimas Aditya Niken Anjani Dian Nitami Vonny Anggraini Tubagus Ali Eduwart Manalu Karina Salim Rafly Altama Tyan Anugrah,MD Pictures JNC Media Group,,,96316.0,wiki_2025_table,True,sequel_or_franchise,,,,,4575010000.0,1944379250.0,underperformer,1.0,96316.0,major_studio,,,,
id_dendam_malam_kelam_2025,Dendam Malam Kelam,2025,2025-05-28,mei,Q2,reguler,Thriler,Danial Rifki,Bront Palarae Marissa Anita Davina Karamoy Arya Saloka,Falcon Pictures,,17+,94882.0,wiki_2025_table,False,original,,,,,4506895000.0,1915430375.0,underperformer,4.0,92239.75,major_studio,,,,
id_rest_area_2025,Rest Area,2025,2025-10-02,oktober,Q4,reguler,Horor,Aditya Testarossa,Lutesha Ajil Ditto Chicco Kurniawan Julian Jacob Lania Fira,Mahakarya Pictures,,,94615.0,wiki_2025_table,False,original,,,,,4494212500.0,1910040312.5,underperformer,1.0,94615.0,mid_or_indie,,,,
id_antara_mama_cinta_dan_surga_bahasa_cinta_nommensen_2026,"Antara Mama, Cinta dan Surga: Bahasa Cinta Nommensen",2026,2026-02-19,februari,Q1,reguler,Drama,Agustinus Sitorus,"Aldy Maldini, Anneth Dellicia Nasution, Cok Simbara",PIM Pictures,-,,94222.0,wiki_2026_table,False,original,,,,,4711100000.0,2002217500.0,underperformer,2.0,98921.5,mid_or_indie,,,,
id_tasbih_kosong_2023,Tasbih Kosong,2023,2023-02-02,februari,Q1,reguler,Horor,Arie Achmad Buang,"Fritz Frederich, Riskyana Hidayat, St. Ardiana Arifin","786 Production, Rumpi Entertainment",,13+,92477.0,wiki_2023_table,False,original,,,,,4161465000.0,1768622625.0,underperformer,1.0,92477.0,mid_or_indie,,,,
id_monster_pabrik_rambut_2026,Monster Pabrik Rambut,2026,2026-06-04,juni,Q2,libur_sekolah,Horor,Edwin,"Rachel Amanda, Lutesha, Iqbaal Ramadhan",Palari Films,-,,92476.0,wiki_2026_table,False,original,,,,,4623800000.0,1965115000.0,underperformer,2.0,88740.0,mid_or_indie,,,,
id_suka_duka_tawa_2026,Suka Duka Tawa,2026,2026-01-08,januari,Q1,reguler,"Drama, Komedi",Aco Tenriyagelli,"Rachel Amanda, Rifnu Wikana, Marissa Anita","BION Sinema, Spasi Moving Image",-,,91772.0,wiki_2026_table,False,original,,,,,4588600000.0,1950155000.0,underperformer,1.0,91772.0,mid_or_indie,,,,
id_mangku_pocong_2025,Mangku Pocong,2025,2025-04-24,april,Q2,lebaran,Horor,Chiska Doppert,Ajeng Fauziah Indra Pacique Samuel Rizal Monique Henry Arthur Tobing Wanda Hamidah Aldo Irawan Iqbal Perdana Jefan Nathanio Yan Patroman,Rumpi Entertainment Virgo Putra Film 786 Productions,,,91257.0,wiki_2025_table,False,original,,,,,4334707500.0,1842250687.5,underperformer,6.0,126021.16666666667,mid_or_indie,,,,
id_perjalanan_pembuktian_cinta_2024,Perjalanan Pembuktian Cinta,2024,2024-03-07,maret,Q1,lebaran,"Drama, percintaan",M. Amrul Ummami,"Dea Annisa, Teuku Ryan, Donny Damara",FMM Studio,-,13+,90320.0,wiki_2024_table,False,original,,,,,4064400000.0,1727370000.0,underperformer,3.0,99065.66666666667,mid_or_indie,,,,
id_kupeluk_kamu_selamanya_2026,Kupeluk Kamu Selamanya,2026,2026-04-30,april,Q2,lebaran,Drama,Pritagita Arianegara,"Hana Malasan, Jared Ali, Fanny Ghassani",KUY! Studios,-,,90217.0,wiki_2026_table,False,original,,,,,4510850000.0,1917111250.0,underperformer,4.0,53091.75,mid_or_indie,,,,
id_jin_qorin_2023,Jin Qorin,2023,2023-03-23,maret,Q1,lebaran,Horor,Ubay Fox,"Marthino Lio, Rama Michael, Tyara Vanesha, Annisa Hasim, Kanaya Gleadys","White Collar Pictures, IDM Film",,17+,89934.0,wiki_2023_table,False,original,,,,,4047030000.0,1719987750.0,underperformer,2.0,64991.5,mid_or_indie,,,,
id_the_hostage_s_hero_2026,The Hostage's Hero,2026,2026-04-02,april,Q2,lebaran,Laga,Revo S. Rurut,"Donny Alamsyah, Rifky Balweel, Robert Chaniago",Iswara Films,-,,87381.0,wiki_2026_table,False,original,,,,,4369050000.0,1856846250.0,underperformer,1.0,87381.0,mid_or_indie,,,,
id_alena_anak_ratu_iblis_2023,Alena Anak Ratu Iblis,2023,2023-01-05,januari,Q1,reguler,Horor,Sonu Samtani,"Ciara Brosnan, Ririn Ekawati, Karenina Maria Anderson, Wulan Guritno, Temmy Rahadi",Arjuna Mega Films,,13+,86769.0,wiki_2023_table,False,original,,,,,3904605000.0,1659457125.0,underperformer,2.0,66496.5,mid_or_indie,,,,
id_kurban_budak_iblis_2024,Kurban: Budak Iblis,2024,2024-03-21,maret,Q1,lebaran,Horor,Findo Purwono HW,"Adila Fitri, Ingrid Widjanarko, Egy Fedly","Dewi Cinema, Seven Sky Pictures",,17+,86132.0,wiki_2024_table,False,original,,,,,3875940000.0,1647274500.0,underperformer,1.0,86132.0,mid_or_indie,,,,
id_seni_merayu_tuhan_2026,Seni Merayu Tuhan,2026,2026-08-13,agustus,Q3,kemerdekaan,Drama,Cesa David Luckmansyah,"Ari Irham, Rieke Diah Pitaloka, Lutesha",Wahana Kreator,-,,85962.0,wiki_2026_table,False,original,,,,,4298100000.0,1826692500.0,underperformer,1.0,85962.0,mid_or_indie,,,,
id_maryam_janji_dan_jiwa_yang_terikat_2025,Maryam: Janji dan Jiwa yang Terikat,2025,2025-09-18,september,Q3,reguler,Horor,Azhar Kinoi Lubis,Claresta Taufan Wafda Saifan Rahmet Ababil Rukman Rosadi Shaqueena Medina Lukman,Legacy Pictures Visual Media Studio,,,85118.0,wiki_2025_table,False,original,,,,,4043105000.0,1718319625.0,underperformer,13.0,1003415.4615384615,mid_or_indie,,,,
id_seperti_dendam_rindu_harus_dibayar_tuntas_2021,"Seperti Dendam, Rindu Harus Dibayar Tuntas",2021,2021-12-02,desember,Q4,libur_akhir_tahun,"Drama, Aksi",Edwin,"Marthino Lio, Ladya Cheryl, Sal Priadi, Reza Rahadian, Ratu Felisha",Palari Films,,17+,85004.0,wiki_2021_table,False,original,,,,,3400160000.0,1445068000.0,underperformer,2.0,88740.0,mid_or_indie,,,,
id_ambyar_mak_byar_2025,Ambyar Mak Byar,2025,2025-01-09,januari,Q1,reguler,Drama Komedi Musikal,Puguh P. S. Admaja,Gilga Sahid Happy Asmara Evan Loss Angie Williams,BION Studios Universal Mediatainment Virtuelines Entertaiment Aktina Film Komet Studio Visual Media Studio Visinema Pictures,,13+,84711.0,wiki_2025_table,False,original,,,,,4023772500.0,1710103312.5,underperformer,1.0,84711.0,major_studio,,,,
id_anak_titipan_setan_2023,Anak Titipan Setan,2023,2023-01-12,januari,Q1,reguler,Horor,Erwin Arnada,"Gisella Anastasia, Ingrid Widjanarko, Annisa Hertami","Produksi Film Negara, Jaman Studio",,17+,84166.0,wiki_2023_table,False,original,,,,,3787470000.0,1609674750.0,underperformer,1.0,84166.0,mid_or_indie,,,,
id_kadet_1947_2021,Kadet 1947,2021,2021-11-25,november,Q4,reguler,"Drama, Perang","Rahabi Mandra, Aldo Swastia","Kevin Julio, Bisma Karisma, Marthino Lio, Omara Esteghlal, Wafda Saifan, Chicco Kurniawan, Fajar Nugra",Temata Studios,,13+,83996.0,wiki_2021_table,True,sequel_or_franchise,,,,,3359840000.0,1427932000.0,underperformer,1.0,83996.0,mid_or_indie,,,,
id_rumah_tanpa_cahaya_2026,Rumah tanpa Cahaya,2026,2026-02-12,februari,Q1,reguler,Drama,Odi Harahap,"Ira Wibowo, Donny Damara, Lavicky Nicholas","Citra Sinema, SinemArt",-,,83120.0,wiki_2026_table,False,original,,,,,4156000000.0,1766300000.0,underperformer,1.0,83120.0,mid_or_indie,,,,
id_pemikat_jiwa_2026,Pemikat Jiwa,2026,2026-07-09,juli,Q3,libur_sekolah,Horor,Dom Dharmo,"Givina, Fajar Nugra, Erdin Werdrayana",Makara Production,-,,82263.0,wiki_2026_table,False,original,,,,,4113150000.0,1748088750.0,underperformer,2.0,100521.0,mid_or_indie,,,,
id_azzamine_2024,Azzamine,2024,2024-08-22,agustus,Q3,kemerdekaan,Drama,Benni Setiawan,"Arbani Yasiz, Megan Domani, Axel Matthew",MD Pictures,-,13+,82150.0,wiki_2024_table,False,original,,,,,3696750000.0,1571118750.0,underperformer,6.0,645686.5,major_studio,,,,
id_mekah_i_m_coming_2020,Mekah I'm Coming,2020,2020-03-05,maret,Q1,reguler,"Komedi, percintaan, agama",Jeihan Angga,"Rizky Nazar, Michelle Ziudith, Yusril Fahriza, Dwi Sasono, Jennifer Coppen, Ephy Pae, Ria Irawan","Dapur Film, MD Pictures",Viu,13+,81975.0,wiki_2020_table,False,original,,,,,3115050000.0,1323896250.0,underperformer,5.0,148849.0,major_studio,,,,
id_ikatan_darah_2026,Ikatan Darah,2026,2026-04-30,april,Q2,lebaran,Laga,Sidharta Tata,"Livi Ciananta, Derby Romero, Ismi Melinda",Uwais Pictures,-,,80948.0,wiki_2026_table,False,original,,,,,4047400000.0,1720145000.0,underperformer,6.0,676897.5,mid_or_indie,,,,
id_desa_mati_the_movie_2025,Desa Mati the Movie,2025,2025-03-06,maret,Q1,lebaran,Horor,Sipu Groso,Frislly Herlind Kiesha Alvaro Samuel Rizal Adila Fitri Ehan Brenda,Kami Sinema,,13+,77883.0,wiki_2025_table,False,original,,,,,3699442500.0,1572263062.5,underperformer,1.0,77883.0,mid_or_indie,,,,
id_paranoia_2021,Paranoia,2021,2021-11-11,november,Q4,reguler,"Drama, Cerita seru",Riri Riza,"Nirina Zubir, Nicholas Saputra, Caitlin North Lewis, Lukman Sardi",Miles Films,,13+,76614.0,wiki_2021_table,False,original,,,,,3064560000.0,1302438000.0,underperformer,3.0,1136700.3333333333,mid_or_indie,,,,
id_jin_jun_2023,Jin & Jun,2023,2023-04-19,april,Q2,lebaran,"Komedi, fantasi",Anggy Umbara,"Rey Bong, Dwi Sasono","MVP Pictures, Umbara Brothers Film",,13+,76558.0,wiki_2023_table,False,original,,,,,3445110000.0,1464171750.0,underperformer,12.0,964791.25,mid_or_indie,,,,
id_tabayyun_2025,Tabayyun,2025,2025-05-08,mei,Q2,reguler,Drama,Key Mangunsong,Titi Kamal Ibrahim Risyad Naysila Mirdad Farrell Rafisqy Jenny Rachman Maya Hasan Tri Yudiman Siti Fauziah Fanny Fadillah,A&Z Films Legacy Pictures Beehave Pictures,,,75897.0,wiki_2025_table,False,original,,,,,3605107500.0,1532170687.5,underperformer,6.0,662899.6666666666,mid_or_indie,,,,
id_gita_cinta_dari_sma_2023,Gita Cinta dari SMA,2023,2023-02-09,februari,Q1,reguler,"Drama, roman",Monty Tiwa,"Prilly Latuconsina, Yesaya Abraham",Starvision Plus,,13+,75065.0,wiki_2023_table,False,original,,,,,3377925000.0,1435618125.0,underperformer,7.0,334049.28571428574,major_studio,,,,
id_heartbreak_motel_2024,Heartbreak Motel,2024,2024-08-01,agustus,Q3,kemerdekaan,"Drama, percintaan",Angga Dwimas Sasongko,"Laura Basuki, Reza Rahadian, Chicco Jerikho",Visinema Pictures,-,17+,74028.0,wiki_2024_table,False,original,,,,,3331260000.0,1415785500.0,underperformer,6.0,1110135.8333333333,major_studio,,,,
id_suami_yang_lain_2024,Suami yang Lain,2024,2024-01-04,januari,Q1,reguler,Drama,John de Rantau,"Acha Septriasa, Morgan Oey, Omar Daniel",Bawana Entertainment,-,17+,72904.0,wiki_2024_table,False,original,,,,,3280680000.0,1394289000.0,underperformer,1.0,72904.0,mid_or_indie,,,,
id_keluarga_suami_adalah_hama_2026,Keluarga Suami adalah Hama,2026,2026-05-21,mei,Q2,reguler,Drama,Anggy Umbara,"Meriam Bellina, Raihaanun, Omar Daniel",Umbara Brothers Film,-,,71834.0,wiki_2026_table,False,original,,,,,3591700000.0,1526472500.0,underperformer,12.0,964791.25,mid_or_indie,,,,
id_check_out_sekarang_pay_later_2026,"Check Out Sekarang, Pay Later",2026,2026-02-05,februari,Q1,reguler,Komedi,Ardy Octaviand,"Amanda Manopo, Devano, Fajar Sadboy","Scovi Films, Rapi Films",-,,71166.0,wiki_2026_table,False,original,,,,,3558300000.0,1512277500.0,underperformer,1.0,71166.0,major_studio,,,,
id_pulung_gantung_pati_ngendat_2025,Pulung Gantung: Pati Ngendat,2025,2025-02-06,februari,Q1,reguler,Horor,Chiska Doppert,Andrew Barrett Bulan Sofya Annisa Kaila,Makara Production Bravo Romeo Production,,17+,71058.0,wiki_2025_table,False,original,,,,,3375255000.0,1434483375.0,underperformer,6.0,126021.16666666667,mid_or_indie,,,,
id_kajeng_kliwon_film_daerah_terbatas_2020,"Kajeng Kliwon (film daerah, terbatas)",2020,2020-02-13,februari,Q1,reguler,Horor,Bambang Drias,"Amanda Manopo, Chris Laurent, Atikah Suhaime, Vincent Andrianto",Applecross Production,,17+,70712.0,wiki_2020_table,False,original,,,,,2687056000.0,1141998800.0,underperformer,5.0,197190.0,mid_or_indie,,,,
id_surat_dari_kematian_2020,Surat dari Kematian,2020,2020-01-09,januari,Q1,reguler,Horor,Hestu Saputra,"Carissa Perusset, Endy Arfian, Omara Esteghlal, Jerome Kurnia, Dannia Salsabilla, Eric Febrian, Justin Adiwinata",Max Pictures,KlikFilm,17+,70528.0,wiki_2020_table,False,original,,,,,2680064000.0,1139027200.0,underperformer,3.0,58722.333333333336,mid_or_indie,,,,
id_tanduk_setan_2024,Tanduk Setan,2024,2024-03-14,maret,Q1,lebaran,Horor,"Amriy R. Suwardi, Bobby Prasetyo","Boy Muhammad, Nur Mayati, Taskya Namya","Starvision, Forka Films",-,17+,69228.0,wiki_2024_table,False,original,,,,,3115260000.0,1323985500.0,underperformer,1.0,69228.0,major_studio,,,,
id_dosa_penebusan_atau_penghakiman_2026,Dosa: Penebusan atau Penghakiman,2026,2026-06-11,juni,Q2,libur_sekolah,Horor,Sondang Pratama,"Ratu Sofya, Revaldo, Dominique Sanda",HAS Pictures,-,,68766.0,wiki_2026_table,False,original,,,,,3438300000.0,1461277500.0,underperformer,1.0,68766.0,mid_or_indie,,,,
id_rumah_teteh_story_of_helena_2025,Rumah Teteh: Story of Helena,2025,2025-02-13,februari,Q1,reguler,Horor,Nanang Istiabudi,Nova Eliza Erdin Werdrayana Philips Chow Dede Satria Sani Fahreza Satria Danielo Agatha Valerie Ferdy Ali,786 Production Maxstream Studios Mercusuar Films RUMPI Entertainment,,,68675.0,wiki_2025_table,False,original,,,,,3262062500.0,1386376562.5,underperformer,1.0,68675.0,mid_or_indie,,,,
id_temen_kondangan_2020,Temen Kondangan,2020,2020-01-30,januari,Q1,reguler,"Drama, Komedi",Iip Sariful Hanan,"Gading Marten, Samuel Rizal, Prisia Nasution, Olivia Lubis Jensen, Reza Nangin, Imelda Therinne, Sahira Anjani, Yeslin Wang, Ovi Dian, Chika Waode, Kevin Julio, Oline Mendeng",MNC Pictures,Netflix,13+,67137.0,wiki_2020_table,False,original,,,,,2551206000.0,1084262550.0,underperformer,1.0,67137.0,mid_or_indie,,,,
id_virgo_and_the_sparklings_2023,Virgo and the Sparklings,2023,2023-03-02,maret,Q1,lebaran,"Laga, pahlawan super",Ody C. Harahap,"Adhisty Zara, Satine Zaneta, Ashira Zamita, Rebecca Klopper, Mawar Eva de Jongh, Bryan Domani","Screenplay Bumilangit, SK Global, Legacy Pictures, DMMX Media, Adhya Group",,SU,67101.0,wiki_2023_table,False,original,,,,,3019545000.0,1283306625.0,underperformer,3.0,61408.0,major_studio,,,,
id_agen_62_2025,Agen +62,2025,2025-07-03,juli,Q3,libur_sekolah,Komedi,Dinna Jasanti,Rieke Diah Pitaloka Cinta Laura Kiehl Keanu Angelo Totos Rasiti Olga Lydia Fanny Fadillah Chandra Satria Nafiza Fatia Rani Tenno Ali Fadil Jaidi Dara Arafah,,,13+,66811.0,wiki_2025_table,True,sequel_or_franchise,,,,,3173522500.0,1348747062.5,underperformer,5.0,609037.0,indie_or_unknown,,,,
id_kejar_mimpi_gaspol_2023,Kejar Mimpi Gaspol!,2023,2023-07-06,juli,Q3,libur_sekolah,"Drama, komedi",Hasto Broto,"Asri Welas, Tora Sudiro, Michelle Ziudith",Anak Bangsa Berkreasi,,13+,66432.0,wiki_2023_table,False,original,,,,,2989440000.0,1270512000.0,underperformer,4.0,44731.75,mid_or_indie,,,,
id_oma_the_demonic_2022,"Oma, The Demonic",2022,2022-04-21,april,Q2,reguler,Horor,Joel Fadly,"Jajang C. Noer, Karina Nadila, Syahra Larez, Diah Permatasari, Bobby Rizky",Unicorn Pictures,,17+,66251.0,wiki_2022_table,False,original,,,,,2782542000.0,1182580350.0,underperformer,1.0,66251.0,mid_or_indie,,,,
id_kuncen_2025,Kuncen,2025,2025-11-06,november,Q4,reguler,Horror,Jose Poernomo,Cinta Brian Roberts Davina Karamoy Mikha Hernan Vonny Felicia Fadi Iskandar Azela Putri,,,,65711.0,wiki_2025_table,False,original,,,,,3121272500.0,1326540812.5,underperformer,3.0,34459.666666666664,indie_or_unknown,,,,
id_ambo_nai_supir_andalan_2022,Ambo Nai Supir Andalan,2022,2022-02-24,februari,Q1,reguler,Komedi,Andi Burhamzah,"Ambo Nai, Malla, Bos Pirang, Jinbeleng, Diny Arishandy, Cukke', DG. Nojeng","Timur Pictures, 786 Productions",,SU,65581.0,wiki_2022_table,False,original,,,,,2754402000.0,1170620850.0,underperformer,4.0,151695.75,mid_or_indie,,,,
id_sah_katanya_2025,Sah! Katanya...,2025,2025-04-24,april,Q2,lebaran,Komedi Romansa,Loeloe Hendra,Landung Simatupang Della Dartyan Nadya Arina Dimas Anggara Calvin Jeremy,MVP Pictures,,13+,65506.0,wiki_2025_table,False,original,,,,,3111535000.0,1322402375.0,underperformer,1.0,65506.0,mid_or_indie,,,,
id_possession_kerasukan_2024,Possession: Kerasukan,2024,2024-05-08,mei,Q2,reguler,"Horor, cerita seru",Ertanto Robby Soediskam,"Darius Sinathrya, Carissa Perusset, Sara Fajira",Falcon Black,-,21+,65087.0,wiki_2024_table,False,original,,,,,2928915000.0,1244788875.0,underperformer,1.0,65087.0,mid_or_indie,,,,
id_bertaut_rindu_2025,Bertaut Rindu,2025,2025-07-31,juli,Q3,libur_sekolah,Drama Romantis,Rako Prijanto,Ari Irham Adhisty Zara Willem Bevers Putri Ayudya Aida Nurmala Jeremy Thomas Nadine Alexandra Irgi Fahrezi Oki Rengga Aulia Deas Jennifer Jill Armand-Supit,SinemART,,,64964.0,wiki_2025_table,False,original,,,,,3085790000.0,1311460750.0,underperformer,7.0,225236.57142857142,mid_or_indie,,,,
id_doti_tumbal_ilmu_hitam_2025,Doti: Tumbal Ilmu Hitam,2025,2025-07-24,juli,Q3,libur_sekolah,Horor Regional,Bayu Pamungkas,Billy Boedjanger Achmad Pule Della Ogini Lidya Anita Tanjung,Ruang Visual Production Dream Picture,,,61886.0,wiki_2025_table,False,original,,,,,2939585000.0,1249323625.0,underperformer,2.0,32229.0,mid_or_indie,,,,
id_tuhan_benarkah_kau_mendengarku_2026,"Tuhan, Benarkah Kau Mendengarku?",2026,2026-01-29,januari,Q1,reguler,Drama,Jay Sukmo,"Revalina S. Temat, Gunawan Sudrajat, Megan Domani","Paragon Pictures, Ideosource Entertainment",-,,61853.0,wiki_2026_table,False,original,,,,,3092650000.0,1314376250.0,underperformer,3.0,74246.66666666667,major_studio,,,,
id_why_do_you_love_me_2023,Why Do You Love Me,2023,2023-06-28,juni,Q2,libur_sekolah,"Drama, komedi",Herwin Novianto,"Adipati Dolken, Jefri Nichol, Onadio Leonardo, TJ Ruth",Max Pictures,,17+,61725.0,wiki_2023_table,False,original,,,,,2777625000.0,1180490625.0,underperformer,8.0,1167316.125,mid_or_indie,,,,
id_setan_botak_di_jembatan_ancol_2025,Setan Botak di Jembatan Ancol,2025,2025-03-06,maret,Q1,lebaran,Horor,Anggy Umbara,Ozy Syahputra Indah Permatasari Jameelah Saleem Arief Didu Anyun Cadel Firda Indira Tomy Babap Cornelio Sunny Cinta Dewi,MPS Pictures,,13+,61310.0,wiki_2025_table,False,original,,,,,2912225000.0,1237695625.0,underperformer,12.0,964791.25,mid_or_indie,,,,
id_yakin_nikah_2025,Yakin Nikah,2025,2025-10-09,oktober,Q4,reguler,Komedi Romantis,Pritagita Arianegara,Maxime Bouttier Enzy Storia Jourdy Pranata Tora Sudiro Amanda Rigby Ersa Mayori Dul Jaelani Indian Akbar Tissa Biani Lukman Sardi Arya Vasco Agung Karmalogy Izabel Jahja Mike Lucock Tubagus Ali Agnes Naomi Maya Hasan Rama Michael Ben Jeffrye Nadine Emmanuella Damita Almira Novita Angie Arie Dagienkz Medina Moza Pramita Sammaria Simanjuntak Surya Ardy Octaviand Sapto Soetardjo Emmie Lemu Eko Mulyadi Agung Sentausa Jeffry Tan,Adhya Pictures,,,60825.0,wiki_2025_table,False,original,,,,,2889187500.0,1227904687.5,underperformer,4.0,53091.75,mid_or_indie,,,,
id_aiu_eo_macam_betool_aja_2026,AIU-EO: Macam Betool Aja!,2026,2026-02-12,februari,Q1,reguler,Komedi,Etienne Caesar,"Lolox, Oki Rengga, Michelle Ziudith",TCK Entertainment,-,,60483.0,wiki_2026_table,False,original,,,,,3024150000.0,1285263750.0,underperformer,2.0,642100.0,mid_or_indie,,,,
id_madu_murni_2022,Madu Murni,2022,2022-06-30,juni,Q2,libur_sekolah,"Drama, Komedi",Monty Tiwa,"Irish Bella, Ammar Zoni, Aulia Sarah",Starvision Plus,,17+,60129.0,wiki_2022_table,False,original,,,,,2525418000.0,1073302650.0,underperformer,7.0,334049.28571428574,major_studio,,,,
id_kupilih_jalur_langit_2026,Kupilih Jalur Langit,2026,2026-04-23,april,Q2,lebaran,Drama,Archie Hekagery,"Emir Mahira, Zee Asadel, Ardit Erwandha",MD Pictures,-,,59581.0,wiki_2026_table,False,original,,,,,2979050000.0,1266096250.0,underperformer,3.0,222676.0,major_studio,,,,
id_ali_topan_2024,Ali Topan,2024,2024-02-14,februari,Q1,reguler,Drama,Sidharta Tata,"Jefri Nichol, Lutesha, Omara Esteghlal","Visinema Pictures, Legacy Pictures",-,13+,59474.0,wiki_2024_table,False,original,,,,,2676330000.0,1137440250.0,underperformer,6.0,676897.5,major_studio,,,,
id_pernikahan_arwah_2025,Pernikahan Arwah,2025,2025-02-27,februari,Q1,reguler,Horor,Paul Agusta,Morgan Oey Zulfa Maharani Jourdy Pranata Brigitta Cynthia Amagerald Verdi Solaiman,Relate Films,,17+,57400.0,wiki_2025_table,False,original,,,,,2726500000.0,1158762500.0,underperformer,2.0,90937.5,mid_or_indie,,,,
id_naga_naga_naga_2022,Naga Naga Naga,2022,2022-06-16,juni,Q2,libur_sekolah,"Drama, Komedi",Deddy Mizwar,"Deddy Mizwar, Cut Beby Tshabina, Tora Sudiro","Demi Gisela Citra Sinema, MD Pictures",,13+,56942.0,wiki_2022_table,False,original,,,,,2391564000.0,1016414700.0,underperformer,1.0,56942.0,major_studio,,,,
id_janin_iblis_neraka_2023,Janin Iblis Neraka,2023,2023-10-12,oktober,Q4,reguler,Horor,Joko Nugroho,"Samuel Rizal, Aliyah Faizah, Oce Permata Sari, Birgi Putri, Yama Carlos, Elizabeth Christine","White Collar Pictures, Happening Films",,17+,56066.0,wiki_2023_table,False,original,,,,,2522970000.0,1072262250.0,underperformer,1.0,56066.0,mid_or_indie,,,,
id_nikah_yuk_2020,Nikah Yuk!,2020,2020-02-06,februari,Q1,reguler,Drama,Adhe Dharmastriya,"Yuki Kato, Marcell Darwin",Lens Cinema,Viu,13+,55471.0,wiki_2020_table,False,original,,,,,2107898000.0,895856650.0,underperformer,4.0,373153.25,mid_or_indie,,,,
id_jangan_panggil_mama_kafir_2025,Jangan Panggil Mama Kafir,2025,2025-10-16,oktober,Q4,reguler,Drama,Dyan Sunu Prastowo,Michelle Ziudith Giorgino Abraham Emmie Lemu TJ Ruth Prastiwi Dwiarti Dira Sugandi N Humaira Jahra Kaneishia Yusuf Runny Rudiyanti Gilbert Pattiruhu,Sinergi Pictures BEN Films Rocket Studio Entertainment Maxima Pictures,,,55158.0,wiki_2025_table,False,original,,,,,2620005000.0,1113502125.0,underperformer,8.0,54784.0,mid_or_indie,,,,
id_tari_kematian_2023,Tari Kematian,2023,2023-07-06,juli,Q3,libur_sekolah,Horor,Bram Ferino,"Clarice Cutie, Lilis Suganda, Leon Dozan",Afici Entertainment,,13+,54822.0,wiki_2023_table,False,original,,,,,2466990000.0,1048470750.0,underperformer,5.0,13369.0,mid_or_indie,,,,
id_bu_tejo_sowan_jakarta_2024,Bu Tejo Sowan Jakarta,2024,2024-01-18,januari,Q1,reguler,"Drama, komedi",Andibachtiar Yusuf,"Siti Fauziah, Aditya Lakon, Brilliana Desy D.","786 Production, Clock Work Films",-,SU,54333.0,wiki_2024_table,False,original,,,,,2444985000.0,1039118625.0,underperformer,2.0,36511.0,mid_or_indie,,,,
id_godaan_setan_yang_terkutuk_2025,Godaan Setan yang Terkutuk,2025,2025-05-15,mei,Q2,reguler,Horor,Fahmi J Saad,Donny Alamsyah Poppy Sovia Jefan Nathanio Claresta Taufan Aline Fauziah Aden Bajaj Miranty Dewi Azela Putri Joseph L Kara Ayu Inten,Sinergi Pictures Maxima Pictures Vera Lasut Production Ben Film,,13+,54118.0,wiki_2025_table,False,original,,,,,2570605000.0,1092507125.0,underperformer,1.0,54118.0,mid_or_indie,,,,
id_kutukan_peti_mati_2023,Kutukan Peti Mati,2023,2023-07-20,juli,Q3,libur_sekolah,Horor,Irham Acho Bachtiar,"Aliff Alli, Yoriko Angeline","Balai Pustaka, Adroit Pictures",,13+,53822.0,wiki_2023_table,False,original,,,,,2421990000.0,1029345750.0,underperformer,2.0,37055.0,mid_or_indie,,,,
id_lantai_4_2023,Lantai 4,2023,2023-08-17,agustus,Q3,kemerdekaan,Horor,"Wahyu Nugroho, F.X. Purnomo","Yuki Kato, Ruth Marini, Tio Pakusadewo, Aqila Nathaya, Inggrid Widjanarko",Kreasi Jingga,,17+,53366.0,wiki_2023_table,True,sequel_or_franchise,,,,,2401470000.0,1020624750.0,underperformer,1.0,53366.0,mid_or_indie,,,,
id_panggilan_dari_kubur_2025,Panggilan dari Kubur,2025,2025-08-14,agustus,Q3,kemerdekaan,Horor,Dyan Sunu Prastowo,Nirina Zubir Nugie Septian Dwi Cahyo Muthia Datau Firzanah Alya,,,,52702.0,wiki_2025_table,False,original,,,,,2503345000.0,1063921625.0,underperformer,8.0,54784.0,indie_or_unknown,,,,
id_puisi_cinta_yang_membunuh_2023,Puisi Cinta yang Membunuh,2023,2023-01-05,januari,Q1,reguler,"Horor, cerita seru",Garin Nugroho,"Mawar de Jongh, Baskara Mahendra, Morgan Oey, Raihaanun, Ayu Laksmi",Starvision Plus,,17+,52086.0,wiki_2023_table,False,original,,,,,2343870000.0,996144750.0,underperformer,3.0,20264.333333333332,major_studio,,,,
id_pengin_hijrah_2025,Pengin Hijrah,2025,2025-10-30,oktober,Q4,reguler,Drama,Jastis Arimba,Endy Arfian Steffi Zamora Daffa Wardhana Moh. Iqbal Sulaiman Godfred Orindeod Vitta Mariana,,,,51635.0,wiki_2025_table,False,original,,,,,2452662500.0,1042381562.5,underperformer,5.0,55558.8,indie_or_unknown,,,,
id_legenda_kelam_malin_kundang_2025,Legenda Kelam Malin Kundang,2025,2025-11-27,november,Q4,reguler,,Kevin Rahardjo Rafki Hidayat,Rio Dewanto Jordan Omar Vonny Anggraini Faradina Mufti Tony Merle Sultan Hamonangan Nova Eliza Gambit Saifullah,,,,51541.0,wiki_2025_table,False,original,,,,,2448197500.0,1040483937.5,underperformer,1.0,51541.0,indie_or_unknown,,,,
id_ketok_mejik_2026,Ketok Mejik,2026,2026-08-13,agustus,Q3,kemerdekaan,Komedi,Yogi S. Calam,"Ananta Rispo, Dodit Mulyanto, Tarra Budiman",Haha Production,-,,51512.0,wiki_2026_table,False,original,,,,,2575600000.0,1094630000.0,underperformer,1.0,51512.0,mid_or_indie,,,,
id_lift_2026,Lift,2026,2026-02-26,februari,Q1,reguler,Horor,Randy Chans,"Ismi Melinda, Shareefa Daanish, Verdi Solaiman",Trois Films,-,,50377.0,wiki_2026_table,False,original,,,,,2518850000.0,1070511250.0,underperformer,1.0,50377.0,mid_or_indie,,,,
id_janji_darah_2024,Janji Darah,2024,2024-07-04,juli,Q3,libur_sekolah,Horor,"Sentot Sahid, Andri Sofyansyah","Natasha Wilona, Emir Mahira, Fergie Brittany","Max Pictures, Merpati Films",-,13+,50248.0,wiki_2024_table,False,original,,,,,2261160000.0,960993000.0,underperformer,1.0,50248.0,mid_or_indie,,,,
id_shaka_oh_shaka_2026,Shaka Oh Shaka,2026,2026-05-07,mei,Q2,reguler,Drama,Dinna Jasanti,"Kiesha Alvaro, Adzana Ashel, Dennis Adhiswara",Starvision,-,,49156.0,wiki_2026_table,False,original,,,,,2457800000.0,1044565000.0,underperformer,5.0,609037.0,major_studio,,,,
id_hanya_namamu_dalam_doaku_2025,Hanya Namamu dalam Doaku,2025,2025-08-21,agustus,Q3,kemerdekaan,Romantis,Reka Wijaya,Ge Pamungkas Nirina Zubir Vino G. Bastian Dinda Kanyadewi Anantya Kirana Naysilla Mirdad Enno Lerian,Sinemaku Pictures,,13+,47776.0,wiki_2025_table,False,original,,,,,2269360000.0,964478000.0,underperformer,4.0,268296.5,mid_or_indie,,,,
id_hayya_2_hope_dream_reality_2022,"Hayya 2: Hope, Dream & Reality",2022,2022-03-24,maret,Q1,reguler,Drama,Jastis Arimba,"Amna Shahab, Dhini Aminarti, Dimas Seto, Fauzi Baadila, Donny Alamsyah, Ria Ricis, Asri Welas, Meyda Sefira, Yusuf Ozkan, Adhin Abdul Hakim",Warna Pictures,,13+,46744.0,wiki_2022_table,True,sequel_or_franchise,,,,,1963248000.0,834380400.0,underperformer,5.0,55558.8,mid_or_indie,,,,
id_like_share_2022,Like & Share,2022,2022-12-08,desember,Q4,libur_akhir_tahun,Drama,Gina S. Noer,"Aurora Ribero, Arawinda Kirana, Aulia Sarah, Jerome Kurnia","Starvision Plus, Wahana Kreator Nusantara",,17+,46493.0,wiki_2022_table,False,original,,,,,1952706000.0,829900050.0,underperformer,2.0,77536.0,major_studio,,,,
id_saat_aku_bersuara_2026,Saat Aku Bersuara,2026,2026-06-18,juni,Q2,libur_sekolah,Drama,Sonu Samtani,"Marshanda, Cut Mini, Unique Priscilla","Arjuna Mega Films, Lex Pictures, Rain Creation",-,,46224.0,wiki_2026_table,False,original,,,,,2311200000.0,982260000.0,underperformer,2.0,66496.5,mid_or_indie,,,,
id_riki_rhino_animasi_2020,Riki Rhino (animasi),2020,2020-02-27,februari,Q1,reguler,Petualangan,Erwin Budiono,"Hamish Daud, Ge Pamungkas, Zack Lee, Aurel Hermansyah, Cemen, Mikaela Lee, Arsy Hermansyah, Mo Sidik, Ridwan Kamil",Batavia Pictures,,SU,45145.0,wiki_2020_table,False,original,,,,,1715510000.0,729091750.0,underperformer,1.0,45145.0,mid_or_indie,,,,
id_ketindihan_2025,Ketindihan,2025,2025-01-09,januari,Q1,reguler,Horor,Dyan Sunu Prastowo,Haico Van der Veken Kevin Ardilova Donny Damara Wulan Guritno Luana Dutra,MVP Pictures,,17+,44936.0,wiki_2025_table,False,original,,,,,2134460000.0,907145500.0,underperformer,8.0,54784.0,mid_or_indie,,,,
id_tegar_2022,Tegar,2022,2022-11-24,november,Q4,reguler,Drama,Anggi Frisca,"M. Aldifi Tegarajasa, Deddy Mizwar, Sha Ine Febriyanti, Juanita Chatarina, M. Adhiyat","Aksa Bumi Langit, Demi Gisela Citra Sinema",,SU,44594.0,wiki_2022_table,False,original,,,,,1872948000.0,796002900.0,underperformer,2.0,36733.5,mid_or_indie,,,,
id_si_paling_aktor_2025,Si Paling Aktor,2025,2025-10-30,oktober,Q4,reguler,Aksi Komedi,Ody Harahap,Jourdy Pranata Beby Tsabina Kevin Julio Indra Birowo Dimas Danang Yayan Ruhian,MD Pictures,,,44504.0,wiki_2025_table,False,original,,,,,2113940000.0,898424500.0,underperformer,1.0,44504.0,major_studio,,,,
id_the_sacred_riana_2_bloody_mary_2022,The Sacred Riana 2: Bloody Mary,2022,2022-07-28,juli,Q3,libur_sekolah,"Horor, Fantasi",Billy Christian,"The Sacred Riana, Brooklyn Alif Rea, Frislly Herlind, Aisyah Aqilah, Sharon Sahertian",Nant Entertainment,,13+,43680.0,wiki_2022_table,True,sequel_or_franchise,,,,,1834560000.0,779688000.0,underperformer,2.0,239734.0,mid_or_indie,,,,
id_pintu_surga_terakhir_2021,Pintu Surga Terakhir,2021,2021-11-11,november,Q4,reguler,"Drama, Keluarga, Religi",Fajar Bustomi,"Roger Danuarta, Cut Meyriska, Indro Warkop",Falcon Pictures,,13+,43078.0,wiki_2021_table,False,original,,,,,1723120000.0,732326000.0,underperformer,10.0,379210.4,major_studio,,,,
id_adagium_2023,Adagium,2023,2023-01-26,januari,Q1,reguler,"Drama, laga",Rizal Mantovani,"Jihane Almira, Pangeran Lantang, Angga Asyafriena",Brainstorminc,,13+,41645.0,wiki_2023_table,False,original,,,,,1874025000.0,796460625.0,underperformer,13.0,577996.2307692308,mid_or_indie,,,,
id_akhirat_a_love_story_2021,Akhirat: A Love Story,2021,2021-12-02,desember,Q4,libur_akhir_tahun,"Drama, Fantasi, Roman",Jason Iskandar,"Adipati Dolken, Della Dartyan, Verdi Solaiman, Windy Apsari","BASE Entertainment, Ivanhoe Pictures, Surya Citra Media, Studio Antelope",,13+,41524.0,wiki_2021_table,False,original,,,,,1660960000.0,705908000.0,underperformer,1.0,41524.0,major_studio,,,,
id_dukun_magang_2026,Dukun Magang,2026,2026-06-18,juni,Q2,libur_sekolah,Komedi,Chiska Doppert,"Jefan Nathanio, Hana Saraswati, Fajar Nugra",Dens Vision Multimedia,-,,41027.0,wiki_2026_table,False,original,,,,,2051350000.0,871823750.0,underperformer,6.0,126021.16666666667,mid_or_indie,,,,
id_setannya_cuan_djoerig_salawe_2026,Setannya Cuan: Djoerig Salawe,2026,2026-03-05,maret,Q1,lebaran,Komedi,"Sahrul Gibran, Jay Sukmo","Babe Cabita, Joe P Project, Nadine Alexander",Radepa Black,-,,40511.0,wiki_2026_table,False,original,,,,,2025550000.0,860858750.0,underperformer,1.0,40511.0,mid_or_indie,,,,
id_arwah_sinden_2025,Arwah Sinden,2025,2025-03-13,maret,Q1,lebaran,Horor,Ubay Fox,Yama Carlos Ismi Melinda Sylvia Fully Tyara Vanessa Annisa Hasim,Vision Tama Futurindo,,,40049.0,wiki_2025_table,False,original,,,,,1902327500.0,808489187.5,underperformer,2.0,64991.5,mid_or_indie,,,,
id_songko_2026,Songko,2026,2026-04-23,april,Q2,lebaran,Horor,Gerald Mamahit,"Annette Edoarda, Fergie Brittany, Imelda Therinne",Dunia Mencekam Studios,-,,40037.0,wiki_2026_table,False,original,,,,,2001850000.0,850786250.0,underperformer,1.0,40037.0,mid_or_indie,,,,
id_gendut_siapa_takut_2022,Gendut Siapa Takut?!,2022,2022-09-22,september,Q3,reguler,"Drama, Komedi, Roman",Pritagita Arianegara,"Marshanda, Wafda Saifan Lubis, Marthino Lio",Spectrum Film,,13+,38599.0,wiki_2022_table,False,original,,,,,1621158000.0,688992150.0,underperformer,4.0,53091.75,mid_or_indie,,,,
id_terima_kasih_emak_terima_kasih_abah_2021,"Terima Kasih Emak, Terima Kasih Abah",2021,2021-05-13,mei,Q2,reguler,Drama,Dedi Setiadi,"Adi Kurdi, Novia Kolopaking, Ceria Hade, Anisa Fujianti, Pudji Lestari, Cut Ashifa",Alimi Pictures,,SU,38414.0,wiki_2021_table,False,original,,,,,1536560000.0,653038000.0,underperformer,1.0,38414.0,mid_or_indie,,,,
id_all_access_to_rossa_25_shining_years_2024,All Access to Rossa: 25 Shining Years,2024,2024-08-01,agustus,Q3,kemerdekaan,Dokumenter,Ani Ema Susanti,Rossa,"The International Films, Inspire Pictures",-,SU,37417.0,wiki_2024_table,True,sequel_or_franchise,,,,,1683765000.0,715600125.0,underperformer,2.0,20258.5,mid_or_indie,,,,
id_ozora_penganiayaan_brutal_penguasa_jaksel_2025,Ozora: Penganiayaan Brutal Penguasa Jaksel,2025,2025-12-04,desember,Q4,libur_akhir_tahun,,Anggy Umbara,Mathias Muchus Chicco Jerikho Donny Damara Tika Bravani Muzakki Ramdhan Erdin Werdrayana Sinyo Riza Firzanah Alya Jenny Zhang Rizky Hanggono Martin Anugrah Tio Pakusadewo,,,,37235.0,wiki_2025_table,False,original,,,,,1768662500.0,751681562.5,underperformer,12.0,964791.25,indie_or_unknown,,,,
id_setan_alas_2026,Setan Alas!,2026,2026-03-05,maret,Q1,lebaran,Horor,Yusron Fuadi,"Anastasia Herzigova, Adhin Abdul Hakim, Abraheem Abdulwahhab",Akasacara Film,-,,36745.0,wiki_2026_table,False,original,,,,,1837250000.0,780831250.0,underperformer,2.0,24619.5,mid_or_indie,,,,
id_zanna_whisper_of_volcano_isle_2025,Zanna: Whisper of Volcano Isle,2025,2025-01-02,januari,Q1,reguler,Animasi Fantasi,Larry Whitaker,Ayu Dyah Pasha Robby Purba Brooklyn Alif Rea Alya Nurshabrina Ghea Indrawari,MNC Pictures,,SU,36643.0,wiki_2025_table,False,original,,,,,1740542500.0,739730562.5,underperformer,1.0,36643.0,mid_or_indie,,,,
id_walking_dead_tomate_2022,Walking Dead: Tomate,2022,2022-04-14,april,Q2,reguler,Horor,Ekadi Katili,"Iqbal Perdana, Yulinar Arief, Aga Dirgantara, Debby Astuti, Fifit Yani","Cinekadi Pictures, Max Anderson",,13+,36529.0,wiki_2022_table,False,original,,,,,1534218000.0,652042650.0,underperformer,1.0,36529.0,mid_or_indie,,,,
id_star_syndrome_2023,Star Syndrome,2023,2023-06-08,juni,Q2,libur_sekolah,"Drama, komedi",Soleh Solihun,"Gilang Dirga, Kezia Aletheia, Tissa Biani, Maisha Kanna, Tanta Ginting, Tora Sudiro",Mahakarya Pictures,,13+,36333.0,wiki_2023_table,False,original,,,,,1634985000.0,694868625.0,underperformer,2.0,23533.5,mid_or_indie,,,,
id_4_mantan_2020,4 Mantan,2020,2020-02-20,februari,Q1,reguler,Horor,Hanny R. Saputra,"Jeff Smith, Ranty Maria, Melanie Berentz, Melayu Nicole, Denira Wiraguna",RA Pictures,iflix,17+,36271.0,wiki_2020_table,True,sequel_or_franchise,,,,,1378298000.0,585776650.0,underperformer,5.0,194977.6,mid_or_indie,,,,
id_dear_imamku_2021,Dear Imamku,2021,2021-05-13,mei,Q2,reguler,"Drama, Religi",Dian W. Sasmita,"Dul Jaelani, Tissa Biani, David Chalik, Cut Ashifa, Aida Nurmala",Main Pictures,,13+,35514.0,wiki_2021_table,False,original,,,,,1420560000.0,603738000.0,underperformer,1.0,35514.0,mid_or_indie,,,,
id_kembang_api_2023,Kembang Api,2023,2023-03-02,maret,Q1,lebaran,Drama,Herwin Novianto,"Marsha Timothy, Ringgo Agus Rahman, Donny Damara, Hanggini",Falcon Pictures,,17+,35102.0,wiki_2023_table,False,original,,,,,1579590000.0,671325750.0,underperformer,8.0,1167316.125,major_studio,,,,
id_kukejar_mimpi_2024,Kukejar Mimpi,2024,2024-03-21,maret,Q1,lebaran,"Drama, percintaan",Indra Gunawan,"Oka Antara, Aisyah Aqilah, Novia Bachmid",KG Picture,-,13+,34343.0,wiki_2024_table,False,original,,,,,1545435000.0,656809875.0,underperformer,11.0,227966.54545454544,mid_or_indie,,,,
id_autobiography_2023,Autobiography,2023,2023-01-19,januari,Q1,reguler,Drama,Makbul Mubarak,"Kevin Ardilova, Arswendy Bening Swara",KawanKawan Media,,17+,33407.0,wiki_2023_table,False,original,,,,,1503315000.0,638908875.0,underperformer,1.0,33407.0,mid_or_indie,,,,
id_petualangan_anak_penangkap_hantu_2024,Petualangan Anak Penangkap Hantu,2024,2024-01-18,januari,Q1,reguler,"Horor, petualangan",Jose Poernomo,"Muhammad Adhiyat, Muzakki Ramdhan, Giselle Tambunan",MNC Pictures,-,SU,33406.0,wiki_2024_table,False,original,,,,,1503270000.0,638889750.0,underperformer,3.0,34459.666666666664,mid_or_indie,,,,
id_puspa_indah_taman_hati_2023,Puspa Indah Taman Hati,2023,2023-08-31,agustus,Q3,kemerdekaan,Drama,Monty Tiwa,"Prilly Latuconsina, Yesaya Abraham",Starvision Plus,,13+,33195.0,wiki_2023_table,False,original,,,,,1493775000.0,634854375.0,underperformer,7.0,334049.28571428574,major_studio,,,,
id_gerbang_setan_2025,Gerbang Setan,2025,2025-07-17,juli,Q3,libur_sekolah,Horor Komedi,Toto Hoedi,Baron Hermanto Bopak Castello McDanny Ferdi Ali Opie Kumis Cak Lontong Jarwo Kwat Insan Nur Akbar Denny Chandra Komeng Ummi Quary Novilia Annisa Rachel Oldham Renaga Tahier Riza Fahlevi Ginanjar Soekmana Sri Yatun Marsya Adinda,Setia One Vision,,17+,32909.0,wiki_2025_table,False,original,,,,,1563177500.0,664350437.5,underperformer,1.0,32909.0,mid_or_indie,,,,
id_lafran_2024,Lafran,2024,2024-06-20,juni,Q2,libur_sekolah,Drama,Faozan Rizal,"Dimas Anggara, Mathias Muchus, Tanta Ginting","Kahmi, Reborn Initiative",-,SU,32871.0,wiki_2024_table,False,original,,,,,1479195000.0,628657875.0,underperformer,4.0,194025.5,mid_or_indie,,,,
id_air_mata_mualaf_2025,Air Mata Mualaf,2025,2025-11-27,november,Q4,reguler,Drama,Indra Gunawan,Acha Septriasa Achmad Megantara Dewi Irawan Rizky Hanggono,,,,32446.0,wiki_2025_table,False,original,,,,,1541185000.0,655003625.0,underperformer,11.0,227966.54545454544,indie_or_unknown,,,,
id_jendela_seribu_sungai_2023,Jendela Seribu Sungai,2023,2023-07-20,juli,Q3,libur_sekolah,Drama,Jay Sukmo,"Agla Artalidia, Bima Sena, Sheryl Drisanna, Halisa Naura",Radepa Studio,,SU,32393.0,wiki_2023_table,False,original,,,,,1457685000.0,619516125.0,underperformer,3.0,74246.66666666667,mid_or_indie,,,,
id_perempuan_berkelamin_darah_2024,Perempuan Berkelamin Darah,2024,2024-02-22,februari,Q1,reguler,Drama,Jeremias Nyangoen,"Linda Adoe, Irma Rihi, Sallum Ratu Ke","Bintang Cahaya Sinema, Langit Terang Sinema",-,17+,31942.0,wiki_2024_table,False,original,,,,,1437390000.0,610890750.0,underperformer,1.0,31942.0,mid_or_indie,,,,
id_jagal_teluh_2025,Jagal Teluh,2025,2025-02-27,februari,Q1,reguler,Horor,George Hutabarat,Selvi Kitty Kelono Gambuh Elina Joerg Ferdi Ali,Suhita Senza Sinema Seroja Intermedia Films Majas Pictures,,13+,31634.0,wiki_2025_table,False,original,,,,,1502615000.0,638611375.0,underperformer,1.0,31634.0,mid_or_indie,,,,
id_lebih_dari_selamanya_2025,Lebih dari Selamanya,2025,2025-08-28,agustus,Q3,kemerdekaan,Romansa,M. Amrul Umammi,Donny Alamsyah Shareefa Daanish Adinda Thomas Adzana Ashel Cheryl Zaneta Adhitya Alkatiri Ladislao Camara,FMM Studios Golden Scene Pictures,,,31312.0,wiki_2025_table,False,original,,,,,1487320000.0,632111000.0,underperformer,1.0,31312.0,mid_or_indie,,,,
id_bukannya_aku_tidak_mau_nikah_2023,Bukannya Aku Tidak Mau Nikah,2023,2023-05-11,mei,Q2,reguler,"Drama, roman",Guntur Soeharjanto,"Amanda Rawles, Daffa Wardhana","Maxima Pictures, Cakra Film, Sinergi Pictures",,13+,30482.0,wiki_2023_table,False,original,,,,,1371690000.0,582968250.0,underperformer,10.0,811574.5,mid_or_indie,,,,
id_tolong_saya_dowajuseyo_2026,Tolong Saya! (Dowajuseyo),2026,2026-01-29,januari,Q1,reguler,Horor,"Nur Muhammad Taufik, Sjahfasyat Bianca","Saskia Chadwick, Cinta Brian, Kim Geba",Heart Pictures,-,,30285.0,wiki_2026_table,False,original,,,,,1514250000.0,643556250.0,underperformer,1.0,30285.0,mid_or_indie,,,,
id_bukan_cinderella_2022,Bukan Cinderella,2022,2022-07-28,juli,Q3,libur_sekolah,"Drama, Komedi romantis",Adi Garin,"Fujianti Utami, Rafael Adwel",Super Media Pictures,,13+,30257.0,wiki_2022_table,False,original,,,,,1270794000.0,540087450.0,underperformer,3.0,84712.0,mid_or_indie,,,,
id_andai_waktu_bisa_diulang_kembali_2026,Andai Waktu Bisa Diulang Kembali,2026,2026-07-30,juli,Q3,libur_sekolah,Drama,M. Amrul Ummami,"Davina Karamoy, Farhan Rasyid, Nadzira Shafa",FMM Studios,-,,29841.0,wiki_2026_table,False,original,,,,,1492050000.0,634121250.0,underperformer,3.0,99065.66666666667,mid_or_indie,,,,
id_jangan_sendirian_2021,Jangan Sendirian,2021,2021-04-01,april,Q2,reguler,Horor,X. Jo,"David John Schaap, Jasi Michelle, Agatha Valerie, Robby Sugara","Lensadewa Cinema, Adglow Pictures",,17+,28938.0,wiki_2021_table,False,original,,,,,1157520000.0,491946000.0,underperformer,1.0,28938.0,mid_or_indie,,,,
id_kiko_in_the_deep_sea_2023,Kiko in the Deep Sea,2023,2023-02-23,februari,Q1,reguler,"Animasi, petualangan","Sally Wongso, Heri Kurniawan, Dezi Ruwah Rezeki","Anastasia Amelia, Felicya Angelista, Robby Purba, Arbani Yasiz",MNC Animation,,SU,28894.0,wiki_2023_table,False,original,,,,,1300230000.0,552597750.0,underperformer,1.0,28894.0,mid_or_indie,,,,
id_teman_tegar_maira_2026,Teman Tegar Maira,2026,2026-02-05,februari,Q1,reguler,Drama,Anggi Frisca,"M. Aldifi Tegar Rajasa, Joan Warum, Elisabeth Sisauta",Aksa Bumi Langit,-,,28873.0,wiki_2026_table,False,original,,,,,1443650000.0,613551250.0,underperformer,2.0,36733.5,mid_or_indie,,,,
id_rahasia_rasa_2025,Rahasia Rasa,2025,2025-02-20,februari,Q1,reguler,Drama Romantis Kuliner,Hanung Bramantyo,Jerome Kurnia Nadya Arina Ciccio Manassero Slamet Rahardjo,Dapur Film Anak Muda Jago,,,28873.0,wiki_2025_table,False,original,,,,,1371467500.0,582873687.5,underperformer,12.0,1291592.3333333333,mid_or_indie,,,,
id_dear_jo_almost_is_never_enough_2023,Dear Jo: Almost is Never Enough,2023,2023-08-10,agustus,Q3,kemerdekaan,Drama,"Monty Tiwa, Lakonde","Jourdy Pranata, Anggika Bolsterli, Salshabilla Adriani",MVP Pictures,,13+,28799.0,wiki_2023_table,False,original,,,,,1295955000.0,550780875.0,underperformer,1.0,28799.0,mid_or_indie,,,,
id_mengejar_restu_2025,Mengejar Restu,2025,2025-12-11,desember,Q4,libur_akhir_tahun,Religi,Puadin Redi,Ricky Perdana Citra Kirana Dimas Seto Rezky Aditya Arie Untung Anantya Kirana Dhini Aminarti Fenita Arie Hengky Tornando Beby Zelvia Cut Intan Nabila,Tripar Multivision Plus,,,28176.0,wiki_2025_table,False,original,,,,,1338360000.0,568803000.0,underperformer,1.0,28176.0,mid_or_indie,,,,
id_bayang_bayang_anak_jahanam_2025,Bayang-Bayang Anak Jahanam,2025,2025-01-16,januari,Q1,reguler,Horor,A.R.M.,Ali Fikry Taskya Namya Rizky Hanggono Yayu Unru Ruth Marini Maryam Supraba,Anami Films,,,28140.0,wiki_2025_table,False,original,,,,,1336650000.0,568076250.0,underperformer,1.0,28140.0,mid_or_indie,,,,
id_rumah_masa_depan_2023,Rumah Masa Depan,2023,2023-12-07,desember,Q4,libur_akhir_tahun,"Drama, Keluarga",Danial Rifki,"Laura Basuki, Widyawati, Fedi Nuril, Bima Azriel, Ciara Nadine Brosnan","Mizan Productions, Max Pictures",,,27926.0,wiki_2023_table,False,original,,,,,1256670000.0,534084750.0,underperformer,4.0,92239.75,mid_or_indie,,,,
id_penunggu_rumah_buto_ijo_2026,Penunggu Rumah: Buto Ijo,2026,2026-01-15,januari,Q1,reguler,Horor,Achmad Romie,"Gandhi Fernando, Celine Evangelista, Valerie Thomas",Creator Media,-,,27751.0,wiki_2026_table,False,original,,,,,1387550000.0,589708750.0,underperformer,1.0,27751.0,mid_or_indie,,,,
id_hotel_sakura_2025,Hotel Sakura,2025,2025-07-10,juli,Q3,libur_sekolah,Horor,Krishto Damar Alam,Taskya Namya Clara Bernadeth Randy Martin Landung Simatupang Tessa Kaunang Donny Damara Nungki Kusumastuti Tio Pakusadewo,,,13+,27712.0,wiki_2025_table,False,original,,,,,1316320000.0,559436000.0,underperformer,1.0,27712.0,indie_or_unknown,,,,
id_sepeda_presiden_2021,Sepeda Presiden,2021,2021-12-23,desember,Q4,libur_akhir_tahun,"Drama, Musikal, Keluarga","Garin Nugroho, Hestu Saputra","Dede Ramandei, Elias Fortunatus Padwa, Arnol Aner Asmuruf, Ariel Tatum, Ian Williams, Sita Nursanti",Radepa Studio,,SU,27599.0,wiki_2021_table,False,original,,,,,1103960000.0,469183000.0,underperformer,1.0,27599.0,mid_or_indie,,,,
id_semesta_dokumenter_terbatas_2020,"Semesta (dokumenter, terbatas)",2020,2020-01-30,januari,Q1,reguler,Dokumenter,Chairun Nissa,,Tanakhir Films,Netflix,SU,27498.0,wiki_2020_table,False,original,,,,,1044924000.0,444092700.0,underperformer,2.0,101102.5,mid_or_indie,,,,
id_tenripada_film_daerah_terbatas_2020,"Tenripada (film daerah, terbatas)",2020,2020-03-12,maret,Q1,reguler,Laga,Rere Art2tonic,"Jeihan Dun, Reza Pahlevi, Saffanah Kayla, Rahmat Daeng Romo, Aditya Sulolipu",SKV Movie Entertainment,,13+,26208.0,wiki_2020_table,False,original,,,,,995904000.0,423259200.0,underperformer,1.0,26208.0,mid_or_indie,,,,
id_arwah_2025,Arwah,2025,2025-07-03,juli,Q3,libur_sekolah,Horor,Ivan Bandhito,Joshua Suherman Naura Hakim Sarah Beatrix Riza Irsyadillah Julian Kunto,,,13+,25922.0,wiki_2025_table,False,original,,,,,1231295000.0,523300375.0,underperformer,2.0,70866.0,indie_or_unknown,,,,
id_bidadari_surga_2026,Bidadari Surga,2026,2026-01-15,januari,Q1,reguler,Drama,Indra Gunawan,"Dinda Hauw, Indro Warkop, Rey Mbayang",Max Pictures,-,,24780.0,wiki_2026_table,False,original,,,,,1239000000.0,526575000.0,underperformer,11.0,227966.54545454544,mid_or_indie,,,,
id_tutuge_2022,Tutuge,2022,2022-04-14,april,Q2,reguler,"Horor, Cerita seru",Virlan Wana Langgong,"Imelda Therinne, Rania Putrisari, Rizky Hanggono, Ismi Melinda",Tiga Sinergi,,17+,24667.0,wiki_2022_table,False,original,,,,,1036014000.0,440305950.0,underperformer,1.0,24667.0,mid_or_indie,,,,
id_mungkin_kita_perlu_waktu_2025,Mungkin Kita Perlu Waktu,2025,2025-05-15,mei,Q2,reguler,Drama,Teddy Soeriaatmadja,Lukman Sardi Tissa Biani Sha Ine Febriyanti Bima Azriel Asri Welas,Kathanika Films Karuna Pictures Adhya Pictures,,17+,24320.0,wiki_2025_table,False,original,,,,,1155200000.0,490960000.0,underperformer,3.0,395552.6666666667,mid_or_indie,,,,
id_titisan_setan_2_2021,Titisan Setan 2,2021,2021-03-25,maret,Q1,reguler,Horor,Agusti Tanjung,"Jeff Smith, Steffi Zamora, Bryan Andrew, Maura Gabrielle",Intercept Film Craft,,17+,24186.0,wiki_2021_table,True,sequel_or_franchise,,,,,967440000.0,411162000.0,underperformer,1.0,24186.0,mid_or_indie,,,,
id_jomblo_fi_sabilillah_2023,Jomblo Fi Sabilillah,2023,2023-09-14,september,Q3,reguler,"Drama, komedi",Jastis Arimba,"Ricky Harun, Adhin Abdul Hakim, Mario Irwinsyah, Masaji Wijayanto, Nabilah Ayu",Warna Pictures,,13+,23075.0,wiki_2023_table,False,original,,,,,1038375000.0,441309375.0,underperformer,5.0,55558.8,mid_or_indie,,,,
id_imam_tanpa_makmum_2023,Imam Tanpa Makmum,2023,2023-10-19,oktober,Q4,reguler,"Komedi, roman",Syakir Daulay,"Syakir Daulay, Vonny Felicia, Rayisa Nayla Salwaa, Cut Mini, Lukman Sardi, Arif Brata",Syakir Films,,13+,23005.0,wiki_2023_table,False,original,,,,,1035225000.0,439970625.0,underperformer,1.0,23005.0,mid_or_indie,,,,
id_surga_di_bawah_langit_2023,Surga di Bawah Langit,2023,2023-03-30,maret,Q1,lebaran,"Drama, musikal",Pritagita Arianegara,"Acha Septriasa, Reza Rahadian, Andien Aisyah, Neona Ayu, Muzakki Ramdhan, Keira Vanaya","Vista Optima Indonesia, Titian Bintang Productions",,SU,22726.0,wiki_2023_table,False,original,,,,,1022670000.0,434634750.0,underperformer,4.0,53091.75,mid_or_indie,,,,
id_ritual_gaib_nyai_randasura_2026,Ritual Gaib: Nyai Randasura,2026,2026-09-17,september,Q3,reguler,Horor,"Intan Kieflie, Stuart Simpson","Ria Ricis, Masayu Anastasia, Dinda Hauw",,,,22498.0,wiki_2026_table,False,original,,,,,1124900000.0,478082500.0,underperformer,1.0,22498.0,indie_or_unknown,,,,
id_orpa_2023,Orpa,2023,2023-09-07,september,Q3,reguler,Drama,Theo Rumansara,"Orsila Murib, Arnold Kobogau, Michael Kho, Otiana Murib",QUN Films,,13+,22464.0,wiki_2023_table,False,original,,,,,1010880000.0,429624000.0,underperformer,1.0,22464.0,mid_or_indie,,,,
id_bangkitnya_mayit_the_dark_soul_2021,Bangkitnya Mayit: The Dark Soul,2021,2021-01-14,januari,Q1,reguler,Horor,Brama Yudha Prawira,"Rachel Natasya, Diky Candra, Teuku Rifnu Wikana, Zacky Zimah, Yati Surachman, Clift Sangra, Alda Augustine",TGS Pictures,,13+,22044.0,wiki_2021_table,False,original,,,,,881760000.0,374748000.0,underperformer,1.0,22044.0,mid_or_indie,,,,
id_marley_2022,Marley,2022,2022-03-17,maret,Q1,reguler,Drama,M. Ainun Ridho,"Tengku Tezi, Tyas Mirasih, Roni Galoeng, Emmie Lemu, Jason Lionel Theo","Maxstream Original, Denny Siregar Production, Air Films",,13+,21753.0,wiki_2022_table,False,original,,,,,913626000.0,388291050.0,underperformer,2.0,18503.0,mid_or_indie,,,,
id_kutukan_cakar_monyet_2023,Kutukan Cakar Monyet,2023,2023-04-06,april,Q2,lebaran,Horor,Ferry Lesmana,"Oka Antara, Aurélie Moeremans",Jaman Studio,,13+,21428.0,wiki_2023_table,False,original,,,,,964260000.0,409810500.0,underperformer,1.0,21428.0,mid_or_indie,,,,
id_a_business_proposal_2025,A Business Proposal,2025,2025-02-06,februari,Q1,reguler,Drama,Rako Prijanto,Ariel Tatum Abidzar Al-Ghifari Ardhito Pramono Caitlin Halderman,Falcon Pictures,,13+,20874.0,wiki_2025_table,False,original,,,,,991515000.0,421393875.0,underperformer,7.0,225236.57142857142,major_studio,,,,
id_lastri_arwah_kembang_desa_2026,Lastri: Arwah Kembang Desa,2026,2026-07-16,juli,Q3,libur_sekolah,Horor,Hendry Tivo,"Hana Saraswati, Gary Iskak, Yama Carlos",Abelle Pictures,-,,20578.0,wiki_2026_table,False,original,,,,,1028900000.0,437282500.0,underperformer,1.0,20578.0,mid_or_indie,,,,
id_tanpa_ampun_2023,Tanpa Ampun,2023,2023-02-02,februari,Q1,reguler,Laga,M. Yusuf,"Reza Hafidz Dwi Saputro, Verdy Bhawanta, Franki Darmawan, Daniel Immanuel, Stevie Domminique","Triple A Films, Movie Studio Bali, Silent D Pictures",,17+,20492.0,wiki_2023_table,False,original,,,,,922140000.0,391909500.0,underperformer,1.0,20492.0,mid_or_indie,,,,
id_balas_budi_2026,Balas Budi,2026,2026-02-05,februari,Q1,reguler,Komedi,Reka Wijaya,"Yoshi Sudarso, Michelle Ziudith, Gisella Anastasia",i-ma-gin-e,-,,20326.0,wiki_2026_table,False,original,,,,,1016300000.0,431927500.0,underperformer,4.0,268296.5,mid_or_indie,,,,
id_lintrik_ilmu_pemikat_2025,Lintrik Ilmu Pemikat,2025,2025-09-11,september,Q3,reguler,Horor,Irham Acho Bachtiar,Meisya Amira Yati Surachman Donny Damara Karina Icha Fannita Posumah Akbar Nasdar Teguh Ryder,Prama Gatra Film Rumah Semut Film,,,20288.0,wiki_2025_table,False,original,,,,,963680000.0,409564000.0,underperformer,2.0,37055.0,mid_or_indie,,,,
id_gak_nyangka_2025,Gak Nyangka,2025,2025-07-24,juli,Q3,libur_sekolah,Komedi,Jeihan Angga,Ge Pamungkas Arie Kriting Jajang C. Noer Indah Permatasari Prisia Nasution Sarah Sechan Cut Mini Whani Darmawan Abdur Arsyad Arif Alfiansyah Yono Bakrie Ebel Cobra,iBuzz Entertainment,,,20111.0,wiki_2025_table,False,original,,,,,955272500.0,405990812.5,underperformer,5.0,148849.0,mid_or_indie,,,,
id_panji_tengkorak_2025,Panji Tengkorak,2025,2025-08-28,agustus,Q3,kemerdekaan,Animasi,Daryl Wilson,Tanta Ginting Donny Alamsyah Denny Sumargo Aisha Nurra Datau Donny Damara Aghniny Haque Pritt Timothy Revaldo Cok Simbara Candra Mukti,Falcon Pictures,,13+,20097.0,wiki_2025_table,False,original,,,,,954607500.0,405708187.5,underperformer,1.0,20097.0,major_studio,,,,
id_para_betina_pengikut_iblis_part_2_2024,Para Betina Pengikut Iblis Part 2,2024,2024-03-28,maret,Q1,lebaran,"Horor, cerita seru",Rako Prijanto,"Mawar Eva de Jongh, Hanggini, Sara Fajira","Max Pictures, Falcon Pictures",-,21+,19948.0,wiki_2024_table,True,sequel_or_franchise,,,,,897660000.0,381505500.0,underperformer,7.0,225236.57142857142,major_studio,,,,
id_just_mom_2022,Just Mom,2022,2022-01-27,januari,Q1,reguler,"Drama, Keluarga",Jeihan Angga,"Christine Hakim, Ayushita, Ge Pamungkas, Niken Anjani, Toran Waibro","Dapur Film, TWC Media",,13+,19189.0,wiki_2022_table,False,original,,,,,805938000.0,342523650.0,underperformer,5.0,148849.0,mid_or_indie,,,,
id_teman_tidur_2023,Teman Tidur,2023,2023-03-30,maret,Q1,lebaran,"Horor, cerita seru",Ray Nayoan,"Givina Lukita Dewi, Baskara Mahendra, Meriam Bellina, Gunawan Sudrajat, Rafael Tan","Robagu Pictures, Shandiego Production, Drelin Amagra Pictures",,17+,18786.0,wiki_2023_table,False,original,,,,,845370000.0,359282250.0,underperformer,2.0,10938.0,mid_or_indie,,,,
id_baby_blues_2022,Baby Blues,2022,2022-03-24,maret,Q1,reguler,"Drama, Komedi",Andibachtiar Yusuf,"Vino Bastian, Aurélie Moeremans, Ratna Riantiarno, Mathias Muchus, Aida Nurmala, Abdurrahman Arif, Rigen Rakelna, Erick Estrada","Maxstream Original, MVP Pictures",,17+,18689.0,wiki_2022_table,False,original,,,,,784938000.0,333598650.0,underperformer,2.0,36511.0,mid_or_indie,,,,
id_bapakmu_kiper_2026,Bapakmu Kiper,2026,2026-09-03,september,Q3,reguler,Komedi,Ody C. Harahap,"Fedi Nuril, Ali Fikry, Tanta Ginting",Entelekey Sinema Indonesia,-,,18576.0,wiki_2026_table,False,original,,,,,928800000.0,394740000.0,underperformer,3.0,61408.0,mid_or_indie,,,,
id_titip_surat_untuk_tuhan_2024,Titip Surat untuk Tuhan,2024,2024-03-07,maret,Q1,lebaran,Drama,Karsono Hadi,"M. Adhiyat, Marsha Timothy, Donny Damara",Clock Work Films,-,SU,18520.0,wiki_2024_table,False,original,,,,,833400000.0,354195000.0,underperformer,1.0,18520.0,mid_or_indie,,,,
id_mendung_tanpo_udan_2024,Mendung Tanpo Udan,2024,2024-02-29,februari,Q1,reguler,Drama,Kris Budiman,"Erick Estrada, Yunita Siregar, Marcell Darwin",Nant Entertainment,-,13+,18484.0,wiki_2024_table,False,original,,,,,831780000.0,353506500.0,underperformer,1.0,18484.0,mid_or_indie,,,,
id_the_other_side_2022,The Other Side,2022,2022-03-17,maret,Q1,reguler,"Drama, Roman",Girry Pratama,"Davina Karamoy, Sandy Pradana, Bryan Andrew, Pamela Bowie, Syakir Daulay",Lingkar Pictures,,13+,18416.0,wiki_2022_table,False,original,,,,,773472000.0,328725600.0,underperformer,2.0,65366.5,mid_or_indie,,,,
id_bus_om_bebek_2022,Bus Om Bebek,2022,2022-01-06,januari,Q1,reguler,"Drama, Musikal, Petualangan","Aditya Gumay, Ozan Ruz","Azis Gagap, Zara Leola, Muhammad Adhiyat, Ricky Cuaca, Sarwendah",Smaradhana Pro,,SU,18352.0,wiki_2022_table,False,original,,,,,770784000.0,327583200.0,underperformer,1.0,18352.0,mid_or_indie,,,,
id_jabang_mayit_2025,Jabang Mayit,2025,2025-03-06,maret,Q1,lebaran,Horor,Ismail Basbeth,Cornelio Sunny Salvita Decorte Annisa Hertami Karina Salim Fajar Suharno,Kucing Hitam Pictures Spasi Moving Image Ben Film,,17+,18191.0,wiki_2025_table,False,original,,,,,864072500.0,367230812.5,underperformer,2.0,231189.0,mid_or_indie,,,,
id_baby_udon_2026,Baby Udon,2026,2026-09-03,september,Q3,reguler,Drama,Fajar Bustomi,"Denny Sumargo, Caitlin Halderman, Vonny Anggraini",LYTO Pictures,-,,18088.0,wiki_2026_table,False,original,,,,,904400000.0,384370000.0,underperformer,10.0,379210.4,mid_or_indie,,,,
id_free_wifi_2026,Free Wifi,2026,2026-07-23,juli,Q3,libur_sekolah,Komedi,Dony Mamahit,"Mongol Stres, Annette Edoarda, Putra Dinata",Kpro Film,-,,16954.0,wiki_2026_table,False,original,,,,,847700000.0,360272500.0,underperformer,1.0,16954.0,mid_or_indie,,,,
id_romeo_ingkar_janji_2024,Romeo Ingkar Janji,2024,2024-07-25,juli,Q3,libur_sekolah,Drama,Emil Heradi,"Morgan Oey, Valerie Thomas, Zulfa Maharani","Adhya Pictures, Creative Power Management",-,17+,16522.0,wiki_2024_table,False,original,,,,,743490000.0,315983250.0,underperformer,2.0,68637.5,mid_or_indie,,,,
id_jangan_seperti_bapak_2026,Jangan Seperti Bapak,2026,2026-02-12,februari,Q1,reguler,Laga,Daniel Tito Pakpahan,"Zee Asadel, Donny Damara, Verdi Solaiman",Javashree Movie Production,-,,16316.0,wiki_2026_table,False,original,,,,,815800000.0,346715000.0,underperformer,2.0,134024.5,mid_or_indie,,,,
id_ootd_outfit_of_the_designer_2024,#OOTD: Outfit of the Designer,2024,2024-01-25,januari,Q1,reguler,"Drama, percintaan",Dimas Anggara,"Jolene Marie, Givina, Rangga Nattra",NIH Pictures,-,17+,16307.0,wiki_2024_table,False,original,,,,,733815000.0,311871375.0,underperformer,1.0,16307.0,mid_or_indie,,,,
id_i_need_you_baby_2022,I Need You Baby,2022,2022-04-07,april,Q2,reguler,"Drama, Komedi",Cuk FK,"Shandy Aulia, Gading Marten, Dea Panendra, Joshua Pandelaki, Cut Keke, Risma Nilawati",Blue Water Films,,13+,15912.0,wiki_2022_table,False,original,,,,,668304000.0,284029200.0,underperformer,1.0,15912.0,mid_or_indie,,,,
id_rumah_kuntilanak_2022,Rumah Kuntilanak,2022,2022-06-02,juni,Q2,libur_sekolah,Horor,Emil G. Hampp,"Amanda Lucson, Rico Verald, Nuke Budiarti","Dua Private Limited, Putaar Production",,13+,15899.0,wiki_2022_table,False,original,,,,,667758000.0,283797150.0,underperformer,1.0,15899.0,mid_or_indie,,,,
id_agape_the_unconditional_love_2025,Agape: The Unconditional Love,2025,2025-09-04,september,Q3,reguler,Keluarga Religi,Arie Azis,Meriam Bellina Maudy Koesnaedi Tio Pakusadewo Samuel Rizal Tanta Ginting Pangeran Lantang Rania Putrisari Sarah Beatrix Moudy Wilhelmina Samuel Cornelius Tobing Dwi Yan Rendy Kjaernett,Holofa Pictures,,13+,15491.0,wiki_2025_table,False,original,,,,,735822500.0,312724562.5,underperformer,2.0,134170.0,mid_or_indie,,,,
id_crazy_stupid_love_2022,"Crazy, Stupid, Love",2022,2022-10-27,oktober,Q4,reguler,"Drama, Komedi, Roman",M. Ainun Ridho,"Dimas Anggara, Susan Sameh, Chicco Kurniawan, Ira Maya Sopha, Tio Pakusadewo",ScreenMedia Films,,13+,15253.0,wiki_2022_table,False,original,,,,,640626000.0,272266050.0,underperformer,2.0,18503.0,mid_or_indie,,,,
id_bad_boy_in_love_2024,Bad Boy in Love,2024,2024-03-14,maret,Q1,lebaran,"Drama, percintaan",Hanny R. Saputra,"Jeff Smith, Cassandra Lee, Nicole Parham","Silent D. Pictures, Mars Media",-,13+,15025.0,wiki_2024_table,False,original,,,,,676125000.0,287353125.0,underperformer,5.0,194977.6,mid_or_indie,,,,
id_hantu_baru_2023,Hantu Baru,2023,2023-03-23,maret,Q1,lebaran,"Horor, komedi",Adink Liwutang,"Acha Septriasa, Calvin Jeremy, Electra Lislie, Muhammad Adhiyat, Rezky Aditya",Keene Entertainment,,13+,14957.0,wiki_2023_table,False,original,,,,,673065000.0,286052625.0,underperformer,1.0,14957.0,mid_or_indie,,,,
id_maju_jejak_pahit_si_kembang_gula_2026,Maju: Jejak Pahit si Kembang Gula,2026,2026-08-06,agustus,Q3,kemerdekaan,Petualangan,Franklin Darmadi,"Bukie B. Mansyur, Unang Hadi Prabowo, Sarah Sechan",Panen Entertainment,-,,14897.0,wiki_2026_table,False,original,,,,,744850000.0,316561250.0,underperformer,1.0,14897.0,mid_or_indie,,,,
id_takkan_kubiarkan_kau_menangis_2026,Takkan Kubiarkan Kau Menangis,2026,2026-07-16,juli,Q3,libur_sekolah,"Drama, keluarga",Ferly Halim,"Ari Irham, Shanty, Teuku Ryzki, Ariyo Wahab",Langit Pictures Indonesia,-,,14678.0,wiki_2026_table,False,original,,,,,733900000.0,311907500.0,underperformer,1.0,14678.0,mid_or_indie,,,,
id_solata_2025,Solata,2025,2025-11-06,november,Q4,reguler,,Ichwan Persada,Rendy Kjaernett Fhail Firmansyah Iskandar Andi Patau Harsya Subandrio Ayu Siramba Keyzo Sombolinggi Maulana Eka Putra Amel Komba Suray Parrangan Gabriel Alexander Ince Amira Batrisya Jennifer Rachel Natasya,,,,14662.0,wiki_2025_table,False,original,,,,,696445000.0,295989125.0,underperformer,1.0,14662.0,indie_or_unknown,,,,
id_uti_deng_keke_2022,Uti Deng Keke,2022,2022-11-17,november,Q4,reguler,Drama,Linur,"Addin Hidayat, Fannita Posumah, Akbar Longdong, Steyer Djapai",Gema Production,,13+,13702.0,wiki_2022_table,False,original,,,,,575484000.0,244580700.0,underperformer,1.0,13702.0,mid_or_indie,,,,
id_mengejar_surga_2022,Mengejar Surga,2022,2022-05-26,mei,Q2,reguler,"Drama, Religi",Bambang Drias,"Jessica Mila, Al Ghazali, Kimberly Ryder, Jeremy Thomas, Delano Daniel, Endhita","Maxstream Original, Viera Film",,13+,13457.0,wiki_2022_table,False,original,,,,,565194000.0,240207450.0,underperformer,5.0,197190.0,mid_or_indie,,,,
id_pinjam_100_the_movie_2025,Pinjam 100 the Movie,2025,2025-04-10,april,Q2,lebaran,Komedi,Prija Iska Ahmad,Paris Fernandes Jeremy Sihotang Bambang Soesatyo Hansen Vendi Siti Anggun,VBS Studio,,13+,13412.0,wiki_2025_table,False,original,,,,,637070000.0,270754750.0,underperformer,1.0,13412.0,mid_or_indie,,,,
id_tak_kenal_maka_taaruf_2025,Tak Kenal Maka Taaruf,2025,2025-11-13,november,Q4,reguler,,Toma Margens,Shandy William Dinda Mahira Fadi Alaydrus Saskia Chadwick,,,,13116.0,wiki_2025_table,False,original,,,,,623010000.0,264779250.0,underperformer,1.0,13116.0,indie_or_unknown,,,,
id_sadali_2026,Sadali,2026,2026-02-05,februari,Q1,reguler,Drama,Kuntz Agus,"Ajil Ditto, Adinia Wirasti, Hanggini",MVP Pictures,-,,12614.0,wiki_2026_table,False,original,,,,,630700000.0,268047500.0,underperformer,6.0,666599.5,mid_or_indie,,,,
id_abracadabra_terbatas_2020,Abracadabra (terbatas),2020,2020-01-09,januari,Q1,reguler,"Drama, Komedi, Fantasi",Faozan Rizal,"Reza Rahadian, Salvita Decorte, Butet Kertaradjasa, Lukman Sardi, Imam Darto, Jajang C. Noer, Dewi Irawan, Muhammad Adhiyat, Ence Bagus, Asmara Abigail","Fourcolours Films, Ideosource Entertainment, Aurora Media",,SU,12523.0,wiki_2020_table,False,original,,,,,475874000.0,202246450.0,underperformer,4.0,194025.5,mid_or_indie,,,,
id_darah_nyai_2025,Darah Nyai,2025,2025-08-21,agustus,Q3,kemerdekaan,Horror Jagal,Yusron Fuadi,Violla Georgie Vonny Anggarini Djenar Maesa Ayu Rory Asyari Robert Chaniago Wieshely Brown Winner Wijaya Rayner Wijaya Paul Agusta Jessica Katharina Adinegoro Natsir Yudi Ahmad Tajudin,Imaginarium Pictures,,17+,12494.0,wiki_2025_table,False,original,,,,,593465000.0,252222625.0,underperformer,2.0,24619.5,mid_or_indie,,,,
id_juminten_edan_2026,Juminten Edan,2026,2026-07-23,juli,Q3,libur_sekolah,Horor,"Dedy Mercy, Jonathan Ozoh","Meisya Amira, Dimas Aditya, Anne J. Coto","Mercusuar Films, Digital Frame Production",-,,12248.0,wiki_2026_table,False,original,,,,,612400000.0,260270000.0,underperformer,1.0,12248.0,mid_or_indie,,,,
id_pelangi_tanpa_warna_2022,Pelangi Tanpa Warna,2022,2022-02-17,februari,Q1,reguler,Drama,Indra Gunawan,"Rano Karno, Maudy Koesnaedi, Zayyan Sakha, Ratna Riantiarno",Falcon Pictures,,13+,11521.0,wiki_2022_table,False,original,,,,,483882000.0,205649850.0,underperformer,11.0,227966.54545454544,major_studio,,,,
id_rajah_2026,Rajah,2026,2026-02-26,februari,Q1,reguler,Horor,R. Jiwo Kusumo,"Panji Zoni, Angel Lisandi Putri, Aditya Zoni",Eight Senses Film,-,,11282.0,wiki_2026_table,False,original,,,,,564100000.0,239742500.0,underperformer,1.0,11282.0,mid_or_indie,,,,
id_cinta_bete_2021,Cinta Bete,2021,2021-11-18,november,Q4,reguler,Drama,Roy Lolang,"Hana Malasan, Yoga Pratama, Marthino Lio, Djenar Maesa Ayu",Inno Maleo Films,,17+,10985.0,wiki_2021_table,False,original,,,,,439400000.0,186745000.0,underperformer,1.0,10985.0,mid_or_indie,,,,
id_harta_tahta_raisa_2024,Harta Tahta Raisa,2024,2024-06-06,juni,Q2,libur_sekolah,"Dokumenter, musikal",Soleh Solihun,Raisa,"Imajinari, Juni Records",-,SU,10734.0,wiki_2024_table,False,original,,,,,483030000.0,205287750.0,underperformer,2.0,23533.5,major_studio,,,,
id_vidkill_2021,Vidkill,2021,2021-12-09,desember,Q4,libur_akhir_tahun,Cerita seru,Dyan Sunu Prastowo,"Pradikta Wicaksono, Estelle Linden, Gesya Shandy, Shindy Huang",Max Pictures,,17+,10677.0,wiki_2021_table,False,original,,,,,427080000.0,181509000.0,underperformer,8.0,54784.0,mid_or_indie,,,,
id_di_balik_pintu_kematian_2025,"Di Balik Pintu ""Kematian""",2025,2025-10-09,oktober,Q4,reguler,Horor,Rizki Balki,Gibran Marten Yati Surachman Sarah Felicia Ari Tulang,Travel Stories Pictures,,,10621.0,wiki_2025_table,False,original,,,,,504497500.0,214411437.5,underperformer,2.0,9540.5,mid_or_indie,,,,
id_tanah_sengketa_2026,Tanah Sengketa,2026,2026-06-25,juni,Q2,libur_sekolah,Drama,"Muda Saleh, Sadly Fafa Rachman","Dara Rizki Ruhiana, Cameria Happy Pramita, Awan Reyhan",Ocean Production Media,-,,10559.0,wiki_2026_table,False,original,,,,,527950000.0,224378750.0,underperformer,1.0,10559.0,mid_or_indie,,,,
id_ahlan_singapore_2026,Ahlan Singapore,2026,2026-02-05,februari,Q1,reguler,Drama,Indra Gunawan,"Kiesha Alvaro, Rebecca Klopper, Ibrahim Risyad",MD Pictures,-,,10345.0,wiki_2026_table,False,original,,,,,517250000.0,219831250.0,underperformer,11.0,227966.54545454544,major_studio,,,,
id_molulo_2_jodohku_yang_mana_2022,Molulo 2: Jodohku yang Mana?,2022,2022-09-01,september,Q3,reguler,"Drama, Komedi",Irham Acho Bahtiar,"Andi Arsyil, Alexa Key, Arlita Reggiana","DCU Production, Moov Pictures",,13+,10078.0,wiki_2022_table,True,sequel_or_franchise,,,,,423276000.0,179892300.0,underperformer,2.0,7549.5,mid_or_indie,,,,
id_bisikan_arwah_mantan_2021,Bisikan Arwah Mantan,2021,2021-03-18,maret,Q1,reguler,Horor,Hanny Mustofa,"Vicky Prasetyo, Angel Lelga, McDanny, Varissa Camelia",iPictures,,17+,9341.0,wiki_2021_table,False,original,,,,,373640000.0,158797000.0,underperformer,1.0,9341.0,mid_or_indie,,,,
id_nona_manis_sayange_2023,Nona Manis Sayange,2023,2023-11-02,november,Q4,reguler,Drama,Hestu Saputra,"Haico Van der Veken, Pangeran Lantang, Mathias Muchus, Bhisma Mulia",Putaar Film,,SU,9154.0,wiki_2023_table,False,original,,,,,411930000.0,175070250.0,underperformer,3.0,58722.333333333336,mid_or_indie,,,,
id_kamu_tidak_sendiri_2022,Kamu Tidak Sendiri,2022,2022-08-25,agustus,Q3,kemerdekaan,"Drama, Cerita seru",Arwin T Wardhana,"Adinia Wirasti, Rio Dewanto, Ganindra Bimo, Aisyah Aqilah, Sintya Marisca, Lukman Sardi",MNC Pictures,,13+,9153.0,wiki_2022_table,False,original,,,,,384426000.0,163381050.0,underperformer,1.0,9153.0,mid_or_indie,,,,
id_waru_2026,Waru,2026,2026-02-12,februari,Q1,reguler,Horor,Chiska Doppert,"Bella Graceva, Zikri Daulay, Jinan Safa","Adglow Pictures, Suraya Filem, Film Q",-,,9129.0,wiki_2026_table,False,original,,,,,456450000.0,193991250.0,underperformer,6.0,126021.16666666667,mid_or_indie,,,,
id_asrama_putri_2026,Asrama Putri,2026,2026-02-19,februari,Q1,reguler,Horor,Wishnu Kuncoro,"Samuel Rizal, Dea Annisa, Mawar Butterfly",Puras Production,-,,8720.0,wiki_2026_table,False,original,,,,,436000000.0,185300000.0,underperformer,1.0,8720.0,mid_or_indie,,,,
id_dua_nafas_2026,Dua Nafas,2026,2026-07-03,juli,Q3,libur_sekolah,"Drama, keluarga",Hasto Broto,"Aty Cancer, Syakir Daulay, Auzan Noh Karepesina",Sunrise Pictures,-,,8461.0,wiki_2026_table,False,original,,,,,423050000.0,179796250.0,underperformer,4.0,44731.75,mid_or_indie,,,,
id_nagih_janji_cinta_2022,Nagih Janji Cinta,2022,2022-12-08,desember,Q4,libur_akhir_tahun,Drama,Rizki Balki,"Irzan Faiq, Marsha Aruan",PIM Pictures,,13+,8460.0,wiki_2022_table,False,original,,,,,355320000.0,151011000.0,underperformer,2.0,9540.5,mid_or_indie,,,,
id_detektif_jaga_jarak_2023,Detektif Jaga Jarak,2023,2023-06-01,juni,Q2,libur_sekolah,Komedi,Rahabi Mandra,"Marthino Lio, Bimasena Prisai Susilo, Hana Malasan, Tubagus Ali, Givina Lukita Dewi","Temata Studios, Seven Sunday Films",,13+,8363.0,wiki_2023_table,False,original,,,,,376335000.0,159942375.0,underperformer,3.0,604766.6666666666,mid_or_indie,,,,
id_angkara_murka_2025,Angkara Murka,2025,2025-05-22,mei,Q2,reguler,Triler,Eden Junjung,Raihaanun Whani Darmawan Rukman Rosadi Aksara Dena Simhala Avadana,Forka Films,,17+,8232.0,wiki_2025_table,False,original,,,,,391020000.0,166183500.0,underperformer,1.0,8232.0,mid_or_indie,,,,
id_atas_nama_surga_2022,Atas Nama Surga,2022,2022-06-16,juni,Q2,libur_sekolah,"Drama, Roman",Adis Kayl Yurahmah,"Della Dartyan, Miqdad Addausy, Amanda Rigby","Shen Entertainment, Blue Water Films",,13+,8189.0,wiki_2022_table,False,original,,,,,343938000.0,146173650.0,underperformer,2.0,6114.0,mid_or_indie,,,,
id_pulau_plastik_perjalanan_dan_catatan_untuk_masa_depan_terbatas_2021,Pulau Plastik: Perjalanan dan Catatan untuk Masa Depan (terbatas),2021,2021-04-22,april,Q2,reguler,Dokumen ter,"Dandhy Laksono, Rahung Nasution","Gede Robi, Tiza Mafira, Prigi Arisandi","Visinema Pictures, Kopernik, Akarumput, WatchdoC",,13+,8167.0,wiki_2021_table,False,original,,,,,326680000.0,138839000.0,underperformer,1.0,8167.0,major_studio,,,,
id_nariti_romansa_danau_toba_2022,"Nariti, Romansa Danau Toba",2022,2022-11-03,november,Q4,reguler,"Drama, Roman",Deden Bagaskara,"Zoe Abbas Jackson, Bastian Steel, Paramitha Rusady, August Melasz",MRG Film,,13+,7933.0,wiki_2022_table,False,original,,,,,333186000.0,141604050.0,underperformer,1.0,7933.0,mid_or_indie,,,,
id_roh_mati_paksa_cinta_berujung_maut_2021,Roh Mati Paksa: Cinta Berujung Maut,2021,2021-10-21,oktober,Q4,reguler,Horor,Adi Garin,"Arnold Leonard, Dea Annisa, Gabriella Larasati, Ratu Sikumbang",Super Media Pictures,,17+,7766.0,wiki_2021_table,False,original,,,,,310640000.0,132022000.0,underperformer,3.0,84712.0,mid_or_indie,,,,
id_bonnie_2024,Bonnie,2024,2024-02-29,februari,Q1,reguler,Laga,Agus H. Mawardi,"Livi Ciananta, Ariyo Wahab, Nadila Ernesta",Tawang Khan Production,-,17+,7745.0,wiki_2024_table,False,original,,,,,348525000.0,148123125.0,underperformer,1.0,7745.0,mid_or_indie,,,,
id_misteri_rumah_darah_2025,Misteri Rumah Darah,2025,2025-03-06,maret,Q1,lebaran,Horor,Andy Manoppo Alfani Wiryawan,Wavi Zihan Tyan Anugrah Emil Kusumo Ray Shidiq Dicky Candra Gendhis Maharany,Cinema Delapan,,17+,7654.0,wiki_2025_table,False,original,,,,,363565000.0,154515125.0,underperformer,1.0,7654.0,mid_or_indie,,,,
id_siapa_dia_2025,Siapa Dia,2025,2025-08-28,agustus,Q3,kemerdekaan,Musikal,Garin Nugroho,Nicholas Saputra Amanda Rawles Widi Mulia Morgan Oey Ariel Tatum Gisella Anastasia Joanna Alexandra Sita Nursanti Cindy Nirmala Bima Zeno Happy Salma Dira Sugandi Monita Tahalea Angkasa Thulo Beyon Destiano Gerardo Tanor,Fabis Entertainment,,13+,7462.0,wiki_2025_table,False,original,,,,,354445000.0,150639125.0,underperformer,3.0,20264.333333333332,mid_or_indie,,,,
id_perjalanan_pertama_2022,Perjalanan Pertama,2022,2022-07-14,juli,Q3,libur_sekolah,Drama,Arief Malinmudo,"Muzakki Ramdhan, Ahmad Tarmimi Siregar, Adinda Thomas, Randy Pangalila","Mahakarya Pictures, D' Ayu Pictures",,SU,7352.0,wiki_2022_table,False,original,,,,,308784000.0,131233200.0,underperformer,1.0,7352.0,mid_or_indie,,,,
id_angel_kami_semua_punya_mimpi_2023,Angel: Kami Semua Punya Mimpi,2023,2023-05-04,mei,Q2,reguler,Drama,Ivan Hamdhani Putra,"Beby Tsabina, Ari Irham, Fico Fachriza",Fast Films,,13+,7019.0,wiki_2023_table,False,original,,,,,315855000.0,134238375.0,underperformer,1.0,7019.0,mid_or_indie,,,,
id_kun_ana_wa_anta_2023,Kun Ana Wa Anta,2023,2023-03-09,maret,Q1,lebaran,"Drama, petualangan",Rully Manna,"Muzakki Ramdhan, Abe Moore, Balgis Balfas, Kayla Haryo, Austyn Senduk","DNA Productions, Happening Films",,SU,7006.0,wiki_2023_table,False,original,,,,,315270000.0,133989750.0,underperformer,1.0,7006.0,mid_or_indie,,,,
id_lagu_cinta_untuk_mama_2025,Lagu Cinta untuk Mama,2025,2025-01-29,januari,Q1,reguler,Drama Keluarga,Hasto Broto,Jenny Zhang Rizky Hanggono Afsheena Zerina Ayu Laksmi Raissa Anggiani,Dewa Pictures Produksi Film Negara,,SU,6847.0,wiki_2025_table,False,original,,,,,325232500.0,138223812.5,underperformer,4.0,44731.75,mid_or_indie,,,,
id_bukan_jodoh_biasa_nih_2025,Bukan Jodoh Biasa Nih!!!,2025,2025-03-13,maret,Q1,lebaran,Komedi Drama,Peppi Piona,Raim Laode Fico Fachriza Firman Wahab Leo Consul Nina Kozok Asep Petir Joe P Project Mutiara Indah A. W. Dicky Candra Egi Fedly,Multi Cahaya Dimensi Bandung Film,,13+,6803.0,wiki_2025_table,False,original,,,,,323142500.0,137335562.5,underperformer,1.0,6803.0,mid_or_indie,,,,
id_bangsatnya_cinta_pertama_2023,Bangsatnya Cinta Pertama,2023,2023-10-05,oktober,Q4,reguler,"Drama, roman",Eugene Panji,"Adinda Thomas, Elang El Gibran, Rania Putrisari, Annette Edoarda",Dogma Pictures,,13+,6702.0,wiki_2023_table,False,original,,,,,301590000.0,128175750.0,underperformer,1.0,6702.0,mid_or_indie,,,,
id_badik_2025,Badik,2025,2025-10-30,oktober,Q4,reguler,Drama Aksi Misteri,Dicky R. Maland,Prisia Nasution Donny Alamsyah Mike Lucock Putri Aminda Aulia Qalbi Wahyudi Beksi Aulia Yayan Anggun Rustiar Fandy Fight Devris Brigel,,,,6510.0,wiki_2025_table,False,original,,,,,309225000.0,131420625.0,underperformer,1.0,6510.0,indie_or_unknown,,,,
id_tikam_polisi_noken_2022,Tikam Polisi Noken,2022,2022-02-10,februari,Q1,reguler,"Drama, Aksi","Kombes Pol. Ade Djadja Subagdja, S.IK, M.H.","Oktovianus O. Padwa, Aldo Ardiano Waroy Kaiba, Briptu Ivana Mandibondibo, AKP Djadik",Polda Papua,,17+,6444.0,wiki_2022_table,False,original,,,,,270648000.0,115025400.0,underperformer,1.0,6444.0,mid_or_indie,,,,
id_yohanna_2026,Yohanna,2026,2026-04-09,april,Q2,lebaran,Drama,Razka Robby Ertanto,"Laura Basuki, Videlis Siprianus Diki, Kirana Grasela",Summerland,-,,6182.0,wiki_2026_table,False,original,,,,,309100000.0,131367500.0,underperformer,1.0,6182.0,mid_or_indie,,,,
id_kampung_keramat_2025,Kampung Keramat,2025,2025-02-13,februari,Q1,reguler,Horor,Bram Ferino,Naufal Samudra Haura Lathifa Sephia Amanda Egi Fedly Dewi Amanda,AFICI Entertainment,,13+,6045.0,wiki_2025_table,False,original,,,,,287137500.0,122033437.5,underperformer,5.0,13369.0,mid_or_indie,,,,
id_samar_2025,Samar,2025,2025-03-13,maret,Q1,lebaran,Horor,Renaldo Samsara,Aurora Ribero Kevin Julio Imelda Therinne Runny Rudiyanti Revaldo,Elior Tesla Pictures,,17+,5840.0,wiki_2025_table,False,original,,,,,277400000.0,117895000.0,underperformer,1.0,5840.0,mid_or_indie,,,,
id_summa_dendam_perempuan_sinting_2025,Summa: Dendam Perempuan Sinting,2025,2025-11-24,november,Q4,reguler,,Bram Ferino,Dwi Bidari Trisna Anggraini Dian Fitra Rangga Reziki Arya Alfaiz Bagus Aidil,,,,5753.0,wiki_2025_table,False,original,,,,,273267500.0,116138687.5,underperformer,5.0,13369.0,indie_or_unknown,,,,
id_trah_7_2022,Trah 7,2022,2022-01-13,januari,Q1,reguler,Horor,Ferial Rachmany,"Kevin Torsten, Chantiq Schagerl, Surya R Kusumah, Gary Iskak",DLK Production,,17+,5748.0,wiki_2022_table,False,original,,,,,241416000.0,102601800.0,underperformer,1.0,5748.0,mid_or_indie,,,,
id_belum_ada_judul_2025,Belum Ada Judul,2025,2025-11-20,november,Q4,reguler,,Aria Kusumadewa,Alexandra Gottardo Surya Saputra Deddy Mizwar Aisha Nurra Datau Iwan Fals Ena Pasaribu Bucek Depp Arla Ailani Jinan Safa Zeyn Datau,,,,5742.0,wiki_2025_table,False,original,,,,,272745000.0,115916625.0,underperformer,1.0,5742.0,indie_or_unknown,,,,
id_karunrung_1995_2025,Karunrung 1995,2025,2025-07-10,juli,Q3,libur_sekolah,Tegang Regional,Sony F Rima,Mahesa Dinzi Riska Aulia Putri Cahyary Nagara Ahra Fatima Azahra Elyz Adezta M. Isnan Dahirr Agogo Violin,,,13,5501.0,wiki_2025_table,False,original,,,,,261297500.0,111051437.5,underperformer,1.0,5501.0,indie_or_unknown,,,,
id_insya_allah_berkah_2025,Insya Allah Berkah,2025,2025-05-22,mei,Q2,reguler,Anak-anak Religi,Furqy,Dimas Seto Aty Cancer Zein Dhini Aminarti Zidane Baraqbah Sandrinna Michelle,Anugerah Pictures Fine In Pro,,SU,5492.0,wiki_2025_table,False,original,,,,,260870000.0,110869750.0,underperformer,1.0,5492.0,mid_or_indie,,,,
id_the_sun_gazer_cinta_dari_langit_2025,The Sun Gazer : Cinta dari Langit,2025,2025-08-21,agustus,Q3,kemerdekaan,Religi,Jastis Arimba,Mario Irwinsyah Ratu Anandita Revalina S Temat Adhin Abdul Hakim Dewi Yull Niniek L. Karim Elvira Aminiti Miqdad Addausy Rania Mas'ad Tegar Satrya Rizky Hanggono,Warna Pictures Koperasi BMI Group,,,5333.0,wiki_2025_table,False,original,,,,,253317500.0,107659937.5,underperformer,5.0,55558.8,mid_or_indie,,,,
id_menuju_pelaminan_2025,Menuju Pelaminan,2025,2025-10-16,oktober,Q4,reguler,Drama,Yuda Kurniawan,Maizura Cut Mini Whani Darmawan Bhisma Mulia M. N. Qomaruddin Dyah Mulani Derry Oktami Briliana Arfira Joanna Dyah Bambang Gundul Susilo Nugroho,,,,5317.0,wiki_2025_table,False,original,,,,,252557500.0,107336937.5,underperformer,3.0,2549.0,indie_or_unknown,,,,
id_leak_2_jimat_dadong_2025,Leak 2 (Jimat Dadong),2025,2025-11-20,november,Q4,reguler,,Mimi Jegon,Astrid Ular Galuh Bilen Andrew Andika Putu Sandra Winda Saskia Yuni Baratha,,,,5110.0,wiki_2025_table,True,sequel_or_franchise,,,,,242725000.0,103158125.0,underperformer,2.0,4369.0,indie_or_unknown,,,,
id_dalam_sujudku_2026,Dalam Sujudku,2026,2026-04-16,april,Q2,lebaran,Drama,Rico Michael,"Marcell Darwin, Vinessa Inez, Naura Hakim",P69 Indonesia,-,,5104.0,wiki_2026_table,False,original,,,,,255200000.0,108460000.0,underperformer,1.0,5104.0,mid_or_indie,,,,
id_taneuh_kalaknat_2026,Taneuh Kalaknat,2026,2026-02-19,februari,Q1,reguler,Horor,Gierendy,"Adinda Thomas, Nagra Kautsar Pakusadewo, Annette Edoarda","Anugerah Pictures, Corise Cinema",-,,5087.0,wiki_2026_table,False,original,,,,,254350000.0,108098750.0,underperformer,1.0,5087.0,mid_or_indie,,,,
id_akad_2022,Akad,2022,2022-02-03,februari,Q1,reguler,"Drama, Roman",Reka Wijaya,"Kevin Julio, Indah Permatasari, Mathias Muchus, Nino Fernandez","Maxstream Original, Indonesia Tourism Development Corporation, BUMN, IFI Sinema, E-Motion Entertainment",,13+,5084.0,wiki_2022_table,False,original,,,,,213528000.0,90749400.0,underperformer,4.0,268296.5,mid_or_indie,,,,
id_kartu_pos_wini_2023,Kartu Pos Wini,2023,2023-04-06,april,Q2,lebaran,Drama,Tarmizi Abka,"Denira Wiraguna, Ferly Putra, Fajar Rezky, Soraya Rasyid, Keiko Ananta",Sinemata Productions,,SU,5057.0,wiki_2023_table,False,original,,,,,227565000.0,96715125.0,underperformer,1.0,5057.0,mid_or_indie,,,,
id_coto_vs_konro_2025,Coto vs Konro,2025,2025-02-06,februari,Q1,reguler,Daerah Kuliner Drama,Irham Acho Bahtiar,Awaluddin Tahir Luthfi Sato Aty Kodong Adit Triyuda Nielam Amir,DCU Rumah Semut Film,,13+,5021.0,wiki_2025_table,False,original,,,,,238497500.0,101361437.5,underperformer,2.0,7549.5,mid_or_indie,,,,
id_gas_kuy_2021,Gas Kuy,2021,2021-06-03,juni,Q2,libur_sekolah,"Drama, Aksi, Petualangan",Derby Romero,"Rangga Azof, Derby Romero, Rendy Herpy, Kevin Zufri, Nadira Adnan","Silver Bullet Films, DHF Entertainment",,13+,4904.0,wiki_2021_table,False,original,,,,,196160000.0,83368000.0,underperformer,1.0,4904.0,mid_or_indie,,,,
id_buku_harianku_2020,Buku Harianku,2020,2020-03-12,maret,Q1,reguler,Musikal,Angling Sagaran,"Kila Putri Alam, Slamet Rahardjo, Widuri Putri Sasono, Widi Mulia, Dwi Sasono, Gary Iskak","Blue Sheep Entertainment, Bro's Studio",Disney+ Hotstar,SU,4697.0,wiki_2020_table,False,original,,,,,178486000.0,75856550.0,underperformer,1.0,4697.0,mid_or_indie,,,,
id_kamu_harus_mati_2026,Kamu Harus Mati,2026,2026-05-21,mei,Q2,reguler,Horor,Tema Patrosza,"Pamela Bowie, Sitha Marino, Sahila Hisyam",Nant Entertainment,-,,4562.0,wiki_2026_table,False,original,,,,,228100000.0,96942500.0,underperformer,1.0,4562.0,mid_or_indie,,,,
id_made_in_bali_2025,Made in Bali,2025,2025-02-20,februari,Q1,reguler,Romansa,Johar Prayudhi,Rayn Wijaya Dian Sidik Wina Marrino Bulan Sutena Vonny Felicia,Josh Pictures,,13+,4458.0,wiki_2025_table,False,original,,,,,211755000.0,89995875.0,underperformer,1.0,4458.0,mid_or_indie,,,,
id_kucing_hitam_2026,Kucing Hitam,2026,2026-06-04,juni,Q2,libur_sekolah,Horor,Jose Poernomo,"Wani Siregar, Keiko Ananta, Marcelino Lefrandt","Deltaflix, Mega Film",-,,4262.0,wiki_2026_table,False,original,,,,,213100000.0,90567500.0,underperformer,3.0,34459.666666666664,mid_or_indie,,,,
id_villa_angker_lembang_2021,Villa Angker Lembang,2021,2021-04-08,april,Q2,reguler,Horor,Sameer Saikh,"Ilyas Bachtiar, Dianna Dee Starlight, Toto Soegriwo, Fadhel Muhammad, Gracia Marcilia",Dream Max Production,,17+,4174.0,wiki_2021_table,False,original,,,,,166960000.0,70958000.0,underperformer,1.0,4174.0,mid_or_indie,,,,
id_between_us_2022,Between Us,2022,2022-07-21,juli,Q3,libur_sekolah,Drama,Andreuw Parinussa,"Maizura, Rizcky de Keizer","Idnesian, Bamboe Films",,13+,4173.0,wiki_2022_table,False,original,,,,,175266000.0,74488050.0,underperformer,1.0,4173.0,mid_or_indie,,,,
id_pintu_pintu_surga_2025,Pintu Pintu Surga,2025,2025-02-13,februari,Q1,reguler,Drama Religi Psikologi,Adis Kayl Yurahmah,Susan Sameh Arya Saloka Agla Artalidia Athar Barakbah Farhana Zahara Haddad Unique Priscilla Oki Rengga,Dakaramira Studio,,13+,4039.0,wiki_2025_table,False,original,,,,,191852500.0,81537312.5,underperformer,2.0,6114.0,mid_or_indie,,,,
id_mbutik_2023,Mbutik,2023,2023-06-01,juni,Q2,libur_sekolah,Drama,Rizal Wimba,"Rara, Wa Bali, Ma Lifah, Yu Marni, Ewok",Darinol Production,,,3957.0,wiki_2023_table,False,original,,,,,178065000.0,75677625.0,underperformer,1.0,3957.0,mid_or_indie,,,,
id_arti_cinta_2025,Arti Cinta,2025,2025-07-17,juli,Q3,libur_sekolah,Drama Romantis,Monty Tiwa Tepan Kobain,Tio Pakusadewo Marthino Lio Sita Nursanti Samo Rafael Windy Apsari,,,17+,3799.0,wiki_2025_table,False,original,,,,,180452500.0,76692312.5,underperformer,1.0,3799.0,indie_or_unknown,,,,
id_tumbal_hitam_darah_anak_melik_2022,Tumbal Hitam: Darah Anak Melik,2022,2022-08-11,agustus,Q3,kemerdekaan,Horor,Mimi Jegon,"Astrid Ular, Abee Baratha, Galuh Bilen, Rino Mangunsaputro",Jegon Film,,17+,3628.0,wiki_2022_table,False,original,,,,,152376000.0,64759800.0,underperformer,2.0,4369.0,mid_or_indie,,,,
id_arumi_night_is_blue_2021,"Arumi, Night is Blue",2021,2021-06-10,juni,Q2,libur_sekolah,Drama,Je Yatmoko,"Tania Ngesta, Adam Radja, Dian Pratama, Diky Wijaya, Vira Respaty",Zetta Mind Studios,,13+,3550.0,wiki_2021_table,False,original,,,,,142000000.0,60350000.0,underperformer,1.0,3550.0,mid_or_indie,,,,
id_seribu_bayang_purnama_2025,Seribu Bayang Purnama,2025,2025-07-03,juli,Q3,libur_sekolah,Drama Romantis Pertanian,Yahdi Jamhur,Nugie Marthino Lio Whani Darmawan Aksara Dena Givina Lukita Dewi,Baraka Film,,SU,3484.0,wiki_2025_table,False,original,,,,,165490000.0,70333250.0,underperformer,1.0,3484.0,mid_or_indie,,,,
id_anak_anak_bambu_2026,Anak-Anak Bambu,2026,2026-07-23,juli,Q3,libur_sekolah,Drama,Dyan Sunu Prastowo,"Irgi Fahrezi, Ayushita, Ramzi Al-Muzaki",Theana Pictures,-,,3439.0,wiki_2026_table,False,original,,,,,171950000.0,73078750.0,underperformer,8.0,54784.0,mid_or_indie,,,,
id_selimut_kabut_rongkong_2022,Selimut Kabut Rongkong,2022,2022-04-07,april,Q2,reguler,Drama,Indra J. Mae,"Dinda Tarisa, A. Agung Iskandar, Analisa Moita, Wasri Yanti Pasande","SKV Movie Entertainment, Mentari Indonesia Production",,13+,3321.0,wiki_2022_table,False,original,,,,,139482000.0,59279850.0,underperformer,1.0,3321.0,mid_or_indie,,,,
id_glo_kau_cahaya_2023,"Glo, Kau Cahaya",2023,2023-03-09,maret,Q1,lebaran,Drama,Ani Ema Susanti,"Tatyana Akman, Kevin Royano, Mamat Alkatiri, Ratna Riantiarno, Monalisa Sembor",Bhuana Art Sinema,,SU,3100.0,wiki_2023_table,False,original,,,,,139500000.0,59287500.0,underperformer,2.0,20258.5,mid_or_indie,,,,
id_dealova_2024,Dealova,2024,2024-02-22,februari,Q1,reguler,"Drama, percintaan",Ray Nayoan,"Givina, Dikta Wicaksono, Harris Vriza",Flix Pictures,-,13+,3090.0,wiki_2024_table,False,original,,,,,139050000.0,59096250.0,underperformer,2.0,10938.0,mid_or_indie,,,,
id_bisikan_jenazah_2021,Bisikan Jenazah,2021,2021-11-04,november,Q4,reguler,Horor,Aldi Taher,"Aldi Taher, Emma Maembong, Rosita, Eka Jamaludin",Bersahaja Entertainment,,13+,3062.0,wiki_2021_table,False,original,,,,,122480000.0,52054000.0,underperformer,1.0,3062.0,mid_or_indie,,,,
id_rannu_cinta_bugis_makassar_2025,Rannu (Cinta Bugis Makassar),2025,2025-05-10,mei,Q2,reguler,Drama Romantis Regional,Muh. Rizal Saputra,Evi Agustina Muh. Arif Budiman,,,,3052.0,wiki_2025_table,False,original,,,,,144970000.0,61612250.0,underperformer,1.0,3052.0,indie_or_unknown,,,,
id_soffie_dendam_dalam_dosa_2025,Soffie: Dendam Dalam Dosa,2025,2025-04-10,april,Q2,lebaran,,Firman Nurjaya,Dolly Martin Lela Anggraini Erwin Bagindo Defwita Zumara Vicky Joe,,,,3026.0,wiki_2025_table,False,original,,,,,143735000.0,61087375.0,underperformer,1.0,3026.0,indie_or_unknown,,,,
id_ghost_buzzer_antar_aku_pulang_2026,Ghost Buzzer: Antar Aku Pulang,2026,2026-07-16,juli,Q3,libur_sekolah,Horor,"Amir Mirza Gumay, Agus Hendra Jaya","Ayu Diana, Chacha Hits, Claudio Alexandre",Artha Media Indonesia,-,,2924.0,wiki_2026_table,False,original,,,,,146200000.0,62135000.0,underperformer,1.0,2924.0,mid_or_indie,,,,
id_siska_the_movie_2023,Siska the Movie,2023,2023-08-23,agustus,Q3,kemerdekaan,"Drama, Romansa",Mulyo HR,"Varrel Brilian, Hanadia Alfitriyani, H. Imron, Hj. Wahyu Tjiptaningsih, H. Mochamad Syafrudin",Prokompim Kabupaten Cirebon,,13+,2866.0,wiki_2023_table,False,original,,,,,128970000.0,54812250.0,underperformer,1.0,2866.0,mid_or_indie,,,,
id_air_mata_buaya_2026,Air Mata Buaya,2026,2026-05-07,mei,Q2,reguler,Drama,Tumpal Tampubolon,"Yusuf Mahardika,Marissa Anita, Zulfa Maharani","Talamedia, E-Motion Entertainment",-,,2762.0,wiki_2026_table,False,original,,,,,138100000.0,58692500.0,underperformer,1.0,2762.0,mid_or_indie,,,,
id_janji_senja_2025,Janji Senja,2025,2025-09-25,september,Q3,reguler,Drama,Rendra Ahmad,Yati Surachman Abid Abi Maria Ngingi Antoninho Rangel Da Silva Vashon Corputty,,,,2714.0,wiki_2025_table,False,original,,,,,128915000.0,54788875.0,underperformer,1.0,2714.0,indie_or_unknown,,,,
id_rio_the_survivor_2022,"Rio, The Survivor",2022,2022-03-31,maret,Q1,reguler,Drama,Yudie Oktav,"Raditya Evandra, Sri Widayati, Bambang Pamungkas, Akinza Kiyosaki, Abdqori Afandi, Brydden Escobar","Syair.org, Citk@rt Production",,13+,2682.0,wiki_2022_table,False,original,,,,,112644000.0,47873700.0,underperformer,1.0,2682.0,mid_or_indie,,,,
id_de_toeng_misteri_ayunan_nenek_2021,De Toeng: Misteri Ayunan Nenek,2021,2021-02-11,februari,Q1,reguler,Horor,Bayu Pamungkas,"Sean Hasyim, Kartika Waode, Melyasari, Resyha Nafisa",Turatea Production,,17+,2572.0,wiki_2021_table,False,original,,,,,102880000.0,43724000.0,underperformer,2.0,32229.0,mid_or_indie,,,,
id_ayudia_dan_jalan_pulangnya_2021,Ayudia dan Jalan Pulangnya,2021,2021-03-18,maret,Q1,reguler,Drama,Rizqon Agustia Fahsa,"Ameilia Pripalda, Mukhtar Kelana, Humaidi Abas","Genia Studio, Komunitas Film Indie Pesawaran",,13+,2496.0,wiki_2021_table,False,original,,,,,99840000.0,42432000.0,underperformer,1.0,2496.0,mid_or_indie,,,,
id_merah_putih_one_for_all_2025,Merah Putih: One for All,2025,2025-08-14,agustus,Q3,kemerdekaan,Animasi,Endiarto Bintang Takari,Neka Yahya Nabila Yasmin Nathan Vienkan Bahreys Elsya H. Syarief Sky,,,,2492.0,wiki_2025_table,False,original,,,,,118370000.0,50307250.0,underperformer,1.0,2492.0,indie_or_unknown,,,,
id_dua_surga_dalam_cintaku_2024,Dua Surga dalam Cintaku,2024,2024-03-21,maret,Q1,lebaran,"Drama, percintaan",Kiki Nuriswan,"Yuki Kato, Alif Alli, Keira Shabira",Cakrawala Pictures,-,13+,2459.0,wiki_2024_table,False,original,,,,,110655000.0,47028375.0,underperformer,1.0,2459.0,mid_or_indie,,,,
id_cristine_2025,Cristine,2025,2025-10-16,oktober,Q4,reguler,Horor,Harris Cinnamon,Yusuf Mahardika Septian Dwi Cahyo Nova Eliza Jasmine Elfira Asmar Lambo,,,,2354.0,wiki_2025_table,False,original,,,,,111815000.0,47521375.0,underperformer,1.0,2354.0,indie_or_unknown,,,,
id_rumah_singgah_2026,Rumah Singgah,2026,2026-08-27,agustus,Q3,kemerdekaan,Drama,Dyan Sunu Prastowo,"Adhisty Zara, Dewi Irawan, Devano Danendra",Senara,-,,2282.0,wiki_2026_table,False,original,,,,,114100000.0,48492500.0,underperformer,8.0,54784.0,mid_or_indie,,,,
id_pesantren_2022,Pesantren,2022,2022-11-17,november,Q4,reguler,Dokumenter,Shalahuddin Siregar,,,,,2261.0,wiki_2022_table,False,original,,,,,94962000.0,40358850.0,underperformer,1.0,2261.0,indie_or_unknown,,,,
id_nyanyian_akar_rumput_dokumenter_terbatas_2020,"Nyanyian Akar Rumput (dokumenter, terbatas)",2020,2020-01-16,januari,Q1,reguler,Dokumenter,Yuda Kurniawan,Fajar Merah,Rekam Docs,,17+,2222.0,wiki_2020_table,False,original,,,,,84436000.0,35885300.0,underperformer,3.0,2549.0,mid_or_indie,,,,
id_pemburu_di_manchester_biru_terbatas_2020,Pemburu di Manchester Biru (terbatas),2020,2020-02-06,februari,Q1,reguler,Drama,Rako Prijanto,"Adipati Dolken, Ganindra Bimo",Oreima Films,Netflix,13+,2178.0,wiki_2020_table,False,original,,,,,82764000.0,35174700.0,underperformer,7.0,225236.57142857142,mid_or_indie,,,,
id_mattaro_janci_2026,Mattaro Janci,2026,2026-02-01,februari,Q1,reguler,Drama,Irwandi Irgantara,"Alya Kartika Putri, Irwandi Irgantara",,-,,2032.0,wiki_2026_table,False,original,,,,,101600000.0,43180000.0,underperformer,1.0,2032.0,indie_or_unknown,,,,
id_saidjah_dan_adinda_2021,Saidjah dan Adinda,2021,2021-03-04,maret,Q1,reguler,"Drama, Sejarah",Darwin Mahesa,"Achmad Ali Sukarno, Rizky Darta, Arswendi Nasution, Egi Fedly, Jajang C. Noer","Kemendikbud RI, Kremov Pictures, IKJ",,13+,1980.0,wiki_2021_table,False,original,,,,,79200000.0,33660000.0,underperformer,1.0,1980.0,mid_or_indie,,,,
id_sang_saudagar_tabepuang_2022,Sang Saudagar #TabePuang,2022,2022-04-21,april,Q2,reguler,Drama,Asril Sani,"Ikram Noer, Reza Pahlevi, Fitry Laluna, Indah Noyha, Uya Mahmud","Lpalalo Production, SKV Movie Entertainment",,13+,1721.0,wiki_2022_table,False,original,,,,,72282000.0,30719850.0,underperformer,1.0,1721.0,mid_or_indie,,,,
id_di_antara_mendung_dan_kabutnya_kota_poso_2021,Di Antara Mendung dan Kabutnya Kota Poso,2021,2021-04-08,april,Q2,reguler,"Aksi, Cerita seru",Nur Afni Eka Muslim,"Nur Afni Eka Muslim, Geri Belanof, Dewa Wijaya, Candra Festival",Celebest Film Production,,17+,1600.0,wiki_2021_table,False,original,,,,,64000000.0,27200000.0,underperformer,2.0,1258.5,mid_or_indie,,,,
id_jangan_lupa_bahagia_2026,Jangan Lupa Bahagia,2026,2026-09-10,september,Q3,reguler,Drama,Andi Burhamzah,"Tumming Abu, Andi Batari Bintang, Adhi Basto","786 Production, Rumpi Entertainment, Timur Pictures",-,,1589.0,wiki_2026_table,False,original,,,,,79450000.0,33766250.0,underperformer,4.0,151695.75,mid_or_indie,,,,
id_nia_2025,Nia,2025,2025-12-04,desember,Q4,libur_akhir_tahun,,Aditya Gumay Ronny Mepet,Syakira Humaira Helsi Herlinda Eka Maharani Aisyah Zainal Chaniago Qya Ditra Neno Warisman Fadli Zon Mahyeldi Ansharullah,Smaradana Pro,,,1522.0,wiki_2025_table,False,original,,,,,72295000.0,30725375.0,underperformer,1.0,1522.0,mid_or_indie,,,,
id_invisible_hopes_2021,Invisible Hopes,2021,2021-05-27,mei,Q2,reguler,Dokumenter,Lamtiar Simorangkir,"Anggrek, Midun, Fifi, Nada",Lam Horas Film,,17+,1481.0,wiki_2021_table,False,original,,,,,59240000.0,25177000.0,underperformer,1.0,1481.0,mid_or_indie,,,,
id_1_coto_5_ketupat_2025,1 Coto 5 Ketupat,2025,2025-01-18,januari,Q1,reguler,Komedi Keluarga Regional,The One,Muhammad Farzan Baso Daeng Naba Abostan Daeng Jarum Caca Salsabilah Muhammad Zulfadel,Global Prima Sinema,,13+,1397.0,wiki_2025_table,False,original,,,,,66357500.0,28201937.5,underperformer,1.0,1397.0,mid_or_indie,,,,
id_elang_2025,Elang,2025,2025-01-09,januari,Q1,reguler,Drama Olahraga,Rizal Mantovani,Ganindra Bimo Lukman Sardi Dewi Yull Abiyyu Barakbah Rydhen Afexi,Arjuna Mega Films,,13+,1332.0,wiki_2025_table,False,original,,,,,63270000.0,26889750.0,underperformer,13.0,577996.2307692308,mid_or_indie,,,,
id_iyus_jenius_2026,Iyus Jenius,2026,2026-09-10,september,Q3,reguler,Musikal,"Achmad Romie, Adnan Djani","Kevin Abadio, Babah T-Bob, Brian Mahesa","MAXstream TV Studios, SeruJuga Film Studio, Creator Media, Frontline Pictures",-,,1276.0,wiki_2026_table,False,original,,,,,63800000.0,27115000.0,underperformer,1.0,1276.0,mid_or_indie,,,,
id_samsara_2025,Samsara,2025,2025-11-20,november,Q4,reguler,,Garin Nugroho,Ario Bayu Alit Aryani Willems Valentine Payen Juliet Widyasari Burnett Gus Bang Sada Tara Anindya Butterly I Putu Jaya Kusuma,,,,1245.0,wiki_2025_table,False,original,,,,,59137500.0,25133437.5,underperformer,3.0,20264.333333333332,indie_or_unknown,,,,
id_wanalathi_2022,Wanalathi,2022,2022-08-11,agustus,Q3,kemerdekaan,Horor,Tobrani,"Jho Rizky, Riva Ivonya, Ira Ilva Sari, Hans de Kraker, Roweina Oemboh, Fritz Koraag",Dwisetyo Production Gorontalo,,13+,1188.0,wiki_2022_table,False,original,,,,,49896000.0,21205800.0,underperformer,1.0,1188.0,mid_or_indie,,,,
id_pocong_merah_2026,Pocong Merah,2026,2026-02-19,februari,Q1,reguler,Horor,Hendra Adi Ramadhan,"Maya Asals, Adinda Halona, Ahmad Pule",Checklist Cinema,-,,1122.0,wiki_2026_table,False,original,,,,,56100000.0,23842500.0,underperformer,1.0,1122.0,mid_or_indie,,,,
id_cinta_dari_timor_2024,Cinta dari Timor,2024,2024-09-05,september,Q3,reguler,"Drama, percintaan",Angger Yudha Setiawan,"Jourdy Pranata, Adhisty Zara, Tio Pakusadewo",Clock Work Films,-,13+,1116.0,wiki_2024_table,False,original,,,,,50220000.0,21343500.0,underperformer,1.0,1116.0,mid_or_indie,,,,
id_ajian_maut_2025,Ajian Maut,2025,2025-01-02,januari,Q1,reguler,Horor,Master Limbad,Master Limbad Budi Bima Diana Patriana Bayu Siagantara,Master Cinema Production,,,1070.0,wiki_2025_table,False,original,,,,,50825000.0,21600625.0,underperformer,1.0,1070.0,mid_or_indie,,,,
id_uwentira_kota_jin_2025,Uwentira Kota Jin,2025,2025-03-13,maret,Q1,lebaran,Horor,Nur Afni Eka Muslim,Mariam Muslim Fial Magfira Julia Kirana Zazkiamelia Refaldi Anugrah,Celebest Film Production,,13+,917.0,wiki_2025_table,False,original,,,,,43557500.0,18511937.5,underperformer,2.0,1258.5,mid_or_indie,,,,
id_gara_gara_cicilan_2025,Gara-Gara Cicilan,2025,2025-11-09,november,Q4,reguler,,Surya Darmawan,Rijja Abbas Jhaka Wijaz Diva Pancarani Deasy Mayer,,,,660.0,wiki_2025_table,False,original,,,,,31350000.0,13323750.0,underperformer,2.0,418.5,indie_or_unknown,,,,
id_cinta_pertamaku_2025,Cinta Pertamaku,2025,2025-08-28,agustus,Q3,kemerdekaan,,Kamarul Akbar,Giselle Mentari Fadellenon,,,,579.0,wiki_2025_table,False,original,,,,,27502500.0,11688562.5,underperformer,1.0,579.0,indie_or_unknown,,,,
id_parah_bener_2025,Parah Bener,2025,2025-05-07,mei,Q2,reguler,Komedi,Deni Atmaja,Gary Iskak Gabriella Desta Hendy Salimy Aris Suhaedi Avip Pradhana Ferdi Putra Joe P Project Fanny Fadillah Malih,Sembilan Mahameru Sinema,,13+,470.0,wiki_2025_table,False,original,,,,,22325000.0,9488125.0,underperformer,1.0,470.0,mid_or_indie,,,,
id_bede_pulang_ke_pelukmu_2022,Bede - Pulang ke Pelukmu,2022,2022-02-06,februari,Q1,reguler,"Drama, Roman",Akilbudi Patriawan,"Sella Agnesia, Fariz Danesha, Selviana Rianti, Xelvint Garcia, Martin Rantan, Clara Yun, Cornelia Tia, Sansan Jong","Insix Production, Pemerintah Kabupaten Ketapang, Pemerintah Kota Pontianak, Digital Artist Studio",,13+,429.0,wiki_2022_table,False,original,,,,,18018000.0,7657650.0,underperformer,1.0,429.0,mid_or_indie,,,,
id_teori_cakrawala_2023,Teori Cakrawala,2023,2023-10-05,oktober,Q4,reguler,Drama,Ivan Oche,"Elissa Knapp, Rizky Mickey, Agnes Rambaho, Awan Rambaho",Filosofi Dunia Khayalan,,13+,346.0,wiki_2023_table,False,original,,,,,15570000.0,6617250.0,underperformer,1.0,346.0,mid_or_indie,,,,
id_orang_ikan_2025,Orang Ikan,2025,2025-07-11,juli,Q3,libur_sekolah,Horor Tegang Misteri,Mike Wiluan,Alexandra Gottardo Lucky L Moniaga Hiroaki Kato Dean Fujioka Callum Woodhouse Alan Maxson,,,13,332.0,wiki_2025_table,False,original,,,,,15770000.0,6702250.0,underperformer,1.0,332.0,indie_or_unknown,,,,
id_putra_2025,Putra,2025,2025-08-16,agustus,Q3,kemerdekaan,Animasi,,,,,13+,293.0,wiki_2025_table,False,original,,,,,13917500.0,5914937.5,underperformer,,,indie_or_unknown,,,,
id_toko_perlengkapan_mayat_2026,Toko Perlengkapan Mayat,2026,2026-08-06,agustus,Q3,kemerdekaan,Horor,Surya Darmawan,"Ivana Meylanda, Dwiaffor, Bambang","YC Entertainment, Affor Entertainment",-,,177.0,wiki_2026_table,False,original,,,,,8850000.0,3761250.0,underperformer,2.0,418.5,mid_or_indie,,,,
id_korban_jatuh_tempo_pinjol_2025,Korban Jatuh Tempo: Pinjol,2025,2025-04-17,april,Q2,lebaran,Horor Komedi,Bram Ferino,Lilis Suganda Gelby Matthew Arjuna Tarigan Inung Hartati Shinta Ardiana Juni Irsandi,AFICI Entertainment Binasol Pictures,,13+,176.0,wiki_2025_table,False,original,,,,,8360000.0,3553000.0,underperformer,5.0,13369.0,mid_or_indie,,,,
id_harmoni_2025,Harmoni,2025,2025-07-31,juli,Q3,libur_sekolah,,Yuda Kurniawan,Rani Someng Bunaeri M. Idil Kurniawan Siti Aisyah,,,,108.0,wiki_2025_table,False,original,,,,,5130000.0,2180250.0,underperformer,3.0,2549.0,indie_or_unknown,,,,
id_ketika_hantu_yatim_piatu_2025,Ketika Hantu Yatim Piatu,2025,2025-08-07,agustus,Q3,kemerdekaan,Horor,Bram Ferino,Dwi Bidari Inung Hartati Juni Irsandi Melanie Hanif Al Rafian,,,,49.0,wiki_2025_table,False,original,,,,,2327500.0,989187.5,underperformer,5.0,13369.0,indie_or_unknown,,,,
id_misteri_cek_khodam_2025,Misteri Cek Khodam,2025,2025-02-06,februari,Q1,reguler,Horor,Limbad,Bopak Castello Reiner Manopo Budi Bima Budi Limbad Daus Separo Gus Idris Rafa Fauzia,Master Cinema Production,,13+,27.0,wiki_2025_table,False,original,,,,,1282500.0,545062.5,underperformer,1.0,27.0,mid_or_indie,,,,
id_akal_imitasi_2026,Akal Imitasi,2026,2026-09-17,september,Q3,reguler,Drama,Zhaddam A. Nurdin,"Zaskia Alya Kyla, Tika Bravani, Teuku Rifnu Wikana",DL Entertainment,-,,20.0,wiki_2026_table,False,original,,,,,1000000.0,425000.0,underperformer,1.0,20.0,mid_or_indie,,,,
id_bekas_rumah_sakit_2020,Bekas Rumah Sakit,2020,2020-08-06,agustus,Q3,kemerdekaan,Horor,Irham Acho Bahtiar,"Ince Syahrul Anam, Gadis Basalamah, Saddam Basalamah, Eddy Lagos, Marlina Ali, Ode Sendranto","DCU Production, Rumah Semut Film",,,,,False,original,,,,,,,unknown,2.0,7549.5,mid_or_indie,,,,
id_guru_guru_gokil_2020,Guru-Guru Gokil,2020,2020-08-17,agustus,Q3,kemerdekaan,"Drama, Komedi, Laga",Sammaria Simanjuntak,"Gading Marten, Dian Sastrowardoyo, Faradina Mufti, Boris Bokir, Kevin Ardilova, Shakira Jasmine",BASE Entertainment,Netflix,,,,False,original,,,,,,,unknown,,,major_studio,,,,
id_mudik_2020,Mudik,2020,2020-08-28,agustus,Q3,kemerdekaan,Drama,Adriyanto Dewo,"Asmara Abigail, Putri Ayudya, Ibnu Jamil, Yoga Pratama",Lifelike Pictures,Mola TV,,,,False,original,,,,,,,unknown,1.0,149568.0,mid_or_indie,,,,
id_sabar_ini_ujian_2020,Sabar Ini Ujian,2020,2020-09-05,september,Q3,reguler,"Drama, Komedi, Fantasi",Anggy Umbara,"Vino G. Bastian, Luna Maya, Omesh, Estelle Linden, Anya Geraldine, Rigen Rakelna, Ananta Rispo, Adi Kurdi",MD Pictures,Disney+ Hotstar,,,,False,original,,,,,,,unknown,12.0,964791.25,major_studio,,,,
id_rentang_kisah_2020,Rentang Kisah,2020,2020-09-11,september,Q3,reguler,"Drama, Percintaan",Danial Rifki,"Beby Tsabina, Bio One, Junior Roberts, Cut Mini, Donny Damara, Ciara Nadine",Falcon Pictures,Disney+ Hotstar,,,,False,adaptation,,,,,,,unknown,4.0,92239.75,major_studio,,,,
id_benyamin_biang_kerok_2_2020,Benyamin Biang Kerok 2,2020,2020-09-15,september,Q3,reguler,Komedi,Hanung Bramantyo,"Reza Rahadian, Rano Karno, Delia Husein, Meriam Bellina, Adjis Doaibu, Aci Resti, Komar, Lydia Kandou",Falcon Pictures,Disney+ Hotstar,,,,True,sequel_or_franchise,,,,,,,unknown,12.0,1291592.3333333333,major_studio,,,,
id_bucin_2020,Bucin,2020,2020-09-18,september,Q3,reguler,"Drama, Komedi",Chandra Liow,"Andovi Da Lopez, Jovial Da Lopez,Tommy Limmm, Chandra Liow, Susan Sameh, Karina Salim, Kezia Aletheia",Rapi Films,Netflix,,,,False,original,,,,,,,unknown,,,major_studio,,,,
id_warkop_dki_reborn_4_2020,Warkop DKI Reborn 4,2020,2020-09-25,september,Q3,reguler,Komedi,Rako Prijanto,"Aliando Syarief, Adipati Dolken, Randy Danistha, Indro Warkop, Salshabilla Adriani, Mandra, Ganindra Bimo, Aurora Ribero, Dewa Dayana",Falcon Pictures,Disney+ Hotstar,,,,True,sequel_or_franchise,,,,,,,unknown,7.0,225236.57142857142,major_studio,,,,
id_bidadari_mencari_sayap_2020,Bidadari Mencari Sayap,2020,2020-10-02,oktober,Q4,reguler,Drama,Aria Kusumadewa,"Leony Vitria Hartanti, Rizky Hanggono, Nano Riantiarno, Irwan Chandra, Djenar Maesa Ayu, Jenny Zhang, Deddy Mizwar",Citra Sinema,Disney+ Hotstar,,,,False,original,,,,,,,unknown,1.0,5742.0,mid_or_indie,,,,
id_malik_elsa_2020,Malik & Elsa,2020,2020-10-09,oktober,Q4,reguler,"Drama, Percintaan",Eddy Prasetya,"Endy Arfian, Salshabilla Adriani",Max Pictures,Disney+ Hotstar,,,,False,original,,,,,,,unknown,,,mid_or_indie,,,,
id_seperti_hujan_yang_jatuh_ke_bumi_2020,Seperti Hujan yang Jatuh ke Bumi,2020,2020-10-15,oktober,Q4,reguler,"Drama, Percintaan",Lasja F. Susatyo,"Aurora Ribero, Jefri Nichol, Axel Matthew Thomas, Nadya Arina, Rebecca Klopper","IFI Sinema, Screenplay Films",Netflix,,,,False,original,,,,,,,unknown,,,major_studio,,,,
id_pelukis_hantu_2020,Pelukis Hantu,2020,2020-10-16,oktober,Q4,reguler,"Horor, Komedi",Arie Kriting,"Ge Pamungkas, Michelle Ziudith, Abdur Arsyad, Jenny Zhang, Rebecca Klopper, Aida Nurmala, Hifdzi Khoir",MD Pictures,Disney+ Hotstar,,,,False,original,,,,,,,unknown,,,major_studio,,,,
id_sejuta_sayang_untuknya_2020,Sejuta Sayang Untuknya,2020,2020-10-23,oktober,Q4,reguler,Drama,Herwin Novianto,"Syifa Hadju, Deddy Mizwar, Umay Shahab",Citra Sinema,Disney+ Hotstar,,,,False,original,,,,,,,unknown,8.0,1167316.125,mid_or_indie,,,,
id_story_of_kale_when_someone_s_in_love_2020,Story of Kale: When Someone's in Love,2020,2020-10-23,oktober,Q4,reguler,Drama,Angga Dwimas Sasongko,"Ardhito Pramono, Aurélie Moeremans, Arya Saloka, Tanta Ginting, Roy Sungkono",Visinema Pictures,Bioskop Online,,,,False,original,,,,,,,unknown,6.0,1110135.8333333333,major_studio,,,,
id_denting_kematian_2020,Denting Kematian,2020,2020-10-30,oktober,Q4,reguler,Horor,Rudi Soedjarwo,"Brisia Jodie, Rangga Azof, Sandrina Azzahra, Mathias Muchus, Sruti Respati, Irgy Fahrezy, Ayu Dyah Pasha",RA Pictures,Disney+ Hotstar,,,,False,original,,,,,,,unknown,4.0,749244.0,mid_or_indie,,,,
id_nona_2020,Nona,2020,2020-11-06,november,Q4,reguler,Drama,Anggi Frisca,"Nadya Arina, Augie Fantinus, Tio Pakusadewo, Unique Priscilla, Rangga Nattra, Nadine Chandrawinata, Medina Kamil",Aksa Bumi Langit,Disney+ Hotstar,,,,False,original,,,,,,,unknown,2.0,36733.5,mid_or_indie,,,,
id_di_bawah_umur_2020,Di Bawah Umur,2020,2020-11-13,november,Q4,reguler,"Drama, Young-adult",Emil Heradi,"Angga Yunanda, Yoriko Angeline, Shenina Cinnamon, Amel Carla, Ramzi, Surya Saputra, Niniek L. Karim, Naufal Samudra","ScreenMedia Films, MD Pictures",Disney+ Hotstar,,,,False,original,,,,,,,unknown,2.0,68637.5,major_studio,,,,
id_once_upon_a_time_in_indonesia_2020,Once Upon a Time in Indonesia,2020,2020-11-20,november,Q4,reguler,Aksi,Asun Mawardi,"Franki Darmawan, Tigor, Erwin St Bagindo, Ryan Karsten, Ryana Dea, Joshua Pandelaki, Maria Theresia, Rendy Septino","RA Pictures, Creative Motion Pictures",Disney+ Hotstar,,,,False,original,,,,,,,unknown,,,mid_or_indie,,,,
id_satu_jiwa_untuk_indonesia_darah_biru_arema_2_2020,Satu Jiwa untuk Indonesia: Darah Biru Arema 2,2020,2020-11-26,november,Q4,reguler,"Drama, Komedi",Taufan Agustyan,"Mohammad Aminudin, Rafiqi Akbar Wakid, Moh Tegar Saputra, Jabal Nur Fathi, Ananda Anggun Lestari",Paradise Picture,,,,,True,sequel_or_franchise,,,,,,,unknown,,,mid_or_indie,,,,
id_100_halal_2020,100% Halal,2020,2020-12-01,desember,Q4,libur_akhir_tahun,Drama,Jastis Arimba,"Anisa Rahma, Anandito Dwis, Ariyo Wahab, Kinaryosih",MVP Pictures,Nonton.com,,,,False,original,,,,,,,unknown,5.0,55558.8,mid_or_indie,,,,
id_kemarin_2020,Kemarin,2020,2020-12-03,desember,Q4,libur_akhir_tahun,Dokumenter,Upie Guava,,Mahakarya Pictures,,,,,False,original,,,,,,,unknown,1.0,232124.0,mid_or_indie,,,,
id_arwah_tumbal_nyai_part_tumbal_2020,Arwah Tumbal Nyai: Part Tumbal,2020,2020-12-03,desember,Q4,libur_akhir_tahun,Horor,Arie Azis,"Dewi Perssik, Zaskia Gotik, Ayu Ting Ting, Evan Sanders, Yama Carlos",RA Pictures,Disney+ Hotstar,,,,True,sequel_or_franchise,,,,,,,unknown,2.0,134170.0,mid_or_indie,,,,
id_hiruk_pikuk_si_al_kisah_2020,Hiruk-Pikuk si Al-Kisah,2020,2020-12-10,desember,Q4,libur_akhir_tahun,Drama,Yosep Anggi Noen,"Gunawan Maryanto, Ecky Lamoh, Yudi Ahmad Tajudin, Alex Suhendra, Lukman Sardi","Kawankawan Media, Angka Fortuna Sinema, Limaenam Films",,,,,False,adaptation,,,,,,,unknown,,,mid_or_indie,,,,
id_quarantine_tales_2020,Quarantine Tales,2020,2020-12-18,desember,Q4,libur_akhir_tahun,"Drama, Komedi","Dian Sastrowardoyo, Ifa Isfansyah, Jason Iskandar, Aco Tenri, Sidharta Tata","Adinia Wirasti, Marissa Anita, Faradina Mufti, Teuku Rifnu Wikana, Verdi Solaiman, Roy Sungkono, Abdurrahman Arif",BASE Entertainment,Bioskop Online,,,,False,original,,,,,,,unknown,,,major_studio,,,,
id_generasi_90an_melankolia_2020,Generasi 90an: Melankolia,2020,2020-12-24,desember,Q4,libur_akhir_tahun,Drama,M. Irfan Ramli,"Ari Irham, Aghniny Haque, Taskya Namya, Jennifer Coppen, Wafda Saifan","Visinema Pictures, TMF Films",Netflix,,,,False,original,,,,,,,unknown,,,major_studio,,,,
id_milea_suara_dari_dilan_extended_2020,Milea: Suara dari Dilan (Extended),2020,2020-12-31,desember,Q4,libur_akhir_tahun,"Drama, Percintaan","Fajar Bustomi, Pidi Baiq","Iqbaal Ramadhan, Vanesha Prescilla",Max Pictures,KlikFilm,,,,True,sequel_or_franchise,,,,,,,unknown,2.0,1836338.0,mid_or_indie,,,,
id_tarung_sarung_2020,Tarung Sarung,2020,2020-12-31,desember,Q4,libur_akhir_tahun,"Drama, Aksi",Archie Hekagery,"Panji Zoni, Maizura, Yayan Ruhian, Cemal Faruk",Starvision Plus,Netflix,,,,False,original,,,,,,,unknown,3.0,222676.0,major_studio,,,,
id_teachers_2021,Teachers,2021,2021-01-08,januari,Q1,reguler,"Aksi, Komedi",Sarjono Sutrisno,"Yova Gracia, Estelle Linden, Epy Kusnandar, Helfi Kardit, Tarzan, Rizky Mocil","SAS Films, Skylar Pictures, STRO",STRO,SU,,,False,original,,,,,,,unknown,,,mid_or_indie,,,,
id_sobat_ambyar_2021,Sobat Ambyar,2021,2021-01-14,januari,Q1,reguler,"Drama, Komedi","Charles Gozali, Bagus Bramanti","Didi Kempot, Bhisma Mulia, Denira Wiraguna, Sisca JKT48, Asri Welas, Erick Estrada, Mo Sidik","Magma Entertainment, Ideosource Entertainment, Paragon Pictures, Rapi Films",Netflix,13+,,,False,original,,,,,,,unknown,,,major_studio,,,,
id_yang_tak_tergantikan_2021,Yang Tak Tergantikan,2021,2021-01-15,januari,Q1,reguler,Drama,Herwin Novianto,"Lulu Tobing, Dewa Dayana, Yasamin Jasem, Maisha Kanna",Falcon Pictures,Disney+ Hotstar,17+,,,False,original,,,,,,,unknown,8.0,1167316.125,major_studio,,,,
id_affliction_2021,Affliction,2021,2021-01-21,januari,Q1,reguler,"Horor, Cerita seru",Teddy Soeriaatmadja,"Raihaanun, Tutie Kirana, Ibnu Jamil, Dea Panendra","Karuna Pictures, Roemah Rumah Films",Netflix,17+,,,False,original,,,,,,,unknown,3.0,395552.6666666667,mid_or_indie,,,,
id_nikah_duluan_2021,Nikah Duluan,2021,2021-01-21,januari,Q1,reguler,Drama,Danial Rifki,"Kenny Austin, Tissa Biani, Dhea Annisa, Della Dartyan, Tengku Resi Revado, Sidik Eduard",MNC Pictures,RCTI+,13+,,,False,original,,,,,,,unknown,4.0,92239.75,mid_or_indie,,,,
id_incredible_love_2021,Incredible Love,2021,2021-01-22,januari,Q1,reguler,Drama,Girry Pratama,"Ajun Perwira, Ira Wibowo, Roy Marten, Irsyadillah, Angelica Simperler, Rani Ramadhany","Lingkar Pictures, Open Door Films",Disney+ Hotstar,13+,,,False,original,,,,,,,unknown,2.0,65366.5,mid_or_indie,,,,
id_life_is_butterfly_and_the_bubbles_2021,Life is Butterfly and the Bubbles,2021,2021-01-23,januari,Q1,reguler,Drama,Beby Hasibuan,"Anneke Jodi, Slamet Rahardjo, Nungki Kusumastuti, Teuku Wisnu, Ratna Riantiarno, Toddy Zilla",STRO Original,STRO,13+,,,False,original,,,,,,,unknown,,,mid_or_indie,,,,
id_june_kopi_2021,June & Kopi,2021,2021-01-28,januari,Q1,reguler,"Drama, Keluarga",Noviandra Santosa,"Acha Septriasa, Ryan Delon, Makayla Rose",Aurora Films,Netflix,SU,,,False,original,,,,,,,unknown,,,mid_or_indie,,,,
id_agen_dunia_2021,Agen Dunia,2021,2021-02-05,februari,Q1,reguler,"Drama, Komedi",Herwin Novianto,"Baim Wong, Onadio Leonardo, Clara Bernadeth",Falcon Pictures,Disney+ Hotstar,13+,,,False,original,,,,,,,unknown,8.0,1167316.125,major_studio,,,,
id_layla_majnun_2021,Layla Majnun,2021,2021-02-11,februari,Q1,reguler,"Drama, Roman",Monty Tiwa,"Acha Septriasa, Reza Rahadian, Baim Wong, Dian Nitami, Beby Tsabina",Starvision Plus,Netflix,13+,,,False,original,,,,,,,unknown,7.0,334049.28571428574,major_studio,,,,
id_berhentidikamu_2021,#BerhentiDiKamu,2021,2021-02-12,februari,Q1,reguler,"Drama, Roman",Indra Gunawan,"Roger Danuarta, Cut Meyriska, Salshabilla Adriani, Roy Marten, Wanda Hamidah","Max Pictures, Mizan Productions",Disney+ Hotstar,13+,,,False,original,,,,,,,unknown,11.0,227966.54545454544,mid_or_indie,,,,
id_hujan_di_balik_jendela_2021,Hujan di Balik Jendela,2021,2021-02-13,februari,Q1,reguler,Drama,Dyan Sunu Prastowo,"Bio One, Yasamin Jasem, Clara Bernadeth","KlikFilm Productions, Canary Studios, Limelight Pictures",KlikFilm,13+,,,False,original,,,,,,,unknown,8.0,54784.0,mid_or_indie,,,,
id_tentang_rindu_2021,Tentang Rindu,2021,2021-02-13,februari,Q1,reguler,Drama,Dyan Sunu Prastowo,"Aurora Ribero, Omar Daniel","KlikFilm Productions, Canary Studios, Limelight Pictures",KlikFilm,13+,,,False,original,,,,,,,unknown,8.0,54784.0,mid_or_indie,,,,
id_4_sekawan_sebelum_dunia_terbalik_2021,4 Sekawan Sebelum Dunia Terbalik,2021,2021-02-14,februari,Q1,reguler,Drama,Iip Sariful Hanan,"Arbani Yasiz, Qausar Harta, Mahdy Reza, Bhisma Mulia",MNC Pictures,RCTI+,13+,,,True,sequel_or_franchise,,,,,,,unknown,1.0,67137.0,mid_or_indie,,,,
id_geez_ann_2021,Geez & Ann,2021,2021-02-25,februari,Q1,reguler,"Drama, Roman, Remaja",Rizki Balki,"Junior Roberts, Hanggini Purinda Retto, Roy Sungkono, Shenina Cinnamon",MVP Pictures,Netflix,13+,,,False,original,,,,,,,unknown,2.0,9540.5,mid_or_indie,,,,
id_persahabatan_bagai_kepompong_2021,Persahabatan Bagai Kepompong,2021,2021-02-26,februari,Q1,reguler,"Drama, Remaja",Sentot Sahid,"Yasmin Napper, Bio One, Cut Beby Tsabina, Shanice Margaretha, Thalita Putri, Jihan Safira, Fatih Unru","Max Pictures, Frame Ritz Pictures",Disney+ Hotstar,13+,,,False,original,,,,,,,unknown,,,mid_or_indie,,,,
id_the_secret_2_mystery_of_villa_666_2021,The Secret 2: Mystery of Villa 666,2021,2021-03-05,maret,Q1,reguler,Horor,Bambang Drias,"Dara The Virgin, Aliyah Faizah, Metta Permadi, Laura Theux",RA Pictures,Disney+ Hotstar,13+,,,True,sequel_or_franchise,,,,,,,unknown,5.0,197190.0,mid_or_indie,,,,
id_tersanjung_the_movie_2021,Tersanjung the Movie,2021,2021-04-01,april,Q2,reguler,Drama,Hanung Bramantyo,"Clara Bernadeth, Giorgino Abraham, Kevin Ardilova, Nugie","MVP Pictures, Dapur Film",Netflix,13+,,,False,original,,,,,,,unknown,12.0,1291592.3333333333,mid_or_indie,,,,
id_sampai_jadi_debu_2021,Sampai Jadi Debu,2021,2021-04-08,april,Q2,reguler,Drama,Eman Pradipta,"Cut Mini Theo, Wafda Saifan, Yasamin Jasem, Eduwart Manalu, Ully Triani","KlikFilm Productions, Canary Studios, RK23 Pictures",KlikFilm,13+,,,False,original,,,,,,,unknown,,,mid_or_indie,,,,
id_karena_kamu_cuma_satu_2021,Karena Kamu Cuma Satu,2021,2021-04-08,april,Q2,reguler,Drama,Indra Gunawan,"Kevin Ardilova, Ayushita, Joe Project P, Asrul Dahlan",KlikFilm Productions,KlikFilm,13+,,,False,original,,,,,,,unknown,11.0,227966.54545454544,mid_or_indie,,,,
id_ghostbuser_misteri_desa_penari_2021,Ghostbuser: Misteri Desa Penari,2021,2021-04-09,april,Q2,reguler,"Horor, Komedi","Girry Pratama, Tora Sudiro","Tora Sudiro, Wulan Guritno, Gary Iskak, Opi Bachtiar, Annette Edoarda","Lingkar Film, Open Door Films",Disney+ Hotstar,13+,,,False,original,,,,,,,unknown,,,mid_or_indie,,,,
id_surga_yang_tak_dirindukan_3_2021,Surga yang Tak Dirindukan 3,2021,2021-04-16,april,Q2,reguler,Drama,Pritagita Arianegara,"Fedi Nuril, Marsha Timothy, Reza Rahadian",MD Pictures,Disney+ Hotstar,13+,,,True,sequel_or_franchise,,,,,,,unknown,4.0,53091.75,major_studio,,,,
id_kalo_gak_ada_ramadhan_terbatas_2021,Kalo Gak Ada Ramadhan (terbatas),2021,2021-04-18,april,Q2,reguler,"Drama, Omnibus",Umank Ady,"Dallas Pratama, Arief Didu, Muzakki Ramdhan, Annette Edoarda, Rendy Herpy","D'Kandang Amazing Farm, Size Entertainment, Bedadsinema Pictures",Studio D'Kandang Amazing Farm,13+,,,False,original,,,,,,,unknown,,,mid_or_indie,,,,
id_sisterlillah_the_movie_2021,Sisterlillah the Movie,2021,2021-04-19,april,Q2,reguler,Drama,Adis Kayl Yurahmah,"Oki Setiana Dewi, Shindy Putri, Ria Ricis",Teladan Cinema,Muflix,13+,,,False,original,,,,,,,unknown,2.0,6114.0,mid_or_indie,,,,
id_adit_sopo_jarwo_the_movie_2021,Adit Sopo Jarwo: The Movie,2021,2021-04-30,april,Q2,reguler,"Animasi, Drama","Hanung Bramantyo, Eki N.F","Muzakki Ramdhan, Hanung Bramantyo, Musripah Matsuri, Dharmawan, Ery Makmur, Surawijaya","MD Pictures, MD Animation",Disney+ Hotstar,SU,,,False,original,,,,,,,unknown,,,major_studio,,,,
id_wedding_proposal_2021,Wedding Proposal,2021,2021-05-07,mei,Q2,reguler,Drama,Emil Heradi,"Dimas Anggara, Sheryl Sheinafia, Slamet Rahardjo, Dewi Irawan, Arya Saloka","Screenmedia Films, MD Pictures",Disney+ Hotstar,13+,,,False,original,,,,,,,unknown,2.0,68637.5,major_studio,,,,
id_hari_yang_dijanjikan_2021,Hari yang Dijanjikan,2021,2021-05-12,mei,Q2,reguler,Drama,Fajar Bustomi,"Vino G. Bastian, Agla Artalidia, Alfie Alfandy, Ence Bagus, Kemal Palevi",KlikFilm Productions,KlikFilm,13+,,,False,original,,,,,,,unknown,10.0,379210.4,mid_or_indie,,,,
id_7_purnama_di_satu_syawal_terbatas_2021,7 Purnama di Satu Syawal (terbatas),2021,2021-05-15,mei,Q2,reguler,"Drama, Religi",Bramferino,"Puput Marshanda, Rivanka Alvando, Trisna Anggraini, Amin Alfikri",Afici Entertainment,,,,,False,original,,,,,,,unknown,,,mid_or_indie,,,,
id_tjoet_nja_dhien_versi_restorasi_terbatas_2021,Tjoet Nja' Dhien - versi restorasi (terbatas),2021,2021-05-20,mei,Q2,reguler,"Drama, Aksi, Sejarah",Eros Djarot,"Christine Hakim, Slamet Rahardjo, Hendra Yanuarti",PT Kanta Indah Film,,,,,False,original,,,,,,,unknown,,,mid_or_indie,,,,
id_till_death_do_us_part_2021,Till Death Do Us Part,2021,2021-05-28,mei,Q2,reguler,"Drama, Aksi",Anggy Umbara,"Rizky Nazar, Syifa Hadju, Verdi Solaiman, Arief Didu, Andri Mashadi","MD Pictures, Umbara Brothers Film",Disney+ Hotstar,13+,,,True,sequel_or_franchise,,,,,,,unknown,12.0,964791.25,major_studio,,,,
id_anak_basket_2021,Anak Basket,2021,2021-05-29,mei,Q2,reguler,Drama,Rully Manna,"Yoriko Angeline, Randy Martin, Anrez Putra Adelio",MNC Pictures,RCTI+,13+,,,False,original,,,,,,,unknown,1.0,7006.0,mid_or_indie,,,,
id_persepsi_2021,Persepsi,2021,2021-06-11,juni,Q2,libur_sekolah,"Drama, Horor",Renaldo Samsara,"Irwansyah, Nadine Alexandra, Nino Fernandez, Hannah Al Rashid, Arifin Putra, Nana Mirdad, Cornelio Sunny","Elior Pictures, R1 Pictures",Bioskop Online,17+,,,False,original,,,,,,,unknown,1.0,5840.0,mid_or_indie,,,,
id_gelora_magnumentary_saparua_2021,Gelora Magnumentary: Saparua,2021,2021-06-15,juni,Q2,libur_sekolah,"Dokumenter, Musik","Alvin Yunata, Edy Kemot","Sam Bimbo, Arian13, Dadan Ketu, Eben, Suar, Ida Rusmadi",Rich Music,"Situs web Rich Music, Extreme Moshpit, Vidio, Loket, dan Rock Nation",,,,False,original,,,,,,,unknown,,,mid_or_indie,,,,
id_ali_ratu_ratu_queens_2021,Ali & Ratu Ratu Queens,2021,2021-06-17,juni,Q2,libur_sekolah,"Drama, Komedi",Lucky Kuswandi,"Iqbaal Ramadhan, Asri Welas, Nirina Zubir, Tika Panggabean, Happy Salma",Palari Films,Netflix,13+,,,False,original,,,,,,,unknown,,,mid_or_indie,,,,
id_devil_on_top_2021,Devil on Top,2021,2021-06-25,juni,Q2,libur_sekolah,"Drama, Komedi",Anggy Umbara,"Angga Yunanda, Cinta Laura, Kenny Austin, Lolox, Joshua Suherman","MD Pictures, Umbara Brothers Film",Disney+ Hotstar,13+,,,False,original,,,,,,,unknown,12.0,964791.25,major_studio,,,,
id_rompis_tentang_sahabat_2021,Rompis tentang Sahabat,2021,2021-06-26,juni,Q2,libur_sekolah,Drama,Rudi Aryanto,"Arbani Yasiz, Umay Shahab, Ersya Aurelia, Debo Andryos",MNC Pictures,RCTI+,13+,,,False,original,,,,,,,unknown,,,mid_or_indie,,,,
id_a_perfect_fit_2021,A Perfect Fit,2021,2021-07-15,juli,Q3,libur_sekolah,Drama,Hadrah Daeng Ratu,"Nadya Arina, Refal Hady, Giorgino Abraham, Laura Theux, Anggika Bölsterli","Starvision Plus, Netflix Indonesia",Netflix,13+,,,False,original,,,,,,,unknown,13.0,1183652.5384615385,major_studio,,,,
id_i_2021,I,2021,2021-07-16,juli,Q3,libur_sekolah,"Drama, Thriller",Anggy Umbara,"Amanda Rigby, Omar Daniel, Onadio Leonardo","KlikFilm Productions, Umbara Brothers Film, Canary Studios",KlikFilm,17+,,,False,original,,,,,,,unknown,12.0,964791.25,mid_or_indie,,,,
id_will_2021,Will,2021,2021-07-16,juli,Q3,libur_sekolah,"Drama, Thriller",Anggy Umbara,"Morgan Oey, Anggika Bölsterli","KlikFilm Productions, Umbara Brothers Film, Canary Studios",KlikFilm,13+,,,False,original,,,,,,,unknown,12.0,964791.25,mid_or_indie,,,,
id_survive_2021,Survive,2021,2021-07-16,juli,Q3,libur_sekolah,"Drama, Thriller",Anggy Umbara,"Anggika Bölsterli, Amanda Rigby, Onadio Leonardo, Cindy Nirmala, Teuku Rifnu Wikana","KlikFilm Productions, Umbara Brothers Film, Canary Studios",KlikFilm,21+,,,False,original,,,,,,,unknown,12.0,964791.25,mid_or_indie,,,,
id_ghibah_2021,Ghibah,2021,2021-07-30,juli,Q3,libur_sekolah,Horor,Monty Tiwa,"Anggika Bölsterli, Verrel Bramasta, Zsa Zsa Utari, Arafah Rianti, Opie Kumis, Asri Welas","Blue Water Films, Dee Company",Disney+ Hotstar,17+,,,False,original,,,,,,,unknown,7.0,334049.28571428574,major_studio,,,,
id_serigala_langit_2021,Serigala Langit,2021,2021-08-10,agustus,Q3,kemerdekaan,"Drama, Aksi",Reka Wijaya,"Deva Mahenra, Yoshi Sudarso, Bunga Jelitha, Anya Geraldine","E-Motion Entertainment, TNI AU",MAXstream,13+,,,False,original,,,,,,,unknown,4.0,268296.5,mid_or_indie,,,,
id_selesai_terbatas_2021,Selesai (terbatas),2021,2021-08-13,agustus,Q3,kemerdekaan,Drama,Tompi,"Gading Marten, Ariel Tatum, Anya Geraldine",Beyoutiful Pictures,Bioskop Online,17+,,,False,original,,,,,,,unknown,,,mid_or_indie,,,,
id_balada_sepasang_kekasih_gila_2021,Balada Sepasang Kekasih Gila,2021,2021-08-20,agustus,Q3,kemerdekaan,Drama,Anggy Umbara,"Sara Fajira, Denny Sumargo","KlikFilm Productions, Umbara Brothers Film, Canary Studios",KlikFilm,17+,,,False,original,,,,,,,unknown,12.0,964791.25,mid_or_indie,,,,
id_marriage_2021,Marriage,2021,2021-08-20,agustus,Q3,kemerdekaan,Drama,Danial Rifki,"Anastasia Herzigova, Ge Pamungkas",KlikFilm Productions,KlikFilm,13+,,,False,original,,,,,,,unknown,4.0,92239.75,mid_or_indie,,,,
id_pesan_di_balik_awan_2021,Pesan di Balik Awan,2021,2021-08-20,agustus,Q3,kemerdekaan,Drama,Dyan Sunu Prastowo,"Hanggini Purinda Retto, Refal Hady","KlikFilm Productions, Limelight Pictures, Canary Studios",KlikFilm,13+,,,False,original,,,,,,,unknown,8.0,54784.0,mid_or_indie,,,,
id_notebook_2021,Notebook,2021,2021-08-27,agustus,Q3,kemerdekaan,Drama,Karsono Hadi,"Dimas Anggara, Amanda Rawles, Ira Wibowo, Tanta Ginting",Screenmedia Films,Disney+ Hotstar,13+,,,False,original,,,,,,,unknown,1.0,18520.0,mid_or_indie,,,,
id_sin_extended_version_2021,Sin – Extended Version,2021,2021-09-03,september,Q3,reguler,"Drama, Roman, Remaja",Herwin Novianto,"Mawar Eva de Jongh, Bryan Domani, Jerome Kurnia, Carmela van der Kruk",Falcon Pictures,KlikFilm,13+,,,False,original,,,,,,,unknown,8.0,1167316.125,major_studio,,,,
id_kau_dia_2021,Kau & Dia,2021,2021-09-14,september,Q3,reguler,"Drama, Remaja",Ivan Bandhito,"Anneth Delliecia, Zara Leola, Ari Irham, Bima Azriel","Volks Creative, Trinity Optima Production, BC Entertainment",MAXstream,13+,,,False,original,,,,,,,unknown,2.0,70866.0,mid_or_indie,,,,
id_the_watcher_2021,The Watcher,2021,2021-09-24,september,Q3,reguler,"Drama, Cerita seru, Komedi",Anggy Umbara,"Angga Aldi Yunanda, Caitlin Halderman, Teuku Ryzki, Yudha Keling","MD Pictures, Umbara Brothers Film",Disney+ Hotstar,13+,,,False,original,,,,,,,unknown,12.0,964791.25,major_studio,,,,
id_aum_2021,Aum!,2021,2021-09-30,september,Q3,reguler,"Biopik, Petualangan","Bambang ""Ipoenk"" Kuntara Mukti","Jefri Nichol, Chicco Jerikho, Aksara Dena, Agnes Natasya Tjie",Lajar Tantjap Film,Bioskop Online,17+,,,False,original,,,,,,,unknown,,,mid_or_indie,,,,
id_zerre_pendekar_ufuk_timur_2021,Zerre: Pendekar Ufuk Timur,2021,2021-10-07,oktober,Q4,reguler,"Drama, Aksi",R. Jiwo Kusumo,"Yudas Alep Itlay, Aditya Zoni, Aisyah Aqilah, Verdi Solaiman",Kalchakra Multi Sinema,,13+,,,False,original,,,,,,,unknown,1.0,11282.0,mid_or_indie,,,,
id_aku_lupa_aku_luka_2021,Aku Lupa Aku Luka,2021,2021-10-08,oktober,Q4,reguler,Horor,Dyan Sunu Prastowo,"Salshabilla Adriani, Junior Roberts, Dewa Dayana, Jerome Kurnia","KlikFilm Productions, Limelight Pictures, Canary Studios",KlikFilm,13+,,,False,original,,,,,,,unknown,8.0,54784.0,mid_or_indie,,,,
id_hompimpa_2021,Hompimpa,2021,2021-10-08,oktober,Q4,reguler,Horor,Arie Azis,"Kenny Austin, Zoe Jackson, Sebryan Yosvien, Sonia Alexa, Yuriska Patricia","KlikFilm Productions, Aurora Films, Canary Studios",KlikFilm,17+,,,False,original,,,,,,,unknown,2.0,134170.0,mid_or_indie,,,,
id_kabut_2021,Kabut,2021,2021-10-08,oktober,Q4,reguler,Horor,Indra Gunawan,"Kevin Ardilova, Sara Fajira, Alfie Alfandy, Asrul Dahlan",KlikFilm Productions,KlikFilm,13+,,,False,original,,,,,,,unknown,11.0,227966.54545454544,mid_or_indie,,,,
id_eyang_putri_2021,Eyang Putri,2021,2021-10-08,oktober,Q4,reguler,"Horor, Misteri",Bobby Prasetyo,"Marini Soerjosoemarno, Sheila Dara Aisha, Miller Khan, Shaquilla Nugraha",Banda Tera Studio,MAXstream,13+,,,False,original,,,,,,,unknown,9.0,814871.3333333334,mid_or_indie,,,,
id_a_world_without_2021,A World Without,2021,2021-10-14,oktober,Q4,reguler,"Drama, Cerita seru, Misteri",Nia Dinata,"Chicco Jerikho, Ayushita, Asmara Abigail, Maizura, Amanda Rawles","Kalyana Shira Films, Netflix Indonesia",Netflix,17+,,,False,original,,,,,,,unknown,,,mid_or_indie,,,,
id_bangka_i_m_in_love_terbatas_2021,Bangka I'm in Love (terbatas),2021,2021-10-23,oktober,Q4,reguler,Drama,Fandy Achmad,"Beyonz Richie, Boma Tanjung, Nafis Maria Kezia, Leota Anabel",Fershindo Putra Pertama,,13+,,,False,original,,,,,,,unknown,,,mid_or_indie,,,,
id_mimpi_pati_di_ujung_selatan_terbatas_2021,Mimpi Pati di Ujung Selatan (terbatas),2021,2021-10-23,oktober,Q4,reguler,Drama,Bram Ferino,"Andika Nugraha, Sephia Amanda, Eggie Frestisio, Budi Semprul",Afici Entertainment,,13+,,,False,original,,,,,,,unknown,5.0,13369.0,mid_or_indie,,,,
id_story_of_dinda_second_chance_of_happiness_2021,Story of Dinda: Second Chance of Happiness,2021,2021-10-29,oktober,Q4,reguler,Drama,Ginanti Rona,"Abimana Aryasatya, Aurelie Moeremans, Ardhito Pramono",Visinema Content,Bioskop Online,17+,,,False,original,,,,,,,unknown,5.0,486507.2,major_studio,,,,
id_senzano_savana_2021,Senzano Savana,2021,2021-11-12,november,Q4,reguler,"Drama, Aksi",Rako Prijanto,"Adipati Dolken, Baby Jovanca, Revaldo",Falcon Pictures,KlikFilm,17+,,,False,original,,,,,,,unknown,7.0,225236.57142857142,major_studio,,,,
id_love_of_fate_2021,Love of Fate,2021,2021-11-19,november,Q4,reguler,Drama,Eddy Prasetya,"Febby Rastanty, Pradikta Wicaksono, Aksara Dena",KlikFilm Productions,KlikFilm,13+,,,False,original,,,,,,,unknown,,,mid_or_indie,,,,
id_langit_kala_senja_2021,Langit Kala Senja,2021,2021-11-26,november,Q4,reguler,Drama,Dyan Sunu Prastowo,"Refal Hady, Mikha Tambayong, Omar Daniel, Hana Malasan","KlikFilm Productions, Canary Studios, Limelight Pictures",KlikFilm,17+,,,False,original,,,,,,,unknown,8.0,54784.0,mid_or_indie,,,,
id_one_night_stand_2021,One Night Stand,2021,2021-11-26,november,Q4,reguler,"Drama, Roman",Adriyanto Dewo,"Jourdy Pranata, Putri Marino, Elang El Gibran, Agnes Naomi",Relate Films,Bioskop Online,17+,,,False,original,,,,,,,unknown,1.0,149568.0,mid_or_indie,,,,
id_love_knots_2021,Love Knots,2021,2021-11-29,november,Q4,reguler,"Drama, Remaja",Anika Marani,"Rizky Nazar, Beby Tsabina, Vladimir Rama, Brisia Jodie",Inspire Production,Tiket.com,13+,,,False,original,,,,,,,unknown,,,mid_or_indie,,,,
id_knk_santa_claus_dari_jakarta_2021,KNK: Santa Claus dari Jakarta?,2021,2021-12-10,desember,Q4,libur_akhir_tahun,"Drama, Komedi, Religi",Jay Sukmo,"Dirly, Deven Christiandi Putra, Aurelie Moeremans, Anneth Delliecia Nasution","PIM Pictures, Reiner Rahardja Group",MAXstream,SU,,,False,original,,,,,,,unknown,3.0,74246.66666666667,mid_or_indie,,,,
id_menunggu_bunda_2021,Menunggu Bunda,2021,2021-12-17,desember,Q4,libur_akhir_tahun,Drama,Richard Oh,"Adinda Thomas, Donny Damara, Putri Ayudya, Rey Mbayang, Steffi Zamora","KlikFilm Productions, Merpati Film",KlikFilm,13+,,,False,original,,,,,,,unknown,,,mid_or_indie,,,,
id_eyang_ti_2021,Eyang Ti,2021,2021-12-17,desember,Q4,libur_akhir_tahun,Drama,Herwin Novianto,"Beby Tsabina, Irgy Ahmad Fahrezy, Widyawati",KlikFilm Productions,KlikFilm,13+,,,False,original,,,,,,,unknown,8.0,1167316.125,mid_or_indie,,,,
id_kapan_pindah_rumah_2021,Kapan Pindah Rumah,2021,2021-12-17,desember,Q4,libur_akhir_tahun,Drama,Herwin Novianto,"Cut Mini, Clara Bernadeth, Mahalini Raharja, Indro Warkop",KlikFilm Productions,KlikFilm,13+,,,False,original,,,,,,,unknown,8.0,1167316.125,mid_or_indie,,,,
id_cinta_tidak_selamanya_2021,Cinta Tidak Selamanya,2021,2021-12-25,desember,Q4,libur_akhir_tahun,Drama,Rievy Indriasari,"Ina Marika, Shandy William, Hersas Sasmita","Indibox Original, Bahagia Pasti",Indibox,,,,False,original,,,,,,,unknown,,,mid_or_indie,,,,
id_aku_bukan_jodohnya_2021,Aku Bukan Jodohnya,2021,2021-12-30,desember,Q4,libur_akhir_tahun,"Drama, Roman, Religi",Syakir Daulay,"Syakir Daulay, Ica Maysha","Tawaf TV, Indonesia Mengaji, Syakir Pictures, Arkana Film",MAXstream,13+,,,False,original,,,,,,,unknown,1.0,23005.0,mid_or_indie,,,,
id_penyalin_cahaya_2022,Penyalin Cahaya,2022,2022-01-13,januari,Q1,reguler,"Drama, Misteri",Wregas Bhanuteja,"Shenina Cinnamon, Chicco Kurniawan, Lutesha, Jerome Kurnia, Dea Panendra, Giulio Parengkuan","Rekata Studio, Kaninga Pictures",Netflix,17+,,,False,original,,,,,,,unknown,2.0,366188.0,mid_or_indie,,,,
id_cek_ombak_melulu_2022,Cek Ombak (Melulu),2022,2022-01-14,januari,Q1,reguler,"Drama, Roman",Suroso MYS,"Bryan Domani, Hanggini, Shareefa Daanish, Hans de Kraker","KlikFilm Productions, Merpati Film",KlikFilm,17+,,,False,original,,,,,,,unknown,,,mid_or_indie,,,,
id_enam_batang_2022,Enam Batang,2022,2022-01-14,januari,Q1,reguler,"Drama, Roman",Eman Pradipta,"Angela Gilsha, Omar Daniel, Ersya Aurelia","KlikFilm Productions, Canary Studios, RK23 Pictures",KlikFilm,17+,,,False,original,,,,,,,unknown,,,mid_or_indie,,,,
id_ada_mertua_di_rumahku_2022,Ada Mertua di Rumahku,2022,2022-01-14,januari,Q1,reguler,"Drama, Keluarga",Rully Manna,"Rano Karno, Roger Danuarta, Cut Meyriska","KlikFilm Productions, Merpati Film",KlikFilm,13+,,,False,original,,,,,,,unknown,1.0,7006.0,mid_or_indie,,,,
id_arini_by_love_inc_2022,Arini by Love.inc,2022,2022-02-04,februari,Q1,reguler,"Drama, Cerita seru",Adrianto Sinaga,"Della Dartyan, Kelly Tandiono, Marissa Anita, Faris Nahdi",Visinema Content,Bioskop Online,17+,,,False,original,,,,,,,unknown,,,major_studio,,,,
id_cinta_warung_sebelah_2022,Cinta Warung Sebelah,2022,2022-02-14,februari,Q1,reguler,"Drama, Komedi",Ahmad Nurdin,"Ibnu Jamil, Ririn Ekawati, Cemen, Lulu Zakaria, Yusuf Özkan","Maxstream Original, Arkana Films, Sabi Kreasi, PT. Redi Aliansi Jaya",MAXstream,13+,,,False,original,,,,,,,unknown,,,mid_or_indie,,,,
id_clandestine_2022,Clandestine,2022,2022-02-18,februari,Q1,reguler,"Drama, Laga, Cerita seru",Dyan Sunu Prastowo,"Abun Sungkar, Dannia Salsabilla, Shareefa Daanish",KlikFilm Productions,KlikFilm,13+,,,False,original,,,,,,,unknown,8.0,54784.0,mid_or_indie,,,,
id_father_son_2022,Father & Son,2022,2022-02-18,februari,Q1,reguler,"Drama, Petualangan",Danial Rifki,"Bio One, Cassandra Lee, Dwi Sasono",KlikFilm Productions,KlikFilm,17+,,,False,original,,,,,,,unknown,4.0,92239.75,mid_or_indie,,,,
id_7_24_2022,7-24,2022,2022-03-18,maret,Q1,reguler,"Drama, Roman",Dyan Sunu Prastowo,"Enzy Storia, Rio Dewanto, Faris Nahdi, Angie Ang","KlikFilm Productions, Limelight Pictures, Canary Studios",KlikFilm,13+,,,True,sequel_or_franchise,,,,,,,unknown,8.0,54784.0,mid_or_indie,,,,
id_satu_untuk_selamanya_2022,Satu untuk Selamanya,2022,2022-03-18,maret,Q1,reguler,"Drama, Roman",Dyan Sunu Prastowo,"Adinda Thomas, Dimas Anggara, Megan Domani","KlikFilm Productions, Limelight Pictures, Canary Studios",KlikFilm,13+,,,False,original,,,,,,,unknown,8.0,54784.0,mid_or_indie,,,,
id_jakarta_vs_everybody_2022,Jakarta vs Everybody,2022,2022-03-19,maret,Q1,reguler,Drama,Ertanto Robby Soediskam,"Jefri Nichol, Wulan Guritno, Ganindra Bimo, Jajang C. Noer, Dea Panendra",Pratama Pradana Picture,Bioskop Online,21+,,,False,original,,,,,,,unknown,1.0,65087.0,mid_or_indie,,,,
id_melodialog_2022,Melodialog,2022,2022-03-25,maret,Q1,reguler,Musikal,Adriano Rudiman,"Thulo, Renno Khrisna, Agnes Dwi Farah, Jessica Januari, Michael Brian, Avip Priatna, Farman Purnama","Batavia Madrigal Singers, Visinema Pictures",YouTube,13+,,,False,original,,,,,,,unknown,1.0,167804.0,major_studio,,,,
id_tuhan_minta_duit_2022,Tuhan Minta Duit,2022,2022-04-02,april,Q2,reguler,Drama,Azhar Kinoi Lubis,"Anantya Kirana, Asrul Dahlan, Putri Ayudya, Rendi Khrisna","KlikFilm Productions, Merpati Film",KlikFilm,13+,,,False,original,,,,,,,unknown,13.0,1003415.4615384615,mid_or_indie,,,,
id_pulang_2022,Pulang,2022,2022-04-02,april,Q2,reguler,Drama,Azhar Kinoi Lubis,"Imelda Therinne, Ringgo Agus Rahman, Mark Natama, Ziva Magnolya","KlikFilm Productions, Canary Studios, RK23 Pictures",KlikFilm,13+,,,False,original,,,,,,,unknown,13.0,1003415.4615384615,mid_or_indie,,,,
id_djs_the_movie_biarkan_aku_menari_2022,DJS the Movie: Biarkan Aku Menari,2022,2022-04-21,april,Q2,reguler,"Drama, Roman, Fantasi",Indrayanto Kurniawan,"Sandrinna Michelle, Rey Bong",SinemArt Pictures,Vidio,13+,,,False,original,,,,,,,unknown,,,mid_or_indie,,,,
id_kambodja_2022,Kambodja,2022,2022-05-13,mei,Q2,reguler,"Drama, Roman",Rako Prijanto,"Della Dartyan, Adipati Dolken, Revaldo, Carmela van der Kruk","Falcon Pictures, KlikFilm Productions",KlikFilm,17+,,,False,original,,,,,,,unknown,7.0,225236.57142857142,major_studio,,,,
id_kopi_pahit_2022,Kopi Pahit,2022,2022-05-20,mei,Q2,reguler,"Drama, Roman",Herwin Novianto,"Mahalini Raharja, Raja Giannuca",KlikFilm Productions,KlikFilm,17+,,,False,original,,,,,,,unknown,8.0,1167316.125,mid_or_indie,,,,
id_rasyah_the_wonder_kid_2022,"Rasyah, The Wonder Kid",2022,2022-05-23,mei,Q2,reguler,"Drama, Keluarga",Kemal Fathur,"Rasyah Rasyid, Aqila Herby, Ayez Kassar, Cut Fitria, Lukman Nulhakim","Maxstream Original, EVOS Esports",MAXstream,13+,,,False,original,,,,,,,unknown,,,mid_or_indie,,,,
id_buyut_2022,Buyut,2022,2022-06-03,juni,Q2,libur_sekolah,Horor,"Bram Ferino, Tasya D Hartanty","Ferly Putra, Trisna Anggraini, Abdul Roni, Najib Hergantara, Robi Maulana",Afici Entertainment,,17+,,,False,original,,,,,,,unknown,,,mid_or_indie,,,,
id_misi_kafe_biru_2022,Misi Kafe Biru,2022,2022-06-24,juni,Q2,libur_sekolah,Drama,Hanny R. Saputra,"Michelle Ziudith, Raja Giannuca, Aina Nisa, Nada Rahmah",KlikFilm Productions,KlikFilm,13+,,,False,original,,,,,,,unknown,5.0,194977.6,mid_or_indie,,,,
id_kau_dia_2_2022,Kau & Dia 2,2022,2022-07-01,juli,Q3,libur_sekolah,"Drama, Roman",Ivan Bandhito,"Anneth Delliecia, Ari Irham, Gabriel Prince, Zara Leola, Bima Azriel, Azela Putri","Trinity Optima Production, BC Entertainment",MAXstream,13+,,,True,sequel_or_franchise,,,,,,,unknown,2.0,70866.0,mid_or_indie,,,,
id_how_are_you_really_2022,"How Are You, Really?",2022,2022-07-13,juli,Q3,libur_sekolah,"Drama, Roman",Hanny R. Saputra,"Jeff Smith, Jihane Almira, Kevin Julio",KlikFilm Productions,KlikFilm,17+,,,False,original,,,,,,,unknown,5.0,194977.6,mid_or_indie,,,,
id_the_last_prank_2022,The Last Prank,2022,2022-07-13,juli,Q3,libur_sekolah,"Drama, Cerita seru",Dyan Sunu Prastowo,"Onadio Leonardo, Febby Rastanty, Givina Lukita Dewi",KlikFilm Productions,KlikFilm,13+,,,False,original,,,,,,,unknown,8.0,54784.0,mid_or_indie,,,,
id_sinar_untuk_genta_2022,Sinar untuk Genta,2022,2022-07-22,juli,Q3,libur_sekolah,Drama,Hedy Suryawan,"Naufal Samudra, Ziva Magnolya","KlikFilm Productions, Canary Studios, Orcalight",KlikFilm,13+,,,False,original,,,,,,,unknown,,,mid_or_indie,,,,
id_before_now_then_2022,"Before, Now & Then",2022,2022-08-01,agustus,Q3,kemerdekaan,"Drama, Sejarah",Kamila Andini,"Happy Salma, Laura Basuki, Arswendy Bening Swara, Ibnu Jamil","Fourcolours Films, Titimangsa Foundation",Prime Video,16+,,,False,original,,,,,,,unknown,1.0,117160.0,mid_or_indie,,,,
id_romantik_problematik_2022,Romantik Problematik,2022,2022-08-23,agustus,Q3,kemerdekaan,"Drama, Roman",BW Purbanegara,"Bisma Karisma, Lania Fira",Purbanegara Suitrawan Film,Bioskop Online,17+,,,False,original,,,,,,,unknown,,,mid_or_indie,,,,
id_mertua_vs_menantu_2022,Mertua vs Menantu,2022,2022-08-29,agustus,Q3,kemerdekaan,"Drama, Komedi, Keluarga",Pritagita Arianegara,"Velove Vexia, Morgan Oey, Ira Maya Sopha, Abiyyu Barakbah",MVP Pictures,Prime Video,13+,,,False,original,,,,,,,unknown,4.0,53091.75,mid_or_indie,,,,
id_48_jam_untuk_indah_2022,48 Jam untuk Indah,2022,2022-09-15,september,Q3,reguler,"Drama, Keluarga",Jose Poernomo,"Fedi Nuril, Kirana Larasati, Raya Adena, Verdi Solaiman",MVP Pictures,Prime Video,13+,,,True,sequel_or_franchise,,,,,,,unknown,3.0,34459.666666666664,mid_or_indie,,,,
id_love_in_game_2022,Love in Game,2022,2022-09-21,september,Q3,reguler,"Drama, Roman",Rendy Herpy,"Livy Renata, Gabriel Prince, Julian Jacob, Rachel Florencia",Right Hand Entertainment,MAXstream,,,,False,original,,,,,,,unknown,1.0,128003.0,mid_or_indie,,,,
id_project_panda_2022,Project Panda,2022,2022-09-23,september,Q3,reguler,Drama,Dom Dharmo,"Verdi Solaiman, Reynavenzka, Reuben Elishama Otig Pakis, Hengky Solaiman",Starchild Brothers,Netverse,13+,,,False,original,,,,,,,unknown,2.0,100521.0,mid_or_indie,,,,
id_perfect_strangers_2022,Perfect Strangers,2022,2022-10-20,oktober,Q4,reguler,Drama,Rako Prijanto,"Vino G. Bastian, Darius Sinathrya, Nadine Alexandra, Clara Bernadeth, Denny Sumargo, Jessica Mila, Adipati Dolken",Falcon Pictures,Prime Video,13+,,,False,original,,,,,,,unknown,7.0,225236.57142857142,major_studio,,,,
id_rumah_kaliurang_2022,Rumah Kaliurang,2022,2022-10-25,oktober,Q4,reguler,Horor,"Dwi Sasono, Dondy Adrian","Randy Pangalila, Shareefa Daanish, Erika Carlina, Wafda Saifan Lubis, Khiva Iskak",im-a-gin-e,Bioskop Online,15+,,,False,original,,,,,,,unknown,,,mid_or_indie,,,,
id_before_i_met_you_2022,Before I Met You,2022,2022-11-03,november,Q4,reguler,"Drama, Roman",Angling Sagaran,"Adhisty Zara, Bryan Domani, Kevin Ardilova","Shen Entertainment, MD Pictures",Prime Video,13+,,,False,original,,,,,,,unknown,1.0,4697.0,major_studio,,,,
id_the_wannn_believe_2022,The Wannn: Believe,2022,2022-11-16,november,Q4,reguler,Drama,Kemal Fathur Rakhman,"Muhammad Ridwan, Naziful Fuad, Pinnuri S.P, Prisca Charity, Ayu T. Putri, Sarah Mawla, Kevin Raynando","Maxstream Original, EVOS Esports",MAXstream,13+,,,False,original,,,,,,,unknown,,,mid_or_indie,,,,
id_ashiap_man_2022,Ashiap Man,2022,2022-11-17,november,Q4,reguler,"Drama, Aksi, Komedi",Atta Halilintar,"Atta Halilintar, Aurel Hermansyah, Nasya Marcella",Starvision Plus,Prime Video,SU,,,False,original,,,,,,,unknown,,,major_studio,,,,
id_anoksia_2022,Anoksia,2022,2022-11-18,november,Q4,reguler,"Drama, Cerita seru",Indra Gunawan,"Prisia Nasution, Dwi Sasono",KlikFilm Productions,KlikFilm,17+,,,False,original,,,,,,,unknown,11.0,227966.54545454544,mid_or_indie,,,,
id_2045_apa_ada_cinta_2022,2045 Apa Ada Cinta,2022,2022-12-01,desember,Q4,libur_akhir_tahun,Drama,Indra Gunawan,"Yasmin Napper, Indah Kusuma, Cinta Brian",Max Pictures,,13+,,,True,sequel_or_franchise,,,,,,,unknown,11.0,227966.54545454544,mid_or_indie,,,,
id_cross_the_line_2022,Cross the Line,2022,2022-12-09,desember,Q4,libur_akhir_tahun,Drama,Razka Robby Ertanto,"Shenina Cinnamon, Chicco Kurniawan","KlikFilm Productions, Canary Studios, Summerland",KlikFilm,21+,,,False,original,,,,,,,unknown,1.0,6182.0,mid_or_indie,,,,
id_the_big_4_2022,The Big 4,2022,2022-12-15,desember,Q4,libur_akhir_tahun,"Aksi, Komedi",Timo Tjahjanto,"Abimana Aryasatya, Putri Marino, Lutesha, Arie Kriting, Kristo Immanuel",Frontier Pictures,Netflix,17+,,,True,sequel_or_franchise,,,,,,,unknown,1.0,834126.0,mid_or_indie,,,,
id_ayo_putus_2022,Ayo Putus,2022,2022-12-15,desember,Q4,libur_akhir_tahun,"Komedi, Roman",Rizal Mantovani,"Syifa Hadju, Bryan Domani, Chicco Kurniawan",MD Pictures,Prime Video,13+,,,False,original,,,,,,,unknown,13.0,577996.2307692308,major_studio,,,,
id_ratu_dansa_2022,Ratu Dansa,2022,2022-12-16,desember,Q4,libur_akhir_tahun,"Drama, Roman, Fantasi",Dyan Sunu Prastowo,"Marsha Aruan, Davina Karamoy, Nicho Bryant, Sandy Pradana, Dennis Adhiswara",Peregrine Studios,Bioskop Online,13+,,,False,original,,,,,,,unknown,8.0,54784.0,mid_or_indie,,,,
id_harmoni_cinta_bhinn_eka_2022,Harmoni Cinta Bhinn & Eka,2022,2022-12-22,desember,Q4,libur_akhir_tahun,Drama,Endy Nomansyah,"Damara Finch, Hana Hanifah, Billy Boedjanger",Prabu Pictures,,13+,,,False,original,,,,,,,unknown,,,mid_or_indie,,,,
id_the_day_before_the_wedding_2023,The Day Before the Wedding,2023,2023-01-13,januari,Q1,reguler,Drama,Razka Robby Ertanto,"Amanda Rawles, Della Dartyan, Keanu Campora","KlikFilm Productions, Canary Studios, Summerland",KlikFilm,17+,,,False,original,,,,,,,unknown,1.0,6182.0,mid_or_indie,,,,
id_layar_2023,Layar,2023,2023-01-13,januari,Q1,reguler,Drama,Ifa Isfansyah,"Siti Fauziah, Pritt Timothy, Adi Marsono","KlikFilm Productions, Fourcolours Films",KlikFilm,13+,,,False,original,,,,,,,unknown,,,mid_or_indie,,,,
id_scandal_makers_2023,Scandal Makers,2023,2023-01-19,januari,Q1,reguler,"Drama, komedi",Jeihan Angga,"Vino G. Bastian, Beby Tsabina, Jared Ali","MD Pictures, Dapur Film",Prime Video,13+,,,False,original,,,,,,,unknown,5.0,148849.0,major_studio,,,,
id_dear_david_2023,Dear David,2023,2023-02-09,februari,Q1,reguler,"Drama, roman",Lucky Kuswandi,"Shenina Cinnamon, Emir Mahira, Caitlin North Lewis",Palari Films,Netflix,17+,,,False,original,,,,,,,unknown,,,mid_or_indie,,,,
id_cherish_ruelle_2023,Cherish & Ruelle,2023,2023-02-10,februari,Q1,reguler,"Drama, cerita seru",Azhar Kinoi Lubis,"Febby Rastanty, Beby Tsabina, Pangeran Lantang","KlikFilm Productions, Merpati Film",KlikFilm,17+,,,False,original,,,,,,,unknown,13.0,1003415.4615384615,mid_or_indie,,,,
id_berbalas_kejam_2023,Berbalas Kejam,2023,2023-02-16,februari,Q1,reguler,"Drama, cerita seru",Teddy Soeriaatmadja,"Reza Rahadian, Laura Basuki, Baim Wong","Tiger Wong Entertainment, Karuna Pictures",Prime Video,17+,,,False,original,,,,,,,unknown,3.0,395552.6666666667,mid_or_indie,,,,
id_panduan_mempersiapkan_perpisahan_2023,Panduan Mempersiapkan Perpisahan,2023,2023-02-24,februari,Q1,reguler,"Drama, roman",Adriyanto Dewo,"Lutesha, Daffa Wardhana, Fandy Christian, Aksara Dena",Relate Films,Bioskop Online,17+,,,False,original,,,,,,,unknown,1.0,149568.0,mid_or_indie,,,,
id_zodiac_apa_bintangmu_2023,Zodiac: Apa Bintangmu?,2023,2023-03-09,maret,Q1,lebaran,"Drama, roman",Dinna Jasanti,"Enzy Storia, Gandhi Fernando, Junior Liem, Karina Nadila, Derby Romero","Renee Pictures, Creative Goods Inc.",Prime Video,SU,,,False,original,,,,,,,unknown,5.0,609037.0,mid_or_indie,,,,
id_sukmailang_2023,Sukmailang,2023,2023-03-16,maret,Q1,lebaran,Horor,Rizqon Agustia Fahsa,"Vikrad Malaz Madwar, Muktar Kelana, Deddy Sulaimawan, Humaidi Abas","Genia Visinema, Komunitas Film Indie Pesawaran",,13+,,,False,original,,,,,,,unknown,1.0,2496.0,major_studio,,,,
id_hitmen_2023,Hitmen,2023,2023-04-27,april,Q2,lebaran,"Komedi, laga",Anggy Umbara,"Vino G. Bastian, Abdur Arsyad, Anggika Bölsterli, Brisia Jodie","MD Pictures, Umbara Brothers Film",Prime Video,17+,,,False,original,,,,,,,unknown,12.0,964791.25,major_studio,,,,
id_ldr_love_distance_relationshi_2023,LDR: Love Distance Relationshi*,2023,2023-05-31,mei,Q2,reguler,"Drama, roman",George Timothy,"Yuki Kato, Fadly Faisal, Rebecca Klopper, Dennis Perez",Creative Goods Inc.,MAXstream,,,,False,original,,,,,,,unknown,,,mid_or_indie,,,,
id_200_pounds_beauty_2023,200 Pounds Beauty,2023,2023-06-22,juni,Q2,libur_sekolah,"Komedi, roman",Ody C. Harahap,"Syifa Hadju, Baskara Mahendra, Alyssa Daguise",MD Pictures,Prime Video,13+,,,True,sequel_or_franchise,,,,,,,unknown,3.0,61408.0,major_studio,,,,
id_hari_ini_akan_kita_ceritakan_nanti_2023,Hari Ini akan Kita Ceritakan Nanti,2023,2023-07-27,juli,Q3,libur_sekolah,Drama,Angga Dwimas Sasongko,"Rio Dewanto, Donny Damara, Jourdy Pranata, Yunita Siregar",Visinema Pictures,Netflix,,,,False,adaptation,,,,,,,unknown,6.0,1110135.8333333333,major_studio,,,,
id_dunia_tanpa_suara_2023,Dunia Tanpa Suara,2023,2023-07-27,juli,Q3,libur_sekolah,Drama,Hanung Bramantyo,"Caitlin Halderman, Maxime Bouttier, Nasya Marcella","MD Pictures, Dapur Film",Prime Video,,,,False,original,,,,,,,unknown,12.0,1291592.3333333333,major_studio,,,,
id_after_life_2023,After Life,2023,2023-08-18,agustus,Q3,kemerdekaan,Drama,Suroso MYS,"Hanggini, Ibnu Wardani, Mega Dwi Cahyani, Shareefa Daanish","KlikFilm Productions, Merpati Film",KlikFilm,13+,,,False,original,,,,,,,unknown,,,mid_or_indie,,,,
id_yang_patah_tumbuh_yang_hilang_berganti_2023,"Yang Patah Tumbuh, Yang Hilang Berganti",2023,2023-08-18,agustus,Q3,kemerdekaan,Drama,Herwin Novianto,"Clara Bernadeth, Indro Warkop, Donny Damara",Falcon Pictures,KlikFilm,13+,,,False,original,,,,,,,unknown,8.0,1167316.125,major_studio,,,,
id_invalidite_2023,Invalidite,2023,2023-09-21,september,Q3,reguler,Drama,Herwin Novianto,"Jessica Mila, Jerome Kurnia, Omar Daniel",Falcon Pictures,Prime Video,13+,,,False,original,,,,,,,unknown,8.0,1167316.125,major_studio,,,,
id_mayflies_2023,Mayflies,2023,2023-09-22,september,Q3,reguler,Drama,Eddy Prasetya,"Dion Wiyoko, Febby Rastanty",KlikFilm Productions,KlikFilm,,,,False,original,,,,,,,unknown,,,mid_or_indie,,,,
id_ice_cold_murder_coffee_and_jessica_wongso_2023,"Ice Cold: Murder, Coffee and Jessica Wongso",2023,2023-09-28,september,Q3,reguler,Dokumenter,Rob Sixsmith,,Beach House Pictures,Netflix,18+,,,False,original,,,,,,,unknown,,,mid_or_indie,,,,
id_kapan_hamil_2023,Kapan Hamil?,2023,2023-12-14,desember,Q4,libur_akhir_tahun,Komedi,Rizal Mantovani,"Fedi Nuril, Laura Basuki","MD Pictures, Clockwork Films",Prime Video,17+,,,False,original,,,,,,,unknown,13.0,577996.2307692308,major_studio,,,,
id_melodate_2024,Melodate,2024,2024-02-22,februari,Q1,reguler,"Drama, komedi, percintaan",M. Ainun Ridho,"Jourdy Pranata, Caitlin Halderman, Aida Nurmala",Clock Work Films,Prime Video,,,,False,original,,,,,,,unknown,2.0,18503.0,mid_or_indie,,,,
id_24_jam_bersama_gaspar_2024,24 Jam bersama Gaspar,2024,2024-03-14,maret,Q1,lebaran,"Laga, cerita seru, misteri",Yosep Anggi Noen,"Reza Rahadian, Shenina Cinnamon, Laura Basuki","Visinema Pictures, KawanKawan Media",Netflix,17+,,,True,sequel_or_franchise,,,,,,,unknown,,,major_studio,,,,
id_monster_2024,Monster,2024,2024-05-16,mei,Q2,reguler,"Horor, cerita seru",Rako Prijanto,"Marsha Timothy, Alex Abbad, Anantya Kirana",Falcon Pictures,Netflix,17+,,,False,original,,,,,,,unknown,7.0,225236.57142857142,major_studio,,,,
id_roman_peony_2024,Roman Peony,2024,2024-09-19,september,Q3,reguler,Drama,Alfrits John Robert,Jessica Veranda,"Yoshimoto Entertainment, Connection Film",-,17+,,,False,original,,,,,,,unknown,,,mid_or_indie,,,,
id_the_torture_beranak_dalam_kubur_2024,The Torture: Beranak dalam Kubur,2024,2024-09-19,september,Q3,reguler,Horor,Hendri Kurniawan WD,"Shafinaz Nachiar, Dave Edward, Diding Boneng",Langit ke 7 Sinema,-,,,,False,original,,,,,,,unknown,,,mid_or_indie,,,,
id_tulang_belulang_tulang_2024,Tulang Belulang Tulang,2024,2024-09-26,september,Q3,reguler,Drama,Sammaria Sari Simanjuntak,"Atiqah Hasiholan, Tasha Siahaan, Tanta Ginting","Adhya Pictures, Pomp Films",-,,,,False,original,,,,,,,unknown,,,mid_or_indie,,,,
id_laut_tengah_2024,Laut Tengah,2024,2024-10-03,oktober,Q4,reguler,"Drama, percintaan",Archie Hekagery,"Yoriko Angeline, Ibrahim Risyad, Anna Jobling","Starvision, Legacy Pictures",-,,,,False,original,,,,,,,unknown,3.0,222676.0,major_studio,,,,
id_kutukan_calon_arang_2024,Kutukan Calon Arang,2024,2024-10-03,oktober,Q4,reguler,Horor,Girry Pratama,"Justin Adiwinata, Fergie Brittany, Meisita Lomania",Lingkar Pictures,-,,,,False,original,,,,,,,unknown,2.0,65366.5,mid_or_indie,,,,
id_pulau_hantu_2024,Pulau Hantu,2024,2024-10-10,oktober,Q4,reguler,Horor,Ferry Pei Irawan,"Cindy Nirmala, Taskya Namya, Bukie B. Mansyur",MVP Pictures,-,,,,False,original,,,,,,,unknown,1.0,256602.0,mid_or_indie,,,,
id_kemah_terlarang_kesurupan_massal_2024,Kemah Terlarang: Kesurupan Massal,2024,2024-10-10,oktober,Q4,reguler,Horor,,,,-,,,,False,original,,,,,,,unknown,,,indie_or_unknown,,,,
id_start_up_never_give_up_2024,Start Up Never Give Up,2024,2024-10-10,oktober,Q4,reguler,,,,,-,,,,False,original,,,,,,,unknown,,,indie_or_unknown,,,,
id_tebusan_dosa_2024,Tebusan Dosa,2024,2024-10-17,oktober,Q4,reguler,Horor,,,Palari Films,-,,,,False,original,,,,,,,unknown,,,mid_or_indie,,,,
id_putri_bintang_lima_2024,Putri Bintang Lima,2024,2024-10-17,oktober,Q4,reguler,,,,,-,,,,False,original,,,,,,,unknown,,,indie_or_unknown,,,,
id_perewangan_2024,Perewangan,2024,2024-10-24,oktober,Q4,reguler,Horor,Awi Suryadi,"Davina Karamoy, Ully Triani, Dian Sidik","MD Pictures, Pichouse Films",-,,658000.0,santet_clean_verified,False,original,3415.0,940060.0,299.0,0.0,29610000000.0,12584250000.0,moderate,9.0,2431071.6666666665,major_studio,,,,
id_my_annoying_brother_2024,My Annoying Brother,2024,2024-10-24,oktober,Q4,reguler,Drama,Dinna Jasanti,,"Lifelike Pictures, BASE Entertainment",-,,,,False,original,,,,,,,unknown,5.0,609037.0,major_studio,,,,
id_sang_pengadil_2024,Sang Pengadil,2024,2024-10-24,oktober,Q4,reguler,,,,,-,,,,False,original,,,,,,,unknown,,,indie_or_unknown,,,,
id_dosa_musyrik_2024,Dosa Musyrik,2024,2024-10-31,oktober,Q4,reguler,,,,,-,,,,False,original,,,,,,,unknown,,,indie_or_unknown,,,,
id_aku_jati_aku_asperger_2024,"Aku Jati, Aku Asperger",2024,2024-10-31,oktober,Q4,reguler,,,,,-,,,,False,original,,,,,,,unknown,,,indie_or_unknown,,,,
id_koma_berhenti_sebelum_mati_2024,Koma: Berhenti Sebelum Mati,2024,2024-10-31,oktober,Q4,reguler,,,,,-,,,,False,original,,,,,,,unknown,,,indie_or_unknown,,,,
id_danyang_mahar_tukar_nyawa_2024,Danyang: Mahar Tukar Nyawa,2024,2024-11-07,november,Q4,reguler,,,,,-,,,,False,original,,,,,,,unknown,,,indie_or_unknown,,,,
id_anak_kolong_2024,Anak Kolong,2024,2024-11-07,november,Q4,reguler,,,,,-,,,,False,original,,,,,,,unknown,,,indie_or_unknown,,,,
id_wanita_ahli_neraka_2024,Wanita Ahli Neraka,2024,2024-11-14,november,Q4,reguler,,,,,-,,,,False,original,,,,,,,unknown,,,indie_or_unknown,,,,
id_puang_bos_2024,Puang Bos,2024,2024-11-14,november,Q4,reguler,,,,,-,,,,False,original,,,,,,,unknown,,,indie_or_unknown,,,,
id_petak_umpet_2024,Petak Umpet,2024,2024-11-21,november,Q4,reguler,,,,,-,,,,False,original,,,,,,,unknown,,,indie_or_unknown,,,,
id_pantaskah_aku_berhijab_2024,Pantaskah Aku Berhijab,2024,2024-11-21,november,Q4,reguler,,,,,-,,,,False,original,,,,,,,unknown,,,indie_or_unknown,,,,
id_hidup_ini_terlalu_banyak_kamu_2024,Hidup Ini Terlalu Banyak Kamu,2024,2024-11-21,november,Q4,reguler,Drama,,,,-,,,,False,original,,,,,,,unknown,,,indie_or_unknown,,,,
id_cinta_dalam_ikhlas_2024,Cinta dalam Ikhlas,2024,2024-11-28,november,Q4,reguler,Drama,,,Starvision,-,,,,False,original,,,,,,,unknown,,,major_studio,,,,
id_guna_guna_istri_muda_2024,Guna-guna Istri Muda,2024,2024-11-28,november,Q4,reguler,Horor,Robby Ertanto,,Falcon Black,-,,,,False,original,,,,,,,unknown,,,mid_or_indie,,,,
id_mariara_2024,Mariara,2024,2024-11-28,november,Q4,reguler,,,,,-,,,,False,original,,,,,,,unknown,,,indie_or_unknown,,,,
id_negeri_para_ketua_2024,Negeri Para Ketua,2024,2024-11-28,november,Q4,reguler,,,,,-,,,,False,original,,,,,,,unknown,,,indie_or_unknown,,,,
id_cinta_tak_seindah_drama_korea_2024,Cinta Tak Seindah Drama Korea,2024,2024-12-05,desember,Q4,libur_akhir_tahun,,,,,-,,,,False,original,,,,,,,unknown,,,indie_or_unknown,,,,
id_sampai_nanti_hanna_2024,"Sampai Nanti, Hanna!",2024,2024-12-05,desember,Q4,libur_akhir_tahun,,,,,-,,,,False,original,,,,,,,unknown,,,indie_or_unknown,,,,
id_konco_konco_edan_2024,Konco-Konco Edan,2024,2024-12-05,desember,Q4,libur_akhir_tahun,,,,,-,,,,False,original,,,,,,,unknown,,,indie_or_unknown,,,,
id_terkutuk_2024,Terkutuk,2024,2024-12-05,desember,Q4,libur_akhir_tahun,,,,,-,,,,False,original,,,,,,,unknown,,,indie_or_unknown,,,,
id_racun_sangga_santet_pemisah_rumah_tangga_2024,Racun Sangga: Santet Pemisah Rumah Tangga,2024,2024-12-12,desember,Q4,libur_akhir_tahun,,,,,-,,525034.0,santet_clean_verified,False,original,2393.0,5359442.0,198.0,0.35,23626530000.0,10041275250.0,moderate,,,indie_or_unknown,,,,
id_melukis_harapan_di_langit_india_2024,Melukis Harapan di Langit India,2024,2024-12-12,desember,Q4,libur_akhir_tahun,,,,,-,,,,False,original,,,,,,,unknown,,,indie_or_unknown,,,,
id_hutang_nyawa_2024,Hutang Nyawa,2024,2024-12-12,desember,Q4,libur_akhir_tahun,,,,,-,,,,False,original,,,,,,,unknown,,,indie_or_unknown,,,,
id_sorop_2024,Sorop,2024,2024-12-19,desember,Q4,libur_akhir_tahun,,,,,-,,,,False,original,,,,,,,unknown,,,indie_or_unknown,,,,
id_mama_kasih_yang_tak_pernah_mati_2025,Mama: Kasih yang Tak Pernah Mati,2025,2025-01-23,januari,Q1,reguler,Horor,Uda Agan,Rizky Hanggono Nafiza Fatia Rani Ayu Inten Tanta Ginting Tegar Satrya Neni Monru Arief Didu Anyun Cadel Tomy Babap,,,,,,False,original,,,,,,,unknown,,,indie_or_unknown,,,,
id_tujuh_hari_untuk_keshia_2025,Tujuh Hari untuk Keshia,2025,2025-01-24,januari,Q1,reguler,,Eman Pradipta,Tissa Biani Nugie Kiki Narendra,,KlikFilm,,,,False,original,,,,,,,unknown,,,indie_or_unknown,,,,
id_semusim_setelah_kemarau_2025,Semusim Setelah Kemarau,2025,2025-01-24,januari,Q1,reguler,,Dyan Sunu Prastowo,Mawar Eva de Jongh Surya Saputra Alexsander Wlan Wina Marrino,,KlikFilm,,,,False,original,,,,,,,unknown,8.0,54784.0,indie_or_unknown,,,,
id_berebut_jenazah_2025,Berebut Jenazah,2025,2025-02-14,februari,Q1,reguler,,,,,KlikFilm,,,,False,original,,,,,,,unknown,,,indie_or_unknown,,,,
id_telepon_yang_tak_pernah_berdering_2025,Telepon yang Tak Pernah Berdering,2025,2025-02-14,februari,Q1,reguler,,,,,KlikFilm,,,,False,original,,,,,,,unknown,,,indie_or_unknown,,,,
id_the_most_beautiful_girl_in_the_world_2025,The Most Beautiful Girl in the World,2025,2025-02-14,februari,Q1,reguler,Drama Romantis,Robert Ronny,Reza Rahadian Sheila Dara Aisha Jihane Almira,Paragon Pictures,KlikFilm,,,,False,original,,,,,,,unknown,1.0,504317.0,major_studio,,,,
id_misteri_bilik_korek_api_2025,Misteri Bilik Korek Api,2025,2025-03-28,maret,Q1,lebaran,,,,,KlikFilm,,,,False,original,,,,,,,unknown,,,indie_or_unknown,,,,
id_sampai_jumpa_selamat_tinggal_2025,Sampai Jumpa Selamat Tinggal,2025,2025-06-05,juni,Q2,libur_sekolah,Drama Romantis,Adriyanto Dewo,Jerome Kurnia Putri Marino Lutesha Kiki Narendra Jourdy Pranata,Adhya Pictures Relate Films,,13+,,,False,original,,,,,,,unknown,1.0,149568.0,mid_or_indie,,,,
id_basement_jangan_turun_ke_bawah_2025,Basement: Jangan Turun ke Bawah,2025,2025-06-05,juni,Q2,libur_sekolah,Horor,Enjah Praboe,Agus Subekti Nicharter Johfi Syahzeli Reka Della Anita Cindy Hanny Syah Dimas Salim,,,,,,False,original,,,,,,,unknown,,,indie_or_unknown,,,,
id_awas_kepunan_2025,Awas Kepunan,2025,2025-06-06,juni,Q2,libur_sekolah,Horor Regional,,,,,,,,False,original,,,,,,,unknown,,,indie_or_unknown,,,,
id_keluarga_super_irit_2025,Keluarga Super Irit,2025,2025-06-12,juni,Q2,libur_sekolah,Komedi,Danial Rifki,Widi Mulia Dwi Sasono Widuri Puteri Whani Darmawan Indro Warkop Onadio Leonardo Dayu Wijanto Mandra Coki Pardede Oki Rengga Den Bagus Satrio Sasono. Dru Prawiro Oza Rangkuti,Falcon Pictures,,SU,,,False,original,,,,,,,unknown,4.0,92239.75,major_studio,,,,
id_senyum_manies_love_story_2025,Senyum Manies Love Story,2025,2025-06-12,juni,Q2,libur_sekolah,Romantis Biografi,Ronny Mepet,Fahad Haydra Kathy Indera Chelsea Sepyani Lala Sawer Riki Alfredo Panab,,,13+,,,False,original,,,,,,,unknown,,,indie_or_unknown,,,,
id_the_dark_house_2025,The Dark House,2025,2025-06-12,juni,Q2,libur_sekolah,Horor,Hans Wanaghi,Karina Ranau Delia Alena Ade Bilal Perdana Theo Culver,Infinix One Pictures Citrus Sinema,,17+,,,False,original,,,,,,,unknown,,,mid_or_indie,,,,
id_malam_jahanam_2025,Malam Jahanam,2025,2025-06-19,juni,Q2,libur_sekolah,Horor Triler,Hanny Saputra,Pamela Bowie Adjie Alfarent Grace Violeta Nicole Anstte Tirta Chand,Bianglala Bikin Film Project,,,,,False,original,,,,,,,unknown,,,mid_or_indie,,,,
id_assalamualaikum_beijing_2_lost_in_ningxia_2025,Assalamualaikum Beijing 2: Lost in Ningxia,2025,2025-06-19,juni,Q2,libur_sekolah,Drama Religi Romantis,Guntur Soeharjanto,Ria Ricis Emir Mahira Baskara Mahendra Lolox Yasmin Napper Ferry Salim Gabriella Ekaputri Violeta Wijaya,786 Production Rumpi Entertainment Imperial Pictures,,13+,,,True,sequel_or_franchise,,,,,,,unknown,10.0,811574.5,mid_or_indie,,,,
id_syirik_danyang_ratu_laut_selatan_2025,Syirik: Danyang Ratu Laut Selatan,2025,2025-06-19,juni,Q2,libur_sekolah,Horor,Hestu Saputra,Richelle Skornicki Teuku Rassya Totos Rasiti Kinaryosih Donny Alamsyah Nikita Mirzani,Ganesa Film,,,,,False,original,,,,,,,unknown,3.0,58722.333333333336,mid_or_indie,,,,
id_angel_pol_2025,Angel Pol,2025,2025-06-19,juni,Q2,libur_sekolah,Komedi Musikal,Hanny Saputra,Michelle Ziudith Ananda George Fajar Nugra Dayu Wijanto Bhisma Mulia Siti Fauziah Jolene Marie Yono Bakrie Toni Belok Kiri,DHF Entertainment,,13+,,,False,original,,,,,,,unknown,,,mid_or_indie,,,,
id_jodoh_3_bujang_2025,Jodoh 3 Bujang,2025,2025-06-26,juni,Q2,libur_sekolah,Komedi,Arfan Sabran,Nugie Nurra Datau Maizura Cut Mini Arswendi Nasution Jourdy Pranata Rey Bong Nunu Datau Arla Ailani Zakaribo Musdalifah Basri Christoffer Nelwan Leroy Oesmani Elsa Japasal Barbie Arzetta Iwan Coy,Starvision,,SU,,,True,sequel_or_franchise,,,,,,,unknown,,,major_studio,,,,
id_lorong_kost_2025,Lorong Kost,2025,2025-06-26,juni,Q2,libur_sekolah,Horor,Ganank Dera,Gibran Marten Amel Alvi Nadhira Hill Lucky Moniaga Otig Pakis Yati Surachman Ence Bagus,Minka Rosie Production,,,,,False,original,,,,,,,unknown,,,mid_or_indie,,,,
id_rabi_jiwo_2025,Rabi Jiwo,2025,2025-06-26,juni,Q2,libur_sekolah,Horor,Agus Hermansyah Mawardy,Furry Setya Raharja Reynavenzka Deyandra Syahnaz Sadiqah Sania Velova Varissa Camelia Ramon Y. Tungka Tio Pakusadewo,Tawang Khan Production,,,,,False,original,,,,,,,unknown,,,mid_or_indie,,,,
id_warkop_dki_kartun_2025,Warkop DKI Kartun,2025,2025-06-26,juni,Q2,libur_sekolah,Komedi Animasi,Rako Prijanto Daryl Wilson,Aliando Syarief Adipati Dolken Randy Danistha Beby Tsabina Ganindra Bimo Tarzan Jaja Mihardja Mandra,Falcon Pictures,,SU,,,False,original,,,,,,,unknown,,,major_studio,,,,
id_selasih_ireng_2025,Selasih Ireng,2025,2025-07-10,juli,Q3,libur_sekolah,Horor,Tondi Hasibuan,Sella Selly Cessy Priscilla Ki Daus Bram Wicaksana Dwi Kunto Parmadi Trayen Kaligis,Dragin Motion Pictures,,,,,False,original,,,,,,,unknown,,,mid_or_indie,,,,
id_bola_pinoama_2025,Bola Pinoama,2025,2025-08-22,agustus,Q3,kemerdekaan,,Alan ASJKG,,,,,,,False,original,,,,,,,unknown,,,indie_or_unknown,,,,
id_dilanjutkan_salah_disudahi_perih_2025,Dilanjutkan Salah Disudahi Perih,2025,2025-09-25,september,Q3,reguler,Romantis,Benni Setiawan,Mikha Tambayong Kevin Ardilova Tissa Biani Ibrahim Risyad,SOEX Entertainment Drias Film,,,,,True,sequel_or_franchise,,,,,,,unknown,6.0,645686.5,mid_or_indie,,,,
id_pandji_pragiwaksono_mens_rea_2025,Pandji Pragiwaksono: Mens Rea,2025,2025-12-27,desember,Q4,libur_akhir_tahun,Pertunjukan langsung Lawakan tunggal,,Pandji Pragiwaksono Ben Dhanio Dany Beler,Comika.id,,,,,False,original,,,,,,,unknown,,,mid_or_indie,,,,
id_mencadin_2_tamu_mayit_2026,Mencadin 2: Tamu Mayit,2026,2026-01-17,januari,Q1,reguler,Horor,Bram Ferino,"Trisna Anggraini, Dian Fitra, Sandi Unung",Afici Entertainment,-,,,,True,sequel_or_franchise,,,,,,,unknown,5.0,13369.0,mid_or_indie,,,,
id_arwah_pue_tuko_2026,Arwah Pue Tuko,2026,2026-01-17,januari,Q1,reguler,Horor,Alank Eka Aryangga,"Sardin Dini, Ikbar, Alkes Kelor",,-,,,,False,original,,,,,,,unknown,,,indie_or_unknown,,,,
id_gelapkan_habis_terangkan_datang_2026,Gelapkan Habis Terangkan Datang,2026,2026-04-18,april,Q2,lebaran,Drama,Bram Ferino,"Mathias Muchus, Novia Bachmid",Heart Pictures & Afici Entertainment,-,,,,False,original,,,,,,,unknown,5.0,13369.0,mid_or_indie,,,,
id_silent_dance_2026,Silent Dance,2026,2026-05-13,mei,Q2,reguler,,Deddie,"Ki Daus, Kezia Starbe, Chelsea Starbe","Triduta Films, Sanggar Mekar Asih",-,,,,False,original,,,,,,,unknown,,,mid_or_indie,,,,
id_pangeran_jaya_sumitra_2026,Pangeran Jaya Sumitra,2026,2026-06-17,juni,Q2,libur_sekolah,Sejarah,Adithya Rakhman,"Syairi Mukhlis, Gewsima Mega Putra, Akhmad Romansyah",Dinas Pendidikan dan Kebudayaan Kotabaru,-,,,,False,original,,,,,,,unknown,,,mid_or_indie,,,,
id_pelet_biduan_jalang_2026,Pelet Biduan Jalang,2026,2026-07-30,juli,Q3,libur_sekolah,Horor,Bram Ferino,"Putri, Trisna Anggraini, Gelby Pratama Putra",Afici Entertainment,-,,,,False,original,,,,,,,unknown,5.0,13369.0,mid_or_indie,,,,
id_bisikan_desa_gringsing_2026,Bisikan Desa Gringsing,2026,2026-09-24,september,Q3,reguler,Horor,Ivander Tedjasukmana,"Aghniny Haque, Surya Saputra, Fatmah Nahdi","Mandela Pictures, Oceanus Media Global",-,,,,False,original,,,,,,,unknown,1.0,105469.0,mid_or_indie,,,,
id_ibadah_cinta_2026,Ibadah & Cinta,2026,2026-09-24,september,Q3,reguler,Drama,Jastis Arimba,"Achmad Megantara, Indah Permatasari, Adhin Abdul Hakim",Sinemata Buana Kreasindo,-,,,,False,original,,,,,,,unknown,5.0,55558.8,mid_or_indie,,,,
id_memburu_pemangsa_2026,Memburu Pemangsa,2026,2026-09-24,september,Q3,reguler,"Horor, kriminal, aksi",Umay Shahab,"Laura Basuki, Prilly Latuconsina, Yasamin Jasem",Sinemaku Pictures,-,,,,False,original,,,,,,,unknown,3.0,1732651.3333333333,mid_or_indie,,,,
id_djamin_setia_selamanya_2026,Djamin: Setia Selamanya,2026,2026-10-01,oktober,Q4,reguler,Sejarah,Rako Prijanto,"Rafi Sudirman, Claresta Taufan, Chicco Kurniawan",Erjege Pictures,,,,,False,original,,,,,,,unknown,7.0,225236.57142857142,mid_or_indie,,,,
id_conjurig_2026,Conjurig,2026,2026-10-01,oktober,Q4,reguler,Komedi,Tubagus Deddy,"Dito Darmawan, Maizura, Mathias Muchus",im-a-gin-e,,,,,False,original,,,,,,,unknown,,,mid_or_indie,,,,
id_warga_rusun_609_2026,Warga Rusun 609,2026,2026-10-01,oktober,Q4,reguler,"Horor, Komedi",Herwin Novianto,"Morgan Oey, Ranty Maria, Tanta Ginting",Rapi Films,,,,,False,original,,,,,,,unknown,8.0,1167316.125,major_studio,,,,
id_lobang_buaya_309_hari_sebelum_tragedi_berdarah_2026,Lobang Buaya: 309 Hari Sebelum Tragedi Berdarah,2026,2026-10-01,oktober,Q4,reguler,Horor,Hanung Bramantyo,"Baskara Mahendra, Carissa Perusset, Iskak Khivano","Adhya Pictures, Dapur Film",,,,,True,sequel_or_franchise,,,,,,,unknown,12.0,1291592.3333333333,mid_or_indie,,,,
id_kuasa_gelap_perjanjian_darah_2026,Kuasa Gelap: Perjanjian Darah,2026,2026-10-08,oktober,Q4,reguler,Horor,Rizal Mantovani,"Jerome Kurnia, Lukman Sardi, Lydia Kandou",Paragon Pictures,,,,,False,original,,,,,,,unknown,13.0,577996.2307692308,major_studio,,,,
id_empat_musim_pertiwi_2026,Empat Musim Pertiwi,2026,2026-10-08,oktober,Q4,reguler,Drama,Kamila Andini,"Putri Marino, Arya Saloka, Christine Hakim","Forka Films, Miles Films, Jagartha, Trinity Entertainment, Teamup Circular Creative, Imajinari, Navvaros",,,,,False,original,,,,,,,unknown,1.0,117160.0,major_studio,,,,
id_hasut_2026,Hasut,2026,2026-10-08,oktober,Q4,reguler,Tegang,Ilya Sigma,"Rachel Amanda, Marthino Lio, Kevin Ardilova",The United Team of Art,,,,,False,original,,,,,,,unknown,,,mid_or_indie,,,,
id_cidro_asmoro_2026,Cidro Asmoro,2026,2026-10-08,oktober,Q4,reguler,Drama,Senoaji Julius,"Ndarboy Genk, Happy Asmara, Erick Estrada","Adglow Pictures, Vision+, Hompimpa Sinema",,,,,False,original,,,,,,,unknown,,,mid_or_indie,,,,
id_bapak_paling_jujur_2026,Bapak Paling Jujur,2026,2026-10-15,oktober,Q4,reguler,"Drama, komedi",Fajar Nugros,"Andovi Da Lopez, Claresta Taufan, Benidictus Siregar","Cahaya Pictures, Studio Antelope",,,,,False,original,,,,,,,unknown,8.0,362432.875,mid_or_indie,,,,
id_ghosting_2026,Ghosting,2026,2026-10-15,oktober,Q4,reguler,Horor,Arie Azis,"Tanta Ginting, Baskara Mahendra, Leony V. H.",Imperial Pictures,,,,,False,original,,,,,,,unknown,2.0,134170.0,mid_or_indie,,,,
id_aplikasi_iblis_2026,Aplikasi Iblis,2026,2026-10-15,oktober,Q4,reguler,Horor,Dimas Anggara,"Della Dartyan, Ruth Marini, Aulia Deas",NIH Pictures,,,,,False,original,,,,,,,unknown,1.0,16307.0,mid_or_indie,,,,
id_dendam_arwah_penari_2026,Dendam Arwah Penari,2026,2026-10-15,oktober,Q4,reguler,Horor,Ivan Bandhito,"Denira Wiraguna, Gisellma Firmansyah, Dito Darmawan",Inno Maleo Films,,,,,False,original,,,,,,,unknown,2.0,70866.0,mid_or_indie,,,,
id_siti_si_vampir_2026,Siti si Vampir,2026,2026-10-22,oktober,Q4,reguler,"Drama, komedi",Rahabi Mandra,"Satine Zaneta, Ajil Ditto, Ciccio Manassero","Mahaka Pictures, Bahagia Tanpa Drama",,,,,False,original,,,,,,,unknown,3.0,604766.6666666666,mid_or_indie,,,,
id_lingsir_wengi_motel_malioboro_2026,Lingsir Wengi: Motel Malioboro,2026,2026-10-22,oktober,Q4,reguler,Horor,Adhe Dharmastriya,"Jeff Smith, Alif Rivelino, Emmie Lemu",Lab Pictures,,,,,False,original,,,,,,,unknown,4.0,373153.25,mid_or_indie,,,,
id_pirunduk_2026,Pirunduk,2026,2026-10-22,oktober,Q4,reguler,Horor,Billy Christian,"Yoriko Angeline, Aulia Sarah, Bucek Depp",Bima Sakti Production,,,,,False,original,,,,,,,unknown,2.0,239734.0,mid_or_indie,,,,
id_beautiful_pain_2026,Beautiful Pain,2026,2026-10-22,oktober,Q4,reguler,Drama,Dmaz Brodjonegoro,"Baim Wong, Dimas Aditya, Raihaanun",Dapur Film,,,,,False,original,,,,,,,unknown,,,mid_or_indie,,,,
id_the_doll_ghawiah_2026,The Doll: Ghawiah,2026,2026-10-29,oktober,Q4,reguler,Horor,Guntur Soeharjanto,"Titi Kamal, Sara Wijayanto, Aisyah Aqilah",Hitmaker Studios,,,,,False,original,,,,,,,unknown,10.0,811574.5,major_studio,,,,
id_mawang_jangan_sebut_namanya_2026,Mawang: Jangan Sebut Namanya,2026,2026-10-29,oktober,Q4,reguler,Horor,Iqbal Rachman,"Aldi Taher, Abdul Roni, Dita Zulaikha",Bersahaja Entertaiment,,,,,False,original,,,,,,,unknown,,,mid_or_indie,,,,
id_laut_bercerita_2026,Laut Bercerita,2026,2026-10-29,oktober,Q4,reguler,"Drama, Sejarah",Yosep Anggi Noen,"Reza Rahadian, Landung Simatupang, Dian Sastrowardoyo","Pal8 Pictures, Visual Media Studio",,,,,False,adaptation,,,,,,,unknown,,,mid_or_indie,,,,
id_the_longest_wait_2026,The Longest Wait,2026,2026-10-29,oktober,Q4,reguler,Dokumenter,,Tim nasional sepakbola Indonesia,"Fremantle Indonesia, Beach House Pictures",,,,,False,original,,,,,,,unknown,,,mid_or_indie,,,,
