video_id,user,is_reply,timestamp,like_count,sent_indobert,sent_indobert_score,sent_lexicon,sent_emoji,sent_combined,set
1Gsp0AuOwOg,user_2e5354ded1c0,False,1790985600,0,netral,0.9402,positif,positif,netral,hitmaker
1Gsp0AuOwOg,user_0dc6cda5df13,False,1790812800,0,netral,0.9427,netral,tanpa_emoji,netral,hitmaker
1Gsp0AuOwOg,user_12153f668a9e,False,1788652800,0,positif,0.8318,positif,tanpa_emoji,positif,hitmaker
1Gsp0AuOwOg,user_7065ef9d38ff,False,1783296000,0,positif,0.6049,netral,tanpa_emoji,positif,hitmaker
1Gsp0AuOwOg,user_f73559000666,False,1783296000,0,netral,0.7487,netral,tanpa_emoji,netral,hitmaker
1Gsp0AuOwOg,user_6d6ebe0f2f09,False,1780704000,0,negatif,0.6451,positif,tanpa_emoji,negatif,hitmaker
1Gsp0AuOwOg,user_2fcb2962533d,False,1775433600,0,negatif,0.5751,netral,tanpa_emoji,negatif,hitmaker
1Gsp0AuOwOg,user_a68945d9e50f,False,1772755200,0,positif,0.9976,netral,tanpa_emoji,positif,hitmaker
1Gsp0AuOwOg,user_3b89c47f3bba,False,1767657600,0,negatif,0.9186,netral,tanpa_emoji,negatif,hitmaker
1Gsp0AuOwOg,user_cc1e33fc49af,False,1764979200,1,negatif,0.9057,netral,netral,netral,hitmaker
1Gsp0AuOwOg,user_0a92b198288b,False,1764979200,2,negatif,0.9875,netral,netral,netral,hitmaker
1Gsp0AuOwOg,user_5ea02d694b52,False,1762387200,0,positif,0.9941,positif,tanpa_emoji,positif,hitmaker
1Gsp0AuOwOg,user_e79e1b44f03a,False,1759708800,0,negatif,0.9293,positif,positif,positif,hitmaker
1Gsp0AuOwOg,user_ad2e519a1dd4,False,1759708800,0,negatif,0.8422,netral,tanpa_emoji,negatif,hitmaker
1Gsp0AuOwOg,user_fedf62dbc7d2,False,1759708800,0,positif,0.9569,netral,tanpa_emoji,positif,hitmaker
1Gsp0AuOwOg,user_af35195acc7e,False,1759708800,0,negatif,0.9981,negatif,netral,negatif,hitmaker
1Gsp0AuOwOg,user_fd16d23dcbc4,False,1759708800,0,netral,0.8605,netral,tanpa_emoji,netral,hitmaker
1Gsp0AuOwOg,user_b5f01ab7e86f,False,1759708800,1,negatif,0.997,netral,netral,negatif,hitmaker
1Gsp0AuOwOg,user_5b6a7feada88,False,1759708800,0,positif,0.9894,positif,netral,positif,hitmaker
1Gsp0AuOwOg,user_e6060de55d7b,False,1759708800,0,negatif,0.9835,netral,netral,netral,hitmaker
1Gsp0AuOwOg,user_c98c32ccf72b,False,1759708800,0,negatif,0.4839,netral,tanpa_emoji,negatif,hitmaker
1Gsp0AuOwOg,user_c21fddb2cc89,False,1759708800,0,netral,0.3721,positif,tanpa_emoji,netral,hitmaker
1Gsp0AuOwOg,user_6f5948210f1f,False,1759708800,0,netral,0.5339,positif,positif,positif,hitmaker
1Gsp0AuOwOg,user_80b8e4d533f9,False,1759708800,0,netral,0.5663,netral,tanpa_emoji,netral,hitmaker
1Gsp0AuOwOg,user_a83f929b1ae5,False,1759708800,0,positif,0.9242,positif,positif,positif,hitmaker
1Gsp0AuOwOg,user_bb2f7ee94559,False,1759708800,0,negatif,0.6734,positif,positif,negatif,hitmaker
1Gsp0AuOwOg,user_bb2f7ee94559,False,1759708800,0,negatif,0.8023,netral,netral,negatif,hitmaker
1Gsp0AuOwOg,user_36542191124c,False,1759708800,0,netral,0.8214,netral,tanpa_emoji,netral,hitmaker
1Gsp0AuOwOg,user_e98323a90eda,False,1759708800,1,negatif,0.7772,netral,tanpa_emoji,negatif,hitmaker
1Gsp0AuOwOg,user_fddc1a9240b5,True,1759708800,0,negatif,0.6693,netral,tanpa_emoji,negatif,hitmaker
1Gsp0AuOwOg,user_71ed88afbcc8,False,1759708800,0,negatif,0.9005,positif,positif,positif,hitmaker
1Gsp0AuOwOg,user_71ed88afbcc8,False,1759708800,0,negatif,0.9005,positif,positif,positif,hitmaker
1Gsp0AuOwOg,user_71ed88afbcc8,False,1759708800,0,negatif,0.9005,positif,positif,positif,hitmaker
1Gsp0AuOwOg,user_71ed88afbcc8,False,1759708800,0,negatif,0.9005,positif,positif,positif,hitmaker
1Gsp0AuOwOg,user_391616fe4c75,False,1759708800,0,negatif,0.9856,netral,netral,negatif,hitmaker
1Gsp0AuOwOg,user_e153346ce814,False,1759708800,0,negatif,0.716,positif,tanpa_emoji,negatif,hitmaker
1Gsp0AuOwOg,user_e153346ce814,False,1759708800,1,positif,0.9819,positif,tanpa_emoji,positif,hitmaker
1Gsp0AuOwOg,user_e8f3ebbe3dca,False,1759708800,0,netral,0.9202,netral,tanpa_emoji,netral,hitmaker
1Gsp0AuOwOg,user_a3e7af6c0905,False,1759708800,0,negatif,0.9207,netral,tanpa_emoji,negatif,hitmaker
1Gsp0AuOwOg,user_cb070e3a2f67,False,1728172800,1,negatif,0.6143,netral,tanpa_emoji,negatif,hitmaker
1Gsp0AuOwOg,user_e7a3ef28a55c,False,1728172800,2,positif,0.9923,positif,positif,positif,hitmaker
1Gsp0AuOwOg,user_585802ab06b3,False,1728172800,0,netral,0.9118,netral,tanpa_emoji,netral,hitmaker
1Gsp0AuOwOg,user_b6e2d6a1ba75,False,1728172800,0,negatif,0.7557,netral,netral,negatif,hitmaker
1Gsp0AuOwOg,user_e855d4c9f97b,False,1728172800,0,netral,0.9276,netral,tanpa_emoji,netral,hitmaker
1Gsp0AuOwOg,user_e855d4c9f97b,False,1728172800,0,netral,0.9658,netral,tanpa_emoji,netral,hitmaker
1Gsp0AuOwOg,user_e855d4c9f97b,False,1728172800,0,netral,0.9641,netral,tanpa_emoji,netral,hitmaker
1Gsp0AuOwOg,user_e855d4c9f97b,False,1728172800,0,netral,0.8994,netral,tanpa_emoji,netral,hitmaker
1Gsp0AuOwOg,user_585802ab06b3,False,1728172800,1,netral,0.7778,netral,tanpa_emoji,netral,hitmaker
1Gsp0AuOwOg,user_a17e7a3c6f13,False,1728172800,0,positif,0.6724,positif,tanpa_emoji,positif,hitmaker
1Gsp0AuOwOg,user_348aba16931e,False,1728172800,0,negatif,0.9535,netral,tanpa_emoji,negatif,hitmaker
1Gsp0AuOwOg,user_1fac80942d5a,False,1728172800,0,negatif,0.6833,netral,tanpa_emoji,negatif,hitmaker
1Gsp0AuOwOg,user_7b3270757d37,False,1728172800,0,netral,0.9325,positif,positif,netral,hitmaker
1Gsp0AuOwOg,user_6252d8492349,True,1728172800,0,netral,0.9679,netral,tanpa_emoji,netral,hitmaker
1Gsp0AuOwOg,user_68ed3d38787d,False,1728172800,0,negatif,0.5019,netral,tanpa_emoji,negatif,hitmaker
1Gsp0AuOwOg,user_089f7139fcff,False,1728172800,0,positif,0.8731,netral,tanpa_emoji,positif,hitmaker
1Gsp0AuOwOg,user_3cb40073793c,False,1728172800,0,positif,0.9947,positif,tanpa_emoji,positif,hitmaker
1Gsp0AuOwOg,user_9cbb4dc35934,False,1728172800,1,positif,0.8546,positif,tanpa_emoji,positif,hitmaker
1Gsp0AuOwOg,user_a7c8280a9cd0,False,1728172800,0,negatif,0.5152,netral,tanpa_emoji,negatif,hitmaker
1Gsp0AuOwOg,user_7241631ba357,False,1728172800,1,negatif,0.9174,netral,tanpa_emoji,negatif,hitmaker
1Gsp0AuOwOg,user_cdc2370c13c4,False,1728172800,0,negatif,0.9966,positif,tanpa_emoji,negatif,hitmaker
1Gsp0AuOwOg,user_ac7d69027942,False,1728172800,0,negatif,0.6166,netral,tanpa_emoji,negatif,hitmaker
1Gsp0AuOwOg,user_7fdd1c5abc0d,False,1728172800,0,negatif,0.9232,netral,netral,negatif,hitmaker
1Gsp0AuOwOg,user_3e771afb90e9,False,1728172800,0,positif,0.7341,positif,tanpa_emoji,positif,hitmaker
1Gsp0AuOwOg,user_174151138ae4,False,1728172800,0,positif,0.8342,positif,positif,positif,hitmaker
1Gsp0AuOwOg,user_fbf23bab722a,False,1728172800,0,netral,0.8517,netral,tanpa_emoji,netral,hitmaker
1Gsp0AuOwOg,user_3df744cd8027,False,1728172800,0,negatif,0.9414,positif,positif,negatif,hitmaker
1Gsp0AuOwOg,user_44f601130ef9,False,1728172800,2,netral,0.5578,netral,tanpa_emoji,netral,hitmaker
1Gsp0AuOwOg,user_ab749030dbf0,False,1728172800,0,negatif,0.9249,positif,tanpa_emoji,negatif,hitmaker
1Gsp0AuOwOg,user_4a02d8c10e62,False,1728172800,0,positif,0.9934,positif,tanpa_emoji,positif,hitmaker
1Gsp0AuOwOg,user_aa650cc587b5,False,1728172800,0,positif,0.9824,netral,tanpa_emoji,positif,hitmaker
1Gsp0AuOwOg,user_ba5c09b042df,False,1728172800,0,negatif,0.9871,netral,tanpa_emoji,negatif,hitmaker
1Gsp0AuOwOg,user_1a58fce57e2d,False,1728172800,0,positif,0.9646,positif,netral,positif,hitmaker
1Gsp0AuOwOg,user_efc1f916b247,False,1728172800,0,negatif,0.9494,netral,tanpa_emoji,negatif,hitmaker
1Gsp0AuOwOg,user_2edb075dc6fd,False,1728172800,0,negatif,0.9588,negatif,tanpa_emoji,negatif,hitmaker
1Gsp0AuOwOg,user_907eaa19330a,False,1728172800,0,negatif,0.7818,netral,tanpa_emoji,negatif,hitmaker
1Gsp0AuOwOg,user_89fc5d6c377b,False,1728172800,0,positif,0.998,netral,tanpa_emoji,positif,hitmaker
1Gsp0AuOwOg,user_a15914d144d5,False,1728172800,0,netral,0.6956,netral,tanpa_emoji,netral,hitmaker
1Gsp0AuOwOg,user_3534517d3c66,True,1728172800,0,negatif,0.9956,netral,tanpa_emoji,negatif,hitmaker
1Gsp0AuOwOg,user_a15914d144d5,True,1728172800,0,negatif,0.4055,netral,tanpa_emoji,negatif,hitmaker
1Gsp0AuOwOg,user_3534517d3c66,True,1728172800,0,netral,0.9503,negatif,tanpa_emoji,netral,hitmaker
1Gsp0AuOwOg,user_0e57d90972f2,False,1728172800,0,netral,0.9567,netral,tanpa_emoji,netral,hitmaker
1Gsp0AuOwOg,user_a15914d144d5,True,1728172800,1,netral,0.9751,netral,tanpa_emoji,netral,hitmaker
1Gsp0AuOwOg,user_0e57d90972f2,True,1728172800,0,netral,0.9968,netral,tanpa_emoji,netral,hitmaker
1Gsp0AuOwOg,user_a4b77e16272f,True,1728172800,0,netral,0.8684,netral,tanpa_emoji,netral,hitmaker
1Gsp0AuOwOg,user_7e5617c943d2,False,1728172800,1,negatif,0.9651,positif,tanpa_emoji,negatif,hitmaker
1Gsp0AuOwOg,user_cf29c399c45b,False,1728172800,1,negatif,0.4996,netral,tanpa_emoji,negatif,hitmaker
1Gsp0AuOwOg,user_ad1d60dd0fe9,True,1728172800,2,netral,0.988,netral,tanpa_emoji,netral,hitmaker
1Gsp0AuOwOg,user_a15914d144d5,True,1728172800,0,netral,0.9751,netral,tanpa_emoji,netral,hitmaker
1Gsp0AuOwOg,user_3534517d3c66,True,1728172800,0,negatif,0.9869,netral,tanpa_emoji,negatif,hitmaker
1Gsp0AuOwOg,user_9bd2b50f162c,False,1728172800,0,negatif,0.578,netral,tanpa_emoji,negatif,hitmaker
1Gsp0AuOwOg,user_948b11d28e11,False,1728172800,0,positif,0.7333,netral,tanpa_emoji,positif,hitmaker
1Gsp0AuOwOg,user_8ff0d39988a2,False,1728172800,0,netral,0.9928,netral,tanpa_emoji,netral,hitmaker
1Gsp0AuOwOg,user_ad1d60dd0fe9,True,1728172800,1,negatif,0.9388,netral,tanpa_emoji,negatif,hitmaker
1Gsp0AuOwOg,user_fc0318246f25,False,1728172800,0,negatif,0.9507,netral,tanpa_emoji,negatif,hitmaker
1Gsp0AuOwOg,user_ec426b631c71,False,1728172800,0,positif,0.9859,positif,tanpa_emoji,positif,hitmaker
1Gsp0AuOwOg,user_cbf00a041c6f,False,1728172800,0,negatif,0.9984,netral,tanpa_emoji,negatif,hitmaker
1Gsp0AuOwOg,user_10665464b978,False,1728172800,0,positif,0.9978,netral,tanpa_emoji,positif,hitmaker
1Gsp0AuOwOg,user_60d0a18bae15,False,1728172800,0,positif,0.9471,positif,tanpa_emoji,positif,hitmaker
1Gsp0AuOwOg,user_ab03e22a92e3,False,1728172800,1,positif,0.8389,netral,tanpa_emoji,positif,hitmaker
1Gsp0AuOwOg,user_351dd503716f,False,1728172800,1,netral,0.9907,netral,tanpa_emoji,netral,hitmaker
1Gsp0AuOwOg,user_ad1d60dd0fe9,True,1728172800,1,negatif,0.6824,netral,tanpa_emoji,negatif,hitmaker
1Gsp0AuOwOg,user_a9fe25b34ae7,False,1728172800,0,negatif,0.5166,netral,tanpa_emoji,negatif,hitmaker
1Gsp0AuOwOg,user_df9b3e6b7aa8,False,1728172800,0,negatif,0.9889,netral,tanpa_emoji,negatif,hitmaker
1Gsp0AuOwOg,user_f7d302158193,False,1728172800,0,positif,0.9073,positif,tanpa_emoji,positif,hitmaker
1Gsp0AuOwOg,user_be33edee8650,True,1728172800,0,negatif,0.9852,netral,tanpa_emoji,negatif,hitmaker
1Gsp0AuOwOg,user_dc2136753423,False,1728172800,0,positif,0.6407,netral,tanpa_emoji,positif,hitmaker
1Gsp0AuOwOg,user_110320d2c1f9,False,1728172800,0,positif,0.8682,netral,netral,positif,hitmaker
1Gsp0AuOwOg,user_40304ce93ba3,False,1728172800,0,positif,0.9781,positif,tanpa_emoji,positif,hitmaker
1Gsp0AuOwOg,user_05dbaed3b05a,False,1728172800,32,positif,0.9856,positif,tanpa_emoji,positif,hitmaker
1Gsp0AuOwOg,user_7559dd714c62,False,1728172800,2,netral,0.8485,negatif,tanpa_emoji,netral,hitmaker
1Gsp0AuOwOg,user_ad1d60dd0fe9,True,1728172800,1,positif,0.9946,negatif,tanpa_emoji,positif,hitmaker
1Gsp0AuOwOg,user_ee825800b061,False,1728172800,0,negatif,0.6385,netral,tanpa_emoji,negatif,hitmaker
1Gsp0AuOwOg,user_e9dbecd5026c,True,1728172800,0,positif,0.5482,netral,tanpa_emoji,positif,hitmaker
1Gsp0AuOwOg,user_159a3630feeb,False,1728172800,0,positif,0.9967,netral,tanpa_emoji,positif,hitmaker
1Gsp0AuOwOg,user_d5cc2e29c604,False,1728172800,0,positif,0.9924,positif,tanpa_emoji,positif,hitmaker
1Gsp0AuOwOg,user_df66aac04d93,False,1728172800,0,negatif,0.8229,netral,tanpa_emoji,negatif,hitmaker
1Gsp0AuOwOg,user_8bf7620485c6,False,1728172800,0,negatif,0.9968,negatif,netral,negatif,hitmaker
1Gsp0AuOwOg,user_43441937c794,False,1728172800,0,netral,0.4785,netral,tanpa_emoji,netral,hitmaker
1Gsp0AuOwOg,user_128cca26d5f6,False,1728172800,2,positif,0.9895,positif,positif,positif,hitmaker
1Gsp0AuOwOg,user_947b6cc94eb1,False,1728172800,4,positif,0.7347,positif,positif,positif,hitmaker
1Gsp0AuOwOg,user_dad77cd1bf13,False,1728172800,3,positif,0.9941,positif,tanpa_emoji,positif,hitmaker
1Gsp0AuOwOg,user_dad77cd1bf13,False,1728172800,1,positif,0.9982,positif,tanpa_emoji,positif,hitmaker
1Gsp0AuOwOg,user_29e76af447cc,False,1728172800,3,positif,0.9851,netral,tanpa_emoji,positif,hitmaker
1Gsp0AuOwOg,user_035bf3a0f176,False,1728172800,1,negatif,0.9363,netral,tanpa_emoji,negatif,hitmaker
1Gsp0AuOwOg,user_0cbf6fddedb6,False,1728172800,1,netral,0.5335,netral,netral,netral,hitmaker
1Gsp0AuOwOg,user_a1cf69af82b6,False,1728172800,0,netral,0.9612,netral,tanpa_emoji,netral,hitmaker
1Gsp0AuOwOg,user_809482d1a436,False,1728172800,0,positif,0.9735,netral,tanpa_emoji,positif,hitmaker
1Gsp0AuOwOg,user_c5f032f6144f,False,1728172800,2,positif,0.9972,positif,tanpa_emoji,positif,hitmaker
1Gsp0AuOwOg,user_48100c1d78d2,False,1728172800,1,positif,0.9959,positif,netral,positif,hitmaker
1Gsp0AuOwOg,user_947b6cc94eb1,False,1728172800,2,positif,0.9821,positif,positif,positif,hitmaker
1Gsp0AuOwOg,user_84a2d6749f3c,False,1728172800,0,positif,0.7902,positif,tanpa_emoji,positif,hitmaker
1Gsp0AuOwOg,user_fbd04539357a,False,1728172800,2,negatif,0.5793,netral,tanpa_emoji,negatif,hitmaker
1Gsp0AuOwOg,user_0d6bc97b3338,False,1728172800,0,positif,0.8009,positif,netral,positif,hitmaker
1Gsp0AuOwOg,user_de1595470019,False,1728172800,1,positif,0.9679,netral,tanpa_emoji,positif,hitmaker
1Gsp0AuOwOg,user_9c7c6d505158,False,1728172800,0,positif,0.9968,positif,tanpa_emoji,positif,hitmaker
1Gsp0AuOwOg,user_7f84711f9a2d,False,1728172800,0,negatif,0.5772,netral,netral,negatif,hitmaker
1Gsp0AuOwOg,user_a46439446d5c,False,1728172800,0,positif,0.9978,positif,tanpa_emoji,positif,hitmaker
1Gsp0AuOwOg,user_5c616203f0b5,False,1728172800,0,negatif,0.7946,netral,tanpa_emoji,negatif,hitmaker
1Gsp0AuOwOg,user_47e3c4db9a13,False,1728172800,1,positif,0.9848,positif,netral,positif,hitmaker
1Gsp0AuOwOg,user_3bf63f42610c,False,1728172800,1,positif,0.9175,positif,tanpa_emoji,positif,hitmaker
1Gsp0AuOwOg,user_518448d567b7,False,1728172800,0,positif,0.9356,positif,netral,positif,hitmaker
1Gsp0AuOwOg,user_9373a0274cf0,False,1728172800,0,negatif,0.9825,netral,tanpa_emoji,negatif,hitmaker
1Gsp0AuOwOg,user_872db1e02146,False,1728172800,0,negatif,0.8048,netral,tanpa_emoji,negatif,hitmaker
1Gsp0AuOwOg,user_5ab23d13cdec,False,1728172800,1,positif,0.6284,negatif,tanpa_emoji,positif,hitmaker
1Gsp0AuOwOg,user_e62e9587d802,False,1728172800,0,positif,0.9883,positif,tanpa_emoji,positif,hitmaker
1Gsp0AuOwOg,user_7d28c186c136,False,1728172800,0,negatif,0.9973,positif,netral,negatif,hitmaker
1Gsp0AuOwOg,user_518c3ca896c3,False,1728172800,0,negatif,0.9854,netral,tanpa_emoji,negatif,hitmaker
1Gsp0AuOwOg,user_5fecf6674f2a,False,1728172800,0,negatif,0.9982,netral,tanpa_emoji,negatif,hitmaker
1Gsp0AuOwOg,user_b2c41769f1dd,False,1728172800,0,positif,0.5767,netral,tanpa_emoji,positif,hitmaker
1Gsp0AuOwOg,user_5aed916d5a39,False,1728172800,1,positif,0.9928,positif,positif,positif,hitmaker
1Gsp0AuOwOg,user_7eb1445a7295,False,1728172800,2,positif,0.9112,positif,positif,positif,hitmaker
1Gsp0AuOwOg,user_ede3ddf7afe8,False,1728172800,0,negatif,0.5793,netral,tanpa_emoji,negatif,hitmaker
1Gsp0AuOwOg,user_76ac5eae4598,False,1728172800,1,positif,0.9912,positif,positif,positif,hitmaker
1Gsp0AuOwOg,user_a79273a9aa14,False,1728172800,1,positif,0.9916,positif,tanpa_emoji,positif,hitmaker
1Gsp0AuOwOg,user_6e604f796c0f,False,1728172800,0,negatif,0.5306,netral,tanpa_emoji,negatif,hitmaker
1Gsp0AuOwOg,user_6e604f796c0f,False,1728172800,0,negatif,0.5306,netral,tanpa_emoji,negatif,hitmaker
1Gsp0AuOwOg,user_6e604f796c0f,False,1728172800,1,netral,0.9609,netral,tanpa_emoji,netral,hitmaker
1Gsp0AuOwOg,user_d5fbf09d70b3,False,1728172800,0,positif,0.9963,positif,tanpa_emoji,positif,hitmaker
1Gsp0AuOwOg,user_23cb365d6de8,False,1728172800,0,negatif,0.966,netral,netral,negatif,hitmaker
1Gsp0AuOwOg,user_da179397393d,False,1728172800,0,negatif,0.997,positif,tanpa_emoji,negatif,hitmaker
1Gsp0AuOwOg,user_75e0c2f391c7,False,1728172800,0,positif,0.998,positif,tanpa_emoji,positif,hitmaker
1Gsp0AuOwOg,user_30a6b2e94a16,False,1728172800,1,positif,0.9792,positif,positif,positif,hitmaker
1Gsp0AuOwOg,user_5ad038fdd6c0,False,1728172800,0,negatif,0.9967,positif,tanpa_emoji,negatif,hitmaker
1Gsp0AuOwOg,user_ad08b5d8a5c7,False,1728172800,1,positif,0.925,positif,tanpa_emoji,positif,hitmaker
1Gsp0AuOwOg,user_ae2da4d5bc8f,False,1728172800,0,negatif,0.7702,netral,tanpa_emoji,negatif,hitmaker
1Gsp0AuOwOg,user_c0808862c5da,False,1728172800,2,negatif,0.9728,positif,netral,negatif,hitmaker
1Gsp0AuOwOg,user_06c1d2b46de6,False,1728172800,1,positif,0.7527,netral,tanpa_emoji,positif,hitmaker
1Gsp0AuOwOg,user_bf6fd7c0219c,False,1728172800,1,positif,0.998,positif,tanpa_emoji,positif,hitmaker
1Gsp0AuOwOg,user_e4800db79d52,False,1728172800,2,positif,0.9978,positif,tanpa_emoji,positif,hitmaker
1Gsp0AuOwOg,user_bcd604ea3563,False,1728172800,1,negatif,0.9145,positif,netral,negatif,hitmaker
1Gsp0AuOwOg,user_592d0cdf57a6,False,1728172800,7,negatif,0.9835,positif,positif,negatif,hitmaker
1Gsp0AuOwOg,user_ddfea5d3a26b,False,1728172800,0,positif,0.9709,positif,tanpa_emoji,positif,hitmaker
1Gsp0AuOwOg,user_e4800db79d52,True,1728172800,0,positif,0.6758,netral,tanpa_emoji,positif,hitmaker
1Gsp0AuOwOg,user_a88bc648d1a5,False,1728172800,0,negatif,0.9118,netral,netral,negatif,hitmaker
1Gsp0AuOwOg,user_853dbf232e80,False,1728172800,1,positif,0.9914,positif,tanpa_emoji,positif,hitmaker
1Gsp0AuOwOg,user_7c54d2a8b813,False,1728172800,1,netral,0.9916,netral,tanpa_emoji,netral,hitmaker
1Gsp0AuOwOg,user_0336f0ebe047,False,1728172800,1,negatif,0.5202,positif,tanpa_emoji,negatif,hitmaker
1Gsp0AuOwOg,user_5f75706e0cdf,False,1728172800,3,positif,0.9928,positif,positif,positif,hitmaker
1Gsp0AuOwOg,user_dc787be0cdf5,False,1728172800,1,positif,0.9934,positif,tanpa_emoji,positif,hitmaker
1Gsp0AuOwOg,user_ccdaebb93e7e,False,1728172800,1,positif,0.9938,positif,positif,positif,hitmaker
1Gsp0AuOwOg,user_202515c2489e,False,1728172800,1,negatif,0.9912,positif,tanpa_emoji,negatif,hitmaker
1Gsp0AuOwOg,user_cfaf042207ee,False,1728172800,2,positif,0.9731,positif,tanpa_emoji,positif,hitmaker
1Gsp0AuOwOg,user_aecfd3a5f7bc,False,1728172800,1,positif,0.9862,positif,tanpa_emoji,positif,hitmaker
1Gsp0AuOwOg,user_7f9bf19978d7,False,1728172800,0,netral,0.4931,netral,tanpa_emoji,netral,hitmaker
1Gsp0AuOwOg,user_8fcbbfcf2298,False,1728172800,0,negatif,0.8195,netral,tanpa_emoji,negatif,hitmaker
1Gsp0AuOwOg,user_6bda5259989d,False,1728172800,0,negatif,0.9706,netral,tanpa_emoji,negatif,hitmaker
1Gsp0AuOwOg,user_671f52cf1f52,False,1728172800,1,positif,0.3582,positif,positif,positif,hitmaker
1Gsp0AuOwOg,user_f57d9b7dfbcc,False,1728172800,1,netral,0.609,netral,netral,netral,hitmaker
1Gsp0AuOwOg,user_5f75706e0cdf,False,1728172800,12,positif,0.9861,positif,positif,positif,hitmaker
1Gsp0AuOwOg,user_dc3397b03bc5,True,1728172800,1,negatif,0.9119,positif,positif,negatif,hitmaker
1Gsp0AuOwOg,user_5f75706e0cdf,True,1728172800,1,netral,0.8155,netral,tanpa_emoji,netral,hitmaker
1Gsp0AuOwOg,user_e67e507721c8,False,1728172800,1,positif,0.9007,netral,tanpa_emoji,positif,hitmaker
1Gsp0AuOwOg,user_56373241a8b1,False,1728172800,1,positif,0.9969,negatif,tanpa_emoji,positif,hitmaker
1Gsp0AuOwOg,user_b76c6c3d7cdf,False,1728172800,1,netral,0.7006,netral,tanpa_emoji,netral,hitmaker
1Gsp0AuOwOg,user_2b176dfb2849,False,1728172800,1,negatif,0.9283,positif,netral,negatif,hitmaker
1Gsp0AuOwOg,user_189ae821449b,False,1728172800,1,positif,0.9309,negatif,tanpa_emoji,positif,hitmaker
1Gsp0AuOwOg,user_7512ac158634,False,1728172800,0,positif,0.8526,positif,tanpa_emoji,positif,hitmaker
1Gsp0AuOwOg,user_a12c7a5955c2,False,1728172800,0,positif,0.8024,positif,tanpa_emoji,positif,hitmaker
1Gsp0AuOwOg,user_d8cc5ae03125,False,1728172800,1,positif,0.9944,positif,positif,positif,hitmaker
1Gsp0AuOwOg,user_d8cc5ae03125,False,1728172800,1,positif,0.9648,positif,tanpa_emoji,positif,hitmaker
1Gsp0AuOwOg,user_d8cc5ae03125,False,1728172800,1,positif,0.9833,positif,positif,positif,hitmaker
1Gsp0AuOwOg,user_0a8ea7a20b68,False,1728172800,1,positif,0.9448,positif,tanpa_emoji,positif,hitmaker
1Gsp0AuOwOg,user_7f49346a6054,False,1728172800,1,positif,0.9483,positif,positif,positif,hitmaker
1Gsp0AuOwOg,user_a332cb378527,False,1728172800,1,negatif,0.9294,netral,tanpa_emoji,negatif,hitmaker
1Gsp0AuOwOg,user_5b26cfb17023,False,1728172800,1,positif,0.9872,netral,tanpa_emoji,positif,hitmaker
1Gsp0AuOwOg,user_0038190d7388,False,1728172800,1,negatif,0.4657,netral,tanpa_emoji,negatif,hitmaker
1Gsp0AuOwOg,user_420746dfe39f,True,1728172800,0,negatif,0.9608,netral,tanpa_emoji,negatif,hitmaker
1Gsp0AuOwOg,user_67864b382b79,False,1728172800,1,negatif,0.5807,netral,tanpa_emoji,negatif,hitmaker
1Gsp0AuOwOg,user_eeb54c0140b8,False,1728172800,2,negatif,0.796,netral,tanpa_emoji,negatif,hitmaker
1Gsp0AuOwOg,user_68666302138c,False,1728172800,2,positif,0.7224,positif,tanpa_emoji,positif,hitmaker
1Gsp0AuOwOg,user_eafe457c622c,False,1728172800,5,positif,0.995,positif,tanpa_emoji,positif,hitmaker
1Gsp0AuOwOg,user_54723131bd00,False,1728172800,2,netral,0.9341,netral,tanpa_emoji,netral,hitmaker
1Gsp0AuOwOg,user_66609f4c55d9,False,1728172800,3,positif,0.9958,positif,positif,positif,hitmaker
1Gsp0AuOwOg,user_9aea534d87cb,False,1728172800,2,positif,0.5039,positif,tanpa_emoji,positif,hitmaker
1Gsp0AuOwOg,user_6aace3a48b85,False,1728172800,2,negatif,0.9863,negatif,netral,negatif,hitmaker
1Gsp0AuOwOg,user_da578e9d1ac2,False,1728172800,2,negatif,0.9956,negatif,tanpa_emoji,negatif,hitmaker
1Gsp0AuOwOg,user_83d0443da917,False,1728172800,3,positif,0.9981,positif,tanpa_emoji,positif,hitmaker
1Gsp0AuOwOg,user_56d97eab041e,False,1728172800,2,negatif,0.8578,netral,tanpa_emoji,negatif,hitmaker
1Gsp0AuOwOg,user_8bb1b92841cf,False,1728172800,2,positif,0.976,netral,tanpa_emoji,positif,hitmaker
1Gsp0AuOwOg,user_cf0d69dd1d3f,False,1728172800,2,positif,0.7277,positif,positif,positif,hitmaker
1Gsp0AuOwOg,user_cf0d69dd1d3f,False,1728172800,1,positif,0.7107,negatif,tanpa_emoji,positif,hitmaker
1Gsp0AuOwOg,user_ce09b8d306c1,False,1728172800,1,negatif,0.9733,positif,tanpa_emoji,negatif,hitmaker
1Gsp0AuOwOg,user_dd1d5f55815a,False,1728172800,1,negatif,0.9482,netral,tanpa_emoji,negatif,hitmaker
1Gsp0AuOwOg,user_2140af8d88dc,False,1728172800,3,positif,0.994,positif,netral,positif,hitmaker
1Gsp0AuOwOg,user_11757c8e54be,False,1728172800,1,negatif,0.9974,positif,tanpa_emoji,negatif,hitmaker
1Gsp0AuOwOg,user_b7f8c46204a4,False,1728172800,2,negatif,0.8579,netral,tanpa_emoji,negatif,hitmaker
1Gsp0AuOwOg,user_f59661d21b27,False,1728172800,2,negatif,0.9894,positif,tanpa_emoji,negatif,hitmaker
1Gsp0AuOwOg,user_a75d7faaac4c,False,1728172800,1,negatif,0.9979,netral,tanpa_emoji,negatif,hitmaker
1Gsp0AuOwOg,user_0dcbcee38869,False,1728172800,3,negatif,0.6276,positif,positif,negatif,hitmaker
1Gsp0AuOwOg,user_62cd7244a5c6,False,1728172800,1,negatif,0.9932,netral,tanpa_emoji,negatif,hitmaker
1Gsp0AuOwOg,user_6efeceee5d25,False,1728172800,2,negatif,0.7231,netral,tanpa_emoji,negatif,hitmaker
1Gsp0AuOwOg,user_d0192d667af7,False,1728172800,8,positif,0.9849,positif,tanpa_emoji,positif,hitmaker
1Gsp0AuOwOg,user_420746dfe39f,True,1728172800,0,negatif,0.9716,netral,netral,netral,hitmaker
1Gsp0AuOwOg,user_bc1daf5ff404,False,1728172800,1,positif,0.7234,netral,tanpa_emoji,positif,hitmaker
1Gsp0AuOwOg,user_e4fc0558fd2a,False,1728172800,2,netral,0.9328,positif,tanpa_emoji,netral,hitmaker
1Gsp0AuOwOg,user_1bc2cf7741d1,False,1728172800,0,positif,0.9766,netral,tanpa_emoji,positif,hitmaker
1Gsp0AuOwOg,user_28d202d98d83,True,1728172800,0,negatif,0.9842,netral,tanpa_emoji,negatif,hitmaker
1Gsp0AuOwOg,user_c99f45eec897,True,1728172800,0,netral,0.5083,netral,tanpa_emoji,netral,hitmaker
1Gsp0AuOwOg,user_4d6fec41a815,False,1728172800,1,negatif,0.9472,netral,tanpa_emoji,negatif,hitmaker
1Gsp0AuOwOg,user_4ace5188318f,False,1728172800,1,netral,0.4307,positif,positif,positif,hitmaker
1Gsp0AuOwOg,user_cf1f72e1b268,False,1728172800,2,positif,0.9253,positif,tanpa_emoji,positif,hitmaker
1Gsp0AuOwOg,user_a5f7aa774423,False,1728172800,1,netral,0.5233,netral,tanpa_emoji,netral,hitmaker
1Gsp0AuOwOg,user_c192421d51f9,False,1728172800,2,negatif,0.801,netral,tanpa_emoji,negatif,hitmaker
1Gsp0AuOwOg,user_5616c8ead67e,False,1728172800,1,positif,0.7832,netral,tanpa_emoji,positif,hitmaker
1Gsp0AuOwOg,user_537729881f46,True,1728172800,0,negatif,0.9957,negatif,tanpa_emoji,negatif,hitmaker
1Gsp0AuOwOg,user_7c33fc634b7b,False,1728172800,1,positif,0.9914,positif,tanpa_emoji,positif,hitmaker
1Gsp0AuOwOg,user_0db4559f0273,False,1728172800,1,positif,0.9028,positif,positif,positif,hitmaker
1Gsp0AuOwOg,user_1e8990edcaa5,False,1728172800,2,positif,0.9625,positif,positif,positif,hitmaker
1Gsp0AuOwOg,user_b6ca520b92d6,False,1728172800,4,positif,0.7032,negatif,tanpa_emoji,positif,hitmaker
1Gsp0AuOwOg,user_bc3cc0701916,True,1728172800,1,netral,0.9574,netral,tanpa_emoji,netral,hitmaker
1Gsp0AuOwOg,user_b6ca520b92d6,True,1728172800,0,netral,0.8305,netral,tanpa_emoji,netral,hitmaker
1Gsp0AuOwOg,user_9a4237a548a8,False,1728172800,1,negatif,0.7585,netral,netral,netral,hitmaker
1Gsp0AuOwOg,user_5e9b62bce8e0,False,1728172800,1,netral,0.9971,netral,tanpa_emoji,netral,hitmaker
1Gsp0AuOwOg,user_257c32c1046a,False,1728172800,1,netral,0.7939,positif,tanpa_emoji,netral,hitmaker
1Gsp0AuOwOg,user_257c32c1046a,False,1728172800,1,positif,0.953,positif,tanpa_emoji,positif,hitmaker
1Gsp0AuOwOg,user_101bb64b3289,False,1728172800,1,positif,0.4396,positif,positif,positif,hitmaker
1Gsp0AuOwOg,user_36a484151d2f,False,1728172800,1,negatif,0.7848,netral,tanpa_emoji,negatif,hitmaker
1Gsp0AuOwOg,user_6e4f76361047,False,1728172800,1,negatif,0.6091,positif,positif,negatif,hitmaker
1Gsp0AuOwOg,user_86ed16e16779,False,1728172800,0,netral,0.7769,netral,tanpa_emoji,netral,hitmaker
1Gsp0AuOwOg,user_0ce974f97c4b,False,1728172800,3,positif,0.9748,positif,positif,positif,hitmaker
1Gsp0AuOwOg,user_d7f8fcc80d38,False,1728172800,4,positif,0.5756,netral,tanpa_emoji,positif,hitmaker
1Gsp0AuOwOg,user_16ee36b98bd8,True,1789430400,0,negatif,0.9704,positif,positif,positif,hitmaker
1Gsp0AuOwOg,user_dbc9a641a778,False,1728172800,80,positif,0.9858,netral,netral,positif,hitmaker
1Gsp0AuOwOg,user_48100c1d78d2,True,1728172800,1,netral,0.9372,netral,tanpa_emoji,netral,hitmaker
1Gsp0AuOwOg,user_e056ffecb263,True,1728172800,0,netral,0.668,negatif,tanpa_emoji,netral,hitmaker
1Gsp0AuOwOg,user_6cda57299eb2,True,1728172800,0,positif,0.7033,positif,positif,positif,hitmaker
1Gsp0AuOwOg,user_93e0fa093455,False,1728172800,0,positif,0.5798,netral,tanpa_emoji,positif,hitmaker
1Gsp0AuOwOg,user_257c32c1046a,False,1728172800,1,positif,0.5791,positif,positif,positif,hitmaker
1Gsp0AuOwOg,user_257c32c1046a,False,1728172800,1,positif,0.8993,positif,tanpa_emoji,positif,hitmaker
1Gsp0AuOwOg,user_0ca3dae5bd5a,False,1728172800,2,positif,0.9506,positif,tanpa_emoji,positif,hitmaker
1Gsp0AuOwOg,user_b8e720a5e885,False,1728172800,0,negatif,0.7285,netral,tanpa_emoji,negatif,hitmaker
1Gsp0AuOwOg,user_33bbf1f136ac,False,1728172800,0,netral,0.4939,netral,tanpa_emoji,netral,hitmaker
1Gsp0AuOwOg,user_c3a81b627624,False,1728172800,0,negatif,0.9402,netral,tanpa_emoji,negatif,hitmaker
1Gsp0AuOwOg,user_b4a372ca4094,False,1728172800,0,negatif,0.7855,positif,netral,negatif,hitmaker
1Gsp0AuOwOg,user_528fe31a0cf0,False,1728172800,0,positif,0.9565,positif,positif,positif,hitmaker
1Gsp0AuOwOg,user_e17751aa194d,False,1728172800,0,positif,0.6473,positif,positif,positif,hitmaker
1Gsp0AuOwOg,user_5eace04a4552,False,1728172800,0,negatif,0.8552,netral,tanpa_emoji,negatif,hitmaker
1Gsp0AuOwOg,user_bbc21bc7f3e6,False,1728172800,3,positif,0.9972,positif,tanpa_emoji,positif,hitmaker
1Gsp0AuOwOg,user_d70ade4506e9,False,1696550400,0,negatif,0.9886,positif,tanpa_emoji,negatif,hitmaker
1Gsp0AuOwOg,user_148f95ebe1e8,True,1728172800,0,negatif,0.7851,netral,netral,negatif,hitmaker
1Gsp0AuOwOg,user_1bb3b646e2db,False,1696550400,0,negatif,0.9089,netral,tanpa_emoji,negatif,hitmaker
1Gsp0AuOwOg,user_fa12e89da56c,False,1696550400,2,positif,0.9909,positif,tanpa_emoji,positif,hitmaker
1Gsp0AuOwOg,user_e55a58187eac,False,1696550400,1,netral,0.7112,positif,positif,netral,hitmaker
1Gsp0AuOwOg,user_d811b06551d2,False,1696550400,1,positif,0.7144,positif,positif,positif,hitmaker
1Gsp0AuOwOg,user_9330ea43fd19,False,1696550400,1,negatif,0.5957,negatif,tanpa_emoji,negatif,hitmaker
1Gsp0AuOwOg,user_9095e12edd04,False,1696550400,3,negatif,0.8134,negatif,tanpa_emoji,negatif,hitmaker
1Gsp0AuOwOg,user_4797fb801eee,False,1696550400,0,positif,0.8071,positif,netral,positif,hitmaker
1Gsp0AuOwOg,user_354c29266138,False,1696550400,14,positif,0.9953,positif,positif,positif,hitmaker
1Gsp0AuOwOg,user_0fb3a2000812,True,1728172800,0,negatif,0.9903,positif,tanpa_emoji,negatif,hitmaker
1Gsp0AuOwOg,user_c1787e6eb4f2,False,1696550400,0,negatif,0.9463,netral,netral,negatif,hitmaker
1Gsp0AuOwOg,user_32c6b18a8ba9,False,1696550400,0,negatif,0.8519,netral,tanpa_emoji,negatif,hitmaker
1Gsp0AuOwOg,user_f4188c8c1a0e,False,1696550400,0,negatif,0.9745,netral,tanpa_emoji,negatif,hitmaker
1Gsp0AuOwOg,user_2049598c02de,False,1696550400,0,negatif,0.3629,netral,tanpa_emoji,negatif,hitmaker
1Gsp0AuOwOg,user_34b16a8b8b9c,False,1696550400,0,negatif,0.8648,netral,netral,negatif,hitmaker
1Gsp0AuOwOg,user_3b7ac7280893,False,1696550400,0,positif,0.9331,netral,tanpa_emoji,positif,hitmaker
1Gsp0AuOwOg,user_869fec6ab785,False,1696550400,0,negatif,0.9967,netral,netral,negatif,hitmaker
1Gsp0AuOwOg,user_db5a504ca6e9,False,1696550400,0,negatif,0.7914,netral,tanpa_emoji,negatif,hitmaker
1Gsp0AuOwOg,user_c29e3e65c58b,False,1696550400,0,positif,0.982,positif,tanpa_emoji,positif,hitmaker
1Gsp0AuOwOg,user_127f8083c446,False,1696550400,0,negatif,0.6167,netral,tanpa_emoji,negatif,hitmaker
1Gsp0AuOwOg,user_8fa954cf4a0b,False,1696550400,0,positif,0.9795,positif,tanpa_emoji,positif,hitmaker
1Gsp0AuOwOg,user_ac4fa88ab7da,False,1696550400,93,netral,0.6017,netral,tanpa_emoji,netral,hitmaker
1Gsp0AuOwOg,user_170b47ca8389,False,1696550400,0,positif,0.9718,positif,tanpa_emoji,positif,hitmaker
1Gsp0AuOwOg,user_bb04af7afa15,False,1696550400,1,positif,0.8099,netral,tanpa_emoji,positif,hitmaker
1Gsp0AuOwOg,user_3ec2f7c26dea,False,1696550400,0,positif,0.9648,positif,positif,positif,hitmaker
1Gsp0AuOwOg,user_84b7bea303ff,False,1696550400,0,netral,0.7856,netral,tanpa_emoji,netral,hitmaker
1Gsp0AuOwOg,user_82272e88c759,False,1696550400,0,positif,0.9444,negatif,tanpa_emoji,positif,hitmaker
1Gsp0AuOwOg,user_34e109ca15d1,False,1696550400,0,negatif,0.9712,positif,tanpa_emoji,negatif,hitmaker
1Gsp0AuOwOg,user_d4c4466e8c1d,False,1696550400,4,negatif,0.7399,positif,positif,negatif,hitmaker
1Gsp0AuOwOg,user_b5879316635a,False,1696550400,0,negatif,0.9634,negatif,tanpa_emoji,negatif,hitmaker
1Gsp0AuOwOg,user_83e4c58f97c5,False,1696550400,0,positif,0.9044,netral,tanpa_emoji,positif,hitmaker
1Gsp0AuOwOg,user_d9955c71621d,False,1696550400,0,negatif,0.9447,positif,tanpa_emoji,negatif,hitmaker
1Gsp0AuOwOg,user_54f4b35fa6ef,False,1696550400,0,positif,0.9646,positif,tanpa_emoji,positif,hitmaker
1Gsp0AuOwOg,user_895f8b2904ac,False,1696550400,3,negatif,0.9899,positif,positif,negatif,hitmaker
1Gsp0AuOwOg,user_faa428a786d8,False,1696550400,0,positif,0.5167,netral,tanpa_emoji,positif,hitmaker
1Gsp0AuOwOg,user_d75f3a9226d5,False,1696550400,12,positif,0.9922,positif,positif,positif,hitmaker
1Gsp0AuOwOg,user_c38ab7cfede5,False,1696550400,0,positif,0.9713,positif,tanpa_emoji,positif,hitmaker
1Gsp0AuOwOg,user_a97837313eb5,False,1696550400,0,netral,0.5586,positif,tanpa_emoji,netral,hitmaker
1Gsp0AuOwOg,user_2d05e8e59257,False,1696550400,0,negatif,0.8114,netral,tanpa_emoji,negatif,hitmaker
1Gsp0AuOwOg,user_95c3e50fe0bb,False,1696550400,0,negatif,0.9527,netral,tanpa_emoji,negatif,hitmaker
1Gsp0AuOwOg,user_5514904fdc5b,False,1696550400,0,positif,0.9918,positif,tanpa_emoji,positif,hitmaker
1Gsp0AuOwOg,user_62e866f557b1,False,1696550400,0,negatif,0.971,positif,tanpa_emoji,negatif,hitmaker
1Gsp0AuOwOg,user_96d466673ae6,False,1696550400,0,negatif,0.9988,netral,tanpa_emoji,negatif,hitmaker
1Gsp0AuOwOg,user_94c0f80ebb2d,False,1696550400,0,negatif,0.9737,positif,positif,negatif,hitmaker
1Gsp0AuOwOg,user_5952e86f8542,False,1696550400,2,positif,0.9562,negatif,netral,positif,hitmaker
1Gsp0AuOwOg,user_f7319bf780fc,False,1696550400,0,netral,0.9247,netral,tanpa_emoji,netral,hitmaker
1Gsp0AuOwOg,user_87627089d631,False,1696550400,0,netral,0.3788,positif,positif,positif,hitmaker
1Gsp0AuOwOg,user_af4b2be3a738,False,1696550400,0,negatif,0.5256,negatif,tanpa_emoji,negatif,hitmaker
1Gsp0AuOwOg,user_b8d503887661,False,1696550400,16,positif,0.9904,netral,tanpa_emoji,positif,hitmaker
1Gsp0AuOwOg,user_ea8686462ba7,False,1696550400,0,negatif,0.8546,netral,tanpa_emoji,negatif,hitmaker
1Gsp0AuOwOg,user_1a6f9ea80157,False,1696550400,1,positif,0.9777,netral,tanpa_emoji,positif,hitmaker
1Gsp0AuOwOg,user_6bcb6a649f30,False,1696550400,0,negatif,0.9975,netral,netral,negatif,hitmaker
1Gsp0AuOwOg,user_6210c6ee153e,False,1696550400,1,negatif,0.7208,netral,tanpa_emoji,negatif,hitmaker
1Gsp0AuOwOg,user_6210c6ee153e,False,1696550400,0,negatif,0.9974,netral,netral,negatif,hitmaker
1Gsp0AuOwOg,user_2905be65c788,False,1696550400,0,negatif,0.6476,netral,tanpa_emoji,negatif,hitmaker
1Gsp0AuOwOg,user_ed85f27630b1,False,1696550400,0,negatif,0.6273,netral,tanpa_emoji,negatif,hitmaker
1Gsp0AuOwOg,user_b63cc398aec8,False,1696550400,3,negatif,0.8956,positif,positif,negatif,hitmaker
1Gsp0AuOwOg,user_144dfcd57b7b,False,1696550400,5,positif,0.999,negatif,tanpa_emoji,positif,hitmaker
1Gsp0AuOwOg,user_151369da227d,False,1696550400,0,positif,0.555,netral,tanpa_emoji,positif,hitmaker
1Gsp0AuOwOg,user_17f6603e6238,False,1696550400,0,negatif,0.656,netral,tanpa_emoji,negatif,hitmaker
1Gsp0AuOwOg,user_8dfbe436bafd,False,1696550400,0,positif,0.978,positif,positif,positif,hitmaker
1Gsp0AuOwOg,user_5d6890238bc6,False,1696550400,0,positif,0.8185,positif,positif,positif,hitmaker
1Gsp0AuOwOg,user_d59df9f14f5f,False,1696550400,0,negatif,0.8184,netral,tanpa_emoji,negatif,hitmaker
1Gsp0AuOwOg,user_178784d2a52c,False,1696550400,0,positif,0.8174,positif,tanpa_emoji,positif,hitmaker
1Gsp0AuOwOg,user_bf22ae122a96,False,1696550400,1,negatif,0.9367,negatif,tanpa_emoji,negatif,hitmaker
1Gsp0AuOwOg,user_c645fb7cdf28,False,1696550400,0,netral,0.5271,positif,tanpa_emoji,netral,hitmaker
1Gsp0AuOwOg,user_3cb3386f7264,False,1696550400,0,negatif,0.9711,netral,tanpa_emoji,negatif,hitmaker
1Gsp0AuOwOg,user_bf2d773abde3,False,1696550400,2,positif,0.9973,netral,tanpa_emoji,positif,hitmaker
1Gsp0AuOwOg,user_6ff4c8baf9ec,False,1696550400,0,negatif,0.8128,netral,tanpa_emoji,negatif,hitmaker
1Gsp0AuOwOg,user_e4800db79d52,True,1696550400,0,negatif,0.3788,netral,tanpa_emoji,negatif,hitmaker
1Gsp0AuOwOg,user_9e4b4dadc0d6,False,1696550400,1,netral,0.6706,netral,tanpa_emoji,netral,hitmaker
1Gsp0AuOwOg,user_264496a88bb2,False,1696550400,2,positif,0.5442,netral,tanpa_emoji,positif,hitmaker
1Gsp0AuOwOg,user_f6a6ce3f4fde,False,1696550400,0,negatif,0.9023,netral,tanpa_emoji,negatif,hitmaker
1Gsp0AuOwOg,user_549c4b566015,False,1696550400,2,positif,0.9886,positif,tanpa_emoji,positif,hitmaker
1Gsp0AuOwOg,user_496caa22d488,False,1696550400,0,negatif,0.6993,negatif,tanpa_emoji,negatif,hitmaker
1Gsp0AuOwOg,user_50a256e0d51a,False,1696550400,0,negatif,0.9871,netral,tanpa_emoji,negatif,hitmaker
1Gsp0AuOwOg,user_87191a205dd3,False,1696550400,2,positif,0.8916,positif,positif,positif,hitmaker
1Gsp0AuOwOg,user_9b387ff01c07,False,1696550400,0,negatif,0.905,positif,tanpa_emoji,negatif,hitmaker
1Gsp0AuOwOg,user_11215850ab15,False,1696550400,5,positif,0.9842,positif,positif,positif,hitmaker
1Gsp0AuOwOg,user_ed0f96dc60dd,False,1696550400,2,netral,0.6674,positif,positif,netral,hitmaker
1Gsp0AuOwOg,user_03d091eb63b2,False,1696550400,5,positif,0.9966,positif,positif,positif,hitmaker
1Gsp0AuOwOg,user_edcb4ee7aeb5,False,1696550400,11,positif,0.9893,positif,tanpa_emoji,positif,hitmaker
1Gsp0AuOwOg,user_4c40386e8b50,False,1696550400,1,negatif,0.972,positif,tanpa_emoji,negatif,hitmaker
1Gsp0AuOwOg,user_5203416c18a3,False,1696550400,0,negatif,0.9273,positif,positif,positif,hitmaker
1Gsp0AuOwOg,user_d634ea729d8a,False,1696550400,2,positif,0.9457,positif,positif,positif,hitmaker
1Gsp0AuOwOg,user_435dcd40dc0f,False,1696550400,5,netral,0.8845,positif,positif,netral,hitmaker
1Gsp0AuOwOg,user_72731693103c,False,1696550400,5,negatif,0.9337,negatif,tanpa_emoji,negatif,hitmaker
1Gsp0AuOwOg,user_84a2d6749f3c,False,1696550400,2,negatif,0.7051,positif,positif,negatif,hitmaker
1Gsp0AuOwOg,user_f76522239c33,False,1696550400,18,positif,0.9672,positif,tanpa_emoji,positif,hitmaker
1Gsp0AuOwOg,user_22d518bd1236,False,1696550400,1,positif,0.9179,positif,tanpa_emoji,positif,hitmaker
1Gsp0AuOwOg,user_523e5d3839a7,False,1696550400,0,negatif,0.8098,netral,netral,negatif,hitmaker
1Gsp0AuOwOg,user_523e5d3839a7,False,1696550400,0,negatif,0.5487,netral,tanpa_emoji,negatif,hitmaker
1Gsp0AuOwOg,user_523e5d3839a7,True,1696550400,0,netral,0.7107,netral,tanpa_emoji,netral,hitmaker
1Gsp0AuOwOg,user_47549a4fc9bb,False,1696550400,0,negatif,0.5778,netral,tanpa_emoji,negatif,hitmaker
1Gsp0AuOwOg,user_72f66d12a55d,False,1696550400,0,negatif,0.9978,netral,tanpa_emoji,negatif,hitmaker
1Gsp0AuOwOg,user_23a78a61cf19,False,1696550400,0,netral,0.5447,netral,tanpa_emoji,netral,hitmaker
1Gsp0AuOwOg,user_b1d2831c180f,False,1696550400,1,netral,0.9597,netral,netral,netral,hitmaker
1Gsp0AuOwOg,user_f0294bfd882b,False,1696550400,45,positif,0.9958,negatif,tanpa_emoji,positif,hitmaker
1Gsp0AuOwOg,user_4811c8c122c5,False,1696550400,2,negatif,0.9981,netral,tanpa_emoji,negatif,hitmaker
1Gsp0AuOwOg,user_40659b8f3508,False,1696550400,0,positif,0.7075,positif,netral,positif,hitmaker
1Gsp0AuOwOg,user_e4800db79d52,True,1696550400,1,negatif,0.9217,negatif,tanpa_emoji,negatif,hitmaker
1Gsp0AuOwOg,user_85b4246ca6ce,False,1696550400,0,netral,0.9966,netral,tanpa_emoji,netral,hitmaker
1Gsp0AuOwOg,user_ba3d737c7f33,False,1696550400,6,positif,0.9765,positif,netral,positif,hitmaker
1Gsp0AuOwOg,user_10e45b4bf27e,True,1696550400,1,negatif,0.818,netral,netral,negatif,hitmaker
1Gsp0AuOwOg,user_ba2beb7ec338,False,1696550400,0,negatif,0.77,netral,tanpa_emoji,negatif,hitmaker
1Gsp0AuOwOg,user_fe05cab0c090,False,1696550400,0,negatif,0.9872,netral,tanpa_emoji,negatif,hitmaker
1Gsp0AuOwOg,user_e4800db79d52,True,1696550400,0,netral,0.9737,netral,tanpa_emoji,netral,hitmaker
1Gsp0AuOwOg,user_fe05cab0c090,True,1696550400,0,positif,0.7434,netral,tanpa_emoji,positif,hitmaker
1Gsp0AuOwOg,user_591c6c024b6a,False,1696550400,0,netral,0.724,netral,tanpa_emoji,netral,hitmaker
1Gsp0AuOwOg,user_3ea9de5deb0e,False,1696550400,1,positif,0.9822,positif,tanpa_emoji,positif,hitmaker
1Gsp0AuOwOg,user_d629e7a77c66,False,1696550400,0,negatif,0.9869,negatif,negatif,negatif,hitmaker
1Gsp0AuOwOg,user_d9a7c5078a84,True,1696550400,0,negatif,0.9948,negatif,negatif,negatif,hitmaker
1Gsp0AuOwOg,user_e1912564ced4,False,1696550400,0,positif,0.8506,positif,netral,positif,hitmaker
1Gsp0AuOwOg,user_5797ed8b604a,False,1696550400,0,positif,0.9974,positif,tanpa_emoji,positif,hitmaker
1Gsp0AuOwOg,user_238c80df48e6,False,1696550400,1,netral,0.5135,positif,positif,positif,hitmaker
1Gsp0AuOwOg,user_c96e1d600562,False,1696550400,0,negatif,0.8357,negatif,tanpa_emoji,negatif,hitmaker
1Gsp0AuOwOg,user_5f75706e0cdf,False,1696550400,9,positif,0.9971,positif,tanpa_emoji,positif,hitmaker
1Gsp0AuOwOg,user_9115bbffaaa9,False,1696550400,0,positif,0.9282,positif,netral,positif,hitmaker
1Gsp0AuOwOg,user_57a0838560b3,False,1696550400,0,negatif,0.7491,netral,tanpa_emoji,negatif,hitmaker
1Gsp0AuOwOg,user_67936a1c5d46,False,1696550400,0,positif,0.637,netral,tanpa_emoji,positif,hitmaker
1Gsp0AuOwOg,user_4226a463a87f,False,1696550400,1,negatif,0.6627,positif,tanpa_emoji,negatif,hitmaker
1Gsp0AuOwOg,user_6da6745fa1df,True,1696550400,1,negatif,0.8994,netral,netral,negatif,hitmaker
1Gsp0AuOwOg,user_354f50cd69f4,False,1696550400,0,positif,0.9932,netral,tanpa_emoji,positif,hitmaker
1Gsp0AuOwOg,user_bf7260178fcd,False,1696550400,0,negatif,0.9896,negatif,tanpa_emoji,negatif,hitmaker
1Gsp0AuOwOg,user_628e801dcc99,False,1696550400,0,negatif,0.9657,netral,tanpa_emoji,negatif,hitmaker
1Gsp0AuOwOg,user_6da6745fa1df,True,1696550400,1,netral,0.5722,netral,tanpa_emoji,netral,hitmaker
1Gsp0AuOwOg,user_3d8db1be195b,False,1696550400,8,positif,0.797,positif,positif,positif,hitmaker
1Gsp0AuOwOg,user_29731f5cd7de,False,1696550400,0,negatif,0.9636,positif,tanpa_emoji,negatif,hitmaker
1Gsp0AuOwOg,user_35461564ccbc,False,1696550400,2,negatif,0.9801,negatif,tanpa_emoji,negatif,hitmaker
1Gsp0AuOwOg,user_c77f10adfc74,False,1696550400,0,negatif,0.8462,netral,tanpa_emoji,negatif,hitmaker
1Gsp0AuOwOg,user_d31450814b59,False,1696550400,0,netral,0.994,netral,tanpa_emoji,netral,hitmaker
1Gsp0AuOwOg,user_361dfd7d4633,False,1696550400,27,positif,0.9827,netral,tanpa_emoji,positif,hitmaker
1Gsp0AuOwOg,user_f5055a69ddcb,False,1696550400,2,negatif,0.9882,negatif,tanpa_emoji,negatif,hitmaker
1Gsp0AuOwOg,user_a24588e55416,False,1696550400,0,negatif,0.9968,negatif,tanpa_emoji,negatif,hitmaker
1Gsp0AuOwOg,user_ec6b9bedd909,False,1696550400,14,negatif,0.9976,netral,tanpa_emoji,negatif,hitmaker
1Gsp0AuOwOg,user_744dd16cd8b5,False,1696550400,1,negatif,0.9965,positif,positif,negatif,hitmaker
1Gsp0AuOwOg,user_10954c970b04,False,1696550400,1,negatif,0.9867,netral,tanpa_emoji,negatif,hitmaker
1Gsp0AuOwOg,user_6da6745fa1df,True,1696550400,1,negatif,0.8584,positif,netral,negatif,hitmaker
1Gsp0AuOwOg,user_0c5d5622f7a1,True,1696550400,1,positif,0.8167,positif,tanpa_emoji,positif,hitmaker
1Gsp0AuOwOg,user_10954c970b04,True,1696550400,0,negatif,0.6769,netral,tanpa_emoji,negatif,hitmaker
1Gsp0AuOwOg,user_257c32c1046a,False,1696550400,5,positif,0.9781,netral,tanpa_emoji,positif,hitmaker
1Gsp0AuOwOg,user_4a309f8b7cbd,False,1696550400,1,negatif,0.8253,negatif,tanpa_emoji,negatif,hitmaker
1Gsp0AuOwOg,user_8e68edaa8926,False,1696550400,0,positif,0.9793,negatif,tanpa_emoji,positif,hitmaker
1Gsp0AuOwOg,user_a331f5bf2f62,False,1696550400,19,positif,0.8791,positif,positif,positif,hitmaker
1Gsp0AuOwOg,user_467f1b5c76ba,False,1696550400,0,netral,0.5345,netral,tanpa_emoji,netral,hitmaker
1Gsp0AuOwOg,user_1ed52841631e,False,1696550400,0,positif,0.7779,negatif,tanpa_emoji,positif,hitmaker
1Gsp0AuOwOg,user_b5879316635a,True,1696550400,0,netral,0.5563,negatif,tanpa_emoji,netral,hitmaker
1Gsp0AuOwOg,user_d4299f5a84df,False,1696550400,4,negatif,0.6274,positif,tanpa_emoji,negatif,hitmaker
1Gsp0AuOwOg,user_b19899d94618,False,1696550400,11,positif,0.8803,positif,tanpa_emoji,positif,hitmaker
1Gsp0AuOwOg,user_f3a66783c656,False,1696550400,2,negatif,0.6731,netral,tanpa_emoji,negatif,hitmaker
1Gsp0AuOwOg,user_468904e47471,False,1696550400,1,netral,0.4879,netral,tanpa_emoji,netral,hitmaker
1Gsp0AuOwOg,user_5f62a196c85e,False,1696550400,2,negatif,0.9452,netral,netral,negatif,hitmaker
1Gsp0AuOwOg,user_37ece19d975b,False,1696550400,2,positif,0.7489,positif,positif,positif,hitmaker
1Gsp0AuOwOg,user_5f75706e0cdf,False,1696550400,41,positif,0.9962,positif,tanpa_emoji,positif,hitmaker
1Gsp0AuOwOg,user_89d678f93aa8,False,1696550400,2,positif,0.8307,positif,tanpa_emoji,positif,hitmaker
1Gsp0AuOwOg,user_f3b0fbdc1300,False,1696550400,32,positif,0.9651,negatif,netral,positif,hitmaker
1Gsp0AuOwOg,user_1c81956b3d92,False,1696550400,3,negatif,0.9878,negatif,netral,negatif,hitmaker
1Gsp0AuOwOg,user_49fbc3855332,False,1696550400,1,negatif,0.9166,negatif,tanpa_emoji,negatif,hitmaker
1Gsp0AuOwOg,user_abe299355414,False,1696550400,1,negatif,0.9935,netral,tanpa_emoji,negatif,hitmaker
1Gsp0AuOwOg,user_68f2453fab6c,False,1696550400,2,positif,0.8205,positif,netral,positif,hitmaker
1Gsp0AuOwOg,user_5e64764fe55a,False,1696550400,1,negatif,0.9985,negatif,tanpa_emoji,negatif,hitmaker
1Gsp0AuOwOg,user_8aed587ae772,False,1696550400,3,negatif,0.986,negatif,netral,negatif,hitmaker
1Gsp0AuOwOg,user_cae2d4b97375,False,1696550400,2,negatif,0.9896,positif,tanpa_emoji,negatif,hitmaker
1Gsp0AuOwOg,user_a9e3afa36b48,False,1696550400,3,positif,0.7706,positif,tanpa_emoji,positif,hitmaker
1Gsp0AuOwOg,user_00eded391d6a,False,1696550400,3,positif,0.6042,netral,tanpa_emoji,positif,hitmaker
1Gsp0AuOwOg,user_7e374a26f836,False,1696550400,2,negatif,0.9974,negatif,tanpa_emoji,negatif,hitmaker
1Gsp0AuOwOg,user_cddf359615d6,False,1696550400,6,negatif,0.9393,netral,netral,negatif,hitmaker
1Gsp0AuOwOg,user_ae40a74a9817,True,1696550400,4,negatif,0.9275,netral,netral,negatif,hitmaker
1Gsp0AuOwOg,user_bc1cd6f06fbc,True,1696550400,2,negatif,0.6539,netral,tanpa_emoji,negatif,hitmaker
1Gsp0AuOwOg,user_99e649f2f28a,False,1696550400,13,positif,0.9008,positif,positif,positif,hitmaker
1Gsp0AuOwOg,user_10e45b4bf27e,True,1696550400,3,negatif,0.9984,positif,tanpa_emoji,negatif,hitmaker
1Gsp0AuOwOg,user_da2893f21997,True,1728172800,1,positif,0.9607,positif,tanpa_emoji,positif,hitmaker
1Gsp0AuOwOg,user_257c32c1046a,False,1696550400,8,positif,0.9946,positif,tanpa_emoji,positif,hitmaker
1Gsp0AuOwOg,user_5482eb6bae9d,False,1696550400,9,positif,0.7367,netral,tanpa_emoji,positif,hitmaker
1Gsp0AuOwOg,user_a05a038126ef,False,1696550400,9,positif,0.5313,positif,tanpa_emoji,positif,hitmaker
1Gsp0AuOwOg,user_2126fb9b2fad,True,1728172800,1,positif,0.5549,netral,tanpa_emoji,positif,hitmaker
1Gsp0AuOwOg,user_73c77b62715b,False,1696550400,1,negatif,0.6521,negatif,netral,negatif,hitmaker
1Gsp0AuOwOg,user_58fa1590921d,False,1696550400,34,negatif,0.9963,netral,positif,negatif,hitmaker
1Gsp0AuOwOg,user_80bcbcd40c30,False,1696550400,5,positif,0.9954,positif,tanpa_emoji,positif,hitmaker
1Gsp0AuOwOg,user_7fda1be5adf4,False,1696550400,1,negatif,0.925,netral,tanpa_emoji,negatif,hitmaker
1Gsp0AuOwOg,user_02db637abd81,False,1696550400,1,negatif,0.8678,netral,netral,negatif,hitmaker
1Gsp0AuOwOg,user_21ff3d2bdf5e,False,1696550400,1,netral,0.4949,netral,tanpa_emoji,netral,hitmaker
1Gsp0AuOwOg,user_ac70894114b4,False,1696550400,11,positif,0.8314,netral,tanpa_emoji,positif,hitmaker
1Gsp0AuOwOg,user_88bab2ce8163,False,1696550400,3,negatif,0.6408,netral,tanpa_emoji,negatif,hitmaker
1Gsp0AuOwOg,user_50158e35f425,False,1696550400,1,negatif,0.9529,netral,tanpa_emoji,negatif,hitmaker
1Gsp0AuOwOg,user_192d378444a4,False,1696550400,5,positif,0.9949,positif,positif,positif,hitmaker
1Gsp0AuOwOg,user_9f09ccf1761d,False,1696550400,5,positif,0.9627,positif,positif,positif,hitmaker
1Gsp0AuOwOg,user_4cb02e8085b1,False,1696550400,7,negatif,0.6213,negatif,tanpa_emoji,negatif,hitmaker
1Gsp0AuOwOg,user_7a3c66edbdba,False,1696550400,19,positif,0.98,positif,positif,positif,hitmaker
1Gsp0AuOwOg,user_de5245cdce35,False,1696550400,4,positif,0.9964,positif,tanpa_emoji,positif,hitmaker
1Gsp0AuOwOg,user_41a1ddccb460,False,1696550400,16,positif,0.844,positif,tanpa_emoji,positif,hitmaker
1Gsp0AuOwOg,user_deb72799b74f,False,1696550400,1,positif,0.7244,netral,tanpa_emoji,positif,hitmaker
1Gsp0AuOwOg,user_ddae4e85b646,False,1696550400,2,netral,0.4911,netral,tanpa_emoji,netral,hitmaker
1Gsp0AuOwOg,user_ad4f91f4dbc3,False,1696550400,16,positif,0.9676,positif,tanpa_emoji,positif,hitmaker
1Gsp0AuOwOg,user_b56e60f0eb95,True,1696550400,2,negatif,0.4534,netral,tanpa_emoji,negatif,hitmaker
1Gsp0AuOwOg,user_405c81763c2b,False,1696550400,20,positif,0.5905,positif,tanpa_emoji,positif,hitmaker
1Gsp0AuOwOg,user_0c3f0ade6980,False,1696550400,29,positif,0.6366,positif,positif,positif,hitmaker
1Gsp0AuOwOg,user_7648b3766513,False,1696550400,3,positif,0.972,netral,tanpa_emoji,positif,hitmaker
1Gsp0AuOwOg,user_db017a1ce7f3,False,1696550400,5,positif,0.9831,positif,positif,positif,hitmaker
1Gsp0AuOwOg,user_4e9fe0cb5207,False,1696550400,1,negatif,0.9976,netral,netral,negatif,hitmaker
1Gsp0AuOwOg,user_c8e1d529d3e0,False,1696550400,2,negatif,0.9252,positif,tanpa_emoji,negatif,hitmaker
1Gsp0AuOwOg,user_e6cdab667e9f,True,1696550400,0,positif,0.9474,positif,tanpa_emoji,positif,hitmaker
1Gsp0AuOwOg,user_c8e1d529d3e0,True,1696550400,0,negatif,0.8129,netral,tanpa_emoji,negatif,hitmaker
1Gsp0AuOwOg,user_db017a1ce7f3,False,1696550400,1,negatif,0.9987,positif,positif,negatif,hitmaker
1Gsp0AuOwOg,user_decdaf3e9cb3,False,1696550400,4,negatif,0.9969,positif,tanpa_emoji,negatif,hitmaker
1Gsp0AuOwOg,user_862bd10c92d1,False,1696550400,25,positif,0.998,positif,tanpa_emoji,positif,hitmaker
1Gsp0AuOwOg,user_a24588e55416,True,1696550400,3,negatif,0.995,netral,netral,negatif,hitmaker
1Gsp0AuOwOg,user_0c5d5622f7a1,True,1696550400,8,positif,0.9957,positif,netral,positif,hitmaker
1Gsp0AuOwOg,user_a24588e55416,True,1696550400,2,positif,0.541,negatif,tanpa_emoji,positif,hitmaker
1Gsp0AuOwOg,user_862bd10c92d1,True,1696550400,0,positif,0.937,netral,tanpa_emoji,positif,hitmaker
1Gsp0AuOwOg,user_eed6f3e48aae,True,1696550400,1,negatif,0.506,positif,positif,positif,hitmaker
1Gsp0AuOwOg,user_9e7a07c79abe,False,1696550400,28,positif,0.9935,positif,positif,positif,hitmaker
1Gsp0AuOwOg,user_257c32c1046a,False,1696550400,4,positif,0.9975,positif,tanpa_emoji,positif,hitmaker
1Gsp0AuOwOg,user_0ca3dae5bd5a,True,1728172800,0,negatif,0.9988,negatif,tanpa_emoji,negatif,hitmaker
1Gsp0AuOwOg,user_c9c91632563c,False,1696550400,9,negatif,0.9381,positif,tanpa_emoji,negatif,hitmaker
1Gsp0AuOwOg,user_8417a95ba334,False,1696550400,58,positif,0.9674,netral,tanpa_emoji,positif,hitmaker
1Gsp0AuOwOg,user_5924d75aa8a1,True,1696550400,2,negatif,0.8329,netral,tanpa_emoji,negatif,hitmaker
1Gsp0AuOwOg,user_6d169d6f5568,True,1696550400,2,negatif,0.4779,netral,tanpa_emoji,negatif,hitmaker
1Gsp0AuOwOg,user_b56e60f0eb95,True,1696550400,2,negatif,0.4534,netral,tanpa_emoji,negatif,hitmaker
1Gsp0AuOwOg,user_ac70894114b4,True,1696550400,2,positif,0.9579,netral,tanpa_emoji,positif,hitmaker
1Gsp0AuOwOg,user_1a6f9ea80157,True,1696550400,1,negatif,0.6057,netral,tanpa_emoji,negatif,hitmaker
1Wz4r3758CY,user_c71d1b861b82,False,1791176400,0,positif,0.8427,netral,tanpa_emoji,positif,hitmaker
1Wz4r3758CY,user_c3351b76b8a5,False,1785974400,0,negatif,0.9294,netral,tanpa_emoji,negatif,hitmaker
1Wz4r3758CY,user_c3351b76b8a5,False,1785974400,0,negatif,0.5587,netral,tanpa_emoji,negatif,hitmaker
1Wz4r3758CY,user_51a6a0293262,False,1785974400,1,netral,0.9242,netral,tanpa_emoji,netral,hitmaker
1Wz4r3758CY,user_7035579db7ea,False,1783296000,0,negatif,0.9983,netral,tanpa_emoji,negatif,hitmaker
1Wz4r3758CY,user_7035579db7ea,False,1783296000,0,positif,0.627,netral,netral,positif,hitmaker
1Wz4r3758CY,user_4235b4537051,False,1778025600,0,negatif,0.6118,netral,netral,negatif,hitmaker
1Wz4r3758CY,user_4213a5e2b4e8,False,1775433600,0,negatif,0.9807,netral,tanpa_emoji,negatif,hitmaker
1Wz4r3758CY,user_f30e496f9004,False,1775433600,1,negatif,0.9824,positif,positif,negatif,hitmaker
1Wz4r3758CY,user_4213a5e2b4e8,False,1772755200,1,positif,0.8,positif,netral,positif,hitmaker
1Wz4r3758CY,user_466a9566225d,False,1762387200,0,positif,0.9985,positif,tanpa_emoji,positif,hitmaker
1Wz4r3758CY,user_ff017c66eec0,False,1762387200,0,negatif,0.9513,netral,tanpa_emoji,negatif,hitmaker
1Wz4r3758CY,user_f574e1a1a7a3,False,1759708800,0,negatif,0.9231,netral,netral,negatif,hitmaker
1Wz4r3758CY,user_ad2e519a1dd4,False,1759708800,0,negatif,0.8505,netral,tanpa_emoji,negatif,hitmaker
1Wz4r3758CY,user_ae7751c50909,False,1759708800,0,negatif,0.955,netral,netral,negatif,hitmaker
1Wz4r3758CY,user_62ba10f64d49,False,1759708800,1,negatif,0.9649,netral,netral,netral,hitmaker
1Wz4r3758CY,user_6747b8c08cba,False,1759708800,0,positif,0.5448,netral,tanpa_emoji,positif,hitmaker
1Wz4r3758CY,user_1353c09abf51,False,1759708800,0,positif,0.9891,positif,tanpa_emoji,positif,hitmaker
1Wz4r3758CY,user_a6105db6fe16,False,1759708800,0,negatif,0.9485,netral,tanpa_emoji,negatif,hitmaker
1Wz4r3758CY,user_8c4401537e6f,False,1759708800,0,negatif,0.8607,netral,tanpa_emoji,negatif,hitmaker
1Wz4r3758CY,user_d686fe30694b,False,1759708800,0,negatif,0.9838,positif,tanpa_emoji,negatif,hitmaker
1Wz4r3758CY,user_ba5599933f06,False,1759708800,0,negatif,0.9983,netral,tanpa_emoji,negatif,hitmaker
1Wz4r3758CY,user_f62713e95151,False,1759708800,0,negatif,0.9839,negatif,tanpa_emoji,negatif,hitmaker
1Wz4r3758CY,user_8c4401537e6f,False,1759708800,0,positif,0.996,positif,tanpa_emoji,positif,hitmaker
1Wz4r3758CY,user_f2717f3f14e8,False,1759708800,4,positif,0.9853,netral,netral,positif,hitmaker
1Wz4r3758CY,user_56e198bc3fd7,False,1759708800,0,negatif,0.9888,netral,tanpa_emoji,negatif,hitmaker
1Wz4r3758CY,user_9f209b881f42,False,1759708800,0,negatif,0.5709,netral,tanpa_emoji,negatif,hitmaker
1Wz4r3758CY,user_24b9ced0916f,False,1759708800,0,netral,0.8935,netral,tanpa_emoji,netral,hitmaker
1Wz4r3758CY,user_3a407fac332c,False,1759708800,0,negatif,0.9844,negatif,netral,negatif,hitmaker
1Wz4r3758CY,user_30f82dfc5d89,False,1759708800,0,negatif,0.9416,netral,tanpa_emoji,negatif,hitmaker
1Wz4r3758CY,user_04f221f7b00c,False,1759708800,0,negatif,0.9991,netral,tanpa_emoji,negatif,hitmaker
1Wz4r3758CY,user_7950b90f7845,False,1759708800,0,netral,0.9835,netral,tanpa_emoji,netral,hitmaker
1Wz4r3758CY,user_1ade9f953032,False,1759708800,0,negatif,0.9047,netral,tanpa_emoji,negatif,hitmaker
1Wz4r3758CY,user_393a8f34a353,False,1759708800,1,positif,0.9592,positif,positif,positif,hitmaker
1Wz4r3758CY,user_10823902ffd8,False,1759708800,0,positif,0.816,netral,tanpa_emoji,positif,hitmaker
1Wz4r3758CY,user_c233834bf65c,False,1759708800,0,negatif,0.9918,netral,tanpa_emoji,negatif,hitmaker
1Wz4r3758CY,user_4540541a041a,False,1759708800,0,netral,0.6207,netral,tanpa_emoji,netral,hitmaker
1Wz4r3758CY,user_bcfa2c20f18b,False,1759708800,0,negatif,0.5,netral,tanpa_emoji,negatif,hitmaker
1Wz4r3758CY,user_16419d5d234a,False,1759708800,0,negatif,0.7123,netral,tanpa_emoji,negatif,hitmaker
1Wz4r3758CY,user_642f0f726246,False,1759708800,0,negatif,0.9969,netral,netral,negatif,hitmaker
1Wz4r3758CY,user_d36d08a04c53,False,1759708800,0,netral,0.8239,netral,netral,netral,hitmaker
1Wz4r3758CY,user_c10bbeb3ea2f,False,1759708800,0,positif,0.6154,netral,netral,positif,hitmaker
1Wz4r3758CY,user_af4542cf2a3d,False,1759708800,0,positif,0.9002,netral,tanpa_emoji,positif,hitmaker
1Wz4r3758CY,user_a985492cb03c,False,1759708800,0,netral,0.6515,netral,tanpa_emoji,netral,hitmaker
1Wz4r3758CY,user_f76eaae45002,False,1759708800,1,negatif,0.9796,negatif,tanpa_emoji,negatif,hitmaker
1Wz4r3758CY,user_33399c7cfb0d,False,1759708800,1,negatif,0.988,netral,tanpa_emoji,negatif,hitmaker
1Wz4r3758CY,user_1a5af47b581f,False,1759708800,0,positif,0.9639,positif,tanpa_emoji,positif,hitmaker
1Wz4r3758CY,user_a37f2815062e,False,1759708800,1,negatif,0.99,negatif,tanpa_emoji,negatif,hitmaker
1Wz4r3758CY,user_23cbec7e92ca,False,1759708800,0,negatif,0.7881,netral,netral,negatif,hitmaker
1Wz4r3758CY,user_fb93a382a3cd,False,1759708800,0,negatif,0.9955,negatif,tanpa_emoji,negatif,hitmaker
1Wz4r3758CY,user_2a5316a9707a,False,1759708800,0,negatif,0.9309,negatif,tanpa_emoji,negatif,hitmaker
1Wz4r3758CY,user_d295fa7b4914,False,1759708800,0,negatif,0.8777,netral,tanpa_emoji,negatif,hitmaker
1Wz4r3758CY,user_c48e388d1609,False,1759708800,0,netral,0.8472,netral,tanpa_emoji,netral,hitmaker
1Wz4r3758CY,user_4fd3b7de8c8a,False,1759708800,0,positif,0.9926,positif,tanpa_emoji,positif,hitmaker
1Wz4r3758CY,user_3bec9023a9e1,False,1759708800,0,positif,0.9834,netral,tanpa_emoji,positif,hitmaker
1Wz4r3758CY,user_1cfb3bbdd144,False,1759708800,0,positif,0.9822,positif,tanpa_emoji,positif,hitmaker
1Wz4r3758CY,user_a501a6a1c120,False,1759708800,2,negatif,0.9533,positif,netral,negatif,hitmaker
1Wz4r3758CY,user_5ed449fce39c,False,1759708800,1,negatif,0.5545,netral,tanpa_emoji,negatif,hitmaker
1Wz4r3758CY,user_0a82515cd13c,False,1759708800,0,netral,0.8819,netral,tanpa_emoji,netral,hitmaker
1Wz4r3758CY,user_eb1034037f61,False,1759708800,0,positif,0.9982,positif,tanpa_emoji,positif,hitmaker
1Wz4r3758CY,user_4f0f1ed9f587,False,1759708800,1,positif,0.7522,netral,tanpa_emoji,positif,hitmaker
1Wz4r3758CY,user_3f57151df775,False,1759708800,0,positif,0.9827,positif,positif,positif,hitmaker
1Wz4r3758CY,user_fc99662fcedb,False,1759708800,0,negatif,0.9935,negatif,netral,negatif,hitmaker
1Wz4r3758CY,user_bc2ef20ec64f,True,1759708800,2,negatif,0.9616,netral,tanpa_emoji,negatif,hitmaker
1Wz4r3758CY,user_ebfb458f53f4,False,1759708800,0,negatif,0.9973,netral,tanpa_emoji,negatif,hitmaker
1Wz4r3758CY,user_7a5bb8a98cf4,False,1759708800,3,positif,0.989,positif,positif,positif,hitmaker
1Wz4r3758CY,user_d4e684464569,False,1759708800,0,negatif,0.9908,netral,tanpa_emoji,negatif,hitmaker
1Wz4r3758CY,user_9fd565c6d76e,False,1759708800,1,netral,0.6887,netral,tanpa_emoji,netral,hitmaker
1Wz4r3758CY,user_512774d17815,False,1759708800,3,positif,0.9937,netral,tanpa_emoji,positif,hitmaker
1Wz4r3758CY,user_531be058e2bb,False,1759708800,0,negatif,0.9759,netral,netral,negatif,hitmaker
1Wz4r3758CY,user_74551a70b51a,False,1759708800,1,positif,0.8616,netral,tanpa_emoji,positif,hitmaker
1Wz4r3758CY,user_729591103535,False,1759708800,0,positif,0.6598,netral,tanpa_emoji,positif,hitmaker
1Wz4r3758CY,user_fd0b7a58b408,False,1759708800,0,negatif,0.9548,netral,tanpa_emoji,negatif,hitmaker
1Wz4r3758CY,user_426fa0e18daf,False,1759708800,0,negatif,0.9972,netral,tanpa_emoji,negatif,hitmaker
1Wz4r3758CY,user_44160c7f22b7,False,1759708800,0,positif,0.9923,positif,tanpa_emoji,positif,hitmaker
1Wz4r3758CY,user_a9fe584b44f5,False,1759708800,1,negatif,0.9586,netral,tanpa_emoji,negatif,hitmaker
1Wz4r3758CY,user_dceb01e4fe43,False,1759708800,0,negatif,0.9911,netral,tanpa_emoji,negatif,hitmaker
1Wz4r3758CY,user_87d5edf5c268,False,1759708800,0,positif,0.9924,negatif,negatif,positif,hitmaker
1Wz4r3758CY,user_39f6a2cb639f,True,1759708800,0,negatif,0.9968,netral,tanpa_emoji,negatif,hitmaker
1Wz4r3758CY,user_6df18912eca6,False,1759708800,1,netral,0.8121,netral,tanpa_emoji,netral,hitmaker
1Wz4r3758CY,user_b98002d9750d,False,1759708800,0,netral,0.8997,netral,tanpa_emoji,netral,hitmaker
1Wz4r3758CY,user_3434427b7b9d,False,1759708800,0,negatif,0.6433,netral,tanpa_emoji,negatif,hitmaker
1Wz4r3758CY,user_d4423aa99305,False,1759708800,0,positif,0.7134,positif,netral,positif,hitmaker
1Wz4r3758CY,user_f5665e5f6038,False,1759708800,0,positif,0.9793,positif,tanpa_emoji,positif,hitmaker
1Wz4r3758CY,user_e0d980509f9a,False,1759708800,0,positif,0.9798,positif,tanpa_emoji,positif,hitmaker
1Wz4r3758CY,user_b022572bbe95,False,1759708800,1,negatif,0.566,netral,tanpa_emoji,negatif,hitmaker
1Wz4r3758CY,user_ebdfe949c66f,True,1759708800,0,negatif,0.4469,netral,tanpa_emoji,negatif,hitmaker
1Wz4r3758CY,user_ba5599933f06,False,1759708800,0,negatif,0.6303,netral,tanpa_emoji,negatif,hitmaker
1Wz4r3758CY,user_93d476829102,False,1759708800,0,negatif,0.6794,netral,tanpa_emoji,negatif,hitmaker
1Wz4r3758CY,user_52af4400cc73,False,1759708800,1,negatif,0.9655,positif,positif,negatif,hitmaker
1Wz4r3758CY,user_be7758ea1dbb,False,1759708800,0,negatif,0.9977,negatif,tanpa_emoji,negatif,hitmaker
1Wz4r3758CY,user_eab809142214,False,1759708800,1,negatif,0.8422,netral,tanpa_emoji,negatif,hitmaker
1Wz4r3758CY,user_8adba7f0590d,True,1759708800,0,netral,0.91,netral,tanpa_emoji,netral,hitmaker
1Wz4r3758CY,user_20fd437c43b9,True,1759708800,0,netral,0.923,netral,tanpa_emoji,netral,hitmaker
1Wz4r3758CY,user_34e109ca15d1,False,1759708800,0,negatif,0.9826,positif,tanpa_emoji,negatif,hitmaker
1Wz4r3758CY,user_7f99a1dbea02,False,1759708800,0,negatif,0.9938,positif,netral,negatif,hitmaker
1Wz4r3758CY,user_82d6587d1e8b,False,1759708800,1,negatif,0.9857,netral,tanpa_emoji,negatif,hitmaker
1Wz4r3758CY,user_e7df82042544,False,1759708800,0,netral,0.8516,netral,tanpa_emoji,netral,hitmaker
1Wz4r3758CY,user_1c2e7b5f9258,False,1759708800,0,negatif,0.9767,netral,tanpa_emoji,negatif,hitmaker
1Wz4r3758CY,user_776ea55b5fef,False,1759708800,0,negatif,0.9967,netral,tanpa_emoji,negatif,hitmaker
1Wz4r3758CY,user_7a96e01157e8,False,1759708800,0,positif,0.9933,positif,tanpa_emoji,positif,hitmaker
1Wz4r3758CY,user_7a96e01157e8,False,1759708800,0,positif,0.9933,positif,tanpa_emoji,positif,hitmaker
1Wz4r3758CY,user_09f525c952b1,False,1759708800,0,negatif,0.4621,positif,tanpa_emoji,negatif,hitmaker
1Wz4r3758CY,user_74e798964926,False,1759708800,0,positif,0.6024,positif,tanpa_emoji,positif,hitmaker
1Wz4r3758CY,user_7653f25a82df,False,1759708800,1,positif,0.994,positif,tanpa_emoji,positif,hitmaker
1Wz4r3758CY,user_b839fd0e6e73,False,1759708800,1,negatif,0.9676,positif,positif,negatif,hitmaker
1Wz4r3758CY,user_070d24e4d641,False,1759708800,0,negatif,0.8019,negatif,tanpa_emoji,negatif,hitmaker
1Wz4r3758CY,user_b925744ccb64,False,1759708800,0,negatif,0.9779,negatif,tanpa_emoji,negatif,hitmaker
1Wz4r3758CY,user_4b2979a548ea,True,1759708800,0,negatif,0.9972,netral,tanpa_emoji,negatif,hitmaker
1Wz4r3758CY,user_b925744ccb64,True,1759708800,0,negatif,0.9878,negatif,tanpa_emoji,negatif,hitmaker
1Wz4r3758CY,user_f595e77e3378,False,1759708800,1,negatif,0.7666,netral,tanpa_emoji,negatif,hitmaker
1Wz4r3758CY,user_f93f69b96d59,False,1759708800,0,netral,0.6195,netral,tanpa_emoji,netral,hitmaker
1Wz4r3758CY,user_e78f601e51da,False,1759708800,0,positif,0.956,positif,tanpa_emoji,positif,hitmaker
1Wz4r3758CY,user_3770abf9df08,False,1759708800,0,netral,0.8353,netral,tanpa_emoji,netral,hitmaker
1Wz4r3758CY,user_0c0b6db74c3d,False,1759708800,5,positif,0.5031,netral,tanpa_emoji,positif,hitmaker
1Wz4r3758CY,user_f4ff900fc462,True,1759708800,0,positif,0.9968,positif,tanpa_emoji,positif,hitmaker
1Wz4r3758CY,user_f22afd171cb6,True,1759708800,0,positif,0.8613,netral,tanpa_emoji,positif,hitmaker
1Wz4r3758CY,user_5a98bda96ceb,False,1759708800,1,positif,0.8496,positif,positif,positif,hitmaker
1Wz4r3758CY,user_92d33f150599,False,1759708800,0,positif,0.9187,netral,tanpa_emoji,positif,hitmaker
1Wz4r3758CY,user_21ec785a4be9,False,1759708800,0,negatif,0.9968,netral,tanpa_emoji,negatif,hitmaker
1Wz4r3758CY,user_3939e5382220,False,1759708800,1,negatif,0.9236,positif,tanpa_emoji,negatif,hitmaker
1Wz4r3758CY,user_912fc1c5f648,False,1759708800,0,positif,0.9965,netral,positif,positif,hitmaker
1Wz4r3758CY,user_313e34f6652a,False,1759708800,0,positif,0.9966,positif,netral,positif,hitmaker
1Wz4r3758CY,user_9b8ff17b8f02,False,1759708800,1,negatif,0.9847,netral,tanpa_emoji,negatif,hitmaker
1Wz4r3758CY,user_46b3ff6741df,False,1759708800,0,positif,0.4889,netral,netral,positif,hitmaker
1Wz4r3758CY,user_1183d7ce2397,False,1759708800,0,negatif,0.9976,positif,tanpa_emoji,negatif,hitmaker
1Wz4r3758CY,user_62b5ba728266,False,1759708800,0,negatif,0.4295,netral,netral,negatif,hitmaker
1Wz4r3758CY,user_8636990194b2,False,1759708800,0,negatif,0.9974,negatif,tanpa_emoji,negatif,hitmaker
1Wz4r3758CY,user_06fe88156aa3,False,1759708800,0,netral,0.8478,netral,tanpa_emoji,netral,hitmaker
1Wz4r3758CY,user_83fbf3531fd4,False,1759708800,0,negatif,0.9422,positif,positif,negatif,hitmaker
1Wz4r3758CY,user_f678cc0c11b4,False,1759708800,0,positif,0.6184,netral,tanpa_emoji,positif,hitmaker
1Wz4r3758CY,user_93348d17b2e3,False,1759708800,0,negatif,0.9753,netral,tanpa_emoji,negatif,hitmaker
1Wz4r3758CY,user_f16506bf8589,False,1759708800,2,positif,0.9804,positif,positif,positif,hitmaker
1Wz4r3758CY,user_bcd5c68e4fab,False,1759708800,0,negatif,0.9989,netral,netral,negatif,hitmaker
1Wz4r3758CY,user_31a0d4a57f27,False,1759708800,0,negatif,0.7783,netral,tanpa_emoji,negatif,hitmaker
1Wz4r3758CY,user_cc514859b216,False,1759708800,3,negatif,0.9983,positif,netral,negatif,hitmaker
1Wz4r3758CY,user_cd556e57a6ab,False,1759708800,0,negatif,0.6884,positif,positif,negatif,hitmaker
1Wz4r3758CY,user_5885587f026e,False,1759708800,1,negatif,0.4611,positif,netral,negatif,hitmaker
1Wz4r3758CY,user_81facc4f4115,False,1759708800,0,negatif,0.9977,netral,tanpa_emoji,negatif,hitmaker
1Wz4r3758CY,user_8aab09474566,False,1759708800,0,positif,0.6788,netral,tanpa_emoji,positif,hitmaker
1Wz4r3758CY,user_a9fdd5bfa73f,False,1759708800,0,positif,0.9827,positif,tanpa_emoji,positif,hitmaker
1Wz4r3758CY,user_6cf36a2fda05,False,1759708800,0,negatif,0.8246,netral,tanpa_emoji,negatif,hitmaker
1Wz4r3758CY,user_44bc3350509f,False,1759708800,1,positif,0.9939,positif,positif,positif,hitmaker
1Wz4r3758CY,user_b77d51832377,False,1759708800,0,positif,0.9953,netral,tanpa_emoji,positif,hitmaker
1Wz4r3758CY,user_e778167a5152,False,1759708800,0,negatif,0.9634,positif,tanpa_emoji,negatif,hitmaker
1Wz4r3758CY,user_a19e5466c2b5,False,1759708800,0,negatif,0.9876,netral,netral,negatif,hitmaker
1Wz4r3758CY,user_1eb3af7bdd75,False,1759708800,3,positif,0.6255,positif,tanpa_emoji,positif,hitmaker
1Wz4r3758CY,user_5c757cef41c5,False,1759708800,0,negatif,0.9588,netral,netral,negatif,hitmaker
1Wz4r3758CY,user_1e438fc6fafc,False,1759708800,0,positif,0.749,positif,positif,positif,hitmaker
1Wz4r3758CY,user_8386aa64a220,False,1759708800,0,negatif,0.9906,netral,tanpa_emoji,negatif,hitmaker
1Wz4r3758CY,user_24d1098e4bc9,False,1759708800,0,negatif,0.8864,netral,tanpa_emoji,negatif,hitmaker
1Wz4r3758CY,user_7087772db823,False,1759708800,0,negatif,0.993,positif,tanpa_emoji,negatif,hitmaker
1Wz4r3758CY,user_f2488eab2d38,False,1759708800,18,positif,0.9731,netral,tanpa_emoji,positif,hitmaker
1Wz4r3758CY,user_140b4bdad0f9,True,1759708800,3,negatif,0.9253,positif,tanpa_emoji,negatif,hitmaker
1Wz4r3758CY,user_24ffaa3e716b,True,1759708800,8,negatif,0.9948,negatif,netral,negatif,hitmaker
1Wz4r3758CY,user_f2488eab2d38,True,1759708800,0,negatif,0.9783,positif,tanpa_emoji,negatif,hitmaker
1Wz4r3758CY,user_5dfd179da46e,False,1759708800,0,negatif,0.9763,netral,tanpa_emoji,negatif,hitmaker
1Wz4r3758CY,user_552bf30d7143,False,1759708800,0,negatif,0.9895,negatif,tanpa_emoji,negatif,hitmaker
1Wz4r3758CY,user_4a923c966d53,False,1759708800,0,positif,0.9526,positif,tanpa_emoji,positif,hitmaker
1Wz4r3758CY,user_4471cac8a177,False,1759708800,0,negatif,0.9941,netral,tanpa_emoji,negatif,hitmaker
1Wz4r3758CY,user_9b4970675a9d,False,1759708800,0,positif,0.9978,positif,positif,positif,hitmaker
1Wz4r3758CY,user_50fb803d3d20,False,1759708800,0,negatif,0.9969,netral,tanpa_emoji,negatif,hitmaker
1Wz4r3758CY,user_c1d9cac033a3,False,1759708800,0,negatif,0.9491,netral,tanpa_emoji,negatif,hitmaker
1Wz4r3758CY,user_6a9306af685b,False,1759708800,0,positif,0.9966,positif,positif,positif,hitmaker
1Wz4r3758CY,user_ca22dafa0fc6,False,1759708800,0,negatif,0.9974,netral,netral,negatif,hitmaker
1Wz4r3758CY,user_3f689281827f,False,1759708800,0,negatif,0.7364,netral,tanpa_emoji,negatif,hitmaker
1Wz4r3758CY,user_3f689281827f,False,1759708800,0,negatif,0.7366,netral,tanpa_emoji,negatif,hitmaker
1Wz4r3758CY,user_b5924a3ab1b9,False,1759708800,0,negatif,0.9777,negatif,negatif,negatif,hitmaker
1Wz4r3758CY,user_e3a4601b8018,False,1759708800,0,positif,0.9586,positif,tanpa_emoji,positif,hitmaker
1Wz4r3758CY,user_bc1daf5ff404,False,1759708800,0,netral,0.5,positif,tanpa_emoji,netral,hitmaker
1Wz4r3758CY,user_016b2781d96c,False,1759708800,0,negatif,0.8409,positif,tanpa_emoji,negatif,hitmaker
1Wz4r3758CY,user_022e04602a5e,False,1759708800,0,negatif,0.9855,negatif,tanpa_emoji,negatif,hitmaker
1Wz4r3758CY,user_d102e0901baa,False,1759708800,11,positif,0.5035,netral,tanpa_emoji,positif,hitmaker
1Wz4r3758CY,user_297e5366fb08,True,1759708800,1,negatif,0.9419,netral,tanpa_emoji,negatif,hitmaker
1Wz4r3758CY,user_2733dad47a21,True,1759708800,1,negatif,0.5901,netral,tanpa_emoji,negatif,hitmaker
1Wz4r3758CY,user_c76e35220453,False,1759708800,0,negatif,0.7142,netral,tanpa_emoji,negatif,hitmaker
1Wz4r3758CY,user_9a1ea63b4103,False,1759708800,0,positif,0.9358,positif,positif,positif,hitmaker
1Wz4r3758CY,user_4a01836a4016,False,1759708800,0,netral,0.437,netral,tanpa_emoji,netral,hitmaker
1Wz4r3758CY,user_fa6e340d8f70,False,1759708800,0,positif,0.9926,positif,positif,positif,hitmaker
1Wz4r3758CY,user_6a3a034dc011,False,1759708800,0,negatif,0.9681,netral,tanpa_emoji,negatif,hitmaker
1Wz4r3758CY,user_b48a478c1707,False,1759708800,0,negatif,0.9122,netral,tanpa_emoji,negatif,hitmaker
1Wz4r3758CY,user_b74bcf29355f,False,1759708800,0,positif,0.997,netral,tanpa_emoji,positif,hitmaker
1Wz4r3758CY,user_e57f32460446,False,1759708800,0,negatif,0.9948,netral,tanpa_emoji,negatif,hitmaker
1Wz4r3758CY,user_e7d5962b5dee,False,1759708800,0,positif,0.8815,negatif,tanpa_emoji,positif,hitmaker
1Wz4r3758CY,user_a50386d3ab3c,False,1759708800,0,positif,0.9602,positif,tanpa_emoji,positif,hitmaker
1Wz4r3758CY,user_15897e49578d,False,1759708800,0,positif,0.9285,netral,tanpa_emoji,positif,hitmaker
1Wz4r3758CY,user_9dcac7a416de,False,1759708800,1,positif,0.9909,positif,tanpa_emoji,positif,hitmaker
1Wz4r3758CY,user_4b85c95cb0e2,False,1759708800,0,positif,0.9167,netral,tanpa_emoji,positif,hitmaker
1Wz4r3758CY,user_1e106e6730c6,False,1759708800,0,negatif,0.9838,negatif,tanpa_emoji,negatif,hitmaker
1Wz4r3758CY,user_b8bf3a606d9b,False,1759708800,0,negatif,0.9127,netral,tanpa_emoji,negatif,hitmaker
1Wz4r3758CY,user_3a9030c9fb42,False,1759708800,0,negatif,0.9419,netral,tanpa_emoji,negatif,hitmaker
1Wz4r3758CY,user_af36981248dd,False,1759708800,4,positif,0.9958,positif,positif,positif,hitmaker
1Wz4r3758CY,user_6a58065e76d8,False,1759708800,0,negatif,0.9534,netral,netral,netral,hitmaker
1Wz4r3758CY,user_5d67a7dcadaa,False,1759708800,0,positif,0.9972,positif,positif,positif,hitmaker
1Wz4r3758CY,user_d1bc2cfd4862,False,1759708800,0,netral,0.5651,positif,positif,positif,hitmaker
1Wz4r3758CY,user_280abeea3793,False,1759708800,0,positif,0.9857,positif,positif,positif,hitmaker
1Wz4r3758CY,user_1aca322a74b2,False,1759708800,1,positif,0.7378,netral,tanpa_emoji,positif,hitmaker
1Wz4r3758CY,user_faf8b49eeb90,True,1759708800,0,negatif,0.9672,netral,tanpa_emoji,negatif,hitmaker
1Wz4r3758CY,user_e1a76d61dc4d,False,1759708800,1,negatif,0.946,positif,positif,negatif,hitmaker
1Wz4r3758CY,user_1d7eab0b0a4a,False,1759708800,0,positif,0.9415,positif,netral,positif,hitmaker
1Wz4r3758CY,user_a24fba5d6730,False,1759708800,34,positif,0.9888,netral,tanpa_emoji,positif,hitmaker
1Wz4r3758CY,user_2f3570472865,False,1759708800,0,negatif,0.8092,positif,tanpa_emoji,negatif,hitmaker
1Wz4r3758CY,user_e15bcef6c5a9,False,1759708800,0,negatif,0.998,negatif,netral,negatif,hitmaker
1Wz4r3758CY,user_8c1d356d633f,False,1759708800,0,negatif,0.8161,netral,tanpa_emoji,negatif,hitmaker
1Wz4r3758CY,user_cc67663cfe47,False,1759708800,2,netral,0.9289,positif,positif,netral,hitmaker
1Wz4r3758CY,user_5f038ab95e08,False,1759708800,2,positif,0.8249,positif,tanpa_emoji,positif,hitmaker
1Wz4r3758CY,user_6bcbb2cfe33c,False,1759708800,3,positif,0.9788,positif,netral,positif,hitmaker
1Wz4r3758CY,user_5efcac87e169,False,1759708800,1,negatif,0.9987,negatif,tanpa_emoji,negatif,hitmaker
1Wz4r3758CY,user_d95e12b4f79b,False,1759708800,3,positif,0.9941,positif,positif,positif,hitmaker
1Wz4r3758CY,user_af6bb3a746d0,False,1759708800,2,negatif,0.8274,netral,netral,negatif,hitmaker
1Wz4r3758CY,user_bf6fd7c0219c,False,1759708800,1,negatif,0.5747,netral,tanpa_emoji,negatif,hitmaker
1Wz4r3758CY,user_bf6fd7c0219c,False,1759708800,3,negatif,0.5352,negatif,tanpa_emoji,negatif,hitmaker
1Wz4r3758CY,user_5a92f57eabfa,False,1759708800,161,positif,0.7731,netral,tanpa_emoji,positif,hitmaker
1Wz4r3758CY,user_ec1049f1fa95,True,1759708800,6,negatif,0.9978,netral,tanpa_emoji,negatif,hitmaker
1Wz4r3758CY,user_1e5ded81d3fd,True,1759708800,2,negatif,0.9973,positif,tanpa_emoji,negatif,hitmaker
1Wz4r3758CY,user_133c6b38f885,True,1759708800,1,negatif,0.806,netral,tanpa_emoji,negatif,hitmaker
1Wz4r3758CY,user_3fe5746c50f9,True,1759708800,0,netral,0.6121,netral,tanpa_emoji,netral,hitmaker
1Wz4r3758CY,user_99f854000754,True,1759708800,1,negatif,0.6488,netral,tanpa_emoji,negatif,hitmaker
1Wz4r3758CY,user_b17a572c3e18,True,1759708800,1,netral,0.9768,netral,tanpa_emoji,netral,hitmaker
1Wz4r3758CY,user_a0f14a39f0c3,True,1759708800,0,negatif,0.9848,netral,tanpa_emoji,negatif,hitmaker
1Wz4r3758CY,user_d6fec73e0d90,True,1759708800,0,positif,0.644,positif,positif,positif,hitmaker
1Wz4r3758CY,user_3fe5746c50f9,True,1759708800,0,netral,0.9783,netral,tanpa_emoji,netral,hitmaker
1Wz4r3758CY,user_17dcf8a56f78,True,1759708800,0,netral,0.9532,negatif,tanpa_emoji,netral,hitmaker
1Wz4r3758CY,user_faf8b49eeb90,True,1759708800,0,netral,0.9922,netral,tanpa_emoji,netral,hitmaker
1Wz4r3758CY,user_40505a84de4f,True,1759708800,0,negatif,0.9989,netral,tanpa_emoji,negatif,hitmaker
1Wz4r3758CY,user_8ce41938950e,True,1759708800,0,netral,0.8439,netral,tanpa_emoji,netral,hitmaker
1Wz4r3758CY,user_762f6791927f,True,1759708800,0,netral,0.9826,netral,netral,netral,hitmaker
1Wz4r3758CY,user_3328e96b86fa,False,1759708800,52,positif,0.9419,positif,positif,positif,hitmaker
1Wz4r3758CY,user_b842e606a6a7,True,1759708800,3,negatif,0.9607,netral,tanpa_emoji,negatif,hitmaker
1Wz4r3758CY,user_7a5bb8a98cf4,True,1759708800,0,netral,0.6962,netral,netral,netral,hitmaker
1Wz4r3758CY,user_fdd19afcecc4,False,1759708800,1,netral,0.9955,netral,tanpa_emoji,netral,hitmaker
1Wz4r3758CY,user_a3f56ce86960,False,1759708800,31,netral,0.8875,netral,tanpa_emoji,netral,hitmaker
1Wz4r3758CY,user_9ba9e13627cf,True,1759708800,1,positif,0.8623,netral,netral,positif,hitmaker
1Wz4r3758CY,user_ad2e519a1dd4,True,1759708800,0,negatif,0.9895,negatif,netral,negatif,hitmaker
1Wz4r3758CY,user_c0b2aad69d24,False,1759708800,1,positif,0.4527,netral,tanpa_emoji,positif,hitmaker
1Wz4r3758CY,user_3b400f8fd48b,False,1759708800,1,netral,0.9025,netral,tanpa_emoji,netral,hitmaker
1Wz4r3758CY,user_513ef1a0af64,True,1759708800,0,netral,0.9963,netral,tanpa_emoji,netral,hitmaker
1Wz4r3758CY,user_7b2bb799e532,False,1759708800,1,netral,0.4807,netral,tanpa_emoji,netral,hitmaker
1Wz4r3758CY,user_3df481ffdb2e,True,1759708800,1,negatif,0.999,netral,netral,negatif,hitmaker
1Wz4r3758CY,user_198f74973248,True,1759708800,1,negatif,0.9986,netral,tanpa_emoji,negatif,hitmaker
1Wz4r3758CY,user_d4f6e484c9aa,False,1759708800,1,negatif,0.9922,netral,tanpa_emoji,negatif,hitmaker
1Wz4r3758CY,user_cd6081d3c3e9,False,1759708800,47,positif,0.993,positif,positif,positif,hitmaker
1Wz4r3758CY,user_f84c1beaad75,True,1759708800,0,netral,0.8175,positif,positif,netral,hitmaker
1Wz4r3758CY,user_67c3f1a1ab2d,False,1759708800,22,positif,0.9633,positif,positif,positif,hitmaker
1Wz4r3758CY,user_f0136058d99a,False,1759708800,2,negatif,0.8442,netral,tanpa_emoji,negatif,hitmaker
1Wz4r3758CY,user_4b2979a548ea,True,1759708800,0,negatif,0.9137,netral,netral,netral,hitmaker
1Wz4r3758CY,user_2578d624d4e9,False,1759708800,19,positif,0.9916,positif,positif,positif,hitmaker
1Wz4r3758CY,user_b5e3680fb1c9,True,1759708800,1,negatif,0.9892,netral,tanpa_emoji,negatif,hitmaker
1Wz4r3758CY,user_2578d624d4e9,True,1759708800,0,negatif,0.9822,positif,tanpa_emoji,negatif,hitmaker
1Wz4r3758CY,user_4ae16b2ff98f,True,1759708800,0,negatif,0.9821,positif,tanpa_emoji,negatif,hitmaker
1Wz4r3758CY,user_2578d624d4e9,True,1759708800,0,netral,0.9918,netral,netral,netral,hitmaker
1Wz4r3758CY,user_95d9a7cde9a0,False,1759708800,1,negatif,0.8175,positif,netral,negatif,hitmaker
1Wz4r3758CY,user_299ba006bd03,False,1759708800,1,negatif,0.9984,netral,positif,negatif,hitmaker
1Wz4r3758CY,user_c6158c930951,True,1759708800,1,negatif,0.9898,netral,tanpa_emoji,negatif,hitmaker
1Wz4r3758CY,user_1eb4e6cdb413,False,1759708800,3,positif,0.9255,positif,tanpa_emoji,positif,hitmaker
1Wz4r3758CY,user_136e32e680b7,False,1759708800,10,positif,0.9928,positif,positif,positif,hitmaker
1Wz4r3758CY,user_ec1049f1fa95,True,1759708800,1,netral,0.5971,netral,tanpa_emoji,netral,hitmaker
1Wz4r3758CY,user_eb37fdbc9c73,False,1759708800,2,negatif,0.9985,positif,positif,negatif,hitmaker
1Wz4r3758CY,user_686c2b1bf95c,False,1759708800,1,negatif,0.9918,netral,tanpa_emoji,negatif,hitmaker
1Wz4r3758CY,user_55db7f4f66eb,False,1759708800,1,netral,0.476,negatif,tanpa_emoji,netral,hitmaker
1Wz4r3758CY,user_353686789a3f,False,1759708800,10,positif,0.9884,positif,tanpa_emoji,positif,hitmaker
1Wz4r3758CY,user_b95050844d57,False,1759708800,1,positif,0.8993,positif,tanpa_emoji,positif,hitmaker
1Wz4r3758CY,user_c9a0d2374efa,False,1759708800,22,positif,0.9879,positif,positif,positif,hitmaker
1Wz4r3758CY,user_0dba4d1e6b04,True,1759708800,2,positif,0.9406,netral,tanpa_emoji,positif,hitmaker
1Wz4r3758CY,user_6a3854d79201,False,1759708800,1,netral,0.5269,netral,tanpa_emoji,netral,hitmaker
1Wz4r3758CY,user_3ece0e5dd926,True,1759708800,1,negatif,0.8541,netral,tanpa_emoji,negatif,hitmaker
1Wz4r3758CY,user_c6158c930951,True,1759708800,0,negatif,0.9969,netral,tanpa_emoji,negatif,hitmaker
1Wz4r3758CY,user_6a3854d79201,True,1759708800,1,negatif,0.9991,netral,tanpa_emoji,negatif,hitmaker
1Wz4r3758CY,user_22d6be264ea8,False,1759708800,0,negatif,0.9911,netral,netral,negatif,hitmaker
1Wz4r3758CY,user_df3c07121cfb,False,1759708800,2,positif,0.9986,positif,tanpa_emoji,positif,hitmaker
1Wz4r3758CY,user_b072d5af14d1,True,1759708800,1,negatif,0.5202,positif,tanpa_emoji,negatif,hitmaker
1Wz4r3758CY,user_f2dd881a4d29,False,1759708800,1,netral,0.5972,netral,tanpa_emoji,netral,hitmaker
1Wz4r3758CY,user_80a552df07a3,False,1759708800,1,negatif,0.9957,negatif,netral,negatif,hitmaker
1Wz4r3758CY,user_6d08cbde600f,False,1759708800,0,negatif,0.7679,netral,tanpa_emoji,negatif,hitmaker
1Wz4r3758CY,user_5401a2221c46,False,1759708800,7,netral,0.755,netral,tanpa_emoji,netral,hitmaker
1Wz4r3758CY,user_6aac1d230982,False,1759708800,42,positif,0.9463,negatif,tanpa_emoji,positif,hitmaker
1Wz4r3758CY,user_a8cd225d7fb9,True,1759708800,3,negatif,0.7689,netral,tanpa_emoji,negatif,hitmaker
1Wz4r3758CY,user_6aac1d230982,True,1759708800,0,netral,0.9901,netral,tanpa_emoji,netral,hitmaker
1Wz4r3758CY,user_a22b2cc3210a,True,1759708800,0,netral,0.9955,netral,tanpa_emoji,netral,hitmaker
1Wz4r3758CY,user_c17ee4591a4c,True,1759708800,0,netral,0.9903,netral,tanpa_emoji,netral,hitmaker
1Wz4r3758CY,user_0d208bb56a93,True,1759708800,0,netral,0.9955,netral,tanpa_emoji,netral,hitmaker
1Wz4r3758CY,user_a5fd0a378586,True,1759708800,0,netral,0.9839,netral,tanpa_emoji,netral,hitmaker
1Wz4r3758CY,user_a5fd0a378586,True,1759708800,0,netral,0.9839,netral,tanpa_emoji,netral,hitmaker
1Wz4r3758CY,user_5f038ab95e08,True,1759708800,2,negatif,0.7355,positif,tanpa_emoji,negatif,hitmaker
1Wz4r3758CY,user_ec1049f1fa95,True,1759708800,1,negatif,0.9921,netral,tanpa_emoji,negatif,hitmaker
1Wz4r3758CY,user_198f74973248,True,1759708800,0,negatif,0.9872,netral,tanpa_emoji,negatif,hitmaker
1Wz4r3758CY,user_908376972635,True,1759708800,0,netral,0.6659,netral,tanpa_emoji,netral,hitmaker
1Wz4r3758CY,user_4caca487d05f,True,1759708800,0,negatif,0.9882,netral,tanpa_emoji,negatif,hitmaker
1Wz4r3758CY,user_dcb07e0c60ba,True,1759708800,0,negatif,0.8828,positif,tanpa_emoji,negatif,hitmaker
1Wz4r3758CY,user_4caca487d05f,True,1759708800,0,netral,0.9491,netral,tanpa_emoji,netral,hitmaker
1Wz4r3758CY,user_dcb07e0c60ba,True,1759708800,1,positif,0.9369,positif,tanpa_emoji,positif,hitmaker
1Wz4r3758CY,user_9fc131d9370b,True,1759708800,0,positif,0.9953,netral,tanpa_emoji,positif,hitmaker
1Wz4r3758CY,user_41ae64955cbd,False,1759708800,3,netral,0.5324,netral,tanpa_emoji,netral,hitmaker
1Wz4r3758CY,user_b43191889e72,True,1759708800,2,negatif,0.5948,positif,tanpa_emoji,negatif,hitmaker
1Wz4r3758CY,user_107fb97a6b04,False,1759708800,1,positif,0.4546,netral,tanpa_emoji,positif,hitmaker
1Wz4r3758CY,user_95279d2d95de,False,1759708800,2,positif,0.9931,positif,positif,positif,hitmaker
1Wz4r3758CY,user_a45ac52b0524,False,1759708800,61,positif,0.9848,negatif,tanpa_emoji,positif,hitmaker
1Wz4r3758CY,user_6b270711e9e4,True,1759708800,0,negatif,0.9947,netral,tanpa_emoji,negatif,hitmaker
1Wz4r3758CY,user_1ee5cc1140dc,False,1759708800,28,positif,0.6452,positif,tanpa_emoji,positif,hitmaker
1Wz4r3758CY,user_ec1049f1fa95,True,1759708800,1,netral,0.5304,netral,tanpa_emoji,netral,hitmaker
1Wz4r3758CY,user_bf5edd9ef1cd,False,1759708800,2,negatif,0.9981,netral,netral,negatif,hitmaker
1Wz4r3758CY,user_4b2979a548ea,True,1759708800,2,negatif,0.978,netral,tanpa_emoji,negatif,hitmaker
1Wz4r3758CY,user_24a611eb3524,False,1759708800,1,positif,0.9984,netral,tanpa_emoji,positif,hitmaker
1Wz4r3758CY,user_a9e3afa36b48,False,1759708800,273,positif,0.9829,netral,tanpa_emoji,positif,hitmaker
1Wz4r3758CY,user_b5e3680fb1c9,True,1759708800,11,negatif,0.5983,netral,tanpa_emoji,negatif,hitmaker
1Wz4r3758CY,user_18affae77e5a,True,1759708800,0,negatif,0.9971,negatif,tanpa_emoji,negatif,hitmaker
1Wz4r3758CY,user_b5e3680fb1c9,True,1759708800,3,positif,0.8507,negatif,tanpa_emoji,positif,hitmaker
1Wz4r3758CY,user_fc99662fcedb,True,1759708800,0,netral,0.9801,netral,tanpa_emoji,netral,hitmaker
1Wz4r3758CY,user_2578d624d4e9,True,1759708800,3,positif,0.9652,positif,tanpa_emoji,positif,hitmaker
1Wz4r3758CY,user_18e8c356e40d,True,1759708800,0,positif,0.8776,positif,tanpa_emoji,positif,hitmaker
1Wz4r3758CY,user_f4ff900fc462,True,1759708800,0,netral,0.9665,netral,tanpa_emoji,netral,hitmaker
1Wz4r3758CY,user_ec1049f1fa95,True,1759708800,2,negatif,0.5606,positif,tanpa_emoji,negatif,hitmaker
1Wz4r3758CY,user_a6105db6fe16,True,1759708800,0,negatif,0.8704,netral,tanpa_emoji,negatif,hitmaker
1Wz4r3758CY,user_36429a9e5ed8,True,1759708800,1,netral,0.4667,netral,tanpa_emoji,netral,hitmaker
1Wz4r3758CY,user_4be2b87858c7,True,1759708800,0,negatif,0.9489,netral,tanpa_emoji,negatif,hitmaker
1Wz4r3758CY,user_f73bcaee3d91,True,1759708800,0,negatif,0.9974,netral,tanpa_emoji,negatif,hitmaker
1Wz4r3758CY,user_a8bf043e63e0,False,1759708800,2,negatif,0.9988,netral,tanpa_emoji,negatif,hitmaker
1Wz4r3758CY,user_15861666d056,True,1759708800,2,positif,0.9571,negatif,tanpa_emoji,positif,hitmaker
1Wz4r3758CY,user_a8bf043e63e0,True,1759708800,2,netral,0.4437,netral,tanpa_emoji,netral,hitmaker
1Wz4r3758CY,user_aa4727bed7fe,True,1759708800,1,netral,0.7176,netral,tanpa_emoji,netral,hitmaker
1Wz4r3758CY,user_6214cb27512a,False,1759708800,1,negatif,0.8011,netral,tanpa_emoji,negatif,hitmaker
1Wz4r3758CY,user_859cf97cb218,False,1759708800,2,netral,0.5521,netral,tanpa_emoji,netral,hitmaker
1Wz4r3758CY,user_6afda1bb6bcf,False,1759708800,1,negatif,0.489,netral,tanpa_emoji,negatif,hitmaker
1Wz4r3758CY,user_357d84a3de65,False,1759708800,3,negatif,0.9905,netral,netral,negatif,hitmaker
1Wz4r3758CY,user_902330062d72,False,1759708800,3,positif,0.9608,positif,tanpa_emoji,positif,hitmaker
1Wz4r3758CY,user_c9dc8c99e7d8,False,1759708800,1,negatif,0.8973,positif,positif,positif,hitmaker
1Wz4r3758CY,user_e212e5611bd2,False,1759708800,8,negatif,0.9905,negatif,tanpa_emoji,negatif,hitmaker
1Wz4r3758CY,user_28ff56d61f29,True,1759708800,2,positif,0.5249,netral,tanpa_emoji,positif,hitmaker
1Wz4r3758CY,user_544604120c31,False,1759708800,1,netral,0.7853,positif,tanpa_emoji,netral,hitmaker
1Wz4r3758CY,user_57222ae1a111,False,1759708800,5,negatif,0.9173,netral,tanpa_emoji,negatif,hitmaker
1Wz4r3758CY,user_d4bcb44b09b6,True,1759708800,2,negatif,0.4868,netral,tanpa_emoji,negatif,hitmaker
1Wz4r3758CY,user_57222ae1a111,True,1759708800,2,negatif,0.8795,netral,tanpa_emoji,negatif,hitmaker
1Wz4r3758CY,user_38d366005e1d,True,1759708800,2,negatif,0.5742,netral,tanpa_emoji,negatif,hitmaker
1Wz4r3758CY,user_d4bcb44b09b6,True,1759708800,0,netral,0.9246,netral,tanpa_emoji,netral,hitmaker
1Wz4r3758CY,user_3ece0e5dd926,True,1759708800,1,negatif,0.9063,netral,tanpa_emoji,negatif,hitmaker
1Wz4r3758CY,user_62b0013db4b9,True,1759708800,1,positif,0.9318,negatif,tanpa_emoji,positif,hitmaker
1Wz4r3758CY,user_803937f66f4c,False,1759708800,1,negatif,0.9987,netral,positif,negatif,hitmaker
1Wz4r3758CY,user_aa4727bed7fe,False,1759708800,2,negatif,0.5263,negatif,tanpa_emoji,negatif,hitmaker
1Wz4r3758CY,user_75096ae5e44b,False,1759708800,4,positif,0.4443,positif,positif,positif,hitmaker
1Wz4r3758CY,user_134e57f3d267,False,1759708800,7,negatif,0.6509,netral,tanpa_emoji,negatif,hitmaker
9cJoL-j10Rc,user_cc1e33fc49af,False,1764979200,0,negatif,0.9273,positif,positif,positif,hitmaker
9cJoL-j10Rc,user_b4594fb9478e,False,1728172800,0,negatif,0.8759,netral,tanpa_emoji,negatif,hitmaker
9cJoL-j10Rc,user_bc7385361127,False,1728172800,0,netral,0.7215,netral,tanpa_emoji,netral,hitmaker
9cJoL-j10Rc,user_f7ccfa5e2e9d,False,1728172800,0,negatif,0.491,positif,positif,positif,hitmaker
9cJoL-j10Rc,user_b8d8b086bd31,False,1728172800,0,positif,0.995,positif,tanpa_emoji,positif,hitmaker
9cJoL-j10Rc,user_e7d6dbf6556c,False,1728172800,1,negatif,0.9918,negatif,tanpa_emoji,negatif,hitmaker
9cJoL-j10Rc,user_c58972484986,False,1728172800,0,positif,0.9974,positif,positif,positif,hitmaker
9cJoL-j10Rc,user_9fc321e1ef59,False,1728172800,0,negatif,0.5468,netral,netral,negatif,hitmaker
9cJoL-j10Rc,user_197279111347,False,1728172800,0,positif,0.9702,positif,tanpa_emoji,positif,hitmaker
9cJoL-j10Rc,user_846e8c641644,False,1728172800,0,negatif,0.9987,netral,tanpa_emoji,negatif,hitmaker
9cJoL-j10Rc,user_ce4253e6430c,False,1728172800,0,negatif,0.7112,netral,tanpa_emoji,negatif,hitmaker
9cJoL-j10Rc,user_8503d1b138ac,False,1728172800,0,positif,0.9956,positif,positif,positif,hitmaker
9cJoL-j10Rc,user_435dcd40dc0f,False,1728172800,0,netral,0.7358,positif,positif,netral,hitmaker
9cJoL-j10Rc,user_84ab9eb527d6,False,1728172800,0,positif,0.9972,positif,tanpa_emoji,positif,hitmaker
9cJoL-j10Rc,user_468429db699b,False,1728172800,0,positif,0.9734,positif,tanpa_emoji,positif,hitmaker
9cJoL-j10Rc,user_9ce0b11deb78,False,1728172800,1,negatif,0.935,netral,tanpa_emoji,negatif,hitmaker
9cJoL-j10Rc,user_e35c8721fd9e,False,1728172800,0,positif,0.9889,positif,tanpa_emoji,positif,hitmaker
9cJoL-j10Rc,user_5425b551c58d,False,1728172800,0,positif,0.9793,positif,tanpa_emoji,positif,hitmaker
9cJoL-j10Rc,user_3fca09859845,False,1728172800,0,positif,0.993,positif,tanpa_emoji,positif,hitmaker
9cJoL-j10Rc,user_7425247e5e5d,False,1728172800,1,positif,0.962,positif,tanpa_emoji,positif,hitmaker
9cJoL-j10Rc,user_110cf4a6f89f,False,1728172800,0,netral,0.9296,netral,tanpa_emoji,netral,hitmaker
9cJoL-j10Rc,user_d33f1d012a42,False,1728172800,1,positif,0.8634,netral,tanpa_emoji,positif,hitmaker
9cJoL-j10Rc,user_07511d1bb618,False,1728172800,1,positif,0.9931,netral,tanpa_emoji,positif,hitmaker
9cJoL-j10Rc,user_75b4186e290d,False,1728172800,0,netral,0.7729,netral,tanpa_emoji,netral,hitmaker
9cJoL-j10Rc,user_9436582ce4ac,False,1728172800,0,positif,0.9622,positif,tanpa_emoji,positif,hitmaker
9cJoL-j10Rc,user_f7f1e5b32e25,False,1728172800,0,negatif,0.9782,netral,tanpa_emoji,negatif,hitmaker
9cJoL-j10Rc,user_08c7b37df3ed,False,1728172800,0,negatif,0.919,netral,tanpa_emoji,negatif,hitmaker
9cJoL-j10Rc,user_e1d079372822,False,1728172800,0,negatif,0.7711,positif,tanpa_emoji,negatif,hitmaker
9cJoL-j10Rc,user_1a6f9ea80157,False,1696550400,1,positif,0.9946,positif,tanpa_emoji,positif,hitmaker
9cJoL-j10Rc,user_56c45bb7ebce,False,1696550400,2,positif,0.8748,positif,positif,positif,hitmaker
9cJoL-j10Rc,user_618758e7cce7,False,1696550400,3,positif,0.9949,positif,positif,positif,hitmaker
9cJoL-j10Rc,user_de5245cdce35,False,1696550400,1,positif,0.9822,positif,tanpa_emoji,positif,hitmaker
9cJoL-j10Rc,user_ab58be42c4f4,False,1696550400,5,positif,0.9012,netral,tanpa_emoji,positif,hitmaker
9cJoL-j10Rc,user_0f4c3887210b,False,1696550400,5,positif,0.9807,positif,tanpa_emoji,positif,hitmaker
9cJoL-j10Rc,user_1a918b55c21c,False,1696550400,4,positif,0.9678,positif,tanpa_emoji,positif,hitmaker
9cJoL-j10Rc,user_ec2a8806e8c0,False,1696550400,6,negatif,0.9462,negatif,netral,negatif,hitmaker
9cJoL-j10Rc,user_862bd10c92d1,False,1696550400,6,positif,0.9743,positif,tanpa_emoji,positif,hitmaker
9cJoL-j10Rc,user_d9a53b9cd1aa,False,1696550400,2,negatif,0.4384,positif,positif,positif,hitmaker
9cJoL-j10Rc,user_405c81763c2b,False,1696550400,3,negatif,0.8238,positif,tanpa_emoji,negatif,hitmaker
9cJoL-j10Rc,user_1d200e899e87,False,1696550400,9,netral,0.9922,positif,positif,netral,hitmaker
9cJoL-j10Rc,user_05876a7ba4ca,False,1696550400,4,negatif,0.9974,netral,tanpa_emoji,negatif,hitmaker
9cJoL-j10Rc,user_8417a95ba334,False,1696550400,14,positif,0.9858,netral,tanpa_emoji,positif,hitmaker
9cJoL-j10Rc,user_fe56d66fb880,False,1696550400,22,positif,0.9849,netral,tanpa_emoji,positif,hitmaker
9cJoL-j10Rc,user_d9a53b9cd1aa,True,1696550400,2,negatif,0.5059,positif,positif,positif,hitmaker
9cJoL-j10Rc,user_b56e60f0eb95,True,1696550400,2,netral,0.449,netral,tanpa_emoji,netral,hitmaker
9cJoL-j10Rc,user_06a52a2afe41,True,1728172800,1,positif,0.9579,netral,tanpa_emoji,positif,hitmaker
9cJoL-j10Rc,user_7b03995c6f52,True,1696550400,0,negatif,0.9283,netral,tanpa_emoji,negatif,hitmaker
9cJoL-j10Rc,user_41a1ddccb460,False,1696550400,3,negatif,0.9891,netral,tanpa_emoji,negatif,hitmaker
9cJoL-j10Rc,user_2e5cd52a5f49,False,1696550400,8,negatif,0.4782,netral,tanpa_emoji,negatif,hitmaker
9cJoL-j10Rc,user_5f75706e0cdf,False,1696550400,15,positif,0.9952,positif,tanpa_emoji,positif,hitmaker
9cJoL-j10Rc,user_7b51e2a4a8ab,False,1696550400,2,negatif,0.9624,negatif,tanpa_emoji,negatif,hitmaker
9cJoL-j10Rc,user_2e5cd52a5f49,True,1696550400,2,positif,0.7809,netral,tanpa_emoji,positif,hitmaker
9cJoL-j10Rc,user_d9a53b9cd1aa,True,1696550400,1,netral,0.9194,netral,tanpa_emoji,netral,hitmaker
9cJoL-j10Rc,user_4f0f1ed9f587,False,1696550400,2,negatif,0.9848,netral,tanpa_emoji,negatif,hitmaker
9cJoL-j10Rc,user_1d200e899e87,True,1696550400,0,negatif,0.998,netral,netral,negatif,hitmaker
9cJoL-j10Rc,user_fe5fddf9347a,False,1696550400,4,positif,0.9881,positif,tanpa_emoji,positif,hitmaker
JekV-VTEyLI,user_3770abf9df08,False,1759708800,0,netral,0.9219,netral,tanpa_emoji,netral,hitmaker
JekV-VTEyLI,user_d1c21e79f732,False,1759708800,0,negatif,0.8857,netral,netral,negatif,hitmaker
JekV-VTEyLI,user_27bfe1289a48,False,1759708800,1,netral,0.7498,positif,positif,netral,hitmaker
JekV-VTEyLI,user_afba889e9caa,False,1759708800,1,negatif,0.9308,negatif,tanpa_emoji,negatif,hitmaker
JekV-VTEyLI,user_4d8c2e1d1a74,False,1759708800,2,positif,0.9944,positif,positif,positif,hitmaker
d173ahbvzUA,user_0e3ba8770ddd,False,1759708800,2,negatif,0.6918,netral,tanpa_emoji,negatif,hitmaker
d173ahbvzUA,user_05a91d3eedf2,False,1759708800,8,positif,0.963,positif,tanpa_emoji,positif,hitmaker
d173ahbvzUA,user_024d0a276785,False,1728172800,10,netral,0.4772,netral,tanpa_emoji,netral,hitmaker
d173ahbvzUA,user_896b4aea90b6,False,1728172800,0,negatif,0.998,netral,tanpa_emoji,negatif,hitmaker
d173ahbvzUA,user_60c0ac7c014e,False,1728172800,0,negatif,0.9625,netral,netral,negatif,hitmaker
d173ahbvzUA,user_144b0368f901,False,1728172800,0,negatif,0.5108,netral,tanpa_emoji,negatif,hitmaker
d173ahbvzUA,user_420746dfe39f,False,1728172800,2,positif,0.8874,positif,positif,positif,hitmaker
d173ahbvzUA,user_32713c139d45,False,1728172800,1,positif,0.6064,negatif,tanpa_emoji,positif,hitmaker
d173ahbvzUA,user_7d28c186c136,False,1728172800,0,netral,0.8612,netral,tanpa_emoji,netral,hitmaker
d173ahbvzUA,user_202515c2489e,False,1728172800,8,positif,0.9862,positif,positif,positif,hitmaker
d173ahbvzUA,user_fed8eeaf109c,True,1728172800,2,positif,0.9685,positif,tanpa_emoji,positif,hitmaker
d173ahbvzUA,user_202515c2489e,True,1728172800,0,netral,0.6811,netral,netral,netral,hitmaker
d173ahbvzUA,user_fed8eeaf109c,True,1728172800,0,positif,0.4749,netral,tanpa_emoji,positif,hitmaker
d173ahbvzUA,user_5cf99c148500,False,1696550400,0,negatif,0.9431,netral,tanpa_emoji,negatif,hitmaker
d173ahbvzUA,user_b4e24a2025fe,False,1696550400,2,netral,0.9873,netral,tanpa_emoji,netral,hitmaker
d173ahbvzUA,user_a25652f10711,False,1696550400,2,positif,0.96,netral,netral,positif,hitmaker
d173ahbvzUA,user_d21bc59ceee0,False,1696550400,0,netral,0.9507,netral,tanpa_emoji,netral,hitmaker
d173ahbvzUA,user_0f03c45a3966,False,1696550400,0,positif,0.9881,netral,tanpa_emoji,positif,hitmaker
d173ahbvzUA,user_0462cb85be88,False,1696550400,0,negatif,0.8745,positif,positif,negatif,hitmaker
d173ahbvzUA,user_7ba788e3495b,False,1696550400,1,negatif,0.9922,netral,tanpa_emoji,negatif,hitmaker
d173ahbvzUA,user_3aa6c0347b6b,True,1759708800,0,negatif,0.9318,netral,netral,negatif,hitmaker
d173ahbvzUA,user_f8924442df04,False,1696550400,1,negatif,0.9654,netral,tanpa_emoji,negatif,hitmaker
d173ahbvzUA,user_4db0d005cfcb,False,1696550400,0,netral,0.574,netral,tanpa_emoji,netral,hitmaker
d173ahbvzUA,user_f50ca502239f,False,1696550400,0,netral,0.9803,netral,tanpa_emoji,netral,hitmaker
d173ahbvzUA,user_02cbf39ace79,False,1696550400,0,negatif,0.8338,netral,tanpa_emoji,negatif,hitmaker
d173ahbvzUA,user_84bd385450f0,False,1696550400,0,netral,0.965,negatif,tanpa_emoji,netral,hitmaker
d173ahbvzUA,user_aea2a4c7162e,False,1696550400,0,negatif,0.9392,netral,tanpa_emoji,negatif,hitmaker
d173ahbvzUA,user_02cbf39ace79,True,1696550400,0,netral,0.9238,netral,tanpa_emoji,netral,hitmaker
d173ahbvzUA,user_7903a1a10de8,False,1696550400,1,negatif,0.9349,netral,tanpa_emoji,negatif,hitmaker
d173ahbvzUA,user_eefc6d6c8ee1,False,1665014400,8,negatif,0.9603,netral,tanpa_emoji,negatif,hitmaker
d173ahbvzUA,user_70f52b0e7f54,True,1665014400,0,negatif,0.9249,netral,tanpa_emoji,negatif,hitmaker
d173ahbvzUA,user_34d5d4b73ab8,False,1665014400,0,negatif,0.8711,negatif,tanpa_emoji,negatif,hitmaker
d173ahbvzUA,user_d25532523319,False,1665014400,0,negatif,0.5142,netral,tanpa_emoji,negatif,hitmaker
d173ahbvzUA,user_db24dca3b042,False,1665014400,1,negatif,0.9967,netral,tanpa_emoji,negatif,hitmaker
d173ahbvzUA,user_7d117c1808e4,False,1665014400,2,netral,0.5376,netral,tanpa_emoji,netral,hitmaker
d173ahbvzUA,user_d0d1a117ed54,True,1665014400,1,negatif,0.9513,netral,tanpa_emoji,negatif,hitmaker
d173ahbvzUA,user_e3d52082b03c,False,1665014400,51,positif,0.9934,positif,netral,positif,hitmaker
d173ahbvzUA,user_34d5d4b73ab8,True,1665014400,1,negatif,0.5764,negatif,tanpa_emoji,negatif,hitmaker
d173ahbvzUA,user_34d5d4b73ab8,True,1665014400,1,negatif,0.7249,netral,tanpa_emoji,negatif,hitmaker
d173ahbvzUA,user_73b2f242818a,True,1728172800,1,netral,0.941,netral,tanpa_emoji,netral,hitmaker
d173ahbvzUA,user_190fa4eb6cf7,True,1728172800,0,negatif,0.9672,positif,positif,positif,hitmaker
d173ahbvzUA,user_452b5b0ea65c,False,1665014400,4,negatif,0.681,positif,positif,negatif,hitmaker
d173ahbvzUA,user_ceb60b9ecee6,True,1696550400,0,negatif,0.441,netral,tanpa_emoji,negatif,hitmaker
d173ahbvzUA,user_8dfbe436bafd,False,1665014400,10,positif,0.9941,positif,positif,positif,hitmaker
d173ahbvzUA,user_af6282507adf,False,1665014400,8,negatif,0.9209,positif,tanpa_emoji,negatif,hitmaker
d173ahbvzUA,user_e0a6ca00f28f,True,1665014400,0,negatif,0.8891,netral,netral,negatif,hitmaker
d173ahbvzUA,user_9cd8ffd2723b,False,1665014400,0,negatif,0.8481,netral,tanpa_emoji,negatif,hitmaker
d173ahbvzUA,user_2ddcd5ac3326,True,1665014400,0,negatif,0.8272,netral,tanpa_emoji,negatif,hitmaker
d173ahbvzUA,user_1c3ad193cc87,True,1696550400,0,netral,0.997,netral,tanpa_emoji,netral,hitmaker
d173ahbvzUA,user_01e88ac060d2,False,1665014400,0,negatif,0.6833,netral,tanpa_emoji,negatif,hitmaker
d173ahbvzUA,user_aa4727bed7fe,True,1665014400,2,positif,0.7565,netral,tanpa_emoji,positif,hitmaker
d173ahbvzUA,user_01e88ac060d2,True,1696550400,0,netral,0.5262,netral,tanpa_emoji,netral,hitmaker
d173ahbvzUA,user_0c655293ef4d,True,1696550400,1,negatif,0.6794,netral,tanpa_emoji,negatif,hitmaker
d173ahbvzUA,user_01e88ac060d2,True,1696550400,0,netral,0.974,netral,tanpa_emoji,netral,hitmaker
d173ahbvzUA,user_c5aa1fa101db,False,1665014400,2,negatif,0.9855,netral,tanpa_emoji,negatif,hitmaker
d173ahbvzUA,user_6afc37e9edcc,False,1665014400,2,positif,0.9129,positif,tanpa_emoji,positif,hitmaker
d173ahbvzUA,user_6afc37e9edcc,True,1665014400,0,positif,0.4578,netral,tanpa_emoji,positif,hitmaker
d173ahbvzUA,user_2b8c2dc89402,False,1665014400,1,netral,0.9512,netral,tanpa_emoji,netral,hitmaker
d173ahbvzUA,user_ff41d4d19f63,True,1665014400,0,negatif,0.7523,netral,tanpa_emoji,negatif,hitmaker
d173ahbvzUA,user_929454d03116,True,1665014400,0,negatif,0.6247,netral,tanpa_emoji,negatif,hitmaker
d173ahbvzUA,user_d0d1a117ed54,True,1665014400,0,positif,0.5205,positif,tanpa_emoji,positif,hitmaker
d173ahbvzUA,user_c6491f380cc6,False,1665014400,0,negatif,0.8664,netral,netral,netral,hitmaker
d173ahbvzUA,user_28b812ff4d64,False,1665014400,1,negatif,0.9841,netral,tanpa_emoji,negatif,hitmaker
d173ahbvzUA,user_3aa6c0347b6b,True,1759708800,0,negatif,0.6963,positif,positif,negatif,hitmaker
d173ahbvzUA,user_4c4f5484df50,False,1665014400,1,netral,0.9831,netral,tanpa_emoji,netral,hitmaker
d173ahbvzUA,user_aba48d5e12a7,True,1665014400,0,negatif,0.9292,negatif,tanpa_emoji,negatif,hitmaker
d173ahbvzUA,user_bd5307c9566b,True,1696550400,0,negatif,0.6578,negatif,tanpa_emoji,negatif,hitmaker
d173ahbvzUA,user_98396989fa09,False,1665014400,1,positif,0.8149,positif,tanpa_emoji,positif,hitmaker
d173ahbvzUA,user_2ccc8e6ca85d,True,1665014400,0,negatif,0.8023,negatif,tanpa_emoji,negatif,hitmaker
d173ahbvzUA,user_929454d03116,True,1665014400,0,netral,0.997,netral,tanpa_emoji,netral,hitmaker
d173ahbvzUA,user_2ccc8e6ca85d,True,1665014400,0,netral,0.972,netral,tanpa_emoji,netral,hitmaker
d173ahbvzUA,user_f3034a7ec64a,False,1665014400,2,negatif,0.9962,positif,tanpa_emoji,negatif,hitmaker
d173ahbvzUA,user_c1cda3d66359,False,1633478400,2,negatif,0.8667,netral,tanpa_emoji,negatif,hitmaker
d173ahbvzUA,user_da32d24efaa3,False,1633478400,2,negatif,0.6688,netral,tanpa_emoji,negatif,hitmaker
d173ahbvzUA,user_36febe43adcc,False,1633478400,1,netral,0.726,netral,tanpa_emoji,netral,hitmaker
d173ahbvzUA,user_f38d68c828e1,False,1633478400,5,negatif,0.9939,netral,tanpa_emoji,negatif,hitmaker
d173ahbvzUA,user_9324a0c90f0d,True,1665014400,1,negatif,0.9946,netral,tanpa_emoji,negatif,hitmaker
d173ahbvzUA,user_d2b28d18e75a,False,1633478400,1,negatif,0.9943,netral,tanpa_emoji,negatif,hitmaker
d173ahbvzUA,user_8e05c300544c,True,1633478400,0,netral,0.9293,netral,tanpa_emoji,netral,hitmaker
d173ahbvzUA,user_778f11f00458,False,1633478400,5,negatif,0.9885,netral,tanpa_emoji,negatif,hitmaker
d173ahbvzUA,user_ea4e261f0c26,True,1665014400,0,negatif,0.9928,netral,tanpa_emoji,negatif,hitmaker
d173ahbvzUA,user_a818298cef50,True,1665014400,0,negatif,0.9215,netral,tanpa_emoji,negatif,hitmaker
d173ahbvzUA,user_dd1639901f79,False,1633478400,2,negatif,0.999,netral,tanpa_emoji,negatif,hitmaker
d173ahbvzUA,user_8e05c300544c,True,1633478400,0,negatif,0.9458,netral,tanpa_emoji,negatif,hitmaker
d173ahbvzUA,user_b1e3340461f0,False,1633478400,2,netral,0.8275,netral,tanpa_emoji,netral,hitmaker
d173ahbvzUA,user_51f9440145a6,False,1633478400,20,positif,0.9843,netral,tanpa_emoji,positif,hitmaker
d173ahbvzUA,user_d1642dff5b3e,True,1633478400,2,positif,0.8579,positif,tanpa_emoji,positif,hitmaker
d173ahbvzUA,user_fcb4c3e442cf,True,1633478400,0,negatif,0.5199,positif,tanpa_emoji,negatif,hitmaker
d173ahbvzUA,user_2f32c11deb83,True,1633478400,0,negatif,0.9985,netral,tanpa_emoji,negatif,hitmaker
d173ahbvzUA,user_51f9440145a6,True,1633478400,1,netral,0.9926,netral,tanpa_emoji,netral,hitmaker
d173ahbvzUA,user_2f32c11deb83,True,1633478400,0,netral,0.9479,netral,tanpa_emoji,netral,hitmaker
d173ahbvzUA,user_51f9440145a6,True,1633478400,0,netral,0.9931,netral,netral,netral,hitmaker
d173ahbvzUA,user_2f32c11deb83,True,1633478400,0,negatif,0.9932,netral,tanpa_emoji,negatif,hitmaker
d173ahbvzUA,user_51f9440145a6,True,1633478400,0,negatif,0.998,netral,tanpa_emoji,negatif,hitmaker
d173ahbvzUA,user_915812c3b43a,True,1633478400,0,negatif,0.9965,negatif,tanpa_emoji,negatif,hitmaker
d173ahbvzUA,user_a2f54d1a90df,True,1633478400,0,netral,0.958,netral,tanpa_emoji,netral,hitmaker
d173ahbvzUA,user_915812c3b43a,True,1633478400,0,negatif,0.9967,netral,tanpa_emoji,negatif,hitmaker
d173ahbvzUA,user_6afc37e9edcc,True,1665014400,0,negatif,0.9984,netral,tanpa_emoji,negatif,hitmaker
d173ahbvzUA,user_d092158fe77e,True,1665014400,0,negatif,0.7967,positif,tanpa_emoji,negatif,hitmaker
d173ahbvzUA,user_ff41d4d19f63,True,1665014400,0,negatif,0.6805,netral,tanpa_emoji,negatif,hitmaker
d173ahbvzUA,user_52dbf0c6ed78,False,1633478400,3,negatif,0.9902,netral,tanpa_emoji,negatif,hitmaker
d173ahbvzUA,user_52dbf0c6ed78,False,1633478400,2,negatif,0.9902,netral,tanpa_emoji,negatif,hitmaker
d173ahbvzUA,user_2ba744aca006,False,1601942400,2,negatif,0.6745,negatif,tanpa_emoji,negatif,hitmaker
d173ahbvzUA,user_027b23915652,False,1601942400,1,negatif,0.9622,netral,tanpa_emoji,negatif,hitmaker
d173ahbvzUA,user_b91c3f2ca635,False,1601942400,3,negatif,0.8052,positif,tanpa_emoji,negatif,hitmaker
jWcuZDN59Gw,user_884008f75675,False,1790035200,0,negatif,0.9758,netral,tanpa_emoji,negatif,hitmaker
jWcuZDN59Gw,user_bc3bd0895a29,False,1790035200,1,negatif,0.5708,netral,netral,negatif,hitmaker
jWcuZDN59Gw,user_09f25bb993cc,False,1788652800,0,negatif,0.9983,positif,tanpa_emoji,negatif,hitmaker
jWcuZDN59Gw,user_788317022b41,False,1785974400,0,negatif,0.9722,netral,tanpa_emoji,negatif,hitmaker
jWcuZDN59Gw,user_bad7852bcf3e,False,1785974400,0,netral,0.8844,netral,tanpa_emoji,netral,hitmaker
jWcuZDN59Gw,user_29bd8dbace91,False,1783296000,0,negatif,0.9969,positif,tanpa_emoji,negatif,hitmaker
jWcuZDN59Gw,user_1ad319409a54,False,1783296000,0,negatif,0.9965,positif,positif,negatif,hitmaker
jWcuZDN59Gw,user_67b6e94b5e63,False,1783296000,0,positif,0.9973,positif,netral,positif,hitmaker
jWcuZDN59Gw,user_eee70cb62d3a,False,1780704000,0,netral,0.9733,netral,tanpa_emoji,netral,hitmaker
jWcuZDN59Gw,user_048cb794ba7c,False,1780704000,0,positif,0.9832,positif,tanpa_emoji,positif,hitmaker
jWcuZDN59Gw,user_63cd7786636b,False,1778025600,1,negatif,0.9353,netral,tanpa_emoji,negatif,hitmaker
jWcuZDN59Gw,user_bd91bc523ff5,False,1778025600,0,positif,0.8162,positif,positif,positif,hitmaker
jWcuZDN59Gw,user_8d3001806cac,False,1772755200,1,negatif,0.9867,negatif,tanpa_emoji,negatif,hitmaker
jWcuZDN59Gw,user_1ebcfb2396e9,False,1770336000,0,negatif,0.5071,netral,tanpa_emoji,negatif,hitmaker
jWcuZDN59Gw,user_52de7413846d,False,1764979200,0,negatif,0.8991,netral,netral,netral,hitmaker
jWcuZDN59Gw,user_425f3e21cfcd,False,1759708800,0,negatif,0.994,negatif,tanpa_emoji,negatif,hitmaker
jWcuZDN59Gw,user_ad8938bb5979,False,1759708800,0,negatif,0.5469,positif,positif,positif,hitmaker
jWcuZDN59Gw,user_3f8eff816ed7,False,1759708800,0,positif,0.7432,netral,tanpa_emoji,positif,hitmaker
jWcuZDN59Gw,user_a6f5864355ca,False,1759708800,0,negatif,0.9719,netral,tanpa_emoji,negatif,hitmaker
jWcuZDN59Gw,user_508f1c8550d5,False,1759708800,0,negatif,0.9985,netral,tanpa_emoji,negatif,hitmaker
jWcuZDN59Gw,user_0ead1f87825d,False,1728172800,0,netral,0.8883,netral,tanpa_emoji,netral,hitmaker
jWcuZDN59Gw,user_362c01cccac9,False,1728172800,0,negatif,0.9971,netral,netral,negatif,hitmaker
jWcuZDN59Gw,user_8fbee96a5c4d,False,1696550400,0,netral,0.7944,netral,tanpa_emoji,netral,hitmaker
jWcuZDN59Gw,user_667e3a82a16d,False,1696550400,1,negatif,0.8405,positif,positif,positif,hitmaker
jWcuZDN59Gw,user_0dbf23dd63fe,False,1696550400,0,netral,0.9015,netral,tanpa_emoji,netral,hitmaker
jWcuZDN59Gw,user_5e1cff391b10,False,1696550400,1,negatif,0.9968,netral,netral,negatif,hitmaker
jWcuZDN59Gw,user_96a87926c70e,False,1696550400,0,netral,0.6563,netral,tanpa_emoji,netral,hitmaker
jWcuZDN59Gw,user_a8f984f138ee,False,1665014400,1,netral,0.779,netral,tanpa_emoji,netral,hitmaker
jWcuZDN59Gw,user_7bea67fa2aee,True,1665014400,1,negatif,0.8196,netral,tanpa_emoji,negatif,hitmaker
jWcuZDN59Gw,user_746b66f6b39c,False,1665014400,0,negatif,0.9991,netral,tanpa_emoji,negatif,hitmaker
jWcuZDN59Gw,user_311764ec8d75,False,1665014400,1,negatif,0.9947,netral,tanpa_emoji,negatif,hitmaker
jWcuZDN59Gw,user_de8a3c2ccd5d,False,1665014400,0,negatif,0.9957,netral,tanpa_emoji,negatif,hitmaker
jWcuZDN59Gw,user_4f0271bf7bb6,False,1665014400,1,netral,0.7439,netral,tanpa_emoji,netral,hitmaker
jWcuZDN59Gw,user_e589b93ab03d,False,1665014400,1,netral,0.829,netral,tanpa_emoji,netral,hitmaker
jWcuZDN59Gw,user_26385048d6c6,False,1665014400,0,netral,0.5957,netral,tanpa_emoji,netral,hitmaker
jWcuZDN59Gw,user_a204207ee378,False,1665014400,1,negatif,0.8273,netral,netral,negatif,hitmaker
jWcuZDN59Gw,user_57f7437ddb52,False,1665014400,2,negatif,0.9712,positif,positif,negatif,hitmaker
jWcuZDN59Gw,user_1ce0dbd2cea5,True,1665014400,0,negatif,0.9379,netral,tanpa_emoji,negatif,hitmaker
jWcuZDN59Gw,user_110320d2c1f9,False,1665014400,1,negatif,0.9964,negatif,positif,negatif,hitmaker
jWcuZDN59Gw,user_42bd8eaa0f57,True,1665014400,0,negatif,0.9791,netral,tanpa_emoji,negatif,hitmaker
jWcuZDN59Gw,user_6ecd82bcde47,True,1665014400,0,positif,0.4637,netral,tanpa_emoji,positif,hitmaker
jWcuZDN59Gw,user_42bd8eaa0f57,True,1665014400,0,negatif,0.5188,netral,tanpa_emoji,negatif,hitmaker
jWcuZDN59Gw,user_6ecd82bcde47,True,1665014400,0,negatif,0.735,negatif,tanpa_emoji,negatif,hitmaker
jWcuZDN59Gw,user_42bd8eaa0f57,True,1665014400,0,negatif,0.9894,netral,tanpa_emoji,negatif,hitmaker
jWcuZDN59Gw,user_42bd8eaa0f57,True,1665014400,0,negatif,0.5844,netral,tanpa_emoji,negatif,hitmaker
jWcuZDN59Gw,user_6ecd82bcde47,True,1665014400,0,negatif,0.6541,negatif,tanpa_emoji,negatif,hitmaker
jWcuZDN59Gw,user_42bd8eaa0f57,True,1665014400,0,negatif,0.5899,netral,tanpa_emoji,negatif,hitmaker
jWcuZDN59Gw,user_6ecd82bcde47,True,1665014400,0,negatif,0.7536,negatif,tanpa_emoji,negatif,hitmaker
jWcuZDN59Gw,user_42bd8eaa0f57,True,1665014400,0,negatif,0.9584,netral,tanpa_emoji,negatif,hitmaker
jWcuZDN59Gw,user_6ecd82bcde47,True,1665014400,0,negatif,0.8624,positif,netral,negatif,hitmaker
jWcuZDN59Gw,user_2ddcd5ac3326,True,1665014400,0,netral,0.7024,netral,tanpa_emoji,netral,hitmaker
jWcuZDN59Gw,user_6ecd82bcde47,True,1665014400,0,negatif,0.8014,positif,tanpa_emoji,negatif,hitmaker
jWcuZDN59Gw,user_2ddcd5ac3326,True,1665014400,0,negatif,0.9799,negatif,tanpa_emoji,negatif,hitmaker
jWcuZDN59Gw,user_6ecd82bcde47,True,1665014400,0,negatif,0.8257,netral,tanpa_emoji,negatif,hitmaker
jWcuZDN59Gw,user_2ddcd5ac3326,True,1665014400,0,negatif,0.9948,negatif,tanpa_emoji,negatif,hitmaker
jWcuZDN59Gw,user_6ecd82bcde47,True,1665014400,0,netral,0.9861,netral,tanpa_emoji,netral,hitmaker
jWcuZDN59Gw,user_2ddcd5ac3326,True,1665014400,0,netral,0.69,netral,tanpa_emoji,netral,hitmaker
jWcuZDN59Gw,user_6ecd82bcde47,True,1665014400,0,negatif,0.5444,netral,tanpa_emoji,negatif,hitmaker
jWcuZDN59Gw,user_2ddcd5ac3326,True,1665014400,0,netral,0.942,netral,tanpa_emoji,netral,hitmaker
jWcuZDN59Gw,user_2ddcd5ac3326,True,1665014400,0,netral,0.7477,netral,tanpa_emoji,netral,hitmaker
jWcuZDN59Gw,user_2ddcd5ac3326,True,1665014400,0,positif,0.8368,positif,tanpa_emoji,positif,hitmaker
jWcuZDN59Gw,user_2ddcd5ac3326,True,1665014400,1,netral,0.9487,netral,tanpa_emoji,netral,hitmaker
jWcuZDN59Gw,user_99ed989ccc21,False,1665014400,3,negatif,0.9792,netral,tanpa_emoji,negatif,hitmaker
jWcuZDN59Gw,user_edf3660765e3,False,1665014400,1,negatif,0.993,negatif,tanpa_emoji,negatif,hitmaker
jWcuZDN59Gw,user_c108d689c6f5,False,1665014400,1,netral,0.977,netral,netral,netral,hitmaker
jWcuZDN59Gw,user_2ddcd5ac3326,True,1665014400,1,negatif,0.7676,netral,tanpa_emoji,negatif,hitmaker
jWcuZDN59Gw,user_6138efaa569c,False,1665014400,1,negatif,0.7911,negatif,netral,negatif,hitmaker
jWcuZDN59Gw,user_253aa360787b,False,1665014400,5,positif,0.5731,negatif,tanpa_emoji,positif,hitmaker
jWcuZDN59Gw,user_6ecd82bcde47,True,1665014400,0,negatif,0.9975,netral,tanpa_emoji,negatif,hitmaker
jWcuZDN59Gw,user_8cb5a1e85bd9,True,1665014400,0,netral,0.8424,netral,tanpa_emoji,netral,hitmaker
jWcuZDN59Gw,user_94a524f273f5,False,1665014400,1,negatif,0.6788,negatif,netral,negatif,hitmaker
jWcuZDN59Gw,user_234c09427a5a,False,1665014400,1,positif,0.6704,netral,tanpa_emoji,positif,hitmaker
jWcuZDN59Gw,user_42bd8eaa0f57,True,1665014400,0,negatif,0.9687,netral,tanpa_emoji,negatif,hitmaker
jWcuZDN59Gw,user_e4fa4edaa59e,False,1665014400,6,positif,0.7438,netral,tanpa_emoji,positif,hitmaker
jWcuZDN59Gw,user_e83f0d434910,False,1665014400,2,positif,0.9951,netral,tanpa_emoji,positif,hitmaker
jWcuZDN59Gw,user_4257b25be9ca,True,1665014400,2,negatif,0.6708,netral,tanpa_emoji,negatif,hitmaker
jWcuZDN59Gw,user_e83f0d434910,True,1665014400,1,netral,0.9514,netral,tanpa_emoji,netral,hitmaker
jWcuZDN59Gw,user_2ddcd5ac3326,True,1665014400,1,netral,0.9921,netral,tanpa_emoji,netral,hitmaker
jWcuZDN59Gw,user_2ddcd5ac3326,True,1665014400,0,netral,0.5813,netral,tanpa_emoji,netral,hitmaker
jWcuZDN59Gw,user_72fcd77aa215,False,1665014400,3,positif,0.6481,netral,tanpa_emoji,positif,hitmaker
jWcuZDN59Gw,user_1dcc4c0ea2b6,False,1665014400,0,negatif,0.9912,negatif,tanpa_emoji,negatif,hitmaker
jWcuZDN59Gw,user_2ddcd5ac3326,True,1665014400,0,negatif,0.9857,negatif,tanpa_emoji,negatif,hitmaker
jWcuZDN59Gw,user_c1ecb70e4e2c,False,1665014400,50,positif,0.9968,positif,positif,positif,hitmaker
jWcuZDN59Gw,user_572b42851d0c,True,1665014400,1,negatif,0.7243,netral,tanpa_emoji,negatif,hitmaker
jWcuZDN59Gw,user_8dfb8e8cf23e,False,1665014400,0,negatif,0.9961,netral,tanpa_emoji,negatif,hitmaker
jWcuZDN59Gw,user_ad1d60dd0fe9,True,1728172800,2,negatif,0.9946,netral,tanpa_emoji,negatif,hitmaker
jWcuZDN59Gw,user_3ca35991d599,False,1665014400,0,netral,0.7948,netral,tanpa_emoji,netral,hitmaker
jWcuZDN59Gw,user_0cb363c4082b,False,1665014400,1,negatif,0.999,netral,tanpa_emoji,negatif,hitmaker
jWcuZDN59Gw,user_adff6bca7194,False,1665014400,1,negatif,0.9888,negatif,tanpa_emoji,negatif,hitmaker
jWcuZDN59Gw,user_e124207e826e,False,1665014400,0,negatif,0.9548,netral,netral,negatif,hitmaker
jWcuZDN59Gw,user_7d09f4413b5e,True,1665014400,1,negatif,0.9924,negatif,negatif,negatif,hitmaker
jWcuZDN59Gw,user_aa4727bed7fe,True,1665014400,0,negatif,0.8947,netral,tanpa_emoji,negatif,hitmaker
jWcuZDN59Gw,user_0e4035c7e9b4,False,1665014400,6,positif,0.5862,positif,positif,positif,hitmaker
jWcuZDN59Gw,user_94a524f273f5,False,1665014400,2,netral,0.4311,netral,netral,netral,hitmaker
jWcuZDN59Gw,user_d53e24ea2e6a,False,1665014400,0,netral,0.8038,netral,tanpa_emoji,netral,hitmaker
jWcuZDN59Gw,user_fd02a40a7f94,False,1665014400,45,positif,0.9954,positif,tanpa_emoji,positif,hitmaker
jWcuZDN59Gw,user_706514f418fc,False,1665014400,21,negatif,0.9887,netral,positif,negatif,hitmaker
jWcuZDN59Gw,user_fea92d9042a3,False,1665014400,3,negatif,0.9734,positif,tanpa_emoji,negatif,hitmaker
jWcuZDN59Gw,user_f54884ee5cf0,True,1665014400,1,positif,0.9958,netral,tanpa_emoji,positif,hitmaker
jWcuZDN59Gw,user_2ddcd5ac3326,True,1665014400,1,positif,0.7315,negatif,tanpa_emoji,positif,hitmaker
jWcuZDN59Gw,user_86c9ed9cef0b,True,1665014400,0,negatif,0.4297,netral,tanpa_emoji,negatif,hitmaker
jWcuZDN59Gw,user_ba733cf5d304,False,1665014400,5,negatif,0.654,positif,positif,negatif,hitmaker
jWcuZDN59Gw,user_ef4a9dade1b2,True,1665014400,1,netral,0.9333,netral,tanpa_emoji,netral,hitmaker
jWcuZDN59Gw,user_2ddcd5ac3326,True,1665014400,1,netral,0.8948,netral,tanpa_emoji,netral,hitmaker
jWcuZDN59Gw,user_46a368250be4,True,1665014400,0,netral,0.9983,netral,tanpa_emoji,netral,hitmaker
jWcuZDN59Gw,user_2ddcd5ac3326,True,1665014400,0,netral,0.9928,netral,tanpa_emoji,netral,hitmaker
jWcuZDN59Gw,user_62eef40b8f8f,False,1665014400,1,negatif,0.9838,negatif,negatif,negatif,hitmaker
jWcuZDN59Gw,user_5186bc5f8cb9,False,1665014400,3,negatif,0.8353,negatif,tanpa_emoji,negatif,hitmaker
jWcuZDN59Gw,user_f5e021e0d3d6,True,1665014400,1,negatif,0.6107,netral,tanpa_emoji,negatif,hitmaker
jWcuZDN59Gw,user_42bd8eaa0f57,True,1665014400,0,netral,0.7542,netral,tanpa_emoji,netral,hitmaker
jWcuZDN59Gw,user_42bd8eaa0f57,True,1665014400,0,negatif,0.9489,netral,tanpa_emoji,negatif,hitmaker
jWcuZDN59Gw,user_cf7ca1e57224,True,1665014400,0,negatif,0.9817,netral,tanpa_emoji,negatif,hitmaker
jWcuZDN59Gw,user_aee5c56aef6c,False,1665014400,1,positif,0.9966,positif,tanpa_emoji,positif,hitmaker
jWcuZDN59Gw,user_5d25fc3b84f0,False,1665014400,2,positif,0.9946,positif,tanpa_emoji,positif,hitmaker
jWcuZDN59Gw,user_420746dfe39f,True,1665014400,3,positif,0.7768,negatif,tanpa_emoji,positif,hitmaker
jWcuZDN59Gw,user_dd19b599e64f,False,1665014400,3,negatif,0.7277,negatif,tanpa_emoji,negatif,hitmaker
jWcuZDN59Gw,user_2ddcd5ac3326,True,1665014400,0,negatif,0.989,netral,tanpa_emoji,negatif,hitmaker
jWcuZDN59Gw,user_de8a3c2ccd5d,True,1665014400,0,negatif,0.9154,netral,tanpa_emoji,negatif,hitmaker
jWcuZDN59Gw,user_2ddcd5ac3326,True,1665014400,0,netral,0.9766,netral,tanpa_emoji,netral,hitmaker
jWcuZDN59Gw,user_169f38237230,False,1665014400,1,negatif,0.9112,netral,tanpa_emoji,negatif,hitmaker
jWcuZDN59Gw,user_097057f649c7,False,1665014400,1,negatif,0.5137,netral,tanpa_emoji,negatif,hitmaker
jWcuZDN59Gw,user_034621e5c6f8,False,1665014400,1,negatif,0.9989,negatif,negatif,negatif,hitmaker
jWcuZDN59Gw,user_ea184ea62032,False,1665014400,2,negatif,0.9892,netral,tanpa_emoji,negatif,hitmaker
jWcuZDN59Gw,user_097057f649c7,False,1665014400,2,netral,0.7545,netral,tanpa_emoji,netral,hitmaker
jWcuZDN59Gw,user_1525cebcb7af,False,1665014400,1,negatif,0.9969,netral,netral,negatif,hitmaker
jWcuZDN59Gw,user_eb141b3f459a,False,1665014400,3,netral,0.8336,netral,tanpa_emoji,netral,hitmaker
jWcuZDN59Gw,user_af67eacdf96b,False,1665014400,4,positif,0.9081,netral,tanpa_emoji,positif,hitmaker
jWcuZDN59Gw,user_fff0aedc3544,False,1665014400,11,positif,0.9942,positif,positif,positif,hitmaker
jWcuZDN59Gw,user_119890fca1f4,False,1665014400,2,positif,0.7159,positif,netral,positif,hitmaker
jWcuZDN59Gw,user_c54233c2928f,False,1665014400,1,positif,0.994,positif,tanpa_emoji,positif,hitmaker
jWcuZDN59Gw,user_399de7c28985,False,1665014400,3,negatif,0.9956,negatif,netral,negatif,hitmaker
jWcuZDN59Gw,user_ebfb0e89d7de,False,1665014400,2,negatif,0.94,netral,tanpa_emoji,negatif,hitmaker
jWcuZDN59Gw,user_36450be0f335,True,1665014400,3,positif,0.89,positif,tanpa_emoji,positif,hitmaker
jWcuZDN59Gw,user_ebfb0e89d7de,True,1665014400,0,negatif,0.5802,netral,tanpa_emoji,negatif,hitmaker
jWcuZDN59Gw,user_2e2d9dbdb804,True,1665014400,0,positif,0.5558,netral,tanpa_emoji,positif,hitmaker
jWcuZDN59Gw,user_d46b8d4e89ba,False,1665014400,2,positif,0.9922,positif,tanpa_emoji,positif,hitmaker
jWcuZDN59Gw,user_7371a8dac586,False,1665014400,1,negatif,0.5467,netral,tanpa_emoji,negatif,hitmaker
jWcuZDN59Gw,user_b7212d51c948,False,1665014400,8,positif,0.97,positif,positif,positif,hitmaker
jWcuZDN59Gw,user_4647f7b34718,False,1665014400,5,netral,0.9766,netral,tanpa_emoji,netral,hitmaker
jWcuZDN59Gw,user_972d99fe93fb,True,1665014400,1,positif,0.9975,positif,tanpa_emoji,positif,hitmaker
jWcuZDN59Gw,user_e23672664961,False,1665014400,3,negatif,0.9292,netral,tanpa_emoji,negatif,hitmaker
jWcuZDN59Gw,user_034621e5c6f8,False,1665014400,16,positif,0.5655,positif,tanpa_emoji,positif,hitmaker
jWcuZDN59Gw,user_83f579e99b05,False,1665014400,15,positif,0.7599,netral,tanpa_emoji,positif,hitmaker
jWcuZDN59Gw,user_034621e5c6f8,True,1665014400,0,negatif,0.5716,netral,tanpa_emoji,negatif,hitmaker
jWcuZDN59Gw,user_929454d03116,True,1665014400,0,positif,0.8164,netral,tanpa_emoji,positif,hitmaker
jWcuZDN59Gw,user_5a93ec4748d6,False,1665014400,9,negatif,0.9823,netral,tanpa_emoji,negatif,hitmaker
jWcuZDN59Gw,user_c8e756c50440,True,1665014400,0,negatif,0.946,netral,tanpa_emoji,negatif,hitmaker
jWcuZDN59Gw,user_2aa26b3159fc,True,1665014400,0,negatif,0.9882,netral,tanpa_emoji,negatif,hitmaker
jWcuZDN59Gw,user_ed2867765dcf,True,1665014400,0,negatif,0.9792,netral,tanpa_emoji,negatif,hitmaker
jWcuZDN59Gw,user_a8d16e123142,False,1665014400,1,negatif,0.9548,netral,tanpa_emoji,negatif,hitmaker
jWcuZDN59Gw,user_0fa4a5d9e54a,False,1665014400,2,negatif,0.9865,positif,tanpa_emoji,negatif,hitmaker
jWcuZDN59Gw,user_4d5bf49a62cc,False,1665014400,3,negatif,0.8916,netral,tanpa_emoji,negatif,hitmaker
jWcuZDN59Gw,user_ab96d1a0270b,False,1665014400,3,negatif,0.4676,positif,tanpa_emoji,negatif,hitmaker
jWcuZDN59Gw,user_5c5184324f59,True,1665014400,2,netral,0.9897,netral,tanpa_emoji,netral,hitmaker
jWcuZDN59Gw,user_aa4727bed7fe,True,1665014400,1,negatif,0.9492,netral,tanpa_emoji,negatif,hitmaker
jWcuZDN59Gw,user_42bd8eaa0f57,True,1665014400,1,negatif,0.8107,netral,tanpa_emoji,negatif,hitmaker
jWcuZDN59Gw,user_1fcd798af303,True,1665014400,0,negatif,0.653,netral,tanpa_emoji,negatif,hitmaker
jWcuZDN59Gw,user_42bd8eaa0f57,True,1665014400,0,netral,0.6061,netral,tanpa_emoji,netral,hitmaker
jWcuZDN59Gw,user_1fcd798af303,True,1665014400,0,negatif,0.7134,netral,tanpa_emoji,negatif,hitmaker
jWcuZDN59Gw,user_42bd8eaa0f57,True,1665014400,0,netral,0.7811,netral,tanpa_emoji,netral,hitmaker
jWcuZDN59Gw,user_ab96d1a0270b,True,1665014400,0,negatif,0.8187,netral,tanpa_emoji,negatif,hitmaker
jWcuZDN59Gw,user_42bd8eaa0f57,True,1665014400,0,negatif,0.9935,netral,tanpa_emoji,negatif,hitmaker
jWcuZDN59Gw,user_ab96d1a0270b,True,1665014400,0,netral,0.8658,netral,tanpa_emoji,netral,hitmaker
jWcuZDN59Gw,user_42bd8eaa0f57,True,1665014400,0,negatif,0.9973,netral,netral,negatif,hitmaker
jWcuZDN59Gw,user_ba4f928f942d,True,1665014400,0,netral,0.9081,netral,tanpa_emoji,netral,hitmaker
jWcuZDN59Gw,user_86c9ed9cef0b,True,1665014400,0,negatif,0.9011,netral,tanpa_emoji,negatif,hitmaker
jWcuZDN59Gw,user_ba4f928f942d,True,1665014400,0,netral,0.983,netral,tanpa_emoji,netral,hitmaker
jWcuZDN59Gw,user_5f51840b4e3f,False,1665014400,20,negatif,0.9036,netral,netral,negatif,hitmaker
jWcuZDN59Gw,user_ab3269bfa837,True,1665014400,1,negatif,0.8913,netral,netral,negatif,hitmaker
jWcuZDN59Gw,user_5f51840b4e3f,True,1665014400,1,netral,0.6093,netral,netral,netral,hitmaker
jWcuZDN59Gw,user_db3f783d8621,True,1665014400,1,netral,0.6581,netral,tanpa_emoji,netral,hitmaker
jWcuZDN59Gw,user_ead31d6a676b,False,1665014400,25,negatif,0.5251,positif,netral,negatif,hitmaker
jWcuZDN59Gw,user_2e2d9dbdb804,False,1665014400,1,netral,0.8801,netral,tanpa_emoji,netral,hitmaker
jWcuZDN59Gw,user_c8a8d426f05c,False,1665014400,1,negatif,0.6638,netral,tanpa_emoji,negatif,hitmaker
jWcuZDN59Gw,user_37a6f315cbad,False,1665014400,68,positif,0.9854,positif,tanpa_emoji,positif,hitmaker
jWcuZDN59Gw,user_4257b25be9ca,True,1665014400,1,netral,0.8239,netral,tanpa_emoji,netral,hitmaker
jWcuZDN59Gw,user_37a6f315cbad,True,1665014400,0,netral,0.9754,netral,tanpa_emoji,netral,hitmaker
jWcuZDN59Gw,user_edf3660765e3,True,1665014400,0,negatif,0.7861,netral,tanpa_emoji,negatif,hitmaker
jWcuZDN59Gw,user_f96905ec5379,False,1665014400,5,positif,0.9849,positif,positif,positif,hitmaker
jWcuZDN59Gw,user_c8a8d426f05c,True,1665014400,3,positif,0.9855,negatif,tanpa_emoji,positif,hitmaker
l3RiBklg6ss,user_fb04a79a28d4,False,1790640000,0,positif,0.9794,netral,netral,netral,hitmaker
l3RiBklg6ss,user_ba131dfc1f1f,False,1790294400,0,negatif,0.9939,positif,positif,negatif,hitmaker
l3RiBklg6ss,user_0c797f599d5d,True,1791219600,0,negatif,0.9994,positif,tanpa_emoji,negatif,hitmaker
l3RiBklg6ss,user_97be8dd2c253,False,1790035200,1,positif,0.6209,netral,tanpa_emoji,positif,hitmaker
l3RiBklg6ss,user_add9f2c49a59,False,1790035200,1,netral,0.7606,netral,tanpa_emoji,netral,hitmaker
l3RiBklg6ss,user_7e342847b920,False,1788652800,2,positif,0.8719,positif,positif,positif,hitmaker
l3RiBklg6ss,user_9e7355d8f6a4,False,1788652800,2,negatif,0.5703,positif,positif,positif,hitmaker
l3RiBklg6ss,user_2b903451cb94,False,1788652800,1,negatif,0.9979,positif,netral,negatif,hitmaker
l3RiBklg6ss,user_09f25bb993cc,False,1788652800,0,negatif,0.9989,positif,tanpa_emoji,negatif,hitmaker
l3RiBklg6ss,user_ba131dfc1f1f,True,1790294400,0,negatif,0.9982,netral,tanpa_emoji,negatif,hitmaker
l3RiBklg6ss,user_f26be27dfd38,False,1788652800,1,negatif,0.9884,netral,netral,netral,hitmaker
l3RiBklg6ss,user_7cfcade94699,False,1785974400,1,negatif,0.8349,netral,tanpa_emoji,negatif,hitmaker
l3RiBklg6ss,user_427f25d47cda,False,1785974400,1,negatif,0.9833,positif,netral,negatif,hitmaker
l3RiBklg6ss,user_c528d5b6e1c3,False,1785974400,1,negatif,0.844,positif,positif,negatif,hitmaker
l3RiBklg6ss,user_0e53ab8a61c1,False,1785974400,0,negatif,0.4898,netral,netral,negatif,hitmaker
l3RiBklg6ss,user_26dff564f17f,False,1785974400,1,negatif,0.8576,netral,tanpa_emoji,negatif,hitmaker
l3RiBklg6ss,user_06258b8289c1,False,1785974400,0,negatif,0.9975,negatif,tanpa_emoji,negatif,hitmaker
l3RiBklg6ss,user_ad85e0c5ec15,False,1783296000,2,netral,0.9904,netral,tanpa_emoji,netral,hitmaker
l3RiBklg6ss,user_a748b76ded55,True,1785974400,1,negatif,0.9706,positif,tanpa_emoji,negatif,hitmaker
l3RiBklg6ss,user_ad85e0c5ec15,False,1783296000,1,positif,0.892,positif,positif,positif,hitmaker
l3RiBklg6ss,user_0a38f93ad766,True,1788652800,0,negatif,0.9247,netral,tanpa_emoji,negatif,hitmaker
l3RiBklg6ss,user_ad85e0c5ec15,False,1783296000,0,netral,0.4134,negatif,negatif,negatif,hitmaker
l3RiBklg6ss,user_5d0c1450c87f,False,1783296000,2,netral,0.9701,netral,tanpa_emoji,netral,hitmaker
l3RiBklg6ss,user_06258b8289c1,True,1785974400,1,netral,0.4158,netral,tanpa_emoji,netral,hitmaker
l3RiBklg6ss,user_5d0c1450c87f,True,1785974400,0,netral,0.8892,netral,tanpa_emoji,netral,hitmaker
l3RiBklg6ss,user_a1e9fe3a5a3f,True,1783296000,0,netral,0.9571,netral,tanpa_emoji,netral,hitmaker
l3RiBklg6ss,user_5d0c1450c87f,True,1783296000,0,netral,0.9758,netral,tanpa_emoji,netral,hitmaker
l3RiBklg6ss,user_8258f4032d93,False,1783296000,2,netral,0.5242,positif,positif,positif,hitmaker
l3RiBklg6ss,user_09cea4e8f048,False,1783296000,1,negatif,0.9886,netral,tanpa_emoji,negatif,hitmaker
l3RiBklg6ss,user_b3fcebc59581,False,1783296000,2,negatif,0.8092,netral,tanpa_emoji,negatif,hitmaker
l3RiBklg6ss,user_d622a59d81fb,False,1783296000,1,netral,0.6692,netral,tanpa_emoji,netral,hitmaker
l3RiBklg6ss,user_7a1ea4753c51,False,1783296000,1,netral,0.7589,netral,tanpa_emoji,netral,hitmaker
l3RiBklg6ss,user_eee70cb62d3a,False,1783296000,2,negatif,0.9993,negatif,tanpa_emoji,negatif,hitmaker
l3RiBklg6ss,user_eee70cb62d3a,False,1783296000,3,netral,0.9672,netral,tanpa_emoji,netral,hitmaker
l3RiBklg6ss,user_851d1f88d022,False,1780704000,2,negatif,0.9086,netral,netral,netral,hitmaker
l3RiBklg6ss,user_a09fa3a87272,False,1780704000,2,negatif,0.9951,netral,netral,negatif,hitmaker
l3RiBklg6ss,user_0ef076758aa1,False,1780704000,0,negatif,0.4856,netral,tanpa_emoji,negatif,hitmaker
l3RiBklg6ss,user_05aa0f3a2e0f,False,1780704000,1,positif,0.9749,negatif,negatif,positif,hitmaker
l3RiBklg6ss,user_b1d3baf18c24,False,1780704000,0,negatif,0.8196,netral,netral,negatif,hitmaker
l3RiBklg6ss,user_ec22e1a3af65,False,1780704000,0,negatif,0.7134,netral,tanpa_emoji,negatif,hitmaker
l3RiBklg6ss,user_9ba3beaedbab,False,1780704000,1,positif,0.7489,netral,tanpa_emoji,positif,hitmaker
l3RiBklg6ss,user_033f8099c0df,True,1780704000,1,netral,0.9242,netral,tanpa_emoji,netral,hitmaker
l3RiBklg6ss,user_b1d3baf18c24,False,1780704000,0,negatif,0.6743,netral,netral,negatif,hitmaker
l3RiBklg6ss,user_070f0b669b50,False,1780704000,0,netral,0.8816,positif,positif,netral,hitmaker
l3RiBklg6ss,user_68a12b56bc2a,False,1778025600,0,negatif,0.7092,netral,tanpa_emoji,negatif,hitmaker
l3RiBklg6ss,user_52f967d771e6,False,1778025600,0,negatif,0.9606,netral,netral,netral,hitmaker
l3RiBklg6ss,user_70935a501fbc,False,1778025600,1,negatif,0.9868,netral,netral,netral,hitmaker
l3RiBklg6ss,user_f943339fdc89,False,1778025600,0,netral,0.6107,netral,tanpa_emoji,netral,hitmaker
l3RiBklg6ss,user_4213a5e2b4e8,False,1775433600,1,positif,0.5075,negatif,netral,positif,hitmaker
l3RiBklg6ss,user_851d1f88d022,True,1780704000,0,positif,0.5236,netral,netral,netral,hitmaker
l3RiBklg6ss,user_851d1f88d022,True,1780704000,0,negatif,0.8959,netral,netral,netral,hitmaker
l3RiBklg6ss,user_851d1f88d022,True,1780704000,0,netral,0.9123,netral,tanpa_emoji,netral,hitmaker
l3RiBklg6ss,user_e9f7f262e523,False,1775433600,0,negatif,0.9314,netral,tanpa_emoji,negatif,hitmaker
l3RiBklg6ss,user_9ba3beaedbab,True,1780704000,0,negatif,0.8135,netral,tanpa_emoji,negatif,hitmaker
l3RiBklg6ss,user_b86b55f9ca81,False,1775433600,0,positif,0.6805,netral,tanpa_emoji,positif,hitmaker
l3RiBklg6ss,user_f2ed82e72900,True,1780704000,0,negatif,0.9976,negatif,tanpa_emoji,negatif,hitmaker
l3RiBklg6ss,user_438b608e5959,False,1775433600,1,negatif,0.9934,netral,tanpa_emoji,negatif,hitmaker
l3RiBklg6ss,user_f4574055a9da,True,1775433600,0,negatif,0.7045,netral,netral,negatif,hitmaker
l3RiBklg6ss,user_8d3001806cac,False,1775433600,1,netral,0.9203,netral,tanpa_emoji,netral,hitmaker
l3RiBklg6ss,user_8d3001806cac,False,1775433600,2,netral,0.5361,netral,tanpa_emoji,netral,hitmaker
l3RiBklg6ss,user_ba059199e0f7,False,1775433600,1,negatif,0.9347,positif,tanpa_emoji,negatif,hitmaker
l3RiBklg6ss,user_ba059199e0f7,False,1775433600,1,positif,0.8482,netral,netral,positif,hitmaker
l3RiBklg6ss,user_1783b79c4abb,True,1775433600,0,netral,0.9453,netral,tanpa_emoji,netral,hitmaker
l3RiBklg6ss,user_16d19680ca50,False,1772755200,2,negatif,0.9954,netral,netral,negatif,hitmaker
l3RiBklg6ss,user_5d4d4293b889,False,1772755200,1,negatif,0.9875,netral,netral,netral,hitmaker
l3RiBklg6ss,user_5d4d4293b889,True,1772755200,0,negatif,0.9925,positif,positif,positif,hitmaker
l3RiBklg6ss,user_07fe3f4e0bee,False,1770336000,1,negatif,0.985,netral,netral,negatif,hitmaker
l3RiBklg6ss,user_b0968067b60c,False,1770336000,0,negatif,0.9957,positif,netral,negatif,hitmaker
l3RiBklg6ss,user_a44feb82c0a1,False,1767657600,2,positif,0.83,negatif,tanpa_emoji,positif,hitmaker
l3RiBklg6ss,user_5f22ee6318ec,False,1767657600,3,negatif,0.6605,negatif,tanpa_emoji,negatif,hitmaker
l3RiBklg6ss,user_61a4451c1d83,False,1764979200,3,netral,0.8461,positif,positif,netral,hitmaker
l3RiBklg6ss,user_bb1fb77a1e89,False,1762387200,3,netral,0.7647,netral,tanpa_emoji,netral,hitmaker
l3RiBklg6ss,user_33198e34ea2a,False,1759708800,1,positif,0.6716,netral,tanpa_emoji,positif,hitmaker
l3RiBklg6ss,user_be6ddd364cd1,False,1759708800,1,positif,0.4469,netral,tanpa_emoji,positif,hitmaker
l3RiBklg6ss,user_5f22ee6318ec,True,1767657600,0,positif,0.9745,netral,tanpa_emoji,positif,hitmaker
l3RiBklg6ss,user_334437188f6e,False,1759708800,2,negatif,0.982,positif,tanpa_emoji,negatif,hitmaker
l3RiBklg6ss,user_7fa07194ee34,False,1759708800,0,positif,0.6716,netral,tanpa_emoji,positif,hitmaker
l3RiBklg6ss,user_7fa07194ee34,False,1759708800,0,positif,0.6716,netral,tanpa_emoji,positif,hitmaker
l3RiBklg6ss,user_530bcee9dccc,False,1759708800,0,positif,0.9497,positif,positif,positif,hitmaker
l3RiBklg6ss,user_530bcee9dccc,False,1759708800,1,netral,0.972,netral,tanpa_emoji,netral,hitmaker
l3RiBklg6ss,user_3ae2a3ac3838,False,1759708800,1,negatif,0.8043,netral,netral,negatif,hitmaker
l3RiBklg6ss,user_3ae2a3ac3838,False,1759708800,1,negatif,0.8043,netral,netral,negatif,hitmaker
l3RiBklg6ss,user_3ae2a3ac3838,False,1759708800,1,negatif,0.9917,negatif,negatif,negatif,hitmaker
l3RiBklg6ss,user_3ae2a3ac3838,False,1759708800,0,negatif,0.6724,netral,tanpa_emoji,negatif,hitmaker
l3RiBklg6ss,user_0fd0d281f6b8,False,1759708800,0,negatif,0.569,netral,tanpa_emoji,negatif,hitmaker
l3RiBklg6ss,user_91a4bc881cc6,False,1759708800,3,netral,0.7572,netral,tanpa_emoji,netral,hitmaker
l3RiBklg6ss,user_ca0c6249dd3b,False,1759708800,1,negatif,0.7781,netral,tanpa_emoji,negatif,hitmaker
l3RiBklg6ss,user_80cb9a5a8e8b,True,1759708800,0,negatif,0.9715,netral,netral,negatif,hitmaker
l3RiBklg6ss,user_29a22d339c04,False,1759708800,1,negatif,0.9966,negatif,netral,negatif,hitmaker
l3RiBklg6ss,user_fd99f644f5e6,False,1759708800,0,negatif,0.9954,negatif,tanpa_emoji,negatif,hitmaker
l3RiBklg6ss,user_215467f32864,False,1759708800,0,positif,0.9748,positif,netral,positif,hitmaker
l3RiBklg6ss,user_bd20638c855a,False,1759708800,0,negatif,0.9957,negatif,tanpa_emoji,negatif,hitmaker
l3RiBklg6ss,user_752ae51353c7,False,1759708800,1,netral,0.7575,netral,tanpa_emoji,netral,hitmaker
l3RiBklg6ss,user_2fc5a35b4a0d,False,1759708800,2,negatif,0.9049,netral,tanpa_emoji,negatif,hitmaker
l3RiBklg6ss,user_24e4925cc6c9,False,1759708800,1,negatif,0.9908,positif,positif,negatif,hitmaker
l3RiBklg6ss,user_dcb2233b3738,False,1759708800,0,positif,0.8775,positif,tanpa_emoji,positif,hitmaker
l3RiBklg6ss,user_b5f01ab7e86f,True,1759708800,1,negatif,0.9977,netral,netral,negatif,hitmaker
l3RiBklg6ss,user_f71942144a35,True,1759708800,0,negatif,0.9898,netral,netral,negatif,hitmaker
l3RiBklg6ss,user_d274f2659aa4,False,1759708800,1,negatif,0.9934,negatif,netral,negatif,hitmaker
l3RiBklg6ss,user_6747b8c08cba,False,1759708800,0,negatif,0.4044,netral,tanpa_emoji,negatif,hitmaker
l3RiBklg6ss,user_0ef834c4eaed,False,1759708800,0,negatif,0.6877,netral,tanpa_emoji,negatif,hitmaker
l3RiBklg6ss,user_367ed82e20f2,False,1759708800,0,netral,0.8352,netral,tanpa_emoji,netral,hitmaker
l3RiBklg6ss,user_68be0bf7a1b7,False,1759708800,0,negatif,0.9915,netral,tanpa_emoji,negatif,hitmaker
l3RiBklg6ss,user_87c9485a81a1,False,1759708800,2,netral,0.8949,positif,positif,netral,hitmaker
l3RiBklg6ss,user_68be0bf7a1b7,True,1759708800,0,negatif,0.9959,netral,tanpa_emoji,negatif,hitmaker
l3RiBklg6ss,user_9a81f1c83402,False,1759708800,4,positif,0.5366,positif,positif,positif,hitmaker
l3RiBklg6ss,user_ce726857c8c1,False,1759708800,1,netral,0.9384,netral,tanpa_emoji,netral,hitmaker
l3RiBklg6ss,user_ce726857c8c1,False,1759708800,1,positif,0.9436,positif,positif,positif,hitmaker
l3RiBklg6ss,user_dd521d84a188,False,1759708800,1,netral,0.6691,netral,tanpa_emoji,netral,hitmaker
l3RiBklg6ss,user_20b9dbbb9aa2,False,1759708800,4,negatif,0.7174,netral,tanpa_emoji,negatif,hitmaker
l3RiBklg6ss,user_5c71078ea2c1,True,1759708800,1,netral,0.7929,netral,tanpa_emoji,netral,hitmaker
l3RiBklg6ss,user_35b0f52c8679,False,1759708800,2,negatif,0.7886,positif,tanpa_emoji,negatif,hitmaker
l3RiBklg6ss,user_2263a02ea932,False,1759708800,2,netral,0.8876,netral,tanpa_emoji,netral,hitmaker
l3RiBklg6ss,user_afb6ccbce122,False,1759708800,2,netral,0.572,positif,positif,positif,hitmaker
l3RiBklg6ss,user_bfd5cff0f5f5,True,1759708800,0,negatif,0.9479,netral,netral,negatif,hitmaker
l3RiBklg6ss,user_29fd34eff804,False,1759708800,0,negatif,0.7588,netral,tanpa_emoji,negatif,hitmaker
l3RiBklg6ss,user_e2273082295c,False,1759708800,0,negatif,0.982,netral,netral,negatif,hitmaker
l3RiBklg6ss,user_a16b74a7883a,False,1759708800,1,negatif,0.9991,negatif,tanpa_emoji,negatif,hitmaker
l3RiBklg6ss,user_63778ca9d56f,False,1759708800,0,negatif,0.5205,netral,tanpa_emoji,negatif,hitmaker
l3RiBklg6ss,user_68d4607fcfbb,False,1759708800,1,negatif,0.9651,netral,netral,negatif,hitmaker
l3RiBklg6ss,user_bfd5cff0f5f5,True,1759708800,1,negatif,0.9208,netral,netral,negatif,hitmaker
l3RiBklg6ss,user_35b0f52c8679,True,1759708800,1,negatif,0.9954,positif,tanpa_emoji,negatif,hitmaker
l3RiBklg6ss,user_bfd5cff0f5f5,True,1759708800,0,netral,0.5325,netral,tanpa_emoji,netral,hitmaker
l3RiBklg6ss,user_3573e2d6fa6b,True,1759708800,0,negatif,0.9975,negatif,netral,negatif,hitmaker
l3RiBklg6ss,user_93f449779bd9,True,1759708800,0,negatif,0.9844,netral,tanpa_emoji,negatif,hitmaker
l3RiBklg6ss,user_ad760db86e05,False,1759708800,2,negatif,0.955,netral,tanpa_emoji,negatif,hitmaker
l3RiBklg6ss,user_bfd5cff0f5f5,True,1759708800,0,negatif,0.9962,netral,netral,negatif,hitmaker
l3RiBklg6ss,user_211d9b9862c1,False,1759708800,1,negatif,0.9463,netral,tanpa_emoji,negatif,hitmaker
l3RiBklg6ss,user_cdc4e7e53245,False,1759708800,0,netral,0.8755,netral,tanpa_emoji,netral,hitmaker
l3RiBklg6ss,user_c32d6414731b,False,1759708800,0,negatif,0.9967,netral,tanpa_emoji,negatif,hitmaker
l3RiBklg6ss,user_3a136a8fbf0b,True,1759708800,0,negatif,0.896,negatif,tanpa_emoji,negatif,hitmaker
l3RiBklg6ss,user_c4d116460868,True,1759708800,0,negatif,0.9208,netral,tanpa_emoji,negatif,hitmaker
l3RiBklg6ss,user_719beb952568,False,1759708800,0,netral,0.624,netral,tanpa_emoji,netral,hitmaker
l3RiBklg6ss,user_c1bbf4c3e308,True,1759708800,0,negatif,0.7311,netral,tanpa_emoji,negatif,hitmaker
l3RiBklg6ss,user_98cb1ea31d41,False,1759708800,0,negatif,0.5139,netral,netral,negatif,hitmaker
l3RiBklg6ss,user_8537ba6107a4,False,1759708800,2,negatif,0.8249,netral,tanpa_emoji,negatif,hitmaker
l3RiBklg6ss,user_58b06cc7820b,False,1728172800,0,negatif,0.9962,netral,tanpa_emoji,negatif,hitmaker
l3RiBklg6ss,user_ae03311a498f,False,1728172800,0,negatif,0.9675,netral,tanpa_emoji,negatif,hitmaker
l3RiBklg6ss,user_307e25af3794,False,1728172800,1,negatif,0.8623,netral,tanpa_emoji,negatif,hitmaker
l3RiBklg6ss,user_84454825b23f,False,1728172800,1,positif,0.543,positif,positif,positif,hitmaker
l3RiBklg6ss,user_ef23336aead0,False,1728172800,0,negatif,0.7395,netral,tanpa_emoji,negatif,hitmaker
l3RiBklg6ss,user_d6f1bab545b7,False,1728172800,1,positif,0.9736,positif,tanpa_emoji,positif,hitmaker
l3RiBklg6ss,user_c15c50712d42,True,1728172800,1,negatif,0.8421,netral,tanpa_emoji,negatif,hitmaker
l3RiBklg6ss,user_0f446f4ef5ac,False,1728172800,1,positif,0.9906,positif,positif,positif,hitmaker
l3RiBklg6ss,user_c15c50712d42,True,1728172800,1,negatif,0.9922,netral,tanpa_emoji,negatif,hitmaker
l3RiBklg6ss,user_2263a02ea932,False,1728172800,3,positif,0.9836,positif,tanpa_emoji,positif,hitmaker
l3RiBklg6ss,user_d1530a7ad557,False,1728172800,0,positif,0.9877,netral,tanpa_emoji,positif,hitmaker
l3RiBklg6ss,user_89c0d8e904ab,False,1728172800,2,negatif,0.9959,netral,tanpa_emoji,negatif,hitmaker
l3RiBklg6ss,user_208d34381c01,False,1728172800,0,negatif,0.8539,netral,netral,netral,hitmaker
l3RiBklg6ss,user_e18f5d28e9a7,False,1728172800,6,negatif,0.7488,netral,tanpa_emoji,negatif,hitmaker
l3RiBklg6ss,user_2f529000a074,True,1728172800,0,negatif,0.6758,netral,tanpa_emoji,negatif,hitmaker
l3RiBklg6ss,user_e18f5d28e9a7,False,1728172800,7,negatif,0.6094,netral,tanpa_emoji,negatif,hitmaker
l3RiBklg6ss,user_36e0447c6a54,True,1759708800,0,negatif,0.9563,netral,netral,negatif,hitmaker
l3RiBklg6ss,user_36e0447c6a54,True,1759708800,0,negatif,0.9563,netral,netral,negatif,hitmaker
l3RiBklg6ss,user_3ab19f710ef1,False,1728172800,0,negatif,0.9907,negatif,tanpa_emoji,negatif,hitmaker
l3RiBklg6ss,user_0999c2c9d8aa,False,1728172800,1,netral,0.6547,netral,tanpa_emoji,netral,hitmaker
l3RiBklg6ss,user_df389007b238,False,1728172800,0,netral,0.9386,netral,tanpa_emoji,netral,hitmaker
l3RiBklg6ss,user_362c01cccac9,False,1728172800,0,negatif,0.9923,netral,tanpa_emoji,negatif,hitmaker
l3RiBklg6ss,user_362c01cccac9,False,1728172800,0,negatif,0.9973,positif,tanpa_emoji,negatif,hitmaker
l3RiBklg6ss,user_362c01cccac9,False,1728172800,1,negatif,0.9749,netral,netral,negatif,hitmaker
l3RiBklg6ss,user_40bb9f64f84f,False,1728172800,1,positif,0.8892,positif,tanpa_emoji,positif,hitmaker
l3RiBklg6ss,user_a45ac52b0524,True,1728172800,0,netral,0.975,netral,tanpa_emoji,netral,hitmaker
l3RiBklg6ss,user_e4f6778a56f6,False,1728172800,0,positif,0.541,positif,tanpa_emoji,positif,hitmaker
l3RiBklg6ss,user_cfdc5c1760e2,False,1728172800,0,negatif,0.8484,netral,netral,netral,hitmaker
l3RiBklg6ss,user_bd43d276480f,True,1728172800,0,positif,0.952,netral,tanpa_emoji,positif,hitmaker
l3RiBklg6ss,user_bd43d276480f,True,1728172800,0,negatif,0.8409,netral,tanpa_emoji,negatif,hitmaker
l3RiBklg6ss,user_bd43d276480f,True,1728172800,0,negatif,0.6667,netral,tanpa_emoji,negatif,hitmaker
l3RiBklg6ss,user_bd43d276480f,True,1728172800,0,positif,0.8373,netral,tanpa_emoji,positif,hitmaker
l3RiBklg6ss,user_bd43d276480f,True,1728172800,0,positif,0.6001,netral,tanpa_emoji,positif,hitmaker
l3RiBklg6ss,user_bd43d276480f,True,1728172800,0,positif,0.8982,netral,tanpa_emoji,positif,hitmaker
l3RiBklg6ss,user_1e6fd0f4a946,False,1728172800,0,negatif,0.9884,netral,netral,negatif,hitmaker
l3RiBklg6ss,user_0aa83a23eaac,False,1728172800,2,negatif,0.9518,netral,tanpa_emoji,negatif,hitmaker
l3RiBklg6ss,user_ec4ed632f342,False,1728172800,0,netral,0.8861,netral,tanpa_emoji,netral,hitmaker
l3RiBklg6ss,user_19a97c99c17d,False,1728172800,1,negatif,0.9991,netral,tanpa_emoji,negatif,hitmaker
l3RiBklg6ss,user_80173e226fa6,False,1728172800,4,netral,0.7843,netral,tanpa_emoji,netral,hitmaker
l3RiBklg6ss,user_806b9028a194,False,1728172800,0,negatif,0.6411,netral,tanpa_emoji,negatif,hitmaker
l3RiBklg6ss,user_0cce30418774,False,1728172800,0,negatif,0.9932,netral,netral,negatif,hitmaker
l3RiBklg6ss,user_634628716e78,False,1728172800,4,negatif,0.9984,netral,netral,negatif,hitmaker
l3RiBklg6ss,user_a04fd00d6463,False,1728172800,5,positif,0.9248,netral,tanpa_emoji,positif,hitmaker
l3RiBklg6ss,user_ad1d60dd0fe9,True,1728172800,1,negatif,0.9954,netral,tanpa_emoji,negatif,hitmaker
l3RiBklg6ss,user_a04fd00d6463,True,1728172800,1,negatif,0.9605,positif,tanpa_emoji,negatif,hitmaker
l3RiBklg6ss,user_b0a43b703de2,False,1728172800,1,negatif,0.994,positif,tanpa_emoji,negatif,hitmaker
l3RiBklg6ss,user_797ddbd4f073,False,1728172800,3,negatif,0.9993,negatif,netral,negatif,hitmaker
l3RiBklg6ss,user_7642ebfa91a6,True,1728172800,1,negatif,0.9989,negatif,tanpa_emoji,negatif,hitmaker
l3RiBklg6ss,user_ad1d60dd0fe9,True,1728172800,4,positif,0.519,positif,tanpa_emoji,positif,hitmaker
l3RiBklg6ss,user_b6b5aa52e122,True,1728172800,0,negatif,0.9978,negatif,tanpa_emoji,negatif,hitmaker
l3RiBklg6ss,user_6371f257de44,False,1728172800,0,negatif,0.9919,netral,tanpa_emoji,negatif,hitmaker
l3RiBklg6ss,user_989311bd6395,False,1728172800,0,netral,0.5288,netral,tanpa_emoji,netral,hitmaker
l3RiBklg6ss,user_936623eb99a5,False,1728172800,7,negatif,0.9776,positif,tanpa_emoji,negatif,hitmaker
l3RiBklg6ss,user_ad1d60dd0fe9,True,1728172800,4,negatif,0.9975,negatif,tanpa_emoji,negatif,hitmaker
l3RiBklg6ss,user_ad1d60dd0fe9,True,1728172800,2,negatif,0.9972,netral,tanpa_emoji,negatif,hitmaker
l3RiBklg6ss,user_719679c95318,True,1728172800,1,negatif,0.8836,positif,tanpa_emoji,negatif,hitmaker
l3RiBklg6ss,user_83c419e340a5,False,1728172800,2,positif,0.9933,positif,positif,positif,hitmaker
l3RiBklg6ss,user_ad1d60dd0fe9,True,1728172800,0,positif,0.9657,positif,tanpa_emoji,positif,hitmaker
l3RiBklg6ss,user_83c419e340a5,True,1728172800,0,netral,0.7216,positif,positif,netral,hitmaker
l3RiBklg6ss,user_df66aac04d93,True,1728172800,0,negatif,0.9905,netral,tanpa_emoji,negatif,hitmaker
l3RiBklg6ss,user_83c419e340a5,True,1728172800,0,negatif,0.9545,netral,tanpa_emoji,negatif,hitmaker
l3RiBklg6ss,user_df66aac04d93,True,1728172800,0,negatif,0.6245,positif,tanpa_emoji,negatif,hitmaker
l3RiBklg6ss,user_83c419e340a5,True,1728172800,0,netral,0.8336,negatif,tanpa_emoji,netral,hitmaker
l3RiBklg6ss,user_ac2f6b72e1e5,False,1728172800,0,netral,0.8047,netral,tanpa_emoji,netral,hitmaker
l3RiBklg6ss,user_98604c639404,False,1728172800,0,positif,0.608,netral,netral,positif,hitmaker
l3RiBklg6ss,user_98604c639404,False,1728172800,0,netral,0.48,netral,tanpa_emoji,netral,hitmaker
l3RiBklg6ss,user_0a494e29aca0,False,1696550400,1,negatif,0.9675,netral,netral,netral,hitmaker
l3RiBklg6ss,user_0a494e29aca0,False,1696550400,1,negatif,0.963,netral,netral,netral,hitmaker
l3RiBklg6ss,user_0a494e29aca0,False,1696550400,1,negatif,0.9651,netral,netral,netral,hitmaker
l3RiBklg6ss,user_0a494e29aca0,False,1696550400,1,negatif,0.7873,netral,netral,netral,hitmaker
l3RiBklg6ss,user_8dfbe436bafd,False,1696550400,0,negatif,0.8373,netral,netral,negatif,hitmaker
l3RiBklg6ss,user_ac2f6b72e1e5,False,1696550400,0,netral,0.873,netral,tanpa_emoji,netral,hitmaker
l3RiBklg6ss,user_cac4940b304c,False,1696550400,0,negatif,0.581,netral,tanpa_emoji,negatif,hitmaker
l3RiBklg6ss,user_603bad37d572,False,1696550400,0,positif,0.9679,netral,netral,positif,hitmaker
l3RiBklg6ss,user_266206898745,False,1696550400,0,positif,0.5318,netral,tanpa_emoji,positif,hitmaker
l3RiBklg6ss,user_29ae681fec84,False,1696550400,1,negatif,0.977,netral,netral,negatif,hitmaker
l3RiBklg6ss,user_603bad37d572,True,1696550400,0,negatif,0.9776,netral,netral,negatif,hitmaker
l3RiBklg6ss,user_9487808ee79c,True,1728172800,0,negatif,0.9324,netral,netral,negatif,hitmaker
l3RiBklg6ss,user_6c7a26315e82,True,1728172800,0,negatif,0.962,netral,netral,negatif,hitmaker
l3RiBklg6ss,user_c69ed0169e25,False,1696550400,2,positif,0.4634,netral,tanpa_emoji,positif,hitmaker
l3RiBklg6ss,user_5f26a8a21095,True,1696550400,0,negatif,0.9295,netral,tanpa_emoji,negatif,hitmaker
l3RiBklg6ss,user_3ebfd59fa254,True,1728172800,0,negatif,0.9848,netral,tanpa_emoji,negatif,hitmaker
l3RiBklg6ss,user_c69ed0169e25,True,1728172800,0,netral,0.822,netral,netral,netral,hitmaker
l3RiBklg6ss,user_3ebfd59fa254,True,1728172800,0,netral,0.8834,netral,tanpa_emoji,netral,hitmaker
l3RiBklg6ss,user_c69ed0169e25,True,1728172800,0,netral,0.9147,netral,tanpa_emoji,netral,hitmaker
l3RiBklg6ss,user_21dcf068b873,False,1696550400,1,positif,0.8977,positif,netral,positif,hitmaker
l3RiBklg6ss,user_51cd452496f9,False,1696550400,0,positif,0.9766,positif,positif,positif,hitmaker
l3RiBklg6ss,user_18c98585e682,False,1696550400,1,negatif,0.9879,netral,netral,netral,hitmaker
l3RiBklg6ss,user_21693d22f06a,False,1696550400,1,negatif,0.7378,positif,tanpa_emoji,negatif,hitmaker
l3RiBklg6ss,user_874836db98b2,True,1696550400,1,positif,0.9746,positif,tanpa_emoji,positif,hitmaker
l3RiBklg6ss,user_f7f629d9117d,True,1696550400,0,positif,0.9316,netral,tanpa_emoji,positif,hitmaker
l3RiBklg6ss,user_21693d22f06a,True,1696550400,1,negatif,0.9963,positif,tanpa_emoji,negatif,hitmaker
l3RiBklg6ss,user_3d75554148f1,False,1696550400,0,netral,0.3991,netral,netral,netral,hitmaker
l3RiBklg6ss,user_497e433aff34,False,1696550400,2,negatif,0.6729,positif,tanpa_emoji,negatif,hitmaker
l3RiBklg6ss,user_fb7f94ae179e,False,1696550400,1,negatif,0.9904,positif,tanpa_emoji,negatif,hitmaker
l3RiBklg6ss,user_81312feab544,False,1696550400,1,positif,0.8282,positif,positif,positif,hitmaker
l3RiBklg6ss,user_8106c3e235eb,False,1696550400,0,positif,0.5213,netral,tanpa_emoji,positif,hitmaker
l3RiBklg6ss,user_8c08485fcb46,False,1696550400,1,netral,0.7756,netral,tanpa_emoji,netral,hitmaker
l3RiBklg6ss,user_95324028795d,False,1696550400,1,negatif,0.9606,netral,netral,netral,hitmaker
l3RiBklg6ss,user_9d4af1720978,False,1696550400,2,positif,0.9966,positif,positif,positif,hitmaker
l3RiBklg6ss,user_8b4dbaa89df6,False,1696550400,0,positif,0.9379,netral,tanpa_emoji,positif,hitmaker
l3RiBklg6ss,user_b4f4de22ee24,False,1696550400,0,netral,0.4084,positif,positif,positif,hitmaker
l3RiBklg6ss,user_b4f4de22ee24,False,1696550400,0,positif,0.9937,positif,positif,positif,hitmaker
l3RiBklg6ss,user_8d3001806cac,False,1696550400,1,negatif,0.5695,netral,netral,negatif,hitmaker
l3RiBklg6ss,user_b120e2e700b9,False,1696550400,4,negatif,0.9738,negatif,tanpa_emoji,negatif,hitmaker
l3RiBklg6ss,user_f35958c12a8b,True,1696550400,1,positif,0.4858,positif,positif,positif,hitmaker
l3RiBklg6ss,user_b4f4de22ee24,True,1696550400,0,negatif,0.9371,positif,positif,negatif,hitmaker
l3RiBklg6ss,user_76a7bb6572b9,False,1696550400,0,negatif,0.9457,positif,positif,negatif,hitmaker
l3RiBklg6ss,user_a0c0a073c357,False,1696550400,1,negatif,0.7655,netral,netral,negatif,hitmaker
l3RiBklg6ss,user_fe76f275c638,True,1696550400,0,positif,0.4454,netral,tanpa_emoji,positif,hitmaker
l3RiBklg6ss,user_ca5e22da21dd,False,1696550400,1,negatif,0.9853,netral,tanpa_emoji,negatif,hitmaker
l3RiBklg6ss,user_b4f4de22ee24,False,1696550400,0,negatif,0.9853,positif,negatif,negatif,hitmaker
l3RiBklg6ss,user_5ce088166ebc,False,1696550400,0,negatif,0.4987,netral,tanpa_emoji,negatif,hitmaker
l3RiBklg6ss,user_13c807594f0c,False,1696550400,0,netral,0.945,netral,tanpa_emoji,netral,hitmaker
l3RiBklg6ss,user_40bb9f64f84f,True,1696550400,0,netral,0.9528,netral,tanpa_emoji,netral,hitmaker
l3RiBklg6ss,user_a69b754f2433,False,1696550400,1,negatif,0.9864,netral,tanpa_emoji,negatif,hitmaker
l3RiBklg6ss,user_1c14bf81b12c,True,1696550400,4,negatif,0.9764,negatif,tanpa_emoji,negatif,hitmaker
l3RiBklg6ss,user_a4c75939d623,True,1696550400,1,negatif,0.5399,positif,positif,positif,hitmaker
l3RiBklg6ss,user_a69b754f2433,True,1696550400,0,negatif,0.9775,netral,tanpa_emoji,negatif,hitmaker
l3RiBklg6ss,user_98dc501e08c8,True,1696550400,0,negatif,0.9736,netral,tanpa_emoji,negatif,hitmaker
l3RiBklg6ss,user_a4c75939d623,True,1696550400,2,negatif,0.9259,negatif,positif,negatif,hitmaker
l3RiBklg6ss,user_98dc501e08c8,True,1696550400,0,negatif,0.973,netral,tanpa_emoji,negatif,hitmaker
l3RiBklg6ss,user_5b35c8724cac,False,1696550400,0,netral,0.5574,netral,tanpa_emoji,netral,hitmaker
l3RiBklg6ss,user_ebd8ad19a350,False,1696550400,0,negatif,0.8179,netral,tanpa_emoji,negatif,hitmaker
l3RiBklg6ss,user_68121b05094d,False,1696550400,2,positif,0.9965,positif,tanpa_emoji,positif,hitmaker
l3RiBklg6ss,user_5a064dadac7c,True,1696550400,0,positif,0.975,positif,tanpa_emoji,positif,hitmaker
l3RiBklg6ss,user_0f4018f3029d,False,1696550400,5,negatif,0.9802,positif,positif,negatif,hitmaker
l3RiBklg6ss,user_8d6b77a6f046,True,1696550400,1,negatif,0.9748,netral,tanpa_emoji,negatif,hitmaker
l3RiBklg6ss,user_b46ca064d374,True,1696550400,0,negatif,0.4142,netral,tanpa_emoji,negatif,hitmaker
l3RiBklg6ss,user_d28df7a2a29b,False,1696550400,2,netral,0.4714,netral,tanpa_emoji,netral,hitmaker
l3RiBklg6ss,user_ef7fe80d9c4b,False,1696550400,3,negatif,0.9972,negatif,tanpa_emoji,negatif,hitmaker
l3RiBklg6ss,user_c68027c5fb7f,True,1696550400,2,negatif,0.9364,netral,tanpa_emoji,negatif,hitmaker
l3RiBklg6ss,user_4ad1ee52175e,True,1696550400,0,negatif,0.6969,netral,tanpa_emoji,negatif,hitmaker
l3RiBklg6ss,user_5a064dadac7c,True,1696550400,0,negatif,0.6109,netral,tanpa_emoji,negatif,hitmaker
l3RiBklg6ss,user_f9e9b871a096,False,1696550400,1,negatif,0.7972,netral,netral,negatif,hitmaker
l3RiBklg6ss,user_58d8216b0610,True,1696550400,0,negatif,0.983,netral,tanpa_emoji,negatif,hitmaker
l3RiBklg6ss,user_168bf76d152f,False,1696550400,3,negatif,0.8225,netral,netral,negatif,hitmaker
l3RiBklg6ss,user_8d3001806cac,False,1696550400,2,negatif,0.5548,netral,tanpa_emoji,negatif,hitmaker
l3RiBklg6ss,user_75f27dfaad5b,False,1696550400,2,negatif,0.963,positif,positif,negatif,hitmaker
l3RiBklg6ss,user_fdcde02e8e89,False,1696550400,1,netral,0.6556,netral,netral,netral,hitmaker
l3RiBklg6ss,user_d9a7c5078a84,True,1696550400,1,netral,0.413,netral,tanpa_emoji,netral,hitmaker
l3RiBklg6ss,user_539fcdee2cf1,False,1696550400,2,netral,0.5588,netral,tanpa_emoji,netral,hitmaker
l3RiBklg6ss,user_42bd8eaa0f57,True,1696550400,0,negatif,0.896,netral,tanpa_emoji,negatif,hitmaker
l3RiBklg6ss,user_3d97515f1a50,False,1696550400,4,positif,0.9864,positif,positif,positif,hitmaker
l3RiBklg6ss,user_2dba904289ca,False,1696550400,2,positif,0.8582,netral,tanpa_emoji,positif,hitmaker
l3RiBklg6ss,user_171144d60894,False,1696550400,0,negatif,0.6733,netral,tanpa_emoji,negatif,hitmaker
l3RiBklg6ss,user_6cce8ca923d4,False,1696550400,0,positif,0.8644,positif,tanpa_emoji,positif,hitmaker
l3RiBklg6ss,user_f4512de281a7,False,1696550400,0,negatif,0.8823,netral,tanpa_emoji,negatif,hitmaker
l3RiBklg6ss,user_eaae18d66030,False,1696550400,0,negatif,0.881,netral,tanpa_emoji,negatif,hitmaker
l3RiBklg6ss,user_dd0d22b66158,False,1696550400,1,netral,0.4651,netral,tanpa_emoji,netral,hitmaker
l3RiBklg6ss,user_afbb952f7b71,True,1696550400,0,negatif,0.6222,netral,tanpa_emoji,negatif,hitmaker
l3RiBklg6ss,user_8222458190b3,False,1696550400,4,negatif,0.4934,netral,tanpa_emoji,negatif,hitmaker
l3RiBklg6ss,user_4f636070074c,False,1696550400,0,negatif,0.9915,negatif,negatif,negatif,hitmaker
l3RiBklg6ss,user_539fcdee2cf1,True,1696550400,2,netral,0.4324,netral,tanpa_emoji,netral,hitmaker
l3RiBklg6ss,user_1933c27cdf7c,False,1696550400,2,positif,0.8547,netral,netral,positif,hitmaker
l3RiBklg6ss,user_20e797c00d5b,False,1696550400,0,negatif,0.9968,netral,tanpa_emoji,negatif,hitmaker
l3RiBklg6ss,user_ba2dc528a88a,False,1696550400,0,netral,0.3758,netral,tanpa_emoji,netral,hitmaker
l3RiBklg6ss,user_27cdf3b33a1b,False,1696550400,1,negatif,0.8986,netral,tanpa_emoji,negatif,hitmaker
l3RiBklg6ss,user_86db7052c71c,False,1696550400,9,negatif,0.9517,negatif,tanpa_emoji,negatif,hitmaker
l3RiBklg6ss,user_708f40d87715,True,1696550400,0,negatif,0.9755,negatif,tanpa_emoji,negatif,hitmaker
l3RiBklg6ss,user_80dd647e3e6b,True,1696550400,0,negatif,0.95,negatif,tanpa_emoji,negatif,hitmaker
l3RiBklg6ss,user_bf0e16100b86,False,1696550400,2,negatif,0.9917,netral,tanpa_emoji,negatif,hitmaker
l3RiBklg6ss,user_85fa3a9b019c,False,1696550400,2,positif,0.9605,positif,tanpa_emoji,positif,hitmaker
l3RiBklg6ss,user_298488c99acb,False,1696550400,3,negatif,0.9968,negatif,tanpa_emoji,negatif,hitmaker
l3RiBklg6ss,user_c68027c5fb7f,True,1696550400,1,negatif,0.9976,netral,tanpa_emoji,negatif,hitmaker
l3RiBklg6ss,user_a566db5258d3,True,1696550400,0,negatif,0.946,negatif,netral,negatif,hitmaker
l3RiBklg6ss,user_2dba904289ca,True,1696550400,0,negatif,0.8498,netral,tanpa_emoji,negatif,hitmaker
l3RiBklg6ss,user_298488c99acb,False,1696550400,2,negatif,0.8582,positif,tanpa_emoji,negatif,hitmaker
l3RiBklg6ss,user_fa7f96025493,True,1696550400,1,positif,0.9458,negatif,tanpa_emoji,positif,hitmaker
l3RiBklg6ss,user_671b518e1e71,True,1696550400,1,negatif,0.9981,negatif,tanpa_emoji,negatif,hitmaker
l3RiBklg6ss,user_a896cfbd0c53,True,1696550400,0,negatif,0.9993,negatif,netral,negatif,hitmaker
l3RiBklg6ss,user_3359954fc4c9,True,1696550400,0,negatif,0.7072,netral,tanpa_emoji,negatif,hitmaker
l3RiBklg6ss,user_089806cc623a,False,1696550400,3,negatif,0.9958,negatif,tanpa_emoji,negatif,hitmaker
l3RiBklg6ss,user_8ba8c546fe46,False,1696550400,0,netral,0.4827,netral,tanpa_emoji,netral,hitmaker
l3RiBklg6ss,user_f51231e3cf63,False,1696550400,1,negatif,0.955,netral,netral,negatif,hitmaker
l3RiBklg6ss,user_b41d766a9054,False,1696550400,3,negatif,0.9794,negatif,tanpa_emoji,negatif,hitmaker
l3RiBklg6ss,user_864ae4ad1e16,False,1696550400,5,negatif,0.8838,netral,tanpa_emoji,negatif,hitmaker
l3RiBklg6ss,user_8f3fd20141b5,False,1696550400,2,negatif,0.5605,netral,tanpa_emoji,negatif,hitmaker
l3RiBklg6ss,user_b91bc95176d4,False,1696550400,0,negatif,0.9981,netral,netral,negatif,hitmaker
l3RiBklg6ss,user_412d0e1bc116,False,1696550400,0,positif,0.9756,positif,positif,positif,hitmaker
l3RiBklg6ss,user_8c58bb3d46b2,False,1696550400,2,negatif,0.9238,netral,tanpa_emoji,negatif,hitmaker
l3RiBklg6ss,user_8c58bb3d46b2,False,1696550400,0,netral,0.6628,netral,tanpa_emoji,netral,hitmaker
l3RiBklg6ss,user_64b2be4382f4,False,1696550400,2,negatif,0.9789,negatif,tanpa_emoji,negatif,hitmaker
l3RiBklg6ss,user_98cffe89ece6,False,1696550400,1,negatif,0.9911,netral,tanpa_emoji,negatif,hitmaker
l3RiBklg6ss,user_f5708bca651c,False,1696550400,0,netral,0.4657,netral,tanpa_emoji,netral,hitmaker
l3RiBklg6ss,user_01fbe4c296e9,False,1696550400,2,positif,0.9461,negatif,tanpa_emoji,positif,hitmaker
l3RiBklg6ss,user_3268bc07be3b,False,1696550400,1,negatif,0.9134,netral,tanpa_emoji,negatif,hitmaker
l3RiBklg6ss,user_6f3f50d1140c,False,1696550400,1,negatif,0.998,netral,tanpa_emoji,negatif,hitmaker
l3RiBklg6ss,user_27ce960a41ed,False,1696550400,0,netral,0.9745,netral,tanpa_emoji,netral,hitmaker
l3RiBklg6ss,user_9ba3beaedbab,False,1696550400,1,netral,0.4805,netral,tanpa_emoji,netral,hitmaker
l3RiBklg6ss,user_7903a1a10de8,False,1696550400,1,negatif,0.9977,negatif,tanpa_emoji,negatif,hitmaker
l3RiBklg6ss,user_b56d223c9e57,False,1696550400,1,negatif,0.999,negatif,tanpa_emoji,negatif,hitmaker
l3RiBklg6ss,user_b56d223c9e57,False,1696550400,0,positif,0.7211,negatif,tanpa_emoji,positif,hitmaker
l3RiBklg6ss,user_7c4431df87b2,False,1696550400,9,positif,0.9517,netral,tanpa_emoji,positif,hitmaker
l3RiBklg6ss,user_064bfca5c306,False,1696550400,0,positif,0.5101,netral,tanpa_emoji,positif,hitmaker
l3RiBklg6ss,user_39aaa2bd69ed,False,1696550400,0,negatif,0.9599,netral,netral,netral,hitmaker
l3RiBklg6ss,user_e824be914144,False,1696550400,3,negatif,0.9973,netral,tanpa_emoji,negatif,hitmaker
l3RiBklg6ss,user_b450f426b355,False,1696550400,0,negatif,0.8623,netral,tanpa_emoji,negatif,hitmaker
l3RiBklg6ss,user_96f8e5e5f614,False,1696550400,5,negatif,0.9367,netral,netral,negatif,hitmaker
l3RiBklg6ss,user_e4b3ca5fa884,False,1696550400,4,negatif,0.8291,netral,tanpa_emoji,negatif,hitmaker
l3RiBklg6ss,user_5acd530ad68b,False,1696550400,0,positif,0.9264,positif,positif,positif,hitmaker
l3RiBklg6ss,user_6da1ba113ce3,False,1696550400,5,netral,0.8533,positif,tanpa_emoji,netral,hitmaker
l3RiBklg6ss,user_25918226a408,False,1696550400,1,netral,0.7216,netral,tanpa_emoji,netral,hitmaker
l3RiBklg6ss,user_afe0543d196f,False,1696550400,1,positif,0.6014,negatif,negatif,positif,hitmaker
l3RiBklg6ss,user_467cbe1002be,False,1696550400,2,netral,0.9935,netral,tanpa_emoji,netral,hitmaker
l3RiBklg6ss,user_8da5801155c3,False,1696550400,1,negatif,0.9844,negatif,tanpa_emoji,negatif,hitmaker
l3RiBklg6ss,user_18c0f7a4fd9d,False,1696550400,0,negatif,0.8878,netral,netral,negatif,hitmaker
l3RiBklg6ss,user_bf33f55c8964,False,1696550400,2,negatif,0.9941,netral,tanpa_emoji,negatif,hitmaker
l3RiBklg6ss,user_2be1089f1fd1,False,1696550400,6,negatif,0.9989,negatif,tanpa_emoji,negatif,hitmaker
l3RiBklg6ss,user_fd9cb0952986,False,1696550400,3,negatif,0.8872,negatif,netral,negatif,hitmaker
l3RiBklg6ss,user_fade64850070,False,1696550400,3,negatif,0.9994,negatif,tanpa_emoji,negatif,hitmaker
l3RiBklg6ss,user_da15518b84da,False,1696550400,5,negatif,0.8802,negatif,negatif,negatif,hitmaker
l3RiBklg6ss,user_2e6996411792,False,1696550400,1,negatif,0.9682,negatif,tanpa_emoji,negatif,hitmaker
l3RiBklg6ss,user_fa953e50da5e,False,1696550400,1,negatif,0.8815,netral,tanpa_emoji,negatif,hitmaker
l3RiBklg6ss,user_d81825086b6d,False,1696550400,2,negatif,0.5608,netral,netral,negatif,hitmaker
l3RiBklg6ss,user_9f0745bae2f8,False,1696550400,8,positif,0.7515,positif,positif,positif,hitmaker
l3RiBklg6ss,user_b1bcee415dae,False,1696550400,0,positif,0.9547,positif,tanpa_emoji,positif,hitmaker
l3RiBklg6ss,user_bc8648b797f3,False,1665014400,7,negatif,0.9983,netral,tanpa_emoji,negatif,hitmaker
l3RiBklg6ss,user_a68011a63dca,False,1665014400,2,negatif,0.9033,positif,netral,negatif,hitmaker
l3RiBklg6ss,user_0daea66e02af,False,1665014400,1,negatif,0.8977,netral,tanpa_emoji,negatif,hitmaker
l3RiBklg6ss,user_41636003930f,False,1665014400,0,negatif,0.5201,netral,tanpa_emoji,negatif,hitmaker
l3RiBklg6ss,user_4cd5549ba1d6,False,1665014400,4,negatif,0.972,netral,tanpa_emoji,negatif,hitmaker
l3RiBklg6ss,user_c769d2035017,False,1665014400,1,negatif,0.6224,netral,tanpa_emoji,negatif,hitmaker
l3RiBklg6ss,user_cffcd428f98a,False,1665014400,2,positif,0.9793,netral,tanpa_emoji,positif,hitmaker
l3RiBklg6ss,user_2d8af91106bc,False,1665014400,1,negatif,0.8186,netral,tanpa_emoji,negatif,hitmaker
l3RiBklg6ss,user_f19818c5c4e8,False,1665014400,1,negatif,0.998,netral,netral,negatif,hitmaker
l3RiBklg6ss,user_41aa0db7423d,False,1665014400,2,positif,0.9672,netral,tanpa_emoji,positif,hitmaker
l3RiBklg6ss,user_0b1a74efd6f9,False,1665014400,0,negatif,0.9874,netral,tanpa_emoji,negatif,hitmaker
l3RiBklg6ss,user_814f842aba15,False,1665014400,2,negatif,0.4158,netral,tanpa_emoji,negatif,hitmaker
l3RiBklg6ss,user_1895d0d2f883,False,1665014400,2,negatif,0.9882,positif,tanpa_emoji,negatif,hitmaker
l3RiBklg6ss,user_b3dd64d68997,False,1665014400,3,negatif,0.797,netral,tanpa_emoji,negatif,hitmaker
l3RiBklg6ss,user_5949826f5e5f,False,1665014400,2,negatif,0.7557,netral,netral,negatif,hitmaker
l3RiBklg6ss,user_263ac8debe39,False,1665014400,0,negatif,0.6075,netral,tanpa_emoji,negatif,hitmaker
l3RiBklg6ss,user_12c8708e75cf,False,1665014400,0,negatif,0.9554,netral,tanpa_emoji,negatif,hitmaker
l3RiBklg6ss,user_2974e8825727,False,1665014400,1,negatif,0.9814,netral,netral,negatif,hitmaker
l3RiBklg6ss,user_496210195a05,False,1665014400,0,positif,0.8366,netral,netral,netral,hitmaker
l3RiBklg6ss,user_f42bffec13f0,False,1665014400,0,negatif,0.8685,netral,tanpa_emoji,negatif,hitmaker
l3RiBklg6ss,user_cb9867093146,False,1665014400,1,negatif,0.8554,positif,tanpa_emoji,negatif,hitmaker
l3RiBklg6ss,user_120a28cae58f,False,1665014400,0,negatif,0.9914,netral,tanpa_emoji,negatif,hitmaker
l3RiBklg6ss,user_91d360a720bf,False,1665014400,4,negatif,0.9427,netral,tanpa_emoji,negatif,hitmaker
l3RiBklg6ss,user_12661ae2f772,False,1665014400,2,positif,0.9984,positif,positif,positif,hitmaker
l3RiBklg6ss,user_88f1148d1666,False,1665014400,3,negatif,0.5007,negatif,tanpa_emoji,negatif,hitmaker
l3RiBklg6ss,user_97de939b0d55,False,1665014400,0,negatif,0.9993,netral,tanpa_emoji,negatif,hitmaker
l3RiBklg6ss,user_e93e9584aa9d,False,1665014400,3,negatif,0.6106,netral,tanpa_emoji,negatif,hitmaker
l3RiBklg6ss,user_b6360f60765f,False,1665014400,7,positif,0.9934,positif,tanpa_emoji,positif,hitmaker
l3RiBklg6ss,user_c80892d8a0ea,False,1665014400,6,negatif,0.58,netral,netral,negatif,hitmaker
l3RiBklg6ss,user_64c2cf3bb1fa,False,1665014400,5,negatif,0.8425,netral,tanpa_emoji,negatif,hitmaker
l3RiBklg6ss,user_2966c6f2b189,False,1665014400,1,negatif,0.8969,netral,netral,netral,hitmaker
l3RiBklg6ss,user_62685a1d7661,False,1665014400,0,negatif,0.9633,netral,tanpa_emoji,negatif,hitmaker
l3RiBklg6ss,user_7c66493b12b0,False,1665014400,5,negatif,0.9979,negatif,negatif,negatif,hitmaker
l3RiBklg6ss,user_59e2db3fb7b7,False,1665014400,1,negatif,0.5272,netral,tanpa_emoji,negatif,hitmaker
l3RiBklg6ss,user_08e2d51ad655,False,1665014400,1,negatif,0.9899,netral,tanpa_emoji,negatif,hitmaker
l3RiBklg6ss,user_cdbcf29fc193,False,1665014400,1,positif,0.97,netral,tanpa_emoji,positif,hitmaker
l3RiBklg6ss,user_ce3f685cc26e,False,1665014400,1,negatif,0.9404,positif,positif,negatif,hitmaker
l3RiBklg6ss,user_a51012b3c75f,False,1665014400,4,negatif,0.9991,netral,tanpa_emoji,negatif,hitmaker
l3RiBklg6ss,user_01cbf62bb822,False,1665014400,0,negatif,0.992,netral,tanpa_emoji,negatif,hitmaker
l3RiBklg6ss,user_4b88f9bda260,False,1665014400,3,positif,0.9969,positif,positif,positif,hitmaker
l3RiBklg6ss,user_1fde2effbc1e,False,1665014400,0,negatif,0.5778,netral,tanpa_emoji,negatif,hitmaker
l3RiBklg6ss,user_7b68008cde71,False,1665014400,0,negatif,0.6589,netral,tanpa_emoji,negatif,hitmaker
l3RiBklg6ss,user_7b68008cde71,False,1665014400,1,netral,0.7984,netral,tanpa_emoji,netral,hitmaker
l3RiBklg6ss,user_7b68008cde71,False,1665014400,1,netral,0.8417,netral,tanpa_emoji,netral,hitmaker
l3RiBklg6ss,user_7b68008cde71,False,1665014400,0,negatif,0.4705,netral,tanpa_emoji,negatif,hitmaker
l3RiBklg6ss,user_76e037e54f62,False,1665014400,0,positif,0.4155,netral,netral,positif,hitmaker
l3RiBklg6ss,user_cc468fe71d1f,False,1665014400,1,negatif,0.9443,netral,tanpa_emoji,negatif,hitmaker
l3RiBklg6ss,user_cc468fe71d1f,False,1665014400,0,negatif,0.9992,negatif,tanpa_emoji,negatif,hitmaker
l3RiBklg6ss,user_cc468fe71d1f,False,1665014400,1,positif,0.5827,positif,tanpa_emoji,positif,hitmaker
l3RiBklg6ss,user_7bccac41c317,False,1665014400,0,netral,0.9433,netral,tanpa_emoji,netral,hitmaker
l3RiBklg6ss,user_14f8e2454d94,False,1665014400,0,negatif,0.6673,netral,tanpa_emoji,negatif,hitmaker
l3RiBklg6ss,user_c1c965b3f8be,False,1665014400,2,netral,0.8318,netral,tanpa_emoji,netral,hitmaker
l3RiBklg6ss,user_c8fdfe4cc317,False,1665014400,0,negatif,0.9931,netral,tanpa_emoji,negatif,hitmaker
l3RiBklg6ss,user_b707e5ab2fc8,False,1665014400,2,negatif,0.7684,positif,tanpa_emoji,negatif,hitmaker
l3RiBklg6ss,user_42c1574334b6,False,1665014400,5,netral,0.9119,netral,tanpa_emoji,netral,hitmaker
l3RiBklg6ss,user_f3acb050d788,False,1665014400,2,positif,0.9676,positif,positif,positif,hitmaker
l3RiBklg6ss,user_b81d4e851aa3,False,1665014400,2,negatif,0.9817,negatif,negatif,negatif,hitmaker
l3RiBklg6ss,user_9a9ec31fb0aa,False,1665014400,1,negatif,0.5864,negatif,negatif,negatif,hitmaker
l3RiBklg6ss,user_041d7ba459d5,False,1665014400,3,positif,0.5871,netral,tanpa_emoji,positif,hitmaker
l3RiBklg6ss,user_cc124b022ba2,False,1665014400,2,positif,0.3686,netral,tanpa_emoji,positif,hitmaker
l3RiBklg6ss,user_46f8a9661446,False,1665014400,2,positif,0.7749,negatif,tanpa_emoji,positif,hitmaker
l3RiBklg6ss,user_b3901407ac9f,False,1665014400,1,negatif,0.9325,netral,tanpa_emoji,negatif,hitmaker
l3RiBklg6ss,user_e8b81a00e945,False,1665014400,2,negatif,0.4788,negatif,tanpa_emoji,negatif,hitmaker
l3RiBklg6ss,user_ccc33b264465,False,1665014400,3,negatif,0.9034,netral,tanpa_emoji,negatif,hitmaker
l3RiBklg6ss,user_b950d70a9997,False,1665014400,0,negatif,0.9156,positif,positif,positif,hitmaker
l3RiBklg6ss,user_42fe58881d29,False,1665014400,2,negatif,0.9983,negatif,tanpa_emoji,negatif,hitmaker
l3RiBklg6ss,user_5f408fcbc31c,False,1665014400,1,negatif,0.9967,positif,tanpa_emoji,negatif,hitmaker
l3RiBklg6ss,user_e22b0cfd7f80,False,1665014400,4,negatif,0.905,netral,tanpa_emoji,negatif,hitmaker
l3RiBklg6ss,user_a7aa0e0c8ca5,False,1665014400,0,netral,0.9211,netral,tanpa_emoji,netral,hitmaker
l3RiBklg6ss,user_8d7998bc5daa,False,1665014400,7,negatif,0.9805,netral,tanpa_emoji,negatif,hitmaker
l3RiBklg6ss,user_70d55ee975de,False,1665014400,0,positif,0.868,positif,positif,positif,hitmaker
l3RiBklg6ss,user_659a12daa2e6,False,1665014400,2,negatif,0.9969,netral,netral,negatif,hitmaker
l3RiBklg6ss,user_b928ec7f5e20,False,1665014400,1,negatif,0.9869,netral,tanpa_emoji,negatif,hitmaker
l3RiBklg6ss,user_f3e87d1a15de,False,1665014400,0,netral,0.6449,netral,tanpa_emoji,netral,hitmaker
l3RiBklg6ss,user_b516366d39b1,False,1665014400,9,negatif,0.4946,netral,tanpa_emoji,negatif,hitmaker
l3RiBklg6ss,user_36f844f1905a,False,1665014400,2,negatif,0.8451,netral,tanpa_emoji,negatif,hitmaker
l3RiBklg6ss,user_e9db76ea9ffd,False,1665014400,2,negatif,0.9926,negatif,tanpa_emoji,negatif,hitmaker
l3RiBklg6ss,user_2b7074261c0e,False,1665014400,2,negatif,0.9969,netral,tanpa_emoji,negatif,hitmaker
l3RiBklg6ss,user_b040b09ea710,False,1665014400,1,negatif,0.8872,positif,tanpa_emoji,negatif,hitmaker
l3RiBklg6ss,user_3822e9e0006d,False,1665014400,2,positif,0.7435,netral,tanpa_emoji,positif,hitmaker
l3RiBklg6ss,user_8e9d640da745,False,1665014400,0,negatif,0.5632,netral,tanpa_emoji,negatif,hitmaker
l3RiBklg6ss,user_8a2f80d96bc0,False,1665014400,0,negatif,0.8778,netral,tanpa_emoji,negatif,hitmaker
l3RiBklg6ss,user_0cca077296bf,False,1665014400,4,positif,0.7561,positif,netral,positif,hitmaker
l3RiBklg6ss,user_f1b743788c5f,False,1665014400,4,positif,0.9461,netral,tanpa_emoji,positif,hitmaker
l3RiBklg6ss,user_2376d864b91b,False,1665014400,1,negatif,0.612,positif,positif,negatif,hitmaker
l3RiBklg6ss,user_bd6330b65e4d,False,1665014400,3,negatif,0.9749,netral,tanpa_emoji,negatif,hitmaker
l3RiBklg6ss,user_9854460f0e80,False,1665014400,2,negatif,0.9942,netral,tanpa_emoji,negatif,hitmaker
l3RiBklg6ss,user_f9f2a2a99693,False,1665014400,0,negatif,0.9364,netral,netral,netral,hitmaker
l3RiBklg6ss,user_7098b445d203,False,1665014400,8,positif,0.9781,negatif,tanpa_emoji,positif,hitmaker
l3RiBklg6ss,user_99ffd05d2fbc,False,1665014400,7,negatif,0.9305,negatif,tanpa_emoji,negatif,hitmaker
l3RiBklg6ss,user_98006ee2827b,False,1665014400,5,negatif,0.6735,netral,tanpa_emoji,negatif,hitmaker
l3RiBklg6ss,user_d2f9f96ed0ba,False,1665014400,0,negatif,0.977,negatif,negatif,negatif,hitmaker
l3RiBklg6ss,user_cebb448ee4de,False,1665014400,5,negatif,0.9985,positif,tanpa_emoji,negatif,hitmaker
l3RiBklg6ss,user_4c641897bb05,False,1665014400,0,positif,0.8291,positif,tanpa_emoji,positif,hitmaker
l3RiBklg6ss,user_4c641897bb05,False,1665014400,3,positif,0.8986,positif,tanpa_emoji,positif,hitmaker
l3RiBklg6ss,user_a2a016de89dd,False,1665014400,2,positif,0.9971,positif,tanpa_emoji,positif,hitmaker
l3RiBklg6ss,user_b6d013caae90,False,1665014400,0,netral,0.9707,netral,tanpa_emoji,netral,hitmaker
l3RiBklg6ss,user_95022f91655d,False,1665014400,1,positif,0.9964,positif,tanpa_emoji,positif,hitmaker
l3RiBklg6ss,user_882c8270130a,False,1665014400,5,negatif,0.7884,netral,tanpa_emoji,negatif,hitmaker
l3RiBklg6ss,user_cbab80e940c8,False,1665014400,2,netral,0.9127,positif,tanpa_emoji,netral,hitmaker
l3RiBklg6ss,user_dd1e6aed566c,False,1665014400,2,negatif,0.8802,negatif,tanpa_emoji,negatif,hitmaker
l3RiBklg6ss,user_05661496cd99,False,1665014400,3,negatif,0.6597,positif,tanpa_emoji,negatif,hitmaker
l3RiBklg6ss,user_05661496cd99,False,1665014400,0,negatif,0.6597,positif,tanpa_emoji,negatif,hitmaker
l3RiBklg6ss,user_6999ee4c3c27,False,1665014400,4,negatif,0.9865,netral,netral,negatif,hitmaker
l3RiBklg6ss,user_e6cb5855c8db,False,1665014400,4,netral,0.8614,netral,tanpa_emoji,netral,hitmaker
l3RiBklg6ss,user_461eacebd101,False,1665014400,1,negatif,0.9943,netral,netral,negatif,hitmaker
l3RiBklg6ss,user_7d5a2164eb3f,False,1665014400,2,negatif,0.8145,netral,tanpa_emoji,negatif,hitmaker
l3RiBklg6ss,user_11e9000ec55a,False,1665014400,0,negatif,0.9755,netral,tanpa_emoji,negatif,hitmaker
l3RiBklg6ss,user_6470a782e3d1,False,1665014400,2,positif,0.8337,positif,tanpa_emoji,positif,hitmaker
l3RiBklg6ss,user_d45a516fd288,False,1665014400,2,positif,0.767,positif,tanpa_emoji,positif,hitmaker
l3RiBklg6ss,user_4ff8c9871c50,False,1665014400,4,negatif,0.6375,positif,tanpa_emoji,negatif,hitmaker
l3RiBklg6ss,user_baf717c3a892,False,1665014400,4,negatif,0.9976,positif,tanpa_emoji,negatif,hitmaker
l3RiBklg6ss,user_3c45e9c9cebc,False,1665014400,2,positif,0.8573,netral,tanpa_emoji,positif,hitmaker
l3RiBklg6ss,user_279943e2834c,False,1665014400,5,negatif,0.9941,positif,positif,negatif,hitmaker
l3RiBklg6ss,user_f03546169553,False,1665014400,0,negatif,0.999,negatif,tanpa_emoji,negatif,hitmaker
l3RiBklg6ss,user_00000bad6fd9,False,1665014400,1,positif,0.9335,netral,tanpa_emoji,positif,hitmaker
l3RiBklg6ss,user_69e2a49e56a5,False,1665014400,1,negatif,0.9929,positif,tanpa_emoji,negatif,hitmaker
l3RiBklg6ss,user_a331337bfaaf,False,1665014400,1,positif,0.9925,positif,tanpa_emoji,positif,hitmaker
l3RiBklg6ss,user_1b9f7a06d87e,False,1665014400,0,negatif,0.4762,netral,tanpa_emoji,negatif,hitmaker
l3RiBklg6ss,user_f352343cac27,False,1665014400,0,positif,0.978,positif,netral,positif,hitmaker
l3RiBklg6ss,user_280cc99cba4f,False,1665014400,0,netral,0.8541,netral,tanpa_emoji,netral,hitmaker
l3RiBklg6ss,user_54979107f6e6,False,1665014400,1,negatif,0.9949,positif,tanpa_emoji,negatif,hitmaker
l3RiBklg6ss,user_9f9a20eb4ec4,False,1665014400,0,netral,0.9243,netral,tanpa_emoji,netral,hitmaker
l3RiBklg6ss,user_7da6666ada55,False,1665014400,0,positif,0.9237,positif,tanpa_emoji,positif,hitmaker
l3RiBklg6ss,user_60e6a73b3067,False,1665014400,0,positif,0.9984,positif,tanpa_emoji,positif,hitmaker
l3RiBklg6ss,user_73ba08e7d901,False,1665014400,1,negatif,0.9985,netral,netral,negatif,hitmaker
l3RiBklg6ss,user_9a5e788adb16,False,1665014400,2,negatif,0.5217,positif,tanpa_emoji,negatif,hitmaker
l3RiBklg6ss,user_75eee9a0b669,False,1665014400,2,negatif,0.9112,negatif,tanpa_emoji,negatif,hitmaker
l3RiBklg6ss,user_d924ec680179,False,1665014400,4,netral,0.9415,netral,tanpa_emoji,netral,hitmaker
l3RiBklg6ss,user_e2b5a839ab5d,False,1665014400,0,negatif,0.9093,netral,netral,negatif,hitmaker
l3RiBklg6ss,user_01d409d245da,False,1665014400,0,negatif,0.7027,netral,tanpa_emoji,negatif,hitmaker
l3RiBklg6ss,user_79af63fa5958,False,1665014400,3,negatif,0.9983,negatif,tanpa_emoji,negatif,hitmaker
l3RiBklg6ss,user_422743546d03,False,1665014400,0,positif,0.9921,netral,tanpa_emoji,positif,hitmaker
l3RiBklg6ss,user_dcfb582dccbe,False,1665014400,1,negatif,0.5256,positif,tanpa_emoji,negatif,hitmaker
l3RiBklg6ss,user_c2debd829fac,False,1665014400,0,negatif,0.5897,netral,tanpa_emoji,negatif,hitmaker
l3RiBklg6ss,user_dea584abb51f,False,1665014400,5,netral,0.5008,netral,tanpa_emoji,netral,hitmaker
l3RiBklg6ss,user_dea584abb51f,False,1665014400,3,positif,0.998,positif,tanpa_emoji,positif,hitmaker
l3RiBklg6ss,user_d46b6d9d1dae,False,1665014400,3,negatif,0.9831,netral,tanpa_emoji,negatif,hitmaker
l3RiBklg6ss,user_0e098b69f16a,False,1665014400,3,negatif,0.6417,positif,tanpa_emoji,negatif,hitmaker
l3RiBklg6ss,user_62e19578ba45,False,1665014400,1,negatif,0.9469,netral,tanpa_emoji,negatif,hitmaker
l3RiBklg6ss,user_e2f631601c01,False,1665014400,6,netral,0.9199,netral,tanpa_emoji,netral,hitmaker
l3RiBklg6ss,user_894bf6dd7a10,False,1665014400,1,netral,0.9877,netral,tanpa_emoji,netral,hitmaker
l3RiBklg6ss,user_7f1977209328,False,1665014400,4,netral,0.735,netral,tanpa_emoji,netral,hitmaker
l3RiBklg6ss,user_a959552b9ed7,False,1665014400,8,positif,0.9946,positif,positif,positif,hitmaker
l3RiBklg6ss,user_1cc6b6f0f7a3,False,1665014400,9,positif,0.9964,positif,tanpa_emoji,positif,hitmaker
l3RiBklg6ss,user_b9ea239738da,False,1665014400,3,positif,0.7004,positif,positif,positif,hitmaker
l3RiBklg6ss,user_5ab970b713fc,False,1665014400,4,negatif,0.8243,netral,netral,negatif,hitmaker
mBxFc3uPKCg,user_057bfdb25539,False,1785974400,0,netral,0.8214,netral,tanpa_emoji,netral,hitmaker
mBxFc3uPKCg,user_c21fddb2cc89,False,1759708800,0,netral,0.9678,netral,tanpa_emoji,netral,hitmaker
mBxFc3uPKCg,user_c21fddb2cc89,False,1759708800,0,netral,0.991,netral,tanpa_emoji,netral,hitmaker
mBxFc3uPKCg,user_585802ab06b3,False,1728172800,0,netral,0.5472,netral,tanpa_emoji,netral,hitmaker
mBxFc3uPKCg,user_585802ab06b3,False,1728172800,0,netral,0.8569,netral,tanpa_emoji,netral,hitmaker
mBxFc3uPKCg,user_9d1ff6e3d991,False,1728172800,0,netral,0.7219,netral,tanpa_emoji,netral,hitmaker
mBxFc3uPKCg,user_a45ac52b0524,False,1728172800,2,negatif,0.8523,negatif,tanpa_emoji,negatif,hitmaker
mBxFc3uPKCg,user_a45ac52b0524,True,1728172800,1,negatif,0.8761,netral,tanpa_emoji,negatif,hitmaker
mBxFc3uPKCg,user_2f325f14d547,True,1728172800,1,negatif,0.6139,netral,tanpa_emoji,negatif,hitmaker
mBxFc3uPKCg,user_a45ac52b0524,True,1728172800,1,netral,0.6558,netral,tanpa_emoji,netral,hitmaker
mBxFc3uPKCg,user_a45ac52b0524,True,1728172800,1,negatif,0.9567,netral,tanpa_emoji,negatif,hitmaker
mBxFc3uPKCg,user_a45ac52b0524,True,1728172800,0,netral,0.9422,netral,tanpa_emoji,netral,hitmaker
mBxFc3uPKCg,user_592a5ed63f6d,True,1759708800,0,negatif,0.9915,netral,tanpa_emoji,negatif,hitmaker
mBxFc3uPKCg,user_bfe4ccaae9c8,False,1728172800,0,netral,0.5239,netral,tanpa_emoji,netral,hitmaker
mBxFc3uPKCg,user_9d86a1f7a695,False,1728172800,0,negatif,0.9906,negatif,tanpa_emoji,negatif,hitmaker
mBxFc3uPKCg,user_1c5ac3185494,False,1728172800,0,positif,0.8686,netral,tanpa_emoji,positif,hitmaker
mBxFc3uPKCg,user_145f6e4815f1,False,1728172800,0,netral,0.9833,positif,positif,netral,hitmaker
mBxFc3uPKCg,user_e558d88c1685,False,1728172800,0,negatif,0.9991,negatif,tanpa_emoji,negatif,hitmaker
mBxFc3uPKCg,user_e37aaabcaaee,False,1728172800,0,positif,0.9903,positif,tanpa_emoji,positif,hitmaker
mBxFc3uPKCg,user_5ba3ca6547e1,False,1728172800,1,positif,0.4589,positif,positif,positif,hitmaker
mBxFc3uPKCg,user_1b1dcee19ca4,False,1728172800,1,positif,0.9892,positif,tanpa_emoji,positif,hitmaker
mBxFc3uPKCg,user_4b992b83d60d,False,1728172800,2,positif,0.9965,positif,tanpa_emoji,positif,hitmaker
mBxFc3uPKCg,user_b6dd5b953856,True,1728172800,1,positif,0.5592,positif,tanpa_emoji,positif,hitmaker
mBxFc3uPKCg,user_5ba3ca6547e1,True,1728172800,1,negatif,0.6709,netral,netral,negatif,hitmaker
mBxFc3uPKCg,user_4b992b83d60d,True,1728172800,0,negatif,0.6608,positif,tanpa_emoji,negatif,hitmaker
mBxFc3uPKCg,user_210f4f89f33d,False,1728172800,1,negatif,0.9515,netral,netral,negatif,hitmaker
mBxFc3uPKCg,user_6dd182f49539,False,1728172800,1,negatif,0.5296,positif,netral,negatif,hitmaker
mBxFc3uPKCg,user_25b5c10de5e4,False,1728172800,0,negatif,0.9939,netral,tanpa_emoji,negatif,hitmaker
mBxFc3uPKCg,user_a332cb378527,False,1728172800,0,negatif,0.986,netral,tanpa_emoji,negatif,hitmaker
mBxFc3uPKCg,user_4f1529c5431e,False,1728172800,0,negatif,0.7262,netral,tanpa_emoji,negatif,hitmaker
mBxFc3uPKCg,user_9311c2476181,False,1728172800,0,positif,0.9859,netral,tanpa_emoji,positif,hitmaker
mBxFc3uPKCg,user_ccf9aa2b80ef,False,1728172800,0,negatif,0.9889,positif,netral,negatif,hitmaker
mBxFc3uPKCg,user_ae435b900a5b,False,1728172800,0,positif,0.8949,positif,tanpa_emoji,positif,hitmaker
mBxFc3uPKCg,user_102a01eeb194,False,1696550400,1,positif,0.9981,positif,tanpa_emoji,positif,hitmaker
mBxFc3uPKCg,user_b2660a229afa,False,1696550400,0,positif,0.4864,positif,positif,positif,hitmaker
mBxFc3uPKCg,user_4be982d8c2fb,False,1696550400,4,positif,0.9922,positif,tanpa_emoji,positif,hitmaker
mBxFc3uPKCg,user_6f171615b30c,False,1696550400,4,positif,0.672,positif,positif,positif,hitmaker
mBxFc3uPKCg,user_15b8d333bef2,False,1696550400,0,negatif,0.8945,netral,netral,negatif,hitmaker
mBxFc3uPKCg,user_c280cb849042,False,1696550400,1,negatif,0.5429,negatif,netral,negatif,hitmaker
mBxFc3uPKCg,user_1cf9b6f04543,True,1696550400,0,negatif,0.8302,netral,tanpa_emoji,negatif,hitmaker
mBxFc3uPKCg,user_d1988d33a5ce,False,1696550400,0,negatif,0.9517,negatif,tanpa_emoji,negatif,hitmaker
mBxFc3uPKCg,user_f1a6d2bbb3a9,False,1696550400,0,negatif,0.9812,netral,tanpa_emoji,negatif,hitmaker
mBxFc3uPKCg,user_5f75706e0cdf,False,1696550400,2,positif,0.999,positif,positif,positif,hitmaker
mBxFc3uPKCg,user_5f75706e0cdf,True,1696550400,0,positif,0.9971,positif,tanpa_emoji,positif,hitmaker
mBxFc3uPKCg,user_5f75706e0cdf,False,1696550400,2,positif,0.988,positif,tanpa_emoji,positif,hitmaker
mBxFc3uPKCg,user_699ee69045e2,False,1696550400,1,positif,0.7396,positif,tanpa_emoji,positif,hitmaker
mBxFc3uPKCg,user_699ee69045e2,True,1696550400,0,positif,0.9926,positif,tanpa_emoji,positif,hitmaker
mBxFc3uPKCg,user_5f75706e0cdf,True,1696550400,0,positif,0.7371,netral,tanpa_emoji,positif,hitmaker
mBxFc3uPKCg,user_ba5dc173825a,False,1696550400,1,positif,0.991,positif,netral,positif,hitmaker
mBxFc3uPKCg,user_69f574ae77a8,False,1696550400,2,netral,0.8592,netral,tanpa_emoji,netral,hitmaker
mBxFc3uPKCg,user_c6fcfadf25d5,False,1696550400,0,negatif,0.9419,netral,tanpa_emoji,negatif,hitmaker
mBxFc3uPKCg,user_fd9c5d3789b8,False,1696550400,0,positif,0.8262,netral,tanpa_emoji,positif,hitmaker
mBxFc3uPKCg,user_85d450c290eb,False,1696550400,0,positif,0.9929,positif,positif,positif,hitmaker
mBxFc3uPKCg,user_ef12b32f4dbf,False,1696550400,2,negatif,0.7691,positif,netral,negatif,hitmaker
mBxFc3uPKCg,user_b066aa9b3c1a,False,1696550400,0,negatif,0.8191,negatif,tanpa_emoji,negatif,hitmaker
mBxFc3uPKCg,user_53eedf7cdc90,False,1696550400,4,positif,0.8871,positif,netral,positif,hitmaker
mBxFc3uPKCg,user_bda7069e32cd,False,1696550400,0,positif,0.8379,positif,positif,positif,hitmaker
mBxFc3uPKCg,user_ae816bfc3f7c,False,1696550400,0,negatif,0.7096,positif,tanpa_emoji,negatif,hitmaker
mBxFc3uPKCg,user_ba1626671f4c,False,1696550400,0,positif,0.8291,positif,tanpa_emoji,positif,hitmaker
mBxFc3uPKCg,user_d12651adb731,False,1696550400,0,positif,0.9931,positif,positif,positif,hitmaker
mBxFc3uPKCg,user_9198acb1c840,False,1696550400,2,positif,0.9739,positif,tanpa_emoji,positif,hitmaker
mBxFc3uPKCg,user_420746dfe39f,False,1696550400,0,positif,0.7892,netral,tanpa_emoji,positif,hitmaker
mBxFc3uPKCg,user_5ed9377013b5,False,1696550400,2,netral,0.9536,netral,tanpa_emoji,netral,hitmaker
mBxFc3uPKCg,user_59bd7bf1146a,False,1696550400,0,negatif,0.8849,netral,netral,negatif,hitmaker
mBxFc3uPKCg,user_3773732c8e87,False,1696550400,2,negatif,0.7114,netral,netral,negatif,hitmaker
mBxFc3uPKCg,user_fa7f96025493,False,1696550400,2,negatif,0.9882,netral,netral,negatif,hitmaker
mBxFc3uPKCg,user_1d7a565dfe44,False,1696550400,1,positif,0.8213,positif,positif,positif,hitmaker
mBxFc3uPKCg,user_3d4b40fbae4e,False,1696550400,4,negatif,0.9616,netral,tanpa_emoji,negatif,hitmaker
mBxFc3uPKCg,user_ad1d60dd0fe9,True,1728172800,1,positif,0.9579,negatif,tanpa_emoji,positif,hitmaker
mBxFc3uPKCg,user_94dca41d0145,False,1696550400,0,negatif,0.4878,netral,tanpa_emoji,negatif,hitmaker
mBxFc3uPKCg,user_aecfd3a5f7bc,False,1696550400,0,positif,0.9943,positif,tanpa_emoji,positif,hitmaker
mBxFc3uPKCg,user_f04211123a73,False,1696550400,2,positif,0.9211,positif,tanpa_emoji,positif,hitmaker
mBxFc3uPKCg,user_7397160cb29e,False,1696550400,2,negatif,0.9814,positif,tanpa_emoji,negatif,hitmaker
mBxFc3uPKCg,user_9a5b10f59d33,False,1696550400,0,netral,0.9865,netral,tanpa_emoji,netral,hitmaker
mBxFc3uPKCg,user_5f75706e0cdf,True,1696550400,0,netral,0.9891,netral,tanpa_emoji,netral,hitmaker
mBxFc3uPKCg,user_a7e53f751263,False,1696550400,1,netral,0.6554,netral,tanpa_emoji,netral,hitmaker
mBxFc3uPKCg,user_d65528c5826e,False,1696550400,0,positif,0.9818,netral,tanpa_emoji,positif,hitmaker
mBxFc3uPKCg,user_e23e63bad448,False,1696550400,0,netral,0.6072,netral,tanpa_emoji,netral,hitmaker
mBxFc3uPKCg,user_6dcf44618580,False,1696550400,0,negatif,0.6686,netral,tanpa_emoji,negatif,hitmaker
mBxFc3uPKCg,user_5f75706e0cdf,True,1696550400,0,netral,0.7466,netral,tanpa_emoji,netral,hitmaker
mBxFc3uPKCg,user_fa743f7f135e,False,1696550400,0,positif,0.9711,positif,netral,positif,hitmaker
mBxFc3uPKCg,user_3693aa82f7e5,False,1696550400,0,positif,0.8007,positif,tanpa_emoji,positif,hitmaker
mBxFc3uPKCg,user_d9c7e20f030d,False,1696550400,0,negatif,0.6064,negatif,tanpa_emoji,negatif,hitmaker
mBxFc3uPKCg,user_d7b68d97b40b,False,1696550400,0,netral,0.8306,netral,tanpa_emoji,netral,hitmaker
mBxFc3uPKCg,user_de5245cdce35,False,1696550400,0,netral,0.8807,netral,tanpa_emoji,netral,hitmaker
mBxFc3uPKCg,user_afe5e4f8a5fa,False,1696550400,0,netral,0.9765,netral,tanpa_emoji,netral,hitmaker
mBxFc3uPKCg,user_33c5ca667ae4,False,1696550400,2,positif,0.9913,positif,tanpa_emoji,positif,hitmaker
mBxFc3uPKCg,user_683f6224245d,False,1696550400,0,positif,0.8931,positif,tanpa_emoji,positif,hitmaker
mBxFc3uPKCg,user_b31d74ccc62d,False,1696550400,0,positif,0.7698,positif,tanpa_emoji,positif,hitmaker
mBxFc3uPKCg,user_df0f836681c6,False,1696550400,0,negatif,0.9458,netral,tanpa_emoji,negatif,hitmaker
mBxFc3uPKCg,user_5f75706e0cdf,True,1696550400,0,netral,0.4934,netral,tanpa_emoji,netral,hitmaker
mBxFc3uPKCg,user_fd727196431b,False,1696550400,2,positif,0.965,positif,tanpa_emoji,positif,hitmaker
mBxFc3uPKCg,user_fd727196431b,False,1696550400,0,positif,0.8901,positif,tanpa_emoji,positif,hitmaker
mBxFc3uPKCg,user_5f75706e0cdf,False,1696550400,2,positif,0.9894,positif,positif,positif,hitmaker
mBxFc3uPKCg,user_5f75706e0cdf,False,1696550400,1,positif,0.9926,positif,positif,positif,hitmaker
mBxFc3uPKCg,user_353a3c5cd620,False,1696550400,0,positif,0.9986,positif,tanpa_emoji,positif,hitmaker
mBxFc3uPKCg,user_372255fd9d18,False,1696550400,0,positif,0.9792,positif,positif,positif,hitmaker
mBxFc3uPKCg,user_5f75706e0cdf,True,1696550400,0,positif,0.9928,positif,positif,positif,hitmaker
mBxFc3uPKCg,user_eefae4307a50,False,1696550400,0,netral,0.9595,netral,tanpa_emoji,netral,hitmaker
mBxFc3uPKCg,user_af56bc9a5fa2,False,1696550400,0,negatif,0.8577,negatif,tanpa_emoji,negatif,hitmaker
mBxFc3uPKCg,user_5e9b62bce8e0,False,1696550400,0,negatif,0.9776,netral,tanpa_emoji,negatif,hitmaker
mBxFc3uPKCg,user_6337aa0eba65,False,1696550400,3,negatif,0.8301,positif,positif,negatif,hitmaker
mBxFc3uPKCg,user_6337aa0eba65,False,1696550400,8,positif,0.9512,positif,positif,positif,hitmaker
mBxFc3uPKCg,user_f3659fc9eda2,False,1696550400,0,positif,0.58,netral,tanpa_emoji,positif,hitmaker
mBxFc3uPKCg,user_5f75706e0cdf,False,1696550400,5,positif,0.9981,positif,positif,positif,hitmaker
mBxFc3uPKCg,user_77f8aaf277f1,False,1696550400,0,positif,0.9169,positif,tanpa_emoji,positif,hitmaker
mBxFc3uPKCg,user_5f75706e0cdf,False,1696550400,12,positif,0.988,positif,positif,positif,hitmaker
mBxFc3uPKCg,user_0efe18bc1513,False,1696550400,0,positif,0.8125,positif,positif,positif,hitmaker
mBxFc3uPKCg,user_ea9b2015c36d,False,1696550400,0,netral,0.9898,netral,tanpa_emoji,netral,hitmaker
mBxFc3uPKCg,user_33853a359de0,False,1696550400,0,positif,0.9644,positif,tanpa_emoji,positif,hitmaker
mBxFc3uPKCg,user_5f75706e0cdf,True,1696550400,0,positif,0.9823,positif,tanpa_emoji,positif,hitmaker
mBxFc3uPKCg,user_dd7328cf0c24,False,1696550400,0,negatif,0.9957,netral,tanpa_emoji,negatif,hitmaker
mBxFc3uPKCg,user_976aebc3e154,False,1696550400,0,negatif,0.9787,positif,positif,negatif,hitmaker
mBxFc3uPKCg,user_4f0f1ed9f587,False,1696550400,0,negatif,0.8768,netral,netral,netral,hitmaker
mBxFc3uPKCg,user_af6282507adf,False,1696550400,5,positif,0.9865,positif,positif,positif,hitmaker
mBxFc3uPKCg,user_5f75706e0cdf,True,1696550400,0,positif,0.9987,positif,positif,positif,hitmaker
mBxFc3uPKCg,user_7e374a26f836,False,1696550400,0,netral,0.6286,negatif,tanpa_emoji,netral,hitmaker
mBxFc3uPKCg,user_1b950f2137bd,False,1696550400,0,negatif,0.9734,netral,netral,netral,hitmaker
mBxFc3uPKCg,user_8d00d4bc46eb,False,1696550400,0,positif,0.9393,positif,tanpa_emoji,positif,hitmaker
mBxFc3uPKCg,user_a6da04902cff,False,1696550400,1,positif,0.999,positif,tanpa_emoji,positif,hitmaker
mBxFc3uPKCg,user_523e5d3839a7,False,1696550400,0,negatif,0.9987,netral,netral,negatif,hitmaker
mBxFc3uPKCg,user_699ee69045e2,False,1696550400,3,positif,0.9898,positif,positif,positif,hitmaker
mBxFc3uPKCg,user_dd9d10a313a0,False,1696550400,0,positif,0.9937,positif,tanpa_emoji,positif,hitmaker
mBxFc3uPKCg,user_5f75706e0cdf,True,1696550400,2,positif,0.9984,positif,positif,positif,hitmaker
mBxFc3uPKCg,user_dd9d10a313a0,True,1696550400,0,netral,0.9871,netral,tanpa_emoji,netral,hitmaker
mBxFc3uPKCg,user_2a9bdc63bf84,False,1696550400,0,negatif,0.8808,positif,tanpa_emoji,negatif,hitmaker
mBxFc3uPKCg,user_e4bab611d141,False,1696550400,0,negatif,0.9976,netral,tanpa_emoji,negatif,hitmaker
mBxFc3uPKCg,user_59f25dfe0e02,False,1696550400,1,positif,0.9739,netral,tanpa_emoji,positif,hitmaker
mBxFc3uPKCg,user_4f0f1ed9f587,True,1696550400,0,negatif,0.7945,netral,tanpa_emoji,negatif,hitmaker
mBxFc3uPKCg,user_41a1ddccb460,False,1696550400,1,negatif,0.9684,netral,tanpa_emoji,negatif,hitmaker
mBxFc3uPKCg,user_246838e9f8ff,False,1696550400,4,negatif,0.7419,positif,positif,negatif,hitmaker
mBxFc3uPKCg,user_5f75706e0cdf,True,1696550400,0,positif,0.9836,positif,tanpa_emoji,positif,hitmaker
mBxFc3uPKCg,user_c7924fb38ec6,False,1696550400,3,positif,0.9935,positif,positif,positif,hitmaker
mBxFc3uPKCg,user_3c6504001698,False,1696550400,0,negatif,0.6201,netral,tanpa_emoji,negatif,hitmaker
mBxFc3uPKCg,user_1a623b7ad6d8,False,1696550400,0,negatif,0.9687,positif,netral,negatif,hitmaker
mBxFc3uPKCg,user_1a04cec49e2e,False,1696550400,0,negatif,0.5259,netral,tanpa_emoji,negatif,hitmaker
mBxFc3uPKCg,user_5f75706e0cdf,True,1696550400,0,netral,0.9854,netral,tanpa_emoji,netral,hitmaker
mBxFc3uPKCg,user_6da6745fa1df,False,1696550400,1,positif,0.9913,netral,tanpa_emoji,positif,hitmaker
mBxFc3uPKCg,user_226f42363ac7,False,1696550400,1,positif,0.9963,positif,tanpa_emoji,positif,hitmaker
mBxFc3uPKCg,user_226f42363ac7,True,1696550400,0,negatif,0.6909,netral,netral,negatif,hitmaker
mBxFc3uPKCg,user_5f75706e0cdf,False,1696550400,53,positif,0.9745,positif,positif,positif,hitmaker
mBxFc3uPKCg,user_5b8473527e7b,True,1696550400,0,netral,0.4573,netral,tanpa_emoji,netral,hitmaker
mBxFc3uPKCg,user_9d8c402c4230,True,1696550400,0,negatif,0.9889,netral,tanpa_emoji,negatif,hitmaker
mBxFc3uPKCg,user_8066398769e2,False,1696550400,0,positif,0.72,positif,tanpa_emoji,positif,hitmaker
mBxFc3uPKCg,user_5f75706e0cdf,True,1696550400,0,netral,0.8684,netral,tanpa_emoji,netral,hitmaker
mBxFc3uPKCg,user_8066398769e2,True,1696550400,0,netral,0.9724,netral,netral,netral,hitmaker
mBxFc3uPKCg,user_5f75706e0cdf,True,1696550400,0,netral,0.5941,netral,tanpa_emoji,netral,hitmaker
mBxFc3uPKCg,user_8066398769e2,True,1696550400,0,negatif,0.5441,netral,tanpa_emoji,negatif,hitmaker
mBxFc3uPKCg,user_95256fd609c2,True,1696550400,0,netral,0.8765,netral,netral,netral,hitmaker
mBxFc3uPKCg,user_8066398769e2,True,1696550400,0,negatif,0.5188,netral,tanpa_emoji,negatif,hitmaker
mBxFc3uPKCg,user_5f75706e0cdf,True,1696550400,0,positif,0.7924,netral,tanpa_emoji,positif,hitmaker
mBxFc3uPKCg,user_5f75706e0cdf,True,1696550400,0,negatif,0.7835,positif,positif,negatif,hitmaker
mBxFc3uPKCg,user_8066398769e2,True,1696550400,0,negatif,0.9869,netral,tanpa_emoji,negatif,hitmaker
mBxFc3uPKCg,user_ef42b4c3bad7,True,1696550400,0,netral,0.9195,netral,tanpa_emoji,netral,hitmaker
mBxFc3uPKCg,user_5f75706e0cdf,True,1696550400,0,positif,0.9897,positif,positif,positif,hitmaker
mBxFc3uPKCg,user_6da6745fa1df,True,1696550400,0,negatif,0.9379,positif,netral,negatif,hitmaker
mBxFc3uPKCg,user_5f75706e0cdf,False,1696550400,11,positif,0.9983,positif,positif,positif,hitmaker
mBxFc3uPKCg,user_23ed663069af,False,1696550400,4,negatif,0.9958,netral,tanpa_emoji,negatif,hitmaker
mBxFc3uPKCg,user_890f0e526faa,True,1696550400,0,negatif,0.9308,netral,tanpa_emoji,negatif,hitmaker
mBxFc3uPKCg,user_ef42b4c3bad7,True,1696550400,0,negatif,0.9934,netral,tanpa_emoji,negatif,hitmaker
mBxFc3uPKCg,user_8faa3eaa3fd6,False,1696550400,1,negatif,0.9879,netral,tanpa_emoji,negatif,hitmaker
mBxFc3uPKCg,user_6da6745fa1df,True,1696550400,0,negatif,0.9945,netral,tanpa_emoji,negatif,hitmaker
mBxFc3uPKCg,user_ef42b4c3bad7,True,1696550400,0,negatif,0.9934,netral,tanpa_emoji,negatif,hitmaker
mBxFc3uPKCg,user_3c57734a1285,False,1696550400,3,positif,0.9163,positif,tanpa_emoji,positif,hitmaker
mBxFc3uPKCg,user_ef42b4c3bad7,True,1696550400,1,negatif,0.9907,netral,tanpa_emoji,negatif,hitmaker
mBxFc3uPKCg,user_e160d80e7055,False,1696550400,1,negatif,0.5044,positif,tanpa_emoji,negatif,hitmaker
mBxFc3uPKCg,user_1394639ec1cf,False,1696550400,2,negatif,0.8011,netral,tanpa_emoji,negatif,hitmaker
mBxFc3uPKCg,user_ef42b4c3bad7,True,1696550400,0,negatif,0.9907,netral,tanpa_emoji,negatif,hitmaker
mBxFc3uPKCg,user_5f75706e0cdf,False,1696550400,25,positif,0.9979,positif,tanpa_emoji,positif,hitmaker
mBxFc3uPKCg,user_5f75706e0cdf,False,1696550400,12,positif,0.9962,positif,tanpa_emoji,positif,hitmaker
mBxFc3uPKCg,user_ed84ba8eccae,False,1696550400,1,netral,0.904,netral,tanpa_emoji,netral,hitmaker
mBxFc3uPKCg,user_c51da238fe6f,False,1696550400,0,negatif,0.9594,positif,tanpa_emoji,negatif,hitmaker
mBxFc3uPKCg,user_f3b0fbdc1300,False,1696550400,0,negatif,0.9445,negatif,tanpa_emoji,negatif,hitmaker
mBxFc3uPKCg,user_ef42b4c3bad7,True,1696550400,0,negatif,0.9934,netral,tanpa_emoji,negatif,hitmaker
mBxFc3uPKCg,user_f3b0fbdc1300,True,1696550400,0,netral,0.7972,netral,tanpa_emoji,netral,hitmaker
mBxFc3uPKCg,user_5f75706e0cdf,False,1696550400,40,positif,0.998,positif,positif,positif,hitmaker
mBxFc3uPKCg,user_c280cb849042,True,1696550400,0,negatif,0.8728,netral,tanpa_emoji,negatif,hitmaker
mBxFc3uPKCg,user_9abcd4fea25f,True,1696550400,0,negatif,0.5955,netral,tanpa_emoji,negatif,hitmaker
mBxFc3uPKCg,user_5f75706e0cdf,False,1696550400,12,positif,0.9442,positif,positif,positif,hitmaker
mBxFc3uPKCg,user_5f75706e0cdf,False,1696550400,7,netral,0.9212,positif,positif,netral,hitmaker
mBxFc3uPKCg,user_5f75706e0cdf,True,1696550400,0,positif,0.9856,positif,positif,positif,hitmaker
mBxFc3uPKCg,user_5f75706e0cdf,False,1696550400,9,positif,0.9986,positif,positif,positif,hitmaker
mBxFc3uPKCg,user_94194dd843f9,True,1696550400,1,negatif,0.9515,positif,netral,negatif,hitmaker
mBxFc3uPKCg,user_ef42b4c3bad7,True,1696550400,1,negatif,0.9678,positif,positif,negatif,hitmaker
mBxFc3uPKCg,user_e6cdab667e9f,True,1696550400,1,positif,0.518,positif,netral,positif,hitmaker
mBxFc3uPKCg,user_ef42b4c3bad7,True,1696550400,0,negatif,0.5667,positif,positif,positif,hitmaker
mBxFc3uPKCg,user_e6cdab667e9f,True,1696550400,1,positif,0.6963,positif,tanpa_emoji,positif,hitmaker
mBxFc3uPKCg,user_c1da9ef7b12f,False,1696550400,2,negatif,0.9965,netral,tanpa_emoji,negatif,hitmaker
mBxFc3uPKCg,user_dce96610f897,False,1696550400,0,negatif,0.993,positif,tanpa_emoji,negatif,hitmaker
mBxFc3uPKCg,user_ef42b4c3bad7,True,1696550400,0,negatif,0.6848,positif,tanpa_emoji,negatif,hitmaker
mBxFc3uPKCg,user_dce96610f897,True,1696550400,0,negatif,0.9037,netral,netral,negatif,hitmaker
mBxFc3uPKCg,user_a5cda81f8bf4,False,1696550400,0,netral,0.8289,netral,tanpa_emoji,netral,hitmaker
mBxFc3uPKCg,user_4b3013fa86b5,False,1696550400,0,negatif,0.9305,netral,tanpa_emoji,negatif,hitmaker
mBxFc3uPKCg,user_266f2ce082be,False,1696550400,0,negatif,0.6947,netral,tanpa_emoji,negatif,hitmaker
mBxFc3uPKCg,user_143ab55c392d,False,1696550400,2,positif,0.9152,positif,tanpa_emoji,positif,hitmaker
mBxFc3uPKCg,user_143ab55c392d,False,1696550400,1,positif,0.5139,positif,tanpa_emoji,positif,hitmaker
mBxFc3uPKCg,user_5f75706e0cdf,True,1696550400,0,positif,0.9963,positif,positif,positif,hitmaker
mBxFc3uPKCg,user_45d9510968c7,False,1696550400,0,negatif,0.9904,netral,tanpa_emoji,negatif,hitmaker
mBxFc3uPKCg,user_1d200e899e87,False,1696550400,6,positif,0.9833,positif,positif,positif,hitmaker
mBxFc3uPKCg,user_7716ecd3b996,False,1696550400,0,positif,0.7637,netral,tanpa_emoji,positif,hitmaker
mBxFc3uPKCg,user_592a5ed63f6d,False,1696550400,1,positif,0.9891,positif,positif,positif,hitmaker
mBxFc3uPKCg,user_4066514bd3d3,False,1696550400,1,negatif,0.998,positif,tanpa_emoji,negatif,hitmaker
mBxFc3uPKCg,user_63762894da65,False,1696550400,0,negatif,0.9974,netral,tanpa_emoji,negatif,hitmaker
mBxFc3uPKCg,user_ddf2d38e0bd8,False,1696550400,4,positif,0.8906,positif,positif,positif,hitmaker
mBxFc3uPKCg,user_ef42b4c3bad7,True,1696550400,0,negatif,0.9944,netral,tanpa_emoji,negatif,hitmaker
mBxFc3uPKCg,user_4f0f1ed9f587,True,1696550400,0,negatif,0.5264,netral,tanpa_emoji,negatif,hitmaker
mBxFc3uPKCg,user_420746dfe39f,True,1696550400,0,negatif,0.983,netral,netral,netral,hitmaker
mBxFc3uPKCg,user_fbeb78b9eafc,False,1696550400,1,netral,0.7831,netral,tanpa_emoji,netral,hitmaker
mBxFc3uPKCg,user_418187573fc0,True,1696550400,1,negatif,0.6696,netral,netral,negatif,hitmaker
mBxFc3uPKCg,user_ef42b4c3bad7,True,1696550400,0,negatif,0.9934,netral,tanpa_emoji,negatif,hitmaker
mBxFc3uPKCg,user_3abf69da61d7,False,1696550400,12,positif,0.7156,positif,tanpa_emoji,positif,hitmaker
mBxFc3uPKCg,user_e6cdab667e9f,True,1696550400,1,positif,0.9899,netral,tanpa_emoji,positif,hitmaker
mBxFc3uPKCg,user_71d389d3a256,True,1696550400,0,negatif,0.4567,negatif,netral,negatif,hitmaker
mBxFc3uPKCg,user_0c1692bf30c8,True,1696550400,0,positif,0.4503,negatif,netral,positif,hitmaker
mBxFc3uPKCg,user_4f0f1ed9f587,True,1696550400,0,positif,0.9899,positif,tanpa_emoji,positif,hitmaker
mBxFc3uPKCg,user_6961f526d88e,False,1696550400,1,positif,0.6144,netral,tanpa_emoji,positif,hitmaker
mBxFc3uPKCg,user_ddf2d38e0bd8,True,1696550400,4,negatif,0.9298,netral,tanpa_emoji,negatif,hitmaker
mBxFc3uPKCg,user_ef42b4c3bad7,True,1696550400,0,negatif,0.842,netral,tanpa_emoji,negatif,hitmaker
mBxFc3uPKCg,user_689760a46b34,False,1696550400,2,positif,0.9167,positif,tanpa_emoji,positif,hitmaker
mBxFc3uPKCg,user_420746dfe39f,False,1696550400,153,negatif,0.8723,positif,positif,negatif,hitmaker
mBxFc3uPKCg,user_f2058242f547,True,1696550400,29,positif,0.9771,positif,tanpa_emoji,positif,hitmaker
mBxFc3uPKCg,user_ddf2d38e0bd8,True,1696550400,1,negatif,0.8047,netral,tanpa_emoji,negatif,hitmaker
mBxFc3uPKCg,user_ef42b4c3bad7,True,1696550400,10,negatif,0.9907,netral,tanpa_emoji,negatif,hitmaker
mBxFc3uPKCg,user_523e5d3839a7,True,1696550400,2,negatif,0.651,netral,netral,negatif,hitmaker
mBxFc3uPKCg,user_fc745de6a9cb,True,1696550400,2,negatif,0.9718,netral,tanpa_emoji,negatif,hitmaker
mBxFc3uPKCg,user_f53a95b12def,True,1696550400,0,negatif,0.9669,netral,netral,negatif,hitmaker
mBxFc3uPKCg,user_ddf2d38e0bd8,True,1696550400,0,negatif,0.6884,netral,tanpa_emoji,negatif,hitmaker
mBxFc3uPKCg,user_0dd654c79c3f,True,1696550400,0,negatif,0.9969,netral,tanpa_emoji,negatif,hitmaker
mBxFc3uPKCg,user_d629e7a77c66,True,1696550400,0,negatif,0.9928,positif,tanpa_emoji,negatif,hitmaker
mBxFc3uPKCg,user_195b8068cb8c,True,1696550400,0,negatif,0.8047,netral,tanpa_emoji,negatif,hitmaker
mBxFc3uPKCg,user_c21fddb2cc89,True,1759708800,0,netral,0.9913,netral,tanpa_emoji,netral,hitmaker
mBxFc3uPKCg,user_faa428a786d8,True,1696550400,0,negatif,0.9886,netral,tanpa_emoji,negatif,hitmaker
mBxFc3uPKCg,user_399de7c28985,False,1696550400,6,positif,0.7422,positif,tanpa_emoji,positif,hitmaker
mBxFc3uPKCg,user_865b95160cdc,False,1696550400,1,negatif,0.9976,netral,tanpa_emoji,negatif,hitmaker
mBxFc3uPKCg,user_24847cc802e1,False,1696550400,5,netral,0.6276,netral,tanpa_emoji,netral,hitmaker
mBxFc3uPKCg,user_d9a7c5078a84,True,1696550400,2,netral,0.9275,netral,tanpa_emoji,netral,hitmaker
mBxFc3uPKCg,user_24847cc802e1,True,1696550400,1,netral,0.9024,netral,tanpa_emoji,netral,hitmaker
wPNX2K0XUzg,user_dd0bd2f5850d,False,1790467200,0,netral,0.8036,positif,positif,netral,hitmaker
wPNX2K0XUzg,user_b1d3baf18c24,False,1780704000,0,negatif,0.8236,netral,netral,negatif,hitmaker
wPNX2K0XUzg,user_9713817d8063,False,1772755200,0,netral,0.6874,netral,tanpa_emoji,netral,hitmaker
wPNX2K0XUzg,user_02c92ae16f21,False,1764979200,0,netral,0.9209,netral,tanpa_emoji,netral,hitmaker
wPNX2K0XUzg,user_70ba3ae36ea0,False,1762387200,1,negatif,0.9674,netral,tanpa_emoji,negatif,hitmaker
wPNX2K0XUzg,user_cfa3fd7d9165,False,1759708800,2,negatif,0.7231,netral,tanpa_emoji,negatif,hitmaker
wPNX2K0XUzg,user_30f82dfc5d89,False,1759708800,0,negatif,0.9416,netral,tanpa_emoji,negatif,hitmaker
wPNX2K0XUzg,user_d4e2aae9bfdb,False,1759708800,0,negatif,0.9926,positif,netral,negatif,hitmaker
wPNX2K0XUzg,user_0e1f5a0429fc,False,1759708800,0,positif,0.8993,positif,tanpa_emoji,positif,hitmaker
wPNX2K0XUzg,user_a4ee38520059,False,1759708800,1,positif,0.9825,negatif,tanpa_emoji,positif,hitmaker
wPNX2K0XUzg,user_4c7f86436590,False,1759708800,0,positif,0.9558,positif,positif,positif,hitmaker
wPNX2K0XUzg,user_ef69de723ac6,False,1759708800,0,netral,0.5703,netral,tanpa_emoji,netral,hitmaker
wPNX2K0XUzg,user_e89a1ba02fec,False,1759708800,1,negatif,0.7276,netral,tanpa_emoji,negatif,hitmaker
wPNX2K0XUzg,user_8080cbd8c98b,False,1759708800,0,positif,0.9435,positif,tanpa_emoji,positif,hitmaker
wPNX2K0XUzg,user_cef417e3cc26,False,1759708800,0,netral,0.7301,negatif,tanpa_emoji,netral,hitmaker
wPNX2K0XUzg,user_a6e46a3876fd,False,1759708800,3,negatif,0.9858,positif,tanpa_emoji,negatif,hitmaker
wPNX2K0XUzg,user_45f2f7c54e80,False,1759708800,0,negatif,0.9903,positif,tanpa_emoji,negatif,hitmaker
wPNX2K0XUzg,user_9a55049fd95c,False,1759708800,0,negatif,0.9449,netral,tanpa_emoji,negatif,hitmaker
wPNX2K0XUzg,user_fc99662fcedb,False,1759708800,0,negatif,0.9881,netral,netral,negatif,hitmaker
wPNX2K0XUzg,user_59d3d5b24804,False,1759708800,0,positif,0.9982,positif,tanpa_emoji,positif,hitmaker
wPNX2K0XUzg,user_6b41e79a0319,False,1759708800,0,positif,0.9713,netral,tanpa_emoji,positif,hitmaker
wPNX2K0XUzg,user_941cb57842ea,False,1759708800,0,positif,0.6951,positif,tanpa_emoji,positif,hitmaker
wPNX2K0XUzg,user_3a3ebc973dbb,False,1759708800,3,positif,0.7646,netral,tanpa_emoji,positif,hitmaker
wPNX2K0XUzg,user_fa6e340d8f70,True,1759708800,0,negatif,0.9982,netral,tanpa_emoji,negatif,hitmaker
wPNX2K0XUzg,user_3a3ebc973dbb,True,1759708800,0,negatif,0.9975,netral,tanpa_emoji,negatif,hitmaker
wPNX2K0XUzg,user_f5665e5f6038,False,1759708800,0,positif,0.9793,positif,tanpa_emoji,positif,hitmaker
wPNX2K0XUzg,user_4629a7837247,False,1759708800,4,negatif,0.8662,netral,tanpa_emoji,negatif,hitmaker
wPNX2K0XUzg,user_f848c4d34e1f,True,1759708800,0,negatif,0.9943,positif,netral,negatif,hitmaker
wPNX2K0XUzg,user_7e6ac70d20be,True,1759708800,0,negatif,0.8971,netral,tanpa_emoji,negatif,hitmaker
wPNX2K0XUzg,user_d1327e065975,False,1759708800,1,positif,0.8934,positif,tanpa_emoji,positif,hitmaker
wPNX2K0XUzg,user_bb79b017b0ba,False,1759708800,12,positif,0.9968,positif,positif,positif,hitmaker
wPNX2K0XUzg,user_9f3df651de88,True,1759708800,0,netral,0.7376,netral,tanpa_emoji,netral,hitmaker
wPNX2K0XUzg,user_b12bf3586e51,True,1759708800,0,positif,0.5778,negatif,tanpa_emoji,positif,hitmaker
wPNX2K0XUzg,user_d66fd9874a79,False,1759708800,1,positif,0.9877,positif,tanpa_emoji,positif,hitmaker
wPNX2K0XUzg,user_6d2378ebbecd,False,1759708800,4,negatif,0.9974,netral,tanpa_emoji,negatif,hitmaker
wPNX2K0XUzg,user_084f05607bda,False,1759708800,0,negatif,0.9628,netral,tanpa_emoji,negatif,hitmaker
wPNX2K0XUzg,user_b54c6b969421,False,1759708800,1,positif,0.9948,positif,positif,positif,hitmaker
wPNX2K0XUzg,user_6d2d2c733f4c,True,1759708800,0,netral,0.7358,netral,tanpa_emoji,netral,hitmaker
wPNX2K0XUzg,user_a2b0ae84935b,False,1759708800,0,netral,0.5989,netral,tanpa_emoji,netral,hitmaker
wPNX2K0XUzg,user_f2e8451d0913,False,1759708800,0,negatif,0.9706,positif,positif,negatif,hitmaker
wPNX2K0XUzg,user_e842aa252da2,False,1759708800,36,positif,0.9951,positif,tanpa_emoji,positif,hitmaker
wPNX2K0XUzg,user_9f3df651de88,True,1759708800,3,positif,0.5134,positif,tanpa_emoji,positif,hitmaker
wPNX2K0XUzg,user_eccd90cca433,True,1759708800,0,positif,0.9932,positif,tanpa_emoji,positif,hitmaker
wPNX2K0XUzg,user_b12bf3586e51,True,1759708800,0,positif,0.9718,negatif,tanpa_emoji,positif,hitmaker
wPNX2K0XUzg,user_6505f83cf6a0,False,1759708800,0,negatif,0.9741,positif,tanpa_emoji,negatif,hitmaker
wPNX2K0XUzg,user_4d0840d3d78f,False,1759708800,0,positif,0.9822,netral,tanpa_emoji,positif,hitmaker
wPNX2K0XUzg,user_f0693fef8dc8,False,1759708800,2,positif,0.9822,positif,tanpa_emoji,positif,hitmaker
wPNX2K0XUzg,user_cc291b5abe8f,False,1759708800,0,negatif,0.9985,netral,tanpa_emoji,negatif,hitmaker
wPNX2K0XUzg,user_4b2979a548ea,True,1759708800,2,negatif,0.9598,negatif,tanpa_emoji,negatif,hitmaker
wPNX2K0XUzg,user_4b2979a548ea,True,1759708800,0,negatif,0.9988,netral,tanpa_emoji,negatif,hitmaker
wPNX2K0XUzg,user_6539c3822ce8,False,1759708800,3,negatif,0.9862,negatif,negatif,negatif,hitmaker
wPNX2K0XUzg,user_f41d4258db84,True,1759708800,7,negatif,0.8383,netral,tanpa_emoji,negatif,hitmaker
wPNX2K0XUzg,user_fa164345fa83,False,1759708800,0,negatif,0.7329,netral,tanpa_emoji,negatif,hitmaker
wPNX2K0XUzg,user_f16f38c67ca9,False,1759708800,1,negatif,0.933,netral,tanpa_emoji,negatif,hitmaker
wPNX2K0XUzg,user_aa3627bb577f,False,1759708800,2,negatif,0.5174,netral,tanpa_emoji,negatif,hitmaker
wPNX2K0XUzg,user_cf838536b122,False,1759708800,0,negatif,0.9956,negatif,tanpa_emoji,negatif,hitmaker
wPNX2K0XUzg,user_c3a3430a9a59,False,1759708800,0,negatif,0.9583,netral,netral,negatif,hitmaker
wPNX2K0XUzg,user_4d289d86feb5,False,1759708800,1,positif,0.9167,positif,tanpa_emoji,positif,hitmaker
wPNX2K0XUzg,user_cec4383f6951,False,1759708800,1,negatif,0.5721,netral,tanpa_emoji,negatif,hitmaker
wPNX2K0XUzg,user_69ea147bd2bf,False,1759708800,2,netral,0.7639,netral,tanpa_emoji,netral,hitmaker
wPNX2K0XUzg,user_ea28320d6c40,False,1759708800,0,negatif,0.999,netral,tanpa_emoji,negatif,hitmaker
wPNX2K0XUzg,user_dbc81c90977a,True,1759708800,0,netral,0.9805,netral,tanpa_emoji,netral,hitmaker
wPNX2K0XUzg,user_ba7f90380906,False,1759708800,0,negatif,0.6558,netral,tanpa_emoji,negatif,hitmaker
wPNX2K0XUzg,user_d71a7fc4f968,False,1759708800,2,negatif,0.9922,negatif,netral,negatif,hitmaker
wPNX2K0XUzg,user_d8b78423a013,True,1759708800,0,negatif,0.9541,netral,tanpa_emoji,negatif,hitmaker
wPNX2K0XUzg,user_9b95ae175b3e,True,1759708800,0,negatif,0.8172,netral,tanpa_emoji,negatif,hitmaker
wPNX2K0XUzg,user_af5842cc9dd6,False,1759708800,1,negatif,0.9975,positif,tanpa_emoji,negatif,hitmaker
wPNX2K0XUzg,user_577a1663dceb,False,1759708800,0,negatif,0.9983,netral,tanpa_emoji,negatif,hitmaker
wPNX2K0XUzg,user_802cb557ff40,False,1759708800,0,negatif,0.9794,netral,tanpa_emoji,negatif,hitmaker
wPNX2K0XUzg,user_df2d6ca41293,False,1759708800,2,negatif,0.588,netral,tanpa_emoji,negatif,hitmaker
wPNX2K0XUzg,user_5f038ab95e08,True,1759708800,0,negatif,0.6658,netral,tanpa_emoji,negatif,hitmaker
wPNX2K0XUzg,user_6db136bd972e,False,1759708800,1,negatif,0.9961,netral,tanpa_emoji,negatif,hitmaker
wPNX2K0XUzg,user_15a2a52d51d5,True,1759708800,0,netral,0.9028,netral,tanpa_emoji,netral,hitmaker
wPNX2K0XUzg,user_859cf97cb218,False,1759708800,2,negatif,0.9897,netral,netral,negatif,hitmaker
wPNX2K0XUzg,user_ec2b45b6cdaf,True,1759708800,2,negatif,0.9544,netral,netral,netral,hitmaker
wPNX2K0XUzg,user_ec6db172a2b9,True,1759708800,1,netral,0.85,netral,tanpa_emoji,netral,hitmaker
wPNX2K0XUzg,user_5f038ab95e08,True,1759708800,0,negatif,0.9773,negatif,tanpa_emoji,negatif,hitmaker
wPNX2K0XUzg,user_859cf97cb218,True,1759708800,0,negatif,0.9893,negatif,netral,negatif,hitmaker
wPNX2K0XUzg,user_aab5d84d51a0,False,1759708800,9,negatif,0.5814,positif,positif,positif,hitmaker
wPNX2K0XUzg,user_802cb557ff40,False,1759708800,40,positif,0.8284,netral,tanpa_emoji,positif,hitmaker
O29hLG_37qI,user_480f5add592c,False,1665014400,5000,positif,0.997,positif,tanpa_emoji,positif,ivanna
O29hLG_37qI,user_3273235c76e5,True,1665014400,109,positif,0.9922,negatif,tanpa_emoji,positif,ivanna
O29hLG_37qI,user_88e21d327dc1,True,1665014400,6,negatif,0.9977,netral,netral,negatif,ivanna
O29hLG_37qI,user_53f3772d5e1b,True,1665014400,4,negatif,0.7772,positif,tanpa_emoji,negatif,ivanna
O29hLG_37qI,user_89c66c846cfb,True,1665014400,1,negatif,0.9524,negatif,tanpa_emoji,negatif,ivanna
O29hLG_37qI,user_d491be4b2a14,True,1665014400,0,negatif,0.5621,netral,tanpa_emoji,negatif,ivanna
O29hLG_37qI,user_2fcfb61cf29d,True,1696550400,0,netral,0.8643,netral,tanpa_emoji,netral,ivanna
O29hLG_37qI,user_f84048d357a2,True,1665014400,3,positif,0.9414,netral,tanpa_emoji,positif,ivanna
O29hLG_37qI,user_43702d7a41ae,True,1665014400,3,positif,0.9971,positif,tanpa_emoji,positif,ivanna
O29hLG_37qI,user_38f0b4cf61bf,True,1665014400,3,negatif,0.9566,negatif,tanpa_emoji,negatif,ivanna
O29hLG_37qI,user_e043cfff2e52,True,1665014400,3,positif,0.6587,negatif,tanpa_emoji,positif,ivanna
O29hLG_37qI,user_156ef42fddae,True,1665014400,2,positif,0.9855,positif,positif,positif,ivanna
O29hLG_37qI,user_08e9e8781c64,True,1665014400,1,negatif,0.9502,netral,tanpa_emoji,negatif,ivanna
O29hLG_37qI,user_d1a7a795dc2d,True,1665014400,1,negatif,0.9981,netral,tanpa_emoji,negatif,ivanna
O29hLG_37qI,user_df3c07121cfb,True,1665014400,7,negatif,0.9948,negatif,tanpa_emoji,negatif,ivanna
O29hLG_37qI,user_644be2bf1586,True,1665014400,0,negatif,0.7043,negatif,negatif,negatif,ivanna
O29hLG_37qI,user_c65bd8982c45,True,1665014400,1,negatif,0.8895,positif,tanpa_emoji,negatif,ivanna
O29hLG_37qI,user_b5981ca859ec,True,1665014400,1,positif,0.9834,positif,tanpa_emoji,positif,ivanna
O29hLG_37qI,user_615c77cad043,True,1665014400,1,negatif,0.9936,netral,tanpa_emoji,negatif,ivanna
O29hLG_37qI,user_f9178e8260f9,True,1665014400,1,positif,0.8639,positif,tanpa_emoji,positif,ivanna
O29hLG_37qI,user_2b4c18b9b2b7,True,1665014400,1,positif,0.9976,positif,positif,positif,ivanna
O29hLG_37qI,user_317e70e198ee,True,1665014400,0,negatif,0.6504,netral,tanpa_emoji,negatif,ivanna
O29hLG_37qI,user_4afd87768b7f,True,1665014400,0,negatif,0.7599,netral,tanpa_emoji,negatif,ivanna
O29hLG_37qI,user_8dbdd7a4677f,True,1665014400,0,positif,0.997,positif,tanpa_emoji,positif,ivanna
O29hLG_37qI,user_0a4e0a833a7c,True,1665014400,0,positif,0.9969,positif,tanpa_emoji,positif,ivanna
O29hLG_37qI,user_0cc4d38a5849,True,1665014400,0,positif,0.9973,positif,tanpa_emoji,positif,ivanna
O29hLG_37qI,user_f13d98a10151,True,1665014400,0,netral,0.8234,netral,tanpa_emoji,netral,ivanna
O29hLG_37qI,user_ad2af657e2ef,True,1665014400,0,netral,0.8023,netral,tanpa_emoji,netral,ivanna
O29hLG_37qI,user_644be2bf1586,True,1665014400,0,negatif,0.9337,netral,tanpa_emoji,negatif,ivanna
O29hLG_37qI,user_644be2bf1586,True,1665014400,0,positif,0.5116,positif,positif,positif,ivanna
O29hLG_37qI,user_d6c9e878fcf0,True,1665014400,0,netral,0.616,netral,tanpa_emoji,netral,ivanna
O29hLG_37qI,user_9d4425a2c25a,True,1665014400,0,negatif,0.8221,netral,tanpa_emoji,negatif,ivanna
O29hLG_37qI,user_13f6ba0001fd,True,1665014400,0,negatif,0.7447,positif,tanpa_emoji,negatif,ivanna
O29hLG_37qI,user_ed49989a3225,True,1665014400,0,positif,0.9867,netral,tanpa_emoji,positif,ivanna
O29hLG_37qI,user_c3d16e4c45c2,True,1665014400,0,negatif,0.4779,netral,tanpa_emoji,negatif,ivanna
O29hLG_37qI,user_56f21b46bf71,True,1665014400,0,negatif,0.9992,positif,tanpa_emoji,negatif,ivanna
O29hLG_37qI,user_137851dbf6f8,True,1665014400,0,negatif,0.9982,negatif,netral,negatif,ivanna
O29hLG_37qI,user_56f21b46bf71,True,1665014400,0,negatif,0.9915,negatif,netral,negatif,ivanna
O29hLG_37qI,user_137851dbf6f8,True,1665014400,0,positif,0.7089,positif,tanpa_emoji,positif,ivanna
O29hLG_37qI,user_56f21b46bf71,True,1665014400,0,negatif,0.8932,positif,positif,negatif,ivanna
O29hLG_37qI,user_6bb9fbc638f3,True,1665014400,0,positif,0.9779,positif,tanpa_emoji,positif,ivanna
O29hLG_37qI,user_49c9b4097ffb,True,1665014400,0,positif,0.9694,positif,tanpa_emoji,positif,ivanna
O29hLG_37qI,user_04a0a195ad18,True,1665014400,0,positif,0.9132,netral,tanpa_emoji,positif,ivanna
O29hLG_37qI,user_9d44b2418ad0,True,1665014400,0,positif,0.9973,netral,tanpa_emoji,positif,ivanna
O29hLG_37qI,user_6486f7da10db,True,1665014400,0,negatif,0.6648,positif,tanpa_emoji,negatif,ivanna
O29hLG_37qI,user_51dfe935acf7,True,1665014400,0,negatif,0.8947,netral,tanpa_emoji,negatif,ivanna
O29hLG_37qI,user_dbe23efb0e5c,True,1665014400,0,negatif,0.9951,netral,netral,negatif,ivanna
O29hLG_37qI,user_cbdbd29df984,True,1665014400,0,positif,0.8332,positif,positif,positif,ivanna
O29hLG_37qI,user_987457ff818e,True,1665014400,0,negatif,0.7463,positif,netral,negatif,ivanna
O29hLG_37qI,user_ba6574898d05,True,1665014400,0,positif,0.8252,positif,tanpa_emoji,positif,ivanna
O29hLG_37qI,user_31224cbd6b8b,True,1665014400,0,negatif,0.9771,negatif,tanpa_emoji,negatif,ivanna
O29hLG_37qI,user_ba6574898d05,True,1665014400,1,positif,0.5544,netral,tanpa_emoji,positif,ivanna
O29hLG_37qI,user_ff6e1f0e8593,True,1665014400,1,negatif,0.995,positif,tanpa_emoji,negatif,ivanna
O29hLG_37qI,user_b96a14f9c421,True,1665014400,0,positif,0.4613,positif,positif,positif,ivanna
O29hLG_37qI,user_46af5803e23c,True,1665014400,0,negatif,0.9982,netral,tanpa_emoji,negatif,ivanna
O29hLG_37qI,user_e72465273815,True,1665014400,0,netral,0.9882,netral,tanpa_emoji,netral,ivanna
O29hLG_37qI,user_157eacb3bd04,True,1696550400,0,negatif,0.6697,netral,tanpa_emoji,negatif,ivanna
O29hLG_37qI,user_542747d75ee0,True,1759708800,0,positif,0.9942,netral,tanpa_emoji,positif,ivanna
O29hLG_37qI,user_ebb3bde87281,True,1665014400,14,positif,0.6399,netral,tanpa_emoji,positif,ivanna
O29hLG_37qI,user_49bdc0a829bd,True,1665014400,13,positif,0.9977,positif,positif,positif,ivanna
O29hLG_37qI,user_358b997d749d,True,1665014400,19,negatif,0.9774,negatif,tanpa_emoji,negatif,ivanna
O29hLG_37qI,user_e657ad2eb0c6,True,1665014400,0,netral,0.6197,netral,tanpa_emoji,netral,ivanna
O29hLG_37qI,user_91dff4849aa2,True,1665014400,0,positif,0.5196,netral,tanpa_emoji,positif,ivanna
O29hLG_37qI,user_ba6574898d05,True,1665014400,1,positif,0.996,negatif,tanpa_emoji,positif,ivanna
O29hLG_37qI,user_d491be4b2a14,True,1665014400,5,negatif,0.753,positif,tanpa_emoji,negatif,ivanna
O29hLG_37qI,user_49bdc0a829bd,True,1665014400,1,negatif,0.6924,netral,tanpa_emoji,negatif,ivanna
O29hLG_37qI,user_cd65dda1b1cd,True,1665014400,1,negatif,0.9721,positif,tanpa_emoji,negatif,ivanna
O29hLG_37qI,user_1512a4afb744,True,1665014400,0,positif,0.4867,positif,tanpa_emoji,positif,ivanna
O29hLG_37qI,user_46af5803e23c,True,1665014400,0,negatif,0.9986,negatif,tanpa_emoji,negatif,ivanna
O29hLG_37qI,user_ef0b88a43b0b,True,1665014400,7,positif,0.7807,positif,netral,positif,ivanna
O29hLG_37qI,user_e657ad2eb0c6,True,1665014400,0,negatif,0.7016,netral,tanpa_emoji,negatif,ivanna
O29hLG_37qI,user_1512a4afb744,True,1665014400,0,negatif,0.659,positif,tanpa_emoji,negatif,ivanna
O29hLG_37qI,user_4293508a4cc0,True,1665014400,0,negatif,0.937,netral,tanpa_emoji,negatif,ivanna
O29hLG_37qI,user_8e4b86bf1ce9,True,1665014400,4,positif,0.9928,netral,tanpa_emoji,positif,ivanna
O29hLG_37qI,user_1f2d97dce33a,True,1665014400,3,negatif,0.9975,netral,tanpa_emoji,negatif,ivanna
O29hLG_37qI,user_6badf3d16ed9,True,1665014400,0,positif,0.9399,netral,tanpa_emoji,positif,ivanna
O29hLG_37qI,user_9dba45c81d5c,False,1665014400,1400,positif,0.8925,positif,positif,positif,ivanna
O29hLG_37qI,user_210d7c9c734a,True,1665014400,28,positif,0.9711,positif,positif,positif,ivanna
O29hLG_37qI,user_9f76c47edd6b,True,1665014400,3,positif,0.9776,positif,tanpa_emoji,positif,ivanna
O29hLG_37qI,user_3c0181ac8ddf,True,1665014400,0,netral,0.589,positif,tanpa_emoji,netral,ivanna
O29hLG_37qI,user_973feb0ab54a,True,1665014400,2,negatif,0.499,positif,positif,positif,ivanna
O29hLG_37qI,user_a801a92cc3e8,True,1665014400,1,negatif,0.8442,positif,tanpa_emoji,negatif,ivanna
O29hLG_37qI,user_c08e88110e3d,True,1665014400,1,netral,0.7968,netral,tanpa_emoji,netral,ivanna
O29hLG_37qI,user_74b51eb9e832,True,1665014400,1,positif,0.8594,positif,tanpa_emoji,positif,ivanna
O29hLG_37qI,user_24524bf6784e,True,1665014400,0,netral,0.9676,netral,tanpa_emoji,netral,ivanna
O29hLG_37qI,user_d6c9e878fcf0,True,1665014400,1,netral,0.7188,netral,tanpa_emoji,netral,ivanna
O29hLG_37qI,user_fcd8fa33948e,True,1665014400,0,positif,0.9523,positif,positif,positif,ivanna
O29hLG_37qI,user_0e5385d5213b,True,1665014400,0,positif,0.9892,positif,tanpa_emoji,positif,ivanna
O29hLG_37qI,user_31e2eb643ebc,True,1665014400,0,negatif,0.9187,positif,tanpa_emoji,negatif,ivanna
O29hLG_37qI,user_a199c7de30ac,True,1665014400,0,netral,0.5512,positif,positif,positif,ivanna
O29hLG_37qI,user_9a9000905081,True,1665014400,0,positif,0.988,positif,positif,positif,ivanna
O29hLG_37qI,user_0787759cca37,True,1665014400,0,netral,0.6301,netral,netral,netral,ivanna
O29hLG_37qI,user_05826126b5a9,True,1665014400,0,positif,0.5893,netral,netral,positif,ivanna
O29hLG_37qI,user_d1dc39c3f3e0,True,1665014400,0,netral,0.8766,netral,tanpa_emoji,netral,ivanna
O29hLG_37qI,user_d31280eb4233,True,1665014400,0,positif,0.5715,positif,positif,positif,ivanna
O29hLG_37qI,user_da988834b47d,True,1665014400,0,positif,0.9379,positif,positif,positif,ivanna
O29hLG_37qI,user_542747d75ee0,True,1759708800,0,netral,0.5843,netral,tanpa_emoji,netral,ivanna
O29hLG_37qI,user_23d5057a8be6,True,1783296000,0,negatif,0.5794,positif,positif,positif,ivanna
O29hLG_37qI,user_75b9c8a19220,False,1665014400,2300,positif,0.9348,positif,tanpa_emoji,positif,ivanna
O29hLG_37qI,user_2d8f120d12f9,True,1665014400,36,negatif,0.9788,netral,tanpa_emoji,negatif,ivanna
O29hLG_37qI,user_6138efaa569c,True,1665014400,22,positif,0.9913,positif,netral,positif,ivanna
O29hLG_37qI,user_75b9c8a19220,True,1665014400,18,positif,0.4439,positif,tanpa_emoji,positif,ivanna
O29hLG_37qI,user_450994c3e28d,True,1665014400,14,positif,0.6829,positif,tanpa_emoji,positif,ivanna
O29hLG_37qI,user_5c32359eb44c,False,1665014400,28,positif,0.9989,positif,tanpa_emoji,positif,ivanna
O29hLG_37qI,user_c1731ff7a319,False,1696550400,9,positif,0.8736,positif,tanpa_emoji,positif,ivanna
O29hLG_37qI,user_a9e3afa36b48,False,1665014400,28,positif,0.8054,netral,tanpa_emoji,positif,ivanna
O29hLG_37qI,user_9147cbb501b3,False,1665014400,339,positif,0.6958,positif,tanpa_emoji,positif,ivanna
O29hLG_37qI,user_b8e4f8d6c8aa,False,1665014400,990,negatif,0.9944,negatif,tanpa_emoji,negatif,ivanna
O29hLG_37qI,user_cb05121b4b04,False,1665014400,11,positif,0.8767,netral,tanpa_emoji,positif,ivanna
O29hLG_37qI,user_66ae38b15c43,False,1665014400,15,positif,0.9854,netral,tanpa_emoji,positif,ivanna
O29hLG_37qI,user_ed09afd983d4,False,1665014400,1600,positif,0.9516,negatif,tanpa_emoji,positif,ivanna
O29hLG_37qI,user_c371e9e33bd6,False,1665014400,182,positif,0.9349,positif,netral,positif,ivanna
O29hLG_37qI,user_71e24dab8e9f,False,1665014400,243,positif,0.9713,positif,tanpa_emoji,positif,ivanna
O29hLG_37qI,user_50cfc0ed1cdc,False,1696550400,19,netral,0.908,netral,tanpa_emoji,netral,ivanna
O29hLG_37qI,user_34341597c523,False,1665014400,99,positif,0.9977,positif,positif,positif,ivanna
O29hLG_37qI,user_7bb12f0ec1be,False,1665014400,314,negatif,0.5788,netral,tanpa_emoji,negatif,ivanna
O29hLG_37qI,user_5500ac345481,False,1665014400,8,positif,0.8621,netral,tanpa_emoji,positif,ivanna
O29hLG_37qI,user_008999d7b73d,False,1665014400,12,positif,0.6119,positif,positif,positif,ivanna
O29hLG_37qI,user_00a19cd83a9e,False,1665014400,7,negatif,0.9988,positif,positif,negatif,ivanna
O29hLG_37qI,user_90d24d21b036,False,1665014400,7,positif,0.971,netral,tanpa_emoji,positif,ivanna
O29hLG_37qI,user_144cd09abf27,False,1665014400,566,positif,0.8375,positif,positif,positif,ivanna
O29hLG_37qI,user_645d5130dbec,False,1665014400,516,negatif,0.764,netral,tanpa_emoji,negatif,ivanna
O29hLG_37qI,user_b04b2fd43355,False,1665014400,18,positif,0.8939,negatif,tanpa_emoji,positif,ivanna
O29hLG_37qI,user_944f9c697b78,False,1665014400,7,positif,0.8064,positif,tanpa_emoji,positif,ivanna
O29hLG_37qI,user_68eec4435a40,False,1665014400,6,negatif,0.9855,netral,tanpa_emoji,negatif,ivanna
O29hLG_37qI,user_3eaac571501b,False,1665014400,35,positif,0.9978,positif,positif,positif,ivanna
O29hLG_37qI,user_3476cecad98d,False,1665014400,5,negatif,0.5732,netral,tanpa_emoji,negatif,ivanna
O29hLG_37qI,user_72e038933058,False,1665014400,345,positif,0.997,positif,tanpa_emoji,positif,ivanna
O29hLG_37qI,user_a4126cdb7a59,False,1665014400,7,negatif,0.7544,netral,tanpa_emoji,negatif,ivanna
O29hLG_37qI,user_06d6c3d4829e,False,1665014400,13,positif,0.9877,positif,positif,positif,ivanna
O29hLG_37qI,user_3c6504001698,False,1665014400,43,positif,0.9849,positif,tanpa_emoji,positif,ivanna
O29hLG_37qI,user_92d33f150599,False,1665014400,10,positif,0.998,positif,positif,positif,ivanna
O29hLG_37qI,user_6639b4561f4c,False,1665014400,72,positif,0.9967,positif,positif,positif,ivanna
O29hLG_37qI,user_7afd9eab10a9,False,1665014400,6,positif,0.9791,positif,positif,positif,ivanna
O29hLG_37qI,user_766c0312e1b8,False,1665014400,7,positif,0.9975,positif,tanpa_emoji,positif,ivanna
O29hLG_37qI,user_642527e5a00c,False,1665014400,36,positif,0.9671,positif,tanpa_emoji,positif,ivanna
O29hLG_37qI,user_d865dca72f5d,False,1665014400,22,positif,0.9964,positif,positif,positif,ivanna
O29hLG_37qI,user_f34ea143381e,False,1665014400,42,positif,0.8329,netral,netral,positif,ivanna
O29hLG_37qI,user_1a69287aa483,False,1665014400,11,positif,0.9931,netral,tanpa_emoji,positif,ivanna
O29hLG_37qI,user_b9039de21cfb,False,1665014400,7,negatif,0.8385,netral,netral,negatif,ivanna
O29hLG_37qI,user_303f247651d6,False,1665014400,21,positif,0.9829,positif,positif,positif,ivanna
O29hLG_37qI,user_7b4fe65f18df,False,1665014400,43,positif,0.967,positif,positif,positif,ivanna
O29hLG_37qI,user_4afd87768b7f,False,1665014400,61,positif,0.9933,positif,tanpa_emoji,positif,ivanna
O29hLG_37qI,user_63f2413b83d5,False,1665014400,9,positif,0.4502,positif,positif,positif,ivanna
O29hLG_37qI,user_fedb9319429b,False,1665014400,4,positif,0.9594,netral,tanpa_emoji,positif,ivanna
O29hLG_37qI,user_957318048da1,False,1665014400,7,positif,0.8632,positif,positif,positif,ivanna
O29hLG_37qI,user_9da1102edeae,False,1665014400,13,positif,0.9954,positif,tanpa_emoji,positif,ivanna
O29hLG_37qI,user_16d3cc22ead6,False,1665014400,5,positif,0.9748,positif,tanpa_emoji,positif,ivanna
O29hLG_37qI,user_7d3bb3c77fae,False,1665014400,4,negatif,0.9446,netral,tanpa_emoji,negatif,ivanna
O29hLG_37qI,user_afeaf830a01a,False,1665014400,3,positif,0.9364,positif,tanpa_emoji,positif,ivanna
O29hLG_37qI,user_9fc7f5154e10,False,1665014400,21,positif,0.9347,positif,positif,positif,ivanna
O29hLG_37qI,user_ac140970adc5,False,1665014400,226,positif,0.998,negatif,tanpa_emoji,positif,ivanna
O29hLG_37qI,user_884eba75c1c9,False,1665014400,19,positif,0.627,netral,tanpa_emoji,positif,ivanna
O29hLG_37qI,user_4a531c4d927c,False,1665014400,3,positif,0.9946,netral,netral,positif,ivanna
O29hLG_37qI,user_f646bc37ec2b,False,1665014400,4,positif,0.5463,positif,tanpa_emoji,positif,ivanna
O29hLG_37qI,user_723a8ff0401d,False,1665014400,8,positif,0.9762,positif,tanpa_emoji,positif,ivanna
O29hLG_37qI,user_781110dc10b8,False,1665014400,6,positif,0.6641,netral,tanpa_emoji,positif,ivanna
O29hLG_37qI,user_f71942144a35,False,1665014400,10,positif,0.9951,negatif,tanpa_emoji,positif,ivanna
O29hLG_37qI,user_2121ae85e958,False,1665014400,8,negatif,0.792,positif,positif,negatif,ivanna
O29hLG_37qI,user_9a9000905081,False,1665014400,7,positif,0.972,positif,positif,positif,ivanna
O29hLG_37qI,user_988dfa4f1eb7,False,1665014400,4,positif,0.9968,positif,tanpa_emoji,positif,ivanna
O29hLG_37qI,user_a6cc32fca34b,False,1665014400,17,negatif,0.9766,netral,tanpa_emoji,negatif,ivanna
O29hLG_37qI,user_d4a07c909597,False,1665014400,85,positif,0.9968,negatif,tanpa_emoji,positif,ivanna
O29hLG_37qI,user_abb06ed44c0b,False,1696550400,3,positif,0.902,netral,netral,positif,ivanna
O29hLG_37qI,user_6ea9cab5c934,False,1665014400,6,negatif,0.984,netral,positif,negatif,ivanna
O29hLG_37qI,user_aafb93384f5f,False,1665014400,8,negatif,0.997,positif,positif,negatif,ivanna
O29hLG_37qI,user_7879f06378bf,False,1665014400,7,negatif,0.9582,positif,positif,negatif,ivanna
O29hLG_37qI,user_c93c99760aff,False,1728172800,3,positif,0.993,positif,positif,positif,ivanna
O29hLG_37qI,user_9d023c46a593,False,1665014400,4,positif,0.9164,positif,positif,positif,ivanna
O29hLG_37qI,user_88e21d327dc1,False,1665014400,3,negatif,0.6214,positif,positif,negatif,ivanna
O29hLG_37qI,user_d4b9d538b875,False,1665014400,33,positif,0.9906,positif,positif,positif,ivanna
O29hLG_37qI,user_c588ba420298,False,1665014400,6,positif,0.982,positif,tanpa_emoji,positif,ivanna
O29hLG_37qI,user_d087a2d1339e,False,1665014400,6,positif,0.9568,positif,positif,positif,ivanna
O29hLG_37qI,user_d1da795b9ffb,False,1665014400,6,positif,0.9952,positif,positif,positif,ivanna
O29hLG_37qI,user_a1227de4e03f,False,1665014400,3,negatif,0.7592,netral,tanpa_emoji,negatif,ivanna
O29hLG_37qI,user_522315e2fc94,False,1665014400,4,positif,0.9309,positif,tanpa_emoji,positif,ivanna
O29hLG_37qI,user_bd34e2fdfb4f,False,1665014400,3,positif,0.9899,netral,netral,positif,ivanna
O29hLG_37qI,user_a3056745dcf8,False,1665014400,184,negatif,0.6417,netral,tanpa_emoji,negatif,ivanna
O29hLG_37qI,user_939310a5fa5b,False,1665014400,2,positif,0.8991,netral,tanpa_emoji,positif,ivanna
O29hLG_37qI,user_da64a09e9175,False,1665014400,3,positif,0.7936,negatif,tanpa_emoji,positif,ivanna
O29hLG_37qI,user_67502725008d,False,1665014400,6,negatif,0.9928,netral,tanpa_emoji,negatif,ivanna
O29hLG_37qI,user_7742053db741,False,1665014400,3,positif,0.9865,positif,positif,positif,ivanna
O29hLG_37qI,user_470e515ff167,False,1665014400,2,positif,0.9864,positif,tanpa_emoji,positif,ivanna
O29hLG_37qI,user_d54203f0f441,False,1665014400,2,negatif,0.7887,netral,tanpa_emoji,negatif,ivanna
O29hLG_37qI,user_e3926210eadb,False,1665014400,2,positif,0.9736,positif,positif,positif,ivanna
O29hLG_37qI,user_c347ae2faf01,False,1665014400,74,positif,0.9919,positif,positif,positif,ivanna
O29hLG_37qI,user_481d7595718f,False,1665014400,28,positif,0.9938,netral,tanpa_emoji,positif,ivanna
O29hLG_37qI,user_4b351dfdb8b6,False,1696550400,5,netral,0.5278,netral,netral,netral,ivanna
O29hLG_37qI,user_298dd858893a,False,1665014400,2,positif,0.9586,netral,tanpa_emoji,positif,ivanna
O29hLG_37qI,user_6ad8884b3fc0,False,1665014400,2,negatif,0.999,netral,tanpa_emoji,negatif,ivanna
O29hLG_37qI,user_1f09e14bef88,False,1665014400,12,negatif,0.7453,positif,netral,negatif,ivanna
O29hLG_37qI,user_592a5ed63f6d,False,1728172800,2,positif,0.7959,netral,tanpa_emoji,positif,ivanna
O29hLG_37qI,user_34e1172c7fc7,False,1665014400,3,positif,0.9699,positif,netral,positif,ivanna
O29hLG_37qI,user_ef37a871f892,False,1665014400,2,positif,0.9974,positif,positif,positif,ivanna
O29hLG_37qI,user_77b2a60c4d30,False,1665014400,2,positif,0.9974,positif,positif,positif,ivanna
O29hLG_37qI,user_79afea161df2,False,1665014400,6,positif,0.9861,positif,netral,positif,ivanna
O29hLG_37qI,user_c8f1f024bdec,False,1665014400,10,negatif,0.9385,positif,tanpa_emoji,negatif,ivanna
O29hLG_37qI,user_87d71c30b07c,False,1696550400,4,negatif,0.8246,netral,tanpa_emoji,negatif,ivanna
O29hLG_37qI,user_68979584e0b4,False,1665014400,2,negatif,0.9845,netral,tanpa_emoji,negatif,ivanna
O29hLG_37qI,user_982a4c51a829,False,1665014400,2,netral,0.829,netral,tanpa_emoji,netral,ivanna
O29hLG_37qI,user_b0a9a9272b82,False,1665014400,16,positif,0.996,netral,positif,positif,ivanna
O29hLG_37qI,user_fd210ee57977,False,1665014400,2,positif,0.9978,positif,tanpa_emoji,positif,ivanna
O29hLG_37qI,user_170cba4a7e40,False,1665014400,10,negatif,0.756,negatif,netral,negatif,ivanna
O29hLG_37qI,user_b4545b6cfd16,False,1665014400,2,positif,0.985,positif,netral,positif,ivanna
O29hLG_37qI,user_94a524f273f5,False,1665014400,2,positif,0.9625,netral,netral,positif,ivanna
O29hLG_37qI,user_91fa16e71b52,False,1665014400,9,negatif,0.9955,netral,tanpa_emoji,negatif,ivanna
O29hLG_37qI,user_72c292b1f782,False,1665014400,10,positif,0.996,positif,positif,positif,ivanna
O29hLG_37qI,user_526f7c7e339a,False,1665014400,3,positif,0.8144,netral,tanpa_emoji,positif,ivanna
O29hLG_37qI,user_f0a0f7570cc2,False,1665014400,2,positif,0.9965,positif,positif,positif,ivanna
O29hLG_37qI,user_75a550503db1,False,1665014400,1,positif,0.3906,negatif,tanpa_emoji,positif,ivanna
O29hLG_37qI,user_01757d0982db,False,1665014400,4,positif,0.9884,positif,tanpa_emoji,positif,ivanna
O29hLG_37qI,user_a959552b9ed7,False,1665014400,5,positif,0.9309,positif,netral,positif,ivanna
O29hLG_37qI,user_0dee99afd27b,False,1665014400,28,positif,0.9966,positif,positif,positif,ivanna
O29hLG_37qI,user_4a4596765b26,False,1665014400,2,negatif,0.998,netral,tanpa_emoji,negatif,ivanna
O29hLG_37qI,user_af516a85f776,False,1762387200,2,negatif,0.6014,positif,tanpa_emoji,negatif,ivanna
O29hLG_37qI,user_96884926d47c,False,1665014400,12,positif,0.9842,positif,netral,positif,ivanna
O29hLG_37qI,user_3ade30c95b4d,False,1665014400,82,positif,0.6931,positif,tanpa_emoji,positif,ivanna
O29hLG_37qI,user_214b351c8fe1,False,1665014400,100,positif,0.998,positif,positif,positif,ivanna
O29hLG_37qI,user_774e7b14e9e3,False,1665014400,2,positif,0.9792,positif,tanpa_emoji,positif,ivanna
O29hLG_37qI,user_524e3de6c8cb,False,1728172800,2,netral,0.971,netral,tanpa_emoji,netral,ivanna
O29hLG_37qI,user_e39bd020dfdf,False,1665014400,10,positif,0.989,positif,positif,positif,ivanna
O29hLG_37qI,user_49fbc3855332,False,1665014400,20,negatif,0.9468,positif,tanpa_emoji,negatif,ivanna
O29hLG_37qI,user_4fb74a2d73cc,False,1665014400,3,negatif,0.8163,netral,positif,negatif,ivanna
O29hLG_37qI,user_238f41270e71,False,1665014400,1,positif,0.9936,positif,tanpa_emoji,positif,ivanna
O29hLG_37qI,user_f3b0962f674e,False,1696550400,2,negatif,0.9429,negatif,tanpa_emoji,negatif,ivanna
O29hLG_37qI,user_6ec4ff7fabb9,False,1665014400,3,positif,0.9978,positif,positif,positif,ivanna
O29hLG_37qI,user_ddfe567ba212,False,1665014400,76,positif,0.9934,positif,positif,positif,ivanna
O29hLG_37qI,user_48ecd4423e3b,False,1665014400,4,positif,0.9945,positif,tanpa_emoji,positif,ivanna
O29hLG_37qI,user_ab61a4dbdbc5,False,1665014400,1,positif,0.9907,positif,tanpa_emoji,positif,ivanna
O29hLG_37qI,user_87bb64296078,False,1665014400,1,positif,0.9812,positif,positif,positif,ivanna
O29hLG_37qI,user_12c4e411d9bf,False,1665014400,3,positif,0.9745,positif,tanpa_emoji,positif,ivanna
O29hLG_37qI,user_7d6c8492c1f5,False,1665014400,77,positif,0.9927,positif,positif,positif,ivanna
O29hLG_37qI,user_d96dfa904d0f,False,1665014400,8,negatif,0.5133,positif,tanpa_emoji,negatif,ivanna
O29hLG_37qI,user_f1dcbfabfeb5,False,1665014400,1,positif,0.9963,positif,tanpa_emoji,positif,ivanna
O29hLG_37qI,user_b7e061bd4508,False,1665014400,2,negatif,0.5382,netral,tanpa_emoji,negatif,ivanna
O29hLG_37qI,user_7779ad396763,False,1665014400,24,negatif,0.8225,positif,netral,negatif,ivanna
O29hLG_37qI,user_1bc5fa781572,False,1665014400,6,positif,0.9912,positif,tanpa_emoji,positif,ivanna
O29hLG_37qI,user_6da9085d0886,False,1665014400,4,positif,0.9589,positif,tanpa_emoji,positif,ivanna
O29hLG_37qI,user_58bb876cd8ff,False,1665014400,1,positif,0.9778,positif,tanpa_emoji,positif,ivanna
O29hLG_37qI,user_d29554f808c8,False,1665014400,1,positif,0.9933,netral,tanpa_emoji,positif,ivanna
O29hLG_37qI,user_b9d35201ee9e,False,1665014400,7,positif,0.9938,positif,netral,positif,ivanna
O29hLG_37qI,user_921e6c40a50c,False,1665014400,3,positif,0.9535,positif,tanpa_emoji,positif,ivanna
O29hLG_37qI,user_35720357d023,False,1665014400,2,negatif,0.9737,netral,tanpa_emoji,negatif,ivanna
O29hLG_37qI,user_ab9db8e38b7f,False,1665014400,1,positif,0.9964,positif,tanpa_emoji,positif,ivanna
O29hLG_37qI,user_88c26a287f58,False,1665014400,1,positif,0.9952,netral,tanpa_emoji,positif,ivanna
O29hLG_37qI,user_73419a050097,False,1665014400,3,positif,0.9979,positif,tanpa_emoji,positif,ivanna
O29hLG_37qI,user_e30160beebad,False,1696550400,2,negatif,0.7359,netral,tanpa_emoji,negatif,ivanna
O29hLG_37qI,user_5356d4abdfbe,False,1696550400,2,netral,0.726,positif,tanpa_emoji,netral,ivanna
O29hLG_37qI,user_7c3c9148c395,False,1665014400,2,netral,0.9541,netral,tanpa_emoji,netral,ivanna
O29hLG_37qI,user_c5226165a65f,False,1665014400,2,negatif,0.629,positif,tanpa_emoji,negatif,ivanna
O29hLG_37qI,user_842e018dcb1e,False,1665014400,3,positif,0.9447,positif,tanpa_emoji,positif,ivanna
O29hLG_37qI,user_f984dc148e41,False,1665014400,3,positif,0.9974,positif,tanpa_emoji,positif,ivanna
O29hLG_37qI,user_cd8f04b2be0b,False,1696550400,5,positif,0.9761,positif,positif,positif,ivanna
O29hLG_37qI,user_7213c44b4861,False,1665014400,1,positif,0.8731,netral,tanpa_emoji,positif,ivanna
O29hLG_37qI,user_0efe18bc1513,False,1665014400,2,positif,0.9936,positif,tanpa_emoji,positif,ivanna
O29hLG_37qI,user_21dbb53bd8c7,False,1665014400,11,positif,0.9964,positif,tanpa_emoji,positif,ivanna
O29hLG_37qI,user_989f0b6155c4,False,1665014400,10,positif,0.9844,positif,tanpa_emoji,positif,ivanna
O29hLG_37qI,user_44519866b6cb,False,1665014400,7,positif,0.6515,negatif,tanpa_emoji,positif,ivanna
O29hLG_37qI,user_6f719e47b1a4,False,1665014400,1,positif,0.9892,positif,positif,positif,ivanna
O29hLG_37qI,user_6551f7d931f0,False,1665014400,1,positif,0.9952,positif,positif,positif,ivanna
O29hLG_37qI,user_bc17d5deb2a9,False,1665014400,3,negatif,0.5339,netral,tanpa_emoji,negatif,ivanna
O29hLG_37qI,user_70c789cd8e62,False,1665014400,4,negatif,0.997,negatif,tanpa_emoji,negatif,ivanna
O29hLG_37qI,user_d59fb76ff48d,False,1665014400,3,netral,0.5907,netral,tanpa_emoji,netral,ivanna
O29hLG_37qI,user_5965582817ee,False,1665014400,1,negatif,0.9944,positif,tanpa_emoji,negatif,ivanna
O29hLG_37qI,user_1bc979a2fa3a,False,1665014400,2,negatif,0.9958,netral,tanpa_emoji,negatif,ivanna
O29hLG_37qI,user_43d0931a47df,False,1665014400,3,netral,0.8327,netral,tanpa_emoji,netral,ivanna
O29hLG_37qI,user_f2d43a669a0e,False,1665014400,13,positif,0.9969,positif,tanpa_emoji,positif,ivanna
O29hLG_37qI,user_854ef96a26ab,False,1665014400,3,negatif,0.9993,netral,tanpa_emoji,negatif,ivanna
O29hLG_37qI,user_2aca54cbac46,False,1665014400,1,negatif,0.999,negatif,tanpa_emoji,negatif,ivanna
O29hLG_37qI,user_220b90b3d169,False,1665014400,1,positif,0.9956,netral,tanpa_emoji,positif,ivanna
O29hLG_37qI,user_b07104263ac2,False,1665014400,3,negatif,0.9866,netral,netral,negatif,ivanna
O29hLG_37qI,user_f71942144a35,False,1665014400,3,positif,0.8997,positif,tanpa_emoji,positif,ivanna
O29hLG_37qI,user_c3e5bab4a8a9,False,1665014400,3,positif,0.8115,negatif,netral,positif,ivanna
O29hLG_37qI,user_315be2f03974,False,1665014400,1,positif,0.9819,positif,tanpa_emoji,positif,ivanna
O29hLG_37qI,user_ca0f7c692417,False,1665014400,1,positif,0.9833,positif,tanpa_emoji,positif,ivanna
O29hLG_37qI,user_51afde9946c7,False,1665014400,2,positif,0.9926,netral,tanpa_emoji,positif,ivanna
O29hLG_37qI,user_52bb2c02d42c,False,1665014400,3,negatif,0.9972,positif,tanpa_emoji,negatif,ivanna
O29hLG_37qI,user_90e4f6ad0014,False,1665014400,1,positif,0.9767,netral,tanpa_emoji,positif,ivanna
O29hLG_37qI,user_a0f0fd0c8a8f,False,1665014400,1,positif,0.9835,positif,tanpa_emoji,positif,ivanna
O29hLG_37qI,user_8b9e3b56f193,False,1665014400,1,positif,0.9953,positif,tanpa_emoji,positif,ivanna
O29hLG_37qI,user_2f5c6b5ea324,False,1665014400,1,positif,0.8553,positif,positif,positif,ivanna
O29hLG_37qI,user_ee5d603b1533,False,1665014400,2,netral,0.96,netral,tanpa_emoji,netral,ivanna
O29hLG_37qI,user_b602ca73ad23,False,1665014400,1,negatif,0.9028,netral,tanpa_emoji,negatif,ivanna
O29hLG_37qI,user_61695ea1b3ec,False,1665014400,1,positif,0.9792,positif,tanpa_emoji,positif,ivanna
O29hLG_37qI,user_4a6ade5905ba,False,1665014400,1,negatif,0.8395,netral,tanpa_emoji,negatif,ivanna
O29hLG_37qI,user_53afb9a6dd22,False,1665014400,1,positif,0.9946,positif,netral,positif,ivanna
O29hLG_37qI,user_e26c3fa4fc40,False,1665014400,1,positif,0.9943,negatif,tanpa_emoji,positif,ivanna
O29hLG_37qI,user_eb92486b9449,False,1665014400,1,negatif,0.7989,negatif,tanpa_emoji,negatif,ivanna
O29hLG_37qI,user_0a4e0a833a7c,False,1665014400,1,positif,0.9756,positif,tanpa_emoji,positif,ivanna
O29hLG_37qI,user_3a288f5a7e3f,False,1665014400,1,negatif,0.9791,positif,tanpa_emoji,negatif,ivanna
O29hLG_37qI,user_5c255cdd18fa,False,1665014400,1,positif,0.9899,netral,tanpa_emoji,positif,ivanna
O29hLG_37qI,user_b19ce1719c0b,False,1665014400,1,positif,0.7154,positif,positif,positif,ivanna
O29hLG_37qI,user_c029245d8929,False,1665014400,1,positif,0.9474,netral,tanpa_emoji,positif,ivanna
O29hLG_37qI,user_5d9c59ee8fdc,False,1665014400,1,negatif,0.9985,negatif,tanpa_emoji,negatif,ivanna
O29hLG_37qI,user_42ed71369996,False,1665014400,1,positif,0.9764,positif,tanpa_emoji,positif,ivanna
O29hLG_37qI,user_8dfbe436bafd,False,1696550400,1,positif,0.9151,netral,netral,positif,ivanna
O29hLG_37qI,user_30a3f8fd50ea,False,1665014400,1,negatif,0.9814,netral,positif,negatif,ivanna
O29hLG_37qI,user_fa056fb2e81e,False,1665014400,2,negatif,0.9739,positif,positif,negatif,ivanna
O29hLG_37qI,user_957e3150053f,False,1696550400,1,negatif,0.8607,netral,netral,negatif,ivanna
O29hLG_37qI,user_47e906f1ffc6,False,1665014400,1,negatif,0.7725,negatif,tanpa_emoji,negatif,ivanna
O29hLG_37qI,user_5d76bd6937a5,False,1665014400,1,negatif,0.752,netral,tanpa_emoji,negatif,ivanna
O29hLG_37qI,user_fdd055b5c41f,False,1665014400,1,negatif,0.9921,netral,netral,negatif,ivanna
O29hLG_37qI,user_7b4a81852e8a,False,1665014400,0,negatif,0.482,netral,tanpa_emoji,negatif,ivanna
O29hLG_37qI,user_d13baffa1821,False,1665014400,1,positif,0.9871,positif,positif,positif,ivanna
O29hLG_37qI,user_f3c7410d2d26,False,1665014400,0,positif,0.9878,netral,tanpa_emoji,positif,ivanna
O29hLG_37qI,user_11aa146beff8,False,1665014400,2,netral,0.5378,positif,tanpa_emoji,netral,ivanna
O29hLG_37qI,user_21a0bd1e9d2b,False,1665014400,1,negatif,0.9371,netral,tanpa_emoji,negatif,ivanna
O29hLG_37qI,user_42fcd30f1134,False,1665014400,1,positif,0.9811,positif,tanpa_emoji,positif,ivanna
O29hLG_37qI,user_d6f91f08219c,False,1665014400,1,positif,0.99,netral,tanpa_emoji,positif,ivanna
O29hLG_37qI,user_7bccab152fec,False,1665014400,1,positif,0.9919,positif,tanpa_emoji,positif,ivanna
O29hLG_37qI,user_52af4400cc73,False,1665014400,1,negatif,0.8394,netral,tanpa_emoji,negatif,ivanna
O29hLG_37qI,user_aa739b8d25ce,False,1665014400,1,positif,0.9856,positif,tanpa_emoji,positif,ivanna
O29hLG_37qI,user_06eca014f659,False,1665014400,0,negatif,0.6476,netral,tanpa_emoji,negatif,ivanna
O29hLG_37qI,user_59e5a5bd1f28,False,1665014400,2,netral,0.474,netral,tanpa_emoji,netral,ivanna
O29hLG_37qI,user_cf1126fccc8f,False,1665014400,2,positif,0.9942,netral,tanpa_emoji,positif,ivanna
O29hLG_37qI,user_66b2fb43f819,False,1665014400,1,positif,0.642,positif,tanpa_emoji,positif,ivanna
O29hLG_37qI,user_608d2ac2baae,False,1665014400,1,positif,0.997,netral,tanpa_emoji,positif,ivanna
O29hLG_37qI,user_0bad313ec336,False,1759708800,2,positif,0.6413,netral,tanpa_emoji,positif,ivanna
O29hLG_37qI,user_e545c4ea44ce,False,1665014400,1,positif,0.9726,positif,tanpa_emoji,positif,ivanna
O29hLG_37qI,user_3364dc3199d3,False,1665014400,1,positif,0.9809,positif,tanpa_emoji,positif,ivanna
O29hLG_37qI,user_7cfab8b06424,False,1665014400,1,positif,0.3859,negatif,tanpa_emoji,positif,ivanna
O29hLG_37qI,user_7cab4853b6cd,False,1759708800,1,positif,0.995,positif,positif,positif,ivanna
O29hLG_37qI,user_9559f9489aa2,False,1665014400,0,negatif,0.9716,netral,netral,negatif,ivanna
O29hLG_37qI,user_407073280c86,False,1665014400,1,negatif,0.9985,negatif,netral,negatif,ivanna
O29hLG_37qI,user_cd8f04b2be0b,False,1696550400,2,netral,0.9729,netral,tanpa_emoji,netral,ivanna
O29hLG_37qI,user_2025940c6972,False,1665014400,0,positif,0.9802,netral,netral,positif,ivanna
O29hLG_37qI,user_fdd2114675ab,False,1665014400,1,positif,0.9667,positif,positif,positif,ivanna
O29hLG_37qI,user_21cfcbadc2dd,False,1665014400,1,positif,0.99,netral,tanpa_emoji,positif,ivanna
O29hLG_37qI,user_729a4d83f78a,False,1665014400,1,positif,0.9474,netral,tanpa_emoji,positif,ivanna
O29hLG_37qI,user_8ff4e3c95fcf,False,1665014400,0,positif,0.9864,positif,positif,positif,ivanna
O29hLG_37qI,user_7a374221ddf9,False,1696550400,1,netral,0.9206,netral,tanpa_emoji,netral,ivanna
O29hLG_37qI,user_d0871d0fee20,False,1665014400,1,positif,0.9937,positif,netral,positif,ivanna
O29hLG_37qI,user_9171ce40282b,False,1665014400,1,negatif,0.9603,netral,tanpa_emoji,negatif,ivanna
O29hLG_37qI,user_07214d624168,False,1665014400,1,positif,0.9863,positif,tanpa_emoji,positif,ivanna
O29hLG_37qI,user_b9534a02e89a,False,1665014400,1,positif,0.9941,positif,tanpa_emoji,positif,ivanna
O29hLG_37qI,user_fb8d45e7e4ff,False,1665014400,0,positif,0.9938,positif,positif,positif,ivanna
O29hLG_37qI,user_87012888ab93,False,1665014400,1,negatif,0.6246,negatif,tanpa_emoji,negatif,ivanna
O29hLG_37qI,user_95332efa4acf,False,1665014400,2,positif,0.9786,positif,netral,positif,ivanna
O29hLG_37qI,user_673d0b940de9,False,1665014400,1,negatif,0.9906,positif,netral,negatif,ivanna
O29hLG_37qI,user_a24f638e15f9,False,1665014400,0,positif,0.9654,positif,tanpa_emoji,positif,ivanna
O29hLG_37qI,user_00da7b84e895,False,1728172800,1,positif,0.9902,positif,tanpa_emoji,positif,ivanna
O29hLG_37qI,user_e9745f166048,False,1665014400,1,netral,0.8947,netral,tanpa_emoji,netral,ivanna
O29hLG_37qI,user_e02a389981a7,False,1665014400,0,positif,0.9936,positif,tanpa_emoji,positif,ivanna
O29hLG_37qI,user_d6c9e878fcf0,False,1665014400,0,negatif,0.9785,netral,positif,negatif,ivanna
O29hLG_37qI,user_64206f98d061,False,1665014400,1,positif,0.9926,positif,positif,positif,ivanna
O29hLG_37qI,user_fdedef1a84ac,False,1665014400,0,negatif,0.5054,positif,netral,negatif,ivanna
O29hLG_37qI,user_0f853151082c,False,1665014400,0,positif,0.9926,positif,tanpa_emoji,positif,ivanna
O29hLG_37qI,user_15036acfbaac,False,1665014400,1,positif,0.9122,positif,tanpa_emoji,positif,ivanna
O29hLG_37qI,user_cd8f04b2be0b,False,1759708800,2,negatif,0.9944,positif,tanpa_emoji,negatif,ivanna
O29hLG_37qI,user_d1f20d02af73,False,1665014400,0,netral,0.9129,netral,tanpa_emoji,netral,ivanna
O29hLG_37qI,user_c6a12caba1c2,False,1665014400,2,negatif,0.514,positif,tanpa_emoji,negatif,ivanna
O29hLG_37qI,user_3cd2b5b4bc3b,False,1665014400,0,positif,0.9947,positif,tanpa_emoji,positif,ivanna
O29hLG_37qI,user_2c33bceea7b5,False,1665014400,0,negatif,0.9916,positif,positif,negatif,ivanna
O29hLG_37qI,user_5b4b6b9c0c6c,False,1665014400,0,positif,0.9948,positif,tanpa_emoji,positif,ivanna
O29hLG_37qI,user_e5cb77ed3e5b,False,1665014400,1,positif,0.9974,netral,tanpa_emoji,positif,ivanna
O29hLG_37qI,user_5d6e896a672d,False,1665014400,0,negatif,0.5308,positif,tanpa_emoji,negatif,ivanna
O29hLG_37qI,user_90e4f6ad0014,False,1665014400,0,positif,0.9767,netral,tanpa_emoji,positif,ivanna
O29hLG_37qI,user_c9958fe416ee,False,1665014400,0,positif,0.9764,positif,tanpa_emoji,positif,ivanna
O29hLG_37qI,user_6e697a3738d2,False,1665014400,0,positif,0.7765,netral,tanpa_emoji,positif,ivanna
O29hLG_37qI,user_1346439b75f4,False,1665014400,0,positif,0.9673,positif,tanpa_emoji,positif,ivanna
O29hLG_37qI,user_354ec9b7231e,False,1665014400,1,negatif,0.5019,positif,tanpa_emoji,negatif,ivanna
O29hLG_37qI,user_4bff9b2d79bb,False,1665014400,0,positif,0.9766,positif,netral,positif,ivanna
O29hLG_37qI,user_6eaa4994ab58,False,1665014400,1,positif,0.9976,negatif,tanpa_emoji,positif,ivanna
O29hLG_37qI,user_7946f7fe477b,False,1665014400,0,positif,0.9947,positif,positif,positif,ivanna
O29hLG_37qI,user_61d40c71b9e0,False,1665014400,0,positif,0.6604,netral,tanpa_emoji,positif,ivanna
O29hLG_37qI,user_e5cb77ed3e5b,False,1665014400,1,positif,0.657,positif,tanpa_emoji,positif,ivanna
O29hLG_37qI,user_b7410f41daa5,False,1665014400,2,negatif,0.9893,netral,netral,negatif,ivanna
O29hLG_37qI,user_301e8b247db5,False,1665014400,1,positif,0.9331,positif,netral,positif,ivanna
O29hLG_37qI,user_5dc51c588222,False,1665014400,0,negatif,0.9965,positif,positif,negatif,ivanna
O29hLG_37qI,user_e2752d06ee49,False,1665014400,0,negatif,0.5265,netral,tanpa_emoji,negatif,ivanna
O29hLG_37qI,user_81de963450fb,False,1665014400,0,positif,0.9951,positif,positif,positif,ivanna
O29hLG_37qI,user_89ce1e9bc4b7,False,1665014400,0,positif,0.9975,positif,tanpa_emoji,positif,ivanna
O29hLG_37qI,user_e834fbf1795d,False,1665014400,0,positif,0.9947,positif,tanpa_emoji,positif,ivanna
O29hLG_37qI,user_44377427a4f8,False,1665014400,0,positif,0.9929,netral,tanpa_emoji,positif,ivanna
O29hLG_37qI,user_567e0b2e1bb1,False,1665014400,1,netral,0.9243,positif,positif,netral,ivanna
O29hLG_37qI,user_06718c4cc553,False,1665014400,0,negatif,0.9817,netral,tanpa_emoji,negatif,ivanna
O29hLG_37qI,user_22a299f2a601,False,1665014400,1,netral,0.9923,netral,tanpa_emoji,netral,ivanna
O29hLG_37qI,user_0ab9a315ea31,False,1665014400,0,positif,0.9946,positif,tanpa_emoji,positif,ivanna
O29hLG_37qI,user_170cba4a7e40,False,1665014400,0,positif,0.9922,positif,positif,positif,ivanna
O29hLG_37qI,user_c1275d228855,False,1665014400,0,positif,0.9886,netral,tanpa_emoji,positif,ivanna
O29hLG_37qI,user_f7517a40f529,False,1665014400,0,positif,0.9804,positif,positif,positif,ivanna
O29hLG_37qI,user_257cc52d1ca8,False,1665014400,0,positif,0.9974,positif,positif,positif,ivanna
O29hLG_37qI,user_e1cc56bec7ce,False,1665014400,0,negatif,0.5554,positif,positif,positif,ivanna
O29hLG_37qI,user_2c8a5b563a10,False,1665014400,0,negatif,0.9988,negatif,tanpa_emoji,negatif,ivanna
O29hLG_37qI,user_9def0b687ea6,False,1665014400,1,positif,0.9839,netral,tanpa_emoji,positif,ivanna
O29hLG_37qI,user_f5dd75a81ee2,False,1665014400,1,positif,0.9276,positif,tanpa_emoji,positif,ivanna
O29hLG_37qI,user_b4922be3ab97,False,1665014400,0,positif,0.9327,positif,positif,positif,ivanna
O29hLG_37qI,user_e1cc56bec7ce,False,1665014400,0,negatif,0.5554,positif,positif,positif,ivanna
O29hLG_37qI,user_b0650ea9829f,False,1665014400,0,negatif,0.8912,positif,netral,negatif,ivanna
O29hLG_37qI,user_c3497d3cddbb,False,1696550400,0,positif,0.9954,positif,tanpa_emoji,positif,ivanna
O29hLG_37qI,user_e5a0d1c5d20e,False,1665014400,0,positif,0.4599,netral,tanpa_emoji,positif,ivanna
O29hLG_37qI,user_eebad253d626,False,1665014400,1,positif,0.7198,netral,tanpa_emoji,positif,ivanna
O29hLG_37qI,user_cb04dd5edb64,False,1665014400,1,positif,0.7687,positif,tanpa_emoji,positif,ivanna
O29hLG_37qI,user_c944e27bfb79,False,1665014400,0,negatif,0.6903,netral,tanpa_emoji,negatif,ivanna
O29hLG_37qI,user_d0b1c9417e53,False,1665014400,0,negatif,0.9914,netral,netral,negatif,ivanna
O29hLG_37qI,user_e83f0d434910,False,1665014400,1,negatif,0.7479,netral,tanpa_emoji,negatif,ivanna
O29hLG_37qI,user_c3f10f52a7a8,False,1665014400,0,positif,0.9717,positif,positif,positif,ivanna
O29hLG_37qI,user_64b11a8c8175,False,1665014400,0,positif,0.9967,positif,tanpa_emoji,positif,ivanna
O29hLG_37qI,user_716604228979,False,1665014400,0,positif,0.9978,netral,tanpa_emoji,positif,ivanna
O29hLG_37qI,user_58150f8ffa90,False,1665014400,1,negatif,0.5986,positif,tanpa_emoji,negatif,ivanna
O29hLG_37qI,user_cb0565ad40ed,False,1665014400,0,positif,0.9978,positif,positif,positif,ivanna
O29hLG_37qI,user_d38023ede28b,False,1770336000,0,positif,0.996,positif,tanpa_emoji,positif,ivanna
O29hLG_37qI,user_0a4e0a833a7c,False,1665014400,0,positif,0.9537,positif,tanpa_emoji,positif,ivanna
O29hLG_37qI,user_60f3d24213fa,False,1665014400,0,positif,0.9902,positif,tanpa_emoji,positif,ivanna
O29hLG_37qI,user_460f6b745c87,False,1665014400,0,positif,0.7391,netral,tanpa_emoji,positif,ivanna
O29hLG_37qI,user_6efa732224a4,False,1665014400,0,negatif,0.999,positif,tanpa_emoji,negatif,ivanna
O29hLG_37qI,user_eaf0026a1039,False,1665014400,0,positif,0.7906,negatif,tanpa_emoji,positif,ivanna
O29hLG_37qI,user_93ed0fef358e,False,1665014400,0,negatif,0.7214,netral,tanpa_emoji,negatif,ivanna
O29hLG_37qI,user_d818e43d354d,False,1665014400,0,negatif,0.8629,netral,tanpa_emoji,negatif,ivanna
O29hLG_37qI,user_61503b927b76,False,1665014400,0,positif,0.9989,negatif,netral,positif,ivanna
O29hLG_37qI,user_3f0e60f65840,False,1665014400,0,positif,0.7902,netral,tanpa_emoji,positif,ivanna
O29hLG_37qI,user_f29f0a0e6e23,False,1665014400,0,positif,0.9646,positif,tanpa_emoji,positif,ivanna
O29hLG_37qI,user_50102211a3e0,False,1665014400,0,positif,0.9368,netral,tanpa_emoji,positif,ivanna
O29hLG_37qI,user_63e598fc1050,False,1665014400,0,negatif,0.977,netral,tanpa_emoji,negatif,ivanna
O29hLG_37qI,user_737715fddf60,False,1696550400,0,positif,0.9961,positif,tanpa_emoji,positif,ivanna
O29hLG_37qI,user_0cc4d38a5849,False,1665014400,0,positif,0.9973,positif,tanpa_emoji,positif,ivanna
O29hLG_37qI,user_d6c867dc54e1,False,1665014400,0,negatif,0.5484,positif,tanpa_emoji,negatif,ivanna
O29hLG_37qI,user_89c5a42cf88a,False,1665014400,0,negatif,0.9884,netral,tanpa_emoji,negatif,ivanna
O29hLG_37qI,user_604ee52aa894,False,1665014400,0,positif,0.9814,netral,tanpa_emoji,positif,ivanna
O29hLG_37qI,user_1e1178c093a7,False,1665014400,1,positif,0.9965,positif,positif,positif,ivanna
O29hLG_37qI,user_01a1e28f0b04,False,1665014400,0,negatif,0.4419,netral,netral,negatif,ivanna
O29hLG_37qI,user_5296238772bd,False,1665014400,0,positif,0.9804,positif,positif,positif,ivanna
O29hLG_37qI,user_81cb89a4f482,False,1665014400,0,negatif,0.7188,netral,netral,negatif,ivanna
O29hLG_37qI,user_01d1afb0404b,False,1665014400,1,positif,0.9955,netral,tanpa_emoji,positif,ivanna
O29hLG_37qI,user_1b386679342b,False,1665014400,0,positif,0.9984,positif,tanpa_emoji,positif,ivanna
O29hLG_37qI,user_9e02b9842f15,False,1665014400,0,positif,0.9957,positif,tanpa_emoji,positif,ivanna
O29hLG_37qI,user_7e731ade8f45,False,1665014400,0,negatif,0.745,negatif,tanpa_emoji,negatif,ivanna
O29hLG_37qI,user_8bb157133d62,False,1665014400,0,positif,0.9918,positif,positif,positif,ivanna
O29hLG_37qI,user_1bd6e7023587,False,1665014400,0,positif,0.9597,positif,tanpa_emoji,positif,ivanna
O29hLG_37qI,user_52ac21215db6,False,1665014400,0,positif,0.8251,positif,netral,positif,ivanna
O29hLG_37qI,user_08b736a11ac4,False,1665014400,0,netral,0.9013,netral,tanpa_emoji,netral,ivanna
O29hLG_37qI,user_800d844d0870,False,1696550400,0,positif,0.9939,positif,tanpa_emoji,positif,ivanna
O29hLG_37qI,user_f40dd3bdc57c,False,1665014400,0,negatif,0.9757,netral,netral,negatif,ivanna
O29hLG_37qI,user_08b736a11ac4,False,1665014400,0,netral,0.9013,netral,tanpa_emoji,netral,ivanna
O29hLG_37qI,user_499c1cdedab3,False,1665014400,1,positif,0.6472,positif,tanpa_emoji,positif,ivanna
O29hLG_37qI,user_b8763b872b2d,False,1665014400,0,positif,0.7417,positif,tanpa_emoji,positif,ivanna
O29hLG_37qI,user_5d64088970d1,False,1665014400,0,positif,0.9982,positif,tanpa_emoji,positif,ivanna
O29hLG_37qI,user_4f078b924c10,False,1665014400,0,netral,0.9764,netral,tanpa_emoji,netral,ivanna
O29hLG_37qI,user_0db67badc37f,False,1665014400,1,negatif,0.7345,negatif,tanpa_emoji,negatif,ivanna
O29hLG_37qI,user_12d14889a259,False,1665014400,0,positif,0.9974,positif,tanpa_emoji,positif,ivanna
O29hLG_37qI,user_1f0e2381d053,False,1665014400,0,positif,0.992,negatif,tanpa_emoji,positif,ivanna
O29hLG_37qI,user_d6535886b484,False,1665014400,1,positif,0.9872,netral,tanpa_emoji,positif,ivanna
O29hLG_37qI,user_fc31105b55b6,False,1665014400,0,negatif,0.9463,netral,tanpa_emoji,negatif,ivanna
O29hLG_37qI,user_c7cfeb94f361,False,1665014400,0,negatif,0.8479,netral,tanpa_emoji,negatif,ivanna
O29hLG_37qI,user_82583cdcf994,False,1665014400,1,negatif,0.9781,netral,tanpa_emoji,negatif,ivanna
O29hLG_37qI,user_f9b75d6f355f,False,1665014400,0,positif,0.6834,netral,netral,positif,ivanna
O29hLG_37qI,user_54084aa211a6,False,1665014400,0,negatif,0.7184,negatif,tanpa_emoji,negatif,ivanna
O29hLG_37qI,user_d44bb8e26310,False,1665014400,0,negatif,0.9864,netral,tanpa_emoji,negatif,ivanna
O29hLG_37qI,user_f5d827f278b8,False,1665014400,0,negatif,0.8005,netral,tanpa_emoji,negatif,ivanna
O29hLG_37qI,user_9b504629b0cb,False,1665014400,2,negatif,0.9898,netral,tanpa_emoji,negatif,ivanna
O29hLG_37qI,user_e538a07a3b1a,False,1696550400,0,positif,0.9843,netral,tanpa_emoji,positif,ivanna
O29hLG_37qI,user_9fc3c4dd3257,False,1665014400,0,negatif,0.9971,negatif,netral,negatif,ivanna
O29hLG_37qI,user_27a653acbd3a,False,1665014400,0,positif,0.8844,positif,positif,positif,ivanna
O29hLG_37qI,user_651d8882b22f,False,1665014400,0,positif,0.9887,positif,tanpa_emoji,positif,ivanna
O29hLG_37qI,user_e2752d06ee49,False,1665014400,0,positif,0.9949,positif,tanpa_emoji,positif,ivanna
O29hLG_37qI,user_6863fe57e59b,False,1665014400,1,negatif,0.9944,netral,netral,negatif,ivanna
O29hLG_37qI,user_b1564791f8b0,False,1665014400,0,negatif,0.6978,netral,tanpa_emoji,negatif,ivanna
O29hLG_37qI,user_6ca98a057c07,False,1665014400,0,negatif,0.7944,positif,positif,negatif,ivanna
O29hLG_37qI,user_25ee0f20c570,False,1665014400,0,positif,0.5685,netral,tanpa_emoji,positif,ivanna
O29hLG_37qI,user_5fa42f83be7b,False,1665014400,0,positif,0.866,netral,tanpa_emoji,positif,ivanna
O29hLG_37qI,user_af3730173930,False,1665014400,1,negatif,0.9858,positif,positif,positif,ivanna
O29hLG_37qI,user_b7e8aea66a1d,False,1665014400,0,negatif,0.7563,negatif,netral,negatif,ivanna
O29hLG_37qI,user_6efb6afa361a,False,1665014400,0,positif,0.868,netral,tanpa_emoji,positif,ivanna
O29hLG_37qI,user_60a138e164bf,False,1665014400,0,negatif,0.6233,netral,netral,negatif,ivanna
O29hLG_37qI,user_10720b29d834,False,1665014400,1,positif,0.9978,positif,positif,positif,ivanna
O29hLG_37qI,user_a6c923698a28,False,1665014400,0,negatif,0.9911,positif,netral,negatif,ivanna
O29hLG_37qI,user_69a854a1669c,False,1665014400,2,negatif,0.9683,netral,tanpa_emoji,negatif,ivanna
O29hLG_37qI,user_70e4b1f8a2b2,False,1665014400,0,negatif,0.5337,netral,tanpa_emoji,negatif,ivanna
O29hLG_37qI,user_8709fc52d1dd,False,1665014400,0,negatif,0.9704,positif,netral,negatif,ivanna
O29hLG_37qI,user_4ec578c01886,False,1665014400,1,negatif,0.8439,netral,tanpa_emoji,negatif,ivanna
O29hLG_37qI,user_d37c1ffb5e56,False,1696550400,0,positif,0.9921,positif,positif,positif,ivanna
O29hLG_37qI,user_40e708e2f8dd,False,1665014400,0,positif,0.9937,positif,tanpa_emoji,positif,ivanna
O29hLG_37qI,user_81d2612e198d,False,1665014400,0,negatif,0.6309,positif,positif,negatif,ivanna
O29hLG_37qI,user_c09640159461,False,1665014400,0,positif,0.9907,netral,tanpa_emoji,positif,ivanna
O29hLG_37qI,user_1d02adc65575,False,1665014400,0,positif,0.9943,negatif,tanpa_emoji,positif,ivanna
O29hLG_37qI,user_e0f325da073f,False,1665014400,0,positif,0.9961,negatif,tanpa_emoji,positif,ivanna
O29hLG_37qI,user_f7246e999e2c,False,1665014400,0,positif,0.7164,positif,tanpa_emoji,positif,ivanna
O29hLG_37qI,user_26249c2e496b,False,1665014400,0,positif,0.9023,positif,tanpa_emoji,positif,ivanna
O29hLG_37qI,user_06e1ef226462,False,1665014400,0,positif,0.9909,positif,tanpa_emoji,positif,ivanna
O29hLG_37qI,user_fa056fb2e81e,False,1665014400,0,positif,0.6741,positif,tanpa_emoji,positif,ivanna
O29hLG_37qI,user_a9ed80f6108e,False,1665014400,0,positif,0.9982,positif,tanpa_emoji,positif,ivanna
O29hLG_37qI,user_72b097c8f930,False,1665014400,0,netral,0.9911,netral,tanpa_emoji,netral,ivanna
O29hLG_37qI,user_1942a9c93161,False,1665014400,0,positif,0.9955,positif,tanpa_emoji,positif,ivanna
O29hLG_37qI,user_c13f10cd5827,False,1696550400,0,positif,0.9939,positif,tanpa_emoji,positif,ivanna
O29hLG_37qI,user_1881db42c156,False,1665014400,0,positif,0.5685,netral,tanpa_emoji,positif,ivanna
O29hLG_37qI,user_f42742332cdb,False,1665014400,1,negatif,0.9965,netral,positif,negatif,ivanna
O29hLG_37qI,user_f6a005168b0b,False,1665014400,1,positif,0.5262,netral,tanpa_emoji,positif,ivanna
O29hLG_37qI,user_72de5f522dc2,False,1665014400,0,negatif,0.7101,netral,tanpa_emoji,negatif,ivanna
O29hLG_37qI,user_d168c93861e4,False,1665014400,1,netral,0.4626,netral,tanpa_emoji,netral,ivanna
O29hLG_37qI,user_d1df80613d58,False,1665014400,1,negatif,0.9888,netral,tanpa_emoji,negatif,ivanna
O29hLG_37qI,user_9650a06ebe4d,False,1665014400,0,netral,0.5529,netral,tanpa_emoji,netral,ivanna
O29hLG_37qI,user_9c00aef5baa1,False,1665014400,0,negatif,0.9471,netral,tanpa_emoji,negatif,ivanna
O29hLG_37qI,user_ae75d8acac1a,False,1665014400,1,netral,0.7806,netral,tanpa_emoji,netral,ivanna
O29hLG_37qI,user_979e5711a840,False,1696550400,0,positif,0.4565,positif,tanpa_emoji,positif,ivanna
O29hLG_37qI,user_fc93b99aba0c,False,1665014400,1,negatif,0.8847,positif,tanpa_emoji,negatif,ivanna
O29hLG_37qI,user_589a6b6e4335,False,1665014400,0,negatif,0.4116,netral,tanpa_emoji,negatif,ivanna
O29hLG_37qI,user_8b1cd14b7ddc,False,1665014400,0,negatif,0.9707,positif,positif,negatif,ivanna
O29hLG_37qI,user_b525f10069b6,False,1665014400,1,positif,0.971,positif,positif,positif,ivanna
O29hLG_37qI,user_40f354d129bf,False,1665014400,1,positif,0.9646,positif,tanpa_emoji,positif,ivanna
O29hLG_37qI,user_d7a44d6f3498,False,1665014400,0,positif,0.992,positif,tanpa_emoji,positif,ivanna
-HuNHKFaW60,user_1c61dd61cc2a,False,1778025600,0,negatif,0.999,negatif,tanpa_emoji,negatif,md
-HuNHKFaW60,user_9686a723f8a8,False,1772755200,0,negatif,0.9706,positif,netral,negatif,md
-HuNHKFaW60,user_d7921680d352,False,1764979200,0,negatif,0.6787,netral,tanpa_emoji,negatif,md
-HuNHKFaW60,user_3ed32944d987,False,1759708800,0,positif,0.9249,positif,tanpa_emoji,positif,md
-HuNHKFaW60,user_3cabc49400bf,False,1759708800,1,positif,0.5375,netral,tanpa_emoji,positif,md
-HuNHKFaW60,user_20de6dfe81c0,False,1759708800,0,negatif,0.7835,netral,tanpa_emoji,negatif,md
-HuNHKFaW60,user_22eb3dd7ecaa,False,1759708800,0,negatif,0.7099,netral,tanpa_emoji,negatif,md
-HuNHKFaW60,user_014d48fc326f,False,1759708800,0,negatif,0.4984,netral,tanpa_emoji,negatif,md
-HuNHKFaW60,user_7a35ff377c7a,False,1759708800,0,negatif,0.9021,netral,tanpa_emoji,negatif,md
-HuNHKFaW60,user_caa744cf71ae,False,1759708800,0,negatif,0.9986,netral,tanpa_emoji,negatif,md
-HuNHKFaW60,user_ee0e35f2cf3c,False,1759708800,0,negatif,0.6296,netral,netral,negatif,md
-HuNHKFaW60,user_676743d9c35c,False,1759708800,0,positif,0.9215,negatif,tanpa_emoji,positif,md
-HuNHKFaW60,user_ad5f9d75213e,False,1759708800,1,negatif,0.978,netral,netral,negatif,md
-HuNHKFaW60,user_583049f0ff41,False,1759708800,0,netral,0.5666,netral,tanpa_emoji,netral,md
-HuNHKFaW60,user_7d25fac9295d,False,1759708800,0,positif,0.9907,positif,tanpa_emoji,positif,md
-HuNHKFaW60,user_33553a07ff98,False,1759708800,0,negatif,0.8933,negatif,tanpa_emoji,negatif,md
-HuNHKFaW60,user_79261e73818a,False,1759708800,0,negatif,0.5885,netral,tanpa_emoji,negatif,md
-HuNHKFaW60,user_13971831f077,False,1759708800,0,netral,0.8712,negatif,tanpa_emoji,netral,md
-HuNHKFaW60,user_bc8b2cacad67,False,1728172800,0,negatif,0.831,netral,tanpa_emoji,negatif,md
-HuNHKFaW60,user_dbfd1cf0e66c,False,1728172800,1,negatif,0.9269,netral,netral,negatif,md
-HuNHKFaW60,user_af9941a21e53,False,1728172800,0,negatif,0.9962,positif,netral,negatif,md
-HuNHKFaW60,user_46436ff4a3a9,False,1728172800,1,positif,0.6021,netral,tanpa_emoji,positif,md
-HuNHKFaW60,user_420746dfe39f,True,1728172800,0,positif,0.7054,netral,tanpa_emoji,positif,md
-HuNHKFaW60,user_eddb3f9379b4,False,1728172800,0,positif,0.9935,positif,tanpa_emoji,positif,md
-HuNHKFaW60,user_073cbdacd52e,False,1728172800,0,negatif,0.9582,positif,netral,negatif,md
-HuNHKFaW60,user_0dd5ca1e9787,False,1728172800,0,negatif,0.9991,negatif,tanpa_emoji,negatif,md
-HuNHKFaW60,user_09a571070287,False,1728172800,2,positif,0.9525,positif,tanpa_emoji,positif,md
-HuNHKFaW60,user_9a97ca8aa657,True,1728172800,0,negatif,0.9985,netral,tanpa_emoji,negatif,md
-HuNHKFaW60,user_c9baf2b699a6,False,1728172800,0,netral,0.9889,positif,tanpa_emoji,netral,md
-HuNHKFaW60,user_d69ee7823b84,False,1728172800,0,negatif,0.9796,negatif,tanpa_emoji,negatif,md
-HuNHKFaW60,user_bbd8b4739ae8,False,1728172800,1,negatif,0.997,negatif,netral,negatif,md
-HuNHKFaW60,user_df7102e4ce77,False,1728172800,0,negatif,0.997,netral,netral,negatif,md
-HuNHKFaW60,user_4b6417c692db,False,1728172800,2,negatif,0.8273,netral,tanpa_emoji,negatif,md
-HuNHKFaW60,user_485401dd40b3,False,1728172800,0,negatif,0.9481,netral,tanpa_emoji,negatif,md
-HuNHKFaW60,user_235fe1450be9,False,1728172800,0,netral,0.9436,netral,tanpa_emoji,netral,md
-HuNHKFaW60,user_9c7536fa4d57,False,1728172800,6,positif,0.9899,positif,tanpa_emoji,positif,md
-HuNHKFaW60,user_641a16addf1c,True,1728172800,5,positif,0.7839,positif,tanpa_emoji,positif,md
-HuNHKFaW60,user_4b992b83d60d,False,1728172800,0,positif,0.9963,positif,tanpa_emoji,positif,md
-HuNHKFaW60,user_3c89a25a6a45,False,1728172800,1,negatif,0.9316,positif,netral,negatif,md
-HuNHKFaW60,user_e78dcc11e2ec,True,1728172800,0,negatif,0.5806,netral,tanpa_emoji,negatif,md
-HuNHKFaW60,user_410a56f27b2b,False,1728172800,0,negatif,0.855,netral,tanpa_emoji,negatif,md
-HuNHKFaW60,user_c289f496ba8e,False,1728172800,0,positif,0.9858,positif,tanpa_emoji,positif,md
-HuNHKFaW60,user_55497cca62df,False,1728172800,0,positif,0.9491,netral,positif,positif,md
-HuNHKFaW60,user_782b0d0a2015,False,1728172800,0,netral,0.7573,netral,tanpa_emoji,netral,md
-HuNHKFaW60,user_d0a59fd12297,True,1728172800,0,netral,0.9522,netral,tanpa_emoji,netral,md
-HuNHKFaW60,user_529f133b0be5,False,1728172800,0,negatif,0.8992,positif,tanpa_emoji,negatif,md
-HuNHKFaW60,user_5b58a239efcd,False,1728172800,0,negatif,0.4885,positif,positif,positif,md
-HuNHKFaW60,user_9138c871092a,False,1728172800,0,negatif,0.8316,netral,tanpa_emoji,negatif,md
-HuNHKFaW60,user_70b7a41f8467,False,1728172800,0,negatif,0.7846,positif,positif,positif,md
-HuNHKFaW60,user_33f3f49d7b70,False,1728172800,1,negatif,0.9983,positif,netral,negatif,md
-HuNHKFaW60,user_2ffc5cf0a793,False,1728172800,0,negatif,0.7857,positif,tanpa_emoji,negatif,md
-HuNHKFaW60,user_1b2d77dd663a,False,1728172800,1,negatif,0.9142,netral,tanpa_emoji,negatif,md
-HuNHKFaW60,user_1771d8d809cb,False,1728172800,0,netral,0.4875,netral,tanpa_emoji,netral,md
-HuNHKFaW60,user_bcbf7760fb5c,False,1728172800,1,positif,0.973,positif,tanpa_emoji,positif,md
-HuNHKFaW60,user_101fc99e2b35,False,1728172800,0,negatif,0.9981,netral,tanpa_emoji,negatif,md
-HuNHKFaW60,user_3562e3316683,False,1728172800,0,negatif,0.9976,negatif,tanpa_emoji,negatif,md
-HuNHKFaW60,user_f146b46dca44,False,1728172800,1,negatif,0.9919,netral,tanpa_emoji,negatif,md
-HuNHKFaW60,user_d80e3270bef3,False,1728172800,0,positif,0.8818,netral,tanpa_emoji,positif,md
-HuNHKFaW60,user_2b88883da8c1,False,1728172800,0,positif,0.5038,positif,tanpa_emoji,positif,md
-HuNHKFaW60,user_6e4cc69cd880,False,1728172800,0,negatif,0.9935,netral,netral,negatif,md
-HuNHKFaW60,user_5d56669b7d2c,False,1728172800,0,negatif,0.9782,netral,netral,negatif,md
-HuNHKFaW60,user_c3a95564d1c0,False,1728172800,0,negatif,0.5661,netral,tanpa_emoji,negatif,md
-HuNHKFaW60,user_54a134fb8d0d,False,1728172800,0,positif,0.9878,positif,positif,positif,md
-HuNHKFaW60,user_69df788165b3,False,1728172800,1,negatif,0.9881,netral,tanpa_emoji,negatif,md
-HuNHKFaW60,user_27227a67b51a,False,1728172800,0,negatif,0.6144,netral,tanpa_emoji,negatif,md
-HuNHKFaW60,user_afd794d4a919,False,1728172800,0,positif,0.9804,positif,tanpa_emoji,positif,md
-HuNHKFaW60,user_0ce51c5e9a74,False,1728172800,0,negatif,0.9976,positif,netral,negatif,md
-HuNHKFaW60,user_74993388dae7,False,1728172800,0,negatif,0.8854,netral,netral,negatif,md
-HuNHKFaW60,user_90944cc40985,False,1728172800,0,negatif,0.9868,netral,netral,negatif,md
-HuNHKFaW60,user_e49dc41e068e,False,1728172800,0,netral,0.9626,positif,positif,netral,md
-HuNHKFaW60,user_6256a5e3f405,False,1728172800,0,netral,0.5146,netral,tanpa_emoji,netral,md
-HuNHKFaW60,user_ea244ddcecf4,False,1728172800,0,negatif,0.7355,netral,tanpa_emoji,negatif,md
-HuNHKFaW60,user_e1ef59dd1e0b,False,1728172800,23,positif,0.9308,netral,tanpa_emoji,positif,md
-HuNHKFaW60,user_5d0c8d2fee95,False,1728172800,0,negatif,0.9413,netral,tanpa_emoji,negatif,md
-HuNHKFaW60,user_973c5d8d6dcf,False,1728172800,0,negatif,0.9975,positif,netral,negatif,md
-HuNHKFaW60,user_b7e67bce31d7,False,1728172800,0,negatif,0.9377,netral,tanpa_emoji,negatif,md
-HuNHKFaW60,user_02c9907cce70,False,1728172800,0,negatif,0.9967,netral,tanpa_emoji,negatif,md
-HuNHKFaW60,user_56bfde32b54d,False,1728172800,1,positif,0.9876,positif,tanpa_emoji,positif,md
-HuNHKFaW60,user_14c0a232c9c6,False,1728172800,0,negatif,0.9746,negatif,tanpa_emoji,negatif,md
-HuNHKFaW60,user_3ced251cda91,False,1728172800,0,negatif,0.9706,netral,tanpa_emoji,negatif,md
-HuNHKFaW60,user_2127abdde86b,False,1728172800,0,positif,0.8571,positif,tanpa_emoji,positif,md
-HuNHKFaW60,user_3397a9dd06b7,False,1728172800,0,negatif,0.9513,positif,netral,negatif,md
-HuNHKFaW60,user_7aeecdeaa408,False,1728172800,0,positif,0.9822,positif,tanpa_emoji,positif,md
-HuNHKFaW60,user_d3b751c2c3c1,False,1728172800,0,negatif,0.9969,netral,netral,negatif,md
-HuNHKFaW60,user_dca40c995294,False,1728172800,0,negatif,0.5384,netral,tanpa_emoji,negatif,md
-HuNHKFaW60,user_1c81d9267785,False,1728172800,0,negatif,0.52,positif,tanpa_emoji,negatif,md
-HuNHKFaW60,user_00595781f2e3,False,1728172800,2,positif,0.9364,positif,tanpa_emoji,positif,md
-HuNHKFaW60,user_61b86575fdf7,False,1728172800,0,positif,0.9832,positif,positif,positif,md
-HuNHKFaW60,user_7d39b1ea8563,False,1728172800,0,negatif,0.7,positif,netral,negatif,md
-HuNHKFaW60,user_70a2f70a2953,False,1728172800,0,negatif,0.7458,netral,tanpa_emoji,negatif,md
-HuNHKFaW60,user_c153b4ec98a1,False,1728172800,0,negatif,0.9243,netral,tanpa_emoji,negatif,md
-HuNHKFaW60,user_26c723577cbf,False,1728172800,1,positif,0.9101,negatif,netral,positif,md
-HuNHKFaW60,user_f1c3b09fcef0,True,1728172800,0,negatif,0.985,netral,tanpa_emoji,negatif,md
-HuNHKFaW60,user_a9b7785536ed,True,1728172800,0,negatif,0.485,netral,netral,negatif,md
-HuNHKFaW60,user_95894d62a644,False,1728172800,0,negatif,0.9979,positif,netral,negatif,md
-HuNHKFaW60,user_33e0d1066ac0,False,1728172800,0,negatif,0.9907,netral,tanpa_emoji,negatif,md
-HuNHKFaW60,user_eea96b584d7c,False,1728172800,0,negatif,0.9788,netral,tanpa_emoji,negatif,md
-HuNHKFaW60,user_ae59e280e85b,False,1728172800,0,positif,0.4668,netral,tanpa_emoji,positif,md
-HuNHKFaW60,user_c617bb80c946,False,1728172800,0,negatif,0.9787,netral,tanpa_emoji,negatif,md
-HuNHKFaW60,user_b47f753859da,False,1728172800,0,negatif,0.9407,netral,tanpa_emoji,negatif,md
-HuNHKFaW60,user_601a86ba639c,False,1728172800,0,negatif,0.6942,negatif,tanpa_emoji,negatif,md
-HuNHKFaW60,user_cd13fd664e9d,False,1728172800,0,negatif,0.9066,netral,tanpa_emoji,negatif,md
-HuNHKFaW60,user_ff2116e17252,False,1728172800,0,positif,0.814,negatif,tanpa_emoji,positif,md
-HuNHKFaW60,user_221cca5fccde,False,1728172800,0,positif,0.3821,positif,tanpa_emoji,positif,md
-HuNHKFaW60,user_1b2a5fd7b7dc,False,1728172800,0,positif,0.9098,negatif,netral,positif,md
-HuNHKFaW60,user_4688db7edb0d,False,1728172800,1,negatif,0.978,positif,positif,negatif,md
-HuNHKFaW60,user_c419554fc19a,False,1728172800,0,positif,0.8836,positif,tanpa_emoji,positif,md
-HuNHKFaW60,user_b78ecf86cdc6,False,1728172800,0,negatif,0.9369,positif,positif,positif,md
-HuNHKFaW60,user_6afe95c39f56,False,1728172800,0,negatif,0.491,netral,tanpa_emoji,negatif,md
-HuNHKFaW60,user_098b4e70df3a,False,1728172800,0,negatif,0.5951,negatif,tanpa_emoji,negatif,md
-HuNHKFaW60,user_61b8f7e38a45,True,1728172800,0,netral,0.3923,netral,tanpa_emoji,netral,md
-HuNHKFaW60,user_f7eb7d098ca9,False,1728172800,0,positif,0.8865,positif,positif,positif,md
-HuNHKFaW60,user_549bb9d25f34,True,1728172800,0,negatif,0.9778,netral,tanpa_emoji,negatif,md
-HuNHKFaW60,user_f7eb7d098ca9,True,1728172800,0,netral,0.5044,netral,tanpa_emoji,netral,md
-HuNHKFaW60,user_e21dde6ae0e7,True,1728172800,0,negatif,0.9981,netral,tanpa_emoji,negatif,md
-HuNHKFaW60,user_f7eb7d098ca9,True,1728172800,0,negatif,0.9954,netral,tanpa_emoji,negatif,md
-HuNHKFaW60,user_f7eb7d098ca9,True,1728172800,0,negatif,0.9929,netral,netral,negatif,md
-HuNHKFaW60,user_86b610bfca7f,False,1728172800,0,positif,0.5087,netral,tanpa_emoji,positif,md
-HuNHKFaW60,user_81d1b8c246a2,False,1728172800,0,netral,0.6195,netral,tanpa_emoji,netral,md
-HuNHKFaW60,user_3a73ccfe40ea,False,1728172800,0,netral,0.9565,positif,positif,netral,md
-HuNHKFaW60,user_54b8426ac93b,False,1728172800,0,negatif,0.9372,negatif,tanpa_emoji,negatif,md
-HuNHKFaW60,user_3d0589ea484f,False,1728172800,0,negatif,0.9187,positif,tanpa_emoji,negatif,md
-HuNHKFaW60,user_98c3ff91cf06,False,1728172800,0,negatif,0.7517,netral,tanpa_emoji,negatif,md
-HuNHKFaW60,user_e88dc3516043,False,1728172800,0,positif,0.6724,positif,positif,positif,md
-HuNHKFaW60,user_1fb51bd67bd1,False,1728172800,2,positif,0.9955,netral,tanpa_emoji,positif,md
-HuNHKFaW60,user_928320c7388b,False,1728172800,0,negatif,0.9797,positif,tanpa_emoji,negatif,md
-HuNHKFaW60,user_da425a8a547d,False,1728172800,1,negatif,0.8191,positif,tanpa_emoji,negatif,md
-HuNHKFaW60,user_00d80fee18e2,False,1728172800,0,positif,0.9822,positif,tanpa_emoji,positif,md
-HuNHKFaW60,user_113c8abc18c2,False,1728172800,0,positif,0.9736,positif,tanpa_emoji,positif,md
-HuNHKFaW60,user_812df5d975c5,False,1728172800,0,negatif,0.998,positif,netral,negatif,md
-HuNHKFaW60,user_adcb657849c7,False,1728172800,1,negatif,0.9827,positif,tanpa_emoji,negatif,md
-HuNHKFaW60,user_be1140d8667f,False,1728172800,0,positif,0.5486,positif,netral,positif,md
-HuNHKFaW60,user_f7eb7d098ca9,True,1728172800,0,negatif,0.9934,netral,netral,netral,md
-HuNHKFaW60,user_71c6429802c2,False,1728172800,0,negatif,0.9788,netral,tanpa_emoji,negatif,md
-HuNHKFaW60,user_d7a367744d1e,False,1728172800,1,netral,0.9558,positif,positif,netral,md
-HuNHKFaW60,user_4b271d7e20e6,False,1728172800,1,negatif,0.5848,netral,tanpa_emoji,negatif,md
-HuNHKFaW60,user_f5f345019228,False,1728172800,0,negatif,0.528,netral,tanpa_emoji,negatif,md
-HuNHKFaW60,user_8bc09c4ae7c0,False,1728172800,1,negatif,0.9108,negatif,tanpa_emoji,negatif,md
-HuNHKFaW60,user_00595781f2e3,True,1728172800,1,negatif,0.5257,positif,tanpa_emoji,negatif,md
-HuNHKFaW60,user_8bc09c4ae7c0,True,1728172800,0,netral,0.7364,netral,positif,netral,md
-HuNHKFaW60,user_00595781f2e3,True,1728172800,0,negatif,0.9828,negatif,tanpa_emoji,negatif,md
-HuNHKFaW60,user_c0a5a88a6379,False,1728172800,0,negatif,0.9639,negatif,netral,negatif,md
-HuNHKFaW60,user_55eb64b68c0f,False,1728172800,1,negatif,0.9978,netral,tanpa_emoji,negatif,md
-HuNHKFaW60,user_5c3308f9104c,False,1728172800,1,negatif,0.3678,positif,positif,positif,md
-HuNHKFaW60,user_c5418742f612,False,1728172800,2,negatif,0.9839,negatif,tanpa_emoji,negatif,md
-HuNHKFaW60,user_69bd11fb4f58,False,1728172800,1,positif,0.9584,netral,tanpa_emoji,positif,md
-HuNHKFaW60,user_b07501cfa608,False,1728172800,2,negatif,0.6826,positif,tanpa_emoji,negatif,md
-HuNHKFaW60,user_c5418742f612,True,1728172800,0,negatif,0.522,netral,tanpa_emoji,negatif,md
-HuNHKFaW60,user_f7eb7d098ca9,True,1728172800,0,negatif,0.9979,negatif,tanpa_emoji,negatif,md
-HuNHKFaW60,user_b07501cfa608,True,1728172800,0,netral,0.9591,netral,tanpa_emoji,netral,md
-HuNHKFaW60,user_cdd852c322f8,False,1728172800,3,negatif,0.9989,netral,tanpa_emoji,negatif,md
-HuNHKFaW60,user_f7eb7d098ca9,True,1728172800,0,negatif,0.9285,netral,netral,negatif,md
-HuNHKFaW60,user_6afacf0f3aed,False,1728172800,2,positif,0.9456,positif,positif,positif,md
-HuNHKFaW60,user_113c8abc18c2,False,1728172800,3,negatif,0.7921,netral,tanpa_emoji,negatif,md
-HuNHKFaW60,user_113c8abc18c2,False,1728172800,1,positif,0.401,netral,tanpa_emoji,positif,md
-HuNHKFaW60,user_679a74db77ca,False,1728172800,3,negatif,0.9235,netral,tanpa_emoji,negatif,md
-HuNHKFaW60,user_4e293f5e13fe,False,1728172800,2,negatif,0.999,negatif,netral,negatif,md
-HuNHKFaW60,user_cdd852c322f8,False,1728172800,4,negatif,0.9992,netral,tanpa_emoji,negatif,md
-HuNHKFaW60,user_549bb9d25f34,True,1728172800,0,negatif,0.9778,netral,tanpa_emoji,negatif,md
-HuNHKFaW60,user_61b8f7e38a45,True,1728172800,0,negatif,0.9982,netral,tanpa_emoji,negatif,md
-HuNHKFaW60,user_7c3432510d0f,False,1728172800,11,positif,0.9656,negatif,tanpa_emoji,positif,md
-HuNHKFaW60,user_f7eb7d098ca9,True,1728172800,0,negatif,0.615,netral,tanpa_emoji,negatif,md
-HuNHKFaW60,user_113c8abc18c2,False,1728172800,2,negatif,0.9804,netral,tanpa_emoji,negatif,md
-HuNHKFaW60,user_1eac999c7793,False,1728172800,1,positif,0.9189,netral,tanpa_emoji,positif,md
-HuNHKFaW60,user_f92c617ac80b,False,1728172800,0,netral,0.7336,netral,tanpa_emoji,netral,md
-HuNHKFaW60,user_9990c0cd3bad,False,1728172800,0,netral,0.7472,netral,tanpa_emoji,netral,md
-HuNHKFaW60,user_0b13e4a389d1,False,1728172800,0,negatif,0.9653,positif,tanpa_emoji,negatif,md
-HuNHKFaW60,user_3871bd13c0b1,False,1728172800,188,positif,0.5168,positif,tanpa_emoji,positif,md
-HuNHKFaW60,user_6afe95c39f56,True,1728172800,5,negatif,0.9842,netral,tanpa_emoji,negatif,md
-HuNHKFaW60,user_3871bd13c0b1,True,1728172800,5,negatif,0.604,netral,tanpa_emoji,negatif,md
-HuNHKFaW60,user_6afe95c39f56,True,1728172800,0,positif,0.8577,netral,tanpa_emoji,positif,md
-HuNHKFaW60,user_8c49918daf02,True,1728172800,1,positif,0.6573,netral,netral,positif,md
-HuNHKFaW60,user_2c487593b27c,True,1728172800,0,positif,0.5166,negatif,tanpa_emoji,positif,md
-HuNHKFaW60,user_3a24c0f256f7,True,1728172800,3,negatif,0.8034,positif,tanpa_emoji,negatif,md
-HuNHKFaW60,user_743dc4aaad5d,False,1728172800,0,negatif,0.9942,netral,tanpa_emoji,negatif,md
-HuNHKFaW60,user_454c63b6b75c,False,1728172800,10,negatif,0.8386,negatif,netral,negatif,md
-HuNHKFaW60,user_a9089934d74c,True,1728172800,0,negatif,0.9269,netral,tanpa_emoji,negatif,md
-HuNHKFaW60,user_4976a4d81405,False,1728172800,3,negatif,0.9653,positif,tanpa_emoji,negatif,md
-HuNHKFaW60,user_79b38807e46c,False,1728172800,0,negatif,0.9931,netral,tanpa_emoji,negatif,md
-HuNHKFaW60,user_9caf2826e6a1,False,1728172800,0,negatif,0.9228,netral,tanpa_emoji,negatif,md
-HuNHKFaW60,user_f7eb7d098ca9,True,1728172800,0,positif,0.6915,netral,netral,positif,md
-HuNHKFaW60,user_29667176603e,False,1728172800,0,positif,0.4052,netral,tanpa_emoji,positif,md
-HuNHKFaW60,user_adf55995f1b4,False,1728172800,0,positif,0.947,positif,tanpa_emoji,positif,md
-HuNHKFaW60,user_ce5718d7e760,False,1728172800,1,positif,0.9766,positif,positif,positif,md
-HuNHKFaW60,user_6961f526d88e,False,1728172800,0,negatif,0.999,netral,netral,negatif,md
-HuNHKFaW60,user_60e06394d90d,False,1728172800,1,positif,0.9759,positif,tanpa_emoji,positif,md
-HuNHKFaW60,user_b578b1d10ce9,False,1728172800,1,positif,0.9964,positif,netral,positif,md
-HuNHKFaW60,user_df4c4eb89bc2,False,1728172800,2,netral,0.9563,positif,positif,netral,md
-HuNHKFaW60,user_1729eb99bb30,False,1728172800,0,negatif,0.4641,netral,netral,negatif,md
-HuNHKFaW60,user_1e294a55e70a,False,1728172800,17,negatif,0.9891,positif,tanpa_emoji,negatif,md
-HuNHKFaW60,user_3779c552a826,True,1728172800,4,negatif,0.9649,negatif,tanpa_emoji,negatif,md
-HuNHKFaW60,user_d8a80d2c7573,True,1728172800,3,negatif,0.9952,netral,tanpa_emoji,negatif,md
-HuNHKFaW60,user_5f2fc4c70652,False,1728172800,0,negatif,0.9344,positif,positif,negatif,md
-HuNHKFaW60,user_837cd57d1b29,False,1728172800,1,positif,0.9333,netral,tanpa_emoji,positif,md
-HuNHKFaW60,user_c5418742f612,True,1728172800,0,positif,0.5542,positif,tanpa_emoji,positif,md
-HuNHKFaW60,user_f7eb7d098ca9,True,1728172800,0,negatif,0.778,netral,tanpa_emoji,negatif,md
-HuNHKFaW60,user_837cd57d1b29,True,1728172800,0,negatif,0.9924,negatif,negatif,negatif,md
-HuNHKFaW60,user_8641403bc5ed,False,1728172800,1,negatif,0.9613,netral,tanpa_emoji,negatif,md
-HuNHKFaW60,user_5b205b8bfb5a,False,1728172800,0,negatif,0.6016,netral,tanpa_emoji,negatif,md
-HuNHKFaW60,user_fb773f29abf0,False,1728172800,1,negatif,0.9313,netral,netral,negatif,md
-HuNHKFaW60,user_819082b96962,False,1728172800,0,negatif,0.7922,positif,tanpa_emoji,negatif,md
-HuNHKFaW60,user_9f0452834b29,False,1728172800,0,netral,0.7905,netral,tanpa_emoji,netral,md
-HuNHKFaW60,user_3578c5280961,False,1728172800,0,negatif,0.8605,netral,tanpa_emoji,negatif,md
-HuNHKFaW60,user_7981bc7c1e6f,False,1728172800,0,negatif,0.9556,negatif,tanpa_emoji,negatif,md
-HuNHKFaW60,user_b8401ed52d68,False,1728172800,0,negatif,0.9949,netral,tanpa_emoji,negatif,md
-HuNHKFaW60,user_028968183b43,False,1728172800,1,positif,0.657,netral,tanpa_emoji,positif,md
-HuNHKFaW60,user_e759f900384d,False,1728172800,1,negatif,0.5471,netral,tanpa_emoji,negatif,md
-HuNHKFaW60,user_3466062a8299,False,1728172800,1,negatif,0.8664,netral,tanpa_emoji,negatif,md
-HuNHKFaW60,user_206360ed0cfc,False,1728172800,0,netral,0.7662,netral,tanpa_emoji,netral,md
-HuNHKFaW60,user_679a74db77ca,False,1728172800,3,negatif,0.6269,negatif,tanpa_emoji,negatif,md
-HuNHKFaW60,user_0c59a64f8a82,False,1728172800,0,negatif,0.5176,netral,tanpa_emoji,negatif,md
-HuNHKFaW60,user_1a623b7ad6d8,False,1728172800,0,negatif,0.9979,netral,tanpa_emoji,negatif,md
-HuNHKFaW60,user_a8b187b8f43c,True,1728172800,0,negatif,0.9962,negatif,netral,negatif,md
-HuNHKFaW60,user_bc1cd6f06fbc,True,1728172800,0,netral,0.9831,netral,tanpa_emoji,netral,md
-HuNHKFaW60,user_1a9972fd87dd,False,1728172800,1,negatif,0.5043,negatif,tanpa_emoji,negatif,md
-HuNHKFaW60,user_50038e5365b0,False,1728172800,0,negatif,0.4705,netral,tanpa_emoji,negatif,md
-HuNHKFaW60,user_97b9358bb5e0,False,1728172800,0,netral,0.7143,netral,tanpa_emoji,netral,md
-HuNHKFaW60,user_40df7faaa42d,False,1728172800,0,negatif,0.9848,netral,tanpa_emoji,negatif,md
-HuNHKFaW60,user_b43fbdc0f941,False,1728172800,1,negatif,0.9722,netral,positif,negatif,md
-HuNHKFaW60,user_2a72285e781c,False,1728172800,0,negatif,0.9328,positif,netral,negatif,md
-HuNHKFaW60,user_ef5adee62534,False,1728172800,1,negatif,0.9986,negatif,tanpa_emoji,negatif,md
-HuNHKFaW60,user_3eebf3bcd734,False,1728172800,0,negatif,0.9957,netral,tanpa_emoji,negatif,md
-HuNHKFaW60,user_5acb46a17e82,False,1728172800,0,negatif,0.9778,netral,netral,negatif,md
-HuNHKFaW60,user_fa0b021a735c,False,1728172800,0,netral,0.8156,netral,tanpa_emoji,netral,md
-HuNHKFaW60,user_3a3dff933684,False,1728172800,0,negatif,0.9953,negatif,tanpa_emoji,negatif,md
-HuNHKFaW60,user_4a0a8ec9924c,False,1728172800,0,positif,0.7947,positif,tanpa_emoji,positif,md
-HuNHKFaW60,user_8136321293bf,False,1728172800,1,negatif,0.9915,netral,netral,negatif,md
-HuNHKFaW60,user_f9f84e6de640,False,1728172800,1,positif,0.7975,netral,tanpa_emoji,positif,md
-HuNHKFaW60,user_7f2ea7b46211,False,1728172800,0,negatif,0.998,positif,tanpa_emoji,negatif,md
-HuNHKFaW60,user_f7eb7d098ca9,True,1728172800,0,negatif,0.9698,negatif,tanpa_emoji,negatif,md
-HuNHKFaW60,user_3747a4a831bc,False,1728172800,1,negatif,0.8878,netral,tanpa_emoji,negatif,md
-HuNHKFaW60,user_74765eb275b8,False,1728172800,1,negatif,0.9851,negatif,tanpa_emoji,negatif,md
-HuNHKFaW60,user_d4614ca4cd94,False,1728172800,1,positif,0.9963,netral,netral,positif,md
-HuNHKFaW60,user_a0d576f8f551,True,1728172800,1,negatif,0.9242,netral,tanpa_emoji,negatif,md
-HuNHKFaW60,user_bc1cd6f06fbc,False,1728172800,0,netral,0.9938,netral,tanpa_emoji,netral,md
-HuNHKFaW60,user_c1a17d2b7c59,False,1728172800,0,negatif,0.9984,netral,tanpa_emoji,negatif,md
-HuNHKFaW60,user_08faf0fe23af,False,1728172800,1,positif,0.9934,positif,tanpa_emoji,positif,md
-HuNHKFaW60,user_573438f54a80,False,1728172800,1,negatif,0.9883,netral,tanpa_emoji,negatif,md
-HuNHKFaW60,user_2636aadaeb1c,False,1728172800,1,negatif,0.8962,netral,tanpa_emoji,negatif,md
-HuNHKFaW60,user_f53a34b03004,False,1728172800,153,positif,0.994,positif,positif,positif,md
-HuNHKFaW60,user_d35875a39c20,True,1728172800,2,negatif,0.9009,netral,tanpa_emoji,negatif,md
-HuNHKFaW60,user_02f6d4c7b1d3,True,1728172800,0,netral,0.5158,netral,tanpa_emoji,netral,md
-HuNHKFaW60,user_df7102e4ce77,True,1728172800,0,negatif,0.8746,netral,tanpa_emoji,negatif,md
-HuNHKFaW60,user_c430a8fdebdb,True,1728172800,1,negatif,0.5406,positif,netral,negatif,md
-HuNHKFaW60,user_323785f66edb,False,1728172800,0,netral,0.938,negatif,tanpa_emoji,netral,md
-HuNHKFaW60,user_584672bcfe10,False,1728172800,2,positif,0.9971,positif,positif,positif,md
-HuNHKFaW60,user_e524cea892f4,False,1728172800,1,negatif,0.679,negatif,negatif,negatif,md
-HuNHKFaW60,user_52e2c4a10187,False,1728172800,1,negatif,0.9979,netral,tanpa_emoji,negatif,md
-HuNHKFaW60,user_58e48d8632d2,False,1728172800,1,positif,0.7326,positif,positif,positif,md
-HuNHKFaW60,user_4113f4c83cf5,False,1728172800,1,positif,0.8543,netral,tanpa_emoji,positif,md
-HuNHKFaW60,user_48113dc219b7,False,1728172800,55,positif,0.8692,positif,tanpa_emoji,positif,md
-HuNHKFaW60,user_e2c9c37454ce,False,1728172800,1,negatif,0.8777,positif,tanpa_emoji,negatif,md
-HuNHKFaW60,user_63f90f1bcf0a,False,1728172800,1,negatif,0.8934,netral,tanpa_emoji,negatif,md
-HuNHKFaW60,user_51b43dd9a9f6,False,1728172800,25,positif,0.9991,positif,positif,positif,md
-HuNHKFaW60,user_51b43dd9a9f6,False,1728172800,9,positif,0.9983,positif,positif,positif,md
-HuNHKFaW60,user_51b43dd9a9f6,False,1728172800,5,negatif,0.9584,netral,tanpa_emoji,negatif,md
-HuNHKFaW60,user_57c5b9bf68e5,False,1728172800,2,netral,0.7017,netral,tanpa_emoji,netral,md
-HuNHKFaW60,user_cd8f04b2be0b,False,1728172800,44,positif,0.9779,positif,positif,positif,md
-HuNHKFaW60,user_f7eb7d098ca9,True,1728172800,0,negatif,0.998,negatif,tanpa_emoji,negatif,md
-HuNHKFaW60,user_cd8f04b2be0b,True,1728172800,2,netral,0.8715,netral,tanpa_emoji,netral,md
-HuNHKFaW60,user_0a4e0a833a7c,False,1728172800,6,positif,0.8434,netral,tanpa_emoji,positif,md
-HuNHKFaW60,user_90a355ca3baa,False,1728172800,0,negatif,0.9845,negatif,tanpa_emoji,negatif,md
-HuNHKFaW60,user_2636aadaeb1c,True,1728172800,0,negatif,0.7633,positif,tanpa_emoji,negatif,md
-HuNHKFaW60,user_354f50cd69f4,False,1728172800,0,negatif,0.6463,netral,tanpa_emoji,negatif,md
-HuNHKFaW60,user_88fe9d0d1427,False,1728172800,0,negatif,0.9361,netral,tanpa_emoji,negatif,md
-HuNHKFaW60,user_df48dfcb0239,False,1728172800,0,netral,0.9498,netral,tanpa_emoji,netral,md
-HuNHKFaW60,user_04c20b164d33,False,1728172800,0,negatif,0.7321,positif,tanpa_emoji,negatif,md
-HuNHKFaW60,user_ec314c8432f2,False,1728172800,1,positif,0.7119,netral,tanpa_emoji,positif,md
-HuNHKFaW60,user_13e7d8195679,False,1728172800,2,netral,0.7408,positif,positif,netral,md
-HuNHKFaW60,user_2b3f369961d2,False,1728172800,1,positif,0.4561,netral,tanpa_emoji,positif,md
-HuNHKFaW60,user_8b6fec3b0edf,False,1728172800,2,negatif,0.9187,positif,tanpa_emoji,negatif,md
-HuNHKFaW60,user_fbd11b357727,False,1728172800,80,positif,0.7226,netral,netral,positif,md
-HuNHKFaW60,user_58601121e97d,True,1728172800,1,negatif,0.8963,netral,tanpa_emoji,negatif,md
-HuNHKFaW60,user_7227385b7565,True,1728172800,3,netral,0.9913,netral,tanpa_emoji,netral,md
-HuNHKFaW60,user_58601121e97d,True,1728172800,0,netral,0.7325,netral,tanpa_emoji,netral,md
-HuNHKFaW60,user_49b4a47fa3f2,False,1728172800,0,negatif,0.9982,negatif,tanpa_emoji,negatif,md
-HuNHKFaW60,user_7c77f1aa63e2,False,1728172800,1,negatif,0.9961,netral,tanpa_emoji,negatif,md
-HuNHKFaW60,user_c4be28bbc8eb,False,1728172800,6,positif,0.9895,positif,netral,positif,md
-HuNHKFaW60,user_3a730ecce661,False,1728172800,2,negatif,0.9107,positif,tanpa_emoji,negatif,md
-HuNHKFaW60,user_c73054fc9d72,False,1728172800,301,negatif,0.9526,netral,netral,negatif,md
-HuNHKFaW60,user_98795a6911aa,True,1728172800,7,negatif,0.7058,netral,tanpa_emoji,negatif,md
-HuNHKFaW60,user_c73054fc9d72,True,1728172800,21,netral,0.9803,netral,tanpa_emoji,netral,md
-HuNHKFaW60,user_33f3f49d7b70,True,1728172800,2,negatif,0.8977,positif,tanpa_emoji,negatif,md
-HuNHKFaW60,user_63483ec3cd75,True,1728172800,0,netral,0.8673,netral,tanpa_emoji,netral,md
-HuNHKFaW60,user_da2745e48da3,True,1728172800,2,negatif,0.8056,netral,tanpa_emoji,negatif,md
-HuNHKFaW60,user_2ac4dfe9a64f,True,1728172800,1,netral,0.5919,netral,tanpa_emoji,netral,md
-HuNHKFaW60,user_8aa689e12025,True,1728172800,0,negatif,0.7694,netral,tanpa_emoji,negatif,md
-HuNHKFaW60,user_33f3f49d7b70,True,1728172800,0,netral,0.995,negatif,tanpa_emoji,netral,md
-HuNHKFaW60,user_33f3f49d7b70,True,1728172800,0,positif,0.91,netral,netral,positif,md
-HuNHKFaW60,user_3a503ef4f7ac,True,1728172800,0,negatif,0.8499,negatif,netral,negatif,md
-HuNHKFaW60,user_c73054fc9d72,True,1728172800,1,positif,0.9089,netral,netral,positif,md
-HuNHKFaW60,user_3a503ef4f7ac,True,1728172800,1,negatif,0.8221,positif,netral,negatif,md
-HuNHKFaW60,user_7e15005a5c2d,True,1728172800,0,netral,0.9157,netral,tanpa_emoji,netral,md
-HuNHKFaW60,user_8136dd7f2de9,False,1728172800,18,positif,0.5157,positif,netral,positif,md
-HuNHKFaW60,user_b5bea406cbe1,False,1728172800,1,negatif,0.5241,positif,positif,positif,md
-HuNHKFaW60,user_26c723577cbf,True,1728172800,0,negatif,0.5094,positif,netral,negatif,md
-HuNHKFaW60,user_8488c1945f6e,False,1728172800,53,negatif,0.9518,netral,tanpa_emoji,negatif,md
-HuNHKFaW60,user_59536ea0451e,True,1728172800,0,negatif,0.8248,netral,tanpa_emoji,negatif,md
-HuNHKFaW60,user_f7eb7d098ca9,True,1728172800,0,negatif,0.925,netral,netral,negatif,md
-HuNHKFaW60,user_8488c1945f6e,True,1728172800,0,netral,0.9487,netral,tanpa_emoji,netral,md
-HuNHKFaW60,user_2d9e96ed983b,False,1728172800,3,negatif,0.9978,negatif,tanpa_emoji,negatif,md
-HuNHKFaW60,user_e91a54e70142,False,1728172800,0,negatif,0.9947,positif,netral,negatif,md
-HuNHKFaW60,user_c8f1f024bdec,False,1728172800,1,negatif,0.4807,negatif,tanpa_emoji,negatif,md
-HuNHKFaW60,user_adc49c915268,False,1728172800,0,netral,0.5467,netral,netral,netral,md
-HuNHKFaW60,user_6dd5d1e2ec6f,False,1728172800,5,negatif,0.9409,netral,netral,negatif,md
-HuNHKFaW60,user_4114f2cf4682,False,1728172800,105,positif,0.7173,positif,positif,positif,md
-HuNHKFaW60,user_7f1d1a96848c,True,1728172800,0,negatif,0.536,netral,tanpa_emoji,negatif,md
-HuNHKFaW60,user_4114f2cf4682,True,1728172800,0,netral,0.988,netral,tanpa_emoji,netral,md
-HuNHKFaW60,user_80c8c3404da0,True,1728172800,0,negatif,0.8152,netral,tanpa_emoji,negatif,md
-HuNHKFaW60,user_c3353f1d4a79,False,1728172800,8,negatif,0.8121,netral,tanpa_emoji,negatif,md
-HuNHKFaW60,user_d4614ca4cd94,True,1728172800,2,negatif,0.9965,netral,netral,negatif,md
-HuNHKFaW60,user_3aafa5877126,True,1728172800,0,positif,0.7309,netral,tanpa_emoji,positif,md
-HuNHKFaW60,user_d8a80d2c7573,True,1728172800,0,negatif,0.7201,netral,tanpa_emoji,negatif,md
-HuNHKFaW60,user_bc1cd6f06fbc,True,1728172800,0,netral,0.9831,netral,tanpa_emoji,netral,md
-HuNHKFaW60,user_c78faea10bd6,False,1728172800,5,negatif,0.96,netral,netral,negatif,md
-HuNHKFaW60,user_ec8bdbd33a92,False,1728172800,1,negatif,0.9981,negatif,tanpa_emoji,negatif,md
-HuNHKFaW60,user_0dfbc8b6dcc0,False,1728172800,0,netral,0.5732,netral,tanpa_emoji,netral,md
-HuNHKFaW60,user_9c0d30a8fbc8,False,1728172800,0,negatif,0.6677,netral,tanpa_emoji,negatif,md
-HuNHKFaW60,user_1f8f0fbac86c,False,1728172800,1,positif,0.9863,positif,tanpa_emoji,positif,md
-HuNHKFaW60,user_19adeeb0c45b,False,1728172800,1,positif,0.7997,netral,netral,positif,md
-HuNHKFaW60,user_37aef45e0b35,False,1728172800,0,negatif,0.9957,positif,tanpa_emoji,negatif,md
-HuNHKFaW60,user_549bb9d25f34,True,1728172800,0,negatif,0.9332,netral,tanpa_emoji,negatif,md
-HuNHKFaW60,user_37aef45e0b35,True,1728172800,0,netral,0.7789,netral,tanpa_emoji,netral,md
-HuNHKFaW60,user_0d2cebcf4106,False,1728172800,11,negatif,0.5443,positif,positif,positif,md
-HuNHKFaW60,user_94b72cc05215,False,1728172800,5,negatif,0.9163,positif,tanpa_emoji,negatif,md
-HuNHKFaW60,user_aa553f3c57cb,False,1728172800,1,positif,0.9858,positif,positif,positif,md
-HuNHKFaW60,user_4cabda344628,False,1728172800,22,positif,0.9949,positif,positif,positif,md
-HuNHKFaW60,user_c5418742f612,True,1728172800,0,positif,0.9431,netral,tanpa_emoji,positif,md
-HuNHKFaW60,user_fcf9de0e1c83,True,1728172800,0,netral,0.5594,positif,tanpa_emoji,netral,md
-HuNHKFaW60,user_f7eb7d098ca9,True,1728172800,0,negatif,0.9844,netral,tanpa_emoji,negatif,md
-HuNHKFaW60,user_fcf9de0e1c83,True,1728172800,0,negatif,0.8726,netral,tanpa_emoji,negatif,md
-HuNHKFaW60,user_626b94211574,False,1728172800,0,positif,0.941,positif,netral,positif,md
-HuNHKFaW60,user_79204b233dad,False,1728172800,1,negatif,0.978,positif,tanpa_emoji,negatif,md
-HuNHKFaW60,user_22553bcc0fec,False,1728172800,1,negatif,0.9159,netral,tanpa_emoji,negatif,md
-HuNHKFaW60,user_fe4b6e1fb8f4,False,1728172800,0,negatif,0.6975,netral,tanpa_emoji,negatif,md
-HuNHKFaW60,user_132cc648a44f,False,1728172800,2,netral,0.9885,netral,tanpa_emoji,netral,md
-HuNHKFaW60,user_efbed3d857f1,False,1728172800,1,negatif,0.4236,positif,positif,positif,md
-HuNHKFaW60,user_df2b7443d42d,False,1728172800,0,negatif,0.7563,netral,tanpa_emoji,negatif,md
-HuNHKFaW60,user_df2b7443d42d,False,1728172800,0,negatif,0.7563,netral,tanpa_emoji,negatif,md
-HuNHKFaW60,user_f0f27e71b673,False,1728172800,0,negatif,0.6988,netral,tanpa_emoji,negatif,md
-HuNHKFaW60,user_e0a6ca00f28f,False,1728172800,0,negatif,0.5958,netral,tanpa_emoji,negatif,md
-HuNHKFaW60,user_7af1e4ed2a9f,False,1728172800,1,negatif,0.9745,netral,tanpa_emoji,negatif,md
-HuNHKFaW60,user_7f4ba9ec7145,False,1728172800,3,netral,0.7417,netral,tanpa_emoji,netral,md
-HuNHKFaW60,user_a67663296531,False,1728172800,1,positif,0.7211,positif,positif,positif,md
-HuNHKFaW60,user_c1999b24ac02,False,1728172800,0,netral,0.8698,netral,tanpa_emoji,netral,md
-HuNHKFaW60,user_e946d2cd613c,False,1728172800,0,negatif,0.9568,negatif,tanpa_emoji,negatif,md
-HuNHKFaW60,user_8061018be159,False,1728172800,1,negatif,0.9259,positif,positif,positif,md
-HuNHKFaW60,user_0b1732aa9a14,False,1728172800,0,negatif,0.9956,netral,tanpa_emoji,negatif,md
-HuNHKFaW60,user_147d4e8c4706,True,1728172800,0,negatif,0.6238,netral,tanpa_emoji,negatif,md
-HuNHKFaW60,user_0b1732aa9a14,True,1728172800,0,negatif,0.5403,netral,tanpa_emoji,negatif,md
-HuNHKFaW60,user_2aa46a4d3b9b,True,1728172800,0,negatif,0.9862,negatif,tanpa_emoji,negatif,md
-HuNHKFaW60,user_7e7a97476168,True,1728172800,0,netral,0.8707,netral,tanpa_emoji,netral,md
-HuNHKFaW60,user_cabcb7be0dea,False,1728172800,1,positif,0.418,positif,positif,positif,md
-HuNHKFaW60,user_e191ed85948c,False,1728172800,0,negatif,0.9923,netral,tanpa_emoji,negatif,md
-HuNHKFaW60,user_702a855baec6,False,1728172800,1,netral,0.9758,netral,tanpa_emoji,netral,md
-HuNHKFaW60,user_47ac25699e13,False,1728172800,2,positif,0.9746,positif,positif,positif,md
-HuNHKFaW60,user_c693ed62396e,False,1728172800,0,negatif,0.9689,negatif,tanpa_emoji,negatif,md
-HuNHKFaW60,user_425fcab04ba2,False,1728172800,4,positif,0.6259,netral,tanpa_emoji,positif,md
-HuNHKFaW60,user_a92fc266949c,False,1728172800,3,negatif,0.5293,netral,tanpa_emoji,negatif,md
-HuNHKFaW60,user_1a6d5ce315ef,True,1728172800,0,negatif,0.6293,netral,tanpa_emoji,negatif,md
-HuNHKFaW60,user_1d805b7474b2,True,1728172800,0,netral,0.8112,netral,tanpa_emoji,netral,md
-HuNHKFaW60,user_f2155ef1ba96,False,1728172800,2,negatif,0.6501,positif,positif,negatif,md
-HuNHKFaW60,user_868215dc7ac2,False,1728172800,65,positif,0.47,netral,netral,positif,md
-HuNHKFaW60,user_6073bc7c57eb,True,1728172800,4,netral,0.496,netral,tanpa_emoji,netral,md
-HuNHKFaW60,user_8c73f5075dae,True,1728172800,0,negatif,0.9897,netral,netral,negatif,md
-HuNHKFaW60,user_ed85f27630b1,True,1728172800,0,netral,0.3671,netral,tanpa_emoji,netral,md
-HuNHKFaW60,user_744a8c455259,True,1728172800,0,negatif,0.9257,netral,netral,negatif,md
-HuNHKFaW60,user_6ba764e95ca5,False,1728172800,0,negatif,0.9969,netral,tanpa_emoji,negatif,md
-HuNHKFaW60,user_868215dc7ac2,True,1728172800,0,negatif,0.9962,positif,tanpa_emoji,negatif,md
-HuNHKFaW60,user_2aa46a4d3b9b,True,1728172800,0,negatif,0.7422,netral,tanpa_emoji,negatif,md
-HuNHKFaW60,user_136f21d781c4,False,1728172800,2,negatif,0.9903,netral,tanpa_emoji,negatif,md
-HuNHKFaW60,user_8061018be159,True,1728172800,0,negatif,0.9909,netral,netral,netral,md
-HuNHKFaW60,user_bc1cd6f06fbc,True,1728172800,0,netral,0.9938,netral,tanpa_emoji,netral,md
-HuNHKFaW60,user_9429e9b8033d,False,1728172800,1,negatif,0.9163,netral,netral,negatif,md
-HuNHKFaW60,user_90997d55840a,False,1728172800,1,negatif,0.683,netral,tanpa_emoji,negatif,md
-HuNHKFaW60,user_44b9c4e8183b,False,1728172800,2,negatif,0.9954,netral,tanpa_emoji,negatif,md
-HuNHKFaW60,user_282420020082,False,1728172800,1,positif,0.5562,positif,positif,positif,md
-HuNHKFaW60,user_8a648aa77d48,False,1728172800,27,negatif,0.5943,netral,tanpa_emoji,negatif,md
-HuNHKFaW60,user_e89d588aeaf6,False,1728172800,2,negatif,0.968,netral,netral,negatif,md
-HuNHKFaW60,user_e834cb527ee9,True,1728172800,1,negatif,0.7553,netral,tanpa_emoji,negatif,md
-HuNHKFaW60,user_8136dd7f2de9,True,1728172800,2,negatif,0.9951,negatif,tanpa_emoji,negatif,md
-HuNHKFaW60,user_a7acf5c36f4b,False,1728172800,18,negatif,0.9837,netral,tanpa_emoji,negatif,md
-HuNHKFaW60,user_ed85f27630b1,True,1728172800,0,negatif,0.5692,netral,tanpa_emoji,negatif,md
-HuNHKFaW60,user_ba395fd118c5,False,1728172800,1,negatif,0.9709,netral,netral,negatif,md
-HuNHKFaW60,user_586561fba27f,True,1728172800,0,negatif,0.9873,netral,tanpa_emoji,negatif,md
-HuNHKFaW60,user_2636aadaeb1c,True,1728172800,0,negatif,0.9927,negatif,tanpa_emoji,negatif,md
-HuNHKFaW60,user_29355f2e52be,False,1728172800,2,positif,0.7676,positif,tanpa_emoji,positif,md
-HuNHKFaW60,user_380b8692b160,False,1728172800,5,positif,0.7783,positif,tanpa_emoji,positif,md
-HuNHKFaW60,user_292113a22830,False,1728172800,210,positif,0.9758,netral,tanpa_emoji,positif,md
-HuNHKFaW60,user_14436286dd13,False,1728172800,19,positif,0.9911,netral,tanpa_emoji,positif,md
-HuNHKFaW60,user_2ebd3063dba2,False,1728172800,4,negatif,0.9979,netral,tanpa_emoji,negatif,md
-HuNHKFaW60,user_96da04143f06,False,1728172800,2,negatif,0.9391,positif,positif,negatif,md
-HuNHKFaW60,user_dca2b512317a,False,1728172800,396,negatif,0.997,netral,tanpa_emoji,negatif,md
-HuNHKFaW60,user_ab8654f58e37,False,1728172800,5,positif,0.9826,positif,tanpa_emoji,positif,md
-HuNHKFaW60,user_d381eba70818,False,1728172800,36,positif,0.7319,positif,positif,positif,md
-HuNHKFaW60,user_58e00a9bce67,False,1728172800,29,positif,0.9889,netral,tanpa_emoji,positif,md
-HuNHKFaW60,user_d2ed7d859b36,False,1728172800,1,negatif,0.9899,netral,positif,negatif,md
-HuNHKFaW60,user_3092a92b0499,False,1728172800,3,negatif,0.8469,netral,tanpa_emoji,negatif,md
-HuNHKFaW60,user_c69dd38a86c7,False,1728172800,6,negatif,0.6774,positif,positif,negatif,md
0fuFgUmW_HA,user_3753950e4a38,False,1788652800,0,negatif,0.9987,negatif,tanpa_emoji,negatif,md
0fuFgUmW_HA,user_f2b1b4889909,False,1778025600,0,netral,0.8421,netral,tanpa_emoji,netral,md
0fuFgUmW_HA,user_4dca293d47a6,False,1778025600,1,netral,0.5058,netral,tanpa_emoji,netral,md
0fuFgUmW_HA,user_0d730739378b,False,1778025600,0,negatif,0.9084,positif,positif,positif,md
0fuFgUmW_HA,user_97c931928f6c,False,1775433600,1,netral,0.9803,netral,tanpa_emoji,netral,md
0fuFgUmW_HA,user_2145346b8fd9,False,1775433600,0,positif,0.9822,positif,tanpa_emoji,positif,md
0fuFgUmW_HA,user_2145346b8fd9,False,1775433600,0,negatif,0.7846,positif,positif,positif,md
0fuFgUmW_HA,user_6be24614f948,False,1775433600,0,positif,0.569,netral,tanpa_emoji,positif,md
0fuFgUmW_HA,user_d0214e5a6924,False,1775433600,0,negatif,0.9067,positif,tanpa_emoji,negatif,md
0fuFgUmW_HA,user_11c58b1aa43b,False,1775433600,4,positif,0.9919,positif,positif,positif,md
0fuFgUmW_HA,user_629f32f50438,False,1775433600,0,negatif,0.9437,netral,tanpa_emoji,negatif,md
0fuFgUmW_HA,user_a53b564c1e7f,False,1775433600,0,positif,0.5647,positif,positif,positif,md
0fuFgUmW_HA,user_9925b7c04b37,False,1772755200,0,negatif,0.9093,positif,positif,positif,md
0fuFgUmW_HA,user_a4f04b0ccca9,False,1772755200,0,negatif,0.5731,netral,netral,negatif,md
0fuFgUmW_HA,user_3ab775390c75,False,1772755200,8,netral,0.8873,netral,tanpa_emoji,netral,md
0fuFgUmW_HA,user_88ea820f3812,False,1772755200,1,negatif,0.5073,netral,tanpa_emoji,negatif,md
0fuFgUmW_HA,user_0f92dbeddaa1,False,1770336000,1,netral,0.8728,netral,tanpa_emoji,netral,md
0fuFgUmW_HA,user_4bc035bdd993,True,1770336000,0,negatif,0.9456,netral,netral,negatif,md
0fuFgUmW_HA,user_4bc035bdd993,True,1770336000,0,positif,0.4995,netral,tanpa_emoji,positif,md
0fuFgUmW_HA,user_ea438ed621dc,False,1770336000,0,negatif,0.9258,positif,netral,negatif,md
0fuFgUmW_HA,user_3421375f6fee,False,1770336000,0,positif,0.8959,netral,netral,positif,md
0fuFgUmW_HA,user_c57110721d4a,False,1770336000,0,negatif,0.994,netral,netral,negatif,md
0fuFgUmW_HA,user_6b69d8ec3165,False,1770336000,0,negatif,0.9288,netral,tanpa_emoji,negatif,md
0fuFgUmW_HA,user_4880e0d876bf,False,1770336000,0,netral,0.7831,netral,tanpa_emoji,netral,md
0fuFgUmW_HA,user_7239eaf0452a,False,1770336000,0,negatif,0.9989,negatif,tanpa_emoji,negatif,md
0fuFgUmW_HA,user_5f637082d7a0,False,1770336000,0,netral,0.9823,netral,tanpa_emoji,netral,md
0fuFgUmW_HA,user_db648b226447,False,1770336000,0,negatif,0.6771,negatif,tanpa_emoji,negatif,md
0fuFgUmW_HA,user_9aa4cd488626,False,1770336000,0,negatif,0.9979,negatif,tanpa_emoji,negatif,md
0fuFgUmW_HA,user_f95de7965d32,False,1770336000,0,negatif,0.8768,netral,netral,negatif,md
0fuFgUmW_HA,user_ed49989a3225,False,1770336000,1,negatif,0.9989,netral,netral,negatif,md
0fuFgUmW_HA,user_83328dd1c14a,True,1770336000,1,positif,0.9875,positif,positif,positif,md
0fuFgUmW_HA,user_4aed9389a765,True,1775433600,0,negatif,0.9989,netral,tanpa_emoji,negatif,md
0fuFgUmW_HA,user_ed49989a3225,True,1775433600,0,netral,0.9139,netral,tanpa_emoji,netral,md
0fuFgUmW_HA,user_4aed9389a765,True,1775433600,0,netral,0.689,netral,tanpa_emoji,netral,md
0fuFgUmW_HA,user_ed49989a3225,True,1775433600,0,netral,0.9781,netral,tanpa_emoji,netral,md
0fuFgUmW_HA,user_ed49989a3225,True,1775433600,0,netral,0.8024,netral,tanpa_emoji,netral,md
0fuFgUmW_HA,user_ae134d7de270,False,1770336000,0,negatif,0.9886,negatif,netral,negatif,md
0fuFgUmW_HA,user_c346989e8bde,False,1770336000,0,negatif,0.9926,netral,tanpa_emoji,negatif,md
0fuFgUmW_HA,user_3368f9f0279f,False,1770336000,0,negatif,0.9958,negatif,netral,negatif,md
0fuFgUmW_HA,user_265b30d36b23,True,1770336000,0,negatif,0.9812,negatif,tanpa_emoji,negatif,md
0fuFgUmW_HA,user_e3e27f47af61,False,1770336000,0,negatif,0.6776,netral,tanpa_emoji,negatif,md
0fuFgUmW_HA,user_9364276e9789,False,1770336000,0,negatif,0.655,netral,tanpa_emoji,negatif,md
0fuFgUmW_HA,user_c771872fc091,False,1770336000,0,positif,0.465,netral,tanpa_emoji,positif,md
0fuFgUmW_HA,user_70439ebc7342,True,1770336000,0,netral,0.5649,netral,tanpa_emoji,netral,md
0fuFgUmW_HA,user_8036cd4336b7,False,1770336000,1,negatif,0.998,negatif,negatif,negatif,md
0fuFgUmW_HA,user_710307c75328,True,1770336000,3,positif,0.9943,positif,netral,positif,md
0fuFgUmW_HA,user_480185d89a29,True,1770336000,0,negatif,0.9974,negatif,tanpa_emoji,negatif,md
0fuFgUmW_HA,user_e7cf66833071,False,1770336000,1,positif,0.9015,positif,netral,positif,md
0fuFgUmW_HA,user_21ff3d2bdf5e,False,1770336000,6,negatif,0.9268,netral,tanpa_emoji,negatif,md
0fuFgUmW_HA,user_10144043f4fc,False,1770336000,0,positif,0.8435,positif,tanpa_emoji,positif,md
0fuFgUmW_HA,user_5f637082d7a0,False,1770336000,0,netral,0.9624,netral,tanpa_emoji,netral,md
0fuFgUmW_HA,user_14436286dd13,False,1770336000,0,positif,0.957,positif,tanpa_emoji,positif,md
0fuFgUmW_HA,user_2e5e5cd18e27,False,1770336000,9,negatif,0.973,netral,netral,negatif,md
0fuFgUmW_HA,user_6f28f958605b,True,1772755200,1,negatif,0.5001,netral,tanpa_emoji,negatif,md
0fuFgUmW_HA,user_c62c50d443fa,False,1770336000,0,negatif,0.7866,positif,netral,negatif,md
0fuFgUmW_HA,user_82583cdcf994,False,1770336000,0,negatif,0.9551,netral,tanpa_emoji,negatif,md
0fuFgUmW_HA,user_af61f22490d9,False,1770336000,1,negatif,0.9918,negatif,netral,negatif,md
0fuFgUmW_HA,user_3368f9f0279f,True,1770336000,1,negatif,0.9981,negatif,netral,negatif,md
0fuFgUmW_HA,user_ed85f27630b1,True,1770336000,0,negatif,0.4345,negatif,tanpa_emoji,negatif,md
0fuFgUmW_HA,user_af61f22490d9,True,1770336000,0,negatif,0.9032,netral,netral,negatif,md
0fuFgUmW_HA,user_af61f22490d9,True,1770336000,0,negatif,0.9899,negatif,tanpa_emoji,negatif,md
0fuFgUmW_HA,user_18df82b5839d,True,1770336000,0,negatif,0.8403,positif,tanpa_emoji,negatif,md
0fuFgUmW_HA,user_3dddc3fcbdff,False,1770336000,1,negatif,0.9889,negatif,tanpa_emoji,negatif,md
0fuFgUmW_HA,user_265b30d36b23,True,1770336000,0,negatif,0.9635,negatif,tanpa_emoji,negatif,md
0fuFgUmW_HA,user_dca2b512317a,True,1770336000,0,negatif,0.9894,negatif,negatif,negatif,md
0fuFgUmW_HA,user_d404ddeabadd,False,1770336000,0,netral,0.5839,netral,tanpa_emoji,netral,md
0fuFgUmW_HA,user_420746dfe39f,False,1770336000,0,positif,0.9935,positif,tanpa_emoji,positif,md
0fuFgUmW_HA,user_4aed9389a765,True,1770336000,0,positif,0.4879,netral,tanpa_emoji,positif,md
0fuFgUmW_HA,user_85d450c290eb,False,1770336000,1,negatif,0.9973,netral,tanpa_emoji,negatif,md
0fuFgUmW_HA,user_710307c75328,True,1770336000,1,negatif,0.976,netral,netral,negatif,md
0fuFgUmW_HA,user_50b735acdbc5,True,1770336000,0,negatif,0.7966,netral,tanpa_emoji,negatif,md
0fuFgUmW_HA,user_e3b353549776,False,1770336000,1,negatif,0.4691,positif,positif,positif,md
0fuFgUmW_HA,user_939ed2e5b3fd,False,1770336000,0,positif,0.8013,positif,positif,positif,md
0fuFgUmW_HA,user_e47e11536eaf,False,1770336000,0,negatif,0.9963,negatif,netral,negatif,md
0fuFgUmW_HA,user_529fbd666a33,False,1770336000,0,negatif,0.9952,negatif,tanpa_emoji,negatif,md
0fuFgUmW_HA,user_3368f9f0279f,True,1770336000,0,negatif,0.9602,netral,tanpa_emoji,negatif,md
0fuFgUmW_HA,user_4113f4c83cf5,False,1770336000,0,negatif,0.9902,netral,tanpa_emoji,negatif,md
0fuFgUmW_HA,user_ad5f4555e45d,True,1770336000,0,netral,0.9131,netral,tanpa_emoji,netral,md
0fuFgUmW_HA,user_50b735acdbc5,True,1770336000,0,negatif,0.9857,positif,positif,negatif,md
0fuFgUmW_HA,user_75f56b749fc3,False,1770336000,0,netral,0.9007,netral,tanpa_emoji,netral,md
0fuFgUmW_HA,user_b5858bfdc50f,False,1770336000,0,positif,0.6261,netral,tanpa_emoji,positif,md
0fuFgUmW_HA,user_30ea65b34bae,False,1770336000,0,negatif,0.9783,netral,tanpa_emoji,negatif,md
0fuFgUmW_HA,user_575e6efc3cdc,True,1772755200,0,negatif,0.7134,netral,tanpa_emoji,negatif,md
0fuFgUmW_HA,user_1c6b4e3e6b73,False,1770336000,1,negatif,0.9895,positif,positif,negatif,md
0fuFgUmW_HA,user_8d8678803dc0,False,1770336000,1,negatif,0.9971,positif,tanpa_emoji,negatif,md
0fuFgUmW_HA,user_58896ccabeb5,False,1770336000,0,positif,0.7986,netral,netral,positif,md
0fuFgUmW_HA,user_9c513b43e88d,False,1770336000,0,negatif,0.7196,netral,tanpa_emoji,negatif,md
0fuFgUmW_HA,user_de0ec0fa0bf1,False,1770336000,0,negatif,0.755,netral,netral,negatif,md
0fuFgUmW_HA,user_4d8c2e1d1a74,False,1770336000,0,netral,0.8848,netral,netral,netral,md
0fuFgUmW_HA,user_8eb40ad9a3e7,False,1770336000,5,negatif,0.9985,positif,positif,negatif,md
0fuFgUmW_HA,user_16fd72719e0b,False,1770336000,45,netral,0.3737,netral,tanpa_emoji,netral,md
0fuFgUmW_HA,user_5be8227fe677,False,1770336000,6,positif,0.9702,positif,tanpa_emoji,positif,md
0fuFgUmW_HA,user_a7c88c5f03ef,True,1770336000,0,negatif,0.9866,netral,tanpa_emoji,negatif,md
0fuFgUmW_HA,user_585c318e76c1,True,1770336000,0,negatif,0.9846,netral,netral,negatif,md
0fuFgUmW_HA,user_5fb1ef30cb45,False,1770336000,6,negatif,0.5857,negatif,netral,negatif,md
0fuFgUmW_HA,user_f711e8c88d56,True,1770336000,0,negatif,0.6445,netral,tanpa_emoji,negatif,md
0fuFgUmW_HA,user_5fb1ef30cb45,True,1770336000,0,positif,0.4343,netral,netral,positif,md
0fuFgUmW_HA,user_c0eb35e78372,False,1770336000,0,negatif,0.7977,negatif,tanpa_emoji,negatif,md
0fuFgUmW_HA,user_29c3c498119a,False,1770336000,0,positif,0.5108,netral,tanpa_emoji,positif,md
0fuFgUmW_HA,user_ce8b70947cdf,False,1770336000,1,positif,0.6588,netral,netral,positif,md
0fuFgUmW_HA,user_86f097b76c64,False,1770336000,7,negatif,0.9481,netral,tanpa_emoji,negatif,md
0fuFgUmW_HA,user_4fc086a1b863,False,1770336000,2,negatif,0.9449,positif,positif,negatif,md
0fuFgUmW_HA,user_496969f21d68,False,1770336000,0,negatif,0.7565,positif,tanpa_emoji,negatif,md
0fuFgUmW_HA,user_cc0a5b93ecdf,False,1770336000,0,negatif,0.9884,netral,tanpa_emoji,negatif,md
0fuFgUmW_HA,user_92b656b72d2a,False,1770336000,1,negatif,0.714,positif,positif,negatif,md
0fuFgUmW_HA,user_b5044b64e724,False,1770336000,4,netral,0.727,netral,tanpa_emoji,netral,md
0fuFgUmW_HA,user_85c454627396,False,1770336000,1,negatif,0.9966,netral,tanpa_emoji,negatif,md
0fuFgUmW_HA,user_688f20831f12,True,1770336000,0,netral,0.9129,netral,tanpa_emoji,netral,md
0fuFgUmW_HA,user_85c454627396,True,1770336000,0,netral,0.934,netral,tanpa_emoji,netral,md
0fuFgUmW_HA,user_688f20831f12,True,1770336000,0,netral,0.9674,netral,tanpa_emoji,netral,md
0fuFgUmW_HA,user_34c543fba7ff,False,1770336000,1,negatif,0.9968,netral,netral,negatif,md
0fuFgUmW_HA,user_791e8b8c538c,True,1770336000,0,negatif,0.9894,netral,tanpa_emoji,negatif,md
0fuFgUmW_HA,user_ad5f4555e45d,True,1770336000,0,netral,0.8702,netral,netral,netral,md
0fuFgUmW_HA,user_288817fe8ea1,False,1770336000,1,negatif,0.9713,positif,tanpa_emoji,negatif,md
0fuFgUmW_HA,user_3a24c0f256f7,False,1770336000,0,positif,0.6897,negatif,tanpa_emoji,positif,md
0fuFgUmW_HA,user_e9a278d74279,False,1770336000,3,negatif,0.9948,netral,netral,negatif,md
0fuFgUmW_HA,user_04789f980367,True,1770336000,1,positif,0.993,positif,netral,positif,md
0fuFgUmW_HA,user_265b30d36b23,True,1770336000,0,negatif,0.9742,positif,tanpa_emoji,negatif,md
0fuFgUmW_HA,user_892449e1624e,False,1770336000,0,positif,0.6318,negatif,tanpa_emoji,positif,md
0fuFgUmW_HA,user_08763fcbcc1a,False,1770336000,5,negatif,0.9868,negatif,tanpa_emoji,negatif,md
0fuFgUmW_HA,user_598416093d5a,True,1770336000,3,negatif,0.8888,negatif,netral,negatif,md
0fuFgUmW_HA,user_df30f5f798cc,True,1770336000,1,negatif,0.9443,netral,tanpa_emoji,negatif,md
0fuFgUmW_HA,user_7779ad396763,True,1770336000,0,negatif,0.9458,negatif,netral,negatif,md
0fuFgUmW_HA,user_ed85f27630b1,True,1770336000,0,negatif,0.9948,negatif,netral,negatif,md
0fuFgUmW_HA,user_2bc38591896e,True,1770336000,0,netral,0.874,netral,tanpa_emoji,netral,md
0fuFgUmW_HA,user_56893feeca3f,False,1770336000,0,negatif,0.4325,positif,positif,positif,md
0fuFgUmW_HA,user_d6bed68cdef4,False,1770336000,6,negatif,0.9963,netral,tanpa_emoji,negatif,md
0fuFgUmW_HA,user_e90a2a4fd2ff,False,1770336000,1,negatif,0.7125,netral,tanpa_emoji,negatif,md
0fuFgUmW_HA,user_5401a2221c46,False,1770336000,3,negatif,0.9967,positif,tanpa_emoji,negatif,md
0fuFgUmW_HA,user_76d27ba9709d,False,1770336000,0,negatif,0.9959,positif,positif,negatif,md
0fuFgUmW_HA,user_38f53311cf00,False,1770336000,1,negatif,0.9441,negatif,tanpa_emoji,negatif,md
0fuFgUmW_HA,user_079bd2de123b,True,1770336000,0,negatif,0.9617,netral,tanpa_emoji,negatif,md
0fuFgUmW_HA,user_c9a0d2374efa,False,1770336000,7,positif,0.9921,positif,tanpa_emoji,positif,md
0fuFgUmW_HA,user_3c05f0a5677a,False,1770336000,1,negatif,0.9773,negatif,tanpa_emoji,negatif,md
0fuFgUmW_HA,user_cfb57e130ee9,True,1770336000,0,negatif,0.8385,netral,tanpa_emoji,negatif,md
0fuFgUmW_HA,user_dd844cb076cc,False,1770336000,0,negatif,0.9806,netral,netral,negatif,md
0fuFgUmW_HA,user_b14822f7ef06,True,1770336000,0,negatif,0.5147,netral,netral,negatif,md
0fuFgUmW_HA,user_d8c0988a29b5,False,1770336000,8,negatif,0.7672,netral,tanpa_emoji,negatif,md
0fuFgUmW_HA,user_8a8e00242bff,False,1770336000,1,negatif,0.9553,netral,tanpa_emoji,negatif,md
0fuFgUmW_HA,user_791e8b8c538c,True,1770336000,0,negatif,0.9934,netral,tanpa_emoji,negatif,md
0fuFgUmW_HA,user_c2aa9d0246ee,False,1770336000,2,positif,0.9978,positif,tanpa_emoji,positif,md
0fuFgUmW_HA,user_61d28cae69d7,False,1770336000,0,positif,0.9263,positif,tanpa_emoji,positif,md
0fuFgUmW_HA,user_50fa1080d1d3,False,1770336000,2,negatif,0.5892,netral,positif,positif,md
0fuFgUmW_HA,user_a2e988b7f11a,False,1770336000,4,positif,0.9902,positif,positif,positif,md
0fuFgUmW_HA,user_bb17819318d0,False,1770336000,3,positif,0.9464,positif,positif,positif,md
0fuFgUmW_HA,user_dd616835d271,False,1770336000,1,negatif,0.5465,netral,netral,negatif,md
0fuFgUmW_HA,user_902330062d72,False,1770336000,98,positif,0.9969,positif,tanpa_emoji,positif,md
0fuFgUmW_HA,user_ac35efa67ae2,True,1770336000,4,negatif,0.5155,netral,tanpa_emoji,negatif,md
0fuFgUmW_HA,user_af61f22490d9,True,1770336000,2,negatif,0.9956,negatif,netral,negatif,md
0fuFgUmW_HA,user_2223636afe46,True,1770336000,2,negatif,0.9429,netral,netral,negatif,md
0fuFgUmW_HA,user_b7709df44ea4,True,1770336000,1,positif,0.7341,netral,tanpa_emoji,positif,md
0fuFgUmW_HA,user_af61f22490d9,True,1770336000,0,negatif,0.9988,negatif,tanpa_emoji,negatif,md
0fuFgUmW_HA,user_2d6aa69ce69b,True,1770336000,0,negatif,0.9561,negatif,tanpa_emoji,negatif,md
0fuFgUmW_HA,user_af61f22490d9,True,1770336000,0,negatif,0.9578,negatif,tanpa_emoji,negatif,md
0fuFgUmW_HA,user_2d6aa69ce69b,True,1770336000,2,negatif,0.8522,netral,tanpa_emoji,negatif,md
0fuFgUmW_HA,user_be4e972dc373,True,1775433600,3,negatif,0.4762,netral,tanpa_emoji,negatif,md
0fuFgUmW_HA,user_af61f22490d9,True,1775433600,0,negatif,0.9957,negatif,netral,negatif,md
0fuFgUmW_HA,user_78470051e5a6,False,1770336000,17,negatif,0.985,positif,netral,negatif,md
0fuFgUmW_HA,user_ad5f4555e45d,True,1770336000,1,netral,0.9609,netral,tanpa_emoji,netral,md
0fuFgUmW_HA,user_45ad5cc8242d,True,1770336000,0,positif,0.9496,positif,tanpa_emoji,positif,md
0fuFgUmW_HA,user_ad5f4555e45d,True,1770336000,1,netral,0.992,netral,tanpa_emoji,netral,md
0fuFgUmW_HA,user_0b3d09c62210,True,1770336000,1,netral,0.8994,netral,netral,netral,md
0fuFgUmW_HA,user_0b3d09c62210,True,1770336000,0,negatif,0.8882,netral,tanpa_emoji,negatif,md
0fuFgUmW_HA,user_eed8a184fc05,False,1770336000,4,positif,0.8889,positif,positif,positif,md
0fuFgUmW_HA,user_a12e9d6b4543,False,1770336000,4,negatif,0.6386,positif,positif,negatif,md
0fuFgUmW_HA,user_d05b0831614e,False,1770336000,1,negatif,0.989,negatif,tanpa_emoji,negatif,md
0fuFgUmW_HA,user_9609e6c99d73,False,1770336000,4,negatif,0.7388,netral,tanpa_emoji,negatif,md
0fuFgUmW_HA,user_31062afcc3be,False,1770336000,8,negatif,0.4711,positif,positif,positif,md
0fuFgUmW_HA,user_ffd6c9c9eb91,True,1770336000,0,positif,0.8811,negatif,tanpa_emoji,positif,md
0fuFgUmW_HA,user_59c662f7d7d5,True,1770336000,0,netral,0.9869,netral,tanpa_emoji,netral,md
0fuFgUmW_HA,user_2852a63bf814,False,1770336000,5,negatif,0.8793,positif,positif,negatif,md
0fuFgUmW_HA,user_0b3d09c62210,False,1770336000,152,positif,0.9852,positif,tanpa_emoji,positif,md
0fuFgUmW_HA,user_d237b16774fe,True,1770336000,6,netral,0.9122,netral,tanpa_emoji,netral,md
0fuFgUmW_HA,user_0b3d09c62210,True,1770336000,8,negatif,0.5646,netral,tanpa_emoji,negatif,md
0fuFgUmW_HA,user_d237b16774fe,True,1770336000,0,netral,0.9232,netral,netral,netral,md
0fuFgUmW_HA,user_2223636afe46,True,1770336000,0,netral,0.9798,netral,tanpa_emoji,netral,md
0fuFgUmW_HA,user_e3b353549776,True,1770336000,5,negatif,0.4691,positif,positif,positif,md
0fuFgUmW_HA,user_0b3d09c62210,True,1770336000,5,negatif,0.9832,netral,tanpa_emoji,negatif,md
0fuFgUmW_HA,user_af61f22490d9,True,1770336000,2,negatif,0.8933,negatif,negatif,negatif,md
0fuFgUmW_HA,user_0b3d09c62210,True,1770336000,4,positif,0.7251,netral,tanpa_emoji,positif,md
0fuFgUmW_HA,user_af61f22490d9,True,1770336000,0,negatif,0.9974,negatif,netral,negatif,md
0fuFgUmW_HA,user_0b3d09c62210,True,1770336000,4,positif,0.8894,negatif,tanpa_emoji,positif,md
0fuFgUmW_HA,user_af61f22490d9,True,1770336000,0,negatif,0.9852,negatif,netral,negatif,md
0fuFgUmW_HA,user_af61f22490d9,True,1770336000,0,negatif,0.9625,positif,tanpa_emoji,negatif,md
0fuFgUmW_HA,user_480185d89a29,True,1770336000,1,negatif,0.9279,netral,tanpa_emoji,negatif,md
0fuFgUmW_HA,user_af61f22490d9,True,1770336000,0,negatif,0.9972,negatif,tanpa_emoji,negatif,md
0fuFgUmW_HA,user_0af90075108c,True,1770336000,1,positif,0.9332,positif,netral,positif,md
0fuFgUmW_HA,user_af61f22490d9,True,1770336000,0,negatif,0.9974,negatif,tanpa_emoji,negatif,md
0fuFgUmW_HA,user_46199d1c45ee,True,1772755200,0,negatif,0.5662,positif,netral,negatif,md
0fuFgUmW_HA,user_ed49989a3225,True,1770336000,0,negatif,0.9977,netral,tanpa_emoji,negatif,md
0fuFgUmW_HA,user_461aa18183c5,False,1770336000,4,negatif,0.9785,positif,tanpa_emoji,negatif,md
0fuFgUmW_HA,user_58ba010ae3ac,False,1770336000,51,negatif,0.8924,positif,tanpa_emoji,negatif,md
0fuFgUmW_HA,user_6f775d016e20,True,1770336000,10,negatif,0.9774,netral,tanpa_emoji,negatif,md
0fuFgUmW_HA,user_b9f09d2dbb11,True,1770336000,4,netral,0.4782,netral,tanpa_emoji,netral,md
0fuFgUmW_HA,user_328021a49a4d,False,1770336000,7,positif,0.6265,netral,tanpa_emoji,positif,md
0fuFgUmW_HA,user_592a5ed63f6d,True,1770336000,1,negatif,0.9956,netral,netral,negatif,md
0fuFgUmW_HA,user_f3f6b13ad4c1,True,1770336000,1,negatif,0.8755,netral,tanpa_emoji,negatif,md
0fuFgUmW_HA,user_f03974f9b97a,True,1770336000,0,netral,0.9827,netral,tanpa_emoji,netral,md
0fuFgUmW_HA,user_c4a0a10cfd09,True,1770336000,0,netral,0.9753,netral,netral,netral,md
0fuFgUmW_HA,user_c8c3c71fc260,True,1770336000,0,netral,0.5419,negatif,tanpa_emoji,netral,md
0fuFgUmW_HA,user_c4a0a10cfd09,True,1770336000,0,negatif,0.7761,netral,tanpa_emoji,negatif,md
0fuFgUmW_HA,user_6afe95c39f56,True,1770336000,0,positif,0.3719,negatif,tanpa_emoji,positif,md
0fuFgUmW_HA,user_c4a0a10cfd09,True,1770336000,0,negatif,0.6588,netral,tanpa_emoji,negatif,md
0fuFgUmW_HA,user_c8c3c71fc260,True,1770336000,0,negatif,0.6289,netral,tanpa_emoji,negatif,md
0fuFgUmW_HA,user_dd616835d271,True,1770336000,0,netral,0.9952,netral,tanpa_emoji,netral,md
0fuFgUmW_HA,user_ca14e3d4d530,False,1770336000,5,negatif,0.676,netral,tanpa_emoji,negatif,md
0fuFgUmW_HA,user_7f033e91c9a9,False,1770336000,7,negatif,0.999,netral,tanpa_emoji,negatif,md
0fuFgUmW_HA,user_ffecfbde9de4,False,1770336000,4,negatif,0.5179,netral,tanpa_emoji,negatif,md
5qRWqIlUIrM,user_612365d370ca,False,1790380800,0,negatif,0.9988,netral,tanpa_emoji,negatif,md
5qRWqIlUIrM,user_49c1df043460,False,1790380800,0,positif,0.8901,positif,netral,positif,md
5qRWqIlUIrM,user_5076435ba090,False,1788652800,0,negatif,0.9863,negatif,tanpa_emoji,negatif,md
5qRWqIlUIrM,user_c1d659e07a56,False,1785974400,0,negatif,0.9992,netral,tanpa_emoji,negatif,md
5qRWqIlUIrM,user_823c09c930dc,False,1783296000,0,positif,0.9872,netral,tanpa_emoji,positif,md
5qRWqIlUIrM,user_bc413ab4ae13,False,1780704000,0,negatif,0.9445,netral,tanpa_emoji,negatif,md
5qRWqIlUIrM,user_3c16f00dbf20,False,1775433600,0,negatif,0.9433,netral,netral,negatif,md
5qRWqIlUIrM,user_4b6f8c4785fd,False,1775433600,0,negatif,0.9791,negatif,tanpa_emoji,negatif,md
5qRWqIlUIrM,user_d7922a6ade8c,False,1767657600,0,netral,0.6639,netral,tanpa_emoji,netral,md
5qRWqIlUIrM,user_5767547f80a4,False,1767657600,0,negatif,0.6763,positif,tanpa_emoji,negatif,md
5qRWqIlUIrM,user_c1b28b8cfec4,False,1767657600,0,positif,0.9896,netral,positif,positif,md
5qRWqIlUIrM,user_bee93aeae8ce,False,1764979200,0,negatif,0.5938,netral,tanpa_emoji,negatif,md
5qRWqIlUIrM,user_3706ea664a2c,False,1764979200,0,negatif,0.9882,positif,tanpa_emoji,negatif,md
5qRWqIlUIrM,user_e5ada9af4fad,False,1764979200,1,netral,0.7528,netral,tanpa_emoji,netral,md
5qRWqIlUIrM,user_9b7c04654155,False,1759708800,0,negatif,0.7822,negatif,netral,negatif,md
5qRWqIlUIrM,user_9b7c04654155,False,1759708800,2,negatif,0.8057,netral,tanpa_emoji,negatif,md
5qRWqIlUIrM,user_702649122989,False,1759708800,1,positif,0.9881,positif,positif,positif,md
5qRWqIlUIrM,user_23a12a85cb2e,False,1759708800,1,negatif,0.7621,netral,tanpa_emoji,negatif,md
5qRWqIlUIrM,user_b454bb78d360,True,1759708800,1,negatif,0.9885,netral,tanpa_emoji,negatif,md
5qRWqIlUIrM,user_e1b238fd6e0f,True,1767657600,0,negatif,0.9447,netral,tanpa_emoji,negatif,md
5qRWqIlUIrM,user_931ce9389c17,False,1759708800,1,positif,0.6847,positif,positif,positif,md
5qRWqIlUIrM,user_a4f1fc8c6bc6,False,1759708800,2,negatif,0.8911,netral,tanpa_emoji,negatif,md
5qRWqIlUIrM,user_9a4059cca7c0,False,1759708800,1,negatif,0.9992,positif,netral,negatif,md
5qRWqIlUIrM,user_9fe235a5666c,False,1759708800,1,negatif,0.89,netral,tanpa_emoji,negatif,md
5qRWqIlUIrM,user_62a1d229a061,False,1759708800,3,netral,0.6757,netral,tanpa_emoji,netral,md
5qRWqIlUIrM,user_b454bb78d360,False,1759708800,3,positif,0.9933,netral,tanpa_emoji,positif,md
5qRWqIlUIrM,user_7487da209e78,False,1759708800,1,negatif,0.4927,netral,tanpa_emoji,negatif,md
5qRWqIlUIrM,user_ffc88e3fcfd4,False,1759708800,0,negatif,0.9678,netral,tanpa_emoji,negatif,md
5qRWqIlUIrM,user_807ede8fbe46,False,1759708800,0,positif,0.9976,positif,tanpa_emoji,positif,md
5qRWqIlUIrM,user_389a19420b36,False,1759708800,0,positif,0.9911,positif,tanpa_emoji,positif,md
5qRWqIlUIrM,user_7a5f95619a9e,False,1759708800,0,negatif,0.9257,netral,tanpa_emoji,negatif,md
5qRWqIlUIrM,user_e83f0d434910,False,1759708800,0,positif,0.5152,positif,positif,positif,md
5qRWqIlUIrM,user_d2aeb8a67faf,False,1759708800,0,netral,0.8862,netral,tanpa_emoji,netral,md
5qRWqIlUIrM,user_233cb5255463,False,1759708800,0,positif,0.9634,positif,tanpa_emoji,positif,md
5qRWqIlUIrM,user_2cafde53a902,False,1759708800,0,negatif,0.9973,netral,tanpa_emoji,negatif,md
5qRWqIlUIrM,user_485781bbf86c,False,1759708800,1,negatif,0.8341,netral,tanpa_emoji,negatif,md
5qRWqIlUIrM,user_f7628b94a334,False,1759708800,1,negatif,0.3705,netral,tanpa_emoji,negatif,md
5qRWqIlUIrM,user_cb026ace3d5d,False,1759708800,2,positif,0.4881,positif,positif,positif,md
5qRWqIlUIrM,user_c42b7f060e3c,False,1759708800,0,negatif,0.9621,netral,tanpa_emoji,negatif,md
5qRWqIlUIrM,user_e5b279e47eaa,False,1759708800,1,negatif,0.9941,netral,tanpa_emoji,negatif,md
5qRWqIlUIrM,user_0d1f920ca937,False,1759708800,1,positif,0.7095,netral,tanpa_emoji,positif,md
5qRWqIlUIrM,user_b10cf4750383,False,1759708800,3,negatif,0.4786,positif,positif,positif,md
5qRWqIlUIrM,user_3487351b32ca,False,1759708800,2,negatif,0.966,netral,netral,negatif,md
5qRWqIlUIrM,user_fe04a504390f,False,1759708800,1,netral,0.4106,netral,tanpa_emoji,netral,md
5qRWqIlUIrM,user_5631308866bc,False,1759708800,0,negatif,0.971,netral,tanpa_emoji,negatif,md
5qRWqIlUIrM,user_7c2862164bc8,True,1759708800,0,negatif,0.5097,netral,tanpa_emoji,negatif,md
5qRWqIlUIrM,user_5631308866bc,True,1759708800,0,netral,0.72,netral,tanpa_emoji,netral,md
5qRWqIlUIrM,user_60adac47b2ab,False,1759708800,1,negatif,0.8895,netral,tanpa_emoji,negatif,md
5qRWqIlUIrM,user_7180cd751450,False,1759708800,1,negatif,0.7505,netral,tanpa_emoji,negatif,md
5qRWqIlUIrM,user_70332f162252,False,1728172800,1,negatif,0.8161,negatif,tanpa_emoji,negatif,md
5qRWqIlUIrM,user_d4563fb3fbc6,False,1728172800,1,positif,0.6752,netral,tanpa_emoji,positif,md
5qRWqIlUIrM,user_8143d5aaf74f,False,1728172800,1,positif,0.7753,netral,tanpa_emoji,positif,md
5qRWqIlUIrM,user_87f5acd0291d,False,1728172800,1,positif,0.567,positif,tanpa_emoji,positif,md
5qRWqIlUIrM,user_dfd0338e9f14,False,1728172800,1,negatif,0.9921,netral,netral,negatif,md
5qRWqIlUIrM,user_1eb8318e954c,False,1728172800,1,negatif,0.965,netral,tanpa_emoji,negatif,md
5qRWqIlUIrM,user_b19633fc9bce,False,1728172800,1,negatif,0.9333,negatif,tanpa_emoji,negatif,md
5qRWqIlUIrM,user_523446219df9,False,1728172800,1,positif,0.9093,positif,netral,positif,md
5qRWqIlUIrM,user_660b049ba03a,False,1728172800,1,negatif,0.9962,netral,tanpa_emoji,negatif,md
5qRWqIlUIrM,user_b32ba4cc5463,True,1728172800,1,negatif,0.9973,netral,tanpa_emoji,negatif,md
5qRWqIlUIrM,user_65c4e0cf747d,True,1728172800,1,negatif,0.989,netral,netral,netral,md
5qRWqIlUIrM,user_93b6f2e9dc6c,False,1728172800,1,netral,0.9653,netral,netral,netral,md
5qRWqIlUIrM,user_71eab7cb8a02,False,1728172800,13,negatif,0.713,negatif,netral,negatif,md
5qRWqIlUIrM,user_ab228a3daa42,False,1728172800,0,netral,0.4211,netral,tanpa_emoji,netral,md
5qRWqIlUIrM,user_6e48a5097f8a,False,1728172800,1,positif,0.5468,negatif,tanpa_emoji,positif,md
5qRWqIlUIrM,user_82c99f7a4613,False,1728172800,1,negatif,0.9734,netral,netral,negatif,md
5qRWqIlUIrM,user_59eaa3eaf76d,False,1728172800,0,negatif,0.6816,positif,tanpa_emoji,negatif,md
5qRWqIlUIrM,user_b454bb78d360,True,1759708800,0,netral,0.9429,netral,tanpa_emoji,netral,md
5qRWqIlUIrM,user_59eaa3eaf76d,False,1728172800,1,positif,0.9958,positif,positif,positif,md
5qRWqIlUIrM,user_f7f4217dc998,False,1728172800,0,negatif,0.9185,netral,tanpa_emoji,negatif,md
5qRWqIlUIrM,user_f58ef071f339,False,1728172800,2,negatif,0.9841,netral,tanpa_emoji,negatif,md
5qRWqIlUIrM,user_c7a2b905d2f9,False,1728172800,0,negatif,0.9057,netral,tanpa_emoji,negatif,md
5qRWqIlUIrM,user_eb2a6ded9edd,False,1728172800,0,netral,0.5528,netral,netral,netral,md
5qRWqIlUIrM,user_ca589568d873,False,1728172800,0,negatif,0.9889,netral,netral,negatif,md
5qRWqIlUIrM,user_635eaf74d40f,False,1728172800,1,negatif,0.4662,netral,netral,negatif,md
5qRWqIlUIrM,user_635eaf74d40f,False,1728172800,1,positif,0.5661,netral,netral,positif,md
5qRWqIlUIrM,user_421cce5bca53,False,1728172800,1,negatif,0.993,netral,netral,negatif,md
5qRWqIlUIrM,user_421cce5bca53,True,1728172800,1,negatif,0.681,netral,tanpa_emoji,negatif,md
5qRWqIlUIrM,user_421cce5bca53,True,1728172800,0,negatif,0.9047,netral,tanpa_emoji,negatif,md
5qRWqIlUIrM,user_65c4e0cf747d,True,1728172800,0,negatif,0.883,netral,tanpa_emoji,negatif,md
5qRWqIlUIrM,user_d9c1b2bf5bb3,False,1728172800,0,negatif,0.8754,netral,tanpa_emoji,negatif,md
5qRWqIlUIrM,user_e56d79b80c1b,False,1728172800,0,netral,0.4894,netral,netral,netral,md
5qRWqIlUIrM,user_734b441ffa8c,False,1728172800,0,netral,0.777,netral,tanpa_emoji,netral,md
5qRWqIlUIrM,user_bd7da72664fe,False,1728172800,1,netral,0.7329,netral,tanpa_emoji,netral,md
5qRWqIlUIrM,user_f25ad0dd631d,True,1728172800,0,netral,0.7362,netral,tanpa_emoji,netral,md
5qRWqIlUIrM,user_65c4e0cf747d,True,1728172800,0,netral,0.8711,netral,tanpa_emoji,netral,md
5qRWqIlUIrM,user_bd7da72664fe,False,1728172800,0,netral,0.7329,netral,tanpa_emoji,netral,md
5qRWqIlUIrM,user_ed74ad5460a1,False,1728172800,0,negatif,0.9635,netral,tanpa_emoji,negatif,md
5qRWqIlUIrM,user_238c32b503a6,False,1728172800,0,netral,0.9354,netral,tanpa_emoji,netral,md
5qRWqIlUIrM,user_61bdf9e42f53,False,1728172800,2,negatif,0.8969,netral,netral,negatif,md
5qRWqIlUIrM,user_65c4e0cf747d,True,1728172800,0,negatif,0.8969,netral,tanpa_emoji,negatif,md
5qRWqIlUIrM,user_1c9cc5b66d21,False,1728172800,0,positif,0.9499,positif,tanpa_emoji,positif,md
5qRWqIlUIrM,user_8325a7c67739,False,1728172800,0,netral,0.6071,netral,tanpa_emoji,netral,md
5qRWqIlUIrM,user_a2e534f1d66a,False,1728172800,1,positif,0.9884,netral,tanpa_emoji,positif,md
5qRWqIlUIrM,user_8d64a17373f7,False,1728172800,0,negatif,0.9916,netral,netral,netral,md
5qRWqIlUIrM,user_1f6ed79ca0bb,False,1728172800,0,negatif,0.4834,netral,tanpa_emoji,negatif,md
5qRWqIlUIrM,user_d975b428f957,False,1728172800,0,negatif,0.9984,negatif,netral,negatif,md
5qRWqIlUIrM,user_f957a66c0ca9,False,1728172800,1,negatif,0.9275,negatif,tanpa_emoji,negatif,md
5qRWqIlUIrM,user_979c85b3f3e6,False,1728172800,0,positif,0.9965,positif,positif,positif,md
5qRWqIlUIrM,user_05edf737c161,False,1728172800,0,positif,0.9956,positif,tanpa_emoji,positif,md
5qRWqIlUIrM,user_4db2609240ce,False,1728172800,0,negatif,0.8156,negatif,netral,negatif,md
5qRWqIlUIrM,user_df00e4ba037b,False,1728172800,0,negatif,0.7901,positif,tanpa_emoji,negatif,md
5qRWqIlUIrM,user_4174062e8a23,True,1728172800,0,negatif,0.653,netral,netral,negatif,md
5qRWqIlUIrM,user_64aa9db38328,False,1728172800,0,positif,0.8806,negatif,tanpa_emoji,positif,md
5qRWqIlUIrM,user_64aa9db38328,False,1728172800,0,positif,0.8806,negatif,tanpa_emoji,positif,md
5qRWqIlUIrM,user_64aa9db38328,False,1728172800,0,positif,0.8806,negatif,tanpa_emoji,positif,md
5qRWqIlUIrM,user_cc490637c851,False,1728172800,1,negatif,0.9856,negatif,tanpa_emoji,negatif,md
5qRWqIlUIrM,user_e15bb78f8073,False,1728172800,1,negatif,0.8389,positif,tanpa_emoji,negatif,md
5qRWqIlUIrM,user_4174062e8a23,True,1728172800,0,negatif,0.9981,netral,tanpa_emoji,negatif,md
5qRWqIlUIrM,user_65c4e0cf747d,True,1728172800,0,negatif,0.9223,netral,tanpa_emoji,negatif,md
5qRWqIlUIrM,user_686b82d85f04,False,1728172800,1,negatif,0.9537,netral,netral,negatif,md
5qRWqIlUIrM,user_1425c2917dba,True,1728172800,0,negatif,0.9967,netral,tanpa_emoji,negatif,md
5qRWqIlUIrM,user_65c4e0cf747d,True,1728172800,0,negatif,0.9927,positif,positif,positif,md
5qRWqIlUIrM,user_ab060a5488e4,False,1728172800,0,negatif,0.9811,netral,tanpa_emoji,negatif,md
5qRWqIlUIrM,user_6558b180027a,False,1728172800,0,negatif,0.9697,negatif,negatif,negatif,md
5qRWqIlUIrM,user_0c4448388119,False,1728172800,1,negatif,0.902,netral,netral,negatif,md
5qRWqIlUIrM,user_573b3439d5bf,True,1728172800,0,negatif,0.9951,netral,netral,negatif,md
5qRWqIlUIrM,user_65c4e0cf747d,True,1728172800,0,negatif,0.6969,netral,tanpa_emoji,negatif,md
5qRWqIlUIrM,user_074e29c5f7fe,False,1728172800,0,negatif,0.9985,netral,netral,negatif,md
5qRWqIlUIrM,user_b9f25e5ae746,False,1728172800,0,negatif,0.9957,netral,netral,negatif,md
5qRWqIlUIrM,user_dbfca8352f19,False,1728172800,0,negatif,0.883,netral,tanpa_emoji,negatif,md
5qRWqIlUIrM,user_c4a599ff721b,False,1728172800,0,positif,0.9687,positif,tanpa_emoji,positif,md
5qRWqIlUIrM,user_cb6c0b791c40,False,1728172800,1,positif,0.971,negatif,netral,positif,md
5qRWqIlUIrM,user_573b3439d5bf,True,1728172800,1,negatif,0.9706,positif,netral,negatif,md
5qRWqIlUIrM,user_65c4e0cf747d,True,1728172800,0,negatif,0.9335,netral,tanpa_emoji,negatif,md
5qRWqIlUIrM,user_60d83a8e0250,False,1728172800,1,negatif,0.9897,positif,tanpa_emoji,negatif,md
5qRWqIlUIrM,user_9f206a3490a9,False,1728172800,0,negatif,0.9847,positif,tanpa_emoji,negatif,md
5qRWqIlUIrM,user_bdd8cf853456,False,1728172800,0,negatif,0.9929,netral,tanpa_emoji,negatif,md
5qRWqIlUIrM,user_f9486d27e32e,False,1728172800,0,netral,0.7193,netral,tanpa_emoji,netral,md
5qRWqIlUIrM,user_7239eaf0452a,False,1728172800,0,positif,0.9815,netral,netral,positif,md
5qRWqIlUIrM,user_adfaafa219fe,True,1728172800,0,negatif,0.9887,netral,tanpa_emoji,negatif,md
5qRWqIlUIrM,user_65c4e0cf747d,True,1728172800,0,negatif,0.9933,positif,tanpa_emoji,negatif,md
5qRWqIlUIrM,user_c5c57e427248,False,1728172800,0,negatif,0.9942,netral,netral,negatif,md
5qRWqIlUIrM,user_56a33178db9c,False,1728172800,0,negatif,0.5519,positif,positif,positif,md
5qRWqIlUIrM,user_7cd2a3ba4d33,False,1728172800,0,negatif,0.9989,negatif,tanpa_emoji,negatif,md
5qRWqIlUIrM,user_f68979d59b96,False,1728172800,1,positif,0.9951,netral,tanpa_emoji,positif,md
5qRWqIlUIrM,user_ab18568b571a,True,1759708800,0,netral,0.7924,netral,tanpa_emoji,netral,md
5qRWqIlUIrM,user_f43a69570178,False,1728172800,1,negatif,0.9893,positif,tanpa_emoji,negatif,md
5qRWqIlUIrM,user_1b1bfe91d2e7,False,1728172800,0,negatif,0.9881,negatif,netral,negatif,md
5qRWqIlUIrM,user_b33aa8afe428,True,1728172800,0,netral,0.6086,netral,tanpa_emoji,netral,md
5qRWqIlUIrM,user_573b3439d5bf,True,1728172800,0,netral,0.3961,netral,netral,netral,md
5qRWqIlUIrM,user_65c4e0cf747d,True,1728172800,0,negatif,0.6969,netral,tanpa_emoji,negatif,md
5qRWqIlUIrM,user_f25ad0dd631d,True,1728172800,0,negatif,0.9938,netral,netral,negatif,md
5qRWqIlUIrM,user_df06279baba6,False,1728172800,0,positif,0.5364,netral,tanpa_emoji,positif,md
5qRWqIlUIrM,user_c2ac8622e429,False,1728172800,0,positif,0.9812,positif,tanpa_emoji,positif,md
5qRWqIlUIrM,user_501504530c1c,False,1728172800,0,negatif,0.5534,netral,tanpa_emoji,negatif,md
5qRWqIlUIrM,user_36ce9b3b809e,False,1728172800,0,negatif,0.979,netral,netral,negatif,md
5qRWqIlUIrM,user_94adb32f2921,False,1728172800,0,negatif,0.9949,netral,tanpa_emoji,negatif,md
5qRWqIlUIrM,user_3c195ceb0b5b,False,1728172800,0,positif,0.834,netral,netral,positif,md
5qRWqIlUIrM,user_ea3f5dc2014d,False,1728172800,0,negatif,0.9957,netral,tanpa_emoji,negatif,md
5qRWqIlUIrM,user_68d0a56c527a,False,1728172800,2,positif,0.8405,negatif,tanpa_emoji,positif,md
5qRWqIlUIrM,user_d087b268d699,False,1728172800,0,negatif,0.8705,netral,tanpa_emoji,negatif,md
5qRWqIlUIrM,user_33c0c0864895,False,1728172800,0,negatif,0.9967,positif,tanpa_emoji,negatif,md
5qRWqIlUIrM,user_589e0cdf247f,False,1728172800,0,negatif,0.556,positif,tanpa_emoji,negatif,md
5qRWqIlUIrM,user_dc3397b03bc5,False,1728172800,2,negatif,0.9936,netral,netral,negatif,md
5qRWqIlUIrM,user_2e53080e191a,False,1728172800,0,negatif,0.9946,negatif,tanpa_emoji,negatif,md
5qRWqIlUIrM,user_2267aaf2ffb7,False,1728172800,0,negatif,0.9863,netral,tanpa_emoji,negatif,md
5qRWqIlUIrM,user_fe8d3368ec8f,False,1728172800,1,negatif,0.9023,netral,netral,negatif,md
5qRWqIlUIrM,user_ddc0ec44c1fd,False,1728172800,0,negatif,0.9984,negatif,netral,negatif,md
5qRWqIlUIrM,user_4a8f819d1972,False,1728172800,0,positif,0.9941,positif,positif,positif,md
5qRWqIlUIrM,user_a8b22afd76d9,False,1728172800,0,negatif,0.992,netral,netral,negatif,md
5qRWqIlUIrM,user_8cce6755e88b,False,1728172800,1,negatif,0.9988,netral,tanpa_emoji,negatif,md
5qRWqIlUIrM,user_d1fe2143908e,False,1728172800,0,positif,0.9849,positif,tanpa_emoji,positif,md
5qRWqIlUIrM,user_5050e2ae57d5,False,1728172800,0,positif,0.8583,netral,tanpa_emoji,positif,md
5qRWqIlUIrM,user_0e5385d5213b,False,1728172800,3,positif,0.8471,negatif,netral,positif,md
5qRWqIlUIrM,user_f25ad0dd631d,True,1728172800,0,negatif,0.9913,negatif,negatif,negatif,md
5qRWqIlUIrM,user_65c4e0cf747d,True,1728172800,0,negatif,0.9875,netral,netral,netral,md
5qRWqIlUIrM,user_5ad5da298d3c,False,1728172800,0,negatif,0.9911,negatif,negatif,negatif,md
5qRWqIlUIrM,user_382ae79b7798,False,1728172800,0,negatif,0.921,negatif,tanpa_emoji,negatif,md
5qRWqIlUIrM,user_d05bcd7d184d,False,1728172800,0,negatif,0.9634,netral,tanpa_emoji,negatif,md
5qRWqIlUIrM,user_4520fd22e5ad,False,1728172800,0,positif,0.9954,positif,tanpa_emoji,positif,md
5qRWqIlUIrM,user_e8dc74b18a83,False,1728172800,0,positif,0.9762,positif,tanpa_emoji,positif,md
5qRWqIlUIrM,user_fce6c5ab6bb8,False,1728172800,0,negatif,0.9895,netral,netral,negatif,md
5qRWqIlUIrM,user_f0d92e87dda7,False,1728172800,0,positif,0.9972,positif,tanpa_emoji,positif,md
5qRWqIlUIrM,user_cbf7214b3722,False,1728172800,6,negatif,0.9958,positif,netral,negatif,md
5qRWqIlUIrM,user_16ee185bf857,True,1728172800,0,negatif,0.7064,netral,tanpa_emoji,negatif,md
5qRWqIlUIrM,user_65c4e0cf747d,True,1728172800,0,negatif,0.5856,positif,tanpa_emoji,negatif,md
5qRWqIlUIrM,user_df06279baba6,True,1728172800,0,negatif,0.9906,netral,tanpa_emoji,negatif,md
5qRWqIlUIrM,user_079d2a26d162,False,1728172800,52,negatif,0.9911,negatif,netral,negatif,md
5qRWqIlUIrM,user_ab18568b571a,True,1759708800,0,negatif,0.7594,netral,tanpa_emoji,negatif,md
5qRWqIlUIrM,user_f2333f189686,False,1728172800,0,negatif,0.9987,netral,netral,negatif,md
5qRWqIlUIrM,user_f74c5a315c17,False,1728172800,1,positif,0.8257,netral,tanpa_emoji,positif,md
5qRWqIlUIrM,user_71664afb5189,False,1728172800,0,negatif,0.8653,netral,netral,negatif,md
5qRWqIlUIrM,user_aca233964886,False,1728172800,0,negatif,0.9339,netral,tanpa_emoji,negatif,md
5qRWqIlUIrM,user_cd66b2f60f51,False,1728172800,0,positif,0.84,netral,tanpa_emoji,positif,md
5qRWqIlUIrM,user_8bf0620db4a7,False,1728172800,0,negatif,0.9898,netral,netral,negatif,md
5qRWqIlUIrM,user_6da33e21f721,False,1728172800,0,negatif,0.9889,netral,netral,negatif,md
5qRWqIlUIrM,user_803f416cf5d3,False,1728172800,4,negatif,0.9988,netral,netral,negatif,md
5qRWqIlUIrM,user_8b3fc1c18077,True,1728172800,0,negatif,0.9971,negatif,tanpa_emoji,negatif,md
5qRWqIlUIrM,user_65c4e0cf747d,True,1728172800,0,negatif,0.6172,netral,tanpa_emoji,negatif,md
5qRWqIlUIrM,user_3ef011993335,True,1728172800,0,negatif,0.9067,netral,tanpa_emoji,negatif,md
5qRWqIlUIrM,user_77af0a22568a,False,1728172800,0,positif,0.5991,netral,netral,positif,md
5qRWqIlUIrM,user_deec96200de3,False,1728172800,5,negatif,0.959,positif,netral,negatif,md
5qRWqIlUIrM,user_ab374bd6b798,True,1728172800,1,positif,0.9229,positif,netral,positif,md
5qRWqIlUIrM,user_65c4e0cf747d,True,1728172800,1,positif,0.6281,netral,tanpa_emoji,positif,md
5qRWqIlUIrM,user_ab18568b571a,True,1759708800,1,negatif,0.606,netral,tanpa_emoji,negatif,md
5qRWqIlUIrM,user_deec96200de3,True,1759708800,1,negatif,0.6829,netral,tanpa_emoji,negatif,md
5qRWqIlUIrM,user_b454bb78d360,True,1759708800,0,negatif,0.9822,negatif,tanpa_emoji,negatif,md
5qRWqIlUIrM,user_1fb763327ac5,False,1728172800,0,positif,0.835,netral,tanpa_emoji,positif,md
5qRWqIlUIrM,user_50b7275bd250,False,1728172800,0,positif,0.9748,positif,tanpa_emoji,positif,md
5qRWqIlUIrM,user_fb2ea4e3638a,False,1728172800,0,positif,0.8828,positif,positif,positif,md
5qRWqIlUIrM,user_291142cef1b1,False,1728172800,0,negatif,0.78,netral,tanpa_emoji,negatif,md
5qRWqIlUIrM,user_84009e5a9816,False,1728172800,0,positif,0.7345,netral,netral,positif,md
5qRWqIlUIrM,user_6bdf29fda2f6,False,1728172800,0,negatif,0.9804,netral,tanpa_emoji,negatif,md
5qRWqIlUIrM,user_f7cba180ce19,False,1728172800,1,negatif,0.9066,netral,netral,negatif,md
5qRWqIlUIrM,user_b6c758192fd3,False,1728172800,0,negatif,0.7925,negatif,tanpa_emoji,negatif,md
5qRWqIlUIrM,user_deec96200de3,True,1728172800,1,negatif,0.9934,netral,netral,negatif,md
5qRWqIlUIrM,user_97100b8cfeb8,False,1728172800,8,positif,0.9984,positif,positif,positif,md
5qRWqIlUIrM,user_4b93cb056085,False,1728172800,3,negatif,0.9952,netral,netral,negatif,md
5qRWqIlUIrM,user_8b3fc1c18077,True,1728172800,0,negatif,0.9416,negatif,tanpa_emoji,negatif,md
5qRWqIlUIrM,user_65c4e0cf747d,True,1728172800,0,negatif,0.5326,netral,tanpa_emoji,negatif,md
5qRWqIlUIrM,user_1e796245d099,False,1728172800,69,negatif,0.5486,netral,tanpa_emoji,negatif,md
5qRWqIlUIrM,user_ae5a83fdf811,True,1728172800,0,negatif,0.9791,netral,tanpa_emoji,negatif,md
5qRWqIlUIrM,user_65c4e0cf747d,True,1728172800,0,negatif,0.9741,positif,positif,positif,md
5qRWqIlUIrM,user_077944728ca0,True,1728172800,0,positif,0.9748,netral,tanpa_emoji,positif,md
5qRWqIlUIrM,user_ecbdcac8a0e7,False,1728172800,7,positif,0.9982,netral,tanpa_emoji,positif,md
5qRWqIlUIrM,user_75f8627f252f,False,1728172800,9,positif,0.9226,positif,tanpa_emoji,positif,md
5qRWqIlUIrM,user_e89603a048fb,False,1728172800,188,positif,0.9957,positif,positif,positif,md
5qRWqIlUIrM,user_624468dca452,True,1728172800,7,positif,0.9257,positif,netral,positif,md
5qRWqIlUIrM,user_65c4e0cf747d,True,1728172800,3,negatif,0.8816,netral,tanpa_emoji,negatif,md
5qRWqIlUIrM,user_aa440a4c913d,True,1728172800,0,negatif,0.9912,netral,tanpa_emoji,negatif,md
5qRWqIlUIrM,user_660b049ba03a,True,1728172800,0,positif,0.7297,positif,tanpa_emoji,positif,md
5qRWqIlUIrM,user_5e6ef1e9652b,True,1728172800,0,netral,0.9553,netral,tanpa_emoji,netral,md
5qRWqIlUIrM,user_16567e97d5e1,True,1728172800,0,positif,0.995,positif,tanpa_emoji,positif,md
5qRWqIlUIrM,user_233cb5255463,True,1759708800,0,positif,0.9575,positif,tanpa_emoji,positif,md
5qRWqIlUIrM,user_95b062b3182e,False,1728172800,5,negatif,0.8278,netral,netral,negatif,md
5qRWqIlUIrM,user_29935131795a,True,1728172800,1,negatif,0.9974,netral,netral,negatif,md
5qRWqIlUIrM,user_20dabe839ae5,True,1728172800,0,negatif,0.9824,positif,netral,negatif,md
5qRWqIlUIrM,user_65c4e0cf747d,True,1728172800,0,negatif,0.9869,netral,tanpa_emoji,negatif,md
5qRWqIlUIrM,user_f25ad0dd631d,True,1728172800,0,negatif,0.9494,netral,netral,negatif,md
5qRWqIlUIrM,user_95b062b3182e,True,1728172800,0,netral,0.8195,netral,netral,netral,md
5qRWqIlUIrM,user_a0a83b6eff58,False,1728172800,25,positif,0.7357,negatif,tanpa_emoji,positif,md
5qRWqIlUIrM,user_a5f5191c16c6,True,1728172800,11,positif,0.3394,netral,tanpa_emoji,positif,md
5qRWqIlUIrM,user_9628d9869b10,True,1728172800,4,netral,0.9215,netral,tanpa_emoji,netral,md
5qRWqIlUIrM,user_a0a83b6eff58,True,1728172800,1,negatif,0.5927,negatif,tanpa_emoji,negatif,md
5qRWqIlUIrM,user_fe448b0188d6,True,1728172800,0,negatif,0.9542,netral,tanpa_emoji,negatif,md
5qRWqIlUIrM,user_bd375553a91d,True,1728172800,0,negatif,0.989,netral,tanpa_emoji,negatif,md
5qRWqIlUIrM,user_4174062e8a23,True,1728172800,0,negatif,0.9978,netral,netral,negatif,md
5qRWqIlUIrM,user_9a4059cca7c0,True,1759708800,0,negatif,0.794,netral,netral,negatif,md
5qRWqIlUIrM,user_65c4e0cf747d,True,1728172800,0,negatif,0.998,netral,tanpa_emoji,negatif,md
5qRWqIlUIrM,user_23d5271ce606,False,1728172800,13,positif,0.943,positif,tanpa_emoji,positif,md
5qRWqIlUIrM,user_ccc3b55c7ce3,False,1728172800,4,negatif,0.5251,netral,tanpa_emoji,negatif,md
5qRWqIlUIrM,user_29a24159e6d8,False,1728172800,2,negatif,0.9936,netral,netral,negatif,md
5qRWqIlUIrM,user_2331bf4b5aca,False,1728172800,7,negatif,0.998,netral,netral,negatif,md
5qRWqIlUIrM,user_4d15026f237f,True,1728172800,1,negatif,0.9308,netral,netral,negatif,md
5qRWqIlUIrM,user_65c4e0cf747d,True,1728172800,0,negatif,0.7824,netral,tanpa_emoji,negatif,md
5qRWqIlUIrM,user_cfa3e84e97a8,False,1728172800,1,negatif,0.9961,positif,netral,negatif,md
5qRWqIlUIrM,user_50431c9a1c47,False,1728172800,15,positif,0.9925,positif,tanpa_emoji,positif,md
5qRWqIlUIrM,user_07839c88b1a5,True,1728172800,0,negatif,0.9893,netral,tanpa_emoji,negatif,md
5qRWqIlUIrM,user_65c4e0cf747d,True,1728172800,0,negatif,0.9627,netral,tanpa_emoji,negatif,md
5qRWqIlUIrM,user_d0fdd7b45e01,False,1728172800,2,netral,0.5917,positif,positif,positif,md
5qRWqIlUIrM,user_3bbf4129914b,False,1728172800,1,positif,0.5038,netral,netral,positif,md
5qRWqIlUIrM,user_ac7ccc820982,False,1728172800,1,negatif,0.9853,negatif,tanpa_emoji,negatif,md
5qRWqIlUIrM,user_38fb02642b25,False,1728172800,8,negatif,0.9928,negatif,netral,negatif,md
5qRWqIlUIrM,user_f25ad0dd631d,True,1728172800,0,positif,0.9194,netral,tanpa_emoji,positif,md
5qRWqIlUIrM,user_65c4e0cf747d,True,1728172800,0,negatif,0.99,netral,netral,netral,md
5qRWqIlUIrM,user_9541a8b5e97e,False,1728172800,1,negatif,0.9988,positif,tanpa_emoji,negatif,md
5qRWqIlUIrM,user_bc839b642689,False,1728172800,1,negatif,0.9738,negatif,tanpa_emoji,negatif,md
5qRWqIlUIrM,user_cb66bdddab4d,False,1728172800,0,netral,0.543,netral,tanpa_emoji,netral,md
5qRWqIlUIrM,user_9760c8e38ce1,False,1728172800,98,negatif,0.9921,negatif,tanpa_emoji,negatif,md
5qRWqIlUIrM,user_730da7ea620d,True,1728172800,3,negatif,0.6891,netral,netral,negatif,md
5qRWqIlUIrM,user_6e289759d59f,True,1728172800,3,negatif,0.8259,netral,tanpa_emoji,negatif,md
5qRWqIlUIrM,user_93363d8827e8,True,1728172800,2,negatif,0.9979,netral,tanpa_emoji,negatif,md
5qRWqIlUIrM,user_7dc9931777ea,True,1728172800,1,negatif,0.6796,netral,tanpa_emoji,negatif,md
5qRWqIlUIrM,user_d19d3b68531c,True,1728172800,1,negatif,0.9821,positif,positif,negatif,md
5qRWqIlUIrM,user_b545c4c23dbc,True,1728172800,0,negatif,0.784,netral,tanpa_emoji,negatif,md
5qRWqIlUIrM,user_65c4e0cf747d,True,1728172800,0,negatif,0.8894,positif,positif,positif,md
5qRWqIlUIrM,user_20306ea2b8c1,True,1728172800,0,negatif,0.5322,positif,tanpa_emoji,negatif,md
5qRWqIlUIrM,user_54fcc2985825,True,1728172800,0,netral,0.8542,netral,tanpa_emoji,netral,md
5qRWqIlUIrM,user_d19d3b68531c,True,1728172800,1,netral,0.987,netral,tanpa_emoji,netral,md
5qRWqIlUIrM,user_ab18568b571a,True,1759708800,0,negatif,0.8284,netral,tanpa_emoji,negatif,md
5qRWqIlUIrM,user_21fc38ce4e81,True,1775433600,0,negatif,0.7285,netral,tanpa_emoji,negatif,md
5qRWqIlUIrM,user_e30fc2417b8d,False,1728172800,0,negatif,0.9832,negatif,tanpa_emoji,negatif,md
5qRWqIlUIrM,user_adfaafa219fe,True,1728172800,1,negatif,0.9939,netral,tanpa_emoji,negatif,md
5qRWqIlUIrM,user_d0fdd7b45e01,True,1728172800,0,negatif,0.8759,negatif,netral,negatif,md
5qRWqIlUIrM,user_65c4e0cf747d,True,1728172800,0,negatif,0.9537,netral,tanpa_emoji,negatif,md
5qRWqIlUIrM,user_da066d071489,False,1728172800,0,negatif,0.9792,positif,tanpa_emoji,negatif,md
5qRWqIlUIrM,user_d56f75f95838,False,1728172800,0,negatif,0.9894,positif,netral,negatif,md
5qRWqIlUIrM,user_ea404398f5ef,False,1728172800,0,positif,0.9963,positif,tanpa_emoji,positif,md
5qRWqIlUIrM,user_f1d45957a315,True,1728172800,0,negatif,0.7763,netral,tanpa_emoji,negatif,md
5qRWqIlUIrM,user_44b2efdc99f0,False,1728172800,0,negatif,0.9902,negatif,netral,negatif,md
5qRWqIlUIrM,user_ade7d408cb6e,False,1728172800,0,negatif,0.995,netral,netral,negatif,md
5qRWqIlUIrM,user_e30d8ae054ea,False,1728172800,2,negatif,0.9976,netral,tanpa_emoji,negatif,md
5qRWqIlUIrM,user_29935131795a,True,1728172800,0,positif,0.7493,netral,netral,positif,md
5qRWqIlUIrM,user_65c4e0cf747d,True,1728172800,0,positif,0.5819,netral,tanpa_emoji,positif,md
5qRWqIlUIrM,user_e491587e2b9f,False,1728172800,0,negatif,0.9416,netral,netral,negatif,md
5qRWqIlUIrM,user_e461ce3e5e9a,False,1728172800,186,negatif,0.9952,negatif,negatif,negatif,md
5qRWqIlUIrM,user_421cce5bca53,True,1728172800,2,negatif,0.994,netral,netral,negatif,md
5qRWqIlUIrM,user_b3f8ecf107f6,True,1728172800,1,negatif,0.9833,netral,netral,negatif,md
5qRWqIlUIrM,user_159e0bbb2d8d,True,1728172800,0,negatif,0.9589,netral,tanpa_emoji,negatif,md
5qRWqIlUIrM,user_6cac98dfa91f,True,1728172800,1,netral,0.6074,netral,netral,netral,md
5qRWqIlUIrM,user_65c4e0cf747d,True,1728172800,0,negatif,0.9975,netral,tanpa_emoji,negatif,md
5qRWqIlUIrM,user_888c0137fe27,True,1728172800,0,negatif,0.4777,netral,tanpa_emoji,negatif,md
5qRWqIlUIrM,user_d19d3b68531c,True,1728172800,0,negatif,0.9821,positif,positif,negatif,md
5qRWqIlUIrM,user_3d0b2537a856,False,1728172800,0,positif,0.983,netral,netral,positif,md
5qRWqIlUIrM,user_97bbed42b87e,False,1728172800,0,negatif,0.9561,netral,tanpa_emoji,negatif,md
5qRWqIlUIrM,user_23971e1414e0,False,1728172800,0,positif,0.9866,positif,tanpa_emoji,positif,md
5qRWqIlUIrM,user_b20684cafef9,False,1728172800,1,negatif,0.9983,negatif,tanpa_emoji,negatif,md
5qRWqIlUIrM,user_e891d84c7613,False,1728172800,1,negatif,0.9551,netral,tanpa_emoji,negatif,md
5qRWqIlUIrM,user_9b7c04654155,False,1728172800,0,positif,0.9966,positif,tanpa_emoji,positif,md
5qRWqIlUIrM,user_3cf148381840,False,1728172800,3,negatif,0.9972,netral,netral,negatif,md
5qRWqIlUIrM,user_381f4b776f63,False,1728172800,3,positif,0.6938,positif,tanpa_emoji,positif,md
5qRWqIlUIrM,user_381f4b776f63,False,1728172800,0,positif,0.6938,positif,tanpa_emoji,positif,md
5qRWqIlUIrM,user_7dd8520ac30e,False,1728172800,0,negatif,0.9589,netral,netral,negatif,md
5qRWqIlUIrM,user_3781bee5a773,False,1728172800,3,negatif,0.9956,negatif,netral,negatif,md
5qRWqIlUIrM,user_9024eceb15d9,False,1728172800,45,negatif,0.9954,negatif,netral,negatif,md
5qRWqIlUIrM,user_04f9abdc8cb3,False,1728172800,21,positif,0.9957,negatif,tanpa_emoji,positif,md
5qRWqIlUIrM,user_b325247f3641,False,1728172800,0,negatif,0.9972,negatif,tanpa_emoji,negatif,md
5qRWqIlUIrM,user_c183d2f7a4e4,False,1728172800,0,negatif,0.9951,netral,netral,negatif,md
5qRWqIlUIrM,user_c73969a07782,False,1728172800,0,negatif,0.9988,netral,netral,negatif,md
5qRWqIlUIrM,user_075e2b82a7ec,False,1728172800,2,positif,0.9613,positif,positif,positif,md
5qRWqIlUIrM,user_d7da12c9dcfa,False,1728172800,0,negatif,0.819,netral,netral,negatif,md
5qRWqIlUIrM,user_1082e8f1a7c6,False,1728172800,0,positif,0.9819,positif,tanpa_emoji,positif,md
5qRWqIlUIrM,user_1082e8f1a7c6,False,1728172800,0,negatif,0.9951,netral,tanpa_emoji,negatif,md
5qRWqIlUIrM,user_13798da6a0ac,False,1728172800,1000,negatif,0.9989,netral,tanpa_emoji,negatif,md
5qRWqIlUIrM,user_df1eb3953a9d,False,1728172800,2,negatif,0.6,netral,tanpa_emoji,negatif,md
5qRWqIlUIrM,user_8e0aa8394d21,False,1728172800,0,negatif,0.9972,negatif,tanpa_emoji,negatif,md
5qRWqIlUIrM,user_12dac9cbeb7e,False,1728172800,0,positif,0.9291,netral,tanpa_emoji,positif,md
5qRWqIlUIrM,user_2d8c1df71ff1,False,1728172800,164,positif,0.942,positif,tanpa_emoji,positif,md
5qRWqIlUIrM,user_065c946f8497,False,1728172800,0,negatif,0.9938,netral,tanpa_emoji,negatif,md
5qRWqIlUIrM,user_e843b546bdd3,False,1728172800,0,negatif,0.9925,netral,netral,negatif,md
5qRWqIlUIrM,user_9a38a2028963,False,1728172800,0,negatif,0.9863,negatif,negatif,negatif,md
5qRWqIlUIrM,user_6766782a088c,False,1728172800,1,negatif,0.9432,netral,tanpa_emoji,negatif,md
5qRWqIlUIrM,user_e3105a891403,False,1728172800,1,negatif,0.9748,netral,netral,negatif,md
5qRWqIlUIrM,user_f25ecb0f94f4,False,1728172800,1,negatif,0.834,netral,tanpa_emoji,negatif,md
5qRWqIlUIrM,user_4c20816f7c8f,False,1728172800,3,negatif,0.9985,netral,netral,negatif,md
5qRWqIlUIrM,user_235fe1450be9,False,1728172800,1,netral,0.4666,netral,tanpa_emoji,netral,md
5qRWqIlUIrM,user_844a9e72d8c1,False,1728172800,0,negatif,0.9968,positif,netral,negatif,md
5qRWqIlUIrM,user_210666229931,False,1728172800,0,negatif,0.9975,positif,tanpa_emoji,negatif,md
5qRWqIlUIrM,user_abfb35c294ee,False,1728172800,0,netral,0.8995,netral,tanpa_emoji,netral,md
5qRWqIlUIrM,user_53b677bee791,False,1728172800,0,negatif,0.9355,netral,tanpa_emoji,negatif,md
5qRWqIlUIrM,user_8651c9d0a189,False,1728172800,1,positif,0.9906,netral,tanpa_emoji,positif,md
5qRWqIlUIrM,user_fa5a02c40dce,False,1728172800,1,positif,0.9983,positif,positif,positif,md
5qRWqIlUIrM,user_27fcf901f547,False,1728172800,1,negatif,0.7856,netral,tanpa_emoji,negatif,md
5qRWqIlUIrM,user_6a45d72cccbd,False,1728172800,0,positif,0.7587,positif,tanpa_emoji,positif,md
5qRWqIlUIrM,user_3b56b4998db8,False,1728172800,0,negatif,0.9917,netral,netral,negatif,md
5qRWqIlUIrM,user_51f9440145a6,False,1728172800,1,negatif,0.999,negatif,tanpa_emoji,negatif,md
5qRWqIlUIrM,user_6d5c4a34d349,False,1728172800,0,positif,0.5301,positif,tanpa_emoji,positif,md
5qRWqIlUIrM,user_376942d244a2,False,1728172800,0,positif,0.9937,positif,tanpa_emoji,positif,md
5qRWqIlUIrM,user_e77c49c55ef9,False,1728172800,2,positif,0.9982,positif,tanpa_emoji,positif,md
5qRWqIlUIrM,user_a500c72736d3,False,1728172800,0,positif,0.8415,netral,tanpa_emoji,positif,md
5qRWqIlUIrM,user_908f23e5da17,False,1728172800,0,netral,0.9211,netral,netral,netral,md
5qRWqIlUIrM,user_46b2c384745c,False,1728172800,0,negatif,0.9682,netral,tanpa_emoji,negatif,md
5qRWqIlUIrM,user_a815a8c23b87,False,1728172800,0,negatif,0.9946,netral,netral,negatif,md
5qRWqIlUIrM,user_a815a8c23b87,False,1728172800,1,negatif,0.9951,netral,netral,negatif,md
5qRWqIlUIrM,user_9276d15b12fe,False,1728172800,0,negatif,0.9986,netral,netral,negatif,md
5qRWqIlUIrM,user_a3056745dcf8,False,1728172800,0,negatif,0.6265,netral,tanpa_emoji,negatif,md
5qRWqIlUIrM,user_c1d413e62c41,False,1728172800,0,negatif,0.63,netral,tanpa_emoji,negatif,md
5qRWqIlUIrM,user_6ba3a28b7be6,False,1728172800,2,negatif,0.9555,netral,netral,negatif,md
5qRWqIlUIrM,user_aa608f812fb4,False,1728172800,0,negatif,0.7853,netral,tanpa_emoji,negatif,md
5qRWqIlUIrM,user_38193ed472a5,False,1728172800,0,negatif,0.6832,positif,tanpa_emoji,negatif,md
5qRWqIlUIrM,user_3e38603b4097,False,1728172800,0,positif,0.9917,netral,netral,positif,md
5qRWqIlUIrM,user_d84d201876a0,False,1728172800,0,netral,0.9905,netral,tanpa_emoji,netral,md
5qRWqIlUIrM,user_126edcfaf9c5,False,1728172800,0,netral,0.8786,netral,tanpa_emoji,netral,md
5qRWqIlUIrM,user_59ef11d21655,False,1728172800,4,negatif,0.9797,netral,netral,negatif,md
5qRWqIlUIrM,user_7618b6fbc191,False,1728172800,1,positif,0.9936,negatif,netral,positif,md
5qRWqIlUIrM,user_b454bb78d360,False,1728172800,1,negatif,0.507,negatif,tanpa_emoji,negatif,md
5qRWqIlUIrM,user_fc1cbdd86951,False,1728172800,404,positif,0.773,negatif,tanpa_emoji,positif,md
5qRWqIlUIrM,user_349b042e8768,False,1728172800,0,positif,0.9893,positif,tanpa_emoji,positif,md
5qRWqIlUIrM,user_4774d37f5b35,False,1728172800,0,negatif,0.9954,negatif,tanpa_emoji,negatif,md
5qRWqIlUIrM,user_a3fba86bbf1f,False,1728172800,0,netral,0.9821,netral,tanpa_emoji,netral,md
5qRWqIlUIrM,user_7171e5476a89,False,1728172800,0,negatif,0.9005,positif,positif,positif,md
5qRWqIlUIrM,user_b454bb78d360,False,1728172800,0,negatif,0.7093,netral,tanpa_emoji,negatif,md
5qRWqIlUIrM,user_a56d4e0e983c,False,1728172800,0,negatif,0.9941,netral,netral,negatif,md
5qRWqIlUIrM,user_9564ce7c600d,False,1728172800,0,negatif,0.9317,netral,tanpa_emoji,negatif,md
5qRWqIlUIrM,user_cc87f56e3f69,False,1728172800,3,positif,0.6846,netral,netral,positif,md
5qRWqIlUIrM,user_9923a6f5c448,False,1728172800,1,negatif,0.9903,netral,netral,negatif,md
5qRWqIlUIrM,user_d43dcff111df,False,1728172800,0,negatif,0.9983,netral,tanpa_emoji,negatif,md
5qRWqIlUIrM,user_2040de46225d,False,1728172800,0,negatif,0.9954,negatif,netral,negatif,md
5qRWqIlUIrM,user_6197d7f2991a,False,1728172800,2,negatif,0.9989,negatif,tanpa_emoji,negatif,md
5qRWqIlUIrM,user_8db376bceb37,False,1728172800,0,positif,0.7457,netral,tanpa_emoji,positif,md
5qRWqIlUIrM,user_e8d5143080f9,False,1728172800,1,negatif,0.8047,negatif,tanpa_emoji,negatif,md
5qRWqIlUIrM,user_892449e1624e,False,1728172800,1,positif,0.7062,positif,tanpa_emoji,positif,md
5qRWqIlUIrM,user_ce24156c75a3,False,1728172800,4,negatif,0.9966,positif,netral,negatif,md
5qRWqIlUIrM,user_cdd7c7e5296c,False,1728172800,0,negatif,0.9173,netral,netral,negatif,md
5qRWqIlUIrM,user_aadfa188d739,False,1728172800,1,negatif,0.9994,negatif,tanpa_emoji,negatif,md
5qRWqIlUIrM,user_6a51ac737d00,False,1728172800,0,negatif,0.9275,positif,netral,negatif,md
5qRWqIlUIrM,user_6b5849115d86,False,1728172800,2,negatif,0.8664,netral,tanpa_emoji,negatif,md
5qRWqIlUIrM,user_69e3bb00d57d,False,1728172800,3,positif,0.6902,positif,positif,positif,md
5qRWqIlUIrM,user_70dee9f0ce73,False,1728172800,0,negatif,0.956,netral,netral,negatif,md
5qRWqIlUIrM,user_193a3ad003e4,False,1728172800,0,netral,0.4731,netral,tanpa_emoji,netral,md
5qRWqIlUIrM,user_9b7c04654155,False,1728172800,0,negatif,0.7974,netral,tanpa_emoji,negatif,md
5qRWqIlUIrM,user_2a4ad3fca609,False,1728172800,1,negatif,0.9185,netral,tanpa_emoji,negatif,md
5qRWqIlUIrM,user_eba6538b88d5,False,1728172800,0,negatif,0.9822,netral,netral,negatif,md
5qRWqIlUIrM,user_795c80372dd6,False,1728172800,1,negatif,0.9272,netral,netral,negatif,md
5qRWqIlUIrM,user_352b49a92671,False,1728172800,0,negatif,0.981,netral,netral,negatif,md
5qRWqIlUIrM,user_83edeee7f423,False,1728172800,1,negatif,0.9902,netral,netral,negatif,md
5qRWqIlUIrM,user_8e46cbe4b585,False,1728172800,2,negatif,0.9292,positif,netral,negatif,md
5qRWqIlUIrM,user_d0d3d0b3f524,False,1728172800,40,positif,0.9967,positif,positif,positif,md
5qRWqIlUIrM,user_f935a5a92c7c,False,1728172800,7,positif,0.8771,positif,positif,positif,md
5qRWqIlUIrM,user_15214d7cebc4,False,1728172800,2,negatif,0.8065,netral,tanpa_emoji,negatif,md
5qRWqIlUIrM,user_95432b56e47d,False,1728172800,5,positif,0.9041,netral,tanpa_emoji,positif,md
5qRWqIlUIrM,user_78f258d00a46,False,1728172800,1,negatif,0.9599,netral,netral,netral,md
5qRWqIlUIrM,user_ad92aa369d7a,False,1728172800,4,negatif,0.9943,negatif,tanpa_emoji,negatif,md
5qRWqIlUIrM,user_0524213159df,False,1728172800,2,negatif,0.9835,netral,netral,negatif,md
5qRWqIlUIrM,user_46d272879afa,False,1728172800,8,positif,0.9929,netral,netral,positif,md
5qRWqIlUIrM,user_2e433f363d0f,False,1728172800,7,negatif,0.9405,netral,tanpa_emoji,negatif,md
5qRWqIlUIrM,user_8e25cdfee841,False,1728172800,6,negatif,0.7249,positif,tanpa_emoji,negatif,md
5qRWqIlUIrM,user_283884825a8f,False,1728172800,10,negatif,0.7437,netral,tanpa_emoji,negatif,md
5qRWqIlUIrM,user_4959541d6b4b,False,1728172800,5,negatif,0.9369,netral,tanpa_emoji,negatif,md
5qRWqIlUIrM,user_170601579b5a,False,1728172800,8,positif,0.9133,positif,netral,positif,md
5qRWqIlUIrM,user_1c189a7dcba5,False,1728172800,276,positif,0.9561,positif,tanpa_emoji,positif,md
5qRWqIlUIrM,user_f1a3291a614e,False,1728172800,7,negatif,0.9983,netral,tanpa_emoji,negatif,md
5qRWqIlUIrM,user_8ec894572da9,False,1728172800,17,positif,0.9985,positif,tanpa_emoji,positif,md
5qRWqIlUIrM,user_eaaf1ab49304,False,1728172800,3,negatif,0.9904,netral,netral,negatif,md
5qRWqIlUIrM,user_a93fdafcb1ac,False,1728172800,23,negatif,0.9655,netral,netral,negatif,md
5qRWqIlUIrM,user_fc1a6754be3f,False,1728172800,68,negatif,0.9978,netral,netral,negatif,md
5qRWqIlUIrM,user_b454bb78d360,False,1728172800,10,netral,0.9712,netral,tanpa_emoji,netral,md
5qRWqIlUIrM,user_a24fba5d6730,False,1728172800,70,negatif,0.9959,negatif,negatif,negatif,md
5qRWqIlUIrM,user_53b2b20d25e9,False,1728172800,5,negatif,0.6219,negatif,tanpa_emoji,negatif,md
5qRWqIlUIrM,user_d469b5c3e276,False,1728172800,13,negatif,0.9387,positif,positif,negatif,md
5qRWqIlUIrM,user_9c1b5a5c4688,False,1728172800,14,negatif,0.9918,negatif,negatif,negatif,md
5qRWqIlUIrM,user_1c8f19021eee,False,1728172800,82,positif,0.9952,netral,tanpa_emoji,positif,md
5qRWqIlUIrM,user_837b0b1372dd,False,1728172800,78,negatif,0.528,positif,netral,negatif,md
5qRWqIlUIrM,user_8e25cdfee841,False,1728172800,32,negatif,0.9433,netral,tanpa_emoji,negatif,md
5qRWqIlUIrM,user_c46f53c881f5,False,1728172800,14,negatif,0.8825,netral,tanpa_emoji,negatif,md
5qRWqIlUIrM,user_92f58b33cb65,False,1728172800,138,negatif,0.9351,netral,tanpa_emoji,negatif,md
5qRWqIlUIrM,user_b454bb78d360,False,1728172800,17,positif,0.8827,netral,tanpa_emoji,positif,md
5qRWqIlUIrM,user_40b5c17fa824,False,1728172800,10,negatif,0.7447,netral,tanpa_emoji,negatif,md
5qRWqIlUIrM,user_0c0b5e3521a8,False,1728172800,39,negatif,0.8597,netral,tanpa_emoji,negatif,md
5qRWqIlUIrM,user_d4a07c909597,False,1728172800,78,negatif,0.8593,negatif,tanpa_emoji,negatif,md
5qRWqIlUIrM,user_0f3680eac57e,False,1728172800,11,positif,0.9057,positif,positif,positif,md
5qRWqIlUIrM,user_cf65f3a7b6ff,False,1728172800,21,negatif,0.9984,netral,tanpa_emoji,negatif,md
5qRWqIlUIrM,user_0b3d09c62210,False,1728172800,20,negatif,0.9969,netral,positif,negatif,md
5qRWqIlUIrM,user_9afcc8500d66,False,1728172800,10,negatif,0.9959,positif,tanpa_emoji,negatif,md
5qRWqIlUIrM,user_394943635ab0,False,1728172800,19,negatif,0.924,positif,netral,negatif,md
5qRWqIlUIrM,user_aad3ccbb9157,False,1728172800,1,negatif,0.9578,netral,tanpa_emoji,negatif,md
A5vSO5gPATI,user_94be1b0d2026,False,1780704000,0,positif,0.6913,positif,tanpa_emoji,positif,md
A5vSO5gPATI,user_b287ac966234,False,1780704000,0,negatif,0.9828,netral,tanpa_emoji,negatif,md
A5vSO5gPATI,user_755ffef453b3,False,1778025600,0,negatif,0.9981,netral,tanpa_emoji,negatif,md
A5vSO5gPATI,user_37a5227c5a13,False,1778025600,0,negatif,0.9883,positif,tanpa_emoji,negatif,md
A5vSO5gPATI,user_9f0f4f49c09b,False,1778025600,0,negatif,0.9118,negatif,tanpa_emoji,negatif,md
A5vSO5gPATI,user_b449f2e01e75,False,1775433600,0,netral,0.5954,netral,tanpa_emoji,netral,md
A5vSO5gPATI,user_cd9b92b3201c,False,1772755200,0,netral,0.7764,netral,tanpa_emoji,netral,md
A5vSO5gPATI,user_f422de4c4146,False,1770336000,0,negatif,0.9913,netral,tanpa_emoji,negatif,md
A5vSO5gPATI,user_a1937b804c16,False,1770336000,0,netral,0.8174,netral,tanpa_emoji,netral,md
A5vSO5gPATI,user_d872ef141cbe,False,1770336000,0,negatif,0.9588,positif,netral,negatif,md
A5vSO5gPATI,user_3fdcc6eaacf0,False,1770336000,0,negatif,0.5485,negatif,tanpa_emoji,negatif,md
A5vSO5gPATI,user_02bb13a1c3a7,False,1770336000,0,negatif,0.8506,netral,tanpa_emoji,negatif,md
A5vSO5gPATI,user_cfbb5a158ca1,False,1770336000,0,negatif,0.9151,netral,tanpa_emoji,negatif,md
A5vSO5gPATI,user_7983e6c81cb3,False,1770336000,0,negatif,0.9988,negatif,tanpa_emoji,negatif,md
A5vSO5gPATI,user_3afe585d8adc,False,1770336000,0,positif,0.9793,positif,netral,positif,md
A5vSO5gPATI,user_06a4f0d84e39,False,1767657600,0,negatif,0.9754,netral,tanpa_emoji,negatif,md
A5vSO5gPATI,user_729f893407db,False,1767657600,0,positif,0.9966,netral,tanpa_emoji,positif,md
A5vSO5gPATI,user_c82f8d63cd29,False,1767657600,0,negatif,0.9975,negatif,tanpa_emoji,negatif,md
A5vSO5gPATI,user_7d54abdd445d,False,1767657600,0,positif,0.8528,netral,tanpa_emoji,positif,md
A5vSO5gPATI,user_e7dc7bc027db,False,1767657600,0,negatif,0.488,netral,tanpa_emoji,negatif,md
A5vSO5gPATI,user_9a1c0a0cc93f,False,1767657600,0,negatif,0.8824,netral,tanpa_emoji,negatif,md
A5vSO5gPATI,user_e9b4b1892d8f,False,1767657600,0,negatif,0.9989,negatif,tanpa_emoji,negatif,md
A5vSO5gPATI,user_7909ffcce7ff,False,1767657600,0,negatif,0.7447,netral,tanpa_emoji,negatif,md
A5vSO5gPATI,user_7909ffcce7ff,False,1767657600,0,negatif,0.9235,netral,tanpa_emoji,negatif,md
A5vSO5gPATI,user_beb2d0a2b909,False,1767657600,0,negatif,0.9663,positif,tanpa_emoji,negatif,md
A5vSO5gPATI,user_4e1d3861bc23,False,1767657600,0,negatif,0.9917,netral,tanpa_emoji,negatif,md
A5vSO5gPATI,user_9362dca3c883,False,1767657600,0,negatif,0.9984,netral,tanpa_emoji,negatif,md
A5vSO5gPATI,user_318b502dba70,False,1767657600,0,netral,0.8948,netral,tanpa_emoji,netral,md
A5vSO5gPATI,user_01f8daccee48,False,1767657600,0,negatif,0.9915,positif,tanpa_emoji,negatif,md
A5vSO5gPATI,user_c8f1f024bdec,False,1767657600,1,positif,0.6713,netral,tanpa_emoji,positif,md
A5vSO5gPATI,user_4c76e13352dc,False,1767657600,0,negatif,0.9988,netral,tanpa_emoji,negatif,md
A5vSO5gPATI,user_02366e303458,False,1767657600,0,positif,0.9629,positif,netral,positif,md
A5vSO5gPATI,user_6138efaa569c,True,1767657600,0,negatif,0.4989,netral,netral,negatif,md
A5vSO5gPATI,user_3f445ce49eca,False,1767657600,0,positif,0.9906,positif,tanpa_emoji,positif,md
A5vSO5gPATI,user_5c6f42cd6199,False,1767657600,0,negatif,0.9767,positif,tanpa_emoji,negatif,md
A5vSO5gPATI,user_cb7ae9b240e8,False,1767657600,0,negatif,0.9313,positif,tanpa_emoji,negatif,md
A5vSO5gPATI,user_9bacd0a0ce63,False,1767657600,0,positif,0.474,netral,tanpa_emoji,positif,md
A5vSO5gPATI,user_a3c88a264445,False,1767657600,0,negatif,0.8405,positif,positif,positif,md
A5vSO5gPATI,user_a3c88a264445,False,1767657600,0,negatif,0.9636,positif,positif,negatif,md
A5vSO5gPATI,user_a3c88a264445,False,1767657600,0,netral,0.631,positif,positif,netral,md
A5vSO5gPATI,user_c885a625b3cb,False,1767657600,0,negatif,0.94,positif,tanpa_emoji,negatif,md
A5vSO5gPATI,user_1b432163f47a,False,1767657600,0,negatif,0.5778,netral,tanpa_emoji,negatif,md
A5vSO5gPATI,user_96febdada4cb,False,1764979200,0,positif,0.5721,positif,netral,positif,md
A5vSO5gPATI,user_60582fc1f955,False,1764979200,0,negatif,0.9984,netral,tanpa_emoji,negatif,md
A5vSO5gPATI,user_60582fc1f955,False,1764979200,0,negatif,0.9487,positif,positif,positif,md
A5vSO5gPATI,user_844cae7ca6a3,False,1764979200,0,negatif,0.6413,netral,netral,negatif,md
A5vSO5gPATI,user_3d8578258559,False,1764979200,1,positif,0.5079,netral,tanpa_emoji,positif,md
A5vSO5gPATI,user_460f6b745c87,False,1762387200,0,negatif,0.9895,positif,tanpa_emoji,negatif,md
A5vSO5gPATI,user_460f6b745c87,False,1762387200,0,negatif,0.6976,netral,tanpa_emoji,negatif,md
A5vSO5gPATI,user_39c7d6d317e9,False,1762387200,0,negatif,0.6424,netral,tanpa_emoji,negatif,md
A5vSO5gPATI,user_e4d1c00e7eb2,False,1762387200,0,negatif,0.7706,positif,positif,negatif,md
A5vSO5gPATI,user_2679c934f8f3,False,1762387200,0,negatif,0.9876,negatif,tanpa_emoji,negatif,md
A5vSO5gPATI,user_9d5663ce2a21,False,1759708800,0,negatif,0.9583,netral,tanpa_emoji,negatif,md
A5vSO5gPATI,user_4ffe140ac9c4,False,1759708800,0,positif,0.8537,netral,netral,positif,md
A5vSO5gPATI,user_f95de7965d32,False,1759708800,0,netral,0.8176,positif,positif,netral,md
A5vSO5gPATI,user_416cdba1d2eb,False,1759708800,0,negatif,0.8477,netral,tanpa_emoji,negatif,md
A5vSO5gPATI,user_dcb07e0c60ba,False,1759708800,0,positif,0.996,positif,tanpa_emoji,positif,md
A5vSO5gPATI,user_ece39924ecee,False,1759708800,0,negatif,0.9373,netral,tanpa_emoji,negatif,md
A5vSO5gPATI,user_17db536132f3,False,1759708800,0,netral,0.5521,netral,tanpa_emoji,netral,md
A5vSO5gPATI,user_ad2fe2718ab8,False,1759708800,1,negatif,0.9856,netral,tanpa_emoji,negatif,md
A5vSO5gPATI,user_51c9851e8551,False,1759708800,0,negatif,0.9906,netral,netral,negatif,md
A5vSO5gPATI,user_ad2fe2718ab8,False,1759708800,1,negatif,0.4744,netral,tanpa_emoji,negatif,md
A5vSO5gPATI,user_9239ddf0d11f,False,1759708800,0,negatif,0.9647,netral,tanpa_emoji,negatif,md
A5vSO5gPATI,user_b3e6a911a4a1,False,1759708800,0,positif,0.976,positif,tanpa_emoji,positif,md
A5vSO5gPATI,user_0afc5f114b4e,False,1759708800,0,negatif,0.7731,netral,tanpa_emoji,negatif,md
A5vSO5gPATI,user_99ffed599e79,False,1759708800,0,negatif,0.9429,netral,tanpa_emoji,negatif,md
A5vSO5gPATI,user_c40ac70844b8,False,1759708800,0,netral,0.9627,negatif,tanpa_emoji,netral,md
A5vSO5gPATI,user_1b1bfe91d2e7,False,1759708800,0,netral,0.725,netral,tanpa_emoji,netral,md
A5vSO5gPATI,user_f4db1d0f3ea4,False,1759708800,0,negatif,0.7773,negatif,tanpa_emoji,negatif,md
A5vSO5gPATI,user_9d471feb97eb,False,1759708800,0,netral,0.8751,netral,tanpa_emoji,netral,md
A5vSO5gPATI,user_41b7f968c41b,False,1759708800,0,negatif,0.7607,positif,tanpa_emoji,negatif,md
A5vSO5gPATI,user_b1be9a85a269,False,1759708800,0,negatif,0.9451,netral,tanpa_emoji,negatif,md
A5vSO5gPATI,user_efb043532940,False,1759708800,0,negatif,0.9214,positif,tanpa_emoji,negatif,md
A5vSO5gPATI,user_e1a69823e096,False,1759708800,0,netral,0.727,netral,tanpa_emoji,netral,md
A5vSO5gPATI,user_fd9701f9c13c,False,1759708800,2,netral,0.4282,netral,tanpa_emoji,netral,md
A5vSO5gPATI,user_3563503a33ea,False,1759708800,0,positif,0.9051,netral,tanpa_emoji,positif,md
A5vSO5gPATI,user_4c2b6252120c,False,1759708800,1,negatif,0.8282,netral,tanpa_emoji,negatif,md
A5vSO5gPATI,user_85b752ae365f,False,1759708800,0,positif,0.9414,positif,tanpa_emoji,positif,md
A5vSO5gPATI,user_b47b36624ea2,False,1759708800,0,negatif,0.9978,netral,tanpa_emoji,negatif,md
A5vSO5gPATI,user_89626a01f520,False,1759708800,0,negatif,0.9928,negatif,tanpa_emoji,negatif,md
A5vSO5gPATI,user_7e946bc02f1d,False,1759708800,0,negatif,0.9516,positif,netral,negatif,md
A5vSO5gPATI,user_033e973f3a33,True,1759708800,0,negatif,0.7841,netral,tanpa_emoji,negatif,md
A5vSO5gPATI,user_ea605ace3f4c,False,1759708800,0,negatif,0.9355,netral,netral,negatif,md
A5vSO5gPATI,user_b4a6c65417bd,False,1759708800,0,negatif,0.9978,negatif,tanpa_emoji,negatif,md
A5vSO5gPATI,user_84b5a8cb4876,False,1759708800,0,negatif,0.9983,netral,tanpa_emoji,negatif,md
A5vSO5gPATI,user_b55a55fae711,False,1759708800,4,negatif,0.9478,netral,tanpa_emoji,negatif,md
A5vSO5gPATI,user_0edb4a3ead3e,False,1759708800,0,negatif,0.6647,netral,tanpa_emoji,negatif,md
A5vSO5gPATI,user_35563702c610,False,1759708800,0,negatif,0.9991,netral,tanpa_emoji,negatif,md
A5vSO5gPATI,user_f13a0d2cbffb,False,1759708800,0,positif,0.8263,positif,positif,positif,md
A5vSO5gPATI,user_2f4c8a845d01,False,1759708800,0,netral,0.4884,positif,positif,positif,md
A5vSO5gPATI,user_c1236f93434c,False,1759708800,0,netral,0.4884,positif,positif,positif,md
A5vSO5gPATI,user_b358a24a4b73,False,1759708800,0,netral,0.8627,positif,positif,netral,md
A5vSO5gPATI,user_711563d72740,False,1759708800,0,positif,0.9803,positif,positif,positif,md
A5vSO5gPATI,user_7482a29658fe,False,1759708800,0,positif,0.8163,positif,positif,positif,md
A5vSO5gPATI,user_b03413b359ef,False,1759708800,0,positif,0.9914,positif,positif,positif,md
A5vSO5gPATI,user_e66a8d10a218,False,1759708800,0,netral,0.7401,positif,positif,netral,md
A5vSO5gPATI,user_844605fdffe1,False,1759708800,0,netral,0.9943,netral,tanpa_emoji,netral,md
A5vSO5gPATI,user_9d7bee045107,False,1759708800,0,positif,0.7514,positif,tanpa_emoji,positif,md
A5vSO5gPATI,user_10a02053378d,False,1759708800,0,negatif,0.8513,netral,tanpa_emoji,negatif,md
A5vSO5gPATI,user_39152104f206,False,1759708800,0,negatif,0.5482,positif,tanpa_emoji,negatif,md
A5vSO5gPATI,user_22553112d948,False,1759708800,0,positif,0.9647,netral,tanpa_emoji,positif,md
A5vSO5gPATI,user_4f3cd64acec9,False,1759708800,1,negatif,0.7042,netral,tanpa_emoji,negatif,md
A5vSO5gPATI,user_6c268917c63f,False,1759708800,0,negatif,0.7261,netral,tanpa_emoji,negatif,md
A5vSO5gPATI,user_135d2fad9ace,False,1759708800,0,negatif,0.7699,positif,positif,negatif,md
A5vSO5gPATI,user_f150292891da,False,1759708800,108,positif,0.9823,positif,positif,positif,md
A5vSO5gPATI,user_8e0a7d9c067b,False,1759708800,0,positif,0.9838,positif,positif,positif,md
A5vSO5gPATI,user_973b6f78064b,False,1759708800,110,positif,0.9259,positif,positif,positif,md
A5vSO5gPATI,user_19d5adbb70ab,False,1759708800,0,positif,0.8718,positif,positif,positif,md
A5vSO5gPATI,user_5cfa58fe3995,False,1759708800,0,positif,0.9975,positif,positif,positif,md
A5vSO5gPATI,user_13ebc74a08ac,False,1759708800,0,positif,0.9971,positif,positif,positif,md
A5vSO5gPATI,user_a010c8cee882,False,1759708800,0,positif,0.9977,positif,positif,positif,md
A5vSO5gPATI,user_6c2fd3f58b81,False,1759708800,0,positif,0.8172,positif,positif,positif,md
A5vSO5gPATI,user_efadf49ffc5a,False,1759708800,0,positif,0.9959,positif,positif,positif,md
A5vSO5gPATI,user_2562b6ea6aa4,False,1759708800,0,positif,0.994,positif,positif,positif,md
A5vSO5gPATI,user_75e86addbdff,False,1759708800,0,positif,0.9962,positif,positif,positif,md
A5vSO5gPATI,user_f9fe80aec4b7,False,1759708800,0,positif,0.9976,positif,positif,positif,md
A5vSO5gPATI,user_53c55b945065,False,1759708800,0,positif,0.9959,positif,positif,positif,md
A5vSO5gPATI,user_5eab2898e419,False,1759708800,0,positif,0.7109,netral,tanpa_emoji,positif,md
A5vSO5gPATI,user_47db9e52b359,False,1759708800,0,positif,0.9822,positif,tanpa_emoji,positif,md
A5vSO5gPATI,user_278aa809b2af,False,1759708800,0,netral,0.8097,positif,positif,netral,md
A5vSO5gPATI,user_31e5a699f008,False,1759708800,0,negatif,0.9939,netral,tanpa_emoji,negatif,md
A5vSO5gPATI,user_f7968db6dfd2,False,1759708800,0,negatif,0.9991,netral,tanpa_emoji,negatif,md
A5vSO5gPATI,user_f026ad2d1ba8,False,1759708800,0,negatif,0.9978,netral,tanpa_emoji,negatif,md
A5vSO5gPATI,user_195b8068cb8c,False,1759708800,1,negatif,0.63,positif,tanpa_emoji,negatif,md
A5vSO5gPATI,user_7578c8cdefed,False,1759708800,1,negatif,0.8251,netral,tanpa_emoji,negatif,md
A5vSO5gPATI,user_0328922599fe,False,1759708800,0,positif,0.5841,positif,positif,positif,md
A5vSO5gPATI,user_a2f2eace0abd,False,1759708800,0,positif,0.9141,positif,positif,positif,md
A5vSO5gPATI,user_9b2af134a64f,False,1759708800,0,positif,0.9921,netral,positif,positif,md
A5vSO5gPATI,user_8f24588128d5,False,1759708800,0,positif,0.998,positif,positif,positif,md
A5vSO5gPATI,user_743e3c91145a,False,1759708800,0,positif,0.8718,positif,positif,positif,md
A5vSO5gPATI,user_c903535d899b,False,1759708800,0,positif,0.9505,positif,positif,positif,md
A5vSO5gPATI,user_2988f4723bf9,False,1759708800,0,positif,0.9198,positif,positif,positif,md
A5vSO5gPATI,user_d2fdd5fdd47d,False,1759708800,0,positif,0.9889,positif,positif,positif,md
A5vSO5gPATI,user_a4c488a24a38,False,1759708800,0,positif,0.9928,positif,positif,positif,md
A5vSO5gPATI,user_40f179437024,False,1759708800,0,positif,0.9779,positif,positif,positif,md
A5vSO5gPATI,user_c233fbf720b7,False,1759708800,0,positif,0.9216,positif,positif,positif,md
A5vSO5gPATI,user_aa52bc400c6a,False,1759708800,0,positif,0.9235,positif,positif,positif,md
A5vSO5gPATI,user_0b5b309ba272,False,1759708800,0,positif,0.9778,positif,positif,positif,md
A5vSO5gPATI,user_7e408bf931ff,False,1759708800,0,positif,0.9967,positif,positif,positif,md
A5vSO5gPATI,user_de7f2a7638cb,False,1759708800,0,negatif,0.8393,netral,netral,negatif,md
A5vSO5gPATI,user_8087fd226495,False,1759708800,0,positif,0.9731,positif,positif,positif,md
A5vSO5gPATI,user_abebc4d17ec8,False,1759708800,0,negatif,0.6802,positif,positif,negatif,md
A5vSO5gPATI,user_be1347ce5b07,False,1759708800,0,positif,0.9731,netral,positif,positif,md
A5vSO5gPATI,user_cc376c778513,False,1759708800,0,positif,0.9927,positif,positif,positif,md
A5vSO5gPATI,user_cfa2d9952f55,False,1759708800,1,negatif,0.8917,netral,tanpa_emoji,negatif,md
A5vSO5gPATI,user_eb37fdbc9c73,False,1759708800,3,netral,0.378,positif,positif,positif,md
A5vSO5gPATI,user_44f57f57bcc6,False,1759708800,19,positif,0.9985,positif,positif,positif,md
A5vSO5gPATI,user_0afc5f114b4e,True,1762387200,2,negatif,0.9788,netral,tanpa_emoji,negatif,md
A5vSO5gPATI,user_09e078704d47,True,1759708800,0,netral,0.9341,netral,tanpa_emoji,netral,md
A5vSO5gPATI,user_c886c27fc33f,False,1759708800,0,negatif,0.9971,positif,tanpa_emoji,negatif,md
A5vSO5gPATI,user_739e47607852,False,1759708800,7,negatif,0.9921,netral,tanpa_emoji,negatif,md
A5vSO5gPATI,user_a6e9eb7592e3,False,1759708800,0,positif,0.8464,positif,tanpa_emoji,positif,md
A5vSO5gPATI,user_956bd37db01b,False,1759708800,1,negatif,0.5811,netral,tanpa_emoji,negatif,md
A5vSO5gPATI,user_7445c842be29,False,1759708800,239,positif,0.9971,positif,positif,positif,md
A5vSO5gPATI,user_c31433330faf,False,1759708800,336,positif,0.9936,positif,positif,positif,md
A5vSO5gPATI,user_bd65ed3192c8,True,1788652800,0,netral,0.6373,netral,tanpa_emoji,netral,md
A5vSO5gPATI,user_fd17663f02ec,False,1759708800,0,positif,0.9973,positif,positif,positif,md
A5vSO5gPATI,user_3976e9c45be9,False,1759708800,0,negatif,0.6781,positif,tanpa_emoji,negatif,md
A5vSO5gPATI,user_ab6d2b23e043,False,1759708800,0,positif,0.9838,positif,positif,positif,md
A5vSO5gPATI,user_a6b84a87c253,False,1759708800,0,positif,0.9727,positif,positif,positif,md
A5vSO5gPATI,user_6b1eb4efc822,False,1759708800,0,positif,0.9976,positif,positif,positif,md
A5vSO5gPATI,user_d04c1e2bcac2,False,1759708800,329,positif,0.9823,positif,positif,positif,md
A5vSO5gPATI,user_2ff0042b6057,False,1759708800,0,negatif,0.571,netral,tanpa_emoji,negatif,md
A5vSO5gPATI,user_ef1f5c7f4b43,False,1759708800,1,positif,0.9634,positif,tanpa_emoji,positif,md
A5vSO5gPATI,user_844ae6dd3cab,False,1759708800,0,positif,0.9975,positif,positif,positif,md
A5vSO5gPATI,user_659e0368c40b,False,1759708800,0,positif,0.8172,positif,positif,positif,md
A5vSO5gPATI,user_afc5c3318cf2,False,1759708800,0,positif,0.9259,positif,positif,positif,md
A5vSO5gPATI,user_9a12993c4477,False,1759708800,0,positif,0.9971,positif,positif,positif,md
A5vSO5gPATI,user_7a0f685afe5b,False,1759708800,0,netral,0.7938,positif,positif,netral,md
A5vSO5gPATI,user_f1dc92c51e9f,False,1759708800,0,positif,0.9977,positif,positif,positif,md
A5vSO5gPATI,user_5b25939c9fcc,False,1759708800,0,negatif,0.5783,netral,tanpa_emoji,negatif,md
A5vSO5gPATI,user_1ee154c71f5a,False,1759708800,0,negatif,0.9971,negatif,tanpa_emoji,negatif,md
A5vSO5gPATI,user_48133acc9163,False,1759708800,0,positif,0.8315,netral,netral,positif,md
A5vSO5gPATI,user_bff638f483a3,False,1759708800,0,positif,0.9976,positif,positif,positif,md
A5vSO5gPATI,user_8fe629770f95,False,1759708800,0,positif,0.9959,positif,positif,positif,md
A5vSO5gPATI,user_e65559aa60d0,False,1759708800,332,positif,0.994,positif,positif,positif,md
A5vSO5gPATI,user_97cdae682594,False,1759708800,0,positif,0.9959,positif,positif,positif,md
A5vSO5gPATI,user_f760a5b70a15,False,1759708800,0,positif,0.9962,positif,positif,positif,md
A5vSO5gPATI,user_f8b2c5d392bb,False,1759708800,0,positif,0.5898,netral,tanpa_emoji,positif,md
A5vSO5gPATI,user_afdf0ce0f67f,False,1759708800,0,positif,0.9509,netral,tanpa_emoji,positif,md
A5vSO5gPATI,user_5116cd00a576,False,1759708800,0,negatif,0.9987,negatif,tanpa_emoji,negatif,md
A5vSO5gPATI,user_63205f7fe9a5,False,1759708800,2,positif,0.4802,positif,positif,positif,md
A5vSO5gPATI,user_c2b3915b1632,False,1759708800,42,negatif,0.488,netral,tanpa_emoji,negatif,md
A5vSO5gPATI,user_38f53311cf00,False,1759708800,0,negatif,0.9104,netral,tanpa_emoji,negatif,md
A5vSO5gPATI,user_b99d9627793e,True,1759708800,0,negatif,0.666,netral,tanpa_emoji,negatif,md
A5vSO5gPATI,user_522a97b9b2f0,False,1759708800,0,negatif,0.9897,netral,netral,negatif,md
A5vSO5gPATI,user_da98bed21916,True,1759708800,0,negatif,0.9942,netral,tanpa_emoji,negatif,md
A5vSO5gPATI,user_522a97b9b2f0,True,1759708800,0,negatif,0.6416,negatif,netral,negatif,md
A5vSO5gPATI,user_f9f328970f5a,False,1759708800,0,negatif,0.9858,netral,netral,negatif,md
A5vSO5gPATI,user_81457867e798,False,1759708800,0,positif,0.8949,netral,netral,positif,md
A5vSO5gPATI,user_07d8c3c0c2ed,False,1759708800,0,netral,0.805,positif,positif,netral,md
A5vSO5gPATI,user_5f13ec56e231,False,1759708800,0,negatif,0.9917,netral,tanpa_emoji,negatif,md
A5vSO5gPATI,user_cf2afa3d5893,False,1759708800,0,negatif,0.9941,netral,tanpa_emoji,negatif,md
A5vSO5gPATI,user_f3b0fbdc1300,False,1759708800,1,negatif,0.646,negatif,tanpa_emoji,negatif,md
A5vSO5gPATI,user_aab9f5600e96,False,1759708800,1,negatif,0.9851,positif,netral,negatif,md
A5vSO5gPATI,user_a24fba5d6730,False,1759708800,3,negatif,0.6812,netral,tanpa_emoji,negatif,md
A5vSO5gPATI,user_087ea65d3b73,False,1759708800,1,positif,0.5094,positif,tanpa_emoji,positif,md
A5vSO5gPATI,user_893454f0c307,False,1759708800,7,negatif,0.9616,positif,positif,negatif,md
A5vSO5gPATI,user_75da136fd77e,True,1759708800,0,negatif,0.9298,netral,tanpa_emoji,negatif,md
A5vSO5gPATI,user_893454f0c307,True,1759708800,0,negatif,0.6321,netral,tanpa_emoji,negatif,md
A5vSO5gPATI,user_75da136fd77e,True,1759708800,0,negatif,0.9807,netral,tanpa_emoji,negatif,md
A5vSO5gPATI,user_893454f0c307,True,1759708800,2,negatif,0.9706,negatif,netral,negatif,md
A5vSO5gPATI,user_75da136fd77e,True,1759708800,0,netral,0.6655,positif,tanpa_emoji,netral,md
A5vSO5gPATI,user_593508b4e00e,True,1759708800,0,negatif,0.995,netral,tanpa_emoji,negatif,md
A5vSO5gPATI,user_893454f0c307,True,1759708800,0,netral,0.9679,netral,tanpa_emoji,netral,md
A5vSO5gPATI,user_46c8e8ecae39,False,1759708800,0,negatif,0.7848,netral,netral,negatif,md
A5vSO5gPATI,user_c4a93b74c8af,False,1759708800,3,netral,0.5332,positif,positif,positif,md
A5vSO5gPATI,user_dd616835d271,False,1759708800,6,netral,0.9972,netral,tanpa_emoji,netral,md
A5vSO5gPATI,user_1bc8df568660,False,1759708800,2,negatif,0.5759,positif,tanpa_emoji,negatif,md
A5vSO5gPATI,user_06fdbbd67398,False,1759708800,0,negatif,0.998,netral,tanpa_emoji,negatif,md
A5vSO5gPATI,user_c017328e1bdb,False,1759708800,5,negatif,0.9984,negatif,tanpa_emoji,negatif,md
A5vSO5gPATI,user_9595db2fc024,False,1759708800,3,netral,0.6653,positif,tanpa_emoji,netral,md
A5vSO5gPATI,user_4ffe140ac9c4,True,1759708800,1,positif,0.509,positif,tanpa_emoji,positif,md
A5vSO5gPATI,user_4e1d3861bc23,True,1767657600,0,negatif,0.8282,netral,tanpa_emoji,negatif,md
A5vSO5gPATI,user_9636ea41476e,False,1759708800,3,negatif,0.4851,netral,tanpa_emoji,negatif,md
A5vSO5gPATI,user_de4e3e61c73f,False,1759708800,174,positif,0.926,netral,tanpa_emoji,positif,md
A5vSO5gPATI,user_ece39924ecee,True,1759708800,15,positif,0.9081,negatif,netral,positif,md
A5vSO5gPATI,user_992c9e54eeeb,True,1770336000,1,negatif,0.9982,negatif,tanpa_emoji,negatif,md
A5vSO5gPATI,user_3a24c0f256f7,True,1759708800,9,positif,0.8862,netral,tanpa_emoji,positif,md
A5vSO5gPATI,user_ddc0b7196290,True,1759708800,2,negatif,0.996,netral,tanpa_emoji,negatif,md
A5vSO5gPATI,user_0369379622ba,True,1770336000,0,negatif,0.8028,negatif,tanpa_emoji,negatif,md
A5vSO5gPATI,user_3a24c0f256f7,True,1770336000,0,negatif,0.6419,netral,tanpa_emoji,negatif,md
A5vSO5gPATI,user_663264e08af0,True,1759708800,15,negatif,0.9732,netral,tanpa_emoji,negatif,md
A5vSO5gPATI,user_16af99af8938,True,1759708800,4,positif,0.587,netral,tanpa_emoji,positif,md
A5vSO5gPATI,user_2ebd3063dba2,True,1762387200,0,positif,0.4706,positif,tanpa_emoji,positif,md
A5vSO5gPATI,user_16af99af8938,True,1762387200,0,negatif,0.7301,netral,tanpa_emoji,negatif,md
A5vSO5gPATI,user_074156a77c1f,True,1759708800,0,positif,0.8696,positif,tanpa_emoji,positif,md
A5vSO5gPATI,user_6f51f2a9c86c,True,1759708800,0,positif,0.7267,netral,tanpa_emoji,positif,md
A5vSO5gPATI,user_214b351c8fe1,True,1759708800,0,netral,0.9818,netral,tanpa_emoji,netral,md
A5vSO5gPATI,user_1a496473024f,True,1759708800,0,netral,0.6691,negatif,tanpa_emoji,netral,md
A5vSO5gPATI,user_07701a08035c,True,1767657600,0,netral,0.7326,positif,tanpa_emoji,netral,md
A5vSO5gPATI,user_8298f3efc202,True,1770336000,0,negatif,0.9973,positif,tanpa_emoji,negatif,md
A5vSO5gPATI,user_663264e08af0,True,1770336000,0,negatif,0.9137,negatif,netral,negatif,md
A5vSO5gPATI,user_a738d85924e5,False,1759708800,36,positif,0.9936,positif,tanpa_emoji,positif,md
A5vSO5gPATI,user_de4e3e61c73f,False,1759708800,4,positif,0.8112,positif,positif,positif,md
A5vSO5gPATI,user_de4e3e61c73f,False,1759708800,20,negatif,0.9821,netral,tanpa_emoji,negatif,md
A5vSO5gPATI,user_4d9d45c1bb36,False,1759708800,6,netral,0.6474,netral,tanpa_emoji,netral,md
A5vSO5gPATI,user_bbc76cc2408f,False,1759708800,4,netral,0.8788,netral,tanpa_emoji,netral,md
A5vSO5gPATI,user_ad2fe2718ab8,True,1759708800,0,netral,0.9855,netral,tanpa_emoji,netral,md
A5vSO5gPATI,user_7171e5476a89,False,1759708800,6,negatif,0.9263,netral,tanpa_emoji,negatif,md
A5vSO5gPATI,user_7183b3519c71,False,1759708800,115,negatif,0.9632,positif,tanpa_emoji,negatif,md
A5vSO5gPATI,user_409c9a9bbc2f,True,1762387200,3,negatif,0.9648,netral,netral,negatif,md
A5vSO5gPATI,user_9f8d5e420eab,True,1767657600,1,negatif,0.9922,netral,netral,negatif,md
A5vSO5gPATI,user_04789f980367,True,1767657600,0,negatif,0.9929,negatif,netral,negatif,md
A5vSO5gPATI,user_df9a53fe3b26,False,1759708800,3,netral,0.5172,positif,positif,positif,md
A5vSO5gPATI,user_480185d89a29,False,1759708800,3,negatif,0.99,negatif,negatif,negatif,md
A5vSO5gPATI,user_3751df822d89,False,1759708800,2,positif,0.5033,netral,netral,positif,md
A5vSO5gPATI,user_4ffe140ac9c4,True,1759708800,0,negatif,0.9986,netral,netral,negatif,md
A5vSO5gPATI,user_9d471feb97eb,False,1759708800,0,negatif,0.6631,netral,netral,negatif,md
A5vSO5gPATI,user_77bceadfadc2,False,1759708800,4,positif,0.9927,positif,tanpa_emoji,positif,md
A5vSO5gPATI,user_87c0c2ed05cf,False,1759708800,3,positif,0.5133,netral,netral,positif,md
A5vSO5gPATI,user_8c221be4d0d7,False,1759708800,2,netral,0.5057,positif,positif,positif,md
A5vSO5gPATI,user_101fc99e2b35,False,1759708800,2,positif,0.6409,netral,tanpa_emoji,positif,md
A5vSO5gPATI,user_123761ba38b9,False,1759708800,0,positif,0.9354,positif,tanpa_emoji,positif,md
A5vSO5gPATI,user_0450b8194d1c,False,1759708800,1,negatif,0.7768,netral,tanpa_emoji,negatif,md
A5vSO5gPATI,user_4a3c4156452d,False,1759708800,2,negatif,0.9911,netral,tanpa_emoji,negatif,md
A5vSO5gPATI,user_ddc0b7196290,True,1759708800,0,negatif,0.9253,negatif,tanpa_emoji,negatif,md
A5vSO5gPATI,user_b77d51832377,False,1759708800,13,negatif,0.9883,negatif,tanpa_emoji,negatif,md
A5vSO5gPATI,user_cbc97e1731f5,False,1759708800,3,netral,0.6435,netral,tanpa_emoji,netral,md
A5vSO5gPATI,user_8bb157d369ed,False,1759708800,21,netral,0.9806,positif,positif,netral,md
A5vSO5gPATI,user_df3c07121cfb,False,1759708800,4,negatif,0.9913,netral,tanpa_emoji,negatif,md
A5vSO5gPATI,user_f95de7965d32,False,1759708800,0,positif,0.5042,positif,tanpa_emoji,positif,md
A5vSO5gPATI,user_efb83ee899e4,False,1759708800,47,negatif,0.8502,positif,positif,negatif,md
A5vSO5gPATI,user_d8c47d92044e,True,1759708800,2,negatif,0.9811,netral,tanpa_emoji,negatif,md
A5vSO5gPATI,user_ea605ace3f4c,True,1759708800,0,netral,0.8563,netral,tanpa_emoji,netral,md
A5vSO5gPATI,user_d8c47d92044e,True,1759708800,1,positif,0.9255,netral,tanpa_emoji,positif,md
A5vSO5gPATI,user_efb83ee899e4,True,1759708800,0,netral,0.6696,netral,tanpa_emoji,netral,md
A5vSO5gPATI,user_fd9701f9c13c,True,1759708800,0,netral,0.5702,netral,tanpa_emoji,netral,md
A5vSO5gPATI,user_ca604a696e53,False,1759708800,3,negatif,0.8425,netral,netral,negatif,md
A5vSO5gPATI,user_0aa83a23eaac,False,1759708800,3,negatif,0.6378,positif,positif,negatif,md
A5vSO5gPATI,user_82c3e58ab269,False,1759708800,3,negatif,0.9943,netral,tanpa_emoji,negatif,md
A5vSO5gPATI,user_57f7a01660d2,False,1759708800,3,negatif,0.9993,netral,tanpa_emoji,negatif,md
A5vSO5gPATI,user_756fff9593e9,False,1759708800,4,negatif,0.9991,netral,tanpa_emoji,negatif,md
A5vSO5gPATI,user_535f58e4a706,False,1759708800,3,negatif,0.9986,netral,tanpa_emoji,negatif,md
A5vSO5gPATI,user_ca14e3d4d530,False,1759708800,12,negatif,0.9813,netral,tanpa_emoji,negatif,md
A5vSO5gPATI,user_dbaa40675082,False,1759708800,2,netral,0.5535,netral,tanpa_emoji,netral,md
A5vSO5gPATI,user_dd3fb78a1513,False,1759708800,3,negatif,0.8898,netral,netral,negatif,md
A5vSO5gPATI,user_3528aad4a23a,False,1759708800,3,negatif,0.9649,netral,tanpa_emoji,negatif,md
A5vSO5gPATI,user_1c6384e5a581,False,1759708800,2,negatif,0.7179,positif,positif,positif,md
A5vSO5gPATI,user_19c52e0d9964,False,1759708800,5,negatif,0.6211,netral,tanpa_emoji,negatif,md
ADJZWZUedyU,user_4ab53eb853c6,False,1778025600,0,positif,0.6054,netral,tanpa_emoji,positif,md
ADJZWZUedyU,user_c388be597fc2,False,1778025600,0,negatif,0.9963,netral,tanpa_emoji,negatif,md
ADJZWZUedyU,user_cd8c63c74aa9,False,1770336000,0,netral,0.9128,netral,tanpa_emoji,netral,md
ADJZWZUedyU,user_ed7e7768b946,True,1770336000,1,negatif,0.9629,netral,netral,negatif,md
ADJZWZUedyU,user_f27994c0b3e8,False,1767657600,1,positif,0.9929,positif,positif,positif,md
ADJZWZUedyU,user_0cf15ee9e82b,False,1767657600,0,negatif,0.6879,negatif,tanpa_emoji,negatif,md
ADJZWZUedyU,user_5671fcb4a300,True,1767657600,0,negatif,0.6667,netral,tanpa_emoji,negatif,md
ADJZWZUedyU,user_21ff3d2bdf5e,False,1767657600,1,negatif,0.6641,negatif,tanpa_emoji,negatif,md
ADJZWZUedyU,user_0043b4076d2b,True,1770336000,1,negatif,0.9242,netral,tanpa_emoji,negatif,md
ADJZWZUedyU,user_95022f91655d,False,1767657600,1,negatif,0.9974,negatif,tanpa_emoji,negatif,md
ADJZWZUedyU,user_3f445ce49eca,False,1767657600,0,negatif,0.8043,negatif,tanpa_emoji,negatif,md
ADJZWZUedyU,user_87c0c2ed05cf,False,1767657600,0,negatif,0.6557,netral,netral,negatif,md
ADJZWZUedyU,user_5b2c8abdce21,False,1767657600,0,negatif,0.9888,positif,netral,negatif,md
ADJZWZUedyU,user_f26720628c42,False,1767657600,1,negatif,0.783,netral,tanpa_emoji,negatif,md
ADJZWZUedyU,user_e290f941ec88,False,1767657600,0,netral,0.7111,netral,tanpa_emoji,netral,md
ADJZWZUedyU,user_0e2e577276af,False,1767657600,1,negatif,0.998,netral,tanpa_emoji,negatif,md
ADJZWZUedyU,user_ee39b4312c60,True,1767657600,0,negatif,0.6356,netral,tanpa_emoji,negatif,md
ADJZWZUedyU,user_6e58502d20cd,False,1767657600,4,negatif,0.9748,netral,netral,negatif,md
ADJZWZUedyU,user_b9345549914e,True,1770336000,0,negatif,0.9978,negatif,netral,negatif,md
ADJZWZUedyU,user_6e58502d20cd,True,1770336000,0,negatif,0.5289,netral,netral,negatif,md
ADJZWZUedyU,user_ad736bd93931,False,1767657600,1,netral,0.5058,netral,tanpa_emoji,netral,md
ADJZWZUedyU,user_f9a5c64e1f73,False,1767657600,0,negatif,0.4999,negatif,tanpa_emoji,negatif,md
ADJZWZUedyU,user_9f183e0e9a83,False,1767657600,0,negatif,0.9965,positif,tanpa_emoji,negatif,md
ADJZWZUedyU,user_ee39b4312c60,True,1767657600,0,negatif,0.9985,netral,tanpa_emoji,negatif,md
ADJZWZUedyU,user_abc782c3f320,False,1767657600,0,negatif,0.9927,netral,netral,negatif,md
ADJZWZUedyU,user_3acc97b61833,False,1767657600,0,netral,0.9173,netral,netral,netral,md
ADJZWZUedyU,user_5f637082d7a0,True,1767657600,0,positif,0.9944,netral,tanpa_emoji,positif,md
ADJZWZUedyU,user_3acc97b61833,True,1767657600,0,netral,0.9351,netral,tanpa_emoji,netral,md
ADJZWZUedyU,user_3acc97b61833,False,1767657600,0,positif,0.7683,netral,tanpa_emoji,positif,md
ADJZWZUedyU,user_5bda6c88cbe9,False,1767657600,1,positif,0.9641,positif,tanpa_emoji,positif,md
ADJZWZUedyU,user_40c42fd98fc6,False,1767657600,0,negatif,0.881,positif,tanpa_emoji,negatif,md
ADJZWZUedyU,user_46bc3a8a542a,False,1767657600,0,negatif,0.8254,positif,positif,negatif,md
ADJZWZUedyU,user_81c929c032a5,False,1767657600,2,positif,0.9837,positif,tanpa_emoji,positif,md
ADJZWZUedyU,user_380b8692b160,False,1767657600,2,positif,0.6823,positif,tanpa_emoji,positif,md
ADJZWZUedyU,user_bf2c10c4526d,False,1767657600,0,negatif,0.9951,negatif,tanpa_emoji,negatif,md
ADJZWZUedyU,user_be9dee337697,True,1767657600,2,netral,0.9784,netral,tanpa_emoji,netral,md
ADJZWZUedyU,user_353df9f28a73,False,1767657600,1,negatif,0.9984,negatif,tanpa_emoji,negatif,md
ADJZWZUedyU,user_c4451379a1bf,True,1767657600,0,positif,0.5709,negatif,tanpa_emoji,positif,md
ADJZWZUedyU,user_9da2cd9559c9,False,1767657600,12,negatif,0.9232,positif,tanpa_emoji,negatif,md
ADJZWZUedyU,user_9e25e1a5138a,True,1767657600,1,positif,0.9377,negatif,netral,positif,md
ADJZWZUedyU,user_57c16aebfeb9,False,1767657600,0,positif,0.985,netral,tanpa_emoji,positif,md
ADJZWZUedyU,user_be9dee337697,True,1767657600,0,positif,0.5478,negatif,tanpa_emoji,positif,md
ADJZWZUedyU,user_35f3508f05b3,True,1767657600,0,positif,0.9644,positif,tanpa_emoji,positif,md
ADJZWZUedyU,user_57c16aebfeb9,True,1767657600,0,netral,0.864,netral,tanpa_emoji,netral,md
ADJZWZUedyU,user_b8dee0088321,False,1767657600,6,positif,0.9735,positif,tanpa_emoji,positif,md
ADJZWZUedyU,user_c6f24947216a,True,1778025600,0,negatif,0.5735,negatif,tanpa_emoji,negatif,md
ADJZWZUedyU,user_b8dee0088321,True,1778025600,0,netral,0.9935,netral,tanpa_emoji,netral,md
ADJZWZUedyU,user_79ae8e8fbb5a,False,1767657600,1,negatif,0.9858,netral,tanpa_emoji,negatif,md
ADJZWZUedyU,user_35f3508f05b3,True,1767657600,0,negatif,0.6338,netral,netral,negatif,md
ADJZWZUedyU,user_b07b2f142c99,False,1767657600,9,negatif,0.8151,netral,tanpa_emoji,negatif,md
ADJZWZUedyU,user_c077eec40e41,False,1767657600,3,negatif,0.6349,netral,tanpa_emoji,negatif,md
ADJZWZUedyU,user_93324593b975,False,1767657600,0,negatif,0.9909,positif,tanpa_emoji,negatif,md
ADJZWZUedyU,user_dee35c762e89,False,1767657600,1,negatif,0.953,negatif,tanpa_emoji,negatif,md
ADJZWZUedyU,user_e07962868abb,False,1767657600,0,netral,0.7732,netral,tanpa_emoji,netral,md
ADJZWZUedyU,user_3374acfb3157,False,1767657600,7,negatif,0.976,netral,netral,negatif,md
ADJZWZUedyU,user_7776643b8e1e,True,1767657600,0,negatif,0.9975,negatif,tanpa_emoji,negatif,md
ADJZWZUedyU,user_3374acfb3157,True,1767657600,0,negatif,0.9918,netral,netral,negatif,md
ADJZWZUedyU,user_93725b7c1f60,True,1767657600,0,negatif,0.5886,netral,tanpa_emoji,negatif,md
ADJZWZUedyU,user_3374acfb3157,True,1767657600,0,negatif,0.9962,negatif,netral,negatif,md
ADJZWZUedyU,user_9c4b3a1ebfff,False,1767657600,1,negatif,0.9955,negatif,tanpa_emoji,negatif,md
ADJZWZUedyU,user_be9dee337697,True,1767657600,0,negatif,0.7952,positif,tanpa_emoji,negatif,md
ADJZWZUedyU,user_3a22cd8aaf66,True,1767657600,1,negatif,0.8617,netral,tanpa_emoji,negatif,md
ADJZWZUedyU,user_b8fefd8c36f2,True,1767657600,0,positif,0.7937,positif,tanpa_emoji,positif,md
ADJZWZUedyU,user_be9dee337697,True,1767657600,0,negatif,0.9257,netral,tanpa_emoji,negatif,md
ADJZWZUedyU,user_b8fefd8c36f2,True,1767657600,0,positif,0.8418,positif,tanpa_emoji,positif,md
ADJZWZUedyU,user_5c255cdd18fa,True,1767657600,0,positif,0.9899,netral,tanpa_emoji,positif,md
ADJZWZUedyU,user_4931b398a869,False,1767657600,14,negatif,0.9255,negatif,negatif,negatif,md
ADJZWZUedyU,user_531a4fc80cad,True,1767657600,1,negatif,0.9414,netral,tanpa_emoji,negatif,md
ADJZWZUedyU,user_4931b398a869,True,1767657600,0,netral,0.9905,netral,tanpa_emoji,netral,md
ADJZWZUedyU,user_cdbd2947a5f4,False,1767657600,0,positif,0.995,positif,tanpa_emoji,positif,md
ADJZWZUedyU,user_2c9bd3a96cb3,True,1767657600,0,positif,0.934,netral,tanpa_emoji,positif,md
ADJZWZUedyU,user_8a9a8985504a,False,1767657600,7,negatif,0.9968,netral,netral,negatif,md
ADJZWZUedyU,user_3a759de95d7b,True,1767657600,0,positif,0.6991,netral,tanpa_emoji,positif,md
ADJZWZUedyU,user_c8f1f024bdec,False,1767657600,4,positif,0.9931,positif,tanpa_emoji,positif,md
ADJZWZUedyU,user_a4921240f7f0,False,1767657600,27,positif,0.6082,netral,netral,positif,md
ADJZWZUedyU,user_73338dfa5b8b,False,1767657600,3,netral,0.6936,positif,positif,netral,md
ADJZWZUedyU,user_55577a079f82,False,1767657600,0,negatif,0.8933,netral,tanpa_emoji,negatif,md
ADJZWZUedyU,user_8a9a8985504a,True,1767657600,1,negatif,0.9056,positif,tanpa_emoji,negatif,md
ADJZWZUedyU,user_aad269f5cb79,True,1767657600,0,negatif,0.6018,netral,tanpa_emoji,negatif,md
ADJZWZUedyU,user_8a9a8985504a,True,1767657600,0,negatif,0.8408,positif,tanpa_emoji,negatif,md
ADJZWZUedyU,user_aad269f5cb79,True,1767657600,0,negatif,0.5293,netral,tanpa_emoji,negatif,md
ADJZWZUedyU,user_fc9817c61b9a,True,1780704000,0,negatif,0.6317,negatif,tanpa_emoji,negatif,md
ADJZWZUedyU,user_5d1864d7a1b4,False,1767657600,0,netral,0.9601,positif,tanpa_emoji,netral,md
ADJZWZUedyU,user_4edc1bf974f2,False,1767657600,108,positif,0.987,positif,positif,positif,md
ADJZWZUedyU,user_4d40516ac608,True,1767657600,4,netral,0.8784,netral,positif,netral,md
ADJZWZUedyU,user_179f3494b08c,True,1767657600,0,netral,0.9751,netral,tanpa_emoji,netral,md
ADJZWZUedyU,user_1222e8a5afd8,True,1767657600,0,netral,0.9587,netral,tanpa_emoji,netral,md
ADJZWZUedyU,user_978eba6fe082,True,1767657600,0,netral,0.991,netral,tanpa_emoji,netral,md
ADJZWZUedyU,user_e8ad72574695,True,1767657600,2,negatif,0.8941,netral,tanpa_emoji,negatif,md
ADJZWZUedyU,user_47bbf35d9611,True,1780704000,0,netral,0.9871,netral,tanpa_emoji,netral,md
ADJZWZUedyU,user_0b3d09c62210,False,1767657600,0,positif,0.9746,positif,tanpa_emoji,positif,md
ADJZWZUedyU,user_a1f2880a44a6,False,1767657600,0,positif,0.5607,positif,netral,positif,md
ADJZWZUedyU,user_f2fca2cdfd72,False,1767657600,13,positif,0.7454,positif,tanpa_emoji,positif,md
ADJZWZUedyU,user_1cc526b61e97,False,1767657600,0,negatif,0.5316,netral,tanpa_emoji,negatif,md
ADJZWZUedyU,user_19c52e0d9964,False,1767657600,1,positif,0.8812,positif,tanpa_emoji,positif,md
ADJZWZUedyU,user_9e205d0321b0,False,1767657600,1,netral,0.4668,positif,positif,positif,md
ADJZWZUedyU,user_ece40772a413,False,1767657600,0,netral,0.6775,netral,tanpa_emoji,netral,md
ADJZWZUedyU,user_013d8670bf48,False,1767657600,7,negatif,0.98,positif,positif,negatif,md
ADJZWZUedyU,user_e257447ca134,False,1767657600,1,negatif,0.9972,positif,tanpa_emoji,negatif,md
ADJZWZUedyU,user_3ba79b834577,False,1767657600,0,negatif,0.6616,netral,tanpa_emoji,negatif,md
ADJZWZUedyU,user_3ba79b834577,False,1767657600,0,negatif,0.6616,netral,tanpa_emoji,negatif,md
ADJZWZUedyU,user_dd616835d271,False,1767657600,3,netral,0.9952,netral,tanpa_emoji,netral,md
ADJZWZUedyU,user_7fa2b932a550,False,1767657600,14,negatif,0.9027,positif,positif,negatif,md
ADJZWZUedyU,user_16d3cc22ead6,False,1767657600,22,negatif,0.8813,negatif,tanpa_emoji,negatif,md
ADJZWZUedyU,user_381bb5e3e272,False,1767657600,1,negatif,0.9508,positif,positif,negatif,md
BfhRY0YwEd0,user_1fa288b85f9f,False,1778025600,1,netral,0.6754,positif,positif,netral,md
BfhRY0YwEd0,user_de5df7c6b0b7,False,1775433600,0,positif,0.5966,netral,tanpa_emoji,positif,md
BfhRY0YwEd0,user_887df74721bf,False,1764979200,0,positif,0.9834,positif,positif,positif,md
BfhRY0YwEd0,user_4ae805b3fa16,False,1759708800,0,negatif,0.5688,netral,tanpa_emoji,negatif,md
BfhRY0YwEd0,user_f9a5c64e1f73,False,1759708800,0,negatif,0.665,netral,tanpa_emoji,negatif,md
BfhRY0YwEd0,user_92e54949a3c8,False,1759708800,0,positif,0.9101,positif,tanpa_emoji,positif,md
BfhRY0YwEd0,user_c87baba3d57b,True,1759708800,0,positif,0.9053,netral,tanpa_emoji,positif,md
BfhRY0YwEd0,user_6769b57df554,False,1759708800,0,negatif,0.5983,negatif,tanpa_emoji,negatif,md
BfhRY0YwEd0,user_b5f144eacdcc,True,1759708800,0,negatif,0.9904,positif,tanpa_emoji,negatif,md
BfhRY0YwEd0,user_558de01660c7,False,1759708800,0,negatif,0.6752,netral,netral,negatif,md
BfhRY0YwEd0,user_1480cbf91b27,False,1759708800,0,negatif,0.9976,netral,tanpa_emoji,negatif,md
BfhRY0YwEd0,user_3ed32944d987,False,1759708800,0,negatif,0.9944,netral,netral,negatif,md
BfhRY0YwEd0,user_c963db317750,False,1759708800,0,negatif,0.9989,netral,netral,negatif,md
BfhRY0YwEd0,user_209c862ead4c,False,1759708800,0,netral,0.8466,netral,tanpa_emoji,netral,md
BfhRY0YwEd0,user_22bdf303a362,False,1759708800,0,positif,0.9384,positif,tanpa_emoji,positif,md
BfhRY0YwEd0,user_2ef3a60610b0,False,1759708800,0,negatif,0.9986,netral,tanpa_emoji,negatif,md
BfhRY0YwEd0,user_b13fab020b42,False,1759708800,0,negatif,0.881,negatif,tanpa_emoji,negatif,md
BfhRY0YwEd0,user_3656a0953356,False,1759708800,0,negatif,0.9724,positif,tanpa_emoji,negatif,md
BfhRY0YwEd0,user_b03268e5eb1d,False,1759708800,1,negatif,0.8251,netral,tanpa_emoji,negatif,md
BfhRY0YwEd0,user_5b19d233d3a0,False,1759708800,1,positif,0.9864,netral,netral,netral,md
BfhRY0YwEd0,user_fb299ba11d17,False,1759708800,1,negatif,0.7177,netral,tanpa_emoji,negatif,md
BfhRY0YwEd0,user_f3de87a71ab1,False,1759708800,0,negatif,0.9994,negatif,tanpa_emoji,negatif,md
BfhRY0YwEd0,user_6d5980758c0d,False,1759708800,0,negatif,0.6727,positif,netral,negatif,md
BfhRY0YwEd0,user_9fb0b2ac34e4,False,1759708800,0,negatif,0.9608,netral,tanpa_emoji,negatif,md
BfhRY0YwEd0,user_3534517d3c66,True,1759708800,0,netral,0.9411,netral,tanpa_emoji,netral,md
BfhRY0YwEd0,user_88042ac636ee,False,1759708800,0,negatif,0.7404,netral,tanpa_emoji,negatif,md
BfhRY0YwEd0,user_d030876a6911,False,1759708800,0,negatif,0.9726,netral,tanpa_emoji,negatif,md
BfhRY0YwEd0,user_984acda2e8da,False,1759708800,0,netral,0.5369,netral,tanpa_emoji,netral,md
BfhRY0YwEd0,user_b65d26e01313,True,1759708800,0,netral,0.8859,netral,tanpa_emoji,netral,md
BfhRY0YwEd0,user_eb6b09955c02,False,1759708800,0,positif,0.9665,netral,tanpa_emoji,positif,md
BfhRY0YwEd0,user_8a9cf45512fb,False,1759708800,0,negatif,0.9937,netral,tanpa_emoji,negatif,md
BfhRY0YwEd0,user_6ddf5c27268f,False,1759708800,0,negatif,0.6081,positif,netral,negatif,md
BfhRY0YwEd0,user_33e7bf7e25d0,False,1759708800,0,negatif,0.721,netral,tanpa_emoji,negatif,md
BfhRY0YwEd0,user_9b23a719ae27,True,1759708800,0,negatif,0.6727,netral,tanpa_emoji,negatif,md
BfhRY0YwEd0,user_33e7bf7e25d0,False,1759708800,0,netral,0.5068,netral,tanpa_emoji,netral,md
BfhRY0YwEd0,user_99c4fd94d5e3,False,1759708800,0,negatif,0.9816,negatif,tanpa_emoji,negatif,md
BfhRY0YwEd0,user_c68f952094f4,False,1759708800,0,positif,0.7124,netral,tanpa_emoji,positif,md
BfhRY0YwEd0,user_263ac8debe39,False,1759708800,0,positif,0.5996,netral,tanpa_emoji,positif,md
BfhRY0YwEd0,user_4d3a63b51909,False,1759708800,0,negatif,0.9955,netral,netral,negatif,md
BfhRY0YwEd0,user_0986d6b76bcb,False,1759708800,1,positif,0.9965,positif,positif,positif,md
BfhRY0YwEd0,user_73289c57c53a,False,1759708800,0,negatif,0.7724,netral,tanpa_emoji,negatif,md
BfhRY0YwEd0,user_d2a53544fa2c,False,1759708800,0,positif,0.9833,positif,tanpa_emoji,positif,md
BfhRY0YwEd0,user_7230de186ba9,False,1759708800,0,negatif,0.9976,positif,netral,negatif,md
BfhRY0YwEd0,user_72b49818ca3c,False,1759708800,0,negatif,0.9937,netral,tanpa_emoji,negatif,md
BfhRY0YwEd0,user_162a7591c426,False,1759708800,1,negatif,0.9103,negatif,tanpa_emoji,negatif,md
BfhRY0YwEd0,user_88ab5ad34e23,False,1759708800,0,negatif,0.9986,netral,netral,negatif,md
BfhRY0YwEd0,user_92f0de255dc2,False,1759708800,1,negatif,0.9969,netral,tanpa_emoji,negatif,md
BfhRY0YwEd0,user_8bd97cebc1a8,False,1759708800,0,negatif,0.9287,netral,tanpa_emoji,negatif,md
BfhRY0YwEd0,user_12e6ddc0162d,False,1759708800,0,positif,0.9865,positif,tanpa_emoji,positif,md
BfhRY0YwEd0,user_66d828aa96cc,False,1759708800,0,positif,0.9448,netral,tanpa_emoji,positif,md
BfhRY0YwEd0,user_28a7d4b7f93e,False,1759708800,0,positif,0.9887,positif,tanpa_emoji,positif,md
BfhRY0YwEd0,user_3b11a1191ac2,False,1759708800,0,negatif,0.567,netral,tanpa_emoji,negatif,md
BfhRY0YwEd0,user_397cae5a574b,True,1759708800,0,netral,0.994,netral,tanpa_emoji,netral,md
BfhRY0YwEd0,user_397cae5a574b,False,1759708800,4,positif,0.9957,positif,positif,positif,md
BfhRY0YwEd0,user_7734829172c4,False,1759708800,1,negatif,0.9838,negatif,tanpa_emoji,negatif,md
BfhRY0YwEd0,user_e000a9580a75,False,1759708800,0,negatif,0.9958,netral,tanpa_emoji,negatif,md
BfhRY0YwEd0,user_4611395ef157,False,1759708800,2,positif,0.9901,positif,positif,positif,md
BfhRY0YwEd0,user_0d42a9cb4096,False,1759708800,0,negatif,0.9981,netral,tanpa_emoji,negatif,md
BfhRY0YwEd0,user_a27f3bfbc635,False,1759708800,0,negatif,0.9956,netral,tanpa_emoji,negatif,md
BfhRY0YwEd0,user_074e6609b604,False,1759708800,0,negatif,0.8554,netral,tanpa_emoji,negatif,md
BfhRY0YwEd0,user_99f0e9f75035,False,1759708800,0,negatif,0.993,netral,netral,negatif,md
BfhRY0YwEd0,user_fc35502427d0,False,1759708800,0,positif,0.9468,positif,positif,positif,md
BfhRY0YwEd0,user_9e0135b98040,False,1759708800,3,negatif,0.8832,netral,tanpa_emoji,negatif,md
BfhRY0YwEd0,user_92ab20423a9d,False,1759708800,0,positif,0.9978,positif,tanpa_emoji,positif,md
BfhRY0YwEd0,user_a4ea5b62cb8f,False,1759708800,0,netral,0.8566,netral,tanpa_emoji,netral,md
BfhRY0YwEd0,user_724948753125,False,1759708800,0,negatif,0.9629,netral,tanpa_emoji,negatif,md
BfhRY0YwEd0,user_5d86afc7199c,False,1759708800,0,negatif,0.9277,netral,netral,negatif,md
BfhRY0YwEd0,user_c5ebd13e2ee7,False,1759708800,0,negatif,0.4313,netral,tanpa_emoji,negatif,md
BfhRY0YwEd0,user_1fdcbcbfb7c2,False,1759708800,0,negatif,0.9078,netral,tanpa_emoji,negatif,md
BfhRY0YwEd0,user_68438a19c480,False,1759708800,0,negatif,0.9886,netral,tanpa_emoji,negatif,md
BfhRY0YwEd0,user_07a85c9d5b82,False,1759708800,0,negatif,0.9951,positif,netral,negatif,md
BfhRY0YwEd0,user_d2b6a70c1189,False,1759708800,0,negatif,0.6422,netral,tanpa_emoji,negatif,md
BfhRY0YwEd0,user_d2b6a70c1189,False,1759708800,0,negatif,0.6422,netral,tanpa_emoji,negatif,md
BfhRY0YwEd0,user_d2b6a70c1189,False,1759708800,0,negatif,0.6422,netral,tanpa_emoji,negatif,md
BfhRY0YwEd0,user_be7827177af6,False,1759708800,0,positif,0.9651,positif,tanpa_emoji,positif,md
BfhRY0YwEd0,user_397cae5a574b,True,1759708800,0,positif,0.992,positif,positif,positif,md
BfhRY0YwEd0,user_08b568e8cafe,False,1759708800,1,negatif,0.5781,positif,positif,positif,md
BfhRY0YwEd0,user_e534714ba32f,False,1759708800,1,positif,0.7365,netral,netral,positif,md
BfhRY0YwEd0,user_c09120b523d6,False,1759708800,0,positif,0.9867,positif,tanpa_emoji,positif,md
BfhRY0YwEd0,user_f66d8953e836,False,1759708800,2,positif,0.5314,netral,tanpa_emoji,positif,md
BfhRY0YwEd0,user_bb096de3b5c4,False,1759708800,20,positif,0.7007,netral,tanpa_emoji,positif,md
BfhRY0YwEd0,user_ee342c60052b,True,1759708800,9,positif,0.9728,positif,tanpa_emoji,positif,md
BfhRY0YwEd0,user_d2e66f8c60a9,False,1759708800,0,negatif,0.4978,netral,netral,negatif,md
BfhRY0YwEd0,user_8dfbe436bafd,False,1759708800,11,positif,0.9961,positif,positif,positif,md
BfhRY0YwEd0,user_ce6b4fc5298a,False,1728172800,0,negatif,0.9395,netral,netral,negatif,md
BfhRY0YwEd0,user_f35b59cbeeab,False,1728172800,2,negatif,0.577,netral,netral,negatif,md
BfhRY0YwEd0,user_7f587805566a,False,1728172800,0,negatif,0.9986,netral,tanpa_emoji,negatif,md
BfhRY0YwEd0,user_f6f0360673e0,False,1728172800,1,negatif,0.4633,netral,tanpa_emoji,negatif,md
BfhRY0YwEd0,user_bfc17fd83f5d,False,1728172800,0,negatif,0.998,positif,netral,negatif,md
BfhRY0YwEd0,user_6c11ae6dddf7,True,1759708800,0,negatif,0.9784,netral,netral,negatif,md
BfhRY0YwEd0,user_fcbef8f35d88,False,1728172800,1,positif,0.996,positif,tanpa_emoji,positif,md
BfhRY0YwEd0,user_6a43e7bf72e8,False,1728172800,0,negatif,0.9974,netral,tanpa_emoji,negatif,md
BfhRY0YwEd0,user_6a43e7bf72e8,False,1728172800,0,negatif,0.9937,negatif,tanpa_emoji,negatif,md
BfhRY0YwEd0,user_3e4ea709eacd,False,1728172800,0,negatif,0.9607,netral,tanpa_emoji,negatif,md
BfhRY0YwEd0,user_50209f79c828,False,1728172800,0,negatif,0.5386,positif,positif,positif,md
BfhRY0YwEd0,user_88845d8bde88,False,1728172800,4,negatif,0.9778,netral,netral,negatif,md
BfhRY0YwEd0,user_24ea88be71a5,True,1759708800,0,negatif,0.8616,positif,positif,negatif,md
BfhRY0YwEd0,user_285b428067e3,False,1728172800,0,netral,0.9822,netral,tanpa_emoji,netral,md
BfhRY0YwEd0,user_5e9089cdf72b,False,1728172800,1,positif,0.4888,netral,tanpa_emoji,positif,md
BfhRY0YwEd0,user_c605cef8a92f,False,1728172800,4,positif,0.9076,positif,tanpa_emoji,positif,md
BfhRY0YwEd0,user_24ea88be71a5,True,1759708800,0,negatif,0.8616,positif,positif,negatif,md
BfhRY0YwEd0,user_cb38e9c1fdf1,False,1728172800,1,negatif,0.8848,netral,tanpa_emoji,negatif,md
BfhRY0YwEd0,user_9bcfc588a50a,False,1728172800,0,negatif,0.9979,netral,tanpa_emoji,negatif,md
BfhRY0YwEd0,user_89ef51d838af,False,1728172800,3,negatif,0.7231,netral,tanpa_emoji,negatif,md
BfhRY0YwEd0,user_9e69bd952474,False,1728172800,0,negatif,0.9865,netral,tanpa_emoji,negatif,md
BfhRY0YwEd0,user_6b7fc6c7afdd,False,1728172800,0,positif,0.7973,netral,tanpa_emoji,positif,md
BfhRY0YwEd0,user_d0bdc4219590,False,1728172800,5,negatif,0.7528,positif,netral,negatif,md
BfhRY0YwEd0,user_b232d89bf815,True,1759708800,0,negatif,0.9946,negatif,netral,negatif,md
BfhRY0YwEd0,user_faf8b49eeb90,True,1759708800,0,negatif,0.9923,netral,tanpa_emoji,negatif,md
BfhRY0YwEd0,user_724948753125,True,1759708800,0,negatif,0.7919,negatif,tanpa_emoji,negatif,md
BfhRY0YwEd0,user_f0d3225845e1,False,1728172800,1,negatif,0.7126,netral,tanpa_emoji,negatif,md
BfhRY0YwEd0,user_a06d601b6194,False,1728172800,6,negatif,0.9919,negatif,tanpa_emoji,negatif,md
BfhRY0YwEd0,user_a3f801d965dd,True,1728172800,0,negatif,0.9407,netral,tanpa_emoji,negatif,md
BfhRY0YwEd0,user_a06d601b6194,True,1728172800,1,negatif,0.9869,netral,tanpa_emoji,negatif,md
BfhRY0YwEd0,user_f877ffccdf88,False,1728172800,1,negatif,0.9869,netral,tanpa_emoji,negatif,md
BfhRY0YwEd0,user_e309ed046346,False,1728172800,0,negatif,0.9845,netral,netral,negatif,md
BfhRY0YwEd0,user_29dc15648fae,False,1728172800,21,negatif,0.9678,netral,tanpa_emoji,negatif,md
BfhRY0YwEd0,user_cf6055fbc551,True,1759708800,2,negatif,0.9839,netral,tanpa_emoji,negatif,md
BfhRY0YwEd0,user_24838b605e8d,True,1759708800,0,negatif,0.9993,negatif,tanpa_emoji,negatif,md
BfhRY0YwEd0,user_3df745c81a8d,True,1759708800,0,negatif,0.9406,netral,tanpa_emoji,negatif,md
BfhRY0YwEd0,user_29dc15648fae,True,1759708800,0,negatif,0.8677,positif,positif,negatif,md
BfhRY0YwEd0,user_6bafce12b34c,False,1728172800,0,negatif,0.455,netral,tanpa_emoji,negatif,md
BfhRY0YwEd0,user_5d86afc7199c,False,1728172800,3,negatif,0.9884,positif,netral,negatif,md
BfhRY0YwEd0,user_9f13bbec9053,True,1728172800,0,negatif,0.9928,positif,tanpa_emoji,negatif,md
BfhRY0YwEd0,user_5d86afc7199c,True,1759708800,0,negatif,0.8632,negatif,tanpa_emoji,negatif,md
BfhRY0YwEd0,user_0050de73428c,False,1728172800,0,negatif,0.9881,netral,tanpa_emoji,negatif,md
BfhRY0YwEd0,user_cbf7c6c80d2e,False,1728172800,0,negatif,0.858,netral,tanpa_emoji,negatif,md
BfhRY0YwEd0,user_c6256e2a2906,False,1728172800,1,negatif,0.7678,netral,tanpa_emoji,negatif,md
BfhRY0YwEd0,user_c279d380ab5b,False,1728172800,0,positif,0.4526,netral,tanpa_emoji,positif,md
BfhRY0YwEd0,user_d1ca0d1365f7,False,1728172800,2,positif,0.9853,netral,netral,positif,md
BfhRY0YwEd0,user_299ba006bd03,True,1728172800,0,negatif,0.4447,negatif,tanpa_emoji,negatif,md
BfhRY0YwEd0,user_faf8b49eeb90,True,1759708800,0,netral,0.834,netral,tanpa_emoji,netral,md
BfhRY0YwEd0,user_d0192d667af7,False,1728172800,0,negatif,0.8564,netral,tanpa_emoji,negatif,md
BfhRY0YwEd0,user_951f40d6526f,False,1728172800,1,positif,0.993,positif,tanpa_emoji,positif,md
BfhRY0YwEd0,user_a7e7fe5ea5f7,False,1728172800,0,negatif,0.9988,positif,tanpa_emoji,negatif,md
BfhRY0YwEd0,user_75dec23962cc,False,1728172800,1,positif,0.9278,netral,tanpa_emoji,positif,md
BfhRY0YwEd0,user_8447f68bfb35,False,1728172800,6,negatif,0.7333,netral,netral,negatif,md
BfhRY0YwEd0,user_faf8b49eeb90,True,1759708800,0,negatif,0.8253,negatif,tanpa_emoji,negatif,md
BfhRY0YwEd0,user_9e45ec07204c,True,1759708800,0,netral,0.7641,netral,tanpa_emoji,netral,md
BfhRY0YwEd0,user_9e5c4d0525df,False,1728172800,3,negatif,0.9859,netral,tanpa_emoji,negatif,md
BfhRY0YwEd0,user_1c66d596a017,True,1728172800,0,positif,0.9077,netral,tanpa_emoji,positif,md
BfhRY0YwEd0,user_9e5c4d0525df,True,1728172800,0,negatif,0.7572,negatif,tanpa_emoji,negatif,md
BfhRY0YwEd0,user_dc8f452e2fb2,False,1728172800,5,negatif,0.9494,netral,netral,negatif,md
BfhRY0YwEd0,user_b6894d3bd669,False,1728172800,0,negatif,0.951,positif,netral,negatif,md
BfhRY0YwEd0,user_d393b696fbb6,False,1728172800,1,negatif,0.9639,positif,netral,negatif,md
BfhRY0YwEd0,user_77be908d1794,False,1728172800,127,negatif,0.8506,netral,tanpa_emoji,negatif,md
BfhRY0YwEd0,user_85c454627396,True,1728172800,12,positif,0.7046,netral,netral,positif,md
BfhRY0YwEd0,user_3846ba7110c4,False,1728172800,2,positif,0.9971,positif,tanpa_emoji,positif,md
BfhRY0YwEd0,user_71c98a56d678,False,1728172800,1,negatif,0.9889,positif,tanpa_emoji,negatif,md
BfhRY0YwEd0,user_7c8037e2dc56,False,1728172800,1,netral,0.8903,netral,tanpa_emoji,netral,md
BfhRY0YwEd0,user_daa41d2970f3,False,1728172800,8,netral,0.4796,netral,netral,netral,md
BfhRY0YwEd0,user_106012fabfb4,False,1728172800,70,negatif,0.9705,netral,tanpa_emoji,negatif,md
BfhRY0YwEd0,user_e45faa3e41ff,True,1728172800,24,negatif,0.9859,positif,positif,negatif,md
BfhRY0YwEd0,user_17739f151079,True,1728172800,19,negatif,0.7989,netral,tanpa_emoji,negatif,md
BfhRY0YwEd0,user_e45faa3e41ff,True,1728172800,4,positif,0.7259,positif,positif,positif,md
BfhRY0YwEd0,user_23600dc30a4b,True,1759708800,9,negatif,0.9826,netral,tanpa_emoji,negatif,md
BfhRY0YwEd0,user_dd8d7bec6e34,True,1728172800,0,negatif,0.4163,negatif,tanpa_emoji,negatif,md
BfhRY0YwEd0,user_a13f85cc07af,True,1759708800,8,negatif,0.9946,netral,tanpa_emoji,negatif,md
BfhRY0YwEd0,user_f70cda1a7066,True,1759708800,6,negatif,0.9956,netral,tanpa_emoji,negatif,md
BfhRY0YwEd0,user_e000a9580a75,True,1759708800,2,negatif,0.9948,netral,netral,negatif,md
BfhRY0YwEd0,user_f70cda1a7066,True,1759708800,1,negatif,0.9794,netral,netral,negatif,md
BfhRY0YwEd0,user_17739f151079,True,1759708800,1,netral,0.8697,netral,tanpa_emoji,netral,md
BfhRY0YwEd0,user_3df745c81a8d,True,1759708800,0,negatif,0.9406,netral,tanpa_emoji,negatif,md
BfhRY0YwEd0,user_bc4b3f1464bb,False,1728172800,1,netral,0.8319,netral,netral,netral,md
BfhRY0YwEd0,user_9163329df9cf,True,1728172800,3,positif,0.5443,negatif,tanpa_emoji,positif,md
BfhRY0YwEd0,user_1c66d596a017,True,1728172800,0,netral,0.6731,positif,tanpa_emoji,netral,md
BfhRY0YwEd0,user_dd371d31d8ce,False,1728172800,0,negatif,0.9449,netral,tanpa_emoji,negatif,md
BfhRY0YwEd0,user_a3f801d965dd,True,1728172800,0,negatif,0.9571,netral,tanpa_emoji,negatif,md
BfhRY0YwEd0,user_f7e80e0db05e,False,1728172800,9,netral,0.8619,netral,tanpa_emoji,netral,md
BfhRY0YwEd0,user_7921142f4fb8,False,1728172800,340,positif,0.9304,netral,netral,positif,md
BfhRY0YwEd0,user_796bb23ddcb5,True,1728172800,6,negatif,0.9911,netral,tanpa_emoji,negatif,md
BfhRY0YwEd0,user_85c454627396,True,1728172800,4,negatif,0.9571,netral,tanpa_emoji,negatif,md
BfhRY0YwEd0,user_1bc5fa781572,True,1728172800,3,negatif,0.9747,netral,tanpa_emoji,negatif,md
BfhRY0YwEd0,user_61d7c0cd3e3e,True,1728172800,0,netral,0.9772,netral,tanpa_emoji,netral,md
BfhRY0YwEd0,user_1bc5fa781572,True,1728172800,0,netral,0.5125,positif,tanpa_emoji,netral,md
BfhRY0YwEd0,user_2ff445027d64,True,1728172800,2,negatif,0.8937,netral,tanpa_emoji,negatif,md
BfhRY0YwEd0,user_8447f68bfb35,True,1728172800,1,negatif,0.7587,netral,tanpa_emoji,negatif,md
BfhRY0YwEd0,user_a9c28d885aa1,True,1728172800,1,positif,0.5223,netral,tanpa_emoji,positif,md
BfhRY0YwEd0,user_41ae64955cbd,True,1728172800,0,negatif,0.6491,netral,tanpa_emoji,negatif,md
BfhRY0YwEd0,user_45110bebf706,True,1728172800,0,netral,0.5064,netral,tanpa_emoji,netral,md
BfhRY0YwEd0,user_cc80a187272c,True,1728172800,0,negatif,0.9296,netral,netral,negatif,md
BfhRY0YwEd0,user_effdda105d45,True,1728172800,0,negatif,0.8634,netral,netral,negatif,md
BfhRY0YwEd0,user_3a3dff933684,True,1728172800,0,netral,0.8379,netral,tanpa_emoji,netral,md
BfhRY0YwEd0,user_a831a935fa69,True,1728172800,0,negatif,0.9562,netral,tanpa_emoji,negatif,md
BfhRY0YwEd0,user_61d7c0cd3e3e,True,1728172800,0,netral,0.8379,netral,tanpa_emoji,netral,md
BfhRY0YwEd0,user_7b0e3b0ac9ec,True,1728172800,0,negatif,0.9676,netral,netral,negatif,md
BfhRY0YwEd0,user_8008c3c11598,True,1759708800,0,positif,0.6706,positif,netral,positif,md
BfhRY0YwEd0,user_5e4a518056e9,True,1759708800,0,negatif,0.7323,netral,netral,negatif,md
BfhRY0YwEd0,user_c16e0f180496,True,1759708800,0,negatif,0.8087,netral,tanpa_emoji,negatif,md
BfhRY0YwEd0,user_9f5842dda525,True,1759708800,0,negatif,0.9919,netral,netral,negatif,md
BfhRY0YwEd0,user_1f4c41ea8dae,False,1728172800,7,positif,0.8811,positif,tanpa_emoji,positif,md
BfhRY0YwEd0,user_65ed5c3d0bd6,False,1728172800,0,positif,0.963,positif,tanpa_emoji,positif,md
BfhRY0YwEd0,user_52aa3f472b4c,False,1728172800,1,positif,0.5782,netral,tanpa_emoji,positif,md
BfhRY0YwEd0,user_ae5866116bc5,False,1728172800,6,positif,0.901,positif,tanpa_emoji,positif,md
BfhRY0YwEd0,user_2add77d2d1c4,False,1728172800,2,negatif,0.9971,netral,tanpa_emoji,negatif,md
BfhRY0YwEd0,user_2add77d2d1c4,True,1728172800,1,negatif,0.5545,netral,tanpa_emoji,negatif,md
BfhRY0YwEd0,user_6366a5cc3c86,True,1728172800,0,positif,0.9312,positif,tanpa_emoji,positif,md
BfhRY0YwEd0,user_2add77d2d1c4,True,1728172800,0,negatif,0.7169,negatif,tanpa_emoji,negatif,md
BfhRY0YwEd0,user_c2a090636dff,False,1728172800,1,netral,0.9938,netral,tanpa_emoji,netral,md
BfhRY0YwEd0,user_2621c7cc060e,False,1728172800,3,negatif,0.5285,netral,tanpa_emoji,negatif,md
BfhRY0YwEd0,user_1425c2917dba,True,1728172800,2,negatif,0.9858,netral,tanpa_emoji,negatif,md
BfhRY0YwEd0,user_04676c553b69,True,1728172800,2,positif,0.6645,netral,tanpa_emoji,positif,md
BfhRY0YwEd0,user_51b43dd9a9f6,False,1728172800,14,positif,0.975,positif,positif,positif,md
BfhRY0YwEd0,user_51b43dd9a9f6,False,1728172800,4,positif,0.9991,positif,positif,positif,md
BfhRY0YwEd0,user_072036075783,False,1728172800,9,negatif,0.8538,netral,tanpa_emoji,negatif,md
BfhRY0YwEd0,user_0dba4d1e6b04,False,1728172800,47,positif,0.9967,positif,positif,positif,md
BfhRY0YwEd0,user_c9a0d2374efa,True,1728172800,0,negatif,0.9869,netral,tanpa_emoji,negatif,md
BfhRY0YwEd0,user_869b1d359b64,False,1728172800,10,negatif,0.994,positif,tanpa_emoji,negatif,md
BfhRY0YwEd0,user_0b3d09c62210,False,1728172800,106,positif,0.9939,negatif,tanpa_emoji,positif,md
BfhRY0YwEd0,user_0050de73428c,True,1728172800,6,positif,0.9899,positif,tanpa_emoji,positif,md
BfhRY0YwEd0,user_f4d56f850afe,True,1759708800,4,netral,0.5989,netral,tanpa_emoji,netral,md
BfhRY0YwEd0,user_4fc4a5b87f5c,True,1759708800,0,negatif,0.9796,positif,netral,negatif,md
BfhRY0YwEd0,user_6a6c0c1b74b4,True,1759708800,1,negatif,0.6471,netral,tanpa_emoji,negatif,md
BfhRY0YwEd0,user_c4a0a10cfd09,True,1759708800,0,netral,0.9932,netral,tanpa_emoji,netral,md
BfhRY0YwEd0,user_29355f2e52be,False,1728172800,9,positif,0.9523,positif,tanpa_emoji,positif,md
BfhRY0YwEd0,user_24838b605e8d,True,1759708800,0,negatif,0.9993,negatif,tanpa_emoji,negatif,md
BfhRY0YwEd0,user_394943635ab0,False,1728172800,5,negatif,0.9706,netral,tanpa_emoji,negatif,md
O29hLG_37qI,user_55466b42f07e,False,1788652800,0,negatif,0.7479,netral,tanpa_emoji,negatif,md
O29hLG_37qI,user_c3351b76b8a5,False,1785974400,0,negatif,0.7814,netral,tanpa_emoji,negatif,md
O29hLG_37qI,user_c3351b76b8a5,False,1785974400,0,negatif,0.6121,netral,tanpa_emoji,negatif,md
O29hLG_37qI,user_3ffa837555e5,False,1775433600,0,positif,0.9328,netral,tanpa_emoji,positif,md
O29hLG_37qI,user_d38023ede28b,False,1770336000,0,positif,0.996,positif,tanpa_emoji,positif,md
O29hLG_37qI,user_966f53d9b059,False,1762387200,0,negatif,0.9022,netral,tanpa_emoji,negatif,md
O29hLG_37qI,user_af516a85f776,False,1762387200,2,negatif,0.6014,positif,tanpa_emoji,negatif,md
O29hLG_37qI,user_afcff0660963,False,1762387200,0,negatif,0.9941,netral,tanpa_emoji,negatif,md
O29hLG_37qI,user_2d04381d90d1,True,1772755200,0,negatif,0.9968,netral,tanpa_emoji,negatif,md
O29hLG_37qI,user_5865d6cee82b,False,1759708800,1,negatif,0.6183,netral,tanpa_emoji,negatif,md
O29hLG_37qI,user_afcff0660963,True,1762387200,0,positif,0.9324,negatif,tanpa_emoji,positif,md
O29hLG_37qI,user_d6d4448cc881,False,1759708800,0,negatif,0.6455,netral,tanpa_emoji,negatif,md
O29hLG_37qI,user_5f250d2248fe,False,1759708800,0,negatif,0.4928,netral,tanpa_emoji,negatif,md
O29hLG_37qI,user_d2ae7f35a1b6,False,1759708800,0,positif,0.7621,positif,positif,positif,md
O29hLG_37qI,user_cd8f04b2be0b,False,1759708800,2,negatif,0.9944,positif,tanpa_emoji,negatif,md
O29hLG_37qI,user_afcff0660963,True,1762387200,1,positif,0.4248,netral,tanpa_emoji,positif,md
O29hLG_37qI,user_84b8b839929e,False,1759708800,1,netral,0.8281,netral,tanpa_emoji,netral,md
O29hLG_37qI,user_84b8b839929e,False,1759708800,0,negatif,0.9958,positif,tanpa_emoji,negatif,md
O29hLG_37qI,user_ce73a523b695,False,1759708800,0,positif,0.6411,netral,tanpa_emoji,positif,md
O29hLG_37qI,user_b3a8dd691660,False,1759708800,1,positif,0.4968,netral,tanpa_emoji,positif,md
O29hLG_37qI,user_031d81c56cef,False,1759708800,0,negatif,0.9983,negatif,netral,negatif,md
O29hLG_37qI,user_cd8f04b2be0b,True,1759708800,1,positif,0.707,positif,tanpa_emoji,positif,md
O29hLG_37qI,user_74ddb73e5adf,False,1759708800,0,positif,0.9507,netral,tanpa_emoji,positif,md
O29hLG_37qI,user_d65e7c3fd30e,False,1759708800,0,netral,0.9618,netral,tanpa_emoji,netral,md
O29hLG_37qI,user_0bad313ec336,False,1759708800,2,positif,0.6413,netral,tanpa_emoji,positif,md
O29hLG_37qI,user_0bad313ec336,False,1759708800,0,positif,0.9561,netral,netral,positif,md
O29hLG_37qI,user_7cab4853b6cd,False,1759708800,1,positif,0.995,positif,positif,positif,md
O29hLG_37qI,user_524e3de6c8cb,False,1759708800,0,netral,0.4754,netral,tanpa_emoji,netral,md
O29hLG_37qI,user_e1687e22a4d7,False,1759708800,0,netral,0.6035,netral,tanpa_emoji,netral,md
O29hLG_37qI,user_00da7b84e895,False,1728172800,1,positif,0.9902,positif,tanpa_emoji,positif,md
O29hLG_37qI,user_ff427c0e73c6,False,1728172800,1,negatif,0.9728,netral,tanpa_emoji,negatif,md
O29hLG_37qI,user_ff427c0e73c6,False,1728172800,1,negatif,0.5178,netral,tanpa_emoji,negatif,md
O29hLG_37qI,user_77470a64e623,False,1728172800,0,netral,0.9564,netral,tanpa_emoji,netral,md
O29hLG_37qI,user_e244ca86c7df,False,1728172800,0,netral,0.9857,netral,tanpa_emoji,netral,md
O29hLG_37qI,user_592a5ed63f6d,False,1728172800,2,positif,0.7959,netral,tanpa_emoji,positif,md
O29hLG_37qI,user_524e3de6c8cb,False,1728172800,2,netral,0.971,netral,tanpa_emoji,netral,md
O29hLG_37qI,user_c93c99760aff,False,1728172800,3,positif,0.993,positif,positif,positif,md
O29hLG_37qI,user_9f3c7e1e46f3,False,1728172800,0,netral,0.9694,netral,tanpa_emoji,netral,md
O29hLG_37qI,user_4256ceb730da,False,1728172800,0,netral,0.7392,netral,tanpa_emoji,netral,md
O29hLG_37qI,user_5f8e2e222098,False,1728172800,1,negatif,0.9994,negatif,netral,negatif,md
O29hLG_37qI,user_8dfbe436bafd,False,1696550400,1,positif,0.9151,netral,netral,positif,md
O29hLG_37qI,user_979e5711a840,False,1696550400,0,positif,0.4565,positif,tanpa_emoji,positif,md
O29hLG_37qI,user_5356d4abdfbe,False,1696550400,2,netral,0.726,positif,tanpa_emoji,netral,md
O29hLG_37qI,user_5356d4abdfbe,True,1696550400,1,negatif,0.8233,positif,positif,negatif,md
O29hLG_37qI,user_a3799712d91e,True,1696550400,0,negatif,0.6664,netral,netral,negatif,md
O29hLG_37qI,user_28a2d249a9cb,False,1696550400,0,negatif,0.4973,netral,tanpa_emoji,negatif,md
O29hLG_37qI,user_5211baf9a9b5,False,1696550400,0,negatif,0.9991,negatif,tanpa_emoji,negatif,md
O29hLG_37qI,user_cd20fa011b55,True,1696550400,3,positif,0.8533,positif,tanpa_emoji,positif,md
O29hLG_37qI,user_a3799712d91e,True,1696550400,0,negatif,0.9651,netral,netral,negatif,md
O29hLG_37qI,user_5211baf9a9b5,True,1696550400,0,negatif,0.9891,netral,tanpa_emoji,negatif,md
O29hLG_37qI,user_a3799712d91e,True,1696550400,0,negatif,0.808,netral,tanpa_emoji,negatif,md
O29hLG_37qI,user_8fecaa00ec5f,True,1696550400,0,negatif,0.7173,netral,netral,negatif,md
O29hLG_37qI,user_084671f66f71,False,1696550400,0,positif,0.9663,positif,netral,positif,md
O29hLG_37qI,user_e538a07a3b1a,False,1696550400,0,positif,0.9843,netral,tanpa_emoji,positif,md
O29hLG_37qI,user_0e57d90972f2,False,1696550400,0,negatif,0.996,netral,tanpa_emoji,negatif,md
O29hLG_37qI,user_7db72c650b8d,True,1696550400,2,netral,0.7479,netral,tanpa_emoji,netral,md
O29hLG_37qI,user_850a58e918fd,True,1728172800,2,positif,0.9552,positif,tanpa_emoji,positif,md
O29hLG_37qI,user_a3a2e8183b36,False,1696550400,0,positif,0.7454,positif,netral,positif,md
O29hLG_37qI,user_0e57d90972f2,False,1696550400,0,netral,0.7212,netral,tanpa_emoji,netral,md
O29hLG_37qI,user_0e57d90972f2,True,1696550400,0,netral,0.91,netral,tanpa_emoji,netral,md
O29hLG_37qI,user_8136dd7f2de9,True,1696550400,1,netral,0.9756,netral,tanpa_emoji,netral,md
O29hLG_37qI,user_8d12b9bb583d,False,1696550400,0,positif,0.9707,positif,positif,positif,md
O29hLG_37qI,user_abb06ed44c0b,False,1696550400,3,positif,0.902,netral,netral,positif,md
O29hLG_37qI,user_957e3150053f,False,1696550400,1,negatif,0.8607,netral,netral,negatif,md
O29hLG_37qI,user_c1731ff7a319,False,1696550400,9,positif,0.8736,positif,tanpa_emoji,positif,md
O29hLG_37qI,user_4b351dfdb8b6,False,1696550400,5,netral,0.5278,netral,netral,netral,md
O29hLG_37qI,user_395d91544340,False,1696550400,0,negatif,0.3634,netral,tanpa_emoji,negatif,md
O29hLG_37qI,user_861e26889ea3,False,1696550400,1,positif,0.989,netral,tanpa_emoji,positif,md
O29hLG_37qI,user_01cd5a89fdcf,False,1696550400,0,positif,0.8759,netral,tanpa_emoji,positif,md
O29hLG_37qI,user_8136dd7f2de9,True,1696550400,1,negatif,0.9988,netral,netral,negatif,md
O29hLG_37qI,user_01cd5a89fdcf,True,1696550400,1,negatif,0.9807,positif,netral,negatif,md
O29hLG_37qI,user_8136dd7f2de9,True,1696550400,2,negatif,0.9847,negatif,netral,negatif,md
O29hLG_37qI,user_01cd5a89fdcf,True,1696550400,1,negatif,0.6334,positif,positif,negatif,md
O29hLG_37qI,user_8136dd7f2de9,True,1696550400,3,negatif,0.847,negatif,tanpa_emoji,negatif,md
O29hLG_37qI,user_f3b0962f674e,False,1696550400,2,negatif,0.9429,negatif,tanpa_emoji,negatif,md
O29hLG_37qI,user_76b24f6a0cb0,False,1696550400,1,positif,0.7834,negatif,tanpa_emoji,positif,md
O29hLG_37qI,user_8136dd7f2de9,True,1696550400,2,positif,0.5973,netral,tanpa_emoji,positif,md
O29hLG_37qI,user_f71267cbfcbd,False,1696550400,1,negatif,0.9658,negatif,tanpa_emoji,negatif,md
O29hLG_37qI,user_fa7f96025493,True,1696550400,1,negatif,0.8869,netral,tanpa_emoji,negatif,md
O29hLG_37qI,user_5f255453c77d,False,1696550400,1,negatif,0.8844,netral,tanpa_emoji,negatif,md
O29hLG_37qI,user_87d71c30b07c,False,1696550400,4,negatif,0.8246,netral,tanpa_emoji,negatif,md
O29hLG_37qI,user_9ef4d6b489b6,False,1696550400,0,negatif,0.8467,netral,tanpa_emoji,negatif,md
O29hLG_37qI,user_5f7b1b67e85c,False,1696550400,0,negatif,0.9148,negatif,tanpa_emoji,negatif,md
O29hLG_37qI,user_ca528b1a79e5,False,1696550400,1,negatif,0.4647,netral,tanpa_emoji,negatif,md
O29hLG_37qI,user_db6cedd2b293,False,1696550400,2,positif,0.9947,netral,tanpa_emoji,positif,md
O29hLG_37qI,user_0bac57a745a0,False,1696550400,0,positif,0.8886,positif,netral,positif,md
O29hLG_37qI,user_737715fddf60,False,1696550400,0,positif,0.9961,positif,tanpa_emoji,positif,md
O29hLG_37qI,user_c13f10cd5827,False,1696550400,0,positif,0.9939,positif,tanpa_emoji,positif,md
O29hLG_37qI,user_9f7c7be3979c,False,1696550400,0,netral,0.755,netral,tanpa_emoji,netral,md
O29hLG_37qI,user_0cf8b72fce49,False,1696550400,0,positif,0.574,netral,netral,positif,md
O29hLG_37qI,user_1fc0587f6221,False,1696550400,2,negatif,0.7944,positif,netral,negatif,md
O29hLG_37qI,user_8136dd7f2de9,True,1696550400,3,negatif,0.7994,negatif,tanpa_emoji,negatif,md
O29hLG_37qI,user_e9ec292c1e8e,False,1696550400,0,negatif,0.5914,netral,tanpa_emoji,negatif,md
O29hLG_37qI,user_e9ec292c1e8e,False,1696550400,0,netral,0.9302,netral,tanpa_emoji,netral,md
O29hLG_37qI,user_3e13f2947a4c,False,1696550400,1,negatif,0.9903,netral,tanpa_emoji,negatif,md
O29hLG_37qI,user_46a9c71e45d6,False,1696550400,1,negatif,0.8224,netral,tanpa_emoji,negatif,md
O29hLG_37qI,user_8136dd7f2de9,True,1696550400,1,positif,0.4892,netral,tanpa_emoji,positif,md
O29hLG_37qI,user_17a72cd2689f,False,1696550400,0,negatif,0.7905,netral,tanpa_emoji,negatif,md
O29hLG_37qI,user_50b350b59cff,False,1696550400,0,negatif,0.9987,netral,tanpa_emoji,negatif,md
O29hLG_37qI,user_cbb2b73f6d8a,False,1696550400,0,negatif,0.9824,negatif,negatif,negatif,md
O29hLG_37qI,user_7a374221ddf9,False,1696550400,1,netral,0.9206,netral,tanpa_emoji,netral,md
O29hLG_37qI,user_21adc7b976ea,False,1696550400,0,netral,0.51,netral,tanpa_emoji,netral,md
O29hLG_37qI,user_01ce6fa73e63,False,1696550400,0,negatif,0.9991,netral,tanpa_emoji,negatif,md
O29hLG_37qI,user_dcac19297ba3,False,1696550400,1,netral,0.9403,netral,netral,netral,md
O29hLG_37qI,user_800d844d0870,False,1696550400,0,positif,0.9939,positif,tanpa_emoji,positif,md
O29hLG_37qI,user_edb0a81c1fa5,False,1696550400,0,negatif,0.9298,netral,netral,negatif,md
O29hLG_37qI,user_9cd62a3458bd,False,1696550400,1,negatif,0.9281,netral,tanpa_emoji,negatif,md
O29hLG_37qI,user_0ebd475d5f0c,False,1696550400,0,negatif,0.9834,netral,tanpa_emoji,negatif,md
O29hLG_37qI,user_afe4bd2a5911,True,1696550400,2,netral,0.5514,netral,tanpa_emoji,netral,md
O29hLG_37qI,user_6e66ddf78c7e,False,1696550400,0,netral,0.9961,netral,tanpa_emoji,netral,md
O29hLG_37qI,user_3534517d3c66,False,1696550400,0,negatif,0.9733,netral,netral,negatif,md
O29hLG_37qI,user_cd8f04b2be0b,False,1696550400,2,netral,0.9729,netral,tanpa_emoji,netral,md
O29hLG_37qI,user_4e49b8966492,False,1696550400,1,negatif,0.9987,netral,tanpa_emoji,negatif,md
O29hLG_37qI,user_8136dd7f2de9,True,1696550400,1,positif,0.7073,netral,tanpa_emoji,positif,md
O29hLG_37qI,user_3534517d3c66,True,1696550400,0,negatif,0.9806,netral,tanpa_emoji,negatif,md
O29hLG_37qI,user_e8490c57edba,False,1696550400,0,negatif,0.9835,netral,tanpa_emoji,negatif,md
O29hLG_37qI,user_296125d4b9b9,False,1696550400,0,netral,0.4269,netral,tanpa_emoji,netral,md
O29hLG_37qI,user_9115bbffaaa9,False,1696550400,0,negatif,0.8241,netral,tanpa_emoji,negatif,md
O29hLG_37qI,user_ca1339b0524c,True,1696550400,0,netral,0.8747,netral,tanpa_emoji,netral,md
O29hLG_37qI,user_9115bbffaaa9,True,1696550400,0,netral,0.9696,netral,tanpa_emoji,netral,md
O29hLG_37qI,user_e621311eebc3,True,1696550400,0,positif,0.8862,positif,tanpa_emoji,positif,md
O29hLG_37qI,user_9115bbffaaa9,True,1696550400,0,positif,0.7308,netral,tanpa_emoji,positif,md
O29hLG_37qI,user_54b8426ac93b,False,1696550400,0,negatif,0.9938,netral,tanpa_emoji,negatif,md
O29hLG_37qI,user_cd8f04b2be0b,False,1696550400,5,positif,0.9761,positif,positif,positif,md
O29hLG_37qI,user_afe4bd2a5911,True,1696550400,3,negatif,0.9866,negatif,tanpa_emoji,negatif,md
O29hLG_37qI,user_52c7cf99cad3,False,1696550400,0,negatif,0.9907,netral,netral,negatif,md
O29hLG_37qI,user_cd8f04b2be0b,True,1696550400,1,negatif,0.9944,netral,tanpa_emoji,negatif,md
O29hLG_37qI,user_52c7cf99cad3,True,1696550400,0,negatif,0.5283,netral,netral,negatif,md
O29hLG_37qI,user_8136dd7f2de9,True,1696550400,1,negatif,0.9981,netral,tanpa_emoji,negatif,md
O29hLG_37qI,user_52c7cf99cad3,True,1696550400,0,negatif,0.682,netral,netral,negatif,md
O29hLG_37qI,user_52c7cf99cad3,True,1696550400,0,negatif,0.5203,netral,netral,negatif,md
O29hLG_37qI,user_ca1339b0524c,True,1696550400,0,negatif,0.9976,netral,tanpa_emoji,negatif,md
O29hLG_37qI,user_52c7cf99cad3,True,1696550400,0,netral,0.9302,netral,netral,netral,md
O29hLG_37qI,user_19258e133526,False,1696550400,0,negatif,0.8656,netral,tanpa_emoji,negatif,md
O29hLG_37qI,user_f4ecacf46efe,False,1696550400,0,negatif,0.9767,netral,tanpa_emoji,negatif,md
O29hLG_37qI,user_48373fe51514,True,1696550400,0,negatif,0.8462,negatif,tanpa_emoji,negatif,md
O29hLG_37qI,user_f4ecacf46efe,True,1696550400,0,negatif,0.983,netral,tanpa_emoji,negatif,md
O29hLG_37qI,user_afe4bd2a5911,True,1696550400,0,negatif,0.6,netral,tanpa_emoji,negatif,md
O29hLG_37qI,user_f4ecacf46efe,True,1696550400,0,netral,0.9238,netral,tanpa_emoji,netral,md
O29hLG_37qI,user_c3497d3cddbb,False,1696550400,0,positif,0.9954,positif,tanpa_emoji,positif,md
O29hLG_37qI,user_50cfc0ed1cdc,False,1696550400,19,netral,0.908,netral,tanpa_emoji,netral,md
O29hLG_37qI,user_c6da321e0b01,False,1696550400,0,netral,0.6836,netral,tanpa_emoji,netral,md
O29hLG_37qI,user_ca1339b0524c,True,1696550400,0,netral,0.8747,netral,tanpa_emoji,netral,md
O29hLG_37qI,user_c69dd38a86c7,False,1696550400,0,netral,0.9745,positif,tanpa_emoji,netral,md
O29hLG_37qI,user_d37c1ffb5e56,False,1696550400,0,positif,0.9921,positif,positif,positif,md
O29hLG_37qI,user_ce0817d6da0f,False,1696550400,0,positif,0.7519,netral,tanpa_emoji,positif,md
O29hLG_37qI,user_3d320d04b6bf,True,1696550400,0,positif,0.7071,netral,tanpa_emoji,positif,md
O29hLG_37qI,user_ce0817d6da0f,True,1696550400,0,netral,0.8801,netral,tanpa_emoji,netral,md
O29hLG_37qI,user_77f6282b49c1,False,1696550400,0,netral,0.9887,netral,tanpa_emoji,netral,md
O29hLG_37qI,user_e30160beebad,False,1696550400,2,negatif,0.7359,netral,tanpa_emoji,negatif,md
O29hLG_37qI,user_b80c4bcb4e94,False,1696550400,0,netral,0.9748,negatif,tanpa_emoji,netral,md
O29hLG_37qI,user_53758d741ccf,False,1696550400,1,positif,0.9058,netral,tanpa_emoji,positif,md
O29hLG_37qI,user_fa7f96025493,True,1696550400,1,positif,0.5758,netral,tanpa_emoji,positif,md
O29hLG_37qI,user_fa7f96025493,True,1696550400,1,negatif,0.9816,netral,tanpa_emoji,negatif,md
O29hLG_37qI,user_63c300a0c87f,True,1728172800,0,positif,0.7695,netral,tanpa_emoji,positif,md
O29hLG_37qI,user_65bdafe66b1e,False,1696550400,0,netral,0.94,netral,tanpa_emoji,netral,md
O29hLG_37qI,user_52c7cf99cad3,False,1696550400,0,negatif,0.6973,netral,netral,negatif,md
O29hLG_37qI,user_48373fe51514,True,1696550400,0,negatif,0.9881,netral,tanpa_emoji,negatif,md
O29hLG_37qI,user_52c7cf99cad3,True,1696550400,0,negatif,0.6098,netral,netral,negatif,md
O29hLG_37qI,user_48373fe51514,True,1696550400,0,negatif,0.9328,netral,tanpa_emoji,negatif,md
O29hLG_37qI,user_52c7cf99cad3,True,1696550400,0,negatif,0.971,netral,netral,negatif,md
O29hLG_37qI,user_8136dd7f2de9,True,1696550400,1,negatif,0.9981,netral,tanpa_emoji,negatif,md
O29hLG_37qI,user_52c7cf99cad3,False,1665014400,0,positif,0.9767,positif,netral,positif,md
O29hLG_37qI,user_fa7f96025493,True,1696550400,0,negatif,0.9986,negatif,tanpa_emoji,negatif,md
O29hLG_37qI,user_52c7cf99cad3,True,1696550400,0,netral,0.5275,netral,netral,netral,md
O29hLG_37qI,user_fa7f96025493,True,1696550400,0,negatif,0.9891,netral,tanpa_emoji,negatif,md
O29hLG_37qI,user_52c7cf99cad3,True,1696550400,0,netral,0.5275,netral,netral,netral,md
O29hLG_37qI,user_ea096129e838,True,1696550400,0,negatif,0.9918,netral,tanpa_emoji,negatif,md
O29hLG_37qI,user_52c7cf99cad3,True,1696550400,0,negatif,0.5249,netral,netral,negatif,md
O29hLG_37qI,user_8136dd7f2de9,True,1696550400,1,negatif,0.9972,netral,tanpa_emoji,negatif,md
O29hLG_37qI,user_52c7cf99cad3,True,1696550400,0,negatif,0.682,netral,netral,negatif,md
O29hLG_37qI,user_ca1339b0524c,True,1696550400,0,negatif,0.9763,netral,tanpa_emoji,negatif,md
O29hLG_37qI,user_3c022d406388,False,1665014400,0,positif,0.9917,positif,tanpa_emoji,positif,md
O29hLG_37qI,user_270d05f6ff62,False,1665014400,0,negatif,0.9607,netral,tanpa_emoji,negatif,md
O29hLG_37qI,user_d0d8e046a8cb,False,1665014400,0,positif,0.9977,positif,tanpa_emoji,positif,md
O29hLG_37qI,user_b525f10069b6,False,1665014400,1,positif,0.971,positif,positif,positif,md
O29hLG_37qI,user_bd645d745c19,False,1665014400,0,netral,0.8929,netral,tanpa_emoji,netral,md
O29hLG_37qI,user_52c7cf99cad3,False,1665014400,0,negatif,0.8676,netral,netral,negatif,md
O29hLG_37qI,user_fa7f96025493,True,1665014400,1,negatif,0.7391,netral,tanpa_emoji,negatif,md
O29hLG_37qI,user_52c7cf99cad3,True,1665014400,0,netral,0.5275,netral,netral,netral,md
O29hLG_37qI,user_fa7f96025493,True,1665014400,1,negatif,0.9981,netral,tanpa_emoji,negatif,md
O29hLG_37qI,user_52c7cf99cad3,True,1665014400,0,netral,0.5275,netral,netral,netral,md
O29hLG_37qI,user_52c7cf99cad3,True,1665014400,0,negatif,0.8943,netral,netral,negatif,md
O29hLG_37qI,user_43849f2a63f9,False,1665014400,0,positif,0.9981,positif,positif,positif,md
O29hLG_37qI,user_d2aadc71e33d,False,1665014400,0,netral,0.981,netral,tanpa_emoji,netral,md
O29hLG_37qI,user_0c41075760d5,False,1665014400,1,negatif,0.592,netral,netral,negatif,md
O29hLG_37qI,user_1512a4afb744,True,1665014400,1,positif,0.4432,netral,tanpa_emoji,positif,md
O29hLG_37qI,user_d377f8547177,False,1665014400,0,positif,0.5385,netral,tanpa_emoji,positif,md
O29hLG_37qI,user_c5226165a65f,False,1665014400,2,negatif,0.629,positif,tanpa_emoji,negatif,md
O29hLG_37qI,user_68ee1583a6aa,False,1665014400,2,negatif,0.9756,netral,tanpa_emoji,negatif,md
O29hLG_37qI,user_51afde9946c7,False,1665014400,2,positif,0.9926,netral,tanpa_emoji,positif,md
O29hLG_37qI,user_afe4bd2a5911,True,1696550400,0,netral,0.8337,netral,tanpa_emoji,netral,md
O29hLG_37qI,user_367aa95b6f59,False,1665014400,0,negatif,0.9987,netral,tanpa_emoji,negatif,md
O29hLG_37qI,user_367aa95b6f59,False,1665014400,0,negatif,0.9987,netral,tanpa_emoji,negatif,md
O29hLG_37qI,user_367aa95b6f59,False,1665014400,0,negatif,0.9987,netral,tanpa_emoji,negatif,md
O29hLG_37qI,user_6cfda1527b4e,False,1665014400,0,netral,0.8291,negatif,tanpa_emoji,netral,md
O29hLG_37qI,user_47280aad7155,False,1665014400,0,negatif,0.9256,positif,tanpa_emoji,negatif,md
O29hLG_37qI,user_c1731ff7a319,False,1665014400,0,positif,0.5484,negatif,tanpa_emoji,positif,md
O29hLG_37qI,user_842e018dcb1e,False,1665014400,3,positif,0.9447,positif,tanpa_emoji,positif,md
O29hLG_37qI,user_1512a4afb744,True,1665014400,1,negatif,0.8982,positif,negatif,negatif,md
O29hLG_37qI,user_45d643c64bb5,True,1665014400,0,negatif,0.998,netral,tanpa_emoji,negatif,md
O29hLG_37qI,user_842e018dcb1e,True,1665014400,0,negatif,0.9948,netral,tanpa_emoji,negatif,md
O29hLG_37qI,user_45d643c64bb5,True,1665014400,0,negatif,0.9786,netral,netral,negatif,md
O29hLG_37qI,user_45d643c64bb5,True,1665014400,0,positif,0.994,positif,tanpa_emoji,positif,md
O29hLG_37qI,user_45d643c64bb5,True,1665014400,0,negatif,0.7906,netral,tanpa_emoji,negatif,md
O29hLG_37qI,user_842e018dcb1e,True,1665014400,1,negatif,0.9774,positif,netral,negatif,md
O29hLG_37qI,user_1512a4afb744,True,1665014400,0,negatif,0.9953,negatif,tanpa_emoji,negatif,md
O29hLG_37qI,user_45d643c64bb5,True,1665014400,0,positif,0.9703,positif,tanpa_emoji,positif,md
O29hLG_37qI,user_d0fd70b4093a,False,1665014400,0,positif,0.885,netral,tanpa_emoji,positif,md
O29hLG_37qI,user_0ea8c1906bfd,False,1665014400,0,negatif,0.9539,netral,tanpa_emoji,negatif,md
O29hLG_37qI,user_60a138e164bf,False,1665014400,0,negatif,0.6233,netral,netral,negatif,md
O29hLG_37qI,user_d184927d566f,False,1665014400,0,negatif,0.9798,netral,tanpa_emoji,negatif,md
O29hLG_37qI,user_cd65dda1b1cd,True,1665014400,2,negatif,0.9987,netral,netral,negatif,md
O29hLG_37qI,user_fa7f96025493,True,1665014400,0,netral,0.9158,netral,netral,netral,md
O29hLG_37qI,user_d184927d566f,True,1665014400,0,negatif,0.9975,netral,tanpa_emoji,negatif,md
O29hLG_37qI,user_e41720f78773,True,1665014400,0,negatif,0.7139,negatif,tanpa_emoji,negatif,md
O29hLG_37qI,user_8882153e7de2,True,1696550400,0,positif,0.9335,positif,tanpa_emoji,positif,md
O29hLG_37qI,user_4a172076424d,False,1665014400,0,positif,0.8829,netral,netral,positif,md
O29hLG_37qI,user_68457d48fb95,False,1665014400,0,positif,0.9971,positif,tanpa_emoji,positif,md
O29hLG_37qI,user_1b405e929bbc,False,1665014400,0,negatif,0.5958,netral,tanpa_emoji,negatif,md
O29hLG_37qI,user_18309da9c6c2,True,1665014400,0,positif,0.5822,netral,tanpa_emoji,positif,md
O29hLG_37qI,user_05336fde6f9f,False,1665014400,0,negatif,0.8442,netral,netral,negatif,md
O29hLG_37qI,user_52c7cf99cad3,False,1665014400,0,positif,0.7873,positif,netral,positif,md
O29hLG_37qI,user_fa7f96025493,True,1665014400,1,negatif,0.9989,netral,tanpa_emoji,negatif,md
O29hLG_37qI,user_52c7cf99cad3,True,1665014400,0,netral,0.7858,netral,netral,netral,md
O29hLG_37qI,user_cd65dda1b1cd,True,1665014400,0,negatif,0.9733,positif,netral,negatif,md
O29hLG_37qI,user_52c7cf99cad3,True,1665014400,0,netral,0.7175,netral,netral,netral,md
O29hLG_37qI,user_cd65dda1b1cd,True,1665014400,1,negatif,0.9813,positif,tanpa_emoji,negatif,md
O29hLG_37qI,user_52c7cf99cad3,True,1665014400,0,netral,0.528,netral,netral,netral,md
O29hLG_37qI,user_761fae8cbdad,True,1665014400,0,negatif,0.9899,negatif,netral,negatif,md
O29hLG_37qI,user_a67178275d6d,True,1665014400,0,negatif,0.9885,negatif,netral,negatif,md
O29hLG_37qI,user_8882153e7de2,True,1696550400,0,positif,0.9932,positif,tanpa_emoji,positif,md
O29hLG_37qI,user_52c7cf99cad3,True,1696550400,0,negatif,0.9324,netral,netral,negatif,md
O29hLG_37qI,user_f624d05f1770,False,1665014400,0,negatif,0.9694,netral,netral,negatif,md
O29hLG_37qI,user_cc896bb4e46a,False,1665014400,0,positif,0.5536,netral,tanpa_emoji,positif,md
O29hLG_37qI,user_fa7f96025493,True,1665014400,0,netral,0.7446,netral,tanpa_emoji,netral,md
O29hLG_37qI,user_0f5fe9a5b5d7,False,1665014400,0,negatif,0.9864,negatif,tanpa_emoji,negatif,md
O29hLG_37qI,user_f7246e999e2c,False,1665014400,0,positif,0.7164,positif,tanpa_emoji,positif,md
O29hLG_37qI,user_f09ffc012619,False,1665014400,0,netral,0.6532,netral,netral,netral,md
O29hLG_37qI,user_1b9f7a06d87e,False,1665014400,0,negatif,0.9976,negatif,tanpa_emoji,negatif,md
O29hLG_37qI,user_526f7c7e339a,False,1665014400,3,positif,0.8144,netral,tanpa_emoji,positif,md
O29hLG_37qI,user_334e355df96a,False,1665014400,0,negatif,0.7498,positif,tanpa_emoji,negatif,md
O29hLG_37qI,user_8b750aeeb172,False,1665014400,0,negatif,0.9291,netral,tanpa_emoji,negatif,md
O29hLG_37qI,user_6863fe57e59b,False,1665014400,1,negatif,0.9944,netral,netral,negatif,md
O29hLG_37qI,user_9b7c50d69ff1,False,1665014400,0,negatif,0.6185,netral,tanpa_emoji,negatif,md
O29hLG_37qI,user_2b83abb17809,False,1665014400,1,netral,0.5074,netral,tanpa_emoji,netral,md
O29hLG_37qI,user_502373523265,False,1665014400,0,positif,0.8275,positif,netral,positif,md
O29hLG_37qI,user_1ed69b5c3d15,False,1665014400,0,negatif,0.9756,negatif,negatif,negatif,md
O29hLG_37qI,user_fb8d45e7e4ff,False,1665014400,0,positif,0.9938,positif,positif,positif,md
O29hLG_37qI,user_51fd6e0a93ce,False,1665014400,0,positif,0.7171,netral,tanpa_emoji,positif,md
O29hLG_37qI,user_6efa732224a4,False,1665014400,0,negatif,0.999,positif,tanpa_emoji,negatif,md
O29hLG_37qI,user_5965582817ee,False,1665014400,1,negatif,0.9944,positif,tanpa_emoji,negatif,md
O29hLG_37qI,user_9559f9489aa2,False,1665014400,0,negatif,0.9716,netral,netral,negatif,md
O29hLG_37qI,user_0dd24dd5998c,False,1665014400,0,negatif,0.9973,positif,tanpa_emoji,negatif,md
O29hLG_37qI,user_2ef0b4416c6e,False,1665014400,0,negatif,0.9821,netral,tanpa_emoji,negatif,md
O29hLG_37qI,user_f9af47ea136e,True,1665014400,1,negatif,0.9515,netral,tanpa_emoji,negatif,md
O29hLG_37qI,user_fa656f7aceb2,False,1665014400,0,positif,0.9981,positif,positif,positif,md
O29hLG_37qI,user_724b0c2f206f,False,1665014400,0,negatif,0.594,netral,tanpa_emoji,negatif,md
O29hLG_37qI,user_ace68a565c5c,False,1665014400,0,negatif,0.8912,netral,tanpa_emoji,negatif,md
O29hLG_37qI,user_1512a4afb744,True,1665014400,1,netral,0.9688,netral,tanpa_emoji,netral,md
O29hLG_37qI,user_ace68a565c5c,True,1665014400,1,netral,0.9908,positif,positif,netral,md
O29hLG_37qI,user_1512a4afb744,True,1665014400,0,negatif,0.8368,netral,tanpa_emoji,negatif,md
O29hLG_37qI,user_e5e2ca183860,False,1665014400,0,negatif,0.9984,negatif,tanpa_emoji,negatif,md
O29hLG_37qI,user_53208290d7d1,False,1665014400,0,positif,0.5257,netral,tanpa_emoji,positif,md
O29hLG_37qI,user_6421c2b98c45,False,1665014400,0,negatif,0.5233,positif,netral,negatif,md
O29hLG_37qI,user_257cc52d1ca8,False,1665014400,0,positif,0.9974,positif,positif,positif,md
O29hLG_37qI,user_4bff9b2d79bb,False,1665014400,0,positif,0.9766,positif,netral,positif,md
O29hLG_37qI,user_f8d34be37090,False,1665014400,0,negatif,0.932,netral,tanpa_emoji,negatif,md
O29hLG_37qI,user_1d02adc65575,False,1665014400,0,positif,0.9943,negatif,tanpa_emoji,positif,md
O29hLG_37qI,user_cfd65d69b9ca,False,1665014400,0,negatif,0.9985,netral,netral,negatif,md
O29hLG_37qI,user_880ed1c5c22a,False,1665014400,0,netral,0.6694,netral,netral,netral,md
O29hLG_37qI,user_1ec69f68dd57,False,1665014400,0,netral,0.7142,netral,tanpa_emoji,netral,md
O29hLG_37qI,user_1f09e14bef88,False,1665014400,12,negatif,0.7453,positif,netral,negatif,md
O29hLG_37qI,user_8d231de429cc,False,1665014400,1,negatif,0.9157,positif,netral,negatif,md
O29hLG_37qI,user_a5bd2291703d,False,1665014400,1,negatif,0.9811,netral,tanpa_emoji,negatif,md
O29hLG_37qI,user_d7d74120260a,False,1665014400,1,negatif,0.9975,netral,tanpa_emoji,negatif,md
O29hLG_37qI,user_fdedef1a84ac,False,1665014400,0,negatif,0.5054,positif,netral,negatif,md
O29hLG_37qI,user_60887da26a0f,False,1665014400,0,positif,0.7843,netral,tanpa_emoji,positif,md
O29hLG_37qI,user_f42742332cdb,False,1665014400,1,negatif,0.9965,netral,positif,negatif,md
O29hLG_37qI,user_4a6ade5905ba,False,1665014400,1,negatif,0.8395,netral,tanpa_emoji,negatif,md
O29hLG_37qI,user_666511724e57,False,1665014400,0,positif,0.7834,positif,tanpa_emoji,positif,md
O29hLG_37qI,user_622097d9901c,False,1665014400,0,netral,0.4963,positif,positif,positif,md
O29hLG_37qI,user_ef3481f28a09,False,1665014400,0,netral,0.818,netral,tanpa_emoji,netral,md
O29hLG_37qI,user_8f1fa8aaea94,False,1665014400,0,negatif,0.9977,negatif,negatif,negatif,md
O29hLG_37qI,user_9f9ea844853a,False,1665014400,1,negatif,0.9897,netral,tanpa_emoji,negatif,md
O29hLG_37qI,user_2fd37c0558e9,False,1665014400,0,positif,0.9984,positif,positif,positif,md
O29hLG_37qI,user_f4f8b24593f2,False,1665014400,0,positif,0.9895,positif,tanpa_emoji,positif,md
O29hLG_37qI,user_76dd6d574c45,False,1665014400,1,positif,0.4828,netral,tanpa_emoji,positif,md
O29hLG_37qI,user_95332efa4acf,False,1665014400,2,positif,0.9786,positif,netral,positif,md
O29hLG_37qI,user_ef21a2e6161a,False,1665014400,0,netral,0.4748,netral,netral,netral,md
O29hLG_37qI,user_89ce1e9bc4b7,False,1665014400,0,positif,0.9975,positif,tanpa_emoji,positif,md
O29hLG_37qI,user_06e1ef226462,False,1665014400,0,positif,0.9909,positif,tanpa_emoji,positif,md
O29hLG_37qI,user_02b34e11ecef,False,1665014400,0,negatif,0.9718,negatif,tanpa_emoji,negatif,md
O29hLG_37qI,user_7946f7fe477b,False,1665014400,0,positif,0.9947,positif,positif,positif,md
O29hLG_37qI,user_3bf0c7934390,False,1665014400,0,netral,0.7812,netral,tanpa_emoji,netral,md
O29hLG_37qI,user_f007fd8e26d5,False,1665014400,1,positif,0.558,netral,tanpa_emoji,positif,md
O29hLG_37qI,user_fb9fcc93294b,False,1665014400,0,netral,0.8539,netral,tanpa_emoji,netral,md
O29hLG_37qI,user_0db67badc37f,False,1665014400,1,negatif,0.7345,negatif,tanpa_emoji,negatif,md
O29hLG_37qI,user_f646bc37ec2b,False,1665014400,4,positif,0.5463,positif,tanpa_emoji,positif,md
O29hLG_37qI,user_7af37f5b6f35,False,1665014400,0,positif,0.98,netral,tanpa_emoji,positif,md
O29hLG_37qI,user_59e5a5bd1f28,False,1665014400,2,netral,0.474,netral,tanpa_emoji,netral,md
O29hLG_37qI,user_dc2485e4a315,False,1665014400,1,negatif,0.8966,negatif,tanpa_emoji,negatif,md
O29hLG_37qI,user_06718c4cc553,False,1665014400,0,negatif,0.9817,netral,tanpa_emoji,negatif,md
O29hLG_37qI,user_b7e061bd4508,False,1665014400,2,negatif,0.5382,netral,tanpa_emoji,negatif,md
O29hLG_37qI,user_52bb2c02d42c,False,1665014400,3,negatif,0.9972,positif,tanpa_emoji,negatif,md
O29hLG_37qI,user_1a1e11511cc6,False,1665014400,0,negatif,0.8875,positif,tanpa_emoji,negatif,md
O29hLG_37qI,user_b5082c0e513e,False,1665014400,1,netral,0.6777,netral,tanpa_emoji,netral,md
O29hLG_37qI,user_b1c758de31d6,False,1665014400,0,netral,0.7571,netral,tanpa_emoji,netral,md
O29hLG_37qI,user_c029245d8929,False,1665014400,1,positif,0.9474,netral,tanpa_emoji,positif,md
O29hLG_37qI,user_fc93b99aba0c,False,1665014400,1,negatif,0.8847,positif,tanpa_emoji,negatif,md
O29hLG_37qI,user_43d0931a47df,False,1665014400,3,netral,0.8327,netral,tanpa_emoji,netral,md
O29hLG_37qI,user_766c0312e1b8,False,1665014400,7,positif,0.9975,positif,tanpa_emoji,positif,md
O29hLG_37qI,user_bdb773ed6d1e,False,1665014400,1,negatif,0.9962,positif,netral,negatif,md
O29hLG_37qI,user_fdd055b5c41f,False,1665014400,1,negatif,0.9921,netral,netral,negatif,md
O29hLG_37qI,user_cb04dd5edb64,False,1665014400,1,positif,0.7687,positif,tanpa_emoji,positif,md
O29hLG_37qI,user_d1da795b9ffb,False,1665014400,6,positif,0.9952,positif,positif,positif,md
O29hLG_37qI,user_94cf7b67516a,False,1665014400,0,negatif,0.5158,netral,tanpa_emoji,negatif,md
O29hLG_37qI,user_f71942144a35,False,1665014400,3,positif,0.8997,positif,tanpa_emoji,positif,md
O29hLG_37qI,user_a07a10d7dedf,False,1665014400,2,negatif,0.8986,positif,netral,negatif,md
O29hLG_37qI,user_737a49dce8e9,False,1665014400,0,positif,0.9807,positif,netral,positif,md
O29hLG_37qI,user_0ef20345f782,False,1665014400,0,positif,0.6757,netral,netral,positif,md
O29hLG_37qI,user_7ada817f3ba0,False,1665014400,0,negatif,0.6557,netral,tanpa_emoji,negatif,md
O29hLG_37qI,user_529f133b0be5,False,1665014400,0,negatif,0.9845,positif,positif,negatif,md
O29hLG_37qI,user_d818e43d354d,False,1665014400,0,negatif,0.8629,netral,tanpa_emoji,negatif,md
O29hLG_37qI,user_8d8eea1baa7a,False,1665014400,0,negatif,0.7519,positif,tanpa_emoji,negatif,md
O29hLG_37qI,user_58bb876cd8ff,False,1665014400,1,positif,0.9778,positif,tanpa_emoji,positif,md
O29hLG_37qI,user_0b4be782f74f,False,1665014400,1,netral,0.7339,netral,tanpa_emoji,netral,md
O29hLG_37qI,user_f6312af90558,False,1665014400,1,netral,0.8927,netral,tanpa_emoji,netral,md
O29hLG_37qI,user_d5da3c2b5652,False,1665014400,0,negatif,0.9902,positif,tanpa_emoji,negatif,md
O29hLG_37qI,user_b07104263ac2,False,1665014400,3,negatif,0.9866,netral,netral,negatif,md
O29hLG_37qI,user_de69705b7e3d,False,1665014400,0,negatif,0.9829,netral,tanpa_emoji,negatif,md
O29hLG_37qI,user_87012888ab93,False,1665014400,1,negatif,0.6246,negatif,tanpa_emoji,negatif,md
O29hLG_37qI,user_a4dbeec10405,False,1665014400,0,negatif,0.9976,netral,netral,negatif,md
O29hLG_37qI,user_160a7f6e92f3,False,1665014400,0,netral,0.9831,netral,tanpa_emoji,netral,md
O29hLG_37qI,user_0efe18bc1513,False,1665014400,2,positif,0.9936,positif,tanpa_emoji,positif,md
O29hLG_37qI,user_ad0067f03cfe,False,1665014400,0,netral,0.5963,netral,tanpa_emoji,netral,md
O29hLG_37qI,user_2847e5ca41aa,False,1665014400,1,negatif,0.9917,netral,tanpa_emoji,negatif,md
O29hLG_37qI,user_5d64088970d1,False,1665014400,0,positif,0.9982,positif,tanpa_emoji,positif,md
O29hLG_37qI,user_764e8ed83e0f,False,1665014400,0,negatif,0.5719,netral,tanpa_emoji,negatif,md
O29hLG_37qI,user_81d2612e198d,False,1665014400,0,negatif,0.6309,positif,positif,negatif,md
O29hLG_37qI,user_aabec47528d3,False,1665014400,0,negatif,0.9315,netral,tanpa_emoji,negatif,md
O29hLG_37qI,user_52c7cf99cad3,False,1665014400,0,negatif,0.9806,netral,netral,negatif,md
O29hLG_37qI,user_e40ea678c7ff,False,1665014400,0,netral,0.498,netral,tanpa_emoji,netral,md
O29hLG_37qI,user_c392aa9875f3,False,1665014400,0,negatif,0.912,positif,positif,negatif,md
O29hLG_37qI,user_005c5637c629,False,1665014400,0,negatif,0.8653,netral,tanpa_emoji,negatif,md
O29hLG_37qI,user_cb0565ad40ed,False,1665014400,0,positif,0.9978,positif,positif,positif,md
O29hLG_37qI,user_0cd2d29102d1,False,1665014400,1,positif,0.9191,netral,tanpa_emoji,positif,md
O29hLG_37qI,user_3dbb0a1f82da,False,1665014400,0,positif,0.9953,netral,tanpa_emoji,positif,md
O29hLG_37qI,user_b0650ea9829f,False,1665014400,0,negatif,0.8912,positif,netral,negatif,md
O29hLG_37qI,user_480c2fec7963,False,1665014400,0,positif,0.827,positif,tanpa_emoji,positif,md
O29hLG_37qI,user_4dc8c1cba849,False,1665014400,0,negatif,0.9065,negatif,tanpa_emoji,negatif,md
O29hLG_37qI,user_7efb55c01d2c,False,1665014400,0,positif,0.909,positif,netral,positif,md
O29hLG_37qI,user_1bc322f26a69,False,1665014400,1,negatif,0.7906,negatif,tanpa_emoji,negatif,md
O29hLG_37qI,user_f0d246a5b3b2,False,1665014400,0,negatif,0.5637,positif,tanpa_emoji,negatif,md
O29hLG_37qI,user_61104474e1e0,False,1665014400,0,negatif,0.8231,positif,tanpa_emoji,negatif,md
O29hLG_37qI,user_a9ed80f6108e,False,1665014400,0,positif,0.9982,positif,tanpa_emoji,positif,md
O29hLG_37qI,user_858d8914829e,False,1665014400,0,netral,0.65,negatif,netral,netral,md
O29hLG_37qI,user_b4c398497abb,False,1665014400,1,positif,0.9261,negatif,tanpa_emoji,positif,md
O29hLG_37qI,user_645c97426fa8,False,1665014400,1,netral,0.9602,negatif,tanpa_emoji,netral,md
O29hLG_37qI,user_2f7b5b3c37c8,False,1665014400,0,negatif,0.9961,netral,tanpa_emoji,negatif,md
O29hLG_37qI,user_fd210ee57977,False,1665014400,2,positif,0.9978,positif,tanpa_emoji,positif,md
O29hLG_37qI,user_53afb9a6dd22,False,1665014400,1,positif,0.9946,positif,netral,positif,md
O29hLG_37qI,user_e09ae6fbbdf4,False,1665014400,0,negatif,0.836,netral,netral,negatif,md
O29hLG_37qI,user_43b31201f523,False,1665014400,0,negatif,0.9592,negatif,netral,negatif,md
O29hLG_37qI,user_50102211a3e0,False,1665014400,0,positif,0.9368,netral,tanpa_emoji,positif,md
O29hLG_37qI,user_97743d3da562,False,1665014400,1,negatif,0.9556,netral,tanpa_emoji,negatif,md
O29hLG_37qI,user_774e7b14e9e3,False,1665014400,2,positif,0.9792,positif,tanpa_emoji,positif,md
O29hLG_37qI,user_60f3d24213fa,False,1665014400,0,positif,0.9902,positif,tanpa_emoji,positif,md
O29hLG_37qI,user_c07b226910a2,False,1665014400,0,netral,0.9097,netral,tanpa_emoji,netral,md
O29hLG_37qI,user_c520d367b2e2,False,1665014400,1,negatif,0.9245,netral,tanpa_emoji,negatif,md
O29hLG_37qI,user_b7410f41daa5,False,1665014400,2,negatif,0.9893,netral,netral,negatif,md
O29hLG_37qI,user_f6a005168b0b,False,1665014400,1,positif,0.5262,netral,tanpa_emoji,positif,md
O29hLG_37qI,user_87aabe5d65a8,False,1665014400,0,negatif,0.5494,negatif,tanpa_emoji,negatif,md
O29hLG_37qI,user_7506fb9f725a,False,1665014400,1,negatif,0.9743,negatif,tanpa_emoji,negatif,md
O29hLG_37qI,user_72b9afaaf162,False,1665014400,0,negatif,0.9969,positif,tanpa_emoji,negatif,md
O29hLG_37qI,user_c3f10f52a7a8,False,1665014400,0,positif,0.9717,positif,positif,positif,md
O29hLG_37qI,user_fcab7cb997b8,False,1665014400,0,netral,0.995,netral,tanpa_emoji,netral,md
O29hLG_37qI,user_07214d624168,False,1665014400,1,positif,0.9863,positif,tanpa_emoji,positif,md
O29hLG_37qI,user_d1df80613d58,False,1665014400,1,negatif,0.9888,netral,tanpa_emoji,negatif,md
O29hLG_37qI,user_58150f8ffa90,False,1665014400,1,negatif,0.5986,positif,tanpa_emoji,negatif,md
O29hLG_37qI,user_19db0f493b0a,False,1665014400,1,netral,0.4503,netral,tanpa_emoji,netral,md
O29hLG_37qI,user_aa739b8d25ce,False,1665014400,1,positif,0.9856,positif,tanpa_emoji,positif,md
O29hLG_37qI,user_3cc30634196f,False,1665014400,0,negatif,0.8586,positif,positif,negatif,md
O29hLG_37qI,user_2c2731e69960,False,1665014400,0,negatif,0.9667,netral,tanpa_emoji,negatif,md
O29hLG_37qI,user_e27ada20974a,False,1665014400,0,negatif,0.9436,positif,tanpa_emoji,negatif,md
O29hLG_37qI,user_52c7cf99cad3,False,1665014400,0,negatif,0.9978,negatif,netral,negatif,md
O29hLG_37qI,user_63642c0030e3,False,1665014400,0,positif,0.9973,positif,netral,positif,md
O29hLG_37qI,user_02a047a78f5a,False,1665014400,0,negatif,0.9646,netral,tanpa_emoji,negatif,md
O29hLG_37qI,user_1c9c45acbe90,False,1665014400,0,negatif,0.9976,negatif,netral,negatif,md
O29hLG_37qI,user_b0a9a9272b82,False,1665014400,16,positif,0.996,netral,positif,positif,md
O29hLG_37qI,user_1a725d994ad2,False,1665014400,0,negatif,0.9799,netral,netral,negatif,md
O29hLG_37qI,user_499c1cdedab3,False,1665014400,1,positif,0.6472,positif,tanpa_emoji,positif,md
O29hLG_37qI,user_fece0604ca6e,False,1665014400,1,positif,0.5872,netral,tanpa_emoji,positif,md
O29hLG_37qI,user_481d7595718f,False,1665014400,28,positif,0.9938,netral,tanpa_emoji,positif,md
O29hLG_37qI,user_68eec4435a40,False,1665014400,6,negatif,0.9855,netral,tanpa_emoji,negatif,md
O29hLG_37qI,user_12eec2835907,False,1665014400,1,netral,0.3686,negatif,tanpa_emoji,netral,md
O29hLG_37qI,user_00eaff252f29,False,1665014400,0,negatif,0.9957,negatif,tanpa_emoji,negatif,md
O29hLG_37qI,user_c0fecb3ebaa4,False,1665014400,0,negatif,0.8144,positif,tanpa_emoji,negatif,md
O29hLG_37qI,user_ab03e22a92e3,False,1665014400,0,negatif,0.8776,positif,positif,negatif,md
O29hLG_37qI,user_e39bd020dfdf,False,1665014400,10,positif,0.989,positif,positif,positif,md
O29hLG_37qI,user_145f36dce13b,False,1665014400,0,negatif,0.9943,netral,tanpa_emoji,negatif,md
O29hLG_37qI,user_41f50f68c43e,False,1665014400,1,negatif,0.6366,netral,tanpa_emoji,negatif,md
O29hLG_37qI,user_46af5803e23c,False,1665014400,0,negatif,0.9455,netral,tanpa_emoji,negatif,md
O29hLG_37qI,user_729a4d83f78a,False,1665014400,1,positif,0.9474,netral,tanpa_emoji,positif,md
O29hLG_37qI,user_7b63c85a8e47,False,1665014400,0,negatif,0.5099,netral,netral,negatif,md
O29hLG_37qI,user_2afb0fed9be9,False,1665014400,0,netral,0.4677,positif,positif,positif,md
O29hLG_37qI,user_4e81df262b8e,False,1665014400,0,negatif,0.9939,netral,tanpa_emoji,negatif,md
O29hLG_37qI,user_0ab9a315ea31,False,1665014400,0,positif,0.9946,positif,tanpa_emoji,positif,md
O29hLG_37qI,user_802c4ab8e43b,False,1665014400,0,netral,0.4961,netral,tanpa_emoji,netral,md
O29hLG_37qI,user_b5fe2f756e2a,False,1665014400,0,netral,0.783,netral,netral,netral,md
O29hLG_37qI,user_9d023c46a593,False,1665014400,4,positif,0.9164,positif,positif,positif,md
O29hLG_37qI,user_4ebae4fdaec0,False,1665014400,2,negatif,0.6939,netral,tanpa_emoji,negatif,md
O29hLG_37qI,user_44519866b6cb,False,1665014400,7,positif,0.6515,negatif,tanpa_emoji,positif,md
O29hLG_37qI,user_d0871d0fee20,False,1665014400,1,positif,0.9937,positif,netral,positif,md
O29hLG_37qI,user_21ff3d2bdf5e,False,1665014400,0,netral,0.9468,netral,tanpa_emoji,netral,md
O29hLG_37qI,user_21ff3d2bdf5e,False,1665014400,0,netral,0.6772,netral,tanpa_emoji,netral,md
O29hLG_37qI,user_82273cfc73b0,False,1665014400,0,negatif,0.9991,netral,tanpa_emoji,negatif,md
O29hLG_37qI,user_4ec578c01886,False,1665014400,1,negatif,0.8439,netral,tanpa_emoji,negatif,md
O29hLG_37qI,user_3a0c2e8a1c96,False,1665014400,0,negatif,0.9966,positif,tanpa_emoji,negatif,md
O29hLG_37qI,user_87bb64296078,False,1665014400,1,positif,0.9812,positif,positif,positif,md
O29hLG_37qI,user_1eb76aed6c70,False,1665014400,1,netral,0.6367,netral,tanpa_emoji,netral,md
O29hLG_37qI,user_c944e27bfb79,False,1665014400,0,negatif,0.6903,netral,tanpa_emoji,negatif,md
O29hLG_37qI,user_e77401a7cfc7,False,1665014400,0,positif,0.6971,netral,tanpa_emoji,positif,md
O29hLG_37qI,user_e77401a7cfc7,False,1665014400,0,negatif,0.9857,netral,tanpa_emoji,negatif,md
O29hLG_37qI,user_5c32359eb44c,False,1665014400,28,positif,0.9989,positif,tanpa_emoji,positif,md
O29hLG_37qI,user_34e1172c7fc7,False,1665014400,3,positif,0.9699,positif,netral,positif,md
O29hLG_37qI,user_52c7cf99cad3,False,1665014400,1,positif,0.5448,netral,netral,positif,md
O29hLG_37qI,user_5d6dbca822e5,False,1665014400,0,negatif,0.997,negatif,negatif,negatif,md
O29hLG_37qI,user_ef37a871f892,False,1665014400,2,positif,0.9974,positif,positif,positif,md
O29hLG_37qI,user_944f9c697b78,False,1665014400,7,positif,0.8064,positif,tanpa_emoji,positif,md
O29hLG_37qI,user_f5dd75a81ee2,False,1665014400,1,positif,0.9276,positif,tanpa_emoji,positif,md
O29hLG_37qI,user_7afd9eab10a9,False,1665014400,6,positif,0.9791,positif,positif,positif,md
O29hLG_37qI,user_75d22dff6395,False,1665014400,1,positif,0.9641,positif,tanpa_emoji,positif,md
O29hLG_37qI,user_885f740eac78,False,1665014400,1,negatif,0.9961,negatif,tanpa_emoji,negatif,md
O29hLG_37qI,user_5bf3d28e188d,False,1665014400,0,negatif,0.9934,netral,tanpa_emoji,negatif,md
O29hLG_37qI,user_d2248f82c677,False,1665014400,0,negatif,0.9992,netral,tanpa_emoji,negatif,md
O29hLG_37qI,user_d7aa8adeb0ac,False,1665014400,0,negatif,0.7889,netral,netral,negatif,md
O29hLG_37qI,user_0bb72c272e0e,False,1665014400,1,negatif,0.9889,negatif,tanpa_emoji,negatif,md
O29hLG_37qI,user_0fdcbe0667f6,False,1665014400,3,negatif,0.995,positif,tanpa_emoji,negatif,md
O29hLG_37qI,user_52c7cf99cad3,False,1665014400,1,negatif,0.9815,negatif,netral,negatif,md
O29hLG_37qI,user_fa6f798a9abd,False,1665014400,2,negatif,0.9972,positif,tanpa_emoji,negatif,md
O29hLG_37qI,user_266573683447,False,1665014400,1,netral,0.9881,netral,tanpa_emoji,netral,md
O29hLG_37qI,user_ec0c29312a73,False,1665014400,0,positif,0.9257,netral,netral,positif,md
O29hLG_37qI,user_997920e9b8f5,False,1665014400,1,negatif,0.9959,positif,tanpa_emoji,negatif,md
O29hLG_37qI,user_b934f3aead95,False,1665014400,2,negatif,0.9606,positif,tanpa_emoji,negatif,md
O29hLG_37qI,user_988dfa4f1eb7,False,1665014400,4,positif,0.9968,positif,tanpa_emoji,positif,md
O29hLG_37qI,user_90d24d21b036,False,1665014400,7,positif,0.971,netral,tanpa_emoji,positif,md
O29hLG_37qI,user_b9534a02e89a,False,1665014400,1,positif,0.9941,positif,tanpa_emoji,positif,md
O29hLG_37qI,user_cc011e2e440c,False,1665014400,1,negatif,0.9864,negatif,tanpa_emoji,negatif,md
O29hLG_37qI,user_963626a1842b,False,1665014400,0,netral,0.8611,netral,tanpa_emoji,netral,md
O29hLG_37qI,user_12c4e411d9bf,False,1665014400,3,positif,0.9745,positif,tanpa_emoji,positif,md
O29hLG_37qI,user_354ec9b7231e,False,1665014400,1,negatif,0.5019,positif,tanpa_emoji,negatif,md
O29hLG_37qI,user_da64a09e9175,False,1665014400,3,positif,0.7936,negatif,tanpa_emoji,positif,md
O29hLG_37qI,user_f984dc148e41,False,1665014400,3,positif,0.9974,positif,tanpa_emoji,positif,md
O29hLG_37qI,user_7cfab8b06424,False,1665014400,1,positif,0.3859,negatif,tanpa_emoji,positif,md
O29hLG_37qI,user_fedb9319429b,False,1665014400,4,positif,0.9594,netral,tanpa_emoji,positif,md
O29hLG_37qI,user_238f41270e71,False,1665014400,1,positif,0.9936,positif,tanpa_emoji,positif,md
O29hLG_37qI,user_c71f605e2ef2,False,1665014400,2,negatif,0.9902,positif,positif,negatif,md
O29hLG_37qI,user_e0b7190340da,False,1665014400,1,negatif,0.8017,netral,tanpa_emoji,negatif,md
O29hLG_37qI,user_7d6c8492c1f5,False,1665014400,77,positif,0.9927,positif,positif,positif,md
O29hLG_37qI,user_47fa277997d9,False,1665014400,1,negatif,0.9434,netral,tanpa_emoji,negatif,md
O29hLG_37qI,user_2ba4ff2c2151,False,1665014400,1,negatif,0.9961,positif,tanpa_emoji,negatif,md
O29hLG_37qI,user_ab61a4dbdbc5,False,1665014400,1,positif,0.9907,positif,tanpa_emoji,positif,md
O29hLG_37qI,user_6e86dc9e3c99,False,1665014400,1,netral,0.707,netral,netral,netral,md
O29hLG_37qI,user_33399c7cfb0d,False,1665014400,2,negatif,0.6644,netral,tanpa_emoji,negatif,md
O29hLG_37qI,user_4bf5f9233c66,False,1665014400,2,negatif,0.8381,netral,tanpa_emoji,negatif,md
O29hLG_37qI,user_20e05c6f3169,False,1665014400,0,positif,0.997,positif,tanpa_emoji,positif,md
O29hLG_37qI,user_ccc09d9a7909,False,1665014400,0,negatif,0.7847,netral,positif,negatif,md
O29hLG_37qI,user_d9f43dd5672b,False,1665014400,0,negatif,0.9578,negatif,tanpa_emoji,negatif,md
O29hLG_37qI,user_f5000963c3a7,False,1665014400,0,positif,0.9782,netral,tanpa_emoji,positif,md
O29hLG_37qI,user_885f740eac78,False,1665014400,0,negatif,0.9972,positif,tanpa_emoji,negatif,md
O29hLG_37qI,user_a30ffbfeef7a,False,1665014400,0,negatif,0.9936,positif,netral,negatif,md
O29hLG_37qI,user_7f2800e7810f,False,1665014400,0,negatif,0.5819,netral,tanpa_emoji,negatif,md
O29hLG_37qI,user_95022f91655d,False,1665014400,0,positif,0.8534,positif,tanpa_emoji,positif,md
O29hLG_37qI,user_61d40c71b9e0,False,1665014400,0,positif,0.6604,netral,tanpa_emoji,positif,md
O29hLG_37qI,user_b1564791f8b0,False,1665014400,0,negatif,0.6978,netral,tanpa_emoji,negatif,md
O29hLG_37qI,user_7cb1a4b12154,False,1665014400,0,netral,0.6113,negatif,tanpa_emoji,netral,md
O29hLG_37qI,user_e001189a3089,False,1665014400,0,netral,0.8227,netral,tanpa_emoji,netral,md
O29hLG_37qI,user_1bed4cd74130,False,1665014400,0,netral,0.5091,netral,tanpa_emoji,netral,md
O29hLG_37qI,user_afeaf830a01a,False,1665014400,3,positif,0.9364,positif,tanpa_emoji,positif,md
O29hLG_37qI,user_45b1b06427a6,False,1665014400,1,negatif,0.7755,netral,netral,negatif,md
O29hLG_37qI,user_8502c8bfe951,False,1665014400,0,negatif,0.9768,netral,tanpa_emoji,negatif,md
O29hLG_37qI,user_11aa146beff8,False,1665014400,2,netral,0.5378,positif,tanpa_emoji,netral,md
O29hLG_37qI,user_26249c2e496b,False,1665014400,0,positif,0.9023,positif,tanpa_emoji,positif,md
O29hLG_37qI,user_66ae38b15c43,False,1665014400,15,positif,0.9854,netral,tanpa_emoji,positif,md
O29hLG_37qI,user_854ef96a26ab,False,1665014400,3,negatif,0.9993,netral,tanpa_emoji,negatif,md
O29hLG_37qI,user_a4126cdb7a59,False,1665014400,7,negatif,0.7544,netral,tanpa_emoji,negatif,md
O29hLG_37qI,user_514a404ee7bc,False,1665014400,0,negatif,0.9664,netral,tanpa_emoji,negatif,md
O29hLG_37qI,user_e8fcb17a11ee,False,1665014400,0,positif,0.7338,positif,tanpa_emoji,positif,md
O29hLG_37qI,user_0fd579878038,False,1665014400,0,positif,0.9822,positif,tanpa_emoji,positif,md
O29hLG_37qI,user_ac29e79805b2,False,1665014400,0,positif,0.9693,negatif,tanpa_emoji,positif,md
O29hLG_37qI,user_4183f8dff7d4,False,1665014400,1,negatif,0.9832,positif,tanpa_emoji,negatif,md
O29hLG_37qI,user_bd28f3c0be97,False,1665014400,1,negatif,0.9975,netral,tanpa_emoji,negatif,md
O29hLG_37qI,user_1bd3851bfa5f,False,1665014400,1,positif,0.9266,netral,tanpa_emoji,positif,md
O29hLG_37qI,user_b69762d22007,False,1665014400,0,negatif,0.894,netral,tanpa_emoji,negatif,md
O29hLG_37qI,user_170cba4a7e40,False,1665014400,0,positif,0.9922,positif,positif,positif,md
O29hLG_37qI,user_75a550503db1,False,1665014400,0,negatif,0.8709,netral,tanpa_emoji,negatif,md
O29hLG_37qI,user_35dfbf6028a2,False,1665014400,0,netral,0.4958,netral,tanpa_emoji,netral,md
O29hLG_37qI,user_d7dfdd1beffc,False,1665014400,0,positif,0.9545,netral,tanpa_emoji,positif,md
O29hLG_37qI,user_d7dfdd1beffc,False,1665014400,0,negatif,0.7823,netral,tanpa_emoji,negatif,md
VzBLY3xgVnQ,user_439e8ae59621,False,1788652800,0,negatif,0.4085,positif,positif,positif,md
VzBLY3xgVnQ,user_e845166bc080,False,1785974400,0,positif,0.6251,netral,tanpa_emoji,positif,md
VzBLY3xgVnQ,user_713eb5056930,False,1783296000,0,negatif,0.9895,netral,netral,negatif,md
VzBLY3xgVnQ,user_d3d12d273506,False,1783296000,0,netral,0.9764,positif,positif,netral,md
VzBLY3xgVnQ,user_3753950e4a38,False,1778025600,0,negatif,0.9863,negatif,tanpa_emoji,negatif,md
VzBLY3xgVnQ,user_7239eaf0452a,False,1775433600,0,netral,0.9835,netral,tanpa_emoji,netral,md
VzBLY3xgVnQ,user_10f93ebf3eda,False,1775433600,0,netral,0.9577,netral,tanpa_emoji,netral,md
VzBLY3xgVnQ,user_68c9c57d6a93,False,1772755200,0,negatif,0.9768,netral,tanpa_emoji,negatif,md
VzBLY3xgVnQ,user_68c9c57d6a93,False,1772755200,0,negatif,0.9814,netral,tanpa_emoji,negatif,md
VzBLY3xgVnQ,user_4213a5e2b4e8,False,1770336000,0,negatif,0.7845,positif,netral,negatif,md
VzBLY3xgVnQ,user_e8341cbd9045,False,1767657600,1,negatif,0.9981,negatif,tanpa_emoji,negatif,md
VzBLY3xgVnQ,user_c8f1f024bdec,False,1767657600,2,positif,0.6713,netral,tanpa_emoji,positif,md
VzBLY3xgVnQ,user_243685712d20,False,1767657600,0,negatif,0.9959,negatif,tanpa_emoji,negatif,md
VzBLY3xgVnQ,user_d29554f808c8,False,1767657600,1,positif,0.9508,netral,tanpa_emoji,positif,md
VzBLY3xgVnQ,user_1b432163f47a,False,1767657600,0,negatif,0.5778,netral,tanpa_emoji,negatif,md
VzBLY3xgVnQ,user_b76c6c3d7cdf,False,1764979200,1,netral,0.4649,netral,tanpa_emoji,netral,md
VzBLY3xgVnQ,user_529fbd666a33,False,1764979200,1,negatif,0.918,netral,tanpa_emoji,negatif,md
VzBLY3xgVnQ,user_3a22cd8aaf66,True,1764979200,1,negatif,0.952,netral,tanpa_emoji,negatif,md
VzBLY3xgVnQ,user_1427d1102391,False,1764979200,3,netral,0.4776,positif,positif,positif,md
VzBLY3xgVnQ,user_0b86b4d0c3fc,False,1764979200,0,positif,0.6129,positif,tanpa_emoji,positif,md
VzBLY3xgVnQ,user_5da2cc3d2eda,False,1764979200,0,positif,0.8369,netral,tanpa_emoji,positif,md
VzBLY3xgVnQ,user_ca14e3d4d530,False,1764979200,0,negatif,0.9942,netral,tanpa_emoji,negatif,md
VzBLY3xgVnQ,user_496969f21d68,False,1764979200,0,positif,0.9909,positif,tanpa_emoji,positif,md
VzBLY3xgVnQ,user_9da2cd9559c9,False,1764979200,1,positif,0.5363,positif,tanpa_emoji,positif,md
VzBLY3xgVnQ,user_844cae7ca6a3,False,1764979200,0,positif,0.8505,netral,tanpa_emoji,positif,md
VzBLY3xgVnQ,user_844cae7ca6a3,True,1764979200,0,negatif,0.9798,netral,tanpa_emoji,negatif,md
VzBLY3xgVnQ,user_ad2fe2718ab8,False,1764979200,0,negatif,0.9987,netral,tanpa_emoji,negatif,md
VzBLY3xgVnQ,user_9c323e3421ff,False,1764979200,0,positif,0.6193,netral,tanpa_emoji,positif,md
VzBLY3xgVnQ,user_e1befad57ba7,False,1764979200,0,positif,0.9973,positif,tanpa_emoji,positif,md
VzBLY3xgVnQ,user_99ffed599e79,False,1764979200,0,negatif,0.9875,netral,tanpa_emoji,negatif,md
VzBLY3xgVnQ,user_733b7899ac03,False,1764979200,0,negatif,0.9945,negatif,negatif,negatif,md
VzBLY3xgVnQ,user_4857848fc959,False,1764979200,0,positif,0.6288,netral,tanpa_emoji,positif,md
VzBLY3xgVnQ,user_ad2fe2718ab8,True,1764979200,0,netral,0.7521,netral,tanpa_emoji,netral,md
VzBLY3xgVnQ,user_0a6c9859667d,False,1764979200,1,negatif,0.7879,netral,tanpa_emoji,negatif,md
VzBLY3xgVnQ,user_79ae8e8fbb5a,False,1764979200,0,negatif,0.9993,negatif,tanpa_emoji,negatif,md
VzBLY3xgVnQ,user_29e681aa453b,False,1764979200,1,netral,0.8918,netral,tanpa_emoji,netral,md
VzBLY3xgVnQ,user_5905136b5730,False,1764979200,4,netral,0.4424,netral,tanpa_emoji,netral,md
VzBLY3xgVnQ,user_8b4d9f7592e3,False,1764979200,2,positif,0.6221,positif,positif,positif,md
VzBLY3xgVnQ,user_f9a8b7e70e99,False,1764979200,0,negatif,0.8186,netral,tanpa_emoji,negatif,md
VzBLY3xgVnQ,user_6c2306e0d5d4,False,1764979200,0,negatif,0.9718,netral,tanpa_emoji,negatif,md
VzBLY3xgVnQ,user_893454f0c307,True,1764979200,0,netral,0.9572,netral,tanpa_emoji,netral,md
VzBLY3xgVnQ,user_2a16607dcbca,False,1764979200,0,negatif,0.9712,negatif,tanpa_emoji,negatif,md
VzBLY3xgVnQ,user_8a8843871ab0,False,1764979200,0,negatif,0.9984,positif,tanpa_emoji,negatif,md
VzBLY3xgVnQ,user_550127f9b318,False,1764979200,1,positif,0.9879,netral,tanpa_emoji,positif,md
VzBLY3xgVnQ,user_dccfad649ab7,False,1764979200,0,positif,0.9923,positif,tanpa_emoji,positif,md
VzBLY3xgVnQ,user_fa2d6c2cbe7e,False,1764979200,0,negatif,0.5708,netral,tanpa_emoji,negatif,md
VzBLY3xgVnQ,user_9636ea41476e,False,1764979200,0,negatif,0.9792,netral,tanpa_emoji,negatif,md
VzBLY3xgVnQ,user_3b1dab3b891c,False,1764979200,4,positif,0.9481,netral,positif,positif,md
VzBLY3xgVnQ,user_8c4401537e6f,False,1764979200,1,negatif,0.9952,positif,tanpa_emoji,negatif,md
VzBLY3xgVnQ,user_b2416c0939fc,False,1764979200,41,positif,0.691,netral,tanpa_emoji,positif,md
VzBLY3xgVnQ,user_40659b8f3508,False,1764979200,0,negatif,0.997,netral,netral,negatif,md
VzBLY3xgVnQ,user_013dcbd4feec,False,1764979200,1,negatif,0.5533,negatif,tanpa_emoji,negatif,md
VzBLY3xgVnQ,user_ba9b149f33e4,False,1764979200,0,negatif,0.9969,positif,tanpa_emoji,negatif,md
VzBLY3xgVnQ,user_7b397c2d0914,False,1764979200,3,negatif,0.7788,netral,tanpa_emoji,negatif,md
VzBLY3xgVnQ,user_2852a63bf814,False,1764979200,5,positif,0.9935,positif,positif,positif,md
VzBLY3xgVnQ,user_e8f37a726dc8,True,1764979200,2,positif,0.9718,negatif,tanpa_emoji,positif,md
VzBLY3xgVnQ,user_2852a63bf814,True,1767657600,0,positif,0.976,positif,positif,positif,md
VzBLY3xgVnQ,user_e8f37a726dc8,True,1767657600,1,negatif,0.9256,positif,tanpa_emoji,negatif,md
VzBLY3xgVnQ,user_0c797f599d5d,True,1767657600,0,netral,0.9248,negatif,tanpa_emoji,netral,md
VzBLY3xgVnQ,user_e8f37a726dc8,True,1767657600,0,netral,0.8339,netral,tanpa_emoji,netral,md
VzBLY3xgVnQ,user_e8f37a726dc8,True,1767657600,0,negatif,0.4823,netral,netral,negatif,md
VzBLY3xgVnQ,user_32368a2da455,False,1764979200,0,negatif,0.9784,netral,tanpa_emoji,negatif,md
VzBLY3xgVnQ,user_0c797f599d5d,True,1767657600,0,negatif,0.6382,netral,tanpa_emoji,negatif,md
VzBLY3xgVnQ,user_10ed35e30040,False,1764979200,0,negatif,0.849,netral,tanpa_emoji,negatif,md
VzBLY3xgVnQ,user_6384a99a7ae6,False,1764979200,0,positif,0.371,positif,positif,positif,md
VzBLY3xgVnQ,user_3846ba7110c4,False,1764979200,0,netral,0.937,positif,tanpa_emoji,netral,md
VzBLY3xgVnQ,user_03653561fe72,False,1764979200,2,negatif,0.9977,negatif,tanpa_emoji,negatif,md
VzBLY3xgVnQ,user_522a97b9b2f0,True,1764979200,2,netral,0.6556,negatif,netral,netral,md
VzBLY3xgVnQ,user_3dc66560d019,False,1764979200,0,netral,0.995,netral,tanpa_emoji,netral,md
VzBLY3xgVnQ,user_c2330bf55286,False,1764979200,0,negatif,0.7973,netral,tanpa_emoji,negatif,md
VzBLY3xgVnQ,user_9c712d3a1d45,False,1764979200,0,netral,0.482,netral,netral,netral,md
VzBLY3xgVnQ,user_a27f78eea180,False,1764979200,4,positif,0.7981,netral,tanpa_emoji,positif,md
VzBLY3xgVnQ,user_84d508e05f82,False,1764979200,90,negatif,0.9795,netral,netral,negatif,md
VzBLY3xgVnQ,user_b2416c0939fc,True,1764979200,25,negatif,0.9849,netral,tanpa_emoji,negatif,md
VzBLY3xgVnQ,user_893454f0c307,True,1764979200,18,negatif,0.9931,netral,tanpa_emoji,negatif,md
VzBLY3xgVnQ,user_083e36b6e7fe,True,1764979200,14,negatif,0.9948,netral,tanpa_emoji,negatif,md
VzBLY3xgVnQ,user_0bcc99498c6c,True,1764979200,10,negatif,0.9931,negatif,netral,negatif,md
VzBLY3xgVnQ,user_6138efaa569c,True,1767657600,1,netral,0.5578,netral,tanpa_emoji,netral,md
VzBLY3xgVnQ,user_f3bfceed2f0b,True,1770336000,0,netral,0.9375,netral,tanpa_emoji,netral,md
VzBLY3xgVnQ,user_c6f24947216a,True,1778025600,0,negatif,0.8826,netral,tanpa_emoji,negatif,md
VzBLY3xgVnQ,user_09e078704d47,True,1764979200,4,negatif,0.6717,positif,tanpa_emoji,negatif,md
VzBLY3xgVnQ,user_6956900b8d59,True,1764979200,3,negatif,0.9941,netral,tanpa_emoji,negatif,md
VzBLY3xgVnQ,user_0bcc99498c6c,True,1764979200,0,negatif,0.9778,negatif,netral,negatif,md
VzBLY3xgVnQ,user_c49d523f489b,True,1764979200,2,negatif,0.9786,netral,tanpa_emoji,negatif,md
VzBLY3xgVnQ,user_d468eab02770,True,1764979200,0,negatif,0.9952,netral,tanpa_emoji,negatif,md
VzBLY3xgVnQ,user_9f1fcd950b1d,True,1764979200,0,negatif,0.9981,positif,tanpa_emoji,negatif,md
VzBLY3xgVnQ,user_e72eb4510ae0,True,1764979200,0,negatif,0.9958,positif,tanpa_emoji,negatif,md
VzBLY3xgVnQ,user_420746dfe39f,False,1764979200,0,positif,0.9701,positif,positif,positif,md
VzBLY3xgVnQ,user_a738d85924e5,False,1764979200,3,negatif,0.4939,netral,tanpa_emoji,negatif,md
VzBLY3xgVnQ,user_d6bed68cdef4,False,1764979200,0,negatif,0.7912,netral,tanpa_emoji,negatif,md
VzBLY3xgVnQ,user_cf8d2e0bfb7c,False,1764979200,1,negatif,0.9894,netral,tanpa_emoji,negatif,md
VzBLY3xgVnQ,user_3dc66560d019,True,1764979200,0,negatif,0.9752,netral,tanpa_emoji,negatif,md
VzBLY3xgVnQ,user_3dc66560d019,True,1764979200,0,negatif,0.7889,netral,tanpa_emoji,negatif,md
VzBLY3xgVnQ,user_522a97b9b2f0,True,1764979200,0,netral,0.8711,netral,tanpa_emoji,netral,md
VzBLY3xgVnQ,user_ce8b70947cdf,False,1764979200,0,positif,0.7682,negatif,tanpa_emoji,positif,md
VzBLY3xgVnQ,user_a4c8a7adcaf9,False,1764979200,1,negatif,0.9902,netral,tanpa_emoji,negatif,md
VzBLY3xgVnQ,user_15a2a52d51d5,False,1764979200,0,negatif,0.9591,netral,tanpa_emoji,negatif,md
VzBLY3xgVnQ,user_14b78a131789,False,1764979200,2,netral,0.9735,netral,tanpa_emoji,netral,md
VzBLY3xgVnQ,user_eb00d493ee1c,True,1764979200,0,negatif,0.8594,netral,tanpa_emoji,negatif,md
VzBLY3xgVnQ,user_190fc9b346f8,True,1764979200,0,netral,0.8156,netral,tanpa_emoji,netral,md
VzBLY3xgVnQ,user_228ae39a8abc,False,1764979200,0,negatif,0.9853,netral,netral,negatif,md
VzBLY3xgVnQ,user_709da9dee828,False,1764979200,0,negatif,0.9968,netral,tanpa_emoji,negatif,md
VzBLY3xgVnQ,user_0bdf23070414,False,1764979200,2,negatif,0.9849,positif,tanpa_emoji,negatif,md
VzBLY3xgVnQ,user_5f13ec56e231,False,1764979200,0,negatif,0.9867,netral,tanpa_emoji,negatif,md
VzBLY3xgVnQ,user_d37b2bc2e636,False,1764979200,2,positif,0.786,netral,tanpa_emoji,positif,md
VzBLY3xgVnQ,user_3d5a635263f1,False,1764979200,1,negatif,0.9987,positif,tanpa_emoji,negatif,md
VzBLY3xgVnQ,user_19c52e0d9964,False,1764979200,4,negatif,0.9582,netral,tanpa_emoji,negatif,md
VzBLY3xgVnQ,user_65541ca0cba1,False,1764979200,64,negatif,0.9571,netral,tanpa_emoji,negatif,md
VzBLY3xgVnQ,user_67e0dc1a05ee,True,1764979200,2,netral,0.863,netral,netral,netral,md
VzBLY3xgVnQ,user_de4e3e61c73f,True,1764979200,2,positif,0.767,positif,positif,positif,md
VzBLY3xgVnQ,user_54be33419a6a,True,1764979200,2,negatif,0.9957,positif,netral,negatif,md
VzBLY3xgVnQ,user_a10bc7d6b453,True,1764979200,1,netral,0.9614,netral,tanpa_emoji,netral,md
VzBLY3xgVnQ,user_fd5b508c70de,False,1764979200,1,negatif,0.523,netral,netral,negatif,md
VzBLY3xgVnQ,user_37aef45e0b35,False,1764979200,3,positif,0.8334,positif,tanpa_emoji,positif,md
VzBLY3xgVnQ,user_6afe95c39f56,True,1764979200,0,positif,0.9855,positif,tanpa_emoji,positif,md
VzBLY3xgVnQ,user_f725bc7f3e3e,True,1767657600,0,negatif,0.8015,netral,tanpa_emoji,negatif,md
VzBLY3xgVnQ,user_9a576a79abba,False,1764979200,0,negatif,0.6439,netral,tanpa_emoji,negatif,md
VzBLY3xgVnQ,user_ec6de0fdadb5,True,1764979200,0,netral,0.4998,netral,tanpa_emoji,netral,md
VzBLY3xgVnQ,user_869b1d359b64,False,1764979200,6,netral,0.6356,netral,tanpa_emoji,netral,md
VzBLY3xgVnQ,user_7158e47c909c,False,1764979200,0,negatif,0.9519,netral,tanpa_emoji,negatif,md
VzBLY3xgVnQ,user_277c2b6c89cf,False,1764979200,2,positif,0.9158,positif,tanpa_emoji,positif,md
VzBLY3xgVnQ,user_76e6116a4374,True,1764979200,1,netral,0.9809,netral,tanpa_emoji,netral,md
VzBLY3xgVnQ,user_43f8337e5a6d,False,1764979200,0,negatif,0.8833,positif,tanpa_emoji,negatif,md
VzBLY3xgVnQ,user_522a97b9b2f0,True,1764979200,0,negatif,0.4611,netral,netral,negatif,md
VzBLY3xgVnQ,user_92b656b72d2a,False,1764979200,0,positif,0.5201,netral,positif,positif,md
VzBLY3xgVnQ,user_600db8c0341d,False,1764979200,0,positif,0.9289,positif,tanpa_emoji,positif,md
VzBLY3xgVnQ,user_c8f1f024bdec,False,1764979200,26,positif,0.9372,netral,tanpa_emoji,positif,md
VzBLY3xgVnQ,user_db5f77d5119c,True,1764979200,2,netral,0.7692,netral,tanpa_emoji,netral,md
VzBLY3xgVnQ,user_7171e5476a89,False,1764979200,0,negatif,0.9927,negatif,tanpa_emoji,negatif,md
VzBLY3xgVnQ,user_e0a6ca00f28f,False,1764979200,0,negatif,0.577,netral,tanpa_emoji,negatif,md
VzBLY3xgVnQ,user_0d1b9bb5647e,False,1764979200,0,negatif,0.6837,netral,tanpa_emoji,negatif,md
VzBLY3xgVnQ,user_08faf0fe23af,False,1764979200,1,negatif,0.64,netral,netral,negatif,md
VzBLY3xgVnQ,user_4821822a3b5e,False,1764979200,0,positif,0.9731,positif,positif,positif,md
VzBLY3xgVnQ,user_4f3cd64acec9,False,1764979200,1,negatif,0.9791,netral,tanpa_emoji,negatif,md
VzBLY3xgVnQ,user_b07501cfa608,False,1764979200,0,positif,0.9914,positif,tanpa_emoji,positif,md
VzBLY3xgVnQ,user_2ff445027d64,False,1764979200,0,negatif,0.9868,positif,positif,negatif,md
VzBLY3xgVnQ,user_06fdbbd67398,False,1764979200,1,negatif,0.9879,negatif,tanpa_emoji,negatif,md
VzBLY3xgVnQ,user_522a97b9b2f0,True,1764979200,1,negatif,0.9762,netral,netral,negatif,md
VzBLY3xgVnQ,user_06fdbbd67398,True,1764979200,1,negatif,0.8346,negatif,tanpa_emoji,negatif,md
VzBLY3xgVnQ,user_086b05adb74f,False,1764979200,0,negatif,0.9861,netral,tanpa_emoji,negatif,md
VzBLY3xgVnQ,user_bfd5cff0f5f5,True,1764979200,0,netral,0.5702,netral,tanpa_emoji,netral,md
VzBLY3xgVnQ,user_086b05adb74f,True,1764979200,0,netral,0.9832,netral,tanpa_emoji,netral,md
VzBLY3xgVnQ,user_bfd5cff0f5f5,True,1764979200,0,netral,0.9258,netral,tanpa_emoji,netral,md
VzBLY3xgVnQ,user_086b05adb74f,True,1764979200,0,netral,0.9481,netral,tanpa_emoji,netral,md
VzBLY3xgVnQ,user_bfd5cff0f5f5,True,1764979200,0,netral,0.9586,netral,tanpa_emoji,netral,md
VzBLY3xgVnQ,user_89a12485e1ad,False,1764979200,46,positif,0.8442,netral,tanpa_emoji,positif,md
VzBLY3xgVnQ,user_b1be9a85a269,True,1764979200,0,negatif,0.9953,netral,tanpa_emoji,negatif,md
VzBLY3xgVnQ,user_89a12485e1ad,False,1764979200,5,negatif,0.9092,negatif,tanpa_emoji,negatif,md
VzBLY3xgVnQ,user_84d508e05f82,True,1764979200,0,positif,0.4903,netral,tanpa_emoji,positif,md
VzBLY3xgVnQ,user_89a12485e1ad,True,1764979200,1,negatif,0.8945,negatif,tanpa_emoji,negatif,md
VzBLY3xgVnQ,user_0cf15ee9e82b,False,1764979200,1,positif,0.6149,netral,tanpa_emoji,positif,md
VzBLY3xgVnQ,user_522a97b9b2f0,True,1764979200,1,negatif,0.9976,positif,netral,negatif,md
VzBLY3xgVnQ,user_1425c2917dba,True,1764979200,0,positif,0.983,netral,tanpa_emoji,positif,md
VzBLY3xgVnQ,user_18b323565090,False,1764979200,3,negatif,0.9783,netral,tanpa_emoji,negatif,md
VzBLY3xgVnQ,user_554b22d6496d,False,1764979200,5,negatif,0.852,netral,tanpa_emoji,negatif,md
VzBLY3xgVnQ,user_c5e28facd463,False,1764979200,24,positif,0.4969,netral,tanpa_emoji,positif,md
VzBLY3xgVnQ,user_eb485ae086a5,False,1764979200,3,negatif,0.9956,positif,positif,negatif,md
VzBLY3xgVnQ,user_c8c3c71fc260,False,1764979200,0,netral,0.5814,positif,positif,positif,md
VzBLY3xgVnQ,user_d1dfef7834b9,False,1764979200,0,netral,0.9215,netral,tanpa_emoji,netral,md
VzBLY3xgVnQ,user_7879f06378bf,False,1764979200,7,positif,0.9912,negatif,tanpa_emoji,positif,md
dkbwPpPJCLo,user_56ef0e5674a4,False,1789430400,0,positif,0.8396,netral,tanpa_emoji,positif,md
dkbwPpPJCLo,user_56ef0e5674a4,False,1789430400,0,negatif,0.6215,netral,tanpa_emoji,negatif,md
dkbwPpPJCLo,user_56ef0e5674a4,False,1788652800,0,negatif,0.6172,netral,tanpa_emoji,negatif,md
dkbwPpPJCLo,user_56ef0e5674a4,False,1788652800,0,netral,0.4613,netral,tanpa_emoji,netral,md
dkbwPpPJCLo,user_56ef0e5674a4,False,1788652800,0,positif,0.4282,netral,tanpa_emoji,positif,md
dkbwPpPJCLo,user_56ef0e5674a4,False,1788652800,0,netral,0.7608,netral,tanpa_emoji,netral,md
dkbwPpPJCLo,user_56ef0e5674a4,False,1788652800,0,negatif,0.4467,netral,tanpa_emoji,negatif,md
dkbwPpPJCLo,user_56ef0e5674a4,False,1788652800,0,netral,0.6382,netral,tanpa_emoji,netral,md
dkbwPpPJCLo,user_56ef0e5674a4,False,1788652800,0,negatif,0.7949,netral,tanpa_emoji,negatif,md
dkbwPpPJCLo,user_56ef0e5674a4,False,1788652800,0,negatif,0.5965,netral,tanpa_emoji,negatif,md
dkbwPpPJCLo,user_56ef0e5674a4,False,1788652800,0,negatif,0.4617,netral,tanpa_emoji,negatif,md
dkbwPpPJCLo,user_56ef0e5674a4,False,1788652800,0,positif,0.5511,netral,tanpa_emoji,positif,md
dkbwPpPJCLo,user_56f5ed9dac77,False,1780704000,0,positif,0.9916,positif,tanpa_emoji,positif,md
dkbwPpPJCLo,user_a8d4aa316685,False,1775433600,1,positif,0.996,positif,positif,positif,md
dkbwPpPJCLo,user_db0a1d267415,False,1772755200,0,negatif,0.7314,netral,tanpa_emoji,negatif,md
dkbwPpPJCLo,user_c10bbeb3ea2f,False,1767657600,0,netral,0.4077,netral,netral,netral,md
dkbwPpPJCLo,user_32d8d492efa8,False,1767657600,0,netral,0.9377,netral,tanpa_emoji,netral,md
dkbwPpPJCLo,user_a6105db6fe16,False,1762387200,0,negatif,0.7762,positif,positif,negatif,md
dkbwPpPJCLo,user_803e2b215b0a,False,1759708800,1,negatif,0.9972,positif,tanpa_emoji,negatif,md
dkbwPpPJCLo,user_803e2b215b0a,False,1759708800,0,negatif,0.997,netral,tanpa_emoji,negatif,md
dkbwPpPJCLo,user_803e2b215b0a,False,1759708800,0,negatif,0.9949,netral,tanpa_emoji,negatif,md
dkbwPpPJCLo,user_803e2b215b0a,False,1759708800,0,negatif,0.9965,netral,tanpa_emoji,negatif,md
dkbwPpPJCLo,user_830516a9456d,False,1759708800,0,positif,0.8271,positif,tanpa_emoji,positif,md
dkbwPpPJCLo,user_6d331649fe72,False,1759708800,0,negatif,0.7055,positif,tanpa_emoji,negatif,md
dkbwPpPJCLo,user_9de9aede0341,False,1759708800,0,negatif,0.9979,negatif,netral,negatif,md
dkbwPpPJCLo,user_f71942144a35,True,1770336000,0,positif,0.8177,netral,tanpa_emoji,positif,md
dkbwPpPJCLo,user_1b8b1056815b,False,1759708800,0,positif,0.395,netral,tanpa_emoji,positif,md
dkbwPpPJCLo,user_7ad7ad33490e,False,1759708800,1,negatif,0.757,netral,tanpa_emoji,negatif,md
dkbwPpPJCLo,user_7ad7ad33490e,False,1759708800,0,positif,0.9897,positif,positif,positif,md
dkbwPpPJCLo,user_237d9f0b6a24,False,1759708800,1,negatif,0.9242,positif,positif,negatif,md
dkbwPpPJCLo,user_7ad0235e0cd0,False,1759708800,0,negatif,0.5832,netral,tanpa_emoji,negatif,md
dkbwPpPJCLo,user_b59762d3e6c6,False,1759708800,1,netral,0.706,netral,tanpa_emoji,netral,md
dkbwPpPJCLo,user_bd158029ed30,False,1759708800,1,positif,0.8214,positif,positif,positif,md
dkbwPpPJCLo,user_d41ad0f00afc,False,1759708800,0,negatif,0.9852,netral,tanpa_emoji,negatif,md
dkbwPpPJCLo,user_ae704b4c053f,False,1759708800,0,netral,0.6865,netral,tanpa_emoji,netral,md
dkbwPpPJCLo,user_c97d6bbcc257,False,1759708800,0,netral,0.8194,netral,tanpa_emoji,netral,md
dkbwPpPJCLo,user_c97d6bbcc257,False,1759708800,0,netral,0.9889,netral,tanpa_emoji,netral,md
dkbwPpPJCLo,user_3a10dd9e883d,False,1759708800,1,negatif,0.5663,netral,tanpa_emoji,negatif,md
dkbwPpPJCLo,user_311317124c4b,False,1759708800,1,negatif,0.8752,netral,tanpa_emoji,negatif,md
dkbwPpPJCLo,user_f2c1273542f0,True,1759708800,0,netral,0.7929,netral,tanpa_emoji,netral,md
dkbwPpPJCLo,user_0348b4b8141f,False,1759708800,0,netral,0.8397,netral,tanpa_emoji,netral,md
dkbwPpPJCLo,user_fa8409feec46,False,1728172800,0,negatif,0.8976,positif,netral,negatif,md
dkbwPpPJCLo,user_f464cd6bde29,False,1728172800,0,positif,0.4147,netral,tanpa_emoji,positif,md
dkbwPpPJCLo,user_d290c7f5029b,False,1728172800,1,negatif,0.8804,negatif,tanpa_emoji,negatif,md
dkbwPpPJCLo,user_76793bc9d779,True,1728172800,0,negatif,0.8275,netral,tanpa_emoji,negatif,md
dkbwPpPJCLo,user_0d78fbf6240b,False,1728172800,2,positif,0.9576,positif,tanpa_emoji,positif,md
dkbwPpPJCLo,user_fc817be2d3e4,False,1728172800,0,negatif,0.9589,netral,tanpa_emoji,negatif,md
dkbwPpPJCLo,user_54e42f191c75,False,1728172800,0,positif,0.9875,positif,tanpa_emoji,positif,md
dkbwPpPJCLo,user_b4e4e2d41bab,False,1728172800,0,negatif,0.9774,negatif,tanpa_emoji,negatif,md
dkbwPpPJCLo,user_c3610b8dbe1a,False,1728172800,1,negatif,0.6119,negatif,negatif,negatif,md
dkbwPpPJCLo,user_d3d12d273506,False,1728172800,0,negatif,0.7134,netral,netral,negatif,md
dkbwPpPJCLo,user_aec68f4d31ad,False,1728172800,0,negatif,0.8991,netral,netral,netral,md
dkbwPpPJCLo,user_b05a85c3bee7,False,1728172800,0,positif,0.6336,positif,positif,positif,md
dkbwPpPJCLo,user_6debe547c7bd,False,1728172800,0,positif,0.9869,positif,tanpa_emoji,positif,md
dkbwPpPJCLo,user_fdd0a5dc4de0,False,1728172800,1,negatif,0.8702,positif,tanpa_emoji,negatif,md
dkbwPpPJCLo,user_05ca0784b928,False,1728172800,0,negatif,0.9888,positif,tanpa_emoji,negatif,md
dkbwPpPJCLo,user_3828389fbfe6,False,1728172800,0,positif,0.9853,positif,tanpa_emoji,positif,md
dkbwPpPJCLo,user_74737e78b50a,False,1728172800,0,negatif,0.9541,positif,tanpa_emoji,negatif,md
dkbwPpPJCLo,user_3268bc07be3b,False,1728172800,0,positif,0.4768,netral,tanpa_emoji,positif,md
dkbwPpPJCLo,user_696f993a1bd7,False,1728172800,0,netral,0.8618,netral,tanpa_emoji,netral,md
dkbwPpPJCLo,user_a1bd9fb024b4,False,1728172800,1,positif,0.7271,netral,tanpa_emoji,positif,md
dkbwPpPJCLo,user_97a150daf99d,False,1728172800,0,negatif,0.7849,netral,tanpa_emoji,negatif,md
dkbwPpPJCLo,user_f9ce777e4bd3,False,1728172800,0,positif,0.9605,netral,tanpa_emoji,positif,md
dkbwPpPJCLo,user_aa44e3772a30,False,1728172800,1,negatif,0.8992,negatif,tanpa_emoji,negatif,md
dkbwPpPJCLo,user_dfaff592ab00,False,1728172800,1,negatif,0.9978,negatif,tanpa_emoji,negatif,md
dkbwPpPJCLo,user_b5572b1d4e79,False,1728172800,0,negatif,0.9776,negatif,netral,negatif,md
dkbwPpPJCLo,user_a9d8b3be22bc,False,1728172800,0,negatif,0.9937,netral,tanpa_emoji,negatif,md
dkbwPpPJCLo,user_a9d8b3be22bc,False,1728172800,0,negatif,0.9937,netral,tanpa_emoji,negatif,md
dkbwPpPJCLo,user_8d84d8841f19,False,1728172800,0,negatif,0.6196,netral,tanpa_emoji,negatif,md
dkbwPpPJCLo,user_8d84d8841f19,False,1728172800,0,negatif,0.9782,netral,tanpa_emoji,negatif,md
dkbwPpPJCLo,user_fcab7ba472a1,False,1728172800,1,netral,0.5739,netral,tanpa_emoji,netral,md
dkbwPpPJCLo,user_2a2dfb4d2416,False,1728172800,1,negatif,0.8727,netral,tanpa_emoji,negatif,md
dkbwPpPJCLo,user_1ebd6332406e,False,1728172800,2,negatif,0.8181,netral,tanpa_emoji,negatif,md
dkbwPpPJCLo,user_47a7ad3ecb30,False,1728172800,3,positif,0.8581,positif,tanpa_emoji,positif,md
dkbwPpPJCLo,user_1ba572727f4b,False,1728172800,2,negatif,0.9399,positif,netral,negatif,md
dkbwPpPJCLo,user_7e6ac70d20be,True,1759708800,0,negatif,0.9954,netral,tanpa_emoji,negatif,md
dkbwPpPJCLo,user_1567c587a754,False,1728172800,2,negatif,0.9057,netral,netral,netral,md
dkbwPpPJCLo,user_b4aa7c14a078,False,1728172800,2,negatif,0.9993,negatif,tanpa_emoji,negatif,md
dkbwPpPJCLo,user_872800f298d9,False,1728172800,2,positif,0.7955,netral,tanpa_emoji,positif,md
dkbwPpPJCLo,user_83672302743a,False,1728172800,2,positif,0.5224,positif,netral,positif,md
dkbwPpPJCLo,user_0e3de42b807b,False,1728172800,2,negatif,0.5201,positif,tanpa_emoji,negatif,md
dkbwPpPJCLo,user_155586fa6ec6,False,1728172800,2,negatif,0.8717,netral,tanpa_emoji,negatif,md
dkbwPpPJCLo,user_87a28c522e26,False,1728172800,1,positif,0.9526,positif,tanpa_emoji,positif,md
dkbwPpPJCLo,user_64cf150ec648,False,1728172800,0,negatif,0.4499,negatif,tanpa_emoji,negatif,md
dkbwPpPJCLo,user_e81569f62098,False,1728172800,0,negatif,0.6751,netral,tanpa_emoji,negatif,md
dkbwPpPJCLo,user_a981a2812f3f,False,1728172800,0,negatif,0.9866,netral,netral,netral,md
dkbwPpPJCLo,user_32bce6d39baf,False,1728172800,0,negatif,0.5719,positif,tanpa_emoji,negatif,md
dkbwPpPJCLo,user_46bb600a1827,False,1728172800,0,negatif,0.8989,netral,tanpa_emoji,negatif,md
dkbwPpPJCLo,user_63d6e814eeb6,False,1728172800,0,positif,0.88,netral,tanpa_emoji,positif,md
dkbwPpPJCLo,user_ad4a22b1cc6c,False,1728172800,0,negatif,0.5349,netral,tanpa_emoji,negatif,md
dkbwPpPJCLo,user_513bb74e40ae,False,1728172800,0,positif,0.9759,positif,positif,positif,md
dkbwPpPJCLo,user_ae961214128c,False,1728172800,2,negatif,0.8969,negatif,netral,negatif,md
dkbwPpPJCLo,user_7148ef93890f,True,1728172800,0,negatif,0.9545,negatif,tanpa_emoji,negatif,md
dkbwPpPJCLo,user_0ed615ce0809,False,1728172800,0,positif,0.992,positif,tanpa_emoji,positif,md
dkbwPpPJCLo,user_e4903a43cd5e,False,1728172800,2,positif,0.9098,positif,tanpa_emoji,positif,md
dkbwPpPJCLo,user_be719c6df77f,False,1728172800,0,negatif,0.9933,netral,netral,netral,md
dkbwPpPJCLo,user_5503676b679f,False,1728172800,0,negatif,0.7846,positif,positif,positif,md
dkbwPpPJCLo,user_168253b3508e,False,1728172800,0,negatif,0.9747,netral,tanpa_emoji,negatif,md
dkbwPpPJCLo,user_fd5e87afa79c,False,1728172800,0,negatif,0.6232,netral,netral,negatif,md
dkbwPpPJCLo,user_290a425f74a9,False,1728172800,0,negatif,0.9981,negatif,tanpa_emoji,negatif,md
dkbwPpPJCLo,user_f84325d03b88,False,1728172800,2,negatif,0.9955,positif,tanpa_emoji,negatif,md
dkbwPpPJCLo,user_7fff058886dd,True,1728172800,1,positif,0.7488,netral,tanpa_emoji,positif,md
dkbwPpPJCLo,user_3d0c5f4ead83,True,1728172800,0,netral,0.9238,netral,tanpa_emoji,netral,md
dkbwPpPJCLo,user_7e6ac70d20be,True,1759708800,0,negatif,0.7641,positif,tanpa_emoji,negatif,md
dkbwPpPJCLo,user_3ac9dea17464,False,1728172800,0,negatif,0.9386,positif,tanpa_emoji,negatif,md
dkbwPpPJCLo,user_2c12fbb0201b,False,1728172800,0,negatif,0.9965,netral,tanpa_emoji,negatif,md
dkbwPpPJCLo,user_e96b2fb935ef,False,1728172800,1,positif,0.9344,netral,tanpa_emoji,positif,md
dkbwPpPJCLo,user_52f867a52398,False,1728172800,0,positif,0.9877,netral,netral,positif,md
dkbwPpPJCLo,user_bfaaf6ea6cd8,True,1728172800,0,negatif,0.7266,netral,tanpa_emoji,negatif,md
dkbwPpPJCLo,user_7148ef93890f,True,1728172800,0,negatif,0.7278,netral,tanpa_emoji,negatif,md
dkbwPpPJCLo,user_c8dd4cbac822,False,1728172800,0,negatif,0.543,netral,tanpa_emoji,negatif,md
dkbwPpPJCLo,user_40e3cebf2b87,False,1728172800,0,negatif,0.8324,positif,tanpa_emoji,negatif,md
dkbwPpPJCLo,user_9e86b768dc50,False,1728172800,0,positif,0.9869,positif,tanpa_emoji,positif,md
dkbwPpPJCLo,user_6a5c94b9a261,False,1728172800,0,netral,0.9591,netral,tanpa_emoji,netral,md
dkbwPpPJCLo,user_e512d7fe5633,False,1728172800,1,netral,0.8883,netral,tanpa_emoji,netral,md
dkbwPpPJCLo,user_131b9c12f8af,False,1728172800,0,negatif,0.998,negatif,netral,negatif,md
dkbwPpPJCLo,user_f0d6257bdbc9,False,1728172800,0,positif,0.9825,positif,tanpa_emoji,positif,md
dkbwPpPJCLo,user_fef9cb89dd4d,False,1728172800,0,negatif,0.9604,netral,tanpa_emoji,negatif,md
dkbwPpPJCLo,user_7657575bd340,False,1728172800,0,netral,0.3663,netral,tanpa_emoji,netral,md
dkbwPpPJCLo,user_ae300574112d,False,1728172800,0,negatif,0.747,netral,tanpa_emoji,negatif,md
dkbwPpPJCLo,user_b063448ec85b,False,1728172800,2,negatif,0.9688,netral,tanpa_emoji,negatif,md
dkbwPpPJCLo,user_6f1dd5949840,False,1728172800,2,negatif,0.9987,netral,negatif,negatif,md
dkbwPpPJCLo,user_d529f3537cbf,False,1728172800,0,negatif,0.7885,netral,netral,negatif,md
dkbwPpPJCLo,user_b5dfec141b15,False,1728172800,0,negatif,0.9989,negatif,tanpa_emoji,negatif,md
dkbwPpPJCLo,user_199fd8ad37c6,False,1728172800,0,negatif,0.9245,positif,tanpa_emoji,negatif,md
dkbwPpPJCLo,user_6eedf8cba8bf,False,1728172800,0,negatif,0.5832,netral,tanpa_emoji,negatif,md
dkbwPpPJCLo,user_13ed98831d75,False,1728172800,0,negatif,0.9865,negatif,netral,negatif,md
dkbwPpPJCLo,user_18267fa814f8,False,1728172800,0,positif,0.9446,positif,positif,positif,md
dkbwPpPJCLo,user_a83a4eafddfe,False,1728172800,0,negatif,0.9732,netral,tanpa_emoji,negatif,md
dkbwPpPJCLo,user_7d764cb9de7b,False,1728172800,0,positif,0.9714,positif,positif,positif,md
dkbwPpPJCLo,user_126ad0088893,False,1728172800,0,negatif,0.6039,netral,tanpa_emoji,negatif,md
dkbwPpPJCLo,user_7dc1ebbac13a,True,1728172800,0,negatif,0.9631,netral,tanpa_emoji,negatif,md
dkbwPpPJCLo,user_1780d39a7be0,False,1728172800,0,positif,0.6698,negatif,tanpa_emoji,positif,md
dkbwPpPJCLo,user_4f68a55fdc81,False,1728172800,0,negatif,0.9115,netral,tanpa_emoji,negatif,md
dkbwPpPJCLo,user_153afc27cd9f,False,1728172800,1,negatif,0.6134,negatif,tanpa_emoji,negatif,md
dkbwPpPJCLo,user_b347b3acd571,False,1728172800,0,negatif,0.5183,positif,positif,positif,md
dkbwPpPJCLo,user_638b409aa901,False,1728172800,0,positif,0.9439,positif,tanpa_emoji,positif,md
dkbwPpPJCLo,user_9a6b106f552c,False,1728172800,0,negatif,0.9447,netral,tanpa_emoji,negatif,md
dkbwPpPJCLo,user_ba9f5f86a25e,False,1728172800,0,negatif,0.612,netral,tanpa_emoji,negatif,md
dkbwPpPJCLo,user_7b1cead4579e,True,1728172800,0,negatif,0.5979,netral,tanpa_emoji,negatif,md
dkbwPpPJCLo,user_5835265b8e6d,False,1728172800,0,netral,0.8966,netral,tanpa_emoji,netral,md
dkbwPpPJCLo,user_79935c6ee419,False,1728172800,0,positif,0.9948,positif,netral,positif,md
dkbwPpPJCLo,user_a0874c884076,False,1728172800,0,negatif,0.6071,netral,tanpa_emoji,negatif,md
dkbwPpPJCLo,user_7a0234278953,False,1728172800,1,positif,0.9964,positif,positif,positif,md
dkbwPpPJCLo,user_12707bfc9553,False,1728172800,0,positif,0.8469,netral,netral,positif,md
dkbwPpPJCLo,user_ccc0c3c9b40e,False,1728172800,0,positif,0.9029,positif,tanpa_emoji,positif,md
dkbwPpPJCLo,user_610bedef0272,False,1728172800,1,positif,0.7704,positif,tanpa_emoji,positif,md
dkbwPpPJCLo,user_45bf83028d3f,False,1728172800,0,negatif,0.9856,positif,positif,positif,md
dkbwPpPJCLo,user_7dff2ec69ef4,False,1728172800,0,negatif,0.9985,negatif,tanpa_emoji,negatif,md
dkbwPpPJCLo,user_019a21792ce3,False,1728172800,0,negatif,0.9117,netral,tanpa_emoji,negatif,md
dkbwPpPJCLo,user_67959debaccb,False,1728172800,1,positif,0.9979,positif,tanpa_emoji,positif,md
dkbwPpPJCLo,user_987995624515,False,1728172800,0,positif,0.6113,positif,tanpa_emoji,positif,md
dkbwPpPJCLo,user_2822181712df,False,1728172800,1,negatif,0.9662,positif,netral,negatif,md
dkbwPpPJCLo,user_db993ba009da,False,1728172800,0,negatif,0.67,netral,tanpa_emoji,negatif,md
dkbwPpPJCLo,user_db993ba009da,True,1728172800,0,netral,0.5413,netral,tanpa_emoji,netral,md
dkbwPpPJCLo,user_b392e33ae77d,False,1728172800,0,negatif,0.9605,netral,netral,negatif,md
dkbwPpPJCLo,user_3b7a67ed247d,False,1728172800,0,positif,0.9428,positif,tanpa_emoji,positif,md
dkbwPpPJCLo,user_6095c4e7ada5,False,1728172800,0,netral,0.8557,negatif,tanpa_emoji,netral,md
dkbwPpPJCLo,user_33bdb28c6b82,False,1728172800,0,negatif,0.747,positif,tanpa_emoji,negatif,md
dkbwPpPJCLo,user_4d59d3d597d1,False,1728172800,0,negatif,0.8717,netral,tanpa_emoji,negatif,md
dkbwPpPJCLo,user_40b79b25ef13,False,1728172800,0,negatif,0.6702,netral,tanpa_emoji,negatif,md
dkbwPpPJCLo,user_a267f3e7fc9c,False,1728172800,0,positif,0.9745,positif,tanpa_emoji,positif,md
dkbwPpPJCLo,user_803fc673b9f9,False,1728172800,0,negatif,0.9662,netral,tanpa_emoji,negatif,md
dkbwPpPJCLo,user_3f01cfe70091,False,1728172800,1,positif,0.9953,positif,netral,positif,md
dkbwPpPJCLo,user_a84a717854c6,False,1728172800,0,negatif,0.9775,positif,netral,negatif,md
dkbwPpPJCLo,user_28a7b8fa0d2d,False,1728172800,0,negatif,0.9075,negatif,netral,negatif,md
dkbwPpPJCLo,user_5a1ce1b082a3,False,1728172800,1,netral,0.54,netral,tanpa_emoji,netral,md
dkbwPpPJCLo,user_6137005eb3c0,False,1728172800,1,negatif,0.5064,netral,netral,negatif,md
dkbwPpPJCLo,user_5b9cff99f4c2,False,1728172800,1,netral,0.533,netral,tanpa_emoji,netral,md
dkbwPpPJCLo,user_102738bc66e1,False,1728172800,1,negatif,0.9968,netral,netral,negatif,md
dkbwPpPJCLo,user_b5389027acd1,False,1728172800,1,negatif,0.6582,positif,netral,negatif,md
dkbwPpPJCLo,user_3ac6f23b70c9,False,1728172800,1,negatif,0.3714,netral,tanpa_emoji,negatif,md
dkbwPpPJCLo,user_a3f10367fd58,False,1728172800,1,negatif,0.5727,netral,tanpa_emoji,negatif,md
dkbwPpPJCLo,user_4b992b83d60d,False,1728172800,1,negatif,0.9229,netral,tanpa_emoji,negatif,md
dkbwPpPJCLo,user_aa9ce760ea89,False,1728172800,2,negatif,0.6819,netral,tanpa_emoji,negatif,md
dkbwPpPJCLo,user_3e2e1e2773b9,False,1728172800,1,negatif,0.6472,netral,tanpa_emoji,negatif,md
dkbwPpPJCLo,user_b5d0051c7a80,True,1728172800,1,negatif,0.5259,netral,tanpa_emoji,negatif,md
dkbwPpPJCLo,user_ab57c273f8d9,False,1728172800,2,positif,0.9663,positif,tanpa_emoji,positif,md
dkbwPpPJCLo,user_268a8e6a7e26,False,1728172800,2,negatif,0.9972,negatif,tanpa_emoji,negatif,md
dkbwPpPJCLo,user_be4e972dc373,True,1728172800,2,negatif,0.8487,netral,tanpa_emoji,negatif,md
dkbwPpPJCLo,user_be4e972dc373,True,1728172800,2,positif,0.6614,netral,tanpa_emoji,positif,md
dkbwPpPJCLo,user_3cb2fc942539,False,1728172800,1,negatif,0.545,positif,tanpa_emoji,negatif,md
dkbwPpPJCLo,user_7148ef93890f,True,1728172800,0,positif,0.4612,netral,tanpa_emoji,positif,md
dkbwPpPJCLo,user_17ce6571b59e,False,1728172800,1,negatif,0.9989,negatif,tanpa_emoji,negatif,md
dkbwPpPJCLo,user_703ad30de8f4,False,1728172800,2,positif,0.9968,positif,positif,positif,md
dkbwPpPJCLo,user_8225db7db8f2,False,1728172800,1,negatif,0.5588,positif,tanpa_emoji,negatif,md
dkbwPpPJCLo,user_96b21c279d4c,False,1728172800,1,netral,0.6517,netral,tanpa_emoji,netral,md
dkbwPpPJCLo,user_40bdb97a66e1,False,1728172800,1,negatif,0.753,positif,tanpa_emoji,negatif,md
dkbwPpPJCLo,user_994ef7ab9b9d,False,1728172800,2,negatif,0.9968,netral,negatif,negatif,md
dkbwPpPJCLo,user_8684533cb804,False,1728172800,2,negatif,0.636,positif,tanpa_emoji,negatif,md
dkbwPpPJCLo,user_7f85ec4f9b53,False,1728172800,2,negatif,0.9963,netral,netral,negatif,md
dkbwPpPJCLo,user_be4e972dc373,True,1728172800,2,netral,0.9038,netral,tanpa_emoji,netral,md
dkbwPpPJCLo,user_2c4b18175f30,False,1728172800,2,positif,0.9894,positif,tanpa_emoji,positif,md
dkbwPpPJCLo,user_80074765fa2a,False,1728172800,1,positif,0.9054,netral,tanpa_emoji,positif,md
dkbwPpPJCLo,user_1ec361b65b80,False,1728172800,2,negatif,0.682,positif,tanpa_emoji,negatif,md
dkbwPpPJCLo,user_79f5e24e91b4,False,1728172800,6,negatif,0.9807,netral,tanpa_emoji,negatif,md
dkbwPpPJCLo,user_a84a717854c6,True,1728172800,0,negatif,0.9822,positif,netral,negatif,md
dkbwPpPJCLo,user_8134b2951c1c,False,1728172800,1,negatif,0.946,netral,tanpa_emoji,negatif,md
dkbwPpPJCLo,user_c694961bc099,True,1728172800,1,netral,0.946,netral,tanpa_emoji,netral,md
dkbwPpPJCLo,user_8134b2951c1c,True,1728172800,1,negatif,0.9391,negatif,tanpa_emoji,negatif,md
dkbwPpPJCLo,user_e96dc055b69c,False,1728172800,1,positif,0.7404,positif,tanpa_emoji,positif,md
dkbwPpPJCLo,user_08e3eb173a9f,False,1728172800,1,positif,0.7418,positif,tanpa_emoji,positif,md
dkbwPpPJCLo,user_ff448f4104e0,False,1728172800,1,netral,0.9262,netral,tanpa_emoji,netral,md
dkbwPpPJCLo,user_5192b94e83d6,False,1728172800,1,negatif,0.991,positif,tanpa_emoji,negatif,md
dkbwPpPJCLo,user_aeade0eb06da,False,1728172800,1,positif,0.9874,positif,tanpa_emoji,positif,md
dkbwPpPJCLo,user_2b9f5712bb4a,False,1728172800,1,positif,0.9891,positif,positif,positif,md
dkbwPpPJCLo,user_bcc4213d6d55,False,1728172800,1,negatif,0.8875,positif,tanpa_emoji,negatif,md
dkbwPpPJCLo,user_1d90798d4d91,False,1728172800,1,netral,0.7822,netral,tanpa_emoji,netral,md
dkbwPpPJCLo,user_c694961bc099,True,1728172800,1,netral,0.8609,netral,tanpa_emoji,netral,md
dkbwPpPJCLo,user_658601b99d8b,False,1728172800,1,positif,0.9953,netral,tanpa_emoji,positif,md
dkbwPpPJCLo,user_240f68ad3db7,False,1728172800,1,positif,0.852,positif,positif,positif,md
dkbwPpPJCLo,user_fa319a2307be,False,1728172800,2,negatif,0.8439,netral,tanpa_emoji,negatif,md
dkbwPpPJCLo,user_201da8d431f5,False,1728172800,1,negatif,0.9976,positif,netral,negatif,md
dkbwPpPJCLo,user_ce66d7b3f2ac,False,1728172800,1,negatif,0.8392,netral,tanpa_emoji,negatif,md
dkbwPpPJCLo,user_c694961bc099,True,1728172800,1,negatif,0.9219,netral,tanpa_emoji,negatif,md
dkbwPpPJCLo,user_1cb5b3999c04,False,1728172800,1,netral,0.7145,netral,tanpa_emoji,netral,md
dkbwPpPJCLo,user_7f6cdb17ba04,False,1728172800,1,negatif,0.9985,negatif,netral,negatif,md
dkbwPpPJCLo,user_74bca5e4d42d,False,1728172800,1,positif,0.9613,positif,tanpa_emoji,positif,md
dkbwPpPJCLo,user_f05b3bbe9638,False,1728172800,1,negatif,0.5435,positif,tanpa_emoji,negatif,md
dkbwPpPJCLo,user_3609afe16c83,False,1728172800,1,positif,0.9737,positif,positif,positif,md
dkbwPpPJCLo,user_e71cd28aa06e,False,1728172800,1,negatif,0.5732,negatif,netral,negatif,md
dkbwPpPJCLo,user_0176a4bfd649,False,1728172800,1,positif,0.9034,positif,tanpa_emoji,positif,md
dkbwPpPJCLo,user_a17fc136b3b3,False,1728172800,1,negatif,0.9962,netral,tanpa_emoji,negatif,md
dkbwPpPJCLo,user_c1bb7cf81224,False,1728172800,1,positif,0.9982,positif,netral,positif,md
dkbwPpPJCLo,user_fb9f1f26e5ad,False,1728172800,1,negatif,0.749,negatif,netral,negatif,md
dkbwPpPJCLo,user_825102e3b3f8,False,1728172800,1,negatif,0.7933,netral,tanpa_emoji,negatif,md
dkbwPpPJCLo,user_7c4b6289e3d6,False,1728172800,1,positif,0.9668,netral,tanpa_emoji,positif,md
dkbwPpPJCLo,user_3ca9f285c81c,False,1728172800,1,negatif,0.9952,positif,tanpa_emoji,negatif,md
dkbwPpPJCLo,user_5703a63f93a9,False,1728172800,2,positif,0.6811,positif,tanpa_emoji,positif,md
dkbwPpPJCLo,user_e2819991edc7,False,1728172800,1,negatif,0.6094,netral,tanpa_emoji,negatif,md
dkbwPpPJCLo,user_b052911e6450,False,1728172800,3,negatif,0.9002,positif,positif,negatif,md
dkbwPpPJCLo,user_3a36b3805205,False,1728172800,1,netral,0.5962,netral,tanpa_emoji,netral,md
dkbwPpPJCLo,user_f71942144a35,True,1728172800,1,negatif,0.7655,netral,tanpa_emoji,negatif,md
dkbwPpPJCLo,user_c694961bc099,True,1728172800,1,negatif,0.5741,netral,tanpa_emoji,negatif,md
dkbwPpPJCLo,user_33d106737de5,False,1728172800,1,negatif,0.9787,netral,tanpa_emoji,negatif,md
dkbwPpPJCLo,user_9a91a0851b59,False,1728172800,1,positif,0.8739,negatif,tanpa_emoji,positif,md
dkbwPpPJCLo,user_29243ae9b78e,False,1728172800,2,positif,0.9914,positif,tanpa_emoji,positif,md
dkbwPpPJCLo,user_8a9948b20ce6,False,1728172800,1,negatif,0.9739,netral,tanpa_emoji,negatif,md
dkbwPpPJCLo,user_09081fdfb2e5,True,1728172800,0,positif,0.95,positif,tanpa_emoji,positif,md
dkbwPpPJCLo,user_4a37f995cfe6,True,1728172800,0,netral,0.5658,netral,tanpa_emoji,netral,md
dkbwPpPJCLo,user_cecd6e6d4d23,False,1728172800,2,positif,0.6744,positif,tanpa_emoji,positif,md
dkbwPpPJCLo,user_fa319a2307be,True,1728172800,1,netral,0.8379,netral,tanpa_emoji,netral,md
dkbwPpPJCLo,user_343e9a850328,False,1728172800,1,netral,0.6991,netral,netral,netral,md
dkbwPpPJCLo,user_6e059972b4b7,False,1728172800,1,negatif,0.9857,negatif,tanpa_emoji,negatif,md
dkbwPpPJCLo,user_63da99b962d4,False,1728172800,1,positif,0.5782,positif,tanpa_emoji,positif,md
dkbwPpPJCLo,user_f08b3b7141e4,False,1728172800,1,negatif,0.9703,netral,tanpa_emoji,negatif,md
dkbwPpPJCLo,user_00595781f2e3,True,1728172800,2,netral,0.6291,netral,tanpa_emoji,netral,md
dkbwPpPJCLo,user_c694961bc099,True,1728172800,1,negatif,0.9979,netral,tanpa_emoji,negatif,md
dkbwPpPJCLo,user_ce8168b7a509,False,1728172800,1,negatif,0.9981,negatif,tanpa_emoji,negatif,md
dkbwPpPJCLo,user_c694961bc099,True,1728172800,1,negatif,0.9915,netral,tanpa_emoji,negatif,md
dkbwPpPJCLo,user_5688bbd461ae,False,1728172800,1,negatif,0.9968,netral,tanpa_emoji,negatif,md
dkbwPpPJCLo,user_5462db432349,False,1728172800,1,negatif,0.9895,netral,tanpa_emoji,negatif,md
dkbwPpPJCLo,user_515cbd9f36cb,False,1728172800,9,positif,0.9961,positif,tanpa_emoji,positif,md
dkbwPpPJCLo,user_badce18fdb73,False,1728172800,1,positif,0.5817,positif,tanpa_emoji,positif,md
dkbwPpPJCLo,user_f94b5ec1ed22,False,1728172800,1,netral,0.9906,netral,tanpa_emoji,netral,md
dkbwPpPJCLo,user_f47ab7d85b48,False,1728172800,1,negatif,0.5757,netral,tanpa_emoji,negatif,md
dkbwPpPJCLo,user_00595781f2e3,True,1728172800,2,positif,0.6641,positif,tanpa_emoji,positif,md
dkbwPpPJCLo,user_ef0650e32fc3,True,1728172800,1,negatif,0.9985,negatif,tanpa_emoji,negatif,md
dkbwPpPJCLo,user_ca1ea567bcf4,False,1728172800,0,negatif,0.9637,netral,tanpa_emoji,negatif,md
dkbwPpPJCLo,user_33b0320b852a,False,1728172800,1,positif,0.7655,positif,tanpa_emoji,positif,md
dkbwPpPJCLo,user_73cef0f65afe,False,1728172800,1,negatif,0.9993,negatif,tanpa_emoji,negatif,md
dkbwPpPJCLo,user_a7dac8f03f1c,False,1728172800,2,negatif,0.5793,netral,netral,negatif,md
dkbwPpPJCLo,user_cd8f04b2be0b,True,1728172800,1,negatif,0.6391,netral,tanpa_emoji,negatif,md
dkbwPpPJCLo,user_3b70475315f2,True,1728172800,0,negatif,0.7404,netral,tanpa_emoji,negatif,md
dkbwPpPJCLo,user_237d9f0b6a24,True,1759708800,0,negatif,0.9438,netral,tanpa_emoji,negatif,md
dkbwPpPJCLo,user_50e068c591c9,False,1728172800,4,negatif,0.6828,positif,tanpa_emoji,negatif,md
dkbwPpPJCLo,user_bb50f8e63aea,False,1728172800,6,positif,0.9846,netral,tanpa_emoji,positif,md
dkbwPpPJCLo,user_0f49344e8ea9,True,1728172800,1,netral,0.6352,netral,tanpa_emoji,netral,md
dkbwPpPJCLo,user_bb50f8e63aea,True,1728172800,1,positif,0.831,positif,tanpa_emoji,positif,md
dkbwPpPJCLo,user_316d7d93031d,True,1728172800,1,negatif,0.9577,negatif,tanpa_emoji,negatif,md
dkbwPpPJCLo,user_bb50f8e63aea,True,1728172800,0,negatif,0.7669,positif,tanpa_emoji,negatif,md
dkbwPpPJCLo,user_2414fd3f7bc6,False,1728172800,2,positif,0.9798,positif,positif,positif,md
dkbwPpPJCLo,user_4141240917f8,False,1728172800,4,positif,0.8616,negatif,tanpa_emoji,positif,md
dkbwPpPJCLo,user_794ae245ffda,False,1728172800,1,netral,0.995,netral,tanpa_emoji,netral,md
dkbwPpPJCLo,user_671b5f27298e,False,1728172800,1,positif,0.9786,positif,tanpa_emoji,positif,md
dkbwPpPJCLo,user_57efedb609e3,False,1728172800,0,negatif,0.8376,netral,netral,negatif,md
dkbwPpPJCLo,user_4e9a96872d2f,False,1728172800,0,negatif,0.7291,netral,tanpa_emoji,negatif,md
dkbwPpPJCLo,user_4d297a4ecdf6,False,1728172800,2,positif,0.9976,positif,tanpa_emoji,positif,md
dkbwPpPJCLo,user_e55b9dffa0ce,False,1728172800,2,positif,0.7495,netral,tanpa_emoji,positif,md
dkbwPpPJCLo,user_50e0359663a5,False,1728172800,2,negatif,0.5917,positif,positif,positif,md
dkbwPpPJCLo,user_7ba33b87936b,False,1728172800,3,negatif,0.9652,netral,netral,negatif,md
dkbwPpPJCLo,user_54ae438b0419,False,1728172800,14,positif,0.9446,positif,positif,positif,md
dkbwPpPJCLo,user_89ffc8dc23dc,False,1728172800,4,negatif,0.9948,netral,tanpa_emoji,negatif,md
dkbwPpPJCLo,user_34e89c94147d,False,1728172800,5,positif,0.9928,positif,tanpa_emoji,positif,md
dkbwPpPJCLo,user_0ec5e5f4c9f1,False,1728172800,0,negatif,0.9966,positif,tanpa_emoji,negatif,md
dkbwPpPJCLo,user_38099d3b9285,False,1728172800,1,positif,0.8291,positif,tanpa_emoji,positif,md
dkbwPpPJCLo,user_bfcd1ed3812c,False,1728172800,1,negatif,0.5962,positif,tanpa_emoji,negatif,md
dkbwPpPJCLo,user_242fe75111ff,False,1728172800,2,negatif,0.7653,positif,tanpa_emoji,negatif,md
dkbwPpPJCLo,user_f88792d2e88f,True,1728172800,1,negatif,0.9788,netral,tanpa_emoji,negatif,md
dkbwPpPJCLo,user_35ba0a49b28a,True,1728172800,1,negatif,0.9695,netral,netral,negatif,md
dkbwPpPJCLo,user_242fe75111ff,True,1728172800,1,netral,0.965,netral,tanpa_emoji,netral,md
dkbwPpPJCLo,user_bc1cd6f06fbc,True,1728172800,1,netral,0.9938,netral,tanpa_emoji,netral,md
dkbwPpPJCLo,user_02544b2eccc5,False,1728172800,0,netral,0.4654,netral,netral,netral,md
dkbwPpPJCLo,user_b898485e8d28,False,1728172800,3,positif,0.9203,negatif,tanpa_emoji,positif,md
dkbwPpPJCLo,user_d1b858e61956,True,1728172800,1,negatif,0.8559,netral,tanpa_emoji,negatif,md
dkbwPpPJCLo,user_d52a667b33bd,False,1728172800,1,positif,0.9947,positif,tanpa_emoji,positif,md
dkbwPpPJCLo,user_a2e9b799696f,False,1728172800,0,negatif,0.9402,netral,tanpa_emoji,negatif,md
dkbwPpPJCLo,user_93a4e5b5262a,False,1728172800,2,positif,0.9767,positif,tanpa_emoji,positif,md
dkbwPpPJCLo,user_a51cd789c0f8,False,1728172800,1,negatif,0.99,positif,netral,negatif,md
dkbwPpPJCLo,user_e3afcbbe16ff,False,1728172800,0,negatif,0.9979,netral,tanpa_emoji,negatif,md
dkbwPpPJCLo,user_382113aacc6c,False,1728172800,3,positif,0.9812,netral,netral,positif,md
dkbwPpPJCLo,user_e97eb437fb3d,False,1728172800,1,negatif,0.9631,positif,tanpa_emoji,negatif,md
dkbwPpPJCLo,user_202a42e251be,False,1728172800,1,positif,0.9054,netral,tanpa_emoji,positif,md
dkbwPpPJCLo,user_427289b0b051,False,1728172800,0,negatif,0.7032,positif,netral,negatif,md
dkbwPpPJCLo,user_427289b0b051,False,1728172800,0,negatif,0.7392,positif,netral,negatif,md
dkbwPpPJCLo,user_a07b504369b9,False,1728172800,0,negatif,0.9368,negatif,tanpa_emoji,negatif,md
dkbwPpPJCLo,user_ad3b3443e8e9,False,1728172800,1,negatif,0.5906,netral,tanpa_emoji,negatif,md
dkbwPpPJCLo,user_5a5088898593,False,1728172800,1,negatif,0.9209,negatif,tanpa_emoji,negatif,md
dkbwPpPJCLo,user_e278a59e1aa1,False,1728172800,1,negatif,0.9898,netral,netral,negatif,md
dkbwPpPJCLo,user_cb7ae9b240e8,False,1728172800,3,positif,0.9179,positif,positif,positif,md
dkbwPpPJCLo,user_7330715bd733,False,1728172800,0,negatif,0.9725,netral,tanpa_emoji,negatif,md
dkbwPpPJCLo,user_3a0c2e8a1c96,True,1728172800,0,negatif,0.9832,netral,tanpa_emoji,negatif,md
dkbwPpPJCLo,user_9ae201fe9631,True,1728172800,0,negatif,0.9132,netral,tanpa_emoji,negatif,md
dkbwPpPJCLo,user_1e297ad4642d,False,1728172800,0,negatif,0.7457,netral,tanpa_emoji,negatif,md
dkbwPpPJCLo,user_be522e65ab9d,False,1728172800,1,negatif,0.9944,positif,positif,negatif,md
dkbwPpPJCLo,user_374f550d4566,False,1728172800,1,negatif,0.8558,positif,positif,negatif,md
dkbwPpPJCLo,user_286f90ef8078,False,1728172800,1,negatif,0.999,negatif,tanpa_emoji,negatif,md
dkbwPpPJCLo,user_1b17ab461a0f,False,1728172800,1,negatif,0.9706,netral,tanpa_emoji,negatif,md
dkbwPpPJCLo,user_515cbd9f36cb,False,1728172800,2,negatif,0.9698,positif,tanpa_emoji,negatif,md
dkbwPpPJCLo,user_58ee046a0a5c,False,1728172800,1,negatif,0.9933,positif,positif,negatif,md
dkbwPpPJCLo,user_020bb05510ed,False,1728172800,0,negatif,0.8933,negatif,tanpa_emoji,negatif,md
dkbwPpPJCLo,user_3a0c2e8a1c96,True,1728172800,0,negatif,0.967,netral,tanpa_emoji,negatif,md
dkbwPpPJCLo,user_db0a633adfba,False,1728172800,0,negatif,0.6628,netral,netral,negatif,md
dkbwPpPJCLo,user_a51cd789c0f8,False,1728172800,1,netral,0.7891,positif,positif,netral,md
dkbwPpPJCLo,user_ad8deac73513,False,1728172800,3,negatif,0.9439,positif,positif,negatif,md
dkbwPpPJCLo,user_e7e7f5ce2c4a,False,1728172800,0,negatif,0.6298,netral,tanpa_emoji,negatif,md
dkbwPpPJCLo,user_d5ddda1a2f9c,True,1728172800,0,negatif,0.7386,netral,tanpa_emoji,negatif,md
dkbwPpPJCLo,user_3a0c2e8a1c96,False,1728172800,5,positif,0.4654,netral,tanpa_emoji,positif,md
dkbwPpPJCLo,user_7c591bccef72,False,1728172800,0,negatif,0.986,netral,tanpa_emoji,negatif,md
dkbwPpPJCLo,user_d5ddda1a2f9c,True,1728172800,0,negatif,0.9156,netral,tanpa_emoji,negatif,md
dkbwPpPJCLo,user_8dfbe436bafd,False,1728172800,2,positif,0.9972,positif,positif,positif,md
dkbwPpPJCLo,user_a42a287c2164,False,1728172800,1,negatif,0.9437,netral,tanpa_emoji,negatif,md
dkbwPpPJCLo,user_787a0e8c4892,False,1728172800,2,negatif,0.994,netral,tanpa_emoji,negatif,md
dkbwPpPJCLo,user_5d1f66ef074a,False,1728172800,0,negatif,0.9932,netral,tanpa_emoji,negatif,md
dkbwPpPJCLo,user_15183fd56055,False,1728172800,0,negatif,0.7391,netral,tanpa_emoji,negatif,md
dkbwPpPJCLo,user_3a0c2e8a1c96,True,1728172800,0,netral,0.559,netral,tanpa_emoji,netral,md
dkbwPpPJCLo,user_18de07ca968a,False,1728172800,0,negatif,0.8905,netral,tanpa_emoji,negatif,md
dkbwPpPJCLo,user_81dc83f535a9,False,1728172800,3,positif,0.712,positif,netral,positif,md
dkbwPpPJCLo,user_d5ddda1a2f9c,True,1728172800,1,positif,0.5639,netral,tanpa_emoji,positif,md
dkbwPpPJCLo,user_c90a73b1b700,False,1728172800,0,positif,0.6703,positif,positif,positif,md
dkbwPpPJCLo,user_1d1fa0099bbe,False,1728172800,1,negatif,0.998,negatif,tanpa_emoji,negatif,md
dkbwPpPJCLo,user_111d97d5be44,False,1728172800,1,positif,0.935,positif,tanpa_emoji,positif,md
dkbwPpPJCLo,user_080342ef1e7c,False,1728172800,1,positif,0.8295,positif,tanpa_emoji,positif,md
dkbwPpPJCLo,user_bd2ed9763fe2,False,1728172800,1,positif,0.9949,positif,tanpa_emoji,positif,md
dkbwPpPJCLo,user_d29554f808c8,False,1728172800,0,positif,0.5439,netral,netral,positif,md
dkbwPpPJCLo,user_7378dc50292f,False,1728172800,1,negatif,0.6961,netral,tanpa_emoji,negatif,md
dkbwPpPJCLo,user_62f9c845ba0b,False,1728172800,1,negatif,0.5361,netral,tanpa_emoji,negatif,md
dkbwPpPJCLo,user_50edffe51636,False,1728172800,0,negatif,0.9516,netral,tanpa_emoji,negatif,md
dkbwPpPJCLo,user_394d2b2d85f1,False,1728172800,1,negatif,0.8531,positif,positif,negatif,md
dkbwPpPJCLo,user_cfc6bd3576c3,False,1728172800,1,positif,0.5017,netral,tanpa_emoji,positif,md
dkbwPpPJCLo,user_281d28015122,True,1728172800,1,positif,0.9581,positif,tanpa_emoji,positif,md
dkbwPpPJCLo,user_cfc6bd3576c3,True,1728172800,1,netral,0.8391,netral,tanpa_emoji,netral,md
dkbwPpPJCLo,user_dc3a0f5cac5d,False,1728172800,1,negatif,0.4674,netral,netral,negatif,md
dkbwPpPJCLo,user_0db726c4be90,False,1728172800,1,negatif,0.5483,positif,tanpa_emoji,negatif,md
dkbwPpPJCLo,user_e66e0293a9d2,False,1728172800,0,negatif,0.9889,positif,tanpa_emoji,negatif,md
dkbwPpPJCLo,user_2a344febda21,False,1728172800,2,negatif,0.9636,positif,tanpa_emoji,negatif,md
dkbwPpPJCLo,user_aba7ffcaef4d,False,1728172800,0,negatif,0.9701,negatif,tanpa_emoji,negatif,md
dkbwPpPJCLo,user_9d3204f6d2f3,False,1728172800,0,negatif,0.9498,negatif,negatif,negatif,md
dkbwPpPJCLo,user_e32000d98b54,True,1728172800,1,negatif,0.9757,netral,netral,negatif,md
dkbwPpPJCLo,user_bc1cd6f06fbc,True,1728172800,1,netral,0.9831,netral,tanpa_emoji,netral,md
dkbwPpPJCLo,user_127fffc138b2,False,1728172800,0,negatif,0.8877,netral,tanpa_emoji,negatif,md
dkbwPpPJCLo,user_231d93ebd910,True,1728172800,1,netral,0.9453,netral,tanpa_emoji,netral,md
dkbwPpPJCLo,user_127fffc138b2,True,1728172800,1,netral,0.8907,netral,tanpa_emoji,netral,md
dkbwPpPJCLo,user_3a0c2e8a1c96,True,1728172800,1,negatif,0.9494,netral,tanpa_emoji,negatif,md
dkbwPpPJCLo,user_7a7d0db0fd36,True,1728172800,1,negatif,0.8182,netral,tanpa_emoji,negatif,md
dkbwPpPJCLo,user_ca8d251a6c4a,False,1728172800,0,negatif,0.9233,netral,tanpa_emoji,negatif,md
dkbwPpPJCLo,user_ca8d251a6c4a,False,1728172800,0,negatif,0.9233,netral,tanpa_emoji,negatif,md
dkbwPpPJCLo,user_3c9305c6af05,False,1728172800,1,netral,0.5037,netral,tanpa_emoji,netral,md
dkbwPpPJCLo,user_7d34f1a26d0c,False,1728172800,0,negatif,0.9964,netral,tanpa_emoji,negatif,md
dkbwPpPJCLo,user_e65e388330b1,False,1728172800,0,positif,0.8529,netral,tanpa_emoji,positif,md
dkbwPpPJCLo,user_abb893c18c32,False,1728172800,1,negatif,0.9941,positif,netral,negatif,md
dkbwPpPJCLo,user_c9e705fc28db,False,1728172800,0,positif,0.9892,positif,tanpa_emoji,positif,md
dkbwPpPJCLo,user_bd4b0eb23530,False,1728172800,0,negatif,0.9893,negatif,netral,negatif,md
dkbwPpPJCLo,user_3a0c2e8a1c96,True,1728172800,1,negatif,0.9183,netral,tanpa_emoji,negatif,md
dkbwPpPJCLo,user_42ee7d2ebd41,True,1728172800,1,positif,0.8795,netral,tanpa_emoji,positif,md
dkbwPpPJCLo,user_bc1cd6f06fbc,True,1728172800,1,netral,0.9938,netral,tanpa_emoji,netral,md
dkbwPpPJCLo,user_1d6c2f7f0976,True,1728172800,0,netral,0.8978,netral,tanpa_emoji,netral,md
dkbwPpPJCLo,user_6a2d45b56253,True,1728172800,1,netral,0.9454,netral,tanpa_emoji,netral,md
dkbwPpPJCLo,user_bd4b0eb23530,True,1728172800,1,netral,0.8205,netral,tanpa_emoji,netral,md
dkbwPpPJCLo,user_1d6c2f7f0976,True,1728172800,1,negatif,0.9861,netral,tanpa_emoji,negatif,md
dkbwPpPJCLo,user_6a2d45b56253,True,1728172800,1,negatif,0.999,netral,tanpa_emoji,negatif,md
dkbwPpPJCLo,user_6a2d45b56253,True,1728172800,1,negatif,0.9927,positif,tanpa_emoji,negatif,md
dkbwPpPJCLo,user_1d6c2f7f0976,True,1728172800,1,negatif,0.9724,netral,tanpa_emoji,negatif,md
dkbwPpPJCLo,user_1d6c2f7f0976,True,1728172800,1,negatif,0.971,netral,tanpa_emoji,negatif,md
dkbwPpPJCLo,user_6a2d45b56253,True,1728172800,1,negatif,0.9954,negatif,tanpa_emoji,negatif,md
dkbwPpPJCLo,user_1d6c2f7f0976,True,1728172800,3,negatif,0.8863,netral,tanpa_emoji,negatif,md
dkbwPpPJCLo,user_ff9632d1994a,True,1728172800,2,netral,0.6815,positif,tanpa_emoji,netral,md
dkbwPpPJCLo,user_6a2d45b56253,True,1728172800,1,negatif,0.9391,netral,tanpa_emoji,negatif,md
dkbwPpPJCLo,user_1d6c2f7f0976,True,1728172800,1,negatif,0.9302,negatif,netral,negatif,md
dkbwPpPJCLo,user_6a2d45b56253,True,1728172800,1,negatif,0.9806,negatif,tanpa_emoji,negatif,md
dkbwPpPJCLo,user_1d6c2f7f0976,True,1728172800,1,negatif,0.9287,netral,positif,negatif,md
dkbwPpPJCLo,user_6a2d45b56253,True,1728172800,1,positif,0.5711,negatif,tanpa_emoji,positif,md
dkbwPpPJCLo,user_6a2d45b56253,True,1728172800,1,negatif,0.8878,netral,tanpa_emoji,negatif,md
dkbwPpPJCLo,user_1d6c2f7f0976,True,1728172800,1,negatif,0.9875,netral,positif,negatif,md
dkbwPpPJCLo,user_1d6c2f7f0976,True,1728172800,1,negatif,0.8914,netral,netral,negatif,md
dkbwPpPJCLo,user_1d6c2f7f0976,True,1728172800,1,negatif,0.8525,negatif,netral,negatif,md
dkbwPpPJCLo,user_6a2d45b56253,True,1728172800,1,negatif,0.973,negatif,tanpa_emoji,negatif,md
dkbwPpPJCLo,user_1d6c2f7f0976,True,1728172800,1,positif,0.9135,positif,positif,positif,md
dkbwPpPJCLo,user_6a2d45b56253,True,1728172800,1,netral,0.9892,netral,netral,netral,md
dkbwPpPJCLo,user_bd4b0eb23530,True,1728172800,0,netral,0.98,netral,tanpa_emoji,netral,md
dkbwPpPJCLo,user_6a2d45b56253,True,1728172800,1,negatif,0.9974,negatif,tanpa_emoji,negatif,md
dkbwPpPJCLo,user_bd4b0eb23530,True,1728172800,1,netral,0.9704,netral,tanpa_emoji,netral,md
dkbwPpPJCLo,user_368ea3a2aa9a,False,1728172800,0,negatif,0.6323,positif,tanpa_emoji,negatif,md
dkbwPpPJCLo,user_3a2fb15cd5f4,False,1728172800,0,negatif,0.6606,netral,tanpa_emoji,negatif,md
dkbwPpPJCLo,user_42ee7d2ebd41,True,1728172800,1,negatif,0.9413,netral,tanpa_emoji,negatif,md
dkbwPpPJCLo,user_ded11259878e,False,1728172800,0,negatif,0.9354,netral,netral,negatif,md
dkbwPpPJCLo,user_961f3d26d8d0,False,1728172800,0,negatif,0.9809,netral,netral,negatif,md
dkbwPpPJCLo,user_aa16b2870360,False,1728172800,0,netral,0.6471,netral,tanpa_emoji,netral,md
dkbwPpPJCLo,user_d84ad71f29a7,False,1728172800,1,negatif,0.9992,netral,tanpa_emoji,negatif,md
dkbwPpPJCLo,user_4976d29f2071,False,1728172800,76,positif,0.9955,netral,tanpa_emoji,positif,md
dkbwPpPJCLo,user_3886562d848c,True,1728172800,3,positif,0.7669,netral,tanpa_emoji,positif,md
dkbwPpPJCLo,user_63c300a0c87f,True,1728172800,3,negatif,0.9376,positif,tanpa_emoji,negatif,md
dkbwPpPJCLo,user_7a2e00d8a002,True,1728172800,1,positif,0.8924,positif,positif,positif,md
dkbwPpPJCLo,user_bd0430ecd4a7,True,1728172800,1,negatif,0.9764,netral,tanpa_emoji,negatif,md
dkbwPpPJCLo,user_63c300a0c87f,True,1728172800,2,positif,0.4474,netral,tanpa_emoji,positif,md
dkbwPpPJCLo,user_d4283d9f32e1,False,1728172800,0,positif,0.9887,negatif,netral,positif,md
dkbwPpPJCLo,user_07f799f2cbed,False,1728172800,0,negatif,0.9927,netral,netral,negatif,md
dkbwPpPJCLo,user_37a614cbd6aa,False,1728172800,1,negatif,0.7537,netral,tanpa_emoji,negatif,md
dkbwPpPJCLo,user_4e3764f2eafc,False,1728172800,0,negatif,0.9736,netral,tanpa_emoji,negatif,md
dkbwPpPJCLo,user_787cc8a7a5f4,False,1728172800,0,negatif,0.9991,netral,netral,negatif,md
dkbwPpPJCLo,user_57e74f42f202,True,1728172800,1,negatif,0.9569,netral,tanpa_emoji,negatif,md
dkbwPpPJCLo,user_57e74f42f202,True,1728172800,1,negatif,0.9561,netral,tanpa_emoji,negatif,md
dkbwPpPJCLo,user_2e022ca22c25,True,1728172800,0,negatif,0.9831,netral,tanpa_emoji,negatif,md
dkbwPpPJCLo,user_f9cdb6da5b1d,False,1728172800,0,negatif,0.6923,positif,tanpa_emoji,negatif,md
dkbwPpPJCLo,user_30e2cf07341a,False,1728172800,0,negatif,0.9875,netral,tanpa_emoji,negatif,md
dkbwPpPJCLo,user_4391c27653c6,False,1728172800,0,negatif,0.7373,netral,tanpa_emoji,negatif,md
dkbwPpPJCLo,user_2de11b5cd142,False,1728172800,1,negatif,0.9306,netral,tanpa_emoji,negatif,md
dkbwPpPJCLo,user_3ab8c4aad88c,False,1728172800,2,positif,0.9607,netral,tanpa_emoji,positif,md
dkbwPpPJCLo,user_199de60c8378,False,1728172800,0,negatif,0.8663,netral,netral,negatif,md
dkbwPpPJCLo,user_ef0153e3e328,False,1728172800,0,positif,0.7625,positif,tanpa_emoji,positif,md
dkbwPpPJCLo,user_ff448f4104e0,False,1728172800,1,positif,0.9777,netral,tanpa_emoji,positif,md
dkbwPpPJCLo,user_875ee2374636,False,1728172800,0,negatif,0.9956,netral,tanpa_emoji,negatif,md
dkbwPpPJCLo,user_bf88d629fb91,False,1728172800,2,positif,0.7622,netral,tanpa_emoji,positif,md
dkbwPpPJCLo,user_0eaf941365ec,False,1728172800,0,negatif,0.9948,negatif,tanpa_emoji,negatif,md
dkbwPpPJCLo,user_2e022ca22c25,True,1728172800,0,negatif,0.9988,positif,netral,negatif,md
dkbwPpPJCLo,user_bc1cd6f06fbc,True,1728172800,0,netral,0.9831,netral,tanpa_emoji,netral,md
dkbwPpPJCLo,user_3e26530d3499,False,1728172800,0,negatif,0.9115,netral,tanpa_emoji,negatif,md
dkbwPpPJCLo,user_dea2beb590b8,False,1728172800,2,positif,0.9809,netral,netral,positif,md
dkbwPpPJCLo,user_8e93eca30171,False,1728172800,0,negatif,0.9988,negatif,tanpa_emoji,negatif,md
dkbwPpPJCLo,user_34341597c523,False,1728172800,1,positif,0.6441,positif,positif,positif,md
dkbwPpPJCLo,user_ebee6ebe8195,False,1728172800,0,positif,0.9964,positif,tanpa_emoji,positif,md
dkbwPpPJCLo,user_0b5a8e6a541d,False,1728172800,0,negatif,0.9949,netral,tanpa_emoji,negatif,md
dkbwPpPJCLo,user_239232445e46,False,1728172800,0,positif,0.7423,netral,tanpa_emoji,positif,md
dkbwPpPJCLo,user_11e265856844,False,1728172800,0,negatif,0.7737,netral,tanpa_emoji,negatif,md
dkbwPpPJCLo,user_988683f9ac4e,False,1728172800,0,negatif,0.744,netral,netral,negatif,md
dkbwPpPJCLo,user_a8e4c72a6172,False,1728172800,0,positif,0.7382,netral,tanpa_emoji,positif,md
dkbwPpPJCLo,user_97fe302e65b2,False,1728172800,0,negatif,0.7981,positif,tanpa_emoji,negatif,md
dkbwPpPJCLo,user_828450a719fc,False,1728172800,1,negatif,0.9981,negatif,tanpa_emoji,negatif,md
dkbwPpPJCLo,user_fd3ef9d3b53f,False,1728172800,0,negatif,0.4966,netral,tanpa_emoji,negatif,md
dkbwPpPJCLo,user_5313d670d311,False,1728172800,1,negatif,0.9866,netral,netral,negatif,md
dkbwPpPJCLo,user_5d0139bd670c,False,1728172800,1,negatif,0.8318,netral,tanpa_emoji,negatif,md
dkbwPpPJCLo,user_b6957bd44a85,False,1728172800,1,positif,0.5717,positif,positif,positif,md
dkbwPpPJCLo,user_a3e2e9a9e60b,False,1728172800,0,negatif,0.9883,netral,tanpa_emoji,negatif,md
dkbwPpPJCLo,user_fb61d2109a87,False,1728172800,0,negatif,0.9895,positif,positif,negatif,md
dkbwPpPJCLo,user_8015a64202ec,False,1728172800,2,negatif,0.5235,positif,positif,positif,md
dkbwPpPJCLo,user_c1481b6ba657,False,1728172800,1,negatif,0.9883,netral,netral,negatif,md
dkbwPpPJCLo,user_cb7ae9b240e8,False,1728172800,7,positif,0.7659,netral,tanpa_emoji,positif,md
dkbwPpPJCLo,user_c1a85513543e,False,1728172800,0,netral,0.4299,positif,tanpa_emoji,netral,md
dkbwPpPJCLo,user_e067d66c4a4c,False,1728172800,0,negatif,0.9625,netral,tanpa_emoji,negatif,md
dkbwPpPJCLo,user_2298e723a2e4,False,1728172800,0,positif,0.9787,positif,tanpa_emoji,positif,md
dkbwPpPJCLo,user_1f3f73267ca9,False,1728172800,0,negatif,0.9536,negatif,negatif,negatif,md
dkbwPpPJCLo,user_b16613c1df79,False,1728172800,0,negatif,0.9968,negatif,tanpa_emoji,negatif,md
dkbwPpPJCLo,user_83bf0edaf414,False,1728172800,2,negatif,0.9741,netral,tanpa_emoji,negatif,md
dkbwPpPJCLo,user_0586171414ac,False,1728172800,1,negatif,0.9207,positif,tanpa_emoji,negatif,md
dkbwPpPJCLo,user_09e36ff67478,False,1728172800,0,negatif,0.8412,netral,tanpa_emoji,negatif,md
dkbwPpPJCLo,user_8392618f08d5,False,1728172800,0,positif,0.911,netral,tanpa_emoji,positif,md
dkbwPpPJCLo,user_37ca7a0cf1d2,False,1728172800,0,negatif,0.9779,netral,tanpa_emoji,negatif,md
dkbwPpPJCLo,user_05952817a6d7,False,1728172800,0,netral,0.7564,netral,netral,netral,md
dkbwPpPJCLo,user_ee2ca6a02e4e,False,1728172800,0,positif,0.8998,positif,positif,positif,md
dkbwPpPJCLo,user_0f9ceaef9e58,False,1728172800,0,negatif,0.9527,netral,netral,negatif,md
dkbwPpPJCLo,user_e4a4f552e3ce,False,1728172800,1,positif,0.9186,positif,positif,positif,md
dkbwPpPJCLo,user_40d4d8bde0cb,False,1728172800,0,negatif,0.989,netral,tanpa_emoji,negatif,md
dkbwPpPJCLo,user_e7fe1cd169ae,False,1728172800,0,positif,0.6136,netral,tanpa_emoji,positif,md
dkbwPpPJCLo,user_cbf1c834c30d,False,1728172800,0,netral,0.7907,netral,tanpa_emoji,netral,md
dkbwPpPJCLo,user_c67bec4c9122,False,1728172800,0,positif,0.5147,netral,tanpa_emoji,positif,md
dkbwPpPJCLo,user_98e3071c2ed2,False,1728172800,5,positif,0.8953,positif,tanpa_emoji,positif,md
dkbwPpPJCLo,user_5be8227fe677,False,1728172800,7,negatif,0.9129,netral,tanpa_emoji,negatif,md
dkbwPpPJCLo,user_88414a2cfee4,False,1728172800,0,negatif,0.9252,netral,tanpa_emoji,negatif,md
dkbwPpPJCLo,user_dd4cbc9be524,False,1728172800,1,negatif,0.9391,netral,tanpa_emoji,negatif,md
dkbwPpPJCLo,user_dd4cbc9be524,False,1728172800,1,negatif,0.9525,netral,tanpa_emoji,negatif,md
dkbwPpPJCLo,user_280ddb022b5e,False,1728172800,0,negatif,0.9699,positif,positif,negatif,md
dkbwPpPJCLo,user_f76d88b146bb,False,1728172800,2,positif,0.998,positif,tanpa_emoji,positif,md
dkbwPpPJCLo,user_709cdfa71f9a,False,1728172800,0,negatif,0.7096,netral,tanpa_emoji,negatif,md
dkbwPpPJCLo,user_ed49989a3225,False,1728172800,0,negatif,0.9544,negatif,tanpa_emoji,negatif,md
dkbwPpPJCLo,user_3f6e0ec98e38,False,1728172800,0,netral,0.9596,positif,positif,netral,md
dkbwPpPJCLo,user_fc74e9c8acbf,False,1728172800,1,negatif,0.9756,negatif,tanpa_emoji,negatif,md
dkbwPpPJCLo,user_5be8227fe677,False,1728172800,15,positif,0.9622,positif,tanpa_emoji,positif,md
dkbwPpPJCLo,user_7d5da797b845,False,1728172800,2,positif,0.9599,positif,tanpa_emoji,positif,md
dkbwPpPJCLo,user_eb68a78a452b,False,1728172800,0,negatif,0.9896,positif,tanpa_emoji,negatif,md
dkbwPpPJCLo,user_2afd361fd42d,False,1728172800,0,netral,0.9769,netral,tanpa_emoji,netral,md
dkbwPpPJCLo,user_89d66de4d5b1,False,1728172800,2,positif,0.5146,netral,tanpa_emoji,positif,md
dkbwPpPJCLo,user_08972512d5bc,False,1728172800,1,positif,0.9822,positif,tanpa_emoji,positif,md
dkbwPpPJCLo,user_5a3cf89c209d,False,1728172800,1,netral,0.9389,netral,tanpa_emoji,netral,md
dkbwPpPJCLo,user_e48e5662d2b3,False,1728172800,1,netral,0.5476,netral,tanpa_emoji,netral,md
dkbwPpPJCLo,user_0370312e7fa5,False,1728172800,1,negatif,0.9948,netral,netral,negatif,md
dkbwPpPJCLo,user_6bd85d71e3c3,False,1728172800,1,positif,0.4885,positif,netral,positif,md
dkbwPpPJCLo,user_de229d89d892,False,1728172800,1,netral,0.9774,netral,tanpa_emoji,netral,md
dkbwPpPJCLo,user_d2300c774407,False,1728172800,1,negatif,0.9632,positif,netral,negatif,md
dkbwPpPJCLo,user_e23331374ad4,False,1728172800,1,positif,0.8937,positif,tanpa_emoji,positif,md
dkbwPpPJCLo,user_42f5cde379b2,False,1728172800,3,positif,0.9897,positif,positif,positif,md
nsACtG92wd4,user_194658e1a140,False,1778025600,0,positif,0.965,positif,positif,positif,md
nsACtG92wd4,user_b6984a7e0573,False,1778025600,0,negatif,0.8829,positif,positif,positif,md
nsACtG92wd4,user_6d5228801333,False,1778025600,0,netral,0.9559,netral,tanpa_emoji,netral,md
nsACtG92wd4,user_4f7560e81bf8,False,1775433600,0,positif,0.9851,positif,positif,positif,md
nsACtG92wd4,user_8a73f95e2c43,False,1775433600,0,netral,0.464,positif,positif,positif,md
nsACtG92wd4,user_b0a0eb5dbe7a,False,1772755200,0,negatif,0.9013,negatif,negatif,negatif,md
nsACtG92wd4,user_81ae6c6ca177,False,1772755200,0,negatif,0.5073,netral,netral,negatif,md
nsACtG92wd4,user_f8d0f5d6cbc6,False,1772755200,0,positif,0.9769,positif,positif,positif,md
nsACtG92wd4,user_f9da4be47311,False,1772755200,0,negatif,0.9889,netral,tanpa_emoji,negatif,md
nsACtG92wd4,user_a2f9a119bb2b,False,1772755200,0,negatif,0.9867,netral,netral,negatif,md
nsACtG92wd4,user_374bdb6ac48c,False,1770336000,0,positif,0.995,positif,positif,positif,md
nsACtG92wd4,user_07953a47afff,False,1770336000,0,negatif,0.6958,positif,tanpa_emoji,negatif,md
nsACtG92wd4,user_4ccb6de330de,False,1770336000,0,negatif,0.5761,netral,tanpa_emoji,negatif,md
nsACtG92wd4,user_25a1a5c51b72,False,1770336000,0,netral,0.8352,netral,tanpa_emoji,netral,md
nsACtG92wd4,user_61a4451c1d83,False,1770336000,0,netral,0.9632,netral,tanpa_emoji,netral,md
nsACtG92wd4,user_360f763546cc,False,1767657600,0,negatif,0.8551,netral,tanpa_emoji,negatif,md
nsACtG92wd4,user_5fb1ef30cb45,False,1767657600,1,negatif,0.8746,netral,netral,negatif,md
nsACtG92wd4,user_50e60cc6d040,False,1767657600,0,negatif,0.955,netral,tanpa_emoji,negatif,md
nsACtG92wd4,user_ed49989a3225,False,1767657600,0,netral,0.728,netral,netral,netral,md
nsACtG92wd4,user_a1d24ba0bfbc,False,1767657600,3,negatif,0.6182,positif,tanpa_emoji,negatif,md
nsACtG92wd4,user_c444016b2a7c,False,1767657600,0,netral,0.5401,netral,tanpa_emoji,netral,md
nsACtG92wd4,user_1033f67b90ca,False,1767657600,0,negatif,0.6278,netral,tanpa_emoji,negatif,md
nsACtG92wd4,user_1f790b3c6551,False,1767657600,0,netral,0.9284,netral,tanpa_emoji,netral,md
nsACtG92wd4,user_0f7691e5129f,False,1767657600,0,negatif,0.9864,netral,tanpa_emoji,negatif,md
nsACtG92wd4,user_762298236282,False,1767657600,1,positif,0.9977,positif,tanpa_emoji,positif,md
nsACtG92wd4,user_22c323d65659,False,1767657600,0,positif,0.9947,positif,positif,positif,md
nsACtG92wd4,user_496e0d2f6a66,False,1767657600,0,netral,0.5708,netral,tanpa_emoji,netral,md
nsACtG92wd4,user_529d26f31b8d,False,1767657600,1,netral,0.9839,positif,positif,netral,md
nsACtG92wd4,user_529d26f31b8d,True,1767657600,0,positif,0.9507,positif,positif,positif,md
nsACtG92wd4,user_d3b38b0148ea,False,1767657600,0,negatif,0.9921,netral,tanpa_emoji,negatif,md
nsACtG92wd4,user_357caa3a1010,False,1767657600,1,negatif,0.6412,netral,tanpa_emoji,negatif,md
nsACtG92wd4,user_357caa3a1010,False,1767657600,0,netral,0.6629,netral,tanpa_emoji,netral,md
nsACtG92wd4,user_5e6bba335e42,True,1770336000,0,negatif,0.7062,netral,tanpa_emoji,negatif,md
nsACtG92wd4,user_552aa4de72a5,False,1767657600,0,negatif,0.5274,positif,positif,positif,md
nsACtG92wd4,user_8d60d2e27f1f,False,1767657600,1,positif,0.933,netral,netral,positif,md
nsACtG92wd4,user_8d60d2e27f1f,False,1767657600,1,netral,0.9189,netral,tanpa_emoji,netral,md
nsACtG92wd4,user_8d60d2e27f1f,False,1767657600,1,netral,0.72,netral,tanpa_emoji,netral,md
nsACtG92wd4,user_8d60d2e27f1f,False,1767657600,1,negatif,0.7299,netral,tanpa_emoji,negatif,md
nsACtG92wd4,user_9687b244d050,False,1767657600,1,netral,0.4461,negatif,netral,netral,md
nsACtG92wd4,user_d22b0f9db22c,False,1767657600,1,negatif,0.9841,negatif,netral,negatif,md
nsACtG92wd4,user_e2cdec97f966,False,1767657600,0,negatif,0.9419,positif,positif,negatif,md
nsACtG92wd4,user_ec5763945f76,False,1767657600,0,positif,0.8832,netral,tanpa_emoji,positif,md
nsACtG92wd4,user_fd675cd4cc3b,False,1767657600,0,negatif,0.9978,netral,netral,negatif,md
nsACtG92wd4,user_4aed9389a765,False,1767657600,1,positif,0.6809,netral,netral,positif,md
nsACtG92wd4,user_6c0097081919,False,1767657600,0,netral,0.7965,netral,tanpa_emoji,netral,md
nsACtG92wd4,user_70ba3ae36ea0,False,1767657600,0,negatif,0.9266,netral,tanpa_emoji,negatif,md
nsACtG92wd4,user_961f3d26d8d0,False,1767657600,0,netral,0.9396,positif,positif,netral,md
nsACtG92wd4,user_6f28f958605b,False,1767657600,1,negatif,0.9836,netral,netral,negatif,md
nsACtG92wd4,user_cfb57e130ee9,True,1767657600,1,negatif,0.9063,netral,tanpa_emoji,negatif,md
nsACtG92wd4,user_daf7e6945143,False,1767657600,1,negatif,0.7231,netral,tanpa_emoji,negatif,md
nsACtG92wd4,user_a5f069a07b0b,False,1767657600,0,negatif,0.783,netral,tanpa_emoji,negatif,md
nsACtG92wd4,user_c8f1f024bdec,False,1767657600,2,netral,0.5974,netral,tanpa_emoji,netral,md
nsACtG92wd4,user_de4e3e61c73f,False,1767657600,2,positif,0.5276,netral,tanpa_emoji,positif,md
nsACtG92wd4,user_592a5ed63f6d,True,1767657600,0,netral,0.6781,netral,tanpa_emoji,netral,md
nsACtG92wd4,user_5023c73617e8,False,1767657600,1,negatif,0.8063,netral,tanpa_emoji,negatif,md
nsACtG92wd4,user_67095afdf4fd,False,1767657600,0,positif,0.9271,netral,tanpa_emoji,positif,md
nsACtG92wd4,user_4f3cd64acec9,False,1767657600,2,netral,0.8446,netral,tanpa_emoji,netral,md
nsACtG92wd4,user_11c58b1aa43b,False,1767657600,2,positif,0.9364,positif,tanpa_emoji,positif,md
nsACtG92wd4,user_4d0d23854e4e,False,1767657600,1,netral,0.8306,netral,tanpa_emoji,netral,md
nsACtG92wd4,user_592a5ed63f6d,True,1767657600,0,negatif,0.7542,netral,tanpa_emoji,negatif,md
nsACtG92wd4,user_0fc7f20d87c4,False,1767657600,0,negatif,0.9861,negatif,tanpa_emoji,negatif,md
nsACtG92wd4,user_ee8ab27aacb2,False,1767657600,3,negatif,0.8523,netral,netral,negatif,md
nsACtG92wd4,user_4fc086a1b863,False,1767657600,0,positif,0.6496,positif,positif,positif,md
nsACtG92wd4,user_d105da30b094,False,1767657600,3,negatif,0.7199,netral,netral,negatif,md
nsACtG92wd4,user_2ee19fe24bfc,False,1767657600,1,negatif,0.693,netral,tanpa_emoji,negatif,md
nsACtG92wd4,user_c98e831323ca,False,1767657600,0,negatif,0.7264,netral,tanpa_emoji,negatif,md
nsACtG92wd4,user_afcff0660963,False,1767657600,1,netral,0.9577,netral,tanpa_emoji,netral,md
nsACtG92wd4,user_592a5ed63f6d,True,1767657600,0,negatif,0.6969,netral,tanpa_emoji,negatif,md
nsACtG92wd4,user_0843dcccce23,False,1767657600,0,netral,0.9128,netral,tanpa_emoji,netral,md
nsACtG92wd4,user_876558cf5eff,False,1767657600,1,negatif,0.9827,netral,tanpa_emoji,negatif,md
nsACtG92wd4,user_791e8b8c538c,True,1767657600,1,negatif,0.8688,netral,tanpa_emoji,negatif,md
nsACtG92wd4,user_1e59fedc1a06,False,1767657600,0,negatif,0.9662,netral,netral,negatif,md
nsACtG92wd4,user_739ee30e9d19,True,1767657600,0,negatif,0.9524,netral,tanpa_emoji,negatif,md
nsACtG92wd4,user_02a9684e28f2,True,1767657600,1,netral,0.972,netral,netral,netral,md
nsACtG92wd4,user_739ee30e9d19,True,1767657600,0,negatif,0.7953,netral,netral,negatif,md
nsACtG92wd4,user_02a9684e28f2,True,1767657600,1,netral,0.9636,netral,netral,netral,md
nsACtG92wd4,user_654f5a3f730b,False,1767657600,1,netral,0.9797,netral,tanpa_emoji,netral,md
nsACtG92wd4,user_9aa4cd488626,False,1767657600,0,negatif,0.7659,positif,tanpa_emoji,negatif,md
nsACtG92wd4,user_f149578a1bc5,False,1767657600,2,netral,0.6611,netral,tanpa_emoji,netral,md
nsACtG92wd4,user_688f20831f12,True,1772755200,0,netral,0.6191,netral,tanpa_emoji,netral,md
nsACtG92wd4,user_38f53311cf00,False,1767657600,2,negatif,0.8544,netral,netral,negatif,md
nsACtG92wd4,user_02a9684e28f2,True,1767657600,1,positif,0.9685,netral,netral,positif,md
nsACtG92wd4,user_28f235934001,False,1767657600,34,positif,0.561,positif,positif,positif,md
nsACtG92wd4,user_c28390848683,False,1767657600,2,negatif,0.953,netral,tanpa_emoji,negatif,md
nsACtG92wd4,user_a2e988b7f11a,False,1767657600,0,positif,0.724,netral,tanpa_emoji,positif,md
nsACtG92wd4,user_c9a0d2374efa,False,1767657600,8,positif,0.953,positif,tanpa_emoji,positif,md
nsACtG92wd4,user_03fc2f8c692a,True,1767657600,0,negatif,0.9981,negatif,tanpa_emoji,negatif,md
nsACtG92wd4,user_fe46f02e9bfe,True,1767657600,2,netral,0.4132,netral,tanpa_emoji,netral,md
nsACtG92wd4,user_03fc2f8c692a,True,1767657600,0,negatif,0.9891,netral,tanpa_emoji,negatif,md
nsACtG92wd4,user_02a9684e28f2,True,1767657600,2,positif,0.9407,positif,positif,positif,md
nsACtG92wd4,user_fe46f02e9bfe,True,1767657600,0,netral,0.8933,netral,tanpa_emoji,netral,md
nsACtG92wd4,user_03fc2f8c692a,True,1767657600,0,negatif,0.9835,netral,tanpa_emoji,negatif,md
nsACtG92wd4,user_fe46f02e9bfe,True,1767657600,0,negatif,0.6616,netral,tanpa_emoji,negatif,md
nsACtG92wd4,user_5f038ab95e08,False,1767657600,1,negatif,0.6215,netral,tanpa_emoji,negatif,md
nsACtG92wd4,user_2600fe994f81,False,1767657600,1,negatif,0.952,netral,tanpa_emoji,negatif,md
nsACtG92wd4,user_7171e5476a89,True,1767657600,1,netral,0.9132,netral,tanpa_emoji,netral,md
nsACtG92wd4,user_8a8e00242bff,True,1767657600,0,negatif,0.538,netral,tanpa_emoji,negatif,md
nsACtG92wd4,user_c17fce2621a2,False,1767657600,0,netral,0.9944,netral,tanpa_emoji,netral,md
nsACtG92wd4,user_b3411f706dac,False,1767657600,3,negatif,0.7587,netral,tanpa_emoji,negatif,md
nsACtG92wd4,user_7171e5476a89,True,1767657600,3,netral,0.7309,netral,tanpa_emoji,netral,md
nsACtG92wd4,user_0bc1fde93f19,False,1767657600,0,negatif,0.3739,positif,positif,positif,md
nsACtG92wd4,user_5ee2a6bc7c64,False,1767657600,2,positif,0.7027,positif,tanpa_emoji,positif,md
nsACtG92wd4,user_4931b398a869,False,1767657600,1,negatif,0.737,positif,positif,negatif,md
nsACtG92wd4,user_122fa3b56982,False,1767657600,1,negatif,0.9587,netral,tanpa_emoji,negatif,md
nsACtG92wd4,user_420746dfe39f,False,1767657600,26,netral,0.9632,positif,tanpa_emoji,netral,md
nsACtG92wd4,user_4aed9389a765,True,1767657600,3,positif,0.8138,netral,tanpa_emoji,positif,md
nsACtG92wd4,user_6f28f958605b,True,1767657600,3,positif,0.9367,netral,tanpa_emoji,positif,md
nsACtG92wd4,user_ed49989a3225,True,1767657600,0,negatif,0.5519,netral,tanpa_emoji,negatif,md
nsACtG92wd4,user_99ee4a849011,False,1767657600,1,positif,0.8549,netral,tanpa_emoji,positif,md
nsACtG92wd4,user_2852a63bf814,False,1767657600,6,positif,0.8299,positif,positif,positif,md
nsACtG92wd4,user_63adaca5b8a2,False,1767657600,1,netral,0.9289,netral,tanpa_emoji,netral,md
nsACtG92wd4,user_f8197309ae1c,False,1767657600,13,netral,0.9153,positif,positif,netral,md
nsACtG92wd4,user_6f28f958605b,False,1767657600,2,negatif,0.7629,netral,tanpa_emoji,negatif,md
nsACtG92wd4,user_907522f19265,False,1767657600,162,netral,0.5736,netral,tanpa_emoji,netral,md
nsACtG92wd4,user_592a5ed63f6d,True,1767657600,2,netral,0.9888,netral,tanpa_emoji,netral,md
nsACtG92wd4,user_7cc9fb9f1c82,True,1767657600,2,netral,0.9411,netral,tanpa_emoji,netral,md
nsACtG92wd4,user_da42dc79f7b6,True,1767657600,2,netral,0.6067,netral,tanpa_emoji,netral,md
nsACtG92wd4,user_592a5ed63f6d,True,1767657600,1,netral,0.7997,netral,tanpa_emoji,netral,md
nsACtG92wd4,user_da42dc79f7b6,True,1767657600,2,netral,0.9723,positif,positif,netral,md
nsACtG92wd4,user_592a5ed63f6d,True,1767657600,0,netral,0.9934,netral,tanpa_emoji,netral,md
nsACtG92wd4,user_ed49989a3225,True,1767657600,2,negatif,0.7263,netral,tanpa_emoji,negatif,md
nsACtG92wd4,user_592a5ed63f6d,True,1767657600,0,netral,0.9309,netral,tanpa_emoji,netral,md
nsACtG92wd4,user_f2b1b4889909,True,1785974400,1,netral,0.6818,netral,tanpa_emoji,netral,md
nsACtG92wd4,user_e790f7df5083,False,1767657600,17,positif,0.9505,positif,positif,positif,md
nsACtG92wd4,user_8e96dac859b8,False,1767657600,3,negatif,0.412,negatif,tanpa_emoji,negatif,md
nsACtG92wd4,user_1eb4e6cdb413,False,1767657600,4,negatif,0.9824,netral,tanpa_emoji,negatif,md
nsACtG92wd4,user_c2aa9d0246ee,False,1767657600,2,negatif,0.5828,netral,tanpa_emoji,negatif,md
nsACtG92wd4,user_0b3d09c62210,False,1767657600,14,positif,0.8305,netral,tanpa_emoji,positif,md
nsACtG92wd4,user_2be634602c0b,False,1767657600,2,positif,0.9952,positif,positif,positif,md
nsACtG92wd4,user_f2c1273542f0,False,1767657600,1,negatif,0.6218,positif,tanpa_emoji,negatif,md
nsACtG92wd4,user_99417d931354,False,1767657600,3,negatif,0.9914,netral,netral,negatif,md
nsACtG92wd4,user_9609e6c99d73,False,1767657600,1,positif,0.7084,netral,tanpa_emoji,positif,md
nsACtG92wd4,user_e7a3ef28a55c,False,1767657600,3,positif,0.6097,positif,positif,positif,md
nsACtG92wd4,user_38dbdca74e42,False,1767657600,0,negatif,0.9868,netral,tanpa_emoji,negatif,md
nsACtG92wd4,user_31062afcc3be,False,1767657600,9,positif,0.4779,netral,netral,positif,md
nsACtG92wd4,user_93b9b9818acc,True,1767657600,0,positif,0.9593,positif,netral,positif,md
nsACtG92wd4,user_da42dc79f7b6,True,1767657600,0,netral,0.9732,netral,tanpa_emoji,netral,md
nsACtG92wd4,user_92b656b72d2a,False,1767657600,3,negatif,0.9958,negatif,netral,negatif,md
nsACtG92wd4,user_652403d1bc23,False,1767657600,2,positif,0.9801,positif,netral,positif,md
nsACtG92wd4,user_dd616835d271,False,1767657600,1,netral,0.9952,netral,tanpa_emoji,netral,md
nsACtG92wd4,user_1ee5cc1140dc,False,1767657600,66,positif,0.981,positif,positif,positif,md
nsACtG92wd4,user_0c600edf015f,False,1767657600,18,netral,0.5377,positif,positif,positif,md
nsACtG92wd4,user_c8c3c71fc260,False,1767657600,5,positif,0.723,positif,positif,positif,md
nsACtG92wd4,user_ed49989a3225,True,1767657600,0,netral,0.6432,netral,tanpa_emoji,netral,md
nsACtG92wd4,user_c8c3c71fc260,True,1767657600,0,netral,0.9868,netral,tanpa_emoji,netral,md
nsACtG92wd4,user_ed49989a3225,True,1767657600,0,netral,0.9909,netral,tanpa_emoji,netral,md
nsACtG92wd4,user_75c77dafe142,False,1767657600,1,negatif,0.9817,netral,tanpa_emoji,negatif,md
nsACtG92wd4,user_e41d47d5aac7,False,1767657600,2,negatif,0.7611,netral,tanpa_emoji,negatif,md
oQKG8HMTscg,user_dbafa5aefb42,False,1759708800,0,positif,0.5124,netral,netral,positif,md
oQKG8HMTscg,user_b48dceb8695b,False,1759708800,0,negatif,0.9658,netral,tanpa_emoji,negatif,md
oQKG8HMTscg,user_9f669c150ac4,False,1759708800,0,negatif,0.8469,netral,netral,negatif,md
oQKG8HMTscg,user_eba77c0442c0,False,1759708800,0,netral,0.3915,netral,tanpa_emoji,netral,md
oQKG8HMTscg,user_3c155927dc32,False,1759708800,0,positif,0.9759,positif,netral,positif,md
oQKG8HMTscg,user_d55e21f5b735,False,1759708800,0,positif,0.9321,netral,tanpa_emoji,positif,md
oQKG8HMTscg,user_b0cc36975b63,False,1759708800,0,negatif,0.8373,netral,tanpa_emoji,negatif,md
oQKG8HMTscg,user_b27575214bae,False,1759708800,0,netral,0.9084,netral,tanpa_emoji,netral,md
oQKG8HMTscg,user_a988fc42bb52,False,1759708800,0,negatif,0.6165,positif,tanpa_emoji,negatif,md
oQKG8HMTscg,user_981a1eaaf3e6,False,1759708800,0,negatif,0.9234,netral,tanpa_emoji,negatif,md
oQKG8HMTscg,user_981a1eaaf3e6,False,1759708800,0,negatif,0.9234,netral,tanpa_emoji,negatif,md
oQKG8HMTscg,user_c20c0ccd28bf,False,1759708800,1,positif,0.5966,netral,tanpa_emoji,positif,md
oQKG8HMTscg,user_270e8a0c0d10,False,1759708800,0,negatif,0.9955,netral,tanpa_emoji,negatif,md
oQKG8HMTscg,user_e6bf92eaf024,False,1759708800,0,positif,0.931,positif,tanpa_emoji,positif,md
oQKG8HMTscg,user_e97b26f74b99,False,1759708800,0,negatif,0.9949,netral,netral,negatif,md
oQKG8HMTscg,user_d98f29d7c37d,False,1759708800,0,negatif,0.99,positif,netral,negatif,md
oQKG8HMTscg,user_db3676589cdb,False,1759708800,0,positif,0.9822,positif,tanpa_emoji,positif,md
oQKG8HMTscg,user_3558c2603773,False,1759708800,0,netral,0.6076,positif,positif,netral,md
oQKG8HMTscg,user_e63ec03cd72d,False,1759708800,0,netral,0.7478,netral,netral,netral,md
oQKG8HMTscg,user_19813e0bfafe,False,1759708800,0,negatif,0.9835,netral,tanpa_emoji,negatif,md
oQKG8HMTscg,user_fb48b805187e,False,1759708800,0,positif,0.9373,positif,positif,positif,md
oQKG8HMTscg,user_4cecb267fdcd,False,1759708800,0,positif,0.7636,positif,positif,positif,md
oQKG8HMTscg,user_23fcda6f1328,False,1759708800,1,negatif,0.6774,netral,tanpa_emoji,negatif,md
oQKG8HMTscg,user_605b2afdd09e,True,1759708800,0,negatif,0.834,netral,tanpa_emoji,negatif,md
oQKG8HMTscg,user_23fcda6f1328,False,1759708800,0,negatif,0.6578,netral,tanpa_emoji,negatif,md
oQKG8HMTscg,user_23fcda6f1328,False,1759708800,0,negatif,0.9582,netral,tanpa_emoji,negatif,md
oQKG8HMTscg,user_d677eb4e9842,False,1759708800,0,negatif,0.9993,negatif,netral,negatif,md
oQKG8HMTscg,user_4b8b2c5d2872,False,1759708800,0,positif,0.9759,netral,tanpa_emoji,positif,md
oQKG8HMTscg,user_78f10c45e089,False,1759708800,0,netral,0.8676,netral,tanpa_emoji,netral,md
oQKG8HMTscg,user_74737e78b50a,False,1759708800,1,negatif,0.9642,netral,tanpa_emoji,negatif,md
oQKG8HMTscg,user_d9452b937258,False,1759708800,0,negatif,0.9828,positif,tanpa_emoji,negatif,md
oQKG8HMTscg,user_d4bc636d5297,False,1759708800,0,negatif,0.6436,netral,netral,negatif,md
oQKG8HMTscg,user_9fbd587f8799,False,1759708800,0,netral,0.747,netral,tanpa_emoji,netral,md
oQKG8HMTscg,user_296987cfb014,False,1759708800,0,negatif,0.9977,negatif,tanpa_emoji,negatif,md
oQKG8HMTscg,user_f903445e6ab6,False,1759708800,0,positif,0.9361,negatif,positif,positif,md
oQKG8HMTscg,user_baa3c98319eb,True,1759708800,0,negatif,0.9621,netral,tanpa_emoji,negatif,md
oQKG8HMTscg,user_e7da089270cf,False,1759708800,2,negatif,0.6606,netral,tanpa_emoji,negatif,md
oQKG8HMTscg,user_e1ef59dd1e0b,False,1759708800,0,negatif,0.9979,netral,netral,negatif,md
oQKG8HMTscg,user_b7cf456961fd,False,1759708800,0,negatif,0.9954,netral,tanpa_emoji,negatif,md
oQKG8HMTscg,user_97ddbaba762e,False,1759708800,0,positif,0.994,positif,netral,positif,md
oQKG8HMTscg,user_355feea19879,False,1759708800,0,negatif,0.9748,netral,tanpa_emoji,negatif,md
oQKG8HMTscg,user_28f235934001,False,1759708800,0,negatif,0.4859,positif,positif,positif,md
oQKG8HMTscg,user_58113bf5c11c,False,1728172800,0,negatif,0.7848,netral,tanpa_emoji,negatif,md
oQKG8HMTscg,user_ad3a5e316f16,False,1728172800,0,netral,0.9316,netral,tanpa_emoji,netral,md
oQKG8HMTscg,user_9ed6e9edb75f,False,1728172800,1,positif,0.9976,positif,positif,positif,md
oQKG8HMTscg,user_199fdce907c7,False,1728172800,0,netral,0.7036,netral,tanpa_emoji,netral,md
oQKG8HMTscg,user_0c5b8ae8db02,False,1728172800,0,positif,0.9932,positif,netral,positif,md
oQKG8HMTscg,user_eddb3f9379b4,False,1728172800,0,positif,0.9967,netral,tanpa_emoji,positif,md
oQKG8HMTscg,user_f721b62168c9,False,1728172800,0,negatif,0.932,positif,tanpa_emoji,negatif,md
oQKG8HMTscg,user_7db72c650b8d,True,1759708800,0,negatif,0.8374,netral,tanpa_emoji,negatif,md
oQKG8HMTscg,user_3e767ca891a0,False,1728172800,0,netral,0.9522,netral,tanpa_emoji,netral,md
oQKG8HMTscg,user_6d84fe36ac92,False,1728172800,0,negatif,0.9611,netral,tanpa_emoji,negatif,md
oQKG8HMTscg,user_4f38bb07dc6a,False,1728172800,0,negatif,0.7074,positif,tanpa_emoji,negatif,md
oQKG8HMTscg,user_dde801ca55b6,False,1728172800,0,netral,0.5505,netral,tanpa_emoji,netral,md
oQKG8HMTscg,user_f8adbf6dd984,False,1728172800,0,negatif,0.7759,netral,netral,negatif,md
oQKG8HMTscg,user_59eaa3eaf76d,False,1728172800,1,negatif,0.9972,positif,tanpa_emoji,negatif,md
oQKG8HMTscg,user_baa3c98319eb,True,1759708800,0,negatif,0.9967,positif,tanpa_emoji,negatif,md
oQKG8HMTscg,user_7312dc553216,False,1728172800,0,positif,0.956,positif,tanpa_emoji,positif,md
oQKG8HMTscg,user_8124db8a98e1,False,1728172800,0,positif,0.9794,netral,netral,positif,md
oQKG8HMTscg,user_8570113986c7,False,1728172800,0,positif,0.7795,positif,tanpa_emoji,positif,md
oQKG8HMTscg,user_309b0c32dd4f,False,1728172800,0,negatif,0.512,netral,tanpa_emoji,negatif,md
oQKG8HMTscg,user_46c72ad650f8,False,1728172800,0,negatif,0.9987,netral,tanpa_emoji,negatif,md
oQKG8HMTscg,user_5127fd8a2658,False,1728172800,0,negatif,0.7172,netral,tanpa_emoji,negatif,md
oQKG8HMTscg,user_8da070d74ec0,False,1728172800,1,negatif,0.9919,positif,netral,negatif,md
oQKG8HMTscg,user_989ba3ce0d59,False,1728172800,0,netral,0.5687,positif,positif,positif,md
oQKG8HMTscg,user_1d0dcf0ccb36,False,1728172800,2,negatif,0.9951,negatif,tanpa_emoji,negatif,md
oQKG8HMTscg,user_dc2958519b05,False,1728172800,4,positif,0.986,netral,netral,positif,md
oQKG8HMTscg,user_5ca17089f201,False,1728172800,1,positif,0.9962,positif,tanpa_emoji,positif,md
oQKG8HMTscg,user_bd66701e23be,False,1728172800,4,negatif,0.9932,netral,tanpa_emoji,negatif,md
oQKG8HMTscg,user_00ed3a101780,False,1728172800,3,negatif,0.9805,negatif,tanpa_emoji,negatif,md
oQKG8HMTscg,user_e0f304a5d466,True,1728172800,0,positif,0.9702,positif,positif,positif,md
oQKG8HMTscg,user_ec1049f1fa95,False,1728172800,1,netral,0.6502,netral,tanpa_emoji,netral,md
oQKG8HMTscg,user_3250b404a72d,False,1728172800,1,positif,0.8022,positif,netral,positif,md
oQKG8HMTscg,user_e0f304a5d466,True,1728172800,0,negatif,0.9793,netral,netral,negatif,md
oQKG8HMTscg,user_9bd2e760f368,False,1728172800,1,positif,0.733,netral,tanpa_emoji,positif,md
oQKG8HMTscg,user_1ff5eb26a7da,False,1728172800,0,negatif,0.9832,netral,tanpa_emoji,negatif,md
oQKG8HMTscg,user_88d5f57f75a3,False,1728172800,0,negatif,0.8834,netral,netral,negatif,md
oQKG8HMTscg,user_5fa992fab32d,False,1728172800,0,negatif,0.9213,netral,tanpa_emoji,negatif,md
oQKG8HMTscg,user_3c2604478ee8,False,1728172800,0,positif,0.9822,positif,tanpa_emoji,positif,md
oQKG8HMTscg,user_b5ff5e275f4f,False,1728172800,3,negatif,0.9992,negatif,tanpa_emoji,negatif,md
oQKG8HMTscg,user_8ddc28c3d192,False,1728172800,1,negatif,0.7848,netral,tanpa_emoji,negatif,md
oQKG8HMTscg,user_fd7ac4a4dc85,False,1728172800,0,negatif,0.9876,positif,tanpa_emoji,negatif,md
oQKG8HMTscg,user_90a355ca3baa,False,1728172800,3,positif,0.9837,netral,tanpa_emoji,positif,md
oQKG8HMTscg,user_9d62ef201976,False,1728172800,7,negatif,0.6769,netral,tanpa_emoji,negatif,md
oQKG8HMTscg,user_20daef6ff1e1,False,1728172800,0,negatif,0.7912,positif,tanpa_emoji,negatif,md
oQKG8HMTscg,user_b4c791654c95,False,1728172800,0,negatif,0.9936,positif,tanpa_emoji,negatif,md
oQKG8HMTscg,user_6128418f985b,False,1728172800,11,positif,0.9936,positif,tanpa_emoji,positif,md
oQKG8HMTscg,user_2ee64037edf7,False,1728172800,0,negatif,0.9968,positif,tanpa_emoji,negatif,md
oQKG8HMTscg,user_605820b38e66,False,1728172800,1,positif,0.5223,netral,tanpa_emoji,positif,md
oQKG8HMTscg,user_810775288318,False,1728172800,1,positif,0.9965,positif,positif,positif,md
oQKG8HMTscg,user_6c84c8909da3,False,1728172800,0,positif,0.5323,netral,tanpa_emoji,positif,md
oQKG8HMTscg,user_a56fc9f77428,False,1728172800,0,negatif,0.9426,netral,netral,negatif,md
oQKG8HMTscg,user_a65d9f723d89,False,1728172800,2,positif,0.7721,netral,tanpa_emoji,positif,md
oQKG8HMTscg,user_9c40d8c6d32b,False,1728172800,0,positif,0.9126,positif,tanpa_emoji,positif,md
oQKG8HMTscg,user_6851ae9df4db,False,1728172800,0,negatif,0.8577,netral,tanpa_emoji,negatif,md
oQKG8HMTscg,user_f7eb7d098ca9,False,1728172800,0,positif,0.8456,netral,netral,positif,md
oQKG8HMTscg,user_94baf9f8073b,False,1728172800,0,negatif,0.8911,netral,tanpa_emoji,negatif,md
oQKG8HMTscg,user_abad6330ea3f,False,1728172800,0,negatif,0.9786,netral,netral,negatif,md
oQKG8HMTscg,user_4417ffe39613,True,1728172800,0,negatif,0.9385,netral,tanpa_emoji,negatif,md
oQKG8HMTscg,user_3817d914bc46,False,1728172800,0,negatif,0.9944,positif,tanpa_emoji,negatif,md
oQKG8HMTscg,user_39b85a094d42,False,1728172800,0,negatif,0.9566,netral,tanpa_emoji,negatif,md
oQKG8HMTscg,user_a086cafe024a,False,1728172800,0,positif,0.716,positif,tanpa_emoji,positif,md
oQKG8HMTscg,user_05ac34ef0f3d,False,1728172800,0,netral,0.6848,netral,tanpa_emoji,netral,md
oQKG8HMTscg,user_add5cdbf2403,False,1728172800,0,negatif,0.9156,positif,netral,negatif,md
oQKG8HMTscg,user_47b4873568b6,False,1728172800,0,negatif,0.7176,positif,tanpa_emoji,negatif,md
oQKG8HMTscg,user_ebafc122e571,False,1728172800,0,negatif,0.5997,netral,tanpa_emoji,negatif,md
oQKG8HMTscg,user_c2c0647831f0,False,1728172800,0,negatif,0.929,netral,tanpa_emoji,negatif,md
oQKG8HMTscg,user_4dd1effc0304,False,1728172800,0,negatif,0.9337,netral,tanpa_emoji,negatif,md
oQKG8HMTscg,user_718e3ccf8185,False,1728172800,0,negatif,0.9939,netral,positif,negatif,md
oQKG8HMTscg,user_6657bdf3df9c,False,1728172800,1,negatif,0.7718,netral,tanpa_emoji,negatif,md
oQKG8HMTscg,user_b7e8aea66a1d,False,1728172800,0,negatif,0.8095,netral,tanpa_emoji,negatif,md
oQKG8HMTscg,user_a2187fed7639,False,1728172800,0,netral,0.9443,netral,netral,netral,md
oQKG8HMTscg,user_af2d35ca1363,False,1728172800,0,positif,0.4712,positif,tanpa_emoji,positif,md
oQKG8HMTscg,user_47bf95695496,False,1728172800,0,negatif,0.9983,netral,tanpa_emoji,negatif,md
oQKG8HMTscg,user_834740f97b67,False,1728172800,0,negatif,0.6942,negatif,tanpa_emoji,negatif,md
oQKG8HMTscg,user_1ba8535b8efd,False,1728172800,0,negatif,0.6986,positif,positif,negatif,md
oQKG8HMTscg,user_2d562b79d91e,False,1728172800,0,negatif,0.616,negatif,tanpa_emoji,negatif,md
oQKG8HMTscg,user_ede1b79a8fe6,False,1728172800,1,negatif,0.6419,netral,positif,negatif,md
oQKG8HMTscg,user_02ce4c2e21dc,False,1728172800,1,netral,0.6094,netral,tanpa_emoji,netral,md
oQKG8HMTscg,user_de948563793b,False,1728172800,2,positif,0.9968,positif,positif,positif,md
oQKG8HMTscg,user_7cf7bd0b7d0e,False,1728172800,1,netral,0.9248,netral,tanpa_emoji,netral,md
oQKG8HMTscg,user_8323b5c5cd25,False,1728172800,1,positif,0.9937,positif,tanpa_emoji,positif,md
oQKG8HMTscg,user_c0a6e97fc62f,False,1728172800,1,positif,0.9031,positif,tanpa_emoji,positif,md
oQKG8HMTscg,user_762298236282,False,1728172800,1,negatif,0.9989,positif,tanpa_emoji,negatif,md
oQKG8HMTscg,user_d289d28f51a3,False,1728172800,2,negatif,0.4873,negatif,tanpa_emoji,negatif,md
oQKG8HMTscg,user_64397d66acec,False,1728172800,4,negatif,0.8883,positif,tanpa_emoji,negatif,md
oQKG8HMTscg,user_a05ce2e40fc5,False,1728172800,2,negatif,0.7801,positif,tanpa_emoji,negatif,md
oQKG8HMTscg,user_e63e0776befe,True,1728172800,1,negatif,0.9919,positif,tanpa_emoji,negatif,md
oQKG8HMTscg,user_a05ce2e40fc5,True,1728172800,0,netral,0.5422,positif,tanpa_emoji,netral,md
oQKG8HMTscg,user_f7eb7d098ca9,True,1728172800,0,negatif,0.9684,negatif,tanpa_emoji,negatif,md
oQKG8HMTscg,user_f7eb7d098ca9,True,1728172800,0,negatif,0.5399,negatif,tanpa_emoji,negatif,md
oQKG8HMTscg,user_1fae474e0376,False,1728172800,1,negatif,0.9809,negatif,tanpa_emoji,negatif,md
oQKG8HMTscg,user_c1430acf4493,False,1728172800,1,negatif,0.9966,positif,tanpa_emoji,negatif,md
oQKG8HMTscg,user_e64168914283,False,1728172800,1,negatif,0.9818,netral,tanpa_emoji,negatif,md
oQKG8HMTscg,user_5fa788ca1c8b,False,1728172800,1,netral,0.5451,positif,positif,positif,md
oQKG8HMTscg,user_4d88da186103,False,1728172800,2,positif,0.9229,positif,netral,positif,md
oQKG8HMTscg,user_198f7e169021,False,1728172800,104,positif,0.638,positif,positif,positif,md
oQKG8HMTscg,user_b5bb121b99a3,True,1728172800,7,negatif,0.9621,netral,tanpa_emoji,negatif,md
oQKG8HMTscg,user_4c0cc2117949,True,1728172800,3,netral,0.6481,netral,tanpa_emoji,netral,md
oQKG8HMTscg,user_285e433fa95d,True,1728172800,0,netral,0.7958,netral,tanpa_emoji,netral,md
oQKG8HMTscg,user_19d57d000f93,True,1759708800,0,negatif,0.4379,netral,tanpa_emoji,negatif,md
oQKG8HMTscg,user_12bd4b6a2375,False,1728172800,1,negatif,0.9885,netral,netral,negatif,md
oQKG8HMTscg,user_b9e43bcfd18b,False,1728172800,1,positif,0.9854,positif,tanpa_emoji,positif,md
oQKG8HMTscg,user_d80655793019,False,1728172800,1,negatif,0.9954,netral,tanpa_emoji,negatif,md
oQKG8HMTscg,user_893d4917c478,False,1728172800,1,positif,0.991,netral,netral,positif,md
oQKG8HMTscg,user_bf517f59aa12,False,1728172800,2,negatif,0.9889,positif,netral,negatif,md
oQKG8HMTscg,user_89ae78ff2801,True,1728172800,0,negatif,0.8272,netral,tanpa_emoji,negatif,md
oQKG8HMTscg,user_bdd27c2ddb45,False,1728172800,1,negatif,0.9819,netral,tanpa_emoji,negatif,md
oQKG8HMTscg,user_c8b8d6f25802,False,1728172800,5,netral,0.9532,negatif,tanpa_emoji,netral,md
oQKG8HMTscg,user_4d45cd649f3a,False,1728172800,0,negatif,0.9626,netral,netral,negatif,md
oQKG8HMTscg,user_9c1dd83997b4,False,1728172800,1,positif,0.9946,positif,positif,positif,md
oQKG8HMTscg,user_da74ed1a6b63,False,1728172800,2,positif,0.7726,positif,netral,positif,md
oQKG8HMTscg,user_120d96d10f06,False,1728172800,1,negatif,0.8226,netral,tanpa_emoji,negatif,md
oQKG8HMTscg,user_c1b295ead0c1,False,1728172800,1,negatif,0.9814,netral,tanpa_emoji,negatif,md
oQKG8HMTscg,user_dc12983be625,False,1728172800,1,positif,0.9787,netral,netral,positif,md
oQKG8HMTscg,user_505aa2a70ac9,False,1728172800,1,negatif,0.9894,positif,tanpa_emoji,negatif,md
oQKG8HMTscg,user_7d6e84a23140,False,1728172800,2,negatif,0.8829,negatif,tanpa_emoji,negatif,md
oQKG8HMTscg,user_26673e18aa46,False,1728172800,2,positif,0.9938,positif,positif,positif,md
oQKG8HMTscg,user_f7eb7d098ca9,True,1728172800,0,negatif,0.9924,negatif,netral,negatif,md
oQKG8HMTscg,user_726d0efb7ec2,False,1728172800,0,negatif,0.9982,netral,netral,negatif,md
oQKG8HMTscg,user_e5d01cb2502c,False,1728172800,0,negatif,0.9675,netral,tanpa_emoji,negatif,md
oQKG8HMTscg,user_bd4eb55aa2a8,True,1728172800,0,negatif,0.8347,netral,tanpa_emoji,negatif,md
oQKG8HMTscg,user_e5d01cb2502c,True,1728172800,0,negatif,0.6648,netral,tanpa_emoji,negatif,md
oQKG8HMTscg,user_bd4eb55aa2a8,True,1728172800,0,netral,0.8481,netral,tanpa_emoji,netral,md
oQKG8HMTscg,user_efa6f59f16bb,False,1728172800,0,positif,0.9262,netral,tanpa_emoji,positif,md
oQKG8HMTscg,user_9870e07a8e78,False,1728172800,0,netral,0.6129,netral,tanpa_emoji,netral,md
oQKG8HMTscg,user_1a7a106be795,False,1728172800,0,negatif,0.998,negatif,tanpa_emoji,negatif,md
oQKG8HMTscg,user_d80e3270bef3,False,1728172800,3,netral,0.7218,netral,netral,netral,md
oQKG8HMTscg,user_1a6a077228a9,False,1728172800,0,negatif,0.964,netral,tanpa_emoji,negatif,md
oQKG8HMTscg,user_1a9733f50240,False,1728172800,0,netral,0.8982,netral,tanpa_emoji,netral,md
oQKG8HMTscg,user_9e626dea13cf,False,1728172800,0,positif,0.9082,positif,netral,positif,md
oQKG8HMTscg,user_8f097c3dc9a8,False,1728172800,0,positif,0.81,netral,tanpa_emoji,positif,md
oQKG8HMTscg,user_98e39a5916b1,False,1728172800,0,negatif,0.8991,netral,netral,netral,md
oQKG8HMTscg,user_98e39a5916b1,False,1728172800,0,negatif,0.8991,netral,netral,netral,md
oQKG8HMTscg,user_98e39a5916b1,False,1728172800,0,negatif,0.8991,netral,netral,netral,md
oQKG8HMTscg,user_adfd25a837ab,False,1728172800,0,negatif,0.8256,netral,tanpa_emoji,negatif,md
oQKG8HMTscg,user_7b9bea900f38,False,1728172800,1,positif,0.9935,positif,positif,positif,md
oQKG8HMTscg,user_c12f0fe20c88,False,1728172800,1,negatif,0.9346,netral,tanpa_emoji,negatif,md
oQKG8HMTscg,user_073c8e1b5963,False,1728172800,1,netral,0.595,netral,tanpa_emoji,netral,md
oQKG8HMTscg,user_2bbc222d8d6a,False,1728172800,1,negatif,0.9762,netral,tanpa_emoji,negatif,md
oQKG8HMTscg,user_ad58b298a4da,False,1728172800,0,positif,0.8849,positif,tanpa_emoji,positif,md
oQKG8HMTscg,user_073c8e1b5963,True,1728172800,0,negatif,0.816,netral,tanpa_emoji,negatif,md
oQKG8HMTscg,user_1337789d1ece,False,1728172800,0,negatif,0.7337,positif,positif,negatif,md
oQKG8HMTscg,user_ede2e7125913,False,1728172800,1,positif,0.9981,positif,positif,positif,md
oQKG8HMTscg,user_a6e5a1058bc8,False,1728172800,1,negatif,0.6868,netral,tanpa_emoji,negatif,md
oQKG8HMTscg,user_323d78390de8,False,1728172800,3,positif,0.9956,positif,positif,positif,md
oQKG8HMTscg,user_a18f87e717c4,False,1728172800,1,negatif,0.865,netral,tanpa_emoji,negatif,md
oQKG8HMTscg,user_1a496473024f,False,1728172800,1,negatif,0.9539,netral,tanpa_emoji,negatif,md
oQKG8HMTscg,user_d3cb3322f29f,False,1728172800,2,negatif,0.8582,positif,tanpa_emoji,negatif,md
oQKG8HMTscg,user_f7eb7d098ca9,True,1728172800,0,negatif,0.9986,netral,tanpa_emoji,negatif,md
oQKG8HMTscg,user_13553878ad1f,False,1728172800,0,positif,0.9336,positif,tanpa_emoji,positif,md
oQKG8HMTscg,user_bf119b6e29da,False,1728172800,0,positif,0.851,positif,tanpa_emoji,positif,md
oQKG8HMTscg,user_9f63727a34ef,False,1728172800,0,positif,0.9791,positif,positif,positif,md
oQKG8HMTscg,user_77d23ba06aa4,False,1728172800,0,negatif,0.8083,positif,positif,negatif,md
oQKG8HMTscg,user_d6f1e71c8f0f,False,1728172800,0,netral,0.983,netral,tanpa_emoji,netral,md
oQKG8HMTscg,user_22fae21dfebe,False,1728172800,0,negatif,0.519,netral,tanpa_emoji,negatif,md
oQKG8HMTscg,user_3a3dff933684,False,1728172800,0,positif,0.8819,negatif,tanpa_emoji,positif,md
oQKG8HMTscg,user_a3446e91b34a,False,1728172800,1,positif,0.5311,netral,tanpa_emoji,positif,md
oQKG8HMTscg,user_d8641adc0d9f,False,1728172800,2,negatif,0.9932,negatif,negatif,negatif,md
oQKG8HMTscg,user_f7eb7d098ca9,True,1728172800,0,negatif,0.9977,netral,tanpa_emoji,negatif,md
oQKG8HMTscg,user_e3c76681c50b,False,1728172800,0,netral,0.948,netral,tanpa_emoji,netral,md
oQKG8HMTscg,user_935de50b86fa,False,1728172800,0,negatif,0.9776,netral,netral,negatif,md
oQKG8HMTscg,user_8d48973836bc,False,1728172800,0,negatif,0.9649,positif,tanpa_emoji,negatif,md
oQKG8HMTscg,user_a58af13ee61c,False,1728172800,0,positif,0.9817,positif,tanpa_emoji,positif,md
oQKG8HMTscg,user_491813c4e20b,False,1728172800,0,positif,0.9554,netral,netral,positif,md
oQKG8HMTscg,user_2b5677f6fcc9,False,1728172800,1,negatif,0.9244,netral,netral,negatif,md
oQKG8HMTscg,user_a4ddd1401276,False,1728172800,0,negatif,0.983,netral,netral,negatif,md
oQKG8HMTscg,user_520ce2b9ebde,False,1728172800,0,negatif,0.9903,positif,tanpa_emoji,negatif,md
oQKG8HMTscg,user_3871bd13c0b1,False,1728172800,1,netral,0.7304,netral,tanpa_emoji,netral,md
oQKG8HMTscg,user_24d23ce02e31,False,1728172800,1,negatif,0.8761,positif,positif,negatif,md
oQKG8HMTscg,user_12a3086a9c53,False,1728172800,0,positif,0.9851,positif,tanpa_emoji,positif,md
oQKG8HMTscg,user_1a623b7ad6d8,False,1728172800,2,negatif,0.9916,netral,tanpa_emoji,negatif,md
oQKG8HMTscg,user_c04a0e578b91,True,1728172800,0,negatif,0.8228,netral,tanpa_emoji,negatif,md
oQKG8HMTscg,user_c04a0e578b91,True,1728172800,0,positif,0.9653,positif,tanpa_emoji,positif,md
oQKG8HMTscg,user_1e294a55e70a,False,1728172800,0,negatif,0.9978,netral,tanpa_emoji,negatif,md
oQKG8HMTscg,user_baa3c98319eb,True,1759708800,0,negatif,0.9781,netral,netral,negatif,md
oQKG8HMTscg,user_64456c340e82,False,1728172800,0,negatif,0.9071,negatif,tanpa_emoji,negatif,md
oQKG8HMTscg,user_cbdaf5dd1780,False,1728172800,14,positif,0.9582,negatif,tanpa_emoji,positif,md
oQKG8HMTscg,user_66695f0c9425,False,1728172800,0,negatif,0.999,netral,tanpa_emoji,negatif,md
oQKG8HMTscg,user_5c9675304172,False,1728172800,0,positif,0.964,positif,tanpa_emoji,positif,md
oQKG8HMTscg,user_b2dc6f9d05e7,False,1728172800,4,positif,0.9163,positif,tanpa_emoji,positif,md
oQKG8HMTscg,user_d82a6ffce2b5,False,1728172800,3,negatif,0.6318,positif,tanpa_emoji,negatif,md
oQKG8HMTscg,user_19039a2c609a,False,1728172800,1,negatif,0.9607,netral,netral,negatif,md
oQKG8HMTscg,user_aa429cf7f133,False,1728172800,1,negatif,0.9503,positif,positif,negatif,md
oQKG8HMTscg,user_bc1daf5ff404,False,1728172800,1,negatif,0.9283,negatif,tanpa_emoji,negatif,md
oQKG8HMTscg,user_74765eb275b8,False,1728172800,2,negatif,0.9585,negatif,tanpa_emoji,negatif,md
oQKG8HMTscg,user_6042f6f4d1c2,True,1728172800,0,negatif,0.9881,positif,netral,negatif,md
oQKG8HMTscg,user_74765eb275b8,True,1728172800,0,negatif,0.9883,netral,tanpa_emoji,negatif,md
oQKG8HMTscg,user_a85356ded475,False,1728172800,2,negatif,0.9875,positif,tanpa_emoji,negatif,md
oQKG8HMTscg,user_87cf31aa90de,False,1728172800,1,positif,0.7341,positif,tanpa_emoji,positif,md
oQKG8HMTscg,user_aac4fd09dcfb,False,1728172800,6,netral,0.9549,positif,positif,netral,md
oQKG8HMTscg,user_6fcb2495c760,False,1728172800,104,positif,0.9914,positif,tanpa_emoji,positif,md
oQKG8HMTscg,user_e18f3551b51d,True,1728172800,6,positif,0.9893,positif,positif,positif,md
oQKG8HMTscg,user_2ca8116ac63b,True,1728172800,0,positif,0.9534,netral,tanpa_emoji,positif,md
oQKG8HMTscg,user_318824ef3480,True,1728172800,0,negatif,0.7077,netral,tanpa_emoji,negatif,md
oQKG8HMTscg,user_6fcb2495c760,True,1728172800,0,negatif,0.7908,positif,tanpa_emoji,negatif,md
oQKG8HMTscg,user_b5bb121b99a3,True,1728172800,0,negatif,0.7391,positif,positif,negatif,md
oQKG8HMTscg,user_6fcb2495c760,True,1728172800,0,negatif,0.9277,positif,netral,negatif,md
oQKG8HMTscg,user_66edc3612d79,True,1728172800,0,positif,0.728,netral,tanpa_emoji,positif,md
oQKG8HMTscg,user_ec1049f1fa95,True,1728172800,0,negatif,0.8905,netral,tanpa_emoji,negatif,md
oQKG8HMTscg,user_6fcb2495c760,True,1728172800,0,negatif,0.9044,positif,tanpa_emoji,negatif,md
oQKG8HMTscg,user_f7eb7d098ca9,True,1728172800,1,positif,0.5299,negatif,netral,positif,md
oQKG8HMTscg,user_6fcb2495c760,True,1728172800,0,positif,0.9097,negatif,tanpa_emoji,positif,md
oQKG8HMTscg,user_d0a766ce2e6e,False,1728172800,1,negatif,0.9975,negatif,tanpa_emoji,negatif,md
oQKG8HMTscg,user_210e080f85f4,False,1728172800,1,negatif,0.911,netral,tanpa_emoji,negatif,md
oQKG8HMTscg,user_4ebfdc4c0d14,False,1728172800,0,negatif,0.9941,negatif,tanpa_emoji,negatif,md
oQKG8HMTscg,user_fe22dde1a8c3,False,1728172800,0,positif,0.8465,positif,positif,positif,md
oQKG8HMTscg,user_7df80c00a6d8,False,1728172800,1,negatif,0.883,netral,tanpa_emoji,negatif,md
oQKG8HMTscg,user_b8e720a5e885,False,1728172800,1,negatif,0.8981,netral,tanpa_emoji,negatif,md
oQKG8HMTscg,user_3ef575e6d8d3,False,1728172800,0,negatif,0.949,netral,tanpa_emoji,negatif,md
oQKG8HMTscg,user_f7eb7d098ca9,True,1728172800,0,netral,0.9764,netral,tanpa_emoji,netral,md
oQKG8HMTscg,user_bd4eb55aa2a8,False,1728172800,0,positif,0.8529,positif,tanpa_emoji,positif,md
oQKG8HMTscg,user_d440c0599844,False,1728172800,0,netral,0.6506,positif,positif,netral,md
oQKG8HMTscg,user_d15134809ee1,False,1728172800,0,negatif,0.8723,netral,tanpa_emoji,negatif,md
oQKG8HMTscg,user_60e06394d90d,False,1728172800,0,netral,0.5333,netral,tanpa_emoji,netral,md
oQKG8HMTscg,user_21443ee8b9c6,False,1728172800,0,negatif,0.9885,netral,tanpa_emoji,negatif,md
oQKG8HMTscg,user_ebbc90798ff0,False,1728172800,0,negatif,0.9957,netral,tanpa_emoji,negatif,md
oQKG8HMTscg,user_1a6d5ce315ef,False,1728172800,1,negatif,0.9948,netral,tanpa_emoji,negatif,md
oQKG8HMTscg,user_1a50e118bbe0,False,1728172800,1,positif,0.9883,netral,tanpa_emoji,positif,md
oQKG8HMTscg,user_f3fa0add2bbd,False,1728172800,0,netral,0.8009,netral,tanpa_emoji,netral,md
oQKG8HMTscg,user_c1d61dbafbbf,False,1728172800,0,negatif,0.5626,positif,positif,positif,md
oQKG8HMTscg,user_039d885913ca,False,1728172800,0,positif,0.9789,positif,tanpa_emoji,positif,md
oQKG8HMTscg,user_c33a13809069,False,1728172800,0,negatif,0.8716,netral,tanpa_emoji,negatif,md
oQKG8HMTscg,user_a7401822b3bf,False,1728172800,2,positif,0.504,positif,tanpa_emoji,positif,md
oQKG8HMTscg,user_f7eb7d098ca9,True,1728172800,0,negatif,0.9861,negatif,tanpa_emoji,negatif,md
oQKG8HMTscg,user_a7401822b3bf,True,1728172800,0,netral,0.9065,netral,tanpa_emoji,netral,md
oQKG8HMTscg,user_7e425c46a388,False,1728172800,5,positif,0.9894,netral,tanpa_emoji,positif,md
oQKG8HMTscg,user_0d9ce6e37de2,False,1728172800,1,negatif,0.7986,netral,tanpa_emoji,negatif,md
oQKG8HMTscg,user_4133464b6f40,False,1728172800,0,negatif,0.8259,netral,tanpa_emoji,negatif,md
oQKG8HMTscg,user_fcf9de0e1c83,False,1728172800,0,positif,0.9357,positif,tanpa_emoji,positif,md
oQKG8HMTscg,user_bd78283fa081,False,1728172800,2,positif,0.9758,positif,tanpa_emoji,positif,md
oQKG8HMTscg,user_ff159a10a7f6,False,1728172800,0,positif,0.9931,positif,tanpa_emoji,positif,md
oQKG8HMTscg,user_9d57ea976abf,False,1728172800,1,negatif,0.9311,netral,tanpa_emoji,negatif,md
oQKG8HMTscg,user_922aff73a31a,False,1728172800,2,netral,0.8903,netral,tanpa_emoji,netral,md
oQKG8HMTscg,user_d515a8ab31b3,False,1728172800,1,negatif,0.4824,netral,tanpa_emoji,negatif,md
oQKG8HMTscg,user_f70c002896c3,False,1728172800,4,positif,0.9428,netral,tanpa_emoji,positif,md
oQKG8HMTscg,user_8b6fec3b0edf,False,1728172800,0,negatif,0.765,netral,tanpa_emoji,negatif,md
oQKG8HMTscg,user_ae9d2297d2ab,False,1728172800,0,negatif,0.9981,negatif,netral,negatif,md
oQKG8HMTscg,user_64a45c7889c2,False,1728172800,0,netral,0.8985,netral,tanpa_emoji,netral,md
oQKG8HMTscg,user_da553590f4a9,False,1728172800,0,positif,0.9319,positif,tanpa_emoji,positif,md
oQKG8HMTscg,user_617e558e66c5,False,1728172800,1,positif,0.533,netral,netral,positif,md
oQKG8HMTscg,user_f7eb7d098ca9,True,1728172800,0,negatif,0.9976,negatif,netral,negatif,md
oQKG8HMTscg,user_4e4eb045f99c,False,1728172800,2,positif,0.9183,positif,tanpa_emoji,positif,md
oQKG8HMTscg,user_1ebd6332406e,False,1728172800,0,positif,0.4206,netral,tanpa_emoji,positif,md
oQKG8HMTscg,user_fb49a4559d54,False,1728172800,5,netral,0.63,netral,tanpa_emoji,netral,md
oQKG8HMTscg,user_d061a1608cbf,True,1728172800,0,negatif,0.9879,netral,netral,negatif,md
oQKG8HMTscg,user_fb49a4559d54,True,1728172800,0,netral,0.4995,netral,tanpa_emoji,netral,md
oQKG8HMTscg,user_6be090a93acb,False,1728172800,1,positif,0.9325,netral,tanpa_emoji,positif,md
oQKG8HMTscg,user_e60f3de0f083,True,1728172800,0,positif,0.6758,positif,netral,positif,md
oQKG8HMTscg,user_f7eb7d098ca9,True,1728172800,0,negatif,0.9464,netral,netral,negatif,md
oQKG8HMTscg,user_386ce96ef47a,False,1728172800,1,positif,0.849,positif,tanpa_emoji,positif,md
oQKG8HMTscg,user_1713a624380e,False,1728172800,0,netral,0.8528,netral,tanpa_emoji,netral,md
oQKG8HMTscg,user_19039a2c609a,False,1728172800,0,negatif,0.8499,netral,tanpa_emoji,negatif,md
oQKG8HMTscg,user_42bf51d19613,False,1728172800,0,negatif,0.9249,netral,tanpa_emoji,negatif,md
oQKG8HMTscg,user_819082b96962,False,1728172800,0,negatif,0.919,positif,tanpa_emoji,negatif,md
oQKG8HMTscg,user_c4c017394f92,False,1728172800,0,netral,0.6851,netral,tanpa_emoji,netral,md
oQKG8HMTscg,user_6de745cb980a,False,1728172800,0,positif,0.7064,netral,tanpa_emoji,positif,md
oQKG8HMTscg,user_1666af6a923f,False,1728172800,1,negatif,0.6763,netral,netral,negatif,md
oQKG8HMTscg,user_56dc9f3692a8,False,1728172800,0,negatif,0.9794,positif,tanpa_emoji,negatif,md
oQKG8HMTscg,user_8e07a81a0fdc,False,1728172800,2,negatif,0.5935,netral,tanpa_emoji,negatif,md
oQKG8HMTscg,user_1d1a20ab1551,False,1728172800,1,positif,0.9952,positif,positif,positif,md
oQKG8HMTscg,user_41e2bf35fdaa,False,1728172800,129,negatif,0.9977,negatif,tanpa_emoji,negatif,md
oQKG8HMTscg,user_501cce67d017,True,1728172800,11,negatif,0.9902,negatif,tanpa_emoji,negatif,md
oQKG8HMTscg,user_f7eb7d098ca9,True,1728172800,5,negatif,0.9903,netral,netral,negatif,md
oQKG8HMTscg,user_c73054fc9d72,True,1728172800,9,negatif,0.9905,negatif,tanpa_emoji,negatif,md
oQKG8HMTscg,user_d55f7e71cc3e,True,1728172800,0,negatif,0.9962,negatif,netral,negatif,md
oQKG8HMTscg,user_23fcda6f1328,True,1759708800,1,negatif,0.9183,netral,tanpa_emoji,negatif,md
oQKG8HMTscg,user_fa743f7f135e,True,1728172800,0,negatif,0.8258,netral,tanpa_emoji,negatif,md
oQKG8HMTscg,user_6ab1897eea53,True,1728172800,0,positif,0.6795,netral,tanpa_emoji,positif,md
oQKG8HMTscg,user_d81e6c53518b,True,1759708800,0,negatif,0.9698,netral,netral,negatif,md
oQKG8HMTscg,user_f2552e0f9bb4,True,1759708800,0,negatif,0.8757,netral,tanpa_emoji,negatif,md
oQKG8HMTscg,user_2885820e55af,False,1728172800,0,negatif,0.9602,netral,tanpa_emoji,negatif,md
oQKG8HMTscg,user_4688db7edb0d,False,1728172800,2,negatif,0.6324,netral,tanpa_emoji,negatif,md
oQKG8HMTscg,user_0ffbf49ef990,False,1728172800,58,positif,0.9971,positif,tanpa_emoji,positif,md
oQKG8HMTscg,user_b444ca561119,True,1728172800,4,positif,0.9676,positif,tanpa_emoji,positif,md
oQKG8HMTscg,user_23fcda6f1328,True,1759708800,1,negatif,0.9806,netral,netral,negatif,md
oQKG8HMTscg,user_baa3c98319eb,True,1759708800,0,netral,0.5906,netral,tanpa_emoji,netral,md
oQKG8HMTscg,user_3f4d11524906,False,1728172800,0,netral,0.7093,netral,tanpa_emoji,netral,md
oQKG8HMTscg,user_b6c29cbea7c2,True,1728172800,0,netral,0.3901,netral,tanpa_emoji,netral,md
oQKG8HMTscg,user_7e7a97476168,True,1728172800,0,negatif,0.9651,netral,tanpa_emoji,negatif,md
oQKG8HMTscg,user_87f8797e5845,False,1728172800,238,positif,0.8449,netral,tanpa_emoji,positif,md
oQKG8HMTscg,user_23fcda6f1328,True,1759708800,1,negatif,0.5804,netral,tanpa_emoji,negatif,md
oQKG8HMTscg,user_f44eb77b9f2f,True,1759708800,1,negatif,0.7642,netral,tanpa_emoji,negatif,md
oQKG8HMTscg,user_957c89fb1e69,True,1759708800,1,netral,0.533,netral,tanpa_emoji,netral,md
oQKG8HMTscg,user_2ff445027d64,False,1728172800,0,negatif,0.7892,netral,tanpa_emoji,negatif,md
oQKG8HMTscg,user_e946d2cd613c,False,1728172800,0,negatif,0.9813,netral,tanpa_emoji,negatif,md
oQKG8HMTscg,user_df842444fb4d,False,1728172800,0,positif,0.5282,netral,tanpa_emoji,positif,md
oQKG8HMTscg,user_0115f9ca5dd6,False,1728172800,3,positif,0.9966,positif,tanpa_emoji,positif,md
oQKG8HMTscg,user_5b6f48ba0007,False,1728172800,0,netral,0.5105,positif,positif,positif,md
oQKG8HMTscg,user_da649c07ebaa,False,1728172800,0,netral,0.9533,netral,tanpa_emoji,netral,md
oQKG8HMTscg,user_a8cb612be882,False,1728172800,2,negatif,0.9983,netral,netral,negatif,md
oQKG8HMTscg,user_dd3737ad91e7,False,1728172800,1,positif,0.995,positif,tanpa_emoji,positif,md
oQKG8HMTscg,user_8ffec29a6921,False,1728172800,1,positif,0.9169,netral,tanpa_emoji,positif,md
oQKG8HMTscg,user_c1ecb70e4e2c,False,1728172800,0,negatif,0.996,positif,positif,negatif,md
oQKG8HMTscg,user_06eb9a0a9d06,False,1728172800,1,positif,0.992,positif,positif,positif,md
oQKG8HMTscg,user_a003b076acc6,False,1728172800,4,negatif,0.9153,netral,netral,negatif,md
oQKG8HMTscg,user_022a92829b5f,False,1728172800,1,negatif,0.9732,negatif,tanpa_emoji,negatif,md
oQKG8HMTscg,user_e92be2d74904,False,1728172800,9,negatif,0.8737,netral,netral,negatif,md
oQKG8HMTscg,user_bd4eb55aa2a8,True,1728172800,0,positif,0.8726,netral,tanpa_emoji,positif,md
oQKG8HMTscg,user_1fae474e0376,True,1728172800,0,negatif,0.6542,netral,tanpa_emoji,negatif,md
oQKG8HMTscg,user_6ca7b82eb424,False,1728172800,63,positif,0.9935,positif,tanpa_emoji,positif,md
oQKG8HMTscg,user_3efbb6d7b2b7,True,1728172800,5,negatif,0.7087,netral,netral,negatif,md
oQKG8HMTscg,user_97e48ae0de1f,True,1728172800,0,negatif,0.5227,netral,tanpa_emoji,negatif,md
oQKG8HMTscg,user_c04a0e578b91,False,1728172800,1,positif,0.9182,netral,tanpa_emoji,positif,md
oQKG8HMTscg,user_c73054fc9d72,False,1728172800,3,positif,0.6591,netral,netral,positif,md
oQKG8HMTscg,user_ab3269bfa837,True,1728172800,0,negatif,0.9943,negatif,tanpa_emoji,negatif,md
oQKG8HMTscg,user_c73054fc9d72,True,1728172800,0,negatif,0.6648,netral,tanpa_emoji,negatif,md
oQKG8HMTscg,user_f7eb7d098ca9,True,1728172800,1,negatif,0.9883,positif,netral,negatif,md
oQKG8HMTscg,user_420746dfe39f,False,1728172800,3,netral,0.5541,netral,netral,netral,md
oQKG8HMTscg,user_aea80e2c3e45,True,1728172800,0,negatif,0.9881,netral,tanpa_emoji,negatif,md
oQKG8HMTscg,user_baa3c98319eb,True,1759708800,0,negatif,0.9909,netral,tanpa_emoji,negatif,md
oQKG8HMTscg,user_68774aec17b9,False,1728172800,18,negatif,0.9978,netral,tanpa_emoji,negatif,md
oQKG8HMTscg,user_dd3fb78a1513,False,1728172800,8,negatif,0.998,netral,netral,negatif,md
oQKG8HMTscg,user_8bb157d369ed,False,1728172800,0,positif,0.9461,positif,positif,positif,md
oQKG8HMTscg,user_50209f79c828,False,1728172800,0,negatif,0.5386,positif,positif,positif,md
oQKG8HMTscg,user_c8f1f024bdec,False,1728172800,489,positif,0.9845,netral,tanpa_emoji,positif,md
oQKG8HMTscg,user_136e79990300,True,1728172800,26,negatif,0.9912,netral,tanpa_emoji,negatif,md
oQKG8HMTscg,user_fd72469313ef,True,1728172800,0,netral,0.9616,positif,positif,netral,md
oQKG8HMTscg,user_23fcda6f1328,True,1759708800,0,netral,0.6868,netral,tanpa_emoji,netral,md
oQKG8HMTscg,user_845087d0b110,True,1728172800,13,negatif,0.9809,netral,netral,negatif,md
oQKG8HMTscg,user_a74be216cdf2,True,1728172800,6,negatif,0.9979,netral,tanpa_emoji,negatif,md
oQKG8HMTscg,user_b1477dcd4c7c,True,1728172800,2,negatif,0.5549,netral,tanpa_emoji,negatif,md
oQKG8HMTscg,user_86f097b76c64,True,1728172800,0,netral,0.5624,netral,tanpa_emoji,netral,md
oQKG8HMTscg,user_4072b2737fff,True,1728172800,0,negatif,0.7834,netral,tanpa_emoji,negatif,md
oQKG8HMTscg,user_58113bf5c11c,True,1728172800,3,negatif,0.9984,negatif,tanpa_emoji,negatif,md
oQKG8HMTscg,user_f2f4999df448,True,1728172800,1,negatif,0.9976,negatif,tanpa_emoji,negatif,md
oQKG8HMTscg,user_23fcda6f1328,True,1759708800,1,negatif,0.9819,netral,tanpa_emoji,negatif,md
oQKG8HMTscg,user_f44eb77b9f2f,True,1759708800,1,negatif,0.9981,negatif,tanpa_emoji,negatif,md
oQKG8HMTscg,user_ed49989a3225,True,1728172800,0,negatif,0.9974,netral,tanpa_emoji,negatif,md
oQKG8HMTscg,user_f2969ccfeaf1,True,1728172800,0,negatif,0.9827,netral,tanpa_emoji,negatif,md
oQKG8HMTscg,user_dce9fabc4967,False,1728172800,0,negatif,0.9974,netral,tanpa_emoji,negatif,md
oQKG8HMTscg,user_3c6504001698,False,1728172800,0,negatif,0.8369,netral,tanpa_emoji,negatif,md
oQKG8HMTscg,user_a05a038126ef,False,1728172800,1,negatif,0.7,netral,tanpa_emoji,negatif,md
oQKG8HMTscg,user_aea80e2c3e45,True,1728172800,0,negatif,0.8226,netral,tanpa_emoji,negatif,md
oQKG8HMTscg,user_472636cacf9f,False,1728172800,8,positif,0.9905,positif,tanpa_emoji,positif,md
oQKG8HMTscg,user_2caf3f244464,False,1728172800,0,positif,0.9878,positif,tanpa_emoji,positif,md
oQKG8HMTscg,user_e63d1f5c30ad,False,1728172800,0,negatif,0.9004,netral,netral,negatif,md
oQKG8HMTscg,user_868215dc7ac2,False,1728172800,0,positif,0.9662,positif,tanpa_emoji,positif,md
oQKG8HMTscg,user_9c0d30a8fbc8,False,1728172800,1,netral,0.6782,netral,netral,netral,md
oQKG8HMTscg,user_cb0209834bf5,False,1728172800,12,positif,0.6677,positif,tanpa_emoji,positif,md
oQKG8HMTscg,user_f7eb7d098ca9,True,1728172800,1,negatif,0.7914,netral,netral,negatif,md
oQKG8HMTscg,user_a575d7f50f53,True,1728172800,0,negatif,0.9827,netral,tanpa_emoji,negatif,md
oQKG8HMTscg,user_71385be866bb,False,1728172800,1,positif,0.9757,positif,positif,positif,md
oQKG8HMTscg,user_bc1cd6f06fbc,False,1728172800,1,netral,0.9831,netral,tanpa_emoji,netral,md
oQKG8HMTscg,user_d80655793019,False,1728172800,149,positif,0.9672,positif,tanpa_emoji,positif,md
oQKG8HMTscg,user_acddbadfc557,True,1728172800,1,negatif,0.993,netral,tanpa_emoji,negatif,md
oQKG8HMTscg,user_a7bbb904af06,True,1728172800,0,netral,0.5986,netral,netral,netral,md
oQKG8HMTscg,user_a7bbb904af06,True,1728172800,0,positif,0.6082,netral,tanpa_emoji,positif,md
oQKG8HMTscg,user_c7b5900aa49d,True,1728172800,0,negatif,0.9191,negatif,tanpa_emoji,negatif,md
oQKG8HMTscg,user_23fcda6f1328,True,1759708800,0,negatif,0.5804,netral,tanpa_emoji,negatif,md
oQKG8HMTscg,user_71385be866bb,False,1728172800,13,positif,0.8157,positif,positif,positif,md
oQKG8HMTscg,user_54b8655de302,False,1728172800,7,positif,0.7901,positif,tanpa_emoji,positif,md
oQKG8HMTscg,user_6b002464f222,False,1728172800,8,positif,0.994,positif,tanpa_emoji,positif,md
u-QOjVp4ob0,user_ad2e519a1dd4,False,1785974400,0,negatif,0.9885,netral,netral,negatif,md
u-QOjVp4ob0,user_f1dd125e8c1d,False,1759708800,0,negatif,0.9977,netral,tanpa_emoji,negatif,md
u-QOjVp4ob0,user_8ce048e2a21e,False,1759708800,0,negatif,0.8291,negatif,tanpa_emoji,negatif,md
u-QOjVp4ob0,user_daf10e43fb8d,False,1759708800,0,positif,0.8994,positif,tanpa_emoji,positif,md
u-QOjVp4ob0,user_50bb83dc9cc4,False,1759708800,0,negatif,0.9752,positif,netral,negatif,md
u-QOjVp4ob0,user_97fb6f6dba93,False,1759708800,0,negatif,0.9985,negatif,tanpa_emoji,negatif,md
u-QOjVp4ob0,user_19a2edf1841a,False,1759708800,0,negatif,0.9988,positif,tanpa_emoji,negatif,md
u-QOjVp4ob0,user_1404f61dcf42,False,1759708800,2,negatif,0.9652,netral,tanpa_emoji,negatif,md
u-QOjVp4ob0,user_15b491d60537,False,1759708800,3,netral,0.4133,netral,tanpa_emoji,netral,md
u-QOjVp4ob0,user_989258d0b3e1,False,1759708800,0,negatif,0.9982,netral,tanpa_emoji,negatif,md
u-QOjVp4ob0,user_5a0de5d484bf,False,1759708800,0,negatif,0.998,negatif,tanpa_emoji,negatif,md
u-QOjVp4ob0,user_0edb4a3ead3e,False,1759708800,15,negatif,0.9602,negatif,tanpa_emoji,negatif,md
u-QOjVp4ob0,user_4be7b82203be,False,1759708800,1,negatif,0.5926,netral,positif,positif,md
u-QOjVp4ob0,user_c2a9dc7535c4,True,1759708800,1,negatif,0.9809,netral,tanpa_emoji,negatif,md
u-QOjVp4ob0,user_daf10e43fb8d,True,1759708800,0,negatif,0.8166,negatif,tanpa_emoji,negatif,md
u-QOjVp4ob0,user_b6b41e713135,False,1759708800,0,negatif,0.6267,netral,netral,negatif,md
u-QOjVp4ob0,user_ee59b802797e,False,1759708800,2,negatif,0.998,netral,netral,negatif,md
u-QOjVp4ob0,user_96bebd8553fc,False,1759708800,36,negatif,0.9763,positif,positif,negatif,md
u-QOjVp4ob0,user_97fde3150c5f,False,1759708800,6,negatif,0.9552,netral,tanpa_emoji,negatif,md
u-QOjVp4ob0,user_9ec831e605df,True,1759708800,0,netral,0.8742,netral,tanpa_emoji,netral,md
u-QOjVp4ob0,user_397cae5a574b,True,1759708800,0,positif,0.9976,positif,positif,positif,md
u-QOjVp4ob0,user_ed6fd12ec064,True,1759708800,0,netral,0.5018,netral,tanpa_emoji,netral,md
u-QOjVp4ob0,user_c2a090636dff,True,1759708800,0,netral,0.9948,netral,tanpa_emoji,netral,md
u-QOjVp4ob0,user_92381187eef2,False,1759708800,3,positif,0.9987,positif,positif,positif,md
u-QOjVp4ob0,user_9d1afef12b97,True,1759708800,0,negatif,0.8886,netral,tanpa_emoji,negatif,md
u-QOjVp4ob0,user_91df18344dfd,False,1759708800,3,positif,0.909,netral,tanpa_emoji,positif,md
u-QOjVp4ob0,user_97fde3150c5f,True,1759708800,0,negatif,0.5884,netral,tanpa_emoji,negatif,md
u-QOjVp4ob0,user_91df18344dfd,True,1759708800,0,positif,0.8806,positif,tanpa_emoji,positif,md
u-QOjVp4ob0,user_9588cb14198a,False,1759708800,1,netral,0.9323,netral,tanpa_emoji,netral,md
u-QOjVp4ob0,user_fc8eb660597a,True,1759708800,0,negatif,0.8024,netral,tanpa_emoji,negatif,md
u-QOjVp4ob0,user_c5a285bd65f1,False,1759708800,0,netral,0.9653,netral,tanpa_emoji,netral,md
u-QOjVp4ob0,user_87eef7caba6a,False,1759708800,0,negatif,0.6447,netral,netral,negatif,md
u-QOjVp4ob0,user_5633272a0627,False,1759708800,8,negatif,0.9953,netral,netral,negatif,md
u-QOjVp4ob0,user_356ed6461227,True,1759708800,0,netral,0.8379,netral,tanpa_emoji,netral,md
u-QOjVp4ob0,user_d2b6a70c1189,False,1759708800,0,negatif,0.6422,netral,tanpa_emoji,negatif,md
u-QOjVp4ob0,user_30ed54cd1b0e,False,1759708800,8,netral,0.8495,netral,tanpa_emoji,netral,md
u-QOjVp4ob0,user_62e6c9e087f5,True,1759708800,0,negatif,0.9019,netral,tanpa_emoji,negatif,md
u-QOjVp4ob0,user_d2b6a70c1189,False,1759708800,0,netral,0.8224,netral,tanpa_emoji,netral,md
u-QOjVp4ob0,user_be7827177af6,False,1759708800,0,positif,0.9845,positif,tanpa_emoji,positif,md
u-QOjVp4ob0,user_d2b6a70c1189,False,1759708800,0,netral,0.8224,netral,tanpa_emoji,netral,md
u-QOjVp4ob0,user_10f0155dcd10,False,1759708800,0,negatif,0.9726,netral,tanpa_emoji,negatif,md
u-QOjVp4ob0,user_5c47c5e66105,False,1759708800,1,negatif,0.4303,netral,tanpa_emoji,negatif,md
u-QOjVp4ob0,user_1f71cd28340f,False,1759708800,1,negatif,0.5941,netral,tanpa_emoji,negatif,md
u-QOjVp4ob0,user_c6158c930951,True,1759708800,0,negatif,0.8767,netral,tanpa_emoji,negatif,md
u-QOjVp4ob0,user_d2b6a70c1189,True,1759708800,0,negatif,0.6422,netral,tanpa_emoji,negatif,md
u-QOjVp4ob0,user_4d3d93b70dac,False,1759708800,0,negatif,0.8628,negatif,netral,negatif,md
u-QOjVp4ob0,user_15a2a52d51d5,True,1759708800,0,netral,0.8764,netral,tanpa_emoji,netral,md
u-QOjVp4ob0,user_4d3d93b70dac,True,1759708800,0,negatif,0.9858,netral,tanpa_emoji,negatif,md
u-QOjVp4ob0,user_13e7d8195679,True,1759708800,0,negatif,0.7238,netral,tanpa_emoji,negatif,md
u-QOjVp4ob0,user_4d3d93b70dac,True,1759708800,0,netral,0.9672,netral,tanpa_emoji,netral,md
u-QOjVp4ob0,user_58328ec4b237,True,1759708800,0,netral,0.6286,netral,tanpa_emoji,netral,md
u-QOjVp4ob0,user_c6158c930951,True,1759708800,0,negatif,0.9976,positif,tanpa_emoji,negatif,md
u-QOjVp4ob0,user_5d00724f6569,True,1759708800,0,negatif,0.9645,netral,tanpa_emoji,negatif,md
u-QOjVp4ob0,user_8b135f141170,True,1759708800,0,negatif,0.9717,netral,netral,negatif,md
u-QOjVp4ob0,user_c2a090636dff,True,1759708800,0,netral,0.9972,netral,tanpa_emoji,netral,md
u-QOjVp4ob0,user_0bdf00d8f4a6,False,1759708800,5,positif,0.79,positif,positif,positif,md
u-QOjVp4ob0,user_51b43dd9a9f6,False,1759708800,0,negatif,0.9772,positif,positif,positif,md
u-QOjVp4ob0,user_51b43dd9a9f6,False,1759708800,4,positif,0.8441,positif,positif,positif,md
u-QOjVp4ob0,user_51b43dd9a9f6,False,1759708800,16,positif,0.999,positif,positif,positif,md
u-QOjVp4ob0,user_da4634793a3b,False,1759708800,73,positif,0.556,positif,tanpa_emoji,positif,md
u-QOjVp4ob0,user_a615ab8e968c,True,1759708800,3,negatif,0.5366,netral,tanpa_emoji,negatif,md
u-QOjVp4ob0,user_c279d380ab5b,True,1759708800,0,netral,0.9576,netral,tanpa_emoji,netral,md
u-QOjVp4ob0,user_865b19a2f99c,True,1759708800,1,positif,0.8977,netral,tanpa_emoji,positif,md
u-QOjVp4ob0,user_2c45fcf78a11,True,1759708800,1,negatif,0.8612,netral,tanpa_emoji,negatif,md
u-QOjVp4ob0,user_65e0ffb91918,True,1759708800,1,negatif,0.7997,netral,tanpa_emoji,negatif,md
u-QOjVp4ob0,user_b16cbb5781ba,True,1759708800,1,negatif,0.4169,netral,tanpa_emoji,negatif,md
u-QOjVp4ob0,user_f9beef2db9dd,True,1759708800,1,netral,0.9917,netral,tanpa_emoji,netral,md
u-QOjVp4ob0,user_6466a68829e4,True,1759708800,0,negatif,0.9741,netral,tanpa_emoji,negatif,md
u-QOjVp4ob0,user_fb5af812dd57,True,1759708800,0,negatif,0.835,netral,tanpa_emoji,negatif,md
u-QOjVp4ob0,user_f4ff900fc462,True,1759708800,0,negatif,0.9656,netral,netral,negatif,md
u-QOjVp4ob0,user_ea79d76f8815,True,1759708800,0,netral,0.7923,netral,tanpa_emoji,netral,md
u-QOjVp4ob0,user_00c736cad5d2,True,1759708800,0,negatif,0.9369,netral,tanpa_emoji,negatif,md
u-QOjVp4ob0,user_9d317a0589cc,True,1759708800,0,negatif,0.9824,netral,tanpa_emoji,negatif,md
u-QOjVp4ob0,user_f9beef2db9dd,True,1759708800,0,netral,0.9944,netral,tanpa_emoji,netral,md
u-QOjVp4ob0,user_c2a090636dff,True,1759708800,0,netral,0.9972,netral,tanpa_emoji,netral,md
u-QOjVp4ob0,user_9b095e7bb46d,True,1759708800,0,negatif,0.7518,netral,tanpa_emoji,negatif,md
u-QOjVp4ob0,user_c2a090636dff,False,1759708800,1,netral,0.9972,netral,tanpa_emoji,netral,md
u-QOjVp4ob0,user_ab7735e00181,False,1759708800,16,positif,0.9855,positif,positif,positif,md
u-QOjVp4ob0,user_c29da1f160ab,False,1759708800,1,negatif,0.9812,positif,positif,negatif,md
u-QOjVp4ob0,user_29355f2e52be,False,1759708800,2,positif,0.7197,netral,tanpa_emoji,positif,md
u-QOjVp4ob0,user_f37d19991e7a,False,1759708800,1,negatif,0.9041,positif,tanpa_emoji,negatif,md
u-QOjVp4ob0,user_10ebaf47d61c,False,1759708800,4,positif,0.9909,positif,positif,positif,md
16A1f7cAoOQ,user_e244690282c3,False,1759708800,10,negatif,0.9948,netral,netral,negatif,soraya
16A1f7cAoOQ,user_4954bd98bd85,False,1778025600,1,negatif,0.9664,netral,netral,negatif,soraya
16A1f7cAoOQ,user_455f4cc92681,False,1759708800,0,negatif,0.6016,positif,tanpa_emoji,negatif,soraya
16A1f7cAoOQ,user_9b73867076ed,False,1759708800,3,positif,0.6754,positif,tanpa_emoji,positif,soraya
16A1f7cAoOQ,user_3d8c0a3f1563,False,1764979200,0,positif,0.993,positif,positif,positif,soraya
16A1f7cAoOQ,user_3d8c0a3f1563,False,1764979200,0,positif,0.998,positif,positif,positif,soraya
16A1f7cAoOQ,user_659104344b08,False,1759708800,1,negatif,0.9975,positif,netral,negatif,soraya
16A1f7cAoOQ,user_ea9b2015c36d,False,1759708800,3,negatif,0.9738,netral,tanpa_emoji,negatif,soraya
16A1f7cAoOQ,user_c8f1f024bdec,False,1759708800,7,positif,0.8936,positif,tanpa_emoji,positif,soraya
16A1f7cAoOQ,user_397621070d8b,True,1759708800,2,netral,0.5486,netral,tanpa_emoji,netral,soraya
16A1f7cAoOQ,user_f472469b4848,False,1759708800,0,negatif,0.8771,netral,tanpa_emoji,negatif,soraya
16A1f7cAoOQ,user_5b685954077f,False,1759708800,1,negatif,0.6175,netral,tanpa_emoji,negatif,soraya
16A1f7cAoOQ,user_43f7169488ce,False,1759708800,1,netral,0.891,netral,tanpa_emoji,netral,soraya
16A1f7cAoOQ,user_f79e459d1f15,True,1759708800,1,netral,0.6956,netral,tanpa_emoji,netral,soraya
16A1f7cAoOQ,user_0c3c74024ed6,False,1759708800,1,negatif,0.9898,netral,tanpa_emoji,negatif,soraya
16A1f7cAoOQ,user_0dba4d1e6b04,False,1759708800,8,positif,0.9979,positif,tanpa_emoji,positif,soraya
16A1f7cAoOQ,user_e45b421b16ff,False,1759708800,1,negatif,0.99,netral,netral,negatif,soraya
16A1f7cAoOQ,user_92c6cd853650,True,1759708800,1,positif,0.8353,positif,tanpa_emoji,positif,soraya
16A1f7cAoOQ,user_a147dad32292,False,1759708800,9,negatif,0.8836,negatif,tanpa_emoji,negatif,soraya
16A1f7cAoOQ,user_4b2979a548ea,True,1759708800,2,negatif,0.9207,positif,tanpa_emoji,negatif,soraya
16A1f7cAoOQ,user_939ced73bc01,True,1759708800,1,negatif,0.9884,netral,tanpa_emoji,negatif,soraya
16A1f7cAoOQ,user_a19274cd6d1b,False,1759708800,2,positif,0.8316,positif,tanpa_emoji,positif,soraya
16A1f7cAoOQ,user_3d8c0a3f1563,False,1764979200,0,positif,0.9776,positif,positif,positif,soraya
16A1f7cAoOQ,user_8a1602031afc,False,1759708800,1,positif,0.9003,negatif,netral,positif,soraya
4m5yC1BPNpw,user_402ad10a70c7,False,1785974400,0,negatif,0.9989,netral,tanpa_emoji,negatif,soraya
4m5yC1BPNpw,user_2951750f388c,False,1785974400,0,positif,0.9661,netral,tanpa_emoji,positif,soraya
4m5yC1BPNpw,user_2951750f388c,False,1785974400,0,positif,0.998,positif,tanpa_emoji,positif,soraya
4m5yC1BPNpw,user_03b312ef96a9,False,1783296000,0,positif,0.9896,positif,tanpa_emoji,positif,soraya
4m5yC1BPNpw,user_7bd2f11d34a1,False,1775433600,3,negatif,0.989,netral,tanpa_emoji,negatif,soraya
4m5yC1BPNpw,user_744a911728f6,True,1775433600,1,negatif,0.969,netral,netral,negatif,soraya
4m5yC1BPNpw,user_b2961f12e661,True,1778025600,0,negatif,0.9453,netral,tanpa_emoji,negatif,soraya
4m5yC1BPNpw,user_ed67be59e5b8,False,1770336000,1,positif,0.9755,positif,netral,positif,soraya
4m5yC1BPNpw,user_b6c0482d46c6,False,1762387200,1,netral,0.9247,positif,tanpa_emoji,netral,soraya
4m5yC1BPNpw,user_bffbc3b2a6d4,False,1762387200,1,positif,0.9824,positif,tanpa_emoji,positif,soraya
4m5yC1BPNpw,user_b6c0482d46c6,False,1762387200,1,positif,0.974,positif,tanpa_emoji,positif,soraya
4m5yC1BPNpw,user_0a9daa4c4c1a,False,1759708800,1,negatif,0.9949,netral,tanpa_emoji,negatif,soraya
4m5yC1BPNpw,user_90d6140700d4,False,1759708800,1,positif,0.8647,negatif,negatif,positif,soraya
4m5yC1BPNpw,user_33aa0d68754e,False,1759708800,1,negatif,0.725,positif,tanpa_emoji,negatif,soraya
4m5yC1BPNpw,user_7054cbba8778,False,1759708800,0,positif,0.7542,positif,tanpa_emoji,positif,soraya
4m5yC1BPNpw,user_41ead3ec41ad,False,1759708800,0,negatif,0.9875,netral,netral,negatif,soraya
4m5yC1BPNpw,user_de7b1e6d751d,False,1759708800,0,positif,0.8996,netral,tanpa_emoji,positif,soraya
4m5yC1BPNpw,user_6deff9afdb59,True,1775433600,1,positif,0.7723,positif,tanpa_emoji,positif,soraya
4m5yC1BPNpw,user_41da2f6bd610,False,1759708800,0,netral,0.5966,netral,tanpa_emoji,netral,soraya
4m5yC1BPNpw,user_8d9bed64b2fd,False,1759708800,1,positif,0.7657,positif,tanpa_emoji,positif,soraya
4m5yC1BPNpw,user_8509e45099a2,False,1728172800,1,netral,0.97,netral,tanpa_emoji,netral,soraya
4m5yC1BPNpw,user_e48e5662d2b3,False,1728172800,1,negatif,0.9865,netral,tanpa_emoji,negatif,soraya
4m5yC1BPNpw,user_03f1eddbfe04,False,1728172800,0,netral,0.6078,netral,tanpa_emoji,netral,soraya
4m5yC1BPNpw,user_8702f676ba1a,False,1728172800,0,netral,0.5987,netral,tanpa_emoji,netral,soraya
4m5yC1BPNpw,user_8702f676ba1a,True,1728172800,0,netral,0.5063,netral,tanpa_emoji,netral,soraya
4m5yC1BPNpw,user_6e49e7e1cbec,False,1728172800,0,positif,0.9907,positif,tanpa_emoji,positif,soraya
4m5yC1BPNpw,user_961f3d26d8d0,False,1728172800,1,negatif,0.9537,netral,netral,negatif,soraya
4m5yC1BPNpw,user_6e3e49068078,False,1728172800,1,negatif,0.6192,netral,tanpa_emoji,negatif,soraya
4m5yC1BPNpw,user_56e198bc3fd7,False,1728172800,0,negatif,0.8688,netral,netral,negatif,soraya
4m5yC1BPNpw,user_b6b5aa52e122,True,1728172800,0,negatif,0.6399,netral,tanpa_emoji,negatif,soraya
4m5yC1BPNpw,user_b322612abd21,False,1728172800,0,negatif,0.9991,netral,tanpa_emoji,negatif,soraya
4m5yC1BPNpw,user_e93567e3f6dd,False,1728172800,0,negatif,0.9698,positif,netral,negatif,soraya
4m5yC1BPNpw,user_65a8d50fda8a,False,1728172800,0,negatif,0.6159,positif,positif,negatif,soraya
4m5yC1BPNpw,user_580859e381f8,False,1728172800,2,positif,0.9976,positif,tanpa_emoji,positif,soraya
4m5yC1BPNpw,user_f3934e455dfe,False,1696550400,0,negatif,0.9915,negatif,tanpa_emoji,negatif,soraya
4m5yC1BPNpw,user_38dbdca74e42,True,1696550400,2,positif,0.5115,netral,tanpa_emoji,positif,soraya
4m5yC1BPNpw,user_6e629668069b,False,1696550400,0,positif,0.9497,positif,positif,positif,soraya
4m5yC1BPNpw,user_38dbdca74e42,True,1696550400,0,negatif,0.9574,negatif,tanpa_emoji,negatif,soraya
4m5yC1BPNpw,user_0172d79e7e95,False,1696550400,0,negatif,0.753,positif,tanpa_emoji,negatif,soraya
4m5yC1BPNpw,user_0ef43904dced,False,1696550400,1,negatif,0.5012,netral,tanpa_emoji,negatif,soraya
4m5yC1BPNpw,user_ffa6f9c6889f,True,1696550400,1,negatif,0.765,netral,tanpa_emoji,negatif,soraya
4m5yC1BPNpw,user_cbff6b31e587,False,1696550400,1,negatif,0.9953,netral,tanpa_emoji,negatif,soraya
4m5yC1BPNpw,user_b0e15cd15915,False,1696550400,1,netral,0.4826,netral,tanpa_emoji,netral,soraya
4m5yC1BPNpw,user_65a5fcc64072,True,1696550400,2,positif,0.925,positif,tanpa_emoji,positif,soraya
4m5yC1BPNpw,user_e2911df22ecd,True,1696550400,0,negatif,0.9671,negatif,tanpa_emoji,negatif,soraya
4m5yC1BPNpw,user_0c1692bf30c8,True,1696550400,5,positif,0.8595,netral,tanpa_emoji,positif,soraya
4m5yC1BPNpw,user_3578c5280961,False,1696550400,0,positif,0.9919,netral,tanpa_emoji,positif,soraya
4m5yC1BPNpw,user_088dc9c57ad1,False,1696550400,1,netral,0.6215,netral,tanpa_emoji,netral,soraya
4m5yC1BPNpw,user_ff95c4f470ab,False,1696550400,1,positif,0.8366,netral,tanpa_emoji,positif,soraya
4m5yC1BPNpw,user_f14106f32400,True,1696550400,0,negatif,0.6583,netral,tanpa_emoji,negatif,soraya
4m5yC1BPNpw,user_efe146df0043,False,1696550400,0,negatif,0.9373,netral,netral,negatif,soraya
4m5yC1BPNpw,user_f14106f32400,True,1696550400,0,negatif,0.9949,netral,tanpa_emoji,negatif,soraya
4m5yC1BPNpw,user_8f6f1694b6c4,False,1696550400,2,positif,0.9707,netral,tanpa_emoji,positif,soraya
4m5yC1BPNpw,user_f14106f32400,True,1696550400,0,positif,0.9904,positif,tanpa_emoji,positif,soraya
4m5yC1BPNpw,user_02b0cca6bb02,False,1696550400,1,netral,0.7222,netral,tanpa_emoji,netral,soraya
4m5yC1BPNpw,user_05826126b5a9,True,1696550400,0,negatif,0.9844,netral,tanpa_emoji,negatif,soraya
4m5yC1BPNpw,user_5e9cb185431f,False,1696550400,1,positif,0.9882,positif,tanpa_emoji,positif,soraya
4m5yC1BPNpw,user_6dec0d52eeb0,False,1696550400,1,negatif,0.67,netral,tanpa_emoji,negatif,soraya
4m5yC1BPNpw,user_4379a6b2c7b2,False,1696550400,2,negatif,0.9988,netral,netral,negatif,soraya
4m5yC1BPNpw,user_1048bf1c61c6,False,1696550400,1,positif,0.9675,positif,positif,positif,soraya
4m5yC1BPNpw,user_88c2396c7b5a,False,1696550400,1,netral,0.9971,netral,tanpa_emoji,netral,soraya
4m5yC1BPNpw,user_b51f30309907,False,1696550400,3,positif,0.8237,netral,netral,positif,soraya
4m5yC1BPNpw,user_f14106f32400,True,1696550400,0,negatif,0.8248,netral,tanpa_emoji,negatif,soraya
4m5yC1BPNpw,user_f739acaf0d7a,False,1696550400,3,positif,0.837,netral,tanpa_emoji,positif,soraya
4m5yC1BPNpw,user_3534517d3c66,False,1696550400,3,negatif,0.9941,positif,netral,negatif,soraya
4m5yC1BPNpw,user_84110201f654,False,1696550400,2,netral,0.8872,netral,tanpa_emoji,netral,soraya
4m5yC1BPNpw,user_874f5e86c07f,False,1696550400,1,negatif,0.6124,netral,netral,netral,soraya
4m5yC1BPNpw,user_695a94770843,False,1696550400,1,positif,0.8911,positif,positif,positif,soraya
4m5yC1BPNpw,user_b525f10069b6,False,1665014400,1,negatif,0.8979,netral,tanpa_emoji,negatif,soraya
4m5yC1BPNpw,user_77fc9235905f,False,1665014400,1,negatif,0.4685,netral,tanpa_emoji,negatif,soraya
4m5yC1BPNpw,user_d561fb2fd504,False,1665014400,3,negatif,0.8342,negatif,tanpa_emoji,negatif,soraya
4m5yC1BPNpw,user_adfa257cb611,True,1696550400,1,netral,0.8099,netral,tanpa_emoji,netral,soraya
4m5yC1BPNpw,user_e12ef994c1e3,False,1665014400,1,positif,0.9939,positif,netral,positif,soraya
4m5yC1BPNpw,user_8246fc4d0472,False,1665014400,1,negatif,0.9953,positif,tanpa_emoji,negatif,soraya
4m5yC1BPNpw,user_816c19531e52,False,1665014400,2,positif,0.9358,positif,tanpa_emoji,positif,soraya
4m5yC1BPNpw,user_a3fc29b72556,False,1665014400,2,negatif,0.9938,netral,netral,negatif,soraya
4m5yC1BPNpw,user_be6b4adb10e6,False,1665014400,1,netral,0.8748,netral,tanpa_emoji,netral,soraya
4m5yC1BPNpw,user_0a263531e9cf,False,1665014400,5,negatif,0.9813,netral,netral,negatif,soraya
4m5yC1BPNpw,user_8dfbe436bafd,False,1665014400,4,positif,0.9978,positif,positif,positif,soraya
4m5yC1BPNpw,user_d9732cd7abaa,False,1665014400,3,negatif,0.9529,netral,tanpa_emoji,negatif,soraya
4m5yC1BPNpw,user_73848db937b6,False,1665014400,1,negatif,0.9089,netral,tanpa_emoji,negatif,soraya
4m5yC1BPNpw,user_63f30569cb64,False,1665014400,0,negatif,0.9845,netral,tanpa_emoji,negatif,soraya
4m5yC1BPNpw,user_bb923bbfa165,False,1665014400,1,positif,0.6903,positif,tanpa_emoji,positif,soraya
4m5yC1BPNpw,user_aee5c56aef6c,False,1665014400,0,positif,0.9966,positif,tanpa_emoji,positif,soraya
4m5yC1BPNpw,user_5bd418616011,False,1665014400,0,negatif,0.9379,netral,tanpa_emoji,negatif,soraya
4m5yC1BPNpw,user_d8d54e57709b,False,1665014400,4,negatif,0.9992,negatif,tanpa_emoji,negatif,soraya
4m5yC1BPNpw,user_ff78fd50cd7f,False,1665014400,0,positif,0.6385,netral,netral,positif,soraya
4m5yC1BPNpw,user_ed2dd995f1fa,False,1665014400,0,negatif,0.7323,netral,tanpa_emoji,negatif,soraya
4m5yC1BPNpw,user_681c08f5f5aa,False,1665014400,0,negatif,0.9595,positif,tanpa_emoji,negatif,soraya
4m5yC1BPNpw,user_d293c664d2d4,False,1665014400,1,positif,0.9961,positif,positif,positif,soraya
4m5yC1BPNpw,user_56478f9a07c5,False,1665014400,3,positif,0.9989,positif,positif,positif,soraya
4m5yC1BPNpw,user_022e04602a5e,False,1665014400,1,positif,0.9885,positif,tanpa_emoji,positif,soraya
4m5yC1BPNpw,user_c42474be6532,False,1665014400,11,positif,0.995,positif,tanpa_emoji,positif,soraya
4m5yC1BPNpw,user_bed804a8d32b,False,1665014400,0,negatif,0.9955,positif,positif,negatif,soraya
4m5yC1BPNpw,user_616e87acc4a8,False,1665014400,0,positif,0.9259,netral,tanpa_emoji,positif,soraya
4m5yC1BPNpw,user_6207eaa67735,False,1665014400,0,negatif,0.9881,netral,tanpa_emoji,negatif,soraya
4m5yC1BPNpw,user_1f922d8e68da,False,1665014400,0,negatif,0.9127,netral,tanpa_emoji,negatif,soraya
4m5yC1BPNpw,user_993b1db5ae1d,False,1633478400,0,netral,0.8306,netral,tanpa_emoji,netral,soraya
4m5yC1BPNpw,user_d16208284a47,False,1633478400,0,positif,0.9959,positif,positif,positif,soraya
4m5yC1BPNpw,user_df08a600c5e8,False,1633478400,0,negatif,0.714,netral,netral,negatif,soraya
4m5yC1BPNpw,user_ea1d515cd6e2,False,1633478400,0,positif,0.8952,negatif,tanpa_emoji,positif,soraya
4m5yC1BPNpw,user_64f0609e5dd3,False,1633478400,0,positif,0.6358,positif,positif,positif,soraya
4m5yC1BPNpw,user_f5f3c46a79c2,False,1633478400,1,netral,0.9834,netral,tanpa_emoji,netral,soraya
4m5yC1BPNpw,user_4852c410fe24,False,1633478400,1,negatif,0.976,negatif,tanpa_emoji,negatif,soraya
4m5yC1BPNpw,user_48373fe51514,True,1665014400,1,positif,0.8406,netral,tanpa_emoji,positif,soraya
4m5yC1BPNpw,user_664ee1ad6948,False,1633478400,0,negatif,0.9143,netral,tanpa_emoji,negatif,soraya
4m5yC1BPNpw,user_ba9e353fc186,False,1633478400,0,positif,0.9968,positif,tanpa_emoji,positif,soraya
4m5yC1BPNpw,user_081b0f8604be,False,1633478400,0,negatif,0.9871,negatif,tanpa_emoji,negatif,soraya
4m5yC1BPNpw,user_2e06cc00844a,False,1633478400,0,negatif,0.9153,netral,tanpa_emoji,negatif,soraya
4m5yC1BPNpw,user_123f0b8456e0,False,1633478400,0,negatif,0.9259,netral,tanpa_emoji,negatif,soraya
4m5yC1BPNpw,user_0d5dc435f8ef,False,1633478400,0,positif,0.8241,positif,netral,positif,soraya
4m5yC1BPNpw,user_8faa96942710,False,1633478400,0,netral,0.5301,netral,tanpa_emoji,netral,soraya
4m5yC1BPNpw,user_9558353c733f,False,1633478400,0,negatif,0.9991,netral,tanpa_emoji,negatif,soraya
4m5yC1BPNpw,user_bef92c815e1c,False,1633478400,0,positif,0.8896,netral,tanpa_emoji,positif,soraya
4m5yC1BPNpw,user_350c61845947,False,1633478400,0,netral,0.523,netral,tanpa_emoji,netral,soraya
4m5yC1BPNpw,user_493ff65874c5,False,1633478400,1,positif,0.9782,positif,netral,positif,soraya
4m5yC1BPNpw,user_17071c3b6042,False,1633478400,1,negatif,0.998,negatif,tanpa_emoji,negatif,soraya
4m5yC1BPNpw,user_3ed32944d987,False,1633478400,0,negatif,0.9921,positif,tanpa_emoji,negatif,soraya
4m5yC1BPNpw,user_fa7f96025493,True,1696550400,1,negatif,0.5625,netral,tanpa_emoji,negatif,soraya
4m5yC1BPNpw,user_3ed32944d987,True,1696550400,0,negatif,0.8691,netral,tanpa_emoji,negatif,soraya
4m5yC1BPNpw,user_fa7f96025493,True,1696550400,0,netral,0.9692,netral,tanpa_emoji,netral,soraya
4m5yC1BPNpw,user_6cb2f08f2570,False,1633478400,0,negatif,0.9795,positif,tanpa_emoji,negatif,soraya
4m5yC1BPNpw,user_7bc9f8cfa47c,False,1633478400,3,positif,0.9137,positif,tanpa_emoji,positif,soraya
4m5yC1BPNpw,user_410b37af31e1,False,1633478400,0,netral,0.98,netral,tanpa_emoji,netral,soraya
4m5yC1BPNpw,user_61a4451c1d83,False,1633478400,0,negatif,0.9963,netral,tanpa_emoji,negatif,soraya
4m5yC1BPNpw,user_f85ec95e654b,False,1633478400,0,negatif,0.9984,netral,tanpa_emoji,negatif,soraya
4m5yC1BPNpw,user_6dab0c863e22,True,1633478400,3,negatif,0.9694,netral,netral,negatif,soraya
4m5yC1BPNpw,user_adfd7eb9812b,False,1633478400,0,negatif,0.9322,netral,tanpa_emoji,negatif,soraya
4m5yC1BPNpw,user_adfd7eb9812b,False,1633478400,0,positif,0.9079,netral,tanpa_emoji,positif,soraya
4m5yC1BPNpw,user_6dab0c863e22,True,1633478400,0,negatif,0.7893,netral,tanpa_emoji,negatif,soraya
4m5yC1BPNpw,user_6da5546935bc,False,1633478400,8,positif,0.5593,positif,tanpa_emoji,positif,soraya
4m5yC1BPNpw,user_ad2c0bb2c090,False,1633478400,0,netral,0.9768,netral,tanpa_emoji,netral,soraya
4m5yC1BPNpw,user_05fa20df6bf9,False,1633478400,0,negatif,0.9641,negatif,tanpa_emoji,negatif,soraya
4m5yC1BPNpw,user_bda7a61c45d1,False,1633478400,0,positif,0.6295,positif,positif,positif,soraya
4m5yC1BPNpw,user_2b03a0f85de3,False,1633478400,0,positif,0.6042,netral,tanpa_emoji,positif,soraya
4m5yC1BPNpw,user_2b03a0f85de3,False,1633478400,0,negatif,0.886,positif,tanpa_emoji,negatif,soraya
4m5yC1BPNpw,user_2b03a0f85de3,False,1633478400,0,negatif,0.9868,netral,tanpa_emoji,negatif,soraya
4m5yC1BPNpw,user_2b03a0f85de3,False,1633478400,0,negatif,0.8184,netral,tanpa_emoji,negatif,soraya
4m5yC1BPNpw,user_b767642afb4a,False,1633478400,0,netral,0.6042,netral,tanpa_emoji,netral,soraya
4m5yC1BPNpw,user_0670cd2423fd,False,1633478400,1,negatif,0.8962,netral,netral,netral,soraya
4m5yC1BPNpw,user_66b1a6e39759,False,1633478400,0,negatif,0.7185,netral,tanpa_emoji,negatif,soraya
4m5yC1BPNpw,user_17f412f28b7b,False,1601942400,0,netral,0.9955,netral,tanpa_emoji,netral,soraya
4m5yC1BPNpw,user_f467a51918b1,False,1601942400,0,netral,0.9663,netral,tanpa_emoji,netral,soraya
4m5yC1BPNpw,user_93b40258600d,False,1601942400,0,negatif,0.9296,netral,netral,negatif,soraya
4m5yC1BPNpw,user_8c0b3691c3bd,False,1601942400,1,positif,0.7458,netral,tanpa_emoji,positif,soraya
4m5yC1BPNpw,user_2cea5f21f52f,False,1601942400,0,positif,0.7993,netral,tanpa_emoji,positif,soraya
4m5yC1BPNpw,user_14a7b6309634,False,1601942400,0,negatif,0.8264,netral,tanpa_emoji,negatif,soraya
4m5yC1BPNpw,user_454908dae6d8,False,1601942400,1,positif,0.799,netral,tanpa_emoji,positif,soraya
4m5yC1BPNpw,user_dda5fd867fe6,False,1601942400,0,netral,0.8164,netral,tanpa_emoji,netral,soraya
4m5yC1BPNpw,user_854d29abaa7b,False,1601942400,0,netral,0.7876,netral,tanpa_emoji,netral,soraya
4m5yC1BPNpw,user_7e1652183f65,False,1601942400,2,negatif,0.9985,negatif,tanpa_emoji,negatif,soraya
4m5yC1BPNpw,user_cbde7c490a85,False,1601942400,2,positif,0.9468,negatif,tanpa_emoji,positif,soraya
4m5yC1BPNpw,user_0dba813004e7,False,1601942400,0,negatif,0.7298,positif,positif,negatif,soraya
4m5yC1BPNpw,user_1d85d88edf09,False,1601942400,2,positif,0.6368,netral,tanpa_emoji,positif,soraya
4m5yC1BPNpw,user_6558984258ac,True,1601942400,0,negatif,0.8391,netral,tanpa_emoji,negatif,soraya
4m5yC1BPNpw,user_0c655293ef4d,True,1696550400,0,negatif,0.6417,netral,tanpa_emoji,negatif,soraya
4m5yC1BPNpw,user_3ce71860a022,False,1601942400,0,netral,0.9236,netral,tanpa_emoji,netral,soraya
4m5yC1BPNpw,user_11b8df208b33,False,1601942400,1,positif,0.992,positif,tanpa_emoji,positif,soraya
4m5yC1BPNpw,user_214a8da468d7,False,1601942400,2,negatif,0.9936,netral,tanpa_emoji,negatif,soraya
4m5yC1BPNpw,user_0c655293ef4d,True,1696550400,0,negatif,0.6417,netral,tanpa_emoji,negatif,soraya
4m5yC1BPNpw,user_f7ce829912d1,False,1601942400,1,positif,0.8102,positif,tanpa_emoji,positif,soraya
4m5yC1BPNpw,user_ab8fad45fb07,False,1601942400,0,netral,0.5398,netral,tanpa_emoji,netral,soraya
4m5yC1BPNpw,user_e87fa7744654,False,1601942400,0,negatif,0.7486,netral,tanpa_emoji,negatif,soraya
4m5yC1BPNpw,user_5e48dab0d771,False,1601942400,2,positif,0.9975,positif,tanpa_emoji,positif,soraya
4m5yC1BPNpw,user_11fd2fa78b47,False,1601942400,0,positif,0.9963,negatif,tanpa_emoji,positif,soraya
4m5yC1BPNpw,user_b2fba9d95ea8,False,1601942400,0,negatif,0.883,netral,tanpa_emoji,negatif,soraya
4m5yC1BPNpw,user_b762b80554d4,False,1601942400,7,positif,0.9849,netral,netral,positif,soraya
4m5yC1BPNpw,user_8a72d82e883b,False,1601942400,2,negatif,0.6166,netral,netral,negatif,soraya
4m5yC1BPNpw,user_f265a32410b3,True,1601942400,0,netral,0.5613,netral,tanpa_emoji,netral,soraya
4m5yC1BPNpw,user_eb2f28861f69,False,1601942400,0,negatif,0.9277,netral,tanpa_emoji,negatif,soraya
4m5yC1BPNpw,user_460cd2f5e2e2,False,1601942400,0,negatif,0.8412,netral,tanpa_emoji,negatif,soraya
4m5yC1BPNpw,user_32a9c425baa9,False,1601942400,0,positif,0.9957,positif,tanpa_emoji,positif,soraya
4m5yC1BPNpw,user_0ee72366805b,False,1601942400,1,positif,0.6334,netral,tanpa_emoji,positif,soraya
4m5yC1BPNpw,user_0ee72366805b,True,1601942400,0,netral,0.9014,netral,tanpa_emoji,netral,soraya
4m5yC1BPNpw,user_8d068fd0db1a,False,1601942400,5,positif,0.9784,netral,netral,positif,soraya
4m5yC1BPNpw,user_a2f5e83d9525,True,1601942400,0,negatif,0.9948,netral,netral,negatif,soraya
4m5yC1BPNpw,user_93facb71cc9f,False,1601942400,1,positif,0.6287,positif,tanpa_emoji,positif,soraya
4m5yC1BPNpw,user_791e8b8c538c,True,1601942400,2,negatif,0.993,negatif,tanpa_emoji,negatif,soraya
4m5yC1BPNpw,user_f66c14c99648,False,1601942400,0,negatif,0.694,netral,tanpa_emoji,negatif,soraya
4m5yC1BPNpw,user_0417dfc3fe50,False,1601942400,2,negatif,0.9833,positif,positif,negatif,soraya
4m5yC1BPNpw,user_e9956946d05b,False,1601942400,0,negatif,0.7558,netral,tanpa_emoji,negatif,soraya
4m5yC1BPNpw,user_07471e7ee75d,False,1601942400,0,netral,0.7707,netral,tanpa_emoji,netral,soraya
4m5yC1BPNpw,user_4b0bb736a582,False,1601942400,89,negatif,0.9029,netral,tanpa_emoji,negatif,soraya
4m5yC1BPNpw,user_210791b92003,True,1601942400,0,negatif,0.9955,netral,tanpa_emoji,negatif,soraya
4m5yC1BPNpw,user_41bfe331e97f,False,1601942400,32,negatif,0.9002,netral,tanpa_emoji,negatif,soraya
4m5yC1BPNpw,user_15c255e0134b,True,1601942400,2,positif,0.7402,netral,tanpa_emoji,positif,soraya
4m5yC1BPNpw,user_864c29799dcc,True,1601942400,1,negatif,0.8058,netral,tanpa_emoji,negatif,soraya
4m5yC1BPNpw,user_7bc9f8cfa47c,True,1633478400,1,negatif,0.4644,netral,tanpa_emoji,negatif,soraya
4m5yC1BPNpw,user_e27fc1042677,False,1601942400,0,negatif,0.9944,netral,netral,negatif,soraya
4m5yC1BPNpw,user_544f839cdb88,False,1601942400,3,positif,0.995,netral,tanpa_emoji,positif,soraya
4m5yC1BPNpw,user_32d981ea7ede,False,1601942400,1,netral,0.9708,netral,tanpa_emoji,netral,soraya
4m5yC1BPNpw,user_6da5546935bc,False,1601942400,3,netral,0.5897,netral,tanpa_emoji,netral,soraya
4m5yC1BPNpw,user_791e8b8c538c,True,1601942400,0,negatif,0.994,netral,tanpa_emoji,negatif,soraya
4m5yC1BPNpw,user_6da5546935bc,True,1601942400,0,netral,0.6755,netral,tanpa_emoji,netral,soraya
4m5yC1BPNpw,user_791e8b8c538c,True,1601942400,0,positif,0.9264,netral,tanpa_emoji,positif,soraya
4m5yC1BPNpw,user_6da5546935bc,True,1601942400,0,positif,0.7362,netral,tanpa_emoji,positif,soraya
4m5yC1BPNpw,user_791e8b8c538c,True,1601942400,0,negatif,0.5911,netral,tanpa_emoji,negatif,soraya
4m5yC1BPNpw,user_6da5546935bc,True,1601942400,0,negatif,0.9924,negatif,tanpa_emoji,negatif,soraya
4m5yC1BPNpw,user_32e05ad3ac79,True,1601942400,0,negatif,0.7538,negatif,negatif,negatif,soraya
4m5yC1BPNpw,user_7e52e01e3e32,False,1601942400,1,netral,0.4419,netral,tanpa_emoji,netral,soraya
4m5yC1BPNpw,user_b43d0fbf882d,False,1601942400,0,netral,0.9544,netral,tanpa_emoji,netral,soraya
4m5yC1BPNpw,user_15ddf58d463e,True,1601942400,1,netral,0.9,netral,tanpa_emoji,netral,soraya
4m5yC1BPNpw,user_81c649a4bbc9,False,1601942400,22,positif,0.621,positif,positif,positif,soraya
4m5yC1BPNpw,user_6ac51d872bc1,True,1633478400,1,netral,0.8401,netral,tanpa_emoji,netral,soraya
4m5yC1BPNpw,user_8e6418cb5383,False,1601942400,0,positif,0.9522,positif,positif,positif,soraya
4m5yC1BPNpw,user_05972a413052,False,1601942400,1,positif,0.9166,positif,tanpa_emoji,positif,soraya
4m5yC1BPNpw,user_c2bed3f71cf3,False,1601942400,3,negatif,0.9275,negatif,tanpa_emoji,negatif,soraya
4m5yC1BPNpw,user_20db8418e4fe,False,1601942400,0,positif,0.9851,positif,tanpa_emoji,positif,soraya
4m5yC1BPNpw,user_07c126db99f9,False,1601942400,0,netral,0.7142,netral,tanpa_emoji,netral,soraya
4m5yC1BPNpw,user_69ca97ca0530,False,1601942400,0,netral,0.609,netral,tanpa_emoji,netral,soraya
4m5yC1BPNpw,user_917ea62cb767,False,1601942400,0,negatif,0.9557,netral,tanpa_emoji,negatif,soraya
4m5yC1BPNpw,user_0118cce7e4df,False,1601942400,0,positif,0.9772,positif,tanpa_emoji,positif,soraya
4m5yC1BPNpw,user_974a261d0092,False,1601942400,0,positif,0.9176,netral,tanpa_emoji,positif,soraya
4m5yC1BPNpw,user_791e8b8c538c,False,1601942400,1,negatif,0.5011,netral,tanpa_emoji,negatif,soraya
4m5yC1BPNpw,user_eb2f28861f69,False,1601942400,0,netral,0.7071,netral,tanpa_emoji,netral,soraya
4m5yC1BPNpw,user_3db2fa648de2,False,1601942400,1,positif,0.7161,positif,tanpa_emoji,positif,soraya
4m5yC1BPNpw,user_bf368d7fe254,False,1601942400,0,negatif,0.8052,positif,tanpa_emoji,negatif,soraya
4m5yC1BPNpw,user_2abefee8c906,False,1601942400,0,negatif,0.8286,netral,tanpa_emoji,negatif,soraya
4m5yC1BPNpw,user_15ddf58d463e,True,1601942400,0,netral,0.9,netral,tanpa_emoji,netral,soraya
4m5yC1BPNpw,user_582722fb0cdf,False,1601942400,0,netral,0.543,netral,tanpa_emoji,netral,soraya
4m5yC1BPNpw,user_51939dfc8ac2,True,1601942400,0,netral,0.8002,netral,tanpa_emoji,netral,soraya
4m5yC1BPNpw,user_582722fb0cdf,False,1601942400,0,netral,0.543,netral,tanpa_emoji,netral,soraya
4m5yC1BPNpw,user_6b0cf86e319f,False,1601942400,0,positif,0.9635,netral,tanpa_emoji,positif,soraya
4m5yC1BPNpw,user_18fa3149724e,False,1601942400,0,positif,0.9938,positif,tanpa_emoji,positif,soraya
4m5yC1BPNpw,user_f69e0a421975,False,1570320000,0,negatif,0.9553,netral,tanpa_emoji,negatif,soraya
4m5yC1BPNpw,user_15ddf58d463e,True,1601942400,0,netral,0.9,netral,tanpa_emoji,netral,soraya
4m5yC1BPNpw,user_05e4ed38817d,False,1570320000,0,positif,0.9975,positif,positif,positif,soraya
4m5yC1BPNpw,user_0dca52abb272,False,1570320000,0,negatif,0.995,netral,tanpa_emoji,negatif,soraya
4m5yC1BPNpw,user_c2cb0bb784da,False,1570320000,0,positif,0.9844,netral,tanpa_emoji,positif,soraya
4m5yC1BPNpw,user_e467d969b7e1,False,1570320000,0,netral,0.975,netral,tanpa_emoji,netral,soraya
4m5yC1BPNpw,user_0fa712047258,False,1570320000,2,negatif,0.7282,positif,netral,negatif,soraya
4m5yC1BPNpw,user_dfc3c849e272,True,1601942400,0,positif,0.9313,netral,netral,positif,soraya
4m5yC1BPNpw,user_e6946814aeae,False,1570320000,1,negatif,0.7067,positif,tanpa_emoji,negatif,soraya
4m5yC1BPNpw,user_8f2e29647a20,False,1570320000,0,netral,0.9824,netral,tanpa_emoji,netral,soraya
4m5yC1BPNpw,user_c62d8bf11817,False,1570320000,1,negatif,0.9956,netral,tanpa_emoji,negatif,soraya
4m5yC1BPNpw,user_791e8b8c538c,True,1601942400,0,negatif,0.9887,netral,tanpa_emoji,negatif,soraya
4m5yC1BPNpw,user_bea2ce176425,False,1570320000,1,negatif,0.7505,netral,tanpa_emoji,negatif,soraya
4m5yC1BPNpw,user_dbbf84995259,False,1570320000,1,netral,0.8925,netral,tanpa_emoji,netral,soraya
4m5yC1BPNpw,user_c479f0bcd42f,False,1570320000,2,negatif,0.9974,netral,tanpa_emoji,negatif,soraya
4m5yC1BPNpw,user_5f3511f6abed,False,1570320000,1,negatif,0.967,netral,tanpa_emoji,negatif,soraya
4m5yC1BPNpw,user_564397a1a69f,False,1570320000,0,positif,0.9865,positif,tanpa_emoji,positif,soraya
4m5yC1BPNpw,user_7037667a87e1,False,1570320000,0,negatif,0.9954,positif,tanpa_emoji,negatif,soraya
4m5yC1BPNpw,user_8277a9a9b58c,False,1570320000,2,positif,0.9507,positif,tanpa_emoji,positif,soraya
4m5yC1BPNpw,user_7f7c0ce69d83,False,1570320000,0,netral,0.5367,netral,tanpa_emoji,netral,soraya
4m5yC1BPNpw,user_447dde998759,False,1570320000,1,positif,0.9838,netral,tanpa_emoji,positif,soraya
4m5yC1BPNpw,user_f7af97771c14,False,1570320000,0,netral,0.9216,netral,tanpa_emoji,netral,soraya
4m5yC1BPNpw,user_4e56c68ea951,False,1570320000,8,positif,0.9431,positif,tanpa_emoji,positif,soraya
4m5yC1BPNpw,user_6ef3cfa0a51c,False,1570320000,0,positif,0.9925,netral,tanpa_emoji,positif,soraya
4m5yC1BPNpw,user_eb7bbb1d39b6,False,1570320000,1,positif,0.9755,positif,tanpa_emoji,positif,soraya
4m5yC1BPNpw,user_ae411075423f,False,1570320000,0,negatif,0.7929,positif,tanpa_emoji,negatif,soraya
4m5yC1BPNpw,user_267f5c6339b7,False,1570320000,0,netral,0.8648,netral,tanpa_emoji,netral,soraya
4m5yC1BPNpw,user_b24e7ab27adb,False,1570320000,0,negatif,0.7053,netral,tanpa_emoji,negatif,soraya
4m5yC1BPNpw,user_d81655da1ccd,False,1570320000,0,negatif,0.8309,netral,tanpa_emoji,negatif,soraya
4m5yC1BPNpw,user_713df1cf181e,False,1570320000,2,netral,0.9818,netral,tanpa_emoji,netral,soraya
4m5yC1BPNpw,user_713df1cf181e,True,1570320000,0,negatif,0.5912,netral,tanpa_emoji,negatif,soraya
4m5yC1BPNpw,user_6da5546935bc,False,1570320000,6,positif,0.772,positif,tanpa_emoji,positif,soraya
4m5yC1BPNpw,user_86cddfd677ca,False,1570320000,1,positif,0.9952,positif,positif,positif,soraya
4m5yC1BPNpw,user_dfc3c849e272,True,1601942400,0,positif,0.9949,positif,positif,positif,soraya
4m5yC1BPNpw,user_f69e0a421975,False,1570320000,0,negatif,0.6382,negatif,tanpa_emoji,negatif,soraya
4m5yC1BPNpw,user_2976a4857599,False,1570320000,0,negatif,0.8501,netral,tanpa_emoji,negatif,soraya
4m5yC1BPNpw,user_c6f24947216a,False,1570320000,0,negatif,0.82,negatif,tanpa_emoji,negatif,soraya
4m5yC1BPNpw,user_6da5546935bc,True,1570320000,0,negatif,0.5639,netral,tanpa_emoji,negatif,soraya
4m5yC1BPNpw,user_6da5546935bc,True,1570320000,0,negatif,0.9442,netral,tanpa_emoji,negatif,soraya
4m5yC1BPNpw,user_82131ee352f3,False,1570320000,4,positif,0.8232,positif,netral,positif,soraya
4m5yC1BPNpw,user_2355538de05d,False,1570320000,1,negatif,0.6365,netral,tanpa_emoji,negatif,soraya
4m5yC1BPNpw,user_24caeded9d84,False,1570320000,0,positif,0.9686,positif,tanpa_emoji,positif,soraya
4m5yC1BPNpw,user_df6f454b783b,False,1570320000,1,positif,0.9923,positif,netral,positif,soraya
4m5yC1BPNpw,user_2fc8cbd70d31,False,1570320000,0,positif,0.8987,positif,tanpa_emoji,positif,soraya
4m5yC1BPNpw,user_118244200e05,False,1570320000,0,negatif,0.9811,positif,tanpa_emoji,negatif,soraya
4m5yC1BPNpw,user_6fb60b51832b,False,1570320000,0,negatif,0.9392,netral,tanpa_emoji,negatif,soraya
4m5yC1BPNpw,user_791e8b8c538c,True,1601942400,0,negatif,0.9724,netral,tanpa_emoji,negatif,soraya
4m5yC1BPNpw,user_8bff4c46f512,False,1570320000,0,negatif,0.7457,netral,tanpa_emoji,negatif,soraya
4m5yC1BPNpw,user_ada3b3a923af,False,1570320000,0,negatif,0.9948,netral,netral,negatif,soraya
4m5yC1BPNpw,user_69b4a633950c,False,1570320000,0,netral,0.7681,netral,tanpa_emoji,netral,soraya
4m5yC1BPNpw,user_b1b0fdb82467,False,1570320000,1,positif,0.8093,positif,netral,positif,soraya
4m5yC1BPNpw,user_fa2d9bb4447c,False,1570320000,1,negatif,0.9755,positif,tanpa_emoji,negatif,soraya
4m5yC1BPNpw,user_e75276e296e5,False,1570320000,1,netral,0.9112,positif,tanpa_emoji,netral,soraya
4m5yC1BPNpw,user_254e91393265,False,1570320000,1,positif,0.995,positif,tanpa_emoji,positif,soraya
4m5yC1BPNpw,user_54fa1f0b74f8,False,1570320000,0,positif,0.9936,positif,tanpa_emoji,positif,soraya
4m5yC1BPNpw,user_539529c7d62b,False,1570320000,1,positif,0.9965,positif,tanpa_emoji,positif,soraya
4m5yC1BPNpw,user_001791ff21e1,False,1570320000,0,positif,0.5714,positif,tanpa_emoji,positif,soraya
4m5yC1BPNpw,user_e650d0c8aac2,False,1570320000,0,negatif,0.539,positif,positif,positif,soraya
4m5yC1BPNpw,user_f7fcff9be9dd,False,1570320000,0,negatif,0.9153,netral,tanpa_emoji,negatif,soraya
4m5yC1BPNpw,user_785f7b928adc,False,1570320000,0,negatif,0.9948,negatif,tanpa_emoji,negatif,soraya
4m5yC1BPNpw,user_37eb6c095ed9,False,1570320000,5,positif,0.9634,positif,positif,positif,soraya
4m5yC1BPNpw,user_c8fe0f52b8eb,True,1570320000,2,negatif,0.9892,netral,tanpa_emoji,negatif,soraya
4m5yC1BPNpw,user_eb5b51d530c0,False,1570320000,1,negatif,0.9566,netral,negatif,negatif,soraya
4m5yC1BPNpw,user_d61c67c8f3d3,True,1570320000,0,negatif,0.9918,netral,tanpa_emoji,negatif,soraya
4m5yC1BPNpw,user_eb5b51d530c0,True,1570320000,0,negatif,0.9976,negatif,tanpa_emoji,negatif,soraya
4m5yC1BPNpw,user_eb5b51d530c0,True,1570320000,0,netral,0.9891,netral,tanpa_emoji,netral,soraya
4m5yC1BPNpw,user_276e278d3e2c,False,1570320000,0,positif,0.5556,netral,tanpa_emoji,positif,soraya
4m5yC1BPNpw,user_3c594debb578,False,1570320000,0,netral,0.8883,netral,tanpa_emoji,netral,soraya
4m5yC1BPNpw,user_60e6a73b3067,True,1570320000,1,netral,0.6859,netral,tanpa_emoji,netral,soraya
4m5yC1BPNpw,user_4aabd9eaca68,False,1570320000,0,netral,0.8392,netral,tanpa_emoji,netral,soraya
4m5yC1BPNpw,user_98f03da7629e,False,1570320000,0,negatif,0.9377,positif,netral,negatif,soraya
4m5yC1BPNpw,user_5b1c6da21e04,False,1570320000,0,positif,0.9781,netral,tanpa_emoji,positif,soraya
4m5yC1BPNpw,user_e258eed0d560,False,1570320000,1,positif,0.9888,positif,tanpa_emoji,positif,soraya
4m5yC1BPNpw,user_680ae1f87d11,False,1570320000,0,netral,0.6844,netral,tanpa_emoji,netral,soraya
4m5yC1BPNpw,user_9b91829d6422,True,1570320000,0,netral,0.9498,netral,tanpa_emoji,netral,soraya
4m5yC1BPNpw,user_680ae1f87d11,True,1570320000,0,negatif,0.7916,netral,tanpa_emoji,negatif,soraya
4m5yC1BPNpw,user_9b91829d6422,True,1570320000,0,netral,0.9698,netral,tanpa_emoji,netral,soraya
4m5yC1BPNpw,user_d8a94dc6b25e,False,1570320000,0,negatif,0.9928,netral,tanpa_emoji,negatif,soraya
4m5yC1BPNpw,user_316b077a0a87,False,1570320000,0,negatif,0.9253,netral,tanpa_emoji,negatif,soraya
4m5yC1BPNpw,user_cbca31a278a6,False,1570320000,0,negatif,0.7972,netral,tanpa_emoji,negatif,soraya
4m5yC1BPNpw,user_a187d796267b,False,1570320000,2,positif,0.8951,positif,tanpa_emoji,positif,soraya
4m5yC1BPNpw,user_d810f8b63454,True,1570320000,0,negatif,0.5004,negatif,tanpa_emoji,negatif,soraya
4m5yC1BPNpw,user_90f626f1a927,False,1570320000,1,positif,0.9765,netral,tanpa_emoji,positif,soraya
4m5yC1BPNpw,user_78bae0b69c7f,False,1570320000,0,netral,0.5732,netral,tanpa_emoji,netral,soraya
4m5yC1BPNpw,user_39d5581b7826,False,1570320000,0,positif,0.959,positif,tanpa_emoji,positif,soraya
4m5yC1BPNpw,user_ed0ad532d7e7,False,1570320000,0,positif,0.9822,positif,tanpa_emoji,positif,soraya
4m5yC1BPNpw,user_2778a841ad51,False,1570320000,3,negatif,0.7234,netral,netral,negatif,soraya
4m5yC1BPNpw,user_87ce153b44cb,False,1570320000,1,netral,0.5489,netral,tanpa_emoji,netral,soraya
4m5yC1BPNpw,user_cd1ef3b2b539,False,1570320000,0,netral,0.7278,netral,tanpa_emoji,netral,soraya
4m5yC1BPNpw,user_84a4151ddea5,False,1570320000,0,positif,0.8902,netral,tanpa_emoji,positif,soraya
4m5yC1BPNpw,user_84a4151ddea5,False,1570320000,0,negatif,0.9214,netral,tanpa_emoji,negatif,soraya
4m5yC1BPNpw,user_343c88c7b066,False,1570320000,0,negatif,0.9959,netral,tanpa_emoji,negatif,soraya
4m5yC1BPNpw,user_eeb3010a6392,False,1570320000,0,negatif,0.8783,netral,tanpa_emoji,negatif,soraya
4m5yC1BPNpw,user_37560b340929,False,1570320000,0,negatif,0.9922,netral,netral,negatif,soraya
4m5yC1BPNpw,user_e7d3b8308462,False,1570320000,0,negatif,0.9936,netral,netral,negatif,soraya
4m5yC1BPNpw,user_4958fe37a0f9,False,1570320000,1,positif,0.9962,positif,tanpa_emoji,positif,soraya
4m5yC1BPNpw,user_9cd79927f147,False,1570320000,0,positif,0.9953,positif,netral,positif,soraya
4m5yC1BPNpw,user_8f67a947c17d,False,1570320000,0,positif,0.789,netral,tanpa_emoji,positif,soraya
4m5yC1BPNpw,user_a2e4dc403850,False,1570320000,0,netral,0.9249,netral,tanpa_emoji,netral,soraya
4m5yC1BPNpw,user_4d4c4cd48e2a,False,1570320000,0,positif,0.9209,netral,netral,positif,soraya
4m5yC1BPNpw,user_c07e0193d08a,False,1570320000,0,positif,0.5544,positif,netral,positif,soraya
4m5yC1BPNpw,user_ca60c3756def,False,1570320000,0,netral,0.9904,netral,tanpa_emoji,netral,soraya
4m5yC1BPNpw,user_1ab7b4d69e6c,False,1570320000,3,positif,0.9893,positif,tanpa_emoji,positif,soraya
4m5yC1BPNpw,user_1ab7b4d69e6c,False,1570320000,0,negatif,0.6374,netral,tanpa_emoji,negatif,soraya
4m5yC1BPNpw,user_e3fbc07f5636,False,1570320000,1,negatif,0.9677,netral,tanpa_emoji,negatif,soraya
4m5yC1BPNpw,user_1d71c787e19c,False,1570320000,1,positif,0.9958,netral,tanpa_emoji,positif,soraya
4m5yC1BPNpw,user_d5160882cd27,False,1570320000,2,positif,0.9898,positif,tanpa_emoji,positif,soraya
4m5yC1BPNpw,user_24717cbd21c1,False,1570320000,1,positif,0.9807,positif,tanpa_emoji,positif,soraya
4m5yC1BPNpw,user_0fea3f76a8b3,False,1570320000,0,negatif,0.5931,negatif,tanpa_emoji,negatif,soraya
4m5yC1BPNpw,user_4ace52e57747,True,1570320000,1,positif,0.9837,netral,tanpa_emoji,positif,soraya
4m5yC1BPNpw,user_8f34417dfe33,False,1570320000,0,netral,0.6498,netral,tanpa_emoji,netral,soraya
4m5yC1BPNpw,user_2778a841ad51,False,1570320000,1,positif,0.9179,negatif,tanpa_emoji,positif,soraya
4m5yC1BPNpw,user_041b0ab04e45,False,1570320000,0,negatif,0.9461,negatif,tanpa_emoji,negatif,soraya
4m5yC1BPNpw,user_b21dacae2099,False,1570320000,1,positif,0.9604,netral,tanpa_emoji,positif,soraya
4m5yC1BPNpw,user_e7cc55242ad5,False,1570320000,0,positif,0.8545,netral,tanpa_emoji,positif,soraya
4m5yC1BPNpw,user_813f35826d1f,False,1570320000,0,negatif,0.7904,netral,tanpa_emoji,negatif,soraya
4m5yC1BPNpw,user_b4f31ae390c8,False,1570320000,59,positif,0.972,netral,tanpa_emoji,positif,soraya
4m5yC1BPNpw,user_f52c49a923b6,True,1601942400,1,netral,0.8081,netral,tanpa_emoji,netral,soraya
4m5yC1BPNpw,user_5f7d109200dc,True,1570320000,0,netral,0.5677,netral,tanpa_emoji,netral,soraya
4m5yC1BPNpw,user_f85ec95e654b,True,1633478400,0,netral,0.5677,netral,tanpa_emoji,netral,soraya
4m5yC1BPNpw,user_7874fc188ff4,True,1633478400,0,netral,0.5677,netral,tanpa_emoji,netral,soraya
4m5yC1BPNpw,user_95b062b3182e,False,1570320000,4,negatif,0.9979,negatif,negatif,negatif,soraya
4m5yC1BPNpw,user_136bcfec5c22,True,1570320000,0,netral,0.9637,netral,tanpa_emoji,netral,soraya
4m5yC1BPNpw,user_db044cebd60d,False,1570320000,0,netral,0.5789,netral,tanpa_emoji,netral,soraya
4m5yC1BPNpw,user_eb4e39448129,False,1570320000,0,negatif,0.9412,positif,positif,negatif,soraya
4m5yC1BPNpw,user_f7a84c4cdbd3,False,1570320000,0,positif,0.9949,positif,positif,positif,soraya
4m5yC1BPNpw,user_d993b1de80ef,False,1570320000,0,negatif,0.8993,negatif,tanpa_emoji,negatif,soraya
4m5yC1BPNpw,user_9ba82f9b1ec5,False,1570320000,0,netral,0.5066,netral,tanpa_emoji,netral,soraya
4m5yC1BPNpw,user_8ea96176bae3,False,1570320000,0,positif,0.5198,netral,tanpa_emoji,positif,soraya
4m5yC1BPNpw,user_60e6a73b3067,True,1570320000,0,negatif,0.9816,netral,tanpa_emoji,negatif,soraya
4m5yC1BPNpw,user_a812d173961c,False,1570320000,1,positif,0.969,positif,tanpa_emoji,positif,soraya
4m5yC1BPNpw,user_bdaa62c44ee8,False,1570320000,0,negatif,0.7279,netral,tanpa_emoji,negatif,soraya
4m5yC1BPNpw,user_7dd7b3ecf0ef,True,1570320000,0,negatif,0.6875,netral,tanpa_emoji,negatif,soraya
4m5yC1BPNpw,user_e771e5f095c3,False,1570320000,6,negatif,0.8421,netral,tanpa_emoji,negatif,soraya
4m5yC1BPNpw,user_24caeded9d84,True,1570320000,0,negatif,0.9961,netral,tanpa_emoji,negatif,soraya
4m5yC1BPNpw,user_7b294e972bcb,False,1570320000,4,netral,0.6303,netral,netral,netral,soraya
4m5yC1BPNpw,user_6e47deb2992d,False,1570320000,0,negatif,0.9902,netral,tanpa_emoji,negatif,soraya
4m5yC1BPNpw,user_a1933a512943,False,1570320000,0,negatif,0.9899,netral,tanpa_emoji,negatif,soraya
4m5yC1BPNpw,user_18dd4d8c9f5a,False,1570320000,0,negatif,0.6429,negatif,tanpa_emoji,negatif,soraya
4m5yC1BPNpw,user_60e6a73b3067,True,1570320000,0,negatif,0.858,negatif,tanpa_emoji,negatif,soraya
4m5yC1BPNpw,user_7f05a5b22968,False,1570320000,0,netral,0.5581,netral,tanpa_emoji,netral,soraya
4m5yC1BPNpw,user_b45f22df6501,False,1570320000,0,negatif,0.9885,netral,tanpa_emoji,negatif,soraya
4m5yC1BPNpw,user_9ef865bb4999,False,1570320000,0,netral,0.9973,netral,tanpa_emoji,netral,soraya
4m5yC1BPNpw,user_a3c2aa30eded,False,1570320000,0,negatif,0.5621,netral,tanpa_emoji,negatif,soraya
4m5yC1BPNpw,user_9abfc7c090f6,False,1570320000,1,positif,0.7776,positif,netral,positif,soraya
4m5yC1BPNpw,user_bd8295a007a2,False,1570320000,1,negatif,0.9926,negatif,tanpa_emoji,negatif,soraya
4m5yC1BPNpw,user_e397d570f752,False,1570320000,22,positif,0.9943,positif,tanpa_emoji,positif,soraya
4m5yC1BPNpw,user_6e267d23706f,False,1570320000,8,positif,0.9941,positif,positif,positif,soraya
4m5yC1BPNpw,user_f17f8ca15f58,False,1570320000,6,positif,0.9269,positif,tanpa_emoji,positif,soraya
4m5yC1BPNpw,user_c1ab45f06629,False,1570320000,0,negatif,0.985,netral,tanpa_emoji,negatif,soraya
4m5yC1BPNpw,user_34c011286eba,False,1570320000,0,positif,0.8555,netral,tanpa_emoji,positif,soraya
4m5yC1BPNpw,user_92781fcaa7f0,False,1570320000,0,netral,0.991,netral,tanpa_emoji,netral,soraya
4m5yC1BPNpw,user_7a5d51af99f6,False,1570320000,1,positif,0.9888,positif,tanpa_emoji,positif,soraya
4m5yC1BPNpw,user_d903c9bedc3c,False,1570320000,1,netral,0.6453,netral,tanpa_emoji,netral,soraya
4m5yC1BPNpw,user_8b48b89e8087,False,1570320000,2,positif,0.9768,positif,netral,positif,soraya
4m5yC1BPNpw,user_50048d45b535,False,1570320000,0,positif,0.7782,positif,tanpa_emoji,positif,soraya
4m5yC1BPNpw,user_5ec88755d425,False,1570320000,2,positif,0.9921,positif,tanpa_emoji,positif,soraya
4m5yC1BPNpw,user_2c44d2b30604,False,1570320000,50,positif,0.9732,positif,tanpa_emoji,positif,soraya
4m5yC1BPNpw,user_7971f0f6a85e,True,1570320000,3,negatif,0.9936,netral,tanpa_emoji,negatif,soraya
4m5yC1BPNpw,user_30dc86fcb57e,True,1570320000,2,netral,0.5109,netral,tanpa_emoji,netral,soraya
4m5yC1BPNpw,user_791e8b8c538c,True,1570320000,1,negatif,0.9897,netral,tanpa_emoji,negatif,soraya
4m5yC1BPNpw,user_d868c4503058,False,1570320000,0,positif,0.9941,positif,tanpa_emoji,positif,soraya
4m5yC1BPNpw,user_5a16afc05fa2,False,1570320000,0,negatif,0.8643,netral,tanpa_emoji,negatif,soraya
4m5yC1BPNpw,user_fdfb9247eced,False,1570320000,1,negatif,0.7194,netral,tanpa_emoji,negatif,soraya
4m5yC1BPNpw,user_d4f2546e23e3,False,1570320000,1,negatif,0.759,netral,netral,negatif,soraya
4m5yC1BPNpw,user_4fdc96741554,False,1570320000,0,negatif,0.9842,positif,tanpa_emoji,negatif,soraya
4m5yC1BPNpw,user_f13b70476944,False,1570320000,0,negatif,0.8717,netral,tanpa_emoji,negatif,soraya
4m5yC1BPNpw,user_a2fd7d86ca62,True,1570320000,0,negatif,0.7689,netral,tanpa_emoji,negatif,soraya
4m5yC1BPNpw,user_b4b83943caf5,False,1570320000,0,negatif,0.4626,positif,tanpa_emoji,negatif,soraya
4m5yC1BPNpw,user_1831e4fc57e3,False,1570320000,1,positif,0.9807,positif,tanpa_emoji,positif,soraya
4m5yC1BPNpw,user_e7d50216cbf5,False,1570320000,0,netral,0.7449,netral,tanpa_emoji,netral,soraya
4m5yC1BPNpw,user_9fc8c6bb2184,False,1570320000,0,positif,0.6941,netral,tanpa_emoji,positif,soraya
4m5yC1BPNpw,user_32a8606b5ee2,False,1570320000,0,negatif,0.9646,positif,tanpa_emoji,negatif,soraya
4m5yC1BPNpw,user_c32f9e8b3331,False,1570320000,0,negatif,0.875,positif,tanpa_emoji,negatif,soraya
4m5yC1BPNpw,user_d0c7a6d7a22a,False,1570320000,0,positif,0.8089,netral,tanpa_emoji,positif,soraya
4m5yC1BPNpw,user_29914948860b,False,1570320000,0,positif,0.9434,positif,tanpa_emoji,positif,soraya
4m5yC1BPNpw,user_82b053bf906f,False,1570320000,0,positif,0.9852,positif,positif,positif,soraya
4m5yC1BPNpw,user_fa8bf600bcfe,False,1570320000,0,netral,0.7081,netral,tanpa_emoji,netral,soraya
4m5yC1BPNpw,user_5c3fd44b0bc1,False,1570320000,3,positif,0.9944,positif,tanpa_emoji,positif,soraya
4m5yC1BPNpw,user_176344a3f4d2,False,1570320000,2,positif,0.9918,positif,tanpa_emoji,positif,soraya
4m5yC1BPNpw,user_56d79546ee57,False,1570320000,1,positif,0.9897,positif,tanpa_emoji,positif,soraya
4m5yC1BPNpw,user_79965df08204,False,1570320000,0,negatif,0.6582,netral,tanpa_emoji,negatif,soraya
4m5yC1BPNpw,user_288717f8041a,False,1570320000,0,positif,0.969,netral,tanpa_emoji,positif,soraya
4m5yC1BPNpw,user_4d96e928949b,False,1570320000,0,netral,0.9048,netral,tanpa_emoji,netral,soraya
4m5yC1BPNpw,user_2a76f92d0f1d,False,1570320000,0,positif,0.8423,negatif,tanpa_emoji,positif,soraya
4m5yC1BPNpw,user_7dd7b3ecf0ef,True,1570320000,0,positif,0.7049,netral,tanpa_emoji,positif,soraya
4m5yC1BPNpw,user_2a76f92d0f1d,True,1570320000,0,netral,0.637,negatif,netral,netral,soraya
4m5yC1BPNpw,user_7dd7b3ecf0ef,True,1570320000,1,netral,0.7922,netral,tanpa_emoji,netral,soraya
4m5yC1BPNpw,user_c32b915227aa,False,1570320000,0,negatif,0.9636,netral,tanpa_emoji,negatif,soraya
4m5yC1BPNpw,user_8b4edfe3cf38,False,1570320000,0,positif,0.9977,positif,tanpa_emoji,positif,soraya
4m5yC1BPNpw,user_12abd08bbec1,False,1570320000,0,negatif,0.9354,netral,tanpa_emoji,negatif,soraya
4m5yC1BPNpw,user_b50ee7adcc90,False,1570320000,0,positif,0.9564,netral,tanpa_emoji,positif,soraya
4m5yC1BPNpw,user_48ef7f6041eb,False,1570320000,5,positif,0.9904,positif,positif,positif,soraya
4m5yC1BPNpw,user_0dcea1a94a26,True,1570320000,1,positif,0.5155,positif,tanpa_emoji,positif,soraya
4m5yC1BPNpw,user_dcb01a20ca37,False,1570320000,0,positif,0.9636,positif,tanpa_emoji,positif,soraya
4m5yC1BPNpw,user_0207a0758ad4,False,1570320000,0,negatif,0.901,netral,tanpa_emoji,negatif,soraya
4m5yC1BPNpw,user_a3e2e9a9e60b,False,1570320000,0,negatif,0.9829,negatif,netral,negatif,soraya
4m5yC1BPNpw,user_96a20b859207,False,1570320000,0,negatif,0.9782,netral,tanpa_emoji,negatif,soraya
4m5yC1BPNpw,user_984609fe29cb,False,1570320000,2,positif,0.918,netral,tanpa_emoji,positif,soraya
4m5yC1BPNpw,user_6dc002aa8136,False,1570320000,0,negatif,0.9064,netral,tanpa_emoji,negatif,soraya
4m5yC1BPNpw,user_1109cc73e2a3,False,1570320000,0,positif,0.6271,netral,tanpa_emoji,positif,soraya
4m5yC1BPNpw,user_afe71fc2a973,False,1570320000,0,negatif,0.5045,positif,tanpa_emoji,negatif,soraya
4m5yC1BPNpw,user_82e8e0c931dc,False,1570320000,0,netral,0.5776,netral,tanpa_emoji,netral,soraya
4m5yC1BPNpw,user_c20f2d0bfede,False,1570320000,0,positif,0.8965,netral,tanpa_emoji,positif,soraya
4m5yC1BPNpw,user_7879f06378bf,False,1570320000,0,netral,0.9935,netral,tanpa_emoji,netral,soraya
4m5yC1BPNpw,user_791e8b8c538c,True,1570320000,0,negatif,0.5447,negatif,tanpa_emoji,negatif,soraya
4m5yC1BPNpw,user_06241d11bb04,False,1570320000,1,positif,0.996,positif,tanpa_emoji,positif,soraya
4m5yC1BPNpw,user_cfc70167974c,False,1570320000,0,negatif,0.9985,negatif,netral,negatif,soraya
4m5yC1BPNpw,user_ca5de3a00750,False,1570320000,0,negatif,0.9994,netral,tanpa_emoji,negatif,soraya
4m5yC1BPNpw,user_6f5e263ba397,False,1570320000,0,negatif,0.6627,netral,tanpa_emoji,negatif,soraya
4m5yC1BPNpw,user_822f1905c9da,False,1570320000,0,negatif,0.9919,netral,tanpa_emoji,negatif,soraya
4m5yC1BPNpw,user_c5a658959a83,False,1570320000,6,negatif,0.5856,netral,tanpa_emoji,negatif,soraya
4m5yC1BPNpw,user_9f32e81abbc2,False,1570320000,0,netral,0.7246,netral,tanpa_emoji,netral,soraya
4m5yC1BPNpw,user_791e8b8c538c,True,1570320000,0,negatif,0.9929,negatif,tanpa_emoji,negatif,soraya
4m5yC1BPNpw,user_189fb74d8501,False,1570320000,0,positif,0.6813,positif,positif,positif,soraya
4m5yC1BPNpw,user_c368adbb7da6,False,1570320000,0,negatif,0.9286,netral,netral,negatif,soraya
4m5yC1BPNpw,user_cfff7ea5cf58,False,1570320000,0,negatif,0.4835,positif,tanpa_emoji,negatif,soraya
4m5yC1BPNpw,user_a414e5090d3f,False,1570320000,0,positif,0.664,netral,netral,positif,soraya
4m5yC1BPNpw,user_2b19efef06f0,False,1570320000,0,negatif,0.7735,netral,tanpa_emoji,negatif,soraya
4m5yC1BPNpw,user_d1491752739c,False,1570320000,1,positif,0.9987,positif,positif,positif,soraya
4m5yC1BPNpw,user_fe9ab38a3be8,False,1570320000,1,positif,0.9976,netral,tanpa_emoji,positif,soraya
4m5yC1BPNpw,user_413c0e4c3393,False,1570320000,0,netral,0.7296,netral,tanpa_emoji,netral,soraya
4m5yC1BPNpw,user_d3aa27c9d2d7,False,1570320000,0,negatif,0.9663,positif,tanpa_emoji,negatif,soraya
4m5yC1BPNpw,user_1d552704ea96,False,1570320000,0,negatif,0.9828,netral,tanpa_emoji,negatif,soraya
4m5yC1BPNpw,user_b45306fbcc61,False,1570320000,3,positif,0.9992,positif,positif,positif,soraya
4m5yC1BPNpw,user_67971e6d4a37,False,1570320000,3,negatif,0.9953,negatif,netral,negatif,soraya
4m5yC1BPNpw,user_1bf24ed7b8e5,False,1570320000,2,negatif,0.9981,negatif,tanpa_emoji,negatif,soraya
4m5yC1BPNpw,user_9a65db13ae74,False,1570320000,3,negatif,0.9958,positif,tanpa_emoji,negatif,soraya
4m5yC1BPNpw,user_cb4a1fc00a2c,False,1570320000,2,positif,0.9386,positif,tanpa_emoji,positif,soraya
4m5yC1BPNpw,user_7779ad396763,False,1570320000,4,positif,0.7821,positif,positif,positif,soraya
4m5yC1BPNpw,user_d8c78e76a256,False,1570320000,2,negatif,0.8349,negatif,tanpa_emoji,negatif,soraya
4m5yC1BPNpw,user_2b6c02e2d1d3,False,1570320000,0,positif,0.6885,netral,tanpa_emoji,positif,soraya
4m5yC1BPNpw,user_f4c5743a9f5d,False,1570320000,0,positif,0.6307,positif,tanpa_emoji,positif,soraya
4m5yC1BPNpw,user_09a17e295fe5,False,1570320000,1,positif,0.89,positif,netral,positif,soraya
4m5yC1BPNpw,user_5fb6a12423ac,False,1570320000,1,negatif,0.7548,netral,tanpa_emoji,negatif,soraya
4m5yC1BPNpw,user_1ac2b71e27a6,True,1570320000,0,negatif,0.9977,netral,tanpa_emoji,negatif,soraya
4m5yC1BPNpw,user_73b886d12fca,False,1570320000,0,negatif,0.9022,netral,tanpa_emoji,negatif,soraya
4m5yC1BPNpw,user_b09d6eec5b87,False,1570320000,1,netral,0.9834,netral,tanpa_emoji,netral,soraya
4m5yC1BPNpw,user_f91f584cf7f3,False,1570320000,0,negatif,0.9884,positif,tanpa_emoji,negatif,soraya
4m5yC1BPNpw,user_f9f950b99f04,False,1570320000,0,negatif,0.5175,positif,tanpa_emoji,negatif,soraya
4m5yC1BPNpw,user_d5e0b8bd834e,False,1570320000,0,netral,0.836,netral,tanpa_emoji,netral,soraya
4m5yC1BPNpw,user_7058c2cad38e,False,1570320000,0,positif,0.9755,positif,tanpa_emoji,positif,soraya
4m5yC1BPNpw,user_14eebd7c18fb,False,1570320000,1,positif,0.9542,positif,tanpa_emoji,positif,soraya
4m5yC1BPNpw,user_1002279ef3af,False,1570320000,2,negatif,0.9011,positif,tanpa_emoji,negatif,soraya
4m5yC1BPNpw,user_c29ca0f94748,False,1570320000,0,netral,0.7346,netral,tanpa_emoji,netral,soraya
4m5yC1BPNpw,user_e3fbc07f5636,False,1570320000,0,negatif,0.6787,netral,tanpa_emoji,negatif,soraya
4m5yC1BPNpw,user_fa2be7cebfd0,False,1570320000,1,positif,0.9811,netral,tanpa_emoji,positif,soraya
4m5yC1BPNpw,user_aceb7595758c,False,1570320000,0,negatif,0.5118,netral,tanpa_emoji,negatif,soraya
4m5yC1BPNpw,user_43e53ffacb47,False,1570320000,0,negatif,0.8172,netral,tanpa_emoji,negatif,soraya
4m5yC1BPNpw,user_7f576abb7676,False,1570320000,0,negatif,0.9813,negatif,tanpa_emoji,negatif,soraya
4m5yC1BPNpw,user_c5e1b3af3c21,False,1570320000,0,negatif,0.9977,positif,tanpa_emoji,negatif,soraya
4m5yC1BPNpw,user_60e6a73b3067,True,1570320000,0,positif,0.8905,positif,tanpa_emoji,positif,soraya
4m5yC1BPNpw,user_c5e1b3af3c21,True,1570320000,1,positif,0.4809,netral,tanpa_emoji,positif,soraya
4m5yC1BPNpw,user_d93cc6f0938a,False,1570320000,1,positif,0.5119,netral,netral,positif,soraya
4m5yC1BPNpw,user_51a2d2186f98,False,1570320000,2,positif,0.9761,positif,tanpa_emoji,positif,soraya
4m5yC1BPNpw,user_baf453a79ba9,False,1570320000,0,negatif,0.9942,negatif,tanpa_emoji,negatif,soraya
4m5yC1BPNpw,user_60e6a73b3067,True,1570320000,0,negatif,0.9951,netral,tanpa_emoji,negatif,soraya
4m5yC1BPNpw,user_8448b1ca4fd5,False,1570320000,2,negatif,0.8334,netral,tanpa_emoji,negatif,soraya
4m5yC1BPNpw,user_fcba5084f694,False,1570320000,0,negatif,0.99,negatif,tanpa_emoji,negatif,soraya
4m5yC1BPNpw,user_b8424df71da8,False,1570320000,0,negatif,0.8976,netral,tanpa_emoji,negatif,soraya
4m5yC1BPNpw,user_89209e220157,False,1570320000,1,netral,0.5628,positif,tanpa_emoji,netral,soraya
4m5yC1BPNpw,user_a30f0417a860,False,1570320000,1,positif,0.9859,positif,tanpa_emoji,positif,soraya
4m5yC1BPNpw,user_655309934f31,False,1570320000,0,positif,0.415,positif,tanpa_emoji,positif,soraya
4m5yC1BPNpw,user_e3d850ff82ed,False,1570320000,1,negatif,0.9911,negatif,tanpa_emoji,negatif,soraya
4m5yC1BPNpw,user_d66c5e4790cd,False,1570320000,3,positif,0.9971,positif,tanpa_emoji,positif,soraya
4m5yC1BPNpw,user_5bc90e18757a,False,1570320000,1,positif,0.9639,positif,tanpa_emoji,positif,soraya
4m5yC1BPNpw,user_e03d412378fa,False,1570320000,1,negatif,0.9987,netral,tanpa_emoji,negatif,soraya
4m5yC1BPNpw,user_89b44025f08b,False,1570320000,1,netral,0.4316,positif,positif,positif,soraya
4m5yC1BPNpw,user_3c3ca2fd1a5e,False,1570320000,1,negatif,0.9682,positif,tanpa_emoji,negatif,soraya
4m5yC1BPNpw,user_60e6a73b3067,True,1570320000,0,negatif,0.9875,netral,tanpa_emoji,negatif,soraya
4m5yC1BPNpw,user_495e56c3928b,False,1570320000,1,positif,0.7843,negatif,tanpa_emoji,positif,soraya
4m5yC1BPNpw,user_91f8c82e6454,False,1570320000,1,netral,0.5046,netral,tanpa_emoji,netral,soraya
4m5yC1BPNpw,user_bcd9ad8d0298,True,1570320000,1,positif,0.9761,netral,tanpa_emoji,positif,soraya
4m5yC1BPNpw,user_91f8c82e6454,True,1570320000,0,netral,0.9842,netral,tanpa_emoji,netral,soraya
4m5yC1BPNpw,user_60e6a73b3067,True,1570320000,0,netral,0.6295,netral,tanpa_emoji,netral,soraya
4m5yC1BPNpw,user_60e6a73b3067,True,1570320000,0,netral,0.8571,netral,tanpa_emoji,netral,soraya
7HpkNw-eYh0,user_8d8391bf939b,False,1696550400,41,positif,0.9922,positif,positif,positif,soraya
7HpkNw-eYh0,user_515490763ec0,False,1696550400,63,negatif,0.6733,positif,positif,negatif,soraya
7HpkNw-eYh0,user_36f957bd90de,True,1696550400,3,netral,0.8989,netral,tanpa_emoji,netral,soraya
7HpkNw-eYh0,user_21a95f4a0e9b,True,1696550400,1,negatif,0.6131,netral,tanpa_emoji,negatif,soraya
7HpkNw-eYh0,user_83f37824283f,False,1696550400,15,positif,0.9535,positif,tanpa_emoji,positif,soraya
7HpkNw-eYh0,user_9b387ff01c07,False,1696550400,14,positif,0.9823,positif,tanpa_emoji,positif,soraya
7HpkNw-eYh0,user_c485f7be4c8c,False,1696550400,12,positif,0.9936,positif,positif,positif,soraya
7HpkNw-eYh0,user_b60812964f9d,False,1696550400,14,positif,0.5806,positif,tanpa_emoji,positif,soraya
7HpkNw-eYh0,user_cb9b7c40ef13,False,1696550400,10,positif,0.9722,positif,positif,positif,soraya
7HpkNw-eYh0,user_76dd6d574c45,False,1696550400,4,netral,0.7501,netral,tanpa_emoji,netral,soraya
7HpkNw-eYh0,user_962f6d4b8e24,False,1696550400,3,positif,0.8802,negatif,tanpa_emoji,positif,soraya
7HpkNw-eYh0,user_5bfc782e4d0e,False,1696550400,4,positif,0.9954,positif,positif,positif,soraya
7HpkNw-eYh0,user_15e41cfe5961,False,1696550400,5,positif,0.9956,positif,tanpa_emoji,positif,soraya
7HpkNw-eYh0,user_4454afbcc632,False,1696550400,4,positif,0.9967,netral,tanpa_emoji,positif,soraya
7HpkNw-eYh0,user_b6c9ede1dcde,False,1696550400,4,positif,0.9547,positif,tanpa_emoji,positif,soraya
7HpkNw-eYh0,user_dc871243d855,False,1696550400,2,negatif,0.4599,netral,netral,negatif,soraya
7HpkNw-eYh0,user_fb816a1d5037,False,1696550400,3,negatif,0.9811,netral,tanpa_emoji,negatif,soraya
7HpkNw-eYh0,user_6fdfadf20e49,False,1696550400,1,netral,0.586,positif,tanpa_emoji,netral,soraya
7HpkNw-eYh0,user_a98bdfa430ab,False,1696550400,2,positif,0.994,netral,tanpa_emoji,positif,soraya
7HpkNw-eYh0,user_f9d99dd90448,False,1696550400,1,positif,0.7751,positif,positif,positif,soraya
7HpkNw-eYh0,user_d89a393b7295,False,1696550400,1,positif,0.6068,positif,tanpa_emoji,positif,soraya
7HpkNw-eYh0,user_6e01c3d4a380,False,1696550400,9,positif,0.9971,positif,positif,positif,soraya
7HpkNw-eYh0,user_ca13ffaee92d,True,1696550400,1,negatif,0.6035,positif,tanpa_emoji,negatif,soraya
7HpkNw-eYh0,user_9eac978153c0,False,1696550400,2,negatif,0.9489,positif,positif,negatif,soraya
7HpkNw-eYh0,user_9210478589b6,False,1696550400,1,positif,0.9692,positif,tanpa_emoji,positif,soraya
7HpkNw-eYh0,user_325d74a66945,False,1696550400,1,positif,0.6283,positif,tanpa_emoji,positif,soraya
7HpkNw-eYh0,user_0e28fa5deaef,False,1696550400,2,positif,0.9796,positif,positif,positif,soraya
7HpkNw-eYh0,user_c09ae7aae589,False,1696550400,2,negatif,0.6464,netral,netral,negatif,soraya
7HpkNw-eYh0,user_515490763ec0,False,1696550400,2,negatif,0.9813,negatif,netral,negatif,soraya
7HpkNw-eYh0,user_c783d2af2210,False,1696550400,1,positif,0.5229,negatif,netral,positif,soraya
7HpkNw-eYh0,user_a493c3684449,False,1759708800,0,negatif,0.997,netral,tanpa_emoji,negatif,soraya
7HpkNw-eYh0,user_a19e5466c2b5,False,1696550400,1,positif,0.5626,netral,tanpa_emoji,positif,soraya
7HpkNw-eYh0,user_9fb55fb1d0fc,False,1696550400,1,negatif,0.9553,positif,netral,negatif,soraya
7HpkNw-eYh0,user_b8dee0088321,False,1696550400,1,positif,0.7944,netral,tanpa_emoji,positif,soraya
7HpkNw-eYh0,user_5eb812990787,False,1696550400,0,netral,0.9754,netral,tanpa_emoji,netral,soraya
7HpkNw-eYh0,user_a28c9ad023d3,False,1696550400,1,positif,0.8998,positif,positif,positif,soraya
7HpkNw-eYh0,user_1c2e218dafa4,False,1696550400,0,positif,0.83,positif,positif,positif,soraya
7HpkNw-eYh0,user_fb7f725aaa8a,False,1696550400,1,negatif,0.7086,netral,tanpa_emoji,negatif,soraya
7HpkNw-eYh0,user_5945ca309859,False,1696550400,0,positif,0.8504,positif,tanpa_emoji,positif,soraya
7HpkNw-eYh0,user_f20d46073c4f,False,1696550400,0,positif,0.9755,positif,tanpa_emoji,positif,soraya
7HpkNw-eYh0,user_f2a60c0ea27d,False,1696550400,0,negatif,0.9976,netral,tanpa_emoji,negatif,soraya
7HpkNw-eYh0,user_d70768e3ed04,False,1696550400,0,negatif,0.6484,positif,positif,negatif,soraya
7HpkNw-eYh0,user_84bbc6d1efff,False,1696550400,0,positif,0.9689,positif,positif,positif,soraya
7HpkNw-eYh0,user_778f07fbdb0f,False,1696550400,0,positif,0.963,netral,tanpa_emoji,positif,soraya
7HpkNw-eYh0,user_a9ab83b2cf65,False,1696550400,1,positif,0.9944,positif,tanpa_emoji,positif,soraya
7HpkNw-eYh0,user_8f2202bc796d,False,1696550400,1,positif,0.6411,positif,positif,positif,soraya
7HpkNw-eYh0,user_73ddeea29dea,False,1696550400,0,positif,0.9176,positif,positif,positif,soraya
7HpkNw-eYh0,user_ba06e0d34d2f,False,1696550400,1,negatif,0.9987,negatif,tanpa_emoji,negatif,soraya
7HpkNw-eYh0,user_ea9b2015c36d,False,1696550400,1,negatif,0.8548,netral,tanpa_emoji,negatif,soraya
7HpkNw-eYh0,user_01d005d9cd06,False,1696550400,0,positif,0.9845,positif,positif,positif,soraya
7HpkNw-eYh0,user_b0acf01c5c67,False,1696550400,0,negatif,0.9974,positif,tanpa_emoji,negatif,soraya
7HpkNw-eYh0,user_bdf356a85e80,False,1696550400,0,netral,0.673,netral,tanpa_emoji,netral,soraya
7HpkNw-eYh0,user_950b4f845ad5,False,1696550400,0,negatif,0.9985,netral,positif,negatif,soraya
7HpkNw-eYh0,user_dcff60fc7897,False,1696550400,0,positif,0.9679,positif,positif,positif,soraya
7HpkNw-eYh0,user_b4a4adf3e05e,False,1696550400,0,positif,0.536,positif,tanpa_emoji,positif,soraya
7HpkNw-eYh0,user_38fb02642b25,False,1696550400,0,positif,0.9584,positif,netral,positif,soraya
7HpkNw-eYh0,user_e683009a0772,False,1696550400,0,positif,0.9981,netral,netral,positif,soraya
7HpkNw-eYh0,user_e1b7bc97ce39,False,1696550400,0,netral,0.4845,netral,tanpa_emoji,netral,soraya
7HpkNw-eYh0,user_b9b6b6b00bd7,False,1696550400,1,positif,0.9961,positif,tanpa_emoji,positif,soraya
7HpkNw-eYh0,user_93e606134182,False,1696550400,0,netral,0.8732,netral,netral,netral,soraya
7HpkNw-eYh0,user_7953265aca71,False,1696550400,0,negatif,0.9985,netral,tanpa_emoji,negatif,soraya
7HpkNw-eYh0,user_681985a03d6b,False,1696550400,0,negatif,0.8519,netral,netral,negatif,soraya
7HpkNw-eYh0,user_6d0a4e93ce5e,False,1696550400,0,positif,0.81,netral,tanpa_emoji,positif,soraya
7HpkNw-eYh0,user_a0079154e4b5,False,1696550400,0,positif,0.5466,netral,tanpa_emoji,positif,soraya
7HpkNw-eYh0,user_e6a65d2f74ba,False,1696550400,3,positif,0.9591,netral,tanpa_emoji,positif,soraya
7HpkNw-eYh0,user_443e9d34bd36,True,1696550400,0,negatif,0.997,positif,positif,negatif,soraya
7HpkNw-eYh0,user_0c193ee906b9,False,1696550400,0,negatif,0.6664,netral,tanpa_emoji,negatif,soraya
7HpkNw-eYh0,user_1048bf1c61c6,False,1696550400,1,negatif,0.5779,netral,tanpa_emoji,negatif,soraya
7HpkNw-eYh0,user_1148c4d3afa3,False,1696550400,1,positif,0.9532,positif,positif,positif,soraya
7HpkNw-eYh0,user_a5a1addb8a5b,False,1696550400,0,positif,0.9581,positif,tanpa_emoji,positif,soraya
7HpkNw-eYh0,user_3ae8c00e0263,False,1696550400,0,positif,0.4052,netral,tanpa_emoji,positif,soraya
7HpkNw-eYh0,user_955527ada36f,False,1696550400,0,negatif,0.8356,netral,tanpa_emoji,negatif,soraya
7HpkNw-eYh0,user_2612dc3f9aff,False,1696550400,0,negatif,0.8201,positif,tanpa_emoji,negatif,soraya
7HpkNw-eYh0,user_faea448fcb71,False,1696550400,0,negatif,0.9839,netral,tanpa_emoji,negatif,soraya
7HpkNw-eYh0,user_3504ff9eb92f,False,1696550400,0,positif,0.997,positif,positif,positif,soraya
7HpkNw-eYh0,user_ab47f0782cac,False,1696550400,0,netral,0.9874,netral,netral,netral,soraya
7HpkNw-eYh0,user_f43ccfbc405c,False,1696550400,0,positif,0.9636,positif,tanpa_emoji,positif,soraya
7HpkNw-eYh0,user_5b6484165644,False,1696550400,0,positif,0.988,positif,positif,positif,soraya
7HpkNw-eYh0,user_eb41678b52cb,False,1696550400,0,negatif,0.9761,positif,tanpa_emoji,negatif,soraya
7HpkNw-eYh0,user_b8e720a5e885,False,1728172800,0,positif,0.8414,netral,tanpa_emoji,positif,soraya
7HpkNw-eYh0,user_e75eb02957e9,False,1696550400,0,negatif,0.9567,positif,positif,negatif,soraya
7HpkNw-eYh0,user_d83d720b1fb4,False,1696550400,0,positif,0.9399,positif,positif,positif,soraya
7HpkNw-eYh0,user_523e5d3839a7,False,1696550400,0,positif,0.6504,positif,tanpa_emoji,positif,soraya
7HpkNw-eYh0,user_db5baf0ec6de,False,1696550400,0,positif,0.9918,positif,tanpa_emoji,positif,soraya
7HpkNw-eYh0,user_ab14ca1b3ede,False,1696550400,0,positif,0.9948,positif,tanpa_emoji,positif,soraya
7HpkNw-eYh0,user_c8b792eeb205,False,1696550400,0,positif,0.9817,positif,tanpa_emoji,positif,soraya
7HpkNw-eYh0,user_3578c5280961,False,1696550400,0,positif,0.9567,positif,positif,positif,soraya
7HpkNw-eYh0,user_80bd49984cec,False,1696550400,0,negatif,0.964,positif,tanpa_emoji,negatif,soraya
7HpkNw-eYh0,user_78ff21b2c97b,False,1696550400,0,positif,0.9984,positif,tanpa_emoji,positif,soraya
7HpkNw-eYh0,user_af4170f19acb,False,1696550400,0,positif,0.9561,positif,tanpa_emoji,positif,soraya
7HpkNw-eYh0,user_6393869d88a9,False,1696550400,0,netral,0.9179,positif,positif,netral,soraya
7HpkNw-eYh0,user_85eadf12196c,False,1696550400,0,negatif,0.9488,positif,positif,negatif,soraya
7HpkNw-eYh0,user_475d12ae6402,False,1696550400,0,positif,0.7166,netral,tanpa_emoji,positif,soraya
7HpkNw-eYh0,user_ec7ef8fe6341,False,1696550400,0,positif,0.9768,positif,tanpa_emoji,positif,soraya
7HpkNw-eYh0,user_11e4a21084be,False,1696550400,10,positif,0.9972,positif,positif,positif,soraya
7HpkNw-eYh0,user_2261b1e6e020,True,1696550400,0,negatif,0.7618,positif,tanpa_emoji,negatif,soraya
7HpkNw-eYh0,user_0a278f49204b,True,1696550400,1,negatif,0.6861,negatif,tanpa_emoji,negatif,soraya
7HpkNw-eYh0,user_6138efaa569c,True,1696550400,0,negatif,0.5516,netral,netral,negatif,soraya
7HpkNw-eYh0,user_5a37217d6a53,True,1696550400,0,negatif,0.9258,positif,tanpa_emoji,negatif,soraya
7HpkNw-eYh0,user_78205aa77b20,False,1696550400,0,negatif,0.9539,netral,tanpa_emoji,negatif,soraya
7HpkNw-eYh0,user_1570922bb5b5,False,1696550400,0,positif,0.9979,positif,positif,positif,soraya
7HpkNw-eYh0,user_ea2511f4e8c9,False,1696550400,0,positif,0.933,netral,tanpa_emoji,positif,soraya
7HpkNw-eYh0,user_5a37217d6a53,False,1696550400,0,positif,0.3826,netral,tanpa_emoji,positif,soraya
7HpkNw-eYh0,user_24dcd0b3a4d4,False,1696550400,0,negatif,0.9484,netral,tanpa_emoji,negatif,soraya
7HpkNw-eYh0,user_1c2e0124c944,False,1696550400,1,negatif,0.9239,netral,tanpa_emoji,negatif,soraya
7HpkNw-eYh0,user_5dea36fcbdc4,False,1696550400,0,positif,0.728,netral,netral,positif,soraya
7HpkNw-eYh0,user_eb967c154bdd,False,1696550400,0,positif,0.9969,netral,tanpa_emoji,positif,soraya
7HpkNw-eYh0,user_2d0d3b80d3af,False,1696550400,0,negatif,0.9988,netral,tanpa_emoji,negatif,soraya
7HpkNw-eYh0,user_bc7a90d176d0,False,1696550400,0,negatif,0.9222,positif,positif,negatif,soraya
7HpkNw-eYh0,user_4e0de028d7bf,False,1759708800,0,positif,0.6016,positif,positif,positif,soraya
7HpkNw-eYh0,user_3b0dd9a74854,False,1696550400,1,positif,0.7902,netral,tanpa_emoji,positif,soraya
7HpkNw-eYh0,user_3ca0e819507f,False,1696550400,0,negatif,0.9803,netral,tanpa_emoji,negatif,soraya
7HpkNw-eYh0,user_9138d9131674,False,1696550400,0,netral,0.7781,positif,tanpa_emoji,netral,soraya
7HpkNw-eYh0,user_4a5bc3a1ace7,False,1696550400,34,positif,0.6431,positif,positif,positif,soraya
7HpkNw-eYh0,user_72fcd77aa215,True,1696550400,2,negatif,0.8979,netral,tanpa_emoji,negatif,soraya
7HpkNw-eYh0,user_4a5bc3a1ace7,True,1696550400,3,netral,0.9051,netral,netral,netral,soraya
7HpkNw-eYh0,user_1e00b3e3eb61,False,1696550400,0,negatif,0.8942,netral,netral,negatif,soraya
7HpkNw-eYh0,user_545aa2c10651,False,1696550400,0,negatif,0.9223,positif,tanpa_emoji,negatif,soraya
7HpkNw-eYh0,user_a4129a0e28ab,False,1696550400,0,negatif,0.9735,netral,netral,negatif,soraya
7HpkNw-eYh0,user_4affa2c16229,False,1728172800,0,negatif,0.949,netral,netral,negatif,soraya
7HpkNw-eYh0,user_62c4d02a2e3f,False,1696550400,1,positif,0.9924,positif,positif,positif,soraya
7HpkNw-eYh0,user_78ff21b2c97b,True,1696550400,0,positif,0.8185,netral,netral,positif,soraya
7HpkNw-eYh0,user_c1477511e26f,False,1696550400,2,negatif,0.9961,netral,netral,negatif,soraya
7HpkNw-eYh0,user_9b387ff01c07,True,1696550400,0,netral,0.8001,netral,tanpa_emoji,netral,soraya
7HpkNw-eYh0,user_5e9089cdf72b,False,1696550400,0,netral,0.8503,netral,tanpa_emoji,netral,soraya
7HpkNw-eYh0,user_2f8376a69e3e,False,1696550400,0,positif,0.8731,netral,tanpa_emoji,positif,soraya
7HpkNw-eYh0,user_e91a4611b119,False,1696550400,0,negatif,0.9203,positif,positif,negatif,soraya
7HpkNw-eYh0,user_09c4483c3f35,False,1696550400,0,positif,0.546,netral,tanpa_emoji,positif,soraya
7HpkNw-eYh0,user_c86d4bca5d7c,False,1696550400,0,negatif,0.6506,netral,tanpa_emoji,negatif,soraya
7HpkNw-eYh0,user_3a708c668f1a,False,1696550400,0,positif,0.8496,netral,tanpa_emoji,positif,soraya
7HpkNw-eYh0,user_719aac698821,False,1696550400,0,negatif,0.5046,netral,tanpa_emoji,negatif,soraya
7HpkNw-eYh0,user_e2df3ffe8b43,False,1696550400,1,positif,0.8948,positif,tanpa_emoji,positif,soraya
7HpkNw-eYh0,user_9b387ff01c07,True,1696550400,0,negatif,0.9947,netral,netral,negatif,soraya
7HpkNw-eYh0,user_ca10f802da41,False,1696550400,0,positif,0.6768,netral,tanpa_emoji,positif,soraya
7HpkNw-eYh0,user_07b8a2a0f875,False,1696550400,0,positif,0.9255,positif,positif,positif,soraya
7HpkNw-eYh0,user_0cd96bfa674b,False,1696550400,0,negatif,0.9605,netral,netral,negatif,soraya
7HpkNw-eYh0,user_2af16f8e5043,False,1759708800,0,negatif,0.4838,netral,tanpa_emoji,negatif,soraya
7HpkNw-eYh0,user_d93952854478,False,1696550400,0,netral,0.8883,netral,tanpa_emoji,netral,soraya
7HpkNw-eYh0,user_0e044eab802b,False,1696550400,0,negatif,0.7649,netral,tanpa_emoji,negatif,soraya
7HpkNw-eYh0,user_0e04ec7df4df,False,1696550400,0,negatif,0.997,netral,netral,negatif,soraya
7HpkNw-eYh0,user_f521b0f994a9,False,1696550400,1,positif,0.8047,netral,tanpa_emoji,positif,soraya
7HpkNw-eYh0,user_d1fe2143908e,False,1696550400,0,negatif,0.9366,netral,tanpa_emoji,negatif,soraya
7HpkNw-eYh0,user_f199581ad738,False,1696550400,0,positif,0.5405,netral,tanpa_emoji,positif,soraya
7HpkNw-eYh0,user_e6e67ce9b683,False,1696550400,0,negatif,0.9819,positif,netral,negatif,soraya
7HpkNw-eYh0,user_7506b29d8b27,False,1696550400,0,positif,0.9873,positif,tanpa_emoji,positif,soraya
7HpkNw-eYh0,user_3f1e4f6c5a91,False,1696550400,0,positif,0.9712,netral,tanpa_emoji,positif,soraya
7HpkNw-eYh0,user_56bfbaf4f28e,False,1696550400,0,positif,0.9874,positif,tanpa_emoji,positif,soraya
7HpkNw-eYh0,user_d946dd10a2bf,False,1728172800,0,positif,0.5891,netral,tanpa_emoji,positif,soraya
7HpkNw-eYh0,user_c1ecb70e4e2c,False,1696550400,0,negatif,0.9765,netral,tanpa_emoji,negatif,soraya
7HpkNw-eYh0,user_a31e826d006f,False,1696550400,0,negatif,0.4536,positif,tanpa_emoji,negatif,soraya
7HpkNw-eYh0,user_d77f5058a435,False,1696550400,1,positif,0.9941,netral,tanpa_emoji,positif,soraya
7HpkNw-eYh0,user_8e74d4e3fe0d,False,1696550400,0,negatif,0.6147,positif,tanpa_emoji,negatif,soraya
7HpkNw-eYh0,user_13afa2034497,False,1696550400,0,negatif,0.9583,netral,tanpa_emoji,negatif,soraya
7HpkNw-eYh0,user_3edf03cfd900,False,1696550400,1,negatif,0.7077,positif,netral,negatif,soraya
7HpkNw-eYh0,user_b58d5c9f4d21,True,1696550400,0,negatif,0.8289,netral,tanpa_emoji,negatif,soraya
7HpkNw-eYh0,user_3edf03cfd900,True,1696550400,0,negatif,0.5552,netral,netral,negatif,soraya
7HpkNw-eYh0,user_f3a645899afa,False,1696550400,0,positif,0.9405,netral,netral,positif,soraya
7HpkNw-eYh0,user_4eefaaac490f,False,1696550400,0,negatif,0.7556,netral,tanpa_emoji,negatif,soraya
7HpkNw-eYh0,user_24717cbd21c1,False,1696550400,9,positif,0.9887,positif,tanpa_emoji,positif,soraya
7HpkNw-eYh0,user_8af0689a703e,False,1696550400,1,positif,0.6747,netral,tanpa_emoji,positif,soraya
7HpkNw-eYh0,user_b71c89dc1898,False,1696550400,0,positif,0.5725,positif,positif,positif,soraya
7HpkNw-eYh0,user_5dea36fcbdc4,True,1696550400,0,negatif,0.53,netral,tanpa_emoji,negatif,soraya
7HpkNw-eYh0,user_78ff21b2c97b,True,1696550400,0,negatif,0.3916,netral,netral,negatif,soraya
7HpkNw-eYh0,user_b98ca92bc290,False,1696550400,0,positif,0.9822,positif,tanpa_emoji,positif,soraya
7HpkNw-eYh0,user_d93952854478,False,1696550400,0,negatif,0.9021,positif,positif,negatif,soraya
7HpkNw-eYh0,user_48b428de15fd,False,1696550400,0,netral,0.9125,netral,tanpa_emoji,netral,soraya
7HpkNw-eYh0,user_1c3949030099,False,1696550400,0,negatif,0.9621,netral,tanpa_emoji,negatif,soraya
7HpkNw-eYh0,user_08f5926dfece,False,1696550400,0,negatif,0.9861,positif,tanpa_emoji,negatif,soraya
7HpkNw-eYh0,user_418b83cf74cd,False,1696550400,0,negatif,0.9724,netral,tanpa_emoji,negatif,soraya
7HpkNw-eYh0,user_f247c97f2e0d,False,1696550400,1,negatif,0.5831,netral,tanpa_emoji,negatif,soraya
7HpkNw-eYh0,user_db5baf0ec6de,True,1696550400,1,netral,0.64,positif,tanpa_emoji,netral,soraya
7HpkNw-eYh0,user_84521de5ff6b,True,1696550400,0,netral,0.6399,netral,netral,netral,soraya
7HpkNw-eYh0,user_75ae0681d21c,False,1696550400,0,negatif,0.9974,positif,tanpa_emoji,negatif,soraya
7HpkNw-eYh0,user_e4ba2fb9a4d7,False,1696550400,0,netral,0.8879,netral,tanpa_emoji,netral,soraya
7HpkNw-eYh0,user_cb07dc82a0b2,False,1696550400,0,positif,0.6433,netral,tanpa_emoji,positif,soraya
7HpkNw-eYh0,user_6cde52f153fa,True,1696550400,0,negatif,0.986,netral,tanpa_emoji,negatif,soraya
7HpkNw-eYh0,user_4c6413d99b43,False,1696550400,0,negatif,0.5325,netral,tanpa_emoji,negatif,soraya
7HpkNw-eYh0,user_ac1cd7d52c0c,False,1696550400,0,netral,0.9783,netral,tanpa_emoji,netral,soraya
7HpkNw-eYh0,user_ee74ae2432d0,False,1696550400,0,negatif,0.9718,netral,netral,negatif,soraya
7HpkNw-eYh0,user_1a56297dba20,False,1696550400,0,negatif,0.8536,positif,tanpa_emoji,negatif,soraya
7HpkNw-eYh0,user_372f1f617bc1,False,1696550400,0,negatif,0.9798,negatif,tanpa_emoji,negatif,soraya
7HpkNw-eYh0,user_8e68edaa8926,False,1696550400,0,negatif,0.9812,netral,netral,negatif,soraya
7HpkNw-eYh0,user_fd95a715f30a,True,1696550400,0,negatif,0.8113,netral,tanpa_emoji,negatif,soraya
7HpkNw-eYh0,user_0172d79e7e95,False,1696550400,0,negatif,0.9985,netral,tanpa_emoji,negatif,soraya
7HpkNw-eYh0,user_448494a6062f,False,1696550400,0,netral,0.7891,netral,tanpa_emoji,netral,soraya
7HpkNw-eYh0,user_38379720c407,False,1696550400,0,netral,0.9929,netral,tanpa_emoji,netral,soraya
7HpkNw-eYh0,user_76dd6d574c45,True,1696550400,0,netral,0.9918,netral,tanpa_emoji,netral,soraya
7HpkNw-eYh0,user_38379720c407,True,1696550400,0,netral,0.3902,netral,tanpa_emoji,netral,soraya
7HpkNw-eYh0,user_76dd6d574c45,True,1696550400,1,netral,0.8686,positif,tanpa_emoji,netral,soraya
7HpkNw-eYh0,user_2e6f4114311c,False,1696550400,0,negatif,0.4934,netral,tanpa_emoji,negatif,soraya
7HpkNw-eYh0,user_1b575e45cc74,False,1696550400,1,netral,0.6528,netral,tanpa_emoji,netral,soraya
7HpkNw-eYh0,user_fa7f96025493,True,1696550400,0,negatif,0.9919,netral,tanpa_emoji,negatif,soraya
7HpkNw-eYh0,user_4a5bc3a1ace7,True,1696550400,0,netral,0.9765,netral,tanpa_emoji,netral,soraya
7HpkNw-eYh0,user_2455bb89e7f6,False,1696550400,6,positif,0.4918,netral,netral,positif,soraya
7HpkNw-eYh0,user_f939a87b8c96,True,1696550400,3,negatif,0.9927,netral,netral,netral,soraya
7HpkNw-eYh0,user_a06e99207f11,True,1696550400,1,negatif,0.847,positif,netral,negatif,soraya
7HpkNw-eYh0,user_8fe4239da78f,False,1696550400,0,negatif,0.987,positif,tanpa_emoji,negatif,soraya
7HpkNw-eYh0,user_d25367dea220,False,1696550400,0,positif,0.9014,positif,tanpa_emoji,positif,soraya
7HpkNw-eYh0,user_4bf72c7390d9,True,1696550400,0,negatif,0.9942,netral,tanpa_emoji,negatif,soraya
7HpkNw-eYh0,user_cd77cb80dcc6,False,1696550400,0,negatif,0.9978,positif,tanpa_emoji,negatif,soraya
7HpkNw-eYh0,user_dac8bfb341f7,False,1696550400,0,netral,0.6582,netral,tanpa_emoji,netral,soraya
7HpkNw-eYh0,user_4d162081bbc0,False,1696550400,0,negatif,0.9892,netral,tanpa_emoji,negatif,soraya
7HpkNw-eYh0,user_477678aa0da1,False,1696550400,0,negatif,0.998,netral,tanpa_emoji,negatif,soraya
7HpkNw-eYh0,user_8bb157d369ed,False,1696550400,0,negatif,0.679,netral,tanpa_emoji,negatif,soraya
7HpkNw-eYh0,user_4a5bc3a1ace7,True,1696550400,0,netral,0.6781,netral,tanpa_emoji,netral,soraya
7HpkNw-eYh0,user_255d89d7e575,False,1696550400,0,negatif,0.9954,negatif,tanpa_emoji,negatif,soraya
7HpkNw-eYh0,user_b62a497561f5,False,1696550400,0,negatif,0.7319,positif,tanpa_emoji,negatif,soraya
7HpkNw-eYh0,user_af772dd7f5a3,False,1696550400,0,negatif,0.9839,netral,netral,negatif,soraya
7HpkNw-eYh0,user_7b52e048de16,False,1775433600,0,negatif,0.8579,negatif,tanpa_emoji,negatif,soraya
7HpkNw-eYh0,user_4b49eedbcd84,True,1785974400,0,negatif,0.8726,netral,tanpa_emoji,negatif,soraya
7HpkNw-eYh0,user_9831f6793629,False,1696550400,3,positif,0.9168,positif,tanpa_emoji,positif,soraya
7HpkNw-eYh0,user_dfa007a163ba,True,1696550400,3,positif,0.9924,positif,tanpa_emoji,positif,soraya
7HpkNw-eYh0,user_3fe8212a653c,True,1696550400,1,negatif,0.9669,netral,tanpa_emoji,negatif,soraya
7HpkNw-eYh0,user_76dd6d574c45,True,1696550400,0,positif,0.5497,negatif,tanpa_emoji,positif,soraya
7HpkNw-eYh0,user_3fe8212a653c,True,1696550400,0,negatif,0.9689,positif,netral,negatif,soraya
7HpkNw-eYh0,user_76dd6d574c45,True,1696550400,0,negatif,0.5162,positif,tanpa_emoji,negatif,soraya
7HpkNw-eYh0,user_993b45aee711,True,1696550400,0,negatif,0.9974,netral,tanpa_emoji,negatif,soraya
7HpkNw-eYh0,user_f14235d9f227,False,1696550400,0,negatif,0.5169,negatif,netral,negatif,soraya
7HpkNw-eYh0,user_78ff21b2c97b,True,1696550400,0,netral,0.4359,netral,tanpa_emoji,netral,soraya
7HpkNw-eYh0,user_f3e729fbc957,False,1696550400,0,negatif,0.999,positif,tanpa_emoji,negatif,soraya
7HpkNw-eYh0,user_7f566083023c,False,1696550400,4,positif,0.5971,positif,positif,positif,soraya
7HpkNw-eYh0,user_38dbdca74e42,True,1696550400,2,positif,0.9764,positif,tanpa_emoji,positif,soraya
7HpkNw-eYh0,user_89335d85e764,True,1696550400,2,positif,0.9725,positif,positif,positif,soraya
7HpkNw-eYh0,user_79d97766898c,True,1696550400,2,negatif,0.8613,negatif,tanpa_emoji,negatif,soraya
7HpkNw-eYh0,user_4a5bc3a1ace7,True,1696550400,1,negatif,0.8591,netral,tanpa_emoji,negatif,soraya
7HpkNw-eYh0,user_06fdbbd67398,True,1696550400,0,negatif,0.9921,negatif,tanpa_emoji,negatif,soraya
7HpkNw-eYh0,user_e9933183c52e,True,1696550400,0,positif,0.5998,netral,tanpa_emoji,positif,soraya
7HpkNw-eYh0,user_fc3540be76a6,True,1696550400,0,positif,0.4165,negatif,tanpa_emoji,positif,soraya
7HpkNw-eYh0,user_06fdbbd67398,True,1696550400,0,positif,0.9723,netral,tanpa_emoji,positif,soraya
7HpkNw-eYh0,user_70f4d6458144,True,1728172800,0,positif,0.886,netral,tanpa_emoji,positif,soraya
7HpkNw-eYh0,user_ccb163b2c49b,False,1696550400,6,positif,0.9946,netral,positif,positif,soraya
7HpkNw-eYh0,user_0a278f49204b,True,1696550400,10,negatif,0.8026,netral,tanpa_emoji,negatif,soraya
7HpkNw-eYh0,user_01f199193dd5,True,1696550400,2,positif,0.8531,netral,tanpa_emoji,positif,soraya
7HpkNw-eYh0,user_d5086b00a143,True,1696550400,0,negatif,0.9529,negatif,tanpa_emoji,negatif,soraya
7HpkNw-eYh0,user_01f199193dd5,True,1696550400,0,negatif,0.4467,netral,tanpa_emoji,negatif,soraya
7HpkNw-eYh0,user_b9b6b6b00bd7,True,1696550400,3,positif,0.9962,positif,positif,positif,soraya
7HpkNw-eYh0,user_b6c9ede1dcde,True,1696550400,2,negatif,0.9887,positif,tanpa_emoji,negatif,soraya
7HpkNw-eYh0,user_86cfee5e6027,True,1696550400,1,negatif,0.9756,netral,netral,negatif,soraya
7HpkNw-eYh0,user_efe146df0043,True,1696550400,0,negatif,0.9162,negatif,tanpa_emoji,negatif,soraya
7HpkNw-eYh0,user_62742cab02ec,True,1696550400,0,negatif,0.7636,negatif,tanpa_emoji,negatif,soraya
7HpkNw-eYh0,user_62742cab02ec,True,1696550400,0,positif,0.958,netral,tanpa_emoji,positif,soraya
7HpkNw-eYh0,user_d5086b00a143,True,1696550400,0,negatif,0.9979,negatif,tanpa_emoji,negatif,soraya
7HpkNw-eYh0,user_e6d8c080a519,False,1696550400,0,negatif,0.9971,negatif,tanpa_emoji,negatif,soraya
7HpkNw-eYh0,user_5627d4ebc618,False,1696550400,0,negatif,0.9978,netral,tanpa_emoji,negatif,soraya
7HpkNw-eYh0,user_ccca5d4a66fb,False,1696550400,0,positif,0.9779,netral,tanpa_emoji,positif,soraya
7HpkNw-eYh0,user_d5a24661ebd4,False,1696550400,0,negatif,0.4815,netral,tanpa_emoji,negatif,soraya
7HpkNw-eYh0,user_906f3c536d7e,False,1696550400,0,negatif,0.9914,negatif,tanpa_emoji,negatif,soraya
BMIQqHLTyzY,user_978cb97c222d,False,1728172800,19,positif,0.9914,positif,tanpa_emoji,positif,soraya
BMIQqHLTyzY,user_62fc8f1f5031,False,1728172800,0,positif,0.989,positif,tanpa_emoji,positif,soraya
BMIQqHLTyzY,user_916d063796f7,False,1728172800,2,positif,0.7848,netral,netral,positif,soraya
BMIQqHLTyzY,user_a55d64bb1696,False,1728172800,4,negatif,0.9622,netral,tanpa_emoji,negatif,soraya
BMIQqHLTyzY,user_4d1eb0fed876,False,1759708800,1,negatif,0.915,netral,tanpa_emoji,negatif,soraya
BMIQqHLTyzY,user_b320856fc5a8,False,1728172800,8,negatif,0.9971,negatif,netral,negatif,soraya
BMIQqHLTyzY,user_12dc927466b5,True,1728172800,1,negatif,0.966,netral,netral,negatif,soraya
BMIQqHLTyzY,user_a61741a24ebc,False,1728172800,2,negatif,0.9587,negatif,tanpa_emoji,negatif,soraya
BMIQqHLTyzY,user_08f24a07eba9,False,1728172800,1,netral,0.7483,positif,positif,netral,soraya
BMIQqHLTyzY,user_48ae378c7af2,False,1728172800,1,netral,0.5018,negatif,tanpa_emoji,netral,soraya
BMIQqHLTyzY,user_e174ba0aa654,True,1728172800,0,netral,0.7813,netral,tanpa_emoji,netral,soraya
BMIQqHLTyzY,user_43d0931a47df,False,1728172800,17,negatif,0.9904,netral,tanpa_emoji,negatif,soraya
BMIQqHLTyzY,user_a643c8930889,True,1759708800,0,negatif,0.5499,netral,tanpa_emoji,negatif,soraya
BMIQqHLTyzY,user_a77e9cbb0b0b,False,1728172800,9,netral,0.9611,netral,tanpa_emoji,netral,soraya
BMIQqHLTyzY,user_ad1d60dd0fe9,True,1728172800,1,positif,0.9188,netral,tanpa_emoji,positif,soraya
BMIQqHLTyzY,user_0168b1e96945,False,1728172800,5,negatif,0.6975,netral,netral,negatif,soraya
BMIQqHLTyzY,user_56d429010861,True,1728172800,2,positif,0.9893,positif,tanpa_emoji,positif,soraya
BMIQqHLTyzY,user_8ee0d0820cf2,False,1728172800,32,negatif,0.9816,netral,tanpa_emoji,negatif,soraya
BMIQqHLTyzY,user_aa96a8a68cb7,True,1728172800,3,negatif,0.9737,netral,tanpa_emoji,negatif,soraya
BMIQqHLTyzY,user_1e639563f97a,False,1728172800,0,negatif,0.8256,netral,netral,negatif,soraya
BMIQqHLTyzY,user_8ee96ee411a7,False,1728172800,2,negatif,0.5093,netral,netral,negatif,soraya
BMIQqHLTyzY,user_ad1d60dd0fe9,True,1728172800,0,negatif,0.6658,netral,tanpa_emoji,negatif,soraya
BMIQqHLTyzY,user_6f5a0e5f6da1,False,1728172800,1,negatif,0.9803,netral,tanpa_emoji,negatif,soraya
BMIQqHLTyzY,user_503e15f1dcef,False,1728172800,0,negatif,0.9915,netral,tanpa_emoji,negatif,soraya
BMIQqHLTyzY,user_c609249c4a5f,False,1728172800,4,negatif,0.7268,netral,netral,negatif,soraya
BMIQqHLTyzY,user_916d063796f7,True,1728172800,1,negatif,0.4968,netral,netral,negatif,soraya
BMIQqHLTyzY,user_27ee50015eb1,True,1728172800,1,netral,0.9732,netral,tanpa_emoji,netral,soraya
BMIQqHLTyzY,user_6f5a0e5f6da1,False,1728172800,2,negatif,0.7788,netral,tanpa_emoji,negatif,soraya
BMIQqHLTyzY,user_762f6791927f,False,1767657600,1,negatif,0.5173,netral,tanpa_emoji,negatif,soraya
D5i5XHUArr4,user_912ea7b84112,False,1775433600,27,positif,0.9971,netral,tanpa_emoji,positif,soraya
D5i5XHUArr4,user_4b9587d0b2d9,False,1775433600,114,positif,0.9957,positif,tanpa_emoji,positif,soraya
D5i5XHUArr4,user_ef13e89503b3,True,1775433600,1,negatif,0.8936,netral,tanpa_emoji,negatif,soraya
D5i5XHUArr4,user_3bb6d0dbcda3,True,1778025600,0,netral,0.5725,positif,positif,positif,soraya
D5i5XHUArr4,user_347d31bf7a1c,True,1780704000,0,negatif,0.4966,netral,tanpa_emoji,negatif,soraya
D5i5XHUArr4,user_3d692a580a75,False,1775433600,110,positif,0.98,positif,positif,positif,soraya
D5i5XHUArr4,user_9453ccae3987,True,1775433600,0,negatif,0.8814,netral,tanpa_emoji,negatif,soraya
D5i5XHUArr4,user_eea0ea72d355,True,1775433600,1,netral,0.4506,netral,tanpa_emoji,netral,soraya
D5i5XHUArr4,user_fef8bae0d71b,True,1775433600,1,positif,0.8037,netral,tanpa_emoji,positif,soraya
D5i5XHUArr4,user_347d31bf7a1c,True,1780704000,0,negatif,0.4966,netral,tanpa_emoji,negatif,soraya
D5i5XHUArr4,user_f7ef74248cb1,False,1775433600,25,positif,0.8451,netral,netral,positif,soraya
D5i5XHUArr4,user_9a8796b8d7fc,False,1775433600,24,positif,0.9951,positif,tanpa_emoji,positif,soraya
D5i5XHUArr4,user_49d92af514af,False,1775433600,12,positif,0.9774,netral,tanpa_emoji,positif,soraya
D5i5XHUArr4,user_e47e11536eaf,False,1775433600,13,positif,0.955,positif,positif,positif,soraya
D5i5XHUArr4,user_37aef45e0b35,False,1775433600,22,positif,0.996,positif,tanpa_emoji,positif,soraya
D5i5XHUArr4,user_6f78a844ba5e,False,1775433600,140,positif,0.8168,netral,tanpa_emoji,positif,soraya
D5i5XHUArr4,user_f335f2669ddf,True,1775433600,4,negatif,0.8436,netral,tanpa_emoji,negatif,soraya
D5i5XHUArr4,user_3bde357cc47e,True,1775433600,1,negatif,0.7001,netral,tanpa_emoji,negatif,soraya
D5i5XHUArr4,user_6f78a844ba5e,True,1775433600,1,netral,0.9825,negatif,netral,netral,soraya
D5i5XHUArr4,user_3c1530c73430,True,1775433600,1,netral,0.9932,netral,tanpa_emoji,netral,soraya
D5i5XHUArr4,user_b7dc17c88297,True,1775433600,1,positif,0.9753,positif,tanpa_emoji,positif,soraya
D5i5XHUArr4,user_6f78a844ba5e,True,1775433600,1,negatif,0.8022,netral,tanpa_emoji,negatif,soraya
D5i5XHUArr4,user_b7dc17c88297,True,1775433600,0,positif,0.9033,positif,tanpa_emoji,positif,soraya
D5i5XHUArr4,user_b7dc17c88297,True,1775433600,0,positif,0.9821,positif,tanpa_emoji,positif,soraya
D5i5XHUArr4,user_6f78a844ba5e,True,1775433600,2,positif,0.7579,netral,tanpa_emoji,positif,soraya
D5i5XHUArr4,user_b7dc17c88297,True,1775433600,0,positif,0.6161,positif,netral,positif,soraya
D5i5XHUArr4,user_6f78a844ba5e,True,1778025600,0,negatif,0.8822,positif,tanpa_emoji,negatif,soraya
D5i5XHUArr4,user_347d31bf7a1c,True,1780704000,0,negatif,0.4966,netral,tanpa_emoji,negatif,soraya
D5i5XHUArr4,user_1cf409d08547,False,1775433600,11,positif,0.974,positif,tanpa_emoji,positif,soraya
D5i5XHUArr4,user_38518b7c1ec1,False,1775433600,54,positif,0.977,positif,positif,positif,soraya
D5i5XHUArr4,user_e79d26cea653,True,1775433600,0,positif,0.9966,positif,tanpa_emoji,positif,soraya
D5i5XHUArr4,user_38518b7c1ec1,True,1778025600,0,negatif,0.6386,netral,tanpa_emoji,negatif,soraya
D5i5XHUArr4,user_086235a34ea4,True,1775433600,0,positif,0.9923,positif,tanpa_emoji,positif,soraya
D5i5XHUArr4,user_38518b7c1ec1,True,1778025600,0,positif,0.6482,positif,positif,positif,soraya
D5i5XHUArr4,user_347d31bf7a1c,True,1780704000,0,negatif,0.4966,netral,tanpa_emoji,negatif,soraya
D5i5XHUArr4,user_37ef238b89ea,False,1775433600,64,negatif,0.7295,netral,tanpa_emoji,negatif,soraya
D5i5XHUArr4,user_c6d9b1bb290d,True,1775433600,6,negatif,0.9983,positif,tanpa_emoji,negatif,soraya
D5i5XHUArr4,user_eea0ea72d355,True,1775433600,7,negatif,0.9622,netral,tanpa_emoji,negatif,soraya
D5i5XHUArr4,user_456fcd5a0f67,True,1775433600,0,netral,0.903,netral,tanpa_emoji,netral,soraya
D5i5XHUArr4,user_fef8bae0d71b,True,1775433600,0,negatif,0.9799,netral,tanpa_emoji,negatif,soraya
D5i5XHUArr4,user_46a368250be4,True,1775433600,5,negatif,0.968,netral,tanpa_emoji,negatif,soraya
D5i5XHUArr4,user_eea0ea72d355,True,1775433600,4,positif,0.9953,positif,tanpa_emoji,positif,soraya
D5i5XHUArr4,user_5c74aec148ed,True,1775433600,0,negatif,0.9985,netral,tanpa_emoji,negatif,soraya
D5i5XHUArr4,user_347d31bf7a1c,True,1780704000,0,negatif,0.4966,netral,tanpa_emoji,negatif,soraya
D5i5XHUArr4,user_37ef238b89ea,True,1780704000,0,negatif,0.7033,netral,tanpa_emoji,negatif,soraya
D5i5XHUArr4,user_a13b95545977,False,1775433600,6,positif,0.4923,netral,tanpa_emoji,positif,soraya
D5i5XHUArr4,user_40eb98958af8,False,1775433600,12,negatif,0.995,netral,netral,negatif,soraya
D5i5XHUArr4,user_5580e83aebcc,False,1775433600,8,positif,0.9873,positif,tanpa_emoji,positif,soraya
D5i5XHUArr4,user_0514d531ba56,False,1775433600,10,positif,0.9826,positif,netral,positif,soraya
D5i5XHUArr4,user_18a38fc13a10,False,1775433600,6,positif,0.9975,netral,tanpa_emoji,positif,soraya
D5i5XHUArr4,user_2f8ae744a794,False,1775433600,2,positif,0.9417,positif,positif,positif,soraya
D5i5XHUArr4,user_684f6c4db027,False,1775433600,2,negatif,0.5033,netral,negatif,negatif,soraya
D5i5XHUArr4,user_1a671443fa20,False,1775433600,3,positif,0.9852,positif,positif,positif,soraya
D5i5XHUArr4,user_77cc4d252d02,False,1775433600,1,positif,0.9959,positif,positif,positif,soraya
D5i5XHUArr4,user_d7a57483e1a3,False,1775433600,3,netral,0.4494,positif,positif,positif,soraya
D5i5XHUArr4,user_c007b48c2567,False,1775433600,1,positif,0.9842,netral,tanpa_emoji,positif,soraya
D5i5XHUArr4,user_176344a3f4d2,False,1775433600,1,positif,0.9948,positif,tanpa_emoji,positif,soraya
D5i5XHUArr4,user_253d84c8e07a,False,1775433600,1,positif,0.9426,positif,tanpa_emoji,positif,soraya
D5i5XHUArr4,user_1f9a447a3804,False,1775433600,5,positif,0.9938,positif,positif,positif,soraya
D5i5XHUArr4,user_106505297e8f,False,1775433600,2,negatif,0.9546,netral,tanpa_emoji,negatif,soraya
D5i5XHUArr4,user_f7961dfd9aeb,False,1775433600,1,positif,0.9536,positif,positif,positif,soraya
D5i5XHUArr4,user_da8adb42e89d,False,1775433600,10,positif,0.5711,netral,tanpa_emoji,positif,soraya
D5i5XHUArr4,user_347d31bf7a1c,True,1780704000,0,negatif,0.4966,netral,tanpa_emoji,negatif,soraya
D5i5XHUArr4,user_4e0218c78c5c,False,1775433600,1,positif,0.996,positif,tanpa_emoji,positif,soraya
D5i5XHUArr4,user_9c3fe654a4fe,False,1775433600,1,positif,0.9972,positif,tanpa_emoji,positif,soraya
D5i5XHUArr4,user_99fd9034815a,False,1775433600,1,positif,0.9866,positif,positif,positif,soraya
D5i5XHUArr4,user_7e8179585791,False,1775433600,5,netral,0.871,netral,tanpa_emoji,netral,soraya
D5i5XHUArr4,user_0e530d716fd2,False,1775433600,0,positif,0.9425,negatif,tanpa_emoji,positif,soraya
D5i5XHUArr4,user_0ffa77c8b173,False,1775433600,1,positif,0.9875,positif,tanpa_emoji,positif,soraya
D5i5XHUArr4,user_34ed84b493bb,False,1775433600,1,positif,0.998,positif,positif,positif,soraya
D5i5XHUArr4,user_296059d4328b,False,1775433600,1,positif,0.9884,positif,tanpa_emoji,positif,soraya
D5i5XHUArr4,user_7750872e9e62,False,1785974400,0,positif,0.986,positif,tanpa_emoji,positif,soraya
D5i5XHUArr4,user_f86f146dd694,False,1775433600,1,positif,0.5996,positif,positif,positif,soraya
D5i5XHUArr4,user_d94f0fed6ab2,False,1775433600,1,positif,0.5594,positif,tanpa_emoji,positif,soraya
D5i5XHUArr4,user_5a685d9159c3,False,1775433600,10,negatif,0.7598,netral,tanpa_emoji,negatif,soraya
D5i5XHUArr4,user_72f7391d765d,False,1785974400,0,positif,0.9947,positif,positif,positif,soraya
D5i5XHUArr4,user_56ffdddd0ff9,False,1775433600,1,positif,0.9458,positif,tanpa_emoji,positif,soraya
D5i5XHUArr4,user_8d9c4147e4a5,False,1775433600,0,positif,0.9838,positif,positif,positif,soraya
D5i5XHUArr4,user_834c8b6c9283,False,1785974400,0,positif,0.9865,positif,netral,positif,soraya
D5i5XHUArr4,user_14a91b84615d,False,1775433600,0,positif,0.6013,netral,tanpa_emoji,positif,soraya
D5i5XHUArr4,user_2a343bcb4a91,False,1775433600,1,netral,0.8414,netral,tanpa_emoji,netral,soraya
D5i5XHUArr4,user_06fdbbd67398,False,1775433600,0,negatif,0.8397,positif,positif,negatif,soraya
D5i5XHUArr4,user_92b3fcebcd82,False,1775433600,4,negatif,0.7042,positif,positif,negatif,soraya
D5i5XHUArr4,user_b169d4e331bf,False,1775433600,1,negatif,0.7669,negatif,netral,negatif,soraya
D5i5XHUArr4,user_137d4fd4a6e5,False,1775433600,0,netral,0.6792,netral,tanpa_emoji,netral,soraya
D5i5XHUArr4,user_cf005ac9107d,False,1775433600,0,positif,0.9111,positif,positif,positif,soraya
D5i5XHUArr4,user_443e8904e1b2,False,1775433600,0,negatif,0.5287,netral,tanpa_emoji,negatif,soraya
D5i5XHUArr4,user_dd6c0309994e,False,1775433600,1,positif,0.9562,positif,tanpa_emoji,positif,soraya
D5i5XHUArr4,user_3a730ecce661,False,1775433600,0,positif,0.9818,positif,tanpa_emoji,positif,soraya
D5i5XHUArr4,user_fc1a6754be3f,False,1775433600,2,positif,0.9158,positif,positif,positif,soraya
D5i5XHUArr4,user_592109934a6c,False,1775433600,2,positif,0.9504,netral,tanpa_emoji,positif,soraya
D5i5XHUArr4,user_7c2994353ef0,False,1775433600,0,netral,0.5495,positif,tanpa_emoji,netral,soraya
D5i5XHUArr4,user_daf7e6945143,False,1775433600,1,negatif,0.7231,netral,tanpa_emoji,negatif,soraya
D5i5XHUArr4,user_9c248bda4ad1,False,1775433600,15,netral,0.8699,netral,netral,netral,soraya
D5i5XHUArr4,user_27294413fec6,True,1775433600,2,negatif,0.9931,netral,netral,netral,soraya
D5i5XHUArr4,user_dd616835d271,True,1775433600,1,netral,0.6605,netral,netral,netral,soraya
D5i5XHUArr4,user_35ec6ea93fcf,False,1775433600,9,negatif,0.494,netral,positif,positif,soraya
D5i5XHUArr4,user_eea0ea72d355,True,1775433600,0,negatif,0.9639,netral,tanpa_emoji,negatif,soraya
D5i5XHUArr4,user_35ec6ea93fcf,True,1778025600,0,netral,0.9309,positif,positif,netral,soraya
D5i5XHUArr4,user_01fdbf96fdf9,False,1775433600,0,positif,0.8474,positif,tanpa_emoji,positif,soraya
D5i5XHUArr4,user_fe94009d487b,False,1775433600,0,positif,0.4905,positif,tanpa_emoji,positif,soraya
D5i5XHUArr4,user_6ac40f8bbd6a,False,1775433600,0,negatif,0.5667,netral,tanpa_emoji,negatif,soraya
D5i5XHUArr4,user_834e3c234176,False,1775433600,0,positif,0.5933,positif,positif,positif,soraya
D5i5XHUArr4,user_d3aa6937e67a,False,1775433600,0,positif,0.47,positif,tanpa_emoji,positif,soraya
D5i5XHUArr4,user_dd9c9f0a0a6b,False,1775433600,0,positif,0.9987,positif,tanpa_emoji,positif,soraya
D5i5XHUArr4,user_aa9189f0873f,False,1785974400,0,positif,0.9554,positif,tanpa_emoji,positif,soraya
D5i5XHUArr4,user_c1aa1b61445c,False,1775433600,0,negatif,0.7475,netral,netral,negatif,soraya
D5i5XHUArr4,user_2aa505d499a0,False,1775433600,2,positif,0.965,positif,tanpa_emoji,positif,soraya
D5i5XHUArr4,user_035e5d29e472,False,1775433600,0,negatif,0.55,netral,tanpa_emoji,negatif,soraya
D5i5XHUArr4,user_e2b3169ac283,False,1775433600,2,negatif,0.9801,netral,netral,negatif,soraya
D5i5XHUArr4,user_606d2962025f,False,1775433600,0,positif,0.993,positif,positif,positif,soraya
D5i5XHUArr4,user_c5b0ed158e1a,False,1788652800,0,positif,0.9975,positif,tanpa_emoji,positif,soraya
D5i5XHUArr4,user_d40e89b29f9b,False,1775433600,0,negatif,0.8797,netral,tanpa_emoji,negatif,soraya
D5i5XHUArr4,user_7acb4d7e63ac,False,1775433600,2,positif,0.8678,positif,positif,positif,soraya
D5i5XHUArr4,user_58d38a1386c5,False,1775433600,0,positif,0.9963,positif,positif,positif,soraya
D5i5XHUArr4,user_aa82905e6f7e,False,1775433600,9,positif,0.9918,positif,tanpa_emoji,positif,soraya
D5i5XHUArr4,user_72fcd77aa215,True,1775433600,3,positif,0.9144,netral,tanpa_emoji,positif,soraya
D5i5XHUArr4,user_06fdbbd67398,True,1775433600,0,netral,0.9683,netral,tanpa_emoji,netral,soraya
D5i5XHUArr4,user_65ed7ae3bd66,False,1775433600,1,positif,0.9592,positif,positif,positif,soraya
D5i5XHUArr4,user_7e8132096b41,False,1775433600,2,netral,0.9839,positif,positif,netral,soraya
D5i5XHUArr4,user_0a5985b21f91,False,1789430400,0,negatif,0.9956,netral,tanpa_emoji,negatif,soraya
D5i5XHUArr4,user_109dd6f91b89,False,1775433600,0,positif,0.5531,positif,tanpa_emoji,positif,soraya
D5i5XHUArr4,user_5eebb1ab42d0,False,1775433600,1,negatif,0.945,netral,netral,negatif,soraya
D5i5XHUArr4,user_28581b54820e,False,1775433600,0,negatif,0.997,positif,tanpa_emoji,negatif,soraya
D5i5XHUArr4,user_ffeb607300f5,False,1775433600,0,positif,0.974,positif,tanpa_emoji,positif,soraya
D5i5XHUArr4,user_32fce1551593,False,1775433600,0,negatif,0.9061,netral,tanpa_emoji,negatif,soraya
D5i5XHUArr4,user_d1ce58d072ca,False,1775433600,1,negatif,0.6645,netral,tanpa_emoji,negatif,soraya
D5i5XHUArr4,user_8090dde1e87d,False,1778025600,1,negatif,0.9872,negatif,tanpa_emoji,negatif,soraya
D5i5XHUArr4,user_22df660cbd17,False,1775433600,0,netral,0.9403,netral,tanpa_emoji,netral,soraya
D5i5XHUArr4,user_4141240917f8,False,1775433600,4,negatif,0.8082,netral,netral,negatif,soraya
D5i5XHUArr4,user_b8c735e4c3d1,False,1775433600,0,netral,0.9038,netral,netral,netral,soraya
D5i5XHUArr4,user_b957a774082c,False,1775433600,0,negatif,0.8796,netral,netral,negatif,soraya
D5i5XHUArr4,user_aa9189f0873f,False,1785974400,0,positif,0.9985,positif,positif,positif,soraya
D5i5XHUArr4,user_157b5668b305,False,1775433600,0,negatif,0.667,positif,tanpa_emoji,negatif,soraya
D5i5XHUArr4,user_4f0f1ed9f587,False,1785974400,0,positif,0.4982,netral,tanpa_emoji,positif,soraya
D5i5XHUArr4,user_25f9611c4534,False,1775433600,0,negatif,0.6988,positif,tanpa_emoji,negatif,soraya
D5i5XHUArr4,user_60e6a73b3067,False,1775433600,1,positif,0.9459,positif,positif,positif,soraya
D5i5XHUArr4,user_3c1530c73430,True,1775433600,1,negatif,0.9928,netral,tanpa_emoji,negatif,soraya
D5i5XHUArr4,user_dd616835d271,False,1775433600,2,netral,0.6364,netral,tanpa_emoji,netral,soraya
D5i5XHUArr4,user_0c009e091315,False,1775433600,0,positif,0.9893,positif,tanpa_emoji,positif,soraya
D5i5XHUArr4,user_6cb93e8a8fd3,False,1775433600,0,positif,0.9079,positif,tanpa_emoji,positif,soraya
D5i5XHUArr4,user_ba5565115991,False,1775433600,1,negatif,0.8333,positif,positif,positif,soraya
D5i5XHUArr4,user_2578d624d4e9,False,1775433600,8,negatif,0.9673,positif,netral,negatif,soraya
D5i5XHUArr4,user_997059875462,True,1775433600,1,positif,0.9459,negatif,tanpa_emoji,positif,soraya
D5i5XHUArr4,user_b2660a229afa,False,1775433600,0,negatif,0.9259,positif,positif,positif,soraya
D5i5XHUArr4,user_5341da031714,False,1775433600,0,netral,0.9687,netral,tanpa_emoji,netral,soraya
D5i5XHUArr4,user_a25edd97e259,False,1778025600,0,positif,0.9935,positif,netral,positif,soraya
D5i5XHUArr4,user_347d31bf7a1c,True,1780704000,0,negatif,0.4966,netral,tanpa_emoji,negatif,soraya
D5i5XHUArr4,user_9b7c04654155,False,1775433600,0,negatif,0.9497,netral,tanpa_emoji,negatif,soraya
D5i5XHUArr4,user_de1595470019,False,1775433600,0,negatif,0.8387,netral,tanpa_emoji,negatif,soraya
D5i5XHUArr4,user_815382e50d41,False,1775433600,0,negatif,0.7588,positif,tanpa_emoji,negatif,soraya
D5i5XHUArr4,user_92d60851c642,False,1775433600,0,positif,0.4946,negatif,tanpa_emoji,positif,soraya
D5i5XHUArr4,user_44c48b986f05,False,1789430400,1,positif,0.8738,positif,tanpa_emoji,positif,soraya
D5i5XHUArr4,user_34f5d77a261b,False,1775433600,0,negatif,0.5105,positif,tanpa_emoji,negatif,soraya
D5i5XHUArr4,user_19c52e0d9964,False,1775433600,1,positif,0.8812,positif,tanpa_emoji,positif,soraya
D5i5XHUArr4,user_58ba010ae3ac,False,1775433600,6,negatif,0.8711,netral,tanpa_emoji,negatif,soraya
D5i5XHUArr4,user_aa82905e6f7e,True,1775433600,2,negatif,0.373,netral,tanpa_emoji,negatif,soraya
D5i5XHUArr4,user_53a58578a454,False,1775433600,0,positif,0.8816,netral,netral,positif,soraya
D5i5XHUArr4,user_f27e5a42fb5e,False,1775433600,1,negatif,0.8493,positif,tanpa_emoji,negatif,soraya
D5i5XHUArr4,user_50c2ffcba0ec,True,1775433600,1,positif,0.9672,positif,tanpa_emoji,positif,soraya
D5i5XHUArr4,user_04de4534c842,False,1775433600,5,netral,0.9907,netral,tanpa_emoji,netral,soraya
D5i5XHUArr4,user_04de4534c842,False,1775433600,1,netral,0.9592,netral,tanpa_emoji,netral,soraya
D5i5XHUArr4,user_5c65e55638c0,False,1775433600,0,negatif,0.9285,netral,tanpa_emoji,negatif,soraya
D5i5XHUArr4,user_b6881c7da3ea,False,1775433600,0,negatif,0.9816,netral,netral,negatif,soraya
D5i5XHUArr4,user_fd0523b63536,False,1783296000,0,negatif,0.7864,positif,positif,negatif,soraya
D5i5XHUArr4,user_cdbecc04ba5c,False,1775433600,0,netral,0.9726,negatif,tanpa_emoji,netral,soraya
D5i5XHUArr4,user_4b704185816a,False,1775433600,1,negatif,0.9904,netral,tanpa_emoji,negatif,soraya
D5i5XHUArr4,user_035e5d29e472,False,1775433600,0,negatif,0.5631,netral,tanpa_emoji,negatif,soraya
D5i5XHUArr4,user_02a101cf4b7b,False,1775433600,0,negatif,0.7964,netral,tanpa_emoji,negatif,soraya
D5i5XHUArr4,user_3abe08bc3a99,False,1775433600,0,negatif,0.5341,netral,tanpa_emoji,negatif,soraya
D5i5XHUArr4,user_0ea7b61d9208,False,1778025600,0,positif,0.9826,positif,tanpa_emoji,positif,soraya
D5i5XHUArr4,user_347d31bf7a1c,True,1780704000,0,negatif,0.4966,netral,tanpa_emoji,negatif,soraya
D5i5XHUArr4,user_bb75924a10c1,False,1775433600,0,negatif,0.9404,netral,tanpa_emoji,negatif,soraya
D5i5XHUArr4,user_7239eaf0452a,False,1775433600,1,negatif,0.6395,netral,tanpa_emoji,negatif,soraya
D5i5XHUArr4,user_ce2212711b05,False,1775433600,1,negatif,0.9671,netral,tanpa_emoji,negatif,soraya
D5i5XHUArr4,user_a89b1e00edfc,False,1775433600,0,positif,0.9355,positif,tanpa_emoji,positif,soraya
D5i5XHUArr4,user_d1c9a267a3eb,False,1775433600,0,positif,0.8036,netral,tanpa_emoji,positif,soraya
D5i5XHUArr4,user_3753950e4a38,False,1785974400,0,negatif,0.9575,netral,tanpa_emoji,negatif,soraya
D5i5XHUArr4,user_441e9eb32ae2,False,1775433600,0,positif,0.9933,positif,tanpa_emoji,positif,soraya
D5i5XHUArr4,user_3751df822d89,False,1775433600,3,negatif,0.7257,netral,tanpa_emoji,negatif,soraya
D5i5XHUArr4,user_1425c2917dba,True,1775433600,0,negatif,0.855,positif,tanpa_emoji,negatif,soraya
D5i5XHUArr4,user_3a8b380d2bba,False,1775433600,0,negatif,0.9498,positif,positif,negatif,soraya
D5i5XHUArr4,user_8311b07c02fe,False,1775433600,2,positif,0.7469,positif,positif,positif,soraya
D5i5XHUArr4,user_3d692a580a75,True,1775433600,2,positif,0.9931,positif,positif,positif,soraya
D5i5XHUArr4,user_dd616835d271,True,1775433600,1,netral,0.6605,netral,netral,netral,soraya
D5i5XHUArr4,user_ccc58ef68f3e,False,1775433600,0,negatif,0.48,netral,tanpa_emoji,negatif,soraya
D5i5XHUArr4,user_5271201b62da,False,1775433600,0,netral,0.6532,positif,positif,netral,soraya
D5i5XHUArr4,user_9578363832c2,False,1775433600,0,positif,0.9659,netral,tanpa_emoji,positif,soraya
D5i5XHUArr4,user_eea0ea72d355,True,1775433600,0,negatif,0.9634,netral,tanpa_emoji,negatif,soraya
D5i5XHUArr4,user_7d4b6fcc9064,False,1775433600,0,netral,0.75,netral,tanpa_emoji,netral,soraya
D5i5XHUArr4,user_da701b304e05,False,1775433600,1,negatif,0.9672,netral,tanpa_emoji,negatif,soraya
D5i5XHUArr4,user_06cf475d21b7,False,1775433600,1,negatif,0.9723,netral,netral,netral,soraya
D5i5XHUArr4,user_b2416c0939fc,False,1775433600,0,negatif,0.7529,netral,tanpa_emoji,negatif,soraya
D5i5XHUArr4,user_5c05de2fa7e4,False,1775433600,0,negatif,0.9445,netral,tanpa_emoji,negatif,soraya
D5i5XHUArr4,user_21ff3d2bdf5e,False,1775433600,2,negatif,0.7385,netral,tanpa_emoji,negatif,soraya
D5i5XHUArr4,user_ebea838a88f0,True,1775433600,1,negatif,0.9724,negatif,netral,negatif,soraya
D5i5XHUArr4,user_dd616835d271,True,1775433600,1,netral,0.6364,netral,tanpa_emoji,netral,soraya
D5i5XHUArr4,user_742eafa8f746,True,1775433600,1,negatif,0.5044,negatif,tanpa_emoji,negatif,soraya
D5i5XHUArr4,user_6e377cd09e30,False,1791198000,0,negatif,0.9314,positif,tanpa_emoji,negatif,soraya
D5i5XHUArr4,user_1d8876151f83,False,1775433600,0,netral,0.9607,netral,tanpa_emoji,netral,soraya
D5i5XHUArr4,user_3dc66560d019,False,1775433600,0,positif,0.7931,netral,tanpa_emoji,positif,soraya
D5i5XHUArr4,user_cd34620cb116,False,1780704000,0,negatif,0.8435,netral,tanpa_emoji,negatif,soraya
D5i5XHUArr4,user_347d31bf7a1c,True,1780704000,0,negatif,0.4966,netral,tanpa_emoji,negatif,soraya
D5i5XHUArr4,user_16e0aa10a35f,False,1775433600,0,negatif,0.8878,netral,tanpa_emoji,negatif,soraya
D5i5XHUArr4,user_ee4aadfd5f79,True,1775433600,0,netral,0.5258,netral,tanpa_emoji,netral,soraya
D5i5XHUArr4,user_c5aca83c5c3b,False,1775433600,0,negatif,0.7566,netral,tanpa_emoji,negatif,soraya
D5i5XHUArr4,user_b8a5a9158ec5,False,1778025600,1,netral,0.9896,netral,tanpa_emoji,netral,soraya
D5i5XHUArr4,user_347d31bf7a1c,True,1780704000,0,negatif,0.4966,netral,tanpa_emoji,negatif,soraya
D5i5XHUArr4,user_7d569d47f43b,False,1775433600,0,positif,0.9972,positif,positif,positif,soraya
D5i5XHUArr4,user_b8fefd8c36f2,True,1775433600,0,negatif,0.882,netral,netral,negatif,soraya
D5i5XHUArr4,user_7d569d47f43b,True,1778025600,0,negatif,0.6556,netral,tanpa_emoji,negatif,soraya
D5i5XHUArr4,user_af7296c9e463,False,1775433600,3,positif,0.9924,positif,positif,positif,soraya
D5i5XHUArr4,user_eefeaa20f8ff,True,1783296000,0,negatif,0.9827,netral,tanpa_emoji,negatif,soraya
D5i5XHUArr4,user_b737f94e2c27,False,1775433600,0,positif,0.9849,positif,tanpa_emoji,positif,soraya
D5i5XHUArr4,user_18536a63237e,False,1775433600,1,positif,0.5416,netral,tanpa_emoji,positif,soraya
D5i5XHUArr4,user_e848fb25dc36,True,1775433600,0,negatif,0.8972,netral,tanpa_emoji,negatif,soraya
D5i5XHUArr4,user_a980e7013794,False,1775433600,1,negatif,0.6853,netral,netral,netral,soraya
D5i5XHUArr4,user_cfdbeda30f8d,False,1775433600,0,negatif,0.9856,netral,tanpa_emoji,negatif,soraya
D5i5XHUArr4,user_4408d1e04f29,False,1775433600,0,negatif,0.7085,netral,tanpa_emoji,negatif,soraya
D5i5XHUArr4,user_008ce41baa2b,False,1775433600,2,positif,0.4884,netral,tanpa_emoji,positif,soraya
D5i5XHUArr4,user_0c2209a58414,True,1775433600,1,positif,0.9635,positif,tanpa_emoji,positif,soraya
D5i5XHUArr4,user_ff132b2174cb,False,1775433600,0,positif,0.9972,positif,tanpa_emoji,positif,soraya
D5i5XHUArr4,user_ceb14e101d17,False,1775433600,0,negatif,0.9548,netral,tanpa_emoji,negatif,soraya
D5i5XHUArr4,user_231510e9fbd5,False,1775433600,1,negatif,0.9233,netral,netral,negatif,soraya
D5i5XHUArr4,user_eeffe396b424,False,1783296000,0,negatif,0.9847,netral,tanpa_emoji,negatif,soraya
D5i5XHUArr4,user_19f59a1517bf,False,1775433600,0,negatif,0.9811,netral,tanpa_emoji,negatif,soraya
D5i5XHUArr4,user_2ff9b92dd5bb,False,1775433600,0,negatif,0.6169,negatif,tanpa_emoji,negatif,soraya
D5i5XHUArr4,user_0f929ab55f6a,False,1775433600,2,negatif,0.7743,positif,positif,negatif,soraya
D5i5XHUArr4,user_eb19e0b1e6fb,False,1775433600,0,negatif,0.9607,netral,tanpa_emoji,negatif,soraya
D5i5XHUArr4,user_798fc47abc77,False,1775433600,0,positif,0.9807,netral,tanpa_emoji,positif,soraya
D5i5XHUArr4,user_17c4bd232a63,True,1775433600,0,netral,0.4803,netral,tanpa_emoji,netral,soraya
D5i5XHUArr4,user_bb9202713e13,False,1775433600,0,positif,0.9885,positif,tanpa_emoji,positif,soraya
D5i5XHUArr4,user_4dc727c91f05,False,1775433600,0,negatif,0.7839,positif,tanpa_emoji,negatif,soraya
D5i5XHUArr4,user_50c2ffcba0ec,False,1775433600,1,negatif,0.9904,negatif,tanpa_emoji,negatif,soraya
D5i5XHUArr4,user_ebea838a88f0,False,1775433600,2,negatif,0.9967,negatif,tanpa_emoji,negatif,soraya
D5i5XHUArr4,user_c6d9b1bb290d,True,1775433600,1,negatif,0.9975,positif,tanpa_emoji,negatif,soraya
D5i5XHUArr4,user_0c2209a58414,True,1775433600,1,negatif,0.923,netral,tanpa_emoji,negatif,soraya
D5i5XHUArr4,user_441e9eb32ae2,False,1775433600,0,positif,0.887,positif,tanpa_emoji,positif,soraya
D5i5XHUArr4,user_079bd2de123b,False,1775433600,1,negatif,0.9715,netral,tanpa_emoji,negatif,soraya
D5i5XHUArr4,user_d7a57483e1a3,True,1775433600,1,positif,0.7103,positif,positif,positif,soraya
D5i5XHUArr4,user_f8b4afa38177,True,1775433600,1,netral,0.6172,netral,tanpa_emoji,netral,soraya
D5i5XHUArr4,user_dd616835d271,True,1775433600,1,netral,0.6605,netral,netral,netral,soraya
D5i5XHUArr4,user_7abd038501c8,True,1775433600,1,positif,0.9883,netral,tanpa_emoji,positif,soraya
D5i5XHUArr4,user_be635bd5b16e,False,1775433600,0,netral,0.5677,netral,tanpa_emoji,netral,soraya
D5i5XHUArr4,user_3d71c884a229,False,1775433600,0,negatif,0.8375,netral,tanpa_emoji,negatif,soraya
D5i5XHUArr4,user_80d9eba34dae,False,1775433600,0,negatif,0.9964,netral,tanpa_emoji,negatif,soraya
D5i5XHUArr4,user_3ca82c19816c,False,1775433600,0,negatif,0.9958,netral,netral,negatif,soraya
D5i5XHUArr4,user_3b8d3053c046,False,1775433600,0,netral,0.8239,netral,tanpa_emoji,netral,soraya
D5i5XHUArr4,user_9b0ed6dd03dc,False,1775433600,0,negatif,0.9936,positif,tanpa_emoji,negatif,soraya
D5i5XHUArr4,user_f8b4afa38177,False,1775433600,1,positif,0.5062,negatif,netral,positif,soraya
D5i5XHUArr4,user_0c2209a58414,True,1775433600,1,positif,0.9724,negatif,tanpa_emoji,positif,soraya
D5i5XHUArr4,user_f8b4afa38177,True,1775433600,1,negatif,0.8436,negatif,netral,negatif,soraya
D5i5XHUArr4,user_dd616835d271,True,1775433600,1,netral,0.6605,netral,netral,netral,soraya
D5i5XHUArr4,user_6f78a844ba5e,False,1775433600,40,positif,0.5672,netral,tanpa_emoji,positif,soraya
D5i5XHUArr4,user_039a30216d84,True,1775433600,4,netral,0.5545,netral,tanpa_emoji,netral,soraya
D5i5XHUArr4,user_c6d9b1bb290d,True,1775433600,2,negatif,0.9945,positif,tanpa_emoji,negatif,soraya
D5i5XHUArr4,user_c73e8ac91109,True,1775433600,1,negatif,0.9957,netral,tanpa_emoji,negatif,soraya
D5i5XHUArr4,user_f95de7965d32,True,1775433600,1,negatif,0.7718,positif,netral,negatif,soraya
D5i5XHUArr4,user_aa82905e6f7e,True,1775433600,1,negatif,0.9225,netral,tanpa_emoji,negatif,soraya
D5i5XHUArr4,user_a4d15b273a55,True,1775433600,1,netral,0.4287,netral,tanpa_emoji,netral,soraya
D5i5XHUArr4,user_2112faf3334f,True,1775433600,1,negatif,0.9901,netral,netral,negatif,soraya
D5i5XHUArr4,user_6f78a844ba5e,True,1775433600,1,negatif,0.8191,netral,tanpa_emoji,negatif,soraya
D5i5XHUArr4,user_dd616835d271,True,1775433600,1,netral,0.6364,netral,tanpa_emoji,netral,soraya
D5i5XHUArr4,user_71e68d210095,True,1775433600,1,negatif,0.9986,netral,tanpa_emoji,negatif,soraya
D5i5XHUArr4,user_dac5facc9ea4,False,1775433600,0,positif,0.9886,negatif,negatif,positif,soraya
D5i5XHUArr4,user_795fc9de4b08,False,1775433600,0,negatif,0.9877,netral,tanpa_emoji,negatif,soraya
D5i5XHUArr4,user_5fc25bf3c1ef,False,1775433600,1,negatif,0.9768,netral,tanpa_emoji,negatif,soraya
D5i5XHUArr4,user_c4a65d2dd87f,False,1775433600,0,positif,0.7053,positif,tanpa_emoji,positif,soraya
D5i5XHUArr4,user_6f78a844ba5e,False,1775433600,8,negatif,0.9914,netral,netral,negatif,soraya
D5i5XHUArr4,user_c6d9b1bb290d,True,1775433600,3,positif,0.997,positif,tanpa_emoji,positif,soraya
D5i5XHUArr4,user_f8b4afa38177,True,1775433600,3,positif,0.5337,netral,netral,positif,soraya
D5i5XHUArr4,user_dd616835d271,True,1775433600,1,netral,0.6364,netral,tanpa_emoji,netral,soraya
D5i5XHUArr4,user_4df99848e5ff,True,1775433600,1,negatif,0.821,netral,tanpa_emoji,negatif,soraya
D5i5XHUArr4,user_f8b4afa38177,True,1775433600,3,negatif,0.9916,positif,tanpa_emoji,negatif,soraya
D5i5XHUArr4,user_6f78a844ba5e,True,1775433600,0,netral,0.8805,netral,tanpa_emoji,netral,soraya
D5i5XHUArr4,user_9fa3eeac9bcb,True,1778025600,0,negatif,0.9986,negatif,tanpa_emoji,negatif,soraya
D5i5XHUArr4,user_5ad568c3accd,False,1775433600,0,negatif,0.986,positif,tanpa_emoji,negatif,soraya
D5i5XHUArr4,user_0d2bbdc94c65,False,1778025600,0,negatif,0.9968,negatif,netral,negatif,soraya
D5i5XHUArr4,user_347d31bf7a1c,True,1780704000,0,negatif,0.4966,netral,tanpa_emoji,negatif,soraya
D5i5XHUArr4,user_b695a8b10b39,False,1778025600,0,negatif,0.9842,positif,netral,negatif,soraya
D5i5XHUArr4,user_347d31bf7a1c,True,1780704000,0,negatif,0.4966,netral,tanpa_emoji,negatif,soraya
D5i5XHUArr4,user_405af08fd711,False,1775433600,0,negatif,0.5942,netral,tanpa_emoji,negatif,soraya
D5i5XHUArr4,user_ffa43c9c3ec4,False,1775433600,0,negatif,0.9973,positif,tanpa_emoji,negatif,soraya
D5i5XHUArr4,user_44a5a949b1ad,False,1775433600,0,negatif,0.9917,netral,tanpa_emoji,negatif,soraya
D5i5XHUArr4,user_32209fb301d4,False,1775433600,0,negatif,0.9035,netral,tanpa_emoji,negatif,soraya
D5i5XHUArr4,user_bc9f50f1e65b,False,1775433600,0,negatif,0.9989,negatif,tanpa_emoji,negatif,soraya
D5i5XHUArr4,user_eac5e1b05165,False,1775433600,0,negatif,0.8469,negatif,tanpa_emoji,negatif,soraya
D5i5XHUArr4,user_cc85f06c39d1,False,1775433600,0,negatif,0.875,negatif,negatif,negatif,soraya
D5i5XHUArr4,user_37d7d845c073,False,1785974400,0,negatif,0.9095,negatif,negatif,negatif,soraya
D5i5XHUArr4,user_0514d531ba56,False,1775433600,1,negatif,0.6645,netral,tanpa_emoji,negatif,soraya
D5i5XHUArr4,user_6345038a9bec,False,1775433600,0,negatif,0.8191,negatif,negatif,negatif,soraya
D5i5XHUArr4,user_1d386fddc755,True,1775433600,0,negatif,0.6749,negatif,tanpa_emoji,negatif,soraya
D5i5XHUArr4,user_6345038a9bec,True,1775433600,0,netral,0.723,positif,tanpa_emoji,netral,soraya
D5i5XHUArr4,user_87e64e44a7d8,False,1775433600,0,negatif,0.8115,negatif,netral,negatif,soraya
IKm7yQLorPo,user_420746dfe39f,False,1759708800,12,positif,0.9716,netral,tanpa_emoji,positif,soraya
IKm7yQLorPo,user_8f6085263bd1,False,1759708800,5,positif,0.9872,netral,tanpa_emoji,positif,soraya
IKm7yQLorPo,user_d494833eeea9,False,1759708800,0,positif,0.6847,netral,tanpa_emoji,positif,soraya
IKm7yQLorPo,user_047bae73ae06,False,1759708800,0,negatif,0.9734,negatif,tanpa_emoji,negatif,soraya
IKm7yQLorPo,user_c73be4bfbb71,False,1759708800,0,negatif,0.913,netral,tanpa_emoji,negatif,soraya
IKm7yQLorPo,user_987457ff818e,False,1759708800,3,negatif,0.9987,netral,tanpa_emoji,negatif,soraya
IKm7yQLorPo,user_d629e7a77c66,False,1759708800,0,negatif,0.5458,positif,tanpa_emoji,negatif,soraya
IKm7yQLorPo,user_bff72fd509a1,True,1759708800,1,negatif,0.9428,netral,tanpa_emoji,negatif,soraya
IKm7yQLorPo,user_6138efaa569c,False,1759708800,5,netral,0.4965,netral,netral,netral,soraya
IKm7yQLorPo,user_d4bcb44b09b6,True,1759708800,2,positif,0.8888,positif,tanpa_emoji,positif,soraya
IKm7yQLorPo,user_6138efaa569c,True,1759708800,5,netral,0.8542,netral,tanpa_emoji,netral,soraya
IKm7yQLorPo,user_d4bcb44b09b6,True,1759708800,0,netral,0.9502,netral,tanpa_emoji,netral,soraya
IKm7yQLorPo,user_3a1c5bd4061c,True,1759708800,0,netral,0.9919,netral,netral,netral,soraya
IKm7yQLorPo,user_6138efaa569c,True,1759708800,0,netral,0.4616,netral,netral,netral,soraya
LWdoRl6Lt-g,user_1065fcf69c18,False,1759708800,11,positif,0.5021,positif,positif,positif,soraya
LWdoRl6Lt-g,user_0dba4d1e6b04,False,1759708800,177,positif,0.788,netral,netral,positif,soraya
LWdoRl6Lt-g,user_c8c3c71fc260,True,1759708800,7,negatif,0.9625,netral,tanpa_emoji,negatif,soraya
LWdoRl6Lt-g,user_451f3d594a1b,True,1759708800,3,negatif,0.8639,netral,tanpa_emoji,negatif,soraya
LWdoRl6Lt-g,user_36b8a485014b,True,1759708800,2,positif,0.9258,netral,tanpa_emoji,positif,soraya
LWdoRl6Lt-g,user_b8efc701b92a,True,1759708800,1,netral,0.8428,netral,tanpa_emoji,netral,soraya
LWdoRl6Lt-g,user_e9ba8b9396dd,True,1759708800,1,positif,0.9815,netral,tanpa_emoji,positif,soraya
LWdoRl6Lt-g,user_c065545c422a,True,1759708800,1,positif,0.9956,positif,tanpa_emoji,positif,soraya
LWdoRl6Lt-g,user_09615a8fad7e,True,1759708800,1,positif,0.9913,positif,tanpa_emoji,positif,soraya
LWdoRl6Lt-g,user_74dadb99e342,True,1759708800,0,negatif,0.9882,negatif,tanpa_emoji,negatif,soraya
LWdoRl6Lt-g,user_f264d026e813,True,1759708800,0,negatif,0.9931,negatif,tanpa_emoji,negatif,soraya
LWdoRl6Lt-g,user_aca233964886,True,1759708800,0,netral,0.9148,netral,tanpa_emoji,netral,soraya
LWdoRl6Lt-g,user_c74e00310af1,True,1759708800,0,positif,0.6741,netral,tanpa_emoji,positif,soraya
LWdoRl6Lt-g,user_2531c73fa323,True,1759708800,0,negatif,0.7845,negatif,tanpa_emoji,negatif,soraya
LWdoRl6Lt-g,user_88db51780515,True,1759708800,0,negatif,0.5428,netral,tanpa_emoji,negatif,soraya
LWdoRl6Lt-g,user_43008d8853a0,True,1759708800,0,positif,0.9668,positif,tanpa_emoji,positif,soraya
LWdoRl6Lt-g,user_90f5edafc179,True,1759708800,7,negatif,0.4744,positif,tanpa_emoji,negatif,soraya
LWdoRl6Lt-g,user_af63e547cae5,False,1759708800,32,positif,0.9941,positif,tanpa_emoji,positif,soraya
LWdoRl6Lt-g,user_bb623edcdc77,False,1759708800,31,positif,0.9793,positif,tanpa_emoji,positif,soraya
LWdoRl6Lt-g,user_24006aa7895f,False,1759708800,10,positif,0.9955,positif,positif,positif,soraya
LWdoRl6Lt-g,user_4fec6da00e00,False,1759708800,2,positif,0.9827,netral,tanpa_emoji,positif,soraya
LWdoRl6Lt-g,user_d6b32badd616,False,1759708800,0,positif,0.9827,positif,positif,positif,soraya
LWdoRl6Lt-g,user_85db391fbd23,False,1759708800,61,positif,0.9591,negatif,netral,positif,soraya
LWdoRl6Lt-g,user_7153d2b13130,True,1759708800,2,positif,0.5219,netral,tanpa_emoji,positif,soraya
LWdoRl6Lt-g,user_aba79ac0e294,True,1759708800,2,negatif,0.9857,netral,tanpa_emoji,negatif,soraya
LWdoRl6Lt-g,user_0f7c81582c91,False,1759708800,3,positif,0.5214,positif,tanpa_emoji,positif,soraya
LWdoRl6Lt-g,user_73db27a81568,False,1759708800,0,positif,0.8758,positif,tanpa_emoji,positif,soraya
LWdoRl6Lt-g,user_d264764576d4,False,1759708800,4,positif,0.9931,positif,positif,positif,soraya
LWdoRl6Lt-g,user_cd6974642f98,False,1759708800,0,positif,0.9167,netral,tanpa_emoji,positif,soraya
LWdoRl6Lt-g,user_967ef2489715,False,1759708800,4,positif,0.9746,positif,positif,positif,soraya
LWdoRl6Lt-g,user_540a4c2e7bca,False,1759708800,5,netral,0.9106,netral,tanpa_emoji,netral,soraya
LWdoRl6Lt-g,user_8009bae8cf03,False,1759708800,1,positif,0.9293,netral,tanpa_emoji,positif,soraya
LWdoRl6Lt-g,user_c1d928ca1747,False,1759708800,0,positif,0.9981,positif,positif,positif,soraya
LWdoRl6Lt-g,user_e30e91ba22ae,False,1759708800,3,negatif,0.5008,positif,positif,positif,soraya
LWdoRl6Lt-g,user_4b992b83d60d,False,1759708800,10,positif,0.999,positif,tanpa_emoji,positif,soraya
LWdoRl6Lt-g,user_341604deceff,False,1759708800,3,positif,0.4156,positif,positif,positif,soraya
LWdoRl6Lt-g,user_d5f8f3e513b5,False,1759708800,0,positif,0.9964,positif,tanpa_emoji,positif,soraya
LWdoRl6Lt-g,user_9660e9c7f2e4,False,1759708800,1,positif,0.4921,positif,tanpa_emoji,positif,soraya
LWdoRl6Lt-g,user_4b5bae7b268b,False,1759708800,1,positif,0.9819,positif,tanpa_emoji,positif,soraya
LWdoRl6Lt-g,user_f43366ab4613,False,1759708800,1,positif,0.9972,positif,positif,positif,soraya
LWdoRl6Lt-g,user_5b1d985c3076,False,1775433600,0,positif,0.998,positif,tanpa_emoji,positif,soraya
LWdoRl6Lt-g,user_91238b40a6dc,False,1759708800,0,positif,0.9913,positif,tanpa_emoji,positif,soraya
LWdoRl6Lt-g,user_ca7e1a0f3575,False,1759708800,1,negatif,0.9821,positif,positif,negatif,soraya
LWdoRl6Lt-g,user_b59a5bff8661,False,1759708800,0,netral,0.6357,positif,positif,netral,soraya
LWdoRl6Lt-g,user_e3eedda1d706,False,1759708800,0,positif,0.8187,positif,positif,positif,soraya
LWdoRl6Lt-g,user_a7ef4902de46,False,1759708800,0,positif,0.7328,positif,positif,positif,soraya
LWdoRl6Lt-g,user_0a1bb0426027,False,1759708800,1,positif,0.9934,positif,positif,positif,soraya
LWdoRl6Lt-g,user_0050de73428c,False,1759708800,0,negatif,0.9969,positif,tanpa_emoji,negatif,soraya
LWdoRl6Lt-g,user_9680ac42a8a7,False,1759708800,0,positif,0.8948,netral,tanpa_emoji,positif,soraya
LWdoRl6Lt-g,user_455f4cc92681,False,1759708800,0,positif,0.6462,positif,tanpa_emoji,positif,soraya
LWdoRl6Lt-g,user_764415f191d3,False,1759708800,0,negatif,0.5711,netral,tanpa_emoji,negatif,soraya
LWdoRl6Lt-g,user_d2c59d1c363c,False,1759708800,0,positif,0.9929,positif,tanpa_emoji,positif,soraya
LWdoRl6Lt-g,user_f503e61f150c,False,1759708800,0,positif,0.9817,positif,positif,positif,soraya
LWdoRl6Lt-g,user_a8cd225d7fb9,False,1759708800,3,negatif,0.9964,netral,tanpa_emoji,negatif,soraya
LWdoRl6Lt-g,user_aedd76efe09b,False,1759708800,0,positif,0.8715,netral,tanpa_emoji,positif,soraya
LWdoRl6Lt-g,user_35fa37f13bfa,False,1759708800,0,negatif,0.6098,netral,tanpa_emoji,negatif,soraya
LWdoRl6Lt-g,user_f13836bef2a3,False,1759708800,2,positif,0.9907,positif,tanpa_emoji,positif,soraya
LWdoRl6Lt-g,user_a9ed80f6108e,False,1759708800,0,negatif,0.9881,positif,tanpa_emoji,negatif,soraya
LWdoRl6Lt-g,user_b615f8e0817f,False,1759708800,0,positif,0.9505,netral,tanpa_emoji,positif,soraya
LWdoRl6Lt-g,user_db5868977aa3,False,1759708800,0,negatif,0.8801,positif,positif,negatif,soraya
LWdoRl6Lt-g,user_b241aca745a5,False,1759708800,0,negatif,0.8286,netral,tanpa_emoji,negatif,soraya
LWdoRl6Lt-g,user_a197387678ad,False,1759708800,0,netral,0.9874,netral,tanpa_emoji,netral,soraya
LWdoRl6Lt-g,user_f9f74572e5f8,False,1759708800,0,positif,0.9732,positif,tanpa_emoji,positif,soraya
LWdoRl6Lt-g,user_d3a8b791dd4e,False,1770336000,0,negatif,0.9693,positif,tanpa_emoji,negatif,soraya
LWdoRl6Lt-g,user_e757e89f54b1,False,1759708800,0,negatif,0.99,netral,tanpa_emoji,negatif,soraya
LWdoRl6Lt-g,user_fbd048433ca0,False,1759708800,0,positif,0.988,positif,positif,positif,soraya
LWdoRl6Lt-g,user_57dee654585b,False,1759708800,0,negatif,0.9692,netral,tanpa_emoji,negatif,soraya
LWdoRl6Lt-g,user_cbc7e98e57b0,False,1759708800,0,negatif,0.4401,positif,positif,positif,soraya
LWdoRl6Lt-g,user_9f7879949767,False,1759708800,0,negatif,0.9783,netral,tanpa_emoji,negatif,soraya
LWdoRl6Lt-g,user_9322e79876a9,False,1759708800,0,netral,0.3919,netral,tanpa_emoji,netral,soraya
LWdoRl6Lt-g,user_655f6183c3ba,False,1759708800,3,negatif,0.5312,netral,netral,negatif,soraya
LWdoRl6Lt-g,user_0fa8e457ad7b,False,1759708800,1,negatif,0.6791,positif,positif,negatif,soraya
LWdoRl6Lt-g,user_a69de0c4c2e5,False,1759708800,2,positif,0.9914,netral,tanpa_emoji,positif,soraya
LWdoRl6Lt-g,user_803d93f553db,True,1759708800,0,netral,0.6102,netral,tanpa_emoji,netral,soraya
LWdoRl6Lt-g,user_0050de73428c,False,1759708800,0,negatif,0.9038,positif,tanpa_emoji,negatif,soraya
LWdoRl6Lt-g,user_1f386f986486,False,1759708800,7,positif,0.6562,positif,tanpa_emoji,positif,soraya
LWdoRl6Lt-g,user_7153d2b13130,True,1759708800,1,negatif,0.9931,netral,tanpa_emoji,negatif,soraya
LWdoRl6Lt-g,user_41e157dd18a5,False,1759708800,0,negatif,0.9652,netral,tanpa_emoji,negatif,soraya
LWdoRl6Lt-g,user_d3b2769a0045,False,1759708800,0,netral,0.8963,netral,netral,netral,soraya
LWdoRl6Lt-g,user_f9828e3a6f5c,False,1759708800,1,negatif,0.949,netral,tanpa_emoji,negatif,soraya
LWdoRl6Lt-g,user_91e0fce4aad8,False,1759708800,0,negatif,0.8105,netral,netral,negatif,soraya
LWdoRl6Lt-g,user_477f4f65aa6f,False,1759708800,0,positif,0.423,netral,tanpa_emoji,positif,soraya
LWdoRl6Lt-g,user_c9a0d2374efa,False,1759708800,30,positif,0.9978,positif,positif,positif,soraya
LWdoRl6Lt-g,user_102cd585bfeb,True,1759708800,0,positif,0.9897,positif,tanpa_emoji,positif,soraya
LWdoRl6Lt-g,user_cebe84b59c05,False,1759708800,0,negatif,0.5705,positif,tanpa_emoji,negatif,soraya
LWdoRl6Lt-g,user_aa137d0565ce,False,1759708800,0,negatif,0.9984,negatif,tanpa_emoji,negatif,soraya
LWdoRl6Lt-g,user_cb57dc781227,False,1759708800,5,positif,0.9977,positif,tanpa_emoji,positif,soraya
LWdoRl6Lt-g,user_15dd26101599,True,1759708800,0,negatif,0.9921,netral,tanpa_emoji,negatif,soraya
LWdoRl6Lt-g,user_7153d2b13130,True,1759708800,0,positif,0.7564,netral,tanpa_emoji,positif,soraya
LWdoRl6Lt-g,user_039893c2a204,False,1759708800,0,negatif,0.557,netral,tanpa_emoji,negatif,soraya
LWdoRl6Lt-g,user_5cd05c48b005,True,1759708800,0,netral,0.7929,netral,tanpa_emoji,netral,soraya
LWdoRl6Lt-g,user_47fe641003c1,False,1759708800,0,negatif,0.9873,netral,tanpa_emoji,negatif,soraya
LWdoRl6Lt-g,user_4b2979a548ea,False,1759708800,46,positif,0.8998,positif,tanpa_emoji,positif,soraya
LWdoRl6Lt-g,user_57c4612588ac,True,1759708800,0,negatif,0.6675,positif,tanpa_emoji,negatif,soraya
LWdoRl6Lt-g,user_eb16ddc46039,True,1759708800,0,positif,0.5343,positif,tanpa_emoji,positif,soraya
LWdoRl6Lt-g,user_4b2979a548ea,True,1759708800,1,positif,0.9962,positif,tanpa_emoji,positif,soraya
LWdoRl6Lt-g,user_719de45dc65a,True,1759708800,0,positif,0.7097,netral,tanpa_emoji,positif,soraya
LWdoRl6Lt-g,user_007186f7a9ed,False,1759708800,0,negatif,0.9894,netral,netral,negatif,soraya
LWdoRl6Lt-g,user_ffa43c9c3ec4,False,1759708800,1,positif,0.9943,positif,positif,positif,soraya
LWdoRl6Lt-g,user_39a74aaebd48,True,1759708800,0,negatif,0.9716,netral,tanpa_emoji,negatif,soraya
LWdoRl6Lt-g,user_351d867186ba,False,1759708800,1,positif,0.9959,positif,tanpa_emoji,positif,soraya
LWdoRl6Lt-g,user_8c40f209aa65,False,1759708800,2,negatif,0.5794,netral,netral,negatif,soraya
LWdoRl6Lt-g,user_978de42b665e,False,1759708800,1,positif,0.5856,positif,tanpa_emoji,positif,soraya
LWdoRl6Lt-g,user_4ac58b71d86b,True,1759708800,0,positif,0.9974,netral,tanpa_emoji,positif,soraya
LWdoRl6Lt-g,user_24ea88be71a5,False,1759708800,3,negatif,0.9377,negatif,netral,negatif,soraya
LWdoRl6Lt-g,user_33bb39de8980,True,1759708800,3,positif,0.5922,netral,tanpa_emoji,positif,soraya
LWdoRl6Lt-g,user_4ac58b71d86b,True,1759708800,1,netral,0.9566,netral,tanpa_emoji,netral,soraya
LWdoRl6Lt-g,user_36c59a9a6c69,True,1759708800,1,negatif,0.9707,positif,positif,negatif,soraya
LWdoRl6Lt-g,user_ba18809d20e6,True,1759708800,0,negatif,0.9448,netral,tanpa_emoji,negatif,soraya
LWdoRl6Lt-g,user_987457ff818e,False,1759708800,0,negatif,0.9975,positif,netral,negatif,soraya
LWdoRl6Lt-g,user_0c3c74024ed6,False,1759708800,0,negatif,0.892,netral,tanpa_emoji,negatif,soraya
LWdoRl6Lt-g,user_90fa9e63f1ba,True,1759708800,1,negatif,0.8602,netral,tanpa_emoji,negatif,soraya
LWdoRl6Lt-g,user_1598016df4d9,True,1759708800,1,negatif,0.9899,netral,tanpa_emoji,negatif,soraya
LWdoRl6Lt-g,user_3fff3cc74917,True,1759708800,0,negatif,0.9582,netral,tanpa_emoji,negatif,soraya
LWdoRl6Lt-g,user_a585975b6bc9,True,1759708800,0,negatif,0.966,positif,tanpa_emoji,negatif,soraya
LWdoRl6Lt-g,user_85db391fbd23,True,1759708800,0,negatif,0.8569,netral,tanpa_emoji,negatif,soraya
LWdoRl6Lt-g,user_4ac58b71d86b,True,1759708800,0,negatif,0.8665,netral,tanpa_emoji,negatif,soraya
LWdoRl6Lt-g,user_57dee654585b,True,1759708800,0,negatif,0.9339,negatif,netral,negatif,soraya
LWdoRl6Lt-g,user_9a1402c0d96a,False,1759708800,0,negatif,0.9674,negatif,positif,negatif,soraya
LWdoRl6Lt-g,user_404268ed07f6,True,1759708800,0,negatif,0.9846,netral,tanpa_emoji,negatif,soraya
LWdoRl6Lt-g,user_9a1402c0d96a,True,1759708800,0,positif,0.7681,negatif,netral,positif,soraya
LWdoRl6Lt-g,user_5cd05c48b005,True,1759708800,0,negatif,0.8386,netral,tanpa_emoji,negatif,soraya
LWdoRl6Lt-g,user_2354292f3886,False,1759708800,6,positif,0.995,positif,tanpa_emoji,positif,soraya
LWdoRl6Lt-g,user_7153d2b13130,True,1759708800,1,positif,0.909,positif,tanpa_emoji,positif,soraya
LWdoRl6Lt-g,user_e9ba8b9396dd,True,1759708800,0,netral,0.9268,netral,tanpa_emoji,netral,soraya
NnryGVjzuso,user_b07b2f142c99,False,1762387200,95,positif,0.987,positif,positif,positif,soraya
NnryGVjzuso,user_525a30b4c533,True,1764979200,0,positif,0.9987,positif,tanpa_emoji,positif,soraya
NnryGVjzuso,user_ee2cd261bfe9,False,1762387200,34,netral,0.5343,positif,positif,positif,soraya
NnryGVjzuso,user_f986699ab72b,False,1762387200,48,positif,0.9774,positif,positif,positif,soraya
NnryGVjzuso,user_ed49989a3225,True,1762387200,4,negatif,0.999,netral,tanpa_emoji,negatif,soraya
NnryGVjzuso,user_dcb07e0c60ba,True,1762387200,1,netral,0.7042,netral,tanpa_emoji,netral,soraya
NnryGVjzuso,user_89335d85e764,True,1770336000,0,netral,0.9785,netral,tanpa_emoji,netral,soraya
NnryGVjzuso,user_07e160fe69f5,False,1762387200,53,negatif,0.6486,netral,tanpa_emoji,negatif,soraya
NnryGVjzuso,user_0d8b09d5e43f,False,1762387200,43,netral,0.7729,netral,netral,netral,soraya
NnryGVjzuso,user_dce19ba54ae5,True,1762387200,5,negatif,0.9586,netral,tanpa_emoji,negatif,soraya
NnryGVjzuso,user_ce651cf44279,True,1772755200,0,negatif,0.4503,netral,tanpa_emoji,negatif,soraya
NnryGVjzuso,user_a77e9cbb0b0b,False,1762387200,26,positif,0.9954,negatif,tanpa_emoji,positif,soraya
NnryGVjzuso,user_fa3233391460,True,1762387200,4,positif,0.7178,positif,tanpa_emoji,positif,soraya
NnryGVjzuso,user_cfb57e130ee9,True,1762387200,1,netral,0.5123,positif,tanpa_emoji,netral,soraya
NnryGVjzuso,user_4adfc440d57a,False,1762387200,13,negatif,0.9235,positif,positif,negatif,soraya
NnryGVjzuso,user_32820c506109,False,1762387200,5,positif,0.5689,positif,tanpa_emoji,positif,soraya
NnryGVjzuso,user_ed49989a3225,False,1762387200,3,netral,0.9364,netral,tanpa_emoji,netral,soraya
NnryGVjzuso,user_a77e9cbb0b0b,False,1762387200,2,negatif,0.6398,negatif,netral,negatif,soraya
NnryGVjzuso,user_790d5a5a3211,False,1762387200,6,negatif,0.9939,positif,positif,negatif,soraya
NnryGVjzuso,user_32a725e047fb,False,1762387200,4,negatif,0.901,netral,tanpa_emoji,negatif,soraya
NnryGVjzuso,user_88a6e0dd756f,False,1762387200,6,positif,0.993,positif,positif,positif,soraya
NnryGVjzuso,user_76472a02f200,False,1762387200,6,positif,0.8507,positif,tanpa_emoji,positif,soraya
NnryGVjzuso,user_097447673cd8,False,1762387200,4,positif,0.9298,netral,tanpa_emoji,positif,soraya
NnryGVjzuso,user_b4f78d44b9ed,False,1762387200,6,netral,0.8849,netral,tanpa_emoji,netral,soraya
NnryGVjzuso,user_8eb40ad9a3e7,False,1762387200,6,negatif,0.9961,positif,positif,negatif,soraya
NnryGVjzuso,user_502006a98094,False,1762387200,30,netral,0.803,netral,netral,netral,soraya
NnryGVjzuso,user_ed49989a3225,True,1762387200,2,negatif,0.9906,netral,tanpa_emoji,negatif,soraya
NnryGVjzuso,user_4a8a996db042,False,1762387200,2,positif,0.5845,netral,tanpa_emoji,positif,soraya
NnryGVjzuso,user_15a2a52d51d5,False,1762387200,2,positif,0.9911,positif,positif,positif,soraya
NnryGVjzuso,user_fa743f7f135e,False,1762387200,2,positif,0.9988,positif,netral,positif,soraya
NnryGVjzuso,user_a754730fe3b3,False,1762387200,1,negatif,0.4632,positif,positif,positif,soraya
NnryGVjzuso,user_2223636afe46,False,1762387200,3,negatif,0.9987,negatif,tanpa_emoji,negatif,soraya
NnryGVjzuso,user_ecc6bd8dbaf4,False,1762387200,2,negatif,0.9939,positif,positif,negatif,soraya
NnryGVjzuso,user_9115bbffaaa9,False,1762387200,1,negatif,0.9282,netral,tanpa_emoji,negatif,soraya
NnryGVjzuso,user_f308adfbc942,False,1764979200,1,positif,0.9949,positif,tanpa_emoji,positif,soraya
NnryGVjzuso,user_05558b32118a,False,1762387200,2,negatif,0.7984,netral,tanpa_emoji,negatif,soraya
NnryGVjzuso,user_72fcd77aa215,False,1762387200,1,netral,0.9557,netral,tanpa_emoji,netral,soraya
NnryGVjzuso,user_652403d1bc23,False,1762387200,1,negatif,0.989,positif,positif,negatif,soraya
NnryGVjzuso,user_4ce3c71ef514,False,1762387200,0,positif,0.996,netral,positif,positif,soraya
NnryGVjzuso,user_0c84aba3624b,False,1764979200,1,negatif,0.8888,netral,tanpa_emoji,negatif,soraya
NnryGVjzuso,user_5e789d976f49,False,1762387200,2,positif,0.9253,positif,tanpa_emoji,positif,soraya
NnryGVjzuso,user_410cfdeb146f,False,1762387200,0,positif,0.9971,netral,tanpa_emoji,positif,soraya
NnryGVjzuso,user_84e28a32cdb6,False,1764979200,0,netral,0.6322,netral,tanpa_emoji,netral,soraya
NnryGVjzuso,user_16fa54da11d4,False,1764979200,0,positif,0.9838,netral,tanpa_emoji,positif,soraya
NnryGVjzuso,user_3b177114eb49,False,1762387200,1,negatif,0.5577,netral,tanpa_emoji,negatif,soraya
NnryGVjzuso,user_ad14779e30c9,False,1764979200,0,negatif,0.9988,netral,tanpa_emoji,negatif,soraya
NnryGVjzuso,user_e99c4a7e1370,False,1762387200,2,netral,0.4409,positif,positif,positif,soraya
NnryGVjzuso,user_968b9686ce51,False,1762387200,2,positif,0.479,netral,tanpa_emoji,positif,soraya
NnryGVjzuso,user_a3198c4df209,False,1767657600,0,positif,0.9754,negatif,tanpa_emoji,positif,soraya
NnryGVjzuso,user_2af76faa9a88,False,1762387200,1,negatif,0.9946,netral,positif,negatif,soraya
NnryGVjzuso,user_03776b886d65,False,1762387200,0,positif,0.95,negatif,tanpa_emoji,positif,soraya
NnryGVjzuso,user_360efe741056,False,1764979200,0,positif,0.9343,positif,tanpa_emoji,positif,soraya
NnryGVjzuso,user_73afd873b856,False,1762387200,1,positif,0.9961,positif,positif,positif,soraya
NnryGVjzuso,user_de4e3e61c73f,False,1762387200,1,positif,0.4926,netral,tanpa_emoji,positif,soraya
NnryGVjzuso,user_6ee50cda10cd,False,1762387200,1,negatif,0.5633,netral,tanpa_emoji,negatif,soraya
NnryGVjzuso,user_25f31acb466d,False,1762387200,6,positif,0.9031,positif,tanpa_emoji,positif,soraya
NnryGVjzuso,user_525a30b4c533,True,1764979200,0,positif,0.9359,netral,tanpa_emoji,positif,soraya
NnryGVjzuso,user_70f0a1ae9100,False,1764979200,0,netral,0.922,positif,positif,netral,soraya
NnryGVjzuso,user_32468a7f19b7,False,1764979200,0,negatif,0.6761,netral,tanpa_emoji,negatif,soraya
NnryGVjzuso,user_d7a57483e1a3,False,1762387200,1,negatif,0.612,positif,positif,negatif,soraya
NnryGVjzuso,user_319a05cbd3c0,False,1762387200,1,positif,0.9733,positif,positif,positif,soraya
NnryGVjzuso,user_c7b1182aa0c3,False,1762387200,2,netral,0.9691,positif,positif,netral,soraya
NnryGVjzuso,user_e6461501b4a0,False,1764979200,0,netral,0.4987,positif,positif,positif,soraya
NnryGVjzuso,user_88df4817c3c8,False,1762387200,0,netral,0.8903,netral,tanpa_emoji,netral,soraya
NnryGVjzuso,user_c9269af59191,False,1762387200,0,positif,0.9929,positif,tanpa_emoji,positif,soraya
NnryGVjzuso,user_7da6d158bbff,False,1762387200,0,positif,0.9958,positif,positif,positif,soraya
NnryGVjzuso,user_ecd22d6e27d8,False,1764979200,0,positif,0.9896,positif,positif,positif,soraya
NnryGVjzuso,user_1d3aa0201804,False,1762387200,1,negatif,0.9965,positif,netral,negatif,soraya
NnryGVjzuso,user_f059f40be5a6,False,1762387200,0,positif,0.9217,positif,tanpa_emoji,positif,soraya
NnryGVjzuso,user_1aacb18bca54,False,1762387200,0,positif,0.9973,netral,netral,positif,soraya
NnryGVjzuso,user_aae048a39479,False,1764979200,0,positif,0.9932,netral,netral,positif,soraya
NnryGVjzuso,user_aa82905e6f7e,False,1762387200,1,negatif,0.9977,netral,tanpa_emoji,negatif,soraya
NnryGVjzuso,user_9298fde69a43,False,1762387200,5,positif,0.9882,positif,tanpa_emoji,positif,soraya
NnryGVjzuso,user_a27b117c8970,True,1762387200,3,positif,0.6374,netral,tanpa_emoji,positif,soraya
NnryGVjzuso,user_85d3fe7035b3,False,1762387200,0,positif,0.9819,positif,tanpa_emoji,positif,soraya
NnryGVjzuso,user_72114a4c0130,False,1762387200,0,positif,0.4526,netral,tanpa_emoji,positif,soraya
NnryGVjzuso,user_6735ace3d054,False,1770336000,0,negatif,0.985,netral,tanpa_emoji,negatif,soraya
NnryGVjzuso,user_332a07a3ac78,False,1764979200,0,negatif,0.9977,netral,tanpa_emoji,negatif,soraya
NnryGVjzuso,user_e23672664961,False,1762387200,3,negatif,0.8741,netral,tanpa_emoji,negatif,soraya
NnryGVjzuso,user_1fbbf0632830,False,1762387200,1,negatif,0.9582,netral,tanpa_emoji,negatif,soraya
NnryGVjzuso,user_37aef45e0b35,False,1762387200,0,positif,0.9405,positif,tanpa_emoji,positif,soraya
NnryGVjzuso,user_537729881f46,False,1764979200,0,positif,0.9898,positif,tanpa_emoji,positif,soraya
NnryGVjzuso,user_5f637082d7a0,False,1762387200,6,positif,0.9964,netral,tanpa_emoji,positif,soraya
NnryGVjzuso,user_7bb4d01a57d7,True,1762387200,1,negatif,0.9949,netral,tanpa_emoji,negatif,soraya
NnryGVjzuso,user_d423ffe38802,False,1762387200,1,negatif,0.8146,positif,positif,negatif,soraya
NnryGVjzuso,user_2696fe18a34e,False,1762387200,1,negatif,0.9957,netral,netral,negatif,soraya
NnryGVjzuso,user_7c578c45d3b3,False,1764979200,0,negatif,0.9924,netral,netral,negatif,soraya
NnryGVjzuso,user_56e8bdc500a6,False,1764979200,0,positif,0.5844,positif,positif,positif,soraya
NnryGVjzuso,user_7067c2ca1728,False,1762387200,1,negatif,0.7837,positif,positif,negatif,soraya
NnryGVjzuso,user_1b1bfe91d2e7,False,1762387200,1,negatif,0.9419,netral,tanpa_emoji,negatif,soraya
NnryGVjzuso,user_2e7846db335d,False,1762387200,0,netral,0.7519,netral,tanpa_emoji,netral,soraya
NnryGVjzuso,user_e713779bb067,False,1764979200,0,positif,0.9377,netral,tanpa_emoji,positif,soraya
NnryGVjzuso,user_c2e24e628a9a,False,1762387200,1,positif,0.994,positif,tanpa_emoji,positif,soraya
NnryGVjzuso,user_aa9ce760ea89,False,1762387200,0,negatif,0.9739,netral,tanpa_emoji,negatif,soraya
NnryGVjzuso,user_f70a3019c9f4,False,1762387200,9,positif,0.7735,netral,tanpa_emoji,positif,soraya
NnryGVjzuso,user_3fe8212a653c,True,1762387200,0,negatif,0.5079,netral,tanpa_emoji,negatif,soraya
NnryGVjzuso,user_42d4ea1da958,False,1762387200,0,negatif,0.9984,netral,tanpa_emoji,negatif,soraya
NnryGVjzuso,user_122e79b89de9,False,1764979200,0,positif,0.9879,positif,tanpa_emoji,positif,soraya
NnryGVjzuso,user_c86d4bca5d7c,False,1764979200,0,positif,0.8389,netral,tanpa_emoji,positif,soraya
NnryGVjzuso,user_09e078704d47,False,1764979200,1,positif,0.6726,netral,tanpa_emoji,positif,soraya
NnryGVjzuso,user_2354292f3886,False,1764979200,0,positif,0.4588,netral,tanpa_emoji,positif,soraya
NnryGVjzuso,user_cd9a959ea5c5,False,1762387200,1,positif,0.8587,netral,tanpa_emoji,positif,soraya
NnryGVjzuso,user_b58612562d86,False,1762387200,1,negatif,0.8055,netral,tanpa_emoji,negatif,soraya
NnryGVjzuso,user_ca178476268b,False,1762387200,1,positif,0.7228,netral,netral,positif,soraya
NnryGVjzuso,user_298a830a2f3c,False,1764979200,0,negatif,0.9966,positif,tanpa_emoji,negatif,soraya
NnryGVjzuso,user_397c988b53d8,False,1764979200,0,positif,0.975,positif,positif,positif,soraya
NnryGVjzuso,user_a510b38c0c43,False,1762387200,0,positif,0.9956,positif,positif,positif,soraya
NnryGVjzuso,user_f9083e855ed2,False,1764979200,0,positif,0.9956,positif,tanpa_emoji,positif,soraya
NnryGVjzuso,user_61a4451c1d83,False,1762387200,1,netral,0.7833,netral,tanpa_emoji,netral,soraya
NnryGVjzuso,user_c7a15d2f1d60,False,1762387200,0,negatif,0.6842,netral,tanpa_emoji,negatif,soraya
NnryGVjzuso,user_93ed5ee21a13,False,1762387200,1,negatif,0.5867,positif,tanpa_emoji,negatif,soraya
NnryGVjzuso,user_e2be284a7168,False,1764979200,0,netral,0.6441,positif,positif,netral,soraya
NnryGVjzuso,user_b1e36520afc4,False,1762387200,0,negatif,0.9849,positif,tanpa_emoji,negatif,soraya
NnryGVjzuso,user_d86fe2510992,False,1762387200,3,positif,0.7827,netral,tanpa_emoji,positif,soraya
NnryGVjzuso,user_3a2731a54a4f,True,1764979200,0,positif,0.5587,netral,tanpa_emoji,positif,soraya
NnryGVjzuso,user_2e783b7ab65e,False,1767657600,0,positif,0.452,netral,tanpa_emoji,positif,soraya
NnryGVjzuso,user_589220f3146e,False,1762387200,1,positif,0.9722,positif,tanpa_emoji,positif,soraya
NnryGVjzuso,user_ea9b2015c36d,False,1762387200,1,negatif,0.8548,netral,tanpa_emoji,negatif,soraya
NnryGVjzuso,user_f86f146dd694,False,1762387200,1,negatif,0.9984,netral,tanpa_emoji,negatif,soraya
NnryGVjzuso,user_605bb7002187,False,1762387200,0,positif,0.8149,netral,tanpa_emoji,positif,soraya
NnryGVjzuso,user_098ee14d868c,False,1770336000,0,positif,0.9902,positif,tanpa_emoji,positif,soraya
NnryGVjzuso,user_10f6270b3376,False,1762387200,2,negatif,0.8488,negatif,tanpa_emoji,negatif,soraya
NnryGVjzuso,user_a77e9cbb0b0b,True,1762387200,1,negatif,0.9138,netral,tanpa_emoji,negatif,soraya
NnryGVjzuso,user_d476fa0e45e7,False,1764979200,0,netral,0.8656,netral,tanpa_emoji,netral,soraya
NnryGVjzuso,user_c632143ef869,False,1762387200,0,negatif,0.574,positif,tanpa_emoji,negatif,soraya
NnryGVjzuso,user_3627cbc83c66,False,1762387200,0,positif,0.9174,netral,tanpa_emoji,positif,soraya
NnryGVjzuso,user_7cae64e33ba4,False,1762387200,0,positif,0.9647,netral,tanpa_emoji,positif,soraya
NnryGVjzuso,user_91fad7dc182c,False,1762387200,1,negatif,0.8885,netral,tanpa_emoji,negatif,soraya
NnryGVjzuso,user_5df6a74455b8,False,1764979200,0,negatif,0.811,positif,positif,negatif,soraya
NnryGVjzuso,user_4eb2e6be821c,False,1762387200,0,positif,0.9837,positif,tanpa_emoji,positif,soraya
NnryGVjzuso,user_d00a35f13202,False,1764979200,0,netral,0.6621,positif,tanpa_emoji,netral,soraya
NnryGVjzuso,user_2608525e9816,False,1764979200,0,negatif,0.9909,positif,tanpa_emoji,negatif,soraya
NnryGVjzuso,user_fa3233391460,False,1762387200,1,positif,0.9964,positif,tanpa_emoji,positif,soraya
NnryGVjzuso,user_cfb57e130ee9,True,1762387200,0,negatif,0.6625,netral,tanpa_emoji,negatif,soraya
NnryGVjzuso,user_0ef076758aa1,False,1772755200,0,positif,0.8812,positif,tanpa_emoji,positif,soraya
NnryGVjzuso,user_03de65aa78eb,False,1764979200,0,negatif,0.5206,netral,tanpa_emoji,negatif,soraya
NnryGVjzuso,user_dd616835d271,False,1762387200,1,netral,0.6364,netral,tanpa_emoji,netral,soraya
NnryGVjzuso,user_3bef2ab9d018,False,1762387200,0,negatif,0.8624,netral,tanpa_emoji,negatif,soraya
NnryGVjzuso,user_cc0a5b93ecdf,False,1764979200,0,negatif,0.8372,netral,tanpa_emoji,negatif,soraya
NnryGVjzuso,user_5a4c77051b8f,False,1762387200,0,negatif,0.6233,positif,positif,negatif,soraya
NnryGVjzuso,user_fddf026176b1,False,1762387200,0,netral,0.6195,netral,tanpa_emoji,netral,soraya
NnryGVjzuso,user_b8a4b73aa77b,False,1770336000,0,negatif,0.9592,netral,tanpa_emoji,negatif,soraya
NnryGVjzuso,user_6b37bac4e5a8,False,1762387200,1,negatif,0.984,netral,tanpa_emoji,negatif,soraya
NnryGVjzuso,user_c6d9b1bb290d,True,1762387200,1,netral,0.5467,netral,tanpa_emoji,netral,soraya
NnryGVjzuso,user_16fd72719e0b,False,1762387200,3,positif,0.9138,positif,positif,positif,soraya
NnryGVjzuso,user_1e0a7bdf79e8,True,1762387200,1,negatif,0.9869,netral,tanpa_emoji,negatif,soraya
NnryGVjzuso,user_c991a3549157,False,1762387200,1,negatif,0.9383,netral,tanpa_emoji,negatif,soraya
NnryGVjzuso,user_589220f3146e,False,1762387200,1,netral,0.8352,netral,tanpa_emoji,netral,soraya
NnryGVjzuso,user_a24588e55416,False,1762387200,1,negatif,0.9265,netral,tanpa_emoji,negatif,soraya
NnryGVjzuso,user_ed49989a3225,True,1762387200,2,positif,0.5035,negatif,tanpa_emoji,positif,soraya
NnryGVjzuso,user_6279982938c8,False,1762387200,1,negatif,0.9969,netral,tanpa_emoji,negatif,soraya
NnryGVjzuso,user_5494eacd75ab,False,1762387200,0,netral,0.8241,netral,tanpa_emoji,netral,soraya
NnryGVjzuso,user_3d686f4c641b,False,1764979200,0,netral,0.8563,negatif,tanpa_emoji,netral,soraya
NnryGVjzuso,user_722cf8ee6fd6,False,1762387200,1,positif,0.87,netral,tanpa_emoji,positif,soraya
NnryGVjzuso,user_5f637082d7a0,True,1762387200,2,positif,0.8382,netral,tanpa_emoji,positif,soraya
NnryGVjzuso,user_7b6a0a14a0cb,False,1762387200,0,negatif,0.9125,netral,tanpa_emoji,negatif,soraya
NnryGVjzuso,user_606ee19aed42,False,1762387200,0,positif,0.9815,positif,positif,positif,soraya
NnryGVjzuso,user_8274ea606c0c,False,1762387200,1,negatif,0.6179,positif,tanpa_emoji,negatif,soraya
NnryGVjzuso,user_ed49989a3225,True,1762387200,0,negatif,0.9969,negatif,tanpa_emoji,negatif,soraya
NnryGVjzuso,user_6809506f3f6e,False,1764979200,0,negatif,0.9853,netral,tanpa_emoji,negatif,soraya
NnryGVjzuso,user_04f9abdc8cb3,False,1762387200,7,positif,0.9829,positif,tanpa_emoji,positif,soraya
NnryGVjzuso,user_ed49989a3225,True,1762387200,2,negatif,0.9963,negatif,netral,negatif,soraya
NnryGVjzuso,user_cfb57e130ee9,True,1762387200,4,positif,0.7519,netral,tanpa_emoji,positif,soraya
NnryGVjzuso,user_7779ad396763,True,1762387200,1,negatif,0.998,negatif,tanpa_emoji,negatif,soraya
NnryGVjzuso,user_cfb57e130ee9,True,1762387200,1,positif,0.8407,positif,tanpa_emoji,positif,soraya
NnryGVjzuso,user_dd616835d271,True,1762387200,2,negatif,0.7163,netral,tanpa_emoji,negatif,soraya
NnryGVjzuso,user_9ee4cfe24785,False,1762387200,2,negatif,0.6211,netral,tanpa_emoji,negatif,soraya
NnryGVjzuso,user_cb38e9c1fdf1,False,1764979200,0,negatif,0.9896,netral,tanpa_emoji,negatif,soraya
NnryGVjzuso,user_2d42c80bee61,False,1764979200,0,negatif,0.948,netral,tanpa_emoji,negatif,soraya
NnryGVjzuso,user_90d6140700d4,False,1762387200,0,negatif,0.9975,netral,netral,negatif,soraya
NnryGVjzuso,user_9947903b4619,False,1762387200,0,negatif,0.9879,positif,netral,negatif,soraya
NnryGVjzuso,user_cb12cf727163,False,1762387200,0,negatif,0.9661,netral,tanpa_emoji,negatif,soraya
NnryGVjzuso,user_420746dfe39f,False,1762387200,4,negatif,0.7078,netral,tanpa_emoji,negatif,soraya
NnryGVjzuso,user_72fcd77aa215,True,1762387200,1,netral,0.8384,netral,tanpa_emoji,netral,soraya
NnryGVjzuso,user_ed49989a3225,True,1762387200,0,negatif,0.9961,negatif,tanpa_emoji,negatif,soraya
NnryGVjzuso,user_77298920ea81,False,1762387200,1,negatif,0.5931,positif,tanpa_emoji,negatif,soraya
NnryGVjzuso,user_b7eefef90709,True,1762387200,0,netral,0.9903,netral,netral,netral,soraya
NnryGVjzuso,user_dd616835d271,True,1762387200,0,netral,0.6364,netral,tanpa_emoji,netral,soraya
NnryGVjzuso,user_5436eae0cb72,False,1762387200,1,negatif,0.9158,netral,tanpa_emoji,negatif,soraya
NnryGVjzuso,user_ed49989a3225,True,1762387200,0,negatif,0.9968,negatif,tanpa_emoji,negatif,soraya
NnryGVjzuso,user_5750dfdec5f9,False,1762387200,0,negatif,0.9993,positif,netral,negatif,soraya
NnryGVjzuso,user_05c86b820d2e,False,1764979200,0,negatif,0.9856,netral,tanpa_emoji,negatif,soraya
NnryGVjzuso,user_1ee5cc1140dc,False,1762387200,2,positif,0.9936,positif,positif,positif,soraya
NnryGVjzuso,user_1bf186f0c0de,False,1762387200,5,negatif,0.9925,negatif,tanpa_emoji,negatif,soraya
NnryGVjzuso,user_59ede183a182,True,1762387200,1,positif,0.9958,positif,positif,positif,soraya
NnryGVjzuso,user_dd616835d271,True,1762387200,1,netral,0.6364,netral,tanpa_emoji,netral,soraya
NnryGVjzuso,user_4c88eded9d44,True,1762387200,0,negatif,0.4689,netral,tanpa_emoji,negatif,soraya
NnryGVjzuso,user_7d27d30202e5,False,1762387200,0,negatif,0.5434,netral,tanpa_emoji,negatif,soraya
NnryGVjzuso,user_f2aad344766a,False,1762387200,0,negatif,0.6639,netral,tanpa_emoji,negatif,soraya
NnryGVjzuso,user_ed49989a3225,True,1762387200,0,positif,0.8537,positif,netral,positif,soraya
NnryGVjzuso,user_ce1019e76282,False,1762387200,3,positif,0.5029,netral,tanpa_emoji,positif,soraya
NnryGVjzuso,user_aa82905e6f7e,True,1762387200,1,negatif,0.9657,netral,tanpa_emoji,negatif,soraya
NnryGVjzuso,user_893454f0c307,True,1762387200,0,negatif,0.7849,netral,netral,negatif,soraya
NnryGVjzuso,user_dd616835d271,True,1762387200,0,negatif,0.7163,netral,tanpa_emoji,negatif,soraya
NnryGVjzuso,user_e1a69823e096,False,1764979200,1,negatif,0.7378,netral,tanpa_emoji,negatif,soraya
NnryGVjzuso,user_1582ba5af6b9,True,1764979200,0,negatif,0.4712,netral,tanpa_emoji,negatif,soraya
NnryGVjzuso,user_ff78fd50cd7f,False,1764979200,0,negatif,0.9982,netral,tanpa_emoji,negatif,soraya
NnryGVjzuso,user_3c684a8e727f,False,1767657600,0,positif,0.7958,netral,netral,positif,soraya
NnryGVjzuso,user_ed49989a3225,False,1762387200,4,negatif,0.9855,negatif,tanpa_emoji,negatif,soraya
NnryGVjzuso,user_aa82905e6f7e,True,1762387200,2,negatif,0.9932,netral,tanpa_emoji,negatif,soraya
NnryGVjzuso,user_ce954dba84a0,False,1764979200,1,netral,0.5048,netral,tanpa_emoji,netral,soraya
NnryGVjzuso,user_bc1f76487837,False,1764979200,1,negatif,0.9966,negatif,tanpa_emoji,negatif,soraya
NnryGVjzuso,user_0df15509ab39,False,1764979200,0,negatif,0.7901,positif,tanpa_emoji,negatif,soraya
NnryGVjzuso,user_c6810b48bde7,False,1762387200,2,negatif,0.9567,negatif,tanpa_emoji,negatif,soraya
NnryGVjzuso,user_89bd8a0b53ef,True,1762387200,1,negatif,0.9897,negatif,netral,negatif,soraya
NnryGVjzuso,user_dd616835d271,True,1762387200,1,negatif,0.7163,netral,tanpa_emoji,negatif,soraya
NnryGVjzuso,user_4f4e7c3d7c58,False,1764979200,0,negatif,0.9901,negatif,tanpa_emoji,negatif,soraya
NnryGVjzuso,user_359fb76c6927,True,1767657600,0,negatif,0.8911,netral,netral,negatif,soraya
NnryGVjzuso,user_ffd4688e2122,False,1762387200,0,negatif,0.6219,negatif,netral,negatif,soraya
NnryGVjzuso,user_9dd692fc3b28,False,1764979200,0,negatif,0.9993,netral,positif,negatif,soraya
NnryGVjzuso,user_e50d8df9be7c,False,1762387200,1,negatif,0.8661,netral,tanpa_emoji,negatif,soraya
NnryGVjzuso,user_aa82905e6f7e,True,1762387200,1,positif,0.5067,positif,tanpa_emoji,positif,soraya
NnryGVjzuso,user_ed49989a3225,True,1762387200,0,negatif,0.8922,netral,tanpa_emoji,negatif,soraya
NnryGVjzuso,user_79bf94da48ea,False,1762387200,2,negatif,0.9109,netral,tanpa_emoji,negatif,soraya
NnryGVjzuso,user_c991a3549157,True,1762387200,1,netral,0.6695,netral,tanpa_emoji,netral,soraya
NnryGVjzuso,user_c6d9b1bb290d,True,1762387200,1,netral,0.925,netral,tanpa_emoji,netral,soraya
NnryGVjzuso,user_ed49989a3225,True,1762387200,1,negatif,0.6969,netral,tanpa_emoji,negatif,soraya
NnryGVjzuso,user_6a7de6f6776b,False,1762387200,1,negatif,0.8541,netral,tanpa_emoji,negatif,soraya
NnryGVjzuso,user_fa743f7f135e,True,1762387200,0,netral,0.8967,netral,tanpa_emoji,netral,soraya
NnryGVjzuso,user_3fbc583a9b70,False,1762387200,1,negatif,0.9948,netral,tanpa_emoji,negatif,soraya
NnryGVjzuso,user_ed7cf17c69db,False,1762387200,1,netral,0.9781,netral,tanpa_emoji,netral,soraya
NnryGVjzuso,user_1e57a1a6b6dc,True,1762387200,1,negatif,0.9079,netral,tanpa_emoji,negatif,soraya
NnryGVjzuso,user_3576dc7722c4,True,1762387200,1,negatif,0.9983,netral,netral,negatif,soraya
NnryGVjzuso,user_136bcfec5c22,True,1762387200,1,netral,0.9901,netral,tanpa_emoji,netral,soraya
NnryGVjzuso,user_dd616835d271,True,1762387200,1,netral,0.6364,netral,tanpa_emoji,netral,soraya
NnryGVjzuso,user_8af162034548,False,1762387200,0,negatif,0.9858,negatif,tanpa_emoji,negatif,soraya
NnryGVjzuso,user_ed49989a3225,True,1762387200,0,negatif,0.434,netral,tanpa_emoji,negatif,soraya
NnryGVjzuso,user_eee70cb62d3a,False,1775433600,0,negatif,0.9989,netral,tanpa_emoji,negatif,soraya
NnryGVjzuso,user_00f4579afde6,False,1762387200,0,negatif,0.641,netral,tanpa_emoji,negatif,soraya
NnryGVjzuso,user_391207cbc014,False,1762387200,1,negatif,0.4612,netral,tanpa_emoji,negatif,soraya
NnryGVjzuso,user_e561d1adbd9b,False,1785974400,0,negatif,0.9826,netral,tanpa_emoji,negatif,soraya
NnryGVjzuso,user_eee70cb62d3a,False,1775433600,0,netral,0.6336,netral,tanpa_emoji,netral,soraya
NnryGVjzuso,user_02eec71565e2,False,1762387200,0,negatif,0.8959,netral,tanpa_emoji,negatif,soraya
NnryGVjzuso,user_eee70cb62d3a,False,1775433600,0,negatif,0.9878,netral,tanpa_emoji,negatif,soraya
NnryGVjzuso,user_2b15c90c8ae1,False,1762387200,1,netral,0.8949,netral,tanpa_emoji,netral,soraya
NnryGVjzuso,user_d6a035e256e6,False,1764979200,0,netral,0.8903,netral,tanpa_emoji,netral,soraya
W3OiJi8UyUk,user_eceed6988677,False,1696550400,30,positif,0.9841,positif,positif,positif,soraya
W3OiJi8UyUk,user_47b3883df628,False,1696550400,112,positif,0.9964,positif,positif,positif,soraya
W3OiJi8UyUk,user_9995d401e1c3,False,1696550400,34,positif,0.9776,positif,positif,positif,soraya
W3OiJi8UyUk,user_15dcb508f8ae,False,1696550400,8,negatif,0.9988,netral,netral,negatif,soraya
W3OiJi8UyUk,user_ddd1bd386f6f,False,1696550400,8,negatif,0.9959,netral,tanpa_emoji,negatif,soraya
W3OiJi8UyUk,user_bc9c48c5e684,False,1696550400,11,positif,0.9928,netral,tanpa_emoji,positif,soraya
W3OiJi8UyUk,user_2c432e415c6b,False,1696550400,6,negatif,0.9658,netral,netral,negatif,soraya
W3OiJi8UyUk,user_4a5bc3a1ace7,False,1696550400,19,positif,0.8735,positif,positif,positif,soraya
W3OiJi8UyUk,user_60e6a73b3067,False,1696550400,8,positif,0.9977,positif,tanpa_emoji,positif,soraya
W3OiJi8UyUk,user_fa743f7f135e,False,1696550400,60,positif,0.9968,positif,positif,positif,soraya
W3OiJi8UyUk,user_f14106f32400,True,1696550400,2,netral,0.8802,netral,tanpa_emoji,netral,soraya
W3OiJi8UyUk,user_4eb2e6be821c,False,1696550400,22,positif,0.9903,positif,tanpa_emoji,positif,soraya
W3OiJi8UyUk,user_f03164bc3a71,True,1696550400,0,negatif,0.6763,netral,tanpa_emoji,negatif,soraya
W3OiJi8UyUk,user_89bfd02798dd,False,1696550400,19,negatif,0.9984,netral,tanpa_emoji,negatif,soraya
W3OiJi8UyUk,user_34341597c523,False,1696550400,390,positif,0.9961,positif,positif,positif,soraya
W3OiJi8UyUk,user_5598361a41b7,True,1696550400,4,negatif,0.9903,negatif,negatif,negatif,soraya
W3OiJi8UyUk,user_92ddd0d76c8d,True,1696550400,1,netral,0.9354,netral,tanpa_emoji,netral,soraya
W3OiJi8UyUk,user_c02f1aa8bb60,True,1696550400,1,positif,0.9936,positif,tanpa_emoji,positif,soraya
W3OiJi8UyUk,user_8f27eab5f2b6,True,1696550400,1,negatif,0.8991,netral,netral,netral,soraya
W3OiJi8UyUk,user_96910156d6eb,True,1696550400,0,negatif,0.983,netral,netral,netral,soraya
W3OiJi8UyUk,user_f14106f32400,True,1696550400,2,negatif,0.5671,netral,tanpa_emoji,negatif,soraya
W3OiJi8UyUk,user_2b85d3b4dcbf,True,1696550400,2,negatif,0.6182,positif,tanpa_emoji,negatif,soraya
W3OiJi8UyUk,user_34341597c523,True,1696550400,0,negatif,0.7618,netral,netral,negatif,soraya
W3OiJi8UyUk,user_adbf248ca1fb,False,1696550400,35,positif,0.9945,positif,tanpa_emoji,positif,soraya
W3OiJi8UyUk,user_06fdbbd67398,True,1696550400,0,negatif,0.7738,netral,tanpa_emoji,negatif,soraya
W3OiJi8UyUk,user_f14106f32400,True,1696550400,0,netral,0.9288,netral,tanpa_emoji,netral,soraya
W3OiJi8UyUk,user_b981134b1970,False,1696550400,21,positif,0.9976,positif,positif,positif,soraya
W3OiJi8UyUk,user_808fc93348a8,False,1696550400,11,positif,0.9569,netral,tanpa_emoji,positif,soraya
W3OiJi8UyUk,user_3fea306a450f,False,1696550400,6,negatif,0.7715,positif,tanpa_emoji,negatif,soraya
W3OiJi8UyUk,user_c3d7fc61c10e,False,1696550400,5,negatif,0.4808,netral,tanpa_emoji,negatif,soraya
W3OiJi8UyUk,user_16c8d2c7ff33,False,1696550400,7,positif,0.8084,positif,positif,positif,soraya
W3OiJi8UyUk,user_f9e92760b3a1,False,1696550400,17,netral,0.882,positif,netral,netral,soraya
W3OiJi8UyUk,user_06fdbbd67398,True,1696550400,2,negatif,0.9201,positif,tanpa_emoji,negatif,soraya
W3OiJi8UyUk,user_c1275d228855,False,1696550400,185,positif,0.7581,positif,positif,positif,soraya
W3OiJi8UyUk,user_bffc40f1d7a9,True,1696550400,1,negatif,0.7677,negatif,tanpa_emoji,negatif,soraya
W3OiJi8UyUk,user_c1275d228855,True,1696550400,2,negatif,0.7094,netral,tanpa_emoji,negatif,soraya
W3OiJi8UyUk,user_b0f67f4abfab,False,1696550400,5,netral,0.4672,positif,positif,positif,soraya
W3OiJi8UyUk,user_7d567538172f,False,1696550400,3,positif,0.4395,positif,tanpa_emoji,positif,soraya
W3OiJi8UyUk,user_51b7b87a3fb5,False,1696550400,13,positif,0.8467,negatif,netral,positif,soraya
W3OiJi8UyUk,user_59b7dc30717f,False,1696550400,7,positif,0.9055,positif,positif,positif,soraya
W3OiJi8UyUk,user_b85f897b191f,False,1696550400,6,positif,0.8105,positif,tanpa_emoji,positif,soraya
W3OiJi8UyUk,user_554d8e1d6210,False,1696550400,278,positif,0.9827,positif,tanpa_emoji,positif,soraya
W3OiJi8UyUk,user_d5b2850eedb2,True,1696550400,6,positif,0.8256,positif,netral,positif,soraya
W3OiJi8UyUk,user_f903445e6ab6,True,1696550400,1,positif,0.9474,netral,tanpa_emoji,positif,soraya
W3OiJi8UyUk,user_f14106f32400,True,1696550400,5,netral,0.8802,netral,tanpa_emoji,netral,soraya
W3OiJi8UyUk,user_5a29ef512762,True,1696550400,0,netral,0.9812,netral,tanpa_emoji,netral,soraya
W3OiJi8UyUk,user_48560dd63f56,False,1696550400,4,positif,0.7781,positif,positif,positif,soraya
W3OiJi8UyUk,user_baca54283017,False,1696550400,5,positif,0.9475,positif,positif,positif,soraya
W3OiJi8UyUk,user_ed3a4b57a769,False,1696550400,5,positif,0.9979,positif,tanpa_emoji,positif,soraya
W3OiJi8UyUk,user_3cae817585b4,False,1696550400,4,netral,0.7081,netral,tanpa_emoji,netral,soraya
W3OiJi8UyUk,user_d511edd1db35,False,1696550400,3,positif,0.9162,netral,tanpa_emoji,positif,soraya
W3OiJi8UyUk,user_14378e327538,False,1696550400,5,positif,0.9978,positif,positif,positif,soraya
W3OiJi8UyUk,user_895881064823,False,1696550400,55,positif,0.9545,positif,netral,positif,soraya
W3OiJi8UyUk,user_eae469d34029,True,1696550400,1,negatif,0.9771,netral,tanpa_emoji,negatif,soraya
W3OiJi8UyUk,user_eae469d34029,True,1696550400,1,negatif,0.9949,netral,tanpa_emoji,negatif,soraya
W3OiJi8UyUk,user_53c691a8b44e,True,1696550400,2,netral,0.9809,netral,tanpa_emoji,netral,soraya
W3OiJi8UyUk,user_db3a8ebdce6e,False,1696550400,5,negatif,0.9741,negatif,tanpa_emoji,negatif,soraya
W3OiJi8UyUk,user_ba18e6546c61,False,1728172800,2,positif,0.9017,netral,netral,positif,soraya
W3OiJi8UyUk,user_074156a77c1f,False,1696550400,2,positif,0.3471,netral,tanpa_emoji,positif,soraya
W3OiJi8UyUk,user_cda7b163c98e,False,1696550400,152,positif,0.9531,positif,positif,positif,soraya
W3OiJi8UyUk,user_f14106f32400,True,1696550400,3,netral,0.8802,netral,tanpa_emoji,netral,soraya
W3OiJi8UyUk,user_cda7b163c98e,True,1696550400,1,netral,0.9706,netral,tanpa_emoji,netral,soraya
W3OiJi8UyUk,user_40f9877ae3bd,True,1696550400,0,negatif,0.704,positif,positif,positif,soraya
W3OiJi8UyUk,user_40f9877ae3bd,True,1696550400,0,positif,0.6716,netral,tanpa_emoji,positif,soraya
W3OiJi8UyUk,user_40f9877ae3bd,True,1696550400,0,positif,0.6716,netral,tanpa_emoji,positif,soraya
W3OiJi8UyUk,user_40f9877ae3bd,True,1696550400,0,negatif,0.9005,positif,positif,positif,soraya
W3OiJi8UyUk,user_40f9877ae3bd,True,1696550400,0,negatif,0.5351,positif,positif,positif,soraya
W3OiJi8UyUk,user_40f9877ae3bd,True,1696550400,0,negatif,0.9005,positif,positif,positif,soraya
W3OiJi8UyUk,user_40f9877ae3bd,True,1696550400,0,negatif,0.7615,positif,positif,positif,soraya
W3OiJi8UyUk,user_40f9877ae3bd,True,1696550400,0,negatif,0.9005,positif,positif,positif,soraya
W3OiJi8UyUk,user_40f9877ae3bd,True,1696550400,0,negatif,0.941,positif,positif,positif,soraya
W3OiJi8UyUk,user_cbff6b31e587,True,1696550400,1,negatif,0.8892,netral,tanpa_emoji,negatif,soraya
W3OiJi8UyUk,user_40f9877ae3bd,True,1696550400,0,netral,0.9604,netral,tanpa_emoji,netral,soraya
W3OiJi8UyUk,user_40f9877ae3bd,True,1696550400,0,positif,0.6716,netral,tanpa_emoji,positif,soraya
W3OiJi8UyUk,user_233cb7b6e55f,True,1696550400,1,negatif,0.986,netral,tanpa_emoji,negatif,soraya
W3OiJi8UyUk,user_d1e0b3c09277,False,1696550400,4,positif,0.9748,positif,tanpa_emoji,positif,soraya
W3OiJi8UyUk,user_3104d590b8f0,False,1696550400,19,positif,0.996,netral,tanpa_emoji,positif,soraya
W3OiJi8UyUk,user_485971a259fc,False,1696550400,3,negatif,0.9977,netral,netral,negatif,soraya
W3OiJi8UyUk,user_6f98f3624f84,False,1696550400,15,positif,0.9963,positif,tanpa_emoji,positif,soraya
W3OiJi8UyUk,user_f4f5f68da72e,False,1696550400,2,positif,0.9304,positif,netral,positif,soraya
W3OiJi8UyUk,user_5169007525f5,False,1696550400,2,positif,0.9942,positif,positif,positif,soraya
W3OiJi8UyUk,user_0c84aba3624b,False,1696550400,3,negatif,0.7076,netral,tanpa_emoji,negatif,soraya
W3OiJi8UyUk,user_5828953a2c62,False,1696550400,2,negatif,0.9852,positif,tanpa_emoji,negatif,soraya
W3OiJi8UyUk,user_32e551bce29c,False,1696550400,2,positif,0.994,positif,positif,positif,soraya
W3OiJi8UyUk,user_a95f219b9ecc,False,1696550400,2,positif,0.8297,netral,tanpa_emoji,positif,soraya
W3OiJi8UyUk,user_1688c67f39e6,False,1696550400,2,positif,0.7095,positif,netral,positif,soraya
W3OiJi8UyUk,user_6367d56cb2f8,False,1696550400,3,positif,0.9956,positif,tanpa_emoji,positif,soraya
W3OiJi8UyUk,user_db648b226447,False,1696550400,2,positif,0.9719,netral,tanpa_emoji,positif,soraya
W3OiJi8UyUk,user_35967f2dc41a,False,1696550400,2,negatif,0.9739,netral,tanpa_emoji,negatif,soraya
W3OiJi8UyUk,user_2725d1ea2284,False,1696550400,2,positif,0.9973,positif,positif,positif,soraya
W3OiJi8UyUk,user_b73ecdb52af3,False,1696550400,2,positif,0.9811,positif,tanpa_emoji,positif,soraya
W3OiJi8UyUk,user_9a77ca2a391a,False,1696550400,2,negatif,0.9963,negatif,tanpa_emoji,negatif,soraya
W3OiJi8UyUk,user_9f09ccf1761d,False,1696550400,2,netral,0.685,positif,positif,netral,soraya
W3OiJi8UyUk,user_a09d462c0154,False,1696550400,2,positif,0.9772,netral,tanpa_emoji,positif,soraya
W3OiJi8UyUk,user_94c940059a32,False,1696550400,2,negatif,0.9908,positif,positif,negatif,soraya
W3OiJi8UyUk,user_d57cd0281a62,False,1696550400,2,positif,0.9394,negatif,netral,positif,soraya
W3OiJi8UyUk,user_f9c439d96f6e,False,1696550400,1,positif,0.6991,netral,tanpa_emoji,positif,soraya
W3OiJi8UyUk,user_e75af7723ea8,False,1696550400,3,negatif,0.5098,netral,netral,negatif,soraya
W3OiJi8UyUk,user_780eaea5a012,False,1696550400,1,negatif,0.7786,netral,tanpa_emoji,negatif,soraya
W3OiJi8UyUk,user_d8aaf42954fa,False,1696550400,2,negatif,0.9989,netral,positif,negatif,soraya
W3OiJi8UyUk,user_b8e517037a6f,False,1696550400,2,positif,0.9957,positif,netral,positif,soraya
W3OiJi8UyUk,user_8b0200b9c23e,False,1696550400,2,positif,0.9934,positif,positif,positif,soraya
W3OiJi8UyUk,user_6106169bcb1c,False,1696550400,1,positif,0.9029,netral,tanpa_emoji,positif,soraya
W3OiJi8UyUk,user_49a5f6c4e110,False,1696550400,7,positif,0.9593,positif,positif,positif,soraya
W3OiJi8UyUk,user_06fdbbd67398,True,1696550400,0,negatif,0.9963,netral,tanpa_emoji,negatif,soraya
W3OiJi8UyUk,user_b5e670f6f514,False,1696550400,2,positif,0.9424,positif,tanpa_emoji,positif,soraya
W3OiJi8UyUk,user_ca14e3d4d530,False,1696550400,3,negatif,0.9925,positif,netral,negatif,soraya
W3OiJi8UyUk,user_8bae408b983a,False,1696550400,2,positif,0.6478,positif,tanpa_emoji,positif,soraya
W3OiJi8UyUk,user_ac5a76cbdd62,False,1696550400,26,positif,0.994,positif,tanpa_emoji,positif,soraya
W3OiJi8UyUk,user_49b27f4eb135,False,1696550400,1,positif,0.9563,positif,tanpa_emoji,positif,soraya
W3OiJi8UyUk,user_5e4a518056e9,False,1696550400,2,negatif,0.7311,positif,positif,negatif,soraya
W3OiJi8UyUk,user_d8053667d06a,False,1696550400,2,positif,0.9709,positif,tanpa_emoji,positif,soraya
W3OiJi8UyUk,user_28c454b96472,False,1696550400,17,negatif,0.9945,positif,tanpa_emoji,negatif,soraya
W3OiJi8UyUk,user_f14106f32400,True,1696550400,0,netral,0.9288,netral,tanpa_emoji,netral,soraya
W3OiJi8UyUk,user_43240a9afa36,True,1696550400,0,negatif,0.8796,netral,tanpa_emoji,negatif,soraya
W3OiJi8UyUk,user_25229bb4bf58,False,1696550400,2,negatif,0.489,netral,positif,positif,soraya
W3OiJi8UyUk,user_3ec2f7c26dea,False,1696550400,2,negatif,0.9955,negatif,netral,negatif,soraya
W3OiJi8UyUk,user_a8d1e9e74f75,False,1696550400,2,positif,0.9792,positif,tanpa_emoji,positif,soraya
W3OiJi8UyUk,user_15f399379008,False,1696550400,2,positif,0.9847,netral,tanpa_emoji,positif,soraya
W3OiJi8UyUk,user_4251bc05712f,False,1696550400,1,positif,0.6779,netral,tanpa_emoji,positif,soraya
W3OiJi8UyUk,user_a2d93f59b168,False,1696550400,2,positif,0.9817,netral,tanpa_emoji,positif,soraya
W3OiJi8UyUk,user_73cbb573e06d,False,1696550400,2,positif,0.9951,positif,tanpa_emoji,positif,soraya
W3OiJi8UyUk,user_05413a1faf0f,False,1696550400,37,positif,0.964,positif,netral,positif,soraya
W3OiJi8UyUk,user_f14106f32400,True,1696550400,1,netral,0.8802,netral,tanpa_emoji,netral,soraya
W3OiJi8UyUk,user_c85bd23eb875,False,1696550400,1,positif,0.9691,positif,tanpa_emoji,positif,soraya
W3OiJi8UyUk,user_8f2abd0d7d10,False,1696550400,5,positif,0.9681,netral,netral,positif,soraya
W3OiJi8UyUk,user_338162439bc6,True,1696550400,0,positif,0.6412,positif,tanpa_emoji,positif,soraya
W3OiJi8UyUk,user_b41fd9e463d9,False,1696550400,2,negatif,0.999,negatif,tanpa_emoji,negatif,soraya
W3OiJi8UyUk,user_f84f883ca9b3,False,1696550400,3,positif,0.9974,positif,positif,positif,soraya
W3OiJi8UyUk,user_19c52e0d9964,False,1696550400,2,negatif,0.6404,positif,tanpa_emoji,negatif,soraya
W3OiJi8UyUk,user_ba06e0d34d2f,False,1696550400,12,negatif,0.9679,netral,tanpa_emoji,negatif,soraya
W3OiJi8UyUk,user_306c840a807f,False,1696550400,1,positif,0.9949,netral,tanpa_emoji,positif,soraya
W3OiJi8UyUk,user_e6a16ec7ffef,False,1696550400,6,negatif,0.9522,positif,positif,negatif,soraya
W3OiJi8UyUk,user_3b5660a4252d,True,1696550400,0,positif,0.8613,netral,tanpa_emoji,positif,soraya
W3OiJi8UyUk,user_6ecb4d7ff354,False,1696550400,1,positif,0.9447,positif,positif,positif,soraya
W3OiJi8UyUk,user_8eb40ad9a3e7,False,1696550400,9,negatif,0.6023,netral,positif,negatif,soraya
W3OiJi8UyUk,user_9d023c46a593,False,1696550400,2,negatif,0.7566,netral,netral,negatif,soraya
W3OiJi8UyUk,user_3cae817585b4,False,1696550400,12,negatif,0.5152,netral,tanpa_emoji,negatif,soraya
W3OiJi8UyUk,user_4070fc277475,True,1696550400,1,positif,0.7197,positif,netral,positif,soraya
W3OiJi8UyUk,user_3cae817585b4,True,1696550400,0,netral,0.9798,positif,positif,netral,soraya
W3OiJi8UyUk,user_5dcfdd734deb,False,1696550400,2,positif,0.9913,positif,tanpa_emoji,positif,soraya
W3OiJi8UyUk,user_9831f6793629,False,1696550400,3,negatif,0.7728,netral,tanpa_emoji,negatif,soraya
W3OiJi8UyUk,user_49d86afa5bff,False,1696550400,1,positif,0.619,positif,tanpa_emoji,positif,soraya
W3OiJi8UyUk,user_1d9a9fefdc06,False,1759708800,3,negatif,0.6281,netral,tanpa_emoji,negatif,soraya
W3OiJi8UyUk,user_b9ea239738da,False,1696550400,1,negatif,0.6564,netral,tanpa_emoji,negatif,soraya
W3OiJi8UyUk,user_ec9187e7c4af,False,1696550400,6,positif,0.9967,positif,netral,positif,soraya
W3OiJi8UyUk,user_b8d2f4919efc,False,1696550400,2,positif,0.9845,positif,tanpa_emoji,positif,soraya
W3OiJi8UyUk,user_ab4aedde8bce,False,1696550400,3,positif,0.9845,positif,tanpa_emoji,positif,soraya
W3OiJi8UyUk,user_06fdbbd67398,True,1696550400,0,positif,0.7101,netral,tanpa_emoji,positif,soraya
W3OiJi8UyUk,user_a94fed5ed48f,False,1696550400,1,positif,0.6653,positif,positif,positif,soraya
W3OiJi8UyUk,user_856083e8ffc9,False,1696550400,4,positif,0.9968,positif,positif,positif,soraya
W3OiJi8UyUk,user_06fdbbd67398,True,1696550400,0,negatif,0.4413,netral,tanpa_emoji,negatif,soraya
W3OiJi8UyUk,user_2ccf2c0daacb,False,1696550400,1,positif,0.9582,netral,tanpa_emoji,positif,soraya
W3OiJi8UyUk,user_72fcd77aa215,False,1696550400,54,positif,0.9509,positif,tanpa_emoji,positif,soraya
W3OiJi8UyUk,user_54fbb1dd69db,True,1696550400,6,negatif,0.9945,netral,tanpa_emoji,negatif,soraya
W3OiJi8UyUk,user_bc9c48c5e684,True,1696550400,0,negatif,0.5571,positif,netral,negatif,soraya
W3OiJi8UyUk,user_60e6a73b3067,True,1696550400,2,positif,0.9804,positif,tanpa_emoji,positif,soraya
W3OiJi8UyUk,user_06fdbbd67398,True,1696550400,0,positif,0.7762,netral,tanpa_emoji,positif,soraya
W3OiJi8UyUk,user_f14106f32400,True,1696550400,0,netral,0.8802,netral,tanpa_emoji,netral,soraya
W3OiJi8UyUk,user_0e596f267994,False,1696550400,1,negatif,0.9483,netral,tanpa_emoji,negatif,soraya
W3OiJi8UyUk,user_e2433fe3d3c9,False,1696550400,4,negatif,0.9363,netral,netral,negatif,soraya
W3OiJi8UyUk,user_06fdbbd67398,True,1696550400,2,netral,0.8389,netral,tanpa_emoji,netral,soraya
W3OiJi8UyUk,user_f903445e6ab6,False,1696550400,1,negatif,0.8777,positif,tanpa_emoji,negatif,soraya
W3OiJi8UyUk,user_b766f1f64ed4,False,1696550400,150,positif,0.9974,positif,positif,positif,soraya
W3OiJi8UyUk,user_ea9b2015c36d,True,1696550400,4,negatif,0.718,positif,tanpa_emoji,negatif,soraya
W3OiJi8UyUk,user_e16c2f4e655e,True,1696550400,1,negatif,0.9843,positif,tanpa_emoji,negatif,soraya
W3OiJi8UyUk,user_ea9b2015c36d,True,1696550400,3,positif,0.5607,netral,tanpa_emoji,positif,soraya
W3OiJi8UyUk,user_e0777d5ba362,True,1696550400,2,positif,0.896,positif,netral,positif,soraya
W3OiJi8UyUk,user_835853c3c30d,True,1696550400,2,positif,0.5675,netral,tanpa_emoji,positif,soraya
W3OiJi8UyUk,user_b766f1f64ed4,True,1696550400,0,netral,0.7145,positif,positif,netral,soraya
W3OiJi8UyUk,user_f14106f32400,True,1696550400,0,netral,0.8802,netral,tanpa_emoji,netral,soraya
W3OiJi8UyUk,user_53c691a8b44e,True,1696550400,0,negatif,0.6266,positif,tanpa_emoji,negatif,soraya
W3OiJi8UyUk,user_05826126b5a9,True,1696550400,0,negatif,0.9586,netral,tanpa_emoji,negatif,soraya
W3OiJi8UyUk,user_05826126b5a9,True,1696550400,0,negatif,0.9586,netral,tanpa_emoji,negatif,soraya
W3OiJi8UyUk,user_1e5e67944f36,True,1696550400,0,negatif,0.9988,positif,tanpa_emoji,negatif,soraya
W3OiJi8UyUk,user_851fd7916eeb,True,1696550400,0,positif,0.4914,negatif,tanpa_emoji,positif,soraya
W3OiJi8UyUk,user_c7ca15e2fab6,True,1696550400,0,positif,0.862,positif,tanpa_emoji,positif,soraya
W3OiJi8UyUk,user_06fdbbd67398,True,1696550400,10,positif,0.9965,positif,tanpa_emoji,positif,soraya
W3OiJi8UyUk,user_2ef3a230ba94,True,1696550400,3,positif,0.7033,netral,tanpa_emoji,positif,soraya
W3OiJi8UyUk,user_64fdf123119f,True,1696550400,2,netral,0.989,netral,tanpa_emoji,netral,soraya
W3OiJi8UyUk,user_31e23df10027,False,1696550400,1,negatif,0.9985,negatif,tanpa_emoji,negatif,soraya
W3OiJi8UyUk,user_27b7c845c68d,False,1696550400,9,positif,0.7496,netral,tanpa_emoji,positif,soraya
W3OiJi8UyUk,user_7937051e7376,True,1696550400,0,positif,0.6278,netral,tanpa_emoji,positif,soraya
W3OiJi8UyUk,user_cda7b163c98e,True,1696550400,0,netral,0.9815,netral,tanpa_emoji,netral,soraya
W3OiJi8UyUk,user_6477b38ba2a4,False,1696550400,1,netral,0.4201,positif,positif,positif,soraya
W3OiJi8UyUk,user_d9ddf30827e3,False,1696550400,3,positif,0.9846,netral,tanpa_emoji,positif,soraya
W3OiJi8UyUk,user_dcd1e722cea3,True,1696550400,0,positif,0.3543,netral,tanpa_emoji,positif,soraya
W3OiJi8UyUk,user_b411e15d6e28,True,1696550400,0,netral,0.5121,netral,netral,netral,soraya
W3OiJi8UyUk,user_eebc816d93f6,False,1696550400,1,positif,0.9855,positif,tanpa_emoji,positif,soraya
W3OiJi8UyUk,user_05928c74cadf,False,1696550400,3,positif,0.7607,positif,tanpa_emoji,positif,soraya
W3OiJi8UyUk,user_4fccfc34c587,True,1696550400,0,netral,0.9328,positif,tanpa_emoji,netral,soraya
W3OiJi8UyUk,user_7bba03c61fac,False,1696550400,1,negatif,0.9639,netral,positif,negatif,soraya
W3OiJi8UyUk,user_7067c2ca1728,False,1696550400,7,negatif,0.9911,netral,netral,negatif,soraya
W3OiJi8UyUk,user_893454f0c307,True,1696550400,1,negatif,0.9974,positif,tanpa_emoji,negatif,soraya
W3OiJi8UyUk,user_7067c2ca1728,True,1696550400,2,netral,0.888,netral,tanpa_emoji,netral,soraya
W3OiJi8UyUk,user_bc9c48c5e684,True,1696550400,1,negatif,0.3764,netral,tanpa_emoji,negatif,soraya
W3OiJi8UyUk,user_7067c2ca1728,True,1696550400,0,positif,0.954,positif,tanpa_emoji,positif,soraya
W3OiJi8UyUk,user_340723e15819,True,1696550400,0,negatif,0.9978,netral,tanpa_emoji,negatif,soraya
W3OiJi8UyUk,user_47808ddcf63e,False,1696550400,1,negatif,0.9359,netral,netral,negatif,soraya
W3OiJi8UyUk,user_8f2202bc796d,False,1696550400,5,positif,0.9859,positif,positif,positif,soraya
W3OiJi8UyUk,user_0edb4a3ead3e,True,1696550400,0,negatif,0.8843,netral,tanpa_emoji,negatif,soraya
W3OiJi8UyUk,user_8f2202bc796d,True,1696550400,0,netral,0.5414,positif,positif,positif,soraya
W3OiJi8UyUk,user_0edb4a3ead3e,True,1696550400,0,negatif,0.4935,netral,netral,negatif,soraya
W3OiJi8UyUk,user_8f2202bc796d,True,1696550400,0,negatif,0.9221,netral,tanpa_emoji,negatif,soraya
W3OiJi8UyUk,user_06fdbbd67398,True,1696550400,0,negatif,0.8417,netral,tanpa_emoji,negatif,soraya
W3OiJi8UyUk,user_0edb4a3ead3e,True,1696550400,0,negatif,0.5315,netral,tanpa_emoji,negatif,soraya
W3OiJi8UyUk,user_7d2d481b4971,False,1696550400,1,positif,0.9791,positif,tanpa_emoji,positif,soraya
W3OiJi8UyUk,user_77a5929d7712,False,1696550400,14,positif,0.998,positif,tanpa_emoji,positif,soraya
W3OiJi8UyUk,user_44de81258c2d,False,1696550400,1,positif,0.9746,positif,positif,positif,soraya
W3OiJi8UyUk,user_40f00feae546,False,1696550400,5,positif,0.9666,positif,positif,positif,soraya
W3OiJi8UyUk,user_06fdbbd67398,True,1696550400,0,positif,0.9311,netral,tanpa_emoji,positif,soraya
W3OiJi8UyUk,user_7e885af6c4f8,False,1696550400,1,negatif,0.8922,positif,tanpa_emoji,negatif,soraya
W3OiJi8UyUk,user_130f8029163e,False,1696550400,5,negatif,0.9948,positif,positif,negatif,soraya
W3OiJi8UyUk,user_198acd133a63,True,1696550400,0,negatif,0.6098,netral,tanpa_emoji,negatif,soraya
W3OiJi8UyUk,user_bda55de5781c,True,1696550400,0,netral,0.9887,netral,tanpa_emoji,netral,soraya
W3OiJi8UyUk,user_06fdbbd67398,True,1696550400,0,positif,0.9352,negatif,netral,positif,soraya
W3OiJi8UyUk,user_130f8029163e,True,1696550400,1,negatif,0.9551,netral,positif,negatif,soraya
W3OiJi8UyUk,user_737ffbf73ee2,False,1696550400,0,positif,0.9531,netral,tanpa_emoji,positif,soraya
W3OiJi8UyUk,user_4216ceb60eb1,False,1696550400,3,positif,0.9493,positif,tanpa_emoji,positif,soraya
W3OiJi8UyUk,user_c4951f23002f,True,1696550400,0,negatif,0.9809,positif,tanpa_emoji,negatif,soraya
W3OiJi8UyUk,user_81ee6e95f6be,True,1696550400,0,positif,0.6784,netral,tanpa_emoji,positif,soraya
W3OiJi8UyUk,user_bc9c48c5e684,True,1696550400,0,positif,0.6104,positif,positif,positif,soraya
W3OiJi8UyUk,user_e1cf862e9e85,False,1696550400,0,negatif,0.8585,netral,tanpa_emoji,negatif,soraya
W3OiJi8UyUk,user_263640bfcd53,False,1696550400,3,netral,0.5452,netral,tanpa_emoji,netral,soraya
W3OiJi8UyUk,user_fc1cbdd86951,True,1696550400,1,negatif,0.8963,netral,netral,negatif,soraya
W3OiJi8UyUk,user_8f6f1694b6c4,True,1696550400,0,netral,0.656,netral,tanpa_emoji,netral,soraya
W3OiJi8UyUk,user_abb63e6aecb6,True,1696550400,0,negatif,0.8026,netral,tanpa_emoji,negatif,soraya
W3OiJi8UyUk,user_1377f1d26ce4,False,1696550400,1,netral,0.7105,netral,tanpa_emoji,netral,soraya
W3OiJi8UyUk,user_0567c94f1d83,False,1696550400,4,negatif,0.968,netral,tanpa_emoji,negatif,soraya
W3OiJi8UyUk,user_8aa4a32d3ebe,True,1728172800,0,negatif,0.9971,negatif,tanpa_emoji,negatif,soraya
W3OiJi8UyUk,user_0567c94f1d83,True,1728172800,0,negatif,0.9952,netral,netral,negatif,soraya
W3OiJi8UyUk,user_8aa4a32d3ebe,True,1728172800,0,negatif,0.9819,netral,tanpa_emoji,negatif,soraya
W3OiJi8UyUk,user_1e354e1695b4,False,1696550400,0,negatif,0.9971,netral,tanpa_emoji,negatif,soraya
W3OiJi8UyUk,user_0381ff2137ca,False,1696550400,5,positif,0.9747,positif,tanpa_emoji,positif,soraya
W3OiJi8UyUk,user_06fdbbd67398,True,1696550400,1,positif,0.586,positif,tanpa_emoji,positif,soraya
W3OiJi8UyUk,user_debddaf44c6f,False,1696550400,2,positif,0.9979,positif,tanpa_emoji,positif,soraya
W3OiJi8UyUk,user_7b9a4a38a0fe,False,1696550400,4,negatif,0.66,netral,tanpa_emoji,negatif,soraya
W3OiJi8UyUk,user_035d4465566f,False,1696550400,1,positif,0.9727,positif,tanpa_emoji,positif,soraya
W3OiJi8UyUk,user_41ad4904548a,False,1696550400,1,negatif,0.6314,positif,negatif,negatif,soraya
W3OiJi8UyUk,user_be8e458cc266,False,1696550400,2,negatif,0.8578,netral,tanpa_emoji,negatif,soraya
W3OiJi8UyUk,user_9618e74aac7e,False,1696550400,1,positif,0.9833,netral,tanpa_emoji,positif,soraya
W3OiJi8UyUk,user_2caf3f244464,False,1696550400,2,positif,0.9726,netral,tanpa_emoji,positif,soraya
W3OiJi8UyUk,user_cc0ad4cff9ab,False,1696550400,2,negatif,0.9444,netral,tanpa_emoji,negatif,soraya
W3OiJi8UyUk,user_62cf411f31a7,False,1696550400,1,netral,0.7203,netral,tanpa_emoji,netral,soraya
W3OiJi8UyUk,user_1ee308c9a97b,False,1696550400,0,netral,0.9765,positif,positif,netral,soraya
W3OiJi8UyUk,user_f2a088939e58,False,1696550400,1,positif,0.9786,positif,tanpa_emoji,positif,soraya
W3OiJi8UyUk,user_536bc807fd02,False,1696550400,0,negatif,0.8433,positif,positif,negatif,soraya
W3OiJi8UyUk,user_ce5bb0ef8678,False,1696550400,1,positif,0.5676,positif,netral,positif,soraya
W3OiJi8UyUk,user_fe9649990348,False,1696550400,0,positif,0.998,positif,positif,positif,soraya
W3OiJi8UyUk,user_54f2cfe9bae3,False,1696550400,1,positif,0.6491,netral,tanpa_emoji,positif,soraya
W3OiJi8UyUk,user_a09b8cdcf592,False,1696550400,0,negatif,0.6184,positif,positif,negatif,soraya
W3OiJi8UyUk,user_9353afc2c3dd,False,1696550400,0,negatif,0.8995,positif,positif,negatif,soraya
W3OiJi8UyUk,user_3500ae56a44f,False,1696550400,0,netral,0.8903,netral,tanpa_emoji,netral,soraya
W3OiJi8UyUk,user_4f58f22d0c57,False,1696550400,2,positif,0.9897,positif,positif,positif,soraya
W3OiJi8UyUk,user_5c5aa6b03956,False,1696550400,0,negatif,0.8458,negatif,tanpa_emoji,negatif,soraya
W3OiJi8UyUk,user_6863fe57e59b,False,1696550400,0,negatif,0.9908,negatif,tanpa_emoji,negatif,soraya
W3OiJi8UyUk,user_2e59e452ef46,False,1696550400,1,positif,0.7592,positif,tanpa_emoji,positif,soraya
W3OiJi8UyUk,user_663698b1d32a,False,1696550400,1,positif,0.981,positif,positif,positif,soraya
W3OiJi8UyUk,user_1e6c04d5921f,False,1696550400,0,netral,0.958,netral,tanpa_emoji,netral,soraya
W3OiJi8UyUk,user_4a5440697c20,False,1696550400,0,positif,0.9798,positif,tanpa_emoji,positif,soraya
W3OiJi8UyUk,user_a4c8a7adcaf9,False,1696550400,2,positif,0.9936,positif,tanpa_emoji,positif,soraya
W3OiJi8UyUk,user_e6a72946f6f1,False,1696550400,0,positif,0.646,positif,positif,positif,soraya
W3OiJi8UyUk,user_716bbdfb9961,False,1696550400,1,positif,0.9948,positif,positif,positif,soraya
W3OiJi8UyUk,user_a662e66c5d96,False,1696550400,0,negatif,0.9155,positif,tanpa_emoji,negatif,soraya
W3OiJi8UyUk,user_ac2f25f3160d,False,1728172800,1,netral,0.9415,positif,tanpa_emoji,netral,soraya
W3OiJi8UyUk,user_712eae87e5b1,False,1696550400,0,negatif,0.7859,netral,tanpa_emoji,negatif,soraya
W3OiJi8UyUk,user_14f6f4cb6fba,False,1696550400,1,positif,0.9175,positif,tanpa_emoji,positif,soraya
W3OiJi8UyUk,user_a9e3afa36b48,False,1696550400,1,negatif,0.9944,netral,tanpa_emoji,negatif,soraya
W3OiJi8UyUk,user_353686789a3f,False,1696550400,2,netral,0.8769,positif,tanpa_emoji,netral,soraya
W3OiJi8UyUk,user_c872dbf8a18c,False,1696550400,0,negatif,0.7081,netral,tanpa_emoji,negatif,soraya
W3OiJi8UyUk,user_755a7a673e83,False,1696550400,0,positif,0.9411,netral,netral,positif,soraya
W3OiJi8UyUk,user_13bc982d92ab,False,1696550400,0,positif,0.9644,netral,tanpa_emoji,positif,soraya
W3OiJi8UyUk,user_8f70d39f75d1,False,1696550400,0,negatif,0.9402,netral,tanpa_emoji,negatif,soraya
W3OiJi8UyUk,user_a1aec858b42d,False,1696550400,0,netral,0.6336,netral,netral,netral,soraya
W3OiJi8UyUk,user_1c2c3a776ea5,False,1696550400,0,negatif,0.683,netral,tanpa_emoji,negatif,soraya
W3OiJi8UyUk,user_47808ddcf63e,False,1696550400,0,negatif,0.9267,negatif,tanpa_emoji,negatif,soraya
W3OiJi8UyUk,user_4942d09532cf,False,1696550400,0,negatif,0.871,netral,tanpa_emoji,negatif,soraya
W3OiJi8UyUk,user_cc514859b216,False,1696550400,0,netral,0.7825,netral,tanpa_emoji,netral,soraya
W3OiJi8UyUk,user_ad4fb893a3dd,False,1696550400,0,negatif,0.5924,positif,tanpa_emoji,negatif,soraya
W3OiJi8UyUk,user_891cc0d0113b,False,1696550400,1,negatif,0.8765,netral,tanpa_emoji,negatif,soraya
W3OiJi8UyUk,user_585320a61488,False,1696550400,0,negatif,0.9264,netral,tanpa_emoji,negatif,soraya
W3OiJi8UyUk,user_d98bdda90751,False,1696550400,1,negatif,0.9951,positif,netral,negatif,soraya
W3OiJi8UyUk,user_ebf43b1485b6,False,1696550400,0,netral,0.8762,netral,tanpa_emoji,netral,soraya
W3OiJi8UyUk,user_fad638fdc0e5,False,1696550400,0,positif,0.7762,netral,tanpa_emoji,positif,soraya
W3OiJi8UyUk,user_835853c3c30d,False,1696550400,0,negatif,0.9943,negatif,tanpa_emoji,negatif,soraya
W3OiJi8UyUk,user_2e70d741f503,False,1696550400,0,positif,0.9611,positif,tanpa_emoji,positif,soraya
W3OiJi8UyUk,user_e165bc135527,False,1696550400,0,negatif,0.9795,positif,positif,negatif,soraya
W3OiJi8UyUk,user_44ccd97eaacf,False,1696550400,1,positif,0.8827,netral,tanpa_emoji,positif,soraya
W3OiJi8UyUk,user_7578b4e49041,False,1696550400,0,positif,0.9568,netral,tanpa_emoji,positif,soraya
W3OiJi8UyUk,user_e83f0d434910,False,1696550400,0,positif,0.9799,positif,tanpa_emoji,positif,soraya
W3OiJi8UyUk,user_72b25922ea53,False,1728172800,0,netral,0.9854,netral,tanpa_emoji,netral,soraya
W3OiJi8UyUk,user_397cae5a574b,False,1696550400,1,positif,0.9831,positif,positif,positif,soraya
W3OiJi8UyUk,user_839c22c484a7,False,1696550400,1,positif,0.9907,positif,tanpa_emoji,positif,soraya
W3OiJi8UyUk,user_a8964ca5dc4d,False,1696550400,1,positif,0.5005,netral,tanpa_emoji,positif,soraya
W3OiJi8UyUk,user_99939ab59358,False,1696550400,1,netral,0.9713,positif,positif,netral,soraya
W3OiJi8UyUk,user_b2e7b6279f98,False,1696550400,1,positif,0.9891,positif,tanpa_emoji,positif,soraya
W3OiJi8UyUk,user_f2f658173dcb,False,1696550400,1,positif,0.9964,positif,positif,positif,soraya
W3OiJi8UyUk,user_dd844cb076cc,False,1696550400,0,negatif,0.8302,positif,positif,negatif,soraya
W3OiJi8UyUk,user_70244c7c47a0,False,1696550400,0,negatif,0.6643,positif,positif,negatif,soraya
W3OiJi8UyUk,user_c3cb5fcf3285,False,1696550400,0,negatif,0.8875,netral,tanpa_emoji,negatif,soraya
W3OiJi8UyUk,user_1feeaea9cb41,False,1696550400,0,negatif,0.8867,negatif,tanpa_emoji,negatif,soraya
W3OiJi8UyUk,user_24be8216fc65,False,1696550400,0,positif,0.7139,netral,tanpa_emoji,positif,soraya
W3OiJi8UyUk,user_5f57dd57776b,False,1696550400,1,negatif,0.9964,netral,tanpa_emoji,negatif,soraya
W3OiJi8UyUk,user_e4f4cef878f1,False,1767657600,2,netral,0.6007,positif,tanpa_emoji,netral,soraya
W3OiJi8UyUk,user_359f65472069,False,1696550400,0,positif,0.9686,positif,positif,positif,soraya
W3OiJi8UyUk,user_24717cbd21c1,False,1696550400,0,negatif,0.9893,netral,tanpa_emoji,negatif,soraya
W3OiJi8UyUk,user_de39960da43c,False,1696550400,0,positif,0.9588,positif,positif,positif,soraya
W3OiJi8UyUk,user_876ba71d5c63,False,1696550400,0,positif,0.8016,negatif,tanpa_emoji,positif,soraya
W3OiJi8UyUk,user_95eb098d55e2,False,1696550400,0,positif,0.894,positif,tanpa_emoji,positif,soraya
W3OiJi8UyUk,user_0f3796efa785,False,1696550400,0,negatif,0.5963,positif,tanpa_emoji,negatif,soraya
W3OiJi8UyUk,user_1ebd6332406e,False,1696550400,0,positif,0.5052,netral,tanpa_emoji,positif,soraya
W3OiJi8UyUk,user_2124ad412be9,False,1696550400,0,negatif,0.9838,negatif,tanpa_emoji,negatif,soraya
W3OiJi8UyUk,user_2996a691f7bd,False,1696550400,1,positif,0.4489,positif,tanpa_emoji,positif,soraya
W3OiJi8UyUk,user_5401a2221c46,False,1696550400,0,negatif,0.6218,netral,tanpa_emoji,negatif,soraya
W3OiJi8UyUk,user_87f2573371fa,False,1696550400,0,positif,0.9903,positif,tanpa_emoji,positif,soraya
W3OiJi8UyUk,user_280dbc06a8aa,False,1696550400,1,positif,0.9388,netral,tanpa_emoji,positif,soraya
W3OiJi8UyUk,user_d2dd73cbe7ca,False,1696550400,1,negatif,0.9972,negatif,tanpa_emoji,negatif,soraya
W3OiJi8UyUk,user_c8cdeb6cb34c,False,1696550400,0,positif,0.9755,positif,tanpa_emoji,positif,soraya
W3OiJi8UyUk,user_20f8ffa802a8,False,1696550400,0,negatif,0.9097,negatif,tanpa_emoji,negatif,soraya
W3OiJi8UyUk,user_d6eb698e36ac,False,1696550400,0,negatif,0.4543,netral,tanpa_emoji,negatif,soraya
W3OiJi8UyUk,user_9eeb1d061394,False,1696550400,1,netral,0.892,netral,tanpa_emoji,netral,soraya
W3OiJi8UyUk,user_1d748524aa39,False,1696550400,0,positif,0.979,positif,tanpa_emoji,positif,soraya
W3OiJi8UyUk,user_d6cc54a619a6,False,1696550400,0,negatif,0.9483,netral,tanpa_emoji,negatif,soraya
W3OiJi8UyUk,user_032250eb2d4f,False,1696550400,0,positif,0.9197,netral,tanpa_emoji,positif,soraya
W3OiJi8UyUk,user_ceb1e191219a,False,1696550400,0,negatif,0.9988,negatif,tanpa_emoji,negatif,soraya
W3OiJi8UyUk,user_a44329be48bb,False,1696550400,0,positif,0.9962,positif,tanpa_emoji,positif,soraya
W3OiJi8UyUk,user_c730dbef6349,False,1696550400,0,negatif,0.5091,negatif,tanpa_emoji,negatif,soraya
W3OiJi8UyUk,user_0a975de4c93d,False,1696550400,0,negatif,0.9589,netral,tanpa_emoji,negatif,soraya
W3OiJi8UyUk,user_04a55960f69a,False,1696550400,0,positif,0.6858,positif,tanpa_emoji,positif,soraya
W3OiJi8UyUk,user_50b13345318e,False,1696550400,0,negatif,0.8705,positif,tanpa_emoji,negatif,soraya
W3OiJi8UyUk,user_4461e759ff5c,False,1696550400,2,negatif,0.579,positif,tanpa_emoji,negatif,soraya
W3OiJi8UyUk,user_9ad6e6bb166f,False,1696550400,0,netral,0.9782,netral,netral,netral,soraya
W3OiJi8UyUk,user_9162449b08eb,False,1696550400,0,negatif,0.8004,netral,tanpa_emoji,negatif,soraya
W3OiJi8UyUk,user_106504e2e1a7,False,1696550400,0,netral,0.4836,netral,tanpa_emoji,netral,soraya
W3OiJi8UyUk,user_22bfc6d85ac2,False,1759708800,2,netral,0.7978,netral,tanpa_emoji,netral,soraya
W3OiJi8UyUk,user_d7521407d3a6,False,1696550400,0,positif,0.9903,positif,tanpa_emoji,positif,soraya
W3OiJi8UyUk,user_253774e28337,False,1696550400,1,negatif,0.7968,positif,tanpa_emoji,negatif,soraya
W3OiJi8UyUk,user_9d208e8f0c2b,False,1696550400,0,netral,0.5913,netral,tanpa_emoji,netral,soraya
W3OiJi8UyUk,user_29e60fecc44b,False,1696550400,0,positif,0.9962,positif,tanpa_emoji,positif,soraya
W3OiJi8UyUk,user_a7621b3ca90d,False,1696550400,0,positif,0.4418,netral,tanpa_emoji,positif,soraya
W3OiJi8UyUk,user_6a5def581776,False,1696550400,1,positif,0.921,positif,tanpa_emoji,positif,soraya
W3OiJi8UyUk,user_6ee50cda10cd,False,1696550400,0,positif,0.7689,netral,netral,positif,soraya
W3OiJi8UyUk,user_d4a5341827cd,False,1696550400,0,negatif,0.9823,netral,tanpa_emoji,negatif,soraya
W3OiJi8UyUk,user_b9dc51bc18e8,False,1696550400,1,positif,0.9889,positif,positif,positif,soraya
W3OiJi8UyUk,user_be8b5d97b7e8,False,1696550400,0,negatif,0.4152,netral,tanpa_emoji,negatif,soraya
W3OiJi8UyUk,user_45209c3493a7,False,1696550400,0,positif,0.9628,positif,tanpa_emoji,positif,soraya
W3OiJi8UyUk,user_5e374a20aa39,False,1696550400,0,negatif,0.4863,netral,tanpa_emoji,negatif,soraya
W3OiJi8UyUk,user_c1ecb70e4e2c,False,1696550400,1,positif,0.9779,positif,netral,positif,soraya
W3OiJi8UyUk,user_0389c051b22f,False,1696550400,0,negatif,0.38,positif,positif,positif,soraya
W3OiJi8UyUk,user_741fb3c1fefe,False,1696550400,1,positif,0.9919,netral,tanpa_emoji,positif,soraya
W3OiJi8UyUk,user_afe5e4f8a5fa,False,1696550400,1,positif,0.6188,negatif,negatif,positif,soraya
W3OiJi8UyUk,user_dd1cfa05ea8f,False,1696550400,0,positif,0.9608,positif,tanpa_emoji,positif,soraya
W3OiJi8UyUk,user_27a65ac2a53b,False,1696550400,1,positif,0.9949,positif,tanpa_emoji,positif,soraya
W3OiJi8UyUk,user_aed118a0cb01,False,1696550400,2,positif,0.9974,netral,tanpa_emoji,positif,soraya
W3OiJi8UyUk,user_6ab4eb0c9c6f,False,1696550400,0,negatif,0.7481,netral,tanpa_emoji,negatif,soraya
W3OiJi8UyUk,user_5e3b18db44ec,False,1696550400,0,negatif,0.7453,netral,tanpa_emoji,negatif,soraya
W3OiJi8UyUk,user_a80cf59822cc,False,1696550400,0,positif,0.9861,positif,tanpa_emoji,positif,soraya
W3OiJi8UyUk,user_0b60597a7088,False,1696550400,0,negatif,0.9675,netral,tanpa_emoji,negatif,soraya
W3OiJi8UyUk,user_afe5f01254c4,False,1696550400,0,positif,0.9792,positif,tanpa_emoji,positif,soraya
W3OiJi8UyUk,user_68696e544ec5,False,1696550400,0,positif,0.3804,netral,tanpa_emoji,positif,soraya
W3OiJi8UyUk,user_a741d6bf890d,False,1696550400,0,netral,0.8352,netral,tanpa_emoji,netral,soraya
W3OiJi8UyUk,user_2fa85f2d427f,False,1696550400,0,positif,0.9937,positif,tanpa_emoji,positif,soraya
W3OiJi8UyUk,user_3c88a7f7a487,False,1696550400,0,negatif,0.9912,positif,tanpa_emoji,negatif,soraya
W3OiJi8UyUk,user_087dc4eb9046,False,1696550400,0,negatif,0.9115,positif,tanpa_emoji,negatif,soraya
W3OiJi8UyUk,user_60fc4d64de12,False,1696550400,0,positif,0.6746,netral,netral,positif,soraya
W3OiJi8UyUk,user_0f3e65a520cd,False,1696550400,0,negatif,0.9898,negatif,tanpa_emoji,negatif,soraya
W3OiJi8UyUk,user_f5a2ac06746b,False,1696550400,0,negatif,0.9886,netral,tanpa_emoji,negatif,soraya
W3OiJi8UyUk,user_c5f0f11a5159,False,1696550400,0,positif,0.9462,positif,tanpa_emoji,positif,soraya
W3OiJi8UyUk,user_99512dca0912,False,1696550400,1,positif,0.996,positif,tanpa_emoji,positif,soraya
W3OiJi8UyUk,user_6058bee7cbf0,False,1696550400,0,positif,0.9607,netral,tanpa_emoji,positif,soraya
W3OiJi8UyUk,user_36db8f099a58,False,1696550400,0,positif,0.995,positif,tanpa_emoji,positif,soraya
W3OiJi8UyUk,user_6b01607f4733,False,1696550400,0,positif,0.998,positif,positif,positif,soraya
W3OiJi8UyUk,user_b525d531bf6a,False,1696550400,0,netral,0.7316,netral,tanpa_emoji,netral,soraya
W3OiJi8UyUk,user_c3fea7ccfd45,False,1696550400,0,positif,0.9155,netral,tanpa_emoji,positif,soraya
W3OiJi8UyUk,user_5c5aa6b03956,False,1696550400,0,negatif,0.9955,negatif,tanpa_emoji,negatif,soraya
W3OiJi8UyUk,user_f78b7fc870d9,False,1696550400,2,positif,0.9972,netral,tanpa_emoji,positif,soraya
W3OiJi8UyUk,user_6fee1e7683a2,False,1759708800,0,positif,0.6615,positif,tanpa_emoji,positif,soraya
W3OiJi8UyUk,user_110700d19d18,False,1696550400,1,positif,0.5563,netral,tanpa_emoji,positif,soraya
W3OiJi8UyUk,user_60e6a73b3067,False,1696550400,0,positif,0.9948,positif,tanpa_emoji,positif,soraya
W3OiJi8UyUk,user_d77fd960448a,False,1696550400,0,negatif,0.9968,netral,tanpa_emoji,negatif,soraya
W3OiJi8UyUk,user_b8fc10c0a39b,False,1696550400,1,negatif,0.9963,netral,tanpa_emoji,negatif,soraya
W3OiJi8UyUk,user_2c53009efac3,False,1696550400,0,negatif,0.8918,netral,tanpa_emoji,negatif,soraya
W3OiJi8UyUk,user_1141941bcf8e,False,1696550400,1,positif,0.9917,positif,tanpa_emoji,positif,soraya
W3OiJi8UyUk,user_b4a6c65417bd,False,1696550400,0,positif,0.7924,netral,netral,positif,soraya
W3OiJi8UyUk,user_80eafb2a1dea,False,1696550400,0,positif,0.7127,positif,positif,positif,soraya
W3OiJi8UyUk,user_852a9b40b555,False,1696550400,0,positif,0.9919,positif,positif,positif,soraya
W3OiJi8UyUk,user_1c44b5c424f6,False,1696550400,0,negatif,0.9992,netral,netral,negatif,soraya
W3OiJi8UyUk,user_595b86518c31,False,1696550400,0,positif,0.9969,netral,tanpa_emoji,positif,soraya
W3OiJi8UyUk,user_e8fb4d20806e,False,1696550400,0,positif,0.9906,positif,tanpa_emoji,positif,soraya
W3OiJi8UyUk,user_08599ddd4254,False,1696550400,0,negatif,0.9308,netral,tanpa_emoji,negatif,soraya
W3OiJi8UyUk,user_f3833c845833,False,1696550400,0,positif,0.9865,positif,tanpa_emoji,positif,soraya
W3OiJi8UyUk,user_550384b412ec,False,1696550400,0,negatif,0.9985,negatif,tanpa_emoji,negatif,soraya
W3OiJi8UyUk,user_5dea4f084bc7,False,1696550400,1,positif,0.9966,positif,tanpa_emoji,positif,soraya
W3OiJi8UyUk,user_7a7d26763940,False,1696550400,0,negatif,0.972,netral,netral,negatif,soraya
W3OiJi8UyUk,user_9564ce7c600d,False,1696550400,1,negatif,0.4258,netral,tanpa_emoji,negatif,soraya
W3OiJi8UyUk,user_333923ad67c5,False,1728172800,0,negatif,0.9807,netral,tanpa_emoji,negatif,soraya
W3OiJi8UyUk,user_c764cd8180f5,False,1696550400,0,positif,0.9963,positif,tanpa_emoji,positif,soraya
W3OiJi8UyUk,user_cfb6cfe11951,False,1696550400,0,negatif,0.928,netral,tanpa_emoji,negatif,soraya
W3OiJi8UyUk,user_b1bbcb9ed465,False,1696550400,0,positif,0.9404,positif,tanpa_emoji,positif,soraya
W3OiJi8UyUk,user_a0522c66afa5,False,1696550400,0,negatif,0.4209,positif,positif,positif,soraya
W3OiJi8UyUk,user_2af5c37a1a90,False,1696550400,0,netral,0.4614,netral,tanpa_emoji,netral,soraya
W3OiJi8UyUk,user_6d1f937c2c55,False,1759708800,1,netral,0.4621,netral,netral,netral,soraya
W3OiJi8UyUk,user_bacbf0372ff6,False,1696550400,0,negatif,0.9929,netral,tanpa_emoji,negatif,soraya
W3OiJi8UyUk,user_0f6ac5dfdf13,False,1696550400,0,negatif,0.5626,netral,tanpa_emoji,negatif,soraya
W3OiJi8UyUk,user_3500ae56a44f,False,1696550400,0,negatif,0.7892,positif,tanpa_emoji,negatif,soraya
W3OiJi8UyUk,user_ff78fd50cd7f,False,1696550400,0,negatif,0.7742,netral,tanpa_emoji,negatif,soraya
W3OiJi8UyUk,user_44d5fc2e8284,False,1696550400,0,negatif,0.9955,positif,netral,negatif,soraya
W3OiJi8UyUk,user_38ff2c1d7433,False,1696550400,0,negatif,0.6401,positif,tanpa_emoji,negatif,soraya
W3OiJi8UyUk,user_ca8c8dd33c9e,False,1696550400,1,negatif,0.7589,netral,tanpa_emoji,negatif,soraya
W3OiJi8UyUk,user_50993ae1ae4d,False,1696550400,0,negatif,0.6119,netral,tanpa_emoji,negatif,soraya
W3OiJi8UyUk,user_7f76df44c738,False,1696550400,2,negatif,0.9831,positif,netral,negatif,soraya
W3OiJi8UyUk,user_4caca487d05f,False,1696550400,0,negatif,0.6761,netral,tanpa_emoji,negatif,soraya
W3OiJi8UyUk,user_9f15fd36a626,False,1696550400,0,negatif,0.982,netral,tanpa_emoji,negatif,soraya
W3OiJi8UyUk,user_4a509db2c6b5,False,1696550400,0,negatif,0.4735,netral,tanpa_emoji,negatif,soraya
W3OiJi8UyUk,user_36976da9ecc5,False,1696550400,0,positif,0.9773,netral,tanpa_emoji,positif,soraya
W3OiJi8UyUk,user_9c70cd1fe700,False,1696550400,0,positif,0.8868,netral,tanpa_emoji,positif,soraya
W3OiJi8UyUk,user_0f9bbb06ca0a,False,1696550400,1,negatif,0.8215,positif,tanpa_emoji,negatif,soraya
W3OiJi8UyUk,user_e8fb4d20806e,False,1696550400,0,positif,0.9985,positif,tanpa_emoji,positif,soraya
W3OiJi8UyUk,user_c0fa77ead484,False,1696550400,0,negatif,0.773,negatif,netral,negatif,soraya
W3OiJi8UyUk,user_1048bf1c61c6,False,1696550400,0,negatif,0.7391,positif,positif,negatif,soraya
W3OiJi8UyUk,user_f27f5c216eb4,False,1696550400,0,positif,0.9931,positif,tanpa_emoji,positif,soraya
W3OiJi8UyUk,user_18dda0fdcaa9,False,1696550400,0,negatif,0.7235,netral,netral,negatif,soraya
W3OiJi8UyUk,user_ceb0f4257d33,False,1696550400,0,negatif,0.9877,positif,tanpa_emoji,negatif,soraya
W3OiJi8UyUk,user_360a668cf3e7,False,1696550400,1,negatif,0.9063,positif,positif,negatif,soraya
W3OiJi8UyUk,user_fe45fadd9fd6,False,1696550400,0,negatif,0.9607,netral,tanpa_emoji,negatif,soraya
W3OiJi8UyUk,user_0c90e83d87ab,False,1696550400,0,positif,0.847,netral,tanpa_emoji,positif,soraya
W3OiJi8UyUk,user_fd210a786c00,False,1696550400,0,positif,0.9244,netral,tanpa_emoji,positif,soraya
W3OiJi8UyUk,user_98bf181de219,False,1696550400,0,positif,0.9916,positif,tanpa_emoji,positif,soraya
W3OiJi8UyUk,user_8bcb712d483c,False,1696550400,0,negatif,0.9216,negatif,netral,negatif,soraya
W3OiJi8UyUk,user_a83c4c3105a9,False,1696550400,0,negatif,0.6404,positif,tanpa_emoji,negatif,soraya
W3OiJi8UyUk,user_d5b2850eedb2,False,1696550400,0,negatif,0.9531,netral,netral,negatif,soraya
W3OiJi8UyUk,user_33ac4b874728,False,1696550400,0,positif,0.9683,positif,positif,positif,soraya
W3OiJi8UyUk,user_c760ea6e1773,False,1696550400,0,negatif,0.7615,positif,positif,negatif,soraya
W3OiJi8UyUk,user_b6bea429a231,False,1696550400,1,positif,0.9649,positif,tanpa_emoji,positif,soraya
W3OiJi8UyUk,user_e0e6442c9ee2,False,1696550400,0,positif,0.4971,positif,tanpa_emoji,positif,soraya
W3OiJi8UyUk,user_65f96b1cbfe3,False,1696550400,0,positif,0.9931,positif,positif,positif,soraya
W3OiJi8UyUk,user_544383ce4a17,False,1696550400,0,netral,0.8159,netral,tanpa_emoji,netral,soraya
W3OiJi8UyUk,user_4adb80180235,False,1696550400,2,positif,0.8742,netral,tanpa_emoji,positif,soraya
W3OiJi8UyUk,user_ac3675ef8261,False,1696550400,0,positif,0.5952,netral,netral,positif,soraya
W3OiJi8UyUk,user_8f6f1694b6c4,False,1696550400,2,positif,0.9382,netral,tanpa_emoji,positif,soraya
W3OiJi8UyUk,user_8eb276dca2f6,False,1696550400,1,negatif,0.9972,positif,tanpa_emoji,negatif,soraya
W3OiJi8UyUk,user_1bebf7153255,False,1696550400,0,positif,0.9978,positif,tanpa_emoji,positif,soraya
W3OiJi8UyUk,user_cab9fae5c859,False,1696550400,0,positif,0.9618,netral,tanpa_emoji,positif,soraya
W3OiJi8UyUk,user_52fa8f8ff48d,False,1696550400,0,positif,0.9037,netral,tanpa_emoji,positif,soraya
W3OiJi8UyUk,user_c0ee8db199fd,False,1696550400,1,negatif,0.9722,positif,tanpa_emoji,negatif,soraya
W3OiJi8UyUk,user_54b0109a3711,False,1696550400,0,positif,0.681,positif,tanpa_emoji,positif,soraya
W3OiJi8UyUk,user_ec9b4abe9913,False,1696550400,0,positif,0.5271,positif,positif,positif,soraya
W3OiJi8UyUk,user_44cc56431386,False,1696550400,0,positif,0.9913,positif,tanpa_emoji,positif,soraya
W3OiJi8UyUk,user_e8f47d5daf28,False,1696550400,0,positif,0.7335,positif,tanpa_emoji,positif,soraya
W3OiJi8UyUk,user_1fbbf0632830,False,1696550400,0,negatif,0.8043,netral,tanpa_emoji,negatif,soraya
W3OiJi8UyUk,user_8214cc85aab5,False,1696550400,0,positif,0.9916,positif,tanpa_emoji,positif,soraya
W3OiJi8UyUk,user_97ab78a0499e,False,1696550400,0,negatif,0.9244,netral,netral,negatif,soraya
W3OiJi8UyUk,user_6cf769937d99,False,1696550400,1,positif,0.9778,positif,netral,positif,soraya
W3OiJi8UyUk,user_3232e07681cd,False,1696550400,1,positif,0.9199,positif,positif,positif,soraya
W3OiJi8UyUk,user_e9ecba5bdb32,False,1728172800,0,positif,0.9957,netral,tanpa_emoji,positif,soraya
W3OiJi8UyUk,user_4f3f94f08b96,False,1696550400,0,netral,0.9849,netral,tanpa_emoji,netral,soraya
W3OiJi8UyUk,user_fc64f634ab34,False,1696550400,0,negatif,0.9953,netral,netral,negatif,soraya
W3OiJi8UyUk,user_c3fb0a70876b,False,1696550400,0,netral,0.7877,netral,tanpa_emoji,netral,soraya
W3OiJi8UyUk,user_bad8616e7549,False,1696550400,0,negatif,0.9822,netral,netral,negatif,soraya
W3OiJi8UyUk,user_3578c5280961,False,1696550400,0,positif,0.9925,positif,positif,positif,soraya
W3OiJi8UyUk,user_6c7a8a0d8895,False,1696550400,0,positif,0.9939,positif,tanpa_emoji,positif,soraya
W3OiJi8UyUk,user_3f3c91f15f63,False,1728172800,0,netral,0.7828,netral,tanpa_emoji,netral,soraya
W3OiJi8UyUk,user_a7577c9bee1b,False,1696550400,0,negatif,0.9167,netral,netral,negatif,soraya
W3OiJi8UyUk,user_0c51c353c2a2,False,1696550400,0,negatif,0.6301,netral,tanpa_emoji,negatif,soraya
W3OiJi8UyUk,user_c0d853a7013f,False,1696550400,0,positif,0.9962,positif,positif,positif,soraya
W3OiJi8UyUk,user_7e74dd8c52b9,False,1696550400,0,negatif,0.9844,netral,netral,negatif,soraya
W3OiJi8UyUk,user_cb4beda6772c,False,1696550400,0,positif,0.9754,positif,tanpa_emoji,positif,soraya
W3OiJi8UyUk,user_f8da888fefc1,False,1728172800,0,positif,0.9875,positif,netral,positif,soraya
W3OiJi8UyUk,user_ea0604273ba5,False,1696550400,0,negatif,0.9883,netral,netral,negatif,soraya
W3OiJi8UyUk,user_a230ac0301e6,False,1696550400,0,negatif,0.9817,positif,tanpa_emoji,negatif,soraya
W3OiJi8UyUk,user_f085953704fe,False,1696550400,0,netral,0.5295,netral,tanpa_emoji,netral,soraya
W3OiJi8UyUk,user_c3a987f7ef08,False,1696550400,1,positif,0.5508,netral,tanpa_emoji,positif,soraya
W3OiJi8UyUk,user_547cde323b34,False,1696550400,1,positif,0.9219,positif,tanpa_emoji,positif,soraya
W3OiJi8UyUk,user_af337e934733,False,1696550400,0,negatif,0.7176,netral,tanpa_emoji,negatif,soraya
W3OiJi8UyUk,user_a0d102e67ad1,False,1696550400,0,negatif,0.9666,netral,netral,negatif,soraya
W3OiJi8UyUk,user_772312ed8f73,False,1696550400,1,negatif,0.9346,positif,tanpa_emoji,negatif,soraya
W3OiJi8UyUk,user_3bdcf48f557a,False,1696550400,1,negatif,0.9712,netral,netral,negatif,soraya
W3OiJi8UyUk,user_bcebd07d398e,False,1696550400,0,negatif,0.9536,netral,netral,negatif,soraya
W3OiJi8UyUk,user_0e2f9e876d4a,False,1696550400,0,positif,0.8728,netral,netral,positif,soraya
W3OiJi8UyUk,user_6bda2cbf0df7,False,1696550400,0,netral,0.9249,netral,tanpa_emoji,netral,soraya
W3OiJi8UyUk,user_1fe09528b1f3,False,1696550400,0,negatif,0.5372,positif,positif,positif,soraya
W3OiJi8UyUk,user_94e9483f985f,False,1696550400,0,positif,0.9942,positif,positif,positif,soraya
W3OiJi8UyUk,user_6e31d6b5440f,False,1696550400,0,positif,0.9956,positif,tanpa_emoji,positif,soraya
W3OiJi8UyUk,user_2494cc6ebe83,False,1696550400,1,positif,0.9379,netral,tanpa_emoji,positif,soraya
W3OiJi8UyUk,user_08175017b15a,False,1696550400,0,negatif,0.6297,positif,tanpa_emoji,negatif,soraya
W3OiJi8UyUk,user_338162439bc6,False,1696550400,1,positif,0.9981,netral,tanpa_emoji,positif,soraya
W3OiJi8UyUk,user_5ede0efb2a55,False,1696550400,0,positif,0.8924,positif,tanpa_emoji,positif,soraya
W3OiJi8UyUk,user_b1e248a8f498,False,1759708800,0,negatif,0.7846,positif,positif,positif,soraya
W3OiJi8UyUk,user_c714156441b5,False,1728172800,0,negatif,0.8917,netral,tanpa_emoji,negatif,soraya
W3OiJi8UyUk,user_9d60e667eeea,False,1696550400,0,negatif,0.9921,netral,tanpa_emoji,negatif,soraya
W3OiJi8UyUk,user_6e629668069b,False,1696550400,0,positif,0.9497,positif,positif,positif,soraya
W3OiJi8UyUk,user_42c9008cc25d,False,1696550400,1,negatif,0.9215,netral,tanpa_emoji,negatif,soraya
W3OiJi8UyUk,user_816d761e4a8e,False,1696550400,0,positif,0.9853,netral,tanpa_emoji,positif,soraya
W3OiJi8UyUk,user_6a95fc82a23a,False,1696550400,0,negatif,0.9674,positif,positif,positif,soraya
W3OiJi8UyUk,user_4654c132a94e,False,1696550400,0,negatif,0.6863,positif,netral,negatif,soraya
W3OiJi8UyUk,user_def8dbaea836,False,1696550400,0,positif,0.9896,positif,positif,positif,soraya
W3OiJi8UyUk,user_b2cfb92adf2e,False,1728172800,0,netral,0.9717,netral,tanpa_emoji,netral,soraya
W3OiJi8UyUk,user_7f2959a6c0cc,False,1696550400,0,negatif,0.862,netral,tanpa_emoji,negatif,soraya
W3OiJi8UyUk,user_4bd3726cc010,False,1696550400,1,negatif,0.7119,negatif,tanpa_emoji,negatif,soraya
W3OiJi8UyUk,user_792fced3d3da,False,1696550400,0,negatif,0.6935,netral,tanpa_emoji,negatif,soraya
WPljV8uKnYk,user_b1a62bd23ab1,False,1759708800,0,positif,0.7967,netral,tanpa_emoji,positif,soraya
WPljV8uKnYk,user_6fc58f29157e,False,1759708800,3,negatif,0.9953,netral,tanpa_emoji,negatif,soraya
WPljV8uKnYk,user_3908ff562897,False,1759708800,1,negatif,0.9967,netral,tanpa_emoji,negatif,soraya
WPljV8uKnYk,user_f275ad2fea65,False,1759708800,1,positif,0.7079,netral,tanpa_emoji,positif,soraya
WPljV8uKnYk,user_33c740fec504,False,1759708800,2,positif,0.9049,positif,positif,positif,soraya
WPljV8uKnYk,user_dd616835d271,False,1759708800,1,netral,0.6364,netral,tanpa_emoji,netral,soraya
WPljV8uKnYk,user_32f96f6f957b,False,1759708800,2,negatif,0.9399,netral,tanpa_emoji,negatif,soraya
WPljV8uKnYk,user_315957e18051,False,1772755200,0,negatif,0.7771,netral,tanpa_emoji,negatif,soraya
WPljV8uKnYk,user_f8f8c6190f87,False,1759708800,9,negatif,0.9507,positif,tanpa_emoji,negatif,soraya
WPljV8uKnYk,user_6f28f958605b,True,1759708800,1,negatif,0.6914,netral,netral,negatif,soraya
WPljV8uKnYk,user_326f9b9aaccd,True,1764979200,0,negatif,0.5046,netral,tanpa_emoji,negatif,soraya
WPljV8uKnYk,user_3cfa331865ee,False,1759708800,0,negatif,0.9217,negatif,tanpa_emoji,negatif,soraya
WPljV8uKnYk,user_5426b01d2fce,False,1759708800,0,negatif,0.8114,netral,tanpa_emoji,negatif,soraya
WPljV8uKnYk,user_8c8a7d68dc8e,False,1764979200,0,negatif,0.9673,negatif,netral,negatif,soraya
WPljV8uKnYk,user_e077a393cf2b,False,1759708800,1,positif,0.9912,netral,netral,positif,soraya
WPljV8uKnYk,user_61abbb7a4674,True,1759708800,0,positif,0.9329,netral,netral,positif,soraya
WPljV8uKnYk,user_564397a1a69f,False,1759708800,0,netral,0.5332,negatif,tanpa_emoji,netral,soraya
WPljV8uKnYk,user_7d2eeb70bf80,True,1759708800,0,negatif,0.9771,netral,tanpa_emoji,negatif,soraya
WPljV8uKnYk,user_67732263743c,False,1759708800,0,negatif,0.9983,negatif,netral,negatif,soraya
WPljV8uKnYk,user_2e4c21574017,True,1759708800,0,netral,0.9525,netral,tanpa_emoji,netral,soraya
WPljV8uKnYk,user_dd1b1be0a109,False,1759708800,0,negatif,0.9983,netral,tanpa_emoji,negatif,soraya
_vHlSlQ5QOY,user_a71a3aff9651,False,1696550400,39,positif,0.8843,negatif,tanpa_emoji,positif,soraya
_vHlSlQ5QOY,user_92f8b4229519,True,1696550400,1,positif,0.968,positif,tanpa_emoji,positif,soraya
_vHlSlQ5QOY,user_b0f67f4abfab,False,1696550400,13,positif,0.7558,netral,tanpa_emoji,positif,soraya
_vHlSlQ5QOY,user_9b3f96f969bf,False,1696550400,17,positif,0.848,positif,positif,positif,soraya
_vHlSlQ5QOY,user_726b8dca1a51,False,1696550400,22,positif,0.9984,netral,positif,positif,soraya
_vHlSlQ5QOY,user_e6a16ec7ffef,False,1696550400,13,positif,0.9662,positif,positif,positif,soraya
_vHlSlQ5QOY,user_470e929eac22,False,1696550400,9,positif,0.9953,positif,positif,positif,soraya
_vHlSlQ5QOY,user_cda7b163c98e,False,1696550400,61,positif,0.7631,positif,positif,positif,soraya
_vHlSlQ5QOY,user_f2e3043df15a,True,1696550400,0,negatif,0.7187,netral,tanpa_emoji,negatif,soraya
_vHlSlQ5QOY,user_645a3ee6c610,False,1696550400,9,positif,0.7905,positif,tanpa_emoji,positif,soraya
_vHlSlQ5QOY,user_e5f937569669,False,1696550400,10,positif,0.9941,positif,tanpa_emoji,positif,soraya
_vHlSlQ5QOY,user_ac8854453db1,False,1696550400,5,positif,0.9463,positif,tanpa_emoji,positif,soraya
_vHlSlQ5QOY,user_f1aed8ccf0cd,False,1696550400,5,positif,0.9507,positif,positif,positif,soraya
_vHlSlQ5QOY,user_38518b7c1ec1,False,1696550400,7,negatif,0.997,positif,positif,negatif,soraya
_vHlSlQ5QOY,user_b59242f2cc74,False,1696550400,4,negatif,0.7037,positif,tanpa_emoji,negatif,soraya
_vHlSlQ5QOY,user_be148afd4b6b,False,1696550400,4,negatif,0.9051,negatif,positif,negatif,soraya
_vHlSlQ5QOY,user_aaa8eda15cf8,False,1696550400,10,positif,0.996,positif,positif,positif,soraya
_vHlSlQ5QOY,user_7be2ca3151dc,False,1696550400,4,negatif,0.9416,netral,tanpa_emoji,negatif,soraya
_vHlSlQ5QOY,user_06fdbbd67398,False,1696550400,8,positif,0.9945,positif,tanpa_emoji,positif,soraya
_vHlSlQ5QOY,user_7067c2ca1728,False,1696550400,5,positif,0.9963,positif,tanpa_emoji,positif,soraya
_vHlSlQ5QOY,user_3103bb0bccb9,False,1696550400,5,positif,0.9875,netral,netral,positif,soraya
_vHlSlQ5QOY,user_36e2ff55ce24,False,1696550400,19,positif,0.9328,positif,tanpa_emoji,positif,soraya
_vHlSlQ5QOY,user_f3f02143ed12,False,1696550400,6,positif,0.9885,positif,tanpa_emoji,positif,soraya
_vHlSlQ5QOY,user_6986e26e31c6,False,1696550400,5,positif,0.9967,positif,tanpa_emoji,positif,soraya
_vHlSlQ5QOY,user_8d3621339f73,False,1696550400,7,negatif,0.9959,positif,positif,negatif,soraya
_vHlSlQ5QOY,user_88e27b5f568e,False,1696550400,2,negatif,0.9537,negatif,tanpa_emoji,negatif,soraya
_vHlSlQ5QOY,user_f5a2ac06746b,False,1696550400,3,negatif,0.5706,positif,tanpa_emoji,negatif,soraya
_vHlSlQ5QOY,user_827f1e9dc398,False,1696550400,4,positif,0.9858,negatif,tanpa_emoji,positif,soraya
_vHlSlQ5QOY,user_5ed54ddf964f,False,1696550400,3,negatif,0.9797,netral,tanpa_emoji,negatif,soraya
_vHlSlQ5QOY,user_6f25637ade93,False,1696550400,3,negatif,0.8564,netral,tanpa_emoji,negatif,soraya
_vHlSlQ5QOY,user_4be982d8c2fb,False,1696550400,2,negatif,0.9271,positif,tanpa_emoji,negatif,soraya
_vHlSlQ5QOY,user_1660e1aa80a5,False,1696550400,4,positif,0.9189,positif,positif,positif,soraya
_vHlSlQ5QOY,user_3fe8212a653c,False,1696550400,4,positif,0.9984,positif,positif,positif,soraya
_vHlSlQ5QOY,user_074156a77c1f,False,1696550400,165,positif,0.9915,positif,positif,positif,soraya
_vHlSlQ5QOY,user_06fdbbd67398,True,1696550400,4,negatif,0.9395,netral,tanpa_emoji,negatif,soraya
_vHlSlQ5QOY,user_ef42b4c3bad7,True,1696550400,1,negatif,0.9947,netral,tanpa_emoji,negatif,soraya
_vHlSlQ5QOY,user_074156a77c1f,True,1696550400,1,negatif,0.995,negatif,tanpa_emoji,negatif,soraya
_vHlSlQ5QOY,user_5e1dff19b83a,True,1696550400,1,netral,0.9256,netral,tanpa_emoji,netral,soraya
_vHlSlQ5QOY,user_074156a77c1f,True,1696550400,1,negatif,0.9894,netral,tanpa_emoji,negatif,soraya
_vHlSlQ5QOY,user_ef42b4c3bad7,True,1696550400,1,negatif,0.9715,positif,tanpa_emoji,negatif,soraya
_vHlSlQ5QOY,user_38dbdca74e42,True,1696550400,0,negatif,0.9126,netral,tanpa_emoji,negatif,soraya
_vHlSlQ5QOY,user_3bf46c8a9ff9,True,1696550400,0,negatif,0.9981,positif,tanpa_emoji,negatif,soraya
_vHlSlQ5QOY,user_16c8d2c7ff33,True,1696550400,5,positif,0.9576,positif,positif,positif,soraya
_vHlSlQ5QOY,user_074156a77c1f,True,1696550400,3,negatif,0.9539,netral,tanpa_emoji,negatif,soraya
_vHlSlQ5QOY,user_34271570e545,False,1696550400,28,positif,0.9786,positif,positif,positif,soraya
_vHlSlQ5QOY,user_13ae57412524,False,1696550400,4,positif,0.995,netral,tanpa_emoji,positif,soraya
_vHlSlQ5QOY,user_ca8f53b4ef7a,False,1696550400,3,positif,0.997,positif,tanpa_emoji,positif,soraya
_vHlSlQ5QOY,user_30f3dc568142,False,1696550400,3,positif,0.9331,netral,netral,positif,soraya
_vHlSlQ5QOY,user_0b99ce64b3c6,False,1696550400,3,negatif,0.7464,netral,netral,negatif,soraya
_vHlSlQ5QOY,user_8d3306aa4887,False,1696550400,3,negatif,0.9702,positif,tanpa_emoji,negatif,soraya
_vHlSlQ5QOY,user_7f37aaac917d,False,1696550400,3,positif,0.9518,positif,positif,positif,soraya
_vHlSlQ5QOY,user_5e8d0be01b8e,False,1696550400,3,positif,0.994,negatif,tanpa_emoji,positif,soraya
_vHlSlQ5QOY,user_1105448ed289,False,1696550400,3,positif,0.922,netral,tanpa_emoji,positif,soraya
_vHlSlQ5QOY,user_cc40116c8e6c,False,1696550400,2,negatif,0.994,negatif,tanpa_emoji,negatif,soraya
_vHlSlQ5QOY,user_3846ba7110c4,False,1696550400,2,positif,0.9981,negatif,tanpa_emoji,positif,soraya
_vHlSlQ5QOY,user_dd85e38c0dca,False,1696550400,37,positif,0.9974,negatif,tanpa_emoji,positif,soraya
_vHlSlQ5QOY,user_0c84aba3624b,False,1696550400,2,negatif,0.8472,netral,tanpa_emoji,negatif,soraya
_vHlSlQ5QOY,user_08599ddd4254,False,1696550400,1,negatif,0.9705,netral,tanpa_emoji,negatif,soraya
_vHlSlQ5QOY,user_68e30d58c995,False,1696550400,2,positif,0.9817,positif,tanpa_emoji,positif,soraya
_vHlSlQ5QOY,user_ae24f719e5d2,False,1696550400,2,positif,0.9962,positif,positif,positif,soraya
_vHlSlQ5QOY,user_c17ee4591a4c,False,1696550400,3,positif,0.9854,netral,netral,positif,soraya
_vHlSlQ5QOY,user_80800918d8ed,False,1696550400,5,negatif,0.9317,positif,positif,negatif,soraya
_vHlSlQ5QOY,user_26d8e32e3e7e,False,1696550400,0,netral,0.8196,netral,tanpa_emoji,netral,soraya
_vHlSlQ5QOY,user_22cd34f54bfa,False,1696550400,3,positif,0.5312,positif,positif,positif,soraya
_vHlSlQ5QOY,user_20f8ffa802a8,False,1696550400,1,negatif,0.9833,negatif,tanpa_emoji,negatif,soraya
_vHlSlQ5QOY,user_523c8c99297c,False,1696550400,258,positif,0.554,netral,tanpa_emoji,positif,soraya
_vHlSlQ5QOY,user_ffbf22833c56,True,1696550400,2,negatif,0.8969,netral,netral,negatif,soraya
_vHlSlQ5QOY,user_c55d8f201721,True,1696550400,1,negatif,0.9976,negatif,tanpa_emoji,negatif,soraya
_vHlSlQ5QOY,user_72cf32cb0d97,True,1696550400,1,negatif,0.9936,netral,tanpa_emoji,negatif,soraya
_vHlSlQ5QOY,user_38dbdca74e42,True,1696550400,0,netral,0.5959,netral,tanpa_emoji,netral,soraya
_vHlSlQ5QOY,user_470642045152,True,1696550400,1,negatif,0.8511,negatif,netral,negatif,soraya
_vHlSlQ5QOY,user_d8641adc0d9f,True,1696550400,1,positif,0.8838,positif,netral,positif,soraya
_vHlSlQ5QOY,user_ef42b4c3bad7,True,1696550400,0,negatif,0.5525,netral,tanpa_emoji,negatif,soraya
_vHlSlQ5QOY,user_abb63e6aecb6,True,1696550400,0,negatif,0.9966,positif,netral,negatif,soraya
_vHlSlQ5QOY,user_7d230a3b51b9,True,1696550400,0,positif,0.9023,netral,tanpa_emoji,positif,soraya
_vHlSlQ5QOY,user_f4330371ffca,True,1696550400,0,positif,0.6873,netral,tanpa_emoji,positif,soraya
_vHlSlQ5QOY,user_651e21dd7a0f,True,1696550400,0,positif,0.9672,positif,netral,positif,soraya
_vHlSlQ5QOY,user_07fa7875b6c5,True,1696550400,0,negatif,0.7019,negatif,tanpa_emoji,negatif,soraya
_vHlSlQ5QOY,user_d1ff7f4f403a,True,1696550400,0,negatif,0.9974,netral,netral,negatif,soraya
_vHlSlQ5QOY,user_17256963f20b,True,1696550400,0,negatif,0.9856,netral,tanpa_emoji,negatif,soraya
_vHlSlQ5QOY,user_e92d8fe26a88,True,1696550400,0,negatif,0.9978,netral,tanpa_emoji,negatif,soraya
_vHlSlQ5QOY,user_ef42b4c3bad7,True,1696550400,0,negatif,0.7702,positif,tanpa_emoji,negatif,soraya
_vHlSlQ5QOY,user_5dc93c9f6dea,True,1696550400,0,positif,0.6213,positif,netral,positif,soraya
_vHlSlQ5QOY,user_5e1dff19b83a,True,1696550400,0,negatif,0.6943,netral,tanpa_emoji,negatif,soraya
_vHlSlQ5QOY,user_1d43f94308c7,True,1696550400,0,positif,0.5945,positif,tanpa_emoji,positif,soraya
_vHlSlQ5QOY,user_f09a9ff573bc,True,1696550400,0,netral,0.9109,netral,tanpa_emoji,netral,soraya
_vHlSlQ5QOY,user_a13c9478e01d,True,1696550400,0,negatif,0.7189,netral,netral,negatif,soraya
_vHlSlQ5QOY,user_4b97a85f92ee,True,1696550400,0,negatif,0.769,netral,tanpa_emoji,negatif,soraya
_vHlSlQ5QOY,user_787cc8a7a5f4,True,1696550400,0,negatif,0.9943,positif,tanpa_emoji,negatif,soraya
_vHlSlQ5QOY,user_1894ec4d3ede,True,1696550400,0,negatif,0.9731,netral,tanpa_emoji,negatif,soraya
_vHlSlQ5QOY,user_550127f9b318,True,1696550400,0,negatif,0.9948,netral,tanpa_emoji,negatif,soraya
_vHlSlQ5QOY,user_a0482e7ae7ab,True,1696550400,0,negatif,0.9909,negatif,tanpa_emoji,negatif,soraya
_vHlSlQ5QOY,user_42fef9ca34df,True,1696550400,0,negatif,0.9467,netral,tanpa_emoji,negatif,soraya
_vHlSlQ5QOY,user_9636ea41476e,True,1696550400,0,negatif,0.9911,netral,tanpa_emoji,negatif,soraya
_vHlSlQ5QOY,user_5e11db187104,True,1696550400,0,negatif,0.9963,netral,tanpa_emoji,negatif,soraya
_vHlSlQ5QOY,user_aaa3f639ed8e,True,1696550400,17,negatif,0.9842,netral,netral,negatif,soraya
_vHlSlQ5QOY,user_c04c5ddfee99,True,1696550400,2,netral,0.5805,positif,tanpa_emoji,netral,soraya
_vHlSlQ5QOY,user_4dd4098097f3,True,1696550400,0,netral,0.9075,netral,tanpa_emoji,netral,soraya
_vHlSlQ5QOY,user_e68ba5a3eea1,True,1696550400,1,netral,0.8181,netral,tanpa_emoji,netral,soraya
_vHlSlQ5QOY,user_4b97a85f92ee,True,1696550400,0,positif,0.5478,positif,tanpa_emoji,positif,soraya
_vHlSlQ5QOY,user_9c031d210ee4,True,1696550400,0,negatif,0.9916,netral,tanpa_emoji,negatif,soraya
_vHlSlQ5QOY,user_42fef9ca34df,True,1696550400,0,netral,0.9929,netral,tanpa_emoji,netral,soraya
_vHlSlQ5QOY,user_d704395ba891,True,1696550400,13,netral,0.981,netral,tanpa_emoji,netral,soraya
_vHlSlQ5QOY,user_aaa3f639ed8e,True,1696550400,4,negatif,0.6708,negatif,netral,negatif,soraya
_vHlSlQ5QOY,user_a1a0a4c9eede,True,1696550400,1,negatif,0.9706,netral,tanpa_emoji,negatif,soraya
_vHlSlQ5QOY,user_06fdbbd67398,True,1696550400,2,netral,0.8545,netral,tanpa_emoji,netral,soraya
_vHlSlQ5QOY,user_a1a0a4c9eede,True,1696550400,1,negatif,0.9087,positif,tanpa_emoji,negatif,soraya
_vHlSlQ5QOY,user_06fdbbd67398,True,1696550400,1,negatif,0.3693,positif,tanpa_emoji,negatif,soraya
_vHlSlQ5QOY,user_7d230a3b51b9,True,1696550400,2,negatif,0.9875,positif,tanpa_emoji,negatif,soraya
_vHlSlQ5QOY,user_7c8e6fa3b7e9,True,1696550400,0,netral,0.9107,negatif,tanpa_emoji,netral,soraya
_vHlSlQ5QOY,user_05826126b5a9,True,1696550400,0,negatif,0.7704,positif,tanpa_emoji,negatif,soraya
_vHlSlQ5QOY,user_cda7b163c98e,True,1696550400,0,positif,0.9632,positif,tanpa_emoji,positif,soraya
_vHlSlQ5QOY,user_ef42b4c3bad7,True,1696550400,0,negatif,0.8776,netral,tanpa_emoji,negatif,soraya
_vHlSlQ5QOY,user_5401a2221c46,False,1696550400,2,positif,0.9887,positif,tanpa_emoji,positif,soraya
_vHlSlQ5QOY,user_477e19141613,False,1696550400,1,positif,0.9987,positif,positif,positif,soraya
_vHlSlQ5QOY,user_5ff421afaad9,False,1696550400,3,positif,0.9966,positif,positif,positif,soraya
_vHlSlQ5QOY,user_22553112d948,False,1696550400,0,positif,0.9858,positif,tanpa_emoji,positif,soraya
_vHlSlQ5QOY,user_cceb2d02189c,False,1696550400,81,positif,0.963,positif,tanpa_emoji,positif,soraya
_vHlSlQ5QOY,user_06fdbbd67398,True,1696550400,1,negatif,0.8133,positif,tanpa_emoji,negatif,soraya
_vHlSlQ5QOY,user_ef42b4c3bad7,True,1696550400,0,negatif,0.9973,positif,tanpa_emoji,negatif,soraya
_vHlSlQ5QOY,user_cceb2d02189c,True,1696550400,1,netral,0.9033,netral,tanpa_emoji,netral,soraya
_vHlSlQ5QOY,user_b1a16dec21cb,False,1696550400,1,positif,0.9976,negatif,tanpa_emoji,positif,soraya
_vHlSlQ5QOY,user_2f727141fe5d,False,1696550400,1,positif,0.9978,positif,tanpa_emoji,positif,soraya
_vHlSlQ5QOY,user_9a1077254ff4,False,1696550400,2,negatif,0.9776,netral,tanpa_emoji,negatif,soraya
_vHlSlQ5QOY,user_0759a5ed6b47,False,1696550400,1,positif,0.9965,positif,positif,positif,soraya
_vHlSlQ5QOY,user_ddedf0af5c83,False,1696550400,0,positif,0.9884,positif,tanpa_emoji,positif,soraya
_vHlSlQ5QOY,user_199ff0f1d5f1,False,1696550400,1,positif,0.8651,positif,tanpa_emoji,positif,soraya
_vHlSlQ5QOY,user_b211d815fa4a,False,1696550400,3,negatif,0.5273,positif,positif,positif,soraya
_vHlSlQ5QOY,user_6367d56cb2f8,False,1696550400,0,positif,0.9931,positif,tanpa_emoji,positif,soraya
_vHlSlQ5QOY,user_1191839a77a8,False,1696550400,0,negatif,0.6577,netral,tanpa_emoji,negatif,soraya
_vHlSlQ5QOY,user_6843041840ea,False,1696550400,1,positif,0.8909,netral,tanpa_emoji,positif,soraya
_vHlSlQ5QOY,user_6a059de341ab,False,1696550400,0,positif,0.9325,positif,positif,positif,soraya
_vHlSlQ5QOY,user_0f13a1eaa427,False,1696550400,0,positif,0.9969,negatif,tanpa_emoji,positif,soraya
_vHlSlQ5QOY,user_7af10e7ca1d2,False,1696550400,0,netral,0.6651,netral,tanpa_emoji,netral,soraya
_vHlSlQ5QOY,user_60366654eeef,False,1696550400,2,positif,0.994,positif,tanpa_emoji,positif,soraya
_vHlSlQ5QOY,user_d221295de7b6,False,1696550400,2,positif,0.5711,positif,netral,positif,soraya
_vHlSlQ5QOY,user_5e8d0be01b8e,False,1696550400,0,negatif,0.9424,positif,tanpa_emoji,negatif,soraya
_vHlSlQ5QOY,user_82a08603631f,False,1696550400,1,positif,0.9921,positif,tanpa_emoji,positif,soraya
_vHlSlQ5QOY,user_6b282e1fc854,False,1696550400,1,positif,0.3746,netral,netral,positif,soraya
_vHlSlQ5QOY,user_cd9da6512f99,False,1696550400,0,negatif,0.9648,netral,tanpa_emoji,negatif,soraya
_vHlSlQ5QOY,user_443e9d34bd36,False,1696550400,0,negatif,0.475,positif,positif,positif,soraya
_vHlSlQ5QOY,user_7d1977ff1a22,False,1696550400,1,negatif,0.9842,positif,tanpa_emoji,negatif,soraya
_vHlSlQ5QOY,user_9b0764b8d42b,False,1696550400,0,positif,0.967,negatif,tanpa_emoji,positif,soraya
_vHlSlQ5QOY,user_82c861465076,False,1696550400,1,negatif,0.8852,positif,tanpa_emoji,negatif,soraya
_vHlSlQ5QOY,user_cae4cdab5778,False,1696550400,1,positif,0.6267,positif,tanpa_emoji,positif,soraya
_vHlSlQ5QOY,user_5fb2675c0c80,False,1696550400,1,positif,0.9928,positif,tanpa_emoji,positif,soraya
_vHlSlQ5QOY,user_ccb7b06a7dc2,False,1696550400,0,positif,0.9945,positif,tanpa_emoji,positif,soraya
_vHlSlQ5QOY,user_5627d4ebc618,False,1696550400,3,netral,0.4492,positif,positif,positif,soraya
_vHlSlQ5QOY,user_856262dca2ad,False,1696550400,2,negatif,0.9189,positif,tanpa_emoji,negatif,soraya
_vHlSlQ5QOY,user_968b9686ce51,False,1696550400,2,negatif,0.9915,positif,netral,negatif,soraya
_vHlSlQ5QOY,user_4309376ddb66,False,1696550400,0,positif,0.9939,positif,tanpa_emoji,positif,soraya
_vHlSlQ5QOY,user_f53a95b12def,False,1696550400,0,positif,0.9795,positif,netral,positif,soraya
_vHlSlQ5QOY,user_fac661ba8c55,False,1696550400,0,negatif,0.627,netral,tanpa_emoji,negatif,soraya
_vHlSlQ5QOY,user_b85f897b191f,False,1696550400,2,negatif,0.8966,netral,tanpa_emoji,negatif,soraya
_vHlSlQ5QOY,user_62742713a5e0,False,1696550400,1,positif,0.9849,positif,tanpa_emoji,positif,soraya
_vHlSlQ5QOY,user_2557032cca0f,False,1696550400,0,positif,0.9908,positif,tanpa_emoji,positif,soraya
_vHlSlQ5QOY,user_976e2cb8b047,False,1696550400,0,negatif,0.9924,negatif,tanpa_emoji,negatif,soraya
_vHlSlQ5QOY,user_dbd292b13f6f,False,1696550400,0,negatif,0.9876,netral,tanpa_emoji,negatif,soraya
_vHlSlQ5QOY,user_a51ed866b375,False,1696550400,1,positif,0.994,positif,tanpa_emoji,positif,soraya
_vHlSlQ5QOY,user_db6a8b1f57d8,False,1696550400,0,positif,0.9706,positif,tanpa_emoji,positif,soraya
_vHlSlQ5QOY,user_f3007d38a1f0,False,1696550400,1,positif,0.8336,negatif,tanpa_emoji,positif,soraya
_vHlSlQ5QOY,user_9200736da38e,False,1696550400,0,negatif,0.7077,positif,positif,negatif,soraya
_vHlSlQ5QOY,user_eb9d8a9208c4,False,1696550400,0,positif,0.9979,positif,tanpa_emoji,positif,soraya
_vHlSlQ5QOY,user_1ed52841631e,False,1696550400,0,negatif,0.7865,netral,tanpa_emoji,negatif,soraya
_vHlSlQ5QOY,user_003d7932404b,False,1696550400,0,positif,0.9927,positif,positif,positif,soraya
_vHlSlQ5QOY,user_e562f8aa49d9,False,1696550400,0,positif,0.9978,positif,positif,positif,soraya
_vHlSlQ5QOY,user_f906063ef077,False,1696550400,0,positif,0.9704,positif,positif,positif,soraya
_vHlSlQ5QOY,user_75ce2bf26782,False,1696550400,0,positif,0.985,positif,positif,positif,soraya
_vHlSlQ5QOY,user_d763e170dc70,False,1696550400,0,positif,0.9416,netral,tanpa_emoji,positif,soraya
_vHlSlQ5QOY,user_9f925e2123ef,False,1696550400,0,positif,0.5668,netral,tanpa_emoji,positif,soraya
_vHlSlQ5QOY,user_525eb4d083ba,False,1696550400,0,positif,0.9736,positif,tanpa_emoji,positif,soraya
_vHlSlQ5QOY,user_d98cd7522cdb,False,1696550400,0,positif,0.9702,positif,tanpa_emoji,positif,soraya
_vHlSlQ5QOY,user_84d7d240a536,False,1696550400,0,positif,0.6709,positif,netral,positif,soraya
_vHlSlQ5QOY,user_7aea9adaf43d,False,1696550400,0,positif,0.997,positif,tanpa_emoji,positif,soraya
_vHlSlQ5QOY,user_b7dbf28267d1,False,1696550400,8,positif,0.9899,netral,tanpa_emoji,positif,soraya
_vHlSlQ5QOY,user_871d8c2be1f4,True,1696550400,0,negatif,0.659,netral,tanpa_emoji,negatif,soraya
_vHlSlQ5QOY,user_942376604551,False,1696550400,0,negatif,0.7459,positif,netral,negatif,soraya
_vHlSlQ5QOY,user_299e55bcde10,False,1728172800,0,positif,0.9816,positif,positif,positif,soraya
_vHlSlQ5QOY,user_e1ef59dd1e0b,False,1696550400,0,positif,0.9872,positif,tanpa_emoji,positif,soraya
_vHlSlQ5QOY,user_295e2a596534,False,1696550400,0,positif,0.9862,positif,tanpa_emoji,positif,soraya
_vHlSlQ5QOY,user_3ca5f0ba2a07,False,1696550400,0,netral,0.5351,positif,positif,positif,soraya
_vHlSlQ5QOY,user_06e23482fdf1,False,1696550400,0,positif,0.988,positif,tanpa_emoji,positif,soraya
_vHlSlQ5QOY,user_5da66aeab1f0,False,1696550400,0,positif,0.9968,positif,tanpa_emoji,positif,soraya
_vHlSlQ5QOY,user_35deafefab49,False,1696550400,0,negatif,0.7843,netral,tanpa_emoji,negatif,soraya
_vHlSlQ5QOY,user_f8737e0e794c,False,1696550400,0,negatif,0.9384,netral,netral,negatif,soraya
_vHlSlQ5QOY,user_2a4aa1934fa0,False,1696550400,1,positif,0.7099,netral,tanpa_emoji,positif,soraya
_vHlSlQ5QOY,user_46877aa51077,False,1759708800,0,positif,0.9852,positif,positif,positif,soraya
_vHlSlQ5QOY,user_aa7dcbab7b73,False,1696550400,0,negatif,0.7982,netral,tanpa_emoji,negatif,soraya
_vHlSlQ5QOY,user_7bfc7fcfb457,False,1696550400,0,positif,0.9951,positif,positif,positif,soraya
_vHlSlQ5QOY,user_3d0486662041,False,1696550400,0,negatif,0.4993,netral,tanpa_emoji,negatif,soraya
_vHlSlQ5QOY,user_85d4ad2cfee2,False,1696550400,0,negatif,0.7279,netral,tanpa_emoji,negatif,soraya
_vHlSlQ5QOY,user_442167c6af3b,False,1696550400,21,positif,0.9969,positif,positif,positif,soraya
_vHlSlQ5QOY,user_65eaf5489866,True,1696550400,1,negatif,0.6501,netral,tanpa_emoji,negatif,soraya
_vHlSlQ5QOY,user_442167c6af3b,True,1696550400,1,netral,0.8921,netral,netral,netral,soraya
_vHlSlQ5QOY,user_671f52cf1f52,False,1696550400,0,positif,0.9827,positif,tanpa_emoji,positif,soraya
_vHlSlQ5QOY,user_d7da12c9dcfa,False,1696550400,0,positif,0.989,positif,positif,positif,soraya
_vHlSlQ5QOY,user_025142e508bb,False,1696550400,0,negatif,0.9639,netral,tanpa_emoji,negatif,soraya
_vHlSlQ5QOY,user_0413b0106689,False,1696550400,0,positif,0.9968,positif,tanpa_emoji,positif,soraya
_vHlSlQ5QOY,user_b25908867eb8,False,1696550400,0,positif,0.9747,positif,tanpa_emoji,positif,soraya
_vHlSlQ5QOY,user_be6a0fd1a630,False,1696550400,0,positif,0.9893,positif,tanpa_emoji,positif,soraya
_vHlSlQ5QOY,user_557487e82483,False,1696550400,0,positif,0.9938,positif,tanpa_emoji,positif,soraya
_vHlSlQ5QOY,user_175976a3a91b,False,1696550400,0,positif,0.596,positif,tanpa_emoji,positif,soraya
_vHlSlQ5QOY,user_6106169bcb1c,False,1696550400,0,positif,0.9033,positif,tanpa_emoji,positif,soraya
_vHlSlQ5QOY,user_0e80bb0ffa4c,False,1696550400,0,netral,0.9578,netral,tanpa_emoji,netral,soraya
_vHlSlQ5QOY,user_9cbbc375f451,False,1696550400,0,negatif,0.5575,netral,tanpa_emoji,negatif,soraya
_vHlSlQ5QOY,user_5a37217d6a53,False,1696550400,0,positif,0.9614,netral,tanpa_emoji,positif,soraya
_vHlSlQ5QOY,user_e2027b127d4d,False,1696550400,1,negatif,0.9286,positif,tanpa_emoji,negatif,soraya
_vHlSlQ5QOY,user_3909d1ebdaf4,False,1696550400,1,netral,0.8352,netral,tanpa_emoji,netral,soraya
_vHlSlQ5QOY,user_4a5bc3a1ace7,False,1696550400,15,negatif,0.7806,positif,positif,negatif,soraya
_vHlSlQ5QOY,user_06fdbbd67398,True,1696550400,0,positif,0.5639,netral,tanpa_emoji,positif,soraya
_vHlSlQ5QOY,user_a74031e8c122,True,1696550400,0,netral,0.9957,netral,tanpa_emoji,netral,soraya
_vHlSlQ5QOY,user_7d7fe0655a1e,False,1696550400,0,positif,0.9903,positif,netral,positif,soraya
_vHlSlQ5QOY,user_8c073a08d04f,False,1696550400,5,positif,0.7442,positif,tanpa_emoji,positif,soraya
_vHlSlQ5QOY,user_06fdbbd67398,True,1696550400,0,negatif,0.9976,netral,tanpa_emoji,negatif,soraya
_vHlSlQ5QOY,user_b890c81fa3c5,False,1696550400,0,positif,0.5273,positif,positif,positif,soraya
_vHlSlQ5QOY,user_d0d7da101292,False,1696550400,1,positif,0.9578,positif,positif,positif,soraya
_vHlSlQ5QOY,user_0b3d09c62210,False,1696550400,1,positif,0.6014,netral,tanpa_emoji,positif,soraya
_vHlSlQ5QOY,user_37aef45e0b35,False,1696550400,0,negatif,0.9974,positif,tanpa_emoji,negatif,soraya
_vHlSlQ5QOY,user_ce1755c54dd3,False,1696550400,0,netral,0.5725,netral,tanpa_emoji,netral,soraya
_vHlSlQ5QOY,user_17878376ab73,False,1696550400,0,positif,0.9629,netral,tanpa_emoji,positif,soraya
_vHlSlQ5QOY,user_4b992b83d60d,False,1696550400,0,positif,0.9957,positif,tanpa_emoji,positif,soraya
_vHlSlQ5QOY,user_c953c8099304,False,1696550400,1,negatif,0.9918,netral,tanpa_emoji,negatif,soraya
_vHlSlQ5QOY,user_6c9e9bd4f4a1,False,1696550400,0,negatif,0.9771,netral,tanpa_emoji,negatif,soraya
_vHlSlQ5QOY,user_860557171296,False,1696550400,0,negatif,0.9986,positif,tanpa_emoji,negatif,soraya
_vHlSlQ5QOY,user_fd8023c98655,False,1696550400,0,negatif,0.6983,positif,tanpa_emoji,negatif,soraya
_vHlSlQ5QOY,user_8c49918daf02,False,1696550400,0,positif,0.935,positif,positif,positif,soraya
_vHlSlQ5QOY,user_22279f9cb8de,False,1696550400,0,negatif,0.5068,positif,tanpa_emoji,negatif,soraya
_vHlSlQ5QOY,user_61e918198f80,False,1696550400,0,positif,0.9314,netral,tanpa_emoji,positif,soraya
_vHlSlQ5QOY,user_f3da95768a1e,False,1696550400,0,positif,0.9654,positif,positif,positif,soraya
_vHlSlQ5QOY,user_08d677144187,False,1696550400,0,positif,0.9967,positif,tanpa_emoji,positif,soraya
_vHlSlQ5QOY,user_2dc6d211c3c9,False,1696550400,0,positif,0.5496,netral,tanpa_emoji,positif,soraya
_vHlSlQ5QOY,user_996624b1da39,False,1696550400,0,positif,0.7809,positif,tanpa_emoji,positif,soraya
_vHlSlQ5QOY,user_19187bba13de,False,1696550400,0,positif,0.93,positif,tanpa_emoji,positif,soraya
_vHlSlQ5QOY,user_c872731cc97d,False,1696550400,0,negatif,0.5907,netral,netral,negatif,soraya
_vHlSlQ5QOY,user_2dad5469c278,False,1696550400,0,positif,0.7901,netral,tanpa_emoji,positif,soraya
_vHlSlQ5QOY,user_baca54283017,False,1696550400,0,positif,0.9815,positif,netral,positif,soraya
_vHlSlQ5QOY,user_8b0200b9c23e,False,1696550400,0,positif,0.9918,positif,tanpa_emoji,positif,soraya
_vHlSlQ5QOY,user_c04c5ddfee99,False,1696550400,0,negatif,0.5376,netral,tanpa_emoji,negatif,soraya
_vHlSlQ5QOY,user_372f1f617bc1,False,1696550400,0,negatif,0.9926,netral,tanpa_emoji,negatif,soraya
_vHlSlQ5QOY,user_72fcd77aa215,False,1696550400,36,positif,0.9957,positif,tanpa_emoji,positif,soraya
_vHlSlQ5QOY,user_32039493556d,True,1696550400,1,positif,0.5112,positif,tanpa_emoji,positif,soraya
_vHlSlQ5QOY,user_a199c7de30ac,True,1696550400,0,negatif,0.9957,positif,tanpa_emoji,negatif,soraya
_vHlSlQ5QOY,user_72fcd77aa215,True,1696550400,0,negatif,0.9907,netral,tanpa_emoji,negatif,soraya
_vHlSlQ5QOY,user_ef42b4c3bad7,True,1696550400,0,positif,0.8872,positif,tanpa_emoji,positif,soraya
_vHlSlQ5QOY,user_61ce969a9313,False,1696550400,0,positif,0.8501,netral,tanpa_emoji,positif,soraya
_vHlSlQ5QOY,user_4c18bd047835,False,1696550400,0,negatif,0.7601,netral,netral,negatif,soraya
_vHlSlQ5QOY,user_9b100924e540,False,1696550400,0,positif,0.9913,positif,tanpa_emoji,positif,soraya
_vHlSlQ5QOY,user_5d2ded85b416,False,1696550400,1,negatif,0.9711,positif,tanpa_emoji,negatif,soraya
_vHlSlQ5QOY,user_d2c697451f26,False,1728172800,0,negatif,0.9454,positif,tanpa_emoji,negatif,soraya
_vHlSlQ5QOY,user_b9b6b6b00bd7,False,1696550400,0,positif,0.9895,positif,tanpa_emoji,positif,soraya
_vHlSlQ5QOY,user_8271cc9c57fd,False,1696550400,0,negatif,0.6334,positif,tanpa_emoji,negatif,soraya
_vHlSlQ5QOY,user_68e6e2bf08ba,False,1696550400,0,negatif,0.9442,netral,tanpa_emoji,negatif,soraya
_vHlSlQ5QOY,user_ff9752ac4aa1,False,1696550400,0,negatif,0.999,negatif,tanpa_emoji,negatif,soraya
_vHlSlQ5QOY,user_d6eb698e36ac,False,1696550400,0,negatif,0.6677,netral,tanpa_emoji,negatif,soraya
_vHlSlQ5QOY,user_ba06e0d34d2f,False,1696550400,0,negatif,0.7378,netral,tanpa_emoji,negatif,soraya
_vHlSlQ5QOY,user_4aad5757c3f6,False,1728172800,0,negatif,0.9005,positif,positif,positif,soraya
_vHlSlQ5QOY,user_4aad5757c3f6,False,1728172800,0,negatif,0.9293,positif,positif,positif,soraya
_vHlSlQ5QOY,user_5c84adc747cf,False,1696550400,1,negatif,0.9934,negatif,netral,negatif,soraya
_vHlSlQ5QOY,user_556a3a54fdba,True,1696550400,0,netral,0.6439,netral,tanpa_emoji,netral,soraya
_vHlSlQ5QOY,user_6d771c377fb3,False,1696550400,0,negatif,0.9343,positif,positif,positif,soraya
_vHlSlQ5QOY,user_33f21a7f61cf,False,1696550400,0,netral,0.8277,netral,tanpa_emoji,netral,soraya
_vHlSlQ5QOY,user_1c44b5c424f6,False,1696550400,0,negatif,0.8512,netral,tanpa_emoji,negatif,soraya
_vHlSlQ5QOY,user_c1c965b3f8be,False,1696550400,0,netral,0.7659,positif,positif,netral,soraya
_vHlSlQ5QOY,user_556a3a54fdba,False,1696550400,0,negatif,0.7475,netral,tanpa_emoji,negatif,soraya
_vHlSlQ5QOY,user_8610e4bdb13a,False,1696550400,0,negatif,0.9901,positif,positif,negatif,soraya
_vHlSlQ5QOY,user_98bf181de219,False,1696550400,0,negatif,0.9273,positif,positif,positif,soraya
_vHlSlQ5QOY,user_a8ff3efa8826,False,1696550400,0,positif,0.9773,netral,tanpa_emoji,positif,soraya
_vHlSlQ5QOY,user_1cf0f93bba39,False,1696550400,0,positif,0.9632,positif,tanpa_emoji,positif,soraya
_vHlSlQ5QOY,user_ad0dea1ae2b8,False,1696550400,0,negatif,0.9976,positif,netral,negatif,soraya
_vHlSlQ5QOY,user_6514fc880db9,False,1696550400,0,negatif,0.9957,netral,tanpa_emoji,negatif,soraya
_vHlSlQ5QOY,user_7af10e7ca1d2,False,1696550400,0,netral,0.6651,netral,tanpa_emoji,netral,soraya
_vHlSlQ5QOY,user_4aad5757c3f6,False,1728172800,0,negatif,0.9005,positif,positif,positif,soraya
_vHlSlQ5QOY,user_7af10e7ca1d2,False,1696550400,1,netral,0.6651,netral,tanpa_emoji,netral,soraya
_vHlSlQ5QOY,user_e7ae48c2f771,False,1696550400,1,negatif,0.8942,netral,tanpa_emoji,negatif,soraya
_vHlSlQ5QOY,user_43168a51339e,False,1696550400,0,positif,0.987,positif,tanpa_emoji,positif,soraya
_vHlSlQ5QOY,user_0190fabc4b5a,False,1696550400,0,positif,0.8983,positif,tanpa_emoji,positif,soraya
_vHlSlQ5QOY,user_787cc8a7a5f4,False,1696550400,0,positif,0.968,netral,tanpa_emoji,positif,soraya
_vHlSlQ5QOY,user_a97656a723a0,False,1696550400,0,negatif,0.9913,netral,tanpa_emoji,negatif,soraya
_vHlSlQ5QOY,user_3bd5650098a8,False,1728172800,0,netral,0.8761,positif,positif,netral,soraya
_vHlSlQ5QOY,user_c1e9f48b3e49,False,1696550400,0,positif,0.9531,positif,tanpa_emoji,positif,soraya
_vHlSlQ5QOY,user_ed5c09755010,False,1696550400,1,negatif,0.9284,netral,tanpa_emoji,negatif,soraya
_vHlSlQ5QOY,user_47fd49847fb2,False,1696550400,0,positif,0.8555,netral,tanpa_emoji,positif,soraya
_vHlSlQ5QOY,user_a74031e8c122,False,1696550400,0,positif,0.9165,netral,tanpa_emoji,positif,soraya
_vHlSlQ5QOY,user_9198acb1c840,False,1696550400,10,positif,0.9868,positif,netral,positif,soraya
_vHlSlQ5QOY,user_89335d85e764,True,1696550400,1,negatif,0.9981,positif,positif,negatif,soraya
_vHlSlQ5QOY,user_776752277057,True,1696550400,0,negatif,0.7409,positif,positif,negatif,soraya
_vHlSlQ5QOY,user_9198acb1c840,True,1696550400,0,negatif,0.9637,netral,netral,negatif,soraya
_vHlSlQ5QOY,user_bc1cd6f06fbc,False,1696550400,0,netral,0.6364,netral,tanpa_emoji,netral,soraya
_vHlSlQ5QOY,user_3751df822d89,False,1696550400,0,negatif,0.8209,negatif,tanpa_emoji,negatif,soraya
_vHlSlQ5QOY,user_0ed57f0c829c,False,1696550400,0,positif,0.9746,positif,tanpa_emoji,positif,soraya
_vHlSlQ5QOY,user_9197a11c04aa,False,1696550400,0,negatif,0.9967,netral,netral,negatif,soraya
_vHlSlQ5QOY,user_6058bee7cbf0,False,1696550400,0,negatif,0.9588,netral,tanpa_emoji,negatif,soraya
_vHlSlQ5QOY,user_b83a9db3eef0,False,1696550400,0,negatif,0.9729,positif,positif,negatif,soraya
_vHlSlQ5QOY,user_8d5ed5b58832,False,1696550400,0,positif,0.8061,positif,netral,positif,soraya
_vHlSlQ5QOY,user_1c390507512a,False,1696550400,0,positif,0.9962,positif,positif,positif,soraya
_vHlSlQ5QOY,user_580e60a1fc65,True,1696550400,0,negatif,0.6167,netral,tanpa_emoji,negatif,soraya
_vHlSlQ5QOY,user_4de246511c73,False,1696550400,0,positif,0.9166,positif,positif,positif,soraya
_vHlSlQ5QOY,user_c58f636c7a6b,False,1696550400,1,positif,0.8973,positif,tanpa_emoji,positif,soraya
_vHlSlQ5QOY,user_ff78fd50cd7f,False,1696550400,0,negatif,0.9972,netral,tanpa_emoji,negatif,soraya
_vHlSlQ5QOY,user_6cc7e6387bf2,False,1696550400,0,negatif,0.9962,negatif,negatif,negatif,soraya
_vHlSlQ5QOY,user_3ef7196e0a49,False,1696550400,0,negatif,0.5337,netral,tanpa_emoji,negatif,soraya
_vHlSlQ5QOY,user_b3fbbfc8b8c5,False,1696550400,0,negatif,0.9641,positif,tanpa_emoji,negatif,soraya
_vHlSlQ5QOY,user_696139dd0582,False,1696550400,0,positif,0.9765,netral,netral,positif,soraya
_vHlSlQ5QOY,user_0c456935d09a,False,1696550400,0,positif,0.9245,positif,tanpa_emoji,positif,soraya
_vHlSlQ5QOY,user_9a4247840967,False,1696550400,0,negatif,0.9977,negatif,netral,negatif,soraya
_vHlSlQ5QOY,user_b82f164d5a76,False,1696550400,0,netral,0.5879,netral,tanpa_emoji,netral,soraya
_vHlSlQ5QOY,user_5e8d0be01b8e,True,1696550400,0,negatif,0.8418,negatif,negatif,negatif,soraya
_vHlSlQ5QOY,user_c0f9e971d85b,False,1696550400,0,positif,0.5742,netral,tanpa_emoji,positif,soraya
_vHlSlQ5QOY,user_d2c1065c8d76,False,1696550400,0,positif,0.9817,positif,tanpa_emoji,positif,soraya
_vHlSlQ5QOY,user_2f1675cc7a61,False,1696550400,0,negatif,0.8811,positif,tanpa_emoji,negatif,soraya
_vHlSlQ5QOY,user_7873be785f8e,False,1696550400,0,positif,0.9984,positif,positif,positif,soraya
_vHlSlQ5QOY,user_4a533f49d721,False,1696550400,1,negatif,0.9051,netral,tanpa_emoji,negatif,soraya
_vHlSlQ5QOY,user_4f749edb4548,False,1696550400,0,negatif,0.8282,netral,tanpa_emoji,negatif,soraya
_vHlSlQ5QOY,user_3173ea04d6f3,False,1728172800,0,negatif,0.9919,positif,tanpa_emoji,negatif,soraya
_vHlSlQ5QOY,user_55d969d186e8,False,1696550400,0,positif,0.7396,positif,netral,positif,soraya
_vHlSlQ5QOY,user_844ac0192458,False,1696550400,0,negatif,0.997,positif,tanpa_emoji,negatif,soraya
_vHlSlQ5QOY,user_003a9f01e150,False,1696550400,1,positif,0.9915,positif,positif,positif,soraya
_vHlSlQ5QOY,user_4b3c18dfc403,False,1696550400,1,netral,0.6863,netral,tanpa_emoji,netral,soraya
_vHlSlQ5QOY,user_8969d8d208bd,False,1775433600,0,negatif,0.9686,positif,positif,positif,soraya
_vHlSlQ5QOY,user_bc45fdefa632,False,1696550400,0,positif,0.7746,positif,positif,positif,soraya
_vHlSlQ5QOY,user_70820a5623ba,False,1696550400,1,negatif,0.7172,netral,tanpa_emoji,negatif,soraya
_vHlSlQ5QOY,user_abf331afd9e9,False,1696550400,0,negatif,0.6351,positif,tanpa_emoji,negatif,soraya
_vHlSlQ5QOY,user_de75b909e16c,False,1696550400,0,positif,0.947,positif,tanpa_emoji,positif,soraya
_vHlSlQ5QOY,user_9bcfe8fea62d,False,1696550400,0,negatif,0.9826,netral,netral,negatif,soraya
_vHlSlQ5QOY,user_b9832ae60af1,False,1696550400,0,positif,0.9689,positif,positif,positif,soraya
_vHlSlQ5QOY,user_f9635fd54b56,False,1696550400,1,negatif,0.996,netral,tanpa_emoji,negatif,soraya
_vHlSlQ5QOY,user_03eb0006d7be,False,1696550400,0,positif,0.9803,positif,positif,positif,soraya
_vHlSlQ5QOY,user_707bcc0bacd1,False,1696550400,0,negatif,0.4946,netral,tanpa_emoji,negatif,soraya
_vHlSlQ5QOY,user_e3f70faeb71b,False,1696550400,0,positif,0.8974,netral,tanpa_emoji,positif,soraya
_vHlSlQ5QOY,user_b12c6eab07b3,False,1696550400,0,negatif,0.9907,positif,tanpa_emoji,negatif,soraya
_vHlSlQ5QOY,user_7a2b08d0f531,False,1696550400,0,netral,0.8013,netral,tanpa_emoji,netral,soraya
_vHlSlQ5QOY,user_692f087507ef,False,1696550400,0,negatif,0.9969,positif,tanpa_emoji,negatif,soraya
_vHlSlQ5QOY,user_4de17082132e,False,1696550400,0,positif,0.8417,positif,netral,positif,soraya
_vHlSlQ5QOY,user_cda7b163c98e,True,1696550400,0,negatif,0.918,negatif,positif,negatif,soraya
_vHlSlQ5QOY,user_beda1ffa67de,False,1696550400,0,positif,0.9954,positif,positif,positif,soraya
_vHlSlQ5QOY,user_4b86e99877ad,False,1696550400,0,negatif,0.9829,netral,netral,negatif,soraya
_vHlSlQ5QOY,user_1b38a98b2de0,False,1696550400,0,positif,0.9903,positif,tanpa_emoji,positif,soraya
_vHlSlQ5QOY,user_8638ae055717,False,1696550400,0,negatif,0.9089,negatif,tanpa_emoji,negatif,soraya
_vHlSlQ5QOY,user_1dc0d7205737,False,1696550400,0,negatif,0.9984,negatif,tanpa_emoji,negatif,soraya
_vHlSlQ5QOY,user_3534517d3c66,False,1728172800,0,negatif,0.4328,positif,tanpa_emoji,negatif,soraya
_vHlSlQ5QOY,user_4bb5b761be3c,False,1696550400,0,netral,0.8836,negatif,tanpa_emoji,netral,soraya
_vHlSlQ5QOY,user_e37882289da2,False,1696550400,0,positif,0.965,netral,tanpa_emoji,positif,soraya
_vHlSlQ5QOY,user_115435f25007,False,1696550400,1,negatif,0.9949,netral,netral,negatif,soraya
_vHlSlQ5QOY,user_70ad63c7b7f9,False,1728172800,0,negatif,0.7396,netral,tanpa_emoji,negatif,soraya
_vHlSlQ5QOY,user_0219bae63d71,False,1696550400,0,negatif,0.9934,netral,netral,negatif,soraya
_vHlSlQ5QOY,user_f906063ef077,False,1696550400,0,positif,0.3948,positif,positif,positif,soraya
_vHlSlQ5QOY,user_8a806a7ec44c,False,1696550400,0,positif,0.9734,positif,tanpa_emoji,positif,soraya
_vHlSlQ5QOY,user_b8e21623d4cc,False,1696550400,2,negatif,0.9897,netral,tanpa_emoji,negatif,soraya
_vHlSlQ5QOY,user_68e30d58c995,True,1696550400,1,negatif,0.9988,positif,tanpa_emoji,negatif,soraya
_vHlSlQ5QOY,user_e9cb885923fa,False,1696550400,0,negatif,0.9846,positif,netral,negatif,soraya
_vHlSlQ5QOY,user_a0287854630c,False,1696550400,0,negatif,0.9739,netral,tanpa_emoji,negatif,soraya
_vHlSlQ5QOY,user_72fcd77aa215,True,1696550400,0,negatif,0.9676,netral,netral,negatif,soraya
_vHlSlQ5QOY,user_38564a1e943c,False,1696550400,0,positif,0.8924,positif,tanpa_emoji,positif,soraya
_vHlSlQ5QOY,user_46d333aa857e,False,1696550400,0,negatif,0.9484,positif,netral,negatif,soraya
_vHlSlQ5QOY,user_e2aaa86421c2,False,1696550400,0,positif,0.9025,positif,positif,positif,soraya
_vHlSlQ5QOY,user_d8641adc0d9f,False,1696550400,1,negatif,0.9927,netral,netral,negatif,soraya
_vHlSlQ5QOY,user_1b82e85fa3fc,False,1696550400,0,negatif,0.9455,netral,tanpa_emoji,negatif,soraya
_vHlSlQ5QOY,user_be3dc1d615b8,False,1696550400,0,negatif,0.9939,positif,tanpa_emoji,negatif,soraya
_vHlSlQ5QOY,user_a7a403b9a2bc,False,1696550400,9,negatif,0.4957,netral,positif,positif,soraya
_vHlSlQ5QOY,user_e45c9a9bf47c,True,1696550400,1,negatif,0.9379,netral,tanpa_emoji,negatif,soraya
_vHlSlQ5QOY,user_06fdbbd67398,True,1696550400,1,netral,0.8203,netral,tanpa_emoji,netral,soraya
_vHlSlQ5QOY,user_4f0628e8a15a,True,1696550400,0,netral,0.5676,netral,tanpa_emoji,netral,soraya
_vHlSlQ5QOY,user_a7a403b9a2bc,True,1696550400,0,negatif,0.4981,netral,tanpa_emoji,negatif,soraya
_vHlSlQ5QOY,user_a75de2b17464,False,1696550400,0,positif,0.8455,positif,netral,positif,soraya
_vHlSlQ5QOY,user_ea9b2015c36d,False,1696550400,0,positif,0.9734,positif,tanpa_emoji,positif,soraya
_vHlSlQ5QOY,user_43d0cd7c13b9,False,1696550400,0,netral,0.9938,netral,tanpa_emoji,netral,soraya
_vHlSlQ5QOY,user_ce45959a986d,False,1696550400,9,positif,0.8582,positif,positif,positif,soraya
_vHlSlQ5QOY,user_a3056745dcf8,False,1696550400,1,positif,0.5005,netral,tanpa_emoji,positif,soraya
_vHlSlQ5QOY,user_8483778a9d9e,False,1696550400,1,netral,0.921,netral,tanpa_emoji,netral,soraya
_vHlSlQ5QOY,user_fae2cf62fa28,False,1696550400,0,negatif,0.9937,netral,tanpa_emoji,negatif,soraya
_vHlSlQ5QOY,user_72fcd77aa215,True,1696550400,0,negatif,0.8396,netral,tanpa_emoji,negatif,soraya
_vHlSlQ5QOY,user_4ece5dbe4071,False,1696550400,0,positif,0.6847,netral,tanpa_emoji,positif,soraya
_vHlSlQ5QOY,user_cd266e79596b,False,1696550400,0,negatif,0.9938,netral,netral,negatif,soraya
_vHlSlQ5QOY,user_026919504477,False,1696550400,0,netral,0.6404,netral,tanpa_emoji,netral,soraya
_vHlSlQ5QOY,user_f6afbd5302b1,False,1696550400,0,positif,0.9976,positif,tanpa_emoji,positif,soraya
_vHlSlQ5QOY,user_d217e718a377,True,1696550400,0,negatif,0.6478,netral,tanpa_emoji,negatif,soraya
_vHlSlQ5QOY,user_19bd21e46ae9,False,1696550400,0,netral,0.986,netral,tanpa_emoji,netral,soraya
_vHlSlQ5QOY,user_fb09c61c044c,False,1696550400,0,negatif,0.5419,netral,tanpa_emoji,negatif,soraya
_vHlSlQ5QOY,user_5fe8c41f7d97,False,1728172800,0,negatif,0.8427,positif,tanpa_emoji,negatif,soraya
_vHlSlQ5QOY,user_965dd7f382a4,False,1696550400,1,positif,0.9952,positif,tanpa_emoji,positif,soraya
_vHlSlQ5QOY,user_23b0201f2cdb,True,1696550400,0,negatif,0.9598,netral,tanpa_emoji,negatif,soraya
_vHlSlQ5QOY,user_18ded7fc3631,False,1696550400,0,negatif,0.4963,netral,tanpa_emoji,negatif,soraya
_vHlSlQ5QOY,user_5e1dff19b83a,False,1696550400,0,negatif,0.9232,netral,tanpa_emoji,negatif,soraya
_vHlSlQ5QOY,user_7afc09fa2c21,False,1696550400,0,netral,0.5344,netral,tanpa_emoji,netral,soraya
_vHlSlQ5QOY,user_fb3e7e55f3fc,True,1696550400,0,netral,0.9287,netral,tanpa_emoji,netral,soraya
_vHlSlQ5QOY,user_56f576423cc2,False,1696550400,1,positif,0.8811,positif,positif,positif,soraya
_vHlSlQ5QOY,user_5aa68e7c9a1e,False,1696550400,0,positif,0.9747,positif,tanpa_emoji,positif,soraya
_vHlSlQ5QOY,user_0b13bb432c74,False,1696550400,0,negatif,0.5043,positif,tanpa_emoji,negatif,soraya
_vHlSlQ5QOY,user_89335d85e764,False,1696550400,0,negatif,0.794,netral,netral,negatif,soraya
_vHlSlQ5QOY,user_428ca6417dbb,False,1696550400,0,positif,0.6371,positif,tanpa_emoji,positif,soraya
_vHlSlQ5QOY,user_c078493aa2cd,False,1696550400,0,positif,0.8429,netral,tanpa_emoji,positif,soraya
_vHlSlQ5QOY,user_ae88eb9a302f,False,1696550400,0,positif,0.9904,negatif,tanpa_emoji,positif,soraya
_vHlSlQ5QOY,user_2fa9ce65dbd6,False,1696550400,0,negatif,0.9505,netral,tanpa_emoji,negatif,soraya
_vHlSlQ5QOY,user_dcb228c500f3,False,1696550400,0,netral,0.9719,netral,tanpa_emoji,netral,soraya
_vHlSlQ5QOY,user_306c840a807f,False,1696550400,0,negatif,0.987,netral,netral,negatif,soraya
_vHlSlQ5QOY,user_204dddb30298,False,1696550400,0,positif,0.6274,positif,tanpa_emoji,positif,soraya
_vHlSlQ5QOY,user_cdbdf71d6739,False,1696550400,0,negatif,0.9831,netral,netral,negatif,soraya
_vHlSlQ5QOY,user_b2e7ac655a94,False,1696550400,0,positif,0.9862,positif,positif,positif,soraya
_vHlSlQ5QOY,user_89335d85e764,False,1696550400,1,negatif,0.9977,netral,netral,negatif,soraya
_vHlSlQ5QOY,user_38dbdca74e42,True,1696550400,0,positif,0.6391,netral,tanpa_emoji,positif,soraya
_vHlSlQ5QOY,user_89335d85e764,True,1696550400,0,negatif,0.9454,positif,netral,negatif,soraya
_vHlSlQ5QOY,user_40d27c594251,False,1696550400,1,negatif,0.8273,negatif,tanpa_emoji,negatif,soraya
_vHlSlQ5QOY,user_02cda1defcba,False,1696550400,0,negatif,0.9984,positif,tanpa_emoji,negatif,soraya
_vHlSlQ5QOY,user_d2aadc71e33d,False,1696550400,0,netral,0.5971,netral,tanpa_emoji,netral,soraya
_vHlSlQ5QOY,user_69da12bb55a9,False,1696550400,0,negatif,0.9984,netral,tanpa_emoji,negatif,soraya
_vHlSlQ5QOY,user_cf6b36a887f8,False,1696550400,0,negatif,0.9945,positif,tanpa_emoji,negatif,soraya
_vHlSlQ5QOY,user_7b393a0cf947,False,1696550400,0,netral,0.5928,netral,tanpa_emoji,netral,soraya
_vHlSlQ5QOY,user_85d450c290eb,False,1696550400,0,negatif,0.9986,netral,netral,negatif,soraya
_vHlSlQ5QOY,user_26ab7f6ce665,False,1728172800,0,positif,0.4805,netral,tanpa_emoji,positif,soraya
_vHlSlQ5QOY,user_38964de30b5d,False,1696550400,0,negatif,0.5597,netral,tanpa_emoji,negatif,soraya
_vHlSlQ5QOY,user_c714117fae32,False,1728172800,0,positif,0.9404,positif,tanpa_emoji,positif,soraya
_vHlSlQ5QOY,user_03cd017950e7,False,1696550400,0,negatif,0.5514,negatif,tanpa_emoji,negatif,soraya
_vHlSlQ5QOY,user_6ea944005c20,False,1696550400,0,positif,0.9847,netral,tanpa_emoji,positif,soraya
_vHlSlQ5QOY,user_95b062b3182e,False,1696550400,2,positif,0.9921,positif,netral,positif,soraya
_vHlSlQ5QOY,user_17878376ab73,True,1696550400,1,negatif,0.6223,positif,tanpa_emoji,negatif,soraya
_vHlSlQ5QOY,user_95b062b3182e,True,1696550400,0,netral,0.9835,netral,tanpa_emoji,netral,soraya
_vHlSlQ5QOY,user_62d15fbec7e3,False,1696550400,0,positif,0.572,netral,tanpa_emoji,positif,soraya
_vHlSlQ5QOY,user_65d9f3c5b653,False,1696550400,0,negatif,0.9519,netral,tanpa_emoji,negatif,soraya
_vHlSlQ5QOY,user_702c02875f3f,False,1767657600,0,positif,0.6885,negatif,tanpa_emoji,positif,soraya
_vHlSlQ5QOY,user_f5fc2ab91ec4,False,1696550400,0,positif,0.8061,positif,tanpa_emoji,positif,soraya
_vHlSlQ5QOY,user_758c4ff32eb2,False,1696550400,0,negatif,0.8703,negatif,tanpa_emoji,negatif,soraya
_vHlSlQ5QOY,user_82a08603631f,True,1696550400,1,negatif,0.9946,netral,netral,negatif,soraya
_vHlSlQ5QOY,user_758c4ff32eb2,True,1696550400,0,negatif,0.9933,netral,netral,negatif,soraya
_vHlSlQ5QOY,user_535aa95068fa,False,1696550400,0,negatif,0.9853,positif,tanpa_emoji,negatif,soraya
_vHlSlQ5QOY,user_4bc0514ce991,False,1696550400,0,negatif,0.7708,netral,tanpa_emoji,negatif,soraya
_vHlSlQ5QOY,user_82f616761fea,True,1696550400,0,negatif,0.9206,positif,tanpa_emoji,negatif,soraya
_vHlSlQ5QOY,user_8a380bc7ac6a,False,1696550400,5,positif,0.8586,netral,tanpa_emoji,positif,soraya
_vHlSlQ5QOY,user_abf331afd9e9,True,1696550400,0,netral,0.9083,netral,tanpa_emoji,netral,soraya
_vHlSlQ5QOY,user_b74d28febf4f,False,1696550400,0,positif,0.9658,positif,tanpa_emoji,positif,soraya
_vHlSlQ5QOY,user_787cc8a7a5f4,False,1696550400,0,negatif,0.9884,positif,tanpa_emoji,negatif,soraya
_vHlSlQ5QOY,user_7618b6fbc191,False,1696550400,0,negatif,0.7685,netral,tanpa_emoji,negatif,soraya
_vHlSlQ5QOY,user_80951bdb7209,False,1696550400,0,positif,0.5942,positif,tanpa_emoji,positif,soraya
_vHlSlQ5QOY,user_abb63e6aecb6,True,1696550400,0,negatif,0.787,netral,tanpa_emoji,negatif,soraya
_vHlSlQ5QOY,user_2e59e452ef46,False,1696550400,0,negatif,0.5182,netral,tanpa_emoji,negatif,soraya
_vHlSlQ5QOY,user_260187d217a1,False,1696550400,0,negatif,0.9962,negatif,tanpa_emoji,negatif,soraya
_vHlSlQ5QOY,user_b4937dd2539a,False,1696550400,0,negatif,0.6303,netral,netral,negatif,soraya
_vHlSlQ5QOY,user_d764d86954e7,False,1696550400,0,positif,0.9827,positif,tanpa_emoji,positif,soraya
_vHlSlQ5QOY,user_abb63e6aecb6,True,1696550400,0,positif,0.5661,netral,tanpa_emoji,positif,soraya
_vHlSlQ5QOY,user_6e7d167bc249,False,1696550400,0,negatif,0.9985,netral,tanpa_emoji,negatif,soraya
_vHlSlQ5QOY,user_792d32821f1f,False,1696550400,0,positif,0.6281,netral,tanpa_emoji,positif,soraya
_vHlSlQ5QOY,user_9dcdcaf50d21,False,1696550400,0,negatif,0.9972,positif,tanpa_emoji,negatif,soraya
_vHlSlQ5QOY,user_9831f6793629,False,1696550400,1,negatif,0.4738,netral,tanpa_emoji,negatif,soraya
_vHlSlQ5QOY,user_89335d85e764,True,1696550400,0,netral,0.9321,negatif,tanpa_emoji,netral,soraya
_vHlSlQ5QOY,user_5fbd6d3807eb,False,1696550400,0,negatif,0.991,netral,tanpa_emoji,negatif,soraya
_vHlSlQ5QOY,user_b200a9839331,False,1696550400,0,netral,0.5942,negatif,tanpa_emoji,netral,soraya
_vHlSlQ5QOY,user_8d252639e2ea,False,1696550400,0,positif,0.9951,netral,tanpa_emoji,positif,soraya
_vHlSlQ5QOY,user_2eb4417d3137,False,1696550400,1,negatif,0.9964,positif,tanpa_emoji,negatif,soraya
_vHlSlQ5QOY,user_abe704d52d97,False,1696550400,0,negatif,0.9952,netral,tanpa_emoji,negatif,soraya
_vHlSlQ5QOY,user_b76c9543a123,False,1696550400,0,netral,0.8596,netral,tanpa_emoji,netral,soraya
_vHlSlQ5QOY,user_5e483e73da10,False,1728172800,0,negatif,0.9717,netral,tanpa_emoji,negatif,soraya
_vHlSlQ5QOY,user_5e483e73da10,False,1728172800,0,negatif,0.9717,netral,tanpa_emoji,negatif,soraya
_vHlSlQ5QOY,user_e2752d06ee49,False,1696550400,1,negatif,0.9989,netral,tanpa_emoji,negatif,soraya
_vHlSlQ5QOY,user_ca97cd2ce0c9,False,1696550400,0,negatif,0.9103,netral,tanpa_emoji,negatif,soraya
_vHlSlQ5QOY,user_5ed54ddf964f,False,1696550400,0,negatif,0.8863,netral,tanpa_emoji,negatif,soraya
_vHlSlQ5QOY,user_e45c9a9bf47c,False,1696550400,0,negatif,0.9984,netral,tanpa_emoji,negatif,soraya
_vHlSlQ5QOY,user_fc5cfdc40486,False,1696550400,0,negatif,0.6786,netral,tanpa_emoji,negatif,soraya
_vHlSlQ5QOY,user_5fe9bce1dd83,False,1696550400,0,negatif,0.9913,netral,netral,negatif,soraya
_vHlSlQ5QOY,user_8969d8d208bd,False,1775433600,0,negatif,0.9032,netral,tanpa_emoji,negatif,soraya
_vHlSlQ5QOY,user_22a9748ccc36,False,1696550400,0,positif,0.9984,netral,netral,netral,soraya
_vHlSlQ5QOY,user_d121a5134059,False,1696550400,0,negatif,0.8085,netral,tanpa_emoji,negatif,soraya
_vHlSlQ5QOY,user_e9f1e9dabcbe,False,1696550400,0,negatif,0.7822,netral,tanpa_emoji,negatif,soraya
_vHlSlQ5QOY,user_e7cf6baf59c4,False,1696550400,0,negatif,0.8278,negatif,tanpa_emoji,negatif,soraya
_vHlSlQ5QOY,user_23e9b44f4949,False,1696550400,0,negatif,0.9953,netral,netral,negatif,soraya
_vHlSlQ5QOY,user_a3f1ca04f679,False,1696550400,0,negatif,0.9991,netral,netral,negatif,soraya
_vHlSlQ5QOY,user_a0482e7ae7ab,False,1696550400,0,negatif,0.9406,netral,tanpa_emoji,negatif,soraya
_vHlSlQ5QOY,user_627dd41902b9,False,1696550400,1,positif,0.923,positif,tanpa_emoji,positif,soraya
_vHlSlQ5QOY,user_4cf0c9a97ce5,False,1696550400,0,netral,0.4257,netral,tanpa_emoji,netral,soraya
_vHlSlQ5QOY,user_e3ee66525d2c,False,1696550400,0,negatif,0.995,negatif,tanpa_emoji,negatif,soraya
_vHlSlQ5QOY,user_0c7670c8347d,False,1696550400,0,positif,0.7997,positif,positif,positif,soraya
_vHlSlQ5QOY,user_cd77cb80dcc6,False,1696550400,0,negatif,0.9197,netral,tanpa_emoji,negatif,soraya
_vHlSlQ5QOY,user_6b8608a42163,False,1728172800,0,negatif,0.9989,netral,netral,negatif,soraya
_vHlSlQ5QOY,user_298fd6e1bc19,False,1696550400,0,negatif,0.87,netral,tanpa_emoji,negatif,soraya
_vHlSlQ5QOY,user_d442f025d2e7,False,1696550400,0,negatif,0.9566,negatif,tanpa_emoji,negatif,soraya
_vHlSlQ5QOY,user_90733ced5c63,False,1696550400,0,negatif,0.9953,negatif,tanpa_emoji,negatif,soraya
_vHlSlQ5QOY,user_5ab0c281d329,False,1696550400,0,negatif,0.9951,negatif,tanpa_emoji,negatif,soraya
_vHlSlQ5QOY,user_fa5f0ca6d74e,False,1696550400,0,positif,0.7843,negatif,tanpa_emoji,positif,soraya
_vHlSlQ5QOY,user_143caaadea94,False,1696550400,0,negatif,0.9636,netral,tanpa_emoji,negatif,soraya
_vHlSlQ5QOY,user_03c90ffdefaf,False,1696550400,0,negatif,0.9988,negatif,negatif,negatif,soraya
_vHlSlQ5QOY,user_0c7e01e29e4b,False,1696550400,0,negatif,0.9818,positif,tanpa_emoji,negatif,soraya
_vHlSlQ5QOY,user_24717cbd21c1,False,1696550400,0,negatif,0.9942,positif,tanpa_emoji,negatif,soraya
_vHlSlQ5QOY,user_cb3d9385a4e0,False,1696550400,0,negatif,0.9988,netral,tanpa_emoji,negatif,soraya
arzxhCdn4PM,user_8bb157d369ed,False,1696550400,90,positif,0.9977,netral,positif,positif,soraya
arzxhCdn4PM,user_c952c4ac7736,False,1696550400,13,positif,0.9908,positif,netral,positif,soraya
arzxhCdn4PM,user_ec382714c2ca,False,1696550400,67,positif,0.9862,positif,positif,positif,soraya
arzxhCdn4PM,user_db9b363b84c9,False,1696550400,356,positif,0.997,positif,tanpa_emoji,positif,soraya
arzxhCdn4PM,user_80bcbcd40c30,True,1696550400,4,positif,0.9965,negatif,tanpa_emoji,positif,soraya
arzxhCdn4PM,user_ddf2d38e0bd8,True,1696550400,0,netral,0.4958,netral,tanpa_emoji,netral,soraya
arzxhCdn4PM,user_38dbdca74e42,True,1696550400,1,negatif,0.9672,negatif,tanpa_emoji,negatif,soraya
arzxhCdn4PM,user_ad1d60dd0fe9,True,1728172800,0,negatif,0.8224,positif,tanpa_emoji,negatif,soraya
arzxhCdn4PM,user_38dbdca74e42,True,1728172800,0,netral,0.944,netral,tanpa_emoji,netral,soraya
arzxhCdn4PM,user_01330670ed68,True,1696550400,0,positif,0.9956,netral,tanpa_emoji,positif,soraya
arzxhCdn4PM,user_b29fcf43b25b,True,1696550400,0,negatif,0.9574,netral,tanpa_emoji,negatif,soraya
arzxhCdn4PM,user_38dbdca74e42,True,1696550400,0,negatif,0.7362,netral,tanpa_emoji,negatif,soraya
arzxhCdn4PM,user_01eeb14da846,False,1696550400,14,netral,0.5625,positif,positif,positif,soraya
arzxhCdn4PM,user_56f576423cc2,False,1696550400,13,netral,0.6229,positif,positif,netral,soraya
arzxhCdn4PM,user_a9e3afa36b48,False,1696550400,486,positif,0.9965,positif,tanpa_emoji,positif,soraya
arzxhCdn4PM,user_7ed92d4ab25c,True,1696550400,17,negatif,0.9861,netral,tanpa_emoji,negatif,soraya
arzxhCdn4PM,user_f392f6d0e13a,True,1696550400,1,netral,0.7253,negatif,tanpa_emoji,netral,soraya
arzxhCdn4PM,user_a569a6d033b5,True,1696550400,14,negatif,0.984,netral,netral,negatif,soraya
arzxhCdn4PM,user_f3f27a6a366b,True,1696550400,3,negatif,0.9465,netral,tanpa_emoji,negatif,soraya
arzxhCdn4PM,user_374600901954,True,1696550400,22,negatif,0.9024,netral,tanpa_emoji,negatif,soraya
arzxhCdn4PM,user_7e7b6abad086,True,1696550400,4,negatif,0.9589,netral,tanpa_emoji,negatif,soraya
arzxhCdn4PM,user_6402915abb98,True,1696550400,0,netral,0.8038,positif,tanpa_emoji,netral,soraya
arzxhCdn4PM,user_46c8533c7731,True,1696550400,1,negatif,0.9561,netral,tanpa_emoji,negatif,soraya
arzxhCdn4PM,user_6fc72f00d16e,True,1696550400,1,netral,0.8967,netral,tanpa_emoji,netral,soraya
arzxhCdn4PM,user_46c8533c7731,True,1696550400,0,negatif,0.9523,negatif,tanpa_emoji,negatif,soraya
arzxhCdn4PM,user_ad1d60dd0fe9,True,1728172800,0,netral,0.6033,netral,tanpa_emoji,netral,soraya
arzxhCdn4PM,user_89fef09a06bf,True,1696550400,0,negatif,0.6193,netral,tanpa_emoji,negatif,soraya
arzxhCdn4PM,user_e022a70d1c3f,True,1696550400,0,positif,0.6194,positif,tanpa_emoji,positif,soraya
arzxhCdn4PM,user_ddf2d38e0bd8,True,1696550400,2,positif,0.739,netral,tanpa_emoji,positif,soraya
arzxhCdn4PM,user_c5a5b5f11c07,True,1696550400,0,negatif,0.9465,netral,netral,negatif,soraya
arzxhCdn4PM,user_8c7c1dd6e84f,True,1696550400,1,negatif,0.8272,positif,tanpa_emoji,negatif,soraya
arzxhCdn4PM,user_47ab511a7a47,True,1696550400,0,netral,0.9283,netral,tanpa_emoji,netral,soraya
arzxhCdn4PM,user_e189849fd09b,True,1696550400,1,negatif,0.6308,netral,tanpa_emoji,negatif,soraya
arzxhCdn4PM,user_e7715f1b9c04,True,1696550400,1,positif,0.7941,positif,tanpa_emoji,positif,soraya
arzxhCdn4PM,user_b7f0860fee35,True,1696550400,0,netral,0.5166,netral,tanpa_emoji,netral,soraya
arzxhCdn4PM,user_86ce22a83524,True,1696550400,0,negatif,0.998,positif,tanpa_emoji,negatif,soraya
arzxhCdn4PM,user_5469bcdd185d,True,1696550400,0,negatif,0.517,netral,tanpa_emoji,negatif,soraya
arzxhCdn4PM,user_eaa6118ea813,True,1696550400,0,negatif,0.958,netral,tanpa_emoji,negatif,soraya
arzxhCdn4PM,user_eceed6988677,False,1696550400,12,positif,0.998,positif,positif,positif,soraya
arzxhCdn4PM,user_9c4b3a1ebfff,False,1696550400,52,positif,0.8726,positif,positif,positif,soraya
arzxhCdn4PM,user_074156a77c1f,False,1696550400,9,positif,0.9753,netral,tanpa_emoji,positif,soraya
arzxhCdn4PM,user_3abf69da61d7,False,1696550400,13,negatif,0.5038,positif,tanpa_emoji,negatif,soraya
arzxhCdn4PM,user_118b7009a3bb,False,1696550400,5,netral,0.8882,positif,positif,netral,soraya
arzxhCdn4PM,user_b1755ef7467f,False,1696550400,111,positif,0.9948,positif,positif,positif,soraya
arzxhCdn4PM,user_ce5202ed6866,True,1696550400,2,negatif,0.7603,netral,tanpa_emoji,negatif,soraya
arzxhCdn4PM,user_af6282507adf,False,1696550400,62,positif,0.9966,positif,positif,positif,soraya
arzxhCdn4PM,user_a3ae76d6c184,True,1696550400,0,negatif,0.7846,positif,positif,positif,soraya
arzxhCdn4PM,user_9a1286a60664,False,1696550400,11,negatif,0.9979,negatif,tanpa_emoji,negatif,soraya
arzxhCdn4PM,user_ba507bfe3837,False,1696550400,10,negatif,0.923,positif,positif,negatif,soraya
arzxhCdn4PM,user_8ba514f51eeb,False,1696550400,5,netral,0.9036,positif,positif,netral,soraya
arzxhCdn4PM,user_a95f219b9ecc,False,1696550400,8,positif,0.9483,netral,tanpa_emoji,positif,soraya
arzxhCdn4PM,user_d7da12c9dcfa,False,1696550400,15,positif,0.9987,positif,positif,positif,soraya
arzxhCdn4PM,user_2d4f2a099a15,False,1696550400,55,positif,0.985,positif,positif,positif,soraya
arzxhCdn4PM,user_1715201be95c,False,1696550400,7,positif,0.9693,positif,positif,positif,soraya
arzxhCdn4PM,user_4a8647b4f75c,False,1696550400,67,positif,0.9876,positif,tanpa_emoji,positif,soraya
arzxhCdn4PM,user_2b84e4da9791,True,1696550400,1,negatif,0.9328,netral,tanpa_emoji,negatif,soraya
arzxhCdn4PM,user_ed49989a3225,True,1696550400,0,positif,0.7169,netral,tanpa_emoji,positif,soraya
arzxhCdn4PM,user_ddf2d38e0bd8,True,1696550400,1,negatif,0.8572,negatif,tanpa_emoji,negatif,soraya
arzxhCdn4PM,user_3c6ee12e56bd,True,1696550400,0,negatif,0.8373,netral,tanpa_emoji,negatif,soraya
arzxhCdn4PM,user_9373a0274cf0,True,1696550400,0,negatif,0.8615,netral,tanpa_emoji,negatif,soraya
arzxhCdn4PM,user_198acd133a63,True,1696550400,0,negatif,0.8953,netral,tanpa_emoji,negatif,soraya
arzxhCdn4PM,user_69c720dda56c,False,1696550400,11,positif,0.9844,positif,tanpa_emoji,positif,soraya
arzxhCdn4PM,user_45a7f91ae58a,False,1696550400,10,negatif,0.9423,positif,netral,negatif,soraya
arzxhCdn4PM,user_2a146af869b9,False,1696550400,17,positif,0.6802,positif,positif,positif,soraya
arzxhCdn4PM,user_cd05a9802b74,True,1696550400,2,negatif,0.5375,positif,tanpa_emoji,negatif,soraya
arzxhCdn4PM,user_5b3f5b6fca6d,False,1696550400,8,positif,0.9936,positif,positif,positif,soraya
arzxhCdn4PM,user_72fcd77aa215,False,1696550400,5,positif,0.9859,positif,tanpa_emoji,positif,soraya
arzxhCdn4PM,user_e8fecf91ac3e,False,1696550400,34,netral,0.7165,positif,positif,netral,soraya
arzxhCdn4PM,user_06fdbbd67398,True,1696550400,3,netral,0.6716,netral,tanpa_emoji,netral,soraya
arzxhCdn4PM,user_e8fecf91ac3e,True,1696550400,0,netral,0.9901,netral,tanpa_emoji,netral,soraya
arzxhCdn4PM,user_07ab2ab1f7a2,True,1696550400,3,netral,0.9891,netral,tanpa_emoji,netral,soraya
arzxhCdn4PM,user_e8fecf91ac3e,True,1696550400,0,negatif,0.845,netral,tanpa_emoji,negatif,soraya
arzxhCdn4PM,user_217bc83613f7,False,1696550400,5,positif,0.8934,positif,positif,positif,soraya
arzxhCdn4PM,user_5cdb952364fe,False,1696550400,12,positif,0.9221,positif,positif,positif,soraya
arzxhCdn4PM,user_b3d3549b68b3,False,1696550400,5,positif,0.9514,positif,tanpa_emoji,positif,soraya
arzxhCdn4PM,user_dfba6eca6d1f,False,1696550400,3,positif,0.8159,netral,tanpa_emoji,positif,soraya
arzxhCdn4PM,user_c73054fc9d72,False,1696550400,5,positif,0.8107,positif,positif,positif,soraya
arzxhCdn4PM,user_1dc362e275ab,False,1696550400,12,positif,0.962,positif,positif,positif,soraya
arzxhCdn4PM,user_de457a403845,False,1696550400,3,positif,0.7688,positif,positif,positif,soraya
arzxhCdn4PM,user_75417861f629,False,1696550400,6,positif,0.9926,positif,positif,positif,soraya
arzxhCdn4PM,user_3e0a805f9a13,False,1696550400,5,positif,0.783,positif,positif,positif,soraya
arzxhCdn4PM,user_5a4e7490159f,False,1696550400,4,negatif,0.9092,negatif,netral,negatif,soraya
arzxhCdn4PM,user_1d3d9ef0ca70,False,1696550400,7,negatif,0.9947,positif,positif,negatif,soraya
arzxhCdn4PM,user_8eb40ad9a3e7,False,1696550400,6,negatif,0.9981,netral,positif,negatif,soraya
arzxhCdn4PM,user_94f36e4edcfc,False,1696550400,3,positif,0.9856,positif,positif,positif,soraya
arzxhCdn4PM,user_5f13ec56e231,False,1696550400,4,netral,0.4076,positif,positif,positif,soraya
arzxhCdn4PM,user_1c7576a37e0c,False,1696550400,81,positif,0.9924,positif,tanpa_emoji,positif,soraya
arzxhCdn4PM,user_1c81956b3d92,True,1696550400,3,negatif,0.9751,netral,tanpa_emoji,negatif,soraya
arzxhCdn4PM,user_195b8068cb8c,True,1696550400,1,positif,0.9147,positif,tanpa_emoji,positif,soraya
arzxhCdn4PM,user_ddf2d38e0bd8,True,1696550400,1,negatif,0.8998,netral,tanpa_emoji,negatif,soraya
arzxhCdn4PM,user_195b8068cb8c,True,1696550400,0,netral,0.9604,netral,tanpa_emoji,netral,soraya
arzxhCdn4PM,user_7405606eae2a,False,1728172800,2,positif,0.9774,positif,positif,positif,soraya
arzxhCdn4PM,user_ed6998e8bd89,False,1696550400,4,positif,0.9961,positif,positif,positif,soraya
arzxhCdn4PM,user_185a70ee3926,False,1696550400,4,positif,0.9977,netral,tanpa_emoji,positif,soraya
arzxhCdn4PM,user_e93bc6cc8e8d,False,1696550400,3,positif,0.988,negatif,tanpa_emoji,positif,soraya
arzxhCdn4PM,user_9cf68b8e3d13,False,1696550400,5,positif,0.9271,positif,positif,positif,soraya
arzxhCdn4PM,user_31aa6c035cb1,False,1696550400,3,positif,0.9974,positif,positif,positif,soraya
arzxhCdn4PM,user_08b19582c1fc,False,1696550400,3,positif,0.9052,positif,tanpa_emoji,positif,soraya
arzxhCdn4PM,user_3853994cc08a,False,1696550400,3,positif,0.5528,netral,tanpa_emoji,positif,soraya
arzxhCdn4PM,user_f9e92760b3a1,False,1696550400,11,positif,0.9962,netral,tanpa_emoji,positif,soraya
arzxhCdn4PM,user_68bf0f770bb3,False,1696550400,4,netral,0.9496,positif,tanpa_emoji,netral,soraya
arzxhCdn4PM,user_756e012049cc,False,1696550400,3,positif,0.9862,positif,positif,positif,soraya
arzxhCdn4PM,user_b9ea239738da,False,1696550400,13,positif,0.7876,netral,netral,positif,soraya
arzxhCdn4PM,user_81a6da69a746,False,1696550400,2,positif,0.931,netral,tanpa_emoji,positif,soraya
arzxhCdn4PM,user_51b43dd9a9f6,False,1696550400,2,positif,0.8159,positif,positif,positif,soraya
arzxhCdn4PM,user_e0903ae30f06,False,1696550400,3,positif,0.996,positif,tanpa_emoji,positif,soraya
arzxhCdn4PM,user_24a611eb3524,False,1696550400,2,negatif,0.9994,negatif,tanpa_emoji,negatif,soraya
arzxhCdn4PM,user_8d9acf8e09f4,False,1696550400,2,positif,0.903,positif,positif,positif,soraya
arzxhCdn4PM,user_c44caffe99fc,False,1696550400,2,positif,0.9228,positif,positif,positif,soraya
arzxhCdn4PM,user_563e1e91c5f5,False,1696550400,40,positif,0.9756,positif,netral,positif,soraya
arzxhCdn4PM,user_8bb157d369ed,True,1696550400,7,positif,0.9755,positif,tanpa_emoji,positif,soraya
arzxhCdn4PM,user_f55c55898645,True,1696550400,0,netral,0.8991,negatif,tanpa_emoji,netral,soraya
arzxhCdn4PM,user_f55c55898645,True,1696550400,5,netral,0.4248,netral,tanpa_emoji,netral,soraya
arzxhCdn4PM,user_f4f0c0cba215,False,1696550400,2,negatif,0.7544,positif,tanpa_emoji,negatif,soraya
arzxhCdn4PM,user_9d7bccbfc985,False,1696550400,2,negatif,0.9989,netral,tanpa_emoji,negatif,soraya
arzxhCdn4PM,user_7371a8dac586,False,1696550400,2,positif,0.9867,positif,tanpa_emoji,positif,soraya
arzxhCdn4PM,user_edb0a81c1fa5,False,1696550400,6,positif,0.7347,positif,netral,positif,soraya
arzxhCdn4PM,user_06fdbbd67398,True,1696550400,0,netral,0.8477,netral,tanpa_emoji,netral,soraya
arzxhCdn4PM,user_8ba514f51eeb,False,1696550400,2,positif,0.9475,positif,positif,positif,soraya
arzxhCdn4PM,user_0c84aba3624b,False,1696550400,12,positif,0.9797,positif,positif,positif,soraya
arzxhCdn4PM,user_46b927bd618c,True,1696550400,0,positif,0.6022,netral,tanpa_emoji,positif,soraya
arzxhCdn4PM,user_fbe82e71c335,False,1696550400,2,positif,0.4453,netral,tanpa_emoji,positif,soraya
arzxhCdn4PM,user_40f00feae546,False,1696550400,12,positif,0.9943,positif,positif,positif,soraya
arzxhCdn4PM,user_97794963c8b2,False,1696550400,2,positif,0.989,positif,positif,positif,soraya
arzxhCdn4PM,user_38518b7c1ec1,False,1696550400,8,netral,0.5446,positif,positif,positif,soraya
arzxhCdn4PM,user_e621311eebc3,False,1696550400,2,positif,0.984,positif,tanpa_emoji,positif,soraya
arzxhCdn4PM,user_82a08603631f,False,1696550400,11,positif,0.8853,positif,positif,positif,soraya
arzxhCdn4PM,user_ed49989a3225,True,1696550400,0,negatif,0.7468,positif,tanpa_emoji,negatif,soraya
arzxhCdn4PM,user_1ceb0b08186b,False,1696550400,2,positif,0.9946,positif,positif,positif,soraya
arzxhCdn4PM,user_1893359550fd,False,1696550400,5,positif,0.9957,positif,tanpa_emoji,positif,soraya
arzxhCdn4PM,user_ede01d52323f,True,1696550400,0,negatif,0.8388,netral,tanpa_emoji,negatif,soraya
arzxhCdn4PM,user_d0d7da101292,False,1696550400,2,positif,0.9792,positif,tanpa_emoji,positif,soraya
arzxhCdn4PM,user_3cae817585b4,False,1696550400,6,positif,0.8826,netral,tanpa_emoji,positif,soraya
arzxhCdn4PM,user_f3503a87bca1,True,1696550400,1,netral,0.9846,netral,tanpa_emoji,netral,soraya
arzxhCdn4PM,user_7067c2ca1728,False,1696550400,2,negatif,0.5345,positif,tanpa_emoji,negatif,soraya
arzxhCdn4PM,user_cab56711f657,False,1696550400,1,positif,0.4469,positif,positif,positif,soraya
arzxhCdn4PM,user_81c80a25204b,False,1696550400,5,netral,0.8446,positif,positif,netral,soraya
arzxhCdn4PM,user_22628fcf8b2d,True,1696550400,0,positif,0.6477,positif,tanpa_emoji,positif,soraya
arzxhCdn4PM,user_530f8f3c744d,False,1696550400,1,positif,0.9886,netral,tanpa_emoji,positif,soraya
arzxhCdn4PM,user_51b43dd9a9f6,False,1696550400,3,positif,0.8311,positif,tanpa_emoji,positif,soraya
arzxhCdn4PM,user_4ccc3759394c,False,1696550400,1,positif,0.6709,netral,tanpa_emoji,positif,soraya
arzxhCdn4PM,user_709cfaa55e3a,False,1696550400,4,positif,0.8504,positif,positif,positif,soraya
arzxhCdn4PM,user_4c4d47e38061,False,1696550400,1,negatif,0.9629,netral,tanpa_emoji,negatif,soraya
arzxhCdn4PM,user_f055f486ccb6,False,1696550400,24,negatif,0.9968,negatif,netral,negatif,soraya
arzxhCdn4PM,user_38518b7c1ec1,True,1696550400,0,netral,0.6359,netral,netral,netral,soraya
arzxhCdn4PM,user_b3ae40d47f3a,True,1696550400,0,positif,0.893,netral,tanpa_emoji,positif,soraya
arzxhCdn4PM,user_ed49989a3225,True,1696550400,0,negatif,0.9978,netral,tanpa_emoji,negatif,soraya
arzxhCdn4PM,user_7f52e27724e3,False,1696550400,1,negatif,0.7603,positif,positif,negatif,soraya
arzxhCdn4PM,user_f7bdfa60f9f1,False,1696550400,3,positif,0.9922,positif,netral,positif,soraya
arzxhCdn4PM,user_f6da9f1d0d06,True,1696550400,1,negatif,0.7632,netral,tanpa_emoji,negatif,soraya
arzxhCdn4PM,user_8c96b99466d7,False,1696550400,2,positif,0.8985,positif,positif,positif,soraya
arzxhCdn4PM,user_8d64668da80b,False,1696550400,4,positif,0.9082,positif,tanpa_emoji,positif,soraya
arzxhCdn4PM,user_7ed3908a4262,True,1696550400,0,negatif,0.7371,netral,tanpa_emoji,negatif,soraya
arzxhCdn4PM,user_56c02b823741,False,1696550400,1,positif,0.9674,positif,positif,positif,soraya
arzxhCdn4PM,user_19744de301a2,False,1696550400,2,positif,0.9945,netral,tanpa_emoji,positif,soraya
arzxhCdn4PM,user_110700d19d18,True,1696550400,0,negatif,0.5094,positif,tanpa_emoji,negatif,soraya
arzxhCdn4PM,user_3372f980ab55,True,1696550400,0,netral,0.984,netral,tanpa_emoji,netral,soraya
arzxhCdn4PM,user_286a5567d54a,False,1696550400,2,positif,0.7475,positif,positif,positif,soraya
arzxhCdn4PM,user_b0f67f4abfab,False,1696550400,3,positif,0.8924,positif,positif,positif,soraya
arzxhCdn4PM,user_9a47da20756c,True,1696550400,0,negatif,0.5846,netral,tanpa_emoji,negatif,soraya
arzxhCdn4PM,user_23b98e69c246,False,1696550400,1,netral,0.5824,netral,tanpa_emoji,netral,soraya
arzxhCdn4PM,user_cc7c0ca9b12f,False,1696550400,20,netral,0.5635,positif,positif,positif,soraya
arzxhCdn4PM,user_6fe951a0c9c5,True,1696550400,0,negatif,0.8576,netral,tanpa_emoji,negatif,soraya
arzxhCdn4PM,user_ed29bd269899,True,1696550400,0,negatif,0.8885,netral,netral,negatif,soraya
arzxhCdn4PM,user_4eba3a0bada9,True,1696550400,0,negatif,0.8778,netral,tanpa_emoji,negatif,soraya
arzxhCdn4PM,user_db648b226447,False,1696550400,1,positif,0.9927,positif,tanpa_emoji,positif,soraya
arzxhCdn4PM,user_05a3bdd1be26,False,1696550400,3,positif,0.9874,positif,tanpa_emoji,positif,soraya
arzxhCdn4PM,user_1e338feca566,True,1696550400,0,netral,0.878,netral,tanpa_emoji,netral,soraya
arzxhCdn4PM,user_6f46b8b62c42,True,1696550400,0,negatif,0.7608,netral,tanpa_emoji,negatif,soraya
arzxhCdn4PM,user_05a3bdd1be26,True,1696550400,0,netral,0.9878,netral,tanpa_emoji,netral,soraya
arzxhCdn4PM,user_b673d304e8a0,False,1696550400,1,positif,0.9732,positif,tanpa_emoji,positif,soraya
arzxhCdn4PM,user_93b50ca3e005,False,1696550400,6,netral,0.6252,positif,positif,netral,soraya
arzxhCdn4PM,user_e71f78f4e01e,True,1696550400,2,negatif,0.7016,netral,tanpa_emoji,negatif,soraya
arzxhCdn4PM,user_7d07cd6ff4c9,False,1696550400,1,positif,0.9967,positif,tanpa_emoji,positif,soraya
arzxhCdn4PM,user_bc16b6472c83,False,1696550400,6,positif,0.9977,positif,tanpa_emoji,positif,soraya
arzxhCdn4PM,user_33eee11c8f46,True,1696550400,1,negatif,0.9985,positif,tanpa_emoji,negatif,soraya
arzxhCdn4PM,user_a5c14368f7dc,True,1696550400,0,negatif,0.8269,netral,tanpa_emoji,negatif,soraya
arzxhCdn4PM,user_ed49989a3225,True,1696550400,0,negatif,0.9918,positif,tanpa_emoji,negatif,soraya
arzxhCdn4PM,user_bc16b6472c83,True,1696550400,1,netral,0.9094,positif,tanpa_emoji,netral,soraya
arzxhCdn4PM,user_f69a8f0dddda,True,1696550400,0,negatif,0.9958,netral,tanpa_emoji,negatif,soraya
arzxhCdn4PM,user_f69a8f0dddda,True,1696550400,0,negatif,0.9961,positif,positif,negatif,soraya
arzxhCdn4PM,user_1e4e9f723fbf,False,1696550400,1,positif,0.9974,netral,tanpa_emoji,positif,soraya
arzxhCdn4PM,user_cda7b163c98e,False,1696550400,3,positif,0.9479,positif,netral,positif,soraya
arzxhCdn4PM,user_e621311eebc3,True,1696550400,0,negatif,0.9391,netral,tanpa_emoji,negatif,soraya
arzxhCdn4PM,user_f69a8f0dddda,True,1696550400,0,netral,0.8984,netral,tanpa_emoji,netral,soraya
arzxhCdn4PM,user_e621311eebc3,True,1696550400,0,netral,0.506,netral,tanpa_emoji,netral,soraya
arzxhCdn4PM,user_e621311eebc3,True,1696550400,0,netral,0.8494,netral,tanpa_emoji,netral,soraya
arzxhCdn4PM,user_f69a8f0dddda,True,1696550400,0,netral,0.5495,negatif,tanpa_emoji,netral,soraya
arzxhCdn4PM,user_cda7b163c98e,True,1696550400,0,netral,0.7716,netral,tanpa_emoji,netral,soraya
arzxhCdn4PM,user_7879f06378bf,False,1696550400,1,positif,0.8539,positif,tanpa_emoji,positif,soraya
arzxhCdn4PM,user_060485a67bdb,False,1696550400,6,positif,0.9775,positif,positif,positif,soraya
arzxhCdn4PM,user_f6da9f1d0d06,True,1696550400,0,negatif,0.9772,netral,netral,negatif,soraya
arzxhCdn4PM,user_2a86303c5b0e,True,1696550400,0,positif,0.9885,positif,tanpa_emoji,positif,soraya
arzxhCdn4PM,user_ff9bcd45cdab,False,1696550400,1,positif,0.7865,positif,tanpa_emoji,positif,soraya
arzxhCdn4PM,user_893454f0c307,False,1696550400,3,positif,0.8138,netral,positif,positif,soraya
arzxhCdn4PM,user_b7f7bb653bed,False,1696550400,1,negatif,0.5735,positif,positif,positif,soraya
arzxhCdn4PM,user_e7dbe3685421,False,1696550400,3,negatif,0.9673,negatif,tanpa_emoji,negatif,soraya
arzxhCdn4PM,user_f69a8f0dddda,True,1696550400,0,negatif,0.9981,netral,tanpa_emoji,negatif,soraya
arzxhCdn4PM,user_ebea838a88f0,True,1696550400,0,negatif,0.9982,negatif,tanpa_emoji,negatif,soraya
arzxhCdn4PM,user_f69a8f0dddda,True,1696550400,0,negatif,0.8897,netral,tanpa_emoji,negatif,soraya
arzxhCdn4PM,user_ebea838a88f0,True,1696550400,0,negatif,0.9262,negatif,tanpa_emoji,negatif,soraya
arzxhCdn4PM,user_f69a8f0dddda,True,1696550400,0,negatif,0.5742,negatif,tanpa_emoji,negatif,soraya
arzxhCdn4PM,user_f69a8f0dddda,True,1696550400,0,negatif,0.5713,netral,tanpa_emoji,negatif,soraya
arzxhCdn4PM,user_0b100fcda828,False,1696550400,1,negatif,0.9911,netral,netral,negatif,soraya
arzxhCdn4PM,user_46f209537013,False,1696550400,1,positif,0.6953,positif,positif,positif,soraya
arzxhCdn4PM,user_d4b4026a9d94,False,1696550400,1,netral,0.8903,netral,tanpa_emoji,netral,soraya
arzxhCdn4PM,user_efb624c13ade,False,1696550400,1,positif,0.775,netral,tanpa_emoji,positif,soraya
arzxhCdn4PM,user_4c07003b5de6,False,1696550400,1,negatif,0.7126,netral,tanpa_emoji,negatif,soraya
arzxhCdn4PM,user_76dd6d574c45,False,1696550400,1,netral,0.7501,netral,tanpa_emoji,netral,soraya
arzxhCdn4PM,user_4432cec0a4aa,False,1696550400,1,positif,0.8108,positif,positif,positif,soraya
arzxhCdn4PM,user_84d7da9f41f3,False,1696550400,1,positif,0.7464,netral,tanpa_emoji,positif,soraya
arzxhCdn4PM,user_0c22f095c283,False,1696550400,1,negatif,0.5012,netral,tanpa_emoji,negatif,soraya
arzxhCdn4PM,user_0500da4b83f8,False,1696550400,1,negatif,0.9173,netral,netral,negatif,soraya
arzxhCdn4PM,user_11a6281078db,False,1696550400,1,negatif,0.9273,positif,positif,positif,soraya
arzxhCdn4PM,user_a1243582e221,False,1696550400,1,positif,0.998,netral,positif,positif,soraya
arzxhCdn4PM,user_d542815079cd,False,1696550400,1,positif,0.9761,positif,positif,positif,soraya
arzxhCdn4PM,user_d0d896f0aaab,False,1696550400,1,negatif,0.9261,netral,netral,negatif,soraya
arzxhCdn4PM,user_42283c620ed3,False,1696550400,1,positif,0.9924,netral,tanpa_emoji,positif,soraya
arzxhCdn4PM,user_0f3e65a520cd,False,1696550400,1,positif,0.9973,positif,tanpa_emoji,positif,soraya
arzxhCdn4PM,user_019cf99451d2,False,1696550400,1,positif,0.9562,negatif,netral,positif,soraya
arzxhCdn4PM,user_f14106f32400,False,1696550400,1,negatif,0.6664,netral,tanpa_emoji,negatif,soraya
arzxhCdn4PM,user_51cc392e0b9c,False,1696550400,1,negatif,0.8558,negatif,tanpa_emoji,negatif,soraya
arzxhCdn4PM,user_9a9d10dc27e1,False,1696550400,1,positif,0.9733,netral,tanpa_emoji,positif,soraya
arzxhCdn4PM,user_244b472dfbdc,False,1696550400,1,positif,0.9855,positif,netral,positif,soraya
arzxhCdn4PM,user_2578d624d4e9,False,1696550400,1,positif,0.9941,positif,tanpa_emoji,positif,soraya
arzxhCdn4PM,user_6639b4561f4c,False,1696550400,1,positif,0.9926,positif,tanpa_emoji,positif,soraya
arzxhCdn4PM,user_16c8d2c7ff33,False,1696550400,1,positif,0.9978,positif,positif,positif,soraya
arzxhCdn4PM,user_dbd3d76e008d,False,1696550400,1,negatif,0.9991,negatif,tanpa_emoji,negatif,soraya
arzxhCdn4PM,user_7b96ba9139ad,False,1696550400,1,positif,0.9899,positif,tanpa_emoji,positif,soraya
arzxhCdn4PM,user_9549920d85dc,False,1696550400,0,netral,0.5447,positif,positif,positif,soraya
arzxhCdn4PM,user_1928148c4d62,False,1696550400,1,positif,0.9886,positif,tanpa_emoji,positif,soraya
arzxhCdn4PM,user_6d1f937c2c55,False,1759708800,1,netral,0.4621,netral,netral,netral,soraya
arzxhCdn4PM,user_40942dc50641,False,1696550400,2,negatif,0.6777,netral,tanpa_emoji,negatif,soraya
arzxhCdn4PM,user_80390c2e430a,False,1759708800,1,positif,0.7447,netral,tanpa_emoji,positif,soraya
arzxhCdn4PM,user_d50c26387438,False,1696550400,1,positif,0.9822,positif,tanpa_emoji,positif,soraya
arzxhCdn4PM,user_156b4f33d298,False,1696550400,0,positif,0.9712,netral,tanpa_emoji,positif,soraya
arzxhCdn4PM,user_151cf168d76d,False,1696550400,1,negatif,0.996,negatif,netral,negatif,soraya
arzxhCdn4PM,user_f966dfa9f1a9,False,1696550400,0,positif,0.9617,positif,positif,positif,soraya
arzxhCdn4PM,user_4445ed7c981b,False,1696550400,1,positif,0.5969,netral,netral,positif,soraya
arzxhCdn4PM,user_4ca8cf2b0914,False,1696550400,0,positif,0.9952,netral,tanpa_emoji,positif,soraya
arzxhCdn4PM,user_00abbdb2efa2,False,1696550400,1,positif,0.9558,positif,tanpa_emoji,positif,soraya
arzxhCdn4PM,user_4f3cd64acec9,False,1696550400,1,negatif,0.526,positif,tanpa_emoji,negatif,soraya
arzxhCdn4PM,user_890f71c2ce77,False,1696550400,1,negatif,0.9951,positif,tanpa_emoji,negatif,soraya
arzxhCdn4PM,user_c04ea96ba546,False,1696550400,1,positif,0.9642,positif,tanpa_emoji,positif,soraya
arzxhCdn4PM,user_4d16ea6f6e6c,False,1696550400,0,negatif,0.9979,positif,positif,negatif,soraya
arzxhCdn4PM,user_1d85711b4619,False,1696550400,0,positif,0.8977,netral,tanpa_emoji,positif,soraya
arzxhCdn4PM,user_cbca8235c020,False,1696550400,0,negatif,0.9979,positif,positif,negatif,soraya
arzxhCdn4PM,user_c558932a6144,False,1696550400,0,negatif,0.9777,netral,positif,negatif,soraya
arzxhCdn4PM,user_c0b6ffead4d6,False,1696550400,0,netral,0.9806,netral,tanpa_emoji,netral,soraya
arzxhCdn4PM,user_e7a64958b483,False,1696550400,0,positif,0.8263,netral,tanpa_emoji,positif,soraya
arzxhCdn4PM,user_021005817eed,False,1696550400,0,negatif,0.8549,netral,tanpa_emoji,negatif,soraya
arzxhCdn4PM,user_b411e15d6e28,False,1696550400,1,netral,0.4959,netral,tanpa_emoji,netral,soraya
arzxhCdn4PM,user_e83f0d434910,False,1696550400,0,netral,0.7814,netral,tanpa_emoji,netral,soraya
arzxhCdn4PM,user_70e79b670149,False,1696550400,0,negatif,0.9974,negatif,tanpa_emoji,negatif,soraya
arzxhCdn4PM,user_70230d1d6d12,False,1696550400,0,negatif,0.9983,negatif,netral,negatif,soraya
arzxhCdn4PM,user_60e6a73b3067,False,1696550400,1,positif,0.5227,positif,positif,positif,soraya
arzxhCdn4PM,user_b2e7c0fab25f,False,1696550400,0,negatif,0.9483,netral,tanpa_emoji,negatif,soraya
arzxhCdn4PM,user_40a5a853ec8b,False,1696550400,1,negatif,0.9178,netral,tanpa_emoji,negatif,soraya
arzxhCdn4PM,user_b4a2cae0cbf0,False,1696550400,0,negatif,0.8898,positif,positif,negatif,soraya
arzxhCdn4PM,user_3bf335d17fc5,False,1696550400,1,positif,0.9971,positif,tanpa_emoji,positif,soraya
arzxhCdn4PM,user_2eef54aab3a1,False,1696550400,1,positif,0.9907,netral,tanpa_emoji,positif,soraya
arzxhCdn4PM,user_8db675114b5d,False,1696550400,0,negatif,0.9988,netral,tanpa_emoji,negatif,soraya
arzxhCdn4PM,user_0a4e0a833a7c,False,1696550400,0,negatif,0.949,netral,tanpa_emoji,negatif,soraya
arzxhCdn4PM,user_2a9c299a0011,False,1696550400,1,positif,0.9882,positif,tanpa_emoji,positif,soraya
arzxhCdn4PM,user_e92d8fe26a88,False,1696550400,0,negatif,0.9068,netral,tanpa_emoji,negatif,soraya
arzxhCdn4PM,user_ac1cd7d52c0c,False,1696550400,0,netral,0.6709,netral,tanpa_emoji,netral,soraya
arzxhCdn4PM,user_5627d4ebc618,False,1696550400,3,positif,0.7935,positif,positif,positif,soraya
arzxhCdn4PM,user_bb84dcae7ac2,False,1696550400,1,positif,0.605,negatif,tanpa_emoji,positif,soraya
arzxhCdn4PM,user_4c854db3254a,False,1696550400,0,negatif,0.9981,negatif,tanpa_emoji,negatif,soraya
arzxhCdn4PM,user_67d1f7b8b359,False,1696550400,0,positif,0.9635,positif,tanpa_emoji,positif,soraya
arzxhCdn4PM,user_d89a9bddf20d,False,1696550400,0,positif,0.8586,positif,positif,positif,soraya
arzxhCdn4PM,user_37ac4acea190,False,1696550400,0,negatif,0.9339,positif,positif,negatif,soraya
arzxhCdn4PM,user_b490b579529c,False,1696550400,0,negatif,0.9939,netral,tanpa_emoji,negatif,soraya
arzxhCdn4PM,user_88e21d327dc1,False,1696550400,0,positif,0.9983,netral,tanpa_emoji,positif,soraya
arzxhCdn4PM,user_4af8f24734df,False,1696550400,0,negatif,0.9044,netral,tanpa_emoji,negatif,soraya
arzxhCdn4PM,user_89d678f93aa8,False,1696550400,1,positif,0.5803,netral,tanpa_emoji,positif,soraya
arzxhCdn4PM,user_2cd0098581cd,False,1696550400,0,negatif,0.7865,netral,tanpa_emoji,negatif,soraya
arzxhCdn4PM,user_3ca8bfd57bb6,False,1696550400,0,negatif,0.4855,positif,positif,positif,soraya
arzxhCdn4PM,user_d9268f10f5e7,False,1696550400,1,positif,0.6637,positif,tanpa_emoji,positif,soraya
arzxhCdn4PM,user_d6ea29b51bdc,False,1696550400,0,netral,0.567,netral,tanpa_emoji,netral,soraya
arzxhCdn4PM,user_0b3d09c62210,False,1696550400,1,negatif,0.9954,netral,tanpa_emoji,negatif,soraya
arzxhCdn4PM,user_36e938205319,False,1696550400,0,negatif,0.9845,netral,positif,negatif,soraya
arzxhCdn4PM,user_5e4a518056e9,False,1696550400,0,positif,0.9481,positif,tanpa_emoji,positif,soraya
arzxhCdn4PM,user_37a26a6e1dba,False,1696550400,0,positif,0.9404,positif,tanpa_emoji,positif,soraya
arzxhCdn4PM,user_7067c2ca1728,False,1696550400,0,negatif,0.9992,netral,tanpa_emoji,negatif,soraya
arzxhCdn4PM,user_2701f61f09d2,False,1696550400,0,negatif,0.9182,negatif,tanpa_emoji,negatif,soraya
arzxhCdn4PM,user_cdc2166691f6,False,1696550400,0,netral,0.9516,netral,tanpa_emoji,netral,soraya
arzxhCdn4PM,user_59ba478e32b4,False,1696550400,0,negatif,0.8738,netral,tanpa_emoji,negatif,soraya
arzxhCdn4PM,user_df78cace67dc,False,1696550400,0,negatif,0.7551,netral,tanpa_emoji,negatif,soraya
arzxhCdn4PM,user_b07b2f142c99,False,1696550400,0,netral,0.6783,positif,positif,netral,soraya
arzxhCdn4PM,user_55db7f4f66eb,False,1696550400,0,positif,0.5004,positif,tanpa_emoji,positif,soraya
arzxhCdn4PM,user_1590892a7430,False,1696550400,0,negatif,0.7983,netral,tanpa_emoji,negatif,soraya
arzxhCdn4PM,user_507dbd6d747f,False,1696550400,0,positif,0.9322,positif,tanpa_emoji,positif,soraya
arzxhCdn4PM,user_2ab7bc53cd14,False,1696550400,0,negatif,0.9842,netral,tanpa_emoji,negatif,soraya
arzxhCdn4PM,user_66a54b65d938,False,1696550400,0,negatif,0.8421,positif,netral,negatif,soraya
arzxhCdn4PM,user_7ee1436d41a2,False,1696550400,0,positif,0.9663,positif,tanpa_emoji,positif,soraya
arzxhCdn4PM,user_b803a0149d51,False,1696550400,1,positif,0.9588,positif,tanpa_emoji,positif,soraya
arzxhCdn4PM,user_a0c027f54632,False,1696550400,0,positif,0.6173,netral,tanpa_emoji,positif,soraya
arzxhCdn4PM,user_a1e23d1fe70f,False,1696550400,0,negatif,0.8637,negatif,tanpa_emoji,negatif,soraya
arzxhCdn4PM,user_2eff611461e2,False,1696550400,0,positif,0.8352,positif,positif,positif,soraya
arzxhCdn4PM,user_283884825a8f,False,1696550400,0,negatif,0.5897,netral,tanpa_emoji,negatif,soraya
arzxhCdn4PM,user_bc16b6472c83,False,1696550400,0,negatif,0.9195,netral,tanpa_emoji,negatif,soraya
arzxhCdn4PM,user_353686789a3f,False,1696550400,0,negatif,0.97,netral,tanpa_emoji,negatif,soraya
arzxhCdn4PM,user_c3cb5fcf3285,False,1696550400,0,negatif,0.9722,netral,tanpa_emoji,negatif,soraya
arzxhCdn4PM,user_7dcce5db87cb,False,1696550400,0,negatif,0.9483,netral,tanpa_emoji,negatif,soraya
arzxhCdn4PM,user_dded16fdd686,False,1696550400,0,negatif,0.7865,netral,tanpa_emoji,negatif,soraya
arzxhCdn4PM,user_d6cc54a619a6,False,1696550400,1,negatif,0.7865,netral,tanpa_emoji,negatif,soraya
arzxhCdn4PM,user_f88f3b71e224,False,1696550400,0,negatif,0.9714,negatif,netral,negatif,soraya
arzxhCdn4PM,user_7ad36f7fe966,False,1696550400,0,negatif,0.5102,netral,netral,negatif,soraya
arzxhCdn4PM,user_32468a7f19b7,False,1696550400,0,negatif,0.8985,netral,tanpa_emoji,negatif,soraya
arzxhCdn4PM,user_2b4647b5b18a,False,1696550400,0,negatif,0.9624,negatif,tanpa_emoji,negatif,soraya
arzxhCdn4PM,user_40edffb608f1,False,1696550400,0,positif,0.9349,netral,tanpa_emoji,positif,soraya
arzxhCdn4PM,user_8202eca3ec89,False,1696550400,0,negatif,0.5581,positif,positif,positif,soraya
arzxhCdn4PM,user_b601f569c270,False,1696550400,0,positif,0.8496,netral,tanpa_emoji,positif,soraya
arzxhCdn4PM,user_7cc49b55e0cc,False,1696550400,0,negatif,0.6341,netral,tanpa_emoji,negatif,soraya
arzxhCdn4PM,user_c21c213457dc,False,1696550400,0,negatif,0.9073,netral,tanpa_emoji,negatif,soraya
arzxhCdn4PM,user_a80cf59822cc,False,1696550400,1,negatif,0.4278,positif,positif,positif,soraya
arzxhCdn4PM,user_45a7f91ae58a,False,1696550400,0,positif,0.9755,positif,tanpa_emoji,positif,soraya
arzxhCdn4PM,user_88da5abbe3c6,False,1696550400,1,negatif,0.9864,netral,tanpa_emoji,negatif,soraya
arzxhCdn4PM,user_79e4b1a07b7f,False,1696550400,1,negatif,0.9989,netral,tanpa_emoji,negatif,soraya
arzxhCdn4PM,user_22af2274a9f9,False,1696550400,0,positif,0.6218,netral,tanpa_emoji,positif,soraya
arzxhCdn4PM,user_1df4cb9658f5,False,1728172800,1,negatif,0.9949,positif,tanpa_emoji,negatif,soraya
arzxhCdn4PM,user_3e3c61641ac1,False,1696550400,0,positif,0.9008,positif,tanpa_emoji,positif,soraya
arzxhCdn4PM,user_c1e576049300,False,1696550400,1,negatif,0.8461,netral,tanpa_emoji,negatif,soraya
arzxhCdn4PM,user_f5035731ad11,False,1696550400,1,negatif,0.9701,netral,netral,negatif,soraya
arzxhCdn4PM,user_17878376ab73,False,1696550400,1,negatif,0.6514,netral,tanpa_emoji,negatif,soraya
arzxhCdn4PM,user_ea9b2015c36d,False,1696550400,1,positif,0.5863,netral,tanpa_emoji,positif,soraya
arzxhCdn4PM,user_945b839046a9,False,1696550400,0,negatif,0.9713,negatif,tanpa_emoji,negatif,soraya
arzxhCdn4PM,user_e8b79b4fe252,False,1696550400,0,negatif,0.9721,positif,positif,negatif,soraya
arzxhCdn4PM,user_7d219633150b,False,1696550400,0,positif,0.8902,positif,tanpa_emoji,positif,soraya
arzxhCdn4PM,user_ef3162fc6195,False,1696550400,0,positif,0.463,netral,tanpa_emoji,positif,soraya
arzxhCdn4PM,user_5c25cedf3574,False,1696550400,0,negatif,0.731,netral,tanpa_emoji,negatif,soraya
arzxhCdn4PM,user_aaf7296bdc6d,False,1696550400,1,positif,0.9824,positif,tanpa_emoji,positif,soraya
arzxhCdn4PM,user_e1ae2b12b538,False,1696550400,1,negatif,0.9885,netral,tanpa_emoji,negatif,soraya
arzxhCdn4PM,user_ca0cd1513274,False,1696550400,0,positif,0.883,positif,positif,positif,soraya
arzxhCdn4PM,user_7642ebfa91a6,False,1696550400,0,negatif,0.938,netral,tanpa_emoji,negatif,soraya
arzxhCdn4PM,user_a4c10f7ffa6a,False,1696550400,0,negatif,0.9957,netral,netral,negatif,soraya
arzxhCdn4PM,user_97ab78a0499e,False,1696550400,0,netral,0.8849,netral,tanpa_emoji,netral,soraya
arzxhCdn4PM,user_3ca5f0ba2a07,False,1696550400,1,netral,0.476,positif,positif,positif,soraya
arzxhCdn4PM,user_2077f73f8a86,False,1696550400,0,positif,0.9022,positif,positif,positif,soraya
arzxhCdn4PM,user_b8dee0088321,False,1696550400,0,positif,0.9978,netral,tanpa_emoji,positif,soraya
arzxhCdn4PM,user_c1c799851c01,False,1696550400,0,negatif,0.7182,netral,tanpa_emoji,negatif,soraya
arzxhCdn4PM,user_026db1ddaa31,False,1696550400,0,positif,0.9976,positif,positif,positif,soraya
arzxhCdn4PM,user_2a93c010f7e9,False,1696550400,0,positif,0.9386,positif,tanpa_emoji,positif,soraya
arzxhCdn4PM,user_05826126b5a9,False,1696550400,0,netral,0.8582,netral,tanpa_emoji,netral,soraya
arzxhCdn4PM,user_bb9b4b98eab7,False,1696550400,0,positif,0.72,netral,netral,positif,soraya
arzxhCdn4PM,user_68735330dba2,False,1696550400,0,netral,0.7664,netral,tanpa_emoji,netral,soraya
arzxhCdn4PM,user_ba47f2f3637c,False,1696550400,0,positif,0.989,positif,positif,positif,soraya
arzxhCdn4PM,user_ebfe7032cdb5,False,1696550400,0,positif,0.9665,positif,tanpa_emoji,positif,soraya
arzxhCdn4PM,user_40873821fe2b,False,1696550400,0,positif,0.9962,positif,tanpa_emoji,positif,soraya
arzxhCdn4PM,user_3a1194894552,False,1696550400,0,negatif,0.9989,netral,tanpa_emoji,negatif,soraya
arzxhCdn4PM,user_b8d2f4919efc,False,1696550400,0,positif,0.7533,netral,tanpa_emoji,positif,soraya
arzxhCdn4PM,user_30b8de4d925c,False,1696550400,0,positif,0.9676,netral,tanpa_emoji,positif,soraya
arzxhCdn4PM,user_a4c75f32ded2,False,1696550400,0,positif,0.5149,positif,tanpa_emoji,positif,soraya
arzxhCdn4PM,user_428dbe911283,False,1696550400,0,negatif,0.9907,netral,tanpa_emoji,negatif,soraya
arzxhCdn4PM,user_1ebd6332406e,False,1696550400,1,positif,0.8863,positif,tanpa_emoji,positif,soraya
arzxhCdn4PM,user_eac2754c9840,False,1696550400,0,positif,0.9638,positif,positif,positif,soraya
arzxhCdn4PM,user_83f579e99b05,False,1696550400,1,netral,0.4946,negatif,tanpa_emoji,netral,soraya
arzxhCdn4PM,user_7227c64e9ff3,False,1696550400,0,negatif,0.9978,netral,tanpa_emoji,negatif,soraya
arzxhCdn4PM,user_45bcdd797b63,False,1696550400,1,negatif,0.5193,netral,tanpa_emoji,negatif,soraya
arzxhCdn4PM,user_b250fb477209,False,1696550400,0,negatif,0.9975,positif,netral,negatif,soraya
arzxhCdn4PM,user_aa5c4643884f,False,1696550400,0,positif,0.6062,positif,tanpa_emoji,positif,soraya
arzxhCdn4PM,user_3c677618dcaf,False,1696550400,0,negatif,0.6108,netral,tanpa_emoji,negatif,soraya
arzxhCdn4PM,user_e8d5143080f9,False,1696550400,0,netral,0.6641,netral,tanpa_emoji,netral,soraya
arzxhCdn4PM,user_59ba478e32b4,False,1696550400,0,netral,0.6326,netral,tanpa_emoji,netral,soraya
arzxhCdn4PM,user_08cdee26853f,False,1696550400,0,positif,0.9748,positif,tanpa_emoji,positif,soraya
arzxhCdn4PM,user_8ab68f6fd84d,False,1696550400,0,positif,0.9986,positif,tanpa_emoji,positif,soraya
arzxhCdn4PM,user_dcb07e0c60ba,False,1696550400,0,positif,0.996,netral,tanpa_emoji,positif,soraya
arzxhCdn4PM,user_29c32bf1414e,False,1696550400,0,positif,0.9921,positif,tanpa_emoji,positif,soraya
arzxhCdn4PM,user_10c93b94f784,False,1696550400,0,netral,0.4418,positif,positif,positif,soraya
arzxhCdn4PM,user_e2be284a7168,False,1696550400,1,negatif,0.8587,positif,positif,negatif,soraya
arzxhCdn4PM,user_2d388e7af3b5,False,1696550400,0,negatif,0.7965,netral,tanpa_emoji,negatif,soraya
arzxhCdn4PM,user_978f077d08d0,False,1696550400,0,positif,0.9822,positif,tanpa_emoji,positif,soraya
arzxhCdn4PM,user_2979d40266f6,False,1696550400,0,negatif,0.8687,netral,tanpa_emoji,negatif,soraya
arzxhCdn4PM,user_df4e13e22f70,False,1696550400,0,positif,0.9822,positif,tanpa_emoji,positif,soraya
arzxhCdn4PM,user_cc30b9fa3e9d,False,1696550400,0,positif,0.9822,positif,tanpa_emoji,positif,soraya
arzxhCdn4PM,user_5f3074c531d6,False,1696550400,0,positif,0.9963,netral,tanpa_emoji,positif,soraya
arzxhCdn4PM,user_007b73d7a3b6,False,1696550400,0,positif,0.9632,positif,netral,positif,soraya
arzxhCdn4PM,user_8dfae3b4e642,False,1696550400,1,positif,0.54,positif,tanpa_emoji,positif,soraya
arzxhCdn4PM,user_4a7cda2c1276,False,1696550400,0,positif,0.9971,positif,tanpa_emoji,positif,soraya
arzxhCdn4PM,user_bdb773ed6d1e,False,1696550400,0,negatif,0.9322,netral,netral,negatif,soraya
arzxhCdn4PM,user_20f8ffa802a8,False,1696550400,0,negatif,0.8584,netral,netral,negatif,soraya
arzxhCdn4PM,user_fb787032d5ab,False,1696550400,0,positif,0.9961,positif,tanpa_emoji,positif,soraya
arzxhCdn4PM,user_a84f429802c9,False,1696550400,0,positif,0.8032,positif,tanpa_emoji,positif,soraya
arzxhCdn4PM,user_2419f2e2703d,False,1696550400,1,positif,0.9936,positif,tanpa_emoji,positif,soraya
arzxhCdn4PM,user_68696e544ec5,False,1696550400,0,negatif,0.3617,netral,tanpa_emoji,negatif,soraya
arzxhCdn4PM,user_4dfcbc836156,False,1696550400,0,negatif,0.9928,netral,tanpa_emoji,negatif,soraya
arzxhCdn4PM,user_f17d51682f11,False,1696550400,0,positif,0.9975,negatif,tanpa_emoji,positif,soraya
arzxhCdn4PM,user_192e5d915866,False,1696550400,0,positif,0.9962,positif,tanpa_emoji,positif,soraya
arzxhCdn4PM,user_cb6922bf3607,False,1696550400,1,positif,0.7123,positif,tanpa_emoji,positif,soraya
arzxhCdn4PM,user_2b5d1f583b73,False,1696550400,0,negatif,0.9501,netral,tanpa_emoji,negatif,soraya
arzxhCdn4PM,user_2c6d2c471262,False,1696550400,0,negatif,0.827,netral,netral,negatif,soraya
arzxhCdn4PM,user_a1634c04575b,False,1696550400,0,positif,0.867,netral,tanpa_emoji,positif,soraya
arzxhCdn4PM,user_7bc20976ce05,False,1696550400,0,positif,0.9991,positif,tanpa_emoji,positif,soraya
arzxhCdn4PM,user_752e8871772c,False,1696550400,0,negatif,0.6413,negatif,tanpa_emoji,negatif,soraya
arzxhCdn4PM,user_6a58065e76d8,False,1696550400,1,positif,0.922,negatif,tanpa_emoji,positif,soraya
arzxhCdn4PM,user_0b3740328cd6,False,1696550400,0,netral,0.69,netral,tanpa_emoji,netral,soraya
arzxhCdn4PM,user_61a71bc9e826,False,1696550400,0,negatif,0.978,negatif,tanpa_emoji,negatif,soraya
arzxhCdn4PM,user_71e24dab8e9f,False,1696550400,0,positif,0.9982,positif,tanpa_emoji,positif,soraya
arzxhCdn4PM,user_84b8b839929e,False,1696550400,0,negatif,0.9929,negatif,tanpa_emoji,negatif,soraya
arzxhCdn4PM,user_dc871243d855,False,1696550400,0,negatif,0.7132,positif,positif,negatif,soraya
arzxhCdn4PM,user_ee33a4c4f5b9,False,1696550400,0,negatif,0.5369,netral,tanpa_emoji,negatif,soraya
arzxhCdn4PM,user_b4eb9b0588c6,False,1696550400,0,negatif,0.9948,netral,tanpa_emoji,negatif,soraya
arzxhCdn4PM,user_4bb5da450851,False,1696550400,0,negatif,0.605,netral,tanpa_emoji,negatif,soraya
arzxhCdn4PM,user_dcb69c2cc578,False,1696550400,0,netral,0.5051,netral,tanpa_emoji,netral,soraya
arzxhCdn4PM,user_b0e15cd15915,False,1696550400,1,positif,0.9885,positif,tanpa_emoji,positif,soraya
arzxhCdn4PM,user_6e0c48e7e383,False,1696550400,0,positif,0.9612,positif,tanpa_emoji,positif,soraya
arzxhCdn4PM,user_8a9ef6093c1e,False,1696550400,0,netral,0.7686,netral,tanpa_emoji,netral,soraya
arzxhCdn4PM,user_298fd6e1bc19,False,1696550400,0,negatif,0.9383,netral,tanpa_emoji,negatif,soraya
arzxhCdn4PM,user_1d8926f1a0e0,False,1696550400,0,positif,0.6564,netral,tanpa_emoji,positif,soraya
arzxhCdn4PM,user_94784fd06caf,False,1696550400,0,positif,0.9723,positif,tanpa_emoji,positif,soraya
arzxhCdn4PM,user_345c8395b713,False,1696550400,0,netral,0.6621,positif,tanpa_emoji,netral,soraya
arzxhCdn4PM,user_697ed1aaaca9,False,1696550400,1,negatif,0.5834,netral,tanpa_emoji,negatif,soraya
arzxhCdn4PM,user_3b4cad736d90,False,1696550400,0,positif,0.9873,positif,tanpa_emoji,positif,soraya
arzxhCdn4PM,user_723781d06ad0,False,1696550400,0,negatif,0.719,netral,tanpa_emoji,negatif,soraya
arzxhCdn4PM,user_9a15aecef9c4,False,1696550400,0,negatif,0.7805,positif,positif,negatif,soraya
arzxhCdn4PM,user_fec83903c584,False,1696550400,0,negatif,0.8977,negatif,tanpa_emoji,negatif,soraya
arzxhCdn4PM,user_d702f3705713,False,1696550400,0,negatif,0.9896,netral,tanpa_emoji,negatif,soraya
arzxhCdn4PM,user_aabac80b6b90,False,1696550400,1,positif,0.9952,positif,positif,positif,soraya
arzxhCdn4PM,user_8958f39ec03a,False,1696550400,0,negatif,0.9299,netral,tanpa_emoji,negatif,soraya
arzxhCdn4PM,user_bf393614f269,False,1696550400,0,positif,0.9893,positif,tanpa_emoji,positif,soraya
arzxhCdn4PM,user_d17b291da12e,False,1696550400,0,negatif,0.7795,positif,positif,negatif,soraya
arzxhCdn4PM,user_75cac6ab7a2d,False,1696550400,0,netral,0.6207,netral,tanpa_emoji,netral,soraya
arzxhCdn4PM,user_a70c1b17b992,False,1696550400,0,positif,0.919,positif,tanpa_emoji,positif,soraya
arzxhCdn4PM,user_ca8d251a6c4a,False,1696550400,0,negatif,0.7846,positif,positif,positif,soraya
arzxhCdn4PM,user_30944f9ea2af,False,1696550400,0,negatif,0.9273,positif,positif,positif,soraya
arzxhCdn4PM,user_009e54879cc0,False,1696550400,0,negatif,0.9892,netral,netral,negatif,soraya
arzxhCdn4PM,user_16d6d6a24981,False,1696550400,0,netral,0.8292,netral,tanpa_emoji,netral,soraya
arzxhCdn4PM,user_aa19905029fe,False,1696550400,0,negatif,0.9808,netral,tanpa_emoji,negatif,soraya
arzxhCdn4PM,user_d6cf2ff983ec,False,1696550400,0,positif,0.9991,positif,positif,positif,soraya
arzxhCdn4PM,user_a1fa9ef76588,False,1696550400,0,positif,0.6989,netral,tanpa_emoji,positif,soraya
arzxhCdn4PM,user_c0c848efc4df,False,1696550400,0,negatif,0.7837,positif,tanpa_emoji,negatif,soraya
arzxhCdn4PM,user_a097610ed559,False,1696550400,0,positif,0.9755,positif,tanpa_emoji,positif,soraya
arzxhCdn4PM,user_567e6a04425f,False,1696550400,0,positif,0.9929,positif,tanpa_emoji,positif,soraya
arzxhCdn4PM,user_39eaf2358fad,False,1696550400,0,positif,0.9973,positif,tanpa_emoji,positif,soraya
arzxhCdn4PM,user_ffd10f3b4e50,False,1696550400,0,netral,0.9801,netral,tanpa_emoji,netral,soraya
arzxhCdn4PM,user_6c8e13c1e6b9,False,1696550400,0,negatif,0.8173,netral,tanpa_emoji,negatif,soraya
arzxhCdn4PM,user_d07ba1ded7fb,False,1696550400,0,negatif,0.9488,netral,tanpa_emoji,negatif,soraya
arzxhCdn4PM,user_ac918c2dd0d5,False,1696550400,0,negatif,0.8893,netral,tanpa_emoji,negatif,soraya
arzxhCdn4PM,user_4b0e0e7fb21c,False,1696550400,0,negatif,0.9441,netral,tanpa_emoji,negatif,soraya
arzxhCdn4PM,user_5535ba050619,False,1696550400,0,negatif,0.7405,netral,tanpa_emoji,negatif,soraya
arzxhCdn4PM,user_604099b40ed0,False,1696550400,0,netral,0.9965,netral,tanpa_emoji,netral,soraya
arzxhCdn4PM,user_13fb3c7f619d,False,1696550400,0,negatif,0.9327,positif,tanpa_emoji,negatif,soraya
arzxhCdn4PM,user_ee10ec7479e1,False,1696550400,0,positif,0.9832,netral,netral,positif,soraya
arzxhCdn4PM,user_4451c01eb2d7,False,1696550400,2,negatif,0.5624,positif,netral,negatif,soraya
arzxhCdn4PM,user_3ec2f7c26dea,False,1696550400,0,negatif,0.9654,netral,netral,negatif,soraya
arzxhCdn4PM,user_30a7fc3cc9fe,False,1696550400,0,negatif,0.5236,negatif,tanpa_emoji,negatif,soraya
arzxhCdn4PM,user_7d252d5738f0,False,1696550400,0,positif,0.9066,negatif,netral,positif,soraya
arzxhCdn4PM,user_5828953a2c62,False,1696550400,0,negatif,0.9987,negatif,positif,negatif,soraya
arzxhCdn4PM,user_bbdccef5bed4,False,1696550400,0,positif,0.9829,netral,tanpa_emoji,positif,soraya
arzxhCdn4PM,user_b218558831c0,False,1696550400,0,positif,0.9815,positif,tanpa_emoji,positif,soraya
arzxhCdn4PM,user_5a288a62082e,False,1696550400,0,positif,0.4564,netral,tanpa_emoji,positif,soraya
arzxhCdn4PM,user_5c2d6360a640,False,1696550400,1,positif,0.9937,positif,netral,positif,soraya
arzxhCdn4PM,user_5b3804f3e70c,False,1696550400,1,negatif,0.52,netral,tanpa_emoji,negatif,soraya
arzxhCdn4PM,user_32d46507bc11,False,1696550400,0,netral,0.9849,netral,tanpa_emoji,netral,soraya
arzxhCdn4PM,user_3aaaac8d53f7,False,1696550400,0,netral,0.9907,netral,tanpa_emoji,netral,soraya
arzxhCdn4PM,user_dfaf946c7040,False,1696550400,0,netral,0.9849,netral,tanpa_emoji,netral,soraya
arzxhCdn4PM,user_ec37623fba11,False,1696550400,0,netral,0.9849,netral,tanpa_emoji,netral,soraya
arzxhCdn4PM,user_8199b89046ba,False,1775433600,0,positif,0.9981,positif,tanpa_emoji,positif,soraya
arzxhCdn4PM,user_cac67007915d,False,1696550400,0,negatif,0.8903,netral,tanpa_emoji,negatif,soraya
arzxhCdn4PM,user_1d12b9937913,False,1696550400,0,netral,0.4882,netral,tanpa_emoji,netral,soraya
arzxhCdn4PM,user_ef55a574c53e,False,1696550400,0,negatif,0.8218,netral,tanpa_emoji,negatif,soraya
arzxhCdn4PM,user_28cd1743087b,False,1696550400,0,negatif,0.6488,netral,tanpa_emoji,negatif,soraya
arzxhCdn4PM,user_97f15435e60d,False,1696550400,0,netral,0.7013,netral,tanpa_emoji,netral,soraya
arzxhCdn4PM,user_b8c150ac6c90,False,1696550400,0,positif,0.975,positif,tanpa_emoji,positif,soraya
arzxhCdn4PM,user_a50f1808e258,False,1696550400,0,netral,0.9562,netral,tanpa_emoji,netral,soraya
arzxhCdn4PM,user_4b8fe87a61a2,False,1696550400,1,netral,0.5581,netral,tanpa_emoji,netral,soraya
arzxhCdn4PM,user_8656959173d1,False,1696550400,1,negatif,0.5449,netral,tanpa_emoji,negatif,soraya
arzxhCdn4PM,user_19db1847c3a3,False,1696550400,0,negatif,0.6176,netral,tanpa_emoji,negatif,soraya
arzxhCdn4PM,user_98041b08bdcf,False,1696550400,0,positif,0.9734,netral,tanpa_emoji,positif,soraya
arzxhCdn4PM,user_374600901954,True,1696550400,0,negatif,0.9434,netral,tanpa_emoji,negatif,soraya
arzxhCdn4PM,user_84fd599b3c5b,False,1696550400,0,positif,0.8401,positif,tanpa_emoji,positif,soraya
arzxhCdn4PM,user_f11eecfc6a08,False,1696550400,0,positif,0.9797,positif,tanpa_emoji,positif,soraya
arzxhCdn4PM,user_6d1f937c2c55,False,1759708800,1,negatif,0.7149,netral,netral,negatif,soraya
arzxhCdn4PM,user_c930df56884e,False,1696550400,0,netral,0.5932,netral,tanpa_emoji,netral,soraya
arzxhCdn4PM,user_a9d3e90e039e,False,1696550400,0,negatif,0.6486,netral,tanpa_emoji,negatif,soraya
arzxhCdn4PM,user_e4028273fb2c,False,1696550400,0,positif,0.6264,positif,positif,positif,soraya
arzxhCdn4PM,user_6b7e9623e5da,False,1696550400,1,positif,0.9838,positif,positif,positif,soraya
arzxhCdn4PM,user_181f4a22c681,False,1696550400,0,positif,0.9572,positif,positif,positif,soraya
arzxhCdn4PM,user_a8e4c72a6172,False,1696550400,0,positif,0.9895,positif,tanpa_emoji,positif,soraya
arzxhCdn4PM,user_d96bf8f52eb9,False,1696550400,0,netral,0.6195,netral,tanpa_emoji,netral,soraya
arzxhCdn4PM,user_66ae6f611fb3,False,1696550400,0,netral,0.9249,netral,tanpa_emoji,netral,soraya
arzxhCdn4PM,user_e22d66048c47,False,1696550400,0,netral,0.9249,netral,tanpa_emoji,netral,soraya
arzxhCdn4PM,user_225082212f3b,False,1696550400,0,negatif,0.9843,positif,tanpa_emoji,negatif,soraya
arzxhCdn4PM,user_d4a5341827cd,False,1696550400,0,negatif,0.7915,netral,tanpa_emoji,negatif,soraya
arzxhCdn4PM,user_23b98e69c246,False,1696550400,1,negatif,0.8002,netral,tanpa_emoji,negatif,soraya
arzxhCdn4PM,user_05826126b5a9,True,1696550400,0,negatif,0.7659,netral,netral,netral,soraya
arzxhCdn4PM,user_4266a0490d46,False,1696550400,0,negatif,0.8991,netral,netral,netral,soraya
arzxhCdn4PM,user_90b1439cfb0e,False,1696550400,0,negatif,0.9624,netral,tanpa_emoji,negatif,soraya
arzxhCdn4PM,user_eb3bc94bc543,False,1696550400,1,positif,0.9905,negatif,tanpa_emoji,positif,soraya
arzxhCdn4PM,user_01cbcb061668,False,1696550400,0,netral,0.4949,netral,tanpa_emoji,netral,soraya
arzxhCdn4PM,user_9fcf85b8f834,False,1696550400,0,netral,0.6089,netral,tanpa_emoji,netral,soraya
arzxhCdn4PM,user_6e4df8640e68,False,1696550400,0,positif,0.9974,positif,positif,positif,soraya
arzxhCdn4PM,user_06a28ac639ef,False,1696550400,0,positif,0.901,positif,netral,positif,soraya
arzxhCdn4PM,user_9c559b1625c9,False,1696550400,1,negatif,0.8039,netral,tanpa_emoji,negatif,soraya
arzxhCdn4PM,user_8f9def534a3c,False,1696550400,0,negatif,0.9546,netral,tanpa_emoji,negatif,soraya
arzxhCdn4PM,user_7f3c324ccf28,False,1696550400,0,netral,0.9357,netral,tanpa_emoji,netral,soraya
arzxhCdn4PM,user_a3d3aa35918b,False,1696550400,0,netral,0.9689,netral,tanpa_emoji,netral,soraya
arzxhCdn4PM,user_8f6d3d3624a3,False,1696550400,0,negatif,0.7088,netral,tanpa_emoji,negatif,soraya
arzxhCdn4PM,user_326ca355c97f,False,1696550400,0,negatif,0.9899,netral,tanpa_emoji,negatif,soraya
cF7Z1RLKlu0,user_bbc89b4b9aa7,False,1767657600,62,positif,0.5713,positif,netral,positif,soraya
cF7Z1RLKlu0,user_1af3ba266551,False,1767657600,23,positif,0.9799,positif,tanpa_emoji,positif,soraya
cF7Z1RLKlu0,user_5973677c9c3a,False,1767657600,18,positif,0.964,positif,tanpa_emoji,positif,soraya
cF7Z1RLKlu0,user_d2e9c7419ad5,False,1767657600,34,netral,0.7643,netral,tanpa_emoji,netral,soraya
cF7Z1RLKlu0,user_8483659fc4c9,False,1767657600,8,negatif,0.9577,netral,tanpa_emoji,negatif,soraya
cF7Z1RLKlu0,user_7c459b313708,False,1767657600,9,positif,0.9129,positif,tanpa_emoji,positif,soraya
cF7Z1RLKlu0,user_2f9b63828ec6,False,1767657600,6,positif,0.8969,positif,netral,positif,soraya
cF7Z1RLKlu0,user_0b3d09c62210,False,1767657600,25,negatif,0.9496,netral,tanpa_emoji,negatif,soraya
cF7Z1RLKlu0,user_84f809bedcf7,True,1767657600,1,negatif,0.9967,netral,tanpa_emoji,negatif,soraya
cF7Z1RLKlu0,user_aa82905e6f7e,True,1767657600,0,netral,0.4755,positif,tanpa_emoji,netral,soraya
cF7Z1RLKlu0,user_3296d9c642ac,True,1767657600,0,negatif,0.9981,netral,tanpa_emoji,negatif,soraya
cF7Z1RLKlu0,user_3369eac65f77,True,1767657600,0,negatif,0.9949,positif,positif,negatif,soraya
cF7Z1RLKlu0,user_968e7d4174ab,False,1767657600,6,netral,0.9578,netral,tanpa_emoji,netral,soraya
cF7Z1RLKlu0,user_2578d624d4e9,False,1767657600,8,positif,0.9771,positif,netral,positif,soraya
cF7Z1RLKlu0,user_5f637082d7a0,False,1767657600,13,netral,0.9433,netral,tanpa_emoji,netral,soraya
cF7Z1RLKlu0,user_d5d558f1d94c,False,1767657600,5,positif,0.9979,positif,positif,positif,soraya
cF7Z1RLKlu0,user_966b33b83a17,False,1767657600,2,positif,0.8048,positif,positif,positif,soraya
cF7Z1RLKlu0,user_e7cf66833071,False,1767657600,96,positif,0.884,netral,netral,positif,soraya
cF7Z1RLKlu0,user_817ac8e3713b,True,1767657600,21,negatif,0.5015,netral,tanpa_emoji,negatif,soraya
cF7Z1RLKlu0,user_abba31e849c2,True,1767657600,11,netral,0.9916,netral,tanpa_emoji,netral,soraya
cF7Z1RLKlu0,user_96ec0ea5ae7c,True,1767657600,1,negatif,0.9063,netral,tanpa_emoji,negatif,soraya
cF7Z1RLKlu0,user_817ac8e3713b,True,1767657600,1,netral,0.8144,negatif,tanpa_emoji,netral,soraya
cF7Z1RLKlu0,user_abba31e849c2,True,1767657600,5,netral,0.9919,netral,tanpa_emoji,netral,soraya
cF7Z1RLKlu0,user_1efea53ab36c,True,1767657600,5,positif,0.7198,positif,tanpa_emoji,positif,soraya
cF7Z1RLKlu0,user_22bbc0529eec,True,1767657600,5,negatif,0.7231,netral,netral,negatif,soraya
cF7Z1RLKlu0,user_531a4fc80cad,True,1767657600,7,negatif,0.908,netral,netral,negatif,soraya
cF7Z1RLKlu0,user_205871c9a6ce,True,1767657600,4,positif,0.9819,positif,tanpa_emoji,positif,soraya
cF7Z1RLKlu0,user_eca7bb86f067,True,1767657600,2,negatif,0.4896,netral,tanpa_emoji,negatif,soraya
cF7Z1RLKlu0,user_525a30b4c533,True,1767657600,1,positif,0.9904,positif,tanpa_emoji,positif,soraya
cF7Z1RLKlu0,user_1b289db7dc86,True,1767657600,0,netral,0.7225,netral,tanpa_emoji,netral,soraya
cF7Z1RLKlu0,user_4149771a3cc5,True,1767657600,0,negatif,0.5742,netral,tanpa_emoji,negatif,soraya
cF7Z1RLKlu0,user_4149771a3cc5,True,1767657600,0,negatif,0.4062,netral,tanpa_emoji,negatif,soraya
cF7Z1RLKlu0,user_b1b6353ec8e7,True,1770336000,0,negatif,0.9404,positif,netral,negatif,soraya
cF7Z1RLKlu0,user_274093650f94,True,1775433600,0,positif,0.9569,netral,tanpa_emoji,positif,soraya
cF7Z1RLKlu0,user_ea9b2015c36d,False,1767657600,2,positif,0.853,netral,tanpa_emoji,positif,soraya
cF7Z1RLKlu0,user_130f8029163e,False,1767657600,2,positif,0.9878,positif,positif,positif,soraya
cF7Z1RLKlu0,user_b4a6c65417bd,False,1767657600,2,negatif,0.9058,positif,tanpa_emoji,negatif,soraya
cF7Z1RLKlu0,user_81c0bd69b8ed,False,1767657600,1,positif,0.7896,positif,positif,positif,soraya
cF7Z1RLKlu0,user_8eb40ad9a3e7,False,1767657600,4,negatif,0.9965,netral,positif,negatif,soraya
cF7Z1RLKlu0,user_380b8692b160,False,1767657600,2,positif,0.822,netral,tanpa_emoji,positif,soraya
cF7Z1RLKlu0,user_cf0f212c6675,False,1767657600,28,negatif,0.8954,negatif,netral,negatif,soraya
cF7Z1RLKlu0,user_f1ed60339764,True,1767657600,4,positif,0.571,netral,tanpa_emoji,positif,soraya
cF7Z1RLKlu0,user_ad1d60dd0fe9,True,1767657600,2,negatif,0.9979,netral,tanpa_emoji,negatif,soraya
cF7Z1RLKlu0,user_124704b35c24,True,1767657600,2,negatif,0.8541,negatif,netral,negatif,soraya
cF7Z1RLKlu0,user_eb00d493ee1c,True,1767657600,0,negatif,0.8401,negatif,tanpa_emoji,negatif,soraya
cF7Z1RLKlu0,user_8ddfbb0a8f36,True,1767657600,1,negatif,0.976,netral,tanpa_emoji,negatif,soraya
cF7Z1RLKlu0,user_e4a57279bcac,True,1767657600,1,positif,0.7998,netral,tanpa_emoji,positif,soraya
cF7Z1RLKlu0,user_2d90ea4952b8,True,1767657600,1,negatif,0.9498,netral,tanpa_emoji,negatif,soraya
cF7Z1RLKlu0,user_02e3c4b4393e,True,1767657600,0,positif,0.7148,netral,tanpa_emoji,positif,soraya
cF7Z1RLKlu0,user_3576dc7722c4,True,1767657600,0,negatif,0.7622,negatif,tanpa_emoji,negatif,soraya
cF7Z1RLKlu0,user_8476a78d3515,True,1767657600,0,negatif,0.554,netral,tanpa_emoji,negatif,soraya
cF7Z1RLKlu0,user_49703e9d5976,False,1767657600,3,netral,0.9444,positif,positif,netral,soraya
cF7Z1RLKlu0,user_08d0e216eb0d,False,1772755200,0,positif,0.4911,positif,positif,positif,soraya
cF7Z1RLKlu0,user_228f73055a93,False,1767657600,1,positif,0.3997,netral,tanpa_emoji,positif,soraya
cF7Z1RLKlu0,user_f1b86c429095,False,1767657600,0,negatif,0.4989,positif,tanpa_emoji,negatif,soraya
cF7Z1RLKlu0,user_0308080ba99d,False,1767657600,3,negatif,0.9982,netral,positif,negatif,soraya
cF7Z1RLKlu0,user_02788f196988,False,1767657600,1,negatif,0.5596,netral,tanpa_emoji,negatif,soraya
cF7Z1RLKlu0,user_1048bf1c61c6,False,1767657600,0,positif,0.6743,positif,positif,positif,soraya
cF7Z1RLKlu0,user_c9a0d2374efa,False,1767657600,1,positif,0.9908,positif,tanpa_emoji,positif,soraya
cF7Z1RLKlu0,user_f1c51a80ef44,False,1767657600,1,positif,0.7142,netral,tanpa_emoji,positif,soraya
cF7Z1RLKlu0,user_6ba6d1d464ee,False,1767657600,1,positif,0.9667,netral,tanpa_emoji,positif,soraya
cF7Z1RLKlu0,user_dcb67e9c47b2,False,1767657600,6,negatif,0.9991,netral,tanpa_emoji,negatif,soraya
cF7Z1RLKlu0,user_057ed6328330,True,1767657600,1,negatif,0.9831,positif,positif,negatif,soraya
cF7Z1RLKlu0,user_99db38df27f6,False,1767657600,2,positif,0.9856,positif,positif,positif,soraya
cF7Z1RLKlu0,user_c7de3ff6d871,False,1767657600,1,negatif,0.8191,positif,tanpa_emoji,negatif,soraya
cF7Z1RLKlu0,user_007b73d7a3b6,False,1767657600,1,positif,0.9676,positif,positif,positif,soraya
cF7Z1RLKlu0,user_47527fa583de,False,1767657600,8,positif,0.9982,positif,tanpa_emoji,positif,soraya
cF7Z1RLKlu0,user_a27f78eea180,False,1767657600,0,negatif,0.8574,positif,tanpa_emoji,negatif,soraya
cF7Z1RLKlu0,user_0c009e091315,False,1767657600,0,positif,0.9962,positif,tanpa_emoji,positif,soraya
cF7Z1RLKlu0,user_195b8068cb8c,False,1767657600,1,negatif,0.849,positif,positif,negatif,soraya
cF7Z1RLKlu0,user_4a3c4156452d,False,1767657600,0,positif,0.9841,positif,tanpa_emoji,positif,soraya
cF7Z1RLKlu0,user_3c0cfb5830c1,False,1767657600,0,positif,0.9613,netral,tanpa_emoji,positif,soraya
cF7Z1RLKlu0,user_652403d1bc23,False,1767657600,0,positif,0.9904,positif,positif,positif,soraya
cF7Z1RLKlu0,user_d237b16774fe,False,1767657600,1,negatif,0.8011,positif,tanpa_emoji,negatif,soraya
cF7Z1RLKlu0,user_2605e216aaa4,False,1767657600,0,positif,0.9817,positif,tanpa_emoji,positif,soraya
cF7Z1RLKlu0,user_98e93cfcf8af,False,1767657600,0,negatif,0.9969,netral,tanpa_emoji,negatif,soraya
cF7Z1RLKlu0,user_61b15bc9d457,False,1767657600,0,positif,0.9047,positif,tanpa_emoji,positif,soraya
cF7Z1RLKlu0,user_27ec8d3dcfb3,False,1767657600,0,negatif,0.8929,netral,tanpa_emoji,negatif,soraya
cF7Z1RLKlu0,user_4f0f1ed9f587,False,1767657600,0,positif,0.9134,positif,tanpa_emoji,positif,soraya
cF7Z1RLKlu0,user_644c328c04b9,False,1767657600,0,netral,0.8903,netral,tanpa_emoji,netral,soraya
cF7Z1RLKlu0,user_52081cfbef08,False,1767657600,0,positif,0.9883,positif,tanpa_emoji,positif,soraya
cF7Z1RLKlu0,user_3a730ecce661,False,1767657600,0,positif,0.7876,positif,tanpa_emoji,positif,soraya
cF7Z1RLKlu0,user_2f1b3ff78baa,False,1767657600,1,negatif,0.6659,positif,positif,negatif,soraya
cF7Z1RLKlu0,user_24be3b72f686,False,1767657600,0,positif,0.5884,netral,netral,positif,soraya
cF7Z1RLKlu0,user_91fad7dc182c,False,1767657600,0,positif,0.5676,positif,positif,positif,soraya
cF7Z1RLKlu0,user_0ade2f9894c4,False,1767657600,1,negatif,0.973,positif,positif,negatif,soraya
cF7Z1RLKlu0,user_dd322215ea5d,False,1767657600,0,negatif,0.9566,negatif,tanpa_emoji,negatif,soraya
cF7Z1RLKlu0,user_37aef45e0b35,False,1767657600,0,positif,0.9898,positif,tanpa_emoji,positif,soraya
cF7Z1RLKlu0,user_288817fe8ea1,False,1767657600,0,positif,0.9912,positif,tanpa_emoji,positif,soraya
cF7Z1RLKlu0,user_7067c2ca1728,False,1767657600,0,positif,0.8711,positif,positif,positif,soraya
cF7Z1RLKlu0,user_f952da063f4c,False,1767657600,0,negatif,0.9563,netral,tanpa_emoji,negatif,soraya
cF7Z1RLKlu0,user_1d8b694864c6,False,1767657600,0,negatif,0.957,negatif,tanpa_emoji,negatif,soraya
cF7Z1RLKlu0,user_aa5ef7dcd574,False,1767657600,0,positif,0.801,positif,tanpa_emoji,positif,soraya
cF7Z1RLKlu0,user_dbf8f35a2432,False,1767657600,0,netral,0.4518,positif,positif,positif,soraya
cF7Z1RLKlu0,user_58ba010ae3ac,False,1767657600,19,positif,0.8608,netral,tanpa_emoji,positif,soraya
cF7Z1RLKlu0,user_7b2ea548da44,True,1767657600,5,positif,0.9783,positif,tanpa_emoji,positif,soraya
cF7Z1RLKlu0,user_0cf509974fe7,True,1767657600,2,netral,0.7723,netral,tanpa_emoji,netral,soraya
cF7Z1RLKlu0,user_f7a0c2f49516,False,1767657600,0,negatif,0.9321,netral,netral,negatif,soraya
cF7Z1RLKlu0,user_73afd873b856,False,1767657600,0,positif,0.9962,positif,positif,positif,soraya
cF7Z1RLKlu0,user_bbcd4ec0865a,False,1772755200,0,positif,0.9628,netral,tanpa_emoji,positif,soraya
cF7Z1RLKlu0,user_ea70b78e6019,False,1767657600,0,negatif,0.9889,positif,tanpa_emoji,negatif,soraya
cF7Z1RLKlu0,user_e82c08e768e0,False,1767657600,0,positif,0.8643,positif,tanpa_emoji,positif,soraya
cF7Z1RLKlu0,user_bf73ec2b9632,False,1767657600,0,netral,0.8644,netral,tanpa_emoji,netral,soraya
cF7Z1RLKlu0,user_0eb03e0cdcc3,False,1767657600,2,negatif,0.9783,negatif,tanpa_emoji,negatif,soraya
cF7Z1RLKlu0,user_daf7e6945143,False,1767657600,0,positif,0.9757,positif,tanpa_emoji,positif,soraya
cF7Z1RLKlu0,user_819082b96962,False,1767657600,0,positif,0.5275,positif,tanpa_emoji,positif,soraya
cF7Z1RLKlu0,user_d4c04b5efb22,False,1767657600,2,positif,0.9414,netral,tanpa_emoji,positif,soraya
cF7Z1RLKlu0,user_548d36c370b3,True,1767657600,0,negatif,0.7823,netral,tanpa_emoji,negatif,soraya
cF7Z1RLKlu0,user_c4e6572eec5a,False,1770336000,0,positif,0.9983,positif,positif,positif,soraya
cF7Z1RLKlu0,user_3d686f4c641b,False,1767657600,0,netral,0.7484,netral,tanpa_emoji,netral,soraya
cF7Z1RLKlu0,user_359fb76c6927,False,1767657600,0,negatif,0.7063,netral,netral,negatif,soraya
cF7Z1RLKlu0,user_289ed14426d2,False,1767657600,0,negatif,0.805,netral,netral,negatif,soraya
cF7Z1RLKlu0,user_2e40a648fd76,False,1767657600,1,negatif,0.8747,netral,tanpa_emoji,negatif,soraya
cF7Z1RLKlu0,user_cfb57e130ee9,True,1767657600,0,netral,0.9831,netral,tanpa_emoji,netral,soraya
cF7Z1RLKlu0,user_c47ab7217e3c,False,1767657600,0,netral,0.5224,netral,netral,netral,soraya
cF7Z1RLKlu0,user_8d8caf8a4f68,False,1770336000,0,netral,0.7583,netral,tanpa_emoji,netral,soraya
cF7Z1RLKlu0,user_c66c16aaa14b,False,1767657600,0,netral,0.9742,netral,tanpa_emoji,netral,soraya
cF7Z1RLKlu0,user_7779ad396763,False,1767657600,0,negatif,0.8609,positif,netral,negatif,soraya
cF7Z1RLKlu0,user_a062c41577a2,False,1767657600,0,negatif,0.996,netral,tanpa_emoji,negatif,soraya
cF7Z1RLKlu0,user_cbb1142bb161,False,1767657600,0,negatif,0.9949,netral,netral,negatif,soraya
cF7Z1RLKlu0,user_9e205d0321b0,False,1767657600,0,negatif,0.8868,netral,netral,netral,soraya
cF7Z1RLKlu0,user_8b9b8a02b0da,False,1767657600,0,positif,0.5437,positif,netral,positif,soraya
cF7Z1RLKlu0,user_c606f3ce7ebd,False,1767657600,1,negatif,0.9385,netral,netral,negatif,soraya
cF7Z1RLKlu0,user_3e151c86e70d,False,1767657600,0,negatif,0.4525,netral,netral,negatif,soraya
cF7Z1RLKlu0,user_5d2ded85b416,False,1767657600,0,positif,0.9975,positif,tanpa_emoji,positif,soraya
cF7Z1RLKlu0,user_f4dc79b52f64,False,1767657600,0,negatif,0.6278,negatif,tanpa_emoji,negatif,soraya
cF7Z1RLKlu0,user_f0ec2fb9349d,False,1770336000,0,netral,0.7511,netral,tanpa_emoji,netral,soraya
cF7Z1RLKlu0,user_c99ad531b8e6,False,1767657600,0,negatif,0.7659,netral,tanpa_emoji,negatif,soraya
cF7Z1RLKlu0,user_38518b7c1ec1,False,1767657600,1,negatif,0.9729,netral,tanpa_emoji,negatif,soraya
cF7Z1RLKlu0,user_41cc6259ef60,True,1767657600,0,netral,0.7,netral,netral,netral,soraya
cF7Z1RLKlu0,user_89335d85e764,False,1770336000,0,negatif,0.9949,positif,netral,negatif,soraya
cF7Z1RLKlu0,user_aa293019e584,False,1767657600,0,negatif,0.5801,netral,tanpa_emoji,negatif,soraya
cF7Z1RLKlu0,user_38fb02642b25,True,1767657600,0,negatif,0.8828,negatif,tanpa_emoji,negatif,soraya
cF7Z1RLKlu0,user_68d1708a33ec,False,1770336000,0,negatif,0.994,negatif,tanpa_emoji,negatif,soraya
cF7Z1RLKlu0,user_7618b6fbc191,False,1770336000,0,negatif,0.9379,negatif,tanpa_emoji,negatif,soraya
cF7Z1RLKlu0,user_4d8d315a8e3d,False,1767657600,0,negatif,0.9839,negatif,tanpa_emoji,negatif,soraya
cF7Z1RLKlu0,user_f2aad344766a,False,1767657600,0,negatif,0.9779,negatif,tanpa_emoji,negatif,soraya
cF7Z1RLKlu0,user_fd8496750530,False,1767657600,0,netral,0.8516,netral,tanpa_emoji,netral,soraya
cF7Z1RLKlu0,user_e11e52957c39,False,1767657600,0,positif,0.9502,netral,netral,positif,soraya
cF7Z1RLKlu0,user_7171e5476a89,False,1767657600,3,negatif,0.8716,netral,tanpa_emoji,negatif,soraya
cF7Z1RLKlu0,user_a729a389fd5f,True,1767657600,0,positif,0.9752,positif,tanpa_emoji,positif,soraya
cF7Z1RLKlu0,user_7171e5476a89,True,1767657600,0,positif,0.7582,netral,tanpa_emoji,positif,soraya
cF7Z1RLKlu0,user_a147dad32292,True,1767657600,0,netral,0.5793,netral,tanpa_emoji,netral,soraya
cF7Z1RLKlu0,user_7171e5476a89,True,1767657600,0,netral,0.5851,netral,tanpa_emoji,netral,soraya
cF7Z1RLKlu0,user_aa9ce760ea89,False,1767657600,0,negatif,0.9025,netral,tanpa_emoji,negatif,soraya
cF7Z1RLKlu0,user_ab3d00be8047,True,1767657600,0,negatif,0.5297,netral,tanpa_emoji,negatif,soraya
cF7Z1RLKlu0,user_aa9ce760ea89,True,1767657600,0,negatif,0.6435,netral,tanpa_emoji,negatif,soraya
cF7Z1RLKlu0,user_ab3d00be8047,True,1767657600,0,netral,0.5581,negatif,tanpa_emoji,netral,soraya
cF7Z1RLKlu0,user_91d6f62ba94f,False,1767657600,0,negatif,0.8823,positif,positif,negatif,soraya
cF7Z1RLKlu0,user_dd8e8ec36225,False,1767657600,0,negatif,0.9957,netral,netral,negatif,soraya
cF7Z1RLKlu0,user_12beb3e29e4c,False,1767657600,0,negatif,0.9089,netral,tanpa_emoji,negatif,soraya
cF7Z1RLKlu0,user_0c797f599d5d,True,1767657600,0,negatif,0.9942,netral,tanpa_emoji,negatif,soraya
cF7Z1RLKlu0,user_b04eb538e705,False,1767657600,0,negatif,0.9985,netral,netral,negatif,soraya
cF7Z1RLKlu0,user_ae49cf498c1b,True,1767657600,0,negatif,0.9555,netral,tanpa_emoji,negatif,soraya
cF7Z1RLKlu0,user_2ce14be17ea1,False,1767657600,0,negatif,0.9966,netral,tanpa_emoji,negatif,soraya
cF7Z1RLKlu0,user_7dbbaa9c1486,False,1767657600,0,negatif,0.8685,negatif,tanpa_emoji,negatif,soraya
cF7Z1RLKlu0,user_923d7df7da04,True,1767657600,0,negatif,0.9726,netral,netral,negatif,soraya
cF7Z1RLKlu0,user_33a0d10e488e,False,1767657600,0,netral,0.8898,netral,tanpa_emoji,netral,soraya
cF7Z1RLKlu0,user_d7da12c9dcfa,False,1767657600,0,positif,0.9169,positif,tanpa_emoji,positif,soraya
cF7Z1RLKlu0,user_961f3d26d8d0,False,1767657600,0,negatif,0.8384,netral,netral,netral,soraya
cF7Z1RLKlu0,user_883522c88f26,False,1767657600,1,positif,0.7488,positif,tanpa_emoji,positif,soraya
cF7Z1RLKlu0,user_aa82905e6f7e,True,1767657600,0,positif,0.8613,netral,tanpa_emoji,positif,soraya
cF7Z1RLKlu0,user_05e836406a31,True,1767657600,0,negatif,0.8763,netral,tanpa_emoji,negatif,soraya
cF7Z1RLKlu0,user_0c797f599d5d,True,1767657600,0,negatif,0.8739,netral,tanpa_emoji,negatif,soraya
cF7Z1RLKlu0,user_0bded558377d,False,1767657600,1,negatif,0.6344,netral,tanpa_emoji,negatif,soraya
cF7Z1RLKlu0,user_62cc3b78a759,True,1767657600,0,negatif,0.9449,netral,tanpa_emoji,negatif,soraya
cF7Z1RLKlu0,user_0bded558377d,True,1767657600,0,netral,0.9828,netral,tanpa_emoji,netral,soraya
cF7Z1RLKlu0,user_fd5a22e44ee0,True,1767657600,0,positif,0.8888,positif,tanpa_emoji,positif,soraya
cF7Z1RLKlu0,user_7c5336d773df,False,1767657600,0,positif,0.9042,positif,positif,positif,soraya
cF7Z1RLKlu0,user_e4da96edae57,False,1770336000,0,positif,0.7849,netral,tanpa_emoji,positif,soraya
cF7Z1RLKlu0,user_8a47a3fb7067,False,1767657600,1,negatif,0.9762,netral,tanpa_emoji,negatif,soraya
cF7Z1RLKlu0,user_aefdf05044d2,True,1767657600,1,negatif,0.9815,netral,tanpa_emoji,negatif,soraya
cF7Z1RLKlu0,user_8a47a3fb7067,True,1767657600,1,negatif,0.4164,positif,netral,negatif,soraya
cF7Z1RLKlu0,user_7239eaf0452a,False,1767657600,0,negatif,0.9979,negatif,negatif,negatif,soraya
cF7Z1RLKlu0,user_136bcfec5c22,True,1767657600,0,negatif,0.9948,netral,tanpa_emoji,negatif,soraya
cF7Z1RLKlu0,user_76f90f8e0687,False,1767657600,0,negatif,0.9965,positif,netral,negatif,soraya
cF7Z1RLKlu0,user_e11e52957c39,False,1767657600,0,negatif,0.4973,positif,tanpa_emoji,negatif,soraya
cF7Z1RLKlu0,user_060375c218aa,False,1770336000,0,negatif,0.9824,negatif,tanpa_emoji,negatif,soraya
cF7Z1RLKlu0,user_818d430ed143,False,1767657600,0,positif,0.9047,netral,tanpa_emoji,positif,soraya
cF7Z1RLKlu0,user_19e9b3d9d45a,False,1767657600,0,negatif,0.9985,netral,tanpa_emoji,negatif,soraya
cF7Z1RLKlu0,user_45e81c00d535,False,1770336000,0,negatif,0.9964,negatif,tanpa_emoji,negatif,soraya
cF7Z1RLKlu0,user_8d9c89956a23,False,1767657600,0,negatif,0.999,netral,tanpa_emoji,negatif,soraya
cF7Z1RLKlu0,user_2e783b7ab65e,False,1767657600,0,negatif,0.9001,positif,netral,negatif,soraya
cF7Z1RLKlu0,user_893454f0c307,True,1767657600,0,negatif,0.4059,netral,tanpa_emoji,negatif,soraya
cF7Z1RLKlu0,user_d07fd5ad272e,False,1767657600,0,negatif,0.9985,negatif,tanpa_emoji,negatif,soraya
gc81ZkY-Kg8,user_9edf001da41a,False,1728172800,45,negatif,0.9966,negatif,netral,negatif,soraya
gc81ZkY-Kg8,user_a606d1397ead,False,1728172800,30,netral,0.6607,netral,tanpa_emoji,netral,soraya
gc81ZkY-Kg8,user_bc6ed0cf043e,False,1728172800,26,negatif,0.9826,netral,netral,negatif,soraya
gc81ZkY-Kg8,user_7c898690d845,False,1728172800,23,positif,0.7469,positif,tanpa_emoji,positif,soraya
gc81ZkY-Kg8,user_dadb98a4e55c,False,1728172800,11,negatif,0.9991,netral,netral,negatif,soraya
gc81ZkY-Kg8,user_197493dffa2a,False,1728172800,9,positif,0.7697,positif,netral,positif,soraya
gc81ZkY-Kg8,user_53042968f818,False,1728172800,71,positif,0.7148,netral,tanpa_emoji,positif,soraya
gc81ZkY-Kg8,user_5a084c60d96f,True,1728172800,8,negatif,0.7443,netral,tanpa_emoji,negatif,soraya
gc81ZkY-Kg8,user_954567ef3d54,True,1728172800,4,negatif,0.9923,netral,tanpa_emoji,negatif,soraya
gc81ZkY-Kg8,user_197493dffa2a,True,1728172800,4,positif,0.7697,positif,netral,positif,soraya
gc81ZkY-Kg8,user_5e8dd45aea24,True,1728172800,0,negatif,0.8612,netral,tanpa_emoji,negatif,soraya
gc81ZkY-Kg8,user_5e8dd45aea24,True,1728172800,0,negatif,0.9857,netral,tanpa_emoji,negatif,soraya
gc81ZkY-Kg8,user_503d3f2baaf4,True,1728172800,0,positif,0.4555,netral,tanpa_emoji,positif,soraya
gc81ZkY-Kg8,user_ae879cadeb77,True,1728172800,0,netral,0.803,netral,tanpa_emoji,netral,soraya
gc81ZkY-Kg8,user_5e8dd45aea24,True,1728172800,0,negatif,0.9969,netral,tanpa_emoji,negatif,soraya
gc81ZkY-Kg8,user_ae879cadeb77,True,1728172800,0,negatif,0.9952,netral,tanpa_emoji,negatif,soraya
gc81ZkY-Kg8,user_0e8547d242a2,True,1728172800,0,negatif,0.9938,negatif,netral,negatif,soraya
gc81ZkY-Kg8,user_0e8547d242a2,True,1728172800,0,negatif,0.9616,negatif,netral,negatif,soraya
gc81ZkY-Kg8,user_ce037289eaf4,True,1728172800,0,netral,0.7554,netral,netral,netral,soraya
gc81ZkY-Kg8,user_37051d49383e,True,1728172800,0,negatif,0.9752,negatif,netral,negatif,soraya
gc81ZkY-Kg8,user_084f96236c22,True,1728172800,0,negatif,0.9972,netral,tanpa_emoji,negatif,soraya
gc81ZkY-Kg8,user_2be3fbe47517,False,1728172800,3,negatif,0.9469,positif,netral,negatif,soraya
gc81ZkY-Kg8,user_868215dc7ac2,False,1728172800,37,negatif,0.9988,netral,netral,negatif,soraya
gc81ZkY-Kg8,user_a95d3d30e767,True,1728172800,3,negatif,0.8014,netral,netral,negatif,soraya
gc81ZkY-Kg8,user_440f2a5a7f96,True,1728172800,1,negatif,0.9956,netral,netral,negatif,soraya
gc81ZkY-Kg8,user_73fb4a2debed,False,1728172800,7,negatif,0.9988,netral,tanpa_emoji,negatif,soraya
gc81ZkY-Kg8,user_ff4975b06ab5,False,1728172800,6,positif,0.9457,netral,tanpa_emoji,positif,soraya
gc81ZkY-Kg8,user_38bf73dc9662,False,1728172800,6,negatif,0.4932,positif,tanpa_emoji,negatif,soraya
gc81ZkY-Kg8,user_ac562ee40355,False,1728172800,1,negatif,0.9965,negatif,netral,negatif,soraya
gc81ZkY-Kg8,user_f4d6fe6ed41f,False,1728172800,3,negatif,0.9973,netral,tanpa_emoji,negatif,soraya
gc81ZkY-Kg8,user_9a782b2c67d3,False,1728172800,11,positif,0.8023,netral,netral,positif,soraya
gc81ZkY-Kg8,user_68b0a8f92a8d,True,1728172800,1,negatif,0.9988,positif,positif,negatif,soraya
gc81ZkY-Kg8,user_380b8692b160,False,1728172800,3,positif,0.9908,positif,tanpa_emoji,positif,soraya
gc81ZkY-Kg8,user_89a39bdaccbc,False,1728172800,4,negatif,0.9666,netral,netral,negatif,soraya
gc81ZkY-Kg8,user_49caa1e73b35,False,1728172800,6,negatif,0.9909,negatif,netral,negatif,soraya
gc81ZkY-Kg8,user_f62404782045,True,1728172800,3,negatif,0.9974,netral,tanpa_emoji,negatif,soraya
gc81ZkY-Kg8,user_9f09a5dae614,False,1728172800,5,netral,0.6216,netral,netral,netral,soraya
gc81ZkY-Kg8,user_c13b3cf83334,False,1728172800,4,negatif,0.791,netral,tanpa_emoji,negatif,soraya
gc81ZkY-Kg8,user_f699db431813,False,1728172800,2,negatif,0.9885,negatif,netral,negatif,soraya
gc81ZkY-Kg8,user_b45dd174b096,False,1728172800,1,negatif,0.599,netral,tanpa_emoji,negatif,soraya
gc81ZkY-Kg8,user_4f2f8c09ca91,False,1728172800,3,positif,0.992,netral,tanpa_emoji,positif,soraya
gc81ZkY-Kg8,user_c676e5bbcf09,False,1728172800,0,netral,0.8174,netral,tanpa_emoji,netral,soraya
gc81ZkY-Kg8,user_3544ecd1368c,False,1728172800,1,negatif,0.9983,netral,netral,negatif,soraya
gc81ZkY-Kg8,user_c13b3cf83334,False,1728172800,1,positif,0.8346,netral,tanpa_emoji,positif,soraya
gc81ZkY-Kg8,user_9a360ecbe790,False,1728172800,0,negatif,0.989,positif,tanpa_emoji,negatif,soraya
gc81ZkY-Kg8,user_38c15a91ec81,False,1728172800,0,negatif,0.7233,netral,tanpa_emoji,negatif,soraya
gc81ZkY-Kg8,user_104373a7905c,False,1772755200,0,netral,0.7809,netral,tanpa_emoji,netral,soraya
gc81ZkY-Kg8,user_3dd4d8ee08bd,False,1728172800,1,positif,0.7711,netral,netral,positif,soraya
gc81ZkY-Kg8,user_afd627f59460,False,1728172800,0,positif,0.9429,positif,positif,positif,soraya
gc81ZkY-Kg8,user_adc3bbfcad88,False,1728172800,1,positif,0.9717,netral,netral,positif,soraya
gc81ZkY-Kg8,user_4c64648c9b09,False,1728172800,0,negatif,0.9717,negatif,netral,negatif,soraya
gc81ZkY-Kg8,user_c26eff913f37,False,1728172800,4,positif,0.9944,positif,tanpa_emoji,positif,soraya
gc81ZkY-Kg8,user_174692637970,False,1728172800,0,positif,0.8154,netral,tanpa_emoji,positif,soraya
gc81ZkY-Kg8,user_40dfb754f50e,False,1728172800,0,negatif,0.7309,netral,netral,negatif,soraya
gc81ZkY-Kg8,user_0780fc9b2ff2,False,1728172800,0,negatif,0.9888,netral,tanpa_emoji,negatif,soraya
gc81ZkY-Kg8,user_acc9d811f90e,False,1728172800,0,negatif,0.5875,positif,tanpa_emoji,negatif,soraya
gc81ZkY-Kg8,user_265b30d36b23,False,1728172800,0,negatif,0.7651,negatif,tanpa_emoji,negatif,soraya
gc81ZkY-Kg8,user_a314d315dc1a,False,1728172800,0,negatif,0.9454,netral,netral,negatif,soraya
gc81ZkY-Kg8,user_5e8dd45aea24,False,1728172800,0,negatif,0.4012,netral,tanpa_emoji,negatif,soraya
gc81ZkY-Kg8,user_fd52952bb466,False,1728172800,0,netral,0.8706,netral,netral,netral,soraya
gc81ZkY-Kg8,user_ea951d68133e,False,1728172800,3,negatif,0.9948,positif,tanpa_emoji,negatif,soraya
gc81ZkY-Kg8,user_4652d1be5338,False,1728172800,0,negatif,0.9989,positif,netral,negatif,soraya
gc81ZkY-Kg8,user_440f2a5a7f96,False,1728172800,0,negatif,0.9881,netral,tanpa_emoji,negatif,soraya
gc81ZkY-Kg8,user_bc45fdefa632,False,1728172800,0,positif,0.7877,netral,tanpa_emoji,positif,soraya
gc81ZkY-Kg8,user_43d0931a47df,False,1728172800,6,netral,0.8055,negatif,tanpa_emoji,netral,soraya
gc81ZkY-Kg8,user_b5b833b264b7,True,1728172800,0,netral,0.5714,netral,tanpa_emoji,netral,soraya
gc81ZkY-Kg8,user_6da3de6be123,True,1728172800,0,netral,0.9169,netral,tanpa_emoji,netral,soraya
gc81ZkY-Kg8,user_35ecc0397776,False,1728172800,0,negatif,0.997,netral,netral,negatif,soraya
gc81ZkY-Kg8,user_9b32456cd1c9,False,1728172800,2,negatif,0.9993,negatif,tanpa_emoji,negatif,soraya
gc81ZkY-Kg8,user_5204526e8b76,False,1728172800,0,negatif,0.5678,netral,netral,negatif,soraya
gc81ZkY-Kg8,user_b0cb5119c306,False,1728172800,0,negatif,0.9958,netral,netral,negatif,soraya
gc81ZkY-Kg8,user_523e5d3839a7,False,1728172800,0,negatif,0.8675,netral,netral,negatif,soraya
gc81ZkY-Kg8,user_becdba23ab01,False,1728172800,0,negatif,0.999,netral,tanpa_emoji,negatif,soraya
gc81ZkY-Kg8,user_e82d29674460,False,1728172800,0,negatif,0.972,netral,tanpa_emoji,negatif,soraya
gc81ZkY-Kg8,user_4a531c4d927c,False,1728172800,0,negatif,0.9991,netral,netral,negatif,soraya
gc81ZkY-Kg8,user_37f27b208c44,False,1728172800,0,positif,0.7838,netral,tanpa_emoji,positif,soraya
gc81ZkY-Kg8,user_bf037d6dc869,False,1728172800,6,negatif,0.996,positif,tanpa_emoji,negatif,soraya
gc81ZkY-Kg8,user_d7048ca6e47f,True,1728172800,1,negatif,0.9279,netral,tanpa_emoji,negatif,soraya
gc81ZkY-Kg8,user_524b2e625f8e,True,1728172800,0,netral,0.9432,netral,tanpa_emoji,netral,soraya
gc81ZkY-Kg8,user_d7048ca6e47f,True,1728172800,1,negatif,0.9455,positif,tanpa_emoji,negatif,soraya
gc81ZkY-Kg8,user_7d22393d3413,False,1728172800,1,netral,0.699,netral,tanpa_emoji,netral,soraya
ky6MO1r3UVg,user_87ab93ca43e6,False,1728172800,74,negatif,0.997,netral,netral,negatif,soraya
ky6MO1r3UVg,user_6e6d8ece3e96,False,1728172800,278,negatif,0.9323,netral,tanpa_emoji,negatif,soraya
ky6MO1r3UVg,user_286f34a2fbda,True,1728172800,32,negatif,0.5978,netral,netral,negatif,soraya
ky6MO1r3UVg,user_015f43599a67,True,1728172800,0,netral,0.8584,netral,netral,netral,soraya
ky6MO1r3UVg,user_4086a75a005c,True,1728172800,8,negatif,0.9549,netral,netral,negatif,soraya
ky6MO1r3UVg,user_8c7c3c0a1565,True,1728172800,4,negatif,0.9989,netral,netral,negatif,soraya
ky6MO1r3UVg,user_c852efca3793,True,1728172800,2,negatif,0.9934,netral,netral,netral,soraya
ky6MO1r3UVg,user_f1c3300dcd1a,True,1728172800,0,negatif,0.9089,netral,tanpa_emoji,negatif,soraya
ky6MO1r3UVg,user_c27a76f7dbbe,True,1728172800,0,negatif,0.9378,netral,tanpa_emoji,negatif,soraya
ky6MO1r3UVg,user_368299dd369d,False,1728172800,48,negatif,0.6571,netral,tanpa_emoji,negatif,soraya
ky6MO1r3UVg,user_4030cc1b1a81,False,1728172800,244,negatif,0.4063,netral,netral,negatif,soraya
ky6MO1r3UVg,user_4fcda16b2b64,True,1728172800,3,positif,0.9772,netral,tanpa_emoji,positif,soraya
ky6MO1r3UVg,user_5f925324e16a,False,1728172800,29,negatif,0.6474,netral,tanpa_emoji,negatif,soraya
ky6MO1r3UVg,user_d9c8157dcdf9,False,1728172800,162,negatif,0.9933,netral,tanpa_emoji,negatif,soraya
ky6MO1r3UVg,user_266baec6b2f0,True,1728172800,12,netral,0.5017,netral,tanpa_emoji,netral,soraya
ky6MO1r3UVg,user_277c2b6c89cf,False,1728172800,33,negatif,0.988,netral,netral,negatif,soraya
ky6MO1r3UVg,user_2885a2777bd1,False,1728172800,65,positif,0.9368,positif,positif,positif,soraya
ky6MO1r3UVg,user_a053258479c6,False,1728172800,104,negatif,0.9931,netral,netral,negatif,soraya
ky6MO1r3UVg,user_5d6a1476fd15,True,1728172800,2,positif,0.9579,netral,tanpa_emoji,positif,soraya
ky6MO1r3UVg,user_7d4d6a2e5fd7,False,1728172800,104,negatif,0.9964,netral,tanpa_emoji,negatif,soraya
ky6MO1r3UVg,user_e5daf1a0f92d,True,1728172800,0,negatif,0.9973,netral,netral,negatif,soraya
ky6MO1r3UVg,user_80b69ba8fe0a,False,1728172800,43,positif,0.4694,positif,positif,positif,soraya
ky6MO1r3UVg,user_022a92829b5f,True,1728172800,0,negatif,0.6051,negatif,tanpa_emoji,negatif,soraya
ky6MO1r3UVg,user_c3f201ba199c,False,1728172800,26,negatif,0.9429,netral,tanpa_emoji,negatif,soraya
ky6MO1r3UVg,user_1be6082c9da7,False,1728172800,13,positif,0.9955,positif,tanpa_emoji,positif,soraya
ky6MO1r3UVg,user_4c9cbcddf586,False,1728172800,24,negatif,0.9297,netral,tanpa_emoji,negatif,soraya
ky6MO1r3UVg,user_de85278fcad7,False,1728172800,5,positif,0.9696,netral,netral,positif,soraya
ky6MO1r3UVg,user_8bfed5bf4534,False,1728172800,30,negatif,0.6182,netral,netral,negatif,soraya
ky6MO1r3UVg,user_f70f2d261a98,False,1728172800,8,negatif,0.8947,netral,netral,negatif,soraya
ky6MO1r3UVg,user_ac7485bd5278,False,1728172800,5,positif,0.8746,netral,tanpa_emoji,positif,soraya
ky6MO1r3UVg,user_d93dec1a75fc,False,1728172800,3,positif,0.9872,positif,positif,positif,soraya
ky6MO1r3UVg,user_8c7c3c0a1565,False,1728172800,6,positif,0.7047,netral,tanpa_emoji,positif,soraya
ky6MO1r3UVg,user_4b8adb4c5ec4,False,1728172800,2,negatif,0.9016,netral,tanpa_emoji,negatif,soraya
ky6MO1r3UVg,user_2309b274d971,False,1728172800,3,negatif,0.9969,netral,tanpa_emoji,negatif,soraya
ky6MO1r3UVg,user_05826126b5a9,False,1728172800,7,negatif,0.9967,negatif,tanpa_emoji,negatif,soraya
ky6MO1r3UVg,user_02a978b6c213,False,1728172800,1,negatif,0.979,negatif,tanpa_emoji,negatif,soraya
ky6MO1r3UVg,user_3ee696a20a15,False,1728172800,2,negatif,0.9839,negatif,negatif,negatif,soraya
ky6MO1r3UVg,user_5b6980311fb0,False,1728172800,2,negatif,0.6656,positif,tanpa_emoji,negatif,soraya
ky6MO1r3UVg,user_9b0368995a6b,False,1728172800,0,positif,0.9973,positif,tanpa_emoji,positif,soraya
ky6MO1r3UVg,user_e0d82f96b6c6,False,1728172800,2,negatif,0.8416,netral,tanpa_emoji,negatif,soraya
ky6MO1r3UVg,user_b78c56549127,False,1728172800,1,negatif,0.6065,netral,tanpa_emoji,negatif,soraya
ky6MO1r3UVg,user_88d06769ded5,False,1728172800,1,negatif,0.5557,positif,positif,positif,soraya
ky6MO1r3UVg,user_0eeed096087a,False,1728172800,0,positif,0.9423,netral,netral,positif,soraya
ky6MO1r3UVg,user_bde0a32702d3,False,1728172800,0,positif,0.9546,negatif,netral,positif,soraya
ky6MO1r3UVg,user_a89f7ce71717,False,1728172800,0,positif,0.9288,netral,tanpa_emoji,positif,soraya
ky6MO1r3UVg,user_c8f1b3d6dc26,False,1728172800,1,negatif,0.9884,netral,tanpa_emoji,negatif,soraya
ky6MO1r3UVg,user_8a8fcd3778cd,False,1728172800,0,positif,0.9825,positif,tanpa_emoji,positif,soraya
ky6MO1r3UVg,user_5204526e8b76,False,1728172800,0,negatif,0.546,netral,tanpa_emoji,negatif,soraya
ky6MO1r3UVg,user_b696246d9f58,False,1728172800,3,negatif,0.6219,netral,netral,negatif,soraya
ky6MO1r3UVg,user_53d37d8bcc39,False,1728172800,0,positif,0.9569,positif,tanpa_emoji,positif,soraya
ky6MO1r3UVg,user_dc514e180faf,False,1728172800,0,negatif,0.9978,negatif,tanpa_emoji,negatif,soraya
ky6MO1r3UVg,user_a447ce845d94,False,1728172800,0,positif,0.582,netral,tanpa_emoji,positif,soraya
ky6MO1r3UVg,user_a77eaf3b79c2,False,1728172800,0,negatif,0.698,positif,positif,negatif,soraya
ky6MO1r3UVg,user_51ffdec9b43b,False,1728172800,1,negatif,0.9989,positif,netral,negatif,soraya
ky6MO1r3UVg,user_1596add674ae,False,1728172800,1,negatif,0.9965,netral,netral,negatif,soraya
ky6MO1r3UVg,user_7e256a36b4d2,False,1728172800,0,negatif,0.481,netral,tanpa_emoji,negatif,soraya
ky6MO1r3UVg,user_2113e52da864,False,1728172800,0,positif,0.8919,positif,positif,positif,soraya
ky6MO1r3UVg,user_23e40fa538cf,False,1728172800,1,negatif,0.9393,netral,tanpa_emoji,negatif,soraya
ky6MO1r3UVg,user_1351a2282673,False,1728172800,0,negatif,0.5333,netral,netral,negatif,soraya
ky6MO1r3UVg,user_e5daf1a0f92d,False,1728172800,0,negatif,0.9925,positif,netral,negatif,soraya
ky6MO1r3UVg,user_be2529f97769,False,1728172800,0,negatif,0.9973,netral,netral,negatif,soraya
ky6MO1r3UVg,user_876b2b60832e,False,1728172800,0,negatif,0.5723,netral,netral,negatif,soraya
ky6MO1r3UVg,user_37b9442b5105,False,1728172800,0,negatif,0.9956,netral,tanpa_emoji,negatif,soraya
ky6MO1r3UVg,user_7e0f02dcf6f7,False,1728172800,0,negatif,0.9915,netral,tanpa_emoji,negatif,soraya
ky6MO1r3UVg,user_459b9164e0bb,False,1728172800,0,negatif,0.9969,netral,tanpa_emoji,negatif,soraya
ky6MO1r3UVg,user_b68c8bc15ad0,False,1728172800,0,negatif,0.9682,netral,netral,negatif,soraya
ky6MO1r3UVg,user_1f600097739b,False,1728172800,0,positif,0.8612,netral,netral,positif,soraya
ky6MO1r3UVg,user_68e145d645e7,False,1728172800,1,negatif,0.8916,netral,tanpa_emoji,negatif,soraya
ky6MO1r3UVg,user_e8770c0d5116,False,1728172800,0,negatif,0.505,netral,netral,negatif,soraya
ky6MO1r3UVg,user_6c1bcac7b679,False,1728172800,0,negatif,0.9924,netral,tanpa_emoji,negatif,soraya
ky6MO1r3UVg,user_106677530223,False,1728172800,0,negatif,0.9684,netral,tanpa_emoji,negatif,soraya
ky6MO1r3UVg,user_fb3edd2affe7,False,1728172800,0,negatif,0.9895,netral,netral,negatif,soraya
ky6MO1r3UVg,user_a9fd06333bd9,False,1728172800,0,negatif,0.9969,netral,netral,negatif,soraya
ky6MO1r3UVg,user_ca9af33031ca,False,1728172800,1,negatif,0.7298,netral,netral,negatif,soraya
ky6MO1r3UVg,user_174733a6e56f,False,1728172800,0,negatif,0.5532,netral,netral,negatif,soraya
ky6MO1r3UVg,user_c4c75bfcb935,False,1728172800,0,negatif,0.964,netral,tanpa_emoji,negatif,soraya
ky6MO1r3UVg,user_9b7c04654155,False,1728172800,0,positif,0.9377,netral,netral,positif,soraya
ky6MO1r3UVg,user_43140224940a,False,1728172800,0,netral,0.9412,netral,tanpa_emoji,netral,soraya
ky6MO1r3UVg,user_696f90118719,True,1728172800,0,negatif,0.5447,netral,tanpa_emoji,negatif,soraya
ky6MO1r3UVg,user_ab947006e476,False,1728172800,0,negatif,0.9683,netral,netral,negatif,soraya
ky6MO1r3UVg,user_fad43625ae33,False,1728172800,4,negatif,0.9979,netral,netral,negatif,soraya
ky6MO1r3UVg,user_9fd95487f8d8,False,1728172800,0,netral,0.9192,netral,tanpa_emoji,netral,soraya
ky6MO1r3UVg,user_420746dfe39f,False,1728172800,8,negatif,0.8085,netral,tanpa_emoji,negatif,soraya
ky6MO1r3UVg,user_ad1d60dd0fe9,True,1728172800,0,negatif,0.9203,netral,netral,netral,soraya
ky6MO1r3UVg,user_013bb44891cc,False,1728172800,9,negatif,0.9738,netral,tanpa_emoji,negatif,soraya
ky6MO1r3UVg,user_5b6980311fb0,True,1728172800,0,negatif,0.8935,netral,netral,negatif,soraya
ky6MO1r3UVg,user_f73d9d203391,False,1728172800,0,negatif,0.9851,negatif,netral,negatif,soraya
ky6MO1r3UVg,user_b078a6e4b73f,False,1728172800,0,positif,0.9722,netral,netral,positif,soraya
ky6MO1r3UVg,user_1ed5d6424c9c,False,1728172800,0,negatif,0.9853,netral,netral,negatif,soraya
ky6MO1r3UVg,user_aefc152fae1d,False,1728172800,0,negatif,0.5485,netral,tanpa_emoji,negatif,soraya
ky6MO1r3UVg,user_f86984996267,False,1728172800,0,negatif,0.9462,positif,netral,negatif,soraya
ky6MO1r3UVg,user_3be6842634ff,False,1728172800,1,netral,0.9752,netral,tanpa_emoji,netral,soraya
ky6MO1r3UVg,user_d3691e804f6b,False,1728172800,0,negatif,0.5044,netral,netral,negatif,soraya
ky6MO1r3UVg,user_7293607867d0,False,1728172800,0,negatif,0.8238,netral,netral,negatif,soraya
ky6MO1r3UVg,user_82b2fcbd0a5f,False,1728172800,0,negatif,0.9973,netral,tanpa_emoji,negatif,soraya
ky6MO1r3UVg,user_9272f8518882,False,1728172800,1,positif,0.4362,netral,tanpa_emoji,positif,soraya
ky6MO1r3UVg,user_6a8085b39323,False,1728172800,0,netral,0.5734,netral,tanpa_emoji,netral,soraya
ky6MO1r3UVg,user_265b30d36b23,False,1728172800,0,positif,0.598,netral,tanpa_emoji,positif,soraya
ky6MO1r3UVg,user_c3f10f52a7a8,False,1728172800,0,negatif,0.9759,netral,netral,negatif,soraya
ky6MO1r3UVg,user_bb5ff0af7383,False,1728172800,0,negatif,0.9628,positif,tanpa_emoji,negatif,soraya
ky6MO1r3UVg,user_f68979d59b96,False,1728172800,0,negatif,0.9983,netral,tanpa_emoji,negatif,soraya
ky6MO1r3UVg,user_bc1cd6f06fbc,False,1728172800,5,netral,0.6364,netral,tanpa_emoji,netral,soraya
ky6MO1r3UVg,user_7101abe92b27,False,1728172800,0,positif,0.9725,netral,netral,positif,soraya
ky6MO1r3UVg,user_f5066f958b97,False,1728172800,0,negatif,0.9846,netral,netral,negatif,soraya
ky6MO1r3UVg,user_8fb7568f57ff,False,1728172800,0,negatif,0.7796,netral,netral,negatif,soraya
ky6MO1r3UVg,user_c354db222f83,False,1728172800,0,negatif,0.5776,positif,positif,positif,soraya
ky6MO1r3UVg,user_9f206a3490a9,False,1728172800,2,positif,0.6195,positif,tanpa_emoji,positif,soraya
ky6MO1r3UVg,user_82eb3a4171aa,False,1728172800,0,negatif,0.8041,netral,netral,negatif,soraya
ky6MO1r3UVg,user_42c5d4ecfdc6,False,1728172800,0,negatif,0.986,netral,netral,negatif,soraya
ky6MO1r3UVg,user_cae08eea0d86,False,1728172800,0,negatif,0.9918,negatif,tanpa_emoji,negatif,soraya
ky6MO1r3UVg,user_2668d6cb95c0,False,1728172800,0,negatif,0.9895,positif,tanpa_emoji,negatif,soraya
ky6MO1r3UVg,user_097f35a63936,False,1728172800,0,negatif,0.9921,netral,netral,negatif,soraya
ky6MO1r3UVg,user_5a98e0788b52,False,1728172800,1,negatif,0.9978,netral,netral,negatif,soraya
ky6MO1r3UVg,user_815a0ec59669,False,1728172800,1,negatif,0.9982,netral,netral,negatif,soraya
ky6MO1r3UVg,user_751a3b7b9bd8,False,1728172800,0,negatif,0.8066,negatif,tanpa_emoji,negatif,soraya
ky6MO1r3UVg,user_2c53ae0ad445,False,1728172800,0,netral,0.5705,netral,tanpa_emoji,netral,soraya
ky6MO1r3UVg,user_fc974fcc1713,False,1728172800,0,negatif,0.9767,negatif,tanpa_emoji,negatif,soraya
ky6MO1r3UVg,user_29727522ac71,False,1728172800,0,negatif,0.9915,netral,tanpa_emoji,negatif,soraya
ky6MO1r3UVg,user_022a92829b5f,False,1728172800,0,negatif,0.9748,negatif,netral,negatif,soraya
ky6MO1r3UVg,user_58c09b68e8b5,False,1728172800,0,negatif,0.9873,netral,netral,negatif,soraya
ky6MO1r3UVg,user_8068186ba918,False,1728172800,4,negatif,0.9905,positif,tanpa_emoji,negatif,soraya
ky6MO1r3UVg,user_09b01dc41145,False,1728172800,0,negatif,0.8977,positif,tanpa_emoji,negatif,soraya
ky6MO1r3UVg,user_2bf6df9fc5e3,False,1728172800,0,negatif,0.9963,netral,tanpa_emoji,negatif,soraya
ky6MO1r3UVg,user_8cdb24c53d51,False,1728172800,0,netral,0.5457,netral,netral,netral,soraya
ky6MO1r3UVg,user_dcdb97ba994a,False,1728172800,0,negatif,0.9386,netral,netral,negatif,soraya
ky6MO1r3UVg,user_7fa5302b7076,False,1728172800,0,negatif,0.7981,netral,netral,negatif,soraya
ky6MO1r3UVg,user_e400ac7cba24,False,1728172800,0,netral,0.6687,netral,tanpa_emoji,netral,soraya
ky6MO1r3UVg,user_234799ed61e3,False,1728172800,0,negatif,0.9575,netral,tanpa_emoji,negatif,soraya
ky6MO1r3UVg,user_234799ed61e3,True,1728172800,0,negatif,0.9987,netral,netral,negatif,soraya
ky6MO1r3UVg,user_9c799d1340d2,False,1728172800,0,negatif,0.9951,netral,netral,negatif,soraya
ky6MO1r3UVg,user_5d0b962d847d,False,1728172800,0,negatif,0.9991,netral,netral,negatif,soraya
ky6MO1r3UVg,user_fbab4a34a975,False,1728172800,0,negatif,0.9492,negatif,tanpa_emoji,negatif,soraya
ky6MO1r3UVg,user_0411c3334c5f,True,1728172800,0,netral,0.884,netral,tanpa_emoji,netral,soraya
ky6MO1r3UVg,user_fbab4a34a975,True,1728172800,0,netral,0.9704,netral,tanpa_emoji,netral,soraya
ky6MO1r3UVg,user_fa1a152b82e7,False,1728172800,0,negatif,0.9867,netral,netral,negatif,soraya
ky6MO1r3UVg,user_7a64ac3210a3,False,1728172800,0,negatif,0.998,netral,tanpa_emoji,negatif,soraya
ky6MO1r3UVg,user_7d4358e5bc03,False,1728172800,0,negatif,0.999,negatif,negatif,negatif,soraya
ky6MO1r3UVg,user_85dffbbf7efb,False,1728172800,0,negatif,0.9913,negatif,tanpa_emoji,negatif,soraya
ky6MO1r3UVg,user_270c0d3db8fc,False,1728172800,0,negatif,0.9979,negatif,tanpa_emoji,negatif,soraya
ky6MO1r3UVg,user_fbf989c8c4ff,True,1728172800,0,negatif,0.9934,netral,tanpa_emoji,negatif,soraya
ky6MO1r3UVg,user_cb19b95cafc5,False,1728172800,0,negatif,0.9838,netral,tanpa_emoji,negatif,soraya
ky6MO1r3UVg,user_d77fa82bc46d,False,1728172800,0,negatif,0.9888,netral,tanpa_emoji,negatif,soraya
ky6MO1r3UVg,user_815a0ec59669,True,1728172800,1,negatif,0.9961,netral,tanpa_emoji,negatif,soraya
ky6MO1r3UVg,user_436cf87029c7,True,1728172800,0,negatif,0.8689,netral,tanpa_emoji,negatif,soraya
ky6MO1r3UVg,user_5c24ccf3cef9,False,1728172800,0,negatif,0.9337,netral,tanpa_emoji,negatif,soraya
ky6MO1r3UVg,user_9adfaa98f974,False,1728172800,0,negatif,0.9995,negatif,tanpa_emoji,negatif,soraya
ky6MO1r3UVg,user_90fa99948ab3,True,1728172800,0,negatif,0.618,netral,tanpa_emoji,negatif,soraya
u16-sKOCTUo,user_3c0fb3920e68,False,1770336000,86,positif,0.993,positif,positif,positif,soraya
u16-sKOCTUo,user_d4d0dea84d18,False,1770336000,90,positif,0.5323,negatif,tanpa_emoji,positif,soraya
u16-sKOCTUo,user_b766f1f64ed4,False,1770336000,252,positif,0.9843,positif,tanpa_emoji,positif,soraya
u16-sKOCTUo,user_004e5e502d9e,True,1770336000,9,negatif,0.9431,netral,tanpa_emoji,negatif,soraya
u16-sKOCTUo,user_cba6188e9d0f,True,1770336000,4,negatif,0.9882,negatif,tanpa_emoji,negatif,soraya
u16-sKOCTUo,user_f485166a0aff,True,1772755200,3,netral,0.8178,positif,tanpa_emoji,netral,soraya
u16-sKOCTUo,user_32fe3c212b8f,True,1775433600,1,netral,0.9852,netral,tanpa_emoji,netral,soraya
u16-sKOCTUo,user_8780adb1545d,True,1770336000,4,negatif,0.9881,netral,tanpa_emoji,negatif,soraya
u16-sKOCTUo,user_ce7be4f99928,True,1770336000,3,negatif,0.9918,netral,tanpa_emoji,negatif,soraya
u16-sKOCTUo,user_d73cdf7d9b19,True,1772755200,2,negatif,0.9977,positif,positif,negatif,soraya
u16-sKOCTUo,user_dd616835d271,True,1775433600,1,netral,0.6364,netral,tanpa_emoji,netral,soraya
u16-sKOCTUo,user_0b3d09c62210,False,1770336000,351,positif,0.9957,netral,tanpa_emoji,positif,soraya
u16-sKOCTUo,user_1ee154c71f5a,True,1770336000,13,positif,0.818,netral,tanpa_emoji,positif,soraya
u16-sKOCTUo,user_14eeb1562b3a,True,1770336000,2,negatif,0.9346,netral,netral,negatif,soraya
u16-sKOCTUo,user_8854ed1b55af,True,1770336000,2,negatif,0.8915,positif,netral,negatif,soraya
u16-sKOCTUo,user_2ce14be17ea1,True,1770336000,6,positif,0.8626,positif,positif,positif,soraya
u16-sKOCTUo,user_9e805316f884,True,1770336000,4,positif,0.6456,netral,tanpa_emoji,positif,soraya
u16-sKOCTUo,user_5c06b76feade,True,1770336000,4,netral,0.504,netral,netral,netral,soraya
u16-sKOCTUo,user_d7ca9dd6f7b1,True,1770336000,3,negatif,0.997,netral,tanpa_emoji,negatif,soraya
u16-sKOCTUo,user_80b764850b57,True,1770336000,3,negatif,0.8442,netral,tanpa_emoji,negatif,soraya
u16-sKOCTUo,user_0bef6968690a,True,1770336000,3,negatif,0.8775,netral,tanpa_emoji,negatif,soraya
u16-sKOCTUo,user_274093650f94,True,1770336000,2,negatif,0.9569,netral,tanpa_emoji,negatif,soraya
u16-sKOCTUo,user_6186eaf8eba7,True,1770336000,1,negatif,0.9301,netral,tanpa_emoji,negatif,soraya
u16-sKOCTUo,user_795e415b6a31,True,1770336000,1,negatif,0.9982,negatif,tanpa_emoji,negatif,soraya
u16-sKOCTUo,user_5c06b76feade,True,1770336000,1,negatif,0.9802,negatif,tanpa_emoji,negatif,soraya
u16-sKOCTUo,user_bb6f5447dd26,True,1770336000,1,negatif,0.9991,negatif,tanpa_emoji,negatif,soraya
u16-sKOCTUo,user_3736a30dccfb,True,1772755200,1,negatif,0.9293,positif,positif,positif,soraya
u16-sKOCTUo,user_1164e05b5460,True,1772755200,1,negatif,0.7486,positif,positif,positif,soraya
u16-sKOCTUo,user_d73cdf7d9b19,True,1772755200,1,negatif,0.6945,netral,tanpa_emoji,negatif,soraya
u16-sKOCTUo,user_dd616835d271,True,1775433600,1,netral,0.6364,netral,tanpa_emoji,netral,soraya
u16-sKOCTUo,user_761b8eb5da05,True,1775433600,1,negatif,0.9938,negatif,tanpa_emoji,negatif,soraya
u16-sKOCTUo,user_6d38d031dedc,True,1778025600,1,negatif,0.995,netral,tanpa_emoji,negatif,soraya
u16-sKOCTUo,user_b7eefef90709,True,1770336000,4,negatif,0.6911,negatif,tanpa_emoji,negatif,soraya
u16-sKOCTUo,user_0d2df52add2c,True,1770336000,3,negatif,0.7907,positif,tanpa_emoji,negatif,soraya
u16-sKOCTUo,user_9419ea2780a9,True,1770336000,1,negatif,0.9126,positif,positif,negatif,soraya
u16-sKOCTUo,user_07db18f813f8,True,1772755200,1,positif,0.6284,positif,tanpa_emoji,positif,soraya
u16-sKOCTUo,user_4d779ee2a497,False,1770336000,22,negatif,0.9409,positif,tanpa_emoji,negatif,soraya
u16-sKOCTUo,user_05c86b820d2e,False,1770336000,26,netral,0.7984,netral,tanpa_emoji,netral,soraya
u16-sKOCTUo,user_2578d624d4e9,False,1770336000,177,positif,0.9804,positif,positif,positif,soraya
u16-sKOCTUo,user_374249693d03,True,1772755200,3,negatif,0.8843,negatif,tanpa_emoji,negatif,soraya
u16-sKOCTUo,user_dd616835d271,True,1775433600,1,netral,0.6364,netral,tanpa_emoji,netral,soraya
u16-sKOCTUo,user_53001e8ce90e,False,1770336000,16,positif,0.5184,netral,tanpa_emoji,positif,soraya
u16-sKOCTUo,user_5750dfdec5f9,False,1770336000,11,positif,0.6934,netral,tanpa_emoji,positif,soraya
u16-sKOCTUo,user_aab012191eab,False,1770336000,59,positif,0.9525,netral,tanpa_emoji,positif,soraya
u16-sKOCTUo,user_877da0fb1bc3,True,1770336000,3,negatif,0.9899,negatif,tanpa_emoji,negatif,soraya
u16-sKOCTUo,user_4ebd5685f235,True,1770336000,10,positif,0.6086,positif,tanpa_emoji,positif,soraya
u16-sKOCTUo,user_877da0fb1bc3,True,1770336000,2,negatif,0.66,netral,tanpa_emoji,negatif,soraya
u16-sKOCTUo,user_4ebd5685f235,True,1770336000,4,positif,0.4757,positif,tanpa_emoji,positif,soraya
u16-sKOCTUo,user_05cbda0b548d,True,1772755200,1,negatif,0.5586,negatif,tanpa_emoji,negatif,soraya
u16-sKOCTUo,user_877da0fb1bc3,True,1772755200,1,negatif,0.5945,netral,tanpa_emoji,negatif,soraya
u16-sKOCTUo,user_e8766cdca455,False,1775433600,2,positif,0.9746,positif,tanpa_emoji,positif,soraya
u16-sKOCTUo,user_d4d0dea84d18,False,1770336000,43,negatif,0.9938,positif,tanpa_emoji,negatif,soraya
u16-sKOCTUo,user_722b04b11021,True,1770336000,5,negatif,0.604,netral,tanpa_emoji,negatif,soraya
u16-sKOCTUo,user_cbad30185bd1,False,1775433600,2,negatif,0.8984,netral,tanpa_emoji,negatif,soraya
u16-sKOCTUo,user_5ec74373eb2e,False,1770336000,8,positif,0.993,netral,netral,positif,soraya
u16-sKOCTUo,user_53da92923ff3,False,1770336000,36,positif,0.8184,positif,positif,positif,soraya
u16-sKOCTUo,user_f92fe5151e45,True,1770336000,0,negatif,0.6547,netral,tanpa_emoji,negatif,soraya
u16-sKOCTUo,user_556fc1de5585,False,1775433600,3,positif,0.9963,positif,positif,positif,soraya
u16-sKOCTUo,user_209c54c65343,False,1770336000,5,positif,0.9985,positif,positif,positif,soraya
u16-sKOCTUo,user_a05ce2e40fc5,False,1770336000,3,positif,0.9833,positif,positif,positif,soraya
u16-sKOCTUo,user_38518b7c1ec1,False,1770336000,3,negatif,0.9937,positif,positif,negatif,soraya
u16-sKOCTUo,user_f86f146dd694,False,1770336000,6,positif,0.7828,positif,positif,positif,soraya
u16-sKOCTUo,user_8eb40ad9a3e7,False,1770336000,7,negatif,0.9923,positif,positif,negatif,soraya
u16-sKOCTUo,user_847d2c4871c0,False,1775433600,2,positif,0.9963,positif,positif,positif,soraya
u16-sKOCTUo,user_795fc9de4b08,False,1775433600,1,netral,0.6947,positif,positif,netral,soraya
u16-sKOCTUo,user_aec371f399e0,False,1770336000,2,positif,0.9843,positif,tanpa_emoji,positif,soraya
u16-sKOCTUo,user_57222ae1a111,False,1770336000,3,positif,0.9987,positif,tanpa_emoji,positif,soraya
u16-sKOCTUo,user_793225c9507a,False,1775433600,1,positif,0.9964,positif,positif,positif,soraya
u16-sKOCTUo,user_f86f146dd694,False,1770336000,15,positif,0.9706,positif,positif,positif,soraya
u16-sKOCTUo,user_cf005ac9107d,False,1772755200,2,positif,0.9974,positif,positif,positif,soraya
u16-sKOCTUo,user_7acfef2c5a69,False,1775433600,1,positif,0.4858,positif,tanpa_emoji,positif,soraya
u16-sKOCTUo,user_2833d17816ea,False,1772755200,3,positif,0.9984,positif,tanpa_emoji,positif,soraya
u16-sKOCTUo,user_e4f74251fd24,False,1770336000,2,positif,0.9581,positif,tanpa_emoji,positif,soraya
u16-sKOCTUo,user_9ba2d88c0a23,False,1770336000,89,positif,0.9657,positif,tanpa_emoji,positif,soraya
u16-sKOCTUo,user_a9ca4638374e,True,1770336000,6,netral,0.4375,positif,tanpa_emoji,netral,soraya
u16-sKOCTUo,user_34098c7004c2,True,1770336000,6,netral,0.9934,netral,tanpa_emoji,netral,soraya
u16-sKOCTUo,user_5686c93459e3,True,1770336000,5,positif,0.4389,negatif,tanpa_emoji,positif,soraya
u16-sKOCTUo,user_a86260934a9f,True,1772755200,5,netral,0.5667,netral,tanpa_emoji,netral,soraya
u16-sKOCTUo,user_4c1a076b466b,True,1772755200,7,negatif,0.8499,netral,tanpa_emoji,negatif,soraya
u16-sKOCTUo,user_bdbc4b869597,True,1775433600,2,negatif,0.6095,netral,tanpa_emoji,negatif,soraya
u16-sKOCTUo,user_32fe3c212b8f,True,1775433600,1,negatif,0.9401,negatif,tanpa_emoji,negatif,soraya
u16-sKOCTUo,user_c7ed237be7a1,False,1770336000,2,positif,0.986,positif,tanpa_emoji,positif,soraya
u16-sKOCTUo,user_64128fac4077,False,1775433600,1,positif,0.9817,netral,tanpa_emoji,positif,soraya
u16-sKOCTUo,user_00136d49ffec,False,1770336000,2,positif,0.9522,positif,positif,positif,soraya
u16-sKOCTUo,user_c4ea4a3e5323,False,1778025600,1,negatif,0.6338,positif,tanpa_emoji,negatif,soraya
u16-sKOCTUo,user_709d28316f37,False,1775433600,1,positif,0.8379,positif,tanpa_emoji,positif,soraya
u16-sKOCTUo,user_7bccab152fec,False,1770336000,2,positif,0.994,positif,tanpa_emoji,positif,soraya
u16-sKOCTUo,user_b49f35fa2ee0,False,1770336000,2,positif,0.9799,positif,positif,positif,soraya
u16-sKOCTUo,user_22a1721ac7b5,False,1770336000,15,positif,0.9845,positif,positif,positif,soraya
u16-sKOCTUo,user_081b616a5fdb,True,1772755200,0,negatif,0.9461,netral,tanpa_emoji,negatif,soraya
u16-sKOCTUo,user_22a1721ac7b5,True,1772755200,0,negatif,0.8592,netral,tanpa_emoji,negatif,soraya
u16-sKOCTUo,user_e83f0d434910,False,1770336000,2,positif,0.9696,netral,netral,positif,soraya
u16-sKOCTUo,user_56ffdddd0ff9,False,1775433600,1,positif,0.9872,positif,tanpa_emoji,positif,soraya
u16-sKOCTUo,user_07b5e07720c6,False,1770336000,1,negatif,0.9663,positif,tanpa_emoji,negatif,soraya
u16-sKOCTUo,user_c00aa0bf0631,False,1770336000,1,positif,0.9974,positif,tanpa_emoji,positif,soraya
u16-sKOCTUo,user_90d444ba84fd,False,1770336000,1,netral,0.8654,positif,positif,netral,soraya
u16-sKOCTUo,user_425722958867,False,1770336000,1,positif,0.9931,positif,tanpa_emoji,positif,soraya
u16-sKOCTUo,user_bfc17fd83f5d,False,1770336000,2,negatif,0.9102,netral,tanpa_emoji,negatif,soraya
u16-sKOCTUo,user_63b921b5d150,False,1770336000,1,positif,0.5372,netral,tanpa_emoji,positif,soraya
u16-sKOCTUo,user_84b3298b06c8,False,1770336000,1,positif,0.9938,positif,tanpa_emoji,positif,soraya
u16-sKOCTUo,user_5b27d5392f63,False,1770336000,1,netral,0.9726,netral,tanpa_emoji,netral,soraya
u16-sKOCTUo,user_7acfef2c5a69,False,1775433600,1,netral,0.6406,netral,tanpa_emoji,netral,soraya
u16-sKOCTUo,user_9230668b4480,False,1770336000,1,positif,0.9001,positif,netral,positif,soraya
u16-sKOCTUo,user_f647877fa9f3,False,1770336000,7,negatif,0.9988,netral,netral,negatif,soraya
u16-sKOCTUo,user_3ca615c1757d,False,1770336000,1,positif,0.862,positif,positif,positif,soraya
u16-sKOCTUo,user_9eac978153c0,False,1770336000,1,positif,0.8127,netral,tanpa_emoji,positif,soraya
u16-sKOCTUo,user_4a42cb499d57,False,1775433600,1,positif,0.9971,positif,tanpa_emoji,positif,soraya
u16-sKOCTUo,user_61103adc98c2,False,1775433600,0,positif,0.5722,positif,positif,positif,soraya
u16-sKOCTUo,user_2aeffd850056,False,1770336000,1,positif,0.8799,netral,tanpa_emoji,positif,soraya
u16-sKOCTUo,user_5727b1692235,False,1770336000,1,positif,0.9618,netral,tanpa_emoji,positif,soraya
u16-sKOCTUo,user_afa384f44800,False,1770336000,0,positif,0.9876,positif,tanpa_emoji,positif,soraya
u16-sKOCTUo,user_29c358a40ce2,False,1772755200,0,positif,0.9954,positif,tanpa_emoji,positif,soraya
u16-sKOCTUo,user_6afe95c39f56,False,1770336000,18,positif,0.9916,positif,positif,positif,soraya
u16-sKOCTUo,user_06ba55a69677,True,1772755200,0,negatif,0.8084,positif,netral,negatif,soraya
u16-sKOCTUo,user_dd616835d271,True,1775433600,0,netral,0.6364,netral,tanpa_emoji,netral,soraya
u16-sKOCTUo,user_d923196ffeb7,False,1770336000,0,positif,0.6071,positif,positif,positif,soraya
u16-sKOCTUo,user_8ba5142c4178,False,1775433600,1,negatif,0.8321,netral,tanpa_emoji,negatif,soraya
u16-sKOCTUo,user_0d90f228b4a5,False,1770336000,1,positif,0.9635,positif,positif,positif,soraya
u16-sKOCTUo,user_be4d30451a46,False,1770336000,0,negatif,0.5096,positif,positif,positif,soraya
u16-sKOCTUo,user_eb186582a814,False,1770336000,0,negatif,0.5564,netral,netral,negatif,soraya
u16-sKOCTUo,user_5d720252a777,False,1785974400,0,positif,0.9968,positif,tanpa_emoji,positif,soraya
u16-sKOCTUo,user_b2e66a95ea4b,False,1772755200,0,positif,0.977,positif,positif,positif,soraya
u16-sKOCTUo,user_1e95fe8ef5e9,False,1770336000,1,positif,0.9814,positif,tanpa_emoji,positif,soraya
u16-sKOCTUo,user_8c2224eb7992,False,1770336000,1,negatif,0.8252,positif,positif,negatif,soraya
u16-sKOCTUo,user_291b831f676c,False,1770336000,0,positif,0.9016,positif,positif,positif,soraya
u16-sKOCTUo,user_1bf186f0c0de,False,1770336000,5,positif,0.9878,positif,positif,positif,soraya
u16-sKOCTUo,user_661570bd6f68,True,1770336000,0,netral,0.8768,negatif,tanpa_emoji,netral,soraya
u16-sKOCTUo,user_09cb666570ae,False,1770336000,1,netral,0.6484,positif,positif,netral,soraya
u16-sKOCTUo,user_8ac0200a8c25,False,1770336000,1,positif,0.9974,netral,tanpa_emoji,positif,soraya
u16-sKOCTUo,user_9281751fa32d,False,1772755200,0,positif,0.9931,positif,positif,positif,soraya
u16-sKOCTUo,user_3d4b8e87b2ae,False,1770336000,0,positif,0.8755,netral,tanpa_emoji,positif,soraya
u16-sKOCTUo,user_40c073fbdd84,False,1772755200,0,positif,0.8292,positif,positif,positif,soraya
u16-sKOCTUo,user_6d5d9fdf0041,False,1770336000,1,positif,0.9835,positif,positif,positif,soraya
u16-sKOCTUo,user_efb83ee899e4,False,1770336000,0,negatif,0.999,negatif,tanpa_emoji,negatif,soraya
u16-sKOCTUo,user_341e4a0677df,False,1770336000,1,netral,0.717,netral,tanpa_emoji,netral,soraya
u16-sKOCTUo,user_1bca1513cb01,False,1770336000,0,positif,0.9609,positif,tanpa_emoji,positif,soraya
u16-sKOCTUo,user_500c6c46a08b,False,1770336000,0,positif,0.994,positif,tanpa_emoji,positif,soraya
u16-sKOCTUo,user_d4f3df1f151f,False,1770336000,0,positif,0.9891,positif,tanpa_emoji,positif,soraya
u16-sKOCTUo,user_9c1e250adf6d,False,1770336000,4,negatif,0.8515,netral,netral,negatif,soraya
u16-sKOCTUo,user_f0166ac754f1,False,1770336000,0,positif,0.9008,positif,tanpa_emoji,positif,soraya
u16-sKOCTUo,user_a6cb5c3e4c05,False,1772755200,0,positif,0.9943,positif,positif,positif,soraya
u16-sKOCTUo,user_4e8d2ebefb3d,False,1770336000,0,positif,0.9044,positif,tanpa_emoji,positif,soraya
u16-sKOCTUo,user_bd7985cb534c,False,1772755200,0,negatif,0.9907,netral,tanpa_emoji,negatif,soraya
u16-sKOCTUo,user_47f5d1d99942,False,1770336000,1,netral,0.4526,positif,positif,positif,soraya
u16-sKOCTUo,user_a3e24c4798db,False,1772755200,0,negatif,0.9687,netral,tanpa_emoji,negatif,soraya
u16-sKOCTUo,user_ce2a914c01a1,False,1770336000,0,positif,0.9844,positif,positif,positif,soraya
u16-sKOCTUo,user_533da78701ff,False,1770336000,0,positif,0.9645,positif,tanpa_emoji,positif,soraya
u16-sKOCTUo,user_18fac461bb4b,False,1770336000,0,positif,0.9987,positif,positif,positif,soraya
u16-sKOCTUo,user_ad05184fdfb9,False,1772755200,0,positif,0.8751,positif,tanpa_emoji,positif,soraya
u16-sKOCTUo,user_fc5878208439,False,1770336000,0,netral,0.8864,positif,tanpa_emoji,netral,soraya
u16-sKOCTUo,user_b5044b64e724,False,1770336000,0,positif,0.5942,netral,netral,positif,soraya
u16-sKOCTUo,user_7dc250bf419e,False,1775433600,0,positif,0.9,positif,tanpa_emoji,positif,soraya
u16-sKOCTUo,user_d64541577260,False,1770336000,1,positif,0.9677,positif,netral,positif,soraya
u16-sKOCTUo,user_e7030f415776,False,1772755200,0,negatif,0.8469,netral,tanpa_emoji,negatif,soraya
u16-sKOCTUo,user_6c20109c178f,False,1772755200,0,positif,0.8541,positif,positif,positif,soraya
u16-sKOCTUo,user_53a58578a454,False,1770336000,1,positif,0.5981,netral,netral,positif,soraya
u16-sKOCTUo,user_2965d66e7b99,False,1770336000,0,netral,0.463,positif,positif,positif,soraya
u16-sKOCTUo,user_039e2b88b53e,False,1772755200,0,positif,0.7731,positif,tanpa_emoji,positif,soraya
u16-sKOCTUo,user_50ff457dbb51,False,1770336000,0,netral,0.8903,netral,tanpa_emoji,netral,soraya
u16-sKOCTUo,user_d7c83143a960,False,1772755200,0,netral,0.9445,positif,positif,netral,soraya
u16-sKOCTUo,user_13bf3346cf4b,False,1772755200,0,negatif,0.9986,netral,tanpa_emoji,negatif,soraya
u16-sKOCTUo,user_9e805316f884,False,1770336000,0,positif,0.8768,netral,tanpa_emoji,positif,soraya
u16-sKOCTUo,user_8acfa800af4c,False,1770336000,0,positif,0.853,positif,tanpa_emoji,positif,soraya
u16-sKOCTUo,user_ef7a638280e3,False,1770336000,1,netral,0.4178,netral,tanpa_emoji,netral,soraya
u16-sKOCTUo,user_6dfef8610a90,False,1770336000,0,positif,0.9845,positif,positif,positif,soraya
u16-sKOCTUo,user_93b39b9e49af,False,1772755200,0,negatif,0.5307,netral,tanpa_emoji,negatif,soraya
u16-sKOCTUo,user_42d4ea1da958,False,1770336000,0,positif,0.8415,positif,tanpa_emoji,positif,soraya
u16-sKOCTUo,user_9686bfae9c7b,False,1770336000,0,negatif,0.9603,positif,tanpa_emoji,negatif,soraya
u16-sKOCTUo,user_6d46f590bb98,False,1770336000,0,netral,0.9833,netral,tanpa_emoji,netral,soraya
u16-sKOCTUo,user_d73cdf7d9b19,False,1772755200,0,netral,0.7175,positif,positif,netral,soraya
u16-sKOCTUo,user_fe082d35c6bf,False,1772755200,0,positif,0.9936,positif,positif,positif,soraya
u16-sKOCTUo,user_6c9cfd15e2da,False,1770336000,0,negatif,0.683,netral,tanpa_emoji,negatif,soraya
u16-sKOCTUo,user_1c49ef903dc2,False,1770336000,0,positif,0.985,positif,tanpa_emoji,positif,soraya
u16-sKOCTUo,user_8202eca3ec89,False,1770336000,0,netral,0.5099,positif,positif,positif,soraya
u16-sKOCTUo,user_64eaea220840,False,1772755200,0,positif,0.9805,positif,tanpa_emoji,positif,soraya
u16-sKOCTUo,user_c76a6ca9e71a,False,1770336000,0,positif,0.9782,positif,positif,positif,soraya
u16-sKOCTUo,user_4b6ffa51f762,False,1770336000,0,positif,0.9929,positif,tanpa_emoji,positif,soraya
u16-sKOCTUo,user_077ee51b9ee1,False,1770336000,0,positif,0.9619,netral,tanpa_emoji,positif,soraya
u16-sKOCTUo,user_a280b3ac1dc5,False,1770336000,0,negatif,0.9982,netral,tanpa_emoji,negatif,soraya
u16-sKOCTUo,user_89b458301627,False,1770336000,1,positif,0.4726,positif,tanpa_emoji,positif,soraya
u16-sKOCTUo,user_ce1b38d8e362,False,1772755200,0,positif,0.9972,positif,tanpa_emoji,positif,soraya
u16-sKOCTUo,user_ce855d119dea,False,1770336000,0,positif,0.9263,positif,positif,positif,soraya
u16-sKOCTUo,user_e9c4f8d1fd2c,False,1770336000,0,positif,0.9822,positif,tanpa_emoji,positif,soraya
u16-sKOCTUo,user_96552742b865,False,1770336000,1,negatif,0.8443,netral,tanpa_emoji,negatif,soraya
u16-sKOCTUo,user_86a015f2924b,False,1770336000,0,negatif,0.848,netral,tanpa_emoji,negatif,soraya
u16-sKOCTUo,user_72114a4c0130,False,1770336000,4,netral,0.4737,positif,positif,positif,soraya
u16-sKOCTUo,user_404d0dd8628c,True,1770336000,0,negatif,0.7171,positif,tanpa_emoji,negatif,soraya
u16-sKOCTUo,user_a1f8af430fd7,False,1770336000,0,negatif,0.9717,positif,positif,negatif,soraya
u16-sKOCTUo,user_eae63989108b,False,1770336000,0,positif,0.9962,positif,tanpa_emoji,positif,soraya
u16-sKOCTUo,user_5901c6c883f8,False,1770336000,0,positif,0.5354,positif,positif,positif,soraya
u16-sKOCTUo,user_25f9611c4534,False,1775433600,1,negatif,0.9649,netral,tanpa_emoji,negatif,soraya
u16-sKOCTUo,user_1408c7b4c782,False,1772755200,0,positif,0.9915,positif,tanpa_emoji,positif,soraya
u16-sKOCTUo,user_c036b4e94f83,False,1775433600,0,negatif,0.9977,netral,tanpa_emoji,negatif,soraya
u16-sKOCTUo,user_c2e24e628a9a,False,1770336000,0,netral,0.5416,netral,tanpa_emoji,netral,soraya
u16-sKOCTUo,user_d89a9bddf20d,False,1770336000,0,positif,0.9937,positif,tanpa_emoji,positif,soraya
u16-sKOCTUo,user_cab9fae5c859,False,1770336000,0,positif,0.9816,positif,positif,positif,soraya
u16-sKOCTUo,user_bf63cd2a4356,False,1772755200,0,negatif,0.7019,netral,tanpa_emoji,negatif,soraya
u16-sKOCTUo,user_ed67be59e5b8,False,1770336000,0,positif,0.9936,positif,netral,positif,soraya
u16-sKOCTUo,user_24ea88be71a5,False,1772755200,0,positif,0.9942,positif,netral,positif,soraya
u16-sKOCTUo,user_4f3125c76883,False,1770336000,0,negatif,0.4815,positif,tanpa_emoji,negatif,soraya
u16-sKOCTUo,user_d628f6a18727,False,1770336000,0,netral,0.9789,netral,tanpa_emoji,netral,soraya
u16-sKOCTUo,user_f042537c00aa,False,1770336000,0,positif,0.9923,positif,positif,positif,soraya
u16-sKOCTUo,user_ce3fd1527937,False,1770336000,0,positif,0.8496,positif,tanpa_emoji,positif,soraya
u16-sKOCTUo,user_a05a038126ef,False,1770336000,23,negatif,0.8804,netral,netral,negatif,soraya
u16-sKOCTUo,user_cab9fae5c859,True,1770336000,3,negatif,0.761,netral,tanpa_emoji,negatif,soraya
u16-sKOCTUo,user_a05a038126ef,True,1770336000,2,netral,0.7252,netral,tanpa_emoji,netral,soraya
u16-sKOCTUo,user_58ba010ae3ac,True,1772755200,0,negatif,0.6691,netral,tanpa_emoji,negatif,soraya
u16-sKOCTUo,user_a05a038126ef,True,1772755200,0,netral,0.8039,netral,netral,netral,soraya
u16-sKOCTUo,user_dd616835d271,True,1775433600,0,netral,0.6605,netral,netral,netral,soraya
u16-sKOCTUo,user_b936701921ce,False,1770336000,0,negatif,0.8813,positif,positif,negatif,soraya
u16-sKOCTUo,user_0a709c8f2912,False,1770336000,1,negatif,0.6151,netral,tanpa_emoji,negatif,soraya
u16-sKOCTUo,user_0f4f933d5357,False,1770336000,0,negatif,0.9851,negatif,tanpa_emoji,negatif,soraya
u16-sKOCTUo,user_4309376ddb66,False,1770336000,0,positif,0.9821,positif,tanpa_emoji,positif,soraya
u16-sKOCTUo,user_0cf15ee9e82b,False,1770336000,0,positif,0.9792,positif,tanpa_emoji,positif,soraya
u16-sKOCTUo,user_2262a821d7c8,False,1770336000,0,negatif,0.9705,positif,tanpa_emoji,negatif,soraya
u16-sKOCTUo,user_f636109e3b6a,False,1770336000,0,positif,0.9393,positif,positif,positif,soraya
u16-sKOCTUo,user_849a658d0208,False,1770336000,0,negatif,0.9079,netral,tanpa_emoji,negatif,soraya
u16-sKOCTUo,user_926efae18d18,False,1770336000,0,negatif,0.5832,positif,tanpa_emoji,negatif,soraya
u16-sKOCTUo,user_0532b6357a1b,False,1770336000,0,positif,0.9779,netral,tanpa_emoji,positif,soraya
u16-sKOCTUo,user_14e8cbe66dfc,False,1770336000,0,positif,0.886,netral,tanpa_emoji,positif,soraya
u16-sKOCTUo,user_577a31e29207,False,1770336000,17,positif,0.9437,netral,tanpa_emoji,positif,soraya
u16-sKOCTUo,user_b2562eb57bbc,True,1770336000,0,positif,0.8679,positif,positif,positif,soraya
u16-sKOCTUo,user_577a31e29207,True,1770336000,2,positif,0.9312,positif,tanpa_emoji,positif,soraya
u16-sKOCTUo,user_07bd23eee43a,True,1770336000,0,negatif,0.8625,netral,tanpa_emoji,negatif,soraya
u16-sKOCTUo,user_577a31e29207,True,1770336000,1,positif,0.9391,netral,tanpa_emoji,positif,soraya
u16-sKOCTUo,user_dd616835d271,True,1775433600,0,netral,0.6364,netral,tanpa_emoji,netral,soraya
u16-sKOCTUo,user_f3581e7a83ce,False,1772755200,0,positif,0.9501,positif,tanpa_emoji,positif,soraya
u16-sKOCTUo,user_5fc83f36befe,False,1772755200,0,positif,0.9955,negatif,tanpa_emoji,positif,soraya
u16-sKOCTUo,user_b9f09d2dbb11,False,1770336000,0,negatif,0.961,netral,netral,negatif,soraya
u16-sKOCTUo,user_92bd760016ab,False,1770336000,0,positif,0.9568,positif,tanpa_emoji,positif,soraya
u16-sKOCTUo,user_88fdb25d79a3,False,1770336000,1,negatif,0.8926,netral,tanpa_emoji,negatif,soraya
u16-sKOCTUo,user_1de7e804b560,False,1785974400,0,negatif,0.922,positif,tanpa_emoji,negatif,soraya
u16-sKOCTUo,user_7ba33b87936b,False,1772755200,1,netral,0.4875,negatif,negatif,negatif,soraya
u16-sKOCTUo,user_4e5cc88507d2,False,1770336000,6,positif,0.9485,netral,tanpa_emoji,positif,soraya
u16-sKOCTUo,user_722b04b11021,True,1770336000,1,positif,0.9858,positif,tanpa_emoji,positif,soraya
u16-sKOCTUo,user_626a83cd711f,False,1770336000,0,negatif,0.9529,netral,netral,negatif,soraya
u16-sKOCTUo,user_01b682a9e28a,False,1775433600,0,negatif,0.5394,positif,netral,negatif,soraya
u16-sKOCTUo,user_4e68092aa051,False,1770336000,0,positif,0.9945,positif,tanpa_emoji,positif,soraya
u16-sKOCTUo,user_2af76faa9a88,False,1772755200,2,negatif,0.9797,netral,tanpa_emoji,negatif,soraya
u16-sKOCTUo,user_67bdf36b3765,True,1772755200,0,netral,0.99,netral,tanpa_emoji,netral,soraya
u16-sKOCTUo,user_aa5ef7dcd574,False,1770336000,6,positif,0.9592,positif,tanpa_emoji,positif,soraya
u16-sKOCTUo,user_88829d2bb481,False,1770336000,0,positif,0.9942,positif,tanpa_emoji,positif,soraya
u16-sKOCTUo,user_614e25238ac3,False,1770336000,0,positif,0.9937,positif,tanpa_emoji,positif,soraya
u16-sKOCTUo,user_88db69e32da1,False,1770336000,0,negatif,0.9941,netral,netral,negatif,soraya
u16-sKOCTUo,user_b3738da276ff,False,1772755200,0,positif,0.5926,positif,tanpa_emoji,positif,soraya
u16-sKOCTUo,user_1680c5e28416,False,1770336000,0,positif,0.9914,positif,tanpa_emoji,positif,soraya
u16-sKOCTUo,user_26a9110bd546,False,1770336000,0,positif,0.8362,positif,tanpa_emoji,positif,soraya
u16-sKOCTUo,user_89dd908bd62d,False,1772755200,0,negatif,0.9839,positif,netral,negatif,soraya
u16-sKOCTUo,user_37d7d6cedd77,False,1770336000,0,negatif,0.5474,positif,tanpa_emoji,negatif,soraya
u16-sKOCTUo,user_e2be284a7168,False,1770336000,1,netral,0.8115,netral,tanpa_emoji,netral,soraya
u16-sKOCTUo,user_249b5e1b0c35,False,1770336000,0,negatif,0.9521,netral,tanpa_emoji,negatif,soraya
u16-sKOCTUo,user_9ab88523df09,False,1770336000,1,negatif,0.9401,positif,tanpa_emoji,negatif,soraya
u16-sKOCTUo,user_f118250f08d4,False,1770336000,0,negatif,0.9977,positif,tanpa_emoji,negatif,soraya
u16-sKOCTUo,user_6588c5b318b2,False,1770336000,0,negatif,0.5115,positif,netral,negatif,soraya
u16-sKOCTUo,user_1b8853d489a9,False,1770336000,0,positif,0.9872,netral,tanpa_emoji,positif,soraya
u16-sKOCTUo,user_5399f5fd300d,False,1770336000,1,netral,0.9043,netral,netral,netral,soraya
u16-sKOCTUo,user_2e3af8eabe3c,False,1770336000,0,negatif,0.7625,positif,positif,negatif,soraya
u16-sKOCTUo,user_86dea654d28f,False,1775433600,0,positif,0.9894,netral,tanpa_emoji,positif,soraya
u16-sKOCTUo,user_3107ce868935,False,1772755200,0,negatif,0.6548,positif,positif,negatif,soraya
u16-sKOCTUo,user_60e6a73b3067,False,1775433600,3,positif,0.7924,positif,tanpa_emoji,positif,soraya
u16-sKOCTUo,user_6966cda75dfa,True,1775433600,1,positif,0.489,positif,tanpa_emoji,positif,soraya
u16-sKOCTUo,user_9aa39f4a6d53,False,1770336000,0,negatif,0.9816,positif,tanpa_emoji,negatif,soraya
u16-sKOCTUo,user_5d1864d7a1b4,False,1770336000,0,positif,0.9963,netral,tanpa_emoji,positif,soraya
u16-sKOCTUo,user_9d6c82229bae,False,1770336000,0,positif,0.9959,positif,tanpa_emoji,positif,soraya
u16-sKOCTUo,user_5420646ba8b9,False,1770336000,1,positif,0.9269,positif,tanpa_emoji,positif,soraya
u16-sKOCTUo,user_a6cb5c3e4c05,False,1772755200,0,positif,0.9943,positif,positif,positif,soraya
u16-sKOCTUo,user_fbaac5f9bbe6,False,1770336000,0,positif,0.9659,netral,tanpa_emoji,positif,soraya
u16-sKOCTUo,user_d73cdf7d9b19,False,1772755200,0,positif,0.9919,netral,tanpa_emoji,positif,soraya
u16-sKOCTUo,user_2f9b63828ec6,False,1770336000,0,negatif,0.8542,positif,tanpa_emoji,negatif,soraya
u16-sKOCTUo,user_5f899070c8e8,False,1770336000,0,positif,0.9286,positif,tanpa_emoji,positif,soraya
u16-sKOCTUo,user_683336741a8e,False,1772755200,0,positif,0.9868,positif,tanpa_emoji,positif,soraya
u16-sKOCTUo,user_d7f947e43cd2,False,1770336000,0,negatif,0.9923,negatif,netral,negatif,soraya
u16-sKOCTUo,user_e4c89b840484,False,1772755200,0,positif,0.9964,positif,positif,positif,soraya
u16-sKOCTUo,user_5f9119dcd1bb,False,1770336000,0,positif,0.9136,positif,tanpa_emoji,positif,soraya
u16-sKOCTUo,user_89899f88a710,False,1770336000,0,positif,0.9884,positif,positif,positif,soraya
u16-sKOCTUo,user_c7de3ff6d871,False,1770336000,1,negatif,0.7986,positif,tanpa_emoji,negatif,soraya
u16-sKOCTUo,user_85134480578e,False,1775433600,0,netral,0.7925,netral,tanpa_emoji,netral,soraya
u16-sKOCTUo,user_6afb2745d3a9,False,1772755200,0,positif,0.9425,positif,tanpa_emoji,positif,soraya
u16-sKOCTUo,user_640fc7512880,False,1772755200,0,negatif,0.77,netral,tanpa_emoji,negatif,soraya
u16-sKOCTUo,user_d73cdf7d9b19,False,1772755200,0,negatif,0.9581,netral,tanpa_emoji,negatif,soraya
u16-sKOCTUo,user_5545dc970134,False,1772755200,0,positif,0.7529,positif,netral,positif,soraya
u16-sKOCTUo,user_bda5f404b34b,False,1770336000,0,positif,0.9944,positif,positif,positif,soraya
u16-sKOCTUo,user_1530f1cf9839,False,1770336000,0,netral,0.6913,netral,tanpa_emoji,netral,soraya
u16-sKOCTUo,user_dfce21f9c231,False,1770336000,0,negatif,0.9345,netral,tanpa_emoji,negatif,soraya
u16-sKOCTUo,user_ecc6ee10367f,False,1770336000,0,negatif,0.9176,netral,tanpa_emoji,negatif,soraya
u16-sKOCTUo,user_a8cd225d7fb9,False,1770336000,0,positif,0.9211,netral,tanpa_emoji,positif,soraya
u16-sKOCTUo,user_d662f47a4d11,False,1770336000,0,positif,0.7971,positif,netral,positif,soraya
u16-sKOCTUo,user_13422ce3a7c4,False,1770336000,0,netral,0.7286,netral,tanpa_emoji,netral,soraya
u16-sKOCTUo,user_6a666370ef48,False,1770336000,0,negatif,0.564,positif,tanpa_emoji,negatif,soraya
u16-sKOCTUo,user_5fb840fa6567,False,1770336000,0,netral,0.5283,negatif,tanpa_emoji,netral,soraya
u16-sKOCTUo,user_221218d36d6a,False,1772755200,0,negatif,0.7641,positif,positif,positif,soraya
u16-sKOCTUo,user_fe1b86156a2c,False,1778025600,0,negatif,0.9803,positif,tanpa_emoji,negatif,soraya
u16-sKOCTUo,user_063f14ba229c,False,1770336000,0,positif,0.9181,positif,tanpa_emoji,positif,soraya
u16-sKOCTUo,user_401fc067a2a5,False,1775433600,1,negatif,0.5679,positif,netral,negatif,soraya
u16-sKOCTUo,user_00534a6c4308,False,1770336000,0,positif,0.8892,positif,tanpa_emoji,positif,soraya
u16-sKOCTUo,user_8d9f1edd3d48,False,1770336000,0,negatif,0.6626,netral,tanpa_emoji,negatif,soraya
u16-sKOCTUo,user_dd616835d271,False,1775433600,2,netral,0.6605,netral,netral,netral,soraya
u16-sKOCTUo,user_99bcdb61c6ed,False,1770336000,2,positif,0.9705,netral,tanpa_emoji,positif,soraya
u16-sKOCTUo,user_5b625131f807,False,1772755200,0,positif,0.9802,positif,positif,positif,soraya
u16-sKOCTUo,user_d6535886b484,False,1770336000,0,positif,0.7984,netral,tanpa_emoji,positif,soraya
u16-sKOCTUo,user_16b3d613abde,False,1770336000,0,negatif,0.7507,netral,tanpa_emoji,negatif,soraya
u16-sKOCTUo,user_a5b9d769cca4,False,1770336000,0,negatif,0.6024,netral,tanpa_emoji,negatif,soraya
u16-sKOCTUo,user_bb50bc8aa107,False,1770336000,0,positif,0.9294,positif,tanpa_emoji,positif,soraya
u16-sKOCTUo,user_22b0afcc0f20,False,1772755200,0,negatif,0.6927,positif,positif,negatif,soraya
u16-sKOCTUo,user_7bd97c78210c,False,1770336000,0,negatif,0.9538,netral,tanpa_emoji,negatif,soraya
u16-sKOCTUo,user_c4ee76f8dfce,False,1772755200,0,negatif,0.921,netral,tanpa_emoji,negatif,soraya
u16-sKOCTUo,user_15861666d056,False,1770336000,0,negatif,0.9856,positif,positif,positif,soraya
u16-sKOCTUo,user_626b94211574,False,1770336000,1,negatif,0.811,netral,tanpa_emoji,negatif,soraya
u16-sKOCTUo,user_c11cd8e5042f,False,1770336000,0,netral,0.725,netral,tanpa_emoji,netral,soraya
u16-sKOCTUo,user_683554781513,False,1770336000,0,positif,0.6054,positif,tanpa_emoji,positif,soraya
u16-sKOCTUo,user_0bfe92de42d7,False,1770336000,0,positif,0.9789,positif,positif,positif,soraya
u16-sKOCTUo,user_8447b00d5ab1,False,1772755200,0,negatif,0.9093,positif,positif,positif,soraya
u16-sKOCTUo,user_c1c72b8fbcd0,False,1770336000,0,positif,0.6918,netral,tanpa_emoji,positif,soraya
u16-sKOCTUo,user_2684371daef8,False,1770336000,0,positif,0.6796,positif,tanpa_emoji,positif,soraya
u16-sKOCTUo,user_08cc76f29a4a,False,1775433600,0,positif,0.9964,positif,positif,positif,soraya
u16-sKOCTUo,user_4caca487d05f,False,1770336000,0,negatif,0.9916,positif,positif,negatif,soraya
u16-sKOCTUo,user_3a688d0118b6,False,1770336000,0,positif,0.7123,positif,tanpa_emoji,positif,soraya
u16-sKOCTUo,user_ab782eb8f6d0,False,1770336000,0,positif,0.6715,netral,tanpa_emoji,positif,soraya
u16-sKOCTUo,user_120250e615c9,False,1772755200,0,negatif,0.785,positif,tanpa_emoji,negatif,soraya
u16-sKOCTUo,user_6d880c45bd89,False,1772755200,0,negatif,0.9271,netral,tanpa_emoji,negatif,soraya
u16-sKOCTUo,user_a921332e3840,False,1770336000,0,positif,0.8567,positif,netral,positif,soraya
u16-sKOCTUo,user_382365d70ed7,False,1772755200,0,positif,0.7669,positif,positif,positif,soraya
u16-sKOCTUo,user_87d323ce94cd,False,1770336000,8,negatif,0.6356,positif,netral,negatif,soraya
u16-sKOCTUo,user_8037e2216ba5,True,1770336000,0,negatif,0.9787,positif,positif,negatif,soraya
u16-sKOCTUo,user_da4ce9a483ef,True,1770336000,0,negatif,0.5589,negatif,tanpa_emoji,negatif,soraya
u16-sKOCTUo,user_dd616835d271,True,1775433600,0,netral,0.6605,netral,netral,netral,soraya
u16-sKOCTUo,user_0d90f228b4a5,False,1770336000,2,positif,0.7646,positif,positif,positif,soraya
u16-sKOCTUo,user_03a1f0a6276e,False,1770336000,0,negatif,0.9926,netral,netral,negatif,soraya
u16-sKOCTUo,user_45e81c00d535,False,1770336000,0,positif,0.9832,positif,tanpa_emoji,positif,soraya
u16-sKOCTUo,user_904e9a88d289,False,1772755200,0,positif,0.9394,positif,tanpa_emoji,positif,soraya
u16-sKOCTUo,user_5cccaed1f5ac,False,1778025600,0,netral,0.8643,netral,tanpa_emoji,netral,soraya
u16-sKOCTUo,user_6e5875b1179e,False,1770336000,1,netral,0.5854,positif,positif,positif,soraya
u16-sKOCTUo,user_aaf1c8454bbd,False,1772755200,0,negatif,0.7179,netral,tanpa_emoji,negatif,soraya
u16-sKOCTUo,user_421e1e2dcf31,False,1770336000,0,negatif,0.4789,netral,netral,negatif,soraya
u16-sKOCTUo,user_3075f9c639f6,False,1770336000,0,negatif,0.826,positif,tanpa_emoji,negatif,soraya
u16-sKOCTUo,user_c2bc92e6608e,False,1775433600,0,positif,0.5197,positif,tanpa_emoji,positif,soraya
u16-sKOCTUo,user_a23dea80cf77,False,1770336000,1,positif,0.4794,netral,tanpa_emoji,positif,soraya
u16-sKOCTUo,user_5f334bd16766,False,1775433600,1,negatif,0.6071,netral,tanpa_emoji,negatif,soraya
u16-sKOCTUo,user_09af056ebc05,False,1772755200,0,negatif,0.7864,netral,tanpa_emoji,negatif,soraya
u16-sKOCTUo,user_dfa1571076d2,False,1770336000,1,positif,0.7915,netral,tanpa_emoji,positif,soraya
u16-sKOCTUo,user_b5044b64e724,True,1770336000,0,netral,0.9286,netral,tanpa_emoji,netral,soraya
u16-sKOCTUo,user_ee81199f3eec,False,1770336000,0,positif,0.9086,netral,tanpa_emoji,positif,soraya
u16-sKOCTUo,user_83b6ad3b32e2,False,1772755200,0,negatif,0.9237,netral,tanpa_emoji,negatif,soraya
u16-sKOCTUo,user_ffecfbde9de4,True,1775433600,0,netral,0.9247,netral,tanpa_emoji,netral,soraya
u16-sKOCTUo,user_74d54c083b97,False,1770336000,0,negatif,0.7783,netral,tanpa_emoji,negatif,soraya
u16-sKOCTUo,user_d44976551406,False,1775433600,1,negatif,0.9947,netral,tanpa_emoji,negatif,soraya
u16-sKOCTUo,user_1a28e9d322bc,False,1770336000,0,negatif,0.7641,positif,positif,positif,soraya
u16-sKOCTUo,user_9d2bea2ce585,False,1770336000,1,negatif,0.9675,netral,tanpa_emoji,negatif,soraya
u16-sKOCTUo,user_80f14c7df47f,False,1770336000,0,negatif,0.9985,negatif,tanpa_emoji,negatif,soraya
u16-sKOCTUo,user_25892acfc0b5,False,1772755200,0,positif,0.5551,netral,tanpa_emoji,positif,soraya
u16-sKOCTUo,user_ebb80d90e103,False,1770336000,0,negatif,0.9273,positif,positif,positif,soraya
u16-sKOCTUo,user_cb352cc78052,False,1772755200,0,negatif,0.9969,netral,tanpa_emoji,negatif,soraya
u16-sKOCTUo,user_53a4354e1d4a,False,1770336000,0,positif,0.6797,positif,positif,positif,soraya
u16-sKOCTUo,user_4114cc04a4f6,False,1770336000,0,negatif,0.9978,netral,tanpa_emoji,negatif,soraya
u16-sKOCTUo,user_3732b28cdfcc,False,1770336000,0,negatif,0.9965,netral,tanpa_emoji,negatif,soraya
u16-sKOCTUo,user_a7eff1f850f0,False,1772755200,0,negatif,0.9026,netral,tanpa_emoji,negatif,soraya
u16-sKOCTUo,user_4ca6032d4b54,False,1785974400,0,positif,0.9861,positif,positif,positif,soraya
u16-sKOCTUo,user_6ebcc68e1ac2,False,1772755200,0,negatif,0.931,positif,positif,negatif,soraya
u16-sKOCTUo,user_6ebcc68e1ac2,True,1772755200,1,netral,0.9866,netral,tanpa_emoji,netral,soraya
u16-sKOCTUo,user_a9da7c4bc0b6,False,1775433600,1,negatif,0.9438,netral,tanpa_emoji,negatif,soraya
u16-sKOCTUo,user_a117cf60e6f8,False,1772755200,0,negatif,0.6673,netral,tanpa_emoji,negatif,soraya
u16-sKOCTUo,user_0621522efe77,False,1772755200,0,positif,0.5784,positif,netral,positif,soraya
u16-sKOCTUo,user_9ca72c375b53,False,1772755200,0,netral,0.5226,netral,netral,netral,soraya
u16-sKOCTUo,user_bf1905a7598f,False,1772755200,0,netral,0.4642,netral,tanpa_emoji,netral,soraya
u16-sKOCTUo,user_77a8ca44408e,False,1770336000,0,positif,0.9777,netral,tanpa_emoji,positif,soraya
u16-sKOCTUo,user_3a3cce7ea60b,False,1770336000,3,positif,0.9229,netral,tanpa_emoji,positif,soraya
u16-sKOCTUo,user_0b3d09c62210,True,1770336000,0,positif,0.989,negatif,tanpa_emoji,positif,soraya
u16-sKOCTUo,user_722cf8ee6fd6,True,1770336000,0,positif,0.9422,netral,tanpa_emoji,positif,soraya
u16-sKOCTUo,user_47b3430f1563,False,1775433600,0,netral,0.8096,netral,tanpa_emoji,netral,soraya
u16-sKOCTUo,user_c1938ce9e9e9,False,1770336000,0,positif,0.9816,positif,netral,positif,soraya
u16-sKOCTUo,user_456701ea7d76,False,1770336000,0,negatif,0.6538,netral,tanpa_emoji,negatif,soraya
u16-sKOCTUo,user_e3f8c0a43fb1,False,1775433600,0,netral,0.5663,positif,tanpa_emoji,netral,soraya
u16-sKOCTUo,user_e672c5f0665a,False,1770336000,0,negatif,0.9565,netral,netral,negatif,soraya
u16-sKOCTUo,user_ae961214128c,False,1772755200,1,positif,0.955,negatif,netral,positif,soraya
u16-sKOCTUo,user_115239db9db6,False,1770336000,0,netral,0.912,netral,tanpa_emoji,netral,soraya
u16-sKOCTUo,user_801626add9f3,False,1770336000,0,netral,0.3903,netral,tanpa_emoji,netral,soraya
u16-sKOCTUo,user_5a37ffa29063,False,1770336000,1,negatif,0.7492,netral,tanpa_emoji,negatif,soraya
u16-sKOCTUo,user_3724b8c6840b,False,1770336000,0,negatif,0.8864,negatif,tanpa_emoji,negatif,soraya
u16-sKOCTUo,user_c2518f4e7055,False,1772755200,0,negatif,0.7933,positif,positif,negatif,soraya
u16-sKOCTUo,user_2777f004f8ea,False,1770336000,1,negatif,0.9963,netral,tanpa_emoji,negatif,soraya
u16-sKOCTUo,user_6b18a7b481bf,False,1772755200,0,negatif,0.6304,netral,tanpa_emoji,negatif,soraya
u16-sKOCTUo,user_4012bc2478e8,False,1770336000,0,positif,0.6928,netral,tanpa_emoji,positif,soraya
u16-sKOCTUo,user_d73cdf7d9b19,False,1772755200,0,negatif,0.502,positif,positif,positif,soraya
u16-sKOCTUo,user_a2c57ba1d7ba,False,1770336000,1,negatif,0.9891,netral,tanpa_emoji,negatif,soraya
u16-sKOCTUo,user_56b9c351f05d,False,1770336000,0,negatif,0.6812,negatif,tanpa_emoji,negatif,soraya
u16-sKOCTUo,user_7a8a95133b37,False,1775433600,1,negatif,0.9818,negatif,tanpa_emoji,negatif,soraya
u16-sKOCTUo,user_fe039d9fe0e5,False,1770336000,0,negatif,0.6985,netral,tanpa_emoji,negatif,soraya
u16-sKOCTUo,user_829e418bf92f,False,1775433600,1,negatif,0.7345,netral,tanpa_emoji,negatif,soraya
u16-sKOCTUo,user_90c08600c6e9,False,1772755200,2,negatif,0.923,netral,tanpa_emoji,negatif,soraya
u16-sKOCTUo,user_404d0dd8628c,False,1770336000,0,negatif,0.9978,netral,tanpa_emoji,negatif,soraya
u16-sKOCTUo,user_761b8eb5da05,False,1775433600,2,negatif,0.9869,negatif,tanpa_emoji,negatif,soraya
u16-sKOCTUo,user_367b41dc9e2d,False,1770336000,1,negatif,0.9718,netral,tanpa_emoji,negatif,soraya
u16-sKOCTUo,user_9e21c8d3566f,False,1772755200,0,positif,0.6095,negatif,tanpa_emoji,positif,soraya
u16-sKOCTUo,user_b5606d9e08a7,False,1770336000,0,negatif,0.9741,netral,tanpa_emoji,negatif,soraya
u16-sKOCTUo,user_fc2a45b0fda1,False,1775433600,0,negatif,0.756,netral,netral,negatif,soraya
u16-sKOCTUo,user_b85ba5f4b715,False,1772755200,0,positif,0.9073,positif,tanpa_emoji,positif,soraya
u16-sKOCTUo,user_ae2a29de97c4,False,1772755200,0,netral,0.5698,netral,netral,netral,soraya
u16-sKOCTUo,user_41cc6259ef60,False,1770336000,0,negatif,0.9968,netral,tanpa_emoji,negatif,soraya
u16-sKOCTUo,user_a06d01c145e7,False,1770336000,0,netral,0.7231,netral,tanpa_emoji,netral,soraya
u16-sKOCTUo,user_bdbafab54801,False,1775433600,1,negatif,0.9879,netral,tanpa_emoji,negatif,soraya
u16-sKOCTUo,user_e328bf2ba4bb,False,1770336000,4,negatif,0.8346,netral,netral,negatif,soraya
u16-sKOCTUo,user_81fbc3c28cee,True,1772755200,0,negatif,0.9875,netral,netral,netral,soraya
u16-sKOCTUo,user_dd616835d271,True,1775433600,0,netral,0.6364,netral,tanpa_emoji,netral,soraya
u16-sKOCTUo,user_79bf94da48ea,False,1770336000,2,positif,0.6567,positif,positif,positif,soraya
u16-sKOCTUo,user_12491483b182,True,1770336000,1,negatif,0.941,positif,positif,positif,soraya
u16-sKOCTUo,user_4aed9389a765,True,1770336000,0,positif,0.7559,netral,tanpa_emoji,positif,soraya
u16-sKOCTUo,user_dd616835d271,True,1775433600,0,netral,0.6364,netral,tanpa_emoji,netral,soraya
u16-sKOCTUo,user_00a476862feb,False,1775433600,0,netral,0.4889,netral,tanpa_emoji,netral,soraya
u16-sKOCTUo,user_10128330a759,False,1770336000,0,netral,0.6504,netral,netral,netral,soraya
u16-sKOCTUo,user_3df696ccadd2,False,1770336000,0,negatif,0.9893,positif,tanpa_emoji,negatif,soraya
u16-sKOCTUo,user_bc133ffb9c1b,False,1770336000,0,negatif,0.8648,netral,netral,negatif,soraya
u16-sKOCTUo,user_38b911fb29ed,False,1770336000,0,negatif,0.6586,netral,tanpa_emoji,negatif,soraya
u16-sKOCTUo,user_24d5b8fedc0f,False,1770336000,0,positif,0.996,netral,tanpa_emoji,positif,soraya
u16-sKOCTUo,user_51f8aae428b6,False,1770336000,0,positif,0.6451,positif,tanpa_emoji,positif,soraya
u16-sKOCTUo,user_bf7d83490b68,False,1770336000,0,negatif,0.9003,positif,tanpa_emoji,negatif,soraya
u16-sKOCTUo,user_49def42160b4,False,1770336000,0,positif,0.6533,positif,tanpa_emoji,positif,soraya
u16-sKOCTUo,user_1efd7fd2e199,False,1770336000,1,negatif,0.5913,netral,tanpa_emoji,negatif,soraya
u16-sKOCTUo,user_5686c93459e3,True,1770336000,0,negatif,0.5759,netral,tanpa_emoji,negatif,soraya
u16-sKOCTUo,user_5f637082d7a0,False,1770336000,3,netral,0.9433,netral,tanpa_emoji,netral,soraya
u16-sKOCTUo,user_722cf8ee6fd6,True,1770336000,0,negatif,0.6575,negatif,tanpa_emoji,negatif,soraya
u16-sKOCTUo,user_6367d56cb2f8,False,1770336000,0,negatif,0.6733,netral,tanpa_emoji,negatif,soraya
u16-sKOCTUo,user_02eec71565e2,False,1770336000,0,positif,0.8475,positif,tanpa_emoji,positif,soraya
u16-sKOCTUo,user_492540d85de1,False,1772755200,0,positif,0.6619,positif,tanpa_emoji,positif,soraya
u16-sKOCTUo,user_0f16d68cfe99,False,1770336000,0,negatif,0.6924,netral,tanpa_emoji,negatif,soraya
u16-sKOCTUo,user_a05a038126ef,False,1770336000,2,negatif,0.6725,positif,tanpa_emoji,negatif,soraya
u16-sKOCTUo,user_c752026f897e,True,1770336000,0,negatif,0.5016,positif,tanpa_emoji,negatif,soraya
u16-sKOCTUo,user_1758c0db1aac,False,1770336000,0,negatif,0.9573,netral,tanpa_emoji,negatif,soraya
u16-sKOCTUo,user_eaccae9bd0ce,False,1770336000,0,positif,0.9917,positif,tanpa_emoji,positif,soraya
u16-sKOCTUo,user_84e886c32452,False,1770336000,0,negatif,0.6399,netral,tanpa_emoji,negatif,soraya
u16-sKOCTUo,user_6186eaf8eba7,False,1770336000,0,negatif,0.9992,netral,tanpa_emoji,negatif,soraya
u16-sKOCTUo,user_ce1019e76282,False,1770336000,0,negatif,0.9956,netral,tanpa_emoji,negatif,soraya
u16-sKOCTUo,user_da71ddaa9912,False,1770336000,0,negatif,0.7684,negatif,tanpa_emoji,negatif,soraya
u16-sKOCTUo,user_f032a5c94a19,False,1770336000,7,netral,0.508,netral,netral,netral,soraya
u16-sKOCTUo,user_dd616835d271,True,1775433600,2,netral,0.6364,netral,tanpa_emoji,netral,soraya
u16-sKOCTUo,user_0227db36c26e,True,1770336000,0,netral,0.7489,netral,tanpa_emoji,netral,soraya
u16-sKOCTUo,user_2156595b8370,False,1770336000,0,negatif,0.9842,netral,tanpa_emoji,negatif,soraya
u16-sKOCTUo,user_ddf933586e93,False,1770336000,0,positif,0.973,positif,tanpa_emoji,positif,soraya
u16-sKOCTUo,user_021005817eed,False,1772755200,0,negatif,0.6105,negatif,tanpa_emoji,negatif,soraya
u16-sKOCTUo,user_ec7ef8fe6341,False,1770336000,1,negatif,0.9824,netral,tanpa_emoji,negatif,soraya
u16-sKOCTUo,user_d87589c81daf,False,1770336000,0,positif,0.8926,netral,tanpa_emoji,positif,soraya
u16-sKOCTUo,user_32b2784a585a,False,1772755200,0,negatif,0.9736,netral,tanpa_emoji,negatif,soraya
u16-sKOCTUo,user_3d686f4c641b,False,1770336000,0,negatif,0.9836,netral,tanpa_emoji,negatif,soraya
u16-sKOCTUo,user_2fbac9dd999e,False,1770336000,0,positif,0.904,positif,tanpa_emoji,positif,soraya
u16-sKOCTUo,user_37647af01d52,False,1770336000,0,netral,0.7555,netral,tanpa_emoji,netral,soraya
u16-sKOCTUo,user_bd7b7da774da,True,1770336000,0,negatif,0.5053,netral,tanpa_emoji,negatif,soraya
u16-sKOCTUo,user_eefb659589be,False,1770336000,0,negatif,0.9968,negatif,tanpa_emoji,negatif,soraya
u16-sKOCTUo,user_47bbf112b1da,False,1770336000,0,negatif,0.7188,netral,tanpa_emoji,negatif,soraya
u16-sKOCTUo,user_36f4ff164b9e,False,1770336000,3,positif,0.9358,negatif,tanpa_emoji,positif,soraya
u16-sKOCTUo,user_77598ad72e76,True,1770336000,1,positif,0.9883,positif,netral,positif,soraya
u16-sKOCTUo,user_36f4ff164b9e,True,1770336000,1,positif,0.5461,netral,tanpa_emoji,positif,soraya
u16-sKOCTUo,user_77598ad72e76,True,1770336000,0,positif,0.983,positif,tanpa_emoji,positif,soraya
u16-sKOCTUo,user_dd616835d271,True,1775433600,0,netral,0.6605,netral,netral,netral,soraya
u16-sKOCTUo,user_a2e8713f55e6,False,1770336000,0,positif,0.9877,positif,tanpa_emoji,positif,soraya
u16-sKOCTUo,user_85288c7a2b0a,False,1770336000,1,positif,0.6373,netral,tanpa_emoji,positif,soraya
u16-sKOCTUo,user_4e33734bbc77,False,1770336000,5,negatif,0.9954,netral,tanpa_emoji,negatif,soraya
u16-sKOCTUo,user_46411a924df0,True,1770336000,0,negatif,0.9984,negatif,tanpa_emoji,negatif,soraya
u16-sKOCTUo,user_d2cce0f3acf5,False,1772755200,0,netral,0.9257,netral,tanpa_emoji,netral,soraya
u16-sKOCTUo,user_c45a3a69e8c0,False,1770336000,1,negatif,0.9983,negatif,netral,negatif,soraya
u16-sKOCTUo,user_16a68c73b4b7,False,1775433600,0,negatif,0.4543,netral,tanpa_emoji,negatif,soraya
u16-sKOCTUo,user_0bed02ff063b,False,1770336000,0,negatif,0.9163,positif,tanpa_emoji,negatif,soraya
u16-sKOCTUo,user_a42a5bdeefa3,False,1770336000,0,positif,0.7883,positif,netral,positif,soraya
u16-sKOCTUo,user_b8fefd8c36f2,True,1770336000,1,negatif,0.8419,netral,tanpa_emoji,negatif,soraya
u16-sKOCTUo,user_c97e6c759ac0,False,1770336000,0,negatif,0.9301,netral,tanpa_emoji,negatif,soraya
u16-sKOCTUo,user_101fc99e2b35,False,1770336000,0,negatif,0.9743,netral,tanpa_emoji,negatif,soraya
u16-sKOCTUo,user_6ac9c1ab4547,False,1772755200,0,netral,0.5696,netral,netral,netral,soraya
u16-sKOCTUo,user_d21a095edd9a,False,1770336000,0,netral,0.7486,netral,tanpa_emoji,netral,soraya
u16-sKOCTUo,user_467235df2530,False,1770336000,0,netral,0.8006,netral,tanpa_emoji,netral,soraya
u16-sKOCTUo,user_35c146306578,False,1770336000,0,negatif,0.9876,netral,tanpa_emoji,negatif,soraya
u16-sKOCTUo,user_c5460cd5d3b7,False,1770336000,0,negatif,0.8118,negatif,tanpa_emoji,negatif,soraya
u16-sKOCTUo,user_505a4ebdf847,False,1770336000,0,negatif,0.9613,netral,tanpa_emoji,negatif,soraya
u16-sKOCTUo,user_d043d3ad852d,False,1770336000,0,negatif,0.9505,netral,netral,negatif,soraya
u16-sKOCTUo,user_4114f2cf4682,False,1770336000,3,positif,0.5624,netral,tanpa_emoji,positif,soraya
u16-sKOCTUo,user_6735ace3d054,False,1770336000,0,negatif,0.9017,netral,tanpa_emoji,negatif,soraya
u16-sKOCTUo,user_0b8728754976,False,1772755200,0,negatif,0.7413,netral,tanpa_emoji,negatif,soraya
u16-sKOCTUo,user_fe647001e5c6,False,1772755200,0,netral,0.9332,netral,tanpa_emoji,netral,soraya
u16-sKOCTUo,user_e68ba184009b,False,1770336000,0,negatif,0.7402,netral,tanpa_emoji,negatif,soraya
u16-sKOCTUo,user_55d05310d420,False,1770336000,0,negatif,0.8798,netral,netral,negatif,soraya
u16-sKOCTUo,user_38b5dfa762e9,False,1770336000,0,negatif,0.9938,negatif,netral,negatif,soraya
u16-sKOCTUo,user_6fcf431520c0,False,1772755200,1,negatif,0.7103,netral,tanpa_emoji,negatif,soraya
u16-sKOCTUo,user_7239eaf0452a,False,1772755200,0,negatif,0.9941,netral,tanpa_emoji,negatif,soraya
u16-sKOCTUo,user_b139f2694ec1,False,1772755200,0,negatif,0.9408,netral,netral,negatif,soraya
u16-sKOCTUo,user_009cb3e5b73a,False,1770336000,0,negatif,0.971,netral,tanpa_emoji,negatif,soraya
u16-sKOCTUo,user_6e58502d20cd,False,1770336000,0,negatif,0.6755,netral,tanpa_emoji,negatif,soraya
u16-sKOCTUo,user_143e80dc17ab,False,1770336000,0,negatif,0.4931,netral,tanpa_emoji,negatif,soraya
u16-sKOCTUo,user_366d14dbb551,False,1770336000,0,negatif,0.9132,netral,tanpa_emoji,negatif,soraya
u16-sKOCTUo,user_005b5b5b2ed8,False,1770336000,0,negatif,0.9132,netral,tanpa_emoji,negatif,soraya
u16-sKOCTUo,user_69291a4d93dc,False,1772755200,1,negatif,0.9958,negatif,tanpa_emoji,negatif,soraya
u16-sKOCTUo,user_56baf232876a,False,1770336000,1,negatif,0.9929,netral,tanpa_emoji,negatif,soraya
u16-sKOCTUo,user_1f827c7e10a4,False,1770336000,0,negatif,0.9907,negatif,netral,negatif,soraya
u16-sKOCTUo,user_d7632ee3e45b,True,1770336000,0,negatif,0.7473,netral,tanpa_emoji,negatif,soraya
u16-sKOCTUo,user_8eddf1284e72,False,1770336000,0,netral,0.9383,netral,tanpa_emoji,netral,soraya
u16-sKOCTUo,user_0ff841273a25,False,1770336000,0,negatif,0.984,netral,tanpa_emoji,negatif,soraya
u16-sKOCTUo,user_901b815fbe8b,False,1772755200,0,negatif,0.997,netral,tanpa_emoji,negatif,soraya
u16-sKOCTUo,user_40e708e2f8dd,False,1770336000,0,negatif,0.6372,netral,tanpa_emoji,negatif,soraya
u16-sKOCTUo,user_110675eaa565,False,1772755200,0,positif,0.977,positif,tanpa_emoji,positif,soraya
u16-sKOCTUo,user_1d100ef1c5ec,False,1772755200,0,netral,0.9302,netral,netral,netral,soraya
u16-sKOCTUo,user_0d57c1ba7d64,False,1772755200,0,negatif,0.465,netral,tanpa_emoji,negatif,soraya
u16-sKOCTUo,user_0d57c1ba7d64,True,1772755200,0,positif,0.8636,positif,tanpa_emoji,positif,soraya
u16-sKOCTUo,user_461143058020,False,1770336000,0,negatif,0.9914,netral,netral,negatif,soraya
u16-sKOCTUo,user_08e5b7b3b385,False,1770336000,0,negatif,0.7787,netral,tanpa_emoji,negatif,soraya
xSMw6AWHHKY,user_f3cf447913d0,False,1759708800,6,positif,0.6058,netral,tanpa_emoji,positif,soraya
xSMw6AWHHKY,user_a3f56ce86960,False,1759708800,4,positif,0.9939,positif,tanpa_emoji,positif,soraya
xSMw6AWHHKY,user_8fb3b17f6e0c,False,1759708800,2,negatif,0.9925,positif,netral,negatif,soraya
xSMw6AWHHKY,user_4955ad562556,False,1759708800,1,netral,0.4809,positif,positif,positif,soraya
xSMw6AWHHKY,user_9172d5fbd66f,False,1759708800,1,negatif,0.8831,netral,tanpa_emoji,negatif,soraya
xSMw6AWHHKY,user_77a7b8f30d40,False,1759708800,1,negatif,0.9915,netral,tanpa_emoji,negatif,soraya
xSMw6AWHHKY,user_a997c0620ae8,False,1759708800,2,negatif,0.996,netral,tanpa_emoji,negatif,soraya
xSMw6AWHHKY,user_420746dfe39f,False,1759708800,3,negatif,0.9699,netral,netral,negatif,soraya
xSMw6AWHHKY,user_44f2e169fa59,False,1759708800,2,negatif,0.6318,netral,tanpa_emoji,negatif,soraya
xSMw6AWHHKY,user_aff2eb3617d5,False,1759708800,2,netral,0.6646,netral,tanpa_emoji,netral,soraya
xSMw6AWHHKY,user_552a44350046,False,1759708800,2,negatif,0.7287,negatif,tanpa_emoji,negatif,soraya
xSMw6AWHHKY,user_dd616835d271,False,1759708800,1,netral,0.6364,netral,tanpa_emoji,netral,soraya
xSMw6AWHHKY,user_50c1ff62909a,False,1759708800,2,negatif,0.8805,netral,tanpa_emoji,negatif,soraya
xSMw6AWHHKY,user_1e7b7ad6b461,False,1759708800,1,netral,0.99,netral,tanpa_emoji,netral,soraya
xSMw6AWHHKY,user_abb63e6aecb6,False,1759708800,2,negatif,0.7235,netral,tanpa_emoji,negatif,soraya
xSMw6AWHHKY,user_4f75d22011ac,False,1759708800,2,negatif,0.9103,netral,tanpa_emoji,negatif,soraya
xSMw6AWHHKY,user_e160a756c1f9,False,1759708800,2,positif,0.7075,netral,tanpa_emoji,positif,soraya
xSMw6AWHHKY,user_c41249b0be12,True,1767657600,0,negatif,0.9793,netral,netral,negatif,soraya
xSMw6AWHHKY,user_41eb0e2139e2,False,1759708800,10,negatif,0.9457,netral,tanpa_emoji,negatif,soraya
xSMw6AWHHKY,user_d4bcb44b09b6,True,1759708800,4,negatif,0.5799,netral,tanpa_emoji,negatif,soraya
xSMw6AWHHKY,user_8b8366997e26,True,1759708800,3,negatif,0.998,positif,tanpa_emoji,negatif,soraya
xSMw6AWHHKY,user_06d7faadfa7c,False,1759708800,3,negatif,0.7137,negatif,tanpa_emoji,negatif,soraya
xSMw6AWHHKY,user_038003a2d6ec,True,1759708800,2,netral,0.3711,positif,tanpa_emoji,netral,soraya
xSMw6AWHHKY,user_764415f191d3,True,1759708800,2,negatif,0.9975,netral,tanpa_emoji,negatif,soraya
xSMw6AWHHKY,user_ab961816393f,False,1759708800,1,negatif,0.8436,negatif,tanpa_emoji,negatif,soraya
xSMw6AWHHKY,user_ab961816393f,True,1759708800,1,netral,0.4819,netral,netral,netral,soraya
xSMw6AWHHKY,user_dd616835d271,True,1759708800,1,netral,0.6364,netral,tanpa_emoji,netral,soraya
xSMw6AWHHKY,user_47984c794578,False,1759708800,3,negatif,0.5366,netral,tanpa_emoji,negatif,soraya
xSMw6AWHHKY,user_ce85694d6ed1,True,1759708800,1,netral,0.8561,netral,netral,netral,soraya
xSMw6AWHHKY,user_dd616835d271,True,1759708800,1,netral,0.6364,netral,tanpa_emoji,netral,soraya
xSMw6AWHHKY,user_5ad075b15d7f,False,1759708800,2,negatif,0.8803,netral,tanpa_emoji,negatif,soraya
xSMw6AWHHKY,user_503027899bda,True,1759708800,2,negatif,0.9789,negatif,tanpa_emoji,negatif,soraya
xSMw6AWHHKY,user_5ad075b15d7f,True,1759708800,2,netral,0.6646,netral,tanpa_emoji,netral,soraya
xSMw6AWHHKY,user_7153d2b13130,True,1759708800,2,netral,0.5644,netral,tanpa_emoji,netral,soraya
xSMw6AWHHKY,user_9b33f42c64b0,False,1759708800,2,negatif,0.9982,netral,tanpa_emoji,negatif,soraya
