video_id,user,is_reply,timestamp,like_count,sent_indobert,sent_indobert_score,sent_lexicon,sent_emoji,sent_combined,set
1Gsp0AuOwOg,user_f566b83af447,False,1790985600,0,netral,0.9402,positif,positif,netral,hitmaker
1Gsp0AuOwOg,user_3233fe48666b,False,1790812800,0,netral,0.9427,netral,tanpa_emoji,netral,hitmaker
1Gsp0AuOwOg,user_1c3d6705483a,False,1788652800,0,positif,0.8318,positif,tanpa_emoji,positif,hitmaker
1Gsp0AuOwOg,user_dba70457db35,False,1783296000,0,positif,0.6049,netral,tanpa_emoji,positif,hitmaker
1Gsp0AuOwOg,user_855fd88b7cf4,False,1783296000,0,netral,0.7487,netral,tanpa_emoji,netral,hitmaker
1Gsp0AuOwOg,user_21abdad68e96,False,1780704000,0,negatif,0.6451,positif,tanpa_emoji,negatif,hitmaker
1Gsp0AuOwOg,user_599a49a289a8,False,1775433600,0,negatif,0.5751,netral,tanpa_emoji,negatif,hitmaker
1Gsp0AuOwOg,user_46255ab81d9a,False,1772755200,0,positif,0.9976,netral,tanpa_emoji,positif,hitmaker
1Gsp0AuOwOg,user_95a50940314b,False,1767657600,0,negatif,0.9186,netral,tanpa_emoji,negatif,hitmaker
1Gsp0AuOwOg,user_a676b95b0f70,False,1764979200,1,negatif,0.9057,netral,netral,netral,hitmaker
1Gsp0AuOwOg,user_748413121b07,False,1764979200,2,negatif,0.9875,netral,netral,netral,hitmaker
1Gsp0AuOwOg,user_f0fe9481245f,False,1762387200,0,positif,0.9941,positif,tanpa_emoji,positif,hitmaker
1Gsp0AuOwOg,user_94f946e0d486,False,1759708800,0,negatif,0.9293,positif,positif,positif,hitmaker
1Gsp0AuOwOg,user_a845b9fcced2,False,1759708800,0,negatif,0.8422,netral,tanpa_emoji,negatif,hitmaker
1Gsp0AuOwOg,user_d1179176c8cb,False,1759708800,0,positif,0.9569,netral,tanpa_emoji,positif,hitmaker
1Gsp0AuOwOg,user_9ce5b52e9c00,False,1759708800,0,negatif,0.9981,negatif,netral,negatif,hitmaker
1Gsp0AuOwOg,user_512d599a2ba0,False,1759708800,0,netral,0.8605,netral,tanpa_emoji,netral,hitmaker
1Gsp0AuOwOg,user_abcee81ce7ea,False,1759708800,1,negatif,0.997,netral,netral,negatif,hitmaker
1Gsp0AuOwOg,user_38807d525989,False,1759708800,0,positif,0.9894,positif,netral,positif,hitmaker
1Gsp0AuOwOg,user_6f048a0d9182,False,1759708800,0,negatif,0.9835,netral,netral,netral,hitmaker
1Gsp0AuOwOg,user_55117c6565e8,False,1759708800,0,negatif,0.4839,netral,tanpa_emoji,negatif,hitmaker
1Gsp0AuOwOg,user_80e9f492d9f8,False,1759708800,0,netral,0.3721,positif,tanpa_emoji,netral,hitmaker
1Gsp0AuOwOg,user_d0e2e80a7c8e,False,1759708800,0,netral,0.5339,positif,positif,positif,hitmaker
1Gsp0AuOwOg,user_8c08d1f9c1f2,False,1759708800,0,netral,0.5663,netral,tanpa_emoji,netral,hitmaker
1Gsp0AuOwOg,user_67ec78b196f4,False,1759708800,0,positif,0.9242,positif,positif,positif,hitmaker
1Gsp0AuOwOg,user_b46e23b52eb6,False,1759708800,0,negatif,0.6734,positif,positif,negatif,hitmaker
1Gsp0AuOwOg,user_b46e23b52eb6,False,1759708800,0,negatif,0.8023,netral,netral,negatif,hitmaker
1Gsp0AuOwOg,user_2a467219809b,False,1759708800,0,netral,0.8214,netral,tanpa_emoji,netral,hitmaker
1Gsp0AuOwOg,user_f23ce413d86f,False,1759708800,1,negatif,0.7772,netral,tanpa_emoji,negatif,hitmaker
1Gsp0AuOwOg,user_e97489a1d797,True,1759708800,0,negatif,0.6693,netral,tanpa_emoji,negatif,hitmaker
1Gsp0AuOwOg,user_873943a2f639,False,1759708800,0,negatif,0.9005,positif,positif,positif,hitmaker
1Gsp0AuOwOg,user_873943a2f639,False,1759708800,0,negatif,0.9005,positif,positif,positif,hitmaker
1Gsp0AuOwOg,user_873943a2f639,False,1759708800,0,negatif,0.9005,positif,positif,positif,hitmaker
1Gsp0AuOwOg,user_873943a2f639,False,1759708800,0,negatif,0.9005,positif,positif,positif,hitmaker
1Gsp0AuOwOg,user_fd2096b5a73f,False,1759708800,0,negatif,0.9856,netral,netral,negatif,hitmaker
1Gsp0AuOwOg,user_f77ad7e3f2fa,False,1759708800,0,negatif,0.716,positif,tanpa_emoji,negatif,hitmaker
1Gsp0AuOwOg,user_f77ad7e3f2fa,False,1759708800,1,positif,0.9819,positif,tanpa_emoji,positif,hitmaker
1Gsp0AuOwOg,user_b9906a0bbaf5,False,1759708800,0,netral,0.9202,netral,tanpa_emoji,netral,hitmaker
1Gsp0AuOwOg,user_dcd9b11bf7d0,False,1759708800,0,negatif,0.9207,netral,tanpa_emoji,negatif,hitmaker
1Gsp0AuOwOg,user_0f29a412caa9,False,1728172800,1,negatif,0.6143,netral,tanpa_emoji,negatif,hitmaker
1Gsp0AuOwOg,user_03c08404afa3,False,1728172800,2,positif,0.9923,positif,positif,positif,hitmaker
1Gsp0AuOwOg,user_a5974afe46dc,False,1728172800,0,netral,0.9118,netral,tanpa_emoji,netral,hitmaker
1Gsp0AuOwOg,user_de0f8e15ed2a,False,1728172800,0,negatif,0.7557,netral,netral,negatif,hitmaker
1Gsp0AuOwOg,user_9b70ed152439,False,1728172800,0,netral,0.9276,netral,tanpa_emoji,netral,hitmaker
1Gsp0AuOwOg,user_9b70ed152439,False,1728172800,0,netral,0.9658,netral,tanpa_emoji,netral,hitmaker
1Gsp0AuOwOg,user_9b70ed152439,False,1728172800,0,netral,0.9641,netral,tanpa_emoji,netral,hitmaker
1Gsp0AuOwOg,user_9b70ed152439,False,1728172800,0,netral,0.8994,netral,tanpa_emoji,netral,hitmaker
1Gsp0AuOwOg,user_a5974afe46dc,False,1728172800,1,netral,0.7778,netral,tanpa_emoji,netral,hitmaker
1Gsp0AuOwOg,user_74e951e6e1bf,False,1728172800,0,positif,0.6724,positif,tanpa_emoji,positif,hitmaker
1Gsp0AuOwOg,user_f88e06fd2c95,False,1728172800,0,negatif,0.9535,netral,tanpa_emoji,negatif,hitmaker
1Gsp0AuOwOg,user_25ad25c7f6da,False,1728172800,0,negatif,0.6833,netral,tanpa_emoji,negatif,hitmaker
1Gsp0AuOwOg,user_65710cff918e,False,1728172800,0,netral,0.9325,positif,positif,netral,hitmaker
1Gsp0AuOwOg,user_1e682ec20bb4,True,1728172800,0,netral,0.9679,netral,tanpa_emoji,netral,hitmaker
1Gsp0AuOwOg,user_b2a97590365a,False,1728172800,0,negatif,0.5019,netral,tanpa_emoji,negatif,hitmaker
1Gsp0AuOwOg,user_aa3573dceb2d,False,1728172800,0,positif,0.8731,netral,tanpa_emoji,positif,hitmaker
1Gsp0AuOwOg,user_8347d1591457,False,1728172800,0,positif,0.9947,positif,tanpa_emoji,positif,hitmaker
1Gsp0AuOwOg,user_acaa526e272a,False,1728172800,1,positif,0.8546,positif,tanpa_emoji,positif,hitmaker
1Gsp0AuOwOg,user_d2668ed41521,False,1728172800,0,negatif,0.5152,netral,tanpa_emoji,negatif,hitmaker
1Gsp0AuOwOg,user_ef35062894fc,False,1728172800,1,negatif,0.9174,netral,tanpa_emoji,negatif,hitmaker
1Gsp0AuOwOg,user_f68c525d8dff,False,1728172800,0,negatif,0.9966,positif,tanpa_emoji,negatif,hitmaker
1Gsp0AuOwOg,user_919af51f0dac,False,1728172800,0,negatif,0.6166,netral,tanpa_emoji,negatif,hitmaker
1Gsp0AuOwOg,user_fb10d9263ea0,False,1728172800,0,negatif,0.9232,netral,netral,negatif,hitmaker
1Gsp0AuOwOg,user_f9a69a1d0899,False,1728172800,0,positif,0.7341,positif,tanpa_emoji,positif,hitmaker
1Gsp0AuOwOg,user_29ffaf61bbd7,False,1728172800,0,positif,0.8342,positif,positif,positif,hitmaker
1Gsp0AuOwOg,user_e2d2bce832df,False,1728172800,0,netral,0.8517,netral,tanpa_emoji,netral,hitmaker
1Gsp0AuOwOg,user_62dcc1efa1ce,False,1728172800,0,negatif,0.9414,positif,positif,negatif,hitmaker
1Gsp0AuOwOg,user_e57e07089e4b,False,1728172800,2,netral,0.5578,netral,tanpa_emoji,netral,hitmaker
1Gsp0AuOwOg,user_a786543feda9,False,1728172800,0,negatif,0.9249,positif,tanpa_emoji,negatif,hitmaker
1Gsp0AuOwOg,user_efe9995c86ce,False,1728172800,0,positif,0.9934,positif,tanpa_emoji,positif,hitmaker
1Gsp0AuOwOg,user_511f6a301e66,False,1728172800,0,positif,0.9824,netral,tanpa_emoji,positif,hitmaker
1Gsp0AuOwOg,user_04d2f4545abb,False,1728172800,0,negatif,0.9871,netral,tanpa_emoji,negatif,hitmaker
1Gsp0AuOwOg,user_1fe66ae286a7,False,1728172800,0,positif,0.9646,positif,netral,positif,hitmaker
1Gsp0AuOwOg,user_ddf3fcd6dd2f,False,1728172800,0,negatif,0.9494,netral,tanpa_emoji,negatif,hitmaker
1Gsp0AuOwOg,user_f16ca51ba312,False,1728172800,0,negatif,0.9588,negatif,tanpa_emoji,negatif,hitmaker
1Gsp0AuOwOg,user_acd6d6c14fe8,False,1728172800,0,negatif,0.7818,netral,tanpa_emoji,negatif,hitmaker
1Gsp0AuOwOg,user_138617caadec,False,1728172800,0,positif,0.998,netral,tanpa_emoji,positif,hitmaker
1Gsp0AuOwOg,user_5b856237cd45,False,1728172800,0,netral,0.6956,netral,tanpa_emoji,netral,hitmaker
1Gsp0AuOwOg,user_8e80063ff1c5,True,1728172800,0,negatif,0.9956,netral,tanpa_emoji,negatif,hitmaker
1Gsp0AuOwOg,user_5b856237cd45,True,1728172800,0,negatif,0.4055,netral,tanpa_emoji,negatif,hitmaker
1Gsp0AuOwOg,user_8e80063ff1c5,True,1728172800,0,netral,0.9503,negatif,tanpa_emoji,netral,hitmaker
1Gsp0AuOwOg,user_543e928884c5,False,1728172800,0,netral,0.9567,netral,tanpa_emoji,netral,hitmaker
1Gsp0AuOwOg,user_5b856237cd45,True,1728172800,1,netral,0.9751,netral,tanpa_emoji,netral,hitmaker
1Gsp0AuOwOg,user_543e928884c5,True,1728172800,0,netral,0.9968,netral,tanpa_emoji,netral,hitmaker
1Gsp0AuOwOg,user_d77d891f524d,True,1728172800,0,netral,0.8684,netral,tanpa_emoji,netral,hitmaker
1Gsp0AuOwOg,user_581a737421eb,False,1728172800,1,negatif,0.9651,positif,tanpa_emoji,negatif,hitmaker
1Gsp0AuOwOg,user_90dca4d6d17e,False,1728172800,1,negatif,0.4996,netral,tanpa_emoji,negatif,hitmaker
1Gsp0AuOwOg,user_1a26e5ebf2b8,True,1728172800,2,netral,0.988,netral,tanpa_emoji,netral,hitmaker
1Gsp0AuOwOg,user_5b856237cd45,True,1728172800,0,netral,0.9751,netral,tanpa_emoji,netral,hitmaker
1Gsp0AuOwOg,user_8e80063ff1c5,True,1728172800,0,negatif,0.9869,netral,tanpa_emoji,negatif,hitmaker
1Gsp0AuOwOg,user_623e45fd62c5,False,1728172800,0,negatif,0.578,netral,tanpa_emoji,negatif,hitmaker
1Gsp0AuOwOg,user_c1c3f7672d9b,False,1728172800,0,positif,0.7333,netral,tanpa_emoji,positif,hitmaker
1Gsp0AuOwOg,user_1ff434d89e56,False,1728172800,0,netral,0.9928,netral,tanpa_emoji,netral,hitmaker
1Gsp0AuOwOg,user_1a26e5ebf2b8,True,1728172800,1,negatif,0.9388,netral,tanpa_emoji,negatif,hitmaker
1Gsp0AuOwOg,user_3115c8d04308,False,1728172800,0,negatif,0.9507,netral,tanpa_emoji,negatif,hitmaker
1Gsp0AuOwOg,user_90c2628466ba,False,1728172800,0,positif,0.9859,positif,tanpa_emoji,positif,hitmaker
1Gsp0AuOwOg,user_681c09a97c89,False,1728172800,0,negatif,0.9984,netral,tanpa_emoji,negatif,hitmaker
1Gsp0AuOwOg,user_88cb363ab5bf,False,1728172800,0,positif,0.9978,netral,tanpa_emoji,positif,hitmaker
1Gsp0AuOwOg,user_63d036c36412,False,1728172800,0,positif,0.9471,positif,tanpa_emoji,positif,hitmaker
1Gsp0AuOwOg,user_8abef0d7afbb,False,1728172800,1,positif,0.8389,netral,tanpa_emoji,positif,hitmaker
1Gsp0AuOwOg,user_49846afbc07a,False,1728172800,1,netral,0.9907,netral,tanpa_emoji,netral,hitmaker
1Gsp0AuOwOg,user_1a26e5ebf2b8,True,1728172800,1,negatif,0.6824,netral,tanpa_emoji,negatif,hitmaker
1Gsp0AuOwOg,user_9f05d83e33e1,False,1728172800,0,negatif,0.5166,netral,tanpa_emoji,negatif,hitmaker
1Gsp0AuOwOg,user_57fd901230d9,False,1728172800,0,negatif,0.9889,netral,tanpa_emoji,negatif,hitmaker
1Gsp0AuOwOg,user_465fbc97b365,False,1728172800,0,positif,0.9073,positif,tanpa_emoji,positif,hitmaker
1Gsp0AuOwOg,user_66dffe6de1d4,True,1728172800,0,negatif,0.9852,netral,tanpa_emoji,negatif,hitmaker
1Gsp0AuOwOg,user_31533b2de639,False,1728172800,0,positif,0.6407,netral,tanpa_emoji,positif,hitmaker
1Gsp0AuOwOg,user_3a8723daf884,False,1728172800,0,positif,0.8682,netral,netral,positif,hitmaker
1Gsp0AuOwOg,user_65ea982116d6,False,1728172800,0,positif,0.9781,positif,tanpa_emoji,positif,hitmaker
1Gsp0AuOwOg,user_fd116bec1028,False,1728172800,32,positif,0.9856,positif,tanpa_emoji,positif,hitmaker
1Gsp0AuOwOg,user_7788b54ddd1f,False,1728172800,2,netral,0.8485,negatif,tanpa_emoji,netral,hitmaker
1Gsp0AuOwOg,user_1a26e5ebf2b8,True,1728172800,1,positif,0.9946,negatif,tanpa_emoji,positif,hitmaker
1Gsp0AuOwOg,user_ac48cadb4f30,False,1728172800,0,negatif,0.6385,netral,tanpa_emoji,negatif,hitmaker
1Gsp0AuOwOg,user_defda810f6b1,True,1728172800,0,positif,0.5482,netral,tanpa_emoji,positif,hitmaker
1Gsp0AuOwOg,user_446f0f560f15,False,1728172800,0,positif,0.9967,netral,tanpa_emoji,positif,hitmaker
1Gsp0AuOwOg,user_5761c2504682,False,1728172800,0,positif,0.9924,positif,tanpa_emoji,positif,hitmaker
1Gsp0AuOwOg,user_3f219f2db178,False,1728172800,0,negatif,0.8229,netral,tanpa_emoji,negatif,hitmaker
1Gsp0AuOwOg,user_06a48dced9d0,False,1728172800,0,negatif,0.9968,negatif,netral,negatif,hitmaker
1Gsp0AuOwOg,user_a4999800c4a3,False,1728172800,0,netral,0.4785,netral,tanpa_emoji,netral,hitmaker
1Gsp0AuOwOg,user_562cd5fcdc5b,False,1728172800,2,positif,0.9895,positif,positif,positif,hitmaker
1Gsp0AuOwOg,user_bd8dfd1d8fd0,False,1728172800,4,positif,0.7347,positif,positif,positif,hitmaker
1Gsp0AuOwOg,user_824c83c74641,False,1728172800,3,positif,0.9941,positif,tanpa_emoji,positif,hitmaker
1Gsp0AuOwOg,user_824c83c74641,False,1728172800,1,positif,0.9982,positif,tanpa_emoji,positif,hitmaker
1Gsp0AuOwOg,user_cd8fd2c0bbad,False,1728172800,3,positif,0.9851,netral,tanpa_emoji,positif,hitmaker
1Gsp0AuOwOg,user_6c58f9b7c1da,False,1728172800,1,negatif,0.9363,netral,tanpa_emoji,negatif,hitmaker
1Gsp0AuOwOg,user_070b68d549e7,False,1728172800,1,netral,0.5335,netral,netral,netral,hitmaker
1Gsp0AuOwOg,user_bbd6cdb6f5ab,False,1728172800,0,netral,0.9612,netral,tanpa_emoji,netral,hitmaker
1Gsp0AuOwOg,user_f341a5b09fcb,False,1728172800,0,positif,0.9735,netral,tanpa_emoji,positif,hitmaker
1Gsp0AuOwOg,user_0b14c6c86081,False,1728172800,2,positif,0.9972,positif,tanpa_emoji,positif,hitmaker
1Gsp0AuOwOg,user_15655ef202d7,False,1728172800,1,positif,0.9959,positif,netral,positif,hitmaker
1Gsp0AuOwOg,user_bd8dfd1d8fd0,False,1728172800,2,positif,0.9821,positif,positif,positif,hitmaker
1Gsp0AuOwOg,user_71a6315c3d65,False,1728172800,0,positif,0.7902,positif,tanpa_emoji,positif,hitmaker
1Gsp0AuOwOg,user_66c77dc4ede4,False,1728172800,2,negatif,0.5793,netral,tanpa_emoji,negatif,hitmaker
1Gsp0AuOwOg,user_28d4704310b9,False,1728172800,0,positif,0.8009,positif,netral,positif,hitmaker
1Gsp0AuOwOg,user_4e912473028f,False,1728172800,1,positif,0.9679,netral,tanpa_emoji,positif,hitmaker
1Gsp0AuOwOg,user_846df8ccc98c,False,1728172800,0,positif,0.9968,positif,tanpa_emoji,positif,hitmaker
1Gsp0AuOwOg,user_1bcb24af5f7c,False,1728172800,0,negatif,0.5772,netral,netral,negatif,hitmaker
1Gsp0AuOwOg,user_c9aa6e414da5,False,1728172800,0,positif,0.9978,positif,tanpa_emoji,positif,hitmaker
1Gsp0AuOwOg,user_6c761cf0dabe,False,1728172800,0,negatif,0.7946,netral,tanpa_emoji,negatif,hitmaker
1Gsp0AuOwOg,user_9ac181abf2ad,False,1728172800,1,positif,0.9848,positif,netral,positif,hitmaker
1Gsp0AuOwOg,user_943868bd04d6,False,1728172800,1,positif,0.9175,positif,tanpa_emoji,positif,hitmaker
1Gsp0AuOwOg,user_1dc50631630c,False,1728172800,0,positif,0.9356,positif,netral,positif,hitmaker
1Gsp0AuOwOg,user_5a3e7ee46d99,False,1728172800,0,negatif,0.9825,netral,tanpa_emoji,negatif,hitmaker
1Gsp0AuOwOg,user_adf5993e4888,False,1728172800,0,negatif,0.8048,netral,tanpa_emoji,negatif,hitmaker
1Gsp0AuOwOg,user_68b5e8769764,False,1728172800,1,positif,0.6284,negatif,tanpa_emoji,positif,hitmaker
1Gsp0AuOwOg,user_d6ad6bfe9243,False,1728172800,0,positif,0.9883,positif,tanpa_emoji,positif,hitmaker
1Gsp0AuOwOg,user_890ad03b0572,False,1728172800,0,negatif,0.9973,positif,netral,negatif,hitmaker
1Gsp0AuOwOg,user_6595c18b8013,False,1728172800,0,negatif,0.9854,netral,tanpa_emoji,negatif,hitmaker
1Gsp0AuOwOg,user_52b159baf06b,False,1728172800,0,negatif,0.9982,netral,tanpa_emoji,negatif,hitmaker
1Gsp0AuOwOg,user_bc05db433d8a,False,1728172800,0,positif,0.5767,netral,tanpa_emoji,positif,hitmaker
1Gsp0AuOwOg,user_10870c853da8,False,1728172800,1,positif,0.9928,positif,positif,positif,hitmaker
1Gsp0AuOwOg,user_0e2a4525a1f6,False,1728172800,2,positif,0.9112,positif,positif,positif,hitmaker
1Gsp0AuOwOg,user_2bd8cca2f633,False,1728172800,0,negatif,0.5793,netral,tanpa_emoji,negatif,hitmaker
1Gsp0AuOwOg,user_a239a0684693,False,1728172800,1,positif,0.9912,positif,positif,positif,hitmaker
1Gsp0AuOwOg,user_49376a547074,False,1728172800,1,positif,0.9916,positif,tanpa_emoji,positif,hitmaker
1Gsp0AuOwOg,user_7f97a91ecdb6,False,1728172800,0,negatif,0.5306,netral,tanpa_emoji,negatif,hitmaker
1Gsp0AuOwOg,user_7f97a91ecdb6,False,1728172800,0,negatif,0.5306,netral,tanpa_emoji,negatif,hitmaker
1Gsp0AuOwOg,user_7f97a91ecdb6,False,1728172800,1,netral,0.9609,netral,tanpa_emoji,netral,hitmaker
1Gsp0AuOwOg,user_ecc2a8161750,False,1728172800,0,positif,0.9963,positif,tanpa_emoji,positif,hitmaker
1Gsp0AuOwOg,user_6dae37234eab,False,1728172800,0,negatif,0.966,netral,netral,negatif,hitmaker
1Gsp0AuOwOg,user_64dc2fbf588f,False,1728172800,0,negatif,0.997,positif,tanpa_emoji,negatif,hitmaker
1Gsp0AuOwOg,user_d7c2eb80511b,False,1728172800,0,positif,0.998,positif,tanpa_emoji,positif,hitmaker
1Gsp0AuOwOg,user_06f50d35567d,False,1728172800,1,positif,0.9792,positif,positif,positif,hitmaker
1Gsp0AuOwOg,user_b7d52c9cac16,False,1728172800,0,negatif,0.9967,positif,tanpa_emoji,negatif,hitmaker
1Gsp0AuOwOg,user_49ed479a064a,False,1728172800,1,positif,0.925,positif,tanpa_emoji,positif,hitmaker
1Gsp0AuOwOg,user_731607054c5c,False,1728172800,0,negatif,0.7702,netral,tanpa_emoji,negatif,hitmaker
1Gsp0AuOwOg,user_2c8319840695,False,1728172800,2,negatif,0.9728,positif,netral,negatif,hitmaker
1Gsp0AuOwOg,user_5b08077a20f6,False,1728172800,1,positif,0.7527,netral,tanpa_emoji,positif,hitmaker
1Gsp0AuOwOg,user_9761a8e876fd,False,1728172800,1,positif,0.998,positif,tanpa_emoji,positif,hitmaker
1Gsp0AuOwOg,user_d8bb9e6880ab,False,1728172800,2,positif,0.9978,positif,tanpa_emoji,positif,hitmaker
1Gsp0AuOwOg,user_3cd68309fabf,False,1728172800,1,negatif,0.9145,positif,netral,negatif,hitmaker
1Gsp0AuOwOg,user_5cd56d3ab40c,False,1728172800,7,negatif,0.9835,positif,positif,negatif,hitmaker
1Gsp0AuOwOg,user_256c39e993f2,False,1728172800,0,positif,0.9709,positif,tanpa_emoji,positif,hitmaker
1Gsp0AuOwOg,user_d8bb9e6880ab,True,1728172800,0,positif,0.6758,netral,tanpa_emoji,positif,hitmaker
1Gsp0AuOwOg,user_25b1b2839140,False,1728172800,0,negatif,0.9118,netral,netral,negatif,hitmaker
1Gsp0AuOwOg,user_616987c17216,False,1728172800,1,positif,0.9914,positif,tanpa_emoji,positif,hitmaker
1Gsp0AuOwOg,user_39c85f337cc6,False,1728172800,1,netral,0.9916,netral,tanpa_emoji,netral,hitmaker
1Gsp0AuOwOg,user_468809013bfa,False,1728172800,1,negatif,0.5202,positif,tanpa_emoji,negatif,hitmaker
1Gsp0AuOwOg,user_60bd93d274fd,False,1728172800,3,positif,0.9928,positif,positif,positif,hitmaker
1Gsp0AuOwOg,user_86f69be4f066,False,1728172800,1,positif,0.9934,positif,tanpa_emoji,positif,hitmaker
1Gsp0AuOwOg,user_517ad48178be,False,1728172800,1,positif,0.9938,positif,positif,positif,hitmaker
1Gsp0AuOwOg,user_4111a82b89a7,False,1728172800,1,negatif,0.9912,positif,tanpa_emoji,negatif,hitmaker
1Gsp0AuOwOg,user_af176273a958,False,1728172800,2,positif,0.9731,positif,tanpa_emoji,positif,hitmaker
1Gsp0AuOwOg,user_f4acc841db64,False,1728172800,1,positif,0.9862,positif,tanpa_emoji,positif,hitmaker
1Gsp0AuOwOg,user_50ed0a9cd079,False,1728172800,0,netral,0.4931,netral,tanpa_emoji,netral,hitmaker
1Gsp0AuOwOg,user_7bc8667ce4e2,False,1728172800,0,negatif,0.8195,netral,tanpa_emoji,negatif,hitmaker
1Gsp0AuOwOg,user_07163fda293b,False,1728172800,0,negatif,0.9706,netral,tanpa_emoji,negatif,hitmaker
1Gsp0AuOwOg,user_7f98dadf1d56,False,1728172800,1,positif,0.3582,positif,positif,positif,hitmaker
1Gsp0AuOwOg,user_63b2647d00c8,False,1728172800,1,netral,0.609,netral,netral,netral,hitmaker
1Gsp0AuOwOg,user_60bd93d274fd,False,1728172800,12,positif,0.9861,positif,positif,positif,hitmaker
1Gsp0AuOwOg,user_1df754e79e94,True,1728172800,1,negatif,0.9119,positif,positif,negatif,hitmaker
1Gsp0AuOwOg,user_60bd93d274fd,True,1728172800,1,netral,0.8155,netral,tanpa_emoji,netral,hitmaker
1Gsp0AuOwOg,user_7fb40c292572,False,1728172800,1,positif,0.9007,netral,tanpa_emoji,positif,hitmaker
1Gsp0AuOwOg,user_5c426b9e89cf,False,1728172800,1,positif,0.9969,negatif,tanpa_emoji,positif,hitmaker
1Gsp0AuOwOg,user_fa6b3eb47d91,False,1728172800,1,netral,0.7006,netral,tanpa_emoji,netral,hitmaker
1Gsp0AuOwOg,user_b00ae025c624,False,1728172800,1,negatif,0.9283,positif,netral,negatif,hitmaker
1Gsp0AuOwOg,user_6644e85c13d4,False,1728172800,1,positif,0.9309,negatif,tanpa_emoji,positif,hitmaker
1Gsp0AuOwOg,user_1bd64d5dd889,False,1728172800,0,positif,0.8526,positif,tanpa_emoji,positif,hitmaker
1Gsp0AuOwOg,user_57dd0e366bb1,False,1728172800,0,positif,0.8024,positif,tanpa_emoji,positif,hitmaker
1Gsp0AuOwOg,user_9a11272c73f3,False,1728172800,1,positif,0.9944,positif,positif,positif,hitmaker
1Gsp0AuOwOg,user_9a11272c73f3,False,1728172800,1,positif,0.9648,positif,tanpa_emoji,positif,hitmaker
1Gsp0AuOwOg,user_9a11272c73f3,False,1728172800,1,positif,0.9833,positif,positif,positif,hitmaker
1Gsp0AuOwOg,user_38fcd7080279,False,1728172800,1,positif,0.9448,positif,tanpa_emoji,positif,hitmaker
1Gsp0AuOwOg,user_a4ef4a0e2a15,False,1728172800,1,positif,0.9483,positif,positif,positif,hitmaker
1Gsp0AuOwOg,user_b04927e1e5e4,False,1728172800,1,negatif,0.9294,netral,tanpa_emoji,negatif,hitmaker
1Gsp0AuOwOg,user_b2e14c32a284,False,1728172800,1,positif,0.9872,netral,tanpa_emoji,positif,hitmaker
1Gsp0AuOwOg,user_e589bde4d745,False,1728172800,1,negatif,0.4657,netral,tanpa_emoji,negatif,hitmaker
1Gsp0AuOwOg,user_ad1e36e4a30a,True,1728172800,0,negatif,0.9608,netral,tanpa_emoji,negatif,hitmaker
1Gsp0AuOwOg,user_d8c6fd863e0c,False,1728172800,1,negatif,0.5807,netral,tanpa_emoji,negatif,hitmaker
1Gsp0AuOwOg,user_2771c2043539,False,1728172800,2,negatif,0.796,netral,tanpa_emoji,negatif,hitmaker
1Gsp0AuOwOg,user_b5fb145f8ba5,False,1728172800,2,positif,0.7224,positif,tanpa_emoji,positif,hitmaker
1Gsp0AuOwOg,user_f4181913fe47,False,1728172800,5,positif,0.995,positif,tanpa_emoji,positif,hitmaker
1Gsp0AuOwOg,user_3cec97966c4d,False,1728172800,2,netral,0.9341,netral,tanpa_emoji,netral,hitmaker
1Gsp0AuOwOg,user_7da1355a7bf5,False,1728172800,3,positif,0.9958,positif,positif,positif,hitmaker
1Gsp0AuOwOg,user_c2306af9ee57,False,1728172800,2,positif,0.5039,positif,tanpa_emoji,positif,hitmaker
1Gsp0AuOwOg,user_922aa9203714,False,1728172800,2,negatif,0.9863,negatif,netral,negatif,hitmaker
1Gsp0AuOwOg,user_e3024fa10a51,False,1728172800,2,negatif,0.9956,negatif,tanpa_emoji,negatif,hitmaker
1Gsp0AuOwOg,user_b6ef79d3b12f,False,1728172800,3,positif,0.9981,positif,tanpa_emoji,positif,hitmaker
1Gsp0AuOwOg,user_35fdf85618f2,False,1728172800,2,negatif,0.8578,netral,tanpa_emoji,negatif,hitmaker
1Gsp0AuOwOg,user_94689024aade,False,1728172800,2,positif,0.976,netral,tanpa_emoji,positif,hitmaker
1Gsp0AuOwOg,user_75439489370b,False,1728172800,2,positif,0.7277,positif,positif,positif,hitmaker
1Gsp0AuOwOg,user_75439489370b,False,1728172800,1,positif,0.7107,negatif,tanpa_emoji,positif,hitmaker
1Gsp0AuOwOg,user_9b4fe04081fb,False,1728172800,1,negatif,0.9733,positif,tanpa_emoji,negatif,hitmaker
1Gsp0AuOwOg,user_163c9e882daa,False,1728172800,1,negatif,0.9482,netral,tanpa_emoji,negatif,hitmaker
1Gsp0AuOwOg,user_9cb6dd110dd9,False,1728172800,3,positif,0.994,positif,netral,positif,hitmaker
1Gsp0AuOwOg,user_94f087393c5d,False,1728172800,1,negatif,0.9974,positif,tanpa_emoji,negatif,hitmaker
1Gsp0AuOwOg,user_51fd62158571,False,1728172800,2,negatif,0.8579,netral,tanpa_emoji,negatif,hitmaker
1Gsp0AuOwOg,user_562defe4b3a8,False,1728172800,2,negatif,0.9894,positif,tanpa_emoji,negatif,hitmaker
1Gsp0AuOwOg,user_0bb1766e0d11,False,1728172800,1,negatif,0.9979,netral,tanpa_emoji,negatif,hitmaker
1Gsp0AuOwOg,user_ed3fca0c062a,False,1728172800,3,negatif,0.6276,positif,positif,negatif,hitmaker
1Gsp0AuOwOg,user_540780a4a9d9,False,1728172800,1,negatif,0.9932,netral,tanpa_emoji,negatif,hitmaker
1Gsp0AuOwOg,user_b774e01af78e,False,1728172800,2,negatif,0.7231,netral,tanpa_emoji,negatif,hitmaker
1Gsp0AuOwOg,user_0406ebcde49a,False,1728172800,8,positif,0.9849,positif,tanpa_emoji,positif,hitmaker
1Gsp0AuOwOg,user_ad1e36e4a30a,True,1728172800,0,negatif,0.9716,netral,netral,netral,hitmaker
1Gsp0AuOwOg,user_ba2c8f74d3c7,False,1728172800,1,positif,0.7234,netral,tanpa_emoji,positif,hitmaker
1Gsp0AuOwOg,user_2bb8afa04f32,False,1728172800,2,netral,0.9328,positif,tanpa_emoji,netral,hitmaker
1Gsp0AuOwOg,user_4bdd85c213d7,False,1728172800,0,positif,0.9766,netral,tanpa_emoji,positif,hitmaker
1Gsp0AuOwOg,user_1c5cf2304a9f,True,1728172800,0,negatif,0.9842,netral,tanpa_emoji,negatif,hitmaker
1Gsp0AuOwOg,user_535d355bd74e,True,1728172800,0,netral,0.5083,netral,tanpa_emoji,netral,hitmaker
1Gsp0AuOwOg,user_3c5816e34ca5,False,1728172800,1,negatif,0.9472,netral,tanpa_emoji,negatif,hitmaker
1Gsp0AuOwOg,user_23eea57be985,False,1728172800,1,netral,0.4307,positif,positif,positif,hitmaker
1Gsp0AuOwOg,user_52379497f4f5,False,1728172800,2,positif,0.9253,positif,tanpa_emoji,positif,hitmaker
1Gsp0AuOwOg,user_2a0f4d37d12a,False,1728172800,1,netral,0.5233,netral,tanpa_emoji,netral,hitmaker
1Gsp0AuOwOg,user_db7fc6890883,False,1728172800,2,negatif,0.801,netral,tanpa_emoji,negatif,hitmaker
1Gsp0AuOwOg,user_216f08274e3c,False,1728172800,1,positif,0.7832,netral,tanpa_emoji,positif,hitmaker
1Gsp0AuOwOg,user_010874983d27,True,1728172800,0,negatif,0.9957,negatif,tanpa_emoji,negatif,hitmaker
1Gsp0AuOwOg,user_caa52d035312,False,1728172800,1,positif,0.9914,positif,tanpa_emoji,positif,hitmaker
1Gsp0AuOwOg,user_06b812bb8fe2,False,1728172800,1,positif,0.9028,positif,positif,positif,hitmaker
1Gsp0AuOwOg,user_2aae106c46ce,False,1728172800,2,positif,0.9625,positif,positif,positif,hitmaker
1Gsp0AuOwOg,user_16c842132ee0,False,1728172800,4,positif,0.7032,negatif,tanpa_emoji,positif,hitmaker
1Gsp0AuOwOg,user_4e397e4eede1,True,1728172800,1,netral,0.9574,netral,tanpa_emoji,netral,hitmaker
1Gsp0AuOwOg,user_16c842132ee0,True,1728172800,0,netral,0.8305,netral,tanpa_emoji,netral,hitmaker
1Gsp0AuOwOg,user_4205c2ea5542,False,1728172800,1,negatif,0.7585,netral,netral,netral,hitmaker
1Gsp0AuOwOg,user_af00c1790f28,False,1728172800,1,netral,0.9971,netral,tanpa_emoji,netral,hitmaker
1Gsp0AuOwOg,user_34e947bbea6c,False,1728172800,1,netral,0.7939,positif,tanpa_emoji,netral,hitmaker
1Gsp0AuOwOg,user_34e947bbea6c,False,1728172800,1,positif,0.953,positif,tanpa_emoji,positif,hitmaker
1Gsp0AuOwOg,user_f37b52754196,False,1728172800,1,positif,0.4396,positif,positif,positif,hitmaker
1Gsp0AuOwOg,user_ee824c92c36e,False,1728172800,1,negatif,0.7848,netral,tanpa_emoji,negatif,hitmaker
1Gsp0AuOwOg,user_abc2ee99586d,False,1728172800,1,negatif,0.6091,positif,positif,negatif,hitmaker
1Gsp0AuOwOg,user_590ba9754f80,False,1728172800,0,netral,0.7769,netral,tanpa_emoji,netral,hitmaker
1Gsp0AuOwOg,user_c63579d238a4,False,1728172800,3,positif,0.9748,positif,positif,positif,hitmaker
1Gsp0AuOwOg,user_f84a6f877043,False,1728172800,4,positif,0.5756,netral,tanpa_emoji,positif,hitmaker
1Gsp0AuOwOg,user_d001c0857e93,True,1789430400,0,negatif,0.9704,positif,positif,positif,hitmaker
1Gsp0AuOwOg,user_5341518406d2,False,1728172800,80,positif,0.9858,netral,netral,positif,hitmaker
1Gsp0AuOwOg,user_15655ef202d7,True,1728172800,1,netral,0.9372,netral,tanpa_emoji,netral,hitmaker
1Gsp0AuOwOg,user_3435c3d16457,True,1728172800,0,netral,0.668,negatif,tanpa_emoji,netral,hitmaker
1Gsp0AuOwOg,user_10c28f6ab3c1,True,1728172800,0,positif,0.7033,positif,positif,positif,hitmaker
1Gsp0AuOwOg,user_167f8370b1df,False,1728172800,0,positif,0.5798,netral,tanpa_emoji,positif,hitmaker
1Gsp0AuOwOg,user_34e947bbea6c,False,1728172800,1,positif,0.5791,positif,positif,positif,hitmaker
1Gsp0AuOwOg,user_34e947bbea6c,False,1728172800,1,positif,0.8993,positif,tanpa_emoji,positif,hitmaker
1Gsp0AuOwOg,user_395b1ac62914,False,1728172800,2,positif,0.9506,positif,tanpa_emoji,positif,hitmaker
1Gsp0AuOwOg,user_b60a00aba33b,False,1728172800,0,negatif,0.7285,netral,tanpa_emoji,negatif,hitmaker
1Gsp0AuOwOg,user_1fea53693295,False,1728172800,0,netral,0.4939,netral,tanpa_emoji,netral,hitmaker
1Gsp0AuOwOg,user_27003f817aed,False,1728172800,0,negatif,0.9402,netral,tanpa_emoji,negatif,hitmaker
1Gsp0AuOwOg,user_2bafbc9d9353,False,1728172800,0,negatif,0.7855,positif,netral,negatif,hitmaker
1Gsp0AuOwOg,user_ca7c27976eec,False,1728172800,0,positif,0.9565,positif,positif,positif,hitmaker
1Gsp0AuOwOg,user_e99074784be0,False,1728172800,0,positif,0.6473,positif,positif,positif,hitmaker
1Gsp0AuOwOg,user_2a7c3599f65d,False,1728172800,0,negatif,0.8552,netral,tanpa_emoji,negatif,hitmaker
1Gsp0AuOwOg,user_9dd93af4932b,False,1728172800,3,positif,0.9972,positif,tanpa_emoji,positif,hitmaker
1Gsp0AuOwOg,user_79469babaf18,False,1696550400,0,negatif,0.9886,positif,tanpa_emoji,negatif,hitmaker
1Gsp0AuOwOg,user_72a2247f90cd,True,1728172800,0,negatif,0.7851,netral,netral,negatif,hitmaker
1Gsp0AuOwOg,user_7734c1da3552,False,1696550400,0,negatif,0.9089,netral,tanpa_emoji,negatif,hitmaker
1Gsp0AuOwOg,user_a3b9799c204b,False,1696550400,2,positif,0.9909,positif,tanpa_emoji,positif,hitmaker
1Gsp0AuOwOg,user_081ea451a574,False,1696550400,1,netral,0.7112,positif,positif,netral,hitmaker
1Gsp0AuOwOg,user_c8c2a8fe7328,False,1696550400,1,positif,0.7144,positif,positif,positif,hitmaker
1Gsp0AuOwOg,user_15548ab96d87,False,1696550400,1,negatif,0.5957,negatif,tanpa_emoji,negatif,hitmaker
1Gsp0AuOwOg,user_91d30b245728,False,1696550400,3,negatif,0.8134,negatif,tanpa_emoji,negatif,hitmaker
1Gsp0AuOwOg,user_5bb050231fa0,False,1696550400,0,positif,0.8071,positif,netral,positif,hitmaker
1Gsp0AuOwOg,user_87b78743f389,False,1696550400,14,positif,0.9953,positif,positif,positif,hitmaker
1Gsp0AuOwOg,user_b8876c936ef2,True,1728172800,0,negatif,0.9903,positif,tanpa_emoji,negatif,hitmaker
1Gsp0AuOwOg,user_48a98728c77f,False,1696550400,0,negatif,0.9463,netral,netral,negatif,hitmaker
1Gsp0AuOwOg,user_435ab9c64fd1,False,1696550400,0,negatif,0.8519,netral,tanpa_emoji,negatif,hitmaker
1Gsp0AuOwOg,user_f28e5323506b,False,1696550400,0,negatif,0.9745,netral,tanpa_emoji,negatif,hitmaker
1Gsp0AuOwOg,user_636693bd7c20,False,1696550400,0,negatif,0.3629,netral,tanpa_emoji,negatif,hitmaker
1Gsp0AuOwOg,user_9a8673e5f025,False,1696550400,0,negatif,0.8648,netral,netral,negatif,hitmaker
1Gsp0AuOwOg,user_aac3e9a97287,False,1696550400,0,positif,0.9331,netral,tanpa_emoji,positif,hitmaker
1Gsp0AuOwOg,user_a2c02d121988,False,1696550400,0,negatif,0.9967,netral,netral,negatif,hitmaker
1Gsp0AuOwOg,user_365946ea5257,False,1696550400,0,negatif,0.7914,netral,tanpa_emoji,negatif,hitmaker
1Gsp0AuOwOg,user_dde22a0800f2,False,1696550400,0,positif,0.982,positif,tanpa_emoji,positif,hitmaker
1Gsp0AuOwOg,user_2790d17c86cf,False,1696550400,0,negatif,0.6167,netral,tanpa_emoji,negatif,hitmaker
1Gsp0AuOwOg,user_b428cfdbc9e3,False,1696550400,0,positif,0.9795,positif,tanpa_emoji,positif,hitmaker
1Gsp0AuOwOg,user_d9cf551b98bb,False,1696550400,93,netral,0.6017,netral,tanpa_emoji,netral,hitmaker
1Gsp0AuOwOg,user_757d46060cf2,False,1696550400,0,positif,0.9718,positif,tanpa_emoji,positif,hitmaker
1Gsp0AuOwOg,user_af39b9d1010e,False,1696550400,1,positif,0.8099,netral,tanpa_emoji,positif,hitmaker
1Gsp0AuOwOg,user_e6d95dd790f8,False,1696550400,0,positif,0.9648,positif,positif,positif,hitmaker
1Gsp0AuOwOg,user_21aca3f03fe5,False,1696550400,0,netral,0.7856,netral,tanpa_emoji,netral,hitmaker
1Gsp0AuOwOg,user_ed5325c8a08c,False,1696550400,0,positif,0.9444,negatif,tanpa_emoji,positif,hitmaker
1Gsp0AuOwOg,user_77b50f06c0a9,False,1696550400,0,negatif,0.9712,positif,tanpa_emoji,negatif,hitmaker
1Gsp0AuOwOg,user_c74a43d5697d,False,1696550400,4,negatif,0.7399,positif,positif,negatif,hitmaker
1Gsp0AuOwOg,user_c80a18caa6ed,False,1696550400,0,negatif,0.9634,negatif,tanpa_emoji,negatif,hitmaker
1Gsp0AuOwOg,user_bf5fb38e8236,False,1696550400,0,positif,0.9044,netral,tanpa_emoji,positif,hitmaker
1Gsp0AuOwOg,user_8e2fc85570f3,False,1696550400,0,negatif,0.9447,positif,tanpa_emoji,negatif,hitmaker
1Gsp0AuOwOg,user_387d9cbf6ecf,False,1696550400,0,positif,0.9646,positif,tanpa_emoji,positif,hitmaker
1Gsp0AuOwOg,user_84a0128b4f21,False,1696550400,3,negatif,0.9899,positif,positif,negatif,hitmaker
1Gsp0AuOwOg,user_d7bff67df603,False,1696550400,0,positif,0.5167,netral,tanpa_emoji,positif,hitmaker
1Gsp0AuOwOg,user_c06014286823,False,1696550400,12,positif,0.9922,positif,positif,positif,hitmaker
1Gsp0AuOwOg,user_3398a69005e6,False,1696550400,0,positif,0.9713,positif,tanpa_emoji,positif,hitmaker
1Gsp0AuOwOg,user_1f30336661df,False,1696550400,0,netral,0.5586,positif,tanpa_emoji,netral,hitmaker
1Gsp0AuOwOg,user_abe60fce72ea,False,1696550400,0,negatif,0.8114,netral,tanpa_emoji,negatif,hitmaker
1Gsp0AuOwOg,user_ccf61050a918,False,1696550400,0,negatif,0.9527,netral,tanpa_emoji,negatif,hitmaker
1Gsp0AuOwOg,user_c64f52fd7901,False,1696550400,0,positif,0.9918,positif,tanpa_emoji,positif,hitmaker
1Gsp0AuOwOg,user_6c9cb005052d,False,1696550400,0,negatif,0.971,positif,tanpa_emoji,negatif,hitmaker
1Gsp0AuOwOg,user_bb90bbdd5a41,False,1696550400,0,negatif,0.9988,netral,tanpa_emoji,negatif,hitmaker
1Gsp0AuOwOg,user_a2999c890719,False,1696550400,0,negatif,0.9737,positif,positif,negatif,hitmaker
1Gsp0AuOwOg,user_7b470b88e9aa,False,1696550400,2,positif,0.9562,negatif,netral,positif,hitmaker
1Gsp0AuOwOg,user_e36a50b0d247,False,1696550400,0,netral,0.9247,netral,tanpa_emoji,netral,hitmaker
1Gsp0AuOwOg,user_c9268f3ec5a3,False,1696550400,0,netral,0.3788,positif,positif,positif,hitmaker
1Gsp0AuOwOg,user_4ac4ff8210d3,False,1696550400,0,negatif,0.5256,negatif,tanpa_emoji,negatif,hitmaker
1Gsp0AuOwOg,user_9a81f68c6274,False,1696550400,16,positif,0.9904,netral,tanpa_emoji,positif,hitmaker
1Gsp0AuOwOg,user_8b6250225bec,False,1696550400,0,negatif,0.8546,netral,tanpa_emoji,negatif,hitmaker
1Gsp0AuOwOg,user_c15c42b84249,False,1696550400,1,positif,0.9777,netral,tanpa_emoji,positif,hitmaker
1Gsp0AuOwOg,user_2f3596d21c38,False,1696550400,0,negatif,0.9975,netral,netral,negatif,hitmaker
1Gsp0AuOwOg,user_7f088553b0be,False,1696550400,1,negatif,0.7208,netral,tanpa_emoji,negatif,hitmaker
1Gsp0AuOwOg,user_7f088553b0be,False,1696550400,0,negatif,0.9974,netral,netral,negatif,hitmaker
1Gsp0AuOwOg,user_ebf7ce08ecec,False,1696550400,0,negatif,0.6476,netral,tanpa_emoji,negatif,hitmaker
1Gsp0AuOwOg,user_5195342308b8,False,1696550400,0,negatif,0.6273,netral,tanpa_emoji,negatif,hitmaker
1Gsp0AuOwOg,user_20c3243571cd,False,1696550400,3,negatif,0.8956,positif,positif,negatif,hitmaker
1Gsp0AuOwOg,user_21e8355c433f,False,1696550400,5,positif,0.999,negatif,tanpa_emoji,positif,hitmaker
1Gsp0AuOwOg,user_a998afc20f8e,False,1696550400,0,positif,0.555,netral,tanpa_emoji,positif,hitmaker
1Gsp0AuOwOg,user_67dde0963b80,False,1696550400,0,negatif,0.656,netral,tanpa_emoji,negatif,hitmaker
1Gsp0AuOwOg,user_e1a23f3f29ee,False,1696550400,0,positif,0.978,positif,positif,positif,hitmaker
1Gsp0AuOwOg,user_064bd93d275e,False,1696550400,0,positif,0.8185,positif,positif,positif,hitmaker
1Gsp0AuOwOg,user_eccee8d1a4fd,False,1696550400,0,negatif,0.8184,netral,tanpa_emoji,negatif,hitmaker
1Gsp0AuOwOg,user_466d9e97cd0b,False,1696550400,0,positif,0.8174,positif,tanpa_emoji,positif,hitmaker
1Gsp0AuOwOg,user_3c00d8f4fb56,False,1696550400,1,negatif,0.9367,negatif,tanpa_emoji,negatif,hitmaker
1Gsp0AuOwOg,user_b8c960dd8b83,False,1696550400,0,netral,0.5271,positif,tanpa_emoji,netral,hitmaker
1Gsp0AuOwOg,user_00bd6d27c302,False,1696550400,0,negatif,0.9711,netral,tanpa_emoji,negatif,hitmaker
1Gsp0AuOwOg,user_835182259369,False,1696550400,2,positif,0.9973,netral,tanpa_emoji,positif,hitmaker
1Gsp0AuOwOg,user_0ab1883cb134,False,1696550400,0,negatif,0.8128,netral,tanpa_emoji,negatif,hitmaker
1Gsp0AuOwOg,user_d8bb9e6880ab,True,1696550400,0,negatif,0.3788,netral,tanpa_emoji,negatif,hitmaker
1Gsp0AuOwOg,user_ddda2211d716,False,1696550400,1,netral,0.6706,netral,tanpa_emoji,netral,hitmaker
1Gsp0AuOwOg,user_951884c8eb34,False,1696550400,2,positif,0.5442,netral,tanpa_emoji,positif,hitmaker
1Gsp0AuOwOg,user_d22529aed3e9,False,1696550400,0,negatif,0.9023,netral,tanpa_emoji,negatif,hitmaker
1Gsp0AuOwOg,user_3fdd8d855f72,False,1696550400,2,positif,0.9886,positif,tanpa_emoji,positif,hitmaker
1Gsp0AuOwOg,user_7a3645600fd9,False,1696550400,0,negatif,0.6993,negatif,tanpa_emoji,negatif,hitmaker
1Gsp0AuOwOg,user_aec018d563ca,False,1696550400,0,negatif,0.9871,netral,tanpa_emoji,negatif,hitmaker
1Gsp0AuOwOg,user_8f5137701325,False,1696550400,2,positif,0.8916,positif,positif,positif,hitmaker
1Gsp0AuOwOg,user_cc871832f6d9,False,1696550400,0,negatif,0.905,positif,tanpa_emoji,negatif,hitmaker
1Gsp0AuOwOg,user_fdb1b189c12f,False,1696550400,5,positif,0.9842,positif,positif,positif,hitmaker
1Gsp0AuOwOg,user_126a16bc235f,False,1696550400,2,netral,0.6674,positif,positif,netral,hitmaker
1Gsp0AuOwOg,user_72b484ed6d6b,False,1696550400,5,positif,0.9966,positif,positif,positif,hitmaker
1Gsp0AuOwOg,user_9f69d9fb8ee5,False,1696550400,11,positif,0.9893,positif,tanpa_emoji,positif,hitmaker
1Gsp0AuOwOg,user_de55d7193f54,False,1696550400,1,negatif,0.972,positif,tanpa_emoji,negatif,hitmaker
1Gsp0AuOwOg,user_046b2a9afe99,False,1696550400,0,negatif,0.9273,positif,positif,positif,hitmaker
1Gsp0AuOwOg,user_312d7167b1f4,False,1696550400,2,positif,0.9457,positif,positif,positif,hitmaker
1Gsp0AuOwOg,user_862121cb698e,False,1696550400,5,netral,0.8845,positif,positif,netral,hitmaker
1Gsp0AuOwOg,user_7211a4ad7f07,False,1696550400,5,negatif,0.9337,negatif,tanpa_emoji,negatif,hitmaker
1Gsp0AuOwOg,user_71a6315c3d65,False,1696550400,2,negatif,0.7051,positif,positif,negatif,hitmaker
1Gsp0AuOwOg,user_4fd317efed39,False,1696550400,18,positif,0.9672,positif,tanpa_emoji,positif,hitmaker
1Gsp0AuOwOg,user_d39e4667b5d8,False,1696550400,1,positif,0.9179,positif,tanpa_emoji,positif,hitmaker
1Gsp0AuOwOg,user_1a80b92fe552,False,1696550400,0,negatif,0.8098,netral,netral,negatif,hitmaker
1Gsp0AuOwOg,user_1a80b92fe552,False,1696550400,0,negatif,0.5487,netral,tanpa_emoji,negatif,hitmaker
1Gsp0AuOwOg,user_1a80b92fe552,True,1696550400,0,netral,0.7107,netral,tanpa_emoji,netral,hitmaker
1Gsp0AuOwOg,user_2c883480902a,False,1696550400,0,negatif,0.5778,netral,tanpa_emoji,negatif,hitmaker
1Gsp0AuOwOg,user_3e61b2176b49,False,1696550400,0,negatif,0.9978,netral,tanpa_emoji,negatif,hitmaker
1Gsp0AuOwOg,user_0d5576dc9b57,False,1696550400,0,netral,0.5447,netral,tanpa_emoji,netral,hitmaker
1Gsp0AuOwOg,user_c7dd2f7f7e47,False,1696550400,1,netral,0.9597,netral,netral,netral,hitmaker
1Gsp0AuOwOg,user_0ad5fbe8727f,False,1696550400,45,positif,0.9958,negatif,tanpa_emoji,positif,hitmaker
1Gsp0AuOwOg,user_30a5c1c55156,False,1696550400,2,negatif,0.9981,netral,tanpa_emoji,negatif,hitmaker
1Gsp0AuOwOg,user_971ddb0b1565,False,1696550400,0,positif,0.7075,positif,netral,positif,hitmaker
1Gsp0AuOwOg,user_d8bb9e6880ab,True,1696550400,1,negatif,0.9217,negatif,tanpa_emoji,negatif,hitmaker
1Gsp0AuOwOg,user_c6b933f47f2e,False,1696550400,0,netral,0.9966,netral,tanpa_emoji,netral,hitmaker
1Gsp0AuOwOg,user_81843a7cb333,False,1696550400,6,positif,0.9765,positif,netral,positif,hitmaker
1Gsp0AuOwOg,user_6adc4fc6aaea,True,1696550400,1,negatif,0.818,netral,netral,negatif,hitmaker
1Gsp0AuOwOg,user_53f285c21905,False,1696550400,0,negatif,0.77,netral,tanpa_emoji,negatif,hitmaker
1Gsp0AuOwOg,user_cb94fab7cde9,False,1696550400,0,negatif,0.9872,netral,tanpa_emoji,negatif,hitmaker
1Gsp0AuOwOg,user_d8bb9e6880ab,True,1696550400,0,netral,0.9737,netral,tanpa_emoji,netral,hitmaker
1Gsp0AuOwOg,user_cb94fab7cde9,True,1696550400,0,positif,0.7434,netral,tanpa_emoji,positif,hitmaker
1Gsp0AuOwOg,user_97fb6c2631fd,False,1696550400,0,netral,0.724,netral,tanpa_emoji,netral,hitmaker
1Gsp0AuOwOg,user_10a85310433b,False,1696550400,1,positif,0.9822,positif,tanpa_emoji,positif,hitmaker
1Gsp0AuOwOg,user_00d3e8336f37,False,1696550400,0,negatif,0.9869,negatif,negatif,negatif,hitmaker
1Gsp0AuOwOg,user_fca25cab7c02,True,1696550400,0,negatif,0.9948,negatif,negatif,negatif,hitmaker
1Gsp0AuOwOg,user_49d81305a2ed,False,1696550400,0,positif,0.8506,positif,netral,positif,hitmaker
1Gsp0AuOwOg,user_aaff2871fb4e,False,1696550400,0,positif,0.9974,positif,tanpa_emoji,positif,hitmaker
1Gsp0AuOwOg,user_b9657c494a34,False,1696550400,1,netral,0.5135,positif,positif,positif,hitmaker
1Gsp0AuOwOg,user_012a4ba54075,False,1696550400,0,negatif,0.8357,negatif,tanpa_emoji,negatif,hitmaker
1Gsp0AuOwOg,user_60bd93d274fd,False,1696550400,9,positif,0.9971,positif,tanpa_emoji,positif,hitmaker
1Gsp0AuOwOg,user_aa7c01daab75,False,1696550400,0,positif,0.9282,positif,netral,positif,hitmaker
1Gsp0AuOwOg,user_991082af88b9,False,1696550400,0,negatif,0.7491,netral,tanpa_emoji,negatif,hitmaker
1Gsp0AuOwOg,user_2bd98081cb03,False,1696550400,0,positif,0.637,netral,tanpa_emoji,positif,hitmaker
1Gsp0AuOwOg,user_ffec8906c47f,False,1696550400,1,negatif,0.6627,positif,tanpa_emoji,negatif,hitmaker
1Gsp0AuOwOg,user_71f296857f39,True,1696550400,1,negatif,0.8994,netral,netral,negatif,hitmaker
1Gsp0AuOwOg,user_95f4ec483b14,False,1696550400,0,positif,0.9932,netral,tanpa_emoji,positif,hitmaker
1Gsp0AuOwOg,user_c03c12c3e648,False,1696550400,0,negatif,0.9896,negatif,tanpa_emoji,negatif,hitmaker
1Gsp0AuOwOg,user_d8d3e5c66140,False,1696550400,0,negatif,0.9657,netral,tanpa_emoji,negatif,hitmaker
1Gsp0AuOwOg,user_71f296857f39,True,1696550400,1,netral,0.5722,netral,tanpa_emoji,netral,hitmaker
1Gsp0AuOwOg,user_81a6d0900a4a,False,1696550400,8,positif,0.797,positif,positif,positif,hitmaker
1Gsp0AuOwOg,user_fc7e8da2d94b,False,1696550400,0,negatif,0.9636,positif,tanpa_emoji,negatif,hitmaker
1Gsp0AuOwOg,user_5d64908b97dc,False,1696550400,2,negatif,0.9801,negatif,tanpa_emoji,negatif,hitmaker
1Gsp0AuOwOg,user_d3048a5e0ca5,False,1696550400,0,negatif,0.8462,netral,tanpa_emoji,negatif,hitmaker
1Gsp0AuOwOg,user_89dea6cf197a,False,1696550400,0,netral,0.994,netral,tanpa_emoji,netral,hitmaker
1Gsp0AuOwOg,user_155c4966eacd,False,1696550400,27,positif,0.9827,netral,tanpa_emoji,positif,hitmaker
1Gsp0AuOwOg,user_a895bcbf9ea1,False,1696550400,2,negatif,0.9882,negatif,tanpa_emoji,negatif,hitmaker
1Gsp0AuOwOg,user_1e8068f4b208,False,1696550400,0,negatif,0.9968,negatif,tanpa_emoji,negatif,hitmaker
1Gsp0AuOwOg,user_26d3114198c8,False,1696550400,14,negatif,0.9976,netral,tanpa_emoji,negatif,hitmaker
1Gsp0AuOwOg,user_8624c406790d,False,1696550400,1,negatif,0.9965,positif,positif,negatif,hitmaker
1Gsp0AuOwOg,user_1608c1e94073,False,1696550400,1,negatif,0.9867,netral,tanpa_emoji,negatif,hitmaker
1Gsp0AuOwOg,user_71f296857f39,True,1696550400,1,negatif,0.8584,positif,netral,negatif,hitmaker
1Gsp0AuOwOg,user_3b4a7c8e6272,True,1696550400,1,positif,0.8167,positif,tanpa_emoji,positif,hitmaker
1Gsp0AuOwOg,user_1608c1e94073,True,1696550400,0,negatif,0.6769,netral,tanpa_emoji,negatif,hitmaker
1Gsp0AuOwOg,user_34e947bbea6c,False,1696550400,5,positif,0.9781,netral,tanpa_emoji,positif,hitmaker
1Gsp0AuOwOg,user_7dac7c6559a8,False,1696550400,1,negatif,0.8253,negatif,tanpa_emoji,negatif,hitmaker
1Gsp0AuOwOg,user_23b81dd02e4e,False,1696550400,0,positif,0.9793,negatif,tanpa_emoji,positif,hitmaker
1Gsp0AuOwOg,user_e9992f2a72f7,False,1696550400,19,positif,0.8791,positif,positif,positif,hitmaker
1Gsp0AuOwOg,user_0a7909a859dd,False,1696550400,0,netral,0.5345,netral,tanpa_emoji,netral,hitmaker
1Gsp0AuOwOg,user_a456a50be40b,False,1696550400,0,positif,0.7779,negatif,tanpa_emoji,positif,hitmaker
1Gsp0AuOwOg,user_c80a18caa6ed,True,1696550400,0,netral,0.5563,negatif,tanpa_emoji,netral,hitmaker
1Gsp0AuOwOg,user_d136d844ccff,False,1696550400,4,negatif,0.6274,positif,tanpa_emoji,negatif,hitmaker
1Gsp0AuOwOg,user_2bb98e049ce6,False,1696550400,11,positif,0.8803,positif,tanpa_emoji,positif,hitmaker
1Gsp0AuOwOg,user_b65c64b7f622,False,1696550400,2,negatif,0.6731,netral,tanpa_emoji,negatif,hitmaker
1Gsp0AuOwOg,user_8982d57c3143,False,1696550400,1,netral,0.4879,netral,tanpa_emoji,netral,hitmaker
1Gsp0AuOwOg,user_c0f9fcc899a2,False,1696550400,2,negatif,0.9452,netral,netral,negatif,hitmaker
1Gsp0AuOwOg,user_295c53f7bea4,False,1696550400,2,positif,0.7489,positif,positif,positif,hitmaker
1Gsp0AuOwOg,user_60bd93d274fd,False,1696550400,41,positif,0.9962,positif,tanpa_emoji,positif,hitmaker
1Gsp0AuOwOg,user_77e20d2a568f,False,1696550400,2,positif,0.8307,positif,tanpa_emoji,positif,hitmaker
1Gsp0AuOwOg,user_5a88c86499e0,False,1696550400,32,positif,0.9651,negatif,netral,positif,hitmaker
1Gsp0AuOwOg,user_4507a978c6a6,False,1696550400,3,negatif,0.9878,negatif,netral,negatif,hitmaker
1Gsp0AuOwOg,user_c890ece797d5,False,1696550400,1,negatif,0.9166,negatif,tanpa_emoji,negatif,hitmaker
1Gsp0AuOwOg,user_f276652a12d3,False,1696550400,1,negatif,0.9935,netral,tanpa_emoji,negatif,hitmaker
1Gsp0AuOwOg,user_6079c2035c74,False,1696550400,2,positif,0.8205,positif,netral,positif,hitmaker
1Gsp0AuOwOg,user_e793b9844ef7,False,1696550400,1,negatif,0.9985,negatif,tanpa_emoji,negatif,hitmaker
1Gsp0AuOwOg,user_8db4c3b2b238,False,1696550400,3,negatif,0.986,negatif,netral,negatif,hitmaker
1Gsp0AuOwOg,user_a37c95105e40,False,1696550400,2,negatif,0.9896,positif,tanpa_emoji,negatif,hitmaker
1Gsp0AuOwOg,user_27fcd936e003,False,1696550400,3,positif,0.7706,positif,tanpa_emoji,positif,hitmaker
1Gsp0AuOwOg,user_5aba1f5b86b6,False,1696550400,3,positif,0.6042,netral,tanpa_emoji,positif,hitmaker
1Gsp0AuOwOg,user_960a159601af,False,1696550400,2,negatif,0.9974,negatif,tanpa_emoji,negatif,hitmaker
1Gsp0AuOwOg,user_70848b69c0ca,False,1696550400,6,negatif,0.9393,netral,netral,negatif,hitmaker
1Gsp0AuOwOg,user_85cf170ced0f,True,1696550400,4,negatif,0.9275,netral,netral,negatif,hitmaker
1Gsp0AuOwOg,user_02ba5c4db6c4,True,1696550400,2,negatif,0.6539,netral,tanpa_emoji,negatif,hitmaker
1Gsp0AuOwOg,user_31ab7c9811d0,False,1696550400,13,positif,0.9008,positif,positif,positif,hitmaker
1Gsp0AuOwOg,user_6adc4fc6aaea,True,1696550400,3,negatif,0.9984,positif,tanpa_emoji,negatif,hitmaker
1Gsp0AuOwOg,user_381c00858e38,True,1728172800,1,positif,0.9607,positif,tanpa_emoji,positif,hitmaker
1Gsp0AuOwOg,user_34e947bbea6c,False,1696550400,8,positif,0.9946,positif,tanpa_emoji,positif,hitmaker
1Gsp0AuOwOg,user_1209217f701b,False,1696550400,9,positif,0.7367,netral,tanpa_emoji,positif,hitmaker
1Gsp0AuOwOg,user_5786dbc04f58,False,1696550400,9,positif,0.5313,positif,tanpa_emoji,positif,hitmaker
1Gsp0AuOwOg,user_7f78933299f1,True,1728172800,1,positif,0.5549,netral,tanpa_emoji,positif,hitmaker
1Gsp0AuOwOg,user_3e9f11e087e6,False,1696550400,1,negatif,0.6521,negatif,netral,negatif,hitmaker
1Gsp0AuOwOg,user_f8bb7ba34585,False,1696550400,34,negatif,0.9963,netral,positif,negatif,hitmaker
1Gsp0AuOwOg,user_65209d50a3e7,False,1696550400,5,positif,0.9954,positif,tanpa_emoji,positif,hitmaker
1Gsp0AuOwOg,user_3fc488d00833,False,1696550400,1,negatif,0.925,netral,tanpa_emoji,negatif,hitmaker
1Gsp0AuOwOg,user_7d303bc5f512,False,1696550400,1,negatif,0.8678,netral,netral,negatif,hitmaker
1Gsp0AuOwOg,user_5db06db13f18,False,1696550400,1,netral,0.4949,netral,tanpa_emoji,netral,hitmaker
1Gsp0AuOwOg,user_a63c821bf4e7,False,1696550400,11,positif,0.8314,netral,tanpa_emoji,positif,hitmaker
1Gsp0AuOwOg,user_edeb9f2bc5dd,False,1696550400,3,negatif,0.6408,netral,tanpa_emoji,negatif,hitmaker
1Gsp0AuOwOg,user_b9e19e1cbd5e,False,1696550400,1,negatif,0.9529,netral,tanpa_emoji,negatif,hitmaker
1Gsp0AuOwOg,user_63179bd77df1,False,1696550400,5,positif,0.9949,positif,positif,positif,hitmaker
1Gsp0AuOwOg,user_909862512fe8,False,1696550400,5,positif,0.9627,positif,positif,positif,hitmaker
1Gsp0AuOwOg,user_439c92f7edec,False,1696550400,7,negatif,0.6213,negatif,tanpa_emoji,negatif,hitmaker
1Gsp0AuOwOg,user_3630b8e370d1,False,1696550400,19,positif,0.98,positif,positif,positif,hitmaker
1Gsp0AuOwOg,user_73bbd7df544c,False,1696550400,4,positif,0.9964,positif,tanpa_emoji,positif,hitmaker
1Gsp0AuOwOg,user_87017c6e9102,False,1696550400,16,positif,0.844,positif,tanpa_emoji,positif,hitmaker
1Gsp0AuOwOg,user_f5b2ef387078,False,1696550400,1,positif,0.7244,netral,tanpa_emoji,positif,hitmaker
1Gsp0AuOwOg,user_0cc986dd9cbe,False,1696550400,2,netral,0.4911,netral,tanpa_emoji,netral,hitmaker
1Gsp0AuOwOg,user_cc6ed12190ab,False,1696550400,16,positif,0.9676,positif,tanpa_emoji,positif,hitmaker
1Gsp0AuOwOg,user_b813e1d412fe,True,1696550400,2,negatif,0.4534,netral,tanpa_emoji,negatif,hitmaker
1Gsp0AuOwOg,user_2e2ea3fec890,False,1696550400,20,positif,0.5905,positif,tanpa_emoji,positif,hitmaker
1Gsp0AuOwOg,user_3c37bb671eb7,False,1696550400,29,positif,0.6366,positif,positif,positif,hitmaker
1Gsp0AuOwOg,user_2bcb08aae9ee,False,1696550400,3,positif,0.972,netral,tanpa_emoji,positif,hitmaker
1Gsp0AuOwOg,user_1c9f327cf572,False,1696550400,5,positif,0.9831,positif,positif,positif,hitmaker
1Gsp0AuOwOg,user_0b49885ce276,False,1696550400,1,negatif,0.9976,netral,netral,negatif,hitmaker
1Gsp0AuOwOg,user_8621c61eff13,False,1696550400,2,negatif,0.9252,positif,tanpa_emoji,negatif,hitmaker
1Gsp0AuOwOg,user_7c7e9e44b6e1,True,1696550400,0,positif,0.9474,positif,tanpa_emoji,positif,hitmaker
1Gsp0AuOwOg,user_8621c61eff13,True,1696550400,0,negatif,0.8129,netral,tanpa_emoji,negatif,hitmaker
1Gsp0AuOwOg,user_1c9f327cf572,False,1696550400,1,negatif,0.9987,positif,positif,negatif,hitmaker
1Gsp0AuOwOg,user_66d8b7c74670,False,1696550400,4,negatif,0.9969,positif,tanpa_emoji,negatif,hitmaker
1Gsp0AuOwOg,user_addc6806a0a7,False,1696550400,25,positif,0.998,positif,tanpa_emoji,positif,hitmaker
1Gsp0AuOwOg,user_1e8068f4b208,True,1696550400,3,negatif,0.995,netral,netral,negatif,hitmaker
1Gsp0AuOwOg,user_3b4a7c8e6272,True,1696550400,8,positif,0.9957,positif,netral,positif,hitmaker
1Gsp0AuOwOg,user_1e8068f4b208,True,1696550400,2,positif,0.541,negatif,tanpa_emoji,positif,hitmaker
1Gsp0AuOwOg,user_addc6806a0a7,True,1696550400,0,positif,0.937,netral,tanpa_emoji,positif,hitmaker
1Gsp0AuOwOg,user_a7d7e1c35d83,True,1696550400,1,negatif,0.506,positif,positif,positif,hitmaker
1Gsp0AuOwOg,user_b19ff6210d80,False,1696550400,28,positif,0.9935,positif,positif,positif,hitmaker
1Gsp0AuOwOg,user_34e947bbea6c,False,1696550400,4,positif,0.9975,positif,tanpa_emoji,positif,hitmaker
1Gsp0AuOwOg,user_395b1ac62914,True,1728172800,0,negatif,0.9988,negatif,tanpa_emoji,negatif,hitmaker
1Gsp0AuOwOg,user_4b0bd0c67e41,False,1696550400,9,negatif,0.9381,positif,tanpa_emoji,negatif,hitmaker
1Gsp0AuOwOg,user_857839ce67e9,False,1696550400,58,positif,0.9674,netral,tanpa_emoji,positif,hitmaker
1Gsp0AuOwOg,user_6b5981b8036a,True,1696550400,2,negatif,0.8329,netral,tanpa_emoji,negatif,hitmaker
1Gsp0AuOwOg,user_44d80cedb7d2,True,1696550400,2,negatif,0.4779,netral,tanpa_emoji,negatif,hitmaker
1Gsp0AuOwOg,user_b813e1d412fe,True,1696550400,2,negatif,0.4534,netral,tanpa_emoji,negatif,hitmaker
1Gsp0AuOwOg,user_a63c821bf4e7,True,1696550400,2,positif,0.9579,netral,tanpa_emoji,positif,hitmaker
1Gsp0AuOwOg,user_c15c42b84249,True,1696550400,1,negatif,0.6057,netral,tanpa_emoji,negatif,hitmaker
1Wz4r3758CY,user_3521ae15bc81,False,1791176400,0,positif,0.8427,netral,tanpa_emoji,positif,hitmaker
1Wz4r3758CY,user_f8cec8973a3c,False,1785974400,0,negatif,0.9294,netral,tanpa_emoji,negatif,hitmaker
1Wz4r3758CY,user_f8cec8973a3c,False,1785974400,0,negatif,0.5587,netral,tanpa_emoji,negatif,hitmaker
1Wz4r3758CY,user_518aff24ba6d,False,1785974400,1,netral,0.9242,netral,tanpa_emoji,netral,hitmaker
1Wz4r3758CY,user_37a93164ea4f,False,1783296000,0,negatif,0.9983,netral,tanpa_emoji,negatif,hitmaker
1Wz4r3758CY,user_37a93164ea4f,False,1783296000,0,positif,0.627,netral,netral,positif,hitmaker
1Wz4r3758CY,user_3e5a8c77b327,False,1778025600,0,negatif,0.6118,netral,netral,negatif,hitmaker
1Wz4r3758CY,user_78eb2f00ea49,False,1775433600,0,negatif,0.9807,netral,tanpa_emoji,negatif,hitmaker
1Wz4r3758CY,user_b9a7e1b6a80b,False,1775433600,1,negatif,0.9824,positif,positif,negatif,hitmaker
1Wz4r3758CY,user_78eb2f00ea49,False,1772755200,1,positif,0.8,positif,netral,positif,hitmaker
1Wz4r3758CY,user_2371a32f9e15,False,1762387200,0,positif,0.9985,positif,tanpa_emoji,positif,hitmaker
1Wz4r3758CY,user_3dea18049cc2,False,1762387200,0,negatif,0.9513,netral,tanpa_emoji,negatif,hitmaker
1Wz4r3758CY,user_513758ad8103,False,1759708800,0,negatif,0.9231,netral,netral,negatif,hitmaker
1Wz4r3758CY,user_a845b9fcced2,False,1759708800,0,negatif,0.8505,netral,tanpa_emoji,negatif,hitmaker
1Wz4r3758CY,user_2252bf044024,False,1759708800,0,negatif,0.955,netral,netral,negatif,hitmaker
1Wz4r3758CY,user_095de0ee8789,False,1759708800,1,negatif,0.9649,netral,netral,netral,hitmaker
1Wz4r3758CY,user_e15afb13e7a1,False,1759708800,0,positif,0.5448,netral,tanpa_emoji,positif,hitmaker
1Wz4r3758CY,user_aa8990570b40,False,1759708800,0,positif,0.9891,positif,tanpa_emoji,positif,hitmaker
1Wz4r3758CY,user_33ef7e874c81,False,1759708800,0,negatif,0.9485,netral,tanpa_emoji,negatif,hitmaker
1Wz4r3758CY,user_fdf2ffb31119,False,1759708800,0,negatif,0.8607,netral,tanpa_emoji,negatif,hitmaker
1Wz4r3758CY,user_261b16f5b169,False,1759708800,0,negatif,0.9838,positif,tanpa_emoji,negatif,hitmaker
1Wz4r3758CY,user_b867aaf65b32,False,1759708800,0,negatif,0.9983,netral,tanpa_emoji,negatif,hitmaker
1Wz4r3758CY,user_02948d65f5b1,False,1759708800,0,negatif,0.9839,negatif,tanpa_emoji,negatif,hitmaker
1Wz4r3758CY,user_fdf2ffb31119,False,1759708800,0,positif,0.996,positif,tanpa_emoji,positif,hitmaker
1Wz4r3758CY,user_90e39853ed25,False,1759708800,4,positif,0.9853,netral,netral,positif,hitmaker
1Wz4r3758CY,user_c16b614225a0,False,1759708800,0,negatif,0.9888,netral,tanpa_emoji,negatif,hitmaker
1Wz4r3758CY,user_556a4a58001e,False,1759708800,0,negatif,0.5709,netral,tanpa_emoji,negatif,hitmaker
1Wz4r3758CY,user_32d9e7b12fe4,False,1759708800,0,netral,0.8935,netral,tanpa_emoji,netral,hitmaker
1Wz4r3758CY,user_61c1d577f9c5,False,1759708800,0,negatif,0.9844,negatif,netral,negatif,hitmaker
1Wz4r3758CY,user_dd54d8f37ae9,False,1759708800,0,negatif,0.9416,netral,tanpa_emoji,negatif,hitmaker
1Wz4r3758CY,user_1ea08cef8ef7,False,1759708800,0,negatif,0.9991,netral,tanpa_emoji,negatif,hitmaker
1Wz4r3758CY,user_80204fd8cb2b,False,1759708800,0,netral,0.9835,netral,tanpa_emoji,netral,hitmaker
1Wz4r3758CY,user_cbd8b5ce499c,False,1759708800,0,negatif,0.9047,netral,tanpa_emoji,negatif,hitmaker
1Wz4r3758CY,user_5692e226652c,False,1759708800,1,positif,0.9592,positif,positif,positif,hitmaker
1Wz4r3758CY,user_db1850d58dca,False,1759708800,0,positif,0.816,netral,tanpa_emoji,positif,hitmaker
1Wz4r3758CY,user_4eec9bb59b2b,False,1759708800,0,negatif,0.9918,netral,tanpa_emoji,negatif,hitmaker
1Wz4r3758CY,user_96530f5edca9,False,1759708800,0,netral,0.6207,netral,tanpa_emoji,netral,hitmaker
1Wz4r3758CY,user_f0b8251658fa,False,1759708800,0,negatif,0.5,netral,tanpa_emoji,negatif,hitmaker
1Wz4r3758CY,user_63c5c587eed1,False,1759708800,0,negatif,0.7123,netral,tanpa_emoji,negatif,hitmaker
1Wz4r3758CY,user_9334497137aa,False,1759708800,0,negatif,0.9969,netral,netral,negatif,hitmaker
1Wz4r3758CY,user_b24b5bdcf232,False,1759708800,0,netral,0.8239,netral,netral,netral,hitmaker
1Wz4r3758CY,user_225ddb6cca52,False,1759708800,0,positif,0.6154,netral,netral,positif,hitmaker
1Wz4r3758CY,user_2a346ac0e0f7,False,1759708800,0,positif,0.9002,netral,tanpa_emoji,positif,hitmaker
1Wz4r3758CY,user_dc0336fde60c,False,1759708800,0,netral,0.6515,netral,tanpa_emoji,netral,hitmaker
1Wz4r3758CY,user_ae654bd25dfd,False,1759708800,1,negatif,0.9796,negatif,tanpa_emoji,negatif,hitmaker
1Wz4r3758CY,user_dc2fa766dae1,False,1759708800,1,negatif,0.988,netral,tanpa_emoji,negatif,hitmaker
1Wz4r3758CY,user_77edba9a8ed4,False,1759708800,0,positif,0.9639,positif,tanpa_emoji,positif,hitmaker
1Wz4r3758CY,user_fd4f7d7e8d6a,False,1759708800,1,negatif,0.99,negatif,tanpa_emoji,negatif,hitmaker
1Wz4r3758CY,user_9cf065bb2aca,False,1759708800,0,negatif,0.7881,netral,netral,negatif,hitmaker
1Wz4r3758CY,user_e4b0bc68e509,False,1759708800,0,negatif,0.9955,negatif,tanpa_emoji,negatif,hitmaker
1Wz4r3758CY,user_681d19952bf5,False,1759708800,0,negatif,0.9309,negatif,tanpa_emoji,negatif,hitmaker
1Wz4r3758CY,user_c6227d6d9a13,False,1759708800,0,negatif,0.8777,netral,tanpa_emoji,negatif,hitmaker
1Wz4r3758CY,user_016ac53de7b5,False,1759708800,0,netral,0.8472,netral,tanpa_emoji,netral,hitmaker
1Wz4r3758CY,user_e6ac2aadfefa,False,1759708800,0,positif,0.9926,positif,tanpa_emoji,positif,hitmaker
1Wz4r3758CY,user_c61861a487bb,False,1759708800,0,positif,0.9834,netral,tanpa_emoji,positif,hitmaker
1Wz4r3758CY,user_ffe4be285ae7,False,1759708800,0,positif,0.9822,positif,tanpa_emoji,positif,hitmaker
1Wz4r3758CY,user_c007aab816b8,False,1759708800,2,negatif,0.9533,positif,netral,negatif,hitmaker
1Wz4r3758CY,user_c0c81e6ccfec,False,1759708800,1,negatif,0.5545,netral,tanpa_emoji,negatif,hitmaker
1Wz4r3758CY,user_88d635956c51,False,1759708800,0,netral,0.8819,netral,tanpa_emoji,netral,hitmaker
1Wz4r3758CY,user_3176c65a9c32,False,1759708800,0,positif,0.9982,positif,tanpa_emoji,positif,hitmaker
1Wz4r3758CY,user_257b370b1ce6,False,1759708800,1,positif,0.7522,netral,tanpa_emoji,positif,hitmaker
1Wz4r3758CY,user_51cd017e5543,False,1759708800,0,positif,0.9827,positif,positif,positif,hitmaker
1Wz4r3758CY,user_716b9a467dfa,False,1759708800,0,negatif,0.9935,negatif,netral,negatif,hitmaker
1Wz4r3758CY,user_2b84cd5537c2,True,1759708800,2,negatif,0.9616,netral,tanpa_emoji,negatif,hitmaker
1Wz4r3758CY,user_9f8c89b62037,False,1759708800,0,negatif,0.9973,netral,tanpa_emoji,negatif,hitmaker
1Wz4r3758CY,user_aad4ae356811,False,1759708800,3,positif,0.989,positif,positif,positif,hitmaker
1Wz4r3758CY,user_3fab20803dc0,False,1759708800,0,negatif,0.9908,netral,tanpa_emoji,negatif,hitmaker
1Wz4r3758CY,user_683a777053ff,False,1759708800,1,netral,0.6887,netral,tanpa_emoji,netral,hitmaker
1Wz4r3758CY,user_885f7c501a31,False,1759708800,3,positif,0.9937,netral,tanpa_emoji,positif,hitmaker
1Wz4r3758CY,user_095065a42dab,False,1759708800,0,negatif,0.9759,netral,netral,negatif,hitmaker
1Wz4r3758CY,user_682f2e50d74e,False,1759708800,1,positif,0.8616,netral,tanpa_emoji,positif,hitmaker
1Wz4r3758CY,user_13d6daf3c87d,False,1759708800,0,positif,0.6598,netral,tanpa_emoji,positif,hitmaker
1Wz4r3758CY,user_319d592f599b,False,1759708800,0,negatif,0.9548,netral,tanpa_emoji,negatif,hitmaker
1Wz4r3758CY,user_0a4286d4614e,False,1759708800,0,negatif,0.9972,netral,tanpa_emoji,negatif,hitmaker
1Wz4r3758CY,user_e9c599dda967,False,1759708800,0,positif,0.9923,positif,tanpa_emoji,positif,hitmaker
1Wz4r3758CY,user_b3228ff20a97,False,1759708800,1,negatif,0.9586,netral,tanpa_emoji,negatif,hitmaker
1Wz4r3758CY,user_24464011499e,False,1759708800,0,negatif,0.9911,netral,tanpa_emoji,negatif,hitmaker
1Wz4r3758CY,user_4a326ecd938e,False,1759708800,0,positif,0.9924,negatif,negatif,positif,hitmaker
1Wz4r3758CY,user_ad10af15fe21,True,1759708800,0,negatif,0.9968,netral,tanpa_emoji,negatif,hitmaker
1Wz4r3758CY,user_04d769c9deda,False,1759708800,1,netral,0.8121,netral,tanpa_emoji,netral,hitmaker
1Wz4r3758CY,user_9b781dd9288c,False,1759708800,0,netral,0.8997,netral,tanpa_emoji,netral,hitmaker
1Wz4r3758CY,user_7d469756c5e8,False,1759708800,0,negatif,0.6433,netral,tanpa_emoji,negatif,hitmaker
1Wz4r3758CY,user_7dda2845bccc,False,1759708800,0,positif,0.7134,positif,netral,positif,hitmaker
1Wz4r3758CY,user_07bb383a5276,False,1759708800,0,positif,0.9793,positif,tanpa_emoji,positif,hitmaker
1Wz4r3758CY,user_14baef8b0790,False,1759708800,0,positif,0.9798,positif,tanpa_emoji,positif,hitmaker
1Wz4r3758CY,user_71e324f25e26,False,1759708800,1,negatif,0.566,netral,tanpa_emoji,negatif,hitmaker
1Wz4r3758CY,user_f9d85b0c8f5f,True,1759708800,0,negatif,0.4469,netral,tanpa_emoji,negatif,hitmaker
1Wz4r3758CY,user_b867aaf65b32,False,1759708800,0,negatif,0.6303,netral,tanpa_emoji,negatif,hitmaker
1Wz4r3758CY,user_490681cfa38d,False,1759708800,0,negatif,0.6794,netral,tanpa_emoji,negatif,hitmaker
1Wz4r3758CY,user_6288f834eba4,False,1759708800,1,negatif,0.9655,positif,positif,negatif,hitmaker
1Wz4r3758CY,user_6423c884284c,False,1759708800,0,negatif,0.9977,negatif,tanpa_emoji,negatif,hitmaker
1Wz4r3758CY,user_11a72dd312e7,False,1759708800,1,negatif,0.8422,netral,tanpa_emoji,negatif,hitmaker
1Wz4r3758CY,user_215527677879,True,1759708800,0,netral,0.91,netral,tanpa_emoji,netral,hitmaker
1Wz4r3758CY,user_cd8e3a459609,True,1759708800,0,netral,0.923,netral,tanpa_emoji,netral,hitmaker
1Wz4r3758CY,user_77b50f06c0a9,False,1759708800,0,negatif,0.9826,positif,tanpa_emoji,negatif,hitmaker
1Wz4r3758CY,user_7a1db018692f,False,1759708800,0,negatif,0.9938,positif,netral,negatif,hitmaker
1Wz4r3758CY,user_f1b456c45e13,False,1759708800,1,negatif,0.9857,netral,tanpa_emoji,negatif,hitmaker
1Wz4r3758CY,user_150a14191eaa,False,1759708800,0,netral,0.8516,netral,tanpa_emoji,netral,hitmaker
1Wz4r3758CY,user_af6dda36ca7a,False,1759708800,0,negatif,0.9767,netral,tanpa_emoji,negatif,hitmaker
1Wz4r3758CY,user_f08946459462,False,1759708800,0,negatif,0.9967,netral,tanpa_emoji,negatif,hitmaker
1Wz4r3758CY,user_ce5b13183572,False,1759708800,0,positif,0.9933,positif,tanpa_emoji,positif,hitmaker
1Wz4r3758CY,user_ce5b13183572,False,1759708800,0,positif,0.9933,positif,tanpa_emoji,positif,hitmaker
1Wz4r3758CY,user_68793b4c7c3a,False,1759708800,0,negatif,0.4621,positif,tanpa_emoji,negatif,hitmaker
1Wz4r3758CY,user_6c86e8825c22,False,1759708800,0,positif,0.6024,positif,tanpa_emoji,positif,hitmaker
1Wz4r3758CY,user_495ec8c64dfd,False,1759708800,1,positif,0.994,positif,tanpa_emoji,positif,hitmaker
1Wz4r3758CY,user_7f3a66346223,False,1759708800,1,negatif,0.9676,positif,positif,negatif,hitmaker
1Wz4r3758CY,user_c3ca96d8d00a,False,1759708800,0,negatif,0.8019,negatif,tanpa_emoji,negatif,hitmaker
1Wz4r3758CY,user_c0e0270f2d84,False,1759708800,0,negatif,0.9779,negatif,tanpa_emoji,negatif,hitmaker
1Wz4r3758CY,user_0f85b14d4caa,True,1759708800,0,negatif,0.9972,netral,tanpa_emoji,negatif,hitmaker
1Wz4r3758CY,user_c0e0270f2d84,True,1759708800,0,negatif,0.9878,negatif,tanpa_emoji,negatif,hitmaker
1Wz4r3758CY,user_0ec11facfa25,False,1759708800,1,negatif,0.7666,netral,tanpa_emoji,negatif,hitmaker
1Wz4r3758CY,user_86c1ce14d03f,False,1759708800,0,netral,0.6195,netral,tanpa_emoji,netral,hitmaker
1Wz4r3758CY,user_b96e92f77473,False,1759708800,0,positif,0.956,positif,tanpa_emoji,positif,hitmaker
1Wz4r3758CY,user_87f425d09f70,False,1759708800,0,netral,0.8353,netral,tanpa_emoji,netral,hitmaker
1Wz4r3758CY,user_f0689f272982,False,1759708800,5,positif,0.5031,netral,tanpa_emoji,positif,hitmaker
1Wz4r3758CY,user_eced9261ae0a,True,1759708800,0,positif,0.9968,positif,tanpa_emoji,positif,hitmaker
1Wz4r3758CY,user_f705c24c6137,True,1759708800,0,positif,0.8613,netral,tanpa_emoji,positif,hitmaker
1Wz4r3758CY,user_fffeba5e0b5c,False,1759708800,1,positif,0.8496,positif,positif,positif,hitmaker
1Wz4r3758CY,user_1849bc6cb84a,False,1759708800,0,positif,0.9187,netral,tanpa_emoji,positif,hitmaker
1Wz4r3758CY,user_a7584486fb41,False,1759708800,0,negatif,0.9968,netral,tanpa_emoji,negatif,hitmaker
1Wz4r3758CY,user_754f371548a1,False,1759708800,1,negatif,0.9236,positif,tanpa_emoji,negatif,hitmaker
1Wz4r3758CY,user_1f65e278ead0,False,1759708800,0,positif,0.9965,netral,positif,positif,hitmaker
1Wz4r3758CY,user_f763c0211ab3,False,1759708800,0,positif,0.9966,positif,netral,positif,hitmaker
1Wz4r3758CY,user_43b6d99e3ed5,False,1759708800,1,negatif,0.9847,netral,tanpa_emoji,negatif,hitmaker
1Wz4r3758CY,user_4ade5970532d,False,1759708800,0,positif,0.4889,netral,netral,positif,hitmaker
1Wz4r3758CY,user_66d0bbb5d256,False,1759708800,0,negatif,0.9976,positif,tanpa_emoji,negatif,hitmaker
1Wz4r3758CY,user_3e0ecf415328,False,1759708800,0,negatif,0.4295,netral,netral,negatif,hitmaker
1Wz4r3758CY,user_42b88cc2d70a,False,1759708800,0,negatif,0.9974,negatif,tanpa_emoji,negatif,hitmaker
1Wz4r3758CY,user_e1becd93bc40,False,1759708800,0,netral,0.8478,netral,tanpa_emoji,netral,hitmaker
1Wz4r3758CY,user_c1912f6b5348,False,1759708800,0,negatif,0.9422,positif,positif,negatif,hitmaker
1Wz4r3758CY,user_6980b61f0c80,False,1759708800,0,positif,0.6184,netral,tanpa_emoji,positif,hitmaker
1Wz4r3758CY,user_93995a0f2001,False,1759708800,0,negatif,0.9753,netral,tanpa_emoji,negatif,hitmaker
1Wz4r3758CY,user_3cfadd14eaba,False,1759708800,2,positif,0.9804,positif,positif,positif,hitmaker
1Wz4r3758CY,user_50dbc8857c63,False,1759708800,0,negatif,0.9989,netral,netral,negatif,hitmaker
1Wz4r3758CY,user_941f97f29d41,False,1759708800,0,negatif,0.7783,netral,tanpa_emoji,negatif,hitmaker
1Wz4r3758CY,user_1761b14a2765,False,1759708800,3,negatif,0.9983,positif,netral,negatif,hitmaker
1Wz4r3758CY,user_18d0e23c4ce6,False,1759708800,0,negatif,0.6884,positif,positif,negatif,hitmaker
1Wz4r3758CY,user_fbfdd5250b45,False,1759708800,1,negatif,0.4611,positif,netral,negatif,hitmaker
1Wz4r3758CY,user_20199765f588,False,1759708800,0,negatif,0.9977,netral,tanpa_emoji,negatif,hitmaker
1Wz4r3758CY,user_9d90fc230f6f,False,1759708800,0,positif,0.6788,netral,tanpa_emoji,positif,hitmaker
1Wz4r3758CY,user_4058d27bb400,False,1759708800,0,positif,0.9827,positif,tanpa_emoji,positif,hitmaker
1Wz4r3758CY,user_3b77c70d3a15,False,1759708800,0,negatif,0.8246,netral,tanpa_emoji,negatif,hitmaker
1Wz4r3758CY,user_cb78bc760121,False,1759708800,1,positif,0.9939,positif,positif,positif,hitmaker
1Wz4r3758CY,user_830bf7173dac,False,1759708800,0,positif,0.9953,netral,tanpa_emoji,positif,hitmaker
1Wz4r3758CY,user_357086c34f58,False,1759708800,0,negatif,0.9634,positif,tanpa_emoji,negatif,hitmaker
1Wz4r3758CY,user_69984f42a6b4,False,1759708800,0,negatif,0.9876,netral,netral,negatif,hitmaker
1Wz4r3758CY,user_dc060f67c4c2,False,1759708800,3,positif,0.6255,positif,tanpa_emoji,positif,hitmaker
1Wz4r3758CY,user_6099eb10a4b8,False,1759708800,0,negatif,0.9588,netral,netral,negatif,hitmaker
1Wz4r3758CY,user_fef28a2118e5,False,1759708800,0,positif,0.749,positif,positif,positif,hitmaker
1Wz4r3758CY,user_e653bdeb76ac,False,1759708800,0,negatif,0.9906,netral,tanpa_emoji,negatif,hitmaker
1Wz4r3758CY,user_dc44ea2a7782,False,1759708800,0,negatif,0.8864,netral,tanpa_emoji,negatif,hitmaker
1Wz4r3758CY,user_81d6b71daf5b,False,1759708800,0,negatif,0.993,positif,tanpa_emoji,negatif,hitmaker
1Wz4r3758CY,user_66deca1ef68b,False,1759708800,18,positif,0.9731,netral,tanpa_emoji,positif,hitmaker
1Wz4r3758CY,user_1963b77a7a75,True,1759708800,3,negatif,0.9253,positif,tanpa_emoji,negatif,hitmaker
1Wz4r3758CY,user_ef86d1cab46c,True,1759708800,8,negatif,0.9948,negatif,netral,negatif,hitmaker
1Wz4r3758CY,user_66deca1ef68b,True,1759708800,0,negatif,0.9783,positif,tanpa_emoji,negatif,hitmaker
1Wz4r3758CY,user_19a08de0d4cb,False,1759708800,0,negatif,0.9763,netral,tanpa_emoji,negatif,hitmaker
1Wz4r3758CY,user_e509534437a9,False,1759708800,0,negatif,0.9895,negatif,tanpa_emoji,negatif,hitmaker
1Wz4r3758CY,user_4e108b5d9fb9,False,1759708800,0,positif,0.9526,positif,tanpa_emoji,positif,hitmaker
1Wz4r3758CY,user_acce6c440d36,False,1759708800,0,negatif,0.9941,netral,tanpa_emoji,negatif,hitmaker
1Wz4r3758CY,user_0233f8a38ada,False,1759708800,0,positif,0.9978,positif,positif,positif,hitmaker
1Wz4r3758CY,user_78568df0dccd,False,1759708800,0,negatif,0.9969,netral,tanpa_emoji,negatif,hitmaker
1Wz4r3758CY,user_e4379e4aeeae,False,1759708800,0,negatif,0.9491,netral,tanpa_emoji,negatif,hitmaker
1Wz4r3758CY,user_9523ef2babf9,False,1759708800,0,positif,0.9966,positif,positif,positif,hitmaker
1Wz4r3758CY,user_ea9b26127ac9,False,1759708800,0,negatif,0.9974,netral,netral,negatif,hitmaker
1Wz4r3758CY,user_27aed0ac919e,False,1759708800,0,negatif,0.7364,netral,tanpa_emoji,negatif,hitmaker
1Wz4r3758CY,user_27aed0ac919e,False,1759708800,0,negatif,0.7366,netral,tanpa_emoji,negatif,hitmaker
1Wz4r3758CY,user_f6b0fe35b97b,False,1759708800,0,negatif,0.9777,negatif,negatif,negatif,hitmaker
1Wz4r3758CY,user_2c6196b51c4d,False,1759708800,0,positif,0.9586,positif,tanpa_emoji,positif,hitmaker
1Wz4r3758CY,user_ba2c8f74d3c7,False,1759708800,0,netral,0.5,positif,tanpa_emoji,netral,hitmaker
1Wz4r3758CY,user_a6b62eb76b5e,False,1759708800,0,negatif,0.8409,positif,tanpa_emoji,negatif,hitmaker
1Wz4r3758CY,user_07847c331244,False,1759708800,0,negatif,0.9855,negatif,tanpa_emoji,negatif,hitmaker
1Wz4r3758CY,user_b641e406ef5c,False,1759708800,11,positif,0.5035,netral,tanpa_emoji,positif,hitmaker
1Wz4r3758CY,user_e94205d6df39,True,1759708800,1,negatif,0.9419,netral,tanpa_emoji,negatif,hitmaker
1Wz4r3758CY,user_29a8dfd49369,True,1759708800,1,negatif,0.5901,netral,tanpa_emoji,negatif,hitmaker
1Wz4r3758CY,user_671532cf7c44,False,1759708800,0,negatif,0.7142,netral,tanpa_emoji,negatif,hitmaker
1Wz4r3758CY,user_8ea352791d50,False,1759708800,0,positif,0.9358,positif,positif,positif,hitmaker
1Wz4r3758CY,user_4362eb62525d,False,1759708800,0,netral,0.437,netral,tanpa_emoji,netral,hitmaker
1Wz4r3758CY,user_916f3474ebcc,False,1759708800,0,positif,0.9926,positif,positif,positif,hitmaker
1Wz4r3758CY,user_5e93f94f226b,False,1759708800,0,negatif,0.9681,netral,tanpa_emoji,negatif,hitmaker
1Wz4r3758CY,user_e365c17589df,False,1759708800,0,negatif,0.9122,netral,tanpa_emoji,negatif,hitmaker
1Wz4r3758CY,user_9f9fb79630e0,False,1759708800,0,positif,0.997,netral,tanpa_emoji,positif,hitmaker
1Wz4r3758CY,user_858609731d14,False,1759708800,0,negatif,0.9948,netral,tanpa_emoji,negatif,hitmaker
1Wz4r3758CY,user_5e146b64c3ef,False,1759708800,0,positif,0.8815,negatif,tanpa_emoji,positif,hitmaker
1Wz4r3758CY,user_8cbe0dd79e5d,False,1759708800,0,positif,0.9602,positif,tanpa_emoji,positif,hitmaker
1Wz4r3758CY,user_77c738047e15,False,1759708800,0,positif,0.9285,netral,tanpa_emoji,positif,hitmaker
1Wz4r3758CY,user_dd5742ad3b60,False,1759708800,1,positif,0.9909,positif,tanpa_emoji,positif,hitmaker
1Wz4r3758CY,user_02dec7ab1582,False,1759708800,0,positif,0.9167,netral,tanpa_emoji,positif,hitmaker
1Wz4r3758CY,user_c2ab07e65d30,False,1759708800,0,negatif,0.9838,negatif,tanpa_emoji,negatif,hitmaker
1Wz4r3758CY,user_1ecc91d672e9,False,1759708800,0,negatif,0.9127,netral,tanpa_emoji,negatif,hitmaker
1Wz4r3758CY,user_5f55aa09e562,False,1759708800,0,negatif,0.9419,netral,tanpa_emoji,negatif,hitmaker
1Wz4r3758CY,user_711fa47159e7,False,1759708800,4,positif,0.9958,positif,positif,positif,hitmaker
1Wz4r3758CY,user_03680c5d6964,False,1759708800,0,negatif,0.9534,netral,netral,netral,hitmaker
1Wz4r3758CY,user_214751451914,False,1759708800,0,positif,0.9972,positif,positif,positif,hitmaker
1Wz4r3758CY,user_e8bf8e1413d8,False,1759708800,0,netral,0.5651,positif,positif,positif,hitmaker
1Wz4r3758CY,user_3bd1265b8739,False,1759708800,0,positif,0.9857,positif,positif,positif,hitmaker
1Wz4r3758CY,user_012d043980ab,False,1759708800,1,positif,0.7378,netral,tanpa_emoji,positif,hitmaker
1Wz4r3758CY,user_38fa96b98192,True,1759708800,0,negatif,0.9672,netral,tanpa_emoji,negatif,hitmaker
1Wz4r3758CY,user_e882a12d1530,False,1759708800,1,negatif,0.946,positif,positif,negatif,hitmaker
1Wz4r3758CY,user_5994b21aedf7,False,1759708800,0,positif,0.9415,positif,netral,positif,hitmaker
1Wz4r3758CY,user_34a36166f0d5,False,1759708800,34,positif,0.9888,netral,tanpa_emoji,positif,hitmaker
1Wz4r3758CY,user_15b929ef0c07,False,1759708800,0,negatif,0.8092,positif,tanpa_emoji,negatif,hitmaker
1Wz4r3758CY,user_542f6783226a,False,1759708800,0,negatif,0.998,negatif,netral,negatif,hitmaker
1Wz4r3758CY,user_c2b865081aab,False,1759708800,0,negatif,0.8161,netral,tanpa_emoji,negatif,hitmaker
1Wz4r3758CY,user_af94a9118d8b,False,1759708800,2,netral,0.9289,positif,positif,netral,hitmaker
1Wz4r3758CY,user_61919afbe549,False,1759708800,2,positif,0.8249,positif,tanpa_emoji,positif,hitmaker
1Wz4r3758CY,user_4305d10970e5,False,1759708800,3,positif,0.9788,positif,netral,positif,hitmaker
1Wz4r3758CY,user_d06a24b5eadb,False,1759708800,1,negatif,0.9987,negatif,tanpa_emoji,negatif,hitmaker
1Wz4r3758CY,user_5620e4625a50,False,1759708800,3,positif,0.9941,positif,positif,positif,hitmaker
1Wz4r3758CY,user_2b5fe883f9eb,False,1759708800,2,negatif,0.8274,netral,netral,negatif,hitmaker
1Wz4r3758CY,user_9761a8e876fd,False,1759708800,1,negatif,0.5747,netral,tanpa_emoji,negatif,hitmaker
1Wz4r3758CY,user_9761a8e876fd,False,1759708800,3,negatif,0.5352,negatif,tanpa_emoji,negatif,hitmaker
1Wz4r3758CY,user_2ff989181afa,False,1759708800,161,positif,0.7731,netral,tanpa_emoji,positif,hitmaker
1Wz4r3758CY,user_47f07008e973,True,1759708800,6,negatif,0.9978,netral,tanpa_emoji,negatif,hitmaker
1Wz4r3758CY,user_2765e6e0243c,True,1759708800,2,negatif,0.9973,positif,tanpa_emoji,negatif,hitmaker
1Wz4r3758CY,user_f151c3b64c1c,True,1759708800,1,negatif,0.806,netral,tanpa_emoji,negatif,hitmaker
1Wz4r3758CY,user_0c199f414d37,True,1759708800,0,netral,0.6121,netral,tanpa_emoji,netral,hitmaker
1Wz4r3758CY,user_537a9857bc0d,True,1759708800,1,negatif,0.6488,netral,tanpa_emoji,negatif,hitmaker
1Wz4r3758CY,user_9caa31eb273d,True,1759708800,1,netral,0.9768,netral,tanpa_emoji,netral,hitmaker
1Wz4r3758CY,user_40008eac9301,True,1759708800,0,negatif,0.9848,netral,tanpa_emoji,negatif,hitmaker
1Wz4r3758CY,user_a7e44bdc1d4b,True,1759708800,0,positif,0.644,positif,positif,positif,hitmaker
1Wz4r3758CY,user_0c199f414d37,True,1759708800,0,netral,0.9783,netral,tanpa_emoji,netral,hitmaker
1Wz4r3758CY,user_43deaad428bf,True,1759708800,0,netral,0.9532,negatif,tanpa_emoji,netral,hitmaker
1Wz4r3758CY,user_38fa96b98192,True,1759708800,0,netral,0.9922,netral,tanpa_emoji,netral,hitmaker
1Wz4r3758CY,user_463ff2f5b426,True,1759708800,0,negatif,0.9989,netral,tanpa_emoji,negatif,hitmaker
1Wz4r3758CY,user_0dc7505624b7,True,1759708800,0,netral,0.8439,netral,tanpa_emoji,netral,hitmaker
1Wz4r3758CY,user_2b676e357202,True,1759708800,0,netral,0.9826,netral,netral,netral,hitmaker
1Wz4r3758CY,user_23f2c1a766f0,False,1759708800,52,positif,0.9419,positif,positif,positif,hitmaker
1Wz4r3758CY,user_b0ebc7f948b6,True,1759708800,3,negatif,0.9607,netral,tanpa_emoji,negatif,hitmaker
1Wz4r3758CY,user_aad4ae356811,True,1759708800,0,netral,0.6962,netral,netral,netral,hitmaker
1Wz4r3758CY,user_f6cca04e704e,False,1759708800,1,netral,0.9955,netral,tanpa_emoji,netral,hitmaker
1Wz4r3758CY,user_3cf5ead32c87,False,1759708800,31,netral,0.8875,netral,tanpa_emoji,netral,hitmaker
1Wz4r3758CY,user_af6face966d1,True,1759708800,1,positif,0.8623,netral,netral,positif,hitmaker
1Wz4r3758CY,user_a845b9fcced2,True,1759708800,0,negatif,0.9895,negatif,netral,negatif,hitmaker
1Wz4r3758CY,user_6a2db954c680,False,1759708800,1,positif,0.4527,netral,tanpa_emoji,positif,hitmaker
1Wz4r3758CY,user_69e0dc7d2f21,False,1759708800,1,netral,0.9025,netral,tanpa_emoji,netral,hitmaker
1Wz4r3758CY,user_94be4b41f180,True,1759708800,0,netral,0.9963,netral,tanpa_emoji,netral,hitmaker
1Wz4r3758CY,user_bd3bac7a8f25,False,1759708800,1,netral,0.4807,netral,tanpa_emoji,netral,hitmaker
1Wz4r3758CY,user_9dc8d1d36481,True,1759708800,1,negatif,0.999,netral,netral,negatif,hitmaker
1Wz4r3758CY,user_81f5e0186733,True,1759708800,1,negatif,0.9986,netral,tanpa_emoji,negatif,hitmaker
1Wz4r3758CY,user_2e4d7e335924,False,1759708800,1,negatif,0.9922,netral,tanpa_emoji,negatif,hitmaker
1Wz4r3758CY,user_0fa58e6b659e,False,1759708800,47,positif,0.993,positif,positif,positif,hitmaker
1Wz4r3758CY,user_be644cb02159,True,1759708800,0,netral,0.8175,positif,positif,netral,hitmaker
1Wz4r3758CY,user_37c9522a9de4,False,1759708800,22,positif,0.9633,positif,positif,positif,hitmaker
1Wz4r3758CY,user_41d9457a9d7a,False,1759708800,2,negatif,0.8442,netral,tanpa_emoji,negatif,hitmaker
1Wz4r3758CY,user_0f85b14d4caa,True,1759708800,0,negatif,0.9137,netral,netral,netral,hitmaker
1Wz4r3758CY,user_e070725653c0,False,1759708800,19,positif,0.9916,positif,positif,positif,hitmaker
1Wz4r3758CY,user_b81f366ca0fe,True,1759708800,1,negatif,0.9892,netral,tanpa_emoji,negatif,hitmaker
1Wz4r3758CY,user_e070725653c0,True,1759708800,0,negatif,0.9822,positif,tanpa_emoji,negatif,hitmaker
1Wz4r3758CY,user_e32976274962,True,1759708800,0,negatif,0.9821,positif,tanpa_emoji,negatif,hitmaker
1Wz4r3758CY,user_e070725653c0,True,1759708800,0,netral,0.9918,netral,netral,netral,hitmaker
1Wz4r3758CY,user_8a15b185b6f5,False,1759708800,1,negatif,0.8175,positif,netral,negatif,hitmaker
1Wz4r3758CY,user_3a004af9f379,False,1759708800,1,negatif,0.9984,netral,positif,negatif,hitmaker
1Wz4r3758CY,user_6ed27c9d8bbc,True,1759708800,1,negatif,0.9898,netral,tanpa_emoji,negatif,hitmaker
1Wz4r3758CY,user_65c1da5e6e5c,False,1759708800,3,positif,0.9255,positif,tanpa_emoji,positif,hitmaker
1Wz4r3758CY,user_956ff5ce8b86,False,1759708800,10,positif,0.9928,positif,positif,positif,hitmaker
1Wz4r3758CY,user_47f07008e973,True,1759708800,1,netral,0.5971,netral,tanpa_emoji,netral,hitmaker
1Wz4r3758CY,user_679df7d19042,False,1759708800,2,negatif,0.9985,positif,positif,negatif,hitmaker
1Wz4r3758CY,user_52663765a9a5,False,1759708800,1,negatif,0.9918,netral,tanpa_emoji,negatif,hitmaker
1Wz4r3758CY,user_4706c1df12e1,False,1759708800,1,netral,0.476,negatif,tanpa_emoji,netral,hitmaker
1Wz4r3758CY,user_8ca8b6a2d2df,False,1759708800,10,positif,0.9884,positif,tanpa_emoji,positif,hitmaker
1Wz4r3758CY,user_cbcb16cdd028,False,1759708800,1,positif,0.8993,positif,tanpa_emoji,positif,hitmaker
1Wz4r3758CY,user_d0b2667ee7b8,False,1759708800,22,positif,0.9879,positif,positif,positif,hitmaker
1Wz4r3758CY,user_659dd56debaf,True,1759708800,2,positif,0.9406,netral,tanpa_emoji,positif,hitmaker
1Wz4r3758CY,user_7334c7db9af2,False,1759708800,1,netral,0.5269,netral,tanpa_emoji,netral,hitmaker
1Wz4r3758CY,user_ff785f45ee29,True,1759708800,1,negatif,0.8541,netral,tanpa_emoji,negatif,hitmaker
1Wz4r3758CY,user_6ed27c9d8bbc,True,1759708800,0,negatif,0.9969,netral,tanpa_emoji,negatif,hitmaker
1Wz4r3758CY,user_7334c7db9af2,True,1759708800,1,negatif,0.9991,netral,tanpa_emoji,negatif,hitmaker
1Wz4r3758CY,user_8e60605cab40,False,1759708800,0,negatif,0.9911,netral,netral,negatif,hitmaker
1Wz4r3758CY,user_87f5735c8a13,False,1759708800,2,positif,0.9986,positif,tanpa_emoji,positif,hitmaker
1Wz4r3758CY,user_3fff80c09711,True,1759708800,1,negatif,0.5202,positif,tanpa_emoji,negatif,hitmaker
1Wz4r3758CY,user_c08f1a17704b,False,1759708800,1,netral,0.5972,netral,tanpa_emoji,netral,hitmaker
1Wz4r3758CY,user_ee21f25f0e8a,False,1759708800,1,negatif,0.9957,negatif,netral,negatif,hitmaker
1Wz4r3758CY,user_16b7f1f7479e,False,1759708800,0,negatif,0.7679,netral,tanpa_emoji,negatif,hitmaker
1Wz4r3758CY,user_a10e943adc12,False,1759708800,7,netral,0.755,netral,tanpa_emoji,netral,hitmaker
1Wz4r3758CY,user_eededafabb20,False,1759708800,42,positif,0.9463,negatif,tanpa_emoji,positif,hitmaker
1Wz4r3758CY,user_ba07a51e7d8e,True,1759708800,3,negatif,0.7689,netral,tanpa_emoji,negatif,hitmaker
1Wz4r3758CY,user_eededafabb20,True,1759708800,0,netral,0.9901,netral,tanpa_emoji,netral,hitmaker
1Wz4r3758CY,user_c47a4b524ac5,True,1759708800,0,netral,0.9955,netral,tanpa_emoji,netral,hitmaker
1Wz4r3758CY,user_f622c8cd1b35,True,1759708800,0,netral,0.9903,netral,tanpa_emoji,netral,hitmaker
1Wz4r3758CY,user_3bad36bc6237,True,1759708800,0,netral,0.9955,netral,tanpa_emoji,netral,hitmaker
1Wz4r3758CY,user_5e254ba9520b,True,1759708800,0,netral,0.9839,netral,tanpa_emoji,netral,hitmaker
1Wz4r3758CY,user_5e254ba9520b,True,1759708800,0,netral,0.9839,netral,tanpa_emoji,netral,hitmaker
1Wz4r3758CY,user_61919afbe549,True,1759708800,2,negatif,0.7355,positif,tanpa_emoji,negatif,hitmaker
1Wz4r3758CY,user_47f07008e973,True,1759708800,1,negatif,0.9921,netral,tanpa_emoji,negatif,hitmaker
1Wz4r3758CY,user_81f5e0186733,True,1759708800,0,negatif,0.9872,netral,tanpa_emoji,negatif,hitmaker
1Wz4r3758CY,user_04aff11fe592,True,1759708800,0,netral,0.6659,netral,tanpa_emoji,netral,hitmaker
1Wz4r3758CY,user_41315d651c28,True,1759708800,0,negatif,0.9882,netral,tanpa_emoji,negatif,hitmaker
1Wz4r3758CY,user_84b13ae768a7,True,1759708800,0,negatif,0.8828,positif,tanpa_emoji,negatif,hitmaker
1Wz4r3758CY,user_41315d651c28,True,1759708800,0,netral,0.9491,netral,tanpa_emoji,netral,hitmaker
1Wz4r3758CY,user_84b13ae768a7,True,1759708800,1,positif,0.9369,positif,tanpa_emoji,positif,hitmaker
1Wz4r3758CY,user_afbfe06414ee,True,1759708800,0,positif,0.9953,netral,tanpa_emoji,positif,hitmaker
1Wz4r3758CY,user_81ecc90fa96f,False,1759708800,3,netral,0.5324,netral,tanpa_emoji,netral,hitmaker
1Wz4r3758CY,user_b4a5772fa668,True,1759708800,2,negatif,0.5948,positif,tanpa_emoji,negatif,hitmaker
1Wz4r3758CY,user_886099b465ae,False,1759708800,1,positif,0.4546,netral,tanpa_emoji,positif,hitmaker
1Wz4r3758CY,user_8f6f55c9e4c7,False,1759708800,2,positif,0.9931,positif,positif,positif,hitmaker
1Wz4r3758CY,user_b71b42da81e1,False,1759708800,61,positif,0.9848,negatif,tanpa_emoji,positif,hitmaker
1Wz4r3758CY,user_251de92e1efb,True,1759708800,0,negatif,0.9947,netral,tanpa_emoji,negatif,hitmaker
1Wz4r3758CY,user_a7aad154d73a,False,1759708800,28,positif,0.6452,positif,tanpa_emoji,positif,hitmaker
1Wz4r3758CY,user_47f07008e973,True,1759708800,1,netral,0.5304,netral,tanpa_emoji,netral,hitmaker
1Wz4r3758CY,user_99b142560705,False,1759708800,2,negatif,0.9981,netral,netral,negatif,hitmaker
1Wz4r3758CY,user_0f85b14d4caa,True,1759708800,2,negatif,0.978,netral,tanpa_emoji,negatif,hitmaker
1Wz4r3758CY,user_a5f8f5a1ce0f,False,1759708800,1,positif,0.9984,netral,tanpa_emoji,positif,hitmaker
1Wz4r3758CY,user_27fcd936e003,False,1759708800,273,positif,0.9829,netral,tanpa_emoji,positif,hitmaker
1Wz4r3758CY,user_b81f366ca0fe,True,1759708800,11,negatif,0.5983,netral,tanpa_emoji,negatif,hitmaker
1Wz4r3758CY,user_5d8afdc19af0,True,1759708800,0,negatif,0.9971,negatif,tanpa_emoji,negatif,hitmaker
1Wz4r3758CY,user_b81f366ca0fe,True,1759708800,3,positif,0.8507,negatif,tanpa_emoji,positif,hitmaker
1Wz4r3758CY,user_716b9a467dfa,True,1759708800,0,netral,0.9801,netral,tanpa_emoji,netral,hitmaker
1Wz4r3758CY,user_e070725653c0,True,1759708800,3,positif,0.9652,positif,tanpa_emoji,positif,hitmaker
1Wz4r3758CY,user_ac639d18e57a,True,1759708800,0,positif,0.8776,positif,tanpa_emoji,positif,hitmaker
1Wz4r3758CY,user_eced9261ae0a,True,1759708800,0,netral,0.9665,netral,tanpa_emoji,netral,hitmaker
1Wz4r3758CY,user_47f07008e973,True,1759708800,2,negatif,0.5606,positif,tanpa_emoji,negatif,hitmaker
1Wz4r3758CY,user_33ef7e874c81,True,1759708800,0,negatif,0.8704,netral,tanpa_emoji,negatif,hitmaker
1Wz4r3758CY,user_54f7e9899501,True,1759708800,1,netral,0.4667,netral,tanpa_emoji,netral,hitmaker
1Wz4r3758CY,user_0346fe034164,True,1759708800,0,negatif,0.9489,netral,tanpa_emoji,negatif,hitmaker
1Wz4r3758CY,user_11460a8c155e,True,1759708800,0,negatif,0.9974,netral,tanpa_emoji,negatif,hitmaker
1Wz4r3758CY,user_ad6f6044ee13,False,1759708800,2,negatif,0.9988,netral,tanpa_emoji,negatif,hitmaker
1Wz4r3758CY,user_7a6052ff73d8,True,1759708800,2,positif,0.9571,negatif,tanpa_emoji,positif,hitmaker
1Wz4r3758CY,user_ad6f6044ee13,True,1759708800,2,netral,0.4437,netral,tanpa_emoji,netral,hitmaker
1Wz4r3758CY,user_06f031b9b4cc,True,1759708800,1,netral,0.7176,netral,tanpa_emoji,netral,hitmaker
1Wz4r3758CY,user_c4ce0c21a746,False,1759708800,1,negatif,0.8011,netral,tanpa_emoji,negatif,hitmaker
1Wz4r3758CY,user_3922f0569a6b,False,1759708800,2,netral,0.5521,netral,tanpa_emoji,netral,hitmaker
1Wz4r3758CY,user_19b6b5fe9ab9,False,1759708800,1,negatif,0.489,netral,tanpa_emoji,negatif,hitmaker
1Wz4r3758CY,user_ada72a7d6600,False,1759708800,3,negatif,0.9905,netral,netral,negatif,hitmaker
1Wz4r3758CY,user_0ceae89029d0,False,1759708800,3,positif,0.9608,positif,tanpa_emoji,positif,hitmaker
1Wz4r3758CY,user_9840778a62fc,False,1759708800,1,negatif,0.8973,positif,positif,positif,hitmaker
1Wz4r3758CY,user_534d9dbff8b7,False,1759708800,8,negatif,0.9905,negatif,tanpa_emoji,negatif,hitmaker
1Wz4r3758CY,user_f96e4fe44414,True,1759708800,2,positif,0.5249,netral,tanpa_emoji,positif,hitmaker
1Wz4r3758CY,user_4cc6178e3e0d,False,1759708800,1,netral,0.7853,positif,tanpa_emoji,netral,hitmaker
1Wz4r3758CY,user_c2b83f720708,False,1759708800,5,negatif,0.9173,netral,tanpa_emoji,negatif,hitmaker
1Wz4r3758CY,user_d523908a8052,True,1759708800,2,negatif,0.4868,netral,tanpa_emoji,negatif,hitmaker
1Wz4r3758CY,user_c2b83f720708,True,1759708800,2,negatif,0.8795,netral,tanpa_emoji,negatif,hitmaker
1Wz4r3758CY,user_e9fcb7c2144a,True,1759708800,2,negatif,0.5742,netral,tanpa_emoji,negatif,hitmaker
1Wz4r3758CY,user_d523908a8052,True,1759708800,0,netral,0.9246,netral,tanpa_emoji,netral,hitmaker
1Wz4r3758CY,user_ff785f45ee29,True,1759708800,1,negatif,0.9063,netral,tanpa_emoji,negatif,hitmaker
1Wz4r3758CY,user_44ecb8b35d59,True,1759708800,1,positif,0.9318,negatif,tanpa_emoji,positif,hitmaker
1Wz4r3758CY,user_92bfe2eea66a,False,1759708800,1,negatif,0.9987,netral,positif,negatif,hitmaker
1Wz4r3758CY,user_06f031b9b4cc,False,1759708800,2,negatif,0.5263,negatif,tanpa_emoji,negatif,hitmaker
1Wz4r3758CY,user_e93197bef3f8,False,1759708800,4,positif,0.4443,positif,positif,positif,hitmaker
1Wz4r3758CY,user_567d62cb7512,False,1759708800,7,negatif,0.6509,netral,tanpa_emoji,negatif,hitmaker
9cJoL-j10Rc,user_a676b95b0f70,False,1764979200,0,negatif,0.9273,positif,positif,positif,hitmaker
9cJoL-j10Rc,user_c4ec606dd898,False,1728172800,0,negatif,0.8759,netral,tanpa_emoji,negatif,hitmaker
9cJoL-j10Rc,user_c3e6b0fa7a83,False,1728172800,0,netral,0.7215,netral,tanpa_emoji,netral,hitmaker
9cJoL-j10Rc,user_25d4ccb49b4b,False,1728172800,0,negatif,0.491,positif,positif,positif,hitmaker
9cJoL-j10Rc,user_49fbaa777349,False,1728172800,0,positif,0.995,positif,tanpa_emoji,positif,hitmaker
9cJoL-j10Rc,user_2f9aec8636ae,False,1728172800,1,negatif,0.9918,negatif,tanpa_emoji,negatif,hitmaker
9cJoL-j10Rc,user_1964e50fde7f,False,1728172800,0,positif,0.9974,positif,positif,positif,hitmaker
9cJoL-j10Rc,user_c419ef7b0711,False,1728172800,0,negatif,0.5468,netral,netral,negatif,hitmaker
9cJoL-j10Rc,user_9929dbe25148,False,1728172800,0,positif,0.9702,positif,tanpa_emoji,positif,hitmaker
9cJoL-j10Rc,user_18422cf3785f,False,1728172800,0,negatif,0.9987,netral,tanpa_emoji,negatif,hitmaker
9cJoL-j10Rc,user_4947ab9ff775,False,1728172800,0,negatif,0.7112,netral,tanpa_emoji,negatif,hitmaker
9cJoL-j10Rc,user_efbaf6bbfc15,False,1728172800,0,positif,0.9956,positif,positif,positif,hitmaker
9cJoL-j10Rc,user_862121cb698e,False,1728172800,0,netral,0.7358,positif,positif,netral,hitmaker
9cJoL-j10Rc,user_f825250f17ac,False,1728172800,0,positif,0.9972,positif,tanpa_emoji,positif,hitmaker
9cJoL-j10Rc,user_d9d81c7a5a05,False,1728172800,0,positif,0.9734,positif,tanpa_emoji,positif,hitmaker
9cJoL-j10Rc,user_4f66f368d1f0,False,1728172800,1,negatif,0.935,netral,tanpa_emoji,negatif,hitmaker
9cJoL-j10Rc,user_39200c048b2f,False,1728172800,0,positif,0.9889,positif,tanpa_emoji,positif,hitmaker
9cJoL-j10Rc,user_26528c908db5,False,1728172800,0,positif,0.9793,positif,tanpa_emoji,positif,hitmaker
9cJoL-j10Rc,user_b38b603d87e2,False,1728172800,0,positif,0.993,positif,tanpa_emoji,positif,hitmaker
9cJoL-j10Rc,user_b22eacab8abb,False,1728172800,1,positif,0.962,positif,tanpa_emoji,positif,hitmaker
9cJoL-j10Rc,user_bfb372ce9790,False,1728172800,0,netral,0.9296,netral,tanpa_emoji,netral,hitmaker
9cJoL-j10Rc,user_01df19e33cf0,False,1728172800,1,positif,0.8634,netral,tanpa_emoji,positif,hitmaker
9cJoL-j10Rc,user_1b87475d36da,False,1728172800,1,positif,0.9931,netral,tanpa_emoji,positif,hitmaker
9cJoL-j10Rc,user_12fe1fe76985,False,1728172800,0,netral,0.7729,netral,tanpa_emoji,netral,hitmaker
9cJoL-j10Rc,user_e4a24a99865e,False,1728172800,0,positif,0.9622,positif,tanpa_emoji,positif,hitmaker
9cJoL-j10Rc,user_315a2de1f3e4,False,1728172800,0,negatif,0.9782,netral,tanpa_emoji,negatif,hitmaker
9cJoL-j10Rc,user_6952ed442129,False,1728172800,0,negatif,0.919,netral,tanpa_emoji,negatif,hitmaker
9cJoL-j10Rc,user_24a45131034e,False,1728172800,0,negatif,0.7711,positif,tanpa_emoji,negatif,hitmaker
9cJoL-j10Rc,user_c15c42b84249,False,1696550400,1,positif,0.9946,positif,tanpa_emoji,positif,hitmaker
9cJoL-j10Rc,user_4b64f599d957,False,1696550400,2,positif,0.8748,positif,positif,positif,hitmaker
9cJoL-j10Rc,user_5e8bfed153e0,False,1696550400,3,positif,0.9949,positif,positif,positif,hitmaker
9cJoL-j10Rc,user_73bbd7df544c,False,1696550400,1,positif,0.9822,positif,tanpa_emoji,positif,hitmaker
9cJoL-j10Rc,user_7ceccc84c664,False,1696550400,5,positif,0.9012,netral,tanpa_emoji,positif,hitmaker
9cJoL-j10Rc,user_86d8dc6d0810,False,1696550400,5,positif,0.9807,positif,tanpa_emoji,positif,hitmaker
9cJoL-j10Rc,user_0eb7c96fe903,False,1696550400,4,positif,0.9678,positif,tanpa_emoji,positif,hitmaker
9cJoL-j10Rc,user_62fe56761721,False,1696550400,6,negatif,0.9462,negatif,netral,negatif,hitmaker
9cJoL-j10Rc,user_addc6806a0a7,False,1696550400,6,positif,0.9743,positif,tanpa_emoji,positif,hitmaker
9cJoL-j10Rc,user_cf47fe3462b7,False,1696550400,2,negatif,0.4384,positif,positif,positif,hitmaker
9cJoL-j10Rc,user_2e2ea3fec890,False,1696550400,3,negatif,0.8238,positif,tanpa_emoji,negatif,hitmaker
9cJoL-j10Rc,user_fae95fd548ef,False,1696550400,9,netral,0.9922,positif,positif,netral,hitmaker
9cJoL-j10Rc,user_8e5bb9022eb1,False,1696550400,4,negatif,0.9974,netral,tanpa_emoji,negatif,hitmaker
9cJoL-j10Rc,user_857839ce67e9,False,1696550400,14,positif,0.9858,netral,tanpa_emoji,positif,hitmaker
9cJoL-j10Rc,user_f9727db6f30f,False,1696550400,22,positif,0.9849,netral,tanpa_emoji,positif,hitmaker
9cJoL-j10Rc,user_cf47fe3462b7,True,1696550400,2,negatif,0.5059,positif,positif,positif,hitmaker
9cJoL-j10Rc,user_b813e1d412fe,True,1696550400,2,netral,0.449,netral,tanpa_emoji,netral,hitmaker
9cJoL-j10Rc,user_14e91eab71d3,True,1728172800,1,positif,0.9579,netral,tanpa_emoji,positif,hitmaker
9cJoL-j10Rc,user_c364c2413a61,True,1696550400,0,negatif,0.9283,netral,tanpa_emoji,negatif,hitmaker
9cJoL-j10Rc,user_87017c6e9102,False,1696550400,3,negatif,0.9891,netral,tanpa_emoji,negatif,hitmaker
9cJoL-j10Rc,user_8e81be1c1725,False,1696550400,8,negatif,0.4782,netral,tanpa_emoji,negatif,hitmaker
9cJoL-j10Rc,user_60bd93d274fd,False,1696550400,15,positif,0.9952,positif,tanpa_emoji,positif,hitmaker
9cJoL-j10Rc,user_9b65b37cd1e6,False,1696550400,2,negatif,0.9624,negatif,tanpa_emoji,negatif,hitmaker
9cJoL-j10Rc,user_8e81be1c1725,True,1696550400,2,positif,0.7809,netral,tanpa_emoji,positif,hitmaker
9cJoL-j10Rc,user_cf47fe3462b7,True,1696550400,1,netral,0.9194,netral,tanpa_emoji,netral,hitmaker
9cJoL-j10Rc,user_257b370b1ce6,False,1696550400,2,negatif,0.9848,netral,tanpa_emoji,negatif,hitmaker
9cJoL-j10Rc,user_fae95fd548ef,True,1696550400,0,negatif,0.998,netral,netral,negatif,hitmaker
9cJoL-j10Rc,user_c8e1f9e624ba,False,1696550400,4,positif,0.9881,positif,tanpa_emoji,positif,hitmaker
JekV-VTEyLI,user_87f425d09f70,False,1759708800,0,netral,0.9219,netral,tanpa_emoji,netral,hitmaker
JekV-VTEyLI,user_8063d0ce707e,False,1759708800,0,negatif,0.8857,netral,netral,negatif,hitmaker
JekV-VTEyLI,user_dba0dd379d69,False,1759708800,1,netral,0.7498,positif,positif,netral,hitmaker
JekV-VTEyLI,user_ec1e8f660260,False,1759708800,1,negatif,0.9308,negatif,tanpa_emoji,negatif,hitmaker
JekV-VTEyLI,user_f2f8e69fe4bf,False,1759708800,2,positif,0.9944,positif,positif,positif,hitmaker
d173ahbvzUA,user_954f2b63d0ff,False,1759708800,2,negatif,0.6918,netral,tanpa_emoji,negatif,hitmaker
d173ahbvzUA,user_933fa95f5aba,False,1759708800,8,positif,0.963,positif,tanpa_emoji,positif,hitmaker
d173ahbvzUA,user_e999420fc3b2,False,1728172800,10,netral,0.4772,netral,tanpa_emoji,netral,hitmaker
d173ahbvzUA,user_558171cc7ec6,False,1728172800,0,negatif,0.998,netral,tanpa_emoji,negatif,hitmaker
d173ahbvzUA,user_68b99b8159e7,False,1728172800,0,negatif,0.9625,netral,netral,negatif,hitmaker
d173ahbvzUA,user_cc56a207007b,False,1728172800,0,negatif,0.5108,netral,tanpa_emoji,negatif,hitmaker
d173ahbvzUA,user_ad1e36e4a30a,False,1728172800,2,positif,0.8874,positif,positif,positif,hitmaker
d173ahbvzUA,user_1a7978ff4903,False,1728172800,1,positif,0.6064,negatif,tanpa_emoji,positif,hitmaker
d173ahbvzUA,user_890ad03b0572,False,1728172800,0,netral,0.8612,netral,tanpa_emoji,netral,hitmaker
d173ahbvzUA,user_4111a82b89a7,False,1728172800,8,positif,0.9862,positif,positif,positif,hitmaker
d173ahbvzUA,user_c34f45a744ec,True,1728172800,2,positif,0.9685,positif,tanpa_emoji,positif,hitmaker
d173ahbvzUA,user_4111a82b89a7,True,1728172800,0,netral,0.6811,netral,netral,netral,hitmaker
d173ahbvzUA,user_c34f45a744ec,True,1728172800,0,positif,0.4749,netral,tanpa_emoji,positif,hitmaker
d173ahbvzUA,user_2052a7818889,False,1696550400,0,negatif,0.9431,netral,tanpa_emoji,negatif,hitmaker
d173ahbvzUA,user_b43d3b950679,False,1696550400,2,netral,0.9873,netral,tanpa_emoji,netral,hitmaker
d173ahbvzUA,user_2d22169d6dc2,False,1696550400,2,positif,0.96,netral,netral,positif,hitmaker
d173ahbvzUA,user_67edb0afb533,False,1696550400,0,netral,0.9507,netral,tanpa_emoji,netral,hitmaker
d173ahbvzUA,user_0a1b848d2a28,False,1696550400,0,positif,0.9881,netral,tanpa_emoji,positif,hitmaker
d173ahbvzUA,user_f76cca827142,False,1696550400,0,negatif,0.8745,positif,positif,negatif,hitmaker
d173ahbvzUA,user_9521e927b4bc,False,1696550400,1,negatif,0.9922,netral,tanpa_emoji,negatif,hitmaker
d173ahbvzUA,user_db65a6340993,True,1759708800,0,negatif,0.9318,netral,netral,negatif,hitmaker
d173ahbvzUA,user_d76080ce024e,False,1696550400,1,negatif,0.9654,netral,tanpa_emoji,negatif,hitmaker
d173ahbvzUA,user_013418eea655,False,1696550400,0,netral,0.574,netral,tanpa_emoji,netral,hitmaker
d173ahbvzUA,user_e574feca4fb7,False,1696550400,0,netral,0.9803,netral,tanpa_emoji,netral,hitmaker
d173ahbvzUA,user_8549d854932f,False,1696550400,0,negatif,0.8338,netral,tanpa_emoji,negatif,hitmaker
d173ahbvzUA,user_d619ea109279,False,1696550400,0,netral,0.965,negatif,tanpa_emoji,netral,hitmaker
d173ahbvzUA,user_16696909c997,False,1696550400,0,negatif,0.9392,netral,tanpa_emoji,negatif,hitmaker
d173ahbvzUA,user_8549d854932f,True,1696550400,0,netral,0.9238,netral,tanpa_emoji,netral,hitmaker
d173ahbvzUA,user_abcd1a8fbe7f,False,1696550400,1,negatif,0.9349,netral,tanpa_emoji,negatif,hitmaker
d173ahbvzUA,user_d04223b59590,False,1665014400,8,negatif,0.9603,netral,tanpa_emoji,negatif,hitmaker
d173ahbvzUA,user_cf016866103b,True,1665014400,0,negatif,0.9249,netral,tanpa_emoji,negatif,hitmaker
d173ahbvzUA,user_3654e5edb5be,False,1665014400,0,negatif,0.8711,negatif,tanpa_emoji,negatif,hitmaker
d173ahbvzUA,user_ec2c0bc15ca8,False,1665014400,0,negatif,0.5142,netral,tanpa_emoji,negatif,hitmaker
d173ahbvzUA,user_ea972ed1057b,False,1665014400,1,negatif,0.9967,netral,tanpa_emoji,negatif,hitmaker
d173ahbvzUA,user_5b0b23a4f9b1,False,1665014400,2,netral,0.5376,netral,tanpa_emoji,netral,hitmaker
d173ahbvzUA,user_617236c24c11,True,1665014400,1,negatif,0.9513,netral,tanpa_emoji,negatif,hitmaker
d173ahbvzUA,user_7d27884ae49d,False,1665014400,51,positif,0.9934,positif,netral,positif,hitmaker
d173ahbvzUA,user_3654e5edb5be,True,1665014400,1,negatif,0.5764,negatif,tanpa_emoji,negatif,hitmaker
d173ahbvzUA,user_3654e5edb5be,True,1665014400,1,negatif,0.7249,netral,tanpa_emoji,negatif,hitmaker
d173ahbvzUA,user_8ac5ff095864,True,1728172800,1,netral,0.941,netral,tanpa_emoji,netral,hitmaker
d173ahbvzUA,user_984376e9e228,True,1728172800,0,negatif,0.9672,positif,positif,positif,hitmaker
d173ahbvzUA,user_a0e4687430d0,False,1665014400,4,negatif,0.681,positif,positif,negatif,hitmaker
d173ahbvzUA,user_879063a3bfdd,True,1696550400,0,negatif,0.441,netral,tanpa_emoji,negatif,hitmaker
d173ahbvzUA,user_e1a23f3f29ee,False,1665014400,10,positif,0.9941,positif,positif,positif,hitmaker
d173ahbvzUA,user_ff3ae093b132,False,1665014400,8,negatif,0.9209,positif,tanpa_emoji,negatif,hitmaker
d173ahbvzUA,user_cfc471a34fd4,True,1665014400,0,negatif,0.8891,netral,netral,negatif,hitmaker
d173ahbvzUA,user_a0fc9da6170b,False,1665014400,0,negatif,0.8481,netral,tanpa_emoji,negatif,hitmaker
d173ahbvzUA,user_71e218bf6b34,True,1665014400,0,negatif,0.8272,netral,tanpa_emoji,negatif,hitmaker
d173ahbvzUA,user_64368d475b7c,True,1696550400,0,netral,0.997,netral,tanpa_emoji,netral,hitmaker
d173ahbvzUA,user_ce6e4b149d05,False,1665014400,0,negatif,0.6833,netral,tanpa_emoji,negatif,hitmaker
d173ahbvzUA,user_06f031b9b4cc,True,1665014400,2,positif,0.7565,netral,tanpa_emoji,positif,hitmaker
d173ahbvzUA,user_ce6e4b149d05,True,1696550400,0,netral,0.5262,netral,tanpa_emoji,netral,hitmaker
d173ahbvzUA,user_daab7c4409b8,True,1696550400,1,negatif,0.6794,netral,tanpa_emoji,negatif,hitmaker
d173ahbvzUA,user_ce6e4b149d05,True,1696550400,0,netral,0.974,netral,tanpa_emoji,netral,hitmaker
d173ahbvzUA,user_f42c4acfd429,False,1665014400,2,negatif,0.9855,netral,tanpa_emoji,negatif,hitmaker
d173ahbvzUA,user_329ec9cae579,False,1665014400,2,positif,0.9129,positif,tanpa_emoji,positif,hitmaker
d173ahbvzUA,user_329ec9cae579,True,1665014400,0,positif,0.4578,netral,tanpa_emoji,positif,hitmaker
d173ahbvzUA,user_825482a5f8c4,False,1665014400,1,netral,0.9512,netral,tanpa_emoji,netral,hitmaker
d173ahbvzUA,user_3fe0405f486f,True,1665014400,0,negatif,0.7523,netral,tanpa_emoji,negatif,hitmaker
d173ahbvzUA,user_d53e5537cdd5,True,1665014400,0,negatif,0.6247,netral,tanpa_emoji,negatif,hitmaker
d173ahbvzUA,user_617236c24c11,True,1665014400,0,positif,0.5205,positif,tanpa_emoji,positif,hitmaker
d173ahbvzUA,user_19889716b944,False,1665014400,0,negatif,0.8664,netral,netral,netral,hitmaker
d173ahbvzUA,user_77e0ba92bcd9,False,1665014400,1,negatif,0.9841,netral,tanpa_emoji,negatif,hitmaker
d173ahbvzUA,user_db65a6340993,True,1759708800,0,negatif,0.6963,positif,positif,negatif,hitmaker
d173ahbvzUA,user_0eeb6fb943dd,False,1665014400,1,netral,0.9831,netral,tanpa_emoji,netral,hitmaker
d173ahbvzUA,user_d2d8b4216fe4,True,1665014400,0,negatif,0.9292,negatif,tanpa_emoji,negatif,hitmaker
d173ahbvzUA,user_1e7506aa8dbb,True,1696550400,0,negatif,0.6578,negatif,tanpa_emoji,negatif,hitmaker
d173ahbvzUA,user_de6fc9f71c1c,False,1665014400,1,positif,0.8149,positif,tanpa_emoji,positif,hitmaker
d173ahbvzUA,user_9c68e824876c,True,1665014400,0,negatif,0.8023,negatif,tanpa_emoji,negatif,hitmaker
d173ahbvzUA,user_d53e5537cdd5,True,1665014400,0,netral,0.997,netral,tanpa_emoji,netral,hitmaker
d173ahbvzUA,user_9c68e824876c,True,1665014400,0,netral,0.972,netral,tanpa_emoji,netral,hitmaker
d173ahbvzUA,user_bc343251936a,False,1665014400,2,negatif,0.9962,positif,tanpa_emoji,negatif,hitmaker
d173ahbvzUA,user_6f4a2aa5ebda,False,1633478400,2,negatif,0.8667,netral,tanpa_emoji,negatif,hitmaker
d173ahbvzUA,user_7c9b6b201d13,False,1633478400,2,negatif,0.6688,netral,tanpa_emoji,negatif,hitmaker
d173ahbvzUA,user_8d2a4411f5a9,False,1633478400,1,netral,0.726,netral,tanpa_emoji,netral,hitmaker
d173ahbvzUA,user_283557cdbfd2,False,1633478400,5,negatif,0.9939,netral,tanpa_emoji,negatif,hitmaker
d173ahbvzUA,user_fad55ba8657e,True,1665014400,1,negatif,0.9946,netral,tanpa_emoji,negatif,hitmaker
d173ahbvzUA,user_44125e53f125,False,1633478400,1,negatif,0.9943,netral,tanpa_emoji,negatif,hitmaker
d173ahbvzUA,user_793e9f46be07,True,1633478400,0,netral,0.9293,netral,tanpa_emoji,netral,hitmaker
d173ahbvzUA,user_98ffcc2d6399,False,1633478400,5,negatif,0.9885,netral,tanpa_emoji,negatif,hitmaker
d173ahbvzUA,user_199f5502d9a5,True,1665014400,0,negatif,0.9928,netral,tanpa_emoji,negatif,hitmaker
d173ahbvzUA,user_4a0616a59914,True,1665014400,0,negatif,0.9215,netral,tanpa_emoji,negatif,hitmaker
d173ahbvzUA,user_9b5c22743508,False,1633478400,2,negatif,0.999,netral,tanpa_emoji,negatif,hitmaker
d173ahbvzUA,user_793e9f46be07,True,1633478400,0,negatif,0.9458,netral,tanpa_emoji,negatif,hitmaker
d173ahbvzUA,user_92d257a2912d,False,1633478400,2,netral,0.8275,netral,tanpa_emoji,netral,hitmaker
d173ahbvzUA,user_b6efc9634024,False,1633478400,20,positif,0.9843,netral,tanpa_emoji,positif,hitmaker
d173ahbvzUA,user_b28178fac4aa,True,1633478400,2,positif,0.8579,positif,tanpa_emoji,positif,hitmaker
d173ahbvzUA,user_8595d5388f0b,True,1633478400,0,negatif,0.5199,positif,tanpa_emoji,negatif,hitmaker
d173ahbvzUA,user_7fa08d6f577e,True,1633478400,0,negatif,0.9985,netral,tanpa_emoji,negatif,hitmaker
d173ahbvzUA,user_b6efc9634024,True,1633478400,1,netral,0.9926,netral,tanpa_emoji,netral,hitmaker
d173ahbvzUA,user_7fa08d6f577e,True,1633478400,0,netral,0.9479,netral,tanpa_emoji,netral,hitmaker
d173ahbvzUA,user_b6efc9634024,True,1633478400,0,netral,0.9931,netral,netral,netral,hitmaker
d173ahbvzUA,user_7fa08d6f577e,True,1633478400,0,negatif,0.9932,netral,tanpa_emoji,negatif,hitmaker
d173ahbvzUA,user_b6efc9634024,True,1633478400,0,negatif,0.998,netral,tanpa_emoji,negatif,hitmaker
d173ahbvzUA,user_7b76e340cd66,True,1633478400,0,negatif,0.9965,negatif,tanpa_emoji,negatif,hitmaker
d173ahbvzUA,user_c5b0363a4164,True,1633478400,0,netral,0.958,netral,tanpa_emoji,netral,hitmaker
d173ahbvzUA,user_7b76e340cd66,True,1633478400,0,negatif,0.9967,netral,tanpa_emoji,negatif,hitmaker
d173ahbvzUA,user_329ec9cae579,True,1665014400,0,negatif,0.9984,netral,tanpa_emoji,negatif,hitmaker
d173ahbvzUA,user_02084abe7ec1,True,1665014400,0,negatif,0.7967,positif,tanpa_emoji,negatif,hitmaker
d173ahbvzUA,user_3fe0405f486f,True,1665014400,0,negatif,0.6805,netral,tanpa_emoji,negatif,hitmaker
d173ahbvzUA,user_07b334327bc6,False,1633478400,3,negatif,0.9902,netral,tanpa_emoji,negatif,hitmaker
d173ahbvzUA,user_07b334327bc6,False,1633478400,2,negatif,0.9902,netral,tanpa_emoji,negatif,hitmaker
d173ahbvzUA,user_28e828fb1fd8,False,1601942400,2,negatif,0.6745,negatif,tanpa_emoji,negatif,hitmaker
d173ahbvzUA,user_e10710c2bf31,False,1601942400,1,negatif,0.9622,netral,tanpa_emoji,negatif,hitmaker
d173ahbvzUA,user_881f4d6465eb,False,1601942400,3,negatif,0.8052,positif,tanpa_emoji,negatif,hitmaker
jWcuZDN59Gw,user_c0d0f7d75ba7,False,1790035200,0,negatif,0.9758,netral,tanpa_emoji,negatif,hitmaker
jWcuZDN59Gw,user_cd84ef3193ae,False,1790035200,1,negatif,0.5708,netral,netral,negatif,hitmaker
jWcuZDN59Gw,user_004c0a80dac4,False,1788652800,0,negatif,0.9983,positif,tanpa_emoji,negatif,hitmaker
jWcuZDN59Gw,user_966186375d5e,False,1785974400,0,negatif,0.9722,netral,tanpa_emoji,negatif,hitmaker
jWcuZDN59Gw,user_6e9070acaa1f,False,1785974400,0,netral,0.8844,netral,tanpa_emoji,netral,hitmaker
jWcuZDN59Gw,user_01edf26f3ad2,False,1783296000,0,negatif,0.9969,positif,tanpa_emoji,negatif,hitmaker
jWcuZDN59Gw,user_9ba079dcda11,False,1783296000,0,negatif,0.9965,positif,positif,negatif,hitmaker
jWcuZDN59Gw,user_77d7486f92b4,False,1783296000,0,positif,0.9973,positif,netral,positif,hitmaker
jWcuZDN59Gw,user_b0edb8d81143,False,1780704000,0,netral,0.9733,netral,tanpa_emoji,netral,hitmaker
jWcuZDN59Gw,user_e9ad57d449be,False,1780704000,0,positif,0.9832,positif,tanpa_emoji,positif,hitmaker
jWcuZDN59Gw,user_b3eace6af8e9,False,1778025600,1,negatif,0.9353,netral,tanpa_emoji,negatif,hitmaker
jWcuZDN59Gw,user_d871c8ba5c0d,False,1778025600,0,positif,0.8162,positif,positif,positif,hitmaker
jWcuZDN59Gw,user_c32ba585dc85,False,1772755200,1,negatif,0.9867,negatif,tanpa_emoji,negatif,hitmaker
jWcuZDN59Gw,user_68d715886452,False,1770336000,0,negatif,0.5071,netral,tanpa_emoji,negatif,hitmaker
jWcuZDN59Gw,user_e6b79a6e3782,False,1764979200,0,negatif,0.8991,netral,netral,netral,hitmaker
jWcuZDN59Gw,user_7f373e951cef,False,1759708800,0,negatif,0.994,negatif,tanpa_emoji,negatif,hitmaker
jWcuZDN59Gw,user_78b6d0836dbb,False,1759708800,0,negatif,0.5469,positif,positif,positif,hitmaker
jWcuZDN59Gw,user_897bd3837e5e,False,1759708800,0,positif,0.7432,netral,tanpa_emoji,positif,hitmaker
jWcuZDN59Gw,user_02c55440b4de,False,1759708800,0,negatif,0.9719,netral,tanpa_emoji,negatif,hitmaker
jWcuZDN59Gw,user_73dfe0b09f98,False,1759708800,0,negatif,0.9985,netral,tanpa_emoji,negatif,hitmaker
jWcuZDN59Gw,user_ecb9a4781444,False,1728172800,0,netral,0.8883,netral,tanpa_emoji,netral,hitmaker
jWcuZDN59Gw,user_b001dd543246,False,1728172800,0,negatif,0.9971,netral,netral,negatif,hitmaker
jWcuZDN59Gw,user_c856bc21db87,False,1696550400,0,netral,0.7944,netral,tanpa_emoji,netral,hitmaker
jWcuZDN59Gw,user_99e510769e8b,False,1696550400,1,negatif,0.8405,positif,positif,positif,hitmaker
jWcuZDN59Gw,user_b14e80345e99,False,1696550400,0,netral,0.9015,netral,tanpa_emoji,netral,hitmaker
jWcuZDN59Gw,user_de39717d5014,False,1696550400,1,negatif,0.9968,netral,netral,negatif,hitmaker
jWcuZDN59Gw,user_377d0beb9724,False,1696550400,0,netral,0.6563,netral,tanpa_emoji,netral,hitmaker
jWcuZDN59Gw,user_9fe58d2a36d2,False,1665014400,1,netral,0.779,netral,tanpa_emoji,netral,hitmaker
jWcuZDN59Gw,user_d7db58dd3528,True,1665014400,1,negatif,0.8196,netral,tanpa_emoji,negatif,hitmaker
jWcuZDN59Gw,user_0402f9932b6b,False,1665014400,0,negatif,0.9991,netral,tanpa_emoji,negatif,hitmaker
jWcuZDN59Gw,user_dc805bbca44d,False,1665014400,1,negatif,0.9947,netral,tanpa_emoji,negatif,hitmaker
jWcuZDN59Gw,user_441b4a7d20bd,False,1665014400,0,negatif,0.9957,netral,tanpa_emoji,negatif,hitmaker
jWcuZDN59Gw,user_7b6a249e0dc3,False,1665014400,1,netral,0.7439,netral,tanpa_emoji,netral,hitmaker
jWcuZDN59Gw,user_b00e84ed27b9,False,1665014400,1,netral,0.829,netral,tanpa_emoji,netral,hitmaker
jWcuZDN59Gw,user_1a2654d736d5,False,1665014400,0,netral,0.5957,netral,tanpa_emoji,netral,hitmaker
jWcuZDN59Gw,user_44317abd209a,False,1665014400,1,negatif,0.8273,netral,netral,negatif,hitmaker
jWcuZDN59Gw,user_81997ed22a52,False,1665014400,2,negatif,0.9712,positif,positif,negatif,hitmaker
jWcuZDN59Gw,user_d457b186a15c,True,1665014400,0,negatif,0.9379,netral,tanpa_emoji,negatif,hitmaker
jWcuZDN59Gw,user_3a8723daf884,False,1665014400,1,negatif,0.9964,negatif,positif,negatif,hitmaker
jWcuZDN59Gw,user_7313cfdb6798,True,1665014400,0,negatif,0.9791,netral,tanpa_emoji,negatif,hitmaker
jWcuZDN59Gw,user_934267459523,True,1665014400,0,positif,0.4637,netral,tanpa_emoji,positif,hitmaker
jWcuZDN59Gw,user_7313cfdb6798,True,1665014400,0,negatif,0.5188,netral,tanpa_emoji,negatif,hitmaker
jWcuZDN59Gw,user_934267459523,True,1665014400,0,negatif,0.735,negatif,tanpa_emoji,negatif,hitmaker
jWcuZDN59Gw,user_7313cfdb6798,True,1665014400,0,negatif,0.9894,netral,tanpa_emoji,negatif,hitmaker
jWcuZDN59Gw,user_7313cfdb6798,True,1665014400,0,negatif,0.5844,netral,tanpa_emoji,negatif,hitmaker
jWcuZDN59Gw,user_934267459523,True,1665014400,0,negatif,0.6541,negatif,tanpa_emoji,negatif,hitmaker
jWcuZDN59Gw,user_7313cfdb6798,True,1665014400,0,negatif,0.5899,netral,tanpa_emoji,negatif,hitmaker
jWcuZDN59Gw,user_934267459523,True,1665014400,0,negatif,0.7536,negatif,tanpa_emoji,negatif,hitmaker
jWcuZDN59Gw,user_7313cfdb6798,True,1665014400,0,negatif,0.9584,netral,tanpa_emoji,negatif,hitmaker
jWcuZDN59Gw,user_934267459523,True,1665014400,0,negatif,0.8624,positif,netral,negatif,hitmaker
jWcuZDN59Gw,user_71e218bf6b34,True,1665014400,0,netral,0.7024,netral,tanpa_emoji,netral,hitmaker
jWcuZDN59Gw,user_934267459523,True,1665014400,0,negatif,0.8014,positif,tanpa_emoji,negatif,hitmaker
jWcuZDN59Gw,user_71e218bf6b34,True,1665014400,0,negatif,0.9799,negatif,tanpa_emoji,negatif,hitmaker
jWcuZDN59Gw,user_934267459523,True,1665014400,0,negatif,0.8257,netral,tanpa_emoji,negatif,hitmaker
jWcuZDN59Gw,user_71e218bf6b34,True,1665014400,0,negatif,0.9948,negatif,tanpa_emoji,negatif,hitmaker
jWcuZDN59Gw,user_934267459523,True,1665014400,0,netral,0.9861,netral,tanpa_emoji,netral,hitmaker
jWcuZDN59Gw,user_71e218bf6b34,True,1665014400,0,netral,0.69,netral,tanpa_emoji,netral,hitmaker
jWcuZDN59Gw,user_934267459523,True,1665014400,0,negatif,0.5444,netral,tanpa_emoji,negatif,hitmaker
jWcuZDN59Gw,user_71e218bf6b34,True,1665014400,0,netral,0.942,netral,tanpa_emoji,netral,hitmaker
jWcuZDN59Gw,user_71e218bf6b34,True,1665014400,0,netral,0.7477,netral,tanpa_emoji,netral,hitmaker
jWcuZDN59Gw,user_71e218bf6b34,True,1665014400,0,positif,0.8368,positif,tanpa_emoji,positif,hitmaker
jWcuZDN59Gw,user_71e218bf6b34,True,1665014400,1,netral,0.9487,netral,tanpa_emoji,netral,hitmaker
jWcuZDN59Gw,user_c1c6a169efa8,False,1665014400,3,negatif,0.9792,netral,tanpa_emoji,negatif,hitmaker
jWcuZDN59Gw,user_e88dd50537db,False,1665014400,1,negatif,0.993,negatif,tanpa_emoji,negatif,hitmaker
jWcuZDN59Gw,user_b7c24f43a390,False,1665014400,1,netral,0.977,netral,netral,netral,hitmaker
jWcuZDN59Gw,user_71e218bf6b34,True,1665014400,1,negatif,0.7676,netral,tanpa_emoji,negatif,hitmaker
jWcuZDN59Gw,user_aea7b1adbdb6,False,1665014400,1,negatif,0.7911,negatif,netral,negatif,hitmaker
jWcuZDN59Gw,user_fed77e1f0a47,False,1665014400,5,positif,0.5731,negatif,tanpa_emoji,positif,hitmaker
jWcuZDN59Gw,user_934267459523,True,1665014400,0,negatif,0.9975,netral,tanpa_emoji,negatif,hitmaker
jWcuZDN59Gw,user_a719f95a1803,True,1665014400,0,netral,0.8424,netral,tanpa_emoji,netral,hitmaker
jWcuZDN59Gw,user_93c173b98c44,False,1665014400,1,negatif,0.6788,negatif,netral,negatif,hitmaker
jWcuZDN59Gw,user_40f77d49f4a1,False,1665014400,1,positif,0.6704,netral,tanpa_emoji,positif,hitmaker
jWcuZDN59Gw,user_7313cfdb6798,True,1665014400,0,negatif,0.9687,netral,tanpa_emoji,negatif,hitmaker
jWcuZDN59Gw,user_d2217d6e41fe,False,1665014400,6,positif,0.7438,netral,tanpa_emoji,positif,hitmaker
jWcuZDN59Gw,user_d14ea1296243,False,1665014400,2,positif,0.9951,netral,tanpa_emoji,positif,hitmaker
jWcuZDN59Gw,user_60160c671cac,True,1665014400,2,negatif,0.6708,netral,tanpa_emoji,negatif,hitmaker
jWcuZDN59Gw,user_d14ea1296243,True,1665014400,1,netral,0.9514,netral,tanpa_emoji,netral,hitmaker
jWcuZDN59Gw,user_71e218bf6b34,True,1665014400,1,netral,0.9921,netral,tanpa_emoji,netral,hitmaker
jWcuZDN59Gw,user_71e218bf6b34,True,1665014400,0,netral,0.5813,netral,tanpa_emoji,netral,hitmaker
jWcuZDN59Gw,user_b7a58408569e,False,1665014400,3,positif,0.6481,netral,tanpa_emoji,positif,hitmaker
jWcuZDN59Gw,user_5ce9fd965f77,False,1665014400,0,negatif,0.9912,negatif,tanpa_emoji,negatif,hitmaker
jWcuZDN59Gw,user_71e218bf6b34,True,1665014400,0,negatif,0.9857,negatif,tanpa_emoji,negatif,hitmaker
jWcuZDN59Gw,user_c328571229ec,False,1665014400,50,positif,0.9968,positif,positif,positif,hitmaker
jWcuZDN59Gw,user_ac905e109c96,True,1665014400,1,negatif,0.7243,netral,tanpa_emoji,negatif,hitmaker
jWcuZDN59Gw,user_614a5ae94c5f,False,1665014400,0,negatif,0.9961,netral,tanpa_emoji,negatif,hitmaker
jWcuZDN59Gw,user_1a26e5ebf2b8,True,1728172800,2,negatif,0.9946,netral,tanpa_emoji,negatif,hitmaker
jWcuZDN59Gw,user_bb94c22b6cb9,False,1665014400,0,netral,0.7948,netral,tanpa_emoji,netral,hitmaker
jWcuZDN59Gw,user_5e3d1c7dcff5,False,1665014400,1,negatif,0.999,netral,tanpa_emoji,negatif,hitmaker
jWcuZDN59Gw,user_8b623dc78178,False,1665014400,1,negatif,0.9888,negatif,tanpa_emoji,negatif,hitmaker
jWcuZDN59Gw,user_0f195a9ecc99,False,1665014400,0,negatif,0.9548,netral,netral,negatif,hitmaker
jWcuZDN59Gw,user_033e2936d329,True,1665014400,1,negatif,0.9924,negatif,negatif,negatif,hitmaker
jWcuZDN59Gw,user_06f031b9b4cc,True,1665014400,0,negatif,0.8947,netral,tanpa_emoji,negatif,hitmaker
jWcuZDN59Gw,user_e631d02eec99,False,1665014400,6,positif,0.5862,positif,positif,positif,hitmaker
jWcuZDN59Gw,user_93c173b98c44,False,1665014400,2,netral,0.4311,netral,netral,netral,hitmaker
jWcuZDN59Gw,user_2fbc900ed113,False,1665014400,0,netral,0.8038,netral,tanpa_emoji,netral,hitmaker
jWcuZDN59Gw,user_786766ab0ebe,False,1665014400,45,positif,0.9954,positif,tanpa_emoji,positif,hitmaker
jWcuZDN59Gw,user_d320ed594494,False,1665014400,21,negatif,0.9887,netral,positif,negatif,hitmaker
jWcuZDN59Gw,user_4b5f0c8bc3c5,False,1665014400,3,negatif,0.9734,positif,tanpa_emoji,negatif,hitmaker
jWcuZDN59Gw,user_1e9bcf2ec562,True,1665014400,1,positif,0.9958,netral,tanpa_emoji,positif,hitmaker
jWcuZDN59Gw,user_71e218bf6b34,True,1665014400,1,positif,0.7315,negatif,tanpa_emoji,positif,hitmaker
jWcuZDN59Gw,user_50062dbe24fb,True,1665014400,0,negatif,0.4297,netral,tanpa_emoji,negatif,hitmaker
jWcuZDN59Gw,user_d7c10e7ff596,False,1665014400,5,negatif,0.654,positif,positif,negatif,hitmaker
jWcuZDN59Gw,user_20a598389061,True,1665014400,1,netral,0.9333,netral,tanpa_emoji,netral,hitmaker
jWcuZDN59Gw,user_71e218bf6b34,True,1665014400,1,netral,0.8948,netral,tanpa_emoji,netral,hitmaker
jWcuZDN59Gw,user_a9e0d0d7c106,True,1665014400,0,netral,0.9983,netral,tanpa_emoji,netral,hitmaker
jWcuZDN59Gw,user_71e218bf6b34,True,1665014400,0,netral,0.9928,netral,tanpa_emoji,netral,hitmaker
jWcuZDN59Gw,user_6ed0fc2fcfbb,False,1665014400,1,negatif,0.9838,negatif,negatif,negatif,hitmaker
jWcuZDN59Gw,user_ceede2ecd216,False,1665014400,3,negatif,0.8353,negatif,tanpa_emoji,negatif,hitmaker
jWcuZDN59Gw,user_e7584eeb7aa5,True,1665014400,1,negatif,0.6107,netral,tanpa_emoji,negatif,hitmaker
jWcuZDN59Gw,user_7313cfdb6798,True,1665014400,0,netral,0.7542,netral,tanpa_emoji,netral,hitmaker
jWcuZDN59Gw,user_7313cfdb6798,True,1665014400,0,negatif,0.9489,netral,tanpa_emoji,negatif,hitmaker
jWcuZDN59Gw,user_ad6cf97b6ce5,True,1665014400,0,negatif,0.9817,netral,tanpa_emoji,negatif,hitmaker
jWcuZDN59Gw,user_de902958fd97,False,1665014400,1,positif,0.9966,positif,tanpa_emoji,positif,hitmaker
jWcuZDN59Gw,user_2739fe77006c,False,1665014400,2,positif,0.9946,positif,tanpa_emoji,positif,hitmaker
jWcuZDN59Gw,user_ad1e36e4a30a,True,1665014400,3,positif,0.7768,negatif,tanpa_emoji,positif,hitmaker
jWcuZDN59Gw,user_f23ba72340a7,False,1665014400,3,negatif,0.7277,negatif,tanpa_emoji,negatif,hitmaker
jWcuZDN59Gw,user_71e218bf6b34,True,1665014400,0,negatif,0.989,netral,tanpa_emoji,negatif,hitmaker
jWcuZDN59Gw,user_441b4a7d20bd,True,1665014400,0,negatif,0.9154,netral,tanpa_emoji,negatif,hitmaker
jWcuZDN59Gw,user_71e218bf6b34,True,1665014400,0,netral,0.9766,netral,tanpa_emoji,netral,hitmaker
jWcuZDN59Gw,user_e4d28c12893b,False,1665014400,1,negatif,0.9112,netral,tanpa_emoji,negatif,hitmaker
jWcuZDN59Gw,user_e296822bbe9c,False,1665014400,1,negatif,0.5137,netral,tanpa_emoji,negatif,hitmaker
jWcuZDN59Gw,user_643482cbdbe9,False,1665014400,1,negatif,0.9989,negatif,negatif,negatif,hitmaker
jWcuZDN59Gw,user_f3b203313ec7,False,1665014400,2,negatif,0.9892,netral,tanpa_emoji,negatif,hitmaker
jWcuZDN59Gw,user_e296822bbe9c,False,1665014400,2,netral,0.7545,netral,tanpa_emoji,netral,hitmaker
jWcuZDN59Gw,user_f2f4bb714aa2,False,1665014400,1,negatif,0.9969,netral,netral,negatif,hitmaker
jWcuZDN59Gw,user_b9a0ad279ec1,False,1665014400,3,netral,0.8336,netral,tanpa_emoji,netral,hitmaker
jWcuZDN59Gw,user_db670d764b96,False,1665014400,4,positif,0.9081,netral,tanpa_emoji,positif,hitmaker
jWcuZDN59Gw,user_293ac970dd03,False,1665014400,11,positif,0.9942,positif,positif,positif,hitmaker
jWcuZDN59Gw,user_198c5e57ae22,False,1665014400,2,positif,0.7159,positif,netral,positif,hitmaker
jWcuZDN59Gw,user_cac61615dd3c,False,1665014400,1,positif,0.994,positif,tanpa_emoji,positif,hitmaker
jWcuZDN59Gw,user_d997c951b62d,False,1665014400,3,negatif,0.9956,negatif,netral,negatif,hitmaker
jWcuZDN59Gw,user_45e5a943072a,False,1665014400,2,negatif,0.94,netral,tanpa_emoji,negatif,hitmaker
jWcuZDN59Gw,user_9f0e4531e726,True,1665014400,3,positif,0.89,positif,tanpa_emoji,positif,hitmaker
jWcuZDN59Gw,user_45e5a943072a,True,1665014400,0,negatif,0.5802,netral,tanpa_emoji,negatif,hitmaker
jWcuZDN59Gw,user_eb46d987930e,True,1665014400,0,positif,0.5558,netral,tanpa_emoji,positif,hitmaker
jWcuZDN59Gw,user_1509d0c5d472,False,1665014400,2,positif,0.9922,positif,tanpa_emoji,positif,hitmaker
jWcuZDN59Gw,user_b283ec92b193,False,1665014400,1,negatif,0.5467,netral,tanpa_emoji,negatif,hitmaker
jWcuZDN59Gw,user_b32a10fe6d99,False,1665014400,8,positif,0.97,positif,positif,positif,hitmaker
jWcuZDN59Gw,user_5d0d88c50c04,False,1665014400,5,netral,0.9766,netral,tanpa_emoji,netral,hitmaker
jWcuZDN59Gw,user_78400e64d4d6,True,1665014400,1,positif,0.9975,positif,tanpa_emoji,positif,hitmaker
jWcuZDN59Gw,user_646654ef8f9c,False,1665014400,3,negatif,0.9292,netral,tanpa_emoji,negatif,hitmaker
jWcuZDN59Gw,user_643482cbdbe9,False,1665014400,16,positif,0.5655,positif,tanpa_emoji,positif,hitmaker
jWcuZDN59Gw,user_aea0bec60a6d,False,1665014400,15,positif,0.7599,netral,tanpa_emoji,positif,hitmaker
jWcuZDN59Gw,user_643482cbdbe9,True,1665014400,0,negatif,0.5716,netral,tanpa_emoji,negatif,hitmaker
jWcuZDN59Gw,user_d53e5537cdd5,True,1665014400,0,positif,0.8164,netral,tanpa_emoji,positif,hitmaker
jWcuZDN59Gw,user_0e6a510eabb6,False,1665014400,9,negatif,0.9823,netral,tanpa_emoji,negatif,hitmaker
jWcuZDN59Gw,user_8be7d3659de3,True,1665014400,0,negatif,0.946,netral,tanpa_emoji,negatif,hitmaker
jWcuZDN59Gw,user_8b77af78ecc7,True,1665014400,0,negatif,0.9882,netral,tanpa_emoji,negatif,hitmaker
jWcuZDN59Gw,user_de22df1e4a6f,True,1665014400,0,negatif,0.9792,netral,tanpa_emoji,negatif,hitmaker
jWcuZDN59Gw,user_4bcc6d1fe04b,False,1665014400,1,negatif,0.9548,netral,tanpa_emoji,negatif,hitmaker
jWcuZDN59Gw,user_ad4ced652207,False,1665014400,2,negatif,0.9865,positif,tanpa_emoji,negatif,hitmaker
jWcuZDN59Gw,user_b4f715bda9c7,False,1665014400,3,negatif,0.8916,netral,tanpa_emoji,negatif,hitmaker
jWcuZDN59Gw,user_6b3de23d42ad,False,1665014400,3,negatif,0.4676,positif,tanpa_emoji,negatif,hitmaker
jWcuZDN59Gw,user_6a3f100d346e,True,1665014400,2,netral,0.9897,netral,tanpa_emoji,netral,hitmaker
jWcuZDN59Gw,user_06f031b9b4cc,True,1665014400,1,negatif,0.9492,netral,tanpa_emoji,negatif,hitmaker
jWcuZDN59Gw,user_7313cfdb6798,True,1665014400,1,negatif,0.8107,netral,tanpa_emoji,negatif,hitmaker
jWcuZDN59Gw,user_f5af7ca99eba,True,1665014400,0,negatif,0.653,netral,tanpa_emoji,negatif,hitmaker
jWcuZDN59Gw,user_7313cfdb6798,True,1665014400,0,netral,0.6061,netral,tanpa_emoji,netral,hitmaker
jWcuZDN59Gw,user_f5af7ca99eba,True,1665014400,0,negatif,0.7134,netral,tanpa_emoji,negatif,hitmaker
jWcuZDN59Gw,user_7313cfdb6798,True,1665014400,0,netral,0.7811,netral,tanpa_emoji,netral,hitmaker
jWcuZDN59Gw,user_6b3de23d42ad,True,1665014400,0,negatif,0.8187,netral,tanpa_emoji,negatif,hitmaker
jWcuZDN59Gw,user_7313cfdb6798,True,1665014400,0,negatif,0.9935,netral,tanpa_emoji,negatif,hitmaker
jWcuZDN59Gw,user_6b3de23d42ad,True,1665014400,0,netral,0.8658,netral,tanpa_emoji,netral,hitmaker
jWcuZDN59Gw,user_7313cfdb6798,True,1665014400,0,negatif,0.9973,netral,netral,negatif,hitmaker
jWcuZDN59Gw,user_4e80fc7c1507,True,1665014400,0,netral,0.9081,netral,tanpa_emoji,netral,hitmaker
jWcuZDN59Gw,user_50062dbe24fb,True,1665014400,0,negatif,0.9011,netral,tanpa_emoji,negatif,hitmaker
jWcuZDN59Gw,user_4e80fc7c1507,True,1665014400,0,netral,0.983,netral,tanpa_emoji,netral,hitmaker
jWcuZDN59Gw,user_8bb23fa9081c,False,1665014400,20,negatif,0.9036,netral,netral,negatif,hitmaker
jWcuZDN59Gw,user_1022635b8c74,True,1665014400,1,negatif,0.8913,netral,netral,negatif,hitmaker
jWcuZDN59Gw,user_8bb23fa9081c,True,1665014400,1,netral,0.6093,netral,netral,netral,hitmaker
jWcuZDN59Gw,user_2f2266dc57a7,True,1665014400,1,netral,0.6581,netral,tanpa_emoji,netral,hitmaker
jWcuZDN59Gw,user_1e920a93637c,False,1665014400,25,negatif,0.5251,positif,netral,negatif,hitmaker
jWcuZDN59Gw,user_eb46d987930e,False,1665014400,1,netral,0.8801,netral,tanpa_emoji,netral,hitmaker
jWcuZDN59Gw,user_fb7e29df88f0,False,1665014400,1,negatif,0.6638,netral,tanpa_emoji,negatif,hitmaker
jWcuZDN59Gw,user_255041237dd1,False,1665014400,68,positif,0.9854,positif,tanpa_emoji,positif,hitmaker
jWcuZDN59Gw,user_60160c671cac,True,1665014400,1,netral,0.8239,netral,tanpa_emoji,netral,hitmaker
jWcuZDN59Gw,user_255041237dd1,True,1665014400,0,netral,0.9754,netral,tanpa_emoji,netral,hitmaker
jWcuZDN59Gw,user_e88dd50537db,True,1665014400,0,negatif,0.7861,netral,tanpa_emoji,negatif,hitmaker
jWcuZDN59Gw,user_c8842386972d,False,1665014400,5,positif,0.9849,positif,positif,positif,hitmaker
jWcuZDN59Gw,user_fb7e29df88f0,True,1665014400,3,positif,0.9855,negatif,tanpa_emoji,positif,hitmaker
l3RiBklg6ss,user_668be26d70c4,False,1790640000,0,positif,0.9794,netral,netral,netral,hitmaker
l3RiBklg6ss,user_f7add872d2ab,False,1790294400,0,negatif,0.9939,positif,positif,negatif,hitmaker
l3RiBklg6ss,user_cd5a24b86859,True,1791219600,0,negatif,0.9994,positif,tanpa_emoji,negatif,hitmaker
l3RiBklg6ss,user_5729f16311a4,False,1790035200,1,positif,0.6209,netral,tanpa_emoji,positif,hitmaker
l3RiBklg6ss,user_47fad5b8f4d4,False,1790035200,1,netral,0.7606,netral,tanpa_emoji,netral,hitmaker
l3RiBklg6ss,user_a164ae59641c,False,1788652800,2,positif,0.8719,positif,positif,positif,hitmaker
l3RiBklg6ss,user_0ea7d1ce826e,False,1788652800,2,negatif,0.5703,positif,positif,positif,hitmaker
l3RiBklg6ss,user_c8ab5892566c,False,1788652800,1,negatif,0.9979,positif,netral,negatif,hitmaker
l3RiBklg6ss,user_004c0a80dac4,False,1788652800,0,negatif,0.9989,positif,tanpa_emoji,negatif,hitmaker
l3RiBklg6ss,user_f7add872d2ab,True,1790294400,0,negatif,0.9982,netral,tanpa_emoji,negatif,hitmaker
l3RiBklg6ss,user_449b5c9ca0b5,False,1788652800,1,negatif,0.9884,netral,netral,netral,hitmaker
l3RiBklg6ss,user_cb20c9b888b9,False,1785974400,1,negatif,0.8349,netral,tanpa_emoji,negatif,hitmaker
l3RiBklg6ss,user_457a4c9289ea,False,1785974400,1,negatif,0.9833,positif,netral,negatif,hitmaker
l3RiBklg6ss,user_3774b28579f1,False,1785974400,1,negatif,0.844,positif,positif,negatif,hitmaker
l3RiBklg6ss,user_16ec9017e252,False,1785974400,0,negatif,0.4898,netral,netral,negatif,hitmaker
l3RiBklg6ss,user_6d0699ff6fbc,False,1785974400,1,negatif,0.8576,netral,tanpa_emoji,negatif,hitmaker
l3RiBklg6ss,user_39f3b9dda301,False,1785974400,0,negatif,0.9975,negatif,tanpa_emoji,negatif,hitmaker
l3RiBklg6ss,user_76f9bbeefd8b,False,1783296000,2,netral,0.9904,netral,tanpa_emoji,netral,hitmaker
l3RiBklg6ss,user_c085f1aca21a,True,1785974400,1,negatif,0.9706,positif,tanpa_emoji,negatif,hitmaker
l3RiBklg6ss,user_76f9bbeefd8b,False,1783296000,1,positif,0.892,positif,positif,positif,hitmaker
l3RiBklg6ss,user_ec7b945265cf,True,1788652800,0,negatif,0.9247,netral,tanpa_emoji,negatif,hitmaker
l3RiBklg6ss,user_76f9bbeefd8b,False,1783296000,0,netral,0.4134,negatif,negatif,negatif,hitmaker
l3RiBklg6ss,user_b23d3b9cf734,False,1783296000,2,netral,0.9701,netral,tanpa_emoji,netral,hitmaker
l3RiBklg6ss,user_39f3b9dda301,True,1785974400,1,netral,0.4158,netral,tanpa_emoji,netral,hitmaker
l3RiBklg6ss,user_b23d3b9cf734,True,1785974400,0,netral,0.8892,netral,tanpa_emoji,netral,hitmaker
l3RiBklg6ss,user_db9b8ab171cf,True,1783296000,0,netral,0.9571,netral,tanpa_emoji,netral,hitmaker
l3RiBklg6ss,user_b23d3b9cf734,True,1783296000,0,netral,0.9758,netral,tanpa_emoji,netral,hitmaker
l3RiBklg6ss,user_1ad8150eea0a,False,1783296000,2,netral,0.5242,positif,positif,positif,hitmaker
l3RiBklg6ss,user_8e37d7671be3,False,1783296000,1,negatif,0.9886,netral,tanpa_emoji,negatif,hitmaker
l3RiBklg6ss,user_6df2e51c6f9c,False,1783296000,2,negatif,0.8092,netral,tanpa_emoji,negatif,hitmaker
l3RiBklg6ss,user_4a4553706ecf,False,1783296000,1,netral,0.6692,netral,tanpa_emoji,netral,hitmaker
l3RiBklg6ss,user_ba97e3abd471,False,1783296000,1,netral,0.7589,netral,tanpa_emoji,netral,hitmaker
l3RiBklg6ss,user_b0edb8d81143,False,1783296000,2,negatif,0.9993,negatif,tanpa_emoji,negatif,hitmaker
l3RiBklg6ss,user_b0edb8d81143,False,1783296000,3,netral,0.9672,netral,tanpa_emoji,netral,hitmaker
l3RiBklg6ss,user_5f41b5696c98,False,1780704000,2,negatif,0.9086,netral,netral,netral,hitmaker
l3RiBklg6ss,user_f1aaed0e24ce,False,1780704000,2,negatif,0.9951,netral,netral,negatif,hitmaker
l3RiBklg6ss,user_d009544964cc,False,1780704000,0,negatif,0.4856,netral,tanpa_emoji,negatif,hitmaker
l3RiBklg6ss,user_4dd516e91d06,False,1780704000,1,positif,0.9749,negatif,negatif,positif,hitmaker
l3RiBklg6ss,user_e118cf94e325,False,1780704000,0,negatif,0.8196,netral,netral,negatif,hitmaker
l3RiBklg6ss,user_cc88adb77901,False,1780704000,0,negatif,0.7134,netral,tanpa_emoji,negatif,hitmaker
l3RiBklg6ss,user_b055e53bc456,False,1780704000,1,positif,0.7489,netral,tanpa_emoji,positif,hitmaker
l3RiBklg6ss,user_eace761ab953,True,1780704000,1,netral,0.9242,netral,tanpa_emoji,netral,hitmaker
l3RiBklg6ss,user_e118cf94e325,False,1780704000,0,negatif,0.6743,netral,netral,negatif,hitmaker
l3RiBklg6ss,user_32528d702ff4,False,1780704000,0,netral,0.8816,positif,positif,netral,hitmaker
l3RiBklg6ss,user_e90b25004823,False,1778025600,0,negatif,0.7092,netral,tanpa_emoji,negatif,hitmaker
l3RiBklg6ss,user_0a4907de0dbc,False,1778025600,0,negatif,0.9606,netral,netral,netral,hitmaker
l3RiBklg6ss,user_729ab1340abf,False,1778025600,1,negatif,0.9868,netral,netral,netral,hitmaker
l3RiBklg6ss,user_bb528bd96cf8,False,1778025600,0,netral,0.6107,netral,tanpa_emoji,netral,hitmaker
l3RiBklg6ss,user_78eb2f00ea49,False,1775433600,1,positif,0.5075,negatif,netral,positif,hitmaker
l3RiBklg6ss,user_5f41b5696c98,True,1780704000,0,positif,0.5236,netral,netral,netral,hitmaker
l3RiBklg6ss,user_5f41b5696c98,True,1780704000,0,negatif,0.8959,netral,netral,netral,hitmaker
l3RiBklg6ss,user_5f41b5696c98,True,1780704000,0,netral,0.9123,netral,tanpa_emoji,netral,hitmaker
l3RiBklg6ss,user_834615e336ce,False,1775433600,0,negatif,0.9314,netral,tanpa_emoji,negatif,hitmaker
l3RiBklg6ss,user_b055e53bc456,True,1780704000,0,negatif,0.8135,netral,tanpa_emoji,negatif,hitmaker
l3RiBklg6ss,user_74c1c9a53327,False,1775433600,0,positif,0.6805,netral,tanpa_emoji,positif,hitmaker
l3RiBklg6ss,user_a451c44b3197,True,1780704000,0,negatif,0.9976,negatif,tanpa_emoji,negatif,hitmaker
l3RiBklg6ss,user_b24497663816,False,1775433600,1,negatif,0.9934,netral,tanpa_emoji,negatif,hitmaker
l3RiBklg6ss,user_a90e0e1ba5e9,True,1775433600,0,negatif,0.7045,netral,netral,negatif,hitmaker
l3RiBklg6ss,user_c32ba585dc85,False,1775433600,1,netral,0.9203,netral,tanpa_emoji,netral,hitmaker
l3RiBklg6ss,user_c32ba585dc85,False,1775433600,2,netral,0.5361,netral,tanpa_emoji,netral,hitmaker
l3RiBklg6ss,user_757e211cafe7,False,1775433600,1,negatif,0.9347,positif,tanpa_emoji,negatif,hitmaker
l3RiBklg6ss,user_757e211cafe7,False,1775433600,1,positif,0.8482,netral,netral,positif,hitmaker
l3RiBklg6ss,user_40b4cffaa6fe,True,1775433600,0,netral,0.9453,netral,tanpa_emoji,netral,hitmaker
l3RiBklg6ss,user_fe5becbb7a87,False,1772755200,2,negatif,0.9954,netral,netral,negatif,hitmaker
l3RiBklg6ss,user_06972debf83a,False,1772755200,1,negatif,0.9875,netral,netral,netral,hitmaker
l3RiBklg6ss,user_06972debf83a,True,1772755200,0,negatif,0.9925,positif,positif,positif,hitmaker
l3RiBklg6ss,user_1ca24964ca5e,False,1770336000,1,negatif,0.985,netral,netral,negatif,hitmaker
l3RiBklg6ss,user_2a84c630e78a,False,1770336000,0,negatif,0.9957,positif,netral,negatif,hitmaker
l3RiBklg6ss,user_43942ca49c7e,False,1767657600,2,positif,0.83,negatif,tanpa_emoji,positif,hitmaker
l3RiBklg6ss,user_3927e38e7298,False,1767657600,3,negatif,0.6605,negatif,tanpa_emoji,negatif,hitmaker
l3RiBklg6ss,user_09a08e01c30e,False,1764979200,3,netral,0.8461,positif,positif,netral,hitmaker
l3RiBklg6ss,user_dc480ce80e93,False,1762387200,3,netral,0.7647,netral,tanpa_emoji,netral,hitmaker
l3RiBklg6ss,user_9e0aaacb3ac8,False,1759708800,1,positif,0.6716,netral,tanpa_emoji,positif,hitmaker
l3RiBklg6ss,user_72d3e1de79bb,False,1759708800,1,positif,0.4469,netral,tanpa_emoji,positif,hitmaker
l3RiBklg6ss,user_3927e38e7298,True,1767657600,0,positif,0.9745,netral,tanpa_emoji,positif,hitmaker
l3RiBklg6ss,user_22e2936f710e,False,1759708800,2,negatif,0.982,positif,tanpa_emoji,negatif,hitmaker
l3RiBklg6ss,user_8e4354740ec5,False,1759708800,0,positif,0.6716,netral,tanpa_emoji,positif,hitmaker
l3RiBklg6ss,user_8e4354740ec5,False,1759708800,0,positif,0.6716,netral,tanpa_emoji,positif,hitmaker
l3RiBklg6ss,user_ae12793de948,False,1759708800,0,positif,0.9497,positif,positif,positif,hitmaker
l3RiBklg6ss,user_ae12793de948,False,1759708800,1,netral,0.972,netral,tanpa_emoji,netral,hitmaker
l3RiBklg6ss,user_4a31140d11a7,False,1759708800,1,negatif,0.8043,netral,netral,negatif,hitmaker
l3RiBklg6ss,user_4a31140d11a7,False,1759708800,1,negatif,0.8043,netral,netral,negatif,hitmaker
l3RiBklg6ss,user_4a31140d11a7,False,1759708800,1,negatif,0.9917,negatif,negatif,negatif,hitmaker
l3RiBklg6ss,user_4a31140d11a7,False,1759708800,0,negatif,0.6724,netral,tanpa_emoji,negatif,hitmaker
l3RiBklg6ss,user_41d73077f86e,False,1759708800,0,negatif,0.569,netral,tanpa_emoji,negatif,hitmaker
l3RiBklg6ss,user_47e56b67662c,False,1759708800,3,netral,0.7572,netral,tanpa_emoji,netral,hitmaker
l3RiBklg6ss,user_0d065c7368db,False,1759708800,1,negatif,0.7781,netral,tanpa_emoji,negatif,hitmaker
l3RiBklg6ss,user_80b7a0e9c688,True,1759708800,0,negatif,0.9715,netral,netral,negatif,hitmaker
l3RiBklg6ss,user_38b8addb90b4,False,1759708800,1,negatif,0.9966,negatif,netral,negatif,hitmaker
l3RiBklg6ss,user_425521b6ddbe,False,1759708800,0,negatif,0.9954,negatif,tanpa_emoji,negatif,hitmaker
l3RiBklg6ss,user_fa33166ba381,False,1759708800,0,positif,0.9748,positif,netral,positif,hitmaker
l3RiBklg6ss,user_d81b39ecf2e2,False,1759708800,0,negatif,0.9957,negatif,tanpa_emoji,negatif,hitmaker
l3RiBklg6ss,user_897eef8d11f0,False,1759708800,1,netral,0.7575,netral,tanpa_emoji,netral,hitmaker
l3RiBklg6ss,user_20a824d6d1b9,False,1759708800,2,negatif,0.9049,netral,tanpa_emoji,negatif,hitmaker
l3RiBklg6ss,user_35d987975a61,False,1759708800,1,negatif,0.9908,positif,positif,negatif,hitmaker
l3RiBklg6ss,user_2889a6c6c341,False,1759708800,0,positif,0.8775,positif,tanpa_emoji,positif,hitmaker
l3RiBklg6ss,user_abcee81ce7ea,True,1759708800,1,negatif,0.9977,netral,netral,negatif,hitmaker
l3RiBklg6ss,user_e06bf01fbce7,True,1759708800,0,negatif,0.9898,netral,netral,negatif,hitmaker
l3RiBklg6ss,user_91d7eb133747,False,1759708800,1,negatif,0.9934,negatif,netral,negatif,hitmaker
l3RiBklg6ss,user_e15afb13e7a1,False,1759708800,0,negatif,0.4044,netral,tanpa_emoji,negatif,hitmaker
l3RiBklg6ss,user_1f64acfb086d,False,1759708800,0,negatif,0.6877,netral,tanpa_emoji,negatif,hitmaker
l3RiBklg6ss,user_8cc1596edcaf,False,1759708800,0,netral,0.8352,netral,tanpa_emoji,netral,hitmaker
l3RiBklg6ss,user_61d5088ce7c4,False,1759708800,0,negatif,0.9915,netral,tanpa_emoji,negatif,hitmaker
l3RiBklg6ss,user_4902e19f232d,False,1759708800,2,netral,0.8949,positif,positif,netral,hitmaker
l3RiBklg6ss,user_61d5088ce7c4,True,1759708800,0,negatif,0.9959,netral,tanpa_emoji,negatif,hitmaker
l3RiBklg6ss,user_97f7b9215780,False,1759708800,4,positif,0.5366,positif,positif,positif,hitmaker
l3RiBklg6ss,user_e3dfe7626b3c,False,1759708800,1,netral,0.9384,netral,tanpa_emoji,netral,hitmaker
l3RiBklg6ss,user_e3dfe7626b3c,False,1759708800,1,positif,0.9436,positif,positif,positif,hitmaker
l3RiBklg6ss,user_e22e5f6943f1,False,1759708800,1,netral,0.6691,netral,tanpa_emoji,netral,hitmaker
l3RiBklg6ss,user_7d99f202e4eb,False,1759708800,4,negatif,0.7174,netral,tanpa_emoji,negatif,hitmaker
l3RiBklg6ss,user_838c3bc738d7,True,1759708800,1,netral,0.7929,netral,tanpa_emoji,netral,hitmaker
l3RiBklg6ss,user_13d70e4fb871,False,1759708800,2,negatif,0.7886,positif,tanpa_emoji,negatif,hitmaker
l3RiBklg6ss,user_2f17884ccd2d,False,1759708800,2,netral,0.8876,netral,tanpa_emoji,netral,hitmaker
l3RiBklg6ss,user_68057d0b050c,False,1759708800,2,netral,0.572,positif,positif,positif,hitmaker
l3RiBklg6ss,user_0294a1f31122,True,1759708800,0,negatif,0.9479,netral,netral,negatif,hitmaker
l3RiBklg6ss,user_6e22901d1e6f,False,1759708800,0,negatif,0.7588,netral,tanpa_emoji,negatif,hitmaker
l3RiBklg6ss,user_572c6d6519e8,False,1759708800,0,negatif,0.982,netral,netral,negatif,hitmaker
l3RiBklg6ss,user_b92d8f929320,False,1759708800,1,negatif,0.9991,negatif,tanpa_emoji,negatif,hitmaker
l3RiBklg6ss,user_70cab8ffcb44,False,1759708800,0,negatif,0.5205,netral,tanpa_emoji,negatif,hitmaker
l3RiBklg6ss,user_5b8cd6c954df,False,1759708800,1,negatif,0.9651,netral,netral,negatif,hitmaker
l3RiBklg6ss,user_0294a1f31122,True,1759708800,1,negatif,0.9208,netral,netral,negatif,hitmaker
l3RiBklg6ss,user_13d70e4fb871,True,1759708800,1,negatif,0.9954,positif,tanpa_emoji,negatif,hitmaker
l3RiBklg6ss,user_0294a1f31122,True,1759708800,0,netral,0.5325,netral,tanpa_emoji,netral,hitmaker
l3RiBklg6ss,user_765e6fde3e16,True,1759708800,0,negatif,0.9975,negatif,netral,negatif,hitmaker
l3RiBklg6ss,user_055baa63c3bd,True,1759708800,0,negatif,0.9844,netral,tanpa_emoji,negatif,hitmaker
l3RiBklg6ss,user_644e6cf7227a,False,1759708800,2,negatif,0.955,netral,tanpa_emoji,negatif,hitmaker
l3RiBklg6ss,user_0294a1f31122,True,1759708800,0,negatif,0.9962,netral,netral,negatif,hitmaker
l3RiBklg6ss,user_767b0ba4cc64,False,1759708800,1,negatif,0.9463,netral,tanpa_emoji,negatif,hitmaker
l3RiBklg6ss,user_4629fbb94ce2,False,1759708800,0,netral,0.8755,netral,tanpa_emoji,netral,hitmaker
l3RiBklg6ss,user_ec199268542f,False,1759708800,0,negatif,0.9967,netral,tanpa_emoji,negatif,hitmaker
l3RiBklg6ss,user_0c6c5bb9c8dd,True,1759708800,0,negatif,0.896,negatif,tanpa_emoji,negatif,hitmaker
l3RiBklg6ss,user_3d69266fcffc,True,1759708800,0,negatif,0.9208,netral,tanpa_emoji,negatif,hitmaker
l3RiBklg6ss,user_5a4e2a9339a4,False,1759708800,0,netral,0.624,netral,tanpa_emoji,netral,hitmaker
l3RiBklg6ss,user_12e58c3c0541,True,1759708800,0,negatif,0.7311,netral,tanpa_emoji,negatif,hitmaker
l3RiBklg6ss,user_2a624705cf01,False,1759708800,0,negatif,0.5139,netral,netral,negatif,hitmaker
l3RiBklg6ss,user_23951a1ea6a2,False,1759708800,2,negatif,0.8249,netral,tanpa_emoji,negatif,hitmaker
l3RiBklg6ss,user_6c8ac62a01e8,False,1728172800,0,negatif,0.9962,netral,tanpa_emoji,negatif,hitmaker
l3RiBklg6ss,user_abca244b487b,False,1728172800,0,negatif,0.9675,netral,tanpa_emoji,negatif,hitmaker
l3RiBklg6ss,user_2cad447d5ab9,False,1728172800,1,negatif,0.8623,netral,tanpa_emoji,negatif,hitmaker
l3RiBklg6ss,user_6573b82137d1,False,1728172800,1,positif,0.543,positif,positif,positif,hitmaker
l3RiBklg6ss,user_327be18449fb,False,1728172800,0,negatif,0.7395,netral,tanpa_emoji,negatif,hitmaker
l3RiBklg6ss,user_a035f9b36a27,False,1728172800,1,positif,0.9736,positif,tanpa_emoji,positif,hitmaker
l3RiBklg6ss,user_ff2dd0c4e2af,True,1728172800,1,negatif,0.8421,netral,tanpa_emoji,negatif,hitmaker
l3RiBklg6ss,user_2baf98cd4011,False,1728172800,1,positif,0.9906,positif,positif,positif,hitmaker
l3RiBklg6ss,user_ff2dd0c4e2af,True,1728172800,1,negatif,0.9922,netral,tanpa_emoji,negatif,hitmaker
l3RiBklg6ss,user_2f17884ccd2d,False,1728172800,3,positif,0.9836,positif,tanpa_emoji,positif,hitmaker
l3RiBklg6ss,user_9adf27f622c6,False,1728172800,0,positif,0.9877,netral,tanpa_emoji,positif,hitmaker
l3RiBklg6ss,user_211fac0ff255,False,1728172800,2,negatif,0.9959,netral,tanpa_emoji,negatif,hitmaker
l3RiBklg6ss,user_c066594f84de,False,1728172800,0,negatif,0.8539,netral,netral,netral,hitmaker
l3RiBklg6ss,user_f345b4026c36,False,1728172800,6,negatif,0.7488,netral,tanpa_emoji,negatif,hitmaker
l3RiBklg6ss,user_77c4e57e4488,True,1728172800,0,negatif,0.6758,netral,tanpa_emoji,negatif,hitmaker
l3RiBklg6ss,user_f345b4026c36,False,1728172800,7,negatif,0.6094,netral,tanpa_emoji,negatif,hitmaker
l3RiBklg6ss,user_6ab6bd7ed9e3,True,1759708800,0,negatif,0.9563,netral,netral,negatif,hitmaker
l3RiBklg6ss,user_6ab6bd7ed9e3,True,1759708800,0,negatif,0.9563,netral,netral,negatif,hitmaker
l3RiBklg6ss,user_8e15b34234c2,False,1728172800,0,negatif,0.9907,negatif,tanpa_emoji,negatif,hitmaker
l3RiBklg6ss,user_d9736c6343a7,False,1728172800,1,netral,0.6547,netral,tanpa_emoji,netral,hitmaker
l3RiBklg6ss,user_77d74c76db33,False,1728172800,0,netral,0.9386,netral,tanpa_emoji,netral,hitmaker
l3RiBklg6ss,user_b001dd543246,False,1728172800,0,negatif,0.9923,netral,tanpa_emoji,negatif,hitmaker
l3RiBklg6ss,user_b001dd543246,False,1728172800,0,negatif,0.9973,positif,tanpa_emoji,negatif,hitmaker
l3RiBklg6ss,user_b001dd543246,False,1728172800,1,negatif,0.9749,netral,netral,negatif,hitmaker
l3RiBklg6ss,user_e41d930ab0ee,False,1728172800,1,positif,0.8892,positif,tanpa_emoji,positif,hitmaker
l3RiBklg6ss,user_b71b42da81e1,True,1728172800,0,netral,0.975,netral,tanpa_emoji,netral,hitmaker
l3RiBklg6ss,user_8d374df0aacc,False,1728172800,0,positif,0.541,positif,tanpa_emoji,positif,hitmaker
l3RiBklg6ss,user_536c798f98b0,False,1728172800,0,negatif,0.8484,netral,netral,netral,hitmaker
l3RiBklg6ss,user_00cfbf07cf5a,True,1728172800,0,positif,0.952,netral,tanpa_emoji,positif,hitmaker
l3RiBklg6ss,user_00cfbf07cf5a,True,1728172800,0,negatif,0.8409,netral,tanpa_emoji,negatif,hitmaker
l3RiBklg6ss,user_00cfbf07cf5a,True,1728172800,0,negatif,0.6667,netral,tanpa_emoji,negatif,hitmaker
l3RiBklg6ss,user_00cfbf07cf5a,True,1728172800,0,positif,0.8373,netral,tanpa_emoji,positif,hitmaker
l3RiBklg6ss,user_00cfbf07cf5a,True,1728172800,0,positif,0.6001,netral,tanpa_emoji,positif,hitmaker
l3RiBklg6ss,user_00cfbf07cf5a,True,1728172800,0,positif,0.8982,netral,tanpa_emoji,positif,hitmaker
l3RiBklg6ss,user_f09ef5c65238,False,1728172800,0,negatif,0.9884,netral,netral,negatif,hitmaker
l3RiBklg6ss,user_a9211bd3e4b8,False,1728172800,2,negatif,0.9518,netral,tanpa_emoji,negatif,hitmaker
l3RiBklg6ss,user_ae70201b6824,False,1728172800,0,netral,0.8861,netral,tanpa_emoji,netral,hitmaker
l3RiBklg6ss,user_393a7e6946fc,False,1728172800,1,negatif,0.9991,netral,tanpa_emoji,negatif,hitmaker
l3RiBklg6ss,user_60d55dd57f9d,False,1728172800,4,netral,0.7843,netral,tanpa_emoji,netral,hitmaker
l3RiBklg6ss,user_1fbf56472a6c,False,1728172800,0,negatif,0.6411,netral,tanpa_emoji,negatif,hitmaker
l3RiBklg6ss,user_516d76cc65d7,False,1728172800,0,negatif,0.9932,netral,netral,negatif,hitmaker
l3RiBklg6ss,user_5de7b390251a,False,1728172800,4,negatif,0.9984,netral,netral,negatif,hitmaker
l3RiBklg6ss,user_98e3738fba91,False,1728172800,5,positif,0.9248,netral,tanpa_emoji,positif,hitmaker
l3RiBklg6ss,user_1a26e5ebf2b8,True,1728172800,1,negatif,0.9954,netral,tanpa_emoji,negatif,hitmaker
l3RiBklg6ss,user_98e3738fba91,True,1728172800,1,negatif,0.9605,positif,tanpa_emoji,negatif,hitmaker
l3RiBklg6ss,user_95b3502bdf23,False,1728172800,1,negatif,0.994,positif,tanpa_emoji,negatif,hitmaker
l3RiBklg6ss,user_b354c88cd6c3,False,1728172800,3,negatif,0.9993,negatif,netral,negatif,hitmaker
l3RiBklg6ss,user_fe7593090523,True,1728172800,1,negatif,0.9989,negatif,tanpa_emoji,negatif,hitmaker
l3RiBklg6ss,user_1a26e5ebf2b8,True,1728172800,4,positif,0.519,positif,tanpa_emoji,positif,hitmaker
l3RiBklg6ss,user_536187c472a9,True,1728172800,0,negatif,0.9978,negatif,tanpa_emoji,negatif,hitmaker
l3RiBklg6ss,user_ea5ff349bacc,False,1728172800,0,negatif,0.9919,netral,tanpa_emoji,negatif,hitmaker
l3RiBklg6ss,user_11602ed7ab0f,False,1728172800,0,netral,0.5288,netral,tanpa_emoji,netral,hitmaker
l3RiBklg6ss,user_187168cf4543,False,1728172800,7,negatif,0.9776,positif,tanpa_emoji,negatif,hitmaker
l3RiBklg6ss,user_1a26e5ebf2b8,True,1728172800,4,negatif,0.9975,negatif,tanpa_emoji,negatif,hitmaker
l3RiBklg6ss,user_1a26e5ebf2b8,True,1728172800,2,negatif,0.9972,netral,tanpa_emoji,negatif,hitmaker
l3RiBklg6ss,user_84b99223c537,True,1728172800,1,negatif,0.8836,positif,tanpa_emoji,negatif,hitmaker
l3RiBklg6ss,user_3a44eba06868,False,1728172800,2,positif,0.9933,positif,positif,positif,hitmaker
l3RiBklg6ss,user_1a26e5ebf2b8,True,1728172800,0,positif,0.9657,positif,tanpa_emoji,positif,hitmaker
l3RiBklg6ss,user_3a44eba06868,True,1728172800,0,netral,0.7216,positif,positif,netral,hitmaker
l3RiBklg6ss,user_3f219f2db178,True,1728172800,0,negatif,0.9905,netral,tanpa_emoji,negatif,hitmaker
l3RiBklg6ss,user_3a44eba06868,True,1728172800,0,negatif,0.9545,netral,tanpa_emoji,negatif,hitmaker
l3RiBklg6ss,user_3f219f2db178,True,1728172800,0,negatif,0.6245,positif,tanpa_emoji,negatif,hitmaker
l3RiBklg6ss,user_3a44eba06868,True,1728172800,0,netral,0.8336,negatif,tanpa_emoji,netral,hitmaker
l3RiBklg6ss,user_30546478bc13,False,1728172800,0,netral,0.8047,netral,tanpa_emoji,netral,hitmaker
l3RiBklg6ss,user_dbf989934886,False,1728172800,0,positif,0.608,netral,netral,positif,hitmaker
l3RiBklg6ss,user_dbf989934886,False,1728172800,0,netral,0.48,netral,tanpa_emoji,netral,hitmaker
l3RiBklg6ss,user_f18769b75828,False,1696550400,1,negatif,0.9675,netral,netral,netral,hitmaker
l3RiBklg6ss,user_f18769b75828,False,1696550400,1,negatif,0.963,netral,netral,netral,hitmaker
l3RiBklg6ss,user_f18769b75828,False,1696550400,1,negatif,0.9651,netral,netral,netral,hitmaker
l3RiBklg6ss,user_f18769b75828,False,1696550400,1,negatif,0.7873,netral,netral,netral,hitmaker
l3RiBklg6ss,user_e1a23f3f29ee,False,1696550400,0,negatif,0.8373,netral,netral,negatif,hitmaker
l3RiBklg6ss,user_30546478bc13,False,1696550400,0,netral,0.873,netral,tanpa_emoji,netral,hitmaker
l3RiBklg6ss,user_16c0134beab9,False,1696550400,0,negatif,0.581,netral,tanpa_emoji,negatif,hitmaker
l3RiBklg6ss,user_87c129870f33,False,1696550400,0,positif,0.9679,netral,netral,positif,hitmaker
l3RiBklg6ss,user_273e01109cc5,False,1696550400,0,positif,0.5318,netral,tanpa_emoji,positif,hitmaker
l3RiBklg6ss,user_b26cdc8ab974,False,1696550400,1,negatif,0.977,netral,netral,negatif,hitmaker
l3RiBklg6ss,user_87c129870f33,True,1696550400,0,negatif,0.9776,netral,netral,negatif,hitmaker
l3RiBklg6ss,user_ad7202fb03b2,True,1728172800,0,negatif,0.9324,netral,netral,negatif,hitmaker
l3RiBklg6ss,user_6f1ac6d3fe1d,True,1728172800,0,negatif,0.962,netral,netral,negatif,hitmaker
l3RiBklg6ss,user_f0c0e3cf28a4,False,1696550400,2,positif,0.4634,netral,tanpa_emoji,positif,hitmaker
l3RiBklg6ss,user_b2308999dc99,True,1696550400,0,negatif,0.9295,netral,tanpa_emoji,negatif,hitmaker
l3RiBklg6ss,user_f18289fba81f,True,1728172800,0,negatif,0.9848,netral,tanpa_emoji,negatif,hitmaker
l3RiBklg6ss,user_f0c0e3cf28a4,True,1728172800,0,netral,0.822,netral,netral,netral,hitmaker
l3RiBklg6ss,user_f18289fba81f,True,1728172800,0,netral,0.8834,netral,tanpa_emoji,netral,hitmaker
l3RiBklg6ss,user_f0c0e3cf28a4,True,1728172800,0,netral,0.9147,netral,tanpa_emoji,netral,hitmaker
l3RiBklg6ss,user_8d01483b3c85,False,1696550400,1,positif,0.8977,positif,netral,positif,hitmaker
l3RiBklg6ss,user_e7984b203b19,False,1696550400,0,positif,0.9766,positif,positif,positif,hitmaker
l3RiBklg6ss,user_bc4ade55ad8f,False,1696550400,1,negatif,0.9879,netral,netral,netral,hitmaker
l3RiBklg6ss,user_dd5fe8c9413b,False,1696550400,1,negatif,0.7378,positif,tanpa_emoji,negatif,hitmaker
l3RiBklg6ss,user_bbc484e0ec27,True,1696550400,1,positif,0.9746,positif,tanpa_emoji,positif,hitmaker
l3RiBklg6ss,user_9313c3258109,True,1696550400,0,positif,0.9316,netral,tanpa_emoji,positif,hitmaker
l3RiBklg6ss,user_dd5fe8c9413b,True,1696550400,1,negatif,0.9963,positif,tanpa_emoji,negatif,hitmaker
l3RiBklg6ss,user_47c8208a4d19,False,1696550400,0,netral,0.3991,netral,netral,netral,hitmaker
l3RiBklg6ss,user_7783e844f4c2,False,1696550400,2,negatif,0.6729,positif,tanpa_emoji,negatif,hitmaker
l3RiBklg6ss,user_95f2b82495a8,False,1696550400,1,negatif,0.9904,positif,tanpa_emoji,negatif,hitmaker
l3RiBklg6ss,user_76710e9c36f3,False,1696550400,1,positif,0.8282,positif,positif,positif,hitmaker
l3RiBklg6ss,user_afbb46b0c634,False,1696550400,0,positif,0.5213,netral,tanpa_emoji,positif,hitmaker
l3RiBklg6ss,user_42c67c0708f7,False,1696550400,1,netral,0.7756,netral,tanpa_emoji,netral,hitmaker
l3RiBklg6ss,user_db0f162e234a,False,1696550400,1,negatif,0.9606,netral,netral,netral,hitmaker
l3RiBklg6ss,user_e471d9bb154d,False,1696550400,2,positif,0.9966,positif,positif,positif,hitmaker
l3RiBklg6ss,user_6d368d4687dd,False,1696550400,0,positif,0.9379,netral,tanpa_emoji,positif,hitmaker
l3RiBklg6ss,user_1fed3752a4bb,False,1696550400,0,netral,0.4084,positif,positif,positif,hitmaker
l3RiBklg6ss,user_1fed3752a4bb,False,1696550400,0,positif,0.9937,positif,positif,positif,hitmaker
l3RiBklg6ss,user_c32ba585dc85,False,1696550400,1,negatif,0.5695,netral,netral,negatif,hitmaker
l3RiBklg6ss,user_a1d7cef5f81f,False,1696550400,4,negatif,0.9738,negatif,tanpa_emoji,negatif,hitmaker
l3RiBklg6ss,user_2bf7fb41f702,True,1696550400,1,positif,0.4858,positif,positif,positif,hitmaker
l3RiBklg6ss,user_1fed3752a4bb,True,1696550400,0,negatif,0.9371,positif,positif,negatif,hitmaker
l3RiBklg6ss,user_82a4675552c9,False,1696550400,0,negatif,0.9457,positif,positif,negatif,hitmaker
l3RiBklg6ss,user_73e7d8597fa2,False,1696550400,1,negatif,0.7655,netral,netral,negatif,hitmaker
l3RiBklg6ss,user_09260caf8f14,True,1696550400,0,positif,0.4454,netral,tanpa_emoji,positif,hitmaker
l3RiBklg6ss,user_d70d5e7eb824,False,1696550400,1,negatif,0.9853,netral,tanpa_emoji,negatif,hitmaker
l3RiBklg6ss,user_1fed3752a4bb,False,1696550400,0,negatif,0.9853,positif,negatif,negatif,hitmaker
l3RiBklg6ss,user_df82e0f304a9,False,1696550400,0,negatif,0.4987,netral,tanpa_emoji,negatif,hitmaker
l3RiBklg6ss,user_94a13e36ffdc,False,1696550400,0,netral,0.945,netral,tanpa_emoji,netral,hitmaker
l3RiBklg6ss,user_e41d930ab0ee,True,1696550400,0,netral,0.9528,netral,tanpa_emoji,netral,hitmaker
l3RiBklg6ss,user_54e25e7f0f18,False,1696550400,1,negatif,0.9864,netral,tanpa_emoji,negatif,hitmaker
l3RiBklg6ss,user_a34942ac8259,True,1696550400,4,negatif,0.9764,negatif,tanpa_emoji,negatif,hitmaker
l3RiBklg6ss,user_2bc93a93fc46,True,1696550400,1,negatif,0.5399,positif,positif,positif,hitmaker
l3RiBklg6ss,user_54e25e7f0f18,True,1696550400,0,negatif,0.9775,netral,tanpa_emoji,negatif,hitmaker
l3RiBklg6ss,user_4de0c0c145d2,True,1696550400,0,negatif,0.9736,netral,tanpa_emoji,negatif,hitmaker
l3RiBklg6ss,user_2bc93a93fc46,True,1696550400,2,negatif,0.9259,negatif,positif,negatif,hitmaker
l3RiBklg6ss,user_4de0c0c145d2,True,1696550400,0,negatif,0.973,netral,tanpa_emoji,negatif,hitmaker
l3RiBklg6ss,user_4edcea32523c,False,1696550400,0,netral,0.5574,netral,tanpa_emoji,netral,hitmaker
l3RiBklg6ss,user_c83bc248c842,False,1696550400,0,negatif,0.8179,netral,tanpa_emoji,negatif,hitmaker
l3RiBklg6ss,user_07b2c3213f1b,False,1696550400,2,positif,0.9965,positif,tanpa_emoji,positif,hitmaker
l3RiBklg6ss,user_d7c7f7a24249,True,1696550400,0,positif,0.975,positif,tanpa_emoji,positif,hitmaker
l3RiBklg6ss,user_44c30e80536b,False,1696550400,5,negatif,0.9802,positif,positif,negatif,hitmaker
l3RiBklg6ss,user_b063e1aad911,True,1696550400,1,negatif,0.9748,netral,tanpa_emoji,negatif,hitmaker
l3RiBklg6ss,user_3b7ae015acf9,True,1696550400,0,negatif,0.4142,netral,tanpa_emoji,negatif,hitmaker
l3RiBklg6ss,user_2c5c774216c7,False,1696550400,2,netral,0.4714,netral,tanpa_emoji,netral,hitmaker
l3RiBklg6ss,user_981bf9601a13,False,1696550400,3,negatif,0.9972,negatif,tanpa_emoji,negatif,hitmaker
l3RiBklg6ss,user_28cc6c98d01b,True,1696550400,2,negatif,0.9364,netral,tanpa_emoji,negatif,hitmaker
l3RiBklg6ss,user_f8b33c915052,True,1696550400,0,negatif,0.6969,netral,tanpa_emoji,negatif,hitmaker
l3RiBklg6ss,user_d7c7f7a24249,True,1696550400,0,negatif,0.6109,netral,tanpa_emoji,negatif,hitmaker
l3RiBklg6ss,user_0efcc28de106,False,1696550400,1,negatif,0.7972,netral,netral,negatif,hitmaker
l3RiBklg6ss,user_93ea3cd6d664,True,1696550400,0,negatif,0.983,netral,tanpa_emoji,negatif,hitmaker
l3RiBklg6ss,user_c13984f03b67,False,1696550400,3,negatif,0.8225,netral,netral,negatif,hitmaker
l3RiBklg6ss,user_c32ba585dc85,False,1696550400,2,negatif,0.5548,netral,tanpa_emoji,negatif,hitmaker
l3RiBklg6ss,user_6c8c01c379ba,False,1696550400,2,negatif,0.963,positif,positif,negatif,hitmaker
l3RiBklg6ss,user_0f747fa0da78,False,1696550400,1,netral,0.6556,netral,netral,netral,hitmaker
l3RiBklg6ss,user_fca25cab7c02,True,1696550400,1,netral,0.413,netral,tanpa_emoji,netral,hitmaker
l3RiBklg6ss,user_106c23de84b5,False,1696550400,2,netral,0.5588,netral,tanpa_emoji,netral,hitmaker
l3RiBklg6ss,user_7313cfdb6798,True,1696550400,0,negatif,0.896,netral,tanpa_emoji,negatif,hitmaker
l3RiBklg6ss,user_619fbb216c0d,False,1696550400,4,positif,0.9864,positif,positif,positif,hitmaker
l3RiBklg6ss,user_21ac17a5e8c9,False,1696550400,2,positif,0.8582,netral,tanpa_emoji,positif,hitmaker
l3RiBklg6ss,user_882763df7a02,False,1696550400,0,negatif,0.6733,netral,tanpa_emoji,negatif,hitmaker
l3RiBklg6ss,user_47b7279e86ef,False,1696550400,0,positif,0.8644,positif,tanpa_emoji,positif,hitmaker
l3RiBklg6ss,user_6716a093b8c8,False,1696550400,0,negatif,0.8823,netral,tanpa_emoji,negatif,hitmaker
l3RiBklg6ss,user_6eadbe57e287,False,1696550400,0,negatif,0.881,netral,tanpa_emoji,negatif,hitmaker
l3RiBklg6ss,user_e682321bd9df,False,1696550400,1,netral,0.4651,netral,tanpa_emoji,netral,hitmaker
l3RiBklg6ss,user_f9b96bf71e6f,True,1696550400,0,negatif,0.6222,netral,tanpa_emoji,negatif,hitmaker
l3RiBklg6ss,user_f1728e5afac0,False,1696550400,4,negatif,0.4934,netral,tanpa_emoji,negatif,hitmaker
l3RiBklg6ss,user_d262c8a536df,False,1696550400,0,negatif,0.9915,negatif,negatif,negatif,hitmaker
l3RiBklg6ss,user_106c23de84b5,True,1696550400,2,netral,0.4324,netral,tanpa_emoji,netral,hitmaker
l3RiBklg6ss,user_f1edc1ea8f7b,False,1696550400,2,positif,0.8547,netral,netral,positif,hitmaker
l3RiBklg6ss,user_fedec4548637,False,1696550400,0,negatif,0.9968,netral,tanpa_emoji,negatif,hitmaker
l3RiBklg6ss,user_658ecdfa89f9,False,1696550400,0,netral,0.3758,netral,tanpa_emoji,netral,hitmaker
l3RiBklg6ss,user_a0f24378e9c1,False,1696550400,1,negatif,0.8986,netral,tanpa_emoji,negatif,hitmaker
l3RiBklg6ss,user_03fdf34fdecd,False,1696550400,9,negatif,0.9517,negatif,tanpa_emoji,negatif,hitmaker
l3RiBklg6ss,user_c7bb8e6d96f4,True,1696550400,0,negatif,0.9755,negatif,tanpa_emoji,negatif,hitmaker
l3RiBklg6ss,user_2ace97d3e16d,True,1696550400,0,negatif,0.95,negatif,tanpa_emoji,negatif,hitmaker
l3RiBklg6ss,user_e0b8faf1dece,False,1696550400,2,negatif,0.9917,netral,tanpa_emoji,negatif,hitmaker
l3RiBklg6ss,user_9aa9ddb1c4c5,False,1696550400,2,positif,0.9605,positif,tanpa_emoji,positif,hitmaker
l3RiBklg6ss,user_099e2af5e765,False,1696550400,3,negatif,0.9968,negatif,tanpa_emoji,negatif,hitmaker
l3RiBklg6ss,user_28cc6c98d01b,True,1696550400,1,negatif,0.9976,netral,tanpa_emoji,negatif,hitmaker
l3RiBklg6ss,user_de2f9fba7b20,True,1696550400,0,negatif,0.946,negatif,netral,negatif,hitmaker
l3RiBklg6ss,user_21ac17a5e8c9,True,1696550400,0,negatif,0.8498,netral,tanpa_emoji,negatif,hitmaker
l3RiBklg6ss,user_099e2af5e765,False,1696550400,2,negatif,0.8582,positif,tanpa_emoji,negatif,hitmaker
l3RiBklg6ss,user_6993a8b94fea,True,1696550400,1,positif,0.9458,negatif,tanpa_emoji,positif,hitmaker
l3RiBklg6ss,user_fb282bd47511,True,1696550400,1,negatif,0.9981,negatif,tanpa_emoji,negatif,hitmaker
l3RiBklg6ss,user_43c634b1650d,True,1696550400,0,negatif,0.9993,negatif,netral,negatif,hitmaker
l3RiBklg6ss,user_a867356ae7d3,True,1696550400,0,negatif,0.7072,netral,tanpa_emoji,negatif,hitmaker
l3RiBklg6ss,user_2c43a23d4784,False,1696550400,3,negatif,0.9958,negatif,tanpa_emoji,negatif,hitmaker
l3RiBklg6ss,user_0b13ecb9fce8,False,1696550400,0,netral,0.4827,netral,tanpa_emoji,netral,hitmaker
l3RiBklg6ss,user_7a2bc2880a7f,False,1696550400,1,negatif,0.955,netral,netral,negatif,hitmaker
l3RiBklg6ss,user_5f11a8aefa03,False,1696550400,3,negatif,0.9794,negatif,tanpa_emoji,negatif,hitmaker
l3RiBklg6ss,user_878ee937936c,False,1696550400,5,negatif,0.8838,netral,tanpa_emoji,negatif,hitmaker
l3RiBklg6ss,user_35b198a12c8c,False,1696550400,2,negatif,0.5605,netral,tanpa_emoji,negatif,hitmaker
l3RiBklg6ss,user_4b598b440c1e,False,1696550400,0,negatif,0.9981,netral,netral,negatif,hitmaker
l3RiBklg6ss,user_defe4f4fbacf,False,1696550400,0,positif,0.9756,positif,positif,positif,hitmaker
l3RiBklg6ss,user_c254ff2aeaf4,False,1696550400,2,negatif,0.9238,netral,tanpa_emoji,negatif,hitmaker
l3RiBklg6ss,user_c254ff2aeaf4,False,1696550400,0,netral,0.6628,netral,tanpa_emoji,netral,hitmaker
l3RiBklg6ss,user_bf9115d34ce0,False,1696550400,2,negatif,0.9789,negatif,tanpa_emoji,negatif,hitmaker
l3RiBklg6ss,user_cc411e778076,False,1696550400,1,negatif,0.9911,netral,tanpa_emoji,negatif,hitmaker
l3RiBklg6ss,user_1c2215c3303f,False,1696550400,0,netral,0.4657,netral,tanpa_emoji,netral,hitmaker
l3RiBklg6ss,user_1656a8da659c,False,1696550400,2,positif,0.9461,negatif,tanpa_emoji,positif,hitmaker
l3RiBklg6ss,user_58263dd36ca8,False,1696550400,1,negatif,0.9134,netral,tanpa_emoji,negatif,hitmaker
l3RiBklg6ss,user_4707e3d09428,False,1696550400,1,negatif,0.998,netral,tanpa_emoji,negatif,hitmaker
l3RiBklg6ss,user_fe19105ac974,False,1696550400,0,netral,0.9745,netral,tanpa_emoji,netral,hitmaker
l3RiBklg6ss,user_b055e53bc456,False,1696550400,1,netral,0.4805,netral,tanpa_emoji,netral,hitmaker
l3RiBklg6ss,user_abcd1a8fbe7f,False,1696550400,1,negatif,0.9977,negatif,tanpa_emoji,negatif,hitmaker
l3RiBklg6ss,user_deb35f2f69cd,False,1696550400,1,negatif,0.999,negatif,tanpa_emoji,negatif,hitmaker
l3RiBklg6ss,user_deb35f2f69cd,False,1696550400,0,positif,0.7211,negatif,tanpa_emoji,positif,hitmaker
l3RiBklg6ss,user_f9422f68936b,False,1696550400,9,positif,0.9517,netral,tanpa_emoji,positif,hitmaker
l3RiBklg6ss,user_d48a1240a9b0,False,1696550400,0,positif,0.5101,netral,tanpa_emoji,positif,hitmaker
l3RiBklg6ss,user_483f697f6240,False,1696550400,0,negatif,0.9599,netral,netral,netral,hitmaker
l3RiBklg6ss,user_d4872953414d,False,1696550400,3,negatif,0.9973,netral,tanpa_emoji,negatif,hitmaker
l3RiBklg6ss,user_93d71ca6e563,False,1696550400,0,negatif,0.8623,netral,tanpa_emoji,negatif,hitmaker
l3RiBklg6ss,user_09d8523e06a4,False,1696550400,5,negatif,0.9367,netral,netral,negatif,hitmaker
l3RiBklg6ss,user_9e020dd475c6,False,1696550400,4,negatif,0.8291,netral,tanpa_emoji,negatif,hitmaker
l3RiBklg6ss,user_eab8d85fbf78,False,1696550400,0,positif,0.9264,positif,positif,positif,hitmaker
l3RiBklg6ss,user_6e3fd62694c9,False,1696550400,5,netral,0.8533,positif,tanpa_emoji,netral,hitmaker
l3RiBklg6ss,user_4e7c890a3435,False,1696550400,1,netral,0.7216,netral,tanpa_emoji,netral,hitmaker
l3RiBklg6ss,user_380a7d454b19,False,1696550400,1,positif,0.6014,negatif,negatif,positif,hitmaker
l3RiBklg6ss,user_3ccf38d33a47,False,1696550400,2,netral,0.9935,netral,tanpa_emoji,netral,hitmaker
l3RiBklg6ss,user_d37fc3fd35ba,False,1696550400,1,negatif,0.9844,negatif,tanpa_emoji,negatif,hitmaker
l3RiBklg6ss,user_1acfeb3a9775,False,1696550400,0,negatif,0.8878,netral,netral,negatif,hitmaker
l3RiBklg6ss,user_58e516c06742,False,1696550400,2,negatif,0.9941,netral,tanpa_emoji,negatif,hitmaker
l3RiBklg6ss,user_1a7b33496e63,False,1696550400,6,negatif,0.9989,negatif,tanpa_emoji,negatif,hitmaker
l3RiBklg6ss,user_cc586e832830,False,1696550400,3,negatif,0.8872,negatif,netral,negatif,hitmaker
l3RiBklg6ss,user_1f80b05997c2,False,1696550400,3,negatif,0.9994,negatif,tanpa_emoji,negatif,hitmaker
l3RiBklg6ss,user_03e7aeaa6bcd,False,1696550400,5,negatif,0.8802,negatif,negatif,negatif,hitmaker
l3RiBklg6ss,user_ad28aa94cba1,False,1696550400,1,negatif,0.9682,negatif,tanpa_emoji,negatif,hitmaker
l3RiBklg6ss,user_432b57adc411,False,1696550400,1,negatif,0.8815,netral,tanpa_emoji,negatif,hitmaker
l3RiBklg6ss,user_516f38b37ba9,False,1696550400,2,negatif,0.5608,netral,netral,negatif,hitmaker
l3RiBklg6ss,user_4257f16bc743,False,1696550400,8,positif,0.7515,positif,positif,positif,hitmaker
l3RiBklg6ss,user_2c996bf2862e,False,1696550400,0,positif,0.9547,positif,tanpa_emoji,positif,hitmaker
l3RiBklg6ss,user_8f13fc421aba,False,1665014400,7,negatif,0.9983,netral,tanpa_emoji,negatif,hitmaker
l3RiBklg6ss,user_f6f49816fbdd,False,1665014400,2,negatif,0.9033,positif,netral,negatif,hitmaker
l3RiBklg6ss,user_4d76a2c90ae1,False,1665014400,1,negatif,0.8977,netral,tanpa_emoji,negatif,hitmaker
l3RiBklg6ss,user_79610c34909e,False,1665014400,0,negatif,0.5201,netral,tanpa_emoji,negatif,hitmaker
l3RiBklg6ss,user_0746c2529ac1,False,1665014400,4,negatif,0.972,netral,tanpa_emoji,negatif,hitmaker
l3RiBklg6ss,user_bd8e463c54a6,False,1665014400,1,negatif,0.6224,netral,tanpa_emoji,negatif,hitmaker
l3RiBklg6ss,user_828095ee6c01,False,1665014400,2,positif,0.9793,netral,tanpa_emoji,positif,hitmaker
l3RiBklg6ss,user_6c0d339ac8aa,False,1665014400,1,negatif,0.8186,netral,tanpa_emoji,negatif,hitmaker
l3RiBklg6ss,user_b98a0e80d76a,False,1665014400,1,negatif,0.998,netral,netral,negatif,hitmaker
l3RiBklg6ss,user_1ae27be0b2ac,False,1665014400,2,positif,0.9672,netral,tanpa_emoji,positif,hitmaker
l3RiBklg6ss,user_33add603f7b0,False,1665014400,0,negatif,0.9874,netral,tanpa_emoji,negatif,hitmaker
l3RiBklg6ss,user_e676679acac7,False,1665014400,2,negatif,0.4158,netral,tanpa_emoji,negatif,hitmaker
l3RiBklg6ss,user_60466264d25b,False,1665014400,2,negatif,0.9882,positif,tanpa_emoji,negatif,hitmaker
l3RiBklg6ss,user_8fcf7f6a2979,False,1665014400,3,negatif,0.797,netral,tanpa_emoji,negatif,hitmaker
l3RiBklg6ss,user_2372b9978084,False,1665014400,2,negatif,0.7557,netral,netral,negatif,hitmaker
l3RiBklg6ss,user_c99b38419bb8,False,1665014400,0,negatif,0.6075,netral,tanpa_emoji,negatif,hitmaker
l3RiBklg6ss,user_c7e60b298bbd,False,1665014400,0,negatif,0.9554,netral,tanpa_emoji,negatif,hitmaker
l3RiBklg6ss,user_003295146098,False,1665014400,1,negatif,0.9814,netral,netral,negatif,hitmaker
l3RiBklg6ss,user_c7db32384b22,False,1665014400,0,positif,0.8366,netral,netral,netral,hitmaker
l3RiBklg6ss,user_8a765da0782b,False,1665014400,0,negatif,0.8685,netral,tanpa_emoji,negatif,hitmaker
l3RiBklg6ss,user_9cfe161e4ea4,False,1665014400,1,negatif,0.8554,positif,tanpa_emoji,negatif,hitmaker
l3RiBklg6ss,user_01fc26f48862,False,1665014400,0,negatif,0.9914,netral,tanpa_emoji,negatif,hitmaker
l3RiBklg6ss,user_09ff0e9aa0f8,False,1665014400,4,negatif,0.9427,netral,tanpa_emoji,negatif,hitmaker
l3RiBklg6ss,user_35c5bbdba586,False,1665014400,2,positif,0.9984,positif,positif,positif,hitmaker
l3RiBklg6ss,user_0a8ed8e1e82e,False,1665014400,3,negatif,0.5007,negatif,tanpa_emoji,negatif,hitmaker
l3RiBklg6ss,user_bab024cc099e,False,1665014400,0,negatif,0.9993,netral,tanpa_emoji,negatif,hitmaker
l3RiBklg6ss,user_69e5445117f9,False,1665014400,3,negatif,0.6106,netral,tanpa_emoji,negatif,hitmaker
l3RiBklg6ss,user_181168fcee6b,False,1665014400,7,positif,0.9934,positif,tanpa_emoji,positif,hitmaker
l3RiBklg6ss,user_24a0e0a68685,False,1665014400,6,negatif,0.58,netral,netral,negatif,hitmaker
l3RiBklg6ss,user_4f8ca57a70d9,False,1665014400,5,negatif,0.8425,netral,tanpa_emoji,negatif,hitmaker
l3RiBklg6ss,user_d3569970078d,False,1665014400,1,negatif,0.8969,netral,netral,netral,hitmaker
l3RiBklg6ss,user_fa132421501e,False,1665014400,0,negatif,0.9633,netral,tanpa_emoji,negatif,hitmaker
l3RiBklg6ss,user_ca2c4748f51f,False,1665014400,5,negatif,0.9979,negatif,negatif,negatif,hitmaker
l3RiBklg6ss,user_e1333e8a65f1,False,1665014400,1,negatif,0.5272,netral,tanpa_emoji,negatif,hitmaker
l3RiBklg6ss,user_d2b350f2907a,False,1665014400,1,negatif,0.9899,netral,tanpa_emoji,negatif,hitmaker
l3RiBklg6ss,user_122fc9ab40f5,False,1665014400,1,positif,0.97,netral,tanpa_emoji,positif,hitmaker
l3RiBklg6ss,user_08434baa5ade,False,1665014400,1,negatif,0.9404,positif,positif,negatif,hitmaker
l3RiBklg6ss,user_959f5f86ba06,False,1665014400,4,negatif,0.9991,netral,tanpa_emoji,negatif,hitmaker
l3RiBklg6ss,user_bb713bccdf3e,False,1665014400,0,negatif,0.992,netral,tanpa_emoji,negatif,hitmaker
l3RiBklg6ss,user_038f6a9cb8d2,False,1665014400,3,positif,0.9969,positif,positif,positif,hitmaker
l3RiBklg6ss,user_75dddf63233a,False,1665014400,0,negatif,0.5778,netral,tanpa_emoji,negatif,hitmaker
l3RiBklg6ss,user_57796be7630c,False,1665014400,0,negatif,0.6589,netral,tanpa_emoji,negatif,hitmaker
l3RiBklg6ss,user_57796be7630c,False,1665014400,1,netral,0.7984,netral,tanpa_emoji,netral,hitmaker
l3RiBklg6ss,user_57796be7630c,False,1665014400,1,netral,0.8417,netral,tanpa_emoji,netral,hitmaker
l3RiBklg6ss,user_57796be7630c,False,1665014400,0,negatif,0.4705,netral,tanpa_emoji,negatif,hitmaker
l3RiBklg6ss,user_0cd0a122d10c,False,1665014400,0,positif,0.4155,netral,netral,positif,hitmaker
l3RiBklg6ss,user_14ec94015a50,False,1665014400,1,negatif,0.9443,netral,tanpa_emoji,negatif,hitmaker
l3RiBklg6ss,user_14ec94015a50,False,1665014400,0,negatif,0.9992,negatif,tanpa_emoji,negatif,hitmaker
l3RiBklg6ss,user_14ec94015a50,False,1665014400,1,positif,0.5827,positif,tanpa_emoji,positif,hitmaker
l3RiBklg6ss,user_30fd237b5d26,False,1665014400,0,netral,0.9433,netral,tanpa_emoji,netral,hitmaker
l3RiBklg6ss,user_1a5badbf3cb9,False,1665014400,0,negatif,0.6673,netral,tanpa_emoji,negatif,hitmaker
l3RiBklg6ss,user_dddd8da1e724,False,1665014400,2,netral,0.8318,netral,tanpa_emoji,netral,hitmaker
l3RiBklg6ss,user_95286b7a86b0,False,1665014400,0,negatif,0.9931,netral,tanpa_emoji,negatif,hitmaker
l3RiBklg6ss,user_bcbfc489a7cd,False,1665014400,2,negatif,0.7684,positif,tanpa_emoji,negatif,hitmaker
l3RiBklg6ss,user_8a74795fb67f,False,1665014400,5,netral,0.9119,netral,tanpa_emoji,netral,hitmaker
l3RiBklg6ss,user_13a94428a040,False,1665014400,2,positif,0.9676,positif,positif,positif,hitmaker
l3RiBklg6ss,user_c90c500f4506,False,1665014400,2,negatif,0.9817,negatif,negatif,negatif,hitmaker
l3RiBklg6ss,user_30ba81afe9d6,False,1665014400,1,negatif,0.5864,negatif,negatif,negatif,hitmaker
l3RiBklg6ss,user_caf8fdf405b5,False,1665014400,3,positif,0.5871,netral,tanpa_emoji,positif,hitmaker
l3RiBklg6ss,user_72ebe5596e57,False,1665014400,2,positif,0.3686,netral,tanpa_emoji,positif,hitmaker
l3RiBklg6ss,user_1387e6102f66,False,1665014400,2,positif,0.7749,negatif,tanpa_emoji,positif,hitmaker
l3RiBklg6ss,user_045420fee467,False,1665014400,1,negatif,0.9325,netral,tanpa_emoji,negatif,hitmaker
l3RiBklg6ss,user_fee5e10ff9cc,False,1665014400,2,negatif,0.4788,negatif,tanpa_emoji,negatif,hitmaker
l3RiBklg6ss,user_fe5cbce398a3,False,1665014400,3,negatif,0.9034,netral,tanpa_emoji,negatif,hitmaker
l3RiBklg6ss,user_9b819977b79a,False,1665014400,0,negatif,0.9156,positif,positif,positif,hitmaker
l3RiBklg6ss,user_0fbf7698a659,False,1665014400,2,negatif,0.9983,negatif,tanpa_emoji,negatif,hitmaker
l3RiBklg6ss,user_9fe28a2dd27b,False,1665014400,1,negatif,0.9967,positif,tanpa_emoji,negatif,hitmaker
l3RiBklg6ss,user_b5d15037e214,False,1665014400,4,negatif,0.905,netral,tanpa_emoji,negatif,hitmaker
l3RiBklg6ss,user_9e77b912f185,False,1665014400,0,netral,0.9211,netral,tanpa_emoji,netral,hitmaker
l3RiBklg6ss,user_ca2c7728e425,False,1665014400,7,negatif,0.9805,netral,tanpa_emoji,negatif,hitmaker
l3RiBklg6ss,user_5008ff4d4fed,False,1665014400,0,positif,0.868,positif,positif,positif,hitmaker
l3RiBklg6ss,user_b51e052d8058,False,1665014400,2,negatif,0.9969,netral,netral,negatif,hitmaker
l3RiBklg6ss,user_cd0fc18ddfac,False,1665014400,1,negatif,0.9869,netral,tanpa_emoji,negatif,hitmaker
l3RiBklg6ss,user_96c25c73e733,False,1665014400,0,netral,0.6449,netral,tanpa_emoji,netral,hitmaker
l3RiBklg6ss,user_34436d55fe68,False,1665014400,9,negatif,0.4946,netral,tanpa_emoji,negatif,hitmaker
l3RiBklg6ss,user_7432c602f662,False,1665014400,2,negatif,0.8451,netral,tanpa_emoji,negatif,hitmaker
l3RiBklg6ss,user_97aef7814dc4,False,1665014400,2,negatif,0.9926,negatif,tanpa_emoji,negatif,hitmaker
l3RiBklg6ss,user_3baa493b1963,False,1665014400,2,negatif,0.9969,netral,tanpa_emoji,negatif,hitmaker
l3RiBklg6ss,user_10fc60c716e6,False,1665014400,1,negatif,0.8872,positif,tanpa_emoji,negatif,hitmaker
l3RiBklg6ss,user_0756f0cb4191,False,1665014400,2,positif,0.7435,netral,tanpa_emoji,positif,hitmaker
l3RiBklg6ss,user_53c9e00a76e0,False,1665014400,0,negatif,0.5632,netral,tanpa_emoji,negatif,hitmaker
l3RiBklg6ss,user_44d1e2d4c152,False,1665014400,0,negatif,0.8778,netral,tanpa_emoji,negatif,hitmaker
l3RiBklg6ss,user_e703ff4d2461,False,1665014400,4,positif,0.7561,positif,netral,positif,hitmaker
l3RiBklg6ss,user_425050a1d373,False,1665014400,4,positif,0.9461,netral,tanpa_emoji,positif,hitmaker
l3RiBklg6ss,user_830c518b05e6,False,1665014400,1,negatif,0.612,positif,positif,negatif,hitmaker
l3RiBklg6ss,user_6966b0485d48,False,1665014400,3,negatif,0.9749,netral,tanpa_emoji,negatif,hitmaker
l3RiBklg6ss,user_5876ec2d1417,False,1665014400,2,negatif,0.9942,netral,tanpa_emoji,negatif,hitmaker
l3RiBklg6ss,user_c5b1cef7c50f,False,1665014400,0,negatif,0.9364,netral,netral,netral,hitmaker
l3RiBklg6ss,user_8933f75fdd38,False,1665014400,8,positif,0.9781,negatif,tanpa_emoji,positif,hitmaker
l3RiBklg6ss,user_e6bb8590e79c,False,1665014400,7,negatif,0.9305,negatif,tanpa_emoji,negatif,hitmaker
l3RiBklg6ss,user_60c681ec95a2,False,1665014400,5,negatif,0.6735,netral,tanpa_emoji,negatif,hitmaker
l3RiBklg6ss,user_86f821eebbdf,False,1665014400,0,negatif,0.977,negatif,negatif,negatif,hitmaker
l3RiBklg6ss,user_cae9536e1a52,False,1665014400,5,negatif,0.9985,positif,tanpa_emoji,negatif,hitmaker
l3RiBklg6ss,user_a10281eabe4e,False,1665014400,0,positif,0.8291,positif,tanpa_emoji,positif,hitmaker
l3RiBklg6ss,user_a10281eabe4e,False,1665014400,3,positif,0.8986,positif,tanpa_emoji,positif,hitmaker
l3RiBklg6ss,user_0c0a21488ca0,False,1665014400,2,positif,0.9971,positif,tanpa_emoji,positif,hitmaker
l3RiBklg6ss,user_c3944f1b9010,False,1665014400,0,netral,0.9707,netral,tanpa_emoji,netral,hitmaker
l3RiBklg6ss,user_4a68ffbf682b,False,1665014400,1,positif,0.9964,positif,tanpa_emoji,positif,hitmaker
l3RiBklg6ss,user_4ab6cdd3d240,False,1665014400,5,negatif,0.7884,netral,tanpa_emoji,negatif,hitmaker
l3RiBklg6ss,user_b893e2e2231e,False,1665014400,2,netral,0.9127,positif,tanpa_emoji,netral,hitmaker
l3RiBklg6ss,user_d60adf976432,False,1665014400,2,negatif,0.8802,negatif,tanpa_emoji,negatif,hitmaker
l3RiBklg6ss,user_45ae9fc9bd78,False,1665014400,3,negatif,0.6597,positif,tanpa_emoji,negatif,hitmaker
l3RiBklg6ss,user_45ae9fc9bd78,False,1665014400,0,negatif,0.6597,positif,tanpa_emoji,negatif,hitmaker
l3RiBklg6ss,user_e0e3ea6f325d,False,1665014400,4,negatif,0.9865,netral,netral,negatif,hitmaker
l3RiBklg6ss,user_e3a3a62f3b92,False,1665014400,4,netral,0.8614,netral,tanpa_emoji,netral,hitmaker
l3RiBklg6ss,user_3eafb6294ba6,False,1665014400,1,negatif,0.9943,netral,netral,negatif,hitmaker
l3RiBklg6ss,user_d863ef6828cf,False,1665014400,2,negatif,0.8145,netral,tanpa_emoji,negatif,hitmaker
l3RiBklg6ss,user_755c285153f6,False,1665014400,0,negatif,0.9755,netral,tanpa_emoji,negatif,hitmaker
l3RiBklg6ss,user_499adbf9878a,False,1665014400,2,positif,0.8337,positif,tanpa_emoji,positif,hitmaker
l3RiBklg6ss,user_ae7281de259c,False,1665014400,2,positif,0.767,positif,tanpa_emoji,positif,hitmaker
l3RiBklg6ss,user_03761148fb79,False,1665014400,4,negatif,0.6375,positif,tanpa_emoji,negatif,hitmaker
l3RiBklg6ss,user_9f0bd928173a,False,1665014400,4,negatif,0.9976,positif,tanpa_emoji,negatif,hitmaker
l3RiBklg6ss,user_70d4540522ad,False,1665014400,2,positif,0.8573,netral,tanpa_emoji,positif,hitmaker
l3RiBklg6ss,user_b25ce746da2e,False,1665014400,5,negatif,0.9941,positif,positif,negatif,hitmaker
l3RiBklg6ss,user_f6f9dbdb1806,False,1665014400,0,negatif,0.999,negatif,tanpa_emoji,negatif,hitmaker
l3RiBklg6ss,user_c76bedf85ef1,False,1665014400,1,positif,0.9335,netral,tanpa_emoji,positif,hitmaker
l3RiBklg6ss,user_75c4ca855fa2,False,1665014400,1,negatif,0.9929,positif,tanpa_emoji,negatif,hitmaker
l3RiBklg6ss,user_c8765682f7a1,False,1665014400,1,positif,0.9925,positif,tanpa_emoji,positif,hitmaker
l3RiBklg6ss,user_8339de3156d0,False,1665014400,0,negatif,0.4762,netral,tanpa_emoji,negatif,hitmaker
l3RiBklg6ss,user_21472c2669be,False,1665014400,0,positif,0.978,positif,netral,positif,hitmaker
l3RiBklg6ss,user_f7b6b7e8f605,False,1665014400,0,netral,0.8541,netral,tanpa_emoji,netral,hitmaker
l3RiBklg6ss,user_f0aea3e5267c,False,1665014400,1,negatif,0.9949,positif,tanpa_emoji,negatif,hitmaker
l3RiBklg6ss,user_29a1ab66d577,False,1665014400,0,netral,0.9243,netral,tanpa_emoji,netral,hitmaker
l3RiBklg6ss,user_195745498f54,False,1665014400,0,positif,0.9237,positif,tanpa_emoji,positif,hitmaker
l3RiBklg6ss,user_f23f5ff51d55,False,1665014400,0,positif,0.9984,positif,tanpa_emoji,positif,hitmaker
l3RiBklg6ss,user_73e0f39b54e4,False,1665014400,1,negatif,0.9985,netral,netral,negatif,hitmaker
l3RiBklg6ss,user_f60779cbc795,False,1665014400,2,negatif,0.5217,positif,tanpa_emoji,negatif,hitmaker
l3RiBklg6ss,user_dc3494a80bc0,False,1665014400,2,negatif,0.9112,negatif,tanpa_emoji,negatif,hitmaker
l3RiBklg6ss,user_5d917bfa17ce,False,1665014400,4,netral,0.9415,netral,tanpa_emoji,netral,hitmaker
l3RiBklg6ss,user_9e1fb5285776,False,1665014400,0,negatif,0.9093,netral,netral,negatif,hitmaker
l3RiBklg6ss,user_74e53c4fd074,False,1665014400,0,negatif,0.7027,netral,tanpa_emoji,negatif,hitmaker
l3RiBklg6ss,user_3ade5f13e4dc,False,1665014400,3,negatif,0.9983,negatif,tanpa_emoji,negatif,hitmaker
l3RiBklg6ss,user_3c2372106837,False,1665014400,0,positif,0.9921,netral,tanpa_emoji,positif,hitmaker
l3RiBklg6ss,user_3288ecb5d002,False,1665014400,1,negatif,0.5256,positif,tanpa_emoji,negatif,hitmaker
l3RiBklg6ss,user_129a9099eab0,False,1665014400,0,negatif,0.5897,netral,tanpa_emoji,negatif,hitmaker
l3RiBklg6ss,user_3a083e035d46,False,1665014400,5,netral,0.5008,netral,tanpa_emoji,netral,hitmaker
l3RiBklg6ss,user_3a083e035d46,False,1665014400,3,positif,0.998,positif,tanpa_emoji,positif,hitmaker
l3RiBklg6ss,user_8de89d82b63c,False,1665014400,3,negatif,0.9831,netral,tanpa_emoji,negatif,hitmaker
l3RiBklg6ss,user_6ef191517ed6,False,1665014400,3,negatif,0.6417,positif,tanpa_emoji,negatif,hitmaker
l3RiBklg6ss,user_a6cb9cfd6f33,False,1665014400,1,negatif,0.9469,netral,tanpa_emoji,negatif,hitmaker
l3RiBklg6ss,user_9d245a0b5d6f,False,1665014400,6,netral,0.9199,netral,tanpa_emoji,netral,hitmaker
l3RiBklg6ss,user_90935eeedbc8,False,1665014400,1,netral,0.9877,netral,tanpa_emoji,netral,hitmaker
l3RiBklg6ss,user_ebdf5a32ee08,False,1665014400,4,netral,0.735,netral,tanpa_emoji,netral,hitmaker
l3RiBklg6ss,user_bfb04c7f241e,False,1665014400,8,positif,0.9946,positif,positif,positif,hitmaker
l3RiBklg6ss,user_d88d0282297f,False,1665014400,9,positif,0.9964,positif,tanpa_emoji,positif,hitmaker
l3RiBklg6ss,user_ab867a21d7b2,False,1665014400,3,positif,0.7004,positif,positif,positif,hitmaker
l3RiBklg6ss,user_af74fb5c0e7c,False,1665014400,4,negatif,0.8243,netral,netral,negatif,hitmaker
mBxFc3uPKCg,user_ed2d8ce02546,False,1785974400,0,netral,0.8214,netral,tanpa_emoji,netral,hitmaker
mBxFc3uPKCg,user_80e9f492d9f8,False,1759708800,0,netral,0.9678,netral,tanpa_emoji,netral,hitmaker
mBxFc3uPKCg,user_80e9f492d9f8,False,1759708800,0,netral,0.991,netral,tanpa_emoji,netral,hitmaker
mBxFc3uPKCg,user_a5974afe46dc,False,1728172800,0,netral,0.5472,netral,tanpa_emoji,netral,hitmaker
mBxFc3uPKCg,user_a5974afe46dc,False,1728172800,0,netral,0.8569,netral,tanpa_emoji,netral,hitmaker
mBxFc3uPKCg,user_83ecdd54285d,False,1728172800,0,netral,0.7219,netral,tanpa_emoji,netral,hitmaker
mBxFc3uPKCg,user_b71b42da81e1,False,1728172800,2,negatif,0.8523,negatif,tanpa_emoji,negatif,hitmaker
mBxFc3uPKCg,user_b71b42da81e1,True,1728172800,1,negatif,0.8761,netral,tanpa_emoji,negatif,hitmaker
mBxFc3uPKCg,user_99e401e91817,True,1728172800,1,negatif,0.6139,netral,tanpa_emoji,negatif,hitmaker
mBxFc3uPKCg,user_b71b42da81e1,True,1728172800,1,netral,0.6558,netral,tanpa_emoji,netral,hitmaker
mBxFc3uPKCg,user_b71b42da81e1,True,1728172800,1,negatif,0.9567,netral,tanpa_emoji,negatif,hitmaker
mBxFc3uPKCg,user_b71b42da81e1,True,1728172800,0,netral,0.9422,netral,tanpa_emoji,netral,hitmaker
mBxFc3uPKCg,user_dcc5b0735fad,True,1759708800,0,negatif,0.9915,netral,tanpa_emoji,negatif,hitmaker
mBxFc3uPKCg,user_68c8152a285c,False,1728172800,0,netral,0.5239,netral,tanpa_emoji,netral,hitmaker
mBxFc3uPKCg,user_add4b1e306b1,False,1728172800,0,negatif,0.9906,negatif,tanpa_emoji,negatif,hitmaker
mBxFc3uPKCg,user_9f879b2418ce,False,1728172800,0,positif,0.8686,netral,tanpa_emoji,positif,hitmaker
mBxFc3uPKCg,user_a1de6065923f,False,1728172800,0,netral,0.9833,positif,positif,netral,hitmaker
mBxFc3uPKCg,user_202c46f735b0,False,1728172800,0,negatif,0.9991,negatif,tanpa_emoji,negatif,hitmaker
mBxFc3uPKCg,user_90db2b7c6212,False,1728172800,0,positif,0.9903,positif,tanpa_emoji,positif,hitmaker
mBxFc3uPKCg,user_8f2842fa20ec,False,1728172800,1,positif,0.4589,positif,positif,positif,hitmaker
mBxFc3uPKCg,user_762ae943754c,False,1728172800,1,positif,0.9892,positif,tanpa_emoji,positif,hitmaker
mBxFc3uPKCg,user_c9f0d204e740,False,1728172800,2,positif,0.9965,positif,tanpa_emoji,positif,hitmaker
mBxFc3uPKCg,user_54c4f3e7076d,True,1728172800,1,positif,0.5592,positif,tanpa_emoji,positif,hitmaker
mBxFc3uPKCg,user_8f2842fa20ec,True,1728172800,1,negatif,0.6709,netral,netral,negatif,hitmaker
mBxFc3uPKCg,user_c9f0d204e740,True,1728172800,0,negatif,0.6608,positif,tanpa_emoji,negatif,hitmaker
mBxFc3uPKCg,user_62bfb1a46948,False,1728172800,1,negatif,0.9515,netral,netral,negatif,hitmaker
mBxFc3uPKCg,user_6711f34de4eb,False,1728172800,1,negatif,0.5296,positif,netral,negatif,hitmaker
mBxFc3uPKCg,user_525e24e62f1b,False,1728172800,0,negatif,0.9939,netral,tanpa_emoji,negatif,hitmaker
mBxFc3uPKCg,user_b04927e1e5e4,False,1728172800,0,negatif,0.986,netral,tanpa_emoji,negatif,hitmaker
mBxFc3uPKCg,user_72981714df91,False,1728172800,0,negatif,0.7262,netral,tanpa_emoji,negatif,hitmaker
mBxFc3uPKCg,user_19dbe486cac9,False,1728172800,0,positif,0.9859,netral,tanpa_emoji,positif,hitmaker
mBxFc3uPKCg,user_9ed80a51786b,False,1728172800,0,negatif,0.9889,positif,netral,negatif,hitmaker
mBxFc3uPKCg,user_f0c308d15255,False,1728172800,0,positif,0.8949,positif,tanpa_emoji,positif,hitmaker
mBxFc3uPKCg,user_bc0a312adfc5,False,1696550400,1,positif,0.9981,positif,tanpa_emoji,positif,hitmaker
mBxFc3uPKCg,user_92ff0a352788,False,1696550400,0,positif,0.4864,positif,positif,positif,hitmaker
mBxFc3uPKCg,user_a2f13bc5d221,False,1696550400,4,positif,0.9922,positif,tanpa_emoji,positif,hitmaker
mBxFc3uPKCg,user_7c525e241f52,False,1696550400,4,positif,0.672,positif,positif,positif,hitmaker
mBxFc3uPKCg,user_2f6b36784337,False,1696550400,0,negatif,0.8945,netral,netral,negatif,hitmaker
mBxFc3uPKCg,user_36eb0a321867,False,1696550400,1,negatif,0.5429,negatif,netral,negatif,hitmaker
mBxFc3uPKCg,user_1f48394ed479,True,1696550400,0,negatif,0.8302,netral,tanpa_emoji,negatif,hitmaker
mBxFc3uPKCg,user_bfe9646720f1,False,1696550400,0,negatif,0.9517,negatif,tanpa_emoji,negatif,hitmaker
mBxFc3uPKCg,user_291eef411dee,False,1696550400,0,negatif,0.9812,netral,tanpa_emoji,negatif,hitmaker
mBxFc3uPKCg,user_60bd93d274fd,False,1696550400,2,positif,0.999,positif,positif,positif,hitmaker
mBxFc3uPKCg,user_60bd93d274fd,True,1696550400,0,positif,0.9971,positif,tanpa_emoji,positif,hitmaker
mBxFc3uPKCg,user_60bd93d274fd,False,1696550400,2,positif,0.988,positif,tanpa_emoji,positif,hitmaker
mBxFc3uPKCg,user_8d1723627c85,False,1696550400,1,positif,0.7396,positif,tanpa_emoji,positif,hitmaker
mBxFc3uPKCg,user_8d1723627c85,True,1696550400,0,positif,0.9926,positif,tanpa_emoji,positif,hitmaker
mBxFc3uPKCg,user_60bd93d274fd,True,1696550400,0,positif,0.7371,netral,tanpa_emoji,positif,hitmaker
mBxFc3uPKCg,user_2157d5c986c4,False,1696550400,1,positif,0.991,positif,netral,positif,hitmaker
mBxFc3uPKCg,user_557b5a6ecf9c,False,1696550400,2,netral,0.8592,netral,tanpa_emoji,netral,hitmaker
mBxFc3uPKCg,user_01c29ce25135,False,1696550400,0,negatif,0.9419,netral,tanpa_emoji,negatif,hitmaker
mBxFc3uPKCg,user_f88261e4f052,False,1696550400,0,positif,0.8262,netral,tanpa_emoji,positif,hitmaker
mBxFc3uPKCg,user_ef3dae49d254,False,1696550400,0,positif,0.9929,positif,positif,positif,hitmaker
mBxFc3uPKCg,user_8033a5f156f9,False,1696550400,2,negatif,0.7691,positif,netral,negatif,hitmaker
mBxFc3uPKCg,user_4dff8ddb9cae,False,1696550400,0,negatif,0.8191,negatif,tanpa_emoji,negatif,hitmaker
mBxFc3uPKCg,user_fe5ca2b419cc,False,1696550400,4,positif,0.8871,positif,netral,positif,hitmaker
mBxFc3uPKCg,user_bf42f5254c58,False,1696550400,0,positif,0.8379,positif,positif,positif,hitmaker
mBxFc3uPKCg,user_103ec0e905fc,False,1696550400,0,negatif,0.7096,positif,tanpa_emoji,negatif,hitmaker
mBxFc3uPKCg,user_c6faf25545b2,False,1696550400,0,positif,0.8291,positif,tanpa_emoji,positif,hitmaker
mBxFc3uPKCg,user_3a1cede53bcb,False,1696550400,0,positif,0.9931,positif,positif,positif,hitmaker
mBxFc3uPKCg,user_1e5eec699af6,False,1696550400,2,positif,0.9739,positif,tanpa_emoji,positif,hitmaker
mBxFc3uPKCg,user_ad1e36e4a30a,False,1696550400,0,positif,0.7892,netral,tanpa_emoji,positif,hitmaker
mBxFc3uPKCg,user_28341b1c629e,False,1696550400,2,netral,0.9536,netral,tanpa_emoji,netral,hitmaker
mBxFc3uPKCg,user_df8693314110,False,1696550400,0,negatif,0.8849,netral,netral,negatif,hitmaker
mBxFc3uPKCg,user_58dbca1bd577,False,1696550400,2,negatif,0.7114,netral,netral,negatif,hitmaker
mBxFc3uPKCg,user_6993a8b94fea,False,1696550400,2,negatif,0.9882,netral,netral,negatif,hitmaker
mBxFc3uPKCg,user_8a4efde54d9f,False,1696550400,1,positif,0.8213,positif,positif,positif,hitmaker
mBxFc3uPKCg,user_a69409a864b6,False,1696550400,4,negatif,0.9616,netral,tanpa_emoji,negatif,hitmaker
mBxFc3uPKCg,user_1a26e5ebf2b8,True,1728172800,1,positif,0.9579,negatif,tanpa_emoji,positif,hitmaker
mBxFc3uPKCg,user_d034b252c29e,False,1696550400,0,negatif,0.4878,netral,tanpa_emoji,negatif,hitmaker
mBxFc3uPKCg,user_f4acc841db64,False,1696550400,0,positif,0.9943,positif,tanpa_emoji,positif,hitmaker
mBxFc3uPKCg,user_2ad14f836bd0,False,1696550400,2,positif,0.9211,positif,tanpa_emoji,positif,hitmaker
mBxFc3uPKCg,user_0e20fe72e02f,False,1696550400,2,negatif,0.9814,positif,tanpa_emoji,negatif,hitmaker
mBxFc3uPKCg,user_9fc30c45d49e,False,1696550400,0,netral,0.9865,netral,tanpa_emoji,netral,hitmaker
mBxFc3uPKCg,user_60bd93d274fd,True,1696550400,0,netral,0.9891,netral,tanpa_emoji,netral,hitmaker
mBxFc3uPKCg,user_0e1ec5ab442b,False,1696550400,1,netral,0.6554,netral,tanpa_emoji,netral,hitmaker
mBxFc3uPKCg,user_cd74b609fbfa,False,1696550400,0,positif,0.9818,netral,tanpa_emoji,positif,hitmaker
mBxFc3uPKCg,user_a6a4e66c3884,False,1696550400,0,netral,0.6072,netral,tanpa_emoji,netral,hitmaker
mBxFc3uPKCg,user_ec7519c1b541,False,1696550400,0,negatif,0.6686,netral,tanpa_emoji,negatif,hitmaker
mBxFc3uPKCg,user_60bd93d274fd,True,1696550400,0,netral,0.7466,netral,tanpa_emoji,netral,hitmaker
mBxFc3uPKCg,user_a83b3562c5cf,False,1696550400,0,positif,0.9711,positif,netral,positif,hitmaker
mBxFc3uPKCg,user_2158c4b97d9d,False,1696550400,0,positif,0.8007,positif,tanpa_emoji,positif,hitmaker
mBxFc3uPKCg,user_78a13811ee5f,False,1696550400,0,negatif,0.6064,negatif,tanpa_emoji,negatif,hitmaker
mBxFc3uPKCg,user_3e1186b3d495,False,1696550400,0,netral,0.8306,netral,tanpa_emoji,netral,hitmaker
mBxFc3uPKCg,user_73bbd7df544c,False,1696550400,0,netral,0.8807,netral,tanpa_emoji,netral,hitmaker
mBxFc3uPKCg,user_99c42674b34d,False,1696550400,0,netral,0.9765,netral,tanpa_emoji,netral,hitmaker
mBxFc3uPKCg,user_63d31e232fdf,False,1696550400,2,positif,0.9913,positif,tanpa_emoji,positif,hitmaker
mBxFc3uPKCg,user_b04759523aeb,False,1696550400,0,positif,0.8931,positif,tanpa_emoji,positif,hitmaker
mBxFc3uPKCg,user_cba511816926,False,1696550400,0,positif,0.7698,positif,tanpa_emoji,positif,hitmaker
mBxFc3uPKCg,user_13664f7870d3,False,1696550400,0,negatif,0.9458,netral,tanpa_emoji,negatif,hitmaker
mBxFc3uPKCg,user_60bd93d274fd,True,1696550400,0,netral,0.4934,netral,tanpa_emoji,netral,hitmaker
mBxFc3uPKCg,user_1aa99fe32316,False,1696550400,2,positif,0.965,positif,tanpa_emoji,positif,hitmaker
mBxFc3uPKCg,user_1aa99fe32316,False,1696550400,0,positif,0.8901,positif,tanpa_emoji,positif,hitmaker
mBxFc3uPKCg,user_60bd93d274fd,False,1696550400,2,positif,0.9894,positif,positif,positif,hitmaker
mBxFc3uPKCg,user_60bd93d274fd,False,1696550400,1,positif,0.9926,positif,positif,positif,hitmaker
mBxFc3uPKCg,user_e63ae913e233,False,1696550400,0,positif,0.9986,positif,tanpa_emoji,positif,hitmaker
mBxFc3uPKCg,user_8ca86fdd9b27,False,1696550400,0,positif,0.9792,positif,positif,positif,hitmaker
mBxFc3uPKCg,user_60bd93d274fd,True,1696550400,0,positif,0.9928,positif,positif,positif,hitmaker
mBxFc3uPKCg,user_a2c6a68488d3,False,1696550400,0,netral,0.9595,netral,tanpa_emoji,netral,hitmaker
mBxFc3uPKCg,user_1a90cfc21cd0,False,1696550400,0,negatif,0.8577,negatif,tanpa_emoji,negatif,hitmaker
mBxFc3uPKCg,user_af00c1790f28,False,1696550400,0,negatif,0.9776,netral,tanpa_emoji,negatif,hitmaker
mBxFc3uPKCg,user_5f8d188fa51a,False,1696550400,3,negatif,0.8301,positif,positif,negatif,hitmaker
mBxFc3uPKCg,user_5f8d188fa51a,False,1696550400,8,positif,0.9512,positif,positif,positif,hitmaker
mBxFc3uPKCg,user_c39bd45b10f3,False,1696550400,0,positif,0.58,netral,tanpa_emoji,positif,hitmaker
mBxFc3uPKCg,user_60bd93d274fd,False,1696550400,5,positif,0.9981,positif,positif,positif,hitmaker
mBxFc3uPKCg,user_656e5bf28e5a,False,1696550400,0,positif,0.9169,positif,tanpa_emoji,positif,hitmaker
mBxFc3uPKCg,user_60bd93d274fd,False,1696550400,12,positif,0.988,positif,positif,positif,hitmaker
mBxFc3uPKCg,user_6e70ca027e20,False,1696550400,0,positif,0.8125,positif,positif,positif,hitmaker
mBxFc3uPKCg,user_cdf5740d57f3,False,1696550400,0,netral,0.9898,netral,tanpa_emoji,netral,hitmaker
mBxFc3uPKCg,user_c79001640e9e,False,1696550400,0,positif,0.9644,positif,tanpa_emoji,positif,hitmaker
mBxFc3uPKCg,user_60bd93d274fd,True,1696550400,0,positif,0.9823,positif,tanpa_emoji,positif,hitmaker
mBxFc3uPKCg,user_987058a29db6,False,1696550400,0,negatif,0.9957,netral,tanpa_emoji,negatif,hitmaker
mBxFc3uPKCg,user_2cafae390b9b,False,1696550400,0,negatif,0.9787,positif,positif,negatif,hitmaker
mBxFc3uPKCg,user_257b370b1ce6,False,1696550400,0,negatif,0.8768,netral,netral,netral,hitmaker
mBxFc3uPKCg,user_ff3ae093b132,False,1696550400,5,positif,0.9865,positif,positif,positif,hitmaker
mBxFc3uPKCg,user_60bd93d274fd,True,1696550400,0,positif,0.9987,positif,positif,positif,hitmaker
mBxFc3uPKCg,user_960a159601af,False,1696550400,0,netral,0.6286,negatif,tanpa_emoji,netral,hitmaker
mBxFc3uPKCg,user_ffd0c6ce03d3,False,1696550400,0,negatif,0.9734,netral,netral,netral,hitmaker
mBxFc3uPKCg,user_e7a50d8c0f50,False,1696550400,0,positif,0.9393,positif,tanpa_emoji,positif,hitmaker
mBxFc3uPKCg,user_ff0170f9cde1,False,1696550400,1,positif,0.999,positif,tanpa_emoji,positif,hitmaker
mBxFc3uPKCg,user_1a80b92fe552,False,1696550400,0,negatif,0.9987,netral,netral,negatif,hitmaker
mBxFc3uPKCg,user_8d1723627c85,False,1696550400,3,positif,0.9898,positif,positif,positif,hitmaker
mBxFc3uPKCg,user_9d13996e22c3,False,1696550400,0,positif,0.9937,positif,tanpa_emoji,positif,hitmaker
mBxFc3uPKCg,user_60bd93d274fd,True,1696550400,2,positif,0.9984,positif,positif,positif,hitmaker
mBxFc3uPKCg,user_9d13996e22c3,True,1696550400,0,netral,0.9871,netral,tanpa_emoji,netral,hitmaker
mBxFc3uPKCg,user_8da2107d4fc4,False,1696550400,0,negatif,0.8808,positif,tanpa_emoji,negatif,hitmaker
mBxFc3uPKCg,user_f3baa8720b8f,False,1696550400,0,negatif,0.9976,netral,tanpa_emoji,negatif,hitmaker
mBxFc3uPKCg,user_eda5c050b893,False,1696550400,1,positif,0.9739,netral,tanpa_emoji,positif,hitmaker
mBxFc3uPKCg,user_257b370b1ce6,True,1696550400,0,negatif,0.7945,netral,tanpa_emoji,negatif,hitmaker
mBxFc3uPKCg,user_87017c6e9102,False,1696550400,1,negatif,0.9684,netral,tanpa_emoji,negatif,hitmaker
mBxFc3uPKCg,user_c93dc145630e,False,1696550400,4,negatif,0.7419,positif,positif,negatif,hitmaker
mBxFc3uPKCg,user_60bd93d274fd,True,1696550400,0,positif,0.9836,positif,tanpa_emoji,positif,hitmaker
mBxFc3uPKCg,user_54269b1f84ae,False,1696550400,3,positif,0.9935,positif,positif,positif,hitmaker
mBxFc3uPKCg,user_6999efbc799e,False,1696550400,0,negatif,0.6201,netral,tanpa_emoji,negatif,hitmaker
mBxFc3uPKCg,user_0fde2d525a70,False,1696550400,0,negatif,0.9687,positif,netral,negatif,hitmaker
mBxFc3uPKCg,user_1f0b7233614e,False,1696550400,0,negatif,0.5259,netral,tanpa_emoji,negatif,hitmaker
mBxFc3uPKCg,user_60bd93d274fd,True,1696550400,0,netral,0.9854,netral,tanpa_emoji,netral,hitmaker
mBxFc3uPKCg,user_71f296857f39,False,1696550400,1,positif,0.9913,netral,tanpa_emoji,positif,hitmaker
mBxFc3uPKCg,user_e397c403ba91,False,1696550400,1,positif,0.9963,positif,tanpa_emoji,positif,hitmaker
mBxFc3uPKCg,user_e397c403ba91,True,1696550400,0,negatif,0.6909,netral,netral,negatif,hitmaker
mBxFc3uPKCg,user_60bd93d274fd,False,1696550400,53,positif,0.9745,positif,positif,positif,hitmaker
mBxFc3uPKCg,user_efcc37e2f262,True,1696550400,0,netral,0.4573,netral,tanpa_emoji,netral,hitmaker
mBxFc3uPKCg,user_a3286ccdd21e,True,1696550400,0,negatif,0.9889,netral,tanpa_emoji,negatif,hitmaker
mBxFc3uPKCg,user_d20ae2af1445,False,1696550400,0,positif,0.72,positif,tanpa_emoji,positif,hitmaker
mBxFc3uPKCg,user_60bd93d274fd,True,1696550400,0,netral,0.8684,netral,tanpa_emoji,netral,hitmaker
mBxFc3uPKCg,user_d20ae2af1445,True,1696550400,0,netral,0.9724,netral,netral,netral,hitmaker
mBxFc3uPKCg,user_60bd93d274fd,True,1696550400,0,netral,0.5941,netral,tanpa_emoji,netral,hitmaker
mBxFc3uPKCg,user_d20ae2af1445,True,1696550400,0,negatif,0.5441,netral,tanpa_emoji,negatif,hitmaker
mBxFc3uPKCg,user_48d4026bf3fa,True,1696550400,0,netral,0.8765,netral,netral,netral,hitmaker
mBxFc3uPKCg,user_d20ae2af1445,True,1696550400,0,negatif,0.5188,netral,tanpa_emoji,negatif,hitmaker
mBxFc3uPKCg,user_60bd93d274fd,True,1696550400,0,positif,0.7924,netral,tanpa_emoji,positif,hitmaker
mBxFc3uPKCg,user_60bd93d274fd,True,1696550400,0,negatif,0.7835,positif,positif,negatif,hitmaker
mBxFc3uPKCg,user_d20ae2af1445,True,1696550400,0,negatif,0.9869,netral,tanpa_emoji,negatif,hitmaker
mBxFc3uPKCg,user_63e16bb2cf84,True,1696550400,0,netral,0.9195,netral,tanpa_emoji,netral,hitmaker
mBxFc3uPKCg,user_60bd93d274fd,True,1696550400,0,positif,0.9897,positif,positif,positif,hitmaker
mBxFc3uPKCg,user_71f296857f39,True,1696550400,0,negatif,0.9379,positif,netral,negatif,hitmaker
mBxFc3uPKCg,user_60bd93d274fd,False,1696550400,11,positif,0.9983,positif,positif,positif,hitmaker
mBxFc3uPKCg,user_5eaf215a0311,False,1696550400,4,negatif,0.9958,netral,tanpa_emoji,negatif,hitmaker
mBxFc3uPKCg,user_97965ff67a9c,True,1696550400,0,negatif,0.9308,netral,tanpa_emoji,negatif,hitmaker
mBxFc3uPKCg,user_63e16bb2cf84,True,1696550400,0,negatif,0.9934,netral,tanpa_emoji,negatif,hitmaker
mBxFc3uPKCg,user_d0e5fc45692f,False,1696550400,1,negatif,0.9879,netral,tanpa_emoji,negatif,hitmaker
mBxFc3uPKCg,user_71f296857f39,True,1696550400,0,negatif,0.9945,netral,tanpa_emoji,negatif,hitmaker
mBxFc3uPKCg,user_63e16bb2cf84,True,1696550400,0,negatif,0.9934,netral,tanpa_emoji,negatif,hitmaker
mBxFc3uPKCg,user_47a60e4ef143,False,1696550400,3,positif,0.9163,positif,tanpa_emoji,positif,hitmaker
mBxFc3uPKCg,user_63e16bb2cf84,True,1696550400,1,negatif,0.9907,netral,tanpa_emoji,negatif,hitmaker
mBxFc3uPKCg,user_b6c581d99c7e,False,1696550400,1,negatif,0.5044,positif,tanpa_emoji,negatif,hitmaker
mBxFc3uPKCg,user_159e0523db0d,False,1696550400,2,negatif,0.8011,netral,tanpa_emoji,negatif,hitmaker
mBxFc3uPKCg,user_63e16bb2cf84,True,1696550400,0,negatif,0.9907,netral,tanpa_emoji,negatif,hitmaker
mBxFc3uPKCg,user_60bd93d274fd,False,1696550400,25,positif,0.9979,positif,tanpa_emoji,positif,hitmaker
mBxFc3uPKCg,user_60bd93d274fd,False,1696550400,12,positif,0.9962,positif,tanpa_emoji,positif,hitmaker
mBxFc3uPKCg,user_aa793cc2bbdd,False,1696550400,1,netral,0.904,netral,tanpa_emoji,netral,hitmaker
mBxFc3uPKCg,user_40a2d288d4a4,False,1696550400,0,negatif,0.9594,positif,tanpa_emoji,negatif,hitmaker
mBxFc3uPKCg,user_5a88c86499e0,False,1696550400,0,negatif,0.9445,negatif,tanpa_emoji,negatif,hitmaker
mBxFc3uPKCg,user_63e16bb2cf84,True,1696550400,0,negatif,0.9934,netral,tanpa_emoji,negatif,hitmaker
mBxFc3uPKCg,user_5a88c86499e0,True,1696550400,0,netral,0.7972,netral,tanpa_emoji,netral,hitmaker
mBxFc3uPKCg,user_60bd93d274fd,False,1696550400,40,positif,0.998,positif,positif,positif,hitmaker
mBxFc3uPKCg,user_36eb0a321867,True,1696550400,0,negatif,0.8728,netral,tanpa_emoji,negatif,hitmaker
mBxFc3uPKCg,user_23cdd7af99bf,True,1696550400,0,negatif,0.5955,netral,tanpa_emoji,negatif,hitmaker
mBxFc3uPKCg,user_60bd93d274fd,False,1696550400,12,positif,0.9442,positif,positif,positif,hitmaker
mBxFc3uPKCg,user_60bd93d274fd,False,1696550400,7,netral,0.9212,positif,positif,netral,hitmaker
mBxFc3uPKCg,user_60bd93d274fd,True,1696550400,0,positif,0.9856,positif,positif,positif,hitmaker
mBxFc3uPKCg,user_60bd93d274fd,False,1696550400,9,positif,0.9986,positif,positif,positif,hitmaker
mBxFc3uPKCg,user_fa840d200d5e,True,1696550400,1,negatif,0.9515,positif,netral,negatif,hitmaker
mBxFc3uPKCg,user_63e16bb2cf84,True,1696550400,1,negatif,0.9678,positif,positif,negatif,hitmaker
mBxFc3uPKCg,user_7c7e9e44b6e1,True,1696550400,1,positif,0.518,positif,netral,positif,hitmaker
mBxFc3uPKCg,user_63e16bb2cf84,True,1696550400,0,negatif,0.5667,positif,positif,positif,hitmaker
mBxFc3uPKCg,user_7c7e9e44b6e1,True,1696550400,1,positif,0.6963,positif,tanpa_emoji,positif,hitmaker
mBxFc3uPKCg,user_c376f3cc120e,False,1696550400,2,negatif,0.9965,netral,tanpa_emoji,negatif,hitmaker
mBxFc3uPKCg,user_c7fa4aeed3ba,False,1696550400,0,negatif,0.993,positif,tanpa_emoji,negatif,hitmaker
mBxFc3uPKCg,user_63e16bb2cf84,True,1696550400,0,negatif,0.6848,positif,tanpa_emoji,negatif,hitmaker
mBxFc3uPKCg,user_c7fa4aeed3ba,True,1696550400,0,negatif,0.9037,netral,netral,negatif,hitmaker
mBxFc3uPKCg,user_7681bfcc2cc9,False,1696550400,0,netral,0.8289,netral,tanpa_emoji,netral,hitmaker
mBxFc3uPKCg,user_7ff18b1e4822,False,1696550400,0,negatif,0.9305,netral,tanpa_emoji,negatif,hitmaker
mBxFc3uPKCg,user_1f0fee1929e9,False,1696550400,0,negatif,0.6947,netral,tanpa_emoji,negatif,hitmaker
mBxFc3uPKCg,user_b019c603c7c2,False,1696550400,2,positif,0.9152,positif,tanpa_emoji,positif,hitmaker
mBxFc3uPKCg,user_b019c603c7c2,False,1696550400,1,positif,0.5139,positif,tanpa_emoji,positif,hitmaker
mBxFc3uPKCg,user_60bd93d274fd,True,1696550400,0,positif,0.9963,positif,positif,positif,hitmaker
mBxFc3uPKCg,user_6bd5aa73f6d2,False,1696550400,0,negatif,0.9904,netral,tanpa_emoji,negatif,hitmaker
mBxFc3uPKCg,user_fae95fd548ef,False,1696550400,6,positif,0.9833,positif,positif,positif,hitmaker
mBxFc3uPKCg,user_8750526453eb,False,1696550400,0,positif,0.7637,netral,tanpa_emoji,positif,hitmaker
mBxFc3uPKCg,user_dcc5b0735fad,False,1696550400,1,positif,0.9891,positif,positif,positif,hitmaker
mBxFc3uPKCg,user_e0bcab51505c,False,1696550400,1,negatif,0.998,positif,tanpa_emoji,negatif,hitmaker
mBxFc3uPKCg,user_dc30398862bb,False,1696550400,0,negatif,0.9974,netral,tanpa_emoji,negatif,hitmaker
mBxFc3uPKCg,user_982b04c9775b,False,1696550400,4,positif,0.8906,positif,positif,positif,hitmaker
mBxFc3uPKCg,user_63e16bb2cf84,True,1696550400,0,negatif,0.9944,netral,tanpa_emoji,negatif,hitmaker
mBxFc3uPKCg,user_257b370b1ce6,True,1696550400,0,negatif,0.5264,netral,tanpa_emoji,negatif,hitmaker
mBxFc3uPKCg,user_ad1e36e4a30a,True,1696550400,0,negatif,0.983,netral,netral,netral,hitmaker
mBxFc3uPKCg,user_414f151d89cc,False,1696550400,1,netral,0.7831,netral,tanpa_emoji,netral,hitmaker
mBxFc3uPKCg,user_56094fbe380c,True,1696550400,1,negatif,0.6696,netral,netral,negatif,hitmaker
mBxFc3uPKCg,user_63e16bb2cf84,True,1696550400,0,negatif,0.9934,netral,tanpa_emoji,negatif,hitmaker
mBxFc3uPKCg,user_0c500d5cef19,False,1696550400,12,positif,0.7156,positif,tanpa_emoji,positif,hitmaker
mBxFc3uPKCg,user_7c7e9e44b6e1,True,1696550400,1,positif,0.9899,netral,tanpa_emoji,positif,hitmaker
mBxFc3uPKCg,user_c8bc0b6e18a3,True,1696550400,0,negatif,0.4567,negatif,netral,negatif,hitmaker
mBxFc3uPKCg,user_ed8d511d6f85,True,1696550400,0,positif,0.4503,negatif,netral,positif,hitmaker
mBxFc3uPKCg,user_257b370b1ce6,True,1696550400,0,positif,0.9899,positif,tanpa_emoji,positif,hitmaker
mBxFc3uPKCg,user_c64b2f79e082,False,1696550400,1,positif,0.6144,netral,tanpa_emoji,positif,hitmaker
mBxFc3uPKCg,user_982b04c9775b,True,1696550400,4,negatif,0.9298,netral,tanpa_emoji,negatif,hitmaker
mBxFc3uPKCg,user_63e16bb2cf84,True,1696550400,0,negatif,0.842,netral,tanpa_emoji,negatif,hitmaker
mBxFc3uPKCg,user_3eb1b530e841,False,1696550400,2,positif,0.9167,positif,tanpa_emoji,positif,hitmaker
mBxFc3uPKCg,user_ad1e36e4a30a,False,1696550400,153,negatif,0.8723,positif,positif,negatif,hitmaker
mBxFc3uPKCg,user_822d98179f3d,True,1696550400,29,positif,0.9771,positif,tanpa_emoji,positif,hitmaker
mBxFc3uPKCg,user_982b04c9775b,True,1696550400,1,negatif,0.8047,netral,tanpa_emoji,negatif,hitmaker
mBxFc3uPKCg,user_63e16bb2cf84,True,1696550400,10,negatif,0.9907,netral,tanpa_emoji,negatif,hitmaker
mBxFc3uPKCg,user_1a80b92fe552,True,1696550400,2,negatif,0.651,netral,netral,negatif,hitmaker
mBxFc3uPKCg,user_fb458e75d501,True,1696550400,2,negatif,0.9718,netral,tanpa_emoji,negatif,hitmaker
mBxFc3uPKCg,user_425179bd37a8,True,1696550400,0,negatif,0.9669,netral,netral,negatif,hitmaker
mBxFc3uPKCg,user_982b04c9775b,True,1696550400,0,negatif,0.6884,netral,tanpa_emoji,negatif,hitmaker
mBxFc3uPKCg,user_874ae1362024,True,1696550400,0,negatif,0.9969,netral,tanpa_emoji,negatif,hitmaker
mBxFc3uPKCg,user_00d3e8336f37,True,1696550400,0,negatif,0.9928,positif,tanpa_emoji,negatif,hitmaker
mBxFc3uPKCg,user_9ab8fe4628c3,True,1696550400,0,negatif,0.8047,netral,tanpa_emoji,negatif,hitmaker
mBxFc3uPKCg,user_80e9f492d9f8,True,1759708800,0,netral,0.9913,netral,tanpa_emoji,netral,hitmaker
mBxFc3uPKCg,user_d7bff67df603,True,1696550400,0,negatif,0.9886,netral,tanpa_emoji,negatif,hitmaker
mBxFc3uPKCg,user_d997c951b62d,False,1696550400,6,positif,0.7422,positif,tanpa_emoji,positif,hitmaker
mBxFc3uPKCg,user_3d7559acf603,False,1696550400,1,negatif,0.9976,netral,tanpa_emoji,negatif,hitmaker
mBxFc3uPKCg,user_084fbb193ab9,False,1696550400,5,netral,0.6276,netral,tanpa_emoji,netral,hitmaker
mBxFc3uPKCg,user_fca25cab7c02,True,1696550400,2,netral,0.9275,netral,tanpa_emoji,netral,hitmaker
mBxFc3uPKCg,user_084fbb193ab9,True,1696550400,1,netral,0.9024,netral,tanpa_emoji,netral,hitmaker
wPNX2K0XUzg,user_1777ce9ac685,False,1790467200,0,netral,0.8036,positif,positif,netral,hitmaker
wPNX2K0XUzg,user_e118cf94e325,False,1780704000,0,negatif,0.8236,netral,netral,negatif,hitmaker
wPNX2K0XUzg,user_ba2a35fe3a62,False,1772755200,0,netral,0.6874,netral,tanpa_emoji,netral,hitmaker
wPNX2K0XUzg,user_0c7ed756f0ef,False,1764979200,0,netral,0.9209,netral,tanpa_emoji,netral,hitmaker
wPNX2K0XUzg,user_8a527fdc8d92,False,1762387200,1,negatif,0.9674,netral,tanpa_emoji,negatif,hitmaker
wPNX2K0XUzg,user_c0afd19aaabf,False,1759708800,2,negatif,0.7231,netral,tanpa_emoji,negatif,hitmaker
wPNX2K0XUzg,user_dd54d8f37ae9,False,1759708800,0,negatif,0.9416,netral,tanpa_emoji,negatif,hitmaker
wPNX2K0XUzg,user_77356fff64ed,False,1759708800,0,negatif,0.9926,positif,netral,negatif,hitmaker
wPNX2K0XUzg,user_a55d4312bae4,False,1759708800,0,positif,0.8993,positif,tanpa_emoji,positif,hitmaker
wPNX2K0XUzg,user_b0344699d6c8,False,1759708800,1,positif,0.9825,negatif,tanpa_emoji,positif,hitmaker
wPNX2K0XUzg,user_03bd444c31fc,False,1759708800,0,positif,0.9558,positif,positif,positif,hitmaker
wPNX2K0XUzg,user_6afdf6c872e3,False,1759708800,0,netral,0.5703,netral,tanpa_emoji,netral,hitmaker
wPNX2K0XUzg,user_e52c87f6da81,False,1759708800,1,negatif,0.7276,netral,tanpa_emoji,negatif,hitmaker
wPNX2K0XUzg,user_06f9e4d0fd2b,False,1759708800,0,positif,0.9435,positif,tanpa_emoji,positif,hitmaker
wPNX2K0XUzg,user_4a317fb82078,False,1759708800,0,netral,0.7301,negatif,tanpa_emoji,netral,hitmaker
wPNX2K0XUzg,user_ff0db99533c1,False,1759708800,3,negatif,0.9858,positif,tanpa_emoji,negatif,hitmaker
wPNX2K0XUzg,user_560e9cc1ace2,False,1759708800,0,negatif,0.9903,positif,tanpa_emoji,negatif,hitmaker
wPNX2K0XUzg,user_77db9768f2be,False,1759708800,0,negatif,0.9449,netral,tanpa_emoji,negatif,hitmaker
wPNX2K0XUzg,user_716b9a467dfa,False,1759708800,0,negatif,0.9881,netral,netral,negatif,hitmaker
wPNX2K0XUzg,user_59de51065c2f,False,1759708800,0,positif,0.9982,positif,tanpa_emoji,positif,hitmaker
wPNX2K0XUzg,user_0f705fce0016,False,1759708800,0,positif,0.9713,netral,tanpa_emoji,positif,hitmaker
wPNX2K0XUzg,user_d6cc21ebceaf,False,1759708800,0,positif,0.6951,positif,tanpa_emoji,positif,hitmaker
wPNX2K0XUzg,user_73ecf858a407,False,1759708800,3,positif,0.7646,netral,tanpa_emoji,positif,hitmaker
wPNX2K0XUzg,user_916f3474ebcc,True,1759708800,0,negatif,0.9982,netral,tanpa_emoji,negatif,hitmaker
wPNX2K0XUzg,user_73ecf858a407,True,1759708800,0,negatif,0.9975,netral,tanpa_emoji,negatif,hitmaker
wPNX2K0XUzg,user_07bb383a5276,False,1759708800,0,positif,0.9793,positif,tanpa_emoji,positif,hitmaker
wPNX2K0XUzg,user_a3a405682945,False,1759708800,4,negatif,0.8662,netral,tanpa_emoji,negatif,hitmaker
wPNX2K0XUzg,user_617dc07509b5,True,1759708800,0,negatif,0.9943,positif,netral,negatif,hitmaker
wPNX2K0XUzg,user_848da8b3ac27,True,1759708800,0,negatif,0.8971,netral,tanpa_emoji,negatif,hitmaker
wPNX2K0XUzg,user_9f8be4433468,False,1759708800,1,positif,0.8934,positif,tanpa_emoji,positif,hitmaker
wPNX2K0XUzg,user_ecdb0ba49a91,False,1759708800,12,positif,0.9968,positif,positif,positif,hitmaker
wPNX2K0XUzg,user_8ddc1c8eeb18,True,1759708800,0,netral,0.7376,netral,tanpa_emoji,netral,hitmaker
wPNX2K0XUzg,user_daff360151f5,True,1759708800,0,positif,0.5778,negatif,tanpa_emoji,positif,hitmaker
wPNX2K0XUzg,user_799d2043e9c7,False,1759708800,1,positif,0.9877,positif,tanpa_emoji,positif,hitmaker
wPNX2K0XUzg,user_65c19636b40c,False,1759708800,4,negatif,0.9974,netral,tanpa_emoji,negatif,hitmaker
wPNX2K0XUzg,user_ebf173353d86,False,1759708800,0,negatif,0.9628,netral,tanpa_emoji,negatif,hitmaker
wPNX2K0XUzg,user_9bb7a4dd8c98,False,1759708800,1,positif,0.9948,positif,positif,positif,hitmaker
wPNX2K0XUzg,user_c378cdb5d5f5,True,1759708800,0,netral,0.7358,netral,tanpa_emoji,netral,hitmaker
wPNX2K0XUzg,user_1d7426c588da,False,1759708800,0,netral,0.5989,netral,tanpa_emoji,netral,hitmaker
wPNX2K0XUzg,user_5956fe029a37,False,1759708800,0,negatif,0.9706,positif,positif,negatif,hitmaker
wPNX2K0XUzg,user_e2e6f7ca37ec,False,1759708800,36,positif,0.9951,positif,tanpa_emoji,positif,hitmaker
wPNX2K0XUzg,user_8ddc1c8eeb18,True,1759708800,3,positif,0.5134,positif,tanpa_emoji,positif,hitmaker
wPNX2K0XUzg,user_5f4760c0b665,True,1759708800,0,positif,0.9932,positif,tanpa_emoji,positif,hitmaker
wPNX2K0XUzg,user_daff360151f5,True,1759708800,0,positif,0.9718,negatif,tanpa_emoji,positif,hitmaker
wPNX2K0XUzg,user_8900e78aaf45,False,1759708800,0,negatif,0.9741,positif,tanpa_emoji,negatif,hitmaker
wPNX2K0XUzg,user_16ef3cc3df39,False,1759708800,0,positif,0.9822,netral,tanpa_emoji,positif,hitmaker
wPNX2K0XUzg,user_687132231f06,False,1759708800,2,positif,0.9822,positif,tanpa_emoji,positif,hitmaker
wPNX2K0XUzg,user_e4bf760d8b89,False,1759708800,0,negatif,0.9985,netral,tanpa_emoji,negatif,hitmaker
wPNX2K0XUzg,user_0f85b14d4caa,True,1759708800,2,negatif,0.9598,negatif,tanpa_emoji,negatif,hitmaker
wPNX2K0XUzg,user_0f85b14d4caa,True,1759708800,0,negatif,0.9988,netral,tanpa_emoji,negatif,hitmaker
wPNX2K0XUzg,user_b35e526d8c9b,False,1759708800,3,negatif,0.9862,negatif,negatif,negatif,hitmaker
wPNX2K0XUzg,user_a77f7d02a3f3,True,1759708800,7,negatif,0.8383,netral,tanpa_emoji,negatif,hitmaker
wPNX2K0XUzg,user_2de2ebbde6a4,False,1759708800,0,negatif,0.7329,netral,tanpa_emoji,negatif,hitmaker
wPNX2K0XUzg,user_2956d9b6f8ce,False,1759708800,1,negatif,0.933,netral,tanpa_emoji,negatif,hitmaker
wPNX2K0XUzg,user_f939f19a8d46,False,1759708800,2,negatif,0.5174,netral,tanpa_emoji,negatif,hitmaker
wPNX2K0XUzg,user_4eea1d28b0a0,False,1759708800,0,negatif,0.9956,negatif,tanpa_emoji,negatif,hitmaker
wPNX2K0XUzg,user_25adc880f68a,False,1759708800,0,negatif,0.9583,netral,netral,negatif,hitmaker
wPNX2K0XUzg,user_b2fde94d8c38,False,1759708800,1,positif,0.9167,positif,tanpa_emoji,positif,hitmaker
wPNX2K0XUzg,user_61a6623e14e1,False,1759708800,1,negatif,0.5721,netral,tanpa_emoji,negatif,hitmaker
wPNX2K0XUzg,user_795868b78496,False,1759708800,2,netral,0.7639,netral,tanpa_emoji,netral,hitmaker
wPNX2K0XUzg,user_380952dc9383,False,1759708800,0,negatif,0.999,netral,tanpa_emoji,negatif,hitmaker
wPNX2K0XUzg,user_28fc0882928b,True,1759708800,0,netral,0.9805,netral,tanpa_emoji,netral,hitmaker
wPNX2K0XUzg,user_ed2b0b8e80bd,False,1759708800,0,negatif,0.6558,netral,tanpa_emoji,negatif,hitmaker
wPNX2K0XUzg,user_f637f7d54504,False,1759708800,2,negatif,0.9922,negatif,netral,negatif,hitmaker
wPNX2K0XUzg,user_80a9d01bf9d5,True,1759708800,0,negatif,0.9541,netral,tanpa_emoji,negatif,hitmaker
wPNX2K0XUzg,user_53398ca9007e,True,1759708800,0,negatif,0.8172,netral,tanpa_emoji,negatif,hitmaker
wPNX2K0XUzg,user_8d7d35c9fd97,False,1759708800,1,negatif,0.9975,positif,tanpa_emoji,negatif,hitmaker
wPNX2K0XUzg,user_c3ad6595db37,False,1759708800,0,negatif,0.9983,netral,tanpa_emoji,negatif,hitmaker
wPNX2K0XUzg,user_e21b56f7d0ff,False,1759708800,0,negatif,0.9794,netral,tanpa_emoji,negatif,hitmaker
wPNX2K0XUzg,user_d9a7ef4a9cc3,False,1759708800,2,negatif,0.588,netral,tanpa_emoji,negatif,hitmaker
wPNX2K0XUzg,user_61919afbe549,True,1759708800,0,negatif,0.6658,netral,tanpa_emoji,negatif,hitmaker
wPNX2K0XUzg,user_8778b2bd643a,False,1759708800,1,negatif,0.9961,netral,tanpa_emoji,negatif,hitmaker
wPNX2K0XUzg,user_2a6b8ab6027b,True,1759708800,0,netral,0.9028,netral,tanpa_emoji,netral,hitmaker
wPNX2K0XUzg,user_3922f0569a6b,False,1759708800,2,negatif,0.9897,netral,netral,negatif,hitmaker
wPNX2K0XUzg,user_a174576ec436,True,1759708800,2,negatif,0.9544,netral,netral,netral,hitmaker
wPNX2K0XUzg,user_029a97efb9c5,True,1759708800,1,netral,0.85,netral,tanpa_emoji,netral,hitmaker
wPNX2K0XUzg,user_61919afbe549,True,1759708800,0,negatif,0.9773,negatif,tanpa_emoji,negatif,hitmaker
wPNX2K0XUzg,user_3922f0569a6b,True,1759708800,0,negatif,0.9893,negatif,netral,negatif,hitmaker
wPNX2K0XUzg,user_b793f495361b,False,1759708800,9,negatif,0.5814,positif,positif,positif,hitmaker
wPNX2K0XUzg,user_e21b56f7d0ff,False,1759708800,40,positif,0.8284,netral,tanpa_emoji,positif,hitmaker
O29hLG_37qI,user_283e24f1b695,False,1665014400,5000,positif,0.997,positif,tanpa_emoji,positif,ivanna
O29hLG_37qI,user_5544b0f68859,True,1665014400,109,positif,0.9922,negatif,tanpa_emoji,positif,ivanna
O29hLG_37qI,user_ba93816eeb16,True,1665014400,6,negatif,0.9977,netral,netral,negatif,ivanna
O29hLG_37qI,user_040de2da0683,True,1665014400,4,negatif,0.7772,positif,tanpa_emoji,negatif,ivanna
O29hLG_37qI,user_2074841e8844,True,1665014400,1,negatif,0.9524,negatif,tanpa_emoji,negatif,ivanna
O29hLG_37qI,user_5f80597e6138,True,1665014400,0,negatif,0.5621,netral,tanpa_emoji,negatif,ivanna
O29hLG_37qI,user_c9c6a04dd955,True,1696550400,0,netral,0.8643,netral,tanpa_emoji,netral,ivanna
O29hLG_37qI,user_0b17b9a0a22d,True,1665014400,3,positif,0.9414,netral,tanpa_emoji,positif,ivanna
O29hLG_37qI,user_c86ec1473981,True,1665014400,3,positif,0.9971,positif,tanpa_emoji,positif,ivanna
O29hLG_37qI,user_06eab290dbc2,True,1665014400,3,negatif,0.9566,negatif,tanpa_emoji,negatif,ivanna
O29hLG_37qI,user_fa0c8e37a251,True,1665014400,3,positif,0.6587,negatif,tanpa_emoji,positif,ivanna
O29hLG_37qI,user_c45192fc409a,True,1665014400,2,positif,0.9855,positif,positif,positif,ivanna
O29hLG_37qI,user_599a8da44a34,True,1665014400,1,negatif,0.9502,netral,tanpa_emoji,negatif,ivanna
O29hLG_37qI,user_f78d3a719ef2,True,1665014400,1,negatif,0.9981,netral,tanpa_emoji,negatif,ivanna
O29hLG_37qI,user_87f5735c8a13,True,1665014400,7,negatif,0.9948,negatif,tanpa_emoji,negatif,ivanna
O29hLG_37qI,user_c8ac9100bfe0,True,1665014400,0,negatif,0.7043,negatif,negatif,negatif,ivanna
O29hLG_37qI,user_766a6ddcaa9e,True,1665014400,1,negatif,0.8895,positif,tanpa_emoji,negatif,ivanna
O29hLG_37qI,user_d9cb887f0383,True,1665014400,1,positif,0.9834,positif,tanpa_emoji,positif,ivanna
O29hLG_37qI,user_1ea43994349a,True,1665014400,1,negatif,0.9936,netral,tanpa_emoji,negatif,ivanna
O29hLG_37qI,user_369fa60a5e3c,True,1665014400,1,positif,0.8639,positif,tanpa_emoji,positif,ivanna
O29hLG_37qI,user_5ecc2f07f780,True,1665014400,1,positif,0.9976,positif,positif,positif,ivanna
O29hLG_37qI,user_2b258295f9e2,True,1665014400,0,negatif,0.6504,netral,tanpa_emoji,negatif,ivanna
O29hLG_37qI,user_95212d9dc648,True,1665014400,0,negatif,0.7599,netral,tanpa_emoji,negatif,ivanna
O29hLG_37qI,user_afc534396972,True,1665014400,0,positif,0.997,positif,tanpa_emoji,positif,ivanna
O29hLG_37qI,user_41150afb3913,True,1665014400,0,positif,0.9969,positif,tanpa_emoji,positif,ivanna
O29hLG_37qI,user_30d0c3eb8ca4,True,1665014400,0,positif,0.9973,positif,tanpa_emoji,positif,ivanna
O29hLG_37qI,user_b78828455bd0,True,1665014400,0,netral,0.8234,netral,tanpa_emoji,netral,ivanna
O29hLG_37qI,user_8f6908d3fbf2,True,1665014400,0,netral,0.8023,netral,tanpa_emoji,netral,ivanna
O29hLG_37qI,user_c8ac9100bfe0,True,1665014400,0,negatif,0.9337,netral,tanpa_emoji,negatif,ivanna
O29hLG_37qI,user_c8ac9100bfe0,True,1665014400,0,positif,0.5116,positif,positif,positif,ivanna
O29hLG_37qI,user_16a09664a784,True,1665014400,0,netral,0.616,netral,tanpa_emoji,netral,ivanna
O29hLG_37qI,user_b7b947a5771d,True,1665014400,0,negatif,0.8221,netral,tanpa_emoji,negatif,ivanna
O29hLG_37qI,user_1348a21e2948,True,1665014400,0,negatif,0.7447,positif,tanpa_emoji,negatif,ivanna
O29hLG_37qI,user_423d4696e08a,True,1665014400,0,positif,0.9867,netral,tanpa_emoji,positif,ivanna
O29hLG_37qI,user_8eef5cbac65f,True,1665014400,0,negatif,0.4779,netral,tanpa_emoji,negatif,ivanna
O29hLG_37qI,user_69ef0c466488,True,1665014400,0,negatif,0.9992,positif,tanpa_emoji,negatif,ivanna
O29hLG_37qI,user_0c81e88707da,True,1665014400,0,negatif,0.9982,negatif,netral,negatif,ivanna
O29hLG_37qI,user_69ef0c466488,True,1665014400,0,negatif,0.9915,negatif,netral,negatif,ivanna
O29hLG_37qI,user_0c81e88707da,True,1665014400,0,positif,0.7089,positif,tanpa_emoji,positif,ivanna
O29hLG_37qI,user_69ef0c466488,True,1665014400,0,negatif,0.8932,positif,positif,negatif,ivanna
O29hLG_37qI,user_681cc85d8376,True,1665014400,0,positif,0.9779,positif,tanpa_emoji,positif,ivanna
O29hLG_37qI,user_23cc4b38d9b4,True,1665014400,0,positif,0.9694,positif,tanpa_emoji,positif,ivanna
O29hLG_37qI,user_2356633bfed0,True,1665014400,0,positif,0.9132,netral,tanpa_emoji,positif,ivanna
O29hLG_37qI,user_a2e74a7ea74a,True,1665014400,0,positif,0.9973,netral,tanpa_emoji,positif,ivanna
O29hLG_37qI,user_4dbce19c4b3f,True,1665014400,0,negatif,0.6648,positif,tanpa_emoji,negatif,ivanna
O29hLG_37qI,user_d8cf87195c8c,True,1665014400,0,negatif,0.8947,netral,tanpa_emoji,negatif,ivanna
O29hLG_37qI,user_6884fe03a28b,True,1665014400,0,negatif,0.9951,netral,netral,negatif,ivanna
O29hLG_37qI,user_a18137b3a8e5,True,1665014400,0,positif,0.8332,positif,positif,positif,ivanna
O29hLG_37qI,user_77581295fac6,True,1665014400,0,negatif,0.7463,positif,netral,negatif,ivanna
O29hLG_37qI,user_aeae205f3a7e,True,1665014400,0,positif,0.8252,positif,tanpa_emoji,positif,ivanna
O29hLG_37qI,user_5373bcdb1b4b,True,1665014400,0,negatif,0.9771,negatif,tanpa_emoji,negatif,ivanna
O29hLG_37qI,user_aeae205f3a7e,True,1665014400,1,positif,0.5544,netral,tanpa_emoji,positif,ivanna
O29hLG_37qI,user_97a45a0b587c,True,1665014400,1,negatif,0.995,positif,tanpa_emoji,negatif,ivanna
O29hLG_37qI,user_19dc2df1a1c6,True,1665014400,0,positif,0.4613,positif,positif,positif,ivanna
O29hLG_37qI,user_50ff2d4a7439,True,1665014400,0,negatif,0.9982,netral,tanpa_emoji,negatif,ivanna
O29hLG_37qI,user_32f6f97851c8,True,1665014400,0,netral,0.9882,netral,tanpa_emoji,netral,ivanna
O29hLG_37qI,user_dc0ee3e1dbb8,True,1696550400,0,negatif,0.6697,netral,tanpa_emoji,negatif,ivanna
O29hLG_37qI,user_0dfc2d6807f7,True,1759708800,0,positif,0.9942,netral,tanpa_emoji,positif,ivanna
O29hLG_37qI,user_cfb75cd7bb4c,True,1665014400,14,positif,0.6399,netral,tanpa_emoji,positif,ivanna
O29hLG_37qI,user_f33c88f06bfc,True,1665014400,13,positif,0.9977,positif,positif,positif,ivanna
O29hLG_37qI,user_74273f04fdd3,True,1665014400,19,negatif,0.9774,negatif,tanpa_emoji,negatif,ivanna
O29hLG_37qI,user_e020973ab6c1,True,1665014400,0,netral,0.6197,netral,tanpa_emoji,netral,ivanna
O29hLG_37qI,user_674dabb5a348,True,1665014400,0,positif,0.5196,netral,tanpa_emoji,positif,ivanna
O29hLG_37qI,user_aeae205f3a7e,True,1665014400,1,positif,0.996,negatif,tanpa_emoji,positif,ivanna
O29hLG_37qI,user_5f80597e6138,True,1665014400,5,negatif,0.753,positif,tanpa_emoji,negatif,ivanna
O29hLG_37qI,user_f33c88f06bfc,True,1665014400,1,negatif,0.6924,netral,tanpa_emoji,negatif,ivanna
O29hLG_37qI,user_091f804dda33,True,1665014400,1,negatif,0.9721,positif,tanpa_emoji,negatif,ivanna
O29hLG_37qI,user_aac59cecdc4c,True,1665014400,0,positif,0.4867,positif,tanpa_emoji,positif,ivanna
O29hLG_37qI,user_50ff2d4a7439,True,1665014400,0,negatif,0.9986,negatif,tanpa_emoji,negatif,ivanna
O29hLG_37qI,user_7da25b769680,True,1665014400,7,positif,0.7807,positif,netral,positif,ivanna
O29hLG_37qI,user_e020973ab6c1,True,1665014400,0,negatif,0.7016,netral,tanpa_emoji,negatif,ivanna
O29hLG_37qI,user_aac59cecdc4c,True,1665014400,0,negatif,0.659,positif,tanpa_emoji,negatif,ivanna
O29hLG_37qI,user_c3de835f11b2,True,1665014400,0,negatif,0.937,netral,tanpa_emoji,negatif,ivanna
O29hLG_37qI,user_2da8215513ad,True,1665014400,4,positif,0.9928,netral,tanpa_emoji,positif,ivanna
O29hLG_37qI,user_abeb2303c267,True,1665014400,3,negatif,0.9975,netral,tanpa_emoji,negatif,ivanna
O29hLG_37qI,user_67ce68cec927,True,1665014400,0,positif,0.9399,netral,tanpa_emoji,positif,ivanna
O29hLG_37qI,user_56a6899e83af,False,1665014400,1400,positif,0.8925,positif,positif,positif,ivanna
O29hLG_37qI,user_d3d7847f29e3,True,1665014400,28,positif,0.9711,positif,positif,positif,ivanna
O29hLG_37qI,user_0d857395e67d,True,1665014400,3,positif,0.9776,positif,tanpa_emoji,positif,ivanna
O29hLG_37qI,user_3a9b18402d38,True,1665014400,0,netral,0.589,positif,tanpa_emoji,netral,ivanna
O29hLG_37qI,user_1c427e433967,True,1665014400,2,negatif,0.499,positif,positif,positif,ivanna
O29hLG_37qI,user_089818e72192,True,1665014400,1,negatif,0.8442,positif,tanpa_emoji,negatif,ivanna
O29hLG_37qI,user_d634564b5af2,True,1665014400,1,netral,0.7968,netral,tanpa_emoji,netral,ivanna
O29hLG_37qI,user_82cab536e8d3,True,1665014400,1,positif,0.8594,positif,tanpa_emoji,positif,ivanna
O29hLG_37qI,user_2f958dc1ab62,True,1665014400,0,netral,0.9676,netral,tanpa_emoji,netral,ivanna
O29hLG_37qI,user_16a09664a784,True,1665014400,1,netral,0.7188,netral,tanpa_emoji,netral,ivanna
O29hLG_37qI,user_97cf5d5b0eac,True,1665014400,0,positif,0.9523,positif,positif,positif,ivanna
O29hLG_37qI,user_bb5367f14496,True,1665014400,0,positif,0.9892,positif,tanpa_emoji,positif,ivanna
O29hLG_37qI,user_9498b528a78c,True,1665014400,0,negatif,0.9187,positif,tanpa_emoji,negatif,ivanna
O29hLG_37qI,user_84b03889723d,True,1665014400,0,netral,0.5512,positif,positif,positif,ivanna
O29hLG_37qI,user_a2df27560b47,True,1665014400,0,positif,0.988,positif,positif,positif,ivanna
O29hLG_37qI,user_ce447047a68a,True,1665014400,0,netral,0.6301,netral,netral,netral,ivanna
O29hLG_37qI,user_1b7e111a21b2,True,1665014400,0,positif,0.5893,netral,netral,positif,ivanna
O29hLG_37qI,user_2a2a8a8ea85b,True,1665014400,0,netral,0.8766,netral,tanpa_emoji,netral,ivanna
O29hLG_37qI,user_c7ad840378ff,True,1665014400,0,positif,0.5715,positif,positif,positif,ivanna
O29hLG_37qI,user_25bee1566322,True,1665014400,0,positif,0.9379,positif,positif,positif,ivanna
O29hLG_37qI,user_0dfc2d6807f7,True,1759708800,0,netral,0.5843,netral,tanpa_emoji,netral,ivanna
O29hLG_37qI,user_c7a83f9ee780,True,1783296000,0,negatif,0.5794,positif,positif,positif,ivanna
O29hLG_37qI,user_85296b28a227,False,1665014400,2300,positif,0.9348,positif,tanpa_emoji,positif,ivanna
O29hLG_37qI,user_ed151ec93dd3,True,1665014400,36,negatif,0.9788,netral,tanpa_emoji,negatif,ivanna
O29hLG_37qI,user_aea7b1adbdb6,True,1665014400,22,positif,0.9913,positif,netral,positif,ivanna
O29hLG_37qI,user_85296b28a227,True,1665014400,18,positif,0.4439,positif,tanpa_emoji,positif,ivanna
O29hLG_37qI,user_491a7351e5ea,True,1665014400,14,positif,0.6829,positif,tanpa_emoji,positif,ivanna
O29hLG_37qI,user_6189faf4ce22,False,1665014400,28,positif,0.9989,positif,tanpa_emoji,positif,ivanna
O29hLG_37qI,user_88bdc749f809,False,1696550400,9,positif,0.8736,positif,tanpa_emoji,positif,ivanna
O29hLG_37qI,user_27fcd936e003,False,1665014400,28,positif,0.8054,netral,tanpa_emoji,positif,ivanna
O29hLG_37qI,user_986ef74ea047,False,1665014400,339,positif,0.6958,positif,tanpa_emoji,positif,ivanna
O29hLG_37qI,user_ae6a21f8cc6a,False,1665014400,990,negatif,0.9944,negatif,tanpa_emoji,negatif,ivanna
O29hLG_37qI,user_bdcccac07f0a,False,1665014400,11,positif,0.8767,netral,tanpa_emoji,positif,ivanna
O29hLG_37qI,user_454309333831,False,1665014400,15,positif,0.9854,netral,tanpa_emoji,positif,ivanna
O29hLG_37qI,user_22bee1d83106,False,1665014400,1600,positif,0.9516,negatif,tanpa_emoji,positif,ivanna
O29hLG_37qI,user_a859f8ea9923,False,1665014400,182,positif,0.9349,positif,netral,positif,ivanna
O29hLG_37qI,user_1810fba86495,False,1665014400,243,positif,0.9713,positif,tanpa_emoji,positif,ivanna
O29hLG_37qI,user_fd17566eb14c,False,1696550400,19,netral,0.908,netral,tanpa_emoji,netral,ivanna
O29hLG_37qI,user_dc0726529164,False,1665014400,99,positif,0.9977,positif,positif,positif,ivanna
O29hLG_37qI,user_0e479c6a2e89,False,1665014400,314,negatif,0.5788,netral,tanpa_emoji,negatif,ivanna
O29hLG_37qI,user_f43870e4f598,False,1665014400,8,positif,0.8621,netral,tanpa_emoji,positif,ivanna
O29hLG_37qI,user_2cd53fa3701d,False,1665014400,12,positif,0.6119,positif,positif,positif,ivanna
O29hLG_37qI,user_4edda3fc64af,False,1665014400,7,negatif,0.9988,positif,positif,negatif,ivanna
O29hLG_37qI,user_401023d52968,False,1665014400,7,positif,0.971,netral,tanpa_emoji,positif,ivanna
O29hLG_37qI,user_0d92442689d7,False,1665014400,566,positif,0.8375,positif,positif,positif,ivanna
O29hLG_37qI,user_f086b9fffb0f,False,1665014400,516,negatif,0.764,netral,tanpa_emoji,negatif,ivanna
O29hLG_37qI,user_057b12c25252,False,1665014400,18,positif,0.8939,negatif,tanpa_emoji,positif,ivanna
O29hLG_37qI,user_2d7494dd5ebf,False,1665014400,7,positif,0.8064,positif,tanpa_emoji,positif,ivanna
O29hLG_37qI,user_ebe2c57fdc91,False,1665014400,6,negatif,0.9855,netral,tanpa_emoji,negatif,ivanna
O29hLG_37qI,user_cd63aa1c96f8,False,1665014400,35,positif,0.9978,positif,positif,positif,ivanna
O29hLG_37qI,user_57badbaf4bd7,False,1665014400,5,negatif,0.5732,netral,tanpa_emoji,negatif,ivanna
O29hLG_37qI,user_3f1d765a6749,False,1665014400,345,positif,0.997,positif,tanpa_emoji,positif,ivanna
O29hLG_37qI,user_e7ed7b361696,False,1665014400,7,negatif,0.7544,netral,tanpa_emoji,negatif,ivanna
O29hLG_37qI,user_be0555e38d06,False,1665014400,13,positif,0.9877,positif,positif,positif,ivanna
O29hLG_37qI,user_6999efbc799e,False,1665014400,43,positif,0.9849,positif,tanpa_emoji,positif,ivanna
O29hLG_37qI,user_1849bc6cb84a,False,1665014400,10,positif,0.998,positif,positif,positif,ivanna
O29hLG_37qI,user_74c0405f6260,False,1665014400,72,positif,0.9967,positif,positif,positif,ivanna
O29hLG_37qI,user_a4ed68f13fb5,False,1665014400,6,positif,0.9791,positif,positif,positif,ivanna
O29hLG_37qI,user_be36259b9823,False,1665014400,7,positif,0.9975,positif,tanpa_emoji,positif,ivanna
O29hLG_37qI,user_278c0c85eb6f,False,1665014400,36,positif,0.9671,positif,tanpa_emoji,positif,ivanna
O29hLG_37qI,user_5f45a045d78c,False,1665014400,22,positif,0.9964,positif,positif,positif,ivanna
O29hLG_37qI,user_60285e81a69f,False,1665014400,42,positif,0.8329,netral,netral,positif,ivanna
O29hLG_37qI,user_48b738c57065,False,1665014400,11,positif,0.9931,netral,tanpa_emoji,positif,ivanna
O29hLG_37qI,user_0b8ea9b105d4,False,1665014400,7,negatif,0.8385,netral,netral,negatif,ivanna
O29hLG_37qI,user_736cb1ef9aeb,False,1665014400,21,positif,0.9829,positif,positif,positif,ivanna
O29hLG_37qI,user_b591d8566b9f,False,1665014400,43,positif,0.967,positif,positif,positif,ivanna
O29hLG_37qI,user_95212d9dc648,False,1665014400,61,positif,0.9933,positif,tanpa_emoji,positif,ivanna
O29hLG_37qI,user_ebfcde3e690e,False,1665014400,9,positif,0.4502,positif,positif,positif,ivanna
O29hLG_37qI,user_44b5020774c0,False,1665014400,4,positif,0.9594,netral,tanpa_emoji,positif,ivanna
O29hLG_37qI,user_f114f4d7c9f8,False,1665014400,7,positif,0.8632,positif,positif,positif,ivanna
O29hLG_37qI,user_67935880e745,False,1665014400,13,positif,0.9954,positif,tanpa_emoji,positif,ivanna
O29hLG_37qI,user_11fc6500ee4c,False,1665014400,5,positif,0.9748,positif,tanpa_emoji,positif,ivanna
O29hLG_37qI,user_1743268f506b,False,1665014400,4,negatif,0.9446,netral,tanpa_emoji,negatif,ivanna
O29hLG_37qI,user_1d6922a940d6,False,1665014400,3,positif,0.9364,positif,tanpa_emoji,positif,ivanna
O29hLG_37qI,user_eb5205b3cb78,False,1665014400,21,positif,0.9347,positif,positif,positif,ivanna
O29hLG_37qI,user_1ff6f1ac0930,False,1665014400,226,positif,0.998,negatif,tanpa_emoji,positif,ivanna
O29hLG_37qI,user_c788ac6e54cf,False,1665014400,19,positif,0.627,netral,tanpa_emoji,positif,ivanna
O29hLG_37qI,user_7f9abadeeb88,False,1665014400,3,positif,0.9946,netral,netral,positif,ivanna
O29hLG_37qI,user_ce4edcf00747,False,1665014400,4,positif,0.5463,positif,tanpa_emoji,positif,ivanna
O29hLG_37qI,user_0c03d0436642,False,1665014400,8,positif,0.9762,positif,tanpa_emoji,positif,ivanna
O29hLG_37qI,user_21109ca41764,False,1665014400,6,positif,0.6641,netral,tanpa_emoji,positif,ivanna
O29hLG_37qI,user_e06bf01fbce7,False,1665014400,10,positif,0.9951,negatif,tanpa_emoji,positif,ivanna
O29hLG_37qI,user_84a63d70ede1,False,1665014400,8,negatif,0.792,positif,positif,negatif,ivanna
O29hLG_37qI,user_a2df27560b47,False,1665014400,7,positif,0.972,positif,positif,positif,ivanna
O29hLG_37qI,user_a00cb86f61f3,False,1665014400,4,positif,0.9968,positif,tanpa_emoji,positif,ivanna
O29hLG_37qI,user_617ee7aa78cb,False,1665014400,17,negatif,0.9766,netral,tanpa_emoji,negatif,ivanna
O29hLG_37qI,user_cb392fcb6777,False,1665014400,85,positif,0.9968,negatif,tanpa_emoji,positif,ivanna
O29hLG_37qI,user_d6740277bb73,False,1696550400,3,positif,0.902,netral,netral,positif,ivanna
O29hLG_37qI,user_7877c4f8094a,False,1665014400,6,negatif,0.984,netral,positif,negatif,ivanna
O29hLG_37qI,user_efdb1e5c44c1,False,1665014400,8,negatif,0.997,positif,positif,negatif,ivanna
O29hLG_37qI,user_06d9136131ff,False,1665014400,7,negatif,0.9582,positif,positif,negatif,ivanna
O29hLG_37qI,user_afd74ffda5bd,False,1728172800,3,positif,0.993,positif,positif,positif,ivanna
O29hLG_37qI,user_cb34c25e8f82,False,1665014400,4,positif,0.9164,positif,positif,positif,ivanna
O29hLG_37qI,user_ba93816eeb16,False,1665014400,3,negatif,0.6214,positif,positif,negatif,ivanna
O29hLG_37qI,user_24a8f73d77fc,False,1665014400,33,positif,0.9906,positif,positif,positif,ivanna
O29hLG_37qI,user_403563571599,False,1665014400,6,positif,0.982,positif,tanpa_emoji,positif,ivanna
O29hLG_37qI,user_23f15bad243a,False,1665014400,6,positif,0.9568,positif,positif,positif,ivanna
O29hLG_37qI,user_c9d249644567,False,1665014400,6,positif,0.9952,positif,positif,positif,ivanna
O29hLG_37qI,user_800cfa587815,False,1665014400,3,negatif,0.7592,netral,tanpa_emoji,negatif,ivanna
O29hLG_37qI,user_5f1558b905e3,False,1665014400,4,positif,0.9309,positif,tanpa_emoji,positif,ivanna
O29hLG_37qI,user_41982b6ae0bc,False,1665014400,3,positif,0.9899,netral,netral,positif,ivanna
O29hLG_37qI,user_47334977fa57,False,1665014400,184,negatif,0.6417,netral,tanpa_emoji,negatif,ivanna
O29hLG_37qI,user_c694c9c7a271,False,1665014400,2,positif,0.8991,netral,tanpa_emoji,positif,ivanna
O29hLG_37qI,user_bae458f7bc24,False,1665014400,3,positif,0.7936,negatif,tanpa_emoji,positif,ivanna
O29hLG_37qI,user_5151b87f3f50,False,1665014400,6,negatif,0.9928,netral,tanpa_emoji,negatif,ivanna
O29hLG_37qI,user_43e5a68bc2e6,False,1665014400,3,positif,0.9865,positif,positif,positif,ivanna
O29hLG_37qI,user_08c8ec018776,False,1665014400,2,positif,0.9864,positif,tanpa_emoji,positif,ivanna
O29hLG_37qI,user_5fe177cb1a28,False,1665014400,2,negatif,0.7887,netral,tanpa_emoji,negatif,ivanna
O29hLG_37qI,user_d10891c5c84b,False,1665014400,2,positif,0.9736,positif,positif,positif,ivanna
O29hLG_37qI,user_923458012ff3,False,1665014400,74,positif,0.9919,positif,positif,positif,ivanna
O29hLG_37qI,user_79fa4c0297e5,False,1665014400,28,positif,0.9938,netral,tanpa_emoji,positif,ivanna
O29hLG_37qI,user_0b3dfbead32b,False,1696550400,5,netral,0.5278,netral,netral,netral,ivanna
O29hLG_37qI,user_3ec99f60d559,False,1665014400,2,positif,0.9586,netral,tanpa_emoji,positif,ivanna
O29hLG_37qI,user_319d18c22928,False,1665014400,2,negatif,0.999,netral,tanpa_emoji,negatif,ivanna
O29hLG_37qI,user_cdef5ddf646e,False,1665014400,12,negatif,0.7453,positif,netral,negatif,ivanna
O29hLG_37qI,user_dcc5b0735fad,False,1728172800,2,positif,0.7959,netral,tanpa_emoji,positif,ivanna
O29hLG_37qI,user_7aaada4aa78d,False,1665014400,3,positif,0.9699,positif,netral,positif,ivanna
O29hLG_37qI,user_e347e496802b,False,1665014400,2,positif,0.9974,positif,positif,positif,ivanna
O29hLG_37qI,user_8f31449e1db8,False,1665014400,2,positif,0.9974,positif,positif,positif,ivanna
O29hLG_37qI,user_832462b39600,False,1665014400,6,positif,0.9861,positif,netral,positif,ivanna
O29hLG_37qI,user_f288fc97ee9e,False,1665014400,10,negatif,0.9385,positif,tanpa_emoji,negatif,ivanna
O29hLG_37qI,user_f702a3dadc78,False,1696550400,4,negatif,0.8246,netral,tanpa_emoji,negatif,ivanna
O29hLG_37qI,user_81e2b9ef5819,False,1665014400,2,negatif,0.9845,netral,tanpa_emoji,negatif,ivanna
O29hLG_37qI,user_ef0cdbe76076,False,1665014400,2,netral,0.829,netral,tanpa_emoji,netral,ivanna
O29hLG_37qI,user_c0ad326900ca,False,1665014400,16,positif,0.996,netral,positif,positif,ivanna
O29hLG_37qI,user_8d7a59cdbe6a,False,1665014400,2,positif,0.9978,positif,tanpa_emoji,positif,ivanna
O29hLG_37qI,user_9d2844e29d67,False,1665014400,10,negatif,0.756,negatif,netral,negatif,ivanna
O29hLG_37qI,user_893e7f67b474,False,1665014400,2,positif,0.985,positif,netral,positif,ivanna
O29hLG_37qI,user_93c173b98c44,False,1665014400,2,positif,0.9625,netral,netral,positif,ivanna
O29hLG_37qI,user_debe4a13b2e6,False,1665014400,9,negatif,0.9955,netral,tanpa_emoji,negatif,ivanna
O29hLG_37qI,user_2e8d5d495793,False,1665014400,10,positif,0.996,positif,positif,positif,ivanna
O29hLG_37qI,user_b7e424b0c9c3,False,1665014400,3,positif,0.8144,netral,tanpa_emoji,positif,ivanna
O29hLG_37qI,user_e8477aefceae,False,1665014400,2,positif,0.9965,positif,positif,positif,ivanna
O29hLG_37qI,user_7e0f001129e1,False,1665014400,1,positif,0.3906,negatif,tanpa_emoji,positif,ivanna
O29hLG_37qI,user_5bc487ba979c,False,1665014400,4,positif,0.9884,positif,tanpa_emoji,positif,ivanna
O29hLG_37qI,user_bfb04c7f241e,False,1665014400,5,positif,0.9309,positif,netral,positif,ivanna
O29hLG_37qI,user_1f5d75c6c229,False,1665014400,28,positif,0.9966,positif,positif,positif,ivanna
O29hLG_37qI,user_f0f690fea0b7,False,1665014400,2,negatif,0.998,netral,tanpa_emoji,negatif,ivanna
O29hLG_37qI,user_6c728e23fe32,False,1762387200,2,negatif,0.6014,positif,tanpa_emoji,negatif,ivanna
O29hLG_37qI,user_0ae8421632ef,False,1665014400,12,positif,0.9842,positif,netral,positif,ivanna
O29hLG_37qI,user_ee569c79da44,False,1665014400,82,positif,0.6931,positif,tanpa_emoji,positif,ivanna
O29hLG_37qI,user_45ec53163843,False,1665014400,100,positif,0.998,positif,positif,positif,ivanna
O29hLG_37qI,user_7571a8174a73,False,1665014400,2,positif,0.9792,positif,tanpa_emoji,positif,ivanna
O29hLG_37qI,user_ab6adaa6854b,False,1728172800,2,netral,0.971,netral,tanpa_emoji,netral,ivanna
O29hLG_37qI,user_531df694fb15,False,1665014400,10,positif,0.989,positif,positif,positif,ivanna
O29hLG_37qI,user_c890ece797d5,False,1665014400,20,negatif,0.9468,positif,tanpa_emoji,negatif,ivanna
O29hLG_37qI,user_b924ccc9ee27,False,1665014400,3,negatif,0.8163,netral,positif,negatif,ivanna
O29hLG_37qI,user_ffdcb10377e7,False,1665014400,1,positif,0.9936,positif,tanpa_emoji,positif,ivanna
O29hLG_37qI,user_fd77ee6b0bc2,False,1696550400,2,negatif,0.9429,negatif,tanpa_emoji,negatif,ivanna
O29hLG_37qI,user_f80a6b8b0c47,False,1665014400,3,positif,0.9978,positif,positif,positif,ivanna
O29hLG_37qI,user_b0d90a634c8c,False,1665014400,76,positif,0.9934,positif,positif,positif,ivanna
O29hLG_37qI,user_24dbc937fc4a,False,1665014400,4,positif,0.9945,positif,tanpa_emoji,positif,ivanna
O29hLG_37qI,user_5264362e3572,False,1665014400,1,positif,0.9907,positif,tanpa_emoji,positif,ivanna
O29hLG_37qI,user_5577534d72ce,False,1665014400,1,positif,0.9812,positif,positif,positif,ivanna
O29hLG_37qI,user_4c8b0dfddc0b,False,1665014400,3,positif,0.9745,positif,tanpa_emoji,positif,ivanna
O29hLG_37qI,user_dd9019f76b01,False,1665014400,77,positif,0.9927,positif,positif,positif,ivanna
O29hLG_37qI,user_95077d366888,False,1665014400,8,negatif,0.5133,positif,tanpa_emoji,negatif,ivanna
O29hLG_37qI,user_30ddfdf1d90f,False,1665014400,1,positif,0.9963,positif,tanpa_emoji,positif,ivanna
O29hLG_37qI,user_3669859faa84,False,1665014400,2,negatif,0.5382,netral,tanpa_emoji,negatif,ivanna
O29hLG_37qI,user_77d8bf0cfe75,False,1665014400,24,negatif,0.8225,positif,netral,negatif,ivanna
O29hLG_37qI,user_01b5ff611955,False,1665014400,6,positif,0.9912,positif,tanpa_emoji,positif,ivanna
O29hLG_37qI,user_c0fddc8fc400,False,1665014400,4,positif,0.9589,positif,tanpa_emoji,positif,ivanna
O29hLG_37qI,user_17ad2e339ca4,False,1665014400,1,positif,0.9778,positif,tanpa_emoji,positif,ivanna
O29hLG_37qI,user_2061bbc8c848,False,1665014400,1,positif,0.9933,netral,tanpa_emoji,positif,ivanna
O29hLG_37qI,user_6e708de9daf6,False,1665014400,7,positif,0.9938,positif,netral,positif,ivanna
O29hLG_37qI,user_c15ce4f78d89,False,1665014400,3,positif,0.9535,positif,tanpa_emoji,positif,ivanna
O29hLG_37qI,user_1adf8eb32b4e,False,1665014400,2,negatif,0.9737,netral,tanpa_emoji,negatif,ivanna
O29hLG_37qI,user_d314a4f8f37b,False,1665014400,1,positif,0.9964,positif,tanpa_emoji,positif,ivanna
O29hLG_37qI,user_c89304c0f0ba,False,1665014400,1,positif,0.9952,netral,tanpa_emoji,positif,ivanna
O29hLG_37qI,user_8b9daa07e30c,False,1665014400,3,positif,0.9979,positif,tanpa_emoji,positif,ivanna
O29hLG_37qI,user_59ced83e91cf,False,1696550400,2,negatif,0.7359,netral,tanpa_emoji,negatif,ivanna
O29hLG_37qI,user_8cc40f1b06e8,False,1696550400,2,netral,0.726,positif,tanpa_emoji,netral,ivanna
O29hLG_37qI,user_1efc76805ac0,False,1665014400,2,netral,0.9541,netral,tanpa_emoji,netral,ivanna
O29hLG_37qI,user_de2d49fdd64c,False,1665014400,2,negatif,0.629,positif,tanpa_emoji,negatif,ivanna
O29hLG_37qI,user_3efbb4c73f8f,False,1665014400,3,positif,0.9447,positif,tanpa_emoji,positif,ivanna
O29hLG_37qI,user_cef0752180fd,False,1665014400,3,positif,0.9974,positif,tanpa_emoji,positif,ivanna
O29hLG_37qI,user_48c435fb328e,False,1696550400,5,positif,0.9761,positif,positif,positif,ivanna
O29hLG_37qI,user_32465c4d9249,False,1665014400,1,positif,0.8731,netral,tanpa_emoji,positif,ivanna
O29hLG_37qI,user_6e70ca027e20,False,1665014400,2,positif,0.9936,positif,tanpa_emoji,positif,ivanna
O29hLG_37qI,user_7ac69d1adeae,False,1665014400,11,positif,0.9964,positif,tanpa_emoji,positif,ivanna
O29hLG_37qI,user_9c7caf3ba886,False,1665014400,10,positif,0.9844,positif,tanpa_emoji,positif,ivanna
O29hLG_37qI,user_705471c8af8a,False,1665014400,7,positif,0.6515,negatif,tanpa_emoji,positif,ivanna
O29hLG_37qI,user_c71307ee9b71,False,1665014400,1,positif,0.9892,positif,positif,positif,ivanna
O29hLG_37qI,user_674d644e0339,False,1665014400,1,positif,0.9952,positif,positif,positif,ivanna
O29hLG_37qI,user_483e1c8c0502,False,1665014400,3,negatif,0.5339,netral,tanpa_emoji,negatif,ivanna
O29hLG_37qI,user_4f1633e18df5,False,1665014400,4,negatif,0.997,negatif,tanpa_emoji,negatif,ivanna
O29hLG_37qI,user_37ee53cd5f62,False,1665014400,3,netral,0.5907,netral,tanpa_emoji,netral,ivanna
O29hLG_37qI,user_8cd29ee1abda,False,1665014400,1,negatif,0.9944,positif,tanpa_emoji,negatif,ivanna
O29hLG_37qI,user_9f6b3f773d96,False,1665014400,2,negatif,0.9958,netral,tanpa_emoji,negatif,ivanna
O29hLG_37qI,user_e661b10ecb7d,False,1665014400,3,netral,0.8327,netral,tanpa_emoji,netral,ivanna
O29hLG_37qI,user_838f566430eb,False,1665014400,13,positif,0.9969,positif,tanpa_emoji,positif,ivanna
O29hLG_37qI,user_2aea56a4a70c,False,1665014400,3,negatif,0.9993,netral,tanpa_emoji,negatif,ivanna
O29hLG_37qI,user_7178a5e2ec41,False,1665014400,1,negatif,0.999,negatif,tanpa_emoji,negatif,ivanna
O29hLG_37qI,user_4a8589b0061d,False,1665014400,1,positif,0.9956,netral,tanpa_emoji,positif,ivanna
O29hLG_37qI,user_fa221c0d0e31,False,1665014400,3,negatif,0.9866,netral,netral,negatif,ivanna
O29hLG_37qI,user_e06bf01fbce7,False,1665014400,3,positif,0.8997,positif,tanpa_emoji,positif,ivanna
O29hLG_37qI,user_fce1a40eb264,False,1665014400,3,positif,0.8115,negatif,netral,positif,ivanna
O29hLG_37qI,user_8ddabfc206f0,False,1665014400,1,positif,0.9819,positif,tanpa_emoji,positif,ivanna
O29hLG_37qI,user_7d8cd42651d5,False,1665014400,1,positif,0.9833,positif,tanpa_emoji,positif,ivanna
O29hLG_37qI,user_426f5bffa05b,False,1665014400,2,positif,0.9926,netral,tanpa_emoji,positif,ivanna
O29hLG_37qI,user_cd1809061a18,False,1665014400,3,negatif,0.9972,positif,tanpa_emoji,negatif,ivanna
O29hLG_37qI,user_074f7cc49e7d,False,1665014400,1,positif,0.9767,netral,tanpa_emoji,positif,ivanna
O29hLG_37qI,user_8c8650004154,False,1665014400,1,positif,0.9835,positif,tanpa_emoji,positif,ivanna
O29hLG_37qI,user_6c688f2f9cea,False,1665014400,1,positif,0.9953,positif,tanpa_emoji,positif,ivanna
O29hLG_37qI,user_277e3f5e3c85,False,1665014400,1,positif,0.8553,positif,positif,positif,ivanna
O29hLG_37qI,user_999ab42263fd,False,1665014400,2,netral,0.96,netral,tanpa_emoji,netral,ivanna
O29hLG_37qI,user_161e86bbce10,False,1665014400,1,negatif,0.9028,netral,tanpa_emoji,negatif,ivanna
O29hLG_37qI,user_447b7c2aa080,False,1665014400,1,positif,0.9792,positif,tanpa_emoji,positif,ivanna
O29hLG_37qI,user_6c988e3cc622,False,1665014400,1,negatif,0.8395,netral,tanpa_emoji,negatif,ivanna
O29hLG_37qI,user_6dc212d6754e,False,1665014400,1,positif,0.9946,positif,netral,positif,ivanna
O29hLG_37qI,user_355d141d7e64,False,1665014400,1,positif,0.9943,negatif,tanpa_emoji,positif,ivanna
O29hLG_37qI,user_73cc29ff5a74,False,1665014400,1,negatif,0.7989,negatif,tanpa_emoji,negatif,ivanna
O29hLG_37qI,user_41150afb3913,False,1665014400,1,positif,0.9756,positif,tanpa_emoji,positif,ivanna
O29hLG_37qI,user_04ef4866f728,False,1665014400,1,negatif,0.9791,positif,tanpa_emoji,negatif,ivanna
O29hLG_37qI,user_8e5f560e8a3b,False,1665014400,1,positif,0.9899,netral,tanpa_emoji,positif,ivanna
O29hLG_37qI,user_383c2ea79cb6,False,1665014400,1,positif,0.7154,positif,positif,positif,ivanna
O29hLG_37qI,user_2ac4ae7fb234,False,1665014400,1,positif,0.9474,netral,tanpa_emoji,positif,ivanna
O29hLG_37qI,user_31b9d2bcf289,False,1665014400,1,negatif,0.9985,negatif,tanpa_emoji,negatif,ivanna
O29hLG_37qI,user_cc99ec1c37e6,False,1665014400,1,positif,0.9764,positif,tanpa_emoji,positif,ivanna
O29hLG_37qI,user_e1a23f3f29ee,False,1696550400,1,positif,0.9151,netral,netral,positif,ivanna
O29hLG_37qI,user_8b2f907208b5,False,1665014400,1,negatif,0.9814,netral,positif,negatif,ivanna
O29hLG_37qI,user_fc3ddeeafc7c,False,1665014400,2,negatif,0.9739,positif,positif,negatif,ivanna
O29hLG_37qI,user_37f34a954daf,False,1696550400,1,negatif,0.8607,netral,netral,negatif,ivanna
O29hLG_37qI,user_5aeb0fba8118,False,1665014400,1,negatif,0.7725,negatif,tanpa_emoji,negatif,ivanna
O29hLG_37qI,user_7cfcc95ea8ca,False,1665014400,1,negatif,0.752,netral,tanpa_emoji,negatif,ivanna
O29hLG_37qI,user_7253e752fff0,False,1665014400,1,negatif,0.9921,netral,netral,negatif,ivanna
O29hLG_37qI,user_40475c0728c8,False,1665014400,0,negatif,0.482,netral,tanpa_emoji,negatif,ivanna
O29hLG_37qI,user_3cdfc1516bb4,False,1665014400,1,positif,0.9871,positif,positif,positif,ivanna
O29hLG_37qI,user_3a774ba70609,False,1665014400,0,positif,0.9878,netral,tanpa_emoji,positif,ivanna
O29hLG_37qI,user_214c6a60d3f4,False,1665014400,2,netral,0.5378,positif,tanpa_emoji,netral,ivanna
O29hLG_37qI,user_78bf37ed401b,False,1665014400,1,negatif,0.9371,netral,tanpa_emoji,negatif,ivanna
O29hLG_37qI,user_7ce37f202195,False,1665014400,1,positif,0.9811,positif,tanpa_emoji,positif,ivanna
O29hLG_37qI,user_41e85d362e7a,False,1665014400,1,positif,0.99,netral,tanpa_emoji,positif,ivanna
O29hLG_37qI,user_599172ae83db,False,1665014400,1,positif,0.9919,positif,tanpa_emoji,positif,ivanna
O29hLG_37qI,user_6288f834eba4,False,1665014400,1,negatif,0.8394,netral,tanpa_emoji,negatif,ivanna
O29hLG_37qI,user_42a404cb07f9,False,1665014400,1,positif,0.9856,positif,tanpa_emoji,positif,ivanna
O29hLG_37qI,user_7e27c963bf43,False,1665014400,0,negatif,0.6476,netral,tanpa_emoji,negatif,ivanna
O29hLG_37qI,user_40692370b701,False,1665014400,2,netral,0.474,netral,tanpa_emoji,netral,ivanna
O29hLG_37qI,user_e1f1f17f2ed0,False,1665014400,2,positif,0.9942,netral,tanpa_emoji,positif,ivanna
O29hLG_37qI,user_91a6b215b26f,False,1665014400,1,positif,0.642,positif,tanpa_emoji,positif,ivanna
O29hLG_37qI,user_6147ba71d98f,False,1665014400,1,positif,0.997,netral,tanpa_emoji,positif,ivanna
O29hLG_37qI,user_c08ad7021c6b,False,1759708800,2,positif,0.6413,netral,tanpa_emoji,positif,ivanna
O29hLG_37qI,user_ff6b5a137fe4,False,1665014400,1,positif,0.9726,positif,tanpa_emoji,positif,ivanna
O29hLG_37qI,user_7549d4914d49,False,1665014400,1,positif,0.9809,positif,tanpa_emoji,positif,ivanna
O29hLG_37qI,user_63c92e628bf0,False,1665014400,1,positif,0.3859,negatif,tanpa_emoji,positif,ivanna
O29hLG_37qI,user_2eaaaf106b22,False,1759708800,1,positif,0.995,positif,positif,positif,ivanna
O29hLG_37qI,user_4d66a882c0c0,False,1665014400,0,negatif,0.9716,netral,netral,negatif,ivanna
O29hLG_37qI,user_693b29363941,False,1665014400,1,negatif,0.9985,negatif,netral,negatif,ivanna
O29hLG_37qI,user_48c435fb328e,False,1696550400,2,netral,0.9729,netral,tanpa_emoji,netral,ivanna
O29hLG_37qI,user_ea65a30a8f66,False,1665014400,0,positif,0.9802,netral,netral,positif,ivanna
O29hLG_37qI,user_46a59cded08f,False,1665014400,1,positif,0.9667,positif,positif,positif,ivanna
O29hLG_37qI,user_15c89b6911d9,False,1665014400,1,positif,0.99,netral,tanpa_emoji,positif,ivanna
O29hLG_37qI,user_4b0dd47e5749,False,1665014400,1,positif,0.9474,netral,tanpa_emoji,positif,ivanna
O29hLG_37qI,user_a67dfbf60de7,False,1665014400,0,positif,0.9864,positif,positif,positif,ivanna
O29hLG_37qI,user_a99d4546609d,False,1696550400,1,netral,0.9206,netral,tanpa_emoji,netral,ivanna
O29hLG_37qI,user_1cffc89be7e3,False,1665014400,1,positif,0.9937,positif,netral,positif,ivanna
O29hLG_37qI,user_0e0734518ef6,False,1665014400,1,negatif,0.9603,netral,tanpa_emoji,negatif,ivanna
O29hLG_37qI,user_786e2182324a,False,1665014400,1,positif,0.9863,positif,tanpa_emoji,positif,ivanna
O29hLG_37qI,user_1815f2aff355,False,1665014400,1,positif,0.9941,positif,tanpa_emoji,positif,ivanna
O29hLG_37qI,user_3d93a93a4aab,False,1665014400,0,positif,0.9938,positif,positif,positif,ivanna
O29hLG_37qI,user_388ffb15a06f,False,1665014400,1,negatif,0.6246,negatif,tanpa_emoji,negatif,ivanna
O29hLG_37qI,user_b784922fcd28,False,1665014400,2,positif,0.9786,positif,netral,positif,ivanna
O29hLG_37qI,user_eab1ccb28256,False,1665014400,1,negatif,0.9906,positif,netral,negatif,ivanna
O29hLG_37qI,user_bf98fa698490,False,1665014400,0,positif,0.9654,positif,tanpa_emoji,positif,ivanna
O29hLG_37qI,user_b8c21dff31f1,False,1728172800,1,positif,0.9902,positif,tanpa_emoji,positif,ivanna
O29hLG_37qI,user_1ef6fa8425ba,False,1665014400,1,netral,0.8947,netral,tanpa_emoji,netral,ivanna
O29hLG_37qI,user_abd1237da8b8,False,1665014400,0,positif,0.9936,positif,tanpa_emoji,positif,ivanna
O29hLG_37qI,user_16a09664a784,False,1665014400,0,negatif,0.9785,netral,positif,negatif,ivanna
O29hLG_37qI,user_448845517095,False,1665014400,1,positif,0.9926,positif,positif,positif,ivanna
O29hLG_37qI,user_b1b935b5acab,False,1665014400,0,negatif,0.5054,positif,netral,negatif,ivanna
O29hLG_37qI,user_42a3404e58ff,False,1665014400,0,positif,0.9926,positif,tanpa_emoji,positif,ivanna
O29hLG_37qI,user_56ad082bcfb1,False,1665014400,1,positif,0.9122,positif,tanpa_emoji,positif,ivanna
O29hLG_37qI,user_48c435fb328e,False,1759708800,2,negatif,0.9944,positif,tanpa_emoji,negatif,ivanna
O29hLG_37qI,user_034c31fb89f3,False,1665014400,0,netral,0.9129,netral,tanpa_emoji,netral,ivanna
O29hLG_37qI,user_1183b14fc578,False,1665014400,2,negatif,0.514,positif,tanpa_emoji,negatif,ivanna
O29hLG_37qI,user_6416b4586510,False,1665014400,0,positif,0.9947,positif,tanpa_emoji,positif,ivanna
O29hLG_37qI,user_08956ae151fc,False,1665014400,0,negatif,0.9916,positif,positif,negatif,ivanna
O29hLG_37qI,user_49551734126d,False,1665014400,0,positif,0.9948,positif,tanpa_emoji,positif,ivanna
O29hLG_37qI,user_3fa794599409,False,1665014400,1,positif,0.9974,netral,tanpa_emoji,positif,ivanna
O29hLG_37qI,user_5ccaaa629514,False,1665014400,0,negatif,0.5308,positif,tanpa_emoji,negatif,ivanna
O29hLG_37qI,user_074f7cc49e7d,False,1665014400,0,positif,0.9767,netral,tanpa_emoji,positif,ivanna
O29hLG_37qI,user_154aa33756d1,False,1665014400,0,positif,0.9764,positif,tanpa_emoji,positif,ivanna
O29hLG_37qI,user_297e5c3477c5,False,1665014400,0,positif,0.7765,netral,tanpa_emoji,positif,ivanna
O29hLG_37qI,user_a0a4233c7949,False,1665014400,0,positif,0.9673,positif,tanpa_emoji,positif,ivanna
O29hLG_37qI,user_3a40b8092e33,False,1665014400,1,negatif,0.5019,positif,tanpa_emoji,negatif,ivanna
O29hLG_37qI,user_a281fc4c377f,False,1665014400,0,positif,0.9766,positif,netral,positif,ivanna
O29hLG_37qI,user_8f4732e082f8,False,1665014400,1,positif,0.9976,negatif,tanpa_emoji,positif,ivanna
O29hLG_37qI,user_fad15cede0fe,False,1665014400,0,positif,0.9947,positif,positif,positif,ivanna
O29hLG_37qI,user_4114e4766dc0,False,1665014400,0,positif,0.6604,netral,tanpa_emoji,positif,ivanna
O29hLG_37qI,user_3fa794599409,False,1665014400,1,positif,0.657,positif,tanpa_emoji,positif,ivanna
O29hLG_37qI,user_08dc855059a5,False,1665014400,2,negatif,0.9893,netral,netral,negatif,ivanna
O29hLG_37qI,user_ec78b12904af,False,1665014400,1,positif,0.9331,positif,netral,positif,ivanna
O29hLG_37qI,user_b88be299034a,False,1665014400,0,negatif,0.9965,positif,positif,negatif,ivanna
O29hLG_37qI,user_3680160ce031,False,1665014400,0,negatif,0.5265,netral,tanpa_emoji,negatif,ivanna
O29hLG_37qI,user_e9ec8e5f1154,False,1665014400,0,positif,0.9951,positif,positif,positif,ivanna
O29hLG_37qI,user_177d19aca4d4,False,1665014400,0,positif,0.9975,positif,tanpa_emoji,positif,ivanna
O29hLG_37qI,user_5cba02aef3e5,False,1665014400,0,positif,0.9947,positif,tanpa_emoji,positif,ivanna
O29hLG_37qI,user_319d31c8cb5b,False,1665014400,0,positif,0.9929,netral,tanpa_emoji,positif,ivanna
O29hLG_37qI,user_3e267fd0c50e,False,1665014400,1,netral,0.9243,positif,positif,netral,ivanna
O29hLG_37qI,user_8ae81b1eb98c,False,1665014400,0,negatif,0.9817,netral,tanpa_emoji,negatif,ivanna
O29hLG_37qI,user_cf1f4425917b,False,1665014400,1,netral,0.9923,netral,tanpa_emoji,netral,ivanna
O29hLG_37qI,user_9b8913c66c88,False,1665014400,0,positif,0.9946,positif,tanpa_emoji,positif,ivanna
O29hLG_37qI,user_9d2844e29d67,False,1665014400,0,positif,0.9922,positif,positif,positif,ivanna
O29hLG_37qI,user_2d7e55c7b352,False,1665014400,0,positif,0.9886,netral,tanpa_emoji,positif,ivanna
O29hLG_37qI,user_4fdd8c6e110a,False,1665014400,0,positif,0.9804,positif,positif,positif,ivanna
O29hLG_37qI,user_4f51d6f4e245,False,1665014400,0,positif,0.9974,positif,positif,positif,ivanna
O29hLG_37qI,user_49b300fe20e9,False,1665014400,0,negatif,0.5554,positif,positif,positif,ivanna
O29hLG_37qI,user_981d1f37aa84,False,1665014400,0,negatif,0.9988,negatif,tanpa_emoji,negatif,ivanna
O29hLG_37qI,user_53f09b69d585,False,1665014400,1,positif,0.9839,netral,tanpa_emoji,positif,ivanna
O29hLG_37qI,user_7fa560564e4f,False,1665014400,1,positif,0.9276,positif,tanpa_emoji,positif,ivanna
O29hLG_37qI,user_c2dce14e3da5,False,1665014400,0,positif,0.9327,positif,positif,positif,ivanna
O29hLG_37qI,user_49b300fe20e9,False,1665014400,0,negatif,0.5554,positif,positif,positif,ivanna
O29hLG_37qI,user_dbe6b4a59169,False,1665014400,0,negatif,0.8912,positif,netral,negatif,ivanna
O29hLG_37qI,user_ce100fa6f6f6,False,1696550400,0,positif,0.9954,positif,tanpa_emoji,positif,ivanna
O29hLG_37qI,user_4f3d4749d8a0,False,1665014400,0,positif,0.4599,netral,tanpa_emoji,positif,ivanna
O29hLG_37qI,user_3a5a5596b5ab,False,1665014400,1,positif,0.7198,netral,tanpa_emoji,positif,ivanna
O29hLG_37qI,user_5d47ac286356,False,1665014400,1,positif,0.7687,positif,tanpa_emoji,positif,ivanna
O29hLG_37qI,user_d10ef632bbec,False,1665014400,0,negatif,0.6903,netral,tanpa_emoji,negatif,ivanna
O29hLG_37qI,user_eb8d0f0d9cc9,False,1665014400,0,negatif,0.9914,netral,netral,negatif,ivanna
O29hLG_37qI,user_d14ea1296243,False,1665014400,1,negatif,0.7479,netral,tanpa_emoji,negatif,ivanna
O29hLG_37qI,user_8728065c9eb6,False,1665014400,0,positif,0.9717,positif,positif,positif,ivanna
O29hLG_37qI,user_a6b6b1a71c53,False,1665014400,0,positif,0.9967,positif,tanpa_emoji,positif,ivanna
O29hLG_37qI,user_3a755392fab3,False,1665014400,0,positif,0.9978,netral,tanpa_emoji,positif,ivanna
O29hLG_37qI,user_8e8ceadfff53,False,1665014400,1,negatif,0.5986,positif,tanpa_emoji,negatif,ivanna
O29hLG_37qI,user_40a04f556677,False,1665014400,0,positif,0.9978,positif,positif,positif,ivanna
O29hLG_37qI,user_df8006356937,False,1770336000,0,positif,0.996,positif,tanpa_emoji,positif,ivanna
O29hLG_37qI,user_41150afb3913,False,1665014400,0,positif,0.9537,positif,tanpa_emoji,positif,ivanna
O29hLG_37qI,user_c6291050d2fd,False,1665014400,0,positif,0.9902,positif,tanpa_emoji,positif,ivanna
O29hLG_37qI,user_88bde9d110a4,False,1665014400,0,positif,0.7391,netral,tanpa_emoji,positif,ivanna
O29hLG_37qI,user_7815bf0ac6ac,False,1665014400,0,negatif,0.999,positif,tanpa_emoji,negatif,ivanna
O29hLG_37qI,user_615db30bd839,False,1665014400,0,positif,0.7906,negatif,tanpa_emoji,positif,ivanna
O29hLG_37qI,user_769e685ea423,False,1665014400,0,negatif,0.7214,netral,tanpa_emoji,negatif,ivanna
O29hLG_37qI,user_92e960341c88,False,1665014400,0,negatif,0.8629,netral,tanpa_emoji,negatif,ivanna
O29hLG_37qI,user_915447afec1d,False,1665014400,0,positif,0.9989,negatif,netral,positif,ivanna
O29hLG_37qI,user_c2254edb9c90,False,1665014400,0,positif,0.7902,netral,tanpa_emoji,positif,ivanna
O29hLG_37qI,user_49922a3782c2,False,1665014400,0,positif,0.9646,positif,tanpa_emoji,positif,ivanna
O29hLG_37qI,user_595a5ee51ba6,False,1665014400,0,positif,0.9368,netral,tanpa_emoji,positif,ivanna
O29hLG_37qI,user_87c827da036f,False,1665014400,0,negatif,0.977,netral,tanpa_emoji,negatif,ivanna
O29hLG_37qI,user_4e259f981d4d,False,1696550400,0,positif,0.9961,positif,tanpa_emoji,positif,ivanna
O29hLG_37qI,user_30d0c3eb8ca4,False,1665014400,0,positif,0.9973,positif,tanpa_emoji,positif,ivanna
O29hLG_37qI,user_3e03d9d8e7ee,False,1665014400,0,negatif,0.5484,positif,tanpa_emoji,negatif,ivanna
O29hLG_37qI,user_0df95f3085c7,False,1665014400,0,negatif,0.9884,netral,tanpa_emoji,negatif,ivanna
O29hLG_37qI,user_72515bce9343,False,1665014400,0,positif,0.9814,netral,tanpa_emoji,positif,ivanna
O29hLG_37qI,user_a5a0ede21b0e,False,1665014400,1,positif,0.9965,positif,positif,positif,ivanna
O29hLG_37qI,user_916ec50fbe1a,False,1665014400,0,negatif,0.4419,netral,netral,negatif,ivanna
O29hLG_37qI,user_582d2b190bf1,False,1665014400,0,positif,0.9804,positif,positif,positif,ivanna
O29hLG_37qI,user_4d5a73fa1e39,False,1665014400,0,negatif,0.7188,netral,netral,negatif,ivanna
O29hLG_37qI,user_9212459094eb,False,1665014400,1,positif,0.9955,netral,tanpa_emoji,positif,ivanna
O29hLG_37qI,user_fb852fcb1f3b,False,1665014400,0,positif,0.9984,positif,tanpa_emoji,positif,ivanna
O29hLG_37qI,user_b3e292aac3e3,False,1665014400,0,positif,0.9957,positif,tanpa_emoji,positif,ivanna
O29hLG_37qI,user_ebaecf3c1249,False,1665014400,0,negatif,0.745,negatif,tanpa_emoji,negatif,ivanna
O29hLG_37qI,user_e494a29a0a09,False,1665014400,0,positif,0.9918,positif,positif,positif,ivanna
O29hLG_37qI,user_6fcd22def7a3,False,1665014400,0,positif,0.9597,positif,tanpa_emoji,positif,ivanna
O29hLG_37qI,user_18738738b73f,False,1665014400,0,positif,0.8251,positif,netral,positif,ivanna
O29hLG_37qI,user_91597c0c58eb,False,1665014400,0,netral,0.9013,netral,tanpa_emoji,netral,ivanna
O29hLG_37qI,user_764defa86f47,False,1696550400,0,positif,0.9939,positif,tanpa_emoji,positif,ivanna
O29hLG_37qI,user_82db686569c8,False,1665014400,0,negatif,0.9757,netral,netral,negatif,ivanna
O29hLG_37qI,user_91597c0c58eb,False,1665014400,0,netral,0.9013,netral,tanpa_emoji,netral,ivanna
O29hLG_37qI,user_d9ffb26d15b3,False,1665014400,1,positif,0.6472,positif,tanpa_emoji,positif,ivanna
O29hLG_37qI,user_538766e8ac46,False,1665014400,0,positif,0.7417,positif,tanpa_emoji,positif,ivanna
O29hLG_37qI,user_4881a442a3c0,False,1665014400,0,positif,0.9982,positif,tanpa_emoji,positif,ivanna
O29hLG_37qI,user_ec4a058b8566,False,1665014400,0,netral,0.9764,netral,tanpa_emoji,netral,ivanna
O29hLG_37qI,user_0f9db6178a9f,False,1665014400,1,negatif,0.7345,negatif,tanpa_emoji,negatif,ivanna
O29hLG_37qI,user_8f973f46ab24,False,1665014400,0,positif,0.9974,positif,tanpa_emoji,positif,ivanna
O29hLG_37qI,user_8ab789e634a9,False,1665014400,0,positif,0.992,negatif,tanpa_emoji,positif,ivanna
O29hLG_37qI,user_52139912433f,False,1665014400,1,positif,0.9872,netral,tanpa_emoji,positif,ivanna
O29hLG_37qI,user_211738a49063,False,1665014400,0,negatif,0.9463,netral,tanpa_emoji,negatif,ivanna
O29hLG_37qI,user_21640e8732c3,False,1665014400,0,negatif,0.8479,netral,tanpa_emoji,negatif,ivanna
O29hLG_37qI,user_cc38263fec6d,False,1665014400,1,negatif,0.9781,netral,tanpa_emoji,negatif,ivanna
O29hLG_37qI,user_e28a55f9263c,False,1665014400,0,positif,0.6834,netral,netral,positif,ivanna
O29hLG_37qI,user_ee56cce354b0,False,1665014400,0,negatif,0.7184,negatif,tanpa_emoji,negatif,ivanna
O29hLG_37qI,user_ab0b3ebf67b0,False,1665014400,0,negatif,0.9864,netral,tanpa_emoji,negatif,ivanna
O29hLG_37qI,user_a15d1338c351,False,1665014400,0,negatif,0.8005,netral,tanpa_emoji,negatif,ivanna
O29hLG_37qI,user_f90f2bd144ce,False,1665014400,2,negatif,0.9898,netral,tanpa_emoji,negatif,ivanna
O29hLG_37qI,user_d799824f20c5,False,1696550400,0,positif,0.9843,netral,tanpa_emoji,positif,ivanna
O29hLG_37qI,user_ffa39bfe6b0b,False,1665014400,0,negatif,0.9971,negatif,netral,negatif,ivanna
O29hLG_37qI,user_27f6cd7deabe,False,1665014400,0,positif,0.8844,positif,positif,positif,ivanna
O29hLG_37qI,user_bcdcd2f2fa46,False,1665014400,0,positif,0.9887,positif,tanpa_emoji,positif,ivanna
O29hLG_37qI,user_3680160ce031,False,1665014400,0,positif,0.9949,positif,tanpa_emoji,positif,ivanna
O29hLG_37qI,user_c501eecf08a6,False,1665014400,1,negatif,0.9944,netral,netral,negatif,ivanna
O29hLG_37qI,user_24620f3b259a,False,1665014400,0,negatif,0.6978,netral,tanpa_emoji,negatif,ivanna
O29hLG_37qI,user_763dc87153ab,False,1665014400,0,negatif,0.7944,positif,positif,negatif,ivanna
O29hLG_37qI,user_476ec3e9cab5,False,1665014400,0,positif,0.5685,netral,tanpa_emoji,positif,ivanna
O29hLG_37qI,user_3eb4407db06d,False,1665014400,0,positif,0.866,netral,tanpa_emoji,positif,ivanna
O29hLG_37qI,user_af2aec756122,False,1665014400,1,negatif,0.9858,positif,positif,positif,ivanna
O29hLG_37qI,user_b07c105fa3a7,False,1665014400,0,negatif,0.7563,negatif,netral,negatif,ivanna
O29hLG_37qI,user_d4402f2889a0,False,1665014400,0,positif,0.868,netral,tanpa_emoji,positif,ivanna
O29hLG_37qI,user_acf2b32cae92,False,1665014400,0,negatif,0.6233,netral,netral,negatif,ivanna
O29hLG_37qI,user_e66c5b101cbd,False,1665014400,1,positif,0.9978,positif,positif,positif,ivanna
O29hLG_37qI,user_bee5260e367f,False,1665014400,0,negatif,0.9911,positif,netral,negatif,ivanna
O29hLG_37qI,user_dd622220e833,False,1665014400,2,negatif,0.9683,netral,tanpa_emoji,negatif,ivanna
O29hLG_37qI,user_bbbbc668125c,False,1665014400,0,negatif,0.5337,netral,tanpa_emoji,negatif,ivanna
O29hLG_37qI,user_c0fcc74fe964,False,1665014400,0,negatif,0.9704,positif,netral,negatif,ivanna
O29hLG_37qI,user_15706589554b,False,1665014400,1,negatif,0.8439,netral,tanpa_emoji,negatif,ivanna
O29hLG_37qI,user_8402e8bb9f19,False,1696550400,0,positif,0.9921,positif,positif,positif,ivanna
O29hLG_37qI,user_b98c517f4fbd,False,1665014400,0,positif,0.9937,positif,tanpa_emoji,positif,ivanna
O29hLG_37qI,user_bd6a1ee45d3b,False,1665014400,0,negatif,0.6309,positif,positif,negatif,ivanna
O29hLG_37qI,user_170b545e59cb,False,1665014400,0,positif,0.9907,netral,tanpa_emoji,positif,ivanna
O29hLG_37qI,user_ca33ec80fb02,False,1665014400,0,positif,0.9943,negatif,tanpa_emoji,positif,ivanna
O29hLG_37qI,user_f9aaeaa35e3b,False,1665014400,0,positif,0.9961,negatif,tanpa_emoji,positif,ivanna
O29hLG_37qI,user_cb2b358fed54,False,1665014400,0,positif,0.7164,positif,tanpa_emoji,positif,ivanna
O29hLG_37qI,user_a0d5416706d3,False,1665014400,0,positif,0.9023,positif,tanpa_emoji,positif,ivanna
O29hLG_37qI,user_cbdf1300f728,False,1665014400,0,positif,0.9909,positif,tanpa_emoji,positif,ivanna
O29hLG_37qI,user_fc3ddeeafc7c,False,1665014400,0,positif,0.6741,positif,tanpa_emoji,positif,ivanna
O29hLG_37qI,user_c1a24bb64992,False,1665014400,0,positif,0.9982,positif,tanpa_emoji,positif,ivanna
O29hLG_37qI,user_0bae4fd5ac55,False,1665014400,0,netral,0.9911,netral,tanpa_emoji,netral,ivanna
O29hLG_37qI,user_2580099c079e,False,1665014400,0,positif,0.9955,positif,tanpa_emoji,positif,ivanna
O29hLG_37qI,user_e50e0af7cba0,False,1696550400,0,positif,0.9939,positif,tanpa_emoji,positif,ivanna
O29hLG_37qI,user_241a042b0fd8,False,1665014400,0,positif,0.5685,netral,tanpa_emoji,positif,ivanna
O29hLG_37qI,user_65b60cee8e06,False,1665014400,1,negatif,0.9965,netral,positif,negatif,ivanna
O29hLG_37qI,user_cf06ad8354a5,False,1665014400,1,positif,0.5262,netral,tanpa_emoji,positif,ivanna
O29hLG_37qI,user_1e2fc586dcea,False,1665014400,0,negatif,0.7101,netral,tanpa_emoji,negatif,ivanna
O29hLG_37qI,user_c0c6fff90d56,False,1665014400,1,netral,0.4626,netral,tanpa_emoji,netral,ivanna
O29hLG_37qI,user_60fca67151c5,False,1665014400,1,negatif,0.9888,netral,tanpa_emoji,negatif,ivanna
O29hLG_37qI,user_f358d08a1b9a,False,1665014400,0,netral,0.5529,netral,tanpa_emoji,netral,ivanna
O29hLG_37qI,user_3e1f74f88bde,False,1665014400,0,negatif,0.9471,netral,tanpa_emoji,negatif,ivanna
O29hLG_37qI,user_5e8664e7c759,False,1665014400,1,netral,0.7806,netral,tanpa_emoji,netral,ivanna
O29hLG_37qI,user_592ed8acccb8,False,1696550400,0,positif,0.4565,positif,tanpa_emoji,positif,ivanna
O29hLG_37qI,user_5ce8d976b158,False,1665014400,1,negatif,0.8847,positif,tanpa_emoji,negatif,ivanna
O29hLG_37qI,user_8dbca8973f0f,False,1665014400,0,negatif,0.4116,netral,tanpa_emoji,negatif,ivanna
O29hLG_37qI,user_416669752499,False,1665014400,0,negatif,0.9707,positif,positif,negatif,ivanna
O29hLG_37qI,user_11243ceb79db,False,1665014400,1,positif,0.971,positif,positif,positif,ivanna
O29hLG_37qI,user_5ac5ea5cf110,False,1665014400,1,positif,0.9646,positif,tanpa_emoji,positif,ivanna
O29hLG_37qI,user_575095f2725e,False,1665014400,0,positif,0.992,positif,tanpa_emoji,positif,ivanna
-HuNHKFaW60,user_395e54877c5d,False,1778025600,0,negatif,0.999,negatif,tanpa_emoji,negatif,md
-HuNHKFaW60,user_b9618c394bdf,False,1772755200,0,negatif,0.9706,positif,netral,negatif,md
-HuNHKFaW60,user_aa01dad36c6c,False,1764979200,0,negatif,0.6787,netral,tanpa_emoji,negatif,md
-HuNHKFaW60,user_ca42af4bcfaa,False,1759708800,0,positif,0.9249,positif,tanpa_emoji,positif,md
-HuNHKFaW60,user_3e916dd0cec3,False,1759708800,1,positif,0.5375,netral,tanpa_emoji,positif,md
-HuNHKFaW60,user_35520113fdfa,False,1759708800,0,negatif,0.7835,netral,tanpa_emoji,negatif,md
-HuNHKFaW60,user_b99a38b8a3ce,False,1759708800,0,negatif,0.7099,netral,tanpa_emoji,negatif,md
-HuNHKFaW60,user_a2fab9179be2,False,1759708800,0,negatif,0.4984,netral,tanpa_emoji,negatif,md
-HuNHKFaW60,user_954f5464cb7c,False,1759708800,0,negatif,0.9021,netral,tanpa_emoji,negatif,md
-HuNHKFaW60,user_ea5042e5b89e,False,1759708800,0,negatif,0.9986,netral,tanpa_emoji,negatif,md
-HuNHKFaW60,user_d927699fd647,False,1759708800,0,negatif,0.6296,netral,netral,negatif,md
-HuNHKFaW60,user_5123a978c13f,False,1759708800,0,positif,0.9215,negatif,tanpa_emoji,positif,md
-HuNHKFaW60,user_d55429947366,False,1759708800,1,negatif,0.978,netral,netral,negatif,md
-HuNHKFaW60,user_0d3d6d6230a5,False,1759708800,0,netral,0.5666,netral,tanpa_emoji,netral,md
-HuNHKFaW60,user_f6bedb79d522,False,1759708800,0,positif,0.9907,positif,tanpa_emoji,positif,md
-HuNHKFaW60,user_9342b06ed142,False,1759708800,0,negatif,0.8933,negatif,tanpa_emoji,negatif,md
-HuNHKFaW60,user_aff9f9b774a1,False,1759708800,0,negatif,0.5885,netral,tanpa_emoji,negatif,md
-HuNHKFaW60,user_bd5246028e43,False,1759708800,0,netral,0.8712,negatif,tanpa_emoji,netral,md
-HuNHKFaW60,user_8f71b9fac615,False,1728172800,0,negatif,0.831,netral,tanpa_emoji,negatif,md
-HuNHKFaW60,user_60b7183f28c0,False,1728172800,1,negatif,0.9269,netral,netral,negatif,md
-HuNHKFaW60,user_e5d217edfb37,False,1728172800,0,negatif,0.9962,positif,netral,negatif,md
-HuNHKFaW60,user_da1cad949137,False,1728172800,1,positif,0.6021,netral,tanpa_emoji,positif,md
-HuNHKFaW60,user_ad1e36e4a30a,True,1728172800,0,positif,0.7054,netral,tanpa_emoji,positif,md
-HuNHKFaW60,user_3c1c5f2554e8,False,1728172800,0,positif,0.9935,positif,tanpa_emoji,positif,md
-HuNHKFaW60,user_0385a168ae55,False,1728172800,0,negatif,0.9582,positif,netral,negatif,md
-HuNHKFaW60,user_319f0d731ca2,False,1728172800,0,negatif,0.9991,negatif,tanpa_emoji,negatif,md
-HuNHKFaW60,user_d795e13d801e,False,1728172800,2,positif,0.9525,positif,tanpa_emoji,positif,md
-HuNHKFaW60,user_51b1dc5513f1,True,1728172800,0,negatif,0.9985,netral,tanpa_emoji,negatif,md
-HuNHKFaW60,user_1830c2acd33b,False,1728172800,0,netral,0.9889,positif,tanpa_emoji,netral,md
-HuNHKFaW60,user_d737820437b9,False,1728172800,0,negatif,0.9796,negatif,tanpa_emoji,negatif,md
-HuNHKFaW60,user_9f51dc52deba,False,1728172800,1,negatif,0.997,negatif,netral,negatif,md
-HuNHKFaW60,user_b56bc510d95f,False,1728172800,0,negatif,0.997,netral,netral,negatif,md
-HuNHKFaW60,user_5a3840598252,False,1728172800,2,negatif,0.8273,netral,tanpa_emoji,negatif,md
-HuNHKFaW60,user_4649d2517e69,False,1728172800,0,negatif,0.9481,netral,tanpa_emoji,negatif,md
-HuNHKFaW60,user_aca4c587b1e8,False,1728172800,0,netral,0.9436,netral,tanpa_emoji,netral,md
-HuNHKFaW60,user_e80f9625a6cd,False,1728172800,6,positif,0.9899,positif,tanpa_emoji,positif,md
-HuNHKFaW60,user_b74c76a8e9dc,True,1728172800,5,positif,0.7839,positif,tanpa_emoji,positif,md
-HuNHKFaW60,user_c9f0d204e740,False,1728172800,0,positif,0.9963,positif,tanpa_emoji,positif,md
-HuNHKFaW60,user_6ddba8b5368c,False,1728172800,1,negatif,0.9316,positif,netral,negatif,md
-HuNHKFaW60,user_c6331ddc0d2b,True,1728172800,0,negatif,0.5806,netral,tanpa_emoji,negatif,md
-HuNHKFaW60,user_aeefa61aef4b,False,1728172800,0,negatif,0.855,netral,tanpa_emoji,negatif,md
-HuNHKFaW60,user_af91dda6ae7c,False,1728172800,0,positif,0.9858,positif,tanpa_emoji,positif,md
-HuNHKFaW60,user_1265388dc43a,False,1728172800,0,positif,0.9491,netral,positif,positif,md
-HuNHKFaW60,user_3e209c129021,False,1728172800,0,netral,0.7573,netral,tanpa_emoji,netral,md
-HuNHKFaW60,user_3f8ddd6d24b9,True,1728172800,0,netral,0.9522,netral,tanpa_emoji,netral,md
-HuNHKFaW60,user_952768f9a252,False,1728172800,0,negatif,0.8992,positif,tanpa_emoji,negatif,md
-HuNHKFaW60,user_ee1eb3dc51e9,False,1728172800,0,negatif,0.4885,positif,positif,positif,md
-HuNHKFaW60,user_6c93435d9511,False,1728172800,0,negatif,0.8316,netral,tanpa_emoji,negatif,md
-HuNHKFaW60,user_79da5fa5bc3e,False,1728172800,0,negatif,0.7846,positif,positif,positif,md
-HuNHKFaW60,user_58c0c2fe2614,False,1728172800,1,negatif,0.9983,positif,netral,negatif,md
-HuNHKFaW60,user_aad9a62b0d48,False,1728172800,0,negatif,0.7857,positif,tanpa_emoji,negatif,md
-HuNHKFaW60,user_fe1d725f3797,False,1728172800,1,negatif,0.9142,netral,tanpa_emoji,negatif,md
-HuNHKFaW60,user_1090547d5c8d,False,1728172800,0,netral,0.4875,netral,tanpa_emoji,netral,md
-HuNHKFaW60,user_ae92070af57c,False,1728172800,1,positif,0.973,positif,tanpa_emoji,positif,md
-HuNHKFaW60,user_964dc73f1bc8,False,1728172800,0,negatif,0.9981,netral,tanpa_emoji,negatif,md
-HuNHKFaW60,user_140d716c498e,False,1728172800,0,negatif,0.9976,negatif,tanpa_emoji,negatif,md
-HuNHKFaW60,user_6fc1cb26156c,False,1728172800,1,negatif,0.9919,netral,tanpa_emoji,negatif,md
-HuNHKFaW60,user_de0793a6833c,False,1728172800,0,positif,0.8818,netral,tanpa_emoji,positif,md
-HuNHKFaW60,user_fec788096db2,False,1728172800,0,positif,0.5038,positif,tanpa_emoji,positif,md
-HuNHKFaW60,user_4eac349a0f0d,False,1728172800,0,negatif,0.9935,netral,netral,negatif,md
-HuNHKFaW60,user_abf9768a16d1,False,1728172800,0,negatif,0.9782,netral,netral,negatif,md
-HuNHKFaW60,user_6cf3f95661d9,False,1728172800,0,negatif,0.5661,netral,tanpa_emoji,negatif,md
-HuNHKFaW60,user_8f8e11de3b14,False,1728172800,0,positif,0.9878,positif,positif,positif,md
-HuNHKFaW60,user_f21177b3b42d,False,1728172800,1,negatif,0.9881,netral,tanpa_emoji,negatif,md
-HuNHKFaW60,user_cc639db27c4c,False,1728172800,0,negatif,0.6144,netral,tanpa_emoji,negatif,md
-HuNHKFaW60,user_835d9f8d9005,False,1728172800,0,positif,0.9804,positif,tanpa_emoji,positif,md
-HuNHKFaW60,user_c3cd6f4a3108,False,1728172800,0,negatif,0.9976,positif,netral,negatif,md
-HuNHKFaW60,user_b098cfda070c,False,1728172800,0,negatif,0.8854,netral,netral,negatif,md
-HuNHKFaW60,user_4fc7c96b3f04,False,1728172800,0,negatif,0.9868,netral,netral,negatif,md
-HuNHKFaW60,user_4b9185d40f21,False,1728172800,0,netral,0.9626,positif,positif,netral,md
-HuNHKFaW60,user_c32995591c49,False,1728172800,0,netral,0.5146,netral,tanpa_emoji,netral,md
-HuNHKFaW60,user_9db260f8ded1,False,1728172800,0,negatif,0.7355,netral,tanpa_emoji,negatif,md
-HuNHKFaW60,user_90f3d6b5a7d8,False,1728172800,23,positif,0.9308,netral,tanpa_emoji,positif,md
-HuNHKFaW60,user_6cb8a848a390,False,1728172800,0,negatif,0.9413,netral,tanpa_emoji,negatif,md
-HuNHKFaW60,user_dd3451188af4,False,1728172800,0,negatif,0.9975,positif,netral,negatif,md
-HuNHKFaW60,user_56333c6881bf,False,1728172800,0,negatif,0.9377,netral,tanpa_emoji,negatif,md
-HuNHKFaW60,user_d9530de3ea17,False,1728172800,0,negatif,0.9967,netral,tanpa_emoji,negatif,md
-HuNHKFaW60,user_3ab0df0961fd,False,1728172800,1,positif,0.9876,positif,tanpa_emoji,positif,md
-HuNHKFaW60,user_59f96a478f95,False,1728172800,0,negatif,0.9746,negatif,tanpa_emoji,negatif,md
-HuNHKFaW60,user_aabcc9be86e7,False,1728172800,0,negatif,0.9706,netral,tanpa_emoji,negatif,md
-HuNHKFaW60,user_431b94b210c2,False,1728172800,0,positif,0.8571,positif,tanpa_emoji,positif,md
-HuNHKFaW60,user_9d4254d9d996,False,1728172800,0,negatif,0.9513,positif,netral,negatif,md
-HuNHKFaW60,user_d016babfedea,False,1728172800,0,positif,0.9822,positif,tanpa_emoji,positif,md
-HuNHKFaW60,user_4c70276e951a,False,1728172800,0,negatif,0.9969,netral,netral,negatif,md
-HuNHKFaW60,user_eec299850129,False,1728172800,0,negatif,0.5384,netral,tanpa_emoji,negatif,md
-HuNHKFaW60,user_7f6c8a802fd2,False,1728172800,0,negatif,0.52,positif,tanpa_emoji,negatif,md
-HuNHKFaW60,user_43ec85d7a181,False,1728172800,2,positif,0.9364,positif,tanpa_emoji,positif,md
-HuNHKFaW60,user_47533ad6248a,False,1728172800,0,positif,0.9832,positif,positif,positif,md
-HuNHKFaW60,user_8654f1dd32bc,False,1728172800,0,negatif,0.7,positif,netral,negatif,md
-HuNHKFaW60,user_bdaa6e5c24f5,False,1728172800,0,negatif,0.7458,netral,tanpa_emoji,negatif,md
-HuNHKFaW60,user_f234497a769d,False,1728172800,0,negatif,0.9243,netral,tanpa_emoji,negatif,md
-HuNHKFaW60,user_a5ba9ec56da1,False,1728172800,1,positif,0.9101,negatif,netral,positif,md
-HuNHKFaW60,user_3a39831a9b92,True,1728172800,0,negatif,0.985,netral,tanpa_emoji,negatif,md
-HuNHKFaW60,user_1df0fa96c48a,True,1728172800,0,negatif,0.485,netral,netral,negatif,md
-HuNHKFaW60,user_1710f5ccc2c8,False,1728172800,0,negatif,0.9979,positif,netral,negatif,md
-HuNHKFaW60,user_a5f162f2cd1b,False,1728172800,0,negatif,0.9907,netral,tanpa_emoji,negatif,md
-HuNHKFaW60,user_7e697f34df9e,False,1728172800,0,negatif,0.9788,netral,tanpa_emoji,negatif,md
-HuNHKFaW60,user_61882764511e,False,1728172800,0,positif,0.4668,netral,tanpa_emoji,positif,md
-HuNHKFaW60,user_1865503b77db,False,1728172800,0,negatif,0.9787,netral,tanpa_emoji,negatif,md
-HuNHKFaW60,user_ceafb587edc6,False,1728172800,0,negatif,0.9407,netral,tanpa_emoji,negatif,md
-HuNHKFaW60,user_44879af7f85a,False,1728172800,0,negatif,0.6942,negatif,tanpa_emoji,negatif,md
-HuNHKFaW60,user_5af503e317ba,False,1728172800,0,negatif,0.9066,netral,tanpa_emoji,negatif,md
-HuNHKFaW60,user_5931d8d19450,False,1728172800,0,positif,0.814,negatif,tanpa_emoji,positif,md
-HuNHKFaW60,user_6652b34350f1,False,1728172800,0,positif,0.3821,positif,tanpa_emoji,positif,md
-HuNHKFaW60,user_bbab30cf0bd6,False,1728172800,0,positif,0.9098,negatif,netral,positif,md
-HuNHKFaW60,user_166274a846e9,False,1728172800,1,negatif,0.978,positif,positif,negatif,md
-HuNHKFaW60,user_6b8b22cac471,False,1728172800,0,positif,0.8836,positif,tanpa_emoji,positif,md
-HuNHKFaW60,user_b00478ad3777,False,1728172800,0,negatif,0.9369,positif,positif,positif,md
-HuNHKFaW60,user_86cfd2822e32,False,1728172800,0,negatif,0.491,netral,tanpa_emoji,negatif,md
-HuNHKFaW60,user_4023982f3c51,False,1728172800,0,negatif,0.5951,negatif,tanpa_emoji,negatif,md
-HuNHKFaW60,user_3b5e4d7a3784,True,1728172800,0,netral,0.3923,netral,tanpa_emoji,netral,md
-HuNHKFaW60,user_39dcb9bc2c95,False,1728172800,0,positif,0.8865,positif,positif,positif,md
-HuNHKFaW60,user_02ac9964ed9b,True,1728172800,0,negatif,0.9778,netral,tanpa_emoji,negatif,md
-HuNHKFaW60,user_39dcb9bc2c95,True,1728172800,0,netral,0.5044,netral,tanpa_emoji,netral,md
-HuNHKFaW60,user_27b2bf9c28cf,True,1728172800,0,negatif,0.9981,netral,tanpa_emoji,negatif,md
-HuNHKFaW60,user_39dcb9bc2c95,True,1728172800,0,negatif,0.9954,netral,tanpa_emoji,negatif,md
-HuNHKFaW60,user_39dcb9bc2c95,True,1728172800,0,negatif,0.9929,netral,netral,negatif,md
-HuNHKFaW60,user_f218b778268e,False,1728172800,0,positif,0.5087,netral,tanpa_emoji,positif,md
-HuNHKFaW60,user_871d74c07dea,False,1728172800,0,netral,0.6195,netral,tanpa_emoji,netral,md
-HuNHKFaW60,user_dcc5ab63f891,False,1728172800,0,netral,0.9565,positif,positif,netral,md
-HuNHKFaW60,user_7ed0379bfec9,False,1728172800,0,negatif,0.9372,negatif,tanpa_emoji,negatif,md
-HuNHKFaW60,user_4c6e1304dd3b,False,1728172800,0,negatif,0.9187,positif,tanpa_emoji,negatif,md
-HuNHKFaW60,user_ba10a9f047ca,False,1728172800,0,negatif,0.7517,netral,tanpa_emoji,negatif,md
-HuNHKFaW60,user_36a4f39ce17a,False,1728172800,0,positif,0.6724,positif,positif,positif,md
-HuNHKFaW60,user_871219b0f3d8,False,1728172800,2,positif,0.9955,netral,tanpa_emoji,positif,md
-HuNHKFaW60,user_5269c295a6f9,False,1728172800,0,negatif,0.9797,positif,tanpa_emoji,negatif,md
-HuNHKFaW60,user_6f4bd2f1d2e6,False,1728172800,1,negatif,0.8191,positif,tanpa_emoji,negatif,md
-HuNHKFaW60,user_e2f580e20243,False,1728172800,0,positif,0.9822,positif,tanpa_emoji,positif,md
-HuNHKFaW60,user_a1a4dc896b13,False,1728172800,0,positif,0.9736,positif,tanpa_emoji,positif,md
-HuNHKFaW60,user_58dfe00143cf,False,1728172800,0,negatif,0.998,positif,netral,negatif,md
-HuNHKFaW60,user_c28e01cfa492,False,1728172800,1,negatif,0.9827,positif,tanpa_emoji,negatif,md
-HuNHKFaW60,user_5fe57fa0d02e,False,1728172800,0,positif,0.5486,positif,netral,positif,md
-HuNHKFaW60,user_39dcb9bc2c95,True,1728172800,0,negatif,0.9934,netral,netral,netral,md
-HuNHKFaW60,user_fbd6497dc3ec,False,1728172800,0,negatif,0.9788,netral,tanpa_emoji,negatif,md
-HuNHKFaW60,user_7391c9451d80,False,1728172800,1,netral,0.9558,positif,positif,netral,md
-HuNHKFaW60,user_e3726c613829,False,1728172800,1,negatif,0.5848,netral,tanpa_emoji,negatif,md
-HuNHKFaW60,user_08bcce3adf84,False,1728172800,0,negatif,0.528,netral,tanpa_emoji,negatif,md
-HuNHKFaW60,user_d987b6a0a402,False,1728172800,1,negatif,0.9108,negatif,tanpa_emoji,negatif,md
-HuNHKFaW60,user_43ec85d7a181,True,1728172800,1,negatif,0.5257,positif,tanpa_emoji,negatif,md
-HuNHKFaW60,user_d987b6a0a402,True,1728172800,0,netral,0.7364,netral,positif,netral,md
-HuNHKFaW60,user_43ec85d7a181,True,1728172800,0,negatif,0.9828,negatif,tanpa_emoji,negatif,md
-HuNHKFaW60,user_30b373eedbd7,False,1728172800,0,negatif,0.9639,negatif,netral,negatif,md
-HuNHKFaW60,user_a8e2d422852a,False,1728172800,1,negatif,0.9978,netral,tanpa_emoji,negatif,md
-HuNHKFaW60,user_c3c6144bbbe3,False,1728172800,1,negatif,0.3678,positif,positif,positif,md
-HuNHKFaW60,user_0591f40c0115,False,1728172800,2,negatif,0.9839,negatif,tanpa_emoji,negatif,md
-HuNHKFaW60,user_0e3c3dbacce5,False,1728172800,1,positif,0.9584,netral,tanpa_emoji,positif,md
-HuNHKFaW60,user_bd151f0ff8ae,False,1728172800,2,negatif,0.6826,positif,tanpa_emoji,negatif,md
-HuNHKFaW60,user_0591f40c0115,True,1728172800,0,negatif,0.522,netral,tanpa_emoji,negatif,md
-HuNHKFaW60,user_39dcb9bc2c95,True,1728172800,0,negatif,0.9979,negatif,tanpa_emoji,negatif,md
-HuNHKFaW60,user_bd151f0ff8ae,True,1728172800,0,netral,0.9591,netral,tanpa_emoji,netral,md
-HuNHKFaW60,user_d2cb1fc1d346,False,1728172800,3,negatif,0.9989,netral,tanpa_emoji,negatif,md
-HuNHKFaW60,user_39dcb9bc2c95,True,1728172800,0,negatif,0.9285,netral,netral,negatif,md
-HuNHKFaW60,user_9ef31e56c05a,False,1728172800,2,positif,0.9456,positif,positif,positif,md
-HuNHKFaW60,user_a1a4dc896b13,False,1728172800,3,negatif,0.7921,netral,tanpa_emoji,negatif,md
-HuNHKFaW60,user_a1a4dc896b13,False,1728172800,1,positif,0.401,netral,tanpa_emoji,positif,md
-HuNHKFaW60,user_51c6e96e794b,False,1728172800,3,negatif,0.9235,netral,tanpa_emoji,negatif,md
-HuNHKFaW60,user_98a3d3900e10,False,1728172800,2,negatif,0.999,negatif,netral,negatif,md
-HuNHKFaW60,user_d2cb1fc1d346,False,1728172800,4,negatif,0.9992,netral,tanpa_emoji,negatif,md
-HuNHKFaW60,user_02ac9964ed9b,True,1728172800,0,negatif,0.9778,netral,tanpa_emoji,negatif,md
-HuNHKFaW60,user_3b5e4d7a3784,True,1728172800,0,negatif,0.9982,netral,tanpa_emoji,negatif,md
-HuNHKFaW60,user_a61d3cb79a98,False,1728172800,11,positif,0.9656,negatif,tanpa_emoji,positif,md
-HuNHKFaW60,user_39dcb9bc2c95,True,1728172800,0,negatif,0.615,netral,tanpa_emoji,negatif,md
-HuNHKFaW60,user_a1a4dc896b13,False,1728172800,2,negatif,0.9804,netral,tanpa_emoji,negatif,md
-HuNHKFaW60,user_e021498e148c,False,1728172800,1,positif,0.9189,netral,tanpa_emoji,positif,md
-HuNHKFaW60,user_ab78d2b7eb86,False,1728172800,0,netral,0.7336,netral,tanpa_emoji,netral,md
-HuNHKFaW60,user_4b3673056032,False,1728172800,0,netral,0.7472,netral,tanpa_emoji,netral,md
-HuNHKFaW60,user_d746bf4c578c,False,1728172800,0,negatif,0.9653,positif,tanpa_emoji,negatif,md
-HuNHKFaW60,user_7fddaeef3ca2,False,1728172800,188,positif,0.5168,positif,tanpa_emoji,positif,md
-HuNHKFaW60,user_86cfd2822e32,True,1728172800,5,negatif,0.9842,netral,tanpa_emoji,negatif,md
-HuNHKFaW60,user_7fddaeef3ca2,True,1728172800,5,negatif,0.604,netral,tanpa_emoji,negatif,md
-HuNHKFaW60,user_86cfd2822e32,True,1728172800,0,positif,0.8577,netral,tanpa_emoji,positif,md
-HuNHKFaW60,user_0dff8c4c0cd7,True,1728172800,1,positif,0.6573,netral,netral,positif,md
-HuNHKFaW60,user_50553e4ba999,True,1728172800,0,positif,0.5166,negatif,tanpa_emoji,positif,md
-HuNHKFaW60,user_b0c3778a4db0,True,1728172800,3,negatif,0.8034,positif,tanpa_emoji,negatif,md
-HuNHKFaW60,user_c8ace41bc2c5,False,1728172800,0,negatif,0.9942,netral,tanpa_emoji,negatif,md
-HuNHKFaW60,user_391b94f3488c,False,1728172800,10,negatif,0.8386,negatif,netral,negatif,md
-HuNHKFaW60,user_630114894cf2,True,1728172800,0,negatif,0.9269,netral,tanpa_emoji,negatif,md
-HuNHKFaW60,user_66de61d01a5d,False,1728172800,3,negatif,0.9653,positif,tanpa_emoji,negatif,md
-HuNHKFaW60,user_45fc7fd62cb4,False,1728172800,0,negatif,0.9931,netral,tanpa_emoji,negatif,md
-HuNHKFaW60,user_ac9c6739df1d,False,1728172800,0,negatif,0.9228,netral,tanpa_emoji,negatif,md
-HuNHKFaW60,user_39dcb9bc2c95,True,1728172800,0,positif,0.6915,netral,netral,positif,md
-HuNHKFaW60,user_ce9cdd4b9722,False,1728172800,0,positif,0.4052,netral,tanpa_emoji,positif,md
-HuNHKFaW60,user_56d6b24989b8,False,1728172800,0,positif,0.947,positif,tanpa_emoji,positif,md
-HuNHKFaW60,user_6ffa307b5215,False,1728172800,1,positif,0.9766,positif,positif,positif,md
-HuNHKFaW60,user_c64b2f79e082,False,1728172800,0,negatif,0.999,netral,netral,negatif,md
-HuNHKFaW60,user_b9327e8bb7aa,False,1728172800,1,positif,0.9759,positif,tanpa_emoji,positif,md
-HuNHKFaW60,user_ab060177e951,False,1728172800,1,positif,0.9964,positif,netral,positif,md
-HuNHKFaW60,user_312acbe0b441,False,1728172800,2,netral,0.9563,positif,positif,netral,md
-HuNHKFaW60,user_c46189e060da,False,1728172800,0,negatif,0.4641,netral,netral,negatif,md
-HuNHKFaW60,user_2fafdedd2050,False,1728172800,17,negatif,0.9891,positif,tanpa_emoji,negatif,md
-HuNHKFaW60,user_dc5e1b8ef9ee,True,1728172800,4,negatif,0.9649,negatif,tanpa_emoji,negatif,md
-HuNHKFaW60,user_dd62087a93f1,True,1728172800,3,negatif,0.9952,netral,tanpa_emoji,negatif,md
-HuNHKFaW60,user_3bd3d05ae450,False,1728172800,0,negatif,0.9344,positif,positif,negatif,md
-HuNHKFaW60,user_9b5c435925a5,False,1728172800,1,positif,0.9333,netral,tanpa_emoji,positif,md
-HuNHKFaW60,user_0591f40c0115,True,1728172800,0,positif,0.5542,positif,tanpa_emoji,positif,md
-HuNHKFaW60,user_39dcb9bc2c95,True,1728172800,0,negatif,0.778,netral,tanpa_emoji,negatif,md
-HuNHKFaW60,user_9b5c435925a5,True,1728172800,0,negatif,0.9924,negatif,negatif,negatif,md
-HuNHKFaW60,user_8f64b608950e,False,1728172800,1,negatif,0.9613,netral,tanpa_emoji,negatif,md
-HuNHKFaW60,user_a78b1bd837e7,False,1728172800,0,negatif,0.6016,netral,tanpa_emoji,negatif,md
-HuNHKFaW60,user_a816c73f8b6e,False,1728172800,1,negatif,0.9313,netral,netral,negatif,md
-HuNHKFaW60,user_d37bdfe5f26e,False,1728172800,0,negatif,0.7922,positif,tanpa_emoji,negatif,md
-HuNHKFaW60,user_c0c962fae716,False,1728172800,0,netral,0.7905,netral,tanpa_emoji,netral,md
-HuNHKFaW60,user_12bcccaeaa8c,False,1728172800,0,negatif,0.8605,netral,tanpa_emoji,negatif,md
-HuNHKFaW60,user_a837c9e85097,False,1728172800,0,negatif,0.9556,negatif,tanpa_emoji,negatif,md
-HuNHKFaW60,user_953cf10db74e,False,1728172800,0,negatif,0.9949,netral,tanpa_emoji,negatif,md
-HuNHKFaW60,user_2b197795c36e,False,1728172800,1,positif,0.657,netral,tanpa_emoji,positif,md
-HuNHKFaW60,user_029e5e7948b6,False,1728172800,1,negatif,0.5471,netral,tanpa_emoji,negatif,md
-HuNHKFaW60,user_f60fceda20ba,False,1728172800,1,negatif,0.8664,netral,tanpa_emoji,negatif,md
-HuNHKFaW60,user_485d1113cbeb,False,1728172800,0,netral,0.7662,netral,tanpa_emoji,netral,md
-HuNHKFaW60,user_51c6e96e794b,False,1728172800,3,negatif,0.6269,negatif,tanpa_emoji,negatif,md
-HuNHKFaW60,user_b09e32545ecd,False,1728172800,0,negatif,0.5176,netral,tanpa_emoji,negatif,md
-HuNHKFaW60,user_0fde2d525a70,False,1728172800,0,negatif,0.9979,netral,tanpa_emoji,negatif,md
-HuNHKFaW60,user_8cf551eeadb7,True,1728172800,0,negatif,0.9962,negatif,netral,negatif,md
-HuNHKFaW60,user_02ba5c4db6c4,True,1728172800,0,netral,0.9831,netral,tanpa_emoji,netral,md
-HuNHKFaW60,user_990201308db8,False,1728172800,1,negatif,0.5043,negatif,tanpa_emoji,negatif,md
-HuNHKFaW60,user_9208eaa0b3ce,False,1728172800,0,negatif,0.4705,netral,tanpa_emoji,negatif,md
-HuNHKFaW60,user_92f1bb488010,False,1728172800,0,netral,0.7143,netral,tanpa_emoji,netral,md
-HuNHKFaW60,user_a65aeb4a51ab,False,1728172800,0,negatif,0.9848,netral,tanpa_emoji,negatif,md
-HuNHKFaW60,user_f5e7a10cc366,False,1728172800,1,negatif,0.9722,netral,positif,negatif,md
-HuNHKFaW60,user_efac09c362e4,False,1728172800,0,negatif,0.9328,positif,netral,negatif,md
-HuNHKFaW60,user_a61778e6de8f,False,1728172800,1,negatif,0.9986,negatif,tanpa_emoji,negatif,md
-HuNHKFaW60,user_ea15bcdc4654,False,1728172800,0,negatif,0.9957,netral,tanpa_emoji,negatif,md
-HuNHKFaW60,user_cc9f9bf22f05,False,1728172800,0,negatif,0.9778,netral,netral,negatif,md
-HuNHKFaW60,user_674320115df2,False,1728172800,0,netral,0.8156,netral,tanpa_emoji,netral,md
-HuNHKFaW60,user_e882cbc99888,False,1728172800,0,negatif,0.9953,negatif,tanpa_emoji,negatif,md
-HuNHKFaW60,user_57b4d20ec1ee,False,1728172800,0,positif,0.7947,positif,tanpa_emoji,positif,md
-HuNHKFaW60,user_6a09a8e2f9d6,False,1728172800,1,negatif,0.9915,netral,netral,negatif,md
-HuNHKFaW60,user_c2d741f516e8,False,1728172800,1,positif,0.7975,netral,tanpa_emoji,positif,md
-HuNHKFaW60,user_5b5801ae19f5,False,1728172800,0,negatif,0.998,positif,tanpa_emoji,negatif,md
-HuNHKFaW60,user_39dcb9bc2c95,True,1728172800,0,negatif,0.9698,negatif,tanpa_emoji,negatif,md
-HuNHKFaW60,user_75ce4eb9ac32,False,1728172800,1,negatif,0.8878,netral,tanpa_emoji,negatif,md
-HuNHKFaW60,user_ae146bdca635,False,1728172800,1,negatif,0.9851,negatif,tanpa_emoji,negatif,md
-HuNHKFaW60,user_35f3ecccb45c,False,1728172800,1,positif,0.9963,netral,netral,positif,md
-HuNHKFaW60,user_efa4cae6f1c1,True,1728172800,1,negatif,0.9242,netral,tanpa_emoji,negatif,md
-HuNHKFaW60,user_02ba5c4db6c4,False,1728172800,0,netral,0.9938,netral,tanpa_emoji,netral,md
-HuNHKFaW60,user_7520825f0b4d,False,1728172800,0,negatif,0.9984,netral,tanpa_emoji,negatif,md
-HuNHKFaW60,user_d586e67422c3,False,1728172800,1,positif,0.9934,positif,tanpa_emoji,positif,md
-HuNHKFaW60,user_dc108d7587fd,False,1728172800,1,negatif,0.9883,netral,tanpa_emoji,negatif,md
-HuNHKFaW60,user_887008011acc,False,1728172800,1,negatif,0.8962,netral,tanpa_emoji,negatif,md
-HuNHKFaW60,user_65330f9002ce,False,1728172800,153,positif,0.994,positif,positif,positif,md
-HuNHKFaW60,user_52a01a5f2d16,True,1728172800,2,negatif,0.9009,netral,tanpa_emoji,negatif,md
-HuNHKFaW60,user_e209cf72c190,True,1728172800,0,netral,0.5158,netral,tanpa_emoji,netral,md
-HuNHKFaW60,user_b56bc510d95f,True,1728172800,0,negatif,0.8746,netral,tanpa_emoji,negatif,md
-HuNHKFaW60,user_2602630be3d6,True,1728172800,1,negatif,0.5406,positif,netral,negatif,md
-HuNHKFaW60,user_7caa1fb7b06f,False,1728172800,0,netral,0.938,negatif,tanpa_emoji,netral,md
-HuNHKFaW60,user_2fecdf480ac1,False,1728172800,2,positif,0.9971,positif,positif,positif,md
-HuNHKFaW60,user_b6850860314f,False,1728172800,1,negatif,0.679,negatif,negatif,negatif,md
-HuNHKFaW60,user_422a4f6396be,False,1728172800,1,negatif,0.9979,netral,tanpa_emoji,negatif,md
-HuNHKFaW60,user_62ec315caafb,False,1728172800,1,positif,0.7326,positif,positif,positif,md
-HuNHKFaW60,user_f44a02a09ec9,False,1728172800,1,positif,0.8543,netral,tanpa_emoji,positif,md
-HuNHKFaW60,user_3a6fe4d4f387,False,1728172800,55,positif,0.8692,positif,tanpa_emoji,positif,md
-HuNHKFaW60,user_1e2ad11ac087,False,1728172800,1,negatif,0.8777,positif,tanpa_emoji,negatif,md
-HuNHKFaW60,user_3a810c994943,False,1728172800,1,negatif,0.8934,netral,tanpa_emoji,negatif,md
-HuNHKFaW60,user_d6392ad4e7f1,False,1728172800,25,positif,0.9991,positif,positif,positif,md
-HuNHKFaW60,user_d6392ad4e7f1,False,1728172800,9,positif,0.9983,positif,positif,positif,md
-HuNHKFaW60,user_d6392ad4e7f1,False,1728172800,5,negatif,0.9584,netral,tanpa_emoji,negatif,md
-HuNHKFaW60,user_00722fb64b0a,False,1728172800,2,netral,0.7017,netral,tanpa_emoji,netral,md
-HuNHKFaW60,user_48c435fb328e,False,1728172800,44,positif,0.9779,positif,positif,positif,md
-HuNHKFaW60,user_39dcb9bc2c95,True,1728172800,0,negatif,0.998,negatif,tanpa_emoji,negatif,md
-HuNHKFaW60,user_48c435fb328e,True,1728172800,2,netral,0.8715,netral,tanpa_emoji,netral,md
-HuNHKFaW60,user_41150afb3913,False,1728172800,6,positif,0.8434,netral,tanpa_emoji,positif,md
-HuNHKFaW60,user_0e88c452ff23,False,1728172800,0,negatif,0.9845,negatif,tanpa_emoji,negatif,md
-HuNHKFaW60,user_887008011acc,True,1728172800,0,negatif,0.7633,positif,tanpa_emoji,negatif,md
-HuNHKFaW60,user_95f4ec483b14,False,1728172800,0,negatif,0.6463,netral,tanpa_emoji,negatif,md
-HuNHKFaW60,user_1dbf5620fee9,False,1728172800,0,negatif,0.9361,netral,tanpa_emoji,negatif,md
-HuNHKFaW60,user_f89fcf15cadf,False,1728172800,0,netral,0.9498,netral,tanpa_emoji,netral,md
-HuNHKFaW60,user_573b42cee07c,False,1728172800,0,negatif,0.7321,positif,tanpa_emoji,negatif,md
-HuNHKFaW60,user_ced272254c2e,False,1728172800,1,positif,0.7119,netral,tanpa_emoji,positif,md
-HuNHKFaW60,user_8e6b64c52f7b,False,1728172800,2,netral,0.7408,positif,positif,netral,md
-HuNHKFaW60,user_b76df8364567,False,1728172800,1,positif,0.4561,netral,tanpa_emoji,positif,md
-HuNHKFaW60,user_a101c6ba8907,False,1728172800,2,negatif,0.9187,positif,tanpa_emoji,negatif,md
-HuNHKFaW60,user_d0ccc722bac0,False,1728172800,80,positif,0.7226,netral,netral,positif,md
-HuNHKFaW60,user_3c9c72837c29,True,1728172800,1,negatif,0.8963,netral,tanpa_emoji,negatif,md
-HuNHKFaW60,user_e49a5e09aabc,True,1728172800,3,netral,0.9913,netral,tanpa_emoji,netral,md
-HuNHKFaW60,user_3c9c72837c29,True,1728172800,0,netral,0.7325,netral,tanpa_emoji,netral,md
-HuNHKFaW60,user_73baa04e6e5d,False,1728172800,0,negatif,0.9982,negatif,tanpa_emoji,negatif,md
-HuNHKFaW60,user_1af4a2a77c78,False,1728172800,1,negatif,0.9961,netral,tanpa_emoji,negatif,md
-HuNHKFaW60,user_ff63da2f4338,False,1728172800,6,positif,0.9895,positif,netral,positif,md
-HuNHKFaW60,user_2cb426daa8a6,False,1728172800,2,negatif,0.9107,positif,tanpa_emoji,negatif,md
-HuNHKFaW60,user_e2320d824d47,False,1728172800,301,negatif,0.9526,netral,netral,negatif,md
-HuNHKFaW60,user_015c2cec1a7e,True,1728172800,7,negatif,0.7058,netral,tanpa_emoji,negatif,md
-HuNHKFaW60,user_e2320d824d47,True,1728172800,21,netral,0.9803,netral,tanpa_emoji,netral,md
-HuNHKFaW60,user_58c0c2fe2614,True,1728172800,2,negatif,0.8977,positif,tanpa_emoji,negatif,md
-HuNHKFaW60,user_4fc28a7f7d40,True,1728172800,0,netral,0.8673,netral,tanpa_emoji,netral,md
-HuNHKFaW60,user_4f5f988f7de8,True,1728172800,2,negatif,0.8056,netral,tanpa_emoji,negatif,md
-HuNHKFaW60,user_3b840d41ff88,True,1728172800,1,netral,0.5919,netral,tanpa_emoji,netral,md
-HuNHKFaW60,user_dbb87df7b23a,True,1728172800,0,negatif,0.7694,netral,tanpa_emoji,negatif,md
-HuNHKFaW60,user_58c0c2fe2614,True,1728172800,0,netral,0.995,negatif,tanpa_emoji,netral,md
-HuNHKFaW60,user_58c0c2fe2614,True,1728172800,0,positif,0.91,netral,netral,positif,md
-HuNHKFaW60,user_6b9925ea755b,True,1728172800,0,negatif,0.8499,negatif,netral,negatif,md
-HuNHKFaW60,user_e2320d824d47,True,1728172800,1,positif,0.9089,netral,netral,positif,md
-HuNHKFaW60,user_6b9925ea755b,True,1728172800,1,negatif,0.8221,positif,netral,negatif,md
-HuNHKFaW60,user_0529d73edf48,True,1728172800,0,netral,0.9157,netral,tanpa_emoji,netral,md
-HuNHKFaW60,user_5f9c61cc23ef,False,1728172800,18,positif,0.5157,positif,netral,positif,md
-HuNHKFaW60,user_5dcbd0bc9a7c,False,1728172800,1,negatif,0.5241,positif,positif,positif,md
-HuNHKFaW60,user_a5ba9ec56da1,True,1728172800,0,negatif,0.5094,positif,netral,negatif,md
-HuNHKFaW60,user_91f6c5dc70e6,False,1728172800,53,negatif,0.9518,netral,tanpa_emoji,negatif,md
-HuNHKFaW60,user_d40fdd67b02f,True,1728172800,0,negatif,0.8248,netral,tanpa_emoji,negatif,md
-HuNHKFaW60,user_39dcb9bc2c95,True,1728172800,0,negatif,0.925,netral,netral,negatif,md
-HuNHKFaW60,user_91f6c5dc70e6,True,1728172800,0,netral,0.9487,netral,tanpa_emoji,netral,md
-HuNHKFaW60,user_25f25479f3ec,False,1728172800,3,negatif,0.9978,negatif,tanpa_emoji,negatif,md
-HuNHKFaW60,user_20a0b23a27df,False,1728172800,0,negatif,0.9947,positif,netral,negatif,md
-HuNHKFaW60,user_f288fc97ee9e,False,1728172800,1,negatif,0.4807,negatif,tanpa_emoji,negatif,md
-HuNHKFaW60,user_7914c87ad15d,False,1728172800,0,netral,0.5467,netral,netral,netral,md
-HuNHKFaW60,user_157fa0c0298d,False,1728172800,5,negatif,0.9409,netral,netral,negatif,md
-HuNHKFaW60,user_3f5cb7b1f13f,False,1728172800,105,positif,0.7173,positif,positif,positif,md
-HuNHKFaW60,user_668018de7331,True,1728172800,0,negatif,0.536,netral,tanpa_emoji,negatif,md
-HuNHKFaW60,user_3f5cb7b1f13f,True,1728172800,0,netral,0.988,netral,tanpa_emoji,netral,md
-HuNHKFaW60,user_af050625b79c,True,1728172800,0,negatif,0.8152,netral,tanpa_emoji,negatif,md
-HuNHKFaW60,user_4aa7eb05a72a,False,1728172800,8,negatif,0.8121,netral,tanpa_emoji,negatif,md
-HuNHKFaW60,user_35f3ecccb45c,True,1728172800,2,negatif,0.9965,netral,netral,negatif,md
-HuNHKFaW60,user_a828f40ebd18,True,1728172800,0,positif,0.7309,netral,tanpa_emoji,positif,md
-HuNHKFaW60,user_dd62087a93f1,True,1728172800,0,negatif,0.7201,netral,tanpa_emoji,negatif,md
-HuNHKFaW60,user_02ba5c4db6c4,True,1728172800,0,netral,0.9831,netral,tanpa_emoji,netral,md
-HuNHKFaW60,user_85871371a446,False,1728172800,5,negatif,0.96,netral,netral,negatif,md
-HuNHKFaW60,user_8a4bab8ddcde,False,1728172800,1,negatif,0.9981,negatif,tanpa_emoji,negatif,md
-HuNHKFaW60,user_61d87cc1a28a,False,1728172800,0,netral,0.5732,netral,tanpa_emoji,netral,md
-HuNHKFaW60,user_b3817ac0077c,False,1728172800,0,negatif,0.6677,netral,tanpa_emoji,negatif,md
-HuNHKFaW60,user_8cf4ea112535,False,1728172800,1,positif,0.9863,positif,tanpa_emoji,positif,md
-HuNHKFaW60,user_2b27dbf75f30,False,1728172800,1,positif,0.7997,netral,netral,positif,md
-HuNHKFaW60,user_56cbf18dff24,False,1728172800,0,negatif,0.9957,positif,tanpa_emoji,negatif,md
-HuNHKFaW60,user_02ac9964ed9b,True,1728172800,0,negatif,0.9332,netral,tanpa_emoji,negatif,md
-HuNHKFaW60,user_56cbf18dff24,True,1728172800,0,netral,0.7789,netral,tanpa_emoji,netral,md
-HuNHKFaW60,user_cfc496454658,False,1728172800,11,negatif,0.5443,positif,positif,positif,md
-HuNHKFaW60,user_39fab79965c6,False,1728172800,5,negatif,0.9163,positif,tanpa_emoji,negatif,md
-HuNHKFaW60,user_064e02b80a49,False,1728172800,1,positif,0.9858,positif,positif,positif,md
-HuNHKFaW60,user_fbdd4a2958a4,False,1728172800,22,positif,0.9949,positif,positif,positif,md
-HuNHKFaW60,user_0591f40c0115,True,1728172800,0,positif,0.9431,netral,tanpa_emoji,positif,md
-HuNHKFaW60,user_89d5de902677,True,1728172800,0,netral,0.5594,positif,tanpa_emoji,netral,md
-HuNHKFaW60,user_39dcb9bc2c95,True,1728172800,0,negatif,0.9844,netral,tanpa_emoji,negatif,md
-HuNHKFaW60,user_89d5de902677,True,1728172800,0,negatif,0.8726,netral,tanpa_emoji,negatif,md
-HuNHKFaW60,user_fc72a363dd9d,False,1728172800,0,positif,0.941,positif,netral,positif,md
-HuNHKFaW60,user_aa4afda117c1,False,1728172800,1,negatif,0.978,positif,tanpa_emoji,negatif,md
-HuNHKFaW60,user_353970a83cf9,False,1728172800,1,negatif,0.9159,netral,tanpa_emoji,negatif,md
-HuNHKFaW60,user_7ef217168062,False,1728172800,0,negatif,0.6975,netral,tanpa_emoji,negatif,md
-HuNHKFaW60,user_137ad6304c8a,False,1728172800,2,netral,0.9885,netral,tanpa_emoji,netral,md
-HuNHKFaW60,user_04cf5fc11d81,False,1728172800,1,negatif,0.4236,positif,positif,positif,md
-HuNHKFaW60,user_9fb197eca6bf,False,1728172800,0,negatif,0.7563,netral,tanpa_emoji,negatif,md
-HuNHKFaW60,user_9fb197eca6bf,False,1728172800,0,negatif,0.7563,netral,tanpa_emoji,negatif,md
-HuNHKFaW60,user_0be04e3d099d,False,1728172800,0,negatif,0.6988,netral,tanpa_emoji,negatif,md
-HuNHKFaW60,user_cfc471a34fd4,False,1728172800,0,negatif,0.5958,netral,tanpa_emoji,negatif,md
-HuNHKFaW60,user_6c46ca24fdbd,False,1728172800,1,negatif,0.9745,netral,tanpa_emoji,negatif,md
-HuNHKFaW60,user_3e27242c5a48,False,1728172800,3,netral,0.7417,netral,tanpa_emoji,netral,md
-HuNHKFaW60,user_1a0317dfbecc,False,1728172800,1,positif,0.7211,positif,positif,positif,md
-HuNHKFaW60,user_fb06c2067d22,False,1728172800,0,netral,0.8698,netral,tanpa_emoji,netral,md
-HuNHKFaW60,user_f31342f872b6,False,1728172800,0,negatif,0.9568,negatif,tanpa_emoji,negatif,md
-HuNHKFaW60,user_6cc19b6b13c1,False,1728172800,1,negatif,0.9259,positif,positif,positif,md
-HuNHKFaW60,user_aa9711e12285,False,1728172800,0,negatif,0.9956,netral,tanpa_emoji,negatif,md
-HuNHKFaW60,user_24d9da30a8cf,True,1728172800,0,negatif,0.6238,netral,tanpa_emoji,negatif,md
-HuNHKFaW60,user_aa9711e12285,True,1728172800,0,negatif,0.5403,netral,tanpa_emoji,negatif,md
-HuNHKFaW60,user_6ffcf7fbdf2f,True,1728172800,0,negatif,0.9862,negatif,tanpa_emoji,negatif,md
-HuNHKFaW60,user_91059564b960,True,1728172800,0,netral,0.8707,netral,tanpa_emoji,netral,md
-HuNHKFaW60,user_50830803dfba,False,1728172800,1,positif,0.418,positif,positif,positif,md
-HuNHKFaW60,user_23a105a3427f,False,1728172800,0,negatif,0.9923,netral,tanpa_emoji,negatif,md
-HuNHKFaW60,user_1dab51547c2a,False,1728172800,1,netral,0.9758,netral,tanpa_emoji,netral,md
-HuNHKFaW60,user_06900a0341e8,False,1728172800,2,positif,0.9746,positif,positif,positif,md
-HuNHKFaW60,user_8b87bcbc02f7,False,1728172800,0,negatif,0.9689,negatif,tanpa_emoji,negatif,md
-HuNHKFaW60,user_5414d1b1287c,False,1728172800,4,positif,0.6259,netral,tanpa_emoji,positif,md
-HuNHKFaW60,user_a9d632c46860,False,1728172800,3,negatif,0.5293,netral,tanpa_emoji,negatif,md
-HuNHKFaW60,user_6006cde07e55,True,1728172800,0,negatif,0.6293,netral,tanpa_emoji,negatif,md
-HuNHKFaW60,user_c5d7511b397d,True,1728172800,0,netral,0.8112,netral,tanpa_emoji,netral,md
-HuNHKFaW60,user_61a1a67c6603,False,1728172800,2,negatif,0.6501,positif,positif,negatif,md
-HuNHKFaW60,user_50de3231e4f5,False,1728172800,65,positif,0.47,netral,netral,positif,md
-HuNHKFaW60,user_b9c7093c665f,True,1728172800,4,netral,0.496,netral,tanpa_emoji,netral,md
-HuNHKFaW60,user_32956897d4f0,True,1728172800,0,negatif,0.9897,netral,netral,negatif,md
-HuNHKFaW60,user_5195342308b8,True,1728172800,0,netral,0.3671,netral,tanpa_emoji,netral,md
-HuNHKFaW60,user_074a5c8f590a,True,1728172800,0,negatif,0.9257,netral,netral,negatif,md
-HuNHKFaW60,user_630ce5353def,False,1728172800,0,negatif,0.9969,netral,tanpa_emoji,negatif,md
-HuNHKFaW60,user_50de3231e4f5,True,1728172800,0,negatif,0.9962,positif,tanpa_emoji,negatif,md
-HuNHKFaW60,user_6ffcf7fbdf2f,True,1728172800,0,negatif,0.7422,netral,tanpa_emoji,negatif,md
-HuNHKFaW60,user_3469ad5c699b,False,1728172800,2,negatif,0.9903,netral,tanpa_emoji,negatif,md
-HuNHKFaW60,user_6cc19b6b13c1,True,1728172800,0,negatif,0.9909,netral,netral,netral,md
-HuNHKFaW60,user_02ba5c4db6c4,True,1728172800,0,netral,0.9938,netral,tanpa_emoji,netral,md
-HuNHKFaW60,user_28773ffd7dd1,False,1728172800,1,negatif,0.9163,netral,netral,negatif,md
-HuNHKFaW60,user_9da08a4fe08e,False,1728172800,1,negatif,0.683,netral,tanpa_emoji,negatif,md
-HuNHKFaW60,user_40f6333d4912,False,1728172800,2,negatif,0.9954,netral,tanpa_emoji,negatif,md
-HuNHKFaW60,user_644206e80026,False,1728172800,1,positif,0.5562,positif,positif,positif,md
-HuNHKFaW60,user_933322e3cb58,False,1728172800,27,negatif,0.5943,netral,tanpa_emoji,negatif,md
-HuNHKFaW60,user_c88aa9e8d134,False,1728172800,2,negatif,0.968,netral,netral,negatif,md
-HuNHKFaW60,user_84c63b200859,True,1728172800,1,negatif,0.7553,netral,tanpa_emoji,negatif,md
-HuNHKFaW60,user_5f9c61cc23ef,True,1728172800,2,negatif,0.9951,negatif,tanpa_emoji,negatif,md
-HuNHKFaW60,user_ba14c7fc7480,False,1728172800,18,negatif,0.9837,netral,tanpa_emoji,negatif,md
-HuNHKFaW60,user_5195342308b8,True,1728172800,0,negatif,0.5692,netral,tanpa_emoji,negatif,md
-HuNHKFaW60,user_65aef05d38a5,False,1728172800,1,negatif,0.9709,netral,netral,negatif,md
-HuNHKFaW60,user_7c1c91514f51,True,1728172800,0,negatif,0.9873,netral,tanpa_emoji,negatif,md
-HuNHKFaW60,user_887008011acc,True,1728172800,0,negatif,0.9927,negatif,tanpa_emoji,negatif,md
-HuNHKFaW60,user_f69266af4724,False,1728172800,2,positif,0.7676,positif,tanpa_emoji,positif,md
-HuNHKFaW60,user_dea297b60f0e,False,1728172800,5,positif,0.7783,positif,tanpa_emoji,positif,md
-HuNHKFaW60,user_858ec8da189c,False,1728172800,210,positif,0.9758,netral,tanpa_emoji,positif,md
-HuNHKFaW60,user_c5c5b384148a,False,1728172800,19,positif,0.9911,netral,tanpa_emoji,positif,md
-HuNHKFaW60,user_01d9ef6057cd,False,1728172800,4,negatif,0.9979,netral,tanpa_emoji,negatif,md
-HuNHKFaW60,user_3a7ab6393fb1,False,1728172800,2,negatif,0.9391,positif,positif,negatif,md
-HuNHKFaW60,user_7986e3571231,False,1728172800,396,negatif,0.997,netral,tanpa_emoji,negatif,md
-HuNHKFaW60,user_06574c861296,False,1728172800,5,positif,0.9826,positif,tanpa_emoji,positif,md
-HuNHKFaW60,user_b3a3e542d152,False,1728172800,36,positif,0.7319,positif,positif,positif,md
-HuNHKFaW60,user_d0c7f0b68199,False,1728172800,29,positif,0.9889,netral,tanpa_emoji,positif,md
-HuNHKFaW60,user_5ab20791f39f,False,1728172800,1,negatif,0.9899,netral,positif,negatif,md
-HuNHKFaW60,user_a807a219e9ca,False,1728172800,3,negatif,0.8469,netral,tanpa_emoji,negatif,md
-HuNHKFaW60,user_103f803185be,False,1728172800,6,negatif,0.6774,positif,positif,negatif,md
0fuFgUmW_HA,user_d600e0620ff2,False,1788652800,0,negatif,0.9987,negatif,tanpa_emoji,negatif,md
0fuFgUmW_HA,user_fecb9aa6271a,False,1778025600,0,netral,0.8421,netral,tanpa_emoji,netral,md
0fuFgUmW_HA,user_beebd4624cce,False,1778025600,1,netral,0.5058,netral,tanpa_emoji,netral,md
0fuFgUmW_HA,user_82adb0723c6f,False,1778025600,0,negatif,0.9084,positif,positif,positif,md
0fuFgUmW_HA,user_b3899ac23ea2,False,1775433600,1,netral,0.9803,netral,tanpa_emoji,netral,md
0fuFgUmW_HA,user_4d22e5ecd2aa,False,1775433600,0,positif,0.9822,positif,tanpa_emoji,positif,md
0fuFgUmW_HA,user_4d22e5ecd2aa,False,1775433600,0,negatif,0.7846,positif,positif,positif,md
0fuFgUmW_HA,user_556b45e90462,False,1775433600,0,positif,0.569,netral,tanpa_emoji,positif,md
0fuFgUmW_HA,user_d6f07d69fe5f,False,1775433600,0,negatif,0.9067,positif,tanpa_emoji,negatif,md
0fuFgUmW_HA,user_b3ad6c506faf,False,1775433600,4,positif,0.9919,positif,positif,positif,md
0fuFgUmW_HA,user_3266290f9810,False,1775433600,0,negatif,0.9437,netral,tanpa_emoji,negatif,md
0fuFgUmW_HA,user_23748941a59a,False,1775433600,0,positif,0.5647,positif,positif,positif,md
0fuFgUmW_HA,user_8e2a798f8a8f,False,1772755200,0,negatif,0.9093,positif,positif,positif,md
0fuFgUmW_HA,user_40cbb2fdf827,False,1772755200,0,negatif,0.5731,netral,netral,negatif,md
0fuFgUmW_HA,user_50335e43e1a7,False,1772755200,8,netral,0.8873,netral,tanpa_emoji,netral,md
0fuFgUmW_HA,user_2a623b6148fb,False,1772755200,1,negatif,0.5073,netral,tanpa_emoji,negatif,md
0fuFgUmW_HA,user_98e5a8dc8159,False,1770336000,1,netral,0.8728,netral,tanpa_emoji,netral,md
0fuFgUmW_HA,user_5121985b98ec,True,1770336000,0,negatif,0.9456,netral,netral,negatif,md
0fuFgUmW_HA,user_5121985b98ec,True,1770336000,0,positif,0.4995,netral,tanpa_emoji,positif,md
0fuFgUmW_HA,user_094bcd6a1084,False,1770336000,0,negatif,0.9258,positif,netral,negatif,md
0fuFgUmW_HA,user_c863868ab64b,False,1770336000,0,positif,0.8959,netral,netral,positif,md
0fuFgUmW_HA,user_a46890217e14,False,1770336000,0,negatif,0.994,netral,netral,negatif,md
0fuFgUmW_HA,user_c273aebfb23b,False,1770336000,0,negatif,0.9288,netral,tanpa_emoji,negatif,md
0fuFgUmW_HA,user_455cf6702a81,False,1770336000,0,netral,0.7831,netral,tanpa_emoji,netral,md
0fuFgUmW_HA,user_8dc8836fc570,False,1770336000,0,negatif,0.9989,negatif,tanpa_emoji,negatif,md
0fuFgUmW_HA,user_943a7bcee52d,False,1770336000,0,netral,0.9823,netral,tanpa_emoji,netral,md
0fuFgUmW_HA,user_8ef6c57454f8,False,1770336000,0,negatif,0.6771,negatif,tanpa_emoji,negatif,md
0fuFgUmW_HA,user_454528c90c92,False,1770336000,0,negatif,0.9979,negatif,tanpa_emoji,negatif,md
0fuFgUmW_HA,user_9fce9b78502d,False,1770336000,0,negatif,0.8768,netral,netral,negatif,md
0fuFgUmW_HA,user_423d4696e08a,False,1770336000,1,negatif,0.9989,netral,netral,negatif,md
0fuFgUmW_HA,user_9d1f2ef7c3c9,True,1770336000,1,positif,0.9875,positif,positif,positif,md
0fuFgUmW_HA,user_242209df95ea,True,1775433600,0,negatif,0.9989,netral,tanpa_emoji,negatif,md
0fuFgUmW_HA,user_423d4696e08a,True,1775433600,0,netral,0.9139,netral,tanpa_emoji,netral,md
0fuFgUmW_HA,user_242209df95ea,True,1775433600,0,netral,0.689,netral,tanpa_emoji,netral,md
0fuFgUmW_HA,user_423d4696e08a,True,1775433600,0,netral,0.9781,netral,tanpa_emoji,netral,md
0fuFgUmW_HA,user_423d4696e08a,True,1775433600,0,netral,0.8024,netral,tanpa_emoji,netral,md
0fuFgUmW_HA,user_19180b0ec235,False,1770336000,0,negatif,0.9886,negatif,netral,negatif,md
0fuFgUmW_HA,user_e908ef36483d,False,1770336000,0,negatif,0.9926,netral,tanpa_emoji,negatif,md
0fuFgUmW_HA,user_18c7d2543a7b,False,1770336000,0,negatif,0.9958,negatif,netral,negatif,md
0fuFgUmW_HA,user_4b74a959ffb3,True,1770336000,0,negatif,0.9812,negatif,tanpa_emoji,negatif,md
0fuFgUmW_HA,user_f31acd542c0d,False,1770336000,0,negatif,0.6776,netral,tanpa_emoji,negatif,md
0fuFgUmW_HA,user_ea9ce567b1eb,False,1770336000,0,negatif,0.655,netral,tanpa_emoji,negatif,md
0fuFgUmW_HA,user_1b2589d603bc,False,1770336000,0,positif,0.465,netral,tanpa_emoji,positif,md
0fuFgUmW_HA,user_1806c923aff9,True,1770336000,0,netral,0.5649,netral,tanpa_emoji,netral,md
0fuFgUmW_HA,user_45536b3700b0,False,1770336000,1,negatif,0.998,negatif,negatif,negatif,md
0fuFgUmW_HA,user_838a3651c35b,True,1770336000,3,positif,0.9943,positif,netral,positif,md
0fuFgUmW_HA,user_4fa40982a996,True,1770336000,0,negatif,0.9974,negatif,tanpa_emoji,negatif,md
0fuFgUmW_HA,user_7989036a08c5,False,1770336000,1,positif,0.9015,positif,netral,positif,md
0fuFgUmW_HA,user_5db06db13f18,False,1770336000,6,negatif,0.9268,netral,tanpa_emoji,negatif,md
0fuFgUmW_HA,user_1ebae52ba991,False,1770336000,0,positif,0.8435,positif,tanpa_emoji,positif,md
0fuFgUmW_HA,user_943a7bcee52d,False,1770336000,0,netral,0.9624,netral,tanpa_emoji,netral,md
0fuFgUmW_HA,user_c5c5b384148a,False,1770336000,0,positif,0.957,positif,tanpa_emoji,positif,md
0fuFgUmW_HA,user_da3f7f0f67b0,False,1770336000,9,negatif,0.973,netral,netral,negatif,md
0fuFgUmW_HA,user_a131a0ddd105,True,1772755200,1,negatif,0.5001,netral,tanpa_emoji,negatif,md
0fuFgUmW_HA,user_63e00d83ccfa,False,1770336000,0,negatif,0.7866,positif,netral,negatif,md
0fuFgUmW_HA,user_cc38263fec6d,False,1770336000,0,negatif,0.9551,netral,tanpa_emoji,negatif,md
0fuFgUmW_HA,user_1d7d893e3aef,False,1770336000,1,negatif,0.9918,negatif,netral,negatif,md
0fuFgUmW_HA,user_18c7d2543a7b,True,1770336000,1,negatif,0.9981,negatif,netral,negatif,md
0fuFgUmW_HA,user_5195342308b8,True,1770336000,0,negatif,0.4345,negatif,tanpa_emoji,negatif,md
0fuFgUmW_HA,user_1d7d893e3aef,True,1770336000,0,negatif,0.9032,netral,netral,negatif,md
0fuFgUmW_HA,user_1d7d893e3aef,True,1770336000,0,negatif,0.9899,negatif,tanpa_emoji,negatif,md
0fuFgUmW_HA,user_ed23e1a41b1a,True,1770336000,0,negatif,0.8403,positif,tanpa_emoji,negatif,md
0fuFgUmW_HA,user_f0e28bab1da3,False,1770336000,1,negatif,0.9889,negatif,tanpa_emoji,negatif,md
0fuFgUmW_HA,user_4b74a959ffb3,True,1770336000,0,negatif,0.9635,negatif,tanpa_emoji,negatif,md
0fuFgUmW_HA,user_7986e3571231,True,1770336000,0,negatif,0.9894,negatif,negatif,negatif,md
0fuFgUmW_HA,user_3e174b8389b6,False,1770336000,0,netral,0.5839,netral,tanpa_emoji,netral,md
0fuFgUmW_HA,user_ad1e36e4a30a,False,1770336000,0,positif,0.9935,positif,tanpa_emoji,positif,md
0fuFgUmW_HA,user_242209df95ea,True,1770336000,0,positif,0.4879,netral,tanpa_emoji,positif,md
0fuFgUmW_HA,user_ef3dae49d254,False,1770336000,1,negatif,0.9973,netral,tanpa_emoji,negatif,md
0fuFgUmW_HA,user_838a3651c35b,True,1770336000,1,negatif,0.976,netral,netral,negatif,md
0fuFgUmW_HA,user_c5cd775ac90a,True,1770336000,0,negatif,0.7966,netral,tanpa_emoji,negatif,md
0fuFgUmW_HA,user_13e85754d9e9,False,1770336000,1,negatif,0.4691,positif,positif,positif,md
0fuFgUmW_HA,user_0143f66f8cf3,False,1770336000,0,positif,0.8013,positif,positif,positif,md
0fuFgUmW_HA,user_2e541ee2437c,False,1770336000,0,negatif,0.9963,negatif,netral,negatif,md
0fuFgUmW_HA,user_4704b6c19453,False,1770336000,0,negatif,0.9952,negatif,tanpa_emoji,negatif,md
0fuFgUmW_HA,user_18c7d2543a7b,True,1770336000,0,negatif,0.9602,netral,tanpa_emoji,negatif,md
0fuFgUmW_HA,user_f44a02a09ec9,False,1770336000,0,negatif,0.9902,netral,tanpa_emoji,negatif,md
0fuFgUmW_HA,user_e8eedb497835,True,1770336000,0,netral,0.9131,netral,tanpa_emoji,netral,md
0fuFgUmW_HA,user_c5cd775ac90a,True,1770336000,0,negatif,0.9857,positif,positif,negatif,md
0fuFgUmW_HA,user_0428eb9a3e9d,False,1770336000,0,netral,0.9007,netral,tanpa_emoji,netral,md
0fuFgUmW_HA,user_c48c36f7cae8,False,1770336000,0,positif,0.6261,netral,tanpa_emoji,positif,md
0fuFgUmW_HA,user_5adae688efd0,False,1770336000,0,negatif,0.9783,netral,tanpa_emoji,negatif,md
0fuFgUmW_HA,user_31118518a3ed,True,1772755200,0,negatif,0.7134,netral,tanpa_emoji,negatif,md
0fuFgUmW_HA,user_0ec670223583,False,1770336000,1,negatif,0.9895,positif,positif,negatif,md
0fuFgUmW_HA,user_fdd3b03dca0c,False,1770336000,1,negatif,0.9971,positif,tanpa_emoji,negatif,md
0fuFgUmW_HA,user_362befe3dfdd,False,1770336000,0,positif,0.7986,netral,netral,positif,md
0fuFgUmW_HA,user_cc369d8fe9cd,False,1770336000,0,negatif,0.7196,netral,tanpa_emoji,negatif,md
0fuFgUmW_HA,user_cecb8972e35a,False,1770336000,0,negatif,0.755,netral,netral,negatif,md
0fuFgUmW_HA,user_f2f8e69fe4bf,False,1770336000,0,netral,0.8848,netral,netral,netral,md
0fuFgUmW_HA,user_ec963a0e2d4b,False,1770336000,5,negatif,0.9985,positif,positif,negatif,md
0fuFgUmW_HA,user_bda3fc152bb0,False,1770336000,45,netral,0.3737,netral,tanpa_emoji,netral,md
0fuFgUmW_HA,user_ba79c3df31c1,False,1770336000,6,positif,0.9702,positif,tanpa_emoji,positif,md
0fuFgUmW_HA,user_f32e4b8b0d61,True,1770336000,0,negatif,0.9866,netral,tanpa_emoji,negatif,md
0fuFgUmW_HA,user_7c14586d1180,True,1770336000,0,negatif,0.9846,netral,netral,negatif,md
0fuFgUmW_HA,user_3c36c0faba88,False,1770336000,6,negatif,0.5857,negatif,netral,negatif,md
0fuFgUmW_HA,user_0ab64dabc977,True,1770336000,0,negatif,0.6445,netral,tanpa_emoji,negatif,md
0fuFgUmW_HA,user_3c36c0faba88,True,1770336000,0,positif,0.4343,netral,netral,positif,md
0fuFgUmW_HA,user_73e6d0e4679a,False,1770336000,0,negatif,0.7977,negatif,tanpa_emoji,negatif,md
0fuFgUmW_HA,user_61248c6cbb09,False,1770336000,0,positif,0.5108,netral,tanpa_emoji,positif,md
0fuFgUmW_HA,user_8ae50e21a857,False,1770336000,1,positif,0.6588,netral,netral,positif,md
0fuFgUmW_HA,user_17f30e4aed62,False,1770336000,7,negatif,0.9481,netral,tanpa_emoji,negatif,md
0fuFgUmW_HA,user_a5ea1018967f,False,1770336000,2,negatif,0.9449,positif,positif,negatif,md
0fuFgUmW_HA,user_a91b47abf820,False,1770336000,0,negatif,0.7565,positif,tanpa_emoji,negatif,md
0fuFgUmW_HA,user_816f9ad8f51d,False,1770336000,0,negatif,0.9884,netral,tanpa_emoji,negatif,md
0fuFgUmW_HA,user_eaa15db4b11e,False,1770336000,1,negatif,0.714,positif,positif,negatif,md
0fuFgUmW_HA,user_2d1ba081f975,False,1770336000,4,netral,0.727,netral,tanpa_emoji,netral,md
0fuFgUmW_HA,user_eb0a9bf45f81,False,1770336000,1,negatif,0.9966,netral,tanpa_emoji,negatif,md
0fuFgUmW_HA,user_e332a5e637d3,True,1770336000,0,netral,0.9129,netral,tanpa_emoji,netral,md
0fuFgUmW_HA,user_eb0a9bf45f81,True,1770336000,0,netral,0.934,netral,tanpa_emoji,netral,md
0fuFgUmW_HA,user_e332a5e637d3,True,1770336000,0,netral,0.9674,netral,tanpa_emoji,netral,md
0fuFgUmW_HA,user_008d8ebcd8c2,False,1770336000,1,negatif,0.9968,netral,netral,negatif,md
0fuFgUmW_HA,user_0d9aab5bac08,True,1770336000,0,negatif,0.9894,netral,tanpa_emoji,negatif,md
0fuFgUmW_HA,user_e8eedb497835,True,1770336000,0,netral,0.8702,netral,netral,netral,md
0fuFgUmW_HA,user_2bc324461e85,False,1770336000,1,negatif,0.9713,positif,tanpa_emoji,negatif,md
0fuFgUmW_HA,user_b0c3778a4db0,False,1770336000,0,positif,0.6897,negatif,tanpa_emoji,positif,md
0fuFgUmW_HA,user_c524e7f10fc4,False,1770336000,3,negatif,0.9948,netral,netral,negatif,md
0fuFgUmW_HA,user_90893327e6e5,True,1770336000,1,positif,0.993,positif,netral,positif,md
0fuFgUmW_HA,user_4b74a959ffb3,True,1770336000,0,negatif,0.9742,positif,tanpa_emoji,negatif,md
0fuFgUmW_HA,user_0d2b15e86272,False,1770336000,0,positif,0.6318,negatif,tanpa_emoji,positif,md
0fuFgUmW_HA,user_ade87bcd7c61,False,1770336000,5,negatif,0.9868,negatif,tanpa_emoji,negatif,md
0fuFgUmW_HA,user_0e5a58428a7d,True,1770336000,3,negatif,0.8888,negatif,netral,negatif,md
0fuFgUmW_HA,user_28135478e24c,True,1770336000,1,negatif,0.9443,netral,tanpa_emoji,negatif,md
0fuFgUmW_HA,user_77d8bf0cfe75,True,1770336000,0,negatif,0.9458,negatif,netral,negatif,md
0fuFgUmW_HA,user_5195342308b8,True,1770336000,0,negatif,0.9948,negatif,netral,negatif,md
0fuFgUmW_HA,user_b9d359eb7bc7,True,1770336000,0,netral,0.874,netral,tanpa_emoji,netral,md
0fuFgUmW_HA,user_feac0e1fd19c,False,1770336000,0,negatif,0.4325,positif,positif,positif,md
0fuFgUmW_HA,user_8117e370a75e,False,1770336000,6,negatif,0.9963,netral,tanpa_emoji,negatif,md
0fuFgUmW_HA,user_0df17b57ce25,False,1770336000,1,negatif,0.7125,netral,tanpa_emoji,negatif,md
0fuFgUmW_HA,user_a10e943adc12,False,1770336000,3,negatif,0.9967,positif,tanpa_emoji,negatif,md
0fuFgUmW_HA,user_6720e3ae7376,False,1770336000,0,negatif,0.9959,positif,positif,negatif,md
0fuFgUmW_HA,user_c246595b2556,False,1770336000,1,negatif,0.9441,negatif,tanpa_emoji,negatif,md
0fuFgUmW_HA,user_08d33a1ebc67,True,1770336000,0,negatif,0.9617,netral,tanpa_emoji,negatif,md
0fuFgUmW_HA,user_d0b2667ee7b8,False,1770336000,7,positif,0.9921,positif,tanpa_emoji,positif,md
0fuFgUmW_HA,user_a200c3326ada,False,1770336000,1,negatif,0.9773,negatif,tanpa_emoji,negatif,md
0fuFgUmW_HA,user_adc1c9100075,True,1770336000,0,negatif,0.8385,netral,tanpa_emoji,negatif,md
0fuFgUmW_HA,user_09a371194a0f,False,1770336000,0,negatif,0.9806,netral,netral,negatif,md
0fuFgUmW_HA,user_b2a52245c3f3,True,1770336000,0,negatif,0.5147,netral,netral,negatif,md
0fuFgUmW_HA,user_f229a3016b27,False,1770336000,8,negatif,0.7672,netral,tanpa_emoji,negatif,md
0fuFgUmW_HA,user_ed22c76db6a3,False,1770336000,1,negatif,0.9553,netral,tanpa_emoji,negatif,md
0fuFgUmW_HA,user_0d9aab5bac08,True,1770336000,0,negatif,0.9934,netral,tanpa_emoji,negatif,md
0fuFgUmW_HA,user_841f61ce83f4,False,1770336000,2,positif,0.9978,positif,tanpa_emoji,positif,md
0fuFgUmW_HA,user_37c4d0dad688,False,1770336000,0,positif,0.9263,positif,tanpa_emoji,positif,md
0fuFgUmW_HA,user_97ff57de3116,False,1770336000,2,negatif,0.5892,netral,positif,positif,md
0fuFgUmW_HA,user_c9e1f2687fbd,False,1770336000,4,positif,0.9902,positif,positif,positif,md
0fuFgUmW_HA,user_4cefd0493049,False,1770336000,3,positif,0.9464,positif,positif,positif,md
0fuFgUmW_HA,user_17937f97b5e6,False,1770336000,1,negatif,0.5465,netral,netral,negatif,md
0fuFgUmW_HA,user_0ceae89029d0,False,1770336000,98,positif,0.9969,positif,tanpa_emoji,positif,md
0fuFgUmW_HA,user_3ffbbce54345,True,1770336000,4,negatif,0.5155,netral,tanpa_emoji,negatif,md
0fuFgUmW_HA,user_1d7d893e3aef,True,1770336000,2,negatif,0.9956,negatif,netral,negatif,md
0fuFgUmW_HA,user_e70e6dd8acca,True,1770336000,2,negatif,0.9429,netral,netral,negatif,md
0fuFgUmW_HA,user_cc6d629061cc,True,1770336000,1,positif,0.7341,netral,tanpa_emoji,positif,md
0fuFgUmW_HA,user_1d7d893e3aef,True,1770336000,0,negatif,0.9988,negatif,tanpa_emoji,negatif,md
0fuFgUmW_HA,user_f832b44ffc59,True,1770336000,0,negatif,0.9561,negatif,tanpa_emoji,negatif,md
0fuFgUmW_HA,user_1d7d893e3aef,True,1770336000,0,negatif,0.9578,negatif,tanpa_emoji,negatif,md
0fuFgUmW_HA,user_f832b44ffc59,True,1770336000,2,negatif,0.8522,netral,tanpa_emoji,negatif,md
0fuFgUmW_HA,user_23ae199d2faa,True,1775433600,3,negatif,0.4762,netral,tanpa_emoji,negatif,md
0fuFgUmW_HA,user_1d7d893e3aef,True,1775433600,0,negatif,0.9957,negatif,netral,negatif,md
0fuFgUmW_HA,user_568c124d5500,False,1770336000,17,negatif,0.985,positif,netral,negatif,md
0fuFgUmW_HA,user_e8eedb497835,True,1770336000,1,netral,0.9609,netral,tanpa_emoji,netral,md
0fuFgUmW_HA,user_6c67ff55526c,True,1770336000,0,positif,0.9496,positif,tanpa_emoji,positif,md
0fuFgUmW_HA,user_e8eedb497835,True,1770336000,1,netral,0.992,netral,tanpa_emoji,netral,md
0fuFgUmW_HA,user_28eafeb0022f,True,1770336000,1,netral,0.8994,netral,netral,netral,md
0fuFgUmW_HA,user_28eafeb0022f,True,1770336000,0,negatif,0.8882,netral,tanpa_emoji,negatif,md
0fuFgUmW_HA,user_eb941d9a99f1,False,1770336000,4,positif,0.8889,positif,positif,positif,md
0fuFgUmW_HA,user_1de81205b038,False,1770336000,4,negatif,0.6386,positif,positif,negatif,md
0fuFgUmW_HA,user_47c15fcde058,False,1770336000,1,negatif,0.989,negatif,tanpa_emoji,negatif,md
0fuFgUmW_HA,user_3ff0a83bd389,False,1770336000,4,negatif,0.7388,netral,tanpa_emoji,negatif,md
0fuFgUmW_HA,user_8ffbb99d5c06,False,1770336000,8,negatif,0.4711,positif,positif,positif,md
0fuFgUmW_HA,user_ae0493a9fd53,True,1770336000,0,positif,0.8811,negatif,tanpa_emoji,positif,md
0fuFgUmW_HA,user_19c48f22c800,True,1770336000,0,netral,0.9869,netral,tanpa_emoji,netral,md
0fuFgUmW_HA,user_de7ac7d95295,False,1770336000,5,negatif,0.8793,positif,positif,negatif,md
0fuFgUmW_HA,user_28eafeb0022f,False,1770336000,152,positif,0.9852,positif,tanpa_emoji,positif,md
0fuFgUmW_HA,user_87dee59f58be,True,1770336000,6,netral,0.9122,netral,tanpa_emoji,netral,md
0fuFgUmW_HA,user_28eafeb0022f,True,1770336000,8,negatif,0.5646,netral,tanpa_emoji,negatif,md
0fuFgUmW_HA,user_87dee59f58be,True,1770336000,0,netral,0.9232,netral,netral,netral,md
0fuFgUmW_HA,user_e70e6dd8acca,True,1770336000,0,netral,0.9798,netral,tanpa_emoji,netral,md
0fuFgUmW_HA,user_13e85754d9e9,True,1770336000,5,negatif,0.4691,positif,positif,positif,md
0fuFgUmW_HA,user_28eafeb0022f,True,1770336000,5,negatif,0.9832,netral,tanpa_emoji,negatif,md
0fuFgUmW_HA,user_1d7d893e3aef,True,1770336000,2,negatif,0.8933,negatif,negatif,negatif,md
0fuFgUmW_HA,user_28eafeb0022f,True,1770336000,4,positif,0.7251,netral,tanpa_emoji,positif,md
0fuFgUmW_HA,user_1d7d893e3aef,True,1770336000,0,negatif,0.9974,negatif,netral,negatif,md
0fuFgUmW_HA,user_28eafeb0022f,True,1770336000,4,positif,0.8894,negatif,tanpa_emoji,positif,md
0fuFgUmW_HA,user_1d7d893e3aef,True,1770336000,0,negatif,0.9852,negatif,netral,negatif,md
0fuFgUmW_HA,user_1d7d893e3aef,True,1770336000,0,negatif,0.9625,positif,tanpa_emoji,negatif,md
0fuFgUmW_HA,user_4fa40982a996,True,1770336000,1,negatif,0.9279,netral,tanpa_emoji,negatif,md
0fuFgUmW_HA,user_1d7d893e3aef,True,1770336000,0,negatif,0.9972,negatif,tanpa_emoji,negatif,md
0fuFgUmW_HA,user_c90892bbc7c2,True,1770336000,1,positif,0.9332,positif,netral,positif,md
0fuFgUmW_HA,user_1d7d893e3aef,True,1770336000,0,negatif,0.9974,negatif,tanpa_emoji,negatif,md
0fuFgUmW_HA,user_6b71f146154b,True,1772755200,0,negatif,0.5662,positif,netral,negatif,md
0fuFgUmW_HA,user_423d4696e08a,True,1770336000,0,negatif,0.9977,netral,tanpa_emoji,negatif,md
0fuFgUmW_HA,user_83c289e698fc,False,1770336000,4,negatif,0.9785,positif,tanpa_emoji,negatif,md
0fuFgUmW_HA,user_2c21b5e9a9bc,False,1770336000,51,negatif,0.8924,positif,tanpa_emoji,negatif,md
0fuFgUmW_HA,user_7d4d2c05726c,True,1770336000,10,negatif,0.9774,netral,tanpa_emoji,negatif,md
0fuFgUmW_HA,user_04785621ad8b,True,1770336000,4,netral,0.4782,netral,tanpa_emoji,netral,md
0fuFgUmW_HA,user_209b34af99e9,False,1770336000,7,positif,0.6265,netral,tanpa_emoji,positif,md
0fuFgUmW_HA,user_dcc5b0735fad,True,1770336000,1,negatif,0.9956,netral,netral,negatif,md
0fuFgUmW_HA,user_2105983b3f28,True,1770336000,1,negatif,0.8755,netral,tanpa_emoji,negatif,md
0fuFgUmW_HA,user_2537dd8cdffd,True,1770336000,0,netral,0.9827,netral,tanpa_emoji,netral,md
0fuFgUmW_HA,user_00690246358b,True,1770336000,0,netral,0.9753,netral,netral,netral,md
0fuFgUmW_HA,user_fede6b43440d,True,1770336000,0,netral,0.5419,negatif,tanpa_emoji,netral,md
0fuFgUmW_HA,user_00690246358b,True,1770336000,0,negatif,0.7761,netral,tanpa_emoji,negatif,md
0fuFgUmW_HA,user_86cfd2822e32,True,1770336000,0,positif,0.3719,negatif,tanpa_emoji,positif,md
0fuFgUmW_HA,user_00690246358b,True,1770336000,0,negatif,0.6588,netral,tanpa_emoji,negatif,md
0fuFgUmW_HA,user_fede6b43440d,True,1770336000,0,negatif,0.6289,netral,tanpa_emoji,negatif,md
0fuFgUmW_HA,user_17937f97b5e6,True,1770336000,0,netral,0.9952,netral,tanpa_emoji,netral,md
0fuFgUmW_HA,user_84974d88ac2f,False,1770336000,5,negatif,0.676,netral,tanpa_emoji,negatif,md
0fuFgUmW_HA,user_d96e3dd9145a,False,1770336000,7,negatif,0.999,netral,tanpa_emoji,negatif,md
0fuFgUmW_HA,user_a8f61dffb84b,False,1770336000,4,negatif,0.5179,netral,tanpa_emoji,negatif,md
5qRWqIlUIrM,user_d2df847e70e1,False,1790380800,0,negatif,0.9988,netral,tanpa_emoji,negatif,md
5qRWqIlUIrM,user_afca2c7ea0f9,False,1790380800,0,positif,0.8901,positif,netral,positif,md
5qRWqIlUIrM,user_868078a8c730,False,1788652800,0,negatif,0.9863,negatif,tanpa_emoji,negatif,md
5qRWqIlUIrM,user_a3167d57b4e9,False,1785974400,0,negatif,0.9992,netral,tanpa_emoji,negatif,md
5qRWqIlUIrM,user_fa33971633d8,False,1783296000,0,positif,0.9872,netral,tanpa_emoji,positif,md
5qRWqIlUIrM,user_f39692dff046,False,1780704000,0,negatif,0.9445,netral,tanpa_emoji,negatif,md
5qRWqIlUIrM,user_d37423433fbd,False,1775433600,0,negatif,0.9433,netral,netral,negatif,md
5qRWqIlUIrM,user_d0ae40cce069,False,1775433600,0,negatif,0.9791,negatif,tanpa_emoji,negatif,md
5qRWqIlUIrM,user_dbfe820c0279,False,1767657600,0,netral,0.6639,netral,tanpa_emoji,netral,md
5qRWqIlUIrM,user_5b56d127ed7f,False,1767657600,0,negatif,0.6763,positif,tanpa_emoji,negatif,md
5qRWqIlUIrM,user_0fdc73f0b09d,False,1767657600,0,positif,0.9896,netral,positif,positif,md
5qRWqIlUIrM,user_f34d88eff457,False,1764979200,0,negatif,0.5938,netral,tanpa_emoji,negatif,md
5qRWqIlUIrM,user_9aebd04cb96d,False,1764979200,0,negatif,0.9882,positif,tanpa_emoji,negatif,md
5qRWqIlUIrM,user_42a5c2163a69,False,1764979200,1,netral,0.7528,netral,tanpa_emoji,netral,md
5qRWqIlUIrM,user_00931dd5679f,False,1759708800,0,negatif,0.7822,negatif,netral,negatif,md
5qRWqIlUIrM,user_00931dd5679f,False,1759708800,2,negatif,0.8057,netral,tanpa_emoji,negatif,md
5qRWqIlUIrM,user_c85839768b61,False,1759708800,1,positif,0.9881,positif,positif,positif,md
5qRWqIlUIrM,user_42b4ba4c7bc0,False,1759708800,1,negatif,0.7621,netral,tanpa_emoji,negatif,md
5qRWqIlUIrM,user_76c006de159f,True,1759708800,1,negatif,0.9885,netral,tanpa_emoji,negatif,md
5qRWqIlUIrM,user_eabe5d9498bc,True,1767657600,0,negatif,0.9447,netral,tanpa_emoji,negatif,md
5qRWqIlUIrM,user_cbe7f4baba13,False,1759708800,1,positif,0.6847,positif,positif,positif,md
5qRWqIlUIrM,user_aadec6d017bd,False,1759708800,2,negatif,0.8911,netral,tanpa_emoji,negatif,md
5qRWqIlUIrM,user_b30b9511f17c,False,1759708800,1,negatif,0.9992,positif,netral,negatif,md
5qRWqIlUIrM,user_a4f09cf23e01,False,1759708800,1,negatif,0.89,netral,tanpa_emoji,negatif,md
5qRWqIlUIrM,user_e45d9a0a2935,False,1759708800,3,netral,0.6757,netral,tanpa_emoji,netral,md
5qRWqIlUIrM,user_76c006de159f,False,1759708800,3,positif,0.9933,netral,tanpa_emoji,positif,md
5qRWqIlUIrM,user_187e9482c8d9,False,1759708800,1,negatif,0.4927,netral,tanpa_emoji,negatif,md
5qRWqIlUIrM,user_3541767426fb,False,1759708800,0,negatif,0.9678,netral,tanpa_emoji,negatif,md
5qRWqIlUIrM,user_130e1b8a042a,False,1759708800,0,positif,0.9976,positif,tanpa_emoji,positif,md
5qRWqIlUIrM,user_47af859700be,False,1759708800,0,positif,0.9911,positif,tanpa_emoji,positif,md
5qRWqIlUIrM,user_cab1ff992c1a,False,1759708800,0,negatif,0.9257,netral,tanpa_emoji,negatif,md
5qRWqIlUIrM,user_d14ea1296243,False,1759708800,0,positif,0.5152,positif,positif,positif,md
5qRWqIlUIrM,user_cf437c62cf9b,False,1759708800,0,netral,0.8862,netral,tanpa_emoji,netral,md
5qRWqIlUIrM,user_ee77520c4b47,False,1759708800,0,positif,0.9634,positif,tanpa_emoji,positif,md
5qRWqIlUIrM,user_df2676b7ee50,False,1759708800,0,negatif,0.9973,netral,tanpa_emoji,negatif,md
5qRWqIlUIrM,user_38817062ba13,False,1759708800,1,negatif,0.8341,netral,tanpa_emoji,negatif,md
5qRWqIlUIrM,user_9e134a5d9bad,False,1759708800,1,negatif,0.3705,netral,tanpa_emoji,negatif,md
5qRWqIlUIrM,user_3efd8f4aa8ac,False,1759708800,2,positif,0.4881,positif,positif,positif,md
5qRWqIlUIrM,user_a02149fc6fb8,False,1759708800,0,negatif,0.9621,netral,tanpa_emoji,negatif,md
5qRWqIlUIrM,user_e817e16b4a1a,False,1759708800,1,negatif,0.9941,netral,tanpa_emoji,negatif,md
5qRWqIlUIrM,user_7f0e43043273,False,1759708800,1,positif,0.7095,netral,tanpa_emoji,positif,md
5qRWqIlUIrM,user_64ad42d7667a,False,1759708800,3,negatif,0.4786,positif,positif,positif,md
5qRWqIlUIrM,user_32af37e88162,False,1759708800,2,negatif,0.966,netral,netral,negatif,md
5qRWqIlUIrM,user_0cd4920a72ce,False,1759708800,1,netral,0.4106,netral,tanpa_emoji,netral,md
5qRWqIlUIrM,user_b91e420767fa,False,1759708800,0,negatif,0.971,netral,tanpa_emoji,negatif,md
5qRWqIlUIrM,user_7c8e3ab50bc6,True,1759708800,0,negatif,0.5097,netral,tanpa_emoji,negatif,md
5qRWqIlUIrM,user_b91e420767fa,True,1759708800,0,netral,0.72,netral,tanpa_emoji,netral,md
5qRWqIlUIrM,user_2d3425e6a72a,False,1759708800,1,negatif,0.8895,netral,tanpa_emoji,negatif,md
5qRWqIlUIrM,user_67bc833f921a,False,1759708800,1,negatif,0.7505,netral,tanpa_emoji,negatif,md
5qRWqIlUIrM,user_7c4b8aea2b71,False,1728172800,1,negatif,0.8161,negatif,tanpa_emoji,negatif,md
5qRWqIlUIrM,user_197886977b2b,False,1728172800,1,positif,0.6752,netral,tanpa_emoji,positif,md
5qRWqIlUIrM,user_03c0a2ada4ad,False,1728172800,1,positif,0.7753,netral,tanpa_emoji,positif,md
5qRWqIlUIrM,user_ddf17d80569d,False,1728172800,1,positif,0.567,positif,tanpa_emoji,positif,md
5qRWqIlUIrM,user_e315d8f2f27f,False,1728172800,1,negatif,0.9921,netral,netral,negatif,md
5qRWqIlUIrM,user_e49959633c3f,False,1728172800,1,negatif,0.965,netral,tanpa_emoji,negatif,md
5qRWqIlUIrM,user_2fd837d61f4d,False,1728172800,1,negatif,0.9333,negatif,tanpa_emoji,negatif,md
5qRWqIlUIrM,user_ceb3855c810d,False,1728172800,1,positif,0.9093,positif,netral,positif,md
5qRWqIlUIrM,user_4d33e9d0d7b5,False,1728172800,1,negatif,0.9962,netral,tanpa_emoji,negatif,md
5qRWqIlUIrM,user_922a13744bef,True,1728172800,1,negatif,0.9973,netral,tanpa_emoji,negatif,md
5qRWqIlUIrM,user_18df62607792,True,1728172800,1,negatif,0.989,netral,netral,netral,md
5qRWqIlUIrM,user_6b66a3f58af9,False,1728172800,1,netral,0.9653,netral,netral,netral,md
5qRWqIlUIrM,user_907236bcb810,False,1728172800,13,negatif,0.713,negatif,netral,negatif,md
5qRWqIlUIrM,user_c5ca1bbe3ad9,False,1728172800,0,netral,0.4211,netral,tanpa_emoji,netral,md
5qRWqIlUIrM,user_bcc621201bb8,False,1728172800,1,positif,0.5468,negatif,tanpa_emoji,positif,md
5qRWqIlUIrM,user_5fbc1659205f,False,1728172800,1,negatif,0.9734,netral,netral,negatif,md
5qRWqIlUIrM,user_929c380cfdf2,False,1728172800,0,negatif,0.6816,positif,tanpa_emoji,negatif,md
5qRWqIlUIrM,user_76c006de159f,True,1759708800,0,netral,0.9429,netral,tanpa_emoji,netral,md
5qRWqIlUIrM,user_929c380cfdf2,False,1728172800,1,positif,0.9958,positif,positif,positif,md
5qRWqIlUIrM,user_99fd8da2fc1e,False,1728172800,0,negatif,0.9185,netral,tanpa_emoji,negatif,md
5qRWqIlUIrM,user_994eb4f9d087,False,1728172800,2,negatif,0.9841,netral,tanpa_emoji,negatif,md
5qRWqIlUIrM,user_c7f436d87015,False,1728172800,0,negatif,0.9057,netral,tanpa_emoji,negatif,md
5qRWqIlUIrM,user_dfd18280af64,False,1728172800,0,netral,0.5528,netral,netral,netral,md
5qRWqIlUIrM,user_b40d2c2dd62f,False,1728172800,0,negatif,0.9889,netral,netral,negatif,md
5qRWqIlUIrM,user_d974986e1863,False,1728172800,1,negatif,0.4662,netral,netral,negatif,md
5qRWqIlUIrM,user_d974986e1863,False,1728172800,1,positif,0.5661,netral,netral,positif,md
5qRWqIlUIrM,user_660be5b72cf9,False,1728172800,1,negatif,0.993,netral,netral,negatif,md
5qRWqIlUIrM,user_660be5b72cf9,True,1728172800,1,negatif,0.681,netral,tanpa_emoji,negatif,md
5qRWqIlUIrM,user_660be5b72cf9,True,1728172800,0,negatif,0.9047,netral,tanpa_emoji,negatif,md
5qRWqIlUIrM,user_18df62607792,True,1728172800,0,negatif,0.883,netral,tanpa_emoji,negatif,md
5qRWqIlUIrM,user_fa6b0f2c5d53,False,1728172800,0,negatif,0.8754,netral,tanpa_emoji,negatif,md
5qRWqIlUIrM,user_e1420f5994b8,False,1728172800,0,netral,0.4894,netral,netral,netral,md
5qRWqIlUIrM,user_2c69e4ed9d47,False,1728172800,0,netral,0.777,netral,tanpa_emoji,netral,md
5qRWqIlUIrM,user_a221aefb8d61,False,1728172800,1,netral,0.7329,netral,tanpa_emoji,netral,md
5qRWqIlUIrM,user_c5febe9114f7,True,1728172800,0,netral,0.7362,netral,tanpa_emoji,netral,md
5qRWqIlUIrM,user_18df62607792,True,1728172800,0,netral,0.8711,netral,tanpa_emoji,netral,md
5qRWqIlUIrM,user_a221aefb8d61,False,1728172800,0,netral,0.7329,netral,tanpa_emoji,netral,md
5qRWqIlUIrM,user_dd06601f04f7,False,1728172800,0,negatif,0.9635,netral,tanpa_emoji,negatif,md
5qRWqIlUIrM,user_784ff9576a5d,False,1728172800,0,netral,0.9354,netral,tanpa_emoji,netral,md
5qRWqIlUIrM,user_4d820e19f12e,False,1728172800,2,negatif,0.8969,netral,netral,negatif,md
5qRWqIlUIrM,user_18df62607792,True,1728172800,0,negatif,0.8969,netral,tanpa_emoji,negatif,md
5qRWqIlUIrM,user_528c2de7f474,False,1728172800,0,positif,0.9499,positif,tanpa_emoji,positif,md
5qRWqIlUIrM,user_8b303d9c2589,False,1728172800,0,netral,0.6071,netral,tanpa_emoji,netral,md
5qRWqIlUIrM,user_550142d701f8,False,1728172800,1,positif,0.9884,netral,tanpa_emoji,positif,md
5qRWqIlUIrM,user_d3e82dd3e655,False,1728172800,0,negatif,0.9916,netral,netral,netral,md
5qRWqIlUIrM,user_563e0a221946,False,1728172800,0,negatif,0.4834,netral,tanpa_emoji,negatif,md
5qRWqIlUIrM,user_02339b7ed09f,False,1728172800,0,negatif,0.9984,negatif,netral,negatif,md
5qRWqIlUIrM,user_c7daefed0dec,False,1728172800,1,negatif,0.9275,negatif,tanpa_emoji,negatif,md
5qRWqIlUIrM,user_b486f86825ba,False,1728172800,0,positif,0.9965,positif,positif,positif,md
5qRWqIlUIrM,user_31ab97a81592,False,1728172800,0,positif,0.9956,positif,tanpa_emoji,positif,md
5qRWqIlUIrM,user_1518c45fd312,False,1728172800,0,negatif,0.8156,negatif,netral,negatif,md
5qRWqIlUIrM,user_6c2df55f8db3,False,1728172800,0,negatif,0.7901,positif,tanpa_emoji,negatif,md
5qRWqIlUIrM,user_a20fad5048e4,True,1728172800,0,negatif,0.653,netral,netral,negatif,md
5qRWqIlUIrM,user_e1fd446a3015,False,1728172800,0,positif,0.8806,negatif,tanpa_emoji,positif,md
5qRWqIlUIrM,user_e1fd446a3015,False,1728172800,0,positif,0.8806,negatif,tanpa_emoji,positif,md
5qRWqIlUIrM,user_e1fd446a3015,False,1728172800,0,positif,0.8806,negatif,tanpa_emoji,positif,md
5qRWqIlUIrM,user_3769efd8d2fc,False,1728172800,1,negatif,0.9856,negatif,tanpa_emoji,negatif,md
5qRWqIlUIrM,user_1bfa7e074e4a,False,1728172800,1,negatif,0.8389,positif,tanpa_emoji,negatif,md
5qRWqIlUIrM,user_a20fad5048e4,True,1728172800,0,negatif,0.9981,netral,tanpa_emoji,negatif,md
5qRWqIlUIrM,user_18df62607792,True,1728172800,0,negatif,0.9223,netral,tanpa_emoji,negatif,md
5qRWqIlUIrM,user_a64f4ce63ce4,False,1728172800,1,negatif,0.9537,netral,netral,negatif,md
5qRWqIlUIrM,user_001d24e9b098,True,1728172800,0,negatif,0.9967,netral,tanpa_emoji,negatif,md
5qRWqIlUIrM,user_18df62607792,True,1728172800,0,negatif,0.9927,positif,positif,positif,md
5qRWqIlUIrM,user_0eb68512be0d,False,1728172800,0,negatif,0.9811,netral,tanpa_emoji,negatif,md
5qRWqIlUIrM,user_a1a2aab2460a,False,1728172800,0,negatif,0.9697,negatif,negatif,negatif,md
5qRWqIlUIrM,user_ec5d149a242a,False,1728172800,1,negatif,0.902,netral,netral,negatif,md
5qRWqIlUIrM,user_f50943cd37e4,True,1728172800,0,negatif,0.9951,netral,netral,negatif,md
5qRWqIlUIrM,user_18df62607792,True,1728172800,0,negatif,0.6969,netral,tanpa_emoji,negatif,md
5qRWqIlUIrM,user_8e18d9c8cedd,False,1728172800,0,negatif,0.9985,netral,netral,negatif,md
5qRWqIlUIrM,user_c721f7545ca9,False,1728172800,0,negatif,0.9957,netral,netral,negatif,md
5qRWqIlUIrM,user_b50f2f3ecda2,False,1728172800,0,negatif,0.883,netral,tanpa_emoji,negatif,md
5qRWqIlUIrM,user_b0d96217c419,False,1728172800,0,positif,0.9687,positif,tanpa_emoji,positif,md
5qRWqIlUIrM,user_f466fd0561d2,False,1728172800,1,positif,0.971,negatif,netral,positif,md
5qRWqIlUIrM,user_f50943cd37e4,True,1728172800,1,negatif,0.9706,positif,netral,negatif,md
5qRWqIlUIrM,user_18df62607792,True,1728172800,0,negatif,0.9335,netral,tanpa_emoji,negatif,md
5qRWqIlUIrM,user_a783f1b2b3e7,False,1728172800,1,negatif,0.9897,positif,tanpa_emoji,negatif,md
5qRWqIlUIrM,user_f2bdced2d39b,False,1728172800,0,negatif,0.9847,positif,tanpa_emoji,negatif,md
5qRWqIlUIrM,user_df87b63bdb74,False,1728172800,0,negatif,0.9929,netral,tanpa_emoji,negatif,md
5qRWqIlUIrM,user_bb8bffe5d426,False,1728172800,0,netral,0.7193,netral,tanpa_emoji,netral,md
5qRWqIlUIrM,user_8dc8836fc570,False,1728172800,0,positif,0.9815,netral,netral,positif,md
5qRWqIlUIrM,user_a8345c367585,True,1728172800,0,negatif,0.9887,netral,tanpa_emoji,negatif,md
5qRWqIlUIrM,user_18df62607792,True,1728172800,0,negatif,0.9933,positif,tanpa_emoji,negatif,md
5qRWqIlUIrM,user_77b817002df1,False,1728172800,0,negatif,0.9942,netral,netral,negatif,md
5qRWqIlUIrM,user_5faf892c33ba,False,1728172800,0,negatif,0.5519,positif,positif,positif,md
5qRWqIlUIrM,user_e2f0e940aedb,False,1728172800,0,negatif,0.9989,negatif,tanpa_emoji,negatif,md
5qRWqIlUIrM,user_b861cb9f5393,False,1728172800,1,positif,0.9951,netral,tanpa_emoji,positif,md
5qRWqIlUIrM,user_a18f1c05cc97,True,1759708800,0,netral,0.7924,netral,tanpa_emoji,netral,md
5qRWqIlUIrM,user_b5b71e3082ef,False,1728172800,1,negatif,0.9893,positif,tanpa_emoji,negatif,md
5qRWqIlUIrM,user_946a33abfa64,False,1728172800,0,negatif,0.9881,negatif,netral,negatif,md
5qRWqIlUIrM,user_0dadcb40e2e6,True,1728172800,0,netral,0.6086,netral,tanpa_emoji,netral,md
5qRWqIlUIrM,user_f50943cd37e4,True,1728172800,0,netral,0.3961,netral,netral,netral,md
5qRWqIlUIrM,user_18df62607792,True,1728172800,0,negatif,0.6969,netral,tanpa_emoji,negatif,md
5qRWqIlUIrM,user_c5febe9114f7,True,1728172800,0,negatif,0.9938,netral,netral,negatif,md
5qRWqIlUIrM,user_3a73dbdd3766,False,1728172800,0,positif,0.5364,netral,tanpa_emoji,positif,md
5qRWqIlUIrM,user_03d8566964e6,False,1728172800,0,positif,0.9812,positif,tanpa_emoji,positif,md
5qRWqIlUIrM,user_71d38286649e,False,1728172800,0,negatif,0.5534,netral,tanpa_emoji,negatif,md
5qRWqIlUIrM,user_04ee90c39e62,False,1728172800,0,negatif,0.979,netral,netral,negatif,md
5qRWqIlUIrM,user_e1185afb5c89,False,1728172800,0,negatif,0.9949,netral,tanpa_emoji,negatif,md
5qRWqIlUIrM,user_9f66308f2e08,False,1728172800,0,positif,0.834,netral,netral,positif,md
5qRWqIlUIrM,user_ed8daf246642,False,1728172800,0,negatif,0.9957,netral,tanpa_emoji,negatif,md
5qRWqIlUIrM,user_abd41c8efd98,False,1728172800,2,positif,0.8405,negatif,tanpa_emoji,positif,md
5qRWqIlUIrM,user_5c620941496f,False,1728172800,0,negatif,0.8705,netral,tanpa_emoji,negatif,md
5qRWqIlUIrM,user_51372ad57cf5,False,1728172800,0,negatif,0.9967,positif,tanpa_emoji,negatif,md
5qRWqIlUIrM,user_ae566bcb2915,False,1728172800,0,negatif,0.556,positif,tanpa_emoji,negatif,md
5qRWqIlUIrM,user_1df754e79e94,False,1728172800,2,negatif,0.9936,netral,netral,negatif,md
5qRWqIlUIrM,user_c6216e359277,False,1728172800,0,negatif,0.9946,negatif,tanpa_emoji,negatif,md
5qRWqIlUIrM,user_d99e4986f0e3,False,1728172800,0,negatif,0.9863,netral,tanpa_emoji,negatif,md
5qRWqIlUIrM,user_37a67b348568,False,1728172800,1,negatif,0.9023,netral,netral,negatif,md
5qRWqIlUIrM,user_e9cbd64bd4c4,False,1728172800,0,negatif,0.9984,negatif,netral,negatif,md
5qRWqIlUIrM,user_771b586d4056,False,1728172800,0,positif,0.9941,positif,positif,positif,md
5qRWqIlUIrM,user_319abb93c313,False,1728172800,0,negatif,0.992,netral,netral,negatif,md
5qRWqIlUIrM,user_70e91704fb52,False,1728172800,1,negatif,0.9988,netral,tanpa_emoji,negatif,md
5qRWqIlUIrM,user_c3493483801e,False,1728172800,0,positif,0.9849,positif,tanpa_emoji,positif,md
5qRWqIlUIrM,user_a7c53a9d5897,False,1728172800,0,positif,0.8583,netral,tanpa_emoji,positif,md
5qRWqIlUIrM,user_bb5367f14496,False,1728172800,3,positif,0.8471,negatif,netral,positif,md
5qRWqIlUIrM,user_c5febe9114f7,True,1728172800,0,negatif,0.9913,negatif,negatif,negatif,md
5qRWqIlUIrM,user_18df62607792,True,1728172800,0,negatif,0.9875,netral,netral,netral,md
5qRWqIlUIrM,user_5a3db45e5973,False,1728172800,0,negatif,0.9911,negatif,negatif,negatif,md
5qRWqIlUIrM,user_afac76845d71,False,1728172800,0,negatif,0.921,negatif,tanpa_emoji,negatif,md
5qRWqIlUIrM,user_c808fe4d19f0,False,1728172800,0,negatif,0.9634,netral,tanpa_emoji,negatif,md
5qRWqIlUIrM,user_1933336c136b,False,1728172800,0,positif,0.9954,positif,tanpa_emoji,positif,md
5qRWqIlUIrM,user_bd362851eddd,False,1728172800,0,positif,0.9762,positif,tanpa_emoji,positif,md
5qRWqIlUIrM,user_863d52b182e8,False,1728172800,0,negatif,0.9895,netral,netral,negatif,md
5qRWqIlUIrM,user_c2d44dfe2178,False,1728172800,0,positif,0.9972,positif,tanpa_emoji,positif,md
5qRWqIlUIrM,user_96ff91bbad48,False,1728172800,6,negatif,0.9958,positif,netral,negatif,md
5qRWqIlUIrM,user_fde0580c4582,True,1728172800,0,negatif,0.7064,netral,tanpa_emoji,negatif,md
5qRWqIlUIrM,user_18df62607792,True,1728172800,0,negatif,0.5856,positif,tanpa_emoji,negatif,md
5qRWqIlUIrM,user_3a73dbdd3766,True,1728172800,0,negatif,0.9906,netral,tanpa_emoji,negatif,md
5qRWqIlUIrM,user_b7b2b21f17ab,False,1728172800,52,negatif,0.9911,negatif,netral,negatif,md
5qRWqIlUIrM,user_a18f1c05cc97,True,1759708800,0,negatif,0.7594,netral,tanpa_emoji,negatif,md
5qRWqIlUIrM,user_2420c4409667,False,1728172800,0,negatif,0.9987,netral,netral,negatif,md
5qRWqIlUIrM,user_3dcec8045b61,False,1728172800,1,positif,0.8257,netral,tanpa_emoji,positif,md
5qRWqIlUIrM,user_e8af6dd688d1,False,1728172800,0,negatif,0.8653,netral,netral,negatif,md
5qRWqIlUIrM,user_04cc943bfc0b,False,1728172800,0,negatif,0.9339,netral,tanpa_emoji,negatif,md
5qRWqIlUIrM,user_ac571da30ff3,False,1728172800,0,positif,0.84,netral,tanpa_emoji,positif,md
5qRWqIlUIrM,user_6ef573680214,False,1728172800,0,negatif,0.9898,netral,netral,negatif,md
5qRWqIlUIrM,user_2e6fd5b654ef,False,1728172800,0,negatif,0.9889,netral,netral,negatif,md
5qRWqIlUIrM,user_61c32f38ba39,False,1728172800,4,negatif,0.9988,netral,netral,negatif,md
5qRWqIlUIrM,user_23328ff66c66,True,1728172800,0,negatif,0.9971,negatif,tanpa_emoji,negatif,md
5qRWqIlUIrM,user_18df62607792,True,1728172800,0,negatif,0.6172,netral,tanpa_emoji,negatif,md
5qRWqIlUIrM,user_5b42295717ee,True,1728172800,0,negatif,0.9067,netral,tanpa_emoji,negatif,md
5qRWqIlUIrM,user_844b1321d1a0,False,1728172800,0,positif,0.5991,netral,netral,positif,md
5qRWqIlUIrM,user_af8aa2e85c52,False,1728172800,5,negatif,0.959,positif,netral,negatif,md
5qRWqIlUIrM,user_69eecafcc81a,True,1728172800,1,positif,0.9229,positif,netral,positif,md
5qRWqIlUIrM,user_18df62607792,True,1728172800,1,positif,0.6281,netral,tanpa_emoji,positif,md
5qRWqIlUIrM,user_a18f1c05cc97,True,1759708800,1,negatif,0.606,netral,tanpa_emoji,negatif,md
5qRWqIlUIrM,user_af8aa2e85c52,True,1759708800,1,negatif,0.6829,netral,tanpa_emoji,negatif,md
5qRWqIlUIrM,user_76c006de159f,True,1759708800,0,negatif,0.9822,negatif,tanpa_emoji,negatif,md
5qRWqIlUIrM,user_b1ce8f5cad81,False,1728172800,0,positif,0.835,netral,tanpa_emoji,positif,md
5qRWqIlUIrM,user_98697de3bf99,False,1728172800,0,positif,0.9748,positif,tanpa_emoji,positif,md
5qRWqIlUIrM,user_1284ae2c0f94,False,1728172800,0,positif,0.8828,positif,positif,positif,md
5qRWqIlUIrM,user_cce1c3301270,False,1728172800,0,negatif,0.78,netral,tanpa_emoji,negatif,md
5qRWqIlUIrM,user_d76d366440de,False,1728172800,0,positif,0.7345,netral,netral,positif,md
5qRWqIlUIrM,user_42c5c7a39353,False,1728172800,0,negatif,0.9804,netral,tanpa_emoji,negatif,md
5qRWqIlUIrM,user_91990f401a0a,False,1728172800,1,negatif,0.9066,netral,netral,negatif,md
5qRWqIlUIrM,user_0a41b6121225,False,1728172800,0,negatif,0.7925,negatif,tanpa_emoji,negatif,md
5qRWqIlUIrM,user_af8aa2e85c52,True,1728172800,1,negatif,0.9934,netral,netral,negatif,md
5qRWqIlUIrM,user_7d898a492a28,False,1728172800,8,positif,0.9984,positif,positif,positif,md
5qRWqIlUIrM,user_80ad4cc30e5c,False,1728172800,3,negatif,0.9952,netral,netral,negatif,md
5qRWqIlUIrM,user_23328ff66c66,True,1728172800,0,negatif,0.9416,negatif,tanpa_emoji,negatif,md
5qRWqIlUIrM,user_18df62607792,True,1728172800,0,negatif,0.5326,netral,tanpa_emoji,negatif,md
5qRWqIlUIrM,user_11e4c9e26fb1,False,1728172800,69,negatif,0.5486,netral,tanpa_emoji,negatif,md
5qRWqIlUIrM,user_10e2dfde7d1a,True,1728172800,0,negatif,0.9791,netral,tanpa_emoji,negatif,md
5qRWqIlUIrM,user_18df62607792,True,1728172800,0,negatif,0.9741,positif,positif,positif,md
5qRWqIlUIrM,user_7bed80e42a6f,True,1728172800,0,positif,0.9748,netral,tanpa_emoji,positif,md
5qRWqIlUIrM,user_2f4fc1774f4f,False,1728172800,7,positif,0.9982,netral,tanpa_emoji,positif,md
5qRWqIlUIrM,user_3d1157eddb61,False,1728172800,9,positif,0.9226,positif,tanpa_emoji,positif,md
5qRWqIlUIrM,user_18b0fab42b58,False,1728172800,188,positif,0.9957,positif,positif,positif,md
5qRWqIlUIrM,user_be1790014407,True,1728172800,7,positif,0.9257,positif,netral,positif,md
5qRWqIlUIrM,user_18df62607792,True,1728172800,3,negatif,0.8816,netral,tanpa_emoji,negatif,md
5qRWqIlUIrM,user_3bfe3fb41f9e,True,1728172800,0,negatif,0.9912,netral,tanpa_emoji,negatif,md
5qRWqIlUIrM,user_4d33e9d0d7b5,True,1728172800,0,positif,0.7297,positif,tanpa_emoji,positif,md
5qRWqIlUIrM,user_2f006719b0f4,True,1728172800,0,netral,0.9553,netral,tanpa_emoji,netral,md
5qRWqIlUIrM,user_e4eae322223c,True,1728172800,0,positif,0.995,positif,tanpa_emoji,positif,md
5qRWqIlUIrM,user_ee77520c4b47,True,1759708800,0,positif,0.9575,positif,tanpa_emoji,positif,md
5qRWqIlUIrM,user_50a483b25b43,False,1728172800,5,negatif,0.8278,netral,netral,negatif,md
5qRWqIlUIrM,user_163a3c2c3d01,True,1728172800,1,negatif,0.9974,netral,netral,negatif,md
5qRWqIlUIrM,user_124b8f6a8c73,True,1728172800,0,negatif,0.9824,positif,netral,negatif,md
5qRWqIlUIrM,user_18df62607792,True,1728172800,0,negatif,0.9869,netral,tanpa_emoji,negatif,md
5qRWqIlUIrM,user_c5febe9114f7,True,1728172800,0,negatif,0.9494,netral,netral,negatif,md
5qRWqIlUIrM,user_50a483b25b43,True,1728172800,0,netral,0.8195,netral,netral,netral,md
5qRWqIlUIrM,user_55c44b09d7c8,False,1728172800,25,positif,0.7357,negatif,tanpa_emoji,positif,md
5qRWqIlUIrM,user_01ca038395a7,True,1728172800,11,positif,0.3394,netral,tanpa_emoji,positif,md
5qRWqIlUIrM,user_00ebe2e2bdac,True,1728172800,4,netral,0.9215,netral,tanpa_emoji,netral,md
5qRWqIlUIrM,user_55c44b09d7c8,True,1728172800,1,negatif,0.5927,negatif,tanpa_emoji,negatif,md
5qRWqIlUIrM,user_09b8d1faca90,True,1728172800,0,negatif,0.9542,netral,tanpa_emoji,negatif,md
5qRWqIlUIrM,user_faf05e739bd3,True,1728172800,0,negatif,0.989,netral,tanpa_emoji,negatif,md
5qRWqIlUIrM,user_a20fad5048e4,True,1728172800,0,negatif,0.9978,netral,netral,negatif,md
5qRWqIlUIrM,user_b30b9511f17c,True,1759708800,0,negatif,0.794,netral,netral,negatif,md
5qRWqIlUIrM,user_18df62607792,True,1728172800,0,negatif,0.998,netral,tanpa_emoji,negatif,md
5qRWqIlUIrM,user_e9bc2f4f4d83,False,1728172800,13,positif,0.943,positif,tanpa_emoji,positif,md
5qRWqIlUIrM,user_5a86e08d8437,False,1728172800,4,negatif,0.5251,netral,tanpa_emoji,negatif,md
5qRWqIlUIrM,user_3bf8065a82eb,False,1728172800,2,negatif,0.9936,netral,netral,negatif,md
5qRWqIlUIrM,user_eae234409828,False,1728172800,7,negatif,0.998,netral,netral,negatif,md
5qRWqIlUIrM,user_635d1d712d89,True,1728172800,1,negatif,0.9308,netral,netral,negatif,md
5qRWqIlUIrM,user_18df62607792,True,1728172800,0,negatif,0.7824,netral,tanpa_emoji,negatif,md
5qRWqIlUIrM,user_1bb1ac807314,False,1728172800,1,negatif,0.9961,positif,netral,negatif,md
5qRWqIlUIrM,user_1ffeb7d53270,False,1728172800,15,positif,0.9925,positif,tanpa_emoji,positif,md
5qRWqIlUIrM,user_c9fe524f6525,True,1728172800,0,negatif,0.9893,netral,tanpa_emoji,negatif,md
5qRWqIlUIrM,user_18df62607792,True,1728172800,0,negatif,0.9627,netral,tanpa_emoji,negatif,md
5qRWqIlUIrM,user_79d9dcd7c7e0,False,1728172800,2,netral,0.5917,positif,positif,positif,md
5qRWqIlUIrM,user_8c907ddfd174,False,1728172800,1,positif,0.5038,netral,netral,positif,md
5qRWqIlUIrM,user_f7fb903f3184,False,1728172800,1,negatif,0.9853,negatif,tanpa_emoji,negatif,md
5qRWqIlUIrM,user_e7675341d928,False,1728172800,8,negatif,0.9928,negatif,netral,negatif,md
5qRWqIlUIrM,user_c5febe9114f7,True,1728172800,0,positif,0.9194,netral,tanpa_emoji,positif,md
5qRWqIlUIrM,user_18df62607792,True,1728172800,0,negatif,0.99,netral,netral,netral,md
5qRWqIlUIrM,user_20ba9cecb251,False,1728172800,1,negatif,0.9988,positif,tanpa_emoji,negatif,md
5qRWqIlUIrM,user_5bf45f275eaf,False,1728172800,1,negatif,0.9738,negatif,tanpa_emoji,negatif,md
5qRWqIlUIrM,user_65a5447709e5,False,1728172800,0,netral,0.543,netral,tanpa_emoji,netral,md
5qRWqIlUIrM,user_9aea66e92302,False,1728172800,98,negatif,0.9921,negatif,tanpa_emoji,negatif,md
5qRWqIlUIrM,user_5da8454a639b,True,1728172800,3,negatif,0.6891,netral,netral,negatif,md
5qRWqIlUIrM,user_ff02fe0ada54,True,1728172800,3,negatif,0.8259,netral,tanpa_emoji,negatif,md
5qRWqIlUIrM,user_62ac102b6f85,True,1728172800,2,negatif,0.9979,netral,tanpa_emoji,negatif,md
5qRWqIlUIrM,user_8ff570cddd5d,True,1728172800,1,negatif,0.6796,netral,tanpa_emoji,negatif,md
5qRWqIlUIrM,user_26ccc1b72224,True,1728172800,1,negatif,0.9821,positif,positif,negatif,md
5qRWqIlUIrM,user_476d96258ff2,True,1728172800,0,negatif,0.784,netral,tanpa_emoji,negatif,md
5qRWqIlUIrM,user_18df62607792,True,1728172800,0,negatif,0.8894,positif,positif,positif,md
5qRWqIlUIrM,user_4d7ddfd858fe,True,1728172800,0,negatif,0.5322,positif,tanpa_emoji,negatif,md
5qRWqIlUIrM,user_bf8b813edd69,True,1728172800,0,netral,0.8542,netral,tanpa_emoji,netral,md
5qRWqIlUIrM,user_26ccc1b72224,True,1728172800,1,netral,0.987,netral,tanpa_emoji,netral,md
5qRWqIlUIrM,user_a18f1c05cc97,True,1759708800,0,negatif,0.8284,netral,tanpa_emoji,negatif,md
5qRWqIlUIrM,user_30f6bea139eb,True,1775433600,0,negatif,0.7285,netral,tanpa_emoji,negatif,md
5qRWqIlUIrM,user_32ebd2321615,False,1728172800,0,negatif,0.9832,negatif,tanpa_emoji,negatif,md
5qRWqIlUIrM,user_a8345c367585,True,1728172800,1,negatif,0.9939,netral,tanpa_emoji,negatif,md
5qRWqIlUIrM,user_79d9dcd7c7e0,True,1728172800,0,negatif,0.8759,negatif,netral,negatif,md
5qRWqIlUIrM,user_18df62607792,True,1728172800,0,negatif,0.9537,netral,tanpa_emoji,negatif,md
5qRWqIlUIrM,user_da0366b52b50,False,1728172800,0,negatif,0.9792,positif,tanpa_emoji,negatif,md
5qRWqIlUIrM,user_8236e7e7b4a8,False,1728172800,0,negatif,0.9894,positif,netral,negatif,md
5qRWqIlUIrM,user_d1c81762d350,False,1728172800,0,positif,0.9963,positif,tanpa_emoji,positif,md
5qRWqIlUIrM,user_24b7a15d4f67,True,1728172800,0,negatif,0.7763,netral,tanpa_emoji,negatif,md
5qRWqIlUIrM,user_e0d720794fba,False,1728172800,0,negatif,0.9902,negatif,netral,negatif,md
5qRWqIlUIrM,user_5470f6c70cc6,False,1728172800,0,negatif,0.995,netral,netral,negatif,md
5qRWqIlUIrM,user_a986c3be4a71,False,1728172800,2,negatif,0.9976,netral,tanpa_emoji,negatif,md
5qRWqIlUIrM,user_163a3c2c3d01,True,1728172800,0,positif,0.7493,netral,netral,positif,md
5qRWqIlUIrM,user_18df62607792,True,1728172800,0,positif,0.5819,netral,tanpa_emoji,positif,md
5qRWqIlUIrM,user_9bf2b059895b,False,1728172800,0,negatif,0.9416,netral,netral,negatif,md
5qRWqIlUIrM,user_5db300a6e618,False,1728172800,186,negatif,0.9952,negatif,negatif,negatif,md
5qRWqIlUIrM,user_660be5b72cf9,True,1728172800,2,negatif,0.994,netral,netral,negatif,md
5qRWqIlUIrM,user_7f7302c3063b,True,1728172800,1,negatif,0.9833,netral,netral,negatif,md
5qRWqIlUIrM,user_5ccf4081bac3,True,1728172800,0,negatif,0.9589,netral,tanpa_emoji,negatif,md
5qRWqIlUIrM,user_16e9750955f5,True,1728172800,1,netral,0.6074,netral,netral,netral,md
5qRWqIlUIrM,user_18df62607792,True,1728172800,0,negatif,0.9975,netral,tanpa_emoji,negatif,md
5qRWqIlUIrM,user_88ab8f4ce6c7,True,1728172800,0,negatif,0.4777,netral,tanpa_emoji,negatif,md
5qRWqIlUIrM,user_26ccc1b72224,True,1728172800,0,negatif,0.9821,positif,positif,negatif,md
5qRWqIlUIrM,user_2609b6f68b00,False,1728172800,0,positif,0.983,netral,netral,positif,md
5qRWqIlUIrM,user_b656c08eb723,False,1728172800,0,negatif,0.9561,netral,tanpa_emoji,negatif,md
5qRWqIlUIrM,user_20a21d84c55b,False,1728172800,0,positif,0.9866,positif,tanpa_emoji,positif,md
5qRWqIlUIrM,user_0d7bf3e103ec,False,1728172800,1,negatif,0.9983,negatif,tanpa_emoji,negatif,md
5qRWqIlUIrM,user_9d9ef55cbfd3,False,1728172800,1,negatif,0.9551,netral,tanpa_emoji,negatif,md
5qRWqIlUIrM,user_00931dd5679f,False,1728172800,0,positif,0.9966,positif,tanpa_emoji,positif,md
5qRWqIlUIrM,user_644862e7b968,False,1728172800,3,negatif,0.9972,netral,netral,negatif,md
5qRWqIlUIrM,user_94f4ae8efb17,False,1728172800,3,positif,0.6938,positif,tanpa_emoji,positif,md
5qRWqIlUIrM,user_94f4ae8efb17,False,1728172800,0,positif,0.6938,positif,tanpa_emoji,positif,md
5qRWqIlUIrM,user_923d78340b88,False,1728172800,0,negatif,0.9589,netral,netral,negatif,md
5qRWqIlUIrM,user_98c683030e45,False,1728172800,3,negatif,0.9956,negatif,netral,negatif,md
5qRWqIlUIrM,user_912c161c7077,False,1728172800,45,negatif,0.9954,negatif,netral,negatif,md
5qRWqIlUIrM,user_dbf7e351b178,False,1728172800,21,positif,0.9957,negatif,tanpa_emoji,positif,md
5qRWqIlUIrM,user_52ac84205c09,False,1728172800,0,negatif,0.9972,negatif,tanpa_emoji,negatif,md
5qRWqIlUIrM,user_0c13dee69f3a,False,1728172800,0,negatif,0.9951,netral,netral,negatif,md
5qRWqIlUIrM,user_2bcf62c55b8a,False,1728172800,0,negatif,0.9988,netral,netral,negatif,md
5qRWqIlUIrM,user_9e319103d8d1,False,1728172800,2,positif,0.9613,positif,positif,positif,md
5qRWqIlUIrM,user_b634a58291a7,False,1728172800,0,negatif,0.819,netral,netral,negatif,md
5qRWqIlUIrM,user_5d4764f664a3,False,1728172800,0,positif,0.9819,positif,tanpa_emoji,positif,md
5qRWqIlUIrM,user_5d4764f664a3,False,1728172800,0,negatif,0.9951,netral,tanpa_emoji,negatif,md
5qRWqIlUIrM,user_1c2619b9bd26,False,1728172800,1000,negatif,0.9989,netral,tanpa_emoji,negatif,md
5qRWqIlUIrM,user_c6d9606af566,False,1728172800,2,negatif,0.6,netral,tanpa_emoji,negatif,md
5qRWqIlUIrM,user_2c1ebde12335,False,1728172800,0,negatif,0.9972,negatif,tanpa_emoji,negatif,md
5qRWqIlUIrM,user_73d0d99a0870,False,1728172800,0,positif,0.9291,netral,tanpa_emoji,positif,md
5qRWqIlUIrM,user_f2ddaa298b75,False,1728172800,164,positif,0.942,positif,tanpa_emoji,positif,md
5qRWqIlUIrM,user_8a51026fd06c,False,1728172800,0,negatif,0.9938,netral,tanpa_emoji,negatif,md
5qRWqIlUIrM,user_15770a9108e1,False,1728172800,0,negatif,0.9925,netral,netral,negatif,md
5qRWqIlUIrM,user_07498ccc5d29,False,1728172800,0,negatif,0.9863,negatif,negatif,negatif,md
5qRWqIlUIrM,user_35e577bbb1fe,False,1728172800,1,negatif,0.9432,netral,tanpa_emoji,negatif,md
5qRWqIlUIrM,user_640135ab7c67,False,1728172800,1,negatif,0.9748,netral,netral,negatif,md
5qRWqIlUIrM,user_263d6a49986e,False,1728172800,1,negatif,0.834,netral,tanpa_emoji,negatif,md
5qRWqIlUIrM,user_9205eb9d7bce,False,1728172800,3,negatif,0.9985,netral,netral,negatif,md
5qRWqIlUIrM,user_aca4c587b1e8,False,1728172800,1,netral,0.4666,netral,tanpa_emoji,netral,md
5qRWqIlUIrM,user_2a6c714c2ae8,False,1728172800,0,negatif,0.9968,positif,netral,negatif,md
5qRWqIlUIrM,user_94b32254650f,False,1728172800,0,negatif,0.9975,positif,tanpa_emoji,negatif,md
5qRWqIlUIrM,user_b4fe4c5053ac,False,1728172800,0,netral,0.8995,netral,tanpa_emoji,netral,md
5qRWqIlUIrM,user_5800c62da11d,False,1728172800,0,negatif,0.9355,netral,tanpa_emoji,negatif,md
5qRWqIlUIrM,user_80c19a91329b,False,1728172800,1,positif,0.9906,netral,tanpa_emoji,positif,md
5qRWqIlUIrM,user_553ad026864a,False,1728172800,1,positif,0.9983,positif,positif,positif,md
5qRWqIlUIrM,user_ba06a8366c03,False,1728172800,1,negatif,0.7856,netral,tanpa_emoji,negatif,md
5qRWqIlUIrM,user_fcf88c542974,False,1728172800,0,positif,0.7587,positif,tanpa_emoji,positif,md
5qRWqIlUIrM,user_01604458a76c,False,1728172800,0,negatif,0.9917,netral,netral,negatif,md
5qRWqIlUIrM,user_b6efc9634024,False,1728172800,1,negatif,0.999,negatif,tanpa_emoji,negatif,md
5qRWqIlUIrM,user_920e656ed25b,False,1728172800,0,positif,0.5301,positif,tanpa_emoji,positif,md
5qRWqIlUIrM,user_4d055d316925,False,1728172800,0,positif,0.9937,positif,tanpa_emoji,positif,md
5qRWqIlUIrM,user_18e37263cbef,False,1728172800,2,positif,0.9982,positif,tanpa_emoji,positif,md
5qRWqIlUIrM,user_95dc9db7d6a2,False,1728172800,0,positif,0.8415,netral,tanpa_emoji,positif,md
5qRWqIlUIrM,user_c916f2fd4b3b,False,1728172800,0,netral,0.9211,netral,netral,netral,md
5qRWqIlUIrM,user_f15a4e49c1e3,False,1728172800,0,negatif,0.9682,netral,tanpa_emoji,negatif,md
5qRWqIlUIrM,user_932c506db4f4,False,1728172800,0,negatif,0.9946,netral,netral,negatif,md
5qRWqIlUIrM,user_932c506db4f4,False,1728172800,1,negatif,0.9951,netral,netral,negatif,md
5qRWqIlUIrM,user_3908efb98c63,False,1728172800,0,negatif,0.9986,netral,netral,negatif,md
5qRWqIlUIrM,user_47334977fa57,False,1728172800,0,negatif,0.6265,netral,tanpa_emoji,negatif,md
5qRWqIlUIrM,user_8910e1312a69,False,1728172800,0,negatif,0.63,netral,tanpa_emoji,negatif,md
5qRWqIlUIrM,user_52c2384e7b43,False,1728172800,2,negatif,0.9555,netral,netral,negatif,md
5qRWqIlUIrM,user_1eb533f78e9b,False,1728172800,0,negatif,0.7853,netral,tanpa_emoji,negatif,md
5qRWqIlUIrM,user_5fd1d8236386,False,1728172800,0,negatif,0.6832,positif,tanpa_emoji,negatif,md
5qRWqIlUIrM,user_d562816bd2f1,False,1728172800,0,positif,0.9917,netral,netral,positif,md
5qRWqIlUIrM,user_bba3e5abf1c2,False,1728172800,0,netral,0.9905,netral,tanpa_emoji,netral,md
5qRWqIlUIrM,user_7df6a78685ff,False,1728172800,0,netral,0.8786,netral,tanpa_emoji,netral,md
5qRWqIlUIrM,user_156ae1f71e09,False,1728172800,4,negatif,0.9797,netral,netral,negatif,md
5qRWqIlUIrM,user_3891b0476632,False,1728172800,1,positif,0.9936,negatif,netral,positif,md
5qRWqIlUIrM,user_76c006de159f,False,1728172800,1,negatif,0.507,negatif,tanpa_emoji,negatif,md
5qRWqIlUIrM,user_1307e3de15d5,False,1728172800,404,positif,0.773,negatif,tanpa_emoji,positif,md
5qRWqIlUIrM,user_c9cf26f79672,False,1728172800,0,positif,0.9893,positif,tanpa_emoji,positif,md
5qRWqIlUIrM,user_b7b514233460,False,1728172800,0,negatif,0.9954,negatif,tanpa_emoji,negatif,md
5qRWqIlUIrM,user_90479e57f186,False,1728172800,0,netral,0.9821,netral,tanpa_emoji,netral,md
5qRWqIlUIrM,user_1d1a1e636f77,False,1728172800,0,negatif,0.9005,positif,positif,positif,md
5qRWqIlUIrM,user_76c006de159f,False,1728172800,0,negatif,0.7093,netral,tanpa_emoji,negatif,md
5qRWqIlUIrM,user_c40ab6c441a8,False,1728172800,0,negatif,0.9941,netral,netral,negatif,md
5qRWqIlUIrM,user_64389944dfd7,False,1728172800,0,negatif,0.9317,netral,tanpa_emoji,negatif,md
5qRWqIlUIrM,user_3e00412c9df9,False,1728172800,3,positif,0.6846,netral,netral,positif,md
5qRWqIlUIrM,user_2998e4ea1431,False,1728172800,1,negatif,0.9903,netral,netral,negatif,md
5qRWqIlUIrM,user_c82415e20398,False,1728172800,0,negatif,0.9983,netral,tanpa_emoji,negatif,md
5qRWqIlUIrM,user_428d7dae3e6e,False,1728172800,0,negatif,0.9954,negatif,netral,negatif,md
5qRWqIlUIrM,user_8da89f320a4b,False,1728172800,2,negatif,0.9989,negatif,tanpa_emoji,negatif,md
5qRWqIlUIrM,user_737f32109b4a,False,1728172800,0,positif,0.7457,netral,tanpa_emoji,positif,md
5qRWqIlUIrM,user_b05340ec2065,False,1728172800,1,negatif,0.8047,negatif,tanpa_emoji,negatif,md
5qRWqIlUIrM,user_0d2b15e86272,False,1728172800,1,positif,0.7062,positif,tanpa_emoji,positif,md
5qRWqIlUIrM,user_403f8c90993c,False,1728172800,4,negatif,0.9966,positif,netral,negatif,md
5qRWqIlUIrM,user_049e5ac9e6a8,False,1728172800,0,negatif,0.9173,netral,netral,negatif,md
5qRWqIlUIrM,user_3c01eb267c16,False,1728172800,1,negatif,0.9994,negatif,tanpa_emoji,negatif,md
5qRWqIlUIrM,user_92b1f38bb1a0,False,1728172800,0,negatif,0.9275,positif,netral,negatif,md
5qRWqIlUIrM,user_a9f138a48ee1,False,1728172800,2,negatif,0.8664,netral,tanpa_emoji,negatif,md
5qRWqIlUIrM,user_2291728f908b,False,1728172800,3,positif,0.6902,positif,positif,positif,md
5qRWqIlUIrM,user_e7abb993765e,False,1728172800,0,negatif,0.956,netral,netral,negatif,md
5qRWqIlUIrM,user_b7c36e77a9ab,False,1728172800,0,netral,0.4731,netral,tanpa_emoji,netral,md
5qRWqIlUIrM,user_00931dd5679f,False,1728172800,0,negatif,0.7974,netral,tanpa_emoji,negatif,md
5qRWqIlUIrM,user_8cecf1e3f5e8,False,1728172800,1,negatif,0.9185,netral,tanpa_emoji,negatif,md
5qRWqIlUIrM,user_fc2b081d6ae8,False,1728172800,0,negatif,0.9822,netral,netral,negatif,md
5qRWqIlUIrM,user_f6a84d670bf3,False,1728172800,1,negatif,0.9272,netral,netral,negatif,md
5qRWqIlUIrM,user_175fe6310948,False,1728172800,0,negatif,0.981,netral,netral,negatif,md
5qRWqIlUIrM,user_72aa8061aca2,False,1728172800,1,negatif,0.9902,netral,netral,negatif,md
5qRWqIlUIrM,user_dfeef14e5d8b,False,1728172800,2,negatif,0.9292,positif,netral,negatif,md
5qRWqIlUIrM,user_afe654d5f1d3,False,1728172800,40,positif,0.9967,positif,positif,positif,md
5qRWqIlUIrM,user_5107b8396a00,False,1728172800,7,positif,0.8771,positif,positif,positif,md
5qRWqIlUIrM,user_670ebf06532a,False,1728172800,2,negatif,0.8065,netral,tanpa_emoji,negatif,md
5qRWqIlUIrM,user_91f5c7d4eecd,False,1728172800,5,positif,0.9041,netral,tanpa_emoji,positif,md
5qRWqIlUIrM,user_ef292a1bed8a,False,1728172800,1,negatif,0.9599,netral,netral,netral,md
5qRWqIlUIrM,user_27ffaa028248,False,1728172800,4,negatif,0.9943,negatif,tanpa_emoji,negatif,md
5qRWqIlUIrM,user_321608610e66,False,1728172800,2,negatif,0.9835,netral,netral,negatif,md
5qRWqIlUIrM,user_490968f4c78a,False,1728172800,8,positif,0.9929,netral,netral,positif,md
5qRWqIlUIrM,user_92af888cd837,False,1728172800,7,negatif,0.9405,netral,tanpa_emoji,negatif,md
5qRWqIlUIrM,user_14f7e5371c46,False,1728172800,6,negatif,0.7249,positif,tanpa_emoji,negatif,md
5qRWqIlUIrM,user_faa086fec6a5,False,1728172800,10,negatif,0.7437,netral,tanpa_emoji,negatif,md
5qRWqIlUIrM,user_1f2b5363f01a,False,1728172800,5,negatif,0.9369,netral,tanpa_emoji,negatif,md
5qRWqIlUIrM,user_6ad01448732f,False,1728172800,8,positif,0.9133,positif,netral,positif,md
5qRWqIlUIrM,user_121eac73d5cd,False,1728172800,276,positif,0.9561,positif,tanpa_emoji,positif,md
5qRWqIlUIrM,user_e7d2a8070da1,False,1728172800,7,negatif,0.9983,netral,tanpa_emoji,negatif,md
5qRWqIlUIrM,user_f228e2a99142,False,1728172800,17,positif,0.9985,positif,tanpa_emoji,positif,md
5qRWqIlUIrM,user_239b78a2409b,False,1728172800,3,negatif,0.9904,netral,netral,negatif,md
5qRWqIlUIrM,user_65763346ad40,False,1728172800,23,negatif,0.9655,netral,netral,negatif,md
5qRWqIlUIrM,user_d11bd2b86574,False,1728172800,68,negatif,0.9978,netral,netral,negatif,md
5qRWqIlUIrM,user_76c006de159f,False,1728172800,10,netral,0.9712,netral,tanpa_emoji,netral,md
5qRWqIlUIrM,user_34a36166f0d5,False,1728172800,70,negatif,0.9959,negatif,negatif,negatif,md
5qRWqIlUIrM,user_10bb738ca1f2,False,1728172800,5,negatif,0.6219,negatif,tanpa_emoji,negatif,md
5qRWqIlUIrM,user_3134cdf33ddc,False,1728172800,13,negatif,0.9387,positif,positif,negatif,md
5qRWqIlUIrM,user_1671d66ccda5,False,1728172800,14,negatif,0.9918,negatif,negatif,negatif,md
5qRWqIlUIrM,user_5660e5e9604c,False,1728172800,82,positif,0.9952,netral,tanpa_emoji,positif,md
5qRWqIlUIrM,user_ff2e33cd9058,False,1728172800,78,negatif,0.528,positif,netral,negatif,md
5qRWqIlUIrM,user_14f7e5371c46,False,1728172800,32,negatif,0.9433,netral,tanpa_emoji,negatif,md
5qRWqIlUIrM,user_aebb12328532,False,1728172800,14,negatif,0.8825,netral,tanpa_emoji,negatif,md
5qRWqIlUIrM,user_3421633e4f88,False,1728172800,138,negatif,0.9351,netral,tanpa_emoji,negatif,md
5qRWqIlUIrM,user_76c006de159f,False,1728172800,17,positif,0.8827,netral,tanpa_emoji,positif,md
5qRWqIlUIrM,user_39697ea2248f,False,1728172800,10,negatif,0.7447,netral,tanpa_emoji,negatif,md
5qRWqIlUIrM,user_f1267cfa3eb0,False,1728172800,39,negatif,0.8597,netral,tanpa_emoji,negatif,md
5qRWqIlUIrM,user_cb392fcb6777,False,1728172800,78,negatif,0.8593,negatif,tanpa_emoji,negatif,md
5qRWqIlUIrM,user_202452925dd7,False,1728172800,11,positif,0.9057,positif,positif,positif,md
5qRWqIlUIrM,user_cece1ec71239,False,1728172800,21,negatif,0.9984,netral,tanpa_emoji,negatif,md
5qRWqIlUIrM,user_28eafeb0022f,False,1728172800,20,negatif,0.9969,netral,positif,negatif,md
5qRWqIlUIrM,user_58ef53942040,False,1728172800,10,negatif,0.9959,positif,tanpa_emoji,negatif,md
5qRWqIlUIrM,user_d1778552e7ea,False,1728172800,19,negatif,0.924,positif,netral,negatif,md
5qRWqIlUIrM,user_b5a2010b1c8a,False,1728172800,1,negatif,0.9578,netral,tanpa_emoji,negatif,md
A5vSO5gPATI,user_e31b35317200,False,1780704000,0,positif,0.6913,positif,tanpa_emoji,positif,md
A5vSO5gPATI,user_70bec2b0dad2,False,1780704000,0,negatif,0.9828,netral,tanpa_emoji,negatif,md
A5vSO5gPATI,user_2542b69836de,False,1778025600,0,negatif,0.9981,netral,tanpa_emoji,negatif,md
A5vSO5gPATI,user_d1693616d6b8,False,1778025600,0,negatif,0.9883,positif,tanpa_emoji,negatif,md
A5vSO5gPATI,user_bb32bae1be2f,False,1778025600,0,negatif,0.9118,negatif,tanpa_emoji,negatif,md
A5vSO5gPATI,user_440cd55995f7,False,1775433600,0,netral,0.5954,netral,tanpa_emoji,netral,md
A5vSO5gPATI,user_71173344ea55,False,1772755200,0,netral,0.7764,netral,tanpa_emoji,netral,md
A5vSO5gPATI,user_edf9ae2bab6d,False,1770336000,0,negatif,0.9913,netral,tanpa_emoji,negatif,md
A5vSO5gPATI,user_6a11032b95b8,False,1770336000,0,netral,0.8174,netral,tanpa_emoji,netral,md
A5vSO5gPATI,user_ace7494ae365,False,1770336000,0,negatif,0.9588,positif,netral,negatif,md
A5vSO5gPATI,user_03dc569d1a23,False,1770336000,0,negatif,0.5485,negatif,tanpa_emoji,negatif,md
A5vSO5gPATI,user_90c9f00fa8ec,False,1770336000,0,negatif,0.8506,netral,tanpa_emoji,negatif,md
A5vSO5gPATI,user_36c484694e0c,False,1770336000,0,negatif,0.9151,netral,tanpa_emoji,negatif,md
A5vSO5gPATI,user_fa50becbcad3,False,1770336000,0,negatif,0.9988,negatif,tanpa_emoji,negatif,md
A5vSO5gPATI,user_bfc0b0051c23,False,1770336000,0,positif,0.9793,positif,netral,positif,md
A5vSO5gPATI,user_39692a746b3c,False,1767657600,0,negatif,0.9754,netral,tanpa_emoji,negatif,md
A5vSO5gPATI,user_35aad0c8687d,False,1767657600,0,positif,0.9966,netral,tanpa_emoji,positif,md
A5vSO5gPATI,user_0cf745d12367,False,1767657600,0,negatif,0.9975,negatif,tanpa_emoji,negatif,md
A5vSO5gPATI,user_ec1889c7d429,False,1767657600,0,positif,0.8528,netral,tanpa_emoji,positif,md
A5vSO5gPATI,user_51fc647574ad,False,1767657600,0,negatif,0.488,netral,tanpa_emoji,negatif,md
A5vSO5gPATI,user_3f9cb0fd81be,False,1767657600,0,negatif,0.8824,netral,tanpa_emoji,negatif,md
A5vSO5gPATI,user_3c83bea626a0,False,1767657600,0,negatif,0.9989,negatif,tanpa_emoji,negatif,md
A5vSO5gPATI,user_08b73396b34a,False,1767657600,0,negatif,0.7447,netral,tanpa_emoji,negatif,md
A5vSO5gPATI,user_08b73396b34a,False,1767657600,0,negatif,0.9235,netral,tanpa_emoji,negatif,md
A5vSO5gPATI,user_10d1cf36abec,False,1767657600,0,negatif,0.9663,positif,tanpa_emoji,negatif,md
A5vSO5gPATI,user_7fab4257ea50,False,1767657600,0,negatif,0.9917,netral,tanpa_emoji,negatif,md
A5vSO5gPATI,user_eebdba4d192e,False,1767657600,0,negatif,0.9984,netral,tanpa_emoji,negatif,md
A5vSO5gPATI,user_641d223806e3,False,1767657600,0,netral,0.8948,netral,tanpa_emoji,netral,md
A5vSO5gPATI,user_3b3933131c11,False,1767657600,0,negatif,0.9915,positif,tanpa_emoji,negatif,md
A5vSO5gPATI,user_f288fc97ee9e,False,1767657600,1,positif,0.6713,netral,tanpa_emoji,positif,md
A5vSO5gPATI,user_88dbbe0582a2,False,1767657600,0,negatif,0.9988,netral,tanpa_emoji,negatif,md
A5vSO5gPATI,user_12c2ebb06db6,False,1767657600,0,positif,0.9629,positif,netral,positif,md
A5vSO5gPATI,user_aea7b1adbdb6,True,1767657600,0,negatif,0.4989,netral,netral,negatif,md
A5vSO5gPATI,user_973f6cbcf5f1,False,1767657600,0,positif,0.9906,positif,tanpa_emoji,positif,md
A5vSO5gPATI,user_c16687c3cf6d,False,1767657600,0,negatif,0.9767,positif,tanpa_emoji,negatif,md
A5vSO5gPATI,user_ac139290a38c,False,1767657600,0,negatif,0.9313,positif,tanpa_emoji,negatif,md
A5vSO5gPATI,user_03daee22982c,False,1767657600,0,positif,0.474,netral,tanpa_emoji,positif,md
A5vSO5gPATI,user_2864f0a42f3b,False,1767657600,0,negatif,0.8405,positif,positif,positif,md
A5vSO5gPATI,user_2864f0a42f3b,False,1767657600,0,negatif,0.9636,positif,positif,negatif,md
A5vSO5gPATI,user_2864f0a42f3b,False,1767657600,0,netral,0.631,positif,positif,netral,md
A5vSO5gPATI,user_917682a4b060,False,1767657600,0,negatif,0.94,positif,tanpa_emoji,negatif,md
A5vSO5gPATI,user_92a1a348acb5,False,1767657600,0,negatif,0.5778,netral,tanpa_emoji,negatif,md
A5vSO5gPATI,user_1e31c741cb96,False,1764979200,0,positif,0.5721,positif,netral,positif,md
A5vSO5gPATI,user_d01dec71db29,False,1764979200,0,negatif,0.9984,netral,tanpa_emoji,negatif,md
A5vSO5gPATI,user_d01dec71db29,False,1764979200,0,negatif,0.9487,positif,positif,positif,md
A5vSO5gPATI,user_204880342754,False,1764979200,0,negatif,0.6413,netral,netral,negatif,md
A5vSO5gPATI,user_49f852fdb5be,False,1764979200,1,positif,0.5079,netral,tanpa_emoji,positif,md
A5vSO5gPATI,user_88bde9d110a4,False,1762387200,0,negatif,0.9895,positif,tanpa_emoji,negatif,md
A5vSO5gPATI,user_88bde9d110a4,False,1762387200,0,negatif,0.6976,netral,tanpa_emoji,negatif,md
A5vSO5gPATI,user_5883ca410a9b,False,1762387200,0,negatif,0.6424,netral,tanpa_emoji,negatif,md
A5vSO5gPATI,user_69567095844e,False,1762387200,0,negatif,0.7706,positif,positif,negatif,md
A5vSO5gPATI,user_10e4040b097b,False,1762387200,0,negatif,0.9876,negatif,tanpa_emoji,negatif,md
A5vSO5gPATI,user_47a803c124ee,False,1759708800,0,negatif,0.9583,netral,tanpa_emoji,negatif,md
A5vSO5gPATI,user_4528fc9aa5be,False,1759708800,0,positif,0.8537,netral,netral,positif,md
A5vSO5gPATI,user_9fce9b78502d,False,1759708800,0,netral,0.8176,positif,positif,netral,md
A5vSO5gPATI,user_270fbe18f71d,False,1759708800,0,negatif,0.8477,netral,tanpa_emoji,negatif,md
A5vSO5gPATI,user_84b13ae768a7,False,1759708800,0,positif,0.996,positif,tanpa_emoji,positif,md
A5vSO5gPATI,user_5a4c53dd7abe,False,1759708800,0,negatif,0.9373,netral,tanpa_emoji,negatif,md
A5vSO5gPATI,user_ea02afe877c9,False,1759708800,0,netral,0.5521,netral,tanpa_emoji,netral,md
A5vSO5gPATI,user_b86e0eb6cde9,False,1759708800,1,negatif,0.9856,netral,tanpa_emoji,negatif,md
A5vSO5gPATI,user_56a838b4a36d,False,1759708800,0,negatif,0.9906,netral,netral,negatif,md
A5vSO5gPATI,user_b86e0eb6cde9,False,1759708800,1,negatif,0.4744,netral,tanpa_emoji,negatif,md
A5vSO5gPATI,user_a7f0ed380fa7,False,1759708800,0,negatif,0.9647,netral,tanpa_emoji,negatif,md
A5vSO5gPATI,user_dfb795267d06,False,1759708800,0,positif,0.976,positif,tanpa_emoji,positif,md
A5vSO5gPATI,user_d93b4f5ba3a4,False,1759708800,0,negatif,0.7731,netral,tanpa_emoji,negatif,md
A5vSO5gPATI,user_9af60c3ddd37,False,1759708800,0,negatif,0.9429,netral,tanpa_emoji,negatif,md
A5vSO5gPATI,user_cb01259a6ad4,False,1759708800,0,netral,0.9627,negatif,tanpa_emoji,netral,md
A5vSO5gPATI,user_946a33abfa64,False,1759708800,0,netral,0.725,netral,tanpa_emoji,netral,md
A5vSO5gPATI,user_54d4659b56b0,False,1759708800,0,negatif,0.7773,negatif,tanpa_emoji,negatif,md
A5vSO5gPATI,user_b535c3fd3804,False,1759708800,0,netral,0.8751,netral,tanpa_emoji,netral,md
A5vSO5gPATI,user_37f31f99ebb4,False,1759708800,0,negatif,0.7607,positif,tanpa_emoji,negatif,md
A5vSO5gPATI,user_a4c843183125,False,1759708800,0,negatif,0.9451,netral,tanpa_emoji,negatif,md
A5vSO5gPATI,user_c7ada44c8fa5,False,1759708800,0,negatif,0.9214,positif,tanpa_emoji,negatif,md
A5vSO5gPATI,user_1a79821c0948,False,1759708800,0,netral,0.727,netral,tanpa_emoji,netral,md
A5vSO5gPATI,user_81cb532f72ed,False,1759708800,2,netral,0.4282,netral,tanpa_emoji,netral,md
A5vSO5gPATI,user_9adfd6659407,False,1759708800,0,positif,0.9051,netral,tanpa_emoji,positif,md
A5vSO5gPATI,user_f5ec1260121c,False,1759708800,1,negatif,0.8282,netral,tanpa_emoji,negatif,md
A5vSO5gPATI,user_45af7e765269,False,1759708800,0,positif,0.9414,positif,tanpa_emoji,positif,md
A5vSO5gPATI,user_1e924445be82,False,1759708800,0,negatif,0.9978,netral,tanpa_emoji,negatif,md
A5vSO5gPATI,user_48f7c6919a3b,False,1759708800,0,negatif,0.9928,negatif,tanpa_emoji,negatif,md
A5vSO5gPATI,user_87ac78d9fc52,False,1759708800,0,negatif,0.9516,positif,netral,negatif,md
A5vSO5gPATI,user_c6a75927f976,True,1759708800,0,negatif,0.7841,netral,tanpa_emoji,negatif,md
A5vSO5gPATI,user_6c7659fe69e6,False,1759708800,0,negatif,0.9355,netral,netral,negatif,md
A5vSO5gPATI,user_fc6d1a231799,False,1759708800,0,negatif,0.9978,negatif,tanpa_emoji,negatif,md
A5vSO5gPATI,user_5738119cae92,False,1759708800,0,negatif,0.9983,netral,tanpa_emoji,negatif,md
A5vSO5gPATI,user_aac513deb3f4,False,1759708800,4,negatif,0.9478,netral,tanpa_emoji,negatif,md
A5vSO5gPATI,user_e859c9617350,False,1759708800,0,negatif,0.6647,netral,tanpa_emoji,negatif,md
A5vSO5gPATI,user_75a502654238,False,1759708800,0,negatif,0.9991,netral,tanpa_emoji,negatif,md
A5vSO5gPATI,user_51ac5bbf426f,False,1759708800,0,positif,0.8263,positif,positif,positif,md
A5vSO5gPATI,user_8fe15cbf7e0d,False,1759708800,0,netral,0.4884,positif,positif,positif,md
A5vSO5gPATI,user_80b367866cb2,False,1759708800,0,netral,0.4884,positif,positif,positif,md
A5vSO5gPATI,user_cbd73757beb5,False,1759708800,0,netral,0.8627,positif,positif,netral,md
A5vSO5gPATI,user_52f8593af6cb,False,1759708800,0,positif,0.9803,positif,positif,positif,md
A5vSO5gPATI,user_7a6dde9131fc,False,1759708800,0,positif,0.8163,positif,positif,positif,md
A5vSO5gPATI,user_7ba588a179b8,False,1759708800,0,positif,0.9914,positif,positif,positif,md
A5vSO5gPATI,user_b94f4e0773ab,False,1759708800,0,netral,0.7401,positif,positif,netral,md
A5vSO5gPATI,user_3a6790315d1f,False,1759708800,0,netral,0.9943,netral,tanpa_emoji,netral,md
A5vSO5gPATI,user_f1c308e9fb42,False,1759708800,0,positif,0.7514,positif,tanpa_emoji,positif,md
A5vSO5gPATI,user_64131a337f0f,False,1759708800,0,negatif,0.8513,netral,tanpa_emoji,negatif,md
A5vSO5gPATI,user_cedfccd50ac4,False,1759708800,0,negatif,0.5482,positif,tanpa_emoji,negatif,md
A5vSO5gPATI,user_3f31a6057b09,False,1759708800,0,positif,0.9647,netral,tanpa_emoji,positif,md
A5vSO5gPATI,user_831ed0dd2491,False,1759708800,1,negatif,0.7042,netral,tanpa_emoji,negatif,md
A5vSO5gPATI,user_85fe9ba58c50,False,1759708800,0,negatif,0.7261,netral,tanpa_emoji,negatif,md
A5vSO5gPATI,user_081963a5024a,False,1759708800,0,negatif,0.7699,positif,positif,negatif,md
A5vSO5gPATI,user_9983ff4bf8c4,False,1759708800,108,positif,0.9823,positif,positif,positif,md
A5vSO5gPATI,user_2675feb1555a,False,1759708800,0,positif,0.9838,positif,positif,positif,md
A5vSO5gPATI,user_27786b6df926,False,1759708800,110,positif,0.9259,positif,positif,positif,md
A5vSO5gPATI,user_5e06966e7386,False,1759708800,0,positif,0.8718,positif,positif,positif,md
A5vSO5gPATI,user_c00dd1f1a3e5,False,1759708800,0,positif,0.9975,positif,positif,positif,md
A5vSO5gPATI,user_8a993275ba9d,False,1759708800,0,positif,0.9971,positif,positif,positif,md
A5vSO5gPATI,user_5cf835804356,False,1759708800,0,positif,0.9977,positif,positif,positif,md
A5vSO5gPATI,user_1473171d874e,False,1759708800,0,positif,0.8172,positif,positif,positif,md
A5vSO5gPATI,user_22c95034703d,False,1759708800,0,positif,0.9959,positif,positif,positif,md
A5vSO5gPATI,user_5a2717d0f7b2,False,1759708800,0,positif,0.994,positif,positif,positif,md
A5vSO5gPATI,user_a7839097308b,False,1759708800,0,positif,0.9962,positif,positif,positif,md
A5vSO5gPATI,user_549843f52208,False,1759708800,0,positif,0.9976,positif,positif,positif,md
A5vSO5gPATI,user_b850fb1c9bab,False,1759708800,0,positif,0.9959,positif,positif,positif,md
A5vSO5gPATI,user_b5fbffa0bee0,False,1759708800,0,positif,0.7109,netral,tanpa_emoji,positif,md
A5vSO5gPATI,user_fc2cc96006fa,False,1759708800,0,positif,0.9822,positif,tanpa_emoji,positif,md
A5vSO5gPATI,user_a6cb59d0a2ae,False,1759708800,0,netral,0.8097,positif,positif,netral,md
A5vSO5gPATI,user_f2c7062e460a,False,1759708800,0,negatif,0.9939,netral,tanpa_emoji,negatif,md
A5vSO5gPATI,user_cbf8526013d7,False,1759708800,0,negatif,0.9991,netral,tanpa_emoji,negatif,md
A5vSO5gPATI,user_32794954e034,False,1759708800,0,negatif,0.9978,netral,tanpa_emoji,negatif,md
A5vSO5gPATI,user_9ab8fe4628c3,False,1759708800,1,negatif,0.63,positif,tanpa_emoji,negatif,md
A5vSO5gPATI,user_d1a03b493086,False,1759708800,1,negatif,0.8251,netral,tanpa_emoji,negatif,md
A5vSO5gPATI,user_a2808c249c43,False,1759708800,0,positif,0.5841,positif,positif,positif,md
A5vSO5gPATI,user_a1a9d832dafd,False,1759708800,0,positif,0.9141,positif,positif,positif,md
A5vSO5gPATI,user_21e323bb0728,False,1759708800,0,positif,0.9921,netral,positif,positif,md
A5vSO5gPATI,user_75d908bba58f,False,1759708800,0,positif,0.998,positif,positif,positif,md
A5vSO5gPATI,user_c7308276d1c2,False,1759708800,0,positif,0.8718,positif,positif,positif,md
A5vSO5gPATI,user_afbd1da79e09,False,1759708800,0,positif,0.9505,positif,positif,positif,md
A5vSO5gPATI,user_8cf45d54cd88,False,1759708800,0,positif,0.9198,positif,positif,positif,md
A5vSO5gPATI,user_6542c24fc364,False,1759708800,0,positif,0.9889,positif,positif,positif,md
A5vSO5gPATI,user_eb9b0001abd6,False,1759708800,0,positif,0.9928,positif,positif,positif,md
A5vSO5gPATI,user_93e0f843b85f,False,1759708800,0,positif,0.9779,positif,positif,positif,md
A5vSO5gPATI,user_79763f14714e,False,1759708800,0,positif,0.9216,positif,positif,positif,md
A5vSO5gPATI,user_709f84e5ad9e,False,1759708800,0,positif,0.9235,positif,positif,positif,md
A5vSO5gPATI,user_7ef19a8ddaa5,False,1759708800,0,positif,0.9778,positif,positif,positif,md
A5vSO5gPATI,user_9a30f565de54,False,1759708800,0,positif,0.9967,positif,positif,positif,md
A5vSO5gPATI,user_fdbfe1696943,False,1759708800,0,negatif,0.8393,netral,netral,negatif,md
A5vSO5gPATI,user_4b292061d0b6,False,1759708800,0,positif,0.9731,positif,positif,positif,md
A5vSO5gPATI,user_7d8765d297d2,False,1759708800,0,negatif,0.6802,positif,positif,negatif,md
A5vSO5gPATI,user_900ee8e1c7ce,False,1759708800,0,positif,0.9731,netral,positif,positif,md
A5vSO5gPATI,user_3763bff950e4,False,1759708800,0,positif,0.9927,positif,positif,positif,md
A5vSO5gPATI,user_7891cebe4a60,False,1759708800,1,negatif,0.8917,netral,tanpa_emoji,negatif,md
A5vSO5gPATI,user_679df7d19042,False,1759708800,3,netral,0.378,positif,positif,positif,md
A5vSO5gPATI,user_34bc94963a24,False,1759708800,19,positif,0.9985,positif,positif,positif,md
A5vSO5gPATI,user_d93b4f5ba3a4,True,1762387200,2,negatif,0.9788,netral,tanpa_emoji,negatif,md
A5vSO5gPATI,user_4df1134fc0ef,True,1759708800,0,netral,0.9341,netral,tanpa_emoji,netral,md
A5vSO5gPATI,user_8512a2f86049,False,1759708800,0,negatif,0.9971,positif,tanpa_emoji,negatif,md
A5vSO5gPATI,user_392de327894b,False,1759708800,7,negatif,0.9921,netral,tanpa_emoji,negatif,md
A5vSO5gPATI,user_1250ac57601b,False,1759708800,0,positif,0.8464,positif,tanpa_emoji,positif,md
A5vSO5gPATI,user_4816411e2c00,False,1759708800,1,negatif,0.5811,netral,tanpa_emoji,negatif,md
A5vSO5gPATI,user_9f0285e6f50e,False,1759708800,239,positif,0.9971,positif,positif,positif,md
A5vSO5gPATI,user_216f69883857,False,1759708800,336,positif,0.9936,positif,positif,positif,md
A5vSO5gPATI,user_bd4bdd5f31c8,True,1788652800,0,netral,0.6373,netral,tanpa_emoji,netral,md
A5vSO5gPATI,user_d46f015f0117,False,1759708800,0,positif,0.9973,positif,positif,positif,md
A5vSO5gPATI,user_e719ea1dd441,False,1759708800,0,negatif,0.6781,positif,tanpa_emoji,negatif,md
A5vSO5gPATI,user_69988f13795c,False,1759708800,0,positif,0.9838,positif,positif,positif,md
A5vSO5gPATI,user_8b9e6d7c2f0b,False,1759708800,0,positif,0.9727,positif,positif,positif,md
A5vSO5gPATI,user_a0ce924f8f44,False,1759708800,0,positif,0.9976,positif,positif,positif,md
A5vSO5gPATI,user_0e173bb09440,False,1759708800,329,positif,0.9823,positif,positif,positif,md
A5vSO5gPATI,user_bc0caa328716,False,1759708800,0,negatif,0.571,netral,tanpa_emoji,negatif,md
A5vSO5gPATI,user_d1ee4b6cb660,False,1759708800,1,positif,0.9634,positif,tanpa_emoji,positif,md
A5vSO5gPATI,user_08db2ce24db7,False,1759708800,0,positif,0.9975,positif,positif,positif,md
A5vSO5gPATI,user_4f427658fc2f,False,1759708800,0,positif,0.8172,positif,positif,positif,md
A5vSO5gPATI,user_1cc8b8bf8e5c,False,1759708800,0,positif,0.9259,positif,positif,positif,md
A5vSO5gPATI,user_45188594bd2b,False,1759708800,0,positif,0.9971,positif,positif,positif,md
A5vSO5gPATI,user_2fe795126d82,False,1759708800,0,netral,0.7938,positif,positif,netral,md
A5vSO5gPATI,user_ebc139633c5a,False,1759708800,0,positif,0.9977,positif,positif,positif,md
A5vSO5gPATI,user_ad7743a8129e,False,1759708800,0,negatif,0.5783,netral,tanpa_emoji,negatif,md
A5vSO5gPATI,user_8a8e4ff427f4,False,1759708800,0,negatif,0.9971,negatif,tanpa_emoji,negatif,md
A5vSO5gPATI,user_1066da675cd2,False,1759708800,0,positif,0.8315,netral,netral,positif,md
A5vSO5gPATI,user_564ec40ccbb6,False,1759708800,0,positif,0.9976,positif,positif,positif,md
A5vSO5gPATI,user_1da90fa3810a,False,1759708800,0,positif,0.9959,positif,positif,positif,md
A5vSO5gPATI,user_8a6e6035f41e,False,1759708800,332,positif,0.994,positif,positif,positif,md
A5vSO5gPATI,user_6cedc099eced,False,1759708800,0,positif,0.9959,positif,positif,positif,md
A5vSO5gPATI,user_499ea14e0761,False,1759708800,0,positif,0.9962,positif,positif,positif,md
A5vSO5gPATI,user_3310aca88d3e,False,1759708800,0,positif,0.5898,netral,tanpa_emoji,positif,md
A5vSO5gPATI,user_df8a3f6376b2,False,1759708800,0,positif,0.9509,netral,tanpa_emoji,positif,md
A5vSO5gPATI,user_65eb91c04d10,False,1759708800,0,negatif,0.9987,negatif,tanpa_emoji,negatif,md
A5vSO5gPATI,user_e74087b9477f,False,1759708800,2,positif,0.4802,positif,positif,positif,md
A5vSO5gPATI,user_0db2025da8a3,False,1759708800,42,negatif,0.488,netral,tanpa_emoji,negatif,md
A5vSO5gPATI,user_c246595b2556,False,1759708800,0,negatif,0.9104,netral,tanpa_emoji,negatif,md
A5vSO5gPATI,user_f194d442fb4b,True,1759708800,0,negatif,0.666,netral,tanpa_emoji,negatif,md
A5vSO5gPATI,user_51b2cc479477,False,1759708800,0,negatif,0.9897,netral,netral,negatif,md
A5vSO5gPATI,user_4576cbe3108f,True,1759708800,0,negatif,0.9942,netral,tanpa_emoji,negatif,md
A5vSO5gPATI,user_51b2cc479477,True,1759708800,0,negatif,0.6416,negatif,netral,negatif,md
A5vSO5gPATI,user_d9f760f69d9f,False,1759708800,0,negatif,0.9858,netral,netral,negatif,md
A5vSO5gPATI,user_ab16b3904126,False,1759708800,0,positif,0.8949,netral,netral,positif,md
A5vSO5gPATI,user_32462d0378e9,False,1759708800,0,netral,0.805,positif,positif,netral,md
A5vSO5gPATI,user_826efa49c95b,False,1759708800,0,negatif,0.9917,netral,tanpa_emoji,negatif,md
A5vSO5gPATI,user_8ac54f060594,False,1759708800,0,negatif,0.9941,netral,tanpa_emoji,negatif,md
A5vSO5gPATI,user_5a88c86499e0,False,1759708800,1,negatif,0.646,negatif,tanpa_emoji,negatif,md
A5vSO5gPATI,user_31400dc904bb,False,1759708800,1,negatif,0.9851,positif,netral,negatif,md
A5vSO5gPATI,user_34a36166f0d5,False,1759708800,3,negatif,0.6812,netral,tanpa_emoji,negatif,md
A5vSO5gPATI,user_d88eb5556c7c,False,1759708800,1,positif,0.5094,positif,tanpa_emoji,positif,md
A5vSO5gPATI,user_208d89ba0895,False,1759708800,7,negatif,0.9616,positif,positif,negatif,md
A5vSO5gPATI,user_c690558870ac,True,1759708800,0,negatif,0.9298,netral,tanpa_emoji,negatif,md
A5vSO5gPATI,user_208d89ba0895,True,1759708800,0,negatif,0.6321,netral,tanpa_emoji,negatif,md
A5vSO5gPATI,user_c690558870ac,True,1759708800,0,negatif,0.9807,netral,tanpa_emoji,negatif,md
A5vSO5gPATI,user_208d89ba0895,True,1759708800,2,negatif,0.9706,negatif,netral,negatif,md
A5vSO5gPATI,user_c690558870ac,True,1759708800,0,netral,0.6655,positif,tanpa_emoji,netral,md
A5vSO5gPATI,user_a8e8b03af303,True,1759708800,0,negatif,0.995,netral,tanpa_emoji,negatif,md
A5vSO5gPATI,user_208d89ba0895,True,1759708800,0,netral,0.9679,netral,tanpa_emoji,netral,md
A5vSO5gPATI,user_8590b2009265,False,1759708800,0,negatif,0.7848,netral,netral,negatif,md
A5vSO5gPATI,user_4bf63ff6b665,False,1759708800,3,netral,0.5332,positif,positif,positif,md
A5vSO5gPATI,user_17937f97b5e6,False,1759708800,6,netral,0.9972,netral,tanpa_emoji,netral,md
A5vSO5gPATI,user_9ed2b7717537,False,1759708800,2,negatif,0.5759,positif,tanpa_emoji,negatif,md
A5vSO5gPATI,user_6ea2ea1545cc,False,1759708800,0,negatif,0.998,netral,tanpa_emoji,negatif,md
A5vSO5gPATI,user_71f288cef81b,False,1759708800,5,negatif,0.9984,negatif,tanpa_emoji,negatif,md
A5vSO5gPATI,user_148cc652a13a,False,1759708800,3,netral,0.6653,positif,tanpa_emoji,netral,md
A5vSO5gPATI,user_4528fc9aa5be,True,1759708800,1,positif,0.509,positif,tanpa_emoji,positif,md
A5vSO5gPATI,user_7fab4257ea50,True,1767657600,0,negatif,0.8282,netral,tanpa_emoji,negatif,md
A5vSO5gPATI,user_6197839d8034,False,1759708800,3,negatif,0.4851,netral,tanpa_emoji,negatif,md
A5vSO5gPATI,user_fef4e0ada861,False,1759708800,174,positif,0.926,netral,tanpa_emoji,positif,md
A5vSO5gPATI,user_5a4c53dd7abe,True,1759708800,15,positif,0.9081,negatif,netral,positif,md
A5vSO5gPATI,user_f6ff350d10bf,True,1770336000,1,negatif,0.9982,negatif,tanpa_emoji,negatif,md
A5vSO5gPATI,user_b0c3778a4db0,True,1759708800,9,positif,0.8862,netral,tanpa_emoji,positif,md
A5vSO5gPATI,user_e8890e461e9a,True,1759708800,2,negatif,0.996,netral,tanpa_emoji,negatif,md
A5vSO5gPATI,user_eb442b980e92,True,1770336000,0,negatif,0.8028,negatif,tanpa_emoji,negatif,md
A5vSO5gPATI,user_b0c3778a4db0,True,1770336000,0,negatif,0.6419,netral,tanpa_emoji,negatif,md
A5vSO5gPATI,user_edad7c19b10b,True,1759708800,15,negatif,0.9732,netral,tanpa_emoji,negatif,md
A5vSO5gPATI,user_9f6141a0193d,True,1759708800,4,positif,0.587,netral,tanpa_emoji,positif,md
A5vSO5gPATI,user_01d9ef6057cd,True,1762387200,0,positif,0.4706,positif,tanpa_emoji,positif,md
A5vSO5gPATI,user_9f6141a0193d,True,1762387200,0,negatif,0.7301,netral,tanpa_emoji,negatif,md
A5vSO5gPATI,user_7f765a6aeff4,True,1759708800,0,positif,0.8696,positif,tanpa_emoji,positif,md
A5vSO5gPATI,user_f26aa5785cb3,True,1759708800,0,positif,0.7267,netral,tanpa_emoji,positif,md
A5vSO5gPATI,user_45ec53163843,True,1759708800,0,netral,0.9818,netral,tanpa_emoji,netral,md
A5vSO5gPATI,user_10b15584573b,True,1759708800,0,netral,0.6691,negatif,tanpa_emoji,netral,md
A5vSO5gPATI,user_337016c68604,True,1767657600,0,netral,0.7326,positif,tanpa_emoji,netral,md
A5vSO5gPATI,user_0f1ce6b5b282,True,1770336000,0,negatif,0.9973,positif,tanpa_emoji,negatif,md
A5vSO5gPATI,user_edad7c19b10b,True,1770336000,0,negatif,0.9137,negatif,netral,negatif,md
A5vSO5gPATI,user_0bf8280e8152,False,1759708800,36,positif,0.9936,positif,tanpa_emoji,positif,md
A5vSO5gPATI,user_fef4e0ada861,False,1759708800,4,positif,0.8112,positif,positif,positif,md
A5vSO5gPATI,user_fef4e0ada861,False,1759708800,20,negatif,0.9821,netral,tanpa_emoji,negatif,md
A5vSO5gPATI,user_e59859ea800e,False,1759708800,6,netral,0.6474,netral,tanpa_emoji,netral,md
A5vSO5gPATI,user_dad596d92f9f,False,1759708800,4,netral,0.8788,netral,tanpa_emoji,netral,md
A5vSO5gPATI,user_b86e0eb6cde9,True,1759708800,0,netral,0.9855,netral,tanpa_emoji,netral,md
A5vSO5gPATI,user_1d1a1e636f77,False,1759708800,6,negatif,0.9263,netral,tanpa_emoji,negatif,md
A5vSO5gPATI,user_178f86c72c80,False,1759708800,115,negatif,0.9632,positif,tanpa_emoji,negatif,md
A5vSO5gPATI,user_f537f8c87d4a,True,1762387200,3,negatif,0.9648,netral,netral,negatif,md
A5vSO5gPATI,user_050044f24052,True,1767657600,1,negatif,0.9922,netral,netral,negatif,md
A5vSO5gPATI,user_90893327e6e5,True,1767657600,0,negatif,0.9929,negatif,netral,negatif,md
A5vSO5gPATI,user_b0532ff7ad2a,False,1759708800,3,netral,0.5172,positif,positif,positif,md
A5vSO5gPATI,user_4fa40982a996,False,1759708800,3,negatif,0.99,negatif,negatif,negatif,md
A5vSO5gPATI,user_11c55e75c824,False,1759708800,2,positif,0.5033,netral,netral,positif,md
A5vSO5gPATI,user_4528fc9aa5be,True,1759708800,0,negatif,0.9986,netral,netral,negatif,md
A5vSO5gPATI,user_b535c3fd3804,False,1759708800,0,negatif,0.6631,netral,netral,negatif,md
A5vSO5gPATI,user_2f3e19c71262,False,1759708800,4,positif,0.9927,positif,tanpa_emoji,positif,md
A5vSO5gPATI,user_c6cc3939f6db,False,1759708800,3,positif,0.5133,netral,netral,positif,md
A5vSO5gPATI,user_749534c13f96,False,1759708800,2,netral,0.5057,positif,positif,positif,md
A5vSO5gPATI,user_964dc73f1bc8,False,1759708800,2,positif,0.6409,netral,tanpa_emoji,positif,md
A5vSO5gPATI,user_3592a51dcf42,False,1759708800,0,positif,0.9354,positif,tanpa_emoji,positif,md
A5vSO5gPATI,user_581122544239,False,1759708800,1,negatif,0.7768,netral,tanpa_emoji,negatif,md
A5vSO5gPATI,user_44992e71404d,False,1759708800,2,negatif,0.9911,netral,tanpa_emoji,negatif,md
A5vSO5gPATI,user_e8890e461e9a,True,1759708800,0,negatif,0.9253,negatif,tanpa_emoji,negatif,md
A5vSO5gPATI,user_830bf7173dac,False,1759708800,13,negatif,0.9883,negatif,tanpa_emoji,negatif,md
A5vSO5gPATI,user_69523617946a,False,1759708800,3,netral,0.6435,netral,tanpa_emoji,netral,md
A5vSO5gPATI,user_62200ab286e5,False,1759708800,21,netral,0.9806,positif,positif,netral,md
A5vSO5gPATI,user_87f5735c8a13,False,1759708800,4,negatif,0.9913,netral,tanpa_emoji,negatif,md
A5vSO5gPATI,user_9fce9b78502d,False,1759708800,0,positif,0.5042,positif,tanpa_emoji,positif,md
A5vSO5gPATI,user_e956267fa81e,False,1759708800,47,negatif,0.8502,positif,positif,negatif,md
A5vSO5gPATI,user_a1be43d5785d,True,1759708800,2,negatif,0.9811,netral,tanpa_emoji,negatif,md
A5vSO5gPATI,user_6c7659fe69e6,True,1759708800,0,netral,0.8563,netral,tanpa_emoji,netral,md
A5vSO5gPATI,user_a1be43d5785d,True,1759708800,1,positif,0.9255,netral,tanpa_emoji,positif,md
A5vSO5gPATI,user_e956267fa81e,True,1759708800,0,netral,0.6696,netral,tanpa_emoji,netral,md
A5vSO5gPATI,user_81cb532f72ed,True,1759708800,0,netral,0.5702,netral,tanpa_emoji,netral,md
A5vSO5gPATI,user_4a50a2ff2d27,False,1759708800,3,negatif,0.8425,netral,netral,negatif,md
A5vSO5gPATI,user_a9211bd3e4b8,False,1759708800,3,negatif,0.6378,positif,positif,negatif,md
A5vSO5gPATI,user_49a5bd560c5e,False,1759708800,3,negatif,0.9943,netral,tanpa_emoji,negatif,md
A5vSO5gPATI,user_4c677be9bd55,False,1759708800,3,negatif,0.9993,netral,tanpa_emoji,negatif,md
A5vSO5gPATI,user_cf4899e9c8c7,False,1759708800,4,negatif,0.9991,netral,tanpa_emoji,negatif,md
A5vSO5gPATI,user_6791ed93a930,False,1759708800,3,negatif,0.9986,netral,tanpa_emoji,negatif,md
A5vSO5gPATI,user_84974d88ac2f,False,1759708800,12,negatif,0.9813,netral,tanpa_emoji,negatif,md
A5vSO5gPATI,user_9381933b5859,False,1759708800,2,netral,0.5535,netral,tanpa_emoji,netral,md
A5vSO5gPATI,user_5972e24700ab,False,1759708800,3,negatif,0.8898,netral,netral,negatif,md
A5vSO5gPATI,user_a67759778e2e,False,1759708800,3,negatif,0.9649,netral,tanpa_emoji,negatif,md
A5vSO5gPATI,user_ce111cd2e0fc,False,1759708800,2,negatif,0.7179,positif,positif,positif,md
A5vSO5gPATI,user_19f5fc8e62ba,False,1759708800,5,negatif,0.6211,netral,tanpa_emoji,negatif,md
ADJZWZUedyU,user_e03973ec86fd,False,1778025600,0,positif,0.6054,netral,tanpa_emoji,positif,md
ADJZWZUedyU,user_475e8e038614,False,1778025600,0,negatif,0.9963,netral,tanpa_emoji,negatif,md
ADJZWZUedyU,user_4b5132ed0108,False,1770336000,0,netral,0.9128,netral,tanpa_emoji,netral,md
ADJZWZUedyU,user_02a9336a385d,True,1770336000,1,negatif,0.9629,netral,netral,negatif,md
ADJZWZUedyU,user_0727e9e16e0d,False,1767657600,1,positif,0.9929,positif,positif,positif,md
ADJZWZUedyU,user_3cc548443a12,False,1767657600,0,negatif,0.6879,negatif,tanpa_emoji,negatif,md
ADJZWZUedyU,user_392bb7d45dd5,True,1767657600,0,negatif,0.6667,netral,tanpa_emoji,negatif,md
ADJZWZUedyU,user_5db06db13f18,False,1767657600,1,negatif,0.6641,negatif,tanpa_emoji,negatif,md
ADJZWZUedyU,user_579c28683e3f,True,1770336000,1,negatif,0.9242,netral,tanpa_emoji,negatif,md
ADJZWZUedyU,user_4a68ffbf682b,False,1767657600,1,negatif,0.9974,negatif,tanpa_emoji,negatif,md
ADJZWZUedyU,user_973f6cbcf5f1,False,1767657600,0,negatif,0.8043,negatif,tanpa_emoji,negatif,md
ADJZWZUedyU,user_c6cc3939f6db,False,1767657600,0,negatif,0.6557,netral,netral,negatif,md
ADJZWZUedyU,user_5391457deb51,False,1767657600,0,negatif,0.9888,positif,netral,negatif,md
ADJZWZUedyU,user_7f4eaa01dd94,False,1767657600,1,negatif,0.783,netral,tanpa_emoji,negatif,md
ADJZWZUedyU,user_c894e4cc7283,False,1767657600,0,netral,0.7111,netral,tanpa_emoji,netral,md
ADJZWZUedyU,user_a834ab10f9c1,False,1767657600,1,negatif,0.998,netral,tanpa_emoji,negatif,md
ADJZWZUedyU,user_b423b1a10422,True,1767657600,0,negatif,0.6356,netral,tanpa_emoji,negatif,md
ADJZWZUedyU,user_39c43d88f657,False,1767657600,4,negatif,0.9748,netral,netral,negatif,md
ADJZWZUedyU,user_d5d7234aa5eb,True,1770336000,0,negatif,0.9978,negatif,netral,negatif,md
ADJZWZUedyU,user_39c43d88f657,True,1770336000,0,negatif,0.5289,netral,netral,negatif,md
ADJZWZUedyU,user_2be3133865ca,False,1767657600,1,netral,0.5058,netral,tanpa_emoji,netral,md
ADJZWZUedyU,user_2d6c09bb6f04,False,1767657600,0,negatif,0.4999,negatif,tanpa_emoji,negatif,md
ADJZWZUedyU,user_16ab553c29dd,False,1767657600,0,negatif,0.9965,positif,tanpa_emoji,negatif,md
ADJZWZUedyU,user_b423b1a10422,True,1767657600,0,negatif,0.9985,netral,tanpa_emoji,negatif,md
ADJZWZUedyU,user_db6ffab5528e,False,1767657600,0,negatif,0.9927,netral,netral,negatif,md
ADJZWZUedyU,user_e85beb7b5315,False,1767657600,0,netral,0.9173,netral,netral,netral,md
ADJZWZUedyU,user_943a7bcee52d,True,1767657600,0,positif,0.9944,netral,tanpa_emoji,positif,md
ADJZWZUedyU,user_e85beb7b5315,True,1767657600,0,netral,0.9351,netral,tanpa_emoji,netral,md
ADJZWZUedyU,user_e85beb7b5315,False,1767657600,0,positif,0.7683,netral,tanpa_emoji,positif,md
ADJZWZUedyU,user_d1305248b264,False,1767657600,1,positif,0.9641,positif,tanpa_emoji,positif,md
ADJZWZUedyU,user_f53ddf56ea39,False,1767657600,0,negatif,0.881,positif,tanpa_emoji,negatif,md
ADJZWZUedyU,user_cb5e8fc890a1,False,1767657600,0,negatif,0.8254,positif,positif,negatif,md
ADJZWZUedyU,user_adf1b18652b9,False,1767657600,2,positif,0.9837,positif,tanpa_emoji,positif,md
ADJZWZUedyU,user_dea297b60f0e,False,1767657600,2,positif,0.6823,positif,tanpa_emoji,positif,md
ADJZWZUedyU,user_45c1420ce449,False,1767657600,0,negatif,0.9951,negatif,tanpa_emoji,negatif,md
ADJZWZUedyU,user_b57ea2cc24ac,True,1767657600,2,netral,0.9784,netral,tanpa_emoji,netral,md
ADJZWZUedyU,user_696e7818e4de,False,1767657600,1,negatif,0.9984,negatif,tanpa_emoji,negatif,md
ADJZWZUedyU,user_587c214f5c55,True,1767657600,0,positif,0.5709,negatif,tanpa_emoji,positif,md
ADJZWZUedyU,user_20cfcd243263,False,1767657600,12,negatif,0.9232,positif,tanpa_emoji,negatif,md
ADJZWZUedyU,user_cafccd9d2556,True,1767657600,1,positif,0.9377,negatif,netral,positif,md
ADJZWZUedyU,user_f89ff87ca1a4,False,1767657600,0,positif,0.985,netral,tanpa_emoji,positif,md
ADJZWZUedyU,user_b57ea2cc24ac,True,1767657600,0,positif,0.5478,negatif,tanpa_emoji,positif,md
ADJZWZUedyU,user_6dcc7c919d6e,True,1767657600,0,positif,0.9644,positif,tanpa_emoji,positif,md
ADJZWZUedyU,user_f89ff87ca1a4,True,1767657600,0,netral,0.864,netral,tanpa_emoji,netral,md
ADJZWZUedyU,user_e9ba6e7e1729,False,1767657600,6,positif,0.9735,positif,tanpa_emoji,positif,md
ADJZWZUedyU,user_a6705c70b408,True,1778025600,0,negatif,0.5735,negatif,tanpa_emoji,negatif,md
ADJZWZUedyU,user_e9ba6e7e1729,True,1778025600,0,netral,0.9935,netral,tanpa_emoji,netral,md
ADJZWZUedyU,user_2079bddbb0c6,False,1767657600,1,negatif,0.9858,netral,tanpa_emoji,negatif,md
ADJZWZUedyU,user_6dcc7c919d6e,True,1767657600,0,negatif,0.6338,netral,netral,negatif,md
ADJZWZUedyU,user_409dfc479011,False,1767657600,9,negatif,0.8151,netral,tanpa_emoji,negatif,md
ADJZWZUedyU,user_30a00005aa2f,False,1767657600,3,negatif,0.6349,netral,tanpa_emoji,negatif,md
ADJZWZUedyU,user_3f6ae773e0ee,False,1767657600,0,negatif,0.9909,positif,tanpa_emoji,negatif,md
ADJZWZUedyU,user_ef97d624de42,False,1767657600,1,negatif,0.953,negatif,tanpa_emoji,negatif,md
ADJZWZUedyU,user_9a2b51aa5ff3,False,1767657600,0,netral,0.7732,netral,tanpa_emoji,netral,md
ADJZWZUedyU,user_3f5df0d65f23,False,1767657600,7,negatif,0.976,netral,netral,negatif,md
ADJZWZUedyU,user_2fd52e3e7d05,True,1767657600,0,negatif,0.9975,negatif,tanpa_emoji,negatif,md
ADJZWZUedyU,user_3f5df0d65f23,True,1767657600,0,negatif,0.9918,netral,netral,negatif,md
ADJZWZUedyU,user_7c08a20f49be,True,1767657600,0,negatif,0.5886,netral,tanpa_emoji,negatif,md
ADJZWZUedyU,user_3f5df0d65f23,True,1767657600,0,negatif,0.9962,negatif,netral,negatif,md
ADJZWZUedyU,user_e2be1dac1b9f,False,1767657600,1,negatif,0.9955,negatif,tanpa_emoji,negatif,md
ADJZWZUedyU,user_b57ea2cc24ac,True,1767657600,0,negatif,0.7952,positif,tanpa_emoji,negatif,md
ADJZWZUedyU,user_1b69d39d1acc,True,1767657600,1,negatif,0.8617,netral,tanpa_emoji,negatif,md
ADJZWZUedyU,user_a4f5c133a9e8,True,1767657600,0,positif,0.7937,positif,tanpa_emoji,positif,md
ADJZWZUedyU,user_b57ea2cc24ac,True,1767657600,0,negatif,0.9257,netral,tanpa_emoji,negatif,md
ADJZWZUedyU,user_a4f5c133a9e8,True,1767657600,0,positif,0.8418,positif,tanpa_emoji,positif,md
ADJZWZUedyU,user_8e5f560e8a3b,True,1767657600,0,positif,0.9899,netral,tanpa_emoji,positif,md
ADJZWZUedyU,user_77ee03a9c982,False,1767657600,14,negatif,0.9255,negatif,negatif,negatif,md
ADJZWZUedyU,user_2085813e949b,True,1767657600,1,negatif,0.9414,netral,tanpa_emoji,negatif,md
ADJZWZUedyU,user_77ee03a9c982,True,1767657600,0,netral,0.9905,netral,tanpa_emoji,netral,md
ADJZWZUedyU,user_6baaa3df5406,False,1767657600,0,positif,0.995,positif,tanpa_emoji,positif,md
ADJZWZUedyU,user_19f4796c6496,True,1767657600,0,positif,0.934,netral,tanpa_emoji,positif,md
ADJZWZUedyU,user_98cbfb90797f,False,1767657600,7,negatif,0.9968,netral,netral,negatif,md
ADJZWZUedyU,user_7d6c3e0e5ac7,True,1767657600,0,positif,0.6991,netral,tanpa_emoji,positif,md
ADJZWZUedyU,user_f288fc97ee9e,False,1767657600,4,positif,0.9931,positif,tanpa_emoji,positif,md
ADJZWZUedyU,user_c1a6c8811de3,False,1767657600,27,positif,0.6082,netral,netral,positif,md
ADJZWZUedyU,user_6b39d87e8a66,False,1767657600,3,netral,0.6936,positif,positif,netral,md
ADJZWZUedyU,user_8cb6d7d8fa49,False,1767657600,0,negatif,0.8933,netral,tanpa_emoji,negatif,md
ADJZWZUedyU,user_98cbfb90797f,True,1767657600,1,negatif,0.9056,positif,tanpa_emoji,negatif,md
ADJZWZUedyU,user_7107298e3969,True,1767657600,0,negatif,0.6018,netral,tanpa_emoji,negatif,md
ADJZWZUedyU,user_98cbfb90797f,True,1767657600,0,negatif,0.8408,positif,tanpa_emoji,negatif,md
ADJZWZUedyU,user_7107298e3969,True,1767657600,0,negatif,0.5293,netral,tanpa_emoji,negatif,md
ADJZWZUedyU,user_361b53b4ab7d,True,1780704000,0,negatif,0.6317,negatif,tanpa_emoji,negatif,md
ADJZWZUedyU,user_77c93df69434,False,1767657600,0,netral,0.9601,positif,tanpa_emoji,netral,md
ADJZWZUedyU,user_ac606b4303e8,False,1767657600,108,positif,0.987,positif,positif,positif,md
ADJZWZUedyU,user_838878e68eee,True,1767657600,4,netral,0.8784,netral,positif,netral,md
ADJZWZUedyU,user_678e4236028c,True,1767657600,0,netral,0.9751,netral,tanpa_emoji,netral,md
ADJZWZUedyU,user_ccf430d283c9,True,1767657600,0,netral,0.9587,netral,tanpa_emoji,netral,md
ADJZWZUedyU,user_959ea1fb8764,True,1767657600,0,netral,0.991,netral,tanpa_emoji,netral,md
ADJZWZUedyU,user_56cfd28d6353,True,1767657600,2,negatif,0.8941,netral,tanpa_emoji,negatif,md
ADJZWZUedyU,user_e9fd17f1061a,True,1780704000,0,netral,0.9871,netral,tanpa_emoji,netral,md
ADJZWZUedyU,user_28eafeb0022f,False,1767657600,0,positif,0.9746,positif,tanpa_emoji,positif,md
ADJZWZUedyU,user_7ab816dd8f92,False,1767657600,0,positif,0.5607,positif,netral,positif,md
ADJZWZUedyU,user_e287217aff0c,False,1767657600,13,positif,0.7454,positif,tanpa_emoji,positif,md
ADJZWZUedyU,user_fac1bae1adaf,False,1767657600,0,negatif,0.5316,netral,tanpa_emoji,negatif,md
ADJZWZUedyU,user_19f5fc8e62ba,False,1767657600,1,positif,0.8812,positif,tanpa_emoji,positif,md
ADJZWZUedyU,user_365131a59add,False,1767657600,1,netral,0.4668,positif,positif,positif,md
ADJZWZUedyU,user_135f9f4019d2,False,1767657600,0,netral,0.6775,netral,tanpa_emoji,netral,md
ADJZWZUedyU,user_eaf8e919ba91,False,1767657600,7,negatif,0.98,positif,positif,negatif,md
ADJZWZUedyU,user_ee93811d2045,False,1767657600,1,negatif,0.9972,positif,tanpa_emoji,negatif,md
ADJZWZUedyU,user_8bdc96aaaf4f,False,1767657600,0,negatif,0.6616,netral,tanpa_emoji,negatif,md
ADJZWZUedyU,user_8bdc96aaaf4f,False,1767657600,0,negatif,0.6616,netral,tanpa_emoji,negatif,md
ADJZWZUedyU,user_17937f97b5e6,False,1767657600,3,netral,0.9952,netral,tanpa_emoji,netral,md
ADJZWZUedyU,user_6dfa7eb16a11,False,1767657600,14,negatif,0.9027,positif,positif,negatif,md
ADJZWZUedyU,user_11fc6500ee4c,False,1767657600,22,negatif,0.8813,negatif,tanpa_emoji,negatif,md
ADJZWZUedyU,user_4ee8158fae66,False,1767657600,1,negatif,0.9508,positif,positif,negatif,md
BfhRY0YwEd0,user_2ed4a3b76c88,False,1778025600,1,netral,0.6754,positif,positif,netral,md
BfhRY0YwEd0,user_33992dffb4c8,False,1775433600,0,positif,0.5966,netral,tanpa_emoji,positif,md
BfhRY0YwEd0,user_11cb9a69e6be,False,1764979200,0,positif,0.9834,positif,positif,positif,md
BfhRY0YwEd0,user_aa36d21955e6,False,1759708800,0,negatif,0.5688,netral,tanpa_emoji,negatif,md
BfhRY0YwEd0,user_2d6c09bb6f04,False,1759708800,0,negatif,0.665,netral,tanpa_emoji,negatif,md
BfhRY0YwEd0,user_7fad085be05f,False,1759708800,0,positif,0.9101,positif,tanpa_emoji,positif,md
BfhRY0YwEd0,user_d0c3260c5b6b,True,1759708800,0,positif,0.9053,netral,tanpa_emoji,positif,md
BfhRY0YwEd0,user_924d04cdd7b4,False,1759708800,0,negatif,0.5983,negatif,tanpa_emoji,negatif,md
BfhRY0YwEd0,user_0231055b520d,True,1759708800,0,negatif,0.9904,positif,tanpa_emoji,negatif,md
BfhRY0YwEd0,user_20099d5662b8,False,1759708800,0,negatif,0.6752,netral,netral,negatif,md
BfhRY0YwEd0,user_21926c2a877b,False,1759708800,0,negatif,0.9976,netral,tanpa_emoji,negatif,md
BfhRY0YwEd0,user_ca42af4bcfaa,False,1759708800,0,negatif,0.9944,netral,netral,negatif,md
BfhRY0YwEd0,user_da496a5f7b13,False,1759708800,0,negatif,0.9989,netral,netral,negatif,md
BfhRY0YwEd0,user_cd1201438bfa,False,1759708800,0,netral,0.8466,netral,tanpa_emoji,netral,md
BfhRY0YwEd0,user_9628f828865d,False,1759708800,0,positif,0.9384,positif,tanpa_emoji,positif,md
BfhRY0YwEd0,user_87923727292f,False,1759708800,0,negatif,0.9986,netral,tanpa_emoji,negatif,md
BfhRY0YwEd0,user_5eef978a7fbe,False,1759708800,0,negatif,0.881,negatif,tanpa_emoji,negatif,md
BfhRY0YwEd0,user_00b30712f540,False,1759708800,0,negatif,0.9724,positif,tanpa_emoji,negatif,md
BfhRY0YwEd0,user_13b8e23ad3d7,False,1759708800,1,negatif,0.8251,netral,tanpa_emoji,negatif,md
BfhRY0YwEd0,user_a6aed43bdea2,False,1759708800,1,positif,0.9864,netral,netral,netral,md
BfhRY0YwEd0,user_a7be3e10cd2f,False,1759708800,1,negatif,0.7177,netral,tanpa_emoji,negatif,md
BfhRY0YwEd0,user_074f75e532f8,False,1759708800,0,negatif,0.9994,negatif,tanpa_emoji,negatif,md
BfhRY0YwEd0,user_bfad5b07758b,False,1759708800,0,negatif,0.6727,positif,netral,negatif,md
BfhRY0YwEd0,user_d66ac9f09d47,False,1759708800,0,negatif,0.9608,netral,tanpa_emoji,negatif,md
BfhRY0YwEd0,user_8e80063ff1c5,True,1759708800,0,netral,0.9411,netral,tanpa_emoji,netral,md
BfhRY0YwEd0,user_fdc1cff36b4a,False,1759708800,0,negatif,0.7404,netral,tanpa_emoji,negatif,md
BfhRY0YwEd0,user_202a4f6d0ac0,False,1759708800,0,negatif,0.9726,netral,tanpa_emoji,negatif,md
BfhRY0YwEd0,user_496480a8d0e7,False,1759708800,0,netral,0.5369,netral,tanpa_emoji,netral,md
BfhRY0YwEd0,user_d31085f201d0,True,1759708800,0,netral,0.8859,netral,tanpa_emoji,netral,md
BfhRY0YwEd0,user_c8454d771afa,False,1759708800,0,positif,0.9665,netral,tanpa_emoji,positif,md
BfhRY0YwEd0,user_f0e201508846,False,1759708800,0,negatif,0.9937,netral,tanpa_emoji,negatif,md
BfhRY0YwEd0,user_62eee2bf0151,False,1759708800,0,negatif,0.6081,positif,netral,negatif,md
BfhRY0YwEd0,user_66ef398ca649,False,1759708800,0,negatif,0.721,netral,tanpa_emoji,negatif,md
BfhRY0YwEd0,user_83d4e1c0a244,True,1759708800,0,negatif,0.6727,netral,tanpa_emoji,negatif,md
BfhRY0YwEd0,user_66ef398ca649,False,1759708800,0,netral,0.5068,netral,tanpa_emoji,netral,md
BfhRY0YwEd0,user_2dac86f43cab,False,1759708800,0,negatif,0.9816,negatif,tanpa_emoji,negatif,md
BfhRY0YwEd0,user_3847734fee7d,False,1759708800,0,positif,0.7124,netral,tanpa_emoji,positif,md
BfhRY0YwEd0,user_c99b38419bb8,False,1759708800,0,positif,0.5996,netral,tanpa_emoji,positif,md
BfhRY0YwEd0,user_9dbcb9a2f095,False,1759708800,0,negatif,0.9955,netral,netral,negatif,md
BfhRY0YwEd0,user_e851c60568dc,False,1759708800,1,positif,0.9965,positif,positif,positif,md
BfhRY0YwEd0,user_7f7c8aeed4c0,False,1759708800,0,negatif,0.7724,netral,tanpa_emoji,negatif,md
BfhRY0YwEd0,user_b0d9f6ca3eeb,False,1759708800,0,positif,0.9833,positif,tanpa_emoji,positif,md
BfhRY0YwEd0,user_cdb454624260,False,1759708800,0,negatif,0.9976,positif,netral,negatif,md
BfhRY0YwEd0,user_4a543bed9fe1,False,1759708800,0,negatif,0.9937,netral,tanpa_emoji,negatif,md
BfhRY0YwEd0,user_9e0d68449540,False,1759708800,1,negatif,0.9103,negatif,tanpa_emoji,negatif,md
BfhRY0YwEd0,user_5312473f0e52,False,1759708800,0,negatif,0.9986,netral,netral,negatif,md
BfhRY0YwEd0,user_0479658e5843,False,1759708800,1,negatif,0.9969,netral,tanpa_emoji,negatif,md
BfhRY0YwEd0,user_3bfbfc10efc5,False,1759708800,0,negatif,0.9287,netral,tanpa_emoji,negatif,md
BfhRY0YwEd0,user_986a95f6fb53,False,1759708800,0,positif,0.9865,positif,tanpa_emoji,positif,md
BfhRY0YwEd0,user_f0c67203be21,False,1759708800,0,positif,0.9448,netral,tanpa_emoji,positif,md
BfhRY0YwEd0,user_0b6322a1138f,False,1759708800,0,positif,0.9887,positif,tanpa_emoji,positif,md
BfhRY0YwEd0,user_d664528bc132,False,1759708800,0,negatif,0.567,netral,tanpa_emoji,negatif,md
BfhRY0YwEd0,user_a0d5ff3bf7ed,True,1759708800,0,netral,0.994,netral,tanpa_emoji,netral,md
BfhRY0YwEd0,user_a0d5ff3bf7ed,False,1759708800,4,positif,0.9957,positif,positif,positif,md
BfhRY0YwEd0,user_6ad85a03c286,False,1759708800,1,negatif,0.9838,negatif,tanpa_emoji,negatif,md
BfhRY0YwEd0,user_84756f26b789,False,1759708800,0,negatif,0.9958,netral,tanpa_emoji,negatif,md
BfhRY0YwEd0,user_ff00baf42faf,False,1759708800,2,positif,0.9901,positif,positif,positif,md
BfhRY0YwEd0,user_41ce4aec25ee,False,1759708800,0,negatif,0.9981,netral,tanpa_emoji,negatif,md
BfhRY0YwEd0,user_2d0f8359b876,False,1759708800,0,negatif,0.9956,netral,tanpa_emoji,negatif,md
BfhRY0YwEd0,user_1a4e3cf3bedd,False,1759708800,0,negatif,0.8554,netral,tanpa_emoji,negatif,md
BfhRY0YwEd0,user_9e19366ba6fe,False,1759708800,0,negatif,0.993,netral,netral,negatif,md
BfhRY0YwEd0,user_00e62431c307,False,1759708800,0,positif,0.9468,positif,positif,positif,md
BfhRY0YwEd0,user_f76e0065ac8e,False,1759708800,3,negatif,0.8832,netral,tanpa_emoji,negatif,md
BfhRY0YwEd0,user_448ef4859738,False,1759708800,0,positif,0.9978,positif,tanpa_emoji,positif,md
BfhRY0YwEd0,user_1dab9f59d1d2,False,1759708800,0,netral,0.8566,netral,tanpa_emoji,netral,md
BfhRY0YwEd0,user_d68246522930,False,1759708800,0,negatif,0.9629,netral,tanpa_emoji,negatif,md
BfhRY0YwEd0,user_bc23f7978498,False,1759708800,0,negatif,0.9277,netral,netral,negatif,md
BfhRY0YwEd0,user_62f3e1466713,False,1759708800,0,negatif,0.4313,netral,tanpa_emoji,negatif,md
BfhRY0YwEd0,user_1eac603f4c96,False,1759708800,0,negatif,0.9078,netral,tanpa_emoji,negatif,md
BfhRY0YwEd0,user_d8544580fdb4,False,1759708800,0,negatif,0.9886,netral,tanpa_emoji,negatif,md
BfhRY0YwEd0,user_b5ee8df7d3ea,False,1759708800,0,negatif,0.9951,positif,netral,negatif,md
BfhRY0YwEd0,user_d97e1cbca786,False,1759708800,0,negatif,0.6422,netral,tanpa_emoji,negatif,md
BfhRY0YwEd0,user_d97e1cbca786,False,1759708800,0,negatif,0.6422,netral,tanpa_emoji,negatif,md
BfhRY0YwEd0,user_d97e1cbca786,False,1759708800,0,negatif,0.6422,netral,tanpa_emoji,negatif,md
BfhRY0YwEd0,user_13128a78d551,False,1759708800,0,positif,0.9651,positif,tanpa_emoji,positif,md
BfhRY0YwEd0,user_a0d5ff3bf7ed,True,1759708800,0,positif,0.992,positif,positif,positif,md
BfhRY0YwEd0,user_fea146d14629,False,1759708800,1,negatif,0.5781,positif,positif,positif,md
BfhRY0YwEd0,user_cf66701000e6,False,1759708800,1,positif,0.7365,netral,netral,positif,md
BfhRY0YwEd0,user_c762c9db02d9,False,1759708800,0,positif,0.9867,positif,tanpa_emoji,positif,md
BfhRY0YwEd0,user_a6bcd70d16e9,False,1759708800,2,positif,0.5314,netral,tanpa_emoji,positif,md
BfhRY0YwEd0,user_c25940f7327e,False,1759708800,20,positif,0.7007,netral,tanpa_emoji,positif,md
BfhRY0YwEd0,user_cfcbb8204047,True,1759708800,9,positif,0.9728,positif,tanpa_emoji,positif,md
BfhRY0YwEd0,user_ca507ace826f,False,1759708800,0,negatif,0.4978,netral,netral,negatif,md
BfhRY0YwEd0,user_e1a23f3f29ee,False,1759708800,11,positif,0.9961,positif,positif,positif,md
BfhRY0YwEd0,user_50c8a86929c6,False,1728172800,0,negatif,0.9395,netral,netral,negatif,md
BfhRY0YwEd0,user_eeec5fc74a97,False,1728172800,2,negatif,0.577,netral,netral,negatif,md
BfhRY0YwEd0,user_a7a067fff388,False,1728172800,0,negatif,0.9986,netral,tanpa_emoji,negatif,md
BfhRY0YwEd0,user_d202a2a31f22,False,1728172800,1,negatif,0.4633,netral,tanpa_emoji,negatif,md
BfhRY0YwEd0,user_33ca099a6abd,False,1728172800,0,negatif,0.998,positif,netral,negatif,md
BfhRY0YwEd0,user_427a792fbd57,True,1759708800,0,negatif,0.9784,netral,netral,negatif,md
BfhRY0YwEd0,user_e1c1b935d9e9,False,1728172800,1,positif,0.996,positif,tanpa_emoji,positif,md
BfhRY0YwEd0,user_3fb74d6822ec,False,1728172800,0,negatif,0.9974,netral,tanpa_emoji,negatif,md
BfhRY0YwEd0,user_3fb74d6822ec,False,1728172800,0,negatif,0.9937,negatif,tanpa_emoji,negatif,md
BfhRY0YwEd0,user_c4630061a19a,False,1728172800,0,negatif,0.9607,netral,tanpa_emoji,negatif,md
BfhRY0YwEd0,user_c48438da75ee,False,1728172800,0,negatif,0.5386,positif,positif,positif,md
BfhRY0YwEd0,user_ddde94befb74,False,1728172800,4,negatif,0.9778,netral,netral,negatif,md
BfhRY0YwEd0,user_a8668a508c10,True,1759708800,0,negatif,0.8616,positif,positif,negatif,md
BfhRY0YwEd0,user_53ea412ad965,False,1728172800,0,netral,0.9822,netral,tanpa_emoji,netral,md
BfhRY0YwEd0,user_b9da12b29aef,False,1728172800,1,positif,0.4888,netral,tanpa_emoji,positif,md
BfhRY0YwEd0,user_2e14d28030e1,False,1728172800,4,positif,0.9076,positif,tanpa_emoji,positif,md
BfhRY0YwEd0,user_a8668a508c10,True,1759708800,0,negatif,0.8616,positif,positif,negatif,md
BfhRY0YwEd0,user_f45526d345d6,False,1728172800,1,negatif,0.8848,netral,tanpa_emoji,negatif,md
BfhRY0YwEd0,user_34b250426f48,False,1728172800,0,negatif,0.9979,netral,tanpa_emoji,negatif,md
BfhRY0YwEd0,user_5e53686756c5,False,1728172800,3,negatif,0.7231,netral,tanpa_emoji,negatif,md
BfhRY0YwEd0,user_0cb57f981985,False,1728172800,0,negatif,0.9865,netral,tanpa_emoji,negatif,md
BfhRY0YwEd0,user_833fbc103df8,False,1728172800,0,positif,0.7973,netral,tanpa_emoji,positif,md
BfhRY0YwEd0,user_16210ca8a1dc,False,1728172800,5,negatif,0.7528,positif,netral,negatif,md
BfhRY0YwEd0,user_7bb4c831ff12,True,1759708800,0,negatif,0.9946,negatif,netral,negatif,md
BfhRY0YwEd0,user_38fa96b98192,True,1759708800,0,negatif,0.9923,netral,tanpa_emoji,negatif,md
BfhRY0YwEd0,user_d68246522930,True,1759708800,0,negatif,0.7919,negatif,tanpa_emoji,negatif,md
BfhRY0YwEd0,user_14c85e7f0468,False,1728172800,1,negatif,0.7126,netral,tanpa_emoji,negatif,md
BfhRY0YwEd0,user_f697c5351d72,False,1728172800,6,negatif,0.9919,negatif,tanpa_emoji,negatif,md
BfhRY0YwEd0,user_19e545476824,True,1728172800,0,negatif,0.9407,netral,tanpa_emoji,negatif,md
BfhRY0YwEd0,user_f697c5351d72,True,1728172800,1,negatif,0.9869,netral,tanpa_emoji,negatif,md
BfhRY0YwEd0,user_5fdbb0a71c93,False,1728172800,1,negatif,0.9869,netral,tanpa_emoji,negatif,md
BfhRY0YwEd0,user_efeaa1b6b79a,False,1728172800,0,negatif,0.9845,netral,netral,negatif,md
BfhRY0YwEd0,user_9532d07b7074,False,1728172800,21,negatif,0.9678,netral,tanpa_emoji,negatif,md
BfhRY0YwEd0,user_f6a1b73acf0c,True,1759708800,2,negatif,0.9839,netral,tanpa_emoji,negatif,md
BfhRY0YwEd0,user_623c1a35ea22,True,1759708800,0,negatif,0.9993,negatif,tanpa_emoji,negatif,md
BfhRY0YwEd0,user_94de1adb8586,True,1759708800,0,negatif,0.9406,netral,tanpa_emoji,negatif,md
BfhRY0YwEd0,user_9532d07b7074,True,1759708800,0,negatif,0.8677,positif,positif,negatif,md
BfhRY0YwEd0,user_c5014a52de88,False,1728172800,0,negatif,0.455,netral,tanpa_emoji,negatif,md
BfhRY0YwEd0,user_bc23f7978498,False,1728172800,3,negatif,0.9884,positif,netral,negatif,md
BfhRY0YwEd0,user_46912999cb52,True,1728172800,0,negatif,0.9928,positif,tanpa_emoji,negatif,md
BfhRY0YwEd0,user_bc23f7978498,True,1759708800,0,negatif,0.8632,negatif,tanpa_emoji,negatif,md
BfhRY0YwEd0,user_7a21e5a3ffb0,False,1728172800,0,negatif,0.9881,netral,tanpa_emoji,negatif,md
BfhRY0YwEd0,user_3d30ae22c30b,False,1728172800,0,negatif,0.858,netral,tanpa_emoji,negatif,md
BfhRY0YwEd0,user_17f761679023,False,1728172800,1,negatif,0.7678,netral,tanpa_emoji,negatif,md
BfhRY0YwEd0,user_bcd081d86512,False,1728172800,0,positif,0.4526,netral,tanpa_emoji,positif,md
BfhRY0YwEd0,user_75a7228323c5,False,1728172800,2,positif,0.9853,netral,netral,positif,md
BfhRY0YwEd0,user_3a004af9f379,True,1728172800,0,negatif,0.4447,negatif,tanpa_emoji,negatif,md
BfhRY0YwEd0,user_38fa96b98192,True,1759708800,0,netral,0.834,netral,tanpa_emoji,netral,md
BfhRY0YwEd0,user_0406ebcde49a,False,1728172800,0,negatif,0.8564,netral,tanpa_emoji,negatif,md
BfhRY0YwEd0,user_fb97fb6184f1,False,1728172800,1,positif,0.993,positif,tanpa_emoji,positif,md
BfhRY0YwEd0,user_1f8326e738e9,False,1728172800,0,negatif,0.9988,positif,tanpa_emoji,negatif,md
BfhRY0YwEd0,user_58c5130dc686,False,1728172800,1,positif,0.9278,netral,tanpa_emoji,positif,md
BfhRY0YwEd0,user_ad32227ab23e,False,1728172800,6,negatif,0.7333,netral,netral,negatif,md
BfhRY0YwEd0,user_38fa96b98192,True,1759708800,0,negatif,0.8253,negatif,tanpa_emoji,negatif,md
BfhRY0YwEd0,user_734116e21754,True,1759708800,0,netral,0.7641,netral,tanpa_emoji,netral,md
BfhRY0YwEd0,user_15ca7af5e518,False,1728172800,3,negatif,0.9859,netral,tanpa_emoji,negatif,md
BfhRY0YwEd0,user_23db88e73c5b,True,1728172800,0,positif,0.9077,netral,tanpa_emoji,positif,md
BfhRY0YwEd0,user_15ca7af5e518,True,1728172800,0,negatif,0.7572,negatif,tanpa_emoji,negatif,md
BfhRY0YwEd0,user_9f33133320e7,False,1728172800,5,negatif,0.9494,netral,netral,negatif,md
BfhRY0YwEd0,user_ebc065e7b371,False,1728172800,0,negatif,0.951,positif,netral,negatif,md
BfhRY0YwEd0,user_9ef76fea0664,False,1728172800,1,negatif,0.9639,positif,netral,negatif,md
BfhRY0YwEd0,user_5e9509cfb28e,False,1728172800,127,negatif,0.8506,netral,tanpa_emoji,negatif,md
BfhRY0YwEd0,user_eb0a9bf45f81,True,1728172800,12,positif,0.7046,netral,netral,positif,md
BfhRY0YwEd0,user_63aa91d9d2ff,False,1728172800,2,positif,0.9971,positif,tanpa_emoji,positif,md
BfhRY0YwEd0,user_5afb307111c0,False,1728172800,1,negatif,0.9889,positif,tanpa_emoji,negatif,md
BfhRY0YwEd0,user_1e0b6e2a08b3,False,1728172800,1,netral,0.8903,netral,tanpa_emoji,netral,md
BfhRY0YwEd0,user_0eed82509312,False,1728172800,8,netral,0.4796,netral,netral,netral,md
BfhRY0YwEd0,user_4d5d9dfdfdc7,False,1728172800,70,negatif,0.9705,netral,tanpa_emoji,negatif,md
BfhRY0YwEd0,user_95976eb6aa5b,True,1728172800,24,negatif,0.9859,positif,positif,negatif,md
BfhRY0YwEd0,user_99edcb16614a,True,1728172800,19,negatif,0.7989,netral,tanpa_emoji,negatif,md
BfhRY0YwEd0,user_95976eb6aa5b,True,1728172800,4,positif,0.7259,positif,positif,positif,md
BfhRY0YwEd0,user_2425e33d2f29,True,1759708800,9,negatif,0.9826,netral,tanpa_emoji,negatif,md
BfhRY0YwEd0,user_05e91092c6e4,True,1728172800,0,negatif,0.4163,negatif,tanpa_emoji,negatif,md
BfhRY0YwEd0,user_a708ab751ef4,True,1759708800,8,negatif,0.9946,netral,tanpa_emoji,negatif,md
BfhRY0YwEd0,user_1cd5002a9f45,True,1759708800,6,negatif,0.9956,netral,tanpa_emoji,negatif,md
BfhRY0YwEd0,user_84756f26b789,True,1759708800,2,negatif,0.9948,netral,netral,negatif,md
BfhRY0YwEd0,user_1cd5002a9f45,True,1759708800,1,negatif,0.9794,netral,netral,negatif,md
BfhRY0YwEd0,user_99edcb16614a,True,1759708800,1,netral,0.8697,netral,tanpa_emoji,netral,md
BfhRY0YwEd0,user_94de1adb8586,True,1759708800,0,negatif,0.9406,netral,tanpa_emoji,negatif,md
BfhRY0YwEd0,user_37da3901725c,False,1728172800,1,netral,0.8319,netral,netral,netral,md
BfhRY0YwEd0,user_995a57855f44,True,1728172800,3,positif,0.5443,negatif,tanpa_emoji,positif,md
BfhRY0YwEd0,user_23db88e73c5b,True,1728172800,0,netral,0.6731,positif,tanpa_emoji,netral,md
BfhRY0YwEd0,user_223d1d7e5b8b,False,1728172800,0,negatif,0.9449,netral,tanpa_emoji,negatif,md
BfhRY0YwEd0,user_19e545476824,True,1728172800,0,negatif,0.9571,netral,tanpa_emoji,negatif,md
BfhRY0YwEd0,user_f53e59f8ab10,False,1728172800,9,netral,0.8619,netral,tanpa_emoji,netral,md
BfhRY0YwEd0,user_b3cfaa7a557c,False,1728172800,340,positif,0.9304,netral,netral,positif,md
BfhRY0YwEd0,user_095f863439e8,True,1728172800,6,negatif,0.9911,netral,tanpa_emoji,negatif,md
BfhRY0YwEd0,user_eb0a9bf45f81,True,1728172800,4,negatif,0.9571,netral,tanpa_emoji,negatif,md
BfhRY0YwEd0,user_01b5ff611955,True,1728172800,3,negatif,0.9747,netral,tanpa_emoji,negatif,md
BfhRY0YwEd0,user_c220b68d255e,True,1728172800,0,netral,0.9772,netral,tanpa_emoji,netral,md
BfhRY0YwEd0,user_01b5ff611955,True,1728172800,0,netral,0.5125,positif,tanpa_emoji,netral,md
BfhRY0YwEd0,user_239af3ed44e0,True,1728172800,2,negatif,0.8937,netral,tanpa_emoji,negatif,md
BfhRY0YwEd0,user_ad32227ab23e,True,1728172800,1,negatif,0.7587,netral,tanpa_emoji,negatif,md
BfhRY0YwEd0,user_6ffe101546b9,True,1728172800,1,positif,0.5223,netral,tanpa_emoji,positif,md
BfhRY0YwEd0,user_81ecc90fa96f,True,1728172800,0,negatif,0.6491,netral,tanpa_emoji,negatif,md
BfhRY0YwEd0,user_10de28436e78,True,1728172800,0,netral,0.5064,netral,tanpa_emoji,netral,md
BfhRY0YwEd0,user_2c92704d49c2,True,1728172800,0,negatif,0.9296,netral,netral,negatif,md
BfhRY0YwEd0,user_92b9368a6051,True,1728172800,0,negatif,0.8634,netral,netral,negatif,md
BfhRY0YwEd0,user_e882cbc99888,True,1728172800,0,netral,0.8379,netral,tanpa_emoji,netral,md
BfhRY0YwEd0,user_b629487eb4b1,True,1728172800,0,negatif,0.9562,netral,tanpa_emoji,negatif,md
BfhRY0YwEd0,user_c220b68d255e,True,1728172800,0,netral,0.8379,netral,tanpa_emoji,netral,md
BfhRY0YwEd0,user_63dcdfb2a1ff,True,1728172800,0,negatif,0.9676,netral,netral,negatif,md
BfhRY0YwEd0,user_cd3aa788a1a6,True,1759708800,0,positif,0.6706,positif,netral,positif,md
BfhRY0YwEd0,user_d9d6a6aa6cd3,True,1759708800,0,negatif,0.7323,netral,netral,negatif,md
BfhRY0YwEd0,user_8ce0199fcd8a,True,1759708800,0,negatif,0.8087,netral,tanpa_emoji,negatif,md
BfhRY0YwEd0,user_352a6e8e7399,True,1759708800,0,negatif,0.9919,netral,netral,negatif,md
BfhRY0YwEd0,user_7536bc27b640,False,1728172800,7,positif,0.8811,positif,tanpa_emoji,positif,md
BfhRY0YwEd0,user_2ffe5a3c9ee7,False,1728172800,0,positif,0.963,positif,tanpa_emoji,positif,md
BfhRY0YwEd0,user_613d928d11e1,False,1728172800,1,positif,0.5782,netral,tanpa_emoji,positif,md
BfhRY0YwEd0,user_f534610087d3,False,1728172800,6,positif,0.901,positif,tanpa_emoji,positif,md
BfhRY0YwEd0,user_27312f2eea51,False,1728172800,2,negatif,0.9971,netral,tanpa_emoji,negatif,md
BfhRY0YwEd0,user_27312f2eea51,True,1728172800,1,negatif,0.5545,netral,tanpa_emoji,negatif,md
BfhRY0YwEd0,user_189ec22733f4,True,1728172800,0,positif,0.9312,positif,tanpa_emoji,positif,md
BfhRY0YwEd0,user_27312f2eea51,True,1728172800,0,negatif,0.7169,negatif,tanpa_emoji,negatif,md
BfhRY0YwEd0,user_38cfd5aa67c0,False,1728172800,1,netral,0.9938,netral,tanpa_emoji,netral,md
BfhRY0YwEd0,user_e3c2810c54d2,False,1728172800,3,negatif,0.5285,netral,tanpa_emoji,negatif,md
BfhRY0YwEd0,user_001d24e9b098,True,1728172800,2,negatif,0.9858,netral,tanpa_emoji,negatif,md
BfhRY0YwEd0,user_932da60f3ed2,True,1728172800,2,positif,0.6645,netral,tanpa_emoji,positif,md
BfhRY0YwEd0,user_d6392ad4e7f1,False,1728172800,14,positif,0.975,positif,positif,positif,md
BfhRY0YwEd0,user_d6392ad4e7f1,False,1728172800,4,positif,0.9991,positif,positif,positif,md
BfhRY0YwEd0,user_418f3901c96f,False,1728172800,9,negatif,0.8538,netral,tanpa_emoji,negatif,md
BfhRY0YwEd0,user_659dd56debaf,False,1728172800,47,positif,0.9967,positif,positif,positif,md
BfhRY0YwEd0,user_d0b2667ee7b8,True,1728172800,0,negatif,0.9869,netral,tanpa_emoji,negatif,md
BfhRY0YwEd0,user_f60d94bcca81,False,1728172800,10,negatif,0.994,positif,tanpa_emoji,negatif,md
BfhRY0YwEd0,user_28eafeb0022f,False,1728172800,106,positif,0.9939,negatif,tanpa_emoji,positif,md
BfhRY0YwEd0,user_7a21e5a3ffb0,True,1728172800,6,positif,0.9899,positif,tanpa_emoji,positif,md
BfhRY0YwEd0,user_e07ea3876d78,True,1759708800,4,netral,0.5989,netral,tanpa_emoji,netral,md
BfhRY0YwEd0,user_73e6e12d4e9a,True,1759708800,0,negatif,0.9796,positif,netral,negatif,md
BfhRY0YwEd0,user_d15c39f7fce1,True,1759708800,1,negatif,0.6471,netral,tanpa_emoji,negatif,md
BfhRY0YwEd0,user_00690246358b,True,1759708800,0,netral,0.9932,netral,tanpa_emoji,netral,md
BfhRY0YwEd0,user_f69266af4724,False,1728172800,9,positif,0.9523,positif,tanpa_emoji,positif,md
BfhRY0YwEd0,user_623c1a35ea22,True,1759708800,0,negatif,0.9993,negatif,tanpa_emoji,negatif,md
BfhRY0YwEd0,user_d1778552e7ea,False,1728172800,5,negatif,0.9706,netral,tanpa_emoji,negatif,md
O29hLG_37qI,user_5481cbca41c9,False,1788652800,0,negatif,0.7479,netral,tanpa_emoji,negatif,md
O29hLG_37qI,user_f8cec8973a3c,False,1785974400,0,negatif,0.7814,netral,tanpa_emoji,negatif,md
O29hLG_37qI,user_f8cec8973a3c,False,1785974400,0,negatif,0.6121,netral,tanpa_emoji,negatif,md
O29hLG_37qI,user_de50d5da45f6,False,1775433600,0,positif,0.9328,netral,tanpa_emoji,positif,md
O29hLG_37qI,user_df8006356937,False,1770336000,0,positif,0.996,positif,tanpa_emoji,positif,md
O29hLG_37qI,user_20d052086a13,False,1762387200,0,negatif,0.9022,netral,tanpa_emoji,negatif,md
O29hLG_37qI,user_6c728e23fe32,False,1762387200,2,negatif,0.6014,positif,tanpa_emoji,negatif,md
O29hLG_37qI,user_2d0dfd047e9a,False,1762387200,0,negatif,0.9941,netral,tanpa_emoji,negatif,md
O29hLG_37qI,user_64f4b87b8b47,True,1772755200,0,negatif,0.9968,netral,tanpa_emoji,negatif,md
O29hLG_37qI,user_ccab6df3dc75,False,1759708800,1,negatif,0.6183,netral,tanpa_emoji,negatif,md
O29hLG_37qI,user_2d0dfd047e9a,True,1762387200,0,positif,0.9324,negatif,tanpa_emoji,positif,md
O29hLG_37qI,user_7fac5dcf6088,False,1759708800,0,negatif,0.6455,netral,tanpa_emoji,negatif,md
O29hLG_37qI,user_4081be82d5c7,False,1759708800,0,negatif,0.4928,netral,tanpa_emoji,negatif,md
O29hLG_37qI,user_1730e025aa50,False,1759708800,0,positif,0.7621,positif,positif,positif,md
O29hLG_37qI,user_48c435fb328e,False,1759708800,2,negatif,0.9944,positif,tanpa_emoji,negatif,md
O29hLG_37qI,user_2d0dfd047e9a,True,1762387200,1,positif,0.4248,netral,tanpa_emoji,positif,md
O29hLG_37qI,user_a0cd1f8f5d96,False,1759708800,1,netral,0.8281,netral,tanpa_emoji,netral,md
O29hLG_37qI,user_a0cd1f8f5d96,False,1759708800,0,negatif,0.9958,positif,tanpa_emoji,negatif,md
O29hLG_37qI,user_c1882877d555,False,1759708800,0,positif,0.6411,netral,tanpa_emoji,positif,md
O29hLG_37qI,user_542f7889b686,False,1759708800,1,positif,0.4968,netral,tanpa_emoji,positif,md
O29hLG_37qI,user_fadbbcc0b298,False,1759708800,0,negatif,0.9983,negatif,netral,negatif,md
O29hLG_37qI,user_48c435fb328e,True,1759708800,1,positif,0.707,positif,tanpa_emoji,positif,md
O29hLG_37qI,user_85fba6c2f24d,False,1759708800,0,positif,0.9507,netral,tanpa_emoji,positif,md
O29hLG_37qI,user_97336499266e,False,1759708800,0,netral,0.9618,netral,tanpa_emoji,netral,md
O29hLG_37qI,user_c08ad7021c6b,False,1759708800,2,positif,0.6413,netral,tanpa_emoji,positif,md
O29hLG_37qI,user_c08ad7021c6b,False,1759708800,0,positif,0.9561,netral,netral,positif,md
O29hLG_37qI,user_2eaaaf106b22,False,1759708800,1,positif,0.995,positif,positif,positif,md
O29hLG_37qI,user_ab6adaa6854b,False,1759708800,0,netral,0.4754,netral,tanpa_emoji,netral,md
O29hLG_37qI,user_b830ab215249,False,1759708800,0,netral,0.6035,netral,tanpa_emoji,netral,md
O29hLG_37qI,user_b8c21dff31f1,False,1728172800,1,positif,0.9902,positif,tanpa_emoji,positif,md
O29hLG_37qI,user_124ec44c2eee,False,1728172800,1,negatif,0.9728,netral,tanpa_emoji,negatif,md
O29hLG_37qI,user_124ec44c2eee,False,1728172800,1,negatif,0.5178,netral,tanpa_emoji,negatif,md
O29hLG_37qI,user_aed0d54745b9,False,1728172800,0,netral,0.9564,netral,tanpa_emoji,netral,md
O29hLG_37qI,user_727bafdb216a,False,1728172800,0,netral,0.9857,netral,tanpa_emoji,netral,md
O29hLG_37qI,user_dcc5b0735fad,False,1728172800,2,positif,0.7959,netral,tanpa_emoji,positif,md
O29hLG_37qI,user_ab6adaa6854b,False,1728172800,2,netral,0.971,netral,tanpa_emoji,netral,md
O29hLG_37qI,user_afd74ffda5bd,False,1728172800,3,positif,0.993,positif,positif,positif,md
O29hLG_37qI,user_9ede34c5cad2,False,1728172800,0,netral,0.9694,netral,tanpa_emoji,netral,md
O29hLG_37qI,user_d0d76b4ebf40,False,1728172800,0,netral,0.7392,netral,tanpa_emoji,netral,md
O29hLG_37qI,user_d2002564502a,False,1728172800,1,negatif,0.9994,negatif,netral,negatif,md
O29hLG_37qI,user_e1a23f3f29ee,False,1696550400,1,positif,0.9151,netral,netral,positif,md
O29hLG_37qI,user_592ed8acccb8,False,1696550400,0,positif,0.4565,positif,tanpa_emoji,positif,md
O29hLG_37qI,user_8cc40f1b06e8,False,1696550400,2,netral,0.726,positif,tanpa_emoji,netral,md
O29hLG_37qI,user_8cc40f1b06e8,True,1696550400,1,negatif,0.8233,positif,positif,negatif,md
O29hLG_37qI,user_e3d71071b54a,True,1696550400,0,negatif,0.6664,netral,netral,negatif,md
O29hLG_37qI,user_3bf39ec909ae,False,1696550400,0,negatif,0.4973,netral,tanpa_emoji,negatif,md
O29hLG_37qI,user_55fa70649e5c,False,1696550400,0,negatif,0.9991,negatif,tanpa_emoji,negatif,md
O29hLG_37qI,user_7db4fe19b1dd,True,1696550400,3,positif,0.8533,positif,tanpa_emoji,positif,md
O29hLG_37qI,user_e3d71071b54a,True,1696550400,0,negatif,0.9651,netral,netral,negatif,md
O29hLG_37qI,user_55fa70649e5c,True,1696550400,0,negatif,0.9891,netral,tanpa_emoji,negatif,md
O29hLG_37qI,user_e3d71071b54a,True,1696550400,0,negatif,0.808,netral,tanpa_emoji,negatif,md
O29hLG_37qI,user_deced8b1eb85,True,1696550400,0,negatif,0.7173,netral,netral,negatif,md
O29hLG_37qI,user_fddaa07f5313,False,1696550400,0,positif,0.9663,positif,netral,positif,md
O29hLG_37qI,user_d799824f20c5,False,1696550400,0,positif,0.9843,netral,tanpa_emoji,positif,md
O29hLG_37qI,user_543e928884c5,False,1696550400,0,negatif,0.996,netral,tanpa_emoji,negatif,md
O29hLG_37qI,user_c9f9ebe4d55e,True,1696550400,2,netral,0.7479,netral,tanpa_emoji,netral,md
O29hLG_37qI,user_792d44b876c5,True,1728172800,2,positif,0.9552,positif,tanpa_emoji,positif,md
O29hLG_37qI,user_f2aa48d734ae,False,1696550400,0,positif,0.7454,positif,netral,positif,md
O29hLG_37qI,user_543e928884c5,False,1696550400,0,netral,0.7212,netral,tanpa_emoji,netral,md
O29hLG_37qI,user_543e928884c5,True,1696550400,0,netral,0.91,netral,tanpa_emoji,netral,md
O29hLG_37qI,user_5f9c61cc23ef,True,1696550400,1,netral,0.9756,netral,tanpa_emoji,netral,md
O29hLG_37qI,user_2c19f06adb58,False,1696550400,0,positif,0.9707,positif,positif,positif,md
O29hLG_37qI,user_d6740277bb73,False,1696550400,3,positif,0.902,netral,netral,positif,md
O29hLG_37qI,user_37f34a954daf,False,1696550400,1,negatif,0.8607,netral,netral,negatif,md
O29hLG_37qI,user_88bdc749f809,False,1696550400,9,positif,0.8736,positif,tanpa_emoji,positif,md
O29hLG_37qI,user_0b3dfbead32b,False,1696550400,5,netral,0.5278,netral,netral,netral,md
O29hLG_37qI,user_60f5619cc383,False,1696550400,0,negatif,0.3634,netral,tanpa_emoji,negatif,md
O29hLG_37qI,user_373d98a93612,False,1696550400,1,positif,0.989,netral,tanpa_emoji,positif,md
O29hLG_37qI,user_13eee5eceaed,False,1696550400,0,positif,0.8759,netral,tanpa_emoji,positif,md
O29hLG_37qI,user_5f9c61cc23ef,True,1696550400,1,negatif,0.9988,netral,netral,negatif,md
O29hLG_37qI,user_13eee5eceaed,True,1696550400,1,negatif,0.9807,positif,netral,negatif,md
O29hLG_37qI,user_5f9c61cc23ef,True,1696550400,2,negatif,0.9847,negatif,netral,negatif,md
O29hLG_37qI,user_13eee5eceaed,True,1696550400,1,negatif,0.6334,positif,positif,negatif,md
O29hLG_37qI,user_5f9c61cc23ef,True,1696550400,3,negatif,0.847,negatif,tanpa_emoji,negatif,md
O29hLG_37qI,user_fd77ee6b0bc2,False,1696550400,2,negatif,0.9429,negatif,tanpa_emoji,negatif,md
O29hLG_37qI,user_47790789fb98,False,1696550400,1,positif,0.7834,negatif,tanpa_emoji,positif,md
O29hLG_37qI,user_5f9c61cc23ef,True,1696550400,2,positif,0.5973,netral,tanpa_emoji,positif,md
O29hLG_37qI,user_406f50d50222,False,1696550400,1,negatif,0.9658,negatif,tanpa_emoji,negatif,md
O29hLG_37qI,user_6993a8b94fea,True,1696550400,1,negatif,0.8869,netral,tanpa_emoji,negatif,md
O29hLG_37qI,user_f09c46600161,False,1696550400,1,negatif,0.8844,netral,tanpa_emoji,negatif,md
O29hLG_37qI,user_f702a3dadc78,False,1696550400,4,negatif,0.8246,netral,tanpa_emoji,negatif,md
O29hLG_37qI,user_86e2fbcbe1f9,False,1696550400,0,negatif,0.8467,netral,tanpa_emoji,negatif,md
O29hLG_37qI,user_909aebe7405b,False,1696550400,0,negatif,0.9148,negatif,tanpa_emoji,negatif,md
O29hLG_37qI,user_a46db3e31d0f,False,1696550400,1,negatif,0.4647,netral,tanpa_emoji,negatif,md
O29hLG_37qI,user_f74bf5d92695,False,1696550400,2,positif,0.9947,netral,tanpa_emoji,positif,md
O29hLG_37qI,user_87a5868e14b3,False,1696550400,0,positif,0.8886,positif,netral,positif,md
O29hLG_37qI,user_4e259f981d4d,False,1696550400,0,positif,0.9961,positif,tanpa_emoji,positif,md
O29hLG_37qI,user_e50e0af7cba0,False,1696550400,0,positif,0.9939,positif,tanpa_emoji,positif,md
O29hLG_37qI,user_0c6455d9fbc3,False,1696550400,0,netral,0.755,netral,tanpa_emoji,netral,md
O29hLG_37qI,user_4619183bf3eb,False,1696550400,0,positif,0.574,netral,netral,positif,md
O29hLG_37qI,user_39210a8c97d5,False,1696550400,2,negatif,0.7944,positif,netral,negatif,md
O29hLG_37qI,user_5f9c61cc23ef,True,1696550400,3,negatif,0.7994,negatif,tanpa_emoji,negatif,md
O29hLG_37qI,user_e6fed7462a6f,False,1696550400,0,negatif,0.5914,netral,tanpa_emoji,negatif,md
O29hLG_37qI,user_e6fed7462a6f,False,1696550400,0,netral,0.9302,netral,tanpa_emoji,netral,md
O29hLG_37qI,user_487f0b480012,False,1696550400,1,negatif,0.9903,netral,tanpa_emoji,negatif,md
O29hLG_37qI,user_159930af502a,False,1696550400,1,negatif,0.8224,netral,tanpa_emoji,negatif,md
O29hLG_37qI,user_5f9c61cc23ef,True,1696550400,1,positif,0.4892,netral,tanpa_emoji,positif,md
O29hLG_37qI,user_9e519cc59fb1,False,1696550400,0,negatif,0.7905,netral,tanpa_emoji,negatif,md
O29hLG_37qI,user_fda52e0a7e81,False,1696550400,0,negatif,0.9987,netral,tanpa_emoji,negatif,md
O29hLG_37qI,user_1f3d81fd1f10,False,1696550400,0,negatif,0.9824,negatif,negatif,negatif,md
O29hLG_37qI,user_a99d4546609d,False,1696550400,1,netral,0.9206,netral,tanpa_emoji,netral,md
O29hLG_37qI,user_93aadd30e9bd,False,1696550400,0,netral,0.51,netral,tanpa_emoji,netral,md
O29hLG_37qI,user_50afead896eb,False,1696550400,0,negatif,0.9991,netral,tanpa_emoji,negatif,md
O29hLG_37qI,user_5f223d4cc381,False,1696550400,1,netral,0.9403,netral,netral,netral,md
O29hLG_37qI,user_764defa86f47,False,1696550400,0,positif,0.9939,positif,tanpa_emoji,positif,md
O29hLG_37qI,user_33a9cf08772b,False,1696550400,0,negatif,0.9298,netral,netral,negatif,md
O29hLG_37qI,user_f4e5c25adb4c,False,1696550400,1,negatif,0.9281,netral,tanpa_emoji,negatif,md
O29hLG_37qI,user_ff4525914d82,False,1696550400,0,negatif,0.9834,netral,tanpa_emoji,negatif,md
O29hLG_37qI,user_def72da82c5d,True,1696550400,2,netral,0.5514,netral,tanpa_emoji,netral,md
O29hLG_37qI,user_c1c86fa1035d,False,1696550400,0,netral,0.9961,netral,tanpa_emoji,netral,md
O29hLG_37qI,user_8e80063ff1c5,False,1696550400,0,negatif,0.9733,netral,netral,negatif,md
O29hLG_37qI,user_48c435fb328e,False,1696550400,2,netral,0.9729,netral,tanpa_emoji,netral,md
O29hLG_37qI,user_3a25ca98b3e6,False,1696550400,1,negatif,0.9987,netral,tanpa_emoji,negatif,md
O29hLG_37qI,user_5f9c61cc23ef,True,1696550400,1,positif,0.7073,netral,tanpa_emoji,positif,md
O29hLG_37qI,user_8e80063ff1c5,True,1696550400,0,negatif,0.9806,netral,tanpa_emoji,negatif,md
O29hLG_37qI,user_b687d0446458,False,1696550400,0,negatif,0.9835,netral,tanpa_emoji,negatif,md
O29hLG_37qI,user_77b859596dc3,False,1696550400,0,netral,0.4269,netral,tanpa_emoji,netral,md
O29hLG_37qI,user_aa7c01daab75,False,1696550400,0,negatif,0.8241,netral,tanpa_emoji,negatif,md
O29hLG_37qI,user_1f40091dcf31,True,1696550400,0,netral,0.8747,netral,tanpa_emoji,netral,md
O29hLG_37qI,user_aa7c01daab75,True,1696550400,0,netral,0.9696,netral,tanpa_emoji,netral,md
O29hLG_37qI,user_eaafda274347,True,1696550400,0,positif,0.8862,positif,tanpa_emoji,positif,md
O29hLG_37qI,user_aa7c01daab75,True,1696550400,0,positif,0.7308,netral,tanpa_emoji,positif,md
O29hLG_37qI,user_7ed0379bfec9,False,1696550400,0,negatif,0.9938,netral,tanpa_emoji,negatif,md
O29hLG_37qI,user_48c435fb328e,False,1696550400,5,positif,0.9761,positif,positif,positif,md
O29hLG_37qI,user_def72da82c5d,True,1696550400,3,negatif,0.9866,negatif,tanpa_emoji,negatif,md
O29hLG_37qI,user_f845d955dce7,False,1696550400,0,negatif,0.9907,netral,netral,negatif,md
O29hLG_37qI,user_48c435fb328e,True,1696550400,1,negatif,0.9944,netral,tanpa_emoji,negatif,md
O29hLG_37qI,user_f845d955dce7,True,1696550400,0,negatif,0.5283,netral,netral,negatif,md
O29hLG_37qI,user_5f9c61cc23ef,True,1696550400,1,negatif,0.9981,netral,tanpa_emoji,negatif,md
O29hLG_37qI,user_f845d955dce7,True,1696550400,0,negatif,0.682,netral,netral,negatif,md
O29hLG_37qI,user_f845d955dce7,True,1696550400,0,negatif,0.5203,netral,netral,negatif,md
O29hLG_37qI,user_1f40091dcf31,True,1696550400,0,negatif,0.9976,netral,tanpa_emoji,negatif,md
O29hLG_37qI,user_f845d955dce7,True,1696550400,0,netral,0.9302,netral,netral,netral,md
O29hLG_37qI,user_2094b8edb400,False,1696550400,0,negatif,0.8656,netral,tanpa_emoji,negatif,md
O29hLG_37qI,user_2e51da126d7e,False,1696550400,0,negatif,0.9767,netral,tanpa_emoji,negatif,md
O29hLG_37qI,user_b3feb9a556f7,True,1696550400,0,negatif,0.8462,negatif,tanpa_emoji,negatif,md
O29hLG_37qI,user_2e51da126d7e,True,1696550400,0,negatif,0.983,netral,tanpa_emoji,negatif,md
O29hLG_37qI,user_def72da82c5d,True,1696550400,0,negatif,0.6,netral,tanpa_emoji,negatif,md
O29hLG_37qI,user_2e51da126d7e,True,1696550400,0,netral,0.9238,netral,tanpa_emoji,netral,md
O29hLG_37qI,user_ce100fa6f6f6,False,1696550400,0,positif,0.9954,positif,tanpa_emoji,positif,md
O29hLG_37qI,user_fd17566eb14c,False,1696550400,19,netral,0.908,netral,tanpa_emoji,netral,md
O29hLG_37qI,user_adb29fde7d88,False,1696550400,0,netral,0.6836,netral,tanpa_emoji,netral,md
O29hLG_37qI,user_1f40091dcf31,True,1696550400,0,netral,0.8747,netral,tanpa_emoji,netral,md
O29hLG_37qI,user_103f803185be,False,1696550400,0,netral,0.9745,positif,tanpa_emoji,netral,md
O29hLG_37qI,user_8402e8bb9f19,False,1696550400,0,positif,0.9921,positif,positif,positif,md
O29hLG_37qI,user_101afd44bdbf,False,1696550400,0,positif,0.7519,netral,tanpa_emoji,positif,md
O29hLG_37qI,user_4fd49b2f6700,True,1696550400,0,positif,0.7071,netral,tanpa_emoji,positif,md
O29hLG_37qI,user_101afd44bdbf,True,1696550400,0,netral,0.8801,netral,tanpa_emoji,netral,md
O29hLG_37qI,user_8e82fc584847,False,1696550400,0,netral,0.9887,netral,tanpa_emoji,netral,md
O29hLG_37qI,user_59ced83e91cf,False,1696550400,2,negatif,0.7359,netral,tanpa_emoji,negatif,md
O29hLG_37qI,user_ac17cb4cea8e,False,1696550400,0,netral,0.9748,negatif,tanpa_emoji,netral,md
O29hLG_37qI,user_917c1181c2e5,False,1696550400,1,positif,0.9058,netral,tanpa_emoji,positif,md
O29hLG_37qI,user_6993a8b94fea,True,1696550400,1,positif,0.5758,netral,tanpa_emoji,positif,md
O29hLG_37qI,user_6993a8b94fea,True,1696550400,1,negatif,0.9816,netral,tanpa_emoji,negatif,md
O29hLG_37qI,user_6ab93fb79ee3,True,1728172800,0,positif,0.7695,netral,tanpa_emoji,positif,md
O29hLG_37qI,user_0beb61745843,False,1696550400,0,netral,0.94,netral,tanpa_emoji,netral,md
O29hLG_37qI,user_f845d955dce7,False,1696550400,0,negatif,0.6973,netral,netral,negatif,md
O29hLG_37qI,user_b3feb9a556f7,True,1696550400,0,negatif,0.9881,netral,tanpa_emoji,negatif,md
O29hLG_37qI,user_f845d955dce7,True,1696550400,0,negatif,0.6098,netral,netral,negatif,md
O29hLG_37qI,user_b3feb9a556f7,True,1696550400,0,negatif,0.9328,netral,tanpa_emoji,negatif,md
O29hLG_37qI,user_f845d955dce7,True,1696550400,0,negatif,0.971,netral,netral,negatif,md
O29hLG_37qI,user_5f9c61cc23ef,True,1696550400,1,negatif,0.9981,netral,tanpa_emoji,negatif,md
O29hLG_37qI,user_f845d955dce7,False,1665014400,0,positif,0.9767,positif,netral,positif,md
O29hLG_37qI,user_6993a8b94fea,True,1696550400,0,negatif,0.9986,negatif,tanpa_emoji,negatif,md
O29hLG_37qI,user_f845d955dce7,True,1696550400,0,netral,0.5275,netral,netral,netral,md
O29hLG_37qI,user_6993a8b94fea,True,1696550400,0,negatif,0.9891,netral,tanpa_emoji,negatif,md
O29hLG_37qI,user_f845d955dce7,True,1696550400,0,netral,0.5275,netral,netral,netral,md
O29hLG_37qI,user_3b659c5a1125,True,1696550400,0,negatif,0.9918,netral,tanpa_emoji,negatif,md
O29hLG_37qI,user_f845d955dce7,True,1696550400,0,negatif,0.5249,netral,netral,negatif,md
O29hLG_37qI,user_5f9c61cc23ef,True,1696550400,1,negatif,0.9972,netral,tanpa_emoji,negatif,md
O29hLG_37qI,user_f845d955dce7,True,1696550400,0,negatif,0.682,netral,netral,negatif,md
O29hLG_37qI,user_1f40091dcf31,True,1696550400,0,negatif,0.9763,netral,tanpa_emoji,negatif,md
O29hLG_37qI,user_cc46217e6922,False,1665014400,0,positif,0.9917,positif,tanpa_emoji,positif,md
O29hLG_37qI,user_ae78254c7053,False,1665014400,0,negatif,0.9607,netral,tanpa_emoji,negatif,md
O29hLG_37qI,user_eebf616e22b3,False,1665014400,0,positif,0.9977,positif,tanpa_emoji,positif,md
O29hLG_37qI,user_11243ceb79db,False,1665014400,1,positif,0.971,positif,positif,positif,md
O29hLG_37qI,user_a1b2fe2ccdd8,False,1665014400,0,netral,0.8929,netral,tanpa_emoji,netral,md
O29hLG_37qI,user_f845d955dce7,False,1665014400,0,negatif,0.8676,netral,netral,negatif,md
O29hLG_37qI,user_6993a8b94fea,True,1665014400,1,negatif,0.7391,netral,tanpa_emoji,negatif,md
O29hLG_37qI,user_f845d955dce7,True,1665014400,0,netral,0.5275,netral,netral,netral,md
O29hLG_37qI,user_6993a8b94fea,True,1665014400,1,negatif,0.9981,netral,tanpa_emoji,negatif,md
O29hLG_37qI,user_f845d955dce7,True,1665014400,0,netral,0.5275,netral,netral,netral,md
O29hLG_37qI,user_f845d955dce7,True,1665014400,0,negatif,0.8943,netral,netral,negatif,md
O29hLG_37qI,user_978383ceec62,False,1665014400,0,positif,0.9981,positif,positif,positif,md
O29hLG_37qI,user_8c278c3f22fb,False,1665014400,0,netral,0.981,netral,tanpa_emoji,netral,md
O29hLG_37qI,user_985f3ef640de,False,1665014400,1,negatif,0.592,netral,netral,negatif,md
O29hLG_37qI,user_aac59cecdc4c,True,1665014400,1,positif,0.4432,netral,tanpa_emoji,positif,md
O29hLG_37qI,user_44ac4c29e3f4,False,1665014400,0,positif,0.5385,netral,tanpa_emoji,positif,md
O29hLG_37qI,user_de2d49fdd64c,False,1665014400,2,negatif,0.629,positif,tanpa_emoji,negatif,md
O29hLG_37qI,user_faf04250ebf5,False,1665014400,2,negatif,0.9756,netral,tanpa_emoji,negatif,md
O29hLG_37qI,user_426f5bffa05b,False,1665014400,2,positif,0.9926,netral,tanpa_emoji,positif,md
O29hLG_37qI,user_def72da82c5d,True,1696550400,0,netral,0.8337,netral,tanpa_emoji,netral,md
O29hLG_37qI,user_dfbaf1abbcf2,False,1665014400,0,negatif,0.9987,netral,tanpa_emoji,negatif,md
O29hLG_37qI,user_dfbaf1abbcf2,False,1665014400,0,negatif,0.9987,netral,tanpa_emoji,negatif,md
O29hLG_37qI,user_dfbaf1abbcf2,False,1665014400,0,negatif,0.9987,netral,tanpa_emoji,negatif,md
O29hLG_37qI,user_404badc46244,False,1665014400,0,netral,0.8291,negatif,tanpa_emoji,netral,md
O29hLG_37qI,user_b25f65d50fdd,False,1665014400,0,negatif,0.9256,positif,tanpa_emoji,negatif,md
O29hLG_37qI,user_88bdc749f809,False,1665014400,0,positif,0.5484,negatif,tanpa_emoji,positif,md
O29hLG_37qI,user_3efbb4c73f8f,False,1665014400,3,positif,0.9447,positif,tanpa_emoji,positif,md
O29hLG_37qI,user_aac59cecdc4c,True,1665014400,1,negatif,0.8982,positif,negatif,negatif,md
O29hLG_37qI,user_88b9f7e5a63b,True,1665014400,0,negatif,0.998,netral,tanpa_emoji,negatif,md
O29hLG_37qI,user_3efbb4c73f8f,True,1665014400,0,negatif,0.9948,netral,tanpa_emoji,negatif,md
O29hLG_37qI,user_88b9f7e5a63b,True,1665014400,0,negatif,0.9786,netral,netral,negatif,md
O29hLG_37qI,user_88b9f7e5a63b,True,1665014400,0,positif,0.994,positif,tanpa_emoji,positif,md
O29hLG_37qI,user_88b9f7e5a63b,True,1665014400,0,negatif,0.7906,netral,tanpa_emoji,negatif,md
O29hLG_37qI,user_3efbb4c73f8f,True,1665014400,1,negatif,0.9774,positif,netral,negatif,md
O29hLG_37qI,user_aac59cecdc4c,True,1665014400,0,negatif,0.9953,negatif,tanpa_emoji,negatif,md
O29hLG_37qI,user_88b9f7e5a63b,True,1665014400,0,positif,0.9703,positif,tanpa_emoji,positif,md
O29hLG_37qI,user_d40406628468,False,1665014400,0,positif,0.885,netral,tanpa_emoji,positif,md
O29hLG_37qI,user_661ad74dbadc,False,1665014400,0,negatif,0.9539,netral,tanpa_emoji,negatif,md
O29hLG_37qI,user_acf2b32cae92,False,1665014400,0,negatif,0.6233,netral,netral,negatif,md
O29hLG_37qI,user_05abd8bc124e,False,1665014400,0,negatif,0.9798,netral,tanpa_emoji,negatif,md
O29hLG_37qI,user_091f804dda33,True,1665014400,2,negatif,0.9987,netral,netral,negatif,md
O29hLG_37qI,user_6993a8b94fea,True,1665014400,0,netral,0.9158,netral,netral,netral,md
O29hLG_37qI,user_05abd8bc124e,True,1665014400,0,negatif,0.9975,netral,tanpa_emoji,negatif,md
O29hLG_37qI,user_3e3507d24f44,True,1665014400,0,negatif,0.7139,negatif,tanpa_emoji,negatif,md
O29hLG_37qI,user_07339f56f6c2,True,1696550400,0,positif,0.9335,positif,tanpa_emoji,positif,md
O29hLG_37qI,user_baa0883e5ee9,False,1665014400,0,positif,0.8829,netral,netral,positif,md
O29hLG_37qI,user_1b980dd98cf8,False,1665014400,0,positif,0.9971,positif,tanpa_emoji,positif,md
O29hLG_37qI,user_0c8ad2edc30c,False,1665014400,0,negatif,0.5958,netral,tanpa_emoji,negatif,md
O29hLG_37qI,user_89fddd938e09,True,1665014400,0,positif,0.5822,netral,tanpa_emoji,positif,md
O29hLG_37qI,user_1b176b725bf7,False,1665014400,0,negatif,0.8442,netral,netral,negatif,md
O29hLG_37qI,user_f845d955dce7,False,1665014400,0,positif,0.7873,positif,netral,positif,md
O29hLG_37qI,user_6993a8b94fea,True,1665014400,1,negatif,0.9989,netral,tanpa_emoji,negatif,md
O29hLG_37qI,user_f845d955dce7,True,1665014400,0,netral,0.7858,netral,netral,netral,md
O29hLG_37qI,user_091f804dda33,True,1665014400,0,negatif,0.9733,positif,netral,negatif,md
O29hLG_37qI,user_f845d955dce7,True,1665014400,0,netral,0.7175,netral,netral,netral,md
O29hLG_37qI,user_091f804dda33,True,1665014400,1,negatif,0.9813,positif,tanpa_emoji,negatif,md
O29hLG_37qI,user_f845d955dce7,True,1665014400,0,netral,0.528,netral,netral,netral,md
O29hLG_37qI,user_0c91debe828f,True,1665014400,0,negatif,0.9899,negatif,netral,negatif,md
O29hLG_37qI,user_8d4320bbe385,True,1665014400,0,negatif,0.9885,negatif,netral,negatif,md
O29hLG_37qI,user_07339f56f6c2,True,1696550400,0,positif,0.9932,positif,tanpa_emoji,positif,md
O29hLG_37qI,user_f845d955dce7,True,1696550400,0,negatif,0.9324,netral,netral,negatif,md
O29hLG_37qI,user_c965fcf0422d,False,1665014400,0,negatif,0.9694,netral,netral,negatif,md
O29hLG_37qI,user_32b8b4e9846a,False,1665014400,0,positif,0.5536,netral,tanpa_emoji,positif,md
O29hLG_37qI,user_6993a8b94fea,True,1665014400,0,netral,0.7446,netral,tanpa_emoji,netral,md
O29hLG_37qI,user_77a4f6de71d4,False,1665014400,0,negatif,0.9864,negatif,tanpa_emoji,negatif,md
O29hLG_37qI,user_cb2b358fed54,False,1665014400,0,positif,0.7164,positif,tanpa_emoji,positif,md
O29hLG_37qI,user_dd14cd564575,False,1665014400,0,netral,0.6532,netral,netral,netral,md
O29hLG_37qI,user_8339de3156d0,False,1665014400,0,negatif,0.9976,negatif,tanpa_emoji,negatif,md
O29hLG_37qI,user_b7e424b0c9c3,False,1665014400,3,positif,0.8144,netral,tanpa_emoji,positif,md
O29hLG_37qI,user_3de7ff1b8061,False,1665014400,0,negatif,0.7498,positif,tanpa_emoji,negatif,md
O29hLG_37qI,user_3a1bf187653a,False,1665014400,0,negatif,0.9291,netral,tanpa_emoji,negatif,md
O29hLG_37qI,user_c501eecf08a6,False,1665014400,1,negatif,0.9944,netral,netral,negatif,md
O29hLG_37qI,user_23a2e56091b6,False,1665014400,0,negatif,0.6185,netral,tanpa_emoji,negatif,md
O29hLG_37qI,user_e6aeb2b1d89d,False,1665014400,1,netral,0.5074,netral,tanpa_emoji,netral,md
O29hLG_37qI,user_5176a700d350,False,1665014400,0,positif,0.8275,positif,netral,positif,md
O29hLG_37qI,user_c060afde0cf9,False,1665014400,0,negatif,0.9756,negatif,negatif,negatif,md
O29hLG_37qI,user_3d93a93a4aab,False,1665014400,0,positif,0.9938,positif,positif,positif,md
O29hLG_37qI,user_e87f0a5334b9,False,1665014400,0,positif,0.7171,netral,tanpa_emoji,positif,md
O29hLG_37qI,user_7815bf0ac6ac,False,1665014400,0,negatif,0.999,positif,tanpa_emoji,negatif,md
O29hLG_37qI,user_8cd29ee1abda,False,1665014400,1,negatif,0.9944,positif,tanpa_emoji,negatif,md
O29hLG_37qI,user_4d66a882c0c0,False,1665014400,0,negatif,0.9716,netral,netral,negatif,md
O29hLG_37qI,user_60718573761e,False,1665014400,0,negatif,0.9973,positif,tanpa_emoji,negatif,md
O29hLG_37qI,user_b484ad88c346,False,1665014400,0,negatif,0.9821,netral,tanpa_emoji,negatif,md
O29hLG_37qI,user_44af79c48900,True,1665014400,1,negatif,0.9515,netral,tanpa_emoji,negatif,md
O29hLG_37qI,user_9adf81fcdadc,False,1665014400,0,positif,0.9981,positif,positif,positif,md
O29hLG_37qI,user_f77ccfc9b42a,False,1665014400,0,negatif,0.594,netral,tanpa_emoji,negatif,md
O29hLG_37qI,user_102161980fd6,False,1665014400,0,negatif,0.8912,netral,tanpa_emoji,negatif,md
O29hLG_37qI,user_aac59cecdc4c,True,1665014400,1,netral,0.9688,netral,tanpa_emoji,netral,md
O29hLG_37qI,user_102161980fd6,True,1665014400,1,netral,0.9908,positif,positif,netral,md
O29hLG_37qI,user_aac59cecdc4c,True,1665014400,0,negatif,0.8368,netral,tanpa_emoji,negatif,md
O29hLG_37qI,user_be39011f1376,False,1665014400,0,negatif,0.9984,negatif,tanpa_emoji,negatif,md
O29hLG_37qI,user_d7eb26b719ca,False,1665014400,0,positif,0.5257,netral,tanpa_emoji,positif,md
O29hLG_37qI,user_189386fc9768,False,1665014400,0,negatif,0.5233,positif,netral,negatif,md
O29hLG_37qI,user_4f51d6f4e245,False,1665014400,0,positif,0.9974,positif,positif,positif,md
O29hLG_37qI,user_a281fc4c377f,False,1665014400,0,positif,0.9766,positif,netral,positif,md
O29hLG_37qI,user_ace478be8b35,False,1665014400,0,negatif,0.932,netral,tanpa_emoji,negatif,md
O29hLG_37qI,user_ca33ec80fb02,False,1665014400,0,positif,0.9943,negatif,tanpa_emoji,positif,md
O29hLG_37qI,user_72092952c2e4,False,1665014400,0,negatif,0.9985,netral,netral,negatif,md
O29hLG_37qI,user_ee72f7a31aaf,False,1665014400,0,netral,0.6694,netral,netral,netral,md
O29hLG_37qI,user_eef23aa270d7,False,1665014400,0,netral,0.7142,netral,tanpa_emoji,netral,md
O29hLG_37qI,user_cdef5ddf646e,False,1665014400,12,negatif,0.7453,positif,netral,negatif,md
O29hLG_37qI,user_e58eaef3e541,False,1665014400,1,negatif,0.9157,positif,netral,negatif,md
O29hLG_37qI,user_15c537a76b67,False,1665014400,1,negatif,0.9811,netral,tanpa_emoji,negatif,md
O29hLG_37qI,user_546df92082ca,False,1665014400,1,negatif,0.9975,netral,tanpa_emoji,negatif,md
O29hLG_37qI,user_b1b935b5acab,False,1665014400,0,negatif,0.5054,positif,netral,negatif,md
O29hLG_37qI,user_6be0f6f04bca,False,1665014400,0,positif,0.7843,netral,tanpa_emoji,positif,md
O29hLG_37qI,user_65b60cee8e06,False,1665014400,1,negatif,0.9965,netral,positif,negatif,md
O29hLG_37qI,user_6c988e3cc622,False,1665014400,1,negatif,0.8395,netral,tanpa_emoji,negatif,md
O29hLG_37qI,user_8d75b8ab305f,False,1665014400,0,positif,0.7834,positif,tanpa_emoji,positif,md
O29hLG_37qI,user_acb2bb6366bc,False,1665014400,0,netral,0.4963,positif,positif,positif,md
O29hLG_37qI,user_5b4170d7fc20,False,1665014400,0,netral,0.818,netral,tanpa_emoji,netral,md
O29hLG_37qI,user_fc59eddb0cb9,False,1665014400,0,negatif,0.9977,negatif,negatif,negatif,md
O29hLG_37qI,user_b049be50e1d1,False,1665014400,1,negatif,0.9897,netral,tanpa_emoji,negatif,md
O29hLG_37qI,user_dd8e2e51ffad,False,1665014400,0,positif,0.9984,positif,positif,positif,md
O29hLG_37qI,user_35fda476f66c,False,1665014400,0,positif,0.9895,positif,tanpa_emoji,positif,md
O29hLG_37qI,user_e01e1d6defe7,False,1665014400,1,positif,0.4828,netral,tanpa_emoji,positif,md
O29hLG_37qI,user_b784922fcd28,False,1665014400,2,positif,0.9786,positif,netral,positif,md
O29hLG_37qI,user_978ea35ef4f7,False,1665014400,0,netral,0.4748,netral,netral,netral,md
O29hLG_37qI,user_177d19aca4d4,False,1665014400,0,positif,0.9975,positif,tanpa_emoji,positif,md
O29hLG_37qI,user_cbdf1300f728,False,1665014400,0,positif,0.9909,positif,tanpa_emoji,positif,md
O29hLG_37qI,user_9979f1501f57,False,1665014400,0,negatif,0.9718,negatif,tanpa_emoji,negatif,md
O29hLG_37qI,user_fad15cede0fe,False,1665014400,0,positif,0.9947,positif,positif,positif,md
O29hLG_37qI,user_12e82e6ce891,False,1665014400,0,netral,0.7812,netral,tanpa_emoji,netral,md
O29hLG_37qI,user_e1b2a259b8b3,False,1665014400,1,positif,0.558,netral,tanpa_emoji,positif,md
O29hLG_37qI,user_23155b7ca87d,False,1665014400,0,netral,0.8539,netral,tanpa_emoji,netral,md
O29hLG_37qI,user_0f9db6178a9f,False,1665014400,1,negatif,0.7345,negatif,tanpa_emoji,negatif,md
O29hLG_37qI,user_ce4edcf00747,False,1665014400,4,positif,0.5463,positif,tanpa_emoji,positif,md
O29hLG_37qI,user_01ca23f81e19,False,1665014400,0,positif,0.98,netral,tanpa_emoji,positif,md
O29hLG_37qI,user_40692370b701,False,1665014400,2,netral,0.474,netral,tanpa_emoji,netral,md
O29hLG_37qI,user_8819d224e964,False,1665014400,1,negatif,0.8966,negatif,tanpa_emoji,negatif,md
O29hLG_37qI,user_8ae81b1eb98c,False,1665014400,0,negatif,0.9817,netral,tanpa_emoji,negatif,md
O29hLG_37qI,user_3669859faa84,False,1665014400,2,negatif,0.5382,netral,tanpa_emoji,negatif,md
O29hLG_37qI,user_cd1809061a18,False,1665014400,3,negatif,0.9972,positif,tanpa_emoji,negatif,md
O29hLG_37qI,user_abb20c367ad0,False,1665014400,0,negatif,0.8875,positif,tanpa_emoji,negatif,md
O29hLG_37qI,user_a01b6df4cb83,False,1665014400,1,netral,0.6777,netral,tanpa_emoji,netral,md
O29hLG_37qI,user_03fea9299b35,False,1665014400,0,netral,0.7571,netral,tanpa_emoji,netral,md
O29hLG_37qI,user_2ac4ae7fb234,False,1665014400,1,positif,0.9474,netral,tanpa_emoji,positif,md
O29hLG_37qI,user_5ce8d976b158,False,1665014400,1,negatif,0.8847,positif,tanpa_emoji,negatif,md
O29hLG_37qI,user_e661b10ecb7d,False,1665014400,3,netral,0.8327,netral,tanpa_emoji,netral,md
O29hLG_37qI,user_be36259b9823,False,1665014400,7,positif,0.9975,positif,tanpa_emoji,positif,md
O29hLG_37qI,user_21bc68b2fce1,False,1665014400,1,negatif,0.9962,positif,netral,negatif,md
O29hLG_37qI,user_7253e752fff0,False,1665014400,1,negatif,0.9921,netral,netral,negatif,md
O29hLG_37qI,user_5d47ac286356,False,1665014400,1,positif,0.7687,positif,tanpa_emoji,positif,md
O29hLG_37qI,user_c9d249644567,False,1665014400,6,positif,0.9952,positif,positif,positif,md
O29hLG_37qI,user_54254e50fd9e,False,1665014400,0,negatif,0.5158,netral,tanpa_emoji,negatif,md
O29hLG_37qI,user_e06bf01fbce7,False,1665014400,3,positif,0.8997,positif,tanpa_emoji,positif,md
O29hLG_37qI,user_181b8560b4d6,False,1665014400,2,negatif,0.8986,positif,netral,negatif,md
O29hLG_37qI,user_4faac6fec5c1,False,1665014400,0,positif,0.9807,positif,netral,positif,md
O29hLG_37qI,user_72e920979f29,False,1665014400,0,positif,0.6757,netral,netral,positif,md
O29hLG_37qI,user_5c6f57dfc8b1,False,1665014400,0,negatif,0.6557,netral,tanpa_emoji,negatif,md
O29hLG_37qI,user_952768f9a252,False,1665014400,0,negatif,0.9845,positif,positif,negatif,md
O29hLG_37qI,user_92e960341c88,False,1665014400,0,negatif,0.8629,netral,tanpa_emoji,negatif,md
O29hLG_37qI,user_70233477bc9e,False,1665014400,0,negatif,0.7519,positif,tanpa_emoji,negatif,md
O29hLG_37qI,user_17ad2e339ca4,False,1665014400,1,positif,0.9778,positif,tanpa_emoji,positif,md
O29hLG_37qI,user_5e9712176779,False,1665014400,1,netral,0.7339,netral,tanpa_emoji,netral,md
O29hLG_37qI,user_af8d00d35de6,False,1665014400,1,netral,0.8927,netral,tanpa_emoji,netral,md
O29hLG_37qI,user_1f7b18a32fa9,False,1665014400,0,negatif,0.9902,positif,tanpa_emoji,negatif,md
O29hLG_37qI,user_fa221c0d0e31,False,1665014400,3,negatif,0.9866,netral,netral,negatif,md
O29hLG_37qI,user_a85179d06b4b,False,1665014400,0,negatif,0.9829,netral,tanpa_emoji,negatif,md
O29hLG_37qI,user_388ffb15a06f,False,1665014400,1,negatif,0.6246,negatif,tanpa_emoji,negatif,md
O29hLG_37qI,user_4ba547845931,False,1665014400,0,negatif,0.9976,netral,netral,negatif,md
O29hLG_37qI,user_d307ff9c65ef,False,1665014400,0,netral,0.9831,netral,tanpa_emoji,netral,md
O29hLG_37qI,user_6e70ca027e20,False,1665014400,2,positif,0.9936,positif,tanpa_emoji,positif,md
O29hLG_37qI,user_b9434caa27b0,False,1665014400,0,netral,0.5963,netral,tanpa_emoji,netral,md
O29hLG_37qI,user_b89a45ed4cad,False,1665014400,1,negatif,0.9917,netral,tanpa_emoji,negatif,md
O29hLG_37qI,user_4881a442a3c0,False,1665014400,0,positif,0.9982,positif,tanpa_emoji,positif,md
O29hLG_37qI,user_6dd7ffc22712,False,1665014400,0,negatif,0.5719,netral,tanpa_emoji,negatif,md
O29hLG_37qI,user_bd6a1ee45d3b,False,1665014400,0,negatif,0.6309,positif,positif,negatif,md
O29hLG_37qI,user_a491fb9e3ccc,False,1665014400,0,negatif,0.9315,netral,tanpa_emoji,negatif,md
O29hLG_37qI,user_f845d955dce7,False,1665014400,0,negatif,0.9806,netral,netral,negatif,md
O29hLG_37qI,user_d22d999807d9,False,1665014400,0,netral,0.498,netral,tanpa_emoji,netral,md
O29hLG_37qI,user_c593b7cdae0f,False,1665014400,0,negatif,0.912,positif,positif,negatif,md
O29hLG_37qI,user_a97adc8fbd07,False,1665014400,0,negatif,0.8653,netral,tanpa_emoji,negatif,md
O29hLG_37qI,user_40a04f556677,False,1665014400,0,positif,0.9978,positif,positif,positif,md
O29hLG_37qI,user_571e9b983e5c,False,1665014400,1,positif,0.9191,netral,tanpa_emoji,positif,md
O29hLG_37qI,user_b3153159c73b,False,1665014400,0,positif,0.9953,netral,tanpa_emoji,positif,md
O29hLG_37qI,user_dbe6b4a59169,False,1665014400,0,negatif,0.8912,positif,netral,negatif,md
O29hLG_37qI,user_7225d13cdc67,False,1665014400,0,positif,0.827,positif,tanpa_emoji,positif,md
O29hLG_37qI,user_601ad6ea7b74,False,1665014400,0,negatif,0.9065,negatif,tanpa_emoji,negatif,md
O29hLG_37qI,user_5de91db6c328,False,1665014400,0,positif,0.909,positif,netral,positif,md
O29hLG_37qI,user_135aa6991f90,False,1665014400,1,negatif,0.7906,negatif,tanpa_emoji,negatif,md
O29hLG_37qI,user_b2dfb93b277b,False,1665014400,0,negatif,0.5637,positif,tanpa_emoji,negatif,md
O29hLG_37qI,user_628dfe14e38b,False,1665014400,0,negatif,0.8231,positif,tanpa_emoji,negatif,md
O29hLG_37qI,user_c1a24bb64992,False,1665014400,0,positif,0.9982,positif,tanpa_emoji,positif,md
O29hLG_37qI,user_8352ea0166fd,False,1665014400,0,netral,0.65,negatif,netral,netral,md
O29hLG_37qI,user_90260cd82c66,False,1665014400,1,positif,0.9261,negatif,tanpa_emoji,positif,md
O29hLG_37qI,user_b2bc92c722d4,False,1665014400,1,netral,0.9602,negatif,tanpa_emoji,netral,md
O29hLG_37qI,user_1565f48c4cd3,False,1665014400,0,negatif,0.9961,netral,tanpa_emoji,negatif,md
O29hLG_37qI,user_8d7a59cdbe6a,False,1665014400,2,positif,0.9978,positif,tanpa_emoji,positif,md
O29hLG_37qI,user_6dc212d6754e,False,1665014400,1,positif,0.9946,positif,netral,positif,md
O29hLG_37qI,user_c9c3cb957e75,False,1665014400,0,negatif,0.836,netral,netral,negatif,md
O29hLG_37qI,user_17589a7838f8,False,1665014400,0,negatif,0.9592,negatif,netral,negatif,md
O29hLG_37qI,user_595a5ee51ba6,False,1665014400,0,positif,0.9368,netral,tanpa_emoji,positif,md
O29hLG_37qI,user_fd5b2bf95045,False,1665014400,1,negatif,0.9556,netral,tanpa_emoji,negatif,md
O29hLG_37qI,user_7571a8174a73,False,1665014400,2,positif,0.9792,positif,tanpa_emoji,positif,md
O29hLG_37qI,user_c6291050d2fd,False,1665014400,0,positif,0.9902,positif,tanpa_emoji,positif,md
O29hLG_37qI,user_45e8c3978614,False,1665014400,0,netral,0.9097,netral,tanpa_emoji,netral,md
O29hLG_37qI,user_9c5b3ca936f9,False,1665014400,1,negatif,0.9245,netral,tanpa_emoji,negatif,md
O29hLG_37qI,user_08dc855059a5,False,1665014400,2,negatif,0.9893,netral,netral,negatif,md
O29hLG_37qI,user_cf06ad8354a5,False,1665014400,1,positif,0.5262,netral,tanpa_emoji,positif,md
O29hLG_37qI,user_c35abfe012a5,False,1665014400,0,negatif,0.5494,negatif,tanpa_emoji,negatif,md
O29hLG_37qI,user_8689b2629d6b,False,1665014400,1,negatif,0.9743,negatif,tanpa_emoji,negatif,md
O29hLG_37qI,user_f6893df9eb25,False,1665014400,0,negatif,0.9969,positif,tanpa_emoji,negatif,md
O29hLG_37qI,user_8728065c9eb6,False,1665014400,0,positif,0.9717,positif,positif,positif,md
O29hLG_37qI,user_6a42703228b6,False,1665014400,0,netral,0.995,netral,tanpa_emoji,netral,md
O29hLG_37qI,user_786e2182324a,False,1665014400,1,positif,0.9863,positif,tanpa_emoji,positif,md
O29hLG_37qI,user_60fca67151c5,False,1665014400,1,negatif,0.9888,netral,tanpa_emoji,negatif,md
O29hLG_37qI,user_8e8ceadfff53,False,1665014400,1,negatif,0.5986,positif,tanpa_emoji,negatif,md
O29hLG_37qI,user_2cf2f74ee372,False,1665014400,1,netral,0.4503,netral,tanpa_emoji,netral,md
O29hLG_37qI,user_42a404cb07f9,False,1665014400,1,positif,0.9856,positif,tanpa_emoji,positif,md
O29hLG_37qI,user_b64bea3a23bc,False,1665014400,0,negatif,0.8586,positif,positif,negatif,md
O29hLG_37qI,user_330ba1901715,False,1665014400,0,negatif,0.9667,netral,tanpa_emoji,negatif,md
O29hLG_37qI,user_115f9e314ca7,False,1665014400,0,negatif,0.9436,positif,tanpa_emoji,negatif,md
O29hLG_37qI,user_f845d955dce7,False,1665014400,0,negatif,0.9978,negatif,netral,negatif,md
O29hLG_37qI,user_a9c5cd5f163d,False,1665014400,0,positif,0.9973,positif,netral,positif,md
O29hLG_37qI,user_00cd3168bc47,False,1665014400,0,negatif,0.9646,netral,tanpa_emoji,negatif,md
O29hLG_37qI,user_cfa666726059,False,1665014400,0,negatif,0.9976,negatif,netral,negatif,md
O29hLG_37qI,user_c0ad326900ca,False,1665014400,16,positif,0.996,netral,positif,positif,md
O29hLG_37qI,user_c76b753fc09f,False,1665014400,0,negatif,0.9799,netral,netral,negatif,md
O29hLG_37qI,user_d9ffb26d15b3,False,1665014400,1,positif,0.6472,positif,tanpa_emoji,positif,md
O29hLG_37qI,user_95f70c6f099b,False,1665014400,1,positif,0.5872,netral,tanpa_emoji,positif,md
O29hLG_37qI,user_79fa4c0297e5,False,1665014400,28,positif,0.9938,netral,tanpa_emoji,positif,md
O29hLG_37qI,user_ebe2c57fdc91,False,1665014400,6,negatif,0.9855,netral,tanpa_emoji,negatif,md
O29hLG_37qI,user_ab0b7e48ed63,False,1665014400,1,netral,0.3686,negatif,tanpa_emoji,netral,md
O29hLG_37qI,user_6c28f14b96e1,False,1665014400,0,negatif,0.9957,negatif,tanpa_emoji,negatif,md
O29hLG_37qI,user_d9f7eb1e6aaf,False,1665014400,0,negatif,0.8144,positif,tanpa_emoji,negatif,md
O29hLG_37qI,user_8abef0d7afbb,False,1665014400,0,negatif,0.8776,positif,positif,negatif,md
O29hLG_37qI,user_531df694fb15,False,1665014400,10,positif,0.989,positif,positif,positif,md
O29hLG_37qI,user_a74be9b12616,False,1665014400,0,negatif,0.9943,netral,tanpa_emoji,negatif,md
O29hLG_37qI,user_034f663f8f72,False,1665014400,1,negatif,0.6366,netral,tanpa_emoji,negatif,md
O29hLG_37qI,user_50ff2d4a7439,False,1665014400,0,negatif,0.9455,netral,tanpa_emoji,negatif,md
O29hLG_37qI,user_4b0dd47e5749,False,1665014400,1,positif,0.9474,netral,tanpa_emoji,positif,md
O29hLG_37qI,user_201c32fbbc75,False,1665014400,0,negatif,0.5099,netral,netral,negatif,md
O29hLG_37qI,user_c25b7cc1e7d6,False,1665014400,0,netral,0.4677,positif,positif,positif,md
O29hLG_37qI,user_e2c7c122953c,False,1665014400,0,negatif,0.9939,netral,tanpa_emoji,negatif,md
O29hLG_37qI,user_9b8913c66c88,False,1665014400,0,positif,0.9946,positif,tanpa_emoji,positif,md
O29hLG_37qI,user_8410c8b57bc4,False,1665014400,0,netral,0.4961,netral,tanpa_emoji,netral,md
O29hLG_37qI,user_9c8065d130a9,False,1665014400,0,netral,0.783,netral,netral,netral,md
O29hLG_37qI,user_cb34c25e8f82,False,1665014400,4,positif,0.9164,positif,positif,positif,md
O29hLG_37qI,user_ac9dabb0467b,False,1665014400,2,negatif,0.6939,netral,tanpa_emoji,negatif,md
O29hLG_37qI,user_705471c8af8a,False,1665014400,7,positif,0.6515,negatif,tanpa_emoji,positif,md
O29hLG_37qI,user_1cffc89be7e3,False,1665014400,1,positif,0.9937,positif,netral,positif,md
O29hLG_37qI,user_5db06db13f18,False,1665014400,0,netral,0.9468,netral,tanpa_emoji,netral,md
O29hLG_37qI,user_5db06db13f18,False,1665014400,0,netral,0.6772,netral,tanpa_emoji,netral,md
O29hLG_37qI,user_734884a57276,False,1665014400,0,negatif,0.9991,netral,tanpa_emoji,negatif,md
O29hLG_37qI,user_15706589554b,False,1665014400,1,negatif,0.8439,netral,tanpa_emoji,negatif,md
O29hLG_37qI,user_638e711768df,False,1665014400,0,negatif,0.9966,positif,tanpa_emoji,negatif,md
O29hLG_37qI,user_5577534d72ce,False,1665014400,1,positif,0.9812,positif,positif,positif,md
O29hLG_37qI,user_15d1ccecb909,False,1665014400,1,netral,0.6367,netral,tanpa_emoji,netral,md
O29hLG_37qI,user_d10ef632bbec,False,1665014400,0,negatif,0.6903,netral,tanpa_emoji,negatif,md
O29hLG_37qI,user_f8fd94ab9200,False,1665014400,0,positif,0.6971,netral,tanpa_emoji,positif,md
O29hLG_37qI,user_f8fd94ab9200,False,1665014400,0,negatif,0.9857,netral,tanpa_emoji,negatif,md
O29hLG_37qI,user_6189faf4ce22,False,1665014400,28,positif,0.9989,positif,tanpa_emoji,positif,md
O29hLG_37qI,user_7aaada4aa78d,False,1665014400,3,positif,0.9699,positif,netral,positif,md
O29hLG_37qI,user_f845d955dce7,False,1665014400,1,positif,0.5448,netral,netral,positif,md
O29hLG_37qI,user_71ed1045a5ad,False,1665014400,0,negatif,0.997,negatif,negatif,negatif,md
O29hLG_37qI,user_e347e496802b,False,1665014400,2,positif,0.9974,positif,positif,positif,md
O29hLG_37qI,user_2d7494dd5ebf,False,1665014400,7,positif,0.8064,positif,tanpa_emoji,positif,md
O29hLG_37qI,user_7fa560564e4f,False,1665014400,1,positif,0.9276,positif,tanpa_emoji,positif,md
O29hLG_37qI,user_a4ed68f13fb5,False,1665014400,6,positif,0.9791,positif,positif,positif,md
O29hLG_37qI,user_e1d38d5bdab8,False,1665014400,1,positif,0.9641,positif,tanpa_emoji,positif,md
O29hLG_37qI,user_4d8d29fe1870,False,1665014400,1,negatif,0.9961,negatif,tanpa_emoji,negatif,md
O29hLG_37qI,user_99a711047a96,False,1665014400,0,negatif,0.9934,netral,tanpa_emoji,negatif,md
O29hLG_37qI,user_db2d7ac25624,False,1665014400,0,negatif,0.9992,netral,tanpa_emoji,negatif,md
O29hLG_37qI,user_0f9c24bffafe,False,1665014400,0,negatif,0.7889,netral,netral,negatif,md
O29hLG_37qI,user_59e670a85227,False,1665014400,1,negatif,0.9889,negatif,tanpa_emoji,negatif,md
O29hLG_37qI,user_167f1465befc,False,1665014400,3,negatif,0.995,positif,tanpa_emoji,negatif,md
O29hLG_37qI,user_f845d955dce7,False,1665014400,1,negatif,0.9815,negatif,netral,negatif,md
O29hLG_37qI,user_6e96354f8deb,False,1665014400,2,negatif,0.9972,positif,tanpa_emoji,negatif,md
O29hLG_37qI,user_4d15b464bea3,False,1665014400,1,netral,0.9881,netral,tanpa_emoji,netral,md
O29hLG_37qI,user_f96d8c25d02a,False,1665014400,0,positif,0.9257,netral,netral,positif,md
O29hLG_37qI,user_08cc904a0686,False,1665014400,1,negatif,0.9959,positif,tanpa_emoji,negatif,md
O29hLG_37qI,user_306a7c51c0d7,False,1665014400,2,negatif,0.9606,positif,tanpa_emoji,negatif,md
O29hLG_37qI,user_a00cb86f61f3,False,1665014400,4,positif,0.9968,positif,tanpa_emoji,positif,md
O29hLG_37qI,user_401023d52968,False,1665014400,7,positif,0.971,netral,tanpa_emoji,positif,md
O29hLG_37qI,user_1815f2aff355,False,1665014400,1,positif,0.9941,positif,tanpa_emoji,positif,md
O29hLG_37qI,user_1c28c1a894b8,False,1665014400,1,negatif,0.9864,negatif,tanpa_emoji,negatif,md
O29hLG_37qI,user_a552fbab4e71,False,1665014400,0,netral,0.8611,netral,tanpa_emoji,netral,md
O29hLG_37qI,user_4c8b0dfddc0b,False,1665014400,3,positif,0.9745,positif,tanpa_emoji,positif,md
O29hLG_37qI,user_3a40b8092e33,False,1665014400,1,negatif,0.5019,positif,tanpa_emoji,negatif,md
O29hLG_37qI,user_bae458f7bc24,False,1665014400,3,positif,0.7936,negatif,tanpa_emoji,positif,md
O29hLG_37qI,user_cef0752180fd,False,1665014400,3,positif,0.9974,positif,tanpa_emoji,positif,md
O29hLG_37qI,user_63c92e628bf0,False,1665014400,1,positif,0.3859,negatif,tanpa_emoji,positif,md
O29hLG_37qI,user_44b5020774c0,False,1665014400,4,positif,0.9594,netral,tanpa_emoji,positif,md
O29hLG_37qI,user_ffdcb10377e7,False,1665014400,1,positif,0.9936,positif,tanpa_emoji,positif,md
O29hLG_37qI,user_2f51872b0145,False,1665014400,2,negatif,0.9902,positif,positif,negatif,md
O29hLG_37qI,user_81e21c492001,False,1665014400,1,negatif,0.8017,netral,tanpa_emoji,negatif,md
O29hLG_37qI,user_dd9019f76b01,False,1665014400,77,positif,0.9927,positif,positif,positif,md
O29hLG_37qI,user_ba9bb07427c2,False,1665014400,1,negatif,0.9434,netral,tanpa_emoji,negatif,md
O29hLG_37qI,user_2bf2d0c17e1b,False,1665014400,1,negatif,0.9961,positif,tanpa_emoji,negatif,md
O29hLG_37qI,user_5264362e3572,False,1665014400,1,positif,0.9907,positif,tanpa_emoji,positif,md
O29hLG_37qI,user_7041fa797b7c,False,1665014400,1,netral,0.707,netral,netral,netral,md
O29hLG_37qI,user_dc2fa766dae1,False,1665014400,2,negatif,0.6644,netral,tanpa_emoji,negatif,md
O29hLG_37qI,user_ca0bb67480f7,False,1665014400,2,negatif,0.8381,netral,tanpa_emoji,negatif,md
O29hLG_37qI,user_b112c167736e,False,1665014400,0,positif,0.997,positif,tanpa_emoji,positif,md
O29hLG_37qI,user_03e14cdf572f,False,1665014400,0,negatif,0.7847,netral,positif,negatif,md
O29hLG_37qI,user_d8ae21f2d8a7,False,1665014400,0,negatif,0.9578,negatif,tanpa_emoji,negatif,md
O29hLG_37qI,user_8a26d45a4539,False,1665014400,0,positif,0.9782,netral,tanpa_emoji,positif,md
O29hLG_37qI,user_4d8d29fe1870,False,1665014400,0,negatif,0.9972,positif,tanpa_emoji,negatif,md
O29hLG_37qI,user_b408a55c2ab6,False,1665014400,0,negatif,0.9936,positif,netral,negatif,md
O29hLG_37qI,user_c8b913a5469a,False,1665014400,0,negatif,0.5819,netral,tanpa_emoji,negatif,md
O29hLG_37qI,user_4a68ffbf682b,False,1665014400,0,positif,0.8534,positif,tanpa_emoji,positif,md
O29hLG_37qI,user_4114e4766dc0,False,1665014400,0,positif,0.6604,netral,tanpa_emoji,positif,md
O29hLG_37qI,user_24620f3b259a,False,1665014400,0,negatif,0.6978,netral,tanpa_emoji,negatif,md
O29hLG_37qI,user_e433d95aaec8,False,1665014400,0,netral,0.6113,negatif,tanpa_emoji,netral,md
O29hLG_37qI,user_f03c588154df,False,1665014400,0,netral,0.8227,netral,tanpa_emoji,netral,md
O29hLG_37qI,user_9bb79ce2edd9,False,1665014400,0,netral,0.5091,netral,tanpa_emoji,netral,md
O29hLG_37qI,user_1d6922a940d6,False,1665014400,3,positif,0.9364,positif,tanpa_emoji,positif,md
O29hLG_37qI,user_79152729fdf9,False,1665014400,1,negatif,0.7755,netral,netral,negatif,md
O29hLG_37qI,user_e0ff0b71a965,False,1665014400,0,negatif,0.9768,netral,tanpa_emoji,negatif,md
O29hLG_37qI,user_214c6a60d3f4,False,1665014400,2,netral,0.5378,positif,tanpa_emoji,netral,md
O29hLG_37qI,user_a0d5416706d3,False,1665014400,0,positif,0.9023,positif,tanpa_emoji,positif,md
O29hLG_37qI,user_454309333831,False,1665014400,15,positif,0.9854,netral,tanpa_emoji,positif,md
O29hLG_37qI,user_2aea56a4a70c,False,1665014400,3,negatif,0.9993,netral,tanpa_emoji,negatif,md
O29hLG_37qI,user_e7ed7b361696,False,1665014400,7,negatif,0.7544,netral,tanpa_emoji,negatif,md
O29hLG_37qI,user_8449bb71b407,False,1665014400,0,negatif,0.9664,netral,tanpa_emoji,negatif,md
O29hLG_37qI,user_377fdce32a0d,False,1665014400,0,positif,0.7338,positif,tanpa_emoji,positif,md
O29hLG_37qI,user_1f3955ad5e1d,False,1665014400,0,positif,0.9822,positif,tanpa_emoji,positif,md
O29hLG_37qI,user_3140ca207117,False,1665014400,0,positif,0.9693,negatif,tanpa_emoji,positif,md
O29hLG_37qI,user_934e8e44b369,False,1665014400,1,negatif,0.9832,positif,tanpa_emoji,negatif,md
O29hLG_37qI,user_5009b1efcb52,False,1665014400,1,negatif,0.9975,netral,tanpa_emoji,negatif,md
O29hLG_37qI,user_4e250fe332f4,False,1665014400,1,positif,0.9266,netral,tanpa_emoji,positif,md
O29hLG_37qI,user_a858afd7b35a,False,1665014400,0,negatif,0.894,netral,tanpa_emoji,negatif,md
O29hLG_37qI,user_9d2844e29d67,False,1665014400,0,positif,0.9922,positif,positif,positif,md
O29hLG_37qI,user_7e0f001129e1,False,1665014400,0,negatif,0.8709,netral,tanpa_emoji,negatif,md
O29hLG_37qI,user_4e1c5b7d7b22,False,1665014400,0,netral,0.4958,netral,tanpa_emoji,netral,md
O29hLG_37qI,user_710b0532a76e,False,1665014400,0,positif,0.9545,netral,tanpa_emoji,positif,md
O29hLG_37qI,user_710b0532a76e,False,1665014400,0,negatif,0.7823,netral,tanpa_emoji,negatif,md
VzBLY3xgVnQ,user_6ab636df9a2d,False,1788652800,0,negatif,0.4085,positif,positif,positif,md
VzBLY3xgVnQ,user_4f04cae52996,False,1785974400,0,positif,0.6251,netral,tanpa_emoji,positif,md
VzBLY3xgVnQ,user_ed6964d04fa4,False,1783296000,0,negatif,0.9895,netral,netral,negatif,md
VzBLY3xgVnQ,user_4ea7a3f16166,False,1783296000,0,netral,0.9764,positif,positif,netral,md
VzBLY3xgVnQ,user_d600e0620ff2,False,1778025600,0,negatif,0.9863,negatif,tanpa_emoji,negatif,md
VzBLY3xgVnQ,user_8dc8836fc570,False,1775433600,0,netral,0.9835,netral,tanpa_emoji,netral,md
VzBLY3xgVnQ,user_3cb37eda3fa4,False,1775433600,0,netral,0.9577,netral,tanpa_emoji,netral,md
VzBLY3xgVnQ,user_b7184d7dccf5,False,1772755200,0,negatif,0.9768,netral,tanpa_emoji,negatif,md
VzBLY3xgVnQ,user_b7184d7dccf5,False,1772755200,0,negatif,0.9814,netral,tanpa_emoji,negatif,md
VzBLY3xgVnQ,user_78eb2f00ea49,False,1770336000,0,negatif,0.7845,positif,netral,negatif,md
VzBLY3xgVnQ,user_0ea686409c23,False,1767657600,1,negatif,0.9981,negatif,tanpa_emoji,negatif,md
VzBLY3xgVnQ,user_f288fc97ee9e,False,1767657600,2,positif,0.6713,netral,tanpa_emoji,positif,md
VzBLY3xgVnQ,user_c8feb1daef78,False,1767657600,0,negatif,0.9959,negatif,tanpa_emoji,negatif,md
VzBLY3xgVnQ,user_2061bbc8c848,False,1767657600,1,positif,0.9508,netral,tanpa_emoji,positif,md
VzBLY3xgVnQ,user_92a1a348acb5,False,1767657600,0,negatif,0.5778,netral,tanpa_emoji,negatif,md
VzBLY3xgVnQ,user_fa6b3eb47d91,False,1764979200,1,netral,0.4649,netral,tanpa_emoji,netral,md
VzBLY3xgVnQ,user_4704b6c19453,False,1764979200,1,negatif,0.918,netral,tanpa_emoji,negatif,md
VzBLY3xgVnQ,user_1b69d39d1acc,True,1764979200,1,negatif,0.952,netral,tanpa_emoji,negatif,md
VzBLY3xgVnQ,user_023749760d0d,False,1764979200,3,netral,0.4776,positif,positif,positif,md
VzBLY3xgVnQ,user_b77f10da9fda,False,1764979200,0,positif,0.6129,positif,tanpa_emoji,positif,md
VzBLY3xgVnQ,user_aa2c1ec4a675,False,1764979200,0,positif,0.8369,netral,tanpa_emoji,positif,md
VzBLY3xgVnQ,user_84974d88ac2f,False,1764979200,0,negatif,0.9942,netral,tanpa_emoji,negatif,md
VzBLY3xgVnQ,user_a91b47abf820,False,1764979200,0,positif,0.9909,positif,tanpa_emoji,positif,md
VzBLY3xgVnQ,user_20cfcd243263,False,1764979200,1,positif,0.5363,positif,tanpa_emoji,positif,md
VzBLY3xgVnQ,user_204880342754,False,1764979200,0,positif,0.8505,netral,tanpa_emoji,positif,md
VzBLY3xgVnQ,user_204880342754,True,1764979200,0,negatif,0.9798,netral,tanpa_emoji,negatif,md
VzBLY3xgVnQ,user_b86e0eb6cde9,False,1764979200,0,negatif,0.9987,netral,tanpa_emoji,negatif,md
VzBLY3xgVnQ,user_36de804a40f1,False,1764979200,0,positif,0.6193,netral,tanpa_emoji,positif,md
VzBLY3xgVnQ,user_eb6346e90575,False,1764979200,0,positif,0.9973,positif,tanpa_emoji,positif,md
VzBLY3xgVnQ,user_9af60c3ddd37,False,1764979200,0,negatif,0.9875,netral,tanpa_emoji,negatif,md
VzBLY3xgVnQ,user_b72c3cd3f94c,False,1764979200,0,negatif,0.9945,negatif,negatif,negatif,md
VzBLY3xgVnQ,user_ea3fc67483bf,False,1764979200,0,positif,0.6288,netral,tanpa_emoji,positif,md
VzBLY3xgVnQ,user_b86e0eb6cde9,True,1764979200,0,netral,0.7521,netral,tanpa_emoji,netral,md
VzBLY3xgVnQ,user_b40ff272c753,False,1764979200,1,negatif,0.7879,netral,tanpa_emoji,negatif,md
VzBLY3xgVnQ,user_2079bddbb0c6,False,1764979200,0,negatif,0.9993,negatif,tanpa_emoji,negatif,md
VzBLY3xgVnQ,user_ad96b6eeccdf,False,1764979200,1,netral,0.8918,netral,tanpa_emoji,netral,md
VzBLY3xgVnQ,user_06b694a22df8,False,1764979200,4,netral,0.4424,netral,tanpa_emoji,netral,md
VzBLY3xgVnQ,user_77706adbb522,False,1764979200,2,positif,0.6221,positif,positif,positif,md
VzBLY3xgVnQ,user_94fcd851ad18,False,1764979200,0,negatif,0.8186,netral,tanpa_emoji,negatif,md
VzBLY3xgVnQ,user_656da92bffbf,False,1764979200,0,negatif,0.9718,netral,tanpa_emoji,negatif,md
VzBLY3xgVnQ,user_208d89ba0895,True,1764979200,0,netral,0.9572,netral,tanpa_emoji,netral,md
VzBLY3xgVnQ,user_c7353011a45f,False,1764979200,0,negatif,0.9712,negatif,tanpa_emoji,negatif,md
VzBLY3xgVnQ,user_76b080ee6a02,False,1764979200,0,negatif,0.9984,positif,tanpa_emoji,negatif,md
VzBLY3xgVnQ,user_11f10705e6cb,False,1764979200,1,positif,0.9879,netral,tanpa_emoji,positif,md
VzBLY3xgVnQ,user_315e4cd8988f,False,1764979200,0,positif,0.9923,positif,tanpa_emoji,positif,md
VzBLY3xgVnQ,user_9401000960fe,False,1764979200,0,negatif,0.5708,netral,tanpa_emoji,negatif,md
VzBLY3xgVnQ,user_6197839d8034,False,1764979200,0,negatif,0.9792,netral,tanpa_emoji,negatif,md
VzBLY3xgVnQ,user_3021137403fb,False,1764979200,4,positif,0.9481,netral,positif,positif,md
VzBLY3xgVnQ,user_fdf2ffb31119,False,1764979200,1,negatif,0.9952,positif,tanpa_emoji,negatif,md
VzBLY3xgVnQ,user_6a82a65e5a09,False,1764979200,41,positif,0.691,netral,tanpa_emoji,positif,md
VzBLY3xgVnQ,user_971ddb0b1565,False,1764979200,0,negatif,0.997,netral,netral,negatif,md
VzBLY3xgVnQ,user_cb6e49965999,False,1764979200,1,negatif,0.5533,negatif,tanpa_emoji,negatif,md
VzBLY3xgVnQ,user_8432c3620b56,False,1764979200,0,negatif,0.9969,positif,tanpa_emoji,negatif,md
VzBLY3xgVnQ,user_ff1e8660a2d7,False,1764979200,3,negatif,0.7788,netral,tanpa_emoji,negatif,md
VzBLY3xgVnQ,user_de7ac7d95295,False,1764979200,5,positif,0.9935,positif,positif,positif,md
VzBLY3xgVnQ,user_bec1c0addf1a,True,1764979200,2,positif,0.9718,negatif,tanpa_emoji,positif,md
VzBLY3xgVnQ,user_de7ac7d95295,True,1767657600,0,positif,0.976,positif,positif,positif,md
VzBLY3xgVnQ,user_bec1c0addf1a,True,1767657600,1,negatif,0.9256,positif,tanpa_emoji,negatif,md
VzBLY3xgVnQ,user_cd5a24b86859,True,1767657600,0,netral,0.9248,negatif,tanpa_emoji,netral,md
VzBLY3xgVnQ,user_bec1c0addf1a,True,1767657600,0,netral,0.8339,netral,tanpa_emoji,netral,md
VzBLY3xgVnQ,user_bec1c0addf1a,True,1767657600,0,negatif,0.4823,netral,netral,negatif,md
VzBLY3xgVnQ,user_c99e2461aa12,False,1764979200,0,negatif,0.9784,netral,tanpa_emoji,negatif,md
VzBLY3xgVnQ,user_cd5a24b86859,True,1767657600,0,negatif,0.6382,netral,tanpa_emoji,negatif,md
VzBLY3xgVnQ,user_c42b0c2c1a29,False,1764979200,0,negatif,0.849,netral,tanpa_emoji,negatif,md
VzBLY3xgVnQ,user_ee5ec48933ea,False,1764979200,0,positif,0.371,positif,positif,positif,md
VzBLY3xgVnQ,user_63aa91d9d2ff,False,1764979200,0,netral,0.937,positif,tanpa_emoji,netral,md
VzBLY3xgVnQ,user_de99295e4bd4,False,1764979200,2,negatif,0.9977,negatif,tanpa_emoji,negatif,md
VzBLY3xgVnQ,user_51b2cc479477,True,1764979200,2,netral,0.6556,negatif,netral,netral,md
VzBLY3xgVnQ,user_83253be1a4b8,False,1764979200,0,netral,0.995,netral,tanpa_emoji,netral,md
VzBLY3xgVnQ,user_d71616ec3c72,False,1764979200,0,negatif,0.7973,netral,tanpa_emoji,negatif,md
VzBLY3xgVnQ,user_ef70e860efed,False,1764979200,0,netral,0.482,netral,netral,netral,md
VzBLY3xgVnQ,user_2122f121307d,False,1764979200,4,positif,0.7981,netral,tanpa_emoji,positif,md
VzBLY3xgVnQ,user_20b04fe05c08,False,1764979200,90,negatif,0.9795,netral,netral,negatif,md
VzBLY3xgVnQ,user_6a82a65e5a09,True,1764979200,25,negatif,0.9849,netral,tanpa_emoji,negatif,md
VzBLY3xgVnQ,user_208d89ba0895,True,1764979200,18,negatif,0.9931,netral,tanpa_emoji,negatif,md
VzBLY3xgVnQ,user_3a66a750c943,True,1764979200,14,negatif,0.9948,netral,tanpa_emoji,negatif,md
VzBLY3xgVnQ,user_1e4c99923d63,True,1764979200,10,negatif,0.9931,negatif,netral,negatif,md
VzBLY3xgVnQ,user_aea7b1adbdb6,True,1767657600,1,netral,0.5578,netral,tanpa_emoji,netral,md
VzBLY3xgVnQ,user_a5c4c0c006e8,True,1770336000,0,netral,0.9375,netral,tanpa_emoji,netral,md
VzBLY3xgVnQ,user_a6705c70b408,True,1778025600,0,negatif,0.8826,netral,tanpa_emoji,negatif,md
VzBLY3xgVnQ,user_4df1134fc0ef,True,1764979200,4,negatif,0.6717,positif,tanpa_emoji,negatif,md
VzBLY3xgVnQ,user_29ca87b6aedd,True,1764979200,3,negatif,0.9941,netral,tanpa_emoji,negatif,md
VzBLY3xgVnQ,user_1e4c99923d63,True,1764979200,0,negatif,0.9778,negatif,netral,negatif,md
VzBLY3xgVnQ,user_ed514c56c1a4,True,1764979200,2,negatif,0.9786,netral,tanpa_emoji,negatif,md
VzBLY3xgVnQ,user_39acbbf56916,True,1764979200,0,negatif,0.9952,netral,tanpa_emoji,negatif,md
VzBLY3xgVnQ,user_621cfe41d6f9,True,1764979200,0,negatif,0.9981,positif,tanpa_emoji,negatif,md
VzBLY3xgVnQ,user_4a70e735f565,True,1764979200,0,negatif,0.9958,positif,tanpa_emoji,negatif,md
VzBLY3xgVnQ,user_ad1e36e4a30a,False,1764979200,0,positif,0.9701,positif,positif,positif,md
VzBLY3xgVnQ,user_0bf8280e8152,False,1764979200,3,negatif,0.4939,netral,tanpa_emoji,negatif,md
VzBLY3xgVnQ,user_8117e370a75e,False,1764979200,0,negatif,0.7912,netral,tanpa_emoji,negatif,md
VzBLY3xgVnQ,user_31b5e998ad57,False,1764979200,1,negatif,0.9894,netral,tanpa_emoji,negatif,md
VzBLY3xgVnQ,user_83253be1a4b8,True,1764979200,0,negatif,0.9752,netral,tanpa_emoji,negatif,md
VzBLY3xgVnQ,user_83253be1a4b8,True,1764979200,0,negatif,0.7889,netral,tanpa_emoji,negatif,md
VzBLY3xgVnQ,user_51b2cc479477,True,1764979200,0,netral,0.8711,netral,tanpa_emoji,netral,md
VzBLY3xgVnQ,user_8ae50e21a857,False,1764979200,0,positif,0.7682,negatif,tanpa_emoji,positif,md
VzBLY3xgVnQ,user_72cdcdbbacb4,False,1764979200,1,negatif,0.9902,netral,tanpa_emoji,negatif,md
VzBLY3xgVnQ,user_2a6b8ab6027b,False,1764979200,0,negatif,0.9591,netral,tanpa_emoji,negatif,md
VzBLY3xgVnQ,user_c06d594c0baf,False,1764979200,2,netral,0.9735,netral,tanpa_emoji,netral,md
VzBLY3xgVnQ,user_b6069e182fc0,True,1764979200,0,negatif,0.8594,netral,tanpa_emoji,negatif,md
VzBLY3xgVnQ,user_7d064f33725e,True,1764979200,0,netral,0.8156,netral,tanpa_emoji,netral,md
VzBLY3xgVnQ,user_5e06dc2a4e4d,False,1764979200,0,negatif,0.9853,netral,netral,negatif,md
VzBLY3xgVnQ,user_38717503f8d9,False,1764979200,0,negatif,0.9968,netral,tanpa_emoji,negatif,md
VzBLY3xgVnQ,user_472f47b81a4c,False,1764979200,2,negatif,0.9849,positif,tanpa_emoji,negatif,md
VzBLY3xgVnQ,user_826efa49c95b,False,1764979200,0,negatif,0.9867,netral,tanpa_emoji,negatif,md
VzBLY3xgVnQ,user_9feb46385278,False,1764979200,2,positif,0.786,netral,tanpa_emoji,positif,md
VzBLY3xgVnQ,user_95fba826279c,False,1764979200,1,negatif,0.9987,positif,tanpa_emoji,negatif,md
VzBLY3xgVnQ,user_19f5fc8e62ba,False,1764979200,4,negatif,0.9582,netral,tanpa_emoji,negatif,md
VzBLY3xgVnQ,user_02db5dbf86e8,False,1764979200,64,negatif,0.9571,netral,tanpa_emoji,negatif,md
VzBLY3xgVnQ,user_0eccabe71a01,True,1764979200,2,netral,0.863,netral,netral,netral,md
VzBLY3xgVnQ,user_fef4e0ada861,True,1764979200,2,positif,0.767,positif,positif,positif,md
VzBLY3xgVnQ,user_1802bf8b743b,True,1764979200,2,negatif,0.9957,positif,netral,negatif,md
VzBLY3xgVnQ,user_e9891fd1d19e,True,1764979200,1,netral,0.9614,netral,tanpa_emoji,netral,md
VzBLY3xgVnQ,user_28c4db7b3022,False,1764979200,1,negatif,0.523,netral,netral,negatif,md
VzBLY3xgVnQ,user_56cbf18dff24,False,1764979200,3,positif,0.8334,positif,tanpa_emoji,positif,md
VzBLY3xgVnQ,user_86cfd2822e32,True,1764979200,0,positif,0.9855,positif,tanpa_emoji,positif,md
VzBLY3xgVnQ,user_6c5a4273b217,True,1767657600,0,negatif,0.8015,netral,tanpa_emoji,negatif,md
VzBLY3xgVnQ,user_fddfed1fc5e5,False,1764979200,0,negatif,0.6439,netral,tanpa_emoji,negatif,md
VzBLY3xgVnQ,user_d05201216e52,True,1764979200,0,netral,0.4998,netral,tanpa_emoji,netral,md
VzBLY3xgVnQ,user_f60d94bcca81,False,1764979200,6,netral,0.6356,netral,tanpa_emoji,netral,md
VzBLY3xgVnQ,user_b4d6c3006703,False,1764979200,0,negatif,0.9519,netral,tanpa_emoji,negatif,md
VzBLY3xgVnQ,user_8b24d7993856,False,1764979200,2,positif,0.9158,positif,tanpa_emoji,positif,md
VzBLY3xgVnQ,user_76a96f0f0f48,True,1764979200,1,netral,0.9809,netral,tanpa_emoji,netral,md
VzBLY3xgVnQ,user_b4bd7e512bb2,False,1764979200,0,negatif,0.8833,positif,tanpa_emoji,negatif,md
VzBLY3xgVnQ,user_51b2cc479477,True,1764979200,0,negatif,0.4611,netral,netral,negatif,md
VzBLY3xgVnQ,user_eaa15db4b11e,False,1764979200,0,positif,0.5201,netral,positif,positif,md
VzBLY3xgVnQ,user_884c2749e024,False,1764979200,0,positif,0.9289,positif,tanpa_emoji,positif,md
VzBLY3xgVnQ,user_f288fc97ee9e,False,1764979200,26,positif,0.9372,netral,tanpa_emoji,positif,md
VzBLY3xgVnQ,user_7ee637cd32b9,True,1764979200,2,netral,0.7692,netral,tanpa_emoji,netral,md
VzBLY3xgVnQ,user_1d1a1e636f77,False,1764979200,0,negatif,0.9927,negatif,tanpa_emoji,negatif,md
VzBLY3xgVnQ,user_cfc471a34fd4,False,1764979200,0,negatif,0.577,netral,tanpa_emoji,negatif,md
VzBLY3xgVnQ,user_adea868f991a,False,1764979200,0,negatif,0.6837,netral,tanpa_emoji,negatif,md
VzBLY3xgVnQ,user_d586e67422c3,False,1764979200,1,negatif,0.64,netral,netral,negatif,md
VzBLY3xgVnQ,user_d21a52ee4c0f,False,1764979200,0,positif,0.9731,positif,positif,positif,md
VzBLY3xgVnQ,user_831ed0dd2491,False,1764979200,1,negatif,0.9791,netral,tanpa_emoji,negatif,md
VzBLY3xgVnQ,user_bd151f0ff8ae,False,1764979200,0,positif,0.9914,positif,tanpa_emoji,positif,md
VzBLY3xgVnQ,user_239af3ed44e0,False,1764979200,0,negatif,0.9868,positif,positif,negatif,md
VzBLY3xgVnQ,user_6ea2ea1545cc,False,1764979200,1,negatif,0.9879,negatif,tanpa_emoji,negatif,md
VzBLY3xgVnQ,user_51b2cc479477,True,1764979200,1,negatif,0.9762,netral,netral,negatif,md
VzBLY3xgVnQ,user_6ea2ea1545cc,True,1764979200,1,negatif,0.8346,negatif,tanpa_emoji,negatif,md
VzBLY3xgVnQ,user_871c7d3bd789,False,1764979200,0,negatif,0.9861,netral,tanpa_emoji,negatif,md
VzBLY3xgVnQ,user_0294a1f31122,True,1764979200,0,netral,0.5702,netral,tanpa_emoji,netral,md
VzBLY3xgVnQ,user_871c7d3bd789,True,1764979200,0,netral,0.9832,netral,tanpa_emoji,netral,md
VzBLY3xgVnQ,user_0294a1f31122,True,1764979200,0,netral,0.9258,netral,tanpa_emoji,netral,md
VzBLY3xgVnQ,user_871c7d3bd789,True,1764979200,0,netral,0.9481,netral,tanpa_emoji,netral,md
VzBLY3xgVnQ,user_0294a1f31122,True,1764979200,0,netral,0.9586,netral,tanpa_emoji,netral,md
VzBLY3xgVnQ,user_a35d60eb4123,False,1764979200,46,positif,0.8442,netral,tanpa_emoji,positif,md
VzBLY3xgVnQ,user_a4c843183125,True,1764979200,0,negatif,0.9953,netral,tanpa_emoji,negatif,md
VzBLY3xgVnQ,user_a35d60eb4123,False,1764979200,5,negatif,0.9092,negatif,tanpa_emoji,negatif,md
VzBLY3xgVnQ,user_20b04fe05c08,True,1764979200,0,positif,0.4903,netral,tanpa_emoji,positif,md
VzBLY3xgVnQ,user_a35d60eb4123,True,1764979200,1,negatif,0.8945,negatif,tanpa_emoji,negatif,md
VzBLY3xgVnQ,user_3cc548443a12,False,1764979200,1,positif,0.6149,netral,tanpa_emoji,positif,md
VzBLY3xgVnQ,user_51b2cc479477,True,1764979200,1,negatif,0.9976,positif,netral,negatif,md
VzBLY3xgVnQ,user_001d24e9b098,True,1764979200,0,positif,0.983,netral,tanpa_emoji,positif,md
VzBLY3xgVnQ,user_25e13449cf1f,False,1764979200,3,negatif,0.9783,netral,tanpa_emoji,negatif,md
VzBLY3xgVnQ,user_6773eb3f6d77,False,1764979200,5,negatif,0.852,netral,tanpa_emoji,negatif,md
VzBLY3xgVnQ,user_d92bcbe8ea40,False,1764979200,24,positif,0.4969,netral,tanpa_emoji,positif,md
VzBLY3xgVnQ,user_eea9ee33d4da,False,1764979200,3,negatif,0.9956,positif,positif,negatif,md
VzBLY3xgVnQ,user_fede6b43440d,False,1764979200,0,netral,0.5814,positif,positif,positif,md
VzBLY3xgVnQ,user_b6a90280228a,False,1764979200,0,netral,0.9215,netral,tanpa_emoji,netral,md
VzBLY3xgVnQ,user_06d9136131ff,False,1764979200,7,positif,0.9912,negatif,tanpa_emoji,positif,md
dkbwPpPJCLo,user_6ec1528671bb,False,1789430400,0,positif,0.8396,netral,tanpa_emoji,positif,md
dkbwPpPJCLo,user_6ec1528671bb,False,1789430400,0,negatif,0.6215,netral,tanpa_emoji,negatif,md
dkbwPpPJCLo,user_6ec1528671bb,False,1788652800,0,negatif,0.6172,netral,tanpa_emoji,negatif,md
dkbwPpPJCLo,user_6ec1528671bb,False,1788652800,0,netral,0.4613,netral,tanpa_emoji,netral,md
dkbwPpPJCLo,user_6ec1528671bb,False,1788652800,0,positif,0.4282,netral,tanpa_emoji,positif,md
dkbwPpPJCLo,user_6ec1528671bb,False,1788652800,0,netral,0.7608,netral,tanpa_emoji,netral,md
dkbwPpPJCLo,user_6ec1528671bb,False,1788652800,0,negatif,0.4467,netral,tanpa_emoji,negatif,md
dkbwPpPJCLo,user_6ec1528671bb,False,1788652800,0,netral,0.6382,netral,tanpa_emoji,netral,md
dkbwPpPJCLo,user_6ec1528671bb,False,1788652800,0,negatif,0.7949,netral,tanpa_emoji,negatif,md
dkbwPpPJCLo,user_6ec1528671bb,False,1788652800,0,negatif,0.5965,netral,tanpa_emoji,negatif,md
dkbwPpPJCLo,user_6ec1528671bb,False,1788652800,0,negatif,0.4617,netral,tanpa_emoji,negatif,md
dkbwPpPJCLo,user_6ec1528671bb,False,1788652800,0,positif,0.5511,netral,tanpa_emoji,positif,md
dkbwPpPJCLo,user_0ac60088e483,False,1780704000,0,positif,0.9916,positif,tanpa_emoji,positif,md
dkbwPpPJCLo,user_4e1a0e4b0c8e,False,1775433600,1,positif,0.996,positif,positif,positif,md
dkbwPpPJCLo,user_f43be44e22d5,False,1772755200,0,negatif,0.7314,netral,tanpa_emoji,negatif,md
dkbwPpPJCLo,user_225ddb6cca52,False,1767657600,0,netral,0.4077,netral,netral,netral,md
dkbwPpPJCLo,user_1c4481fb57fa,False,1767657600,0,netral,0.9377,netral,tanpa_emoji,netral,md
dkbwPpPJCLo,user_33ef7e874c81,False,1762387200,0,negatif,0.7762,positif,positif,negatif,md
dkbwPpPJCLo,user_35435955b29d,False,1759708800,1,negatif,0.9972,positif,tanpa_emoji,negatif,md
dkbwPpPJCLo,user_35435955b29d,False,1759708800,0,negatif,0.997,netral,tanpa_emoji,negatif,md
dkbwPpPJCLo,user_35435955b29d,False,1759708800,0,negatif,0.9949,netral,tanpa_emoji,negatif,md
dkbwPpPJCLo,user_35435955b29d,False,1759708800,0,negatif,0.9965,netral,tanpa_emoji,negatif,md
dkbwPpPJCLo,user_e1c23a40046c,False,1759708800,0,positif,0.8271,positif,tanpa_emoji,positif,md
dkbwPpPJCLo,user_d7280dca5bd2,False,1759708800,0,negatif,0.7055,positif,tanpa_emoji,negatif,md
dkbwPpPJCLo,user_69fb83575953,False,1759708800,0,negatif,0.9979,negatif,netral,negatif,md
dkbwPpPJCLo,user_e06bf01fbce7,True,1770336000,0,positif,0.8177,netral,tanpa_emoji,positif,md
dkbwPpPJCLo,user_01b58181fa58,False,1759708800,0,positif,0.395,netral,tanpa_emoji,positif,md
dkbwPpPJCLo,user_0a2317698c8b,False,1759708800,1,negatif,0.757,netral,tanpa_emoji,negatif,md
dkbwPpPJCLo,user_0a2317698c8b,False,1759708800,0,positif,0.9897,positif,positif,positif,md
dkbwPpPJCLo,user_216835151ece,False,1759708800,1,negatif,0.9242,positif,positif,negatif,md
dkbwPpPJCLo,user_e8ec0e911148,False,1759708800,0,negatif,0.5832,netral,tanpa_emoji,negatif,md
dkbwPpPJCLo,user_3d69d9d4b80c,False,1759708800,1,netral,0.706,netral,tanpa_emoji,netral,md
dkbwPpPJCLo,user_8d0faab4c70a,False,1759708800,1,positif,0.8214,positif,positif,positif,md
dkbwPpPJCLo,user_847be30e6ad0,False,1759708800,0,negatif,0.9852,netral,tanpa_emoji,negatif,md
dkbwPpPJCLo,user_01a765d45deb,False,1759708800,0,netral,0.6865,netral,tanpa_emoji,netral,md
dkbwPpPJCLo,user_38b62b452848,False,1759708800,0,netral,0.8194,netral,tanpa_emoji,netral,md
dkbwPpPJCLo,user_38b62b452848,False,1759708800,0,netral,0.9889,netral,tanpa_emoji,netral,md
dkbwPpPJCLo,user_8caa167f5476,False,1759708800,1,negatif,0.5663,netral,tanpa_emoji,negatif,md
dkbwPpPJCLo,user_eaab6e02cb48,False,1759708800,1,negatif,0.8752,netral,tanpa_emoji,negatif,md
dkbwPpPJCLo,user_3377d88f4c63,True,1759708800,0,netral,0.7929,netral,tanpa_emoji,netral,md
dkbwPpPJCLo,user_d1fafba2d959,False,1759708800,0,netral,0.8397,netral,tanpa_emoji,netral,md
dkbwPpPJCLo,user_d1c79eca82e8,False,1728172800,0,negatif,0.8976,positif,netral,negatif,md
dkbwPpPJCLo,user_e38463dae0a3,False,1728172800,0,positif,0.4147,netral,tanpa_emoji,positif,md
dkbwPpPJCLo,user_2a1b5352b87a,False,1728172800,1,negatif,0.8804,negatif,tanpa_emoji,negatif,md
dkbwPpPJCLo,user_799e5d52a634,True,1728172800,0,negatif,0.8275,netral,tanpa_emoji,negatif,md
dkbwPpPJCLo,user_d4f74526a30a,False,1728172800,2,positif,0.9576,positif,tanpa_emoji,positif,md
dkbwPpPJCLo,user_59bef02e5701,False,1728172800,0,negatif,0.9589,netral,tanpa_emoji,negatif,md
dkbwPpPJCLo,user_e8daf5dbabcc,False,1728172800,0,positif,0.9875,positif,tanpa_emoji,positif,md
dkbwPpPJCLo,user_3b030edfb39b,False,1728172800,0,negatif,0.9774,negatif,tanpa_emoji,negatif,md
dkbwPpPJCLo,user_a68bf8801427,False,1728172800,1,negatif,0.6119,negatif,negatif,negatif,md
dkbwPpPJCLo,user_4ea7a3f16166,False,1728172800,0,negatif,0.7134,netral,netral,negatif,md
dkbwPpPJCLo,user_92a7ea7cf6f2,False,1728172800,0,negatif,0.8991,netral,netral,netral,md
dkbwPpPJCLo,user_c3dafdc20df5,False,1728172800,0,positif,0.6336,positif,positif,positif,md
dkbwPpPJCLo,user_006d64310e42,False,1728172800,0,positif,0.9869,positif,tanpa_emoji,positif,md
dkbwPpPJCLo,user_53d4592dc575,False,1728172800,1,negatif,0.8702,positif,tanpa_emoji,negatif,md
dkbwPpPJCLo,user_98cab4f1c803,False,1728172800,0,negatif,0.9888,positif,tanpa_emoji,negatif,md
dkbwPpPJCLo,user_e51b13b29052,False,1728172800,0,positif,0.9853,positif,tanpa_emoji,positif,md
dkbwPpPJCLo,user_e488d5b08ce4,False,1728172800,0,negatif,0.9541,positif,tanpa_emoji,negatif,md
dkbwPpPJCLo,user_58263dd36ca8,False,1728172800,0,positif,0.4768,netral,tanpa_emoji,positif,md
dkbwPpPJCLo,user_c56155349a0d,False,1728172800,0,netral,0.8618,netral,tanpa_emoji,netral,md
dkbwPpPJCLo,user_971098e0ed4e,False,1728172800,1,positif,0.7271,netral,tanpa_emoji,positif,md
dkbwPpPJCLo,user_f0f624425124,False,1728172800,0,negatif,0.7849,netral,tanpa_emoji,negatif,md
dkbwPpPJCLo,user_11cda136142a,False,1728172800,0,positif,0.9605,netral,tanpa_emoji,positif,md
dkbwPpPJCLo,user_2e108796f761,False,1728172800,1,negatif,0.8992,negatif,tanpa_emoji,negatif,md
dkbwPpPJCLo,user_5717a966e8c9,False,1728172800,1,negatif,0.9978,negatif,tanpa_emoji,negatif,md
dkbwPpPJCLo,user_7f385b2b1d0c,False,1728172800,0,negatif,0.9776,negatif,netral,negatif,md
dkbwPpPJCLo,user_0cd28972d337,False,1728172800,0,negatif,0.9937,netral,tanpa_emoji,negatif,md
dkbwPpPJCLo,user_0cd28972d337,False,1728172800,0,negatif,0.9937,netral,tanpa_emoji,negatif,md
dkbwPpPJCLo,user_fe974d048a64,False,1728172800,0,negatif,0.6196,netral,tanpa_emoji,negatif,md
dkbwPpPJCLo,user_fe974d048a64,False,1728172800,0,negatif,0.9782,netral,tanpa_emoji,negatif,md
dkbwPpPJCLo,user_133986eb3144,False,1728172800,1,netral,0.5739,netral,tanpa_emoji,netral,md
dkbwPpPJCLo,user_e3da98e9be47,False,1728172800,1,negatif,0.8727,netral,tanpa_emoji,negatif,md
dkbwPpPJCLo,user_ae93cf95c4a3,False,1728172800,2,negatif,0.8181,netral,tanpa_emoji,negatif,md
dkbwPpPJCLo,user_d303b969ceb8,False,1728172800,3,positif,0.8581,positif,tanpa_emoji,positif,md
dkbwPpPJCLo,user_2c2476de202b,False,1728172800,2,negatif,0.9399,positif,netral,negatif,md
dkbwPpPJCLo,user_848da8b3ac27,True,1759708800,0,negatif,0.9954,netral,tanpa_emoji,negatif,md
dkbwPpPJCLo,user_cb1f1cc20855,False,1728172800,2,negatif,0.9057,netral,netral,netral,md
dkbwPpPJCLo,user_a3560ca1f5e9,False,1728172800,2,negatif,0.9993,negatif,tanpa_emoji,negatif,md
dkbwPpPJCLo,user_3ff3cbfff6d9,False,1728172800,2,positif,0.7955,netral,tanpa_emoji,positif,md
dkbwPpPJCLo,user_5d3d8b249c30,False,1728172800,2,positif,0.5224,positif,netral,positif,md
dkbwPpPJCLo,user_b6c8b155f0a2,False,1728172800,2,negatif,0.5201,positif,tanpa_emoji,negatif,md
dkbwPpPJCLo,user_537a055e5da7,False,1728172800,2,negatif,0.8717,netral,tanpa_emoji,negatif,md
dkbwPpPJCLo,user_b4a969a981ba,False,1728172800,1,positif,0.9526,positif,tanpa_emoji,positif,md
dkbwPpPJCLo,user_6ff40d9a568d,False,1728172800,0,negatif,0.4499,negatif,tanpa_emoji,negatif,md
dkbwPpPJCLo,user_499360e86f9c,False,1728172800,0,negatif,0.6751,netral,tanpa_emoji,negatif,md
dkbwPpPJCLo,user_d7fc8e716b56,False,1728172800,0,negatif,0.9866,netral,netral,netral,md
dkbwPpPJCLo,user_ab21ed1cd945,False,1728172800,0,negatif,0.5719,positif,tanpa_emoji,negatif,md
dkbwPpPJCLo,user_14f49a44ace7,False,1728172800,0,negatif,0.8989,netral,tanpa_emoji,negatif,md
dkbwPpPJCLo,user_c79ea1f996e2,False,1728172800,0,positif,0.88,netral,tanpa_emoji,positif,md
dkbwPpPJCLo,user_d7821e397b52,False,1728172800,0,negatif,0.5349,netral,tanpa_emoji,negatif,md
dkbwPpPJCLo,user_4e18f4df4b70,False,1728172800,0,positif,0.9759,positif,positif,positif,md
dkbwPpPJCLo,user_790ddef6d6f1,False,1728172800,2,negatif,0.8969,negatif,netral,negatif,md
dkbwPpPJCLo,user_e2245374e527,True,1728172800,0,negatif,0.9545,negatif,tanpa_emoji,negatif,md
dkbwPpPJCLo,user_fb8b167ed82a,False,1728172800,0,positif,0.992,positif,tanpa_emoji,positif,md
dkbwPpPJCLo,user_c20399e37726,False,1728172800,2,positif,0.9098,positif,tanpa_emoji,positif,md
dkbwPpPJCLo,user_134696021c47,False,1728172800,0,negatif,0.9933,netral,netral,netral,md
dkbwPpPJCLo,user_d5e1e4b91534,False,1728172800,0,negatif,0.7846,positif,positif,positif,md
dkbwPpPJCLo,user_da3aa484799a,False,1728172800,0,negatif,0.9747,netral,tanpa_emoji,negatif,md
dkbwPpPJCLo,user_2a4d0b13dee6,False,1728172800,0,negatif,0.6232,netral,netral,negatif,md
dkbwPpPJCLo,user_432d2144c2ab,False,1728172800,0,negatif,0.9981,negatif,tanpa_emoji,negatif,md
dkbwPpPJCLo,user_3da620aed1a4,False,1728172800,2,negatif,0.9955,positif,tanpa_emoji,negatif,md
dkbwPpPJCLo,user_baa936ee2786,True,1728172800,1,positif,0.7488,netral,tanpa_emoji,positif,md
dkbwPpPJCLo,user_b3056164ba41,True,1728172800,0,netral,0.9238,netral,tanpa_emoji,netral,md
dkbwPpPJCLo,user_848da8b3ac27,True,1759708800,0,negatif,0.7641,positif,tanpa_emoji,negatif,md
dkbwPpPJCLo,user_2f95a83aeb20,False,1728172800,0,negatif,0.9386,positif,tanpa_emoji,negatif,md
dkbwPpPJCLo,user_257f3f276bc6,False,1728172800,0,negatif,0.9965,netral,tanpa_emoji,negatif,md
dkbwPpPJCLo,user_499a5dcc9951,False,1728172800,1,positif,0.9344,netral,tanpa_emoji,positif,md
dkbwPpPJCLo,user_da0ea2edd357,False,1728172800,0,positif,0.9877,netral,netral,positif,md
dkbwPpPJCLo,user_bce2acfce434,True,1728172800,0,negatif,0.7266,netral,tanpa_emoji,negatif,md
dkbwPpPJCLo,user_e2245374e527,True,1728172800,0,negatif,0.7278,netral,tanpa_emoji,negatif,md
dkbwPpPJCLo,user_886a0615434a,False,1728172800,0,negatif,0.543,netral,tanpa_emoji,negatif,md
dkbwPpPJCLo,user_eb9918db85af,False,1728172800,0,negatif,0.8324,positif,tanpa_emoji,negatif,md
dkbwPpPJCLo,user_428fc4134508,False,1728172800,0,positif,0.9869,positif,tanpa_emoji,positif,md
dkbwPpPJCLo,user_d773759a02b4,False,1728172800,0,netral,0.9591,netral,tanpa_emoji,netral,md
dkbwPpPJCLo,user_52d1c68b86ad,False,1728172800,1,netral,0.8883,netral,tanpa_emoji,netral,md
dkbwPpPJCLo,user_b8b5fbe922d9,False,1728172800,0,negatif,0.998,negatif,netral,negatif,md
dkbwPpPJCLo,user_6d136903b18b,False,1728172800,0,positif,0.9825,positif,tanpa_emoji,positif,md
dkbwPpPJCLo,user_311a0a84cbe1,False,1728172800,0,negatif,0.9604,netral,tanpa_emoji,negatif,md
dkbwPpPJCLo,user_ce61f8f8e147,False,1728172800,0,netral,0.3663,netral,tanpa_emoji,netral,md
dkbwPpPJCLo,user_6c09e2322fd1,False,1728172800,0,negatif,0.747,netral,tanpa_emoji,negatif,md
dkbwPpPJCLo,user_735c88958c42,False,1728172800,2,negatif,0.9688,netral,tanpa_emoji,negatif,md
dkbwPpPJCLo,user_a15433a1cf6a,False,1728172800,2,negatif,0.9987,netral,negatif,negatif,md
dkbwPpPJCLo,user_c7020bbb9b4d,False,1728172800,0,negatif,0.7885,netral,netral,negatif,md
dkbwPpPJCLo,user_80ad55e049a0,False,1728172800,0,negatif,0.9989,negatif,tanpa_emoji,negatif,md
dkbwPpPJCLo,user_78bc7ba0d6a5,False,1728172800,0,negatif,0.9245,positif,tanpa_emoji,negatif,md
dkbwPpPJCLo,user_f2897af5e189,False,1728172800,0,negatif,0.5832,netral,tanpa_emoji,negatif,md
dkbwPpPJCLo,user_82402467ccb9,False,1728172800,0,negatif,0.9865,negatif,netral,negatif,md
dkbwPpPJCLo,user_541d955b5b3e,False,1728172800,0,positif,0.9446,positif,positif,positif,md
dkbwPpPJCLo,user_50709bfac9c5,False,1728172800,0,negatif,0.9732,netral,tanpa_emoji,negatif,md
dkbwPpPJCLo,user_852ac19b77e3,False,1728172800,0,positif,0.9714,positif,positif,positif,md
dkbwPpPJCLo,user_c0b19c83abc6,False,1728172800,0,negatif,0.6039,netral,tanpa_emoji,negatif,md
dkbwPpPJCLo,user_6bd13cd44ddd,True,1728172800,0,negatif,0.9631,netral,tanpa_emoji,negatif,md
dkbwPpPJCLo,user_70a820ce4c36,False,1728172800,0,positif,0.6698,negatif,tanpa_emoji,positif,md
dkbwPpPJCLo,user_705dc1197212,False,1728172800,0,negatif,0.9115,netral,tanpa_emoji,negatif,md
dkbwPpPJCLo,user_4511f354808b,False,1728172800,1,negatif,0.6134,negatif,tanpa_emoji,negatif,md
dkbwPpPJCLo,user_96cd028444a5,False,1728172800,0,negatif,0.5183,positif,positif,positif,md
dkbwPpPJCLo,user_080b91597c74,False,1728172800,0,positif,0.9439,positif,tanpa_emoji,positif,md
dkbwPpPJCLo,user_be474694224c,False,1728172800,0,negatif,0.9447,netral,tanpa_emoji,negatif,md
dkbwPpPJCLo,user_fd50bcbfc811,False,1728172800,0,negatif,0.612,netral,tanpa_emoji,negatif,md
dkbwPpPJCLo,user_61dc874add73,True,1728172800,0,negatif,0.5979,netral,tanpa_emoji,negatif,md
dkbwPpPJCLo,user_e689c56d5cf9,False,1728172800,0,netral,0.8966,netral,tanpa_emoji,netral,md
dkbwPpPJCLo,user_06c043ae25f6,False,1728172800,0,positif,0.9948,positif,netral,positif,md
dkbwPpPJCLo,user_5b3c92992f8a,False,1728172800,0,negatif,0.6071,netral,tanpa_emoji,negatif,md
dkbwPpPJCLo,user_da8af77273a4,False,1728172800,1,positif,0.9964,positif,positif,positif,md
dkbwPpPJCLo,user_d8cd804797f5,False,1728172800,0,positif,0.8469,netral,netral,positif,md
dkbwPpPJCLo,user_d484ae81cbd5,False,1728172800,0,positif,0.9029,positif,tanpa_emoji,positif,md
dkbwPpPJCLo,user_56c78a601020,False,1728172800,1,positif,0.7704,positif,tanpa_emoji,positif,md
dkbwPpPJCLo,user_851c791cefb2,False,1728172800,0,negatif,0.9856,positif,positif,positif,md
dkbwPpPJCLo,user_ab99b7cb7566,False,1728172800,0,negatif,0.9985,negatif,tanpa_emoji,negatif,md
dkbwPpPJCLo,user_8b0b84ea35e4,False,1728172800,0,negatif,0.9117,netral,tanpa_emoji,negatif,md
dkbwPpPJCLo,user_1f635f254d50,False,1728172800,1,positif,0.9979,positif,tanpa_emoji,positif,md
dkbwPpPJCLo,user_1b7e1c9cf50f,False,1728172800,0,positif,0.6113,positif,tanpa_emoji,positif,md
dkbwPpPJCLo,user_de40fbfb0efc,False,1728172800,1,negatif,0.9662,positif,netral,negatif,md
dkbwPpPJCLo,user_63e38c7defe1,False,1728172800,0,negatif,0.67,netral,tanpa_emoji,negatif,md
dkbwPpPJCLo,user_63e38c7defe1,True,1728172800,0,netral,0.5413,netral,tanpa_emoji,netral,md
dkbwPpPJCLo,user_481ad13f8cfd,False,1728172800,0,negatif,0.9605,netral,netral,negatif,md
dkbwPpPJCLo,user_e28319a77fc1,False,1728172800,0,positif,0.9428,positif,tanpa_emoji,positif,md
dkbwPpPJCLo,user_c06c7c60f175,False,1728172800,0,netral,0.8557,negatif,tanpa_emoji,netral,md
dkbwPpPJCLo,user_3e028b5e1c72,False,1728172800,0,negatif,0.747,positif,tanpa_emoji,negatif,md
dkbwPpPJCLo,user_6e3d1c6e1bda,False,1728172800,0,negatif,0.8717,netral,tanpa_emoji,negatif,md
dkbwPpPJCLo,user_cdd3b9fe8241,False,1728172800,0,negatif,0.6702,netral,tanpa_emoji,negatif,md
dkbwPpPJCLo,user_4d74cc8d62ea,False,1728172800,0,positif,0.9745,positif,tanpa_emoji,positif,md
dkbwPpPJCLo,user_e7c4967d6b11,False,1728172800,0,negatif,0.9662,netral,tanpa_emoji,negatif,md
dkbwPpPJCLo,user_7afedb214a19,False,1728172800,1,positif,0.9953,positif,netral,positif,md
dkbwPpPJCLo,user_f41df060d787,False,1728172800,0,negatif,0.9775,positif,netral,negatif,md
dkbwPpPJCLo,user_68aa46bc4633,False,1728172800,0,negatif,0.9075,negatif,netral,negatif,md
dkbwPpPJCLo,user_c4801118c757,False,1728172800,1,netral,0.54,netral,tanpa_emoji,netral,md
dkbwPpPJCLo,user_71b4dd26a81c,False,1728172800,1,negatif,0.5064,netral,netral,negatif,md
dkbwPpPJCLo,user_89b78a121697,False,1728172800,1,netral,0.533,netral,tanpa_emoji,netral,md
dkbwPpPJCLo,user_f3ab76f75830,False,1728172800,1,negatif,0.9968,netral,netral,negatif,md
dkbwPpPJCLo,user_845f2a24b9a4,False,1728172800,1,negatif,0.6582,positif,netral,negatif,md
dkbwPpPJCLo,user_ec42b4acf019,False,1728172800,1,negatif,0.3714,netral,tanpa_emoji,negatif,md
dkbwPpPJCLo,user_fe2c7a580d66,False,1728172800,1,negatif,0.5727,netral,tanpa_emoji,negatif,md
dkbwPpPJCLo,user_c9f0d204e740,False,1728172800,1,negatif,0.9229,netral,tanpa_emoji,negatif,md
dkbwPpPJCLo,user_0f293f1232bf,False,1728172800,2,negatif,0.6819,netral,tanpa_emoji,negatif,md
dkbwPpPJCLo,user_3398123f7309,False,1728172800,1,negatif,0.6472,netral,tanpa_emoji,negatif,md
dkbwPpPJCLo,user_d6cf1b932c6d,True,1728172800,1,negatif,0.5259,netral,tanpa_emoji,negatif,md
dkbwPpPJCLo,user_b5fc2bec3683,False,1728172800,2,positif,0.9663,positif,tanpa_emoji,positif,md
dkbwPpPJCLo,user_6598feeaa664,False,1728172800,2,negatif,0.9972,negatif,tanpa_emoji,negatif,md
dkbwPpPJCLo,user_23ae199d2faa,True,1728172800,2,negatif,0.8487,netral,tanpa_emoji,negatif,md
dkbwPpPJCLo,user_23ae199d2faa,True,1728172800,2,positif,0.6614,netral,tanpa_emoji,positif,md
dkbwPpPJCLo,user_c3d3100d682c,False,1728172800,1,negatif,0.545,positif,tanpa_emoji,negatif,md
dkbwPpPJCLo,user_e2245374e527,True,1728172800,0,positif,0.4612,netral,tanpa_emoji,positif,md
dkbwPpPJCLo,user_53113f58b481,False,1728172800,1,negatif,0.9989,negatif,tanpa_emoji,negatif,md
dkbwPpPJCLo,user_e64dce0ee03e,False,1728172800,2,positif,0.9968,positif,positif,positif,md
dkbwPpPJCLo,user_78d44be333a1,False,1728172800,1,negatif,0.5588,positif,tanpa_emoji,negatif,md
dkbwPpPJCLo,user_79a99eb2b0cb,False,1728172800,1,netral,0.6517,netral,tanpa_emoji,netral,md
dkbwPpPJCLo,user_3052ed772e25,False,1728172800,1,negatif,0.753,positif,tanpa_emoji,negatif,md
dkbwPpPJCLo,user_c57a2aaaa0c4,False,1728172800,2,negatif,0.9968,netral,negatif,negatif,md
dkbwPpPJCLo,user_c2768c2c9448,False,1728172800,2,negatif,0.636,positif,tanpa_emoji,negatif,md
dkbwPpPJCLo,user_bee97ced5136,False,1728172800,2,negatif,0.9963,netral,netral,negatif,md
dkbwPpPJCLo,user_23ae199d2faa,True,1728172800,2,netral,0.9038,netral,tanpa_emoji,netral,md
dkbwPpPJCLo,user_bc6ba75ab9b9,False,1728172800,2,positif,0.9894,positif,tanpa_emoji,positif,md
dkbwPpPJCLo,user_0c9ebd58d3ca,False,1728172800,1,positif,0.9054,netral,tanpa_emoji,positif,md
dkbwPpPJCLo,user_7675e1535dfa,False,1728172800,2,negatif,0.682,positif,tanpa_emoji,negatif,md
dkbwPpPJCLo,user_0a3c9bf102b2,False,1728172800,6,negatif,0.9807,netral,tanpa_emoji,negatif,md
dkbwPpPJCLo,user_f41df060d787,True,1728172800,0,negatif,0.9822,positif,netral,negatif,md
dkbwPpPJCLo,user_ce284f29170f,False,1728172800,1,negatif,0.946,netral,tanpa_emoji,negatif,md
dkbwPpPJCLo,user_2bffd460c38d,True,1728172800,1,netral,0.946,netral,tanpa_emoji,netral,md
dkbwPpPJCLo,user_ce284f29170f,True,1728172800,1,negatif,0.9391,negatif,tanpa_emoji,negatif,md
dkbwPpPJCLo,user_35787c6db11f,False,1728172800,1,positif,0.7404,positif,tanpa_emoji,positif,md
dkbwPpPJCLo,user_7c97122285b8,False,1728172800,1,positif,0.7418,positif,tanpa_emoji,positif,md
dkbwPpPJCLo,user_ee965f8ebfdc,False,1728172800,1,netral,0.9262,netral,tanpa_emoji,netral,md
dkbwPpPJCLo,user_2050b4f4b734,False,1728172800,1,negatif,0.991,positif,tanpa_emoji,negatif,md
dkbwPpPJCLo,user_7173b474db8b,False,1728172800,1,positif,0.9874,positif,tanpa_emoji,positif,md
dkbwPpPJCLo,user_f0de0703dba7,False,1728172800,1,positif,0.9891,positif,positif,positif,md
dkbwPpPJCLo,user_a205c8384933,False,1728172800,1,negatif,0.8875,positif,tanpa_emoji,negatif,md
dkbwPpPJCLo,user_efe908ac3722,False,1728172800,1,netral,0.7822,netral,tanpa_emoji,netral,md
dkbwPpPJCLo,user_2bffd460c38d,True,1728172800,1,netral,0.8609,netral,tanpa_emoji,netral,md
dkbwPpPJCLo,user_5c0ad4631ed4,False,1728172800,1,positif,0.9953,netral,tanpa_emoji,positif,md
dkbwPpPJCLo,user_bb089283da48,False,1728172800,1,positif,0.852,positif,positif,positif,md
dkbwPpPJCLo,user_dc1382ba5de9,False,1728172800,2,negatif,0.8439,netral,tanpa_emoji,negatif,md
dkbwPpPJCLo,user_06ff951653d9,False,1728172800,1,negatif,0.9976,positif,netral,negatif,md
dkbwPpPJCLo,user_156cb1e1ab4e,False,1728172800,1,negatif,0.8392,netral,tanpa_emoji,negatif,md
dkbwPpPJCLo,user_2bffd460c38d,True,1728172800,1,negatif,0.9219,netral,tanpa_emoji,negatif,md
dkbwPpPJCLo,user_fe23e1f04980,False,1728172800,1,netral,0.7145,netral,tanpa_emoji,netral,md
dkbwPpPJCLo,user_68f4595f1a4d,False,1728172800,1,negatif,0.9985,negatif,netral,negatif,md
dkbwPpPJCLo,user_bb9483fdda10,False,1728172800,1,positif,0.9613,positif,tanpa_emoji,positif,md
dkbwPpPJCLo,user_e1b5a200ee79,False,1728172800,1,negatif,0.5435,positif,tanpa_emoji,negatif,md
dkbwPpPJCLo,user_72bc5092308e,False,1728172800,1,positif,0.9737,positif,positif,positif,md
dkbwPpPJCLo,user_695a228fd74d,False,1728172800,1,negatif,0.5732,negatif,netral,negatif,md
dkbwPpPJCLo,user_da5c28c01d8e,False,1728172800,1,positif,0.9034,positif,tanpa_emoji,positif,md
dkbwPpPJCLo,user_871a7353db19,False,1728172800,1,negatif,0.9962,netral,tanpa_emoji,negatif,md
dkbwPpPJCLo,user_1d21bf05e677,False,1728172800,1,positif,0.9982,positif,netral,positif,md
dkbwPpPJCLo,user_52b729ab3d72,False,1728172800,1,negatif,0.749,negatif,netral,negatif,md
dkbwPpPJCLo,user_782b23ad8aaf,False,1728172800,1,negatif,0.7933,netral,tanpa_emoji,negatif,md
dkbwPpPJCLo,user_bd44057112bf,False,1728172800,1,positif,0.9668,netral,tanpa_emoji,positif,md
dkbwPpPJCLo,user_35123c227a53,False,1728172800,1,negatif,0.9952,positif,tanpa_emoji,negatif,md
dkbwPpPJCLo,user_bac5438d62d2,False,1728172800,2,positif,0.6811,positif,tanpa_emoji,positif,md
dkbwPpPJCLo,user_596e7b51ec2b,False,1728172800,1,negatif,0.6094,netral,tanpa_emoji,negatif,md
dkbwPpPJCLo,user_bf6076da2317,False,1728172800,3,negatif,0.9002,positif,positif,negatif,md
dkbwPpPJCLo,user_1b01f134e06b,False,1728172800,1,netral,0.5962,netral,tanpa_emoji,netral,md
dkbwPpPJCLo,user_e06bf01fbce7,True,1728172800,1,negatif,0.7655,netral,tanpa_emoji,negatif,md
dkbwPpPJCLo,user_2bffd460c38d,True,1728172800,1,negatif,0.5741,netral,tanpa_emoji,negatif,md
dkbwPpPJCLo,user_4885a262d067,False,1728172800,1,negatif,0.9787,netral,tanpa_emoji,negatif,md
dkbwPpPJCLo,user_c93a6049d175,False,1728172800,1,positif,0.8739,negatif,tanpa_emoji,positif,md
dkbwPpPJCLo,user_a5c2ce5ae67d,False,1728172800,2,positif,0.9914,positif,tanpa_emoji,positif,md
dkbwPpPJCLo,user_702bf89a5675,False,1728172800,1,negatif,0.9739,netral,tanpa_emoji,negatif,md
dkbwPpPJCLo,user_e200d9880039,True,1728172800,0,positif,0.95,positif,tanpa_emoji,positif,md
dkbwPpPJCLo,user_b3fa25be9f97,True,1728172800,0,netral,0.5658,netral,tanpa_emoji,netral,md
dkbwPpPJCLo,user_f44a7e6a5901,False,1728172800,2,positif,0.6744,positif,tanpa_emoji,positif,md
dkbwPpPJCLo,user_dc1382ba5de9,True,1728172800,1,netral,0.8379,netral,tanpa_emoji,netral,md
dkbwPpPJCLo,user_8797da89be73,False,1728172800,1,netral,0.6991,netral,netral,netral,md
dkbwPpPJCLo,user_d80cb7883a43,False,1728172800,1,negatif,0.9857,negatif,tanpa_emoji,negatif,md
dkbwPpPJCLo,user_31605f28ea40,False,1728172800,1,positif,0.5782,positif,tanpa_emoji,positif,md
dkbwPpPJCLo,user_f90679449f06,False,1728172800,1,negatif,0.9703,netral,tanpa_emoji,negatif,md
dkbwPpPJCLo,user_43ec85d7a181,True,1728172800,2,netral,0.6291,netral,tanpa_emoji,netral,md
dkbwPpPJCLo,user_2bffd460c38d,True,1728172800,1,negatif,0.9979,netral,tanpa_emoji,negatif,md
dkbwPpPJCLo,user_171be1f4fab7,False,1728172800,1,negatif,0.9981,negatif,tanpa_emoji,negatif,md
dkbwPpPJCLo,user_2bffd460c38d,True,1728172800,1,negatif,0.9915,netral,tanpa_emoji,negatif,md
dkbwPpPJCLo,user_4041c018fe1a,False,1728172800,1,negatif,0.9968,netral,tanpa_emoji,negatif,md
dkbwPpPJCLo,user_4126cea4f8d8,False,1728172800,1,negatif,0.9895,netral,tanpa_emoji,negatif,md
dkbwPpPJCLo,user_12fd3b6b6297,False,1728172800,9,positif,0.9961,positif,tanpa_emoji,positif,md
dkbwPpPJCLo,user_fc1079e66243,False,1728172800,1,positif,0.5817,positif,tanpa_emoji,positif,md
dkbwPpPJCLo,user_86cc0e575775,False,1728172800,1,netral,0.9906,netral,tanpa_emoji,netral,md
dkbwPpPJCLo,user_9f89a082d13e,False,1728172800,1,negatif,0.5757,netral,tanpa_emoji,negatif,md
dkbwPpPJCLo,user_43ec85d7a181,True,1728172800,2,positif,0.6641,positif,tanpa_emoji,positif,md
dkbwPpPJCLo,user_fa9c58ec82f2,True,1728172800,1,negatif,0.9985,negatif,tanpa_emoji,negatif,md
dkbwPpPJCLo,user_549b863f4a23,False,1728172800,0,negatif,0.9637,netral,tanpa_emoji,negatif,md
dkbwPpPJCLo,user_863535654e5a,False,1728172800,1,positif,0.7655,positif,tanpa_emoji,positif,md
dkbwPpPJCLo,user_3800723335dd,False,1728172800,1,negatif,0.9993,negatif,tanpa_emoji,negatif,md
dkbwPpPJCLo,user_e420c19f986f,False,1728172800,2,negatif,0.5793,netral,netral,negatif,md
dkbwPpPJCLo,user_48c435fb328e,True,1728172800,1,negatif,0.6391,netral,tanpa_emoji,negatif,md
dkbwPpPJCLo,user_958294223bb8,True,1728172800,0,negatif,0.7404,netral,tanpa_emoji,negatif,md
dkbwPpPJCLo,user_216835151ece,True,1759708800,0,negatif,0.9438,netral,tanpa_emoji,negatif,md
dkbwPpPJCLo,user_d88173c5328b,False,1728172800,4,negatif,0.6828,positif,tanpa_emoji,negatif,md
dkbwPpPJCLo,user_6c2c7846c607,False,1728172800,6,positif,0.9846,netral,tanpa_emoji,positif,md
dkbwPpPJCLo,user_4d32222e1e6e,True,1728172800,1,netral,0.6352,netral,tanpa_emoji,netral,md
dkbwPpPJCLo,user_6c2c7846c607,True,1728172800,1,positif,0.831,positif,tanpa_emoji,positif,md
dkbwPpPJCLo,user_86b60104c8e0,True,1728172800,1,negatif,0.9577,negatif,tanpa_emoji,negatif,md
dkbwPpPJCLo,user_6c2c7846c607,True,1728172800,0,negatif,0.7669,positif,tanpa_emoji,negatif,md
dkbwPpPJCLo,user_cf8aae2dbcd0,False,1728172800,2,positif,0.9798,positif,positif,positif,md
dkbwPpPJCLo,user_996f77881040,False,1728172800,4,positif,0.8616,negatif,tanpa_emoji,positif,md
dkbwPpPJCLo,user_01c1ef1b5467,False,1728172800,1,netral,0.995,netral,tanpa_emoji,netral,md
dkbwPpPJCLo,user_c2a90adc8fcb,False,1728172800,1,positif,0.9786,positif,tanpa_emoji,positif,md
dkbwPpPJCLo,user_cde0da5e0f13,False,1728172800,0,negatif,0.8376,netral,netral,negatif,md
dkbwPpPJCLo,user_5d04c0652cc9,False,1728172800,0,negatif,0.7291,netral,tanpa_emoji,negatif,md
dkbwPpPJCLo,user_cd55316217d2,False,1728172800,2,positif,0.9976,positif,tanpa_emoji,positif,md
dkbwPpPJCLo,user_29addd2d1a4a,False,1728172800,2,positif,0.7495,netral,tanpa_emoji,positif,md
dkbwPpPJCLo,user_4b3ebd664efb,False,1728172800,2,negatif,0.5917,positif,positif,positif,md
dkbwPpPJCLo,user_460dfbaddb92,False,1728172800,3,negatif,0.9652,netral,netral,negatif,md
dkbwPpPJCLo,user_8bcdc62a2b4c,False,1728172800,14,positif,0.9446,positif,positif,positif,md
dkbwPpPJCLo,user_4c72f3edf3fa,False,1728172800,4,negatif,0.9948,netral,tanpa_emoji,negatif,md
dkbwPpPJCLo,user_216449b9a3df,False,1728172800,5,positif,0.9928,positif,tanpa_emoji,positif,md
dkbwPpPJCLo,user_4caf62585f5c,False,1728172800,0,negatif,0.9966,positif,tanpa_emoji,negatif,md
dkbwPpPJCLo,user_12fbf0fcb9d8,False,1728172800,1,positif,0.8291,positif,tanpa_emoji,positif,md
dkbwPpPJCLo,user_40f1ad7fb0c3,False,1728172800,1,negatif,0.5962,positif,tanpa_emoji,negatif,md
dkbwPpPJCLo,user_fd09316fe731,False,1728172800,2,negatif,0.7653,positif,tanpa_emoji,negatif,md
dkbwPpPJCLo,user_5c3f69867391,True,1728172800,1,negatif,0.9788,netral,tanpa_emoji,negatif,md
dkbwPpPJCLo,user_81870c1f8453,True,1728172800,1,negatif,0.9695,netral,netral,negatif,md
dkbwPpPJCLo,user_fd09316fe731,True,1728172800,1,netral,0.965,netral,tanpa_emoji,netral,md
dkbwPpPJCLo,user_02ba5c4db6c4,True,1728172800,1,netral,0.9938,netral,tanpa_emoji,netral,md
dkbwPpPJCLo,user_9717e2268932,False,1728172800,0,netral,0.4654,netral,netral,netral,md
dkbwPpPJCLo,user_5f9ca6b9e258,False,1728172800,3,positif,0.9203,negatif,tanpa_emoji,positif,md
dkbwPpPJCLo,user_8b40176cd1dd,True,1728172800,1,negatif,0.8559,netral,tanpa_emoji,negatif,md
dkbwPpPJCLo,user_928efce0f172,False,1728172800,1,positif,0.9947,positif,tanpa_emoji,positif,md
dkbwPpPJCLo,user_8bd3240bea11,False,1728172800,0,negatif,0.9402,netral,tanpa_emoji,negatif,md
dkbwPpPJCLo,user_1abadb63c0ed,False,1728172800,2,positif,0.9767,positif,tanpa_emoji,positif,md
dkbwPpPJCLo,user_8c94881bcdd8,False,1728172800,1,negatif,0.99,positif,netral,negatif,md
dkbwPpPJCLo,user_502245f06557,False,1728172800,0,negatif,0.9979,netral,tanpa_emoji,negatif,md
dkbwPpPJCLo,user_cf96cbbdadfa,False,1728172800,3,positif,0.9812,netral,netral,positif,md
dkbwPpPJCLo,user_d40f1ae55131,False,1728172800,1,negatif,0.9631,positif,tanpa_emoji,negatif,md
dkbwPpPJCLo,user_3cc90403c8f9,False,1728172800,1,positif,0.9054,netral,tanpa_emoji,positif,md
dkbwPpPJCLo,user_8b9fce5524b0,False,1728172800,0,negatif,0.7032,positif,netral,negatif,md
dkbwPpPJCLo,user_8b9fce5524b0,False,1728172800,0,negatif,0.7392,positif,netral,negatif,md
dkbwPpPJCLo,user_ec9db438679d,False,1728172800,0,negatif,0.9368,negatif,tanpa_emoji,negatif,md
dkbwPpPJCLo,user_a8c5caccefce,False,1728172800,1,negatif,0.5906,netral,tanpa_emoji,negatif,md
dkbwPpPJCLo,user_60e5dc8139bf,False,1728172800,1,negatif,0.9209,negatif,tanpa_emoji,negatif,md
dkbwPpPJCLo,user_2f98e47305bb,False,1728172800,1,negatif,0.9898,netral,netral,negatif,md
dkbwPpPJCLo,user_ac139290a38c,False,1728172800,3,positif,0.9179,positif,positif,positif,md
dkbwPpPJCLo,user_d74bb3c16bae,False,1728172800,0,negatif,0.9725,netral,tanpa_emoji,negatif,md
dkbwPpPJCLo,user_638e711768df,True,1728172800,0,negatif,0.9832,netral,tanpa_emoji,negatif,md
dkbwPpPJCLo,user_ca4cd6fa9ad9,True,1728172800,0,negatif,0.9132,netral,tanpa_emoji,negatif,md
dkbwPpPJCLo,user_743651b0cb3e,False,1728172800,0,negatif,0.7457,netral,tanpa_emoji,negatif,md
dkbwPpPJCLo,user_7bddfd724ed3,False,1728172800,1,negatif,0.9944,positif,positif,negatif,md
dkbwPpPJCLo,user_442eaafc97af,False,1728172800,1,negatif,0.8558,positif,positif,negatif,md
dkbwPpPJCLo,user_8421afeb2871,False,1728172800,1,negatif,0.999,negatif,tanpa_emoji,negatif,md
dkbwPpPJCLo,user_2cd75fa08281,False,1728172800,1,negatif,0.9706,netral,tanpa_emoji,negatif,md
dkbwPpPJCLo,user_12fd3b6b6297,False,1728172800,2,negatif,0.9698,positif,tanpa_emoji,negatif,md
dkbwPpPJCLo,user_0e52c25fe2aa,False,1728172800,1,negatif,0.9933,positif,positif,negatif,md
dkbwPpPJCLo,user_80bd0be4b4d4,False,1728172800,0,negatif,0.8933,negatif,tanpa_emoji,negatif,md
dkbwPpPJCLo,user_638e711768df,True,1728172800,0,negatif,0.967,netral,tanpa_emoji,negatif,md
dkbwPpPJCLo,user_9bebb1e247aa,False,1728172800,0,negatif,0.6628,netral,netral,negatif,md
dkbwPpPJCLo,user_8c94881bcdd8,False,1728172800,1,netral,0.7891,positif,positif,netral,md
dkbwPpPJCLo,user_9d2cb1cee88c,False,1728172800,3,negatif,0.9439,positif,positif,negatif,md
dkbwPpPJCLo,user_b89a11c6f428,False,1728172800,0,negatif,0.6298,netral,tanpa_emoji,negatif,md
dkbwPpPJCLo,user_412fd76a984b,True,1728172800,0,negatif,0.7386,netral,tanpa_emoji,negatif,md
dkbwPpPJCLo,user_638e711768df,False,1728172800,5,positif,0.4654,netral,tanpa_emoji,positif,md
dkbwPpPJCLo,user_a208311228ec,False,1728172800,0,negatif,0.986,netral,tanpa_emoji,negatif,md
dkbwPpPJCLo,user_412fd76a984b,True,1728172800,0,negatif,0.9156,netral,tanpa_emoji,negatif,md
dkbwPpPJCLo,user_e1a23f3f29ee,False,1728172800,2,positif,0.9972,positif,positif,positif,md
dkbwPpPJCLo,user_39d902ab8397,False,1728172800,1,negatif,0.9437,netral,tanpa_emoji,negatif,md
dkbwPpPJCLo,user_7031ff2c6569,False,1728172800,2,negatif,0.994,netral,tanpa_emoji,negatif,md
dkbwPpPJCLo,user_6e9613878e69,False,1728172800,0,negatif,0.9932,netral,tanpa_emoji,negatif,md
dkbwPpPJCLo,user_683d26e200c7,False,1728172800,0,negatif,0.7391,netral,tanpa_emoji,negatif,md
dkbwPpPJCLo,user_638e711768df,True,1728172800,0,netral,0.559,netral,tanpa_emoji,netral,md
dkbwPpPJCLo,user_06036524fff4,False,1728172800,0,negatif,0.8905,netral,tanpa_emoji,negatif,md
dkbwPpPJCLo,user_63d77cfa1c88,False,1728172800,3,positif,0.712,positif,netral,positif,md
dkbwPpPJCLo,user_412fd76a984b,True,1728172800,1,positif,0.5639,netral,tanpa_emoji,positif,md
dkbwPpPJCLo,user_4aafb4739550,False,1728172800,0,positif,0.6703,positif,positif,positif,md
dkbwPpPJCLo,user_c7e8281ccace,False,1728172800,1,negatif,0.998,negatif,tanpa_emoji,negatif,md
dkbwPpPJCLo,user_c730ed19d04f,False,1728172800,1,positif,0.935,positif,tanpa_emoji,positif,md
dkbwPpPJCLo,user_3e32b8cf946f,False,1728172800,1,positif,0.8295,positif,tanpa_emoji,positif,md
dkbwPpPJCLo,user_4e35d95735f8,False,1728172800,1,positif,0.9949,positif,tanpa_emoji,positif,md
dkbwPpPJCLo,user_2061bbc8c848,False,1728172800,0,positif,0.5439,netral,netral,positif,md
dkbwPpPJCLo,user_eaa6357dc489,False,1728172800,1,negatif,0.6961,netral,tanpa_emoji,negatif,md
dkbwPpPJCLo,user_d78d5263c63d,False,1728172800,1,negatif,0.5361,netral,tanpa_emoji,negatif,md
dkbwPpPJCLo,user_60d2561d43a1,False,1728172800,0,negatif,0.9516,netral,tanpa_emoji,negatif,md
dkbwPpPJCLo,user_802624d3eff5,False,1728172800,1,negatif,0.8531,positif,positif,negatif,md
dkbwPpPJCLo,user_5ce3b0d6106d,False,1728172800,1,positif,0.5017,netral,tanpa_emoji,positif,md
dkbwPpPJCLo,user_f34f6f0db096,True,1728172800,1,positif,0.9581,positif,tanpa_emoji,positif,md
dkbwPpPJCLo,user_5ce3b0d6106d,True,1728172800,1,netral,0.8391,netral,tanpa_emoji,netral,md
dkbwPpPJCLo,user_cb2d969b50ce,False,1728172800,1,negatif,0.4674,netral,netral,negatif,md
dkbwPpPJCLo,user_89687f1190e3,False,1728172800,1,negatif,0.5483,positif,tanpa_emoji,negatif,md
dkbwPpPJCLo,user_8de23d2f2774,False,1728172800,0,negatif,0.9889,positif,tanpa_emoji,negatif,md
dkbwPpPJCLo,user_30d721b3184f,False,1728172800,2,negatif,0.9636,positif,tanpa_emoji,negatif,md
dkbwPpPJCLo,user_e5838e2a2b8a,False,1728172800,0,negatif,0.9701,negatif,tanpa_emoji,negatif,md
dkbwPpPJCLo,user_1cc04d0a83e2,False,1728172800,0,negatif,0.9498,negatif,negatif,negatif,md
dkbwPpPJCLo,user_2563c18c1d36,True,1728172800,1,negatif,0.9757,netral,netral,negatif,md
dkbwPpPJCLo,user_02ba5c4db6c4,True,1728172800,1,netral,0.9831,netral,tanpa_emoji,netral,md
dkbwPpPJCLo,user_c166f945453a,False,1728172800,0,negatif,0.8877,netral,tanpa_emoji,negatif,md
dkbwPpPJCLo,user_5bf79e4a1363,True,1728172800,1,netral,0.9453,netral,tanpa_emoji,netral,md
dkbwPpPJCLo,user_c166f945453a,True,1728172800,1,netral,0.8907,netral,tanpa_emoji,netral,md
dkbwPpPJCLo,user_638e711768df,True,1728172800,1,negatif,0.9494,netral,tanpa_emoji,negatif,md
dkbwPpPJCLo,user_10b9d44504aa,True,1728172800,1,negatif,0.8182,netral,tanpa_emoji,negatif,md
dkbwPpPJCLo,user_f25a6b66127f,False,1728172800,0,negatif,0.9233,netral,tanpa_emoji,negatif,md
dkbwPpPJCLo,user_f25a6b66127f,False,1728172800,0,negatif,0.9233,netral,tanpa_emoji,negatif,md
dkbwPpPJCLo,user_48a8bdd8852b,False,1728172800,1,netral,0.5037,netral,tanpa_emoji,netral,md
dkbwPpPJCLo,user_b1fc19ccada8,False,1728172800,0,negatif,0.9964,netral,tanpa_emoji,negatif,md
dkbwPpPJCLo,user_07905e922e29,False,1728172800,0,positif,0.8529,netral,tanpa_emoji,positif,md
dkbwPpPJCLo,user_952d892bcb35,False,1728172800,1,negatif,0.9941,positif,netral,negatif,md
dkbwPpPJCLo,user_131afa7654eb,False,1728172800,0,positif,0.9892,positif,tanpa_emoji,positif,md
dkbwPpPJCLo,user_4c818cce350e,False,1728172800,0,negatif,0.9893,negatif,netral,negatif,md
dkbwPpPJCLo,user_638e711768df,True,1728172800,1,negatif,0.9183,netral,tanpa_emoji,negatif,md
dkbwPpPJCLo,user_15df925c374f,True,1728172800,1,positif,0.8795,netral,tanpa_emoji,positif,md
dkbwPpPJCLo,user_02ba5c4db6c4,True,1728172800,1,netral,0.9938,netral,tanpa_emoji,netral,md
dkbwPpPJCLo,user_3a9a11bf7874,True,1728172800,0,netral,0.8978,netral,tanpa_emoji,netral,md
dkbwPpPJCLo,user_4deec5ffdae7,True,1728172800,1,netral,0.9454,netral,tanpa_emoji,netral,md
dkbwPpPJCLo,user_4c818cce350e,True,1728172800,1,netral,0.8205,netral,tanpa_emoji,netral,md
dkbwPpPJCLo,user_3a9a11bf7874,True,1728172800,1,negatif,0.9861,netral,tanpa_emoji,negatif,md
dkbwPpPJCLo,user_4deec5ffdae7,True,1728172800,1,negatif,0.999,netral,tanpa_emoji,negatif,md
dkbwPpPJCLo,user_4deec5ffdae7,True,1728172800,1,negatif,0.9927,positif,tanpa_emoji,negatif,md
dkbwPpPJCLo,user_3a9a11bf7874,True,1728172800,1,negatif,0.9724,netral,tanpa_emoji,negatif,md
dkbwPpPJCLo,user_3a9a11bf7874,True,1728172800,1,negatif,0.971,netral,tanpa_emoji,negatif,md
dkbwPpPJCLo,user_4deec5ffdae7,True,1728172800,1,negatif,0.9954,negatif,tanpa_emoji,negatif,md
dkbwPpPJCLo,user_3a9a11bf7874,True,1728172800,3,negatif,0.8863,netral,tanpa_emoji,negatif,md
dkbwPpPJCLo,user_52cf2e372a31,True,1728172800,2,netral,0.6815,positif,tanpa_emoji,netral,md
dkbwPpPJCLo,user_4deec5ffdae7,True,1728172800,1,negatif,0.9391,netral,tanpa_emoji,negatif,md
dkbwPpPJCLo,user_3a9a11bf7874,True,1728172800,1,negatif,0.9302,negatif,netral,negatif,md
dkbwPpPJCLo,user_4deec5ffdae7,True,1728172800,1,negatif,0.9806,negatif,tanpa_emoji,negatif,md
dkbwPpPJCLo,user_3a9a11bf7874,True,1728172800,1,negatif,0.9287,netral,positif,negatif,md
dkbwPpPJCLo,user_4deec5ffdae7,True,1728172800,1,positif,0.5711,negatif,tanpa_emoji,positif,md
dkbwPpPJCLo,user_4deec5ffdae7,True,1728172800,1,negatif,0.8878,netral,tanpa_emoji,negatif,md
dkbwPpPJCLo,user_3a9a11bf7874,True,1728172800,1,negatif,0.9875,netral,positif,negatif,md
dkbwPpPJCLo,user_3a9a11bf7874,True,1728172800,1,negatif,0.8914,netral,netral,negatif,md
dkbwPpPJCLo,user_3a9a11bf7874,True,1728172800,1,negatif,0.8525,negatif,netral,negatif,md
dkbwPpPJCLo,user_4deec5ffdae7,True,1728172800,1,negatif,0.973,negatif,tanpa_emoji,negatif,md
dkbwPpPJCLo,user_3a9a11bf7874,True,1728172800,1,positif,0.9135,positif,positif,positif,md
dkbwPpPJCLo,user_4deec5ffdae7,True,1728172800,1,netral,0.9892,netral,netral,netral,md
dkbwPpPJCLo,user_4c818cce350e,True,1728172800,0,netral,0.98,netral,tanpa_emoji,netral,md
dkbwPpPJCLo,user_4deec5ffdae7,True,1728172800,1,negatif,0.9974,negatif,tanpa_emoji,negatif,md
dkbwPpPJCLo,user_4c818cce350e,True,1728172800,1,netral,0.9704,netral,tanpa_emoji,netral,md
dkbwPpPJCLo,user_f1e313c5c817,False,1728172800,0,negatif,0.6323,positif,tanpa_emoji,negatif,md
dkbwPpPJCLo,user_783d1b2d2a76,False,1728172800,0,negatif,0.6606,netral,tanpa_emoji,negatif,md
dkbwPpPJCLo,user_15df925c374f,True,1728172800,1,negatif,0.9413,netral,tanpa_emoji,negatif,md
dkbwPpPJCLo,user_00fc6b6be036,False,1728172800,0,negatif,0.9354,netral,netral,negatif,md
dkbwPpPJCLo,user_40af8a64e1d0,False,1728172800,0,negatif,0.9809,netral,netral,negatif,md
dkbwPpPJCLo,user_0a1cc78783b0,False,1728172800,0,netral,0.6471,netral,tanpa_emoji,netral,md
dkbwPpPJCLo,user_504554830bea,False,1728172800,1,negatif,0.9992,netral,tanpa_emoji,negatif,md
dkbwPpPJCLo,user_7dd3a75fda27,False,1728172800,76,positif,0.9955,netral,tanpa_emoji,positif,md
dkbwPpPJCLo,user_c47701e6373c,True,1728172800,3,positif,0.7669,netral,tanpa_emoji,positif,md
dkbwPpPJCLo,user_6ab93fb79ee3,True,1728172800,3,negatif,0.9376,positif,tanpa_emoji,negatif,md
dkbwPpPJCLo,user_342e3e97f508,True,1728172800,1,positif,0.8924,positif,positif,positif,md
dkbwPpPJCLo,user_6319ed0a57ba,True,1728172800,1,negatif,0.9764,netral,tanpa_emoji,negatif,md
dkbwPpPJCLo,user_6ab93fb79ee3,True,1728172800,2,positif,0.4474,netral,tanpa_emoji,positif,md
dkbwPpPJCLo,user_095a019686b4,False,1728172800,0,positif,0.9887,negatif,netral,positif,md
dkbwPpPJCLo,user_633a34518dd3,False,1728172800,0,negatif,0.9927,netral,netral,negatif,md
dkbwPpPJCLo,user_18be7c01f16b,False,1728172800,1,negatif,0.7537,netral,tanpa_emoji,negatif,md
dkbwPpPJCLo,user_ad8c85f6d0c5,False,1728172800,0,negatif,0.9736,netral,tanpa_emoji,negatif,md
dkbwPpPJCLo,user_de745c544c98,False,1728172800,0,negatif,0.9991,netral,netral,negatif,md
dkbwPpPJCLo,user_c3edf398b6d1,True,1728172800,1,negatif,0.9569,netral,tanpa_emoji,negatif,md
dkbwPpPJCLo,user_c3edf398b6d1,True,1728172800,1,negatif,0.9561,netral,tanpa_emoji,negatif,md
dkbwPpPJCLo,user_1a891d5dee30,True,1728172800,0,negatif,0.9831,netral,tanpa_emoji,negatif,md
dkbwPpPJCLo,user_a3849a9250d1,False,1728172800,0,negatif,0.6923,positif,tanpa_emoji,negatif,md
dkbwPpPJCLo,user_395685e38941,False,1728172800,0,negatif,0.9875,netral,tanpa_emoji,negatif,md
dkbwPpPJCLo,user_da5429066aa8,False,1728172800,0,negatif,0.7373,netral,tanpa_emoji,negatif,md
dkbwPpPJCLo,user_115861027271,False,1728172800,1,negatif,0.9306,netral,tanpa_emoji,negatif,md
dkbwPpPJCLo,user_9c4254d21403,False,1728172800,2,positif,0.9607,netral,tanpa_emoji,positif,md
dkbwPpPJCLo,user_3636d9711c6e,False,1728172800,0,negatif,0.8663,netral,netral,negatif,md
dkbwPpPJCLo,user_b37180b2e5b5,False,1728172800,0,positif,0.7625,positif,tanpa_emoji,positif,md
dkbwPpPJCLo,user_ee965f8ebfdc,False,1728172800,1,positif,0.9777,netral,tanpa_emoji,positif,md
dkbwPpPJCLo,user_869c927991be,False,1728172800,0,negatif,0.9956,netral,tanpa_emoji,negatif,md
dkbwPpPJCLo,user_f4b4ef95ff91,False,1728172800,2,positif,0.7622,netral,tanpa_emoji,positif,md
dkbwPpPJCLo,user_078cc34222fb,False,1728172800,0,negatif,0.9948,negatif,tanpa_emoji,negatif,md
dkbwPpPJCLo,user_1a891d5dee30,True,1728172800,0,negatif,0.9988,positif,netral,negatif,md
dkbwPpPJCLo,user_02ba5c4db6c4,True,1728172800,0,netral,0.9831,netral,tanpa_emoji,netral,md
dkbwPpPJCLo,user_576f79c13a52,False,1728172800,0,negatif,0.9115,netral,tanpa_emoji,negatif,md
dkbwPpPJCLo,user_1e377dcc99d5,False,1728172800,2,positif,0.9809,netral,netral,positif,md
dkbwPpPJCLo,user_dd04d8659ef5,False,1728172800,0,negatif,0.9988,negatif,tanpa_emoji,negatif,md
dkbwPpPJCLo,user_dc0726529164,False,1728172800,1,positif,0.6441,positif,positif,positif,md
dkbwPpPJCLo,user_e8e51d6cb5e7,False,1728172800,0,positif,0.9964,positif,tanpa_emoji,positif,md
dkbwPpPJCLo,user_4496620b979f,False,1728172800,0,negatif,0.9949,netral,tanpa_emoji,negatif,md
dkbwPpPJCLo,user_f141f32bcbaa,False,1728172800,0,positif,0.7423,netral,tanpa_emoji,positif,md
dkbwPpPJCLo,user_6769e899a434,False,1728172800,0,negatif,0.7737,netral,tanpa_emoji,negatif,md
dkbwPpPJCLo,user_9b18bfbf5a18,False,1728172800,0,negatif,0.744,netral,netral,negatif,md
dkbwPpPJCLo,user_441f1c36dab9,False,1728172800,0,positif,0.7382,netral,tanpa_emoji,positif,md
dkbwPpPJCLo,user_aa92d4b44fc0,False,1728172800,0,negatif,0.7981,positif,tanpa_emoji,negatif,md
dkbwPpPJCLo,user_fbdfb6e3f3ca,False,1728172800,1,negatif,0.9981,negatif,tanpa_emoji,negatif,md
dkbwPpPJCLo,user_2050898092b4,False,1728172800,0,negatif,0.4966,netral,tanpa_emoji,negatif,md
dkbwPpPJCLo,user_ec811bbdbd5a,False,1728172800,1,negatif,0.9866,netral,netral,negatif,md
dkbwPpPJCLo,user_b3e5c5cd87a5,False,1728172800,1,negatif,0.8318,netral,tanpa_emoji,negatif,md
dkbwPpPJCLo,user_e3c33ae18f6e,False,1728172800,1,positif,0.5717,positif,positif,positif,md
dkbwPpPJCLo,user_8379b0df1aa1,False,1728172800,0,negatif,0.9883,netral,tanpa_emoji,negatif,md
dkbwPpPJCLo,user_ccc0defa5f6f,False,1728172800,0,negatif,0.9895,positif,positif,negatif,md
dkbwPpPJCLo,user_b28c7bd49612,False,1728172800,2,negatif,0.5235,positif,positif,positif,md
dkbwPpPJCLo,user_8dfa5e1ada8e,False,1728172800,1,negatif,0.9883,netral,netral,negatif,md
dkbwPpPJCLo,user_ac139290a38c,False,1728172800,7,positif,0.7659,netral,tanpa_emoji,positif,md
dkbwPpPJCLo,user_16f973be1174,False,1728172800,0,netral,0.4299,positif,tanpa_emoji,netral,md
dkbwPpPJCLo,user_98804d647b13,False,1728172800,0,negatif,0.9625,netral,tanpa_emoji,negatif,md
dkbwPpPJCLo,user_5122f9b6e923,False,1728172800,0,positif,0.9787,positif,tanpa_emoji,positif,md
dkbwPpPJCLo,user_0e8dd118d05b,False,1728172800,0,negatif,0.9536,negatif,negatif,negatif,md
dkbwPpPJCLo,user_0d733bfabf1f,False,1728172800,0,negatif,0.9968,negatif,tanpa_emoji,negatif,md
dkbwPpPJCLo,user_08b18eda536a,False,1728172800,2,negatif,0.9741,netral,tanpa_emoji,negatif,md
dkbwPpPJCLo,user_7d0a69a98e4c,False,1728172800,1,negatif,0.9207,positif,tanpa_emoji,negatif,md
dkbwPpPJCLo,user_98bdad537fbf,False,1728172800,0,negatif,0.8412,netral,tanpa_emoji,negatif,md
dkbwPpPJCLo,user_277c80342ce9,False,1728172800,0,positif,0.911,netral,tanpa_emoji,positif,md
dkbwPpPJCLo,user_ede340de5efb,False,1728172800,0,negatif,0.9779,netral,tanpa_emoji,negatif,md
dkbwPpPJCLo,user_3d5c113235e0,False,1728172800,0,netral,0.7564,netral,netral,netral,md
dkbwPpPJCLo,user_73ab99ce6ace,False,1728172800,0,positif,0.8998,positif,positif,positif,md
dkbwPpPJCLo,user_5ff92d1e6ab8,False,1728172800,0,negatif,0.9527,netral,netral,negatif,md
dkbwPpPJCLo,user_f9a9f12eb8da,False,1728172800,1,positif,0.9186,positif,positif,positif,md
dkbwPpPJCLo,user_c34c85bc484b,False,1728172800,0,negatif,0.989,netral,tanpa_emoji,negatif,md
dkbwPpPJCLo,user_bba5bcd89a59,False,1728172800,0,positif,0.6136,netral,tanpa_emoji,positif,md
dkbwPpPJCLo,user_0b04e38bd366,False,1728172800,0,netral,0.7907,netral,tanpa_emoji,netral,md
dkbwPpPJCLo,user_c4ec6b7673ba,False,1728172800,0,positif,0.5147,netral,tanpa_emoji,positif,md
dkbwPpPJCLo,user_439d0a29c92e,False,1728172800,5,positif,0.8953,positif,tanpa_emoji,positif,md
dkbwPpPJCLo,user_ba79c3df31c1,False,1728172800,7,negatif,0.9129,netral,tanpa_emoji,negatif,md
dkbwPpPJCLo,user_ec5c6acf24f4,False,1728172800,0,negatif,0.9252,netral,tanpa_emoji,negatif,md
dkbwPpPJCLo,user_693cfe4eb629,False,1728172800,1,negatif,0.9391,netral,tanpa_emoji,negatif,md
dkbwPpPJCLo,user_693cfe4eb629,False,1728172800,1,negatif,0.9525,netral,tanpa_emoji,negatif,md
dkbwPpPJCLo,user_b22014b822e3,False,1728172800,0,negatif,0.9699,positif,positif,negatif,md
dkbwPpPJCLo,user_e0a1cea4009d,False,1728172800,2,positif,0.998,positif,tanpa_emoji,positif,md
dkbwPpPJCLo,user_753085dd57ba,False,1728172800,0,negatif,0.7096,netral,tanpa_emoji,negatif,md
dkbwPpPJCLo,user_423d4696e08a,False,1728172800,0,negatif,0.9544,negatif,tanpa_emoji,negatif,md
dkbwPpPJCLo,user_46e8a83f9a4e,False,1728172800,0,netral,0.9596,positif,positif,netral,md
dkbwPpPJCLo,user_6a120ae44eab,False,1728172800,1,negatif,0.9756,negatif,tanpa_emoji,negatif,md
dkbwPpPJCLo,user_ba79c3df31c1,False,1728172800,15,positif,0.9622,positif,tanpa_emoji,positif,md
dkbwPpPJCLo,user_7a59a1044eaa,False,1728172800,2,positif,0.9599,positif,tanpa_emoji,positif,md
dkbwPpPJCLo,user_66c6aa1908e3,False,1728172800,0,negatif,0.9896,positif,tanpa_emoji,negatif,md
dkbwPpPJCLo,user_126c197c000c,False,1728172800,0,netral,0.9769,netral,tanpa_emoji,netral,md
dkbwPpPJCLo,user_087e3dcba0d0,False,1728172800,2,positif,0.5146,netral,tanpa_emoji,positif,md
dkbwPpPJCLo,user_65ca4f45b846,False,1728172800,1,positif,0.9822,positif,tanpa_emoji,positif,md
dkbwPpPJCLo,user_b22b060bd9b6,False,1728172800,1,netral,0.9389,netral,tanpa_emoji,netral,md
dkbwPpPJCLo,user_979dffba3f5e,False,1728172800,1,netral,0.5476,netral,tanpa_emoji,netral,md
dkbwPpPJCLo,user_6512cdae8c64,False,1728172800,1,negatif,0.9948,netral,netral,negatif,md
dkbwPpPJCLo,user_5427b4f63e84,False,1728172800,1,positif,0.4885,positif,netral,positif,md
dkbwPpPJCLo,user_9b08bcd08e45,False,1728172800,1,netral,0.9774,netral,tanpa_emoji,netral,md
dkbwPpPJCLo,user_8ef86ee77b6e,False,1728172800,1,negatif,0.9632,positif,netral,negatif,md
dkbwPpPJCLo,user_61df9c7751f9,False,1728172800,1,positif,0.8937,positif,tanpa_emoji,positif,md
dkbwPpPJCLo,user_6238f17a9b5f,False,1728172800,3,positif,0.9897,positif,positif,positif,md
nsACtG92wd4,user_2c21206f5db0,False,1778025600,0,positif,0.965,positif,positif,positif,md
nsACtG92wd4,user_92864be7792b,False,1778025600,0,negatif,0.8829,positif,positif,positif,md
nsACtG92wd4,user_5fcdc949b804,False,1778025600,0,netral,0.9559,netral,tanpa_emoji,netral,md
nsACtG92wd4,user_7fbeee69e767,False,1775433600,0,positif,0.9851,positif,positif,positif,md
nsACtG92wd4,user_347b1bc32004,False,1775433600,0,netral,0.464,positif,positif,positif,md
nsACtG92wd4,user_4bf39aeb098f,False,1772755200,0,negatif,0.9013,negatif,negatif,negatif,md
nsACtG92wd4,user_6a1791020d98,False,1772755200,0,negatif,0.5073,netral,netral,negatif,md
nsACtG92wd4,user_14ff053bd622,False,1772755200,0,positif,0.9769,positif,positif,positif,md
nsACtG92wd4,user_78da91c6814a,False,1772755200,0,negatif,0.9889,netral,tanpa_emoji,negatif,md
nsACtG92wd4,user_24df6d1697b2,False,1772755200,0,negatif,0.9867,netral,netral,negatif,md
nsACtG92wd4,user_aef668999fce,False,1770336000,0,positif,0.995,positif,positif,positif,md
nsACtG92wd4,user_3780abd8fff1,False,1770336000,0,negatif,0.6958,positif,tanpa_emoji,negatif,md
nsACtG92wd4,user_417c4ceec468,False,1770336000,0,negatif,0.5761,netral,tanpa_emoji,negatif,md
nsACtG92wd4,user_2e2eebd33af4,False,1770336000,0,netral,0.8352,netral,tanpa_emoji,netral,md
nsACtG92wd4,user_09a08e01c30e,False,1770336000,0,netral,0.9632,netral,tanpa_emoji,netral,md
nsACtG92wd4,user_51bc9117c777,False,1767657600,0,negatif,0.8551,netral,tanpa_emoji,negatif,md
nsACtG92wd4,user_3c36c0faba88,False,1767657600,1,negatif,0.8746,netral,netral,negatif,md
nsACtG92wd4,user_7eaea1aaa8d0,False,1767657600,0,negatif,0.955,netral,tanpa_emoji,negatif,md
nsACtG92wd4,user_423d4696e08a,False,1767657600,0,netral,0.728,netral,netral,netral,md
nsACtG92wd4,user_d07f236c2809,False,1767657600,3,negatif,0.6182,positif,tanpa_emoji,negatif,md
nsACtG92wd4,user_2055aa71ae24,False,1767657600,0,netral,0.5401,netral,tanpa_emoji,netral,md
nsACtG92wd4,user_cc4a7d035d91,False,1767657600,0,negatif,0.6278,netral,tanpa_emoji,negatif,md
nsACtG92wd4,user_70f18f0b466a,False,1767657600,0,netral,0.9284,netral,tanpa_emoji,netral,md
nsACtG92wd4,user_2dd879c92851,False,1767657600,0,negatif,0.9864,netral,tanpa_emoji,negatif,md
nsACtG92wd4,user_54ca9446a5fd,False,1767657600,1,positif,0.9977,positif,tanpa_emoji,positif,md
nsACtG92wd4,user_3190eb0ac16c,False,1767657600,0,positif,0.9947,positif,positif,positif,md
nsACtG92wd4,user_3a8ee3ccc7f1,False,1767657600,0,netral,0.5708,netral,tanpa_emoji,netral,md
nsACtG92wd4,user_85e294f89c3a,False,1767657600,1,netral,0.9839,positif,positif,netral,md
nsACtG92wd4,user_85e294f89c3a,True,1767657600,0,positif,0.9507,positif,positif,positif,md
nsACtG92wd4,user_2fe052cf6a58,False,1767657600,0,negatif,0.9921,netral,tanpa_emoji,negatif,md
nsACtG92wd4,user_f3664ee41af7,False,1767657600,1,negatif,0.6412,netral,tanpa_emoji,negatif,md
nsACtG92wd4,user_f3664ee41af7,False,1767657600,0,netral,0.6629,netral,tanpa_emoji,netral,md
nsACtG92wd4,user_eb1ed929c3b5,True,1770336000,0,negatif,0.7062,netral,tanpa_emoji,negatif,md
nsACtG92wd4,user_6e1e0b3ee3a7,False,1767657600,0,negatif,0.5274,positif,positif,positif,md
nsACtG92wd4,user_28aed68445bd,False,1767657600,1,positif,0.933,netral,netral,positif,md
nsACtG92wd4,user_28aed68445bd,False,1767657600,1,netral,0.9189,netral,tanpa_emoji,netral,md
nsACtG92wd4,user_28aed68445bd,False,1767657600,1,netral,0.72,netral,tanpa_emoji,netral,md
nsACtG92wd4,user_28aed68445bd,False,1767657600,1,negatif,0.7299,netral,tanpa_emoji,negatif,md
nsACtG92wd4,user_c17087e1d764,False,1767657600,1,netral,0.4461,negatif,netral,netral,md
nsACtG92wd4,user_4912b422d7cf,False,1767657600,1,negatif,0.9841,negatif,netral,negatif,md
nsACtG92wd4,user_8378287c6b9d,False,1767657600,0,negatif,0.9419,positif,positif,negatif,md
nsACtG92wd4,user_3b9ce24b0a82,False,1767657600,0,positif,0.8832,netral,tanpa_emoji,positif,md
nsACtG92wd4,user_add366708719,False,1767657600,0,negatif,0.9978,netral,netral,negatif,md
nsACtG92wd4,user_242209df95ea,False,1767657600,1,positif,0.6809,netral,netral,positif,md
nsACtG92wd4,user_303999e3297a,False,1767657600,0,netral,0.7965,netral,tanpa_emoji,netral,md
nsACtG92wd4,user_8a527fdc8d92,False,1767657600,0,negatif,0.9266,netral,tanpa_emoji,negatif,md
nsACtG92wd4,user_40af8a64e1d0,False,1767657600,0,netral,0.9396,positif,positif,netral,md
nsACtG92wd4,user_a131a0ddd105,False,1767657600,1,negatif,0.9836,netral,netral,negatif,md
nsACtG92wd4,user_adc1c9100075,True,1767657600,1,negatif,0.9063,netral,tanpa_emoji,negatif,md
nsACtG92wd4,user_5e95e035fe56,False,1767657600,1,negatif,0.7231,netral,tanpa_emoji,negatif,md
nsACtG92wd4,user_27944f72b4df,False,1767657600,0,negatif,0.783,netral,tanpa_emoji,negatif,md
nsACtG92wd4,user_f288fc97ee9e,False,1767657600,2,netral,0.5974,netral,tanpa_emoji,netral,md
nsACtG92wd4,user_fef4e0ada861,False,1767657600,2,positif,0.5276,netral,tanpa_emoji,positif,md
nsACtG92wd4,user_dcc5b0735fad,True,1767657600,0,netral,0.6781,netral,tanpa_emoji,netral,md
nsACtG92wd4,user_367c1704fc5d,False,1767657600,1,negatif,0.8063,netral,tanpa_emoji,negatif,md
nsACtG92wd4,user_0408cbf87700,False,1767657600,0,positif,0.9271,netral,tanpa_emoji,positif,md
nsACtG92wd4,user_831ed0dd2491,False,1767657600,2,netral,0.8446,netral,tanpa_emoji,netral,md
nsACtG92wd4,user_b3ad6c506faf,False,1767657600,2,positif,0.9364,positif,tanpa_emoji,positif,md
nsACtG92wd4,user_2d9fa5810445,False,1767657600,1,netral,0.8306,netral,tanpa_emoji,netral,md
nsACtG92wd4,user_dcc5b0735fad,True,1767657600,0,negatif,0.7542,netral,tanpa_emoji,negatif,md
nsACtG92wd4,user_6c17d9e4eb5a,False,1767657600,0,negatif,0.9861,negatif,tanpa_emoji,negatif,md
nsACtG92wd4,user_d121e9387633,False,1767657600,3,negatif,0.8523,netral,netral,negatif,md
nsACtG92wd4,user_a5ea1018967f,False,1767657600,0,positif,0.6496,positif,positif,positif,md
nsACtG92wd4,user_7a16726d430d,False,1767657600,3,negatif,0.7199,netral,netral,negatif,md
nsACtG92wd4,user_4549ce9d6bdc,False,1767657600,1,negatif,0.693,netral,tanpa_emoji,negatif,md
nsACtG92wd4,user_37f00aabecbf,False,1767657600,0,negatif,0.7264,netral,tanpa_emoji,negatif,md
nsACtG92wd4,user_2d0dfd047e9a,False,1767657600,1,netral,0.9577,netral,tanpa_emoji,netral,md
nsACtG92wd4,user_dcc5b0735fad,True,1767657600,0,negatif,0.6969,netral,tanpa_emoji,negatif,md
nsACtG92wd4,user_2b0127493189,False,1767657600,0,netral,0.9128,netral,tanpa_emoji,netral,md
nsACtG92wd4,user_25c51ab60274,False,1767657600,1,negatif,0.9827,netral,tanpa_emoji,negatif,md
nsACtG92wd4,user_0d9aab5bac08,True,1767657600,1,negatif,0.8688,netral,tanpa_emoji,negatif,md
nsACtG92wd4,user_5e01224fe73a,False,1767657600,0,negatif,0.9662,netral,netral,negatif,md
nsACtG92wd4,user_c9ecb50d2376,True,1767657600,0,negatif,0.9524,netral,tanpa_emoji,negatif,md
nsACtG92wd4,user_9f22b778ee19,True,1767657600,1,netral,0.972,netral,netral,netral,md
nsACtG92wd4,user_c9ecb50d2376,True,1767657600,0,negatif,0.7953,netral,netral,negatif,md
nsACtG92wd4,user_9f22b778ee19,True,1767657600,1,netral,0.9636,netral,netral,netral,md
nsACtG92wd4,user_fd2d661421f4,False,1767657600,1,netral,0.9797,netral,tanpa_emoji,netral,md
nsACtG92wd4,user_454528c90c92,False,1767657600,0,negatif,0.7659,positif,tanpa_emoji,negatif,md
nsACtG92wd4,user_28e144b38305,False,1767657600,2,netral,0.6611,netral,tanpa_emoji,netral,md
nsACtG92wd4,user_e332a5e637d3,True,1772755200,0,netral,0.6191,netral,tanpa_emoji,netral,md
nsACtG92wd4,user_c246595b2556,False,1767657600,2,negatif,0.8544,netral,netral,negatif,md
nsACtG92wd4,user_9f22b778ee19,True,1767657600,1,positif,0.9685,netral,netral,positif,md
nsACtG92wd4,user_b0eeb384bb5e,False,1767657600,34,positif,0.561,positif,positif,positif,md
nsACtG92wd4,user_d67dda41bb95,False,1767657600,2,negatif,0.953,netral,tanpa_emoji,negatif,md
nsACtG92wd4,user_c9e1f2687fbd,False,1767657600,0,positif,0.724,netral,tanpa_emoji,positif,md
nsACtG92wd4,user_d0b2667ee7b8,False,1767657600,8,positif,0.953,positif,tanpa_emoji,positif,md
nsACtG92wd4,user_10e4ac165485,True,1767657600,0,negatif,0.9981,negatif,tanpa_emoji,negatif,md
nsACtG92wd4,user_e9f9bd5911bf,True,1767657600,2,netral,0.4132,netral,tanpa_emoji,netral,md
nsACtG92wd4,user_10e4ac165485,True,1767657600,0,negatif,0.9891,netral,tanpa_emoji,negatif,md
nsACtG92wd4,user_9f22b778ee19,True,1767657600,2,positif,0.9407,positif,positif,positif,md
nsACtG92wd4,user_e9f9bd5911bf,True,1767657600,0,netral,0.8933,netral,tanpa_emoji,netral,md
nsACtG92wd4,user_10e4ac165485,True,1767657600,0,negatif,0.9835,netral,tanpa_emoji,negatif,md
nsACtG92wd4,user_e9f9bd5911bf,True,1767657600,0,negatif,0.6616,netral,tanpa_emoji,negatif,md
nsACtG92wd4,user_61919afbe549,False,1767657600,1,negatif,0.6215,netral,tanpa_emoji,negatif,md
nsACtG92wd4,user_ec6b3ff24b86,False,1767657600,1,negatif,0.952,netral,tanpa_emoji,negatif,md
nsACtG92wd4,user_1d1a1e636f77,True,1767657600,1,netral,0.9132,netral,tanpa_emoji,netral,md
nsACtG92wd4,user_ed22c76db6a3,True,1767657600,0,negatif,0.538,netral,tanpa_emoji,negatif,md
nsACtG92wd4,user_6c70f97464b7,False,1767657600,0,netral,0.9944,netral,tanpa_emoji,netral,md
nsACtG92wd4,user_7bf51705e812,False,1767657600,3,negatif,0.7587,netral,tanpa_emoji,negatif,md
nsACtG92wd4,user_1d1a1e636f77,True,1767657600,3,netral,0.7309,netral,tanpa_emoji,netral,md
nsACtG92wd4,user_e6aa7e31b5a4,False,1767657600,0,negatif,0.3739,positif,positif,positif,md
nsACtG92wd4,user_c65bbbbd256a,False,1767657600,2,positif,0.7027,positif,tanpa_emoji,positif,md
nsACtG92wd4,user_77ee03a9c982,False,1767657600,1,negatif,0.737,positif,positif,negatif,md
nsACtG92wd4,user_080df472a5b6,False,1767657600,1,negatif,0.9587,netral,tanpa_emoji,negatif,md
nsACtG92wd4,user_ad1e36e4a30a,False,1767657600,26,netral,0.9632,positif,tanpa_emoji,netral,md
nsACtG92wd4,user_242209df95ea,True,1767657600,3,positif,0.8138,netral,tanpa_emoji,positif,md
nsACtG92wd4,user_a131a0ddd105,True,1767657600,3,positif,0.9367,netral,tanpa_emoji,positif,md
nsACtG92wd4,user_423d4696e08a,True,1767657600,0,negatif,0.5519,netral,tanpa_emoji,negatif,md
nsACtG92wd4,user_06c769508658,False,1767657600,1,positif,0.8549,netral,tanpa_emoji,positif,md
nsACtG92wd4,user_de7ac7d95295,False,1767657600,6,positif,0.8299,positif,positif,positif,md
nsACtG92wd4,user_dbca77829f50,False,1767657600,1,netral,0.9289,netral,tanpa_emoji,netral,md
nsACtG92wd4,user_bbebb8c5ca9b,False,1767657600,13,netral,0.9153,positif,positif,netral,md
nsACtG92wd4,user_a131a0ddd105,False,1767657600,2,negatif,0.7629,netral,tanpa_emoji,negatif,md
nsACtG92wd4,user_7afe0fb6736a,False,1767657600,162,netral,0.5736,netral,tanpa_emoji,netral,md
nsACtG92wd4,user_dcc5b0735fad,True,1767657600,2,netral,0.9888,netral,tanpa_emoji,netral,md
nsACtG92wd4,user_f85041a21752,True,1767657600,2,netral,0.9411,netral,tanpa_emoji,netral,md
nsACtG92wd4,user_10455e5fb386,True,1767657600,2,netral,0.6067,netral,tanpa_emoji,netral,md
nsACtG92wd4,user_dcc5b0735fad,True,1767657600,1,netral,0.7997,netral,tanpa_emoji,netral,md
nsACtG92wd4,user_10455e5fb386,True,1767657600,2,netral,0.9723,positif,positif,netral,md
nsACtG92wd4,user_dcc5b0735fad,True,1767657600,0,netral,0.9934,netral,tanpa_emoji,netral,md
nsACtG92wd4,user_423d4696e08a,True,1767657600,2,negatif,0.7263,netral,tanpa_emoji,negatif,md
nsACtG92wd4,user_dcc5b0735fad,True,1767657600,0,netral,0.9309,netral,tanpa_emoji,netral,md
nsACtG92wd4,user_fecb9aa6271a,True,1785974400,1,netral,0.6818,netral,tanpa_emoji,netral,md
nsACtG92wd4,user_4dc5879f888d,False,1767657600,17,positif,0.9505,positif,positif,positif,md
nsACtG92wd4,user_9d3658e9d519,False,1767657600,3,negatif,0.412,negatif,tanpa_emoji,negatif,md
nsACtG92wd4,user_65c1da5e6e5c,False,1767657600,4,negatif,0.9824,netral,tanpa_emoji,negatif,md
nsACtG92wd4,user_841f61ce83f4,False,1767657600,2,negatif,0.5828,netral,tanpa_emoji,negatif,md
nsACtG92wd4,user_28eafeb0022f,False,1767657600,14,positif,0.8305,netral,tanpa_emoji,positif,md
nsACtG92wd4,user_6073beb89c11,False,1767657600,2,positif,0.9952,positif,positif,positif,md
nsACtG92wd4,user_3377d88f4c63,False,1767657600,1,negatif,0.6218,positif,tanpa_emoji,negatif,md
nsACtG92wd4,user_e237dc9e61ef,False,1767657600,3,negatif,0.9914,netral,netral,negatif,md
nsACtG92wd4,user_3ff0a83bd389,False,1767657600,1,positif,0.7084,netral,tanpa_emoji,positif,md
nsACtG92wd4,user_03c08404afa3,False,1767657600,3,positif,0.6097,positif,positif,positif,md
nsACtG92wd4,user_07f9350eba63,False,1767657600,0,negatif,0.9868,netral,tanpa_emoji,negatif,md
nsACtG92wd4,user_8ffbb99d5c06,False,1767657600,9,positif,0.4779,netral,netral,positif,md
nsACtG92wd4,user_a711869d1991,True,1767657600,0,positif,0.9593,positif,netral,positif,md
nsACtG92wd4,user_10455e5fb386,True,1767657600,0,netral,0.9732,netral,tanpa_emoji,netral,md
nsACtG92wd4,user_eaa15db4b11e,False,1767657600,3,negatif,0.9958,negatif,netral,negatif,md
nsACtG92wd4,user_574c93bda09f,False,1767657600,2,positif,0.9801,positif,netral,positif,md
nsACtG92wd4,user_17937f97b5e6,False,1767657600,1,netral,0.9952,netral,tanpa_emoji,netral,md
nsACtG92wd4,user_a7aad154d73a,False,1767657600,66,positif,0.981,positif,positif,positif,md
nsACtG92wd4,user_1e1e710b8eed,False,1767657600,18,netral,0.5377,positif,positif,positif,md
nsACtG92wd4,user_fede6b43440d,False,1767657600,5,positif,0.723,positif,positif,positif,md
nsACtG92wd4,user_423d4696e08a,True,1767657600,0,netral,0.6432,netral,tanpa_emoji,netral,md
nsACtG92wd4,user_fede6b43440d,True,1767657600,0,netral,0.9868,netral,tanpa_emoji,netral,md
nsACtG92wd4,user_423d4696e08a,True,1767657600,0,netral,0.9909,netral,tanpa_emoji,netral,md
nsACtG92wd4,user_3cd0bb9cbfad,False,1767657600,1,negatif,0.9817,netral,tanpa_emoji,negatif,md
nsACtG92wd4,user_1bee41ef982a,False,1767657600,2,negatif,0.7611,netral,tanpa_emoji,negatif,md
oQKG8HMTscg,user_65c93474f79e,False,1759708800,0,positif,0.5124,netral,netral,positif,md
oQKG8HMTscg,user_2a7ccb0cde11,False,1759708800,0,negatif,0.9658,netral,tanpa_emoji,negatif,md
oQKG8HMTscg,user_7876e2019d10,False,1759708800,0,negatif,0.8469,netral,netral,negatif,md
oQKG8HMTscg,user_3ac668bd1ed0,False,1759708800,0,netral,0.3915,netral,tanpa_emoji,netral,md
oQKG8HMTscg,user_2e0ffea596e5,False,1759708800,0,positif,0.9759,positif,netral,positif,md
oQKG8HMTscg,user_0acb5ab3a4d3,False,1759708800,0,positif,0.9321,netral,tanpa_emoji,positif,md
oQKG8HMTscg,user_6c6da84c6430,False,1759708800,0,negatif,0.8373,netral,tanpa_emoji,negatif,md
oQKG8HMTscg,user_c69a803b1fd7,False,1759708800,0,netral,0.9084,netral,tanpa_emoji,netral,md
oQKG8HMTscg,user_af45984e167f,False,1759708800,0,negatif,0.6165,positif,tanpa_emoji,negatif,md
oQKG8HMTscg,user_8fb378bd6b5f,False,1759708800,0,negatif,0.9234,netral,tanpa_emoji,negatif,md
oQKG8HMTscg,user_8fb378bd6b5f,False,1759708800,0,negatif,0.9234,netral,tanpa_emoji,negatif,md
oQKG8HMTscg,user_fe244f4f1c48,False,1759708800,1,positif,0.5966,netral,tanpa_emoji,positif,md
oQKG8HMTscg,user_18fab7a66919,False,1759708800,0,negatif,0.9955,netral,tanpa_emoji,negatif,md
oQKG8HMTscg,user_2047319ebf88,False,1759708800,0,positif,0.931,positif,tanpa_emoji,positif,md
oQKG8HMTscg,user_d3194aafc394,False,1759708800,0,negatif,0.9949,netral,netral,negatif,md
oQKG8HMTscg,user_a36a564d6c9a,False,1759708800,0,negatif,0.99,positif,netral,negatif,md
oQKG8HMTscg,user_90064bdfd0a4,False,1759708800,0,positif,0.9822,positif,tanpa_emoji,positif,md
oQKG8HMTscg,user_42a32f3bb1a7,False,1759708800,0,netral,0.6076,positif,positif,netral,md
oQKG8HMTscg,user_09b2a1b2de13,False,1759708800,0,netral,0.7478,netral,netral,netral,md
oQKG8HMTscg,user_53f9c40d4d87,False,1759708800,0,negatif,0.9835,netral,tanpa_emoji,negatif,md
oQKG8HMTscg,user_80a52924db5f,False,1759708800,0,positif,0.9373,positif,positif,positif,md
oQKG8HMTscg,user_f92a9deca59e,False,1759708800,0,positif,0.7636,positif,positif,positif,md
oQKG8HMTscg,user_039798e44f96,False,1759708800,1,negatif,0.6774,netral,tanpa_emoji,negatif,md
oQKG8HMTscg,user_bb61185485cc,True,1759708800,0,negatif,0.834,netral,tanpa_emoji,negatif,md
oQKG8HMTscg,user_039798e44f96,False,1759708800,0,negatif,0.6578,netral,tanpa_emoji,negatif,md
oQKG8HMTscg,user_039798e44f96,False,1759708800,0,negatif,0.9582,netral,tanpa_emoji,negatif,md
oQKG8HMTscg,user_4265dd81f842,False,1759708800,0,negatif,0.9993,negatif,netral,negatif,md
oQKG8HMTscg,user_9b2e645a6a9a,False,1759708800,0,positif,0.9759,netral,tanpa_emoji,positif,md
oQKG8HMTscg,user_830415f57a36,False,1759708800,0,netral,0.8676,netral,tanpa_emoji,netral,md
oQKG8HMTscg,user_e488d5b08ce4,False,1759708800,1,negatif,0.9642,netral,tanpa_emoji,negatif,md
oQKG8HMTscg,user_d24b1bc2e055,False,1759708800,0,negatif,0.9828,positif,tanpa_emoji,negatif,md
oQKG8HMTscg,user_08cb77e2ce28,False,1759708800,0,negatif,0.6436,netral,netral,negatif,md
oQKG8HMTscg,user_7278a006d627,False,1759708800,0,netral,0.747,netral,tanpa_emoji,netral,md
oQKG8HMTscg,user_080b0833d560,False,1759708800,0,negatif,0.9977,negatif,tanpa_emoji,negatif,md
oQKG8HMTscg,user_9e7ddf9cde25,False,1759708800,0,positif,0.9361,negatif,positif,positif,md
oQKG8HMTscg,user_ad25e4c47187,True,1759708800,0,negatif,0.9621,netral,tanpa_emoji,negatif,md
oQKG8HMTscg,user_bc009502b874,False,1759708800,2,negatif,0.6606,netral,tanpa_emoji,negatif,md
oQKG8HMTscg,user_90f3d6b5a7d8,False,1759708800,0,negatif,0.9979,netral,netral,negatif,md
oQKG8HMTscg,user_26a4e5413d70,False,1759708800,0,negatif,0.9954,netral,tanpa_emoji,negatif,md
oQKG8HMTscg,user_ab3590bac237,False,1759708800,0,positif,0.994,positif,netral,positif,md
oQKG8HMTscg,user_3147e0c2d1da,False,1759708800,0,negatif,0.9748,netral,tanpa_emoji,negatif,md
oQKG8HMTscg,user_b0eeb384bb5e,False,1759708800,0,negatif,0.4859,positif,positif,positif,md
oQKG8HMTscg,user_893bdc808317,False,1728172800,0,negatif,0.7848,netral,tanpa_emoji,negatif,md
oQKG8HMTscg,user_b1e26182ecf5,False,1728172800,0,netral,0.9316,netral,tanpa_emoji,netral,md
oQKG8HMTscg,user_802dbdba6647,False,1728172800,1,positif,0.9976,positif,positif,positif,md
oQKG8HMTscg,user_49797561674e,False,1728172800,0,netral,0.7036,netral,tanpa_emoji,netral,md
oQKG8HMTscg,user_8d2e690f0e31,False,1728172800,0,positif,0.9932,positif,netral,positif,md
oQKG8HMTscg,user_3c1c5f2554e8,False,1728172800,0,positif,0.9967,netral,tanpa_emoji,positif,md
oQKG8HMTscg,user_d868f57781e0,False,1728172800,0,negatif,0.932,positif,tanpa_emoji,negatif,md
oQKG8HMTscg,user_c9f9ebe4d55e,True,1759708800,0,negatif,0.8374,netral,tanpa_emoji,negatif,md
oQKG8HMTscg,user_80be9048dcd5,False,1728172800,0,netral,0.9522,netral,tanpa_emoji,netral,md
oQKG8HMTscg,user_c901eee41922,False,1728172800,0,negatif,0.9611,netral,tanpa_emoji,negatif,md
oQKG8HMTscg,user_8694f391995f,False,1728172800,0,negatif,0.7074,positif,tanpa_emoji,negatif,md
oQKG8HMTscg,user_88fa457dc9ae,False,1728172800,0,netral,0.5505,netral,tanpa_emoji,netral,md
oQKG8HMTscg,user_3b67cc2da8e1,False,1728172800,0,negatif,0.7759,netral,netral,negatif,md
oQKG8HMTscg,user_929c380cfdf2,False,1728172800,1,negatif,0.9972,positif,tanpa_emoji,negatif,md
oQKG8HMTscg,user_ad25e4c47187,True,1759708800,0,negatif,0.9967,positif,tanpa_emoji,negatif,md
oQKG8HMTscg,user_277da01cd68d,False,1728172800,0,positif,0.956,positif,tanpa_emoji,positif,md
oQKG8HMTscg,user_20049075e64d,False,1728172800,0,positif,0.9794,netral,netral,positif,md
oQKG8HMTscg,user_6015a3e89bff,False,1728172800,0,positif,0.7795,positif,tanpa_emoji,positif,md
oQKG8HMTscg,user_df346126512c,False,1728172800,0,negatif,0.512,netral,tanpa_emoji,negatif,md
oQKG8HMTscg,user_82d1d5b00de0,False,1728172800,0,negatif,0.9987,netral,tanpa_emoji,negatif,md
oQKG8HMTscg,user_5cb9687c423b,False,1728172800,0,negatif,0.7172,netral,tanpa_emoji,negatif,md
oQKG8HMTscg,user_fe9391a6dc8d,False,1728172800,1,negatif,0.9919,positif,netral,negatif,md
oQKG8HMTscg,user_20543337c48d,False,1728172800,0,netral,0.5687,positif,positif,positif,md
oQKG8HMTscg,user_952ae7605cd5,False,1728172800,2,negatif,0.9951,negatif,tanpa_emoji,negatif,md
oQKG8HMTscg,user_750de608dab5,False,1728172800,4,positif,0.986,netral,netral,positif,md
oQKG8HMTscg,user_b5e370f4ef3a,False,1728172800,1,positif,0.9962,positif,tanpa_emoji,positif,md
oQKG8HMTscg,user_54926de9ab66,False,1728172800,4,negatif,0.9932,netral,tanpa_emoji,negatif,md
oQKG8HMTscg,user_b9f96337ed87,False,1728172800,3,negatif,0.9805,negatif,tanpa_emoji,negatif,md
oQKG8HMTscg,user_cbab1a113b03,True,1728172800,0,positif,0.9702,positif,positif,positif,md
oQKG8HMTscg,user_47f07008e973,False,1728172800,1,netral,0.6502,netral,tanpa_emoji,netral,md
oQKG8HMTscg,user_98eb6fb7cbeb,False,1728172800,1,positif,0.8022,positif,netral,positif,md
oQKG8HMTscg,user_cbab1a113b03,True,1728172800,0,negatif,0.9793,netral,netral,negatif,md
oQKG8HMTscg,user_d3a3a43c7432,False,1728172800,1,positif,0.733,netral,tanpa_emoji,positif,md
oQKG8HMTscg,user_ad62fe684494,False,1728172800,0,negatif,0.9832,netral,tanpa_emoji,negatif,md
oQKG8HMTscg,user_ba5910b81132,False,1728172800,0,negatif,0.8834,netral,netral,negatif,md
oQKG8HMTscg,user_2cd98321fe82,False,1728172800,0,negatif,0.9213,netral,tanpa_emoji,negatif,md
oQKG8HMTscg,user_7e10715ceb53,False,1728172800,0,positif,0.9822,positif,tanpa_emoji,positif,md
oQKG8HMTscg,user_c1ea0e50248c,False,1728172800,3,negatif,0.9992,negatif,tanpa_emoji,negatif,md
oQKG8HMTscg,user_d9c7f85bd984,False,1728172800,1,negatif,0.7848,netral,tanpa_emoji,negatif,md
oQKG8HMTscg,user_723458dd110c,False,1728172800,0,negatif,0.9876,positif,tanpa_emoji,negatif,md
oQKG8HMTscg,user_0e88c452ff23,False,1728172800,3,positif,0.9837,netral,tanpa_emoji,positif,md
oQKG8HMTscg,user_9d11c3b576ca,False,1728172800,7,negatif,0.6769,netral,tanpa_emoji,negatif,md
oQKG8HMTscg,user_c0a58ae79900,False,1728172800,0,negatif,0.7912,positif,tanpa_emoji,negatif,md
oQKG8HMTscg,user_08a7633b83f8,False,1728172800,0,negatif,0.9936,positif,tanpa_emoji,negatif,md
oQKG8HMTscg,user_2d335289a0dc,False,1728172800,11,positif,0.9936,positif,tanpa_emoji,positif,md
oQKG8HMTscg,user_a1de6c642883,False,1728172800,0,negatif,0.9968,positif,tanpa_emoji,negatif,md
oQKG8HMTscg,user_c11d5cdd5e1e,False,1728172800,1,positif,0.5223,netral,tanpa_emoji,positif,md
oQKG8HMTscg,user_c05cd9b58327,False,1728172800,1,positif,0.9965,positif,positif,positif,md
oQKG8HMTscg,user_6d29b845d5c8,False,1728172800,0,positif,0.5323,netral,tanpa_emoji,positif,md
oQKG8HMTscg,user_59e7b607d743,False,1728172800,0,negatif,0.9426,netral,netral,negatif,md
oQKG8HMTscg,user_8815add3563a,False,1728172800,2,positif,0.7721,netral,tanpa_emoji,positif,md
oQKG8HMTscg,user_6bbba5911b21,False,1728172800,0,positif,0.9126,positif,tanpa_emoji,positif,md
oQKG8HMTscg,user_ccacf22714c0,False,1728172800,0,negatif,0.8577,netral,tanpa_emoji,negatif,md
oQKG8HMTscg,user_39dcb9bc2c95,False,1728172800,0,positif,0.8456,netral,netral,positif,md
oQKG8HMTscg,user_1869992831fb,False,1728172800,0,negatif,0.8911,netral,tanpa_emoji,negatif,md
oQKG8HMTscg,user_7b137669a941,False,1728172800,0,negatif,0.9786,netral,netral,negatif,md
oQKG8HMTscg,user_93c4219f554b,True,1728172800,0,negatif,0.9385,netral,tanpa_emoji,negatif,md
oQKG8HMTscg,user_7b20e663b972,False,1728172800,0,negatif,0.9944,positif,tanpa_emoji,negatif,md
oQKG8HMTscg,user_4bc1129e90a7,False,1728172800,0,negatif,0.9566,netral,tanpa_emoji,negatif,md
oQKG8HMTscg,user_b1d54e18ee7a,False,1728172800,0,positif,0.716,positif,tanpa_emoji,positif,md
oQKG8HMTscg,user_ab10b2a2d395,False,1728172800,0,netral,0.6848,netral,tanpa_emoji,netral,md
oQKG8HMTscg,user_52d4d1397c0e,False,1728172800,0,negatif,0.9156,positif,netral,negatif,md
oQKG8HMTscg,user_9dfc4d8d9c39,False,1728172800,0,negatif,0.7176,positif,tanpa_emoji,negatif,md
oQKG8HMTscg,user_550178dd4f52,False,1728172800,0,negatif,0.5997,netral,tanpa_emoji,negatif,md
oQKG8HMTscg,user_ee39d1b1fff0,False,1728172800,0,negatif,0.929,netral,tanpa_emoji,negatif,md
oQKG8HMTscg,user_0ea207c68774,False,1728172800,0,negatif,0.9337,netral,tanpa_emoji,negatif,md
oQKG8HMTscg,user_d300912ca35e,False,1728172800,0,negatif,0.9939,netral,positif,negatif,md
oQKG8HMTscg,user_4837213e46a3,False,1728172800,1,negatif,0.7718,netral,tanpa_emoji,negatif,md
oQKG8HMTscg,user_b07c105fa3a7,False,1728172800,0,negatif,0.8095,netral,tanpa_emoji,negatif,md
oQKG8HMTscg,user_ba99c760c661,False,1728172800,0,netral,0.9443,netral,netral,netral,md
oQKG8HMTscg,user_4e859e40b62e,False,1728172800,0,positif,0.4712,positif,tanpa_emoji,positif,md
oQKG8HMTscg,user_0ffd149ba1bf,False,1728172800,0,negatif,0.9983,netral,tanpa_emoji,negatif,md
oQKG8HMTscg,user_277beeef659b,False,1728172800,0,negatif,0.6942,negatif,tanpa_emoji,negatif,md
oQKG8HMTscg,user_fac5b4be3ec5,False,1728172800,0,negatif,0.6986,positif,positif,negatif,md
oQKG8HMTscg,user_de89caa59e87,False,1728172800,0,negatif,0.616,negatif,tanpa_emoji,negatif,md
oQKG8HMTscg,user_37910319966e,False,1728172800,1,negatif,0.6419,netral,positif,negatif,md
oQKG8HMTscg,user_dd9a1b416d7a,False,1728172800,1,netral,0.6094,netral,tanpa_emoji,netral,md
oQKG8HMTscg,user_fd67f4b19b57,False,1728172800,2,positif,0.9968,positif,positif,positif,md
oQKG8HMTscg,user_d8b2db32afde,False,1728172800,1,netral,0.9248,netral,tanpa_emoji,netral,md
oQKG8HMTscg,user_a1b4954a6632,False,1728172800,1,positif,0.9937,positif,tanpa_emoji,positif,md
oQKG8HMTscg,user_02c243e1ab94,False,1728172800,1,positif,0.9031,positif,tanpa_emoji,positif,md
oQKG8HMTscg,user_54ca9446a5fd,False,1728172800,1,negatif,0.9989,positif,tanpa_emoji,negatif,md
oQKG8HMTscg,user_1d7cbf75a4e5,False,1728172800,2,negatif,0.4873,negatif,tanpa_emoji,negatif,md
oQKG8HMTscg,user_b54ac9e31064,False,1728172800,4,negatif,0.8883,positif,tanpa_emoji,negatif,md
oQKG8HMTscg,user_1c9d9dffd0a6,False,1728172800,2,negatif,0.7801,positif,tanpa_emoji,negatif,md
oQKG8HMTscg,user_b3a147538560,True,1728172800,1,negatif,0.9919,positif,tanpa_emoji,negatif,md
oQKG8HMTscg,user_1c9d9dffd0a6,True,1728172800,0,netral,0.5422,positif,tanpa_emoji,netral,md
oQKG8HMTscg,user_39dcb9bc2c95,True,1728172800,0,negatif,0.9684,negatif,tanpa_emoji,negatif,md
oQKG8HMTscg,user_39dcb9bc2c95,True,1728172800,0,negatif,0.5399,negatif,tanpa_emoji,negatif,md
oQKG8HMTscg,user_3353d3483cda,False,1728172800,1,negatif,0.9809,negatif,tanpa_emoji,negatif,md
oQKG8HMTscg,user_8935b7d7e37f,False,1728172800,1,negatif,0.9966,positif,tanpa_emoji,negatif,md
oQKG8HMTscg,user_6218e50af0ae,False,1728172800,1,negatif,0.9818,netral,tanpa_emoji,negatif,md
oQKG8HMTscg,user_3a0d5974ba54,False,1728172800,1,netral,0.5451,positif,positif,positif,md
oQKG8HMTscg,user_2daeaac9735c,False,1728172800,2,positif,0.9229,positif,netral,positif,md
oQKG8HMTscg,user_9804c9f36c30,False,1728172800,104,positif,0.638,positif,positif,positif,md
oQKG8HMTscg,user_b29fe22f9196,True,1728172800,7,negatif,0.9621,netral,tanpa_emoji,negatif,md
oQKG8HMTscg,user_d9d0bbb75f91,True,1728172800,3,netral,0.6481,netral,tanpa_emoji,netral,md
oQKG8HMTscg,user_7947653d9ab9,True,1728172800,0,netral,0.7958,netral,tanpa_emoji,netral,md
oQKG8HMTscg,user_fd7bf961bcc5,True,1759708800,0,negatif,0.4379,netral,tanpa_emoji,negatif,md
oQKG8HMTscg,user_5b2a268b5fe6,False,1728172800,1,negatif,0.9885,netral,netral,negatif,md
oQKG8HMTscg,user_8a78f0b76de8,False,1728172800,1,positif,0.9854,positif,tanpa_emoji,positif,md
oQKG8HMTscg,user_699a3ffa3261,False,1728172800,1,negatif,0.9954,netral,tanpa_emoji,negatif,md
oQKG8HMTscg,user_45df5c3681d2,False,1728172800,1,positif,0.991,netral,netral,positif,md
oQKG8HMTscg,user_a135c3429a65,False,1728172800,2,negatif,0.9889,positif,netral,negatif,md
oQKG8HMTscg,user_1294ceb608e6,True,1728172800,0,negatif,0.8272,netral,tanpa_emoji,negatif,md
oQKG8HMTscg,user_0e4ca194afd0,False,1728172800,1,negatif,0.9819,netral,tanpa_emoji,negatif,md
oQKG8HMTscg,user_59757fce5ca7,False,1728172800,5,netral,0.9532,negatif,tanpa_emoji,netral,md
oQKG8HMTscg,user_8ebc978b3705,False,1728172800,0,negatif,0.9626,netral,netral,negatif,md
oQKG8HMTscg,user_bdfbf0b2df5c,False,1728172800,1,positif,0.9946,positif,positif,positif,md
oQKG8HMTscg,user_70fcd867fc4c,False,1728172800,2,positif,0.7726,positif,netral,positif,md
oQKG8HMTscg,user_a20053a9ea2b,False,1728172800,1,negatif,0.8226,netral,tanpa_emoji,negatif,md
oQKG8HMTscg,user_6c8a8b6c283a,False,1728172800,1,negatif,0.9814,netral,tanpa_emoji,negatif,md
oQKG8HMTscg,user_5e5ff0602e57,False,1728172800,1,positif,0.9787,netral,netral,positif,md
oQKG8HMTscg,user_58186b6b4023,False,1728172800,1,negatif,0.9894,positif,tanpa_emoji,negatif,md
oQKG8HMTscg,user_db8eb7760021,False,1728172800,2,negatif,0.8829,negatif,tanpa_emoji,negatif,md
oQKG8HMTscg,user_b483b2322ecc,False,1728172800,2,positif,0.9938,positif,positif,positif,md
oQKG8HMTscg,user_39dcb9bc2c95,True,1728172800,0,negatif,0.9924,negatif,netral,negatif,md
oQKG8HMTscg,user_28ff532b7101,False,1728172800,0,negatif,0.9982,netral,netral,negatif,md
oQKG8HMTscg,user_4b6fb321d4d1,False,1728172800,0,negatif,0.9675,netral,tanpa_emoji,negatif,md
oQKG8HMTscg,user_b2ec0e0b6ed0,True,1728172800,0,negatif,0.8347,netral,tanpa_emoji,negatif,md
oQKG8HMTscg,user_4b6fb321d4d1,True,1728172800,0,negatif,0.6648,netral,tanpa_emoji,negatif,md
oQKG8HMTscg,user_b2ec0e0b6ed0,True,1728172800,0,netral,0.8481,netral,tanpa_emoji,netral,md
oQKG8HMTscg,user_ff9dc88be4ca,False,1728172800,0,positif,0.9262,netral,tanpa_emoji,positif,md
oQKG8HMTscg,user_b2b7030bdc1b,False,1728172800,0,netral,0.6129,netral,tanpa_emoji,netral,md
oQKG8HMTscg,user_a90c7311472c,False,1728172800,0,negatif,0.998,negatif,tanpa_emoji,negatif,md
oQKG8HMTscg,user_de0793a6833c,False,1728172800,3,netral,0.7218,netral,netral,netral,md
oQKG8HMTscg,user_a9afd7e485a7,False,1728172800,0,negatif,0.964,netral,tanpa_emoji,negatif,md
oQKG8HMTscg,user_2aa0e60a5b19,False,1728172800,0,netral,0.8982,netral,tanpa_emoji,netral,md
oQKG8HMTscg,user_6c9db900e94c,False,1728172800,0,positif,0.9082,positif,netral,positif,md
oQKG8HMTscg,user_85d68b13fef3,False,1728172800,0,positif,0.81,netral,tanpa_emoji,positif,md
oQKG8HMTscg,user_bc217853f19e,False,1728172800,0,negatif,0.8991,netral,netral,netral,md
oQKG8HMTscg,user_bc217853f19e,False,1728172800,0,negatif,0.8991,netral,netral,netral,md
oQKG8HMTscg,user_bc217853f19e,False,1728172800,0,negatif,0.8991,netral,netral,netral,md
oQKG8HMTscg,user_f3912dca550f,False,1728172800,0,negatif,0.8256,netral,tanpa_emoji,negatif,md
oQKG8HMTscg,user_bfac7fb037ba,False,1728172800,1,positif,0.9935,positif,positif,positif,md
oQKG8HMTscg,user_122674fd4e59,False,1728172800,1,negatif,0.9346,netral,tanpa_emoji,negatif,md
oQKG8HMTscg,user_f8fd7b60db30,False,1728172800,1,netral,0.595,netral,tanpa_emoji,netral,md
oQKG8HMTscg,user_3d31221d8649,False,1728172800,1,negatif,0.9762,netral,tanpa_emoji,negatif,md
oQKG8HMTscg,user_2e82de9fc5ad,False,1728172800,0,positif,0.8849,positif,tanpa_emoji,positif,md
oQKG8HMTscg,user_f8fd7b60db30,True,1728172800,0,negatif,0.816,netral,tanpa_emoji,negatif,md
oQKG8HMTscg,user_543f885544e4,False,1728172800,0,negatif,0.7337,positif,positif,negatif,md
oQKG8HMTscg,user_b9fc03d22ea1,False,1728172800,1,positif,0.9981,positif,positif,positif,md
oQKG8HMTscg,user_c41c1cc29476,False,1728172800,1,negatif,0.6868,netral,tanpa_emoji,negatif,md
oQKG8HMTscg,user_d7fb4181f2cf,False,1728172800,3,positif,0.9956,positif,positif,positif,md
oQKG8HMTscg,user_00816542dfe5,False,1728172800,1,negatif,0.865,netral,tanpa_emoji,negatif,md
oQKG8HMTscg,user_10b15584573b,False,1728172800,1,negatif,0.9539,netral,tanpa_emoji,negatif,md
oQKG8HMTscg,user_f43977bd4cee,False,1728172800,2,negatif,0.8582,positif,tanpa_emoji,negatif,md
oQKG8HMTscg,user_39dcb9bc2c95,True,1728172800,0,negatif,0.9986,netral,tanpa_emoji,negatif,md
oQKG8HMTscg,user_23f8a45d1bed,False,1728172800,0,positif,0.9336,positif,tanpa_emoji,positif,md
oQKG8HMTscg,user_0f43a85f1b32,False,1728172800,0,positif,0.851,positif,tanpa_emoji,positif,md
oQKG8HMTscg,user_51fbd24ce43d,False,1728172800,0,positif,0.9791,positif,positif,positif,md
oQKG8HMTscg,user_5139ee40b4fe,False,1728172800,0,negatif,0.8083,positif,positif,negatif,md
oQKG8HMTscg,user_1274ee8f52be,False,1728172800,0,netral,0.983,netral,tanpa_emoji,netral,md
oQKG8HMTscg,user_be288951f5f0,False,1728172800,0,negatif,0.519,netral,tanpa_emoji,negatif,md
oQKG8HMTscg,user_e882cbc99888,False,1728172800,0,positif,0.8819,negatif,tanpa_emoji,positif,md
oQKG8HMTscg,user_5a9c75afbb1f,False,1728172800,1,positif,0.5311,netral,tanpa_emoji,positif,md
oQKG8HMTscg,user_b3c28242a7d0,False,1728172800,2,negatif,0.9932,negatif,negatif,negatif,md
oQKG8HMTscg,user_39dcb9bc2c95,True,1728172800,0,negatif,0.9977,netral,tanpa_emoji,negatif,md
oQKG8HMTscg,user_cee5109c6474,False,1728172800,0,netral,0.948,netral,tanpa_emoji,netral,md
oQKG8HMTscg,user_db82dd4c5efd,False,1728172800,0,negatif,0.9776,netral,netral,negatif,md
oQKG8HMTscg,user_f99846ae7318,False,1728172800,0,negatif,0.9649,positif,tanpa_emoji,negatif,md
oQKG8HMTscg,user_77d152495cc8,False,1728172800,0,positif,0.9817,positif,tanpa_emoji,positif,md
oQKG8HMTscg,user_331f102b790c,False,1728172800,0,positif,0.9554,netral,netral,positif,md
oQKG8HMTscg,user_9a0c522cc106,False,1728172800,1,negatif,0.9244,netral,netral,negatif,md
oQKG8HMTscg,user_19d841a7a556,False,1728172800,0,negatif,0.983,netral,netral,negatif,md
oQKG8HMTscg,user_97572aa6b8e1,False,1728172800,0,negatif,0.9903,positif,tanpa_emoji,negatif,md
oQKG8HMTscg,user_7fddaeef3ca2,False,1728172800,1,netral,0.7304,netral,tanpa_emoji,netral,md
oQKG8HMTscg,user_48d5afbb85cc,False,1728172800,1,negatif,0.8761,positif,positif,negatif,md
oQKG8HMTscg,user_44dc2433dc57,False,1728172800,0,positif,0.9851,positif,tanpa_emoji,positif,md
oQKG8HMTscg,user_0fde2d525a70,False,1728172800,2,negatif,0.9916,netral,tanpa_emoji,negatif,md
oQKG8HMTscg,user_0740ea297d5e,True,1728172800,0,negatif,0.8228,netral,tanpa_emoji,negatif,md
oQKG8HMTscg,user_0740ea297d5e,True,1728172800,0,positif,0.9653,positif,tanpa_emoji,positif,md
oQKG8HMTscg,user_2fafdedd2050,False,1728172800,0,negatif,0.9978,netral,tanpa_emoji,negatif,md
oQKG8HMTscg,user_ad25e4c47187,True,1759708800,0,negatif,0.9781,netral,netral,negatif,md
oQKG8HMTscg,user_9d067ca0a2a3,False,1728172800,0,negatif,0.9071,negatif,tanpa_emoji,negatif,md
oQKG8HMTscg,user_60ce3723e093,False,1728172800,14,positif,0.9582,negatif,tanpa_emoji,positif,md
oQKG8HMTscg,user_03a5e5faac3a,False,1728172800,0,negatif,0.999,netral,tanpa_emoji,negatif,md
oQKG8HMTscg,user_683a5374bea6,False,1728172800,0,positif,0.964,positif,tanpa_emoji,positif,md
oQKG8HMTscg,user_06ccf8ad03e9,False,1728172800,4,positif,0.9163,positif,tanpa_emoji,positif,md
oQKG8HMTscg,user_6f2b9e20c39f,False,1728172800,3,negatif,0.6318,positif,tanpa_emoji,negatif,md
oQKG8HMTscg,user_f386d008be34,False,1728172800,1,negatif,0.9607,netral,netral,negatif,md
oQKG8HMTscg,user_a3667e55c1bc,False,1728172800,1,negatif,0.9503,positif,positif,negatif,md
oQKG8HMTscg,user_ba2c8f74d3c7,False,1728172800,1,negatif,0.9283,negatif,tanpa_emoji,negatif,md
oQKG8HMTscg,user_ae146bdca635,False,1728172800,2,negatif,0.9585,negatif,tanpa_emoji,negatif,md
oQKG8HMTscg,user_ce1eeec7bd0a,True,1728172800,0,negatif,0.9881,positif,netral,negatif,md
oQKG8HMTscg,user_ae146bdca635,True,1728172800,0,negatif,0.9883,netral,tanpa_emoji,negatif,md
oQKG8HMTscg,user_eea47aec8250,False,1728172800,2,negatif,0.9875,positif,tanpa_emoji,negatif,md
oQKG8HMTscg,user_2a2461f7e2d4,False,1728172800,1,positif,0.7341,positif,tanpa_emoji,positif,md
oQKG8HMTscg,user_814637849914,False,1728172800,6,netral,0.9549,positif,positif,netral,md
oQKG8HMTscg,user_3481b7c4daed,False,1728172800,104,positif,0.9914,positif,tanpa_emoji,positif,md
oQKG8HMTscg,user_90192f04df81,True,1728172800,6,positif,0.9893,positif,positif,positif,md
oQKG8HMTscg,user_9d554eab05b7,True,1728172800,0,positif,0.9534,netral,tanpa_emoji,positif,md
oQKG8HMTscg,user_c6bd9e7e564f,True,1728172800,0,negatif,0.7077,netral,tanpa_emoji,negatif,md
oQKG8HMTscg,user_3481b7c4daed,True,1728172800,0,negatif,0.7908,positif,tanpa_emoji,negatif,md
oQKG8HMTscg,user_b29fe22f9196,True,1728172800,0,negatif,0.7391,positif,positif,negatif,md
oQKG8HMTscg,user_3481b7c4daed,True,1728172800,0,negatif,0.9277,positif,netral,negatif,md
oQKG8HMTscg,user_55fe523f6789,True,1728172800,0,positif,0.728,netral,tanpa_emoji,positif,md
oQKG8HMTscg,user_47f07008e973,True,1728172800,0,negatif,0.8905,netral,tanpa_emoji,negatif,md
oQKG8HMTscg,user_3481b7c4daed,True,1728172800,0,negatif,0.9044,positif,tanpa_emoji,negatif,md
oQKG8HMTscg,user_39dcb9bc2c95,True,1728172800,1,positif,0.5299,negatif,netral,positif,md
oQKG8HMTscg,user_3481b7c4daed,True,1728172800,0,positif,0.9097,negatif,tanpa_emoji,positif,md
oQKG8HMTscg,user_bf9bb2b5e3d1,False,1728172800,1,negatif,0.9975,negatif,tanpa_emoji,negatif,md
oQKG8HMTscg,user_262c3c437bae,False,1728172800,1,negatif,0.911,netral,tanpa_emoji,negatif,md
oQKG8HMTscg,user_268c209f9637,False,1728172800,0,negatif,0.9941,negatif,tanpa_emoji,negatif,md
oQKG8HMTscg,user_7e4aa152ab67,False,1728172800,0,positif,0.8465,positif,positif,positif,md
oQKG8HMTscg,user_37d856a9eb16,False,1728172800,1,negatif,0.883,netral,tanpa_emoji,negatif,md
oQKG8HMTscg,user_b60a00aba33b,False,1728172800,1,negatif,0.8981,netral,tanpa_emoji,negatif,md
oQKG8HMTscg,user_509a868a0d42,False,1728172800,0,negatif,0.949,netral,tanpa_emoji,negatif,md
oQKG8HMTscg,user_39dcb9bc2c95,True,1728172800,0,netral,0.9764,netral,tanpa_emoji,netral,md
oQKG8HMTscg,user_b2ec0e0b6ed0,False,1728172800,0,positif,0.8529,positif,tanpa_emoji,positif,md
oQKG8HMTscg,user_c854410e45ef,False,1728172800,0,netral,0.6506,positif,positif,netral,md
oQKG8HMTscg,user_7b6b314f1816,False,1728172800,0,negatif,0.8723,netral,tanpa_emoji,negatif,md
oQKG8HMTscg,user_b9327e8bb7aa,False,1728172800,0,netral,0.5333,netral,tanpa_emoji,netral,md
oQKG8HMTscg,user_d264c7c70724,False,1728172800,0,negatif,0.9885,netral,tanpa_emoji,negatif,md
oQKG8HMTscg,user_818ec7a5e6c5,False,1728172800,0,negatif,0.9957,netral,tanpa_emoji,negatif,md
oQKG8HMTscg,user_6006cde07e55,False,1728172800,1,negatif,0.9948,netral,tanpa_emoji,negatif,md
oQKG8HMTscg,user_34c08e547065,False,1728172800,1,positif,0.9883,netral,tanpa_emoji,positif,md
oQKG8HMTscg,user_5b74d014dd10,False,1728172800,0,netral,0.8009,netral,tanpa_emoji,netral,md
oQKG8HMTscg,user_a20d6b8dc9a6,False,1728172800,0,negatif,0.5626,positif,positif,positif,md
oQKG8HMTscg,user_b45f3425cf0d,False,1728172800,0,positif,0.9789,positif,tanpa_emoji,positif,md
oQKG8HMTscg,user_83910631fd59,False,1728172800,0,negatif,0.8716,netral,tanpa_emoji,negatif,md
oQKG8HMTscg,user_28d75cde184e,False,1728172800,2,positif,0.504,positif,tanpa_emoji,positif,md
oQKG8HMTscg,user_39dcb9bc2c95,True,1728172800,0,negatif,0.9861,negatif,tanpa_emoji,negatif,md
oQKG8HMTscg,user_28d75cde184e,True,1728172800,0,netral,0.9065,netral,tanpa_emoji,netral,md
oQKG8HMTscg,user_b9b76db4256e,False,1728172800,5,positif,0.9894,netral,tanpa_emoji,positif,md
oQKG8HMTscg,user_3c13775ccf60,False,1728172800,1,negatif,0.7986,netral,tanpa_emoji,negatif,md
oQKG8HMTscg,user_f24c37921dfa,False,1728172800,0,negatif,0.8259,netral,tanpa_emoji,negatif,md
oQKG8HMTscg,user_89d5de902677,False,1728172800,0,positif,0.9357,positif,tanpa_emoji,positif,md
oQKG8HMTscg,user_d9edfb227551,False,1728172800,2,positif,0.9758,positif,tanpa_emoji,positif,md
oQKG8HMTscg,user_f8d80229e83c,False,1728172800,0,positif,0.9931,positif,tanpa_emoji,positif,md
oQKG8HMTscg,user_5058eecb6c4d,False,1728172800,1,negatif,0.9311,netral,tanpa_emoji,negatif,md
oQKG8HMTscg,user_a854b1fcea24,False,1728172800,2,netral,0.8903,netral,tanpa_emoji,netral,md
oQKG8HMTscg,user_c6392610bbe8,False,1728172800,1,negatif,0.4824,netral,tanpa_emoji,negatif,md
oQKG8HMTscg,user_6a2ef7fa09e0,False,1728172800,4,positif,0.9428,netral,tanpa_emoji,positif,md
oQKG8HMTscg,user_a101c6ba8907,False,1728172800,0,negatif,0.765,netral,tanpa_emoji,negatif,md
oQKG8HMTscg,user_9242e30cce29,False,1728172800,0,negatif,0.9981,negatif,netral,negatif,md
oQKG8HMTscg,user_82176fef3e2f,False,1728172800,0,netral,0.8985,netral,tanpa_emoji,netral,md
oQKG8HMTscg,user_146efa5cb042,False,1728172800,0,positif,0.9319,positif,tanpa_emoji,positif,md
oQKG8HMTscg,user_7204b3ce8456,False,1728172800,1,positif,0.533,netral,netral,positif,md
oQKG8HMTscg,user_39dcb9bc2c95,True,1728172800,0,negatif,0.9976,negatif,netral,negatif,md
oQKG8HMTscg,user_a087e7140b25,False,1728172800,2,positif,0.9183,positif,tanpa_emoji,positif,md
oQKG8HMTscg,user_ae93cf95c4a3,False,1728172800,0,positif,0.4206,netral,tanpa_emoji,positif,md
oQKG8HMTscg,user_5467bd59b796,False,1728172800,5,netral,0.63,netral,tanpa_emoji,netral,md
oQKG8HMTscg,user_fe5fbe206734,True,1728172800,0,negatif,0.9879,netral,netral,negatif,md
oQKG8HMTscg,user_5467bd59b796,True,1728172800,0,netral,0.4995,netral,tanpa_emoji,netral,md
oQKG8HMTscg,user_53c2de110f12,False,1728172800,1,positif,0.9325,netral,tanpa_emoji,positif,md
oQKG8HMTscg,user_2d396b8bf66f,True,1728172800,0,positif,0.6758,positif,netral,positif,md
oQKG8HMTscg,user_39dcb9bc2c95,True,1728172800,0,negatif,0.9464,netral,netral,negatif,md
oQKG8HMTscg,user_ccf2a47532a0,False,1728172800,1,positif,0.849,positif,tanpa_emoji,positif,md
oQKG8HMTscg,user_6dff5051f4d0,False,1728172800,0,netral,0.8528,netral,tanpa_emoji,netral,md
oQKG8HMTscg,user_f386d008be34,False,1728172800,0,negatif,0.8499,netral,tanpa_emoji,negatif,md
oQKG8HMTscg,user_8659dfa43e92,False,1728172800,0,negatif,0.9249,netral,tanpa_emoji,negatif,md
oQKG8HMTscg,user_d37bdfe5f26e,False,1728172800,0,negatif,0.919,positif,tanpa_emoji,negatif,md
oQKG8HMTscg,user_b23f498b9b2c,False,1728172800,0,netral,0.6851,netral,tanpa_emoji,netral,md
oQKG8HMTscg,user_16d163e4f84f,False,1728172800,0,positif,0.7064,netral,tanpa_emoji,positif,md
oQKG8HMTscg,user_49396ffe9b09,False,1728172800,1,negatif,0.6763,netral,netral,negatif,md
oQKG8HMTscg,user_016d65757a80,False,1728172800,0,negatif,0.9794,positif,tanpa_emoji,negatif,md
oQKG8HMTscg,user_d607b38a83bb,False,1728172800,2,negatif,0.5935,netral,tanpa_emoji,negatif,md
oQKG8HMTscg,user_9c52e4ffe7c0,False,1728172800,1,positif,0.9952,positif,positif,positif,md
oQKG8HMTscg,user_8cb6a5f78006,False,1728172800,129,negatif,0.9977,negatif,tanpa_emoji,negatif,md
oQKG8HMTscg,user_1635d42ad285,True,1728172800,11,negatif,0.9902,negatif,tanpa_emoji,negatif,md
oQKG8HMTscg,user_39dcb9bc2c95,True,1728172800,5,negatif,0.9903,netral,netral,negatif,md
oQKG8HMTscg,user_e2320d824d47,True,1728172800,9,negatif,0.9905,negatif,tanpa_emoji,negatif,md
oQKG8HMTscg,user_5e85d1b58e3b,True,1728172800,0,negatif,0.9962,negatif,netral,negatif,md
oQKG8HMTscg,user_039798e44f96,True,1759708800,1,negatif,0.9183,netral,tanpa_emoji,negatif,md
oQKG8HMTscg,user_a83b3562c5cf,True,1728172800,0,negatif,0.8258,netral,tanpa_emoji,negatif,md
oQKG8HMTscg,user_afeb4fa2ad41,True,1728172800,0,positif,0.6795,netral,tanpa_emoji,positif,md
oQKG8HMTscg,user_6de8b1802144,True,1759708800,0,negatif,0.9698,netral,netral,negatif,md
oQKG8HMTscg,user_fd4dcb411393,True,1759708800,0,negatif,0.8757,netral,tanpa_emoji,negatif,md
oQKG8HMTscg,user_a16e0f817e00,False,1728172800,0,negatif,0.9602,netral,tanpa_emoji,negatif,md
oQKG8HMTscg,user_166274a846e9,False,1728172800,2,negatif,0.6324,netral,tanpa_emoji,negatif,md
oQKG8HMTscg,user_71a58fc9a7cd,False,1728172800,58,positif,0.9971,positif,tanpa_emoji,positif,md
oQKG8HMTscg,user_a8afb3b2acf4,True,1728172800,4,positif,0.9676,positif,tanpa_emoji,positif,md
oQKG8HMTscg,user_039798e44f96,True,1759708800,1,negatif,0.9806,netral,netral,negatif,md
oQKG8HMTscg,user_ad25e4c47187,True,1759708800,0,netral,0.5906,netral,tanpa_emoji,netral,md
oQKG8HMTscg,user_0d46f6fda5d3,False,1728172800,0,netral,0.7093,netral,tanpa_emoji,netral,md
oQKG8HMTscg,user_00ec9339112f,True,1728172800,0,netral,0.3901,netral,tanpa_emoji,netral,md
oQKG8HMTscg,user_91059564b960,True,1728172800,0,negatif,0.9651,netral,tanpa_emoji,negatif,md
oQKG8HMTscg,user_2c62010c3967,False,1728172800,238,positif,0.8449,netral,tanpa_emoji,positif,md
oQKG8HMTscg,user_039798e44f96,True,1759708800,1,negatif,0.5804,netral,tanpa_emoji,negatif,md
oQKG8HMTscg,user_87f4f4ff3ea9,True,1759708800,1,negatif,0.7642,netral,tanpa_emoji,negatif,md
oQKG8HMTscg,user_382225962d5f,True,1759708800,1,netral,0.533,netral,tanpa_emoji,netral,md
oQKG8HMTscg,user_239af3ed44e0,False,1728172800,0,negatif,0.7892,netral,tanpa_emoji,negatif,md
oQKG8HMTscg,user_f31342f872b6,False,1728172800,0,negatif,0.9813,netral,tanpa_emoji,negatif,md
oQKG8HMTscg,user_ad3eef34d050,False,1728172800,0,positif,0.5282,netral,tanpa_emoji,positif,md
oQKG8HMTscg,user_780dda121b1c,False,1728172800,3,positif,0.9966,positif,tanpa_emoji,positif,md
oQKG8HMTscg,user_bf2480bf4381,False,1728172800,0,netral,0.5105,positif,positif,positif,md
oQKG8HMTscg,user_c3764b1b9cab,False,1728172800,0,netral,0.9533,netral,tanpa_emoji,netral,md
oQKG8HMTscg,user_5bf44fe65e48,False,1728172800,2,negatif,0.9983,netral,netral,negatif,md
oQKG8HMTscg,user_76b89f7921eb,False,1728172800,1,positif,0.995,positif,tanpa_emoji,positif,md
oQKG8HMTscg,user_424969f2a8cc,False,1728172800,1,positif,0.9169,netral,tanpa_emoji,positif,md
oQKG8HMTscg,user_c328571229ec,False,1728172800,0,negatif,0.996,positif,positif,negatif,md
oQKG8HMTscg,user_188e87145e93,False,1728172800,1,positif,0.992,positif,positif,positif,md
oQKG8HMTscg,user_d0b53931b1f4,False,1728172800,4,negatif,0.9153,netral,netral,negatif,md
oQKG8HMTscg,user_1a7aaf6b8dd9,False,1728172800,1,negatif,0.9732,negatif,tanpa_emoji,negatif,md
oQKG8HMTscg,user_2f0e6673f0af,False,1728172800,9,negatif,0.8737,netral,netral,negatif,md
oQKG8HMTscg,user_b2ec0e0b6ed0,True,1728172800,0,positif,0.8726,netral,tanpa_emoji,positif,md
oQKG8HMTscg,user_3353d3483cda,True,1728172800,0,negatif,0.6542,netral,tanpa_emoji,negatif,md
oQKG8HMTscg,user_c3987c45c3a6,False,1728172800,63,positif,0.9935,positif,tanpa_emoji,positif,md
oQKG8HMTscg,user_077ac208e16a,True,1728172800,5,negatif,0.7087,netral,netral,negatif,md
oQKG8HMTscg,user_5ad9ddbac0a2,True,1728172800,0,negatif,0.5227,netral,tanpa_emoji,negatif,md
oQKG8HMTscg,user_0740ea297d5e,False,1728172800,1,positif,0.9182,netral,tanpa_emoji,positif,md
oQKG8HMTscg,user_e2320d824d47,False,1728172800,3,positif,0.6591,netral,netral,positif,md
oQKG8HMTscg,user_1022635b8c74,True,1728172800,0,negatif,0.9943,negatif,tanpa_emoji,negatif,md
oQKG8HMTscg,user_e2320d824d47,True,1728172800,0,negatif,0.6648,netral,tanpa_emoji,negatif,md
oQKG8HMTscg,user_39dcb9bc2c95,True,1728172800,1,negatif,0.9883,positif,netral,negatif,md
oQKG8HMTscg,user_ad1e36e4a30a,False,1728172800,3,netral,0.5541,netral,netral,netral,md
oQKG8HMTscg,user_15c39332d249,True,1728172800,0,negatif,0.9881,netral,tanpa_emoji,negatif,md
oQKG8HMTscg,user_ad25e4c47187,True,1759708800,0,negatif,0.9909,netral,tanpa_emoji,negatif,md
oQKG8HMTscg,user_d93ac89ba2c1,False,1728172800,18,negatif,0.9978,netral,tanpa_emoji,negatif,md
oQKG8HMTscg,user_5972e24700ab,False,1728172800,8,negatif,0.998,netral,netral,negatif,md
oQKG8HMTscg,user_62200ab286e5,False,1728172800,0,positif,0.9461,positif,positif,positif,md
oQKG8HMTscg,user_c48438da75ee,False,1728172800,0,negatif,0.5386,positif,positif,positif,md
oQKG8HMTscg,user_f288fc97ee9e,False,1728172800,489,positif,0.9845,netral,tanpa_emoji,positif,md
oQKG8HMTscg,user_ffd27ebcff78,True,1728172800,26,negatif,0.9912,netral,tanpa_emoji,negatif,md
oQKG8HMTscg,user_7d74ffeffb03,True,1728172800,0,netral,0.9616,positif,positif,netral,md
oQKG8HMTscg,user_039798e44f96,True,1759708800,0,netral,0.6868,netral,tanpa_emoji,netral,md
oQKG8HMTscg,user_3041e2a61734,True,1728172800,13,negatif,0.9809,netral,netral,negatif,md
oQKG8HMTscg,user_e9d8d4112f4b,True,1728172800,6,negatif,0.9979,netral,tanpa_emoji,negatif,md
oQKG8HMTscg,user_e8d9000e4025,True,1728172800,2,negatif,0.5549,netral,tanpa_emoji,negatif,md
oQKG8HMTscg,user_17f30e4aed62,True,1728172800,0,netral,0.5624,netral,tanpa_emoji,netral,md
oQKG8HMTscg,user_de5f1c44afac,True,1728172800,0,negatif,0.7834,netral,tanpa_emoji,negatif,md
oQKG8HMTscg,user_893bdc808317,True,1728172800,3,negatif,0.9984,negatif,tanpa_emoji,negatif,md
oQKG8HMTscg,user_38d777c2958f,True,1728172800,1,negatif,0.9976,negatif,tanpa_emoji,negatif,md
oQKG8HMTscg,user_039798e44f96,True,1759708800,1,negatif,0.9819,netral,tanpa_emoji,negatif,md
oQKG8HMTscg,user_87f4f4ff3ea9,True,1759708800,1,negatif,0.9981,negatif,tanpa_emoji,negatif,md
oQKG8HMTscg,user_423d4696e08a,True,1728172800,0,negatif,0.9974,netral,tanpa_emoji,negatif,md
oQKG8HMTscg,user_319dad043d15,True,1728172800,0,negatif,0.9827,netral,tanpa_emoji,negatif,md
oQKG8HMTscg,user_541352634b79,False,1728172800,0,negatif,0.9974,netral,tanpa_emoji,negatif,md
oQKG8HMTscg,user_6999efbc799e,False,1728172800,0,negatif,0.8369,netral,tanpa_emoji,negatif,md
oQKG8HMTscg,user_5786dbc04f58,False,1728172800,1,negatif,0.7,netral,tanpa_emoji,negatif,md
oQKG8HMTscg,user_15c39332d249,True,1728172800,0,negatif,0.8226,netral,tanpa_emoji,negatif,md
oQKG8HMTscg,user_381654af65e5,False,1728172800,8,positif,0.9905,positif,tanpa_emoji,positif,md
oQKG8HMTscg,user_36e48ff60ec5,False,1728172800,0,positif,0.9878,positif,tanpa_emoji,positif,md
oQKG8HMTscg,user_6bb7efae984b,False,1728172800,0,negatif,0.9004,netral,netral,negatif,md
oQKG8HMTscg,user_50de3231e4f5,False,1728172800,0,positif,0.9662,positif,tanpa_emoji,positif,md
oQKG8HMTscg,user_b3817ac0077c,False,1728172800,1,netral,0.6782,netral,netral,netral,md
oQKG8HMTscg,user_f5ff72ce6c0c,False,1728172800,12,positif,0.6677,positif,tanpa_emoji,positif,md
oQKG8HMTscg,user_39dcb9bc2c95,True,1728172800,1,negatif,0.7914,netral,netral,negatif,md
oQKG8HMTscg,user_5fb039c19499,True,1728172800,0,negatif,0.9827,netral,tanpa_emoji,negatif,md
oQKG8HMTscg,user_979f8f1c6b79,False,1728172800,1,positif,0.9757,positif,positif,positif,md
oQKG8HMTscg,user_02ba5c4db6c4,False,1728172800,1,netral,0.9831,netral,tanpa_emoji,netral,md
oQKG8HMTscg,user_699a3ffa3261,False,1728172800,149,positif,0.9672,positif,tanpa_emoji,positif,md
oQKG8HMTscg,user_24de06449558,True,1728172800,1,negatif,0.993,netral,tanpa_emoji,negatif,md
oQKG8HMTscg,user_903242c46d27,True,1728172800,0,netral,0.5986,netral,netral,netral,md
oQKG8HMTscg,user_903242c46d27,True,1728172800,0,positif,0.6082,netral,tanpa_emoji,positif,md
oQKG8HMTscg,user_c2790994be9f,True,1728172800,0,negatif,0.9191,negatif,tanpa_emoji,negatif,md
oQKG8HMTscg,user_039798e44f96,True,1759708800,0,negatif,0.5804,netral,tanpa_emoji,negatif,md
oQKG8HMTscg,user_979f8f1c6b79,False,1728172800,13,positif,0.8157,positif,positif,positif,md
oQKG8HMTscg,user_511cb5ca83f1,False,1728172800,7,positif,0.7901,positif,tanpa_emoji,positif,md
oQKG8HMTscg,user_1dfddc7e8222,False,1728172800,8,positif,0.994,positif,tanpa_emoji,positif,md
u-QOjVp4ob0,user_a845b9fcced2,False,1785974400,0,negatif,0.9885,netral,netral,negatif,md
u-QOjVp4ob0,user_debd0658ff88,False,1759708800,0,negatif,0.9977,netral,tanpa_emoji,negatif,md
u-QOjVp4ob0,user_a8f47fe67d82,False,1759708800,0,negatif,0.8291,negatif,tanpa_emoji,negatif,md
u-QOjVp4ob0,user_d4266e384c32,False,1759708800,0,positif,0.8994,positif,tanpa_emoji,positif,md
u-QOjVp4ob0,user_ff2da17ad182,False,1759708800,0,negatif,0.9752,positif,netral,negatif,md
u-QOjVp4ob0,user_2b3afe8fd743,False,1759708800,0,negatif,0.9985,negatif,tanpa_emoji,negatif,md
u-QOjVp4ob0,user_4d193baeb72b,False,1759708800,0,negatif,0.9988,positif,tanpa_emoji,negatif,md
u-QOjVp4ob0,user_9baebad7adde,False,1759708800,2,negatif,0.9652,netral,tanpa_emoji,negatif,md
u-QOjVp4ob0,user_51a9f152c52b,False,1759708800,3,netral,0.4133,netral,tanpa_emoji,netral,md
u-QOjVp4ob0,user_b6f7b4c92230,False,1759708800,0,negatif,0.9982,netral,tanpa_emoji,negatif,md
u-QOjVp4ob0,user_5f778d3da2d5,False,1759708800,0,negatif,0.998,negatif,tanpa_emoji,negatif,md
u-QOjVp4ob0,user_e859c9617350,False,1759708800,15,negatif,0.9602,negatif,tanpa_emoji,negatif,md
u-QOjVp4ob0,user_7fc72c929218,False,1759708800,1,negatif,0.5926,netral,positif,positif,md
u-QOjVp4ob0,user_c13d99f43665,True,1759708800,1,negatif,0.9809,netral,tanpa_emoji,negatif,md
u-QOjVp4ob0,user_d4266e384c32,True,1759708800,0,negatif,0.8166,negatif,tanpa_emoji,negatif,md
u-QOjVp4ob0,user_dd5209cbf53e,False,1759708800,0,negatif,0.6267,netral,netral,negatif,md
u-QOjVp4ob0,user_8eaac745d597,False,1759708800,2,negatif,0.998,netral,netral,negatif,md
u-QOjVp4ob0,user_41f149eb00cf,False,1759708800,36,negatif,0.9763,positif,positif,negatif,md
u-QOjVp4ob0,user_ef1e939642df,False,1759708800,6,negatif,0.9552,netral,tanpa_emoji,negatif,md
u-QOjVp4ob0,user_266be96fcb01,True,1759708800,0,netral,0.8742,netral,tanpa_emoji,netral,md
u-QOjVp4ob0,user_a0d5ff3bf7ed,True,1759708800,0,positif,0.9976,positif,positif,positif,md
u-QOjVp4ob0,user_3fab38b62d87,True,1759708800,0,netral,0.5018,netral,tanpa_emoji,netral,md
u-QOjVp4ob0,user_38cfd5aa67c0,True,1759708800,0,netral,0.9948,netral,tanpa_emoji,netral,md
u-QOjVp4ob0,user_8519d07b422b,False,1759708800,3,positif,0.9987,positif,positif,positif,md
u-QOjVp4ob0,user_9d2c5618f97f,True,1759708800,0,negatif,0.8886,netral,tanpa_emoji,negatif,md
u-QOjVp4ob0,user_456b52b38635,False,1759708800,3,positif,0.909,netral,tanpa_emoji,positif,md
u-QOjVp4ob0,user_ef1e939642df,True,1759708800,0,negatif,0.5884,netral,tanpa_emoji,negatif,md
u-QOjVp4ob0,user_456b52b38635,True,1759708800,0,positif,0.8806,positif,tanpa_emoji,positif,md
u-QOjVp4ob0,user_1015f2517a45,False,1759708800,1,netral,0.9323,netral,tanpa_emoji,netral,md
u-QOjVp4ob0,user_27aeda39aa8d,True,1759708800,0,negatif,0.8024,netral,tanpa_emoji,negatif,md
u-QOjVp4ob0,user_a0479fb1da16,False,1759708800,0,netral,0.9653,netral,tanpa_emoji,netral,md
u-QOjVp4ob0,user_6df48bdc5d97,False,1759708800,0,negatif,0.6447,netral,netral,negatif,md
u-QOjVp4ob0,user_1e6531c83b8d,False,1759708800,8,negatif,0.9953,netral,netral,negatif,md
u-QOjVp4ob0,user_c4e48700c6ea,True,1759708800,0,netral,0.8379,netral,tanpa_emoji,netral,md
u-QOjVp4ob0,user_d97e1cbca786,False,1759708800,0,negatif,0.6422,netral,tanpa_emoji,negatif,md
u-QOjVp4ob0,user_96c11b85d43d,False,1759708800,8,netral,0.8495,netral,tanpa_emoji,netral,md
u-QOjVp4ob0,user_65c9f6be36e5,True,1759708800,0,negatif,0.9019,netral,tanpa_emoji,negatif,md
u-QOjVp4ob0,user_d97e1cbca786,False,1759708800,0,netral,0.8224,netral,tanpa_emoji,netral,md
u-QOjVp4ob0,user_13128a78d551,False,1759708800,0,positif,0.9845,positif,tanpa_emoji,positif,md
u-QOjVp4ob0,user_d97e1cbca786,False,1759708800,0,netral,0.8224,netral,tanpa_emoji,netral,md
u-QOjVp4ob0,user_b2715b984f54,False,1759708800,0,negatif,0.9726,netral,tanpa_emoji,negatif,md
u-QOjVp4ob0,user_c4039bcc457b,False,1759708800,1,negatif,0.4303,netral,tanpa_emoji,negatif,md
u-QOjVp4ob0,user_8c0547f22c78,False,1759708800,1,negatif,0.5941,netral,tanpa_emoji,negatif,md
u-QOjVp4ob0,user_6ed27c9d8bbc,True,1759708800,0,negatif,0.8767,netral,tanpa_emoji,negatif,md
u-QOjVp4ob0,user_d97e1cbca786,True,1759708800,0,negatif,0.6422,netral,tanpa_emoji,negatif,md
u-QOjVp4ob0,user_f5fb812ddc50,False,1759708800,0,negatif,0.8628,negatif,netral,negatif,md
u-QOjVp4ob0,user_2a6b8ab6027b,True,1759708800,0,netral,0.8764,netral,tanpa_emoji,netral,md
u-QOjVp4ob0,user_f5fb812ddc50,True,1759708800,0,negatif,0.9858,netral,tanpa_emoji,negatif,md
u-QOjVp4ob0,user_8e6b64c52f7b,True,1759708800,0,negatif,0.7238,netral,tanpa_emoji,negatif,md
u-QOjVp4ob0,user_f5fb812ddc50,True,1759708800,0,netral,0.9672,netral,tanpa_emoji,netral,md
u-QOjVp4ob0,user_80336463c0d4,True,1759708800,0,netral,0.6286,netral,tanpa_emoji,netral,md
u-QOjVp4ob0,user_6ed27c9d8bbc,True,1759708800,0,negatif,0.9976,positif,tanpa_emoji,negatif,md
u-QOjVp4ob0,user_a90e1fabbf05,True,1759708800,0,negatif,0.9645,netral,tanpa_emoji,negatif,md
u-QOjVp4ob0,user_17e3b042614c,True,1759708800,0,negatif,0.9717,netral,netral,negatif,md
u-QOjVp4ob0,user_38cfd5aa67c0,True,1759708800,0,netral,0.9972,netral,tanpa_emoji,netral,md
u-QOjVp4ob0,user_59439af21b73,False,1759708800,5,positif,0.79,positif,positif,positif,md
u-QOjVp4ob0,user_d6392ad4e7f1,False,1759708800,0,negatif,0.9772,positif,positif,positif,md
u-QOjVp4ob0,user_d6392ad4e7f1,False,1759708800,4,positif,0.8441,positif,positif,positif,md
u-QOjVp4ob0,user_d6392ad4e7f1,False,1759708800,16,positif,0.999,positif,positif,positif,md
u-QOjVp4ob0,user_e55fe37ee7ae,False,1759708800,73,positif,0.556,positif,tanpa_emoji,positif,md
u-QOjVp4ob0,user_ecbce1fd7b02,True,1759708800,3,negatif,0.5366,netral,tanpa_emoji,negatif,md
u-QOjVp4ob0,user_bcd081d86512,True,1759708800,0,netral,0.9576,netral,tanpa_emoji,netral,md
u-QOjVp4ob0,user_52b1a6d1b543,True,1759708800,1,positif,0.8977,netral,tanpa_emoji,positif,md
u-QOjVp4ob0,user_13ee502969c6,True,1759708800,1,negatif,0.8612,netral,tanpa_emoji,negatif,md
u-QOjVp4ob0,user_bde00049e6e7,True,1759708800,1,negatif,0.7997,netral,tanpa_emoji,negatif,md
u-QOjVp4ob0,user_18cead918272,True,1759708800,1,negatif,0.4169,netral,tanpa_emoji,negatif,md
u-QOjVp4ob0,user_035c21b34da6,True,1759708800,1,netral,0.9917,netral,tanpa_emoji,netral,md
u-QOjVp4ob0,user_956740a6d823,True,1759708800,0,negatif,0.9741,netral,tanpa_emoji,negatif,md
u-QOjVp4ob0,user_d92067a973e8,True,1759708800,0,negatif,0.835,netral,tanpa_emoji,negatif,md
u-QOjVp4ob0,user_eced9261ae0a,True,1759708800,0,negatif,0.9656,netral,netral,negatif,md
u-QOjVp4ob0,user_8a8e3f88e873,True,1759708800,0,netral,0.7923,netral,tanpa_emoji,netral,md
u-QOjVp4ob0,user_c39bdfb8aeca,True,1759708800,0,negatif,0.9369,netral,tanpa_emoji,negatif,md
u-QOjVp4ob0,user_1359654eebca,True,1759708800,0,negatif,0.9824,netral,tanpa_emoji,negatif,md
u-QOjVp4ob0,user_035c21b34da6,True,1759708800,0,netral,0.9944,netral,tanpa_emoji,netral,md
u-QOjVp4ob0,user_38cfd5aa67c0,True,1759708800,0,netral,0.9972,netral,tanpa_emoji,netral,md
u-QOjVp4ob0,user_7be3707a2889,True,1759708800,0,negatif,0.7518,netral,tanpa_emoji,negatif,md
u-QOjVp4ob0,user_38cfd5aa67c0,False,1759708800,1,netral,0.9972,netral,tanpa_emoji,netral,md
u-QOjVp4ob0,user_658f91eb3d05,False,1759708800,16,positif,0.9855,positif,positif,positif,md
u-QOjVp4ob0,user_2ecb7f167221,False,1759708800,1,negatif,0.9812,positif,positif,negatif,md
u-QOjVp4ob0,user_f69266af4724,False,1759708800,2,positif,0.7197,netral,tanpa_emoji,positif,md
u-QOjVp4ob0,user_7ae313ce3abc,False,1759708800,1,negatif,0.9041,positif,tanpa_emoji,negatif,md
u-QOjVp4ob0,user_c7f77c0d6918,False,1759708800,4,positif,0.9909,positif,positif,positif,md
16A1f7cAoOQ,user_62fdb0d1e720,False,1759708800,10,negatif,0.9948,netral,netral,negatif,soraya
16A1f7cAoOQ,user_496bef0f02a8,False,1778025600,1,negatif,0.9664,netral,netral,negatif,soraya
16A1f7cAoOQ,user_2475783e4fef,False,1759708800,0,negatif,0.6016,positif,tanpa_emoji,negatif,soraya
16A1f7cAoOQ,user_6df36c90f583,False,1759708800,3,positif,0.6754,positif,tanpa_emoji,positif,soraya
16A1f7cAoOQ,user_2930af1ceca8,False,1764979200,0,positif,0.993,positif,positif,positif,soraya
16A1f7cAoOQ,user_2930af1ceca8,False,1764979200,0,positif,0.998,positif,positif,positif,soraya
16A1f7cAoOQ,user_f63078222903,False,1759708800,1,negatif,0.9975,positif,netral,negatif,soraya
16A1f7cAoOQ,user_cdf5740d57f3,False,1759708800,3,negatif,0.9738,netral,tanpa_emoji,negatif,soraya
16A1f7cAoOQ,user_f288fc97ee9e,False,1759708800,7,positif,0.8936,positif,tanpa_emoji,positif,soraya
16A1f7cAoOQ,user_7c7c8d7c30f7,True,1759708800,2,netral,0.5486,netral,tanpa_emoji,netral,soraya
16A1f7cAoOQ,user_6dbc73716c3a,False,1759708800,0,negatif,0.8771,netral,tanpa_emoji,negatif,soraya
16A1f7cAoOQ,user_46a7d8eea24e,False,1759708800,1,negatif,0.6175,netral,tanpa_emoji,negatif,soraya
16A1f7cAoOQ,user_194bfc3c5937,False,1759708800,1,netral,0.891,netral,tanpa_emoji,netral,soraya
16A1f7cAoOQ,user_4fc1dc27162f,True,1759708800,1,netral,0.6956,netral,tanpa_emoji,netral,soraya
16A1f7cAoOQ,user_2baeb4e089df,False,1759708800,1,negatif,0.9898,netral,tanpa_emoji,negatif,soraya
16A1f7cAoOQ,user_659dd56debaf,False,1759708800,8,positif,0.9979,positif,tanpa_emoji,positif,soraya
16A1f7cAoOQ,user_7276d50d4fa4,False,1759708800,1,negatif,0.99,netral,netral,negatif,soraya
16A1f7cAoOQ,user_2b18a17817b6,True,1759708800,1,positif,0.8353,positif,tanpa_emoji,positif,soraya
16A1f7cAoOQ,user_1c80c2541b31,False,1759708800,9,negatif,0.8836,negatif,tanpa_emoji,negatif,soraya
16A1f7cAoOQ,user_0f85b14d4caa,True,1759708800,2,negatif,0.9207,positif,tanpa_emoji,negatif,soraya
16A1f7cAoOQ,user_6516121c7ac1,True,1759708800,1,negatif,0.9884,netral,tanpa_emoji,negatif,soraya
16A1f7cAoOQ,user_3c3d7747707e,False,1759708800,2,positif,0.8316,positif,tanpa_emoji,positif,soraya
16A1f7cAoOQ,user_2930af1ceca8,False,1764979200,0,positif,0.9776,positif,positif,positif,soraya
16A1f7cAoOQ,user_fdaa10d68ec0,False,1759708800,1,positif,0.9003,negatif,netral,positif,soraya
4m5yC1BPNpw,user_32acfb13c6f0,False,1785974400,0,negatif,0.9989,netral,tanpa_emoji,negatif,soraya
4m5yC1BPNpw,user_16ad503eb42a,False,1785974400,0,positif,0.9661,netral,tanpa_emoji,positif,soraya
4m5yC1BPNpw,user_16ad503eb42a,False,1785974400,0,positif,0.998,positif,tanpa_emoji,positif,soraya
4m5yC1BPNpw,user_32ad96ff6c4e,False,1783296000,0,positif,0.9896,positif,tanpa_emoji,positif,soraya
4m5yC1BPNpw,user_2b264a47dbf3,False,1775433600,3,negatif,0.989,netral,tanpa_emoji,negatif,soraya
4m5yC1BPNpw,user_cb7e46741b18,True,1775433600,1,negatif,0.969,netral,netral,negatif,soraya
4m5yC1BPNpw,user_4d2879fa44db,True,1778025600,0,negatif,0.9453,netral,tanpa_emoji,negatif,soraya
4m5yC1BPNpw,user_e8d3772a319a,False,1770336000,1,positif,0.9755,positif,netral,positif,soraya
4m5yC1BPNpw,user_c71100ff54cf,False,1762387200,1,netral,0.9247,positif,tanpa_emoji,netral,soraya
4m5yC1BPNpw,user_329e825288c5,False,1762387200,1,positif,0.9824,positif,tanpa_emoji,positif,soraya
4m5yC1BPNpw,user_c71100ff54cf,False,1762387200,1,positif,0.974,positif,tanpa_emoji,positif,soraya
4m5yC1BPNpw,user_d8de7524c244,False,1759708800,1,negatif,0.9949,netral,tanpa_emoji,negatif,soraya
4m5yC1BPNpw,user_fdde577f6fda,False,1759708800,1,positif,0.8647,negatif,negatif,positif,soraya
4m5yC1BPNpw,user_cd627e128c42,False,1759708800,1,negatif,0.725,positif,tanpa_emoji,negatif,soraya
4m5yC1BPNpw,user_bed7a38a695b,False,1759708800,0,positif,0.7542,positif,tanpa_emoji,positif,soraya
4m5yC1BPNpw,user_a9c7148b34f5,False,1759708800,0,negatif,0.9875,netral,netral,negatif,soraya
4m5yC1BPNpw,user_742074b82708,False,1759708800,0,positif,0.8996,netral,tanpa_emoji,positif,soraya
4m5yC1BPNpw,user_1ca07d8ac8e8,True,1775433600,1,positif,0.7723,positif,tanpa_emoji,positif,soraya
4m5yC1BPNpw,user_8d21060c0627,False,1759708800,0,netral,0.5966,netral,tanpa_emoji,netral,soraya
4m5yC1BPNpw,user_cf625a83c269,False,1759708800,1,positif,0.7657,positif,tanpa_emoji,positif,soraya
4m5yC1BPNpw,user_4cf936b4ab12,False,1728172800,1,netral,0.97,netral,tanpa_emoji,netral,soraya
4m5yC1BPNpw,user_979dffba3f5e,False,1728172800,1,negatif,0.9865,netral,tanpa_emoji,negatif,soraya
4m5yC1BPNpw,user_0e60577860b2,False,1728172800,0,netral,0.6078,netral,tanpa_emoji,netral,soraya
4m5yC1BPNpw,user_5981b41a828c,False,1728172800,0,netral,0.5987,netral,tanpa_emoji,netral,soraya
4m5yC1BPNpw,user_5981b41a828c,True,1728172800,0,netral,0.5063,netral,tanpa_emoji,netral,soraya
4m5yC1BPNpw,user_82f373aa8e6e,False,1728172800,0,positif,0.9907,positif,tanpa_emoji,positif,soraya
4m5yC1BPNpw,user_40af8a64e1d0,False,1728172800,1,negatif,0.9537,netral,netral,negatif,soraya
4m5yC1BPNpw,user_c586c61fd0c5,False,1728172800,1,negatif,0.6192,netral,tanpa_emoji,negatif,soraya
4m5yC1BPNpw,user_c16b614225a0,False,1728172800,0,negatif,0.8688,netral,netral,negatif,soraya
4m5yC1BPNpw,user_536187c472a9,True,1728172800,0,negatif,0.6399,netral,tanpa_emoji,negatif,soraya
4m5yC1BPNpw,user_30720fed659e,False,1728172800,0,negatif,0.9991,netral,tanpa_emoji,negatif,soraya
4m5yC1BPNpw,user_872684ecf0e6,False,1728172800,0,negatif,0.9698,positif,netral,negatif,soraya
4m5yC1BPNpw,user_f82a1b7e3af5,False,1728172800,0,negatif,0.6159,positif,positif,negatif,soraya
4m5yC1BPNpw,user_1a4eea5421b8,False,1728172800,2,positif,0.9976,positif,tanpa_emoji,positif,soraya
4m5yC1BPNpw,user_51fc9fc32df8,False,1696550400,0,negatif,0.9915,negatif,tanpa_emoji,negatif,soraya
4m5yC1BPNpw,user_07f9350eba63,True,1696550400,2,positif,0.5115,netral,tanpa_emoji,positif,soraya
4m5yC1BPNpw,user_a8d8cf3c75a6,False,1696550400,0,positif,0.9497,positif,positif,positif,soraya
4m5yC1BPNpw,user_07f9350eba63,True,1696550400,0,negatif,0.9574,negatif,tanpa_emoji,negatif,soraya
4m5yC1BPNpw,user_14c2d629cd31,False,1696550400,0,negatif,0.753,positif,tanpa_emoji,negatif,soraya
4m5yC1BPNpw,user_1bb49a8a7c62,False,1696550400,1,negatif,0.5012,netral,tanpa_emoji,negatif,soraya
4m5yC1BPNpw,user_03860b61d0f2,True,1696550400,1,negatif,0.765,netral,tanpa_emoji,negatif,soraya
4m5yC1BPNpw,user_95063f0e527d,False,1696550400,1,negatif,0.9953,netral,tanpa_emoji,negatif,soraya
4m5yC1BPNpw,user_93c7c1a61b2b,False,1696550400,1,netral,0.4826,netral,tanpa_emoji,netral,soraya
4m5yC1BPNpw,user_a9fc2c0ffdf9,True,1696550400,2,positif,0.925,positif,tanpa_emoji,positif,soraya
4m5yC1BPNpw,user_b40ec22a34b8,True,1696550400,0,negatif,0.9671,negatif,tanpa_emoji,negatif,soraya
4m5yC1BPNpw,user_ed8d511d6f85,True,1696550400,5,positif,0.8595,netral,tanpa_emoji,positif,soraya
4m5yC1BPNpw,user_12bcccaeaa8c,False,1696550400,0,positif,0.9919,netral,tanpa_emoji,positif,soraya
4m5yC1BPNpw,user_d40ee69cff04,False,1696550400,1,netral,0.6215,netral,tanpa_emoji,netral,soraya
4m5yC1BPNpw,user_6db9138f74ba,False,1696550400,1,positif,0.8366,netral,tanpa_emoji,positif,soraya
4m5yC1BPNpw,user_e0e6e5c30876,True,1696550400,0,negatif,0.6583,netral,tanpa_emoji,negatif,soraya
4m5yC1BPNpw,user_3f8c548f482e,False,1696550400,0,negatif,0.9373,netral,netral,negatif,soraya
4m5yC1BPNpw,user_e0e6e5c30876,True,1696550400,0,negatif,0.9949,netral,tanpa_emoji,negatif,soraya
4m5yC1BPNpw,user_2a9cb3291277,False,1696550400,2,positif,0.9707,netral,tanpa_emoji,positif,soraya
4m5yC1BPNpw,user_e0e6e5c30876,True,1696550400,0,positif,0.9904,positif,tanpa_emoji,positif,soraya
4m5yC1BPNpw,user_a9e3c06b6103,False,1696550400,1,netral,0.7222,netral,tanpa_emoji,netral,soraya
4m5yC1BPNpw,user_1b7e111a21b2,True,1696550400,0,negatif,0.9844,netral,tanpa_emoji,negatif,soraya
4m5yC1BPNpw,user_add28ba22f02,False,1696550400,1,positif,0.9882,positif,tanpa_emoji,positif,soraya
4m5yC1BPNpw,user_813328c23bc1,False,1696550400,1,negatif,0.67,netral,tanpa_emoji,negatif,soraya
4m5yC1BPNpw,user_5d210fe6dc04,False,1696550400,2,negatif,0.9988,netral,netral,negatif,soraya
4m5yC1BPNpw,user_a550204143e0,False,1696550400,1,positif,0.9675,positif,positif,positif,soraya
4m5yC1BPNpw,user_5029a040ad88,False,1696550400,1,netral,0.9971,netral,tanpa_emoji,netral,soraya
4m5yC1BPNpw,user_11af0d2645e5,False,1696550400,3,positif,0.8237,netral,netral,positif,soraya
4m5yC1BPNpw,user_e0e6e5c30876,True,1696550400,0,negatif,0.8248,netral,tanpa_emoji,negatif,soraya
4m5yC1BPNpw,user_3c0f6f82fec7,False,1696550400,3,positif,0.837,netral,tanpa_emoji,positif,soraya
4m5yC1BPNpw,user_8e80063ff1c5,False,1696550400,3,negatif,0.9941,positif,netral,negatif,soraya
4m5yC1BPNpw,user_98970e4e7d26,False,1696550400,2,netral,0.8872,netral,tanpa_emoji,netral,soraya
4m5yC1BPNpw,user_96bfa18d2491,False,1696550400,1,negatif,0.6124,netral,netral,netral,soraya
4m5yC1BPNpw,user_bccd3cdfbe4e,False,1696550400,1,positif,0.8911,positif,positif,positif,soraya
4m5yC1BPNpw,user_11243ceb79db,False,1665014400,1,negatif,0.8979,netral,tanpa_emoji,negatif,soraya
4m5yC1BPNpw,user_c7850c949902,False,1665014400,1,negatif,0.4685,netral,tanpa_emoji,negatif,soraya
4m5yC1BPNpw,user_1e53468b6d5b,False,1665014400,3,negatif,0.8342,negatif,tanpa_emoji,negatif,soraya
4m5yC1BPNpw,user_034f7a1a5d97,True,1696550400,1,netral,0.8099,netral,tanpa_emoji,netral,soraya
4m5yC1BPNpw,user_d2f203b7c727,False,1665014400,1,positif,0.9939,positif,netral,positif,soraya
4m5yC1BPNpw,user_7187d221c49f,False,1665014400,1,negatif,0.9953,positif,tanpa_emoji,negatif,soraya
4m5yC1BPNpw,user_d1e923b6b2fc,False,1665014400,2,positif,0.9358,positif,tanpa_emoji,positif,soraya
4m5yC1BPNpw,user_7b37d318bc9b,False,1665014400,2,negatif,0.9938,netral,netral,negatif,soraya
4m5yC1BPNpw,user_d7a3db56cfef,False,1665014400,1,netral,0.8748,netral,tanpa_emoji,netral,soraya
4m5yC1BPNpw,user_b4ead526c897,False,1665014400,5,negatif,0.9813,netral,netral,negatif,soraya
4m5yC1BPNpw,user_e1a23f3f29ee,False,1665014400,4,positif,0.9978,positif,positif,positif,soraya
4m5yC1BPNpw,user_95f6f126ff04,False,1665014400,3,negatif,0.9529,netral,tanpa_emoji,negatif,soraya
4m5yC1BPNpw,user_637a1eec69af,False,1665014400,1,negatif,0.9089,netral,tanpa_emoji,negatif,soraya
4m5yC1BPNpw,user_13a06f97c930,False,1665014400,0,negatif,0.9845,netral,tanpa_emoji,negatif,soraya
4m5yC1BPNpw,user_476518c0397b,False,1665014400,1,positif,0.6903,positif,tanpa_emoji,positif,soraya
4m5yC1BPNpw,user_de902958fd97,False,1665014400,0,positif,0.9966,positif,tanpa_emoji,positif,soraya
4m5yC1BPNpw,user_5a5d6cea5bbe,False,1665014400,0,negatif,0.9379,netral,tanpa_emoji,negatif,soraya
4m5yC1BPNpw,user_71d7ea03c467,False,1665014400,4,negatif,0.9992,negatif,tanpa_emoji,negatif,soraya
4m5yC1BPNpw,user_731f3b28fe3c,False,1665014400,0,positif,0.6385,netral,netral,positif,soraya
4m5yC1BPNpw,user_d932cdb471ff,False,1665014400,0,negatif,0.7323,netral,tanpa_emoji,negatif,soraya
4m5yC1BPNpw,user_1f8f12bc4409,False,1665014400,0,negatif,0.9595,positif,tanpa_emoji,negatif,soraya
4m5yC1BPNpw,user_f082b601933d,False,1665014400,1,positif,0.9961,positif,positif,positif,soraya
4m5yC1BPNpw,user_155a50856810,False,1665014400,3,positif,0.9989,positif,positif,positif,soraya
4m5yC1BPNpw,user_07847c331244,False,1665014400,1,positif,0.9885,positif,tanpa_emoji,positif,soraya
4m5yC1BPNpw,user_e2864929c551,False,1665014400,11,positif,0.995,positif,tanpa_emoji,positif,soraya
4m5yC1BPNpw,user_fc1ee00072ca,False,1665014400,0,negatif,0.9955,positif,positif,negatif,soraya
4m5yC1BPNpw,user_3ce7d7d1015e,False,1665014400,0,positif,0.9259,netral,tanpa_emoji,positif,soraya
4m5yC1BPNpw,user_aa76b9a6e2dc,False,1665014400,0,negatif,0.9881,netral,tanpa_emoji,negatif,soraya
4m5yC1BPNpw,user_ebec4f7ccdbf,False,1665014400,0,negatif,0.9127,netral,tanpa_emoji,negatif,soraya
4m5yC1BPNpw,user_f5a98b7609cd,False,1633478400,0,netral,0.8306,netral,tanpa_emoji,netral,soraya
4m5yC1BPNpw,user_1dd2064ae2a4,False,1633478400,0,positif,0.9959,positif,positif,positif,soraya
4m5yC1BPNpw,user_0f5d28a33b7a,False,1633478400,0,negatif,0.714,netral,netral,negatif,soraya
4m5yC1BPNpw,user_fa48e09bb53b,False,1633478400,0,positif,0.8952,negatif,tanpa_emoji,positif,soraya
4m5yC1BPNpw,user_2fd26fa7411e,False,1633478400,0,positif,0.6358,positif,positif,positif,soraya
4m5yC1BPNpw,user_d962fcf432c1,False,1633478400,1,netral,0.9834,netral,tanpa_emoji,netral,soraya
4m5yC1BPNpw,user_4c1d1f0b73dc,False,1633478400,1,negatif,0.976,negatif,tanpa_emoji,negatif,soraya
4m5yC1BPNpw,user_b3feb9a556f7,True,1665014400,1,positif,0.8406,netral,tanpa_emoji,positif,soraya
4m5yC1BPNpw,user_0a216f346c3d,False,1633478400,0,negatif,0.9143,netral,tanpa_emoji,negatif,soraya
4m5yC1BPNpw,user_49233530b16f,False,1633478400,0,positif,0.9968,positif,tanpa_emoji,positif,soraya
4m5yC1BPNpw,user_e9013bf9b820,False,1633478400,0,negatif,0.9871,negatif,tanpa_emoji,negatif,soraya
4m5yC1BPNpw,user_447ab7067791,False,1633478400,0,negatif,0.9153,netral,tanpa_emoji,negatif,soraya
4m5yC1BPNpw,user_fd9e90b19e12,False,1633478400,0,negatif,0.9259,netral,tanpa_emoji,negatif,soraya
4m5yC1BPNpw,user_0d26bda60620,False,1633478400,0,positif,0.8241,positif,netral,positif,soraya
4m5yC1BPNpw,user_4bb36620b9ec,False,1633478400,0,netral,0.5301,netral,tanpa_emoji,netral,soraya
4m5yC1BPNpw,user_9eca3d38ecf9,False,1633478400,0,negatif,0.9991,netral,tanpa_emoji,negatif,soraya
4m5yC1BPNpw,user_2cdf47dce2bc,False,1633478400,0,positif,0.8896,netral,tanpa_emoji,positif,soraya
4m5yC1BPNpw,user_b708e8eeabbb,False,1633478400,0,netral,0.523,netral,tanpa_emoji,netral,soraya
4m5yC1BPNpw,user_207c3d046fca,False,1633478400,1,positif,0.9782,positif,netral,positif,soraya
4m5yC1BPNpw,user_054d89311865,False,1633478400,1,negatif,0.998,negatif,tanpa_emoji,negatif,soraya
4m5yC1BPNpw,user_ca42af4bcfaa,False,1633478400,0,negatif,0.9921,positif,tanpa_emoji,negatif,soraya
4m5yC1BPNpw,user_6993a8b94fea,True,1696550400,1,negatif,0.5625,netral,tanpa_emoji,negatif,soraya
4m5yC1BPNpw,user_ca42af4bcfaa,True,1696550400,0,negatif,0.8691,netral,tanpa_emoji,negatif,soraya
4m5yC1BPNpw,user_6993a8b94fea,True,1696550400,0,netral,0.9692,netral,tanpa_emoji,netral,soraya
4m5yC1BPNpw,user_cdc7b9867af6,False,1633478400,0,negatif,0.9795,positif,tanpa_emoji,negatif,soraya
4m5yC1BPNpw,user_4dd84c9231ea,False,1633478400,3,positif,0.9137,positif,tanpa_emoji,positif,soraya
4m5yC1BPNpw,user_fac0df694ebe,False,1633478400,0,netral,0.98,netral,tanpa_emoji,netral,soraya
4m5yC1BPNpw,user_09a08e01c30e,False,1633478400,0,negatif,0.9963,netral,tanpa_emoji,negatif,soraya
4m5yC1BPNpw,user_c1c5d973b2cd,False,1633478400,0,negatif,0.9984,netral,tanpa_emoji,negatif,soraya
4m5yC1BPNpw,user_5e9878413220,True,1633478400,3,negatif,0.9694,netral,netral,negatif,soraya
4m5yC1BPNpw,user_af4faf509dc4,False,1633478400,0,negatif,0.9322,netral,tanpa_emoji,negatif,soraya
4m5yC1BPNpw,user_af4faf509dc4,False,1633478400,0,positif,0.9079,netral,tanpa_emoji,positif,soraya
4m5yC1BPNpw,user_5e9878413220,True,1633478400,0,negatif,0.7893,netral,tanpa_emoji,negatif,soraya
4m5yC1BPNpw,user_0c3117348840,False,1633478400,8,positif,0.5593,positif,tanpa_emoji,positif,soraya
4m5yC1BPNpw,user_636b8265fdc4,False,1633478400,0,netral,0.9768,netral,tanpa_emoji,netral,soraya
4m5yC1BPNpw,user_9ee97ffc4f90,False,1633478400,0,negatif,0.9641,negatif,tanpa_emoji,negatif,soraya
4m5yC1BPNpw,user_9516dfc44bb5,False,1633478400,0,positif,0.6295,positif,positif,positif,soraya
4m5yC1BPNpw,user_1ad74c8c528d,False,1633478400,0,positif,0.6042,netral,tanpa_emoji,positif,soraya
4m5yC1BPNpw,user_1ad74c8c528d,False,1633478400,0,negatif,0.886,positif,tanpa_emoji,negatif,soraya
4m5yC1BPNpw,user_1ad74c8c528d,False,1633478400,0,negatif,0.9868,netral,tanpa_emoji,negatif,soraya
4m5yC1BPNpw,user_1ad74c8c528d,False,1633478400,0,negatif,0.8184,netral,tanpa_emoji,negatif,soraya
4m5yC1BPNpw,user_bdccbe2a2180,False,1633478400,0,netral,0.6042,netral,tanpa_emoji,netral,soraya
4m5yC1BPNpw,user_aaaee241f8e9,False,1633478400,1,negatif,0.8962,netral,netral,netral,soraya
4m5yC1BPNpw,user_d675fb4ab824,False,1633478400,0,negatif,0.7185,netral,tanpa_emoji,negatif,soraya
4m5yC1BPNpw,user_5500bf1ac2f8,False,1601942400,0,netral,0.9955,netral,tanpa_emoji,netral,soraya
4m5yC1BPNpw,user_7fd09cd6e133,False,1601942400,0,netral,0.9663,netral,tanpa_emoji,netral,soraya
4m5yC1BPNpw,user_8406f58affb9,False,1601942400,0,negatif,0.9296,netral,netral,negatif,soraya
4m5yC1BPNpw,user_6dc409211de6,False,1601942400,1,positif,0.7458,netral,tanpa_emoji,positif,soraya
4m5yC1BPNpw,user_90f7555cfd70,False,1601942400,0,positif,0.7993,netral,tanpa_emoji,positif,soraya
4m5yC1BPNpw,user_e4dfd943530c,False,1601942400,0,negatif,0.8264,netral,tanpa_emoji,negatif,soraya
4m5yC1BPNpw,user_77ba960cd21f,False,1601942400,1,positif,0.799,netral,tanpa_emoji,positif,soraya
4m5yC1BPNpw,user_51314bab3e17,False,1601942400,0,netral,0.8164,netral,tanpa_emoji,netral,soraya
4m5yC1BPNpw,user_6662e616c258,False,1601942400,0,netral,0.7876,netral,tanpa_emoji,netral,soraya
4m5yC1BPNpw,user_fc6af046ffa5,False,1601942400,2,negatif,0.9985,negatif,tanpa_emoji,negatif,soraya
4m5yC1BPNpw,user_7af546a68703,False,1601942400,2,positif,0.9468,negatif,tanpa_emoji,positif,soraya
4m5yC1BPNpw,user_1873832bb291,False,1601942400,0,negatif,0.7298,positif,positif,negatif,soraya
4m5yC1BPNpw,user_99eb80113ee2,False,1601942400,2,positif,0.6368,netral,tanpa_emoji,positif,soraya
4m5yC1BPNpw,user_0b0280a4c4ee,True,1601942400,0,negatif,0.8391,netral,tanpa_emoji,negatif,soraya
4m5yC1BPNpw,user_daab7c4409b8,True,1696550400,0,negatif,0.6417,netral,tanpa_emoji,negatif,soraya
4m5yC1BPNpw,user_7f63b9d2663c,False,1601942400,0,netral,0.9236,netral,tanpa_emoji,netral,soraya
4m5yC1BPNpw,user_fffc056da75d,False,1601942400,1,positif,0.992,positif,tanpa_emoji,positif,soraya
4m5yC1BPNpw,user_dde03643c24c,False,1601942400,2,negatif,0.9936,netral,tanpa_emoji,negatif,soraya
4m5yC1BPNpw,user_daab7c4409b8,True,1696550400,0,negatif,0.6417,netral,tanpa_emoji,negatif,soraya
4m5yC1BPNpw,user_3bbbabf40e98,False,1601942400,1,positif,0.8102,positif,tanpa_emoji,positif,soraya
4m5yC1BPNpw,user_c6471eee304a,False,1601942400,0,netral,0.5398,netral,tanpa_emoji,netral,soraya
4m5yC1BPNpw,user_f152f8398317,False,1601942400,0,negatif,0.7486,netral,tanpa_emoji,negatif,soraya
4m5yC1BPNpw,user_4ed9825a815e,False,1601942400,2,positif,0.9975,positif,tanpa_emoji,positif,soraya
4m5yC1BPNpw,user_87357fd87697,False,1601942400,0,positif,0.9963,negatif,tanpa_emoji,positif,soraya
4m5yC1BPNpw,user_6808e1611fee,False,1601942400,0,negatif,0.883,netral,tanpa_emoji,negatif,soraya
4m5yC1BPNpw,user_82b4af70be70,False,1601942400,7,positif,0.9849,netral,netral,positif,soraya
4m5yC1BPNpw,user_35e8a8211b2a,False,1601942400,2,negatif,0.6166,netral,netral,negatif,soraya
4m5yC1BPNpw,user_057f528aeb71,True,1601942400,0,netral,0.5613,netral,tanpa_emoji,netral,soraya
4m5yC1BPNpw,user_fdf09adb31e2,False,1601942400,0,negatif,0.9277,netral,tanpa_emoji,negatif,soraya
4m5yC1BPNpw,user_85ba7eed86e4,False,1601942400,0,negatif,0.8412,netral,tanpa_emoji,negatif,soraya
4m5yC1BPNpw,user_55670890d1c9,False,1601942400,0,positif,0.9957,positif,tanpa_emoji,positif,soraya
4m5yC1BPNpw,user_e6636e17f4b4,False,1601942400,1,positif,0.6334,netral,tanpa_emoji,positif,soraya
4m5yC1BPNpw,user_e6636e17f4b4,True,1601942400,0,netral,0.9014,netral,tanpa_emoji,netral,soraya
4m5yC1BPNpw,user_c97b959dcf3f,False,1601942400,5,positif,0.9784,netral,netral,positif,soraya
4m5yC1BPNpw,user_1f69a4940cf5,True,1601942400,0,negatif,0.9948,netral,netral,negatif,soraya
4m5yC1BPNpw,user_72353d3e4d28,False,1601942400,1,positif,0.6287,positif,tanpa_emoji,positif,soraya
4m5yC1BPNpw,user_0d9aab5bac08,True,1601942400,2,negatif,0.993,negatif,tanpa_emoji,negatif,soraya
4m5yC1BPNpw,user_fc4563392947,False,1601942400,0,negatif,0.694,netral,tanpa_emoji,negatif,soraya
4m5yC1BPNpw,user_eec7921efefb,False,1601942400,2,negatif,0.9833,positif,positif,negatif,soraya
4m5yC1BPNpw,user_f084c54701e8,False,1601942400,0,negatif,0.7558,netral,tanpa_emoji,negatif,soraya
4m5yC1BPNpw,user_af28d756487d,False,1601942400,0,netral,0.7707,netral,tanpa_emoji,netral,soraya
4m5yC1BPNpw,user_9d4c7b6994d7,False,1601942400,89,negatif,0.9029,netral,tanpa_emoji,negatif,soraya
4m5yC1BPNpw,user_33c89dc02e5b,True,1601942400,0,negatif,0.9955,netral,tanpa_emoji,negatif,soraya
4m5yC1BPNpw,user_f8d0b254a438,False,1601942400,32,negatif,0.9002,netral,tanpa_emoji,negatif,soraya
4m5yC1BPNpw,user_63a661d8cecb,True,1601942400,2,positif,0.7402,netral,tanpa_emoji,positif,soraya
4m5yC1BPNpw,user_b7852d78381a,True,1601942400,1,negatif,0.8058,netral,tanpa_emoji,negatif,soraya
4m5yC1BPNpw,user_4dd84c9231ea,True,1633478400,1,negatif,0.4644,netral,tanpa_emoji,negatif,soraya
4m5yC1BPNpw,user_f7ebf97912f8,False,1601942400,0,negatif,0.9944,netral,netral,negatif,soraya
4m5yC1BPNpw,user_56bd433659a6,False,1601942400,3,positif,0.995,netral,tanpa_emoji,positif,soraya
4m5yC1BPNpw,user_b496bc7e1f23,False,1601942400,1,netral,0.9708,netral,tanpa_emoji,netral,soraya
4m5yC1BPNpw,user_0c3117348840,False,1601942400,3,netral,0.5897,netral,tanpa_emoji,netral,soraya
4m5yC1BPNpw,user_0d9aab5bac08,True,1601942400,0,negatif,0.994,netral,tanpa_emoji,negatif,soraya
4m5yC1BPNpw,user_0c3117348840,True,1601942400,0,netral,0.6755,netral,tanpa_emoji,netral,soraya
4m5yC1BPNpw,user_0d9aab5bac08,True,1601942400,0,positif,0.9264,netral,tanpa_emoji,positif,soraya
4m5yC1BPNpw,user_0c3117348840,True,1601942400,0,positif,0.7362,netral,tanpa_emoji,positif,soraya
4m5yC1BPNpw,user_0d9aab5bac08,True,1601942400,0,negatif,0.5911,netral,tanpa_emoji,negatif,soraya
4m5yC1BPNpw,user_0c3117348840,True,1601942400,0,negatif,0.9924,negatif,tanpa_emoji,negatif,soraya
4m5yC1BPNpw,user_c18b8741dddc,True,1601942400,0,negatif,0.7538,negatif,negatif,negatif,soraya
4m5yC1BPNpw,user_0d0ff8c54ee9,False,1601942400,1,netral,0.4419,netral,tanpa_emoji,netral,soraya
4m5yC1BPNpw,user_6b8bdfd19cf1,False,1601942400,0,netral,0.9544,netral,tanpa_emoji,netral,soraya
4m5yC1BPNpw,user_27c35695d202,True,1601942400,1,netral,0.9,netral,tanpa_emoji,netral,soraya
4m5yC1BPNpw,user_683dda22b26e,False,1601942400,22,positif,0.621,positif,positif,positif,soraya
4m5yC1BPNpw,user_5e90824e9ff6,True,1633478400,1,netral,0.8401,netral,tanpa_emoji,netral,soraya
4m5yC1BPNpw,user_05085b603fa7,False,1601942400,0,positif,0.9522,positif,positif,positif,soraya
4m5yC1BPNpw,user_399b7557508f,False,1601942400,1,positif,0.9166,positif,tanpa_emoji,positif,soraya
4m5yC1BPNpw,user_b1406d3cfba5,False,1601942400,3,negatif,0.9275,negatif,tanpa_emoji,negatif,soraya
4m5yC1BPNpw,user_7bc4e5050fbe,False,1601942400,0,positif,0.9851,positif,tanpa_emoji,positif,soraya
4m5yC1BPNpw,user_90270c495a79,False,1601942400,0,netral,0.7142,netral,tanpa_emoji,netral,soraya
4m5yC1BPNpw,user_80cb7acd849b,False,1601942400,0,netral,0.609,netral,tanpa_emoji,netral,soraya
4m5yC1BPNpw,user_78c8efd1db1d,False,1601942400,0,negatif,0.9557,netral,tanpa_emoji,negatif,soraya
4m5yC1BPNpw,user_e49dc815ad76,False,1601942400,0,positif,0.9772,positif,tanpa_emoji,positif,soraya
4m5yC1BPNpw,user_5d5c55c58112,False,1601942400,0,positif,0.9176,netral,tanpa_emoji,positif,soraya
4m5yC1BPNpw,user_0d9aab5bac08,False,1601942400,1,negatif,0.5011,netral,tanpa_emoji,negatif,soraya
4m5yC1BPNpw,user_fdf09adb31e2,False,1601942400,0,netral,0.7071,netral,tanpa_emoji,netral,soraya
4m5yC1BPNpw,user_fec7fef6330c,False,1601942400,1,positif,0.7161,positif,tanpa_emoji,positif,soraya
4m5yC1BPNpw,user_00e50a00f259,False,1601942400,0,negatif,0.8052,positif,tanpa_emoji,negatif,soraya
4m5yC1BPNpw,user_cb9f79dea25a,False,1601942400,0,negatif,0.8286,netral,tanpa_emoji,negatif,soraya
4m5yC1BPNpw,user_27c35695d202,True,1601942400,0,netral,0.9,netral,tanpa_emoji,netral,soraya
4m5yC1BPNpw,user_3d23132fd235,False,1601942400,0,netral,0.543,netral,tanpa_emoji,netral,soraya
4m5yC1BPNpw,user_d79cb3a83891,True,1601942400,0,netral,0.8002,netral,tanpa_emoji,netral,soraya
4m5yC1BPNpw,user_3d23132fd235,False,1601942400,0,netral,0.543,netral,tanpa_emoji,netral,soraya
4m5yC1BPNpw,user_9e0673efdfad,False,1601942400,0,positif,0.9635,netral,tanpa_emoji,positif,soraya
4m5yC1BPNpw,user_95f99df7b576,False,1601942400,0,positif,0.9938,positif,tanpa_emoji,positif,soraya
4m5yC1BPNpw,user_2855337f6b6b,False,1570320000,0,negatif,0.9553,netral,tanpa_emoji,negatif,soraya
4m5yC1BPNpw,user_27c35695d202,True,1601942400,0,netral,0.9,netral,tanpa_emoji,netral,soraya
4m5yC1BPNpw,user_6eb85a8426df,False,1570320000,0,positif,0.9975,positif,positif,positif,soraya
4m5yC1BPNpw,user_fb2ee7d42ca7,False,1570320000,0,negatif,0.995,netral,tanpa_emoji,negatif,soraya
4m5yC1BPNpw,user_01bbfbfd9da0,False,1570320000,0,positif,0.9844,netral,tanpa_emoji,positif,soraya
4m5yC1BPNpw,user_c321b00ca254,False,1570320000,0,netral,0.975,netral,tanpa_emoji,netral,soraya
4m5yC1BPNpw,user_fb4f869f37e3,False,1570320000,2,negatif,0.7282,positif,netral,negatif,soraya
4m5yC1BPNpw,user_1f90dca1e7ab,True,1601942400,0,positif,0.9313,netral,netral,positif,soraya
4m5yC1BPNpw,user_5c9643989dd1,False,1570320000,1,negatif,0.7067,positif,tanpa_emoji,negatif,soraya
4m5yC1BPNpw,user_e7c5f5438fba,False,1570320000,0,netral,0.9824,netral,tanpa_emoji,netral,soraya
4m5yC1BPNpw,user_5cd53baf6afa,False,1570320000,1,negatif,0.9956,netral,tanpa_emoji,negatif,soraya
4m5yC1BPNpw,user_0d9aab5bac08,True,1601942400,0,negatif,0.9887,netral,tanpa_emoji,negatif,soraya
4m5yC1BPNpw,user_bc912c12f826,False,1570320000,1,negatif,0.7505,netral,tanpa_emoji,negatif,soraya
4m5yC1BPNpw,user_61d9e4a2a455,False,1570320000,1,netral,0.8925,netral,tanpa_emoji,netral,soraya
4m5yC1BPNpw,user_d23febe51359,False,1570320000,2,negatif,0.9974,netral,tanpa_emoji,negatif,soraya
4m5yC1BPNpw,user_c9c4a3d10900,False,1570320000,1,negatif,0.967,netral,tanpa_emoji,negatif,soraya
4m5yC1BPNpw,user_ac4d5e0a74c2,False,1570320000,0,positif,0.9865,positif,tanpa_emoji,positif,soraya
4m5yC1BPNpw,user_25ba68e57eb1,False,1570320000,0,negatif,0.9954,positif,tanpa_emoji,negatif,soraya
4m5yC1BPNpw,user_1142fb90a9f6,False,1570320000,2,positif,0.9507,positif,tanpa_emoji,positif,soraya
4m5yC1BPNpw,user_d1e2b28d6228,False,1570320000,0,netral,0.5367,netral,tanpa_emoji,netral,soraya
4m5yC1BPNpw,user_d736bb4f16fb,False,1570320000,1,positif,0.9838,netral,tanpa_emoji,positif,soraya
4m5yC1BPNpw,user_c9e21a58dfa2,False,1570320000,0,netral,0.9216,netral,tanpa_emoji,netral,soraya
4m5yC1BPNpw,user_bc469b661769,False,1570320000,8,positif,0.9431,positif,tanpa_emoji,positif,soraya
4m5yC1BPNpw,user_dd561411411d,False,1570320000,0,positif,0.9925,netral,tanpa_emoji,positif,soraya
4m5yC1BPNpw,user_1408eac94b7e,False,1570320000,1,positif,0.9755,positif,tanpa_emoji,positif,soraya
4m5yC1BPNpw,user_999ec1abf2b5,False,1570320000,0,negatif,0.7929,positif,tanpa_emoji,negatif,soraya
4m5yC1BPNpw,user_b20136a3b4c4,False,1570320000,0,netral,0.8648,netral,tanpa_emoji,netral,soraya
4m5yC1BPNpw,user_5a3a2d0024ba,False,1570320000,0,negatif,0.7053,netral,tanpa_emoji,negatif,soraya
4m5yC1BPNpw,user_211bbb6c7270,False,1570320000,0,negatif,0.8309,netral,tanpa_emoji,negatif,soraya
4m5yC1BPNpw,user_99f09aeb63ed,False,1570320000,2,netral,0.9818,netral,tanpa_emoji,netral,soraya
4m5yC1BPNpw,user_99f09aeb63ed,True,1570320000,0,negatif,0.5912,netral,tanpa_emoji,negatif,soraya
4m5yC1BPNpw,user_0c3117348840,False,1570320000,6,positif,0.772,positif,tanpa_emoji,positif,soraya
4m5yC1BPNpw,user_3906f365eca6,False,1570320000,1,positif,0.9952,positif,positif,positif,soraya
4m5yC1BPNpw,user_1f90dca1e7ab,True,1601942400,0,positif,0.9949,positif,positif,positif,soraya
4m5yC1BPNpw,user_2855337f6b6b,False,1570320000,0,negatif,0.6382,negatif,tanpa_emoji,negatif,soraya
4m5yC1BPNpw,user_0ca032f72972,False,1570320000,0,negatif,0.8501,netral,tanpa_emoji,negatif,soraya
4m5yC1BPNpw,user_a6705c70b408,False,1570320000,0,negatif,0.82,negatif,tanpa_emoji,negatif,soraya
4m5yC1BPNpw,user_0c3117348840,True,1570320000,0,negatif,0.5639,netral,tanpa_emoji,negatif,soraya
4m5yC1BPNpw,user_0c3117348840,True,1570320000,0,negatif,0.9442,netral,tanpa_emoji,negatif,soraya
4m5yC1BPNpw,user_fcbc1301bd49,False,1570320000,4,positif,0.8232,positif,netral,positif,soraya
4m5yC1BPNpw,user_d9f0f448daf3,False,1570320000,1,negatif,0.6365,netral,tanpa_emoji,negatif,soraya
4m5yC1BPNpw,user_d171a70f4c98,False,1570320000,0,positif,0.9686,positif,tanpa_emoji,positif,soraya
4m5yC1BPNpw,user_c9f4c75304af,False,1570320000,1,positif,0.9923,positif,netral,positif,soraya
4m5yC1BPNpw,user_4475947f2ff8,False,1570320000,0,positif,0.8987,positif,tanpa_emoji,positif,soraya
4m5yC1BPNpw,user_0698ea4ce000,False,1570320000,0,negatif,0.9811,positif,tanpa_emoji,negatif,soraya
4m5yC1BPNpw,user_dd342a318564,False,1570320000,0,negatif,0.9392,netral,tanpa_emoji,negatif,soraya
4m5yC1BPNpw,user_0d9aab5bac08,True,1601942400,0,negatif,0.9724,netral,tanpa_emoji,negatif,soraya
4m5yC1BPNpw,user_7ef1feb7dd59,False,1570320000,0,negatif,0.7457,netral,tanpa_emoji,negatif,soraya
4m5yC1BPNpw,user_ebcdf497a02f,False,1570320000,0,negatif,0.9948,netral,netral,negatif,soraya
4m5yC1BPNpw,user_65db2237e28c,False,1570320000,0,netral,0.7681,netral,tanpa_emoji,netral,soraya
4m5yC1BPNpw,user_ab8b03163377,False,1570320000,1,positif,0.8093,positif,netral,positif,soraya
4m5yC1BPNpw,user_d79d1c2c65d6,False,1570320000,1,negatif,0.9755,positif,tanpa_emoji,negatif,soraya
4m5yC1BPNpw,user_885f96e99c84,False,1570320000,1,netral,0.9112,positif,tanpa_emoji,netral,soraya
4m5yC1BPNpw,user_e45e9857fd3a,False,1570320000,1,positif,0.995,positif,tanpa_emoji,positif,soraya
4m5yC1BPNpw,user_d4649f1719e1,False,1570320000,0,positif,0.9936,positif,tanpa_emoji,positif,soraya
4m5yC1BPNpw,user_f6a1e8a9efaa,False,1570320000,1,positif,0.9965,positif,tanpa_emoji,positif,soraya
4m5yC1BPNpw,user_0522e19c2dfb,False,1570320000,0,positif,0.5714,positif,tanpa_emoji,positif,soraya
4m5yC1BPNpw,user_f329e51c6609,False,1570320000,0,negatif,0.539,positif,positif,positif,soraya
4m5yC1BPNpw,user_08c76df2fa9b,False,1570320000,0,negatif,0.9153,netral,tanpa_emoji,negatif,soraya
4m5yC1BPNpw,user_14f1ac4aaffa,False,1570320000,0,negatif,0.9948,negatif,tanpa_emoji,negatif,soraya
4m5yC1BPNpw,user_35316542c6db,False,1570320000,5,positif,0.9634,positif,positif,positif,soraya
4m5yC1BPNpw,user_65b33aa96ea8,True,1570320000,2,negatif,0.9892,netral,tanpa_emoji,negatif,soraya
4m5yC1BPNpw,user_0bb6eef926cb,False,1570320000,1,negatif,0.9566,netral,negatif,negatif,soraya
4m5yC1BPNpw,user_fcdc10482daa,True,1570320000,0,negatif,0.9918,netral,tanpa_emoji,negatif,soraya
4m5yC1BPNpw,user_0bb6eef926cb,True,1570320000,0,negatif,0.9976,negatif,tanpa_emoji,negatif,soraya
4m5yC1BPNpw,user_0bb6eef926cb,True,1570320000,0,netral,0.9891,netral,tanpa_emoji,netral,soraya
4m5yC1BPNpw,user_0bc718ad59ff,False,1570320000,0,positif,0.5556,netral,tanpa_emoji,positif,soraya
4m5yC1BPNpw,user_63b1f01ac15d,False,1570320000,0,netral,0.8883,netral,tanpa_emoji,netral,soraya
4m5yC1BPNpw,user_f23f5ff51d55,True,1570320000,1,netral,0.6859,netral,tanpa_emoji,netral,soraya
4m5yC1BPNpw,user_086faf0b0bf2,False,1570320000,0,netral,0.8392,netral,tanpa_emoji,netral,soraya
4m5yC1BPNpw,user_89cd4fed9bba,False,1570320000,0,negatif,0.9377,positif,netral,negatif,soraya
4m5yC1BPNpw,user_d4bbb19be8c1,False,1570320000,0,positif,0.9781,netral,tanpa_emoji,positif,soraya
4m5yC1BPNpw,user_5cfb7bbdbf75,False,1570320000,1,positif,0.9888,positif,tanpa_emoji,positif,soraya
4m5yC1BPNpw,user_91c118ab0120,False,1570320000,0,netral,0.6844,netral,tanpa_emoji,netral,soraya
4m5yC1BPNpw,user_c4368679c0e4,True,1570320000,0,netral,0.9498,netral,tanpa_emoji,netral,soraya
4m5yC1BPNpw,user_91c118ab0120,True,1570320000,0,negatif,0.7916,netral,tanpa_emoji,negatif,soraya
4m5yC1BPNpw,user_c4368679c0e4,True,1570320000,0,netral,0.9698,netral,tanpa_emoji,netral,soraya
4m5yC1BPNpw,user_03abdae3207a,False,1570320000,0,negatif,0.9928,netral,tanpa_emoji,negatif,soraya
4m5yC1BPNpw,user_48402f0915f6,False,1570320000,0,negatif,0.9253,netral,tanpa_emoji,negatif,soraya
4m5yC1BPNpw,user_83e023d93a5f,False,1570320000,0,negatif,0.7972,netral,tanpa_emoji,negatif,soraya
4m5yC1BPNpw,user_48c1f449411b,False,1570320000,2,positif,0.8951,positif,tanpa_emoji,positif,soraya
4m5yC1BPNpw,user_7954ce10f7b7,True,1570320000,0,negatif,0.5004,negatif,tanpa_emoji,negatif,soraya
4m5yC1BPNpw,user_c25bb297fd61,False,1570320000,1,positif,0.9765,netral,tanpa_emoji,positif,soraya
4m5yC1BPNpw,user_361ece4a09da,False,1570320000,0,netral,0.5732,netral,tanpa_emoji,netral,soraya
4m5yC1BPNpw,user_505a7cae0db7,False,1570320000,0,positif,0.959,positif,tanpa_emoji,positif,soraya
4m5yC1BPNpw,user_56192e0da3ac,False,1570320000,0,positif,0.9822,positif,tanpa_emoji,positif,soraya
4m5yC1BPNpw,user_9d297907e6c8,False,1570320000,3,negatif,0.7234,netral,netral,negatif,soraya
4m5yC1BPNpw,user_4c8cbbad7ab6,False,1570320000,1,netral,0.5489,netral,tanpa_emoji,netral,soraya
4m5yC1BPNpw,user_0e6d55b28715,False,1570320000,0,netral,0.7278,netral,tanpa_emoji,netral,soraya
4m5yC1BPNpw,user_df878ef71ea1,False,1570320000,0,positif,0.8902,netral,tanpa_emoji,positif,soraya
4m5yC1BPNpw,user_df878ef71ea1,False,1570320000,0,negatif,0.9214,netral,tanpa_emoji,negatif,soraya
4m5yC1BPNpw,user_57d09ebc0f74,False,1570320000,0,negatif,0.9959,netral,tanpa_emoji,negatif,soraya
4m5yC1BPNpw,user_bb4a616a53ee,False,1570320000,0,negatif,0.8783,netral,tanpa_emoji,negatif,soraya
4m5yC1BPNpw,user_48f50d466006,False,1570320000,0,negatif,0.9922,netral,netral,negatif,soraya
4m5yC1BPNpw,user_07189db42f25,False,1570320000,0,negatif,0.9936,netral,netral,negatif,soraya
4m5yC1BPNpw,user_e51a5c7081ed,False,1570320000,1,positif,0.9962,positif,tanpa_emoji,positif,soraya
4m5yC1BPNpw,user_1ba9d97aaaa5,False,1570320000,0,positif,0.9953,positif,netral,positif,soraya
4m5yC1BPNpw,user_18ba54d01b3c,False,1570320000,0,positif,0.789,netral,tanpa_emoji,positif,soraya
4m5yC1BPNpw,user_f65f35b6afdd,False,1570320000,0,netral,0.9249,netral,tanpa_emoji,netral,soraya
4m5yC1BPNpw,user_7d9d12aed3d9,False,1570320000,0,positif,0.9209,netral,netral,positif,soraya
4m5yC1BPNpw,user_f3b40b438607,False,1570320000,0,positif,0.5544,positif,netral,positif,soraya
4m5yC1BPNpw,user_400d55bd0ce1,False,1570320000,0,netral,0.9904,netral,tanpa_emoji,netral,soraya
4m5yC1BPNpw,user_375a8a602dee,False,1570320000,3,positif,0.9893,positif,tanpa_emoji,positif,soraya
4m5yC1BPNpw,user_375a8a602dee,False,1570320000,0,negatif,0.6374,netral,tanpa_emoji,negatif,soraya
4m5yC1BPNpw,user_bf2c1bed0b4a,False,1570320000,1,negatif,0.9677,netral,tanpa_emoji,negatif,soraya
4m5yC1BPNpw,user_e81240b66970,False,1570320000,1,positif,0.9958,netral,tanpa_emoji,positif,soraya
4m5yC1BPNpw,user_e45713cb5dc0,False,1570320000,2,positif,0.9898,positif,tanpa_emoji,positif,soraya
4m5yC1BPNpw,user_9fee0fed1907,False,1570320000,1,positif,0.9807,positif,tanpa_emoji,positif,soraya
4m5yC1BPNpw,user_e16422c1b37d,False,1570320000,0,negatif,0.5931,negatif,tanpa_emoji,negatif,soraya
4m5yC1BPNpw,user_3e49f8087604,True,1570320000,1,positif,0.9837,netral,tanpa_emoji,positif,soraya
4m5yC1BPNpw,user_d7300ea21720,False,1570320000,0,netral,0.6498,netral,tanpa_emoji,netral,soraya
4m5yC1BPNpw,user_9d297907e6c8,False,1570320000,1,positif,0.9179,negatif,tanpa_emoji,positif,soraya
4m5yC1BPNpw,user_43f62f65fdd1,False,1570320000,0,negatif,0.9461,negatif,tanpa_emoji,negatif,soraya
4m5yC1BPNpw,user_ca05bc658f83,False,1570320000,1,positif,0.9604,netral,tanpa_emoji,positif,soraya
4m5yC1BPNpw,user_b58213d4788a,False,1570320000,0,positif,0.8545,netral,tanpa_emoji,positif,soraya
4m5yC1BPNpw,user_b765fae825fd,False,1570320000,0,negatif,0.7904,netral,tanpa_emoji,negatif,soraya
4m5yC1BPNpw,user_ceb8cd1c4186,False,1570320000,59,positif,0.972,netral,tanpa_emoji,positif,soraya
4m5yC1BPNpw,user_d0f464229220,True,1601942400,1,netral,0.8081,netral,tanpa_emoji,netral,soraya
4m5yC1BPNpw,user_ed01bd06ef46,True,1570320000,0,netral,0.5677,netral,tanpa_emoji,netral,soraya
4m5yC1BPNpw,user_c1c5d973b2cd,True,1633478400,0,netral,0.5677,netral,tanpa_emoji,netral,soraya
4m5yC1BPNpw,user_93b5d49ad4c1,True,1633478400,0,netral,0.5677,netral,tanpa_emoji,netral,soraya
4m5yC1BPNpw,user_50a483b25b43,False,1570320000,4,negatif,0.9979,negatif,negatif,negatif,soraya
4m5yC1BPNpw,user_9f12c71e8cc2,True,1570320000,0,netral,0.9637,netral,tanpa_emoji,netral,soraya
4m5yC1BPNpw,user_24f2baaa2739,False,1570320000,0,netral,0.5789,netral,tanpa_emoji,netral,soraya
4m5yC1BPNpw,user_ea0c50b16349,False,1570320000,0,negatif,0.9412,positif,positif,negatif,soraya
4m5yC1BPNpw,user_26b5c5998dfd,False,1570320000,0,positif,0.9949,positif,positif,positif,soraya
4m5yC1BPNpw,user_050d09362024,False,1570320000,0,negatif,0.8993,negatif,tanpa_emoji,negatif,soraya
4m5yC1BPNpw,user_65a352116254,False,1570320000,0,netral,0.5066,netral,tanpa_emoji,netral,soraya
4m5yC1BPNpw,user_0ea9a5a1b002,False,1570320000,0,positif,0.5198,netral,tanpa_emoji,positif,soraya
4m5yC1BPNpw,user_f23f5ff51d55,True,1570320000,0,negatif,0.9816,netral,tanpa_emoji,negatif,soraya
4m5yC1BPNpw,user_9728d99ae7ec,False,1570320000,1,positif,0.969,positif,tanpa_emoji,positif,soraya
4m5yC1BPNpw,user_20c6dc01aa02,False,1570320000,0,negatif,0.7279,netral,tanpa_emoji,negatif,soraya
4m5yC1BPNpw,user_78e32518176f,True,1570320000,0,negatif,0.6875,netral,tanpa_emoji,negatif,soraya
4m5yC1BPNpw,user_e6da66e0ebfc,False,1570320000,6,negatif,0.8421,netral,tanpa_emoji,negatif,soraya
4m5yC1BPNpw,user_d171a70f4c98,True,1570320000,0,negatif,0.9961,netral,tanpa_emoji,negatif,soraya
4m5yC1BPNpw,user_30c6794bd5d9,False,1570320000,4,netral,0.6303,netral,netral,netral,soraya
4m5yC1BPNpw,user_569b61642118,False,1570320000,0,negatif,0.9902,netral,tanpa_emoji,negatif,soraya
4m5yC1BPNpw,user_0727e03c54bc,False,1570320000,0,negatif,0.9899,netral,tanpa_emoji,negatif,soraya
4m5yC1BPNpw,user_c0e651140620,False,1570320000,0,negatif,0.6429,negatif,tanpa_emoji,negatif,soraya
4m5yC1BPNpw,user_f23f5ff51d55,True,1570320000,0,negatif,0.858,negatif,tanpa_emoji,negatif,soraya
4m5yC1BPNpw,user_ea5535048605,False,1570320000,0,netral,0.5581,netral,tanpa_emoji,netral,soraya
4m5yC1BPNpw,user_4f2ba3ba91f3,False,1570320000,0,negatif,0.9885,netral,tanpa_emoji,negatif,soraya
4m5yC1BPNpw,user_f136f22af601,False,1570320000,0,netral,0.9973,netral,tanpa_emoji,netral,soraya
4m5yC1BPNpw,user_ce70f57f4864,False,1570320000,0,negatif,0.5621,netral,tanpa_emoji,negatif,soraya
4m5yC1BPNpw,user_d9ee39f8934a,False,1570320000,1,positif,0.7776,positif,netral,positif,soraya
4m5yC1BPNpw,user_f3e52455ad64,False,1570320000,1,negatif,0.9926,negatif,tanpa_emoji,negatif,soraya
4m5yC1BPNpw,user_f2cc1e3921a1,False,1570320000,22,positif,0.9943,positif,tanpa_emoji,positif,soraya
4m5yC1BPNpw,user_94cc681050a0,False,1570320000,8,positif,0.9941,positif,positif,positif,soraya
4m5yC1BPNpw,user_d06ac4ae7bc1,False,1570320000,6,positif,0.9269,positif,tanpa_emoji,positif,soraya
4m5yC1BPNpw,user_c0699f160659,False,1570320000,0,negatif,0.985,netral,tanpa_emoji,negatif,soraya
4m5yC1BPNpw,user_d702647653fc,False,1570320000,0,positif,0.8555,netral,tanpa_emoji,positif,soraya
4m5yC1BPNpw,user_079eb9225127,False,1570320000,0,netral,0.991,netral,tanpa_emoji,netral,soraya
4m5yC1BPNpw,user_7a58f6450ecc,False,1570320000,1,positif,0.9888,positif,tanpa_emoji,positif,soraya
4m5yC1BPNpw,user_6af74f7f08ff,False,1570320000,1,netral,0.6453,netral,tanpa_emoji,netral,soraya
4m5yC1BPNpw,user_69e373734fd5,False,1570320000,2,positif,0.9768,positif,netral,positif,soraya
4m5yC1BPNpw,user_2fc548ba8518,False,1570320000,0,positif,0.7782,positif,tanpa_emoji,positif,soraya
4m5yC1BPNpw,user_0c87597ea311,False,1570320000,2,positif,0.9921,positif,tanpa_emoji,positif,soraya
4m5yC1BPNpw,user_aca4f4ebe033,False,1570320000,50,positif,0.9732,positif,tanpa_emoji,positif,soraya
4m5yC1BPNpw,user_e376442b417a,True,1570320000,3,negatif,0.9936,netral,tanpa_emoji,negatif,soraya
4m5yC1BPNpw,user_a4ba692a46be,True,1570320000,2,netral,0.5109,netral,tanpa_emoji,netral,soraya
4m5yC1BPNpw,user_0d9aab5bac08,True,1570320000,1,negatif,0.9897,netral,tanpa_emoji,negatif,soraya
4m5yC1BPNpw,user_72d3baaa9cf9,False,1570320000,0,positif,0.9941,positif,tanpa_emoji,positif,soraya
4m5yC1BPNpw,user_400dae212fb2,False,1570320000,0,negatif,0.8643,netral,tanpa_emoji,negatif,soraya
4m5yC1BPNpw,user_5247ce634d5f,False,1570320000,1,negatif,0.7194,netral,tanpa_emoji,negatif,soraya
4m5yC1BPNpw,user_731a3d27be5f,False,1570320000,1,negatif,0.759,netral,netral,negatif,soraya
4m5yC1BPNpw,user_b95564fd8c3e,False,1570320000,0,negatif,0.9842,positif,tanpa_emoji,negatif,soraya
4m5yC1BPNpw,user_37fb83ca684e,False,1570320000,0,negatif,0.8717,netral,tanpa_emoji,negatif,soraya
4m5yC1BPNpw,user_e4861ca4ccc0,True,1570320000,0,negatif,0.7689,netral,tanpa_emoji,negatif,soraya
4m5yC1BPNpw,user_482b92c402d7,False,1570320000,0,negatif,0.4626,positif,tanpa_emoji,negatif,soraya
4m5yC1BPNpw,user_9dd78cc4cd9c,False,1570320000,1,positif,0.9807,positif,tanpa_emoji,positif,soraya
4m5yC1BPNpw,user_0592fbfaac89,False,1570320000,0,netral,0.7449,netral,tanpa_emoji,netral,soraya
4m5yC1BPNpw,user_cdd90142571b,False,1570320000,0,positif,0.6941,netral,tanpa_emoji,positif,soraya
4m5yC1BPNpw,user_d873ef0752eb,False,1570320000,0,negatif,0.9646,positif,tanpa_emoji,negatif,soraya
4m5yC1BPNpw,user_82c8e1ee1d41,False,1570320000,0,negatif,0.875,positif,tanpa_emoji,negatif,soraya
4m5yC1BPNpw,user_3dfeb5f68de1,False,1570320000,0,positif,0.8089,netral,tanpa_emoji,positif,soraya
4m5yC1BPNpw,user_9cd6b2a8ed59,False,1570320000,0,positif,0.9434,positif,tanpa_emoji,positif,soraya
4m5yC1BPNpw,user_dc9cba2188d7,False,1570320000,0,positif,0.9852,positif,positif,positif,soraya
4m5yC1BPNpw,user_bc000e9a6975,False,1570320000,0,netral,0.7081,netral,tanpa_emoji,netral,soraya
4m5yC1BPNpw,user_59e39112d4a0,False,1570320000,3,positif,0.9944,positif,tanpa_emoji,positif,soraya
4m5yC1BPNpw,user_f0652a332a9d,False,1570320000,2,positif,0.9918,positif,tanpa_emoji,positif,soraya
4m5yC1BPNpw,user_9e845dfc097b,False,1570320000,1,positif,0.9897,positif,tanpa_emoji,positif,soraya
4m5yC1BPNpw,user_e0594e6e7756,False,1570320000,0,negatif,0.6582,netral,tanpa_emoji,negatif,soraya
4m5yC1BPNpw,user_2acc1468ba12,False,1570320000,0,positif,0.969,netral,tanpa_emoji,positif,soraya
4m5yC1BPNpw,user_0f46e4d9d542,False,1570320000,0,netral,0.9048,netral,tanpa_emoji,netral,soraya
4m5yC1BPNpw,user_a9a6698f7844,False,1570320000,0,positif,0.8423,negatif,tanpa_emoji,positif,soraya
4m5yC1BPNpw,user_78e32518176f,True,1570320000,0,positif,0.7049,netral,tanpa_emoji,positif,soraya
4m5yC1BPNpw,user_a9a6698f7844,True,1570320000,0,netral,0.637,negatif,netral,netral,soraya
4m5yC1BPNpw,user_78e32518176f,True,1570320000,1,netral,0.7922,netral,tanpa_emoji,netral,soraya
4m5yC1BPNpw,user_598d5bbd00c7,False,1570320000,0,negatif,0.9636,netral,tanpa_emoji,negatif,soraya
4m5yC1BPNpw,user_8c1dbed1e0d4,False,1570320000,0,positif,0.9977,positif,tanpa_emoji,positif,soraya
4m5yC1BPNpw,user_82eed7ade2c5,False,1570320000,0,negatif,0.9354,netral,tanpa_emoji,negatif,soraya
4m5yC1BPNpw,user_fabd1b507f68,False,1570320000,0,positif,0.9564,netral,tanpa_emoji,positif,soraya
4m5yC1BPNpw,user_3e6a16847d9c,False,1570320000,5,positif,0.9904,positif,positif,positif,soraya
4m5yC1BPNpw,user_18af6e4c4e8f,True,1570320000,1,positif,0.5155,positif,tanpa_emoji,positif,soraya
4m5yC1BPNpw,user_9a974b713a0c,False,1570320000,0,positif,0.9636,positif,tanpa_emoji,positif,soraya
4m5yC1BPNpw,user_eea0a2d228da,False,1570320000,0,negatif,0.901,netral,tanpa_emoji,negatif,soraya
4m5yC1BPNpw,user_8379b0df1aa1,False,1570320000,0,negatif,0.9829,negatif,netral,negatif,soraya
4m5yC1BPNpw,user_e1943fb98b80,False,1570320000,0,negatif,0.9782,netral,tanpa_emoji,negatif,soraya
4m5yC1BPNpw,user_1f4d001a7aa2,False,1570320000,2,positif,0.918,netral,tanpa_emoji,positif,soraya
4m5yC1BPNpw,user_596eb1ad1000,False,1570320000,0,negatif,0.9064,netral,tanpa_emoji,negatif,soraya
4m5yC1BPNpw,user_741e94e0ad22,False,1570320000,0,positif,0.6271,netral,tanpa_emoji,positif,soraya
4m5yC1BPNpw,user_cce78b28ff4c,False,1570320000,0,negatif,0.5045,positif,tanpa_emoji,negatif,soraya
4m5yC1BPNpw,user_f40315323174,False,1570320000,0,netral,0.5776,netral,tanpa_emoji,netral,soraya
4m5yC1BPNpw,user_c122b7e4c01f,False,1570320000,0,positif,0.8965,netral,tanpa_emoji,positif,soraya
4m5yC1BPNpw,user_06d9136131ff,False,1570320000,0,netral,0.9935,netral,tanpa_emoji,netral,soraya
4m5yC1BPNpw,user_0d9aab5bac08,True,1570320000,0,negatif,0.5447,negatif,tanpa_emoji,negatif,soraya
4m5yC1BPNpw,user_74ccca72b6af,False,1570320000,1,positif,0.996,positif,tanpa_emoji,positif,soraya
4m5yC1BPNpw,user_5284b6f293ee,False,1570320000,0,negatif,0.9985,negatif,netral,negatif,soraya
4m5yC1BPNpw,user_1f2d4c93ad98,False,1570320000,0,negatif,0.9994,netral,tanpa_emoji,negatif,soraya
4m5yC1BPNpw,user_f04d9dc5fd26,False,1570320000,0,negatif,0.6627,netral,tanpa_emoji,negatif,soraya
4m5yC1BPNpw,user_aae1dc20b9dc,False,1570320000,0,negatif,0.9919,netral,tanpa_emoji,negatif,soraya
4m5yC1BPNpw,user_e870d8c07982,False,1570320000,6,negatif,0.5856,netral,tanpa_emoji,negatif,soraya
4m5yC1BPNpw,user_7f7d4904e073,False,1570320000,0,netral,0.7246,netral,tanpa_emoji,netral,soraya
4m5yC1BPNpw,user_0d9aab5bac08,True,1570320000,0,negatif,0.9929,negatif,tanpa_emoji,negatif,soraya
4m5yC1BPNpw,user_5468de38d954,False,1570320000,0,positif,0.6813,positif,positif,positif,soraya
4m5yC1BPNpw,user_dc1626e07144,False,1570320000,0,negatif,0.9286,netral,netral,negatif,soraya
4m5yC1BPNpw,user_2debd82c645e,False,1570320000,0,negatif,0.4835,positif,tanpa_emoji,negatif,soraya
4m5yC1BPNpw,user_099618439add,False,1570320000,0,positif,0.664,netral,netral,positif,soraya
4m5yC1BPNpw,user_a25ec37e8242,False,1570320000,0,negatif,0.7735,netral,tanpa_emoji,negatif,soraya
4m5yC1BPNpw,user_30490cb1d4f9,False,1570320000,1,positif,0.9987,positif,positif,positif,soraya
4m5yC1BPNpw,user_0c3d014383ee,False,1570320000,1,positif,0.9976,netral,tanpa_emoji,positif,soraya
4m5yC1BPNpw,user_8fc3af61fac3,False,1570320000,0,netral,0.7296,netral,tanpa_emoji,netral,soraya
4m5yC1BPNpw,user_de6e12022a9b,False,1570320000,0,negatif,0.9663,positif,tanpa_emoji,negatif,soraya
4m5yC1BPNpw,user_25266a7e7a40,False,1570320000,0,negatif,0.9828,netral,tanpa_emoji,negatif,soraya
4m5yC1BPNpw,user_af62ca9b2eff,False,1570320000,3,positif,0.9992,positif,positif,positif,soraya
4m5yC1BPNpw,user_49956f8338ef,False,1570320000,3,negatif,0.9953,negatif,netral,negatif,soraya
4m5yC1BPNpw,user_421e85956047,False,1570320000,2,negatif,0.9981,negatif,tanpa_emoji,negatif,soraya
4m5yC1BPNpw,user_e79f49918d37,False,1570320000,3,negatif,0.9958,positif,tanpa_emoji,negatif,soraya
4m5yC1BPNpw,user_bb1cd8c40bc0,False,1570320000,2,positif,0.9386,positif,tanpa_emoji,positif,soraya
4m5yC1BPNpw,user_77d8bf0cfe75,False,1570320000,4,positif,0.7821,positif,positif,positif,soraya
4m5yC1BPNpw,user_0a1dce5b062f,False,1570320000,2,negatif,0.8349,negatif,tanpa_emoji,negatif,soraya
4m5yC1BPNpw,user_c2a5631a271e,False,1570320000,0,positif,0.6885,netral,tanpa_emoji,positif,soraya
4m5yC1BPNpw,user_fa944c829d81,False,1570320000,0,positif,0.6307,positif,tanpa_emoji,positif,soraya
4m5yC1BPNpw,user_702a579b0a42,False,1570320000,1,positif,0.89,positif,netral,positif,soraya
4m5yC1BPNpw,user_bb22218d7c32,False,1570320000,1,negatif,0.7548,netral,tanpa_emoji,negatif,soraya
4m5yC1BPNpw,user_f3fd94e263cf,True,1570320000,0,negatif,0.9977,netral,tanpa_emoji,negatif,soraya
4m5yC1BPNpw,user_7547189350c1,False,1570320000,0,negatif,0.9022,netral,tanpa_emoji,negatif,soraya
4m5yC1BPNpw,user_f5fe78186d2f,False,1570320000,1,netral,0.9834,netral,tanpa_emoji,netral,soraya
4m5yC1BPNpw,user_c6ad482b807f,False,1570320000,0,negatif,0.9884,positif,tanpa_emoji,negatif,soraya
4m5yC1BPNpw,user_e952b0a04ad7,False,1570320000,0,negatif,0.5175,positif,tanpa_emoji,negatif,soraya
4m5yC1BPNpw,user_fcf64d6641cf,False,1570320000,0,netral,0.836,netral,tanpa_emoji,netral,soraya
4m5yC1BPNpw,user_8f4635c35316,False,1570320000,0,positif,0.9755,positif,tanpa_emoji,positif,soraya
4m5yC1BPNpw,user_0f63f2a54b4d,False,1570320000,1,positif,0.9542,positif,tanpa_emoji,positif,soraya
4m5yC1BPNpw,user_6d21a38b7776,False,1570320000,2,negatif,0.9011,positif,tanpa_emoji,negatif,soraya
4m5yC1BPNpw,user_dcbba295f393,False,1570320000,0,netral,0.7346,netral,tanpa_emoji,netral,soraya
4m5yC1BPNpw,user_bf2c1bed0b4a,False,1570320000,0,negatif,0.6787,netral,tanpa_emoji,negatif,soraya
4m5yC1BPNpw,user_efd0d087af42,False,1570320000,1,positif,0.9811,netral,tanpa_emoji,positif,soraya
4m5yC1BPNpw,user_94345932ea7a,False,1570320000,0,negatif,0.5118,netral,tanpa_emoji,negatif,soraya
4m5yC1BPNpw,user_20372bf7f265,False,1570320000,0,negatif,0.8172,netral,tanpa_emoji,negatif,soraya
4m5yC1BPNpw,user_b183dd2d2937,False,1570320000,0,negatif,0.9813,negatif,tanpa_emoji,negatif,soraya
4m5yC1BPNpw,user_4cfcc58da0a4,False,1570320000,0,negatif,0.9977,positif,tanpa_emoji,negatif,soraya
4m5yC1BPNpw,user_f23f5ff51d55,True,1570320000,0,positif,0.8905,positif,tanpa_emoji,positif,soraya
4m5yC1BPNpw,user_4cfcc58da0a4,True,1570320000,1,positif,0.4809,netral,tanpa_emoji,positif,soraya
4m5yC1BPNpw,user_ec26f70f3a4f,False,1570320000,1,positif,0.5119,netral,netral,positif,soraya
4m5yC1BPNpw,user_55c4bde63933,False,1570320000,2,positif,0.9761,positif,tanpa_emoji,positif,soraya
4m5yC1BPNpw,user_eb731d5af38b,False,1570320000,0,negatif,0.9942,negatif,tanpa_emoji,negatif,soraya
4m5yC1BPNpw,user_f23f5ff51d55,True,1570320000,0,negatif,0.9951,netral,tanpa_emoji,negatif,soraya
4m5yC1BPNpw,user_4148d157d018,False,1570320000,2,negatif,0.8334,netral,tanpa_emoji,negatif,soraya
4m5yC1BPNpw,user_b25801477c4d,False,1570320000,0,negatif,0.99,negatif,tanpa_emoji,negatif,soraya
4m5yC1BPNpw,user_138173721c60,False,1570320000,0,negatif,0.8976,netral,tanpa_emoji,negatif,soraya
4m5yC1BPNpw,user_1dc63d3095b0,False,1570320000,1,netral,0.5628,positif,tanpa_emoji,netral,soraya
4m5yC1BPNpw,user_df95a820001d,False,1570320000,1,positif,0.9859,positif,tanpa_emoji,positif,soraya
4m5yC1BPNpw,user_f794d4c2bbba,False,1570320000,0,positif,0.415,positif,tanpa_emoji,positif,soraya
4m5yC1BPNpw,user_ab1687113cc0,False,1570320000,1,negatif,0.9911,negatif,tanpa_emoji,negatif,soraya
4m5yC1BPNpw,user_09d30becdabb,False,1570320000,3,positif,0.9971,positif,tanpa_emoji,positif,soraya
4m5yC1BPNpw,user_e25d92f87bc9,False,1570320000,1,positif,0.9639,positif,tanpa_emoji,positif,soraya
4m5yC1BPNpw,user_e44d50e1e486,False,1570320000,1,negatif,0.9987,netral,tanpa_emoji,negatif,soraya
4m5yC1BPNpw,user_371778454ae2,False,1570320000,1,netral,0.4316,positif,positif,positif,soraya
4m5yC1BPNpw,user_00e8fc3a6cfa,False,1570320000,1,negatif,0.9682,positif,tanpa_emoji,negatif,soraya
4m5yC1BPNpw,user_f23f5ff51d55,True,1570320000,0,negatif,0.9875,netral,tanpa_emoji,negatif,soraya
4m5yC1BPNpw,user_4956579069b8,False,1570320000,1,positif,0.7843,negatif,tanpa_emoji,positif,soraya
4m5yC1BPNpw,user_10add418418a,False,1570320000,1,netral,0.5046,netral,tanpa_emoji,netral,soraya
4m5yC1BPNpw,user_c0c2c49aad0c,True,1570320000,1,positif,0.9761,netral,tanpa_emoji,positif,soraya
4m5yC1BPNpw,user_10add418418a,True,1570320000,0,netral,0.9842,netral,tanpa_emoji,netral,soraya
4m5yC1BPNpw,user_f23f5ff51d55,True,1570320000,0,netral,0.6295,netral,tanpa_emoji,netral,soraya
4m5yC1BPNpw,user_f23f5ff51d55,True,1570320000,0,netral,0.8571,netral,tanpa_emoji,netral,soraya
7HpkNw-eYh0,user_80a4ba4be199,False,1696550400,41,positif,0.9922,positif,positif,positif,soraya
7HpkNw-eYh0,user_21fd1d472b5a,False,1696550400,63,negatif,0.6733,positif,positif,negatif,soraya
7HpkNw-eYh0,user_19fa0fa7df16,True,1696550400,3,netral,0.8989,netral,tanpa_emoji,netral,soraya
7HpkNw-eYh0,user_747cc88feeff,True,1696550400,1,negatif,0.6131,netral,tanpa_emoji,negatif,soraya
7HpkNw-eYh0,user_8747dbd46ac4,False,1696550400,15,positif,0.9535,positif,tanpa_emoji,positif,soraya
7HpkNw-eYh0,user_cc871832f6d9,False,1696550400,14,positif,0.9823,positif,tanpa_emoji,positif,soraya
7HpkNw-eYh0,user_735ce6edadd6,False,1696550400,12,positif,0.9936,positif,positif,positif,soraya
7HpkNw-eYh0,user_4c2cccc3fe1a,False,1696550400,14,positif,0.5806,positif,tanpa_emoji,positif,soraya
7HpkNw-eYh0,user_bac2c21e050f,False,1696550400,10,positif,0.9722,positif,positif,positif,soraya
7HpkNw-eYh0,user_e01e1d6defe7,False,1696550400,4,netral,0.7501,netral,tanpa_emoji,netral,soraya
7HpkNw-eYh0,user_ad6b57e2d58d,False,1696550400,3,positif,0.8802,negatif,tanpa_emoji,positif,soraya
7HpkNw-eYh0,user_5336150dde92,False,1696550400,4,positif,0.9954,positif,positif,positif,soraya
7HpkNw-eYh0,user_eb72e921a596,False,1696550400,5,positif,0.9956,positif,tanpa_emoji,positif,soraya
7HpkNw-eYh0,user_ff8e134d11d8,False,1696550400,4,positif,0.9967,netral,tanpa_emoji,positif,soraya
7HpkNw-eYh0,user_ced2eb79e744,False,1696550400,4,positif,0.9547,positif,tanpa_emoji,positif,soraya
7HpkNw-eYh0,user_02d76505266c,False,1696550400,2,negatif,0.4599,netral,netral,negatif,soraya
7HpkNw-eYh0,user_0cbde596adbf,False,1696550400,3,negatif,0.9811,netral,tanpa_emoji,negatif,soraya
7HpkNw-eYh0,user_f26ab044d01a,False,1696550400,1,netral,0.586,positif,tanpa_emoji,netral,soraya
7HpkNw-eYh0,user_71232cecb0c8,False,1696550400,2,positif,0.994,netral,tanpa_emoji,positif,soraya
7HpkNw-eYh0,user_d1386ff90d96,False,1696550400,1,positif,0.7751,positif,positif,positif,soraya
7HpkNw-eYh0,user_c97d46c59768,False,1696550400,1,positif,0.6068,positif,tanpa_emoji,positif,soraya
7HpkNw-eYh0,user_1d9abab4d7e9,False,1696550400,9,positif,0.9971,positif,positif,positif,soraya
7HpkNw-eYh0,user_db3aaaba71ec,True,1696550400,1,negatif,0.6035,positif,tanpa_emoji,negatif,soraya
7HpkNw-eYh0,user_ade15c1dcce8,False,1696550400,2,negatif,0.9489,positif,positif,negatif,soraya
7HpkNw-eYh0,user_d10cb528a56f,False,1696550400,1,positif,0.9692,positif,tanpa_emoji,positif,soraya
7HpkNw-eYh0,user_3d88f93538cf,False,1696550400,1,positif,0.6283,positif,tanpa_emoji,positif,soraya
7HpkNw-eYh0,user_d571ae693d04,False,1696550400,2,positif,0.9796,positif,positif,positif,soraya
7HpkNw-eYh0,user_67924e873de8,False,1696550400,2,negatif,0.6464,netral,netral,negatif,soraya
7HpkNw-eYh0,user_21fd1d472b5a,False,1696550400,2,negatif,0.9813,negatif,netral,negatif,soraya
7HpkNw-eYh0,user_d78fe978e69b,False,1696550400,1,positif,0.5229,negatif,netral,positif,soraya
7HpkNw-eYh0,user_492ed3e12946,False,1759708800,0,negatif,0.997,netral,tanpa_emoji,negatif,soraya
7HpkNw-eYh0,user_69984f42a6b4,False,1696550400,1,positif,0.5626,netral,tanpa_emoji,positif,soraya
7HpkNw-eYh0,user_fba9e980acab,False,1696550400,1,negatif,0.9553,positif,netral,negatif,soraya
7HpkNw-eYh0,user_e9ba6e7e1729,False,1696550400,1,positif,0.7944,netral,tanpa_emoji,positif,soraya
7HpkNw-eYh0,user_62ee83b68d3a,False,1696550400,0,netral,0.9754,netral,tanpa_emoji,netral,soraya
7HpkNw-eYh0,user_161211c4e4df,False,1696550400,1,positif,0.8998,positif,positif,positif,soraya
7HpkNw-eYh0,user_fb1e074b1617,False,1696550400,0,positif,0.83,positif,positif,positif,soraya
7HpkNw-eYh0,user_fd5a0b545ca8,False,1696550400,1,negatif,0.7086,netral,tanpa_emoji,negatif,soraya
7HpkNw-eYh0,user_66949c68c658,False,1696550400,0,positif,0.8504,positif,tanpa_emoji,positif,soraya
7HpkNw-eYh0,user_941f3066840a,False,1696550400,0,positif,0.9755,positif,tanpa_emoji,positif,soraya
7HpkNw-eYh0,user_352d85b394a5,False,1696550400,0,negatif,0.9976,netral,tanpa_emoji,negatif,soraya
7HpkNw-eYh0,user_0ad45b66d7cf,False,1696550400,0,negatif,0.6484,positif,positif,negatif,soraya
7HpkNw-eYh0,user_493aff7998eb,False,1696550400,0,positif,0.9689,positif,positif,positif,soraya
7HpkNw-eYh0,user_48ac6b28e9ba,False,1696550400,0,positif,0.963,netral,tanpa_emoji,positif,soraya
7HpkNw-eYh0,user_554624c4cc39,False,1696550400,1,positif,0.9944,positif,tanpa_emoji,positif,soraya
7HpkNw-eYh0,user_aa339e34cafd,False,1696550400,1,positif,0.6411,positif,positif,positif,soraya
7HpkNw-eYh0,user_f650f2ebf10d,False,1696550400,0,positif,0.9176,positif,positif,positif,soraya
7HpkNw-eYh0,user_6b158a9ada15,False,1696550400,1,negatif,0.9987,negatif,tanpa_emoji,negatif,soraya
7HpkNw-eYh0,user_cdf5740d57f3,False,1696550400,1,negatif,0.8548,netral,tanpa_emoji,negatif,soraya
7HpkNw-eYh0,user_6b4feea733d7,False,1696550400,0,positif,0.9845,positif,positif,positif,soraya
7HpkNw-eYh0,user_762ecb984c65,False,1696550400,0,negatif,0.9974,positif,tanpa_emoji,negatif,soraya
7HpkNw-eYh0,user_ef8650955590,False,1696550400,0,netral,0.673,netral,tanpa_emoji,netral,soraya
7HpkNw-eYh0,user_5476a923ad93,False,1696550400,0,negatif,0.9985,netral,positif,negatif,soraya
7HpkNw-eYh0,user_9a15c7c52bc8,False,1696550400,0,positif,0.9679,positif,positif,positif,soraya
7HpkNw-eYh0,user_a609e29e8e82,False,1696550400,0,positif,0.536,positif,tanpa_emoji,positif,soraya
7HpkNw-eYh0,user_e7675341d928,False,1696550400,0,positif,0.9584,positif,netral,positif,soraya
7HpkNw-eYh0,user_fc1429deba50,False,1696550400,0,positif,0.9981,netral,netral,positif,soraya
7HpkNw-eYh0,user_b03de4a8f230,False,1696550400,0,netral,0.4845,netral,tanpa_emoji,netral,soraya
7HpkNw-eYh0,user_15291710c68b,False,1696550400,1,positif,0.9961,positif,tanpa_emoji,positif,soraya
7HpkNw-eYh0,user_70ecfd8f7a4a,False,1696550400,0,netral,0.8732,netral,netral,netral,soraya
7HpkNw-eYh0,user_dcaa583ef916,False,1696550400,0,negatif,0.9985,netral,tanpa_emoji,negatif,soraya
7HpkNw-eYh0,user_ac4d31f12bf3,False,1696550400,0,negatif,0.8519,netral,netral,negatif,soraya
7HpkNw-eYh0,user_a2c66e97679d,False,1696550400,0,positif,0.81,netral,tanpa_emoji,positif,soraya
7HpkNw-eYh0,user_a559b8625850,False,1696550400,0,positif,0.5466,netral,tanpa_emoji,positif,soraya
7HpkNw-eYh0,user_2ea39ede2d01,False,1696550400,3,positif,0.9591,netral,tanpa_emoji,positif,soraya
7HpkNw-eYh0,user_e3a3fec1764d,True,1696550400,0,negatif,0.997,positif,positif,negatif,soraya
7HpkNw-eYh0,user_77487729f27d,False,1696550400,0,negatif,0.6664,netral,tanpa_emoji,negatif,soraya
7HpkNw-eYh0,user_a550204143e0,False,1696550400,1,negatif,0.5779,netral,tanpa_emoji,negatif,soraya
7HpkNw-eYh0,user_375392259f0f,False,1696550400,1,positif,0.9532,positif,positif,positif,soraya
7HpkNw-eYh0,user_8c53523b751e,False,1696550400,0,positif,0.9581,positif,tanpa_emoji,positif,soraya
7HpkNw-eYh0,user_d21a0f4635e0,False,1696550400,0,positif,0.4052,netral,tanpa_emoji,positif,soraya
7HpkNw-eYh0,user_d618dbff7270,False,1696550400,0,negatif,0.8356,netral,tanpa_emoji,negatif,soraya
7HpkNw-eYh0,user_f01ab762eaa6,False,1696550400,0,negatif,0.8201,positif,tanpa_emoji,negatif,soraya
7HpkNw-eYh0,user_bc7753f91b56,False,1696550400,0,negatif,0.9839,netral,tanpa_emoji,negatif,soraya
7HpkNw-eYh0,user_764e33a1cff2,False,1696550400,0,positif,0.997,positif,positif,positif,soraya
7HpkNw-eYh0,user_84a5b9e694c2,False,1696550400,0,netral,0.9874,netral,netral,netral,soraya
7HpkNw-eYh0,user_516daa85eaa4,False,1696550400,0,positif,0.9636,positif,tanpa_emoji,positif,soraya
7HpkNw-eYh0,user_18212f2c01d8,False,1696550400,0,positif,0.988,positif,positif,positif,soraya
7HpkNw-eYh0,user_1415ebdb72aa,False,1696550400,0,negatif,0.9761,positif,tanpa_emoji,negatif,soraya
7HpkNw-eYh0,user_b60a00aba33b,False,1728172800,0,positif,0.8414,netral,tanpa_emoji,positif,soraya
7HpkNw-eYh0,user_de055eeddf24,False,1696550400,0,negatif,0.9567,positif,positif,negatif,soraya
7HpkNw-eYh0,user_7935e603c4b0,False,1696550400,0,positif,0.9399,positif,positif,positif,soraya
7HpkNw-eYh0,user_1a80b92fe552,False,1696550400,0,positif,0.6504,positif,tanpa_emoji,positif,soraya
7HpkNw-eYh0,user_989d2a7b441f,False,1696550400,0,positif,0.9918,positif,tanpa_emoji,positif,soraya
7HpkNw-eYh0,user_f30faacb81b9,False,1696550400,0,positif,0.9948,positif,tanpa_emoji,positif,soraya
7HpkNw-eYh0,user_4590272b7da1,False,1696550400,0,positif,0.9817,positif,tanpa_emoji,positif,soraya
7HpkNw-eYh0,user_12bcccaeaa8c,False,1696550400,0,positif,0.9567,positif,positif,positif,soraya
7HpkNw-eYh0,user_26fa5f61ef44,False,1696550400,0,negatif,0.964,positif,tanpa_emoji,negatif,soraya
7HpkNw-eYh0,user_029077625bb4,False,1696550400,0,positif,0.9984,positif,tanpa_emoji,positif,soraya
7HpkNw-eYh0,user_3f819d59cd9e,False,1696550400,0,positif,0.9561,positif,tanpa_emoji,positif,soraya
7HpkNw-eYh0,user_6578329ddd76,False,1696550400,0,netral,0.9179,positif,positif,netral,soraya
7HpkNw-eYh0,user_9c3db5371075,False,1696550400,0,negatif,0.9488,positif,positif,negatif,soraya
7HpkNw-eYh0,user_5c5018af6f7c,False,1696550400,0,positif,0.7166,netral,tanpa_emoji,positif,soraya
7HpkNw-eYh0,user_4dd1edd8f99f,False,1696550400,0,positif,0.9768,positif,tanpa_emoji,positif,soraya
7HpkNw-eYh0,user_32459a5cb58d,False,1696550400,10,positif,0.9972,positif,positif,positif,soraya
7HpkNw-eYh0,user_5a01d49784eb,True,1696550400,0,negatif,0.7618,positif,tanpa_emoji,negatif,soraya
7HpkNw-eYh0,user_b2da7a12a44a,True,1696550400,1,negatif,0.6861,negatif,tanpa_emoji,negatif,soraya
7HpkNw-eYh0,user_aea7b1adbdb6,True,1696550400,0,negatif,0.5516,netral,netral,negatif,soraya
7HpkNw-eYh0,user_3a100131669e,True,1696550400,0,negatif,0.9258,positif,tanpa_emoji,negatif,soraya
7HpkNw-eYh0,user_853f73abf97b,False,1696550400,0,negatif,0.9539,netral,tanpa_emoji,negatif,soraya
7HpkNw-eYh0,user_5eb6745b8671,False,1696550400,0,positif,0.9979,positif,positif,positif,soraya
7HpkNw-eYh0,user_8854c3ef80a9,False,1696550400,0,positif,0.933,netral,tanpa_emoji,positif,soraya
7HpkNw-eYh0,user_3a100131669e,False,1696550400,0,positif,0.3826,netral,tanpa_emoji,positif,soraya
7HpkNw-eYh0,user_9f285ee7b23c,False,1696550400,0,negatif,0.9484,netral,tanpa_emoji,negatif,soraya
7HpkNw-eYh0,user_4dc450356115,False,1696550400,1,negatif,0.9239,netral,tanpa_emoji,negatif,soraya
7HpkNw-eYh0,user_1e494449bb21,False,1696550400,0,positif,0.728,netral,netral,positif,soraya
7HpkNw-eYh0,user_29f2af5f6c45,False,1696550400,0,positif,0.9969,netral,tanpa_emoji,positif,soraya
7HpkNw-eYh0,user_ae3bfcc796bb,False,1696550400,0,negatif,0.9988,netral,tanpa_emoji,negatif,soraya
7HpkNw-eYh0,user_0dcabe3ae1de,False,1696550400,0,negatif,0.9222,positif,positif,negatif,soraya
7HpkNw-eYh0,user_0fdd06f5d1ad,False,1759708800,0,positif,0.6016,positif,positif,positif,soraya
7HpkNw-eYh0,user_df8ef2cf5885,False,1696550400,1,positif,0.7902,netral,tanpa_emoji,positif,soraya
7HpkNw-eYh0,user_9695ef3e4ae5,False,1696550400,0,negatif,0.9803,netral,tanpa_emoji,negatif,soraya
7HpkNw-eYh0,user_0b699d45f5d7,False,1696550400,0,netral,0.7781,positif,tanpa_emoji,netral,soraya
7HpkNw-eYh0,user_e1ab5e89c740,False,1696550400,34,positif,0.6431,positif,positif,positif,soraya
7HpkNw-eYh0,user_b7a58408569e,True,1696550400,2,negatif,0.8979,netral,tanpa_emoji,negatif,soraya
7HpkNw-eYh0,user_e1ab5e89c740,True,1696550400,3,netral,0.9051,netral,netral,netral,soraya
7HpkNw-eYh0,user_a32fdcdb77f1,False,1696550400,0,negatif,0.8942,netral,netral,negatif,soraya
7HpkNw-eYh0,user_2d8615db5e37,False,1696550400,0,negatif,0.9223,positif,tanpa_emoji,negatif,soraya
7HpkNw-eYh0,user_a777ff3a37fa,False,1696550400,0,negatif,0.9735,netral,netral,negatif,soraya
7HpkNw-eYh0,user_6d5080b69801,False,1728172800,0,negatif,0.949,netral,netral,negatif,soraya
7HpkNw-eYh0,user_c492d5d92713,False,1696550400,1,positif,0.9924,positif,positif,positif,soraya
7HpkNw-eYh0,user_029077625bb4,True,1696550400,0,positif,0.8185,netral,netral,positif,soraya
7HpkNw-eYh0,user_9afa285d56e7,False,1696550400,2,negatif,0.9961,netral,netral,negatif,soraya
7HpkNw-eYh0,user_cc871832f6d9,True,1696550400,0,netral,0.8001,netral,tanpa_emoji,netral,soraya
7HpkNw-eYh0,user_b9da12b29aef,False,1696550400,0,netral,0.8503,netral,tanpa_emoji,netral,soraya
7HpkNw-eYh0,user_ae4bc9190dbd,False,1696550400,0,positif,0.8731,netral,tanpa_emoji,positif,soraya
7HpkNw-eYh0,user_343aef24de49,False,1696550400,0,negatif,0.9203,positif,positif,negatif,soraya
7HpkNw-eYh0,user_d33f11de6462,False,1696550400,0,positif,0.546,netral,tanpa_emoji,positif,soraya
7HpkNw-eYh0,user_25eea107bc69,False,1696550400,0,negatif,0.6506,netral,tanpa_emoji,negatif,soraya
7HpkNw-eYh0,user_0e245fc73a1f,False,1696550400,0,positif,0.8496,netral,tanpa_emoji,positif,soraya
7HpkNw-eYh0,user_5f703440475b,False,1696550400,0,negatif,0.5046,netral,tanpa_emoji,negatif,soraya
7HpkNw-eYh0,user_8af5f4ba8794,False,1696550400,1,positif,0.8948,positif,tanpa_emoji,positif,soraya
7HpkNw-eYh0,user_cc871832f6d9,True,1696550400,0,negatif,0.9947,netral,netral,negatif,soraya
7HpkNw-eYh0,user_d4df6956ed10,False,1696550400,0,positif,0.6768,netral,tanpa_emoji,positif,soraya
7HpkNw-eYh0,user_bf8acf1ba66b,False,1696550400,0,positif,0.9255,positif,positif,positif,soraya
7HpkNw-eYh0,user_fb480f29299e,False,1696550400,0,negatif,0.9605,netral,netral,negatif,soraya
7HpkNw-eYh0,user_36d1c0f0473d,False,1759708800,0,negatif,0.4838,netral,tanpa_emoji,negatif,soraya
7HpkNw-eYh0,user_5d9cd2ab55a7,False,1696550400,0,netral,0.8883,netral,tanpa_emoji,netral,soraya
7HpkNw-eYh0,user_7934542a4d08,False,1696550400,0,negatif,0.7649,netral,tanpa_emoji,negatif,soraya
7HpkNw-eYh0,user_c15d79319ffd,False,1696550400,0,negatif,0.997,netral,netral,negatif,soraya
7HpkNw-eYh0,user_b284924790aa,False,1696550400,1,positif,0.8047,netral,tanpa_emoji,positif,soraya
7HpkNw-eYh0,user_c3493483801e,False,1696550400,0,negatif,0.9366,netral,tanpa_emoji,negatif,soraya
7HpkNw-eYh0,user_4333e7004dc1,False,1696550400,0,positif,0.5405,netral,tanpa_emoji,positif,soraya
7HpkNw-eYh0,user_c9e0858047a1,False,1696550400,0,negatif,0.9819,positif,netral,negatif,soraya
7HpkNw-eYh0,user_0bc2cf6cfcbd,False,1696550400,0,positif,0.9873,positif,tanpa_emoji,positif,soraya
7HpkNw-eYh0,user_0c6168f37d53,False,1696550400,0,positif,0.9712,netral,tanpa_emoji,positif,soraya
7HpkNw-eYh0,user_f75c6ebfa859,False,1696550400,0,positif,0.9874,positif,tanpa_emoji,positif,soraya
7HpkNw-eYh0,user_2c8d5b4de4dd,False,1728172800,0,positif,0.5891,netral,tanpa_emoji,positif,soraya
7HpkNw-eYh0,user_c328571229ec,False,1696550400,0,negatif,0.9765,netral,tanpa_emoji,negatif,soraya
7HpkNw-eYh0,user_0d42d19921c3,False,1696550400,0,negatif,0.4536,positif,tanpa_emoji,negatif,soraya
7HpkNw-eYh0,user_0000ae639fe7,False,1696550400,1,positif,0.9941,netral,tanpa_emoji,positif,soraya
7HpkNw-eYh0,user_84d8866845b8,False,1696550400,0,negatif,0.6147,positif,tanpa_emoji,negatif,soraya
7HpkNw-eYh0,user_c25937e45fc8,False,1696550400,0,negatif,0.9583,netral,tanpa_emoji,negatif,soraya
7HpkNw-eYh0,user_627bf48b9bc2,False,1696550400,1,negatif,0.7077,positif,netral,negatif,soraya
7HpkNw-eYh0,user_3418cf5769b3,True,1696550400,0,negatif,0.8289,netral,tanpa_emoji,negatif,soraya
7HpkNw-eYh0,user_627bf48b9bc2,True,1696550400,0,negatif,0.5552,netral,netral,negatif,soraya
7HpkNw-eYh0,user_a3ddf02979bf,False,1696550400,0,positif,0.9405,netral,netral,positif,soraya
7HpkNw-eYh0,user_898e75fbd8be,False,1696550400,0,negatif,0.7556,netral,tanpa_emoji,negatif,soraya
7HpkNw-eYh0,user_9fee0fed1907,False,1696550400,9,positif,0.9887,positif,tanpa_emoji,positif,soraya
7HpkNw-eYh0,user_c194547173de,False,1696550400,1,positif,0.6747,netral,tanpa_emoji,positif,soraya
7HpkNw-eYh0,user_2c3414329c91,False,1696550400,0,positif,0.5725,positif,positif,positif,soraya
7HpkNw-eYh0,user_1e494449bb21,True,1696550400,0,negatif,0.53,netral,tanpa_emoji,negatif,soraya
7HpkNw-eYh0,user_029077625bb4,True,1696550400,0,negatif,0.3916,netral,netral,negatif,soraya
7HpkNw-eYh0,user_d59d1519f855,False,1696550400,0,positif,0.9822,positif,tanpa_emoji,positif,soraya
7HpkNw-eYh0,user_5d9cd2ab55a7,False,1696550400,0,negatif,0.9021,positif,positif,negatif,soraya
7HpkNw-eYh0,user_c06fd850b6e3,False,1696550400,0,netral,0.9125,netral,tanpa_emoji,netral,soraya
7HpkNw-eYh0,user_dc61f3b6d632,False,1696550400,0,negatif,0.9621,netral,tanpa_emoji,negatif,soraya
7HpkNw-eYh0,user_56f5ee69e40e,False,1696550400,0,negatif,0.9861,positif,tanpa_emoji,negatif,soraya
7HpkNw-eYh0,user_d56e84ec9042,False,1696550400,0,negatif,0.9724,netral,tanpa_emoji,negatif,soraya
7HpkNw-eYh0,user_bee65d14fd78,False,1696550400,1,negatif,0.5831,netral,tanpa_emoji,negatif,soraya
7HpkNw-eYh0,user_989d2a7b441f,True,1696550400,1,netral,0.64,positif,tanpa_emoji,netral,soraya
7HpkNw-eYh0,user_8053a00bf1f3,True,1696550400,0,netral,0.6399,netral,netral,netral,soraya
7HpkNw-eYh0,user_3368cf5b5476,False,1696550400,0,negatif,0.9974,positif,tanpa_emoji,negatif,soraya
7HpkNw-eYh0,user_2d4ff295d0a0,False,1696550400,0,netral,0.8879,netral,tanpa_emoji,netral,soraya
7HpkNw-eYh0,user_c2bcee1c9453,False,1696550400,0,positif,0.6433,netral,tanpa_emoji,positif,soraya
7HpkNw-eYh0,user_b84bfcb41074,True,1696550400,0,negatif,0.986,netral,tanpa_emoji,negatif,soraya
7HpkNw-eYh0,user_36f249aa7259,False,1696550400,0,negatif,0.5325,netral,tanpa_emoji,negatif,soraya
7HpkNw-eYh0,user_e0764fd4b8df,False,1696550400,0,netral,0.9783,netral,tanpa_emoji,netral,soraya
7HpkNw-eYh0,user_72cd75d0f3e5,False,1696550400,0,negatif,0.9718,netral,netral,negatif,soraya
7HpkNw-eYh0,user_511f7593525e,False,1696550400,0,negatif,0.8536,positif,tanpa_emoji,negatif,soraya
7HpkNw-eYh0,user_adf64a32f330,False,1696550400,0,negatif,0.9798,negatif,tanpa_emoji,negatif,soraya
7HpkNw-eYh0,user_23b81dd02e4e,False,1696550400,0,negatif,0.9812,netral,netral,negatif,soraya
7HpkNw-eYh0,user_16e0da9304a6,True,1696550400,0,negatif,0.8113,netral,tanpa_emoji,negatif,soraya
7HpkNw-eYh0,user_14c2d629cd31,False,1696550400,0,negatif,0.9985,netral,tanpa_emoji,negatif,soraya
7HpkNw-eYh0,user_c6ff57f37cc8,False,1696550400,0,netral,0.7891,netral,tanpa_emoji,netral,soraya
7HpkNw-eYh0,user_7baf2a4d69b4,False,1696550400,0,netral,0.9929,netral,tanpa_emoji,netral,soraya
7HpkNw-eYh0,user_e01e1d6defe7,True,1696550400,0,netral,0.9918,netral,tanpa_emoji,netral,soraya
7HpkNw-eYh0,user_7baf2a4d69b4,True,1696550400,0,netral,0.3902,netral,tanpa_emoji,netral,soraya
7HpkNw-eYh0,user_e01e1d6defe7,True,1696550400,1,netral,0.8686,positif,tanpa_emoji,netral,soraya
7HpkNw-eYh0,user_8b5ef1f93c10,False,1696550400,0,negatif,0.4934,netral,tanpa_emoji,negatif,soraya
7HpkNw-eYh0,user_3f2fb393c056,False,1696550400,1,netral,0.6528,netral,tanpa_emoji,netral,soraya
7HpkNw-eYh0,user_6993a8b94fea,True,1696550400,0,negatif,0.9919,netral,tanpa_emoji,negatif,soraya
7HpkNw-eYh0,user_e1ab5e89c740,True,1696550400,0,netral,0.9765,netral,tanpa_emoji,netral,soraya
7HpkNw-eYh0,user_d6cf02965493,False,1696550400,6,positif,0.4918,netral,netral,positif,soraya
7HpkNw-eYh0,user_d60e6aabef3f,True,1696550400,3,negatif,0.9927,netral,netral,netral,soraya
7HpkNw-eYh0,user_b1133f910de6,True,1696550400,1,negatif,0.847,positif,netral,negatif,soraya
7HpkNw-eYh0,user_8ecb7048c845,False,1696550400,0,negatif,0.987,positif,tanpa_emoji,negatif,soraya
7HpkNw-eYh0,user_c942b44cdace,False,1696550400,0,positif,0.9014,positif,tanpa_emoji,positif,soraya
7HpkNw-eYh0,user_951bd2ab4dda,True,1696550400,0,negatif,0.9942,netral,tanpa_emoji,negatif,soraya
7HpkNw-eYh0,user_4b47455fb147,False,1696550400,0,negatif,0.9978,positif,tanpa_emoji,negatif,soraya
7HpkNw-eYh0,user_71796757e287,False,1696550400,0,netral,0.6582,netral,tanpa_emoji,netral,soraya
7HpkNw-eYh0,user_0df9c142c939,False,1696550400,0,negatif,0.9892,netral,tanpa_emoji,negatif,soraya
7HpkNw-eYh0,user_d68b94e40e06,False,1696550400,0,negatif,0.998,netral,tanpa_emoji,negatif,soraya
7HpkNw-eYh0,user_62200ab286e5,False,1696550400,0,negatif,0.679,netral,tanpa_emoji,negatif,soraya
7HpkNw-eYh0,user_e1ab5e89c740,True,1696550400,0,netral,0.6781,netral,tanpa_emoji,netral,soraya
7HpkNw-eYh0,user_237711819697,False,1696550400,0,negatif,0.9954,negatif,tanpa_emoji,negatif,soraya
7HpkNw-eYh0,user_9511d2212ee9,False,1696550400,0,negatif,0.7319,positif,tanpa_emoji,negatif,soraya
7HpkNw-eYh0,user_cc41f7894bf6,False,1696550400,0,negatif,0.9839,netral,netral,negatif,soraya
7HpkNw-eYh0,user_eebc4399baa4,False,1775433600,0,negatif,0.8579,negatif,tanpa_emoji,negatif,soraya
7HpkNw-eYh0,user_b69288911c4e,True,1785974400,0,negatif,0.8726,netral,tanpa_emoji,negatif,soraya
7HpkNw-eYh0,user_8ee8b69e57b3,False,1696550400,3,positif,0.9168,positif,tanpa_emoji,positif,soraya
7HpkNw-eYh0,user_0a2ad9bdd2be,True,1696550400,3,positif,0.9924,positif,tanpa_emoji,positif,soraya
7HpkNw-eYh0,user_e161d1369fb0,True,1696550400,1,negatif,0.9669,netral,tanpa_emoji,negatif,soraya
7HpkNw-eYh0,user_e01e1d6defe7,True,1696550400,0,positif,0.5497,negatif,tanpa_emoji,positif,soraya
7HpkNw-eYh0,user_e161d1369fb0,True,1696550400,0,negatif,0.9689,positif,netral,negatif,soraya
7HpkNw-eYh0,user_e01e1d6defe7,True,1696550400,0,negatif,0.5162,positif,tanpa_emoji,negatif,soraya
7HpkNw-eYh0,user_47a7bb31646b,True,1696550400,0,negatif,0.9974,netral,tanpa_emoji,negatif,soraya
7HpkNw-eYh0,user_6497acbbed70,False,1696550400,0,negatif,0.5169,negatif,netral,negatif,soraya
7HpkNw-eYh0,user_029077625bb4,True,1696550400,0,netral,0.4359,netral,tanpa_emoji,netral,soraya
7HpkNw-eYh0,user_2d3a3a84fdc7,False,1696550400,0,negatif,0.999,positif,tanpa_emoji,negatif,soraya
7HpkNw-eYh0,user_55800daf8a69,False,1696550400,4,positif,0.5971,positif,positif,positif,soraya
7HpkNw-eYh0,user_07f9350eba63,True,1696550400,2,positif,0.9764,positif,tanpa_emoji,positif,soraya
7HpkNw-eYh0,user_5de65d867815,True,1696550400,2,positif,0.9725,positif,positif,positif,soraya
7HpkNw-eYh0,user_58cc737de5f1,True,1696550400,2,negatif,0.8613,negatif,tanpa_emoji,negatif,soraya
7HpkNw-eYh0,user_e1ab5e89c740,True,1696550400,1,negatif,0.8591,netral,tanpa_emoji,negatif,soraya
7HpkNw-eYh0,user_6ea2ea1545cc,True,1696550400,0,negatif,0.9921,negatif,tanpa_emoji,negatif,soraya
7HpkNw-eYh0,user_66cedcd90d82,True,1696550400,0,positif,0.5998,netral,tanpa_emoji,positif,soraya
7HpkNw-eYh0,user_59429a82f0b8,True,1696550400,0,positif,0.4165,negatif,tanpa_emoji,positif,soraya
7HpkNw-eYh0,user_6ea2ea1545cc,True,1696550400,0,positif,0.9723,netral,tanpa_emoji,positif,soraya
7HpkNw-eYh0,user_d1d2a6d8e5a2,True,1728172800,0,positif,0.886,netral,tanpa_emoji,positif,soraya
7HpkNw-eYh0,user_808326b165f3,False,1696550400,6,positif,0.9946,netral,positif,positif,soraya
7HpkNw-eYh0,user_b2da7a12a44a,True,1696550400,10,negatif,0.8026,netral,tanpa_emoji,negatif,soraya
7HpkNw-eYh0,user_8f39e2874d64,True,1696550400,2,positif,0.8531,netral,tanpa_emoji,positif,soraya
7HpkNw-eYh0,user_b4fb3fff79bd,True,1696550400,0,negatif,0.9529,negatif,tanpa_emoji,negatif,soraya
7HpkNw-eYh0,user_8f39e2874d64,True,1696550400,0,negatif,0.4467,netral,tanpa_emoji,negatif,soraya
7HpkNw-eYh0,user_15291710c68b,True,1696550400,3,positif,0.9962,positif,positif,positif,soraya
7HpkNw-eYh0,user_ced2eb79e744,True,1696550400,2,negatif,0.9887,positif,tanpa_emoji,negatif,soraya
7HpkNw-eYh0,user_0ab2a581c522,True,1696550400,1,negatif,0.9756,netral,netral,negatif,soraya
7HpkNw-eYh0,user_3f8c548f482e,True,1696550400,0,negatif,0.9162,negatif,tanpa_emoji,negatif,soraya
7HpkNw-eYh0,user_3fb79c7be372,True,1696550400,0,negatif,0.7636,negatif,tanpa_emoji,negatif,soraya
7HpkNw-eYh0,user_3fb79c7be372,True,1696550400,0,positif,0.958,netral,tanpa_emoji,positif,soraya
7HpkNw-eYh0,user_b4fb3fff79bd,True,1696550400,0,negatif,0.9979,negatif,tanpa_emoji,negatif,soraya
7HpkNw-eYh0,user_10817297439a,False,1696550400,0,negatif,0.9971,negatif,tanpa_emoji,negatif,soraya
7HpkNw-eYh0,user_910feef0f2c9,False,1696550400,0,negatif,0.9978,netral,tanpa_emoji,negatif,soraya
7HpkNw-eYh0,user_9bc607603055,False,1696550400,0,positif,0.9779,netral,tanpa_emoji,positif,soraya
7HpkNw-eYh0,user_95bb8d4b8d76,False,1696550400,0,negatif,0.4815,netral,tanpa_emoji,negatif,soraya
7HpkNw-eYh0,user_288e4a8a1e9b,False,1696550400,0,negatif,0.9914,negatif,tanpa_emoji,negatif,soraya
BMIQqHLTyzY,user_ba8054f57f2f,False,1728172800,19,positif,0.9914,positif,tanpa_emoji,positif,soraya
BMIQqHLTyzY,user_04e5b95a7cb4,False,1728172800,0,positif,0.989,positif,tanpa_emoji,positif,soraya
BMIQqHLTyzY,user_fbeda2eb6ab7,False,1728172800,2,positif,0.7848,netral,netral,positif,soraya
BMIQqHLTyzY,user_26a8d87564b2,False,1728172800,4,negatif,0.9622,netral,tanpa_emoji,negatif,soraya
BMIQqHLTyzY,user_8d544ec0a429,False,1759708800,1,negatif,0.915,netral,tanpa_emoji,negatif,soraya
BMIQqHLTyzY,user_228c61d8a1b0,False,1728172800,8,negatif,0.9971,negatif,netral,negatif,soraya
BMIQqHLTyzY,user_ca42762ef5ca,True,1728172800,1,negatif,0.966,netral,netral,negatif,soraya
BMIQqHLTyzY,user_739aa126900e,False,1728172800,2,negatif,0.9587,negatif,tanpa_emoji,negatif,soraya
BMIQqHLTyzY,user_948ba526978b,False,1728172800,1,netral,0.7483,positif,positif,netral,soraya
BMIQqHLTyzY,user_a8a9b10947c3,False,1728172800,1,netral,0.5018,negatif,tanpa_emoji,netral,soraya
BMIQqHLTyzY,user_3109eb677578,True,1728172800,0,netral,0.7813,netral,tanpa_emoji,netral,soraya
BMIQqHLTyzY,user_e661b10ecb7d,False,1728172800,17,negatif,0.9904,netral,tanpa_emoji,negatif,soraya
BMIQqHLTyzY,user_277e6968115f,True,1759708800,0,negatif,0.5499,netral,tanpa_emoji,negatif,soraya
BMIQqHLTyzY,user_6223372ae1b1,False,1728172800,9,netral,0.9611,netral,tanpa_emoji,netral,soraya
BMIQqHLTyzY,user_1a26e5ebf2b8,True,1728172800,1,positif,0.9188,netral,tanpa_emoji,positif,soraya
BMIQqHLTyzY,user_d0c15486f27e,False,1728172800,5,negatif,0.6975,netral,netral,negatif,soraya
BMIQqHLTyzY,user_07c3000da2e2,True,1728172800,2,positif,0.9893,positif,tanpa_emoji,positif,soraya
BMIQqHLTyzY,user_a7922e94bc06,False,1728172800,32,negatif,0.9816,netral,tanpa_emoji,negatif,soraya
BMIQqHLTyzY,user_dfb6810e5bf1,True,1728172800,3,negatif,0.9737,netral,tanpa_emoji,negatif,soraya
BMIQqHLTyzY,user_7d8a6ae82817,False,1728172800,0,negatif,0.8256,netral,netral,negatif,soraya
BMIQqHLTyzY,user_d0a9bb878af5,False,1728172800,2,negatif,0.5093,netral,netral,negatif,soraya
BMIQqHLTyzY,user_1a26e5ebf2b8,True,1728172800,0,negatif,0.6658,netral,tanpa_emoji,negatif,soraya
BMIQqHLTyzY,user_2ce3709ec880,False,1728172800,1,negatif,0.9803,netral,tanpa_emoji,negatif,soraya
BMIQqHLTyzY,user_beae5f5f0c8b,False,1728172800,0,negatif,0.9915,netral,tanpa_emoji,negatif,soraya
BMIQqHLTyzY,user_4abbbc3de4d5,False,1728172800,4,negatif,0.7268,netral,netral,negatif,soraya
BMIQqHLTyzY,user_fbeda2eb6ab7,True,1728172800,1,negatif,0.4968,netral,netral,negatif,soraya
BMIQqHLTyzY,user_b13ff7ee8ceb,True,1728172800,1,netral,0.9732,netral,tanpa_emoji,netral,soraya
BMIQqHLTyzY,user_2ce3709ec880,False,1728172800,2,negatif,0.7788,netral,tanpa_emoji,negatif,soraya
BMIQqHLTyzY,user_2b676e357202,False,1767657600,1,negatif,0.5173,netral,tanpa_emoji,negatif,soraya
D5i5XHUArr4,user_8c5b6a72cb54,False,1775433600,27,positif,0.9971,netral,tanpa_emoji,positif,soraya
D5i5XHUArr4,user_2d8eac8f5e1b,False,1775433600,114,positif,0.9957,positif,tanpa_emoji,positif,soraya
D5i5XHUArr4,user_d9bdeca192b9,True,1775433600,1,negatif,0.8936,netral,tanpa_emoji,negatif,soraya
D5i5XHUArr4,user_14313c22ae7b,True,1778025600,0,netral,0.5725,positif,positif,positif,soraya
D5i5XHUArr4,user_9ef3ec4cb51d,True,1780704000,0,negatif,0.4966,netral,tanpa_emoji,negatif,soraya
D5i5XHUArr4,user_486f8b626b03,False,1775433600,110,positif,0.98,positif,positif,positif,soraya
D5i5XHUArr4,user_5aaa56ad4407,True,1775433600,0,negatif,0.8814,netral,tanpa_emoji,negatif,soraya
D5i5XHUArr4,user_bc7ad7b60fc3,True,1775433600,1,netral,0.4506,netral,tanpa_emoji,netral,soraya
D5i5XHUArr4,user_d8f334908307,True,1775433600,1,positif,0.8037,netral,tanpa_emoji,positif,soraya
D5i5XHUArr4,user_9ef3ec4cb51d,True,1780704000,0,negatif,0.4966,netral,tanpa_emoji,negatif,soraya
D5i5XHUArr4,user_a43afead61c5,False,1775433600,25,positif,0.8451,netral,netral,positif,soraya
D5i5XHUArr4,user_62a42763df54,False,1775433600,24,positif,0.9951,positif,tanpa_emoji,positif,soraya
D5i5XHUArr4,user_4b18be4507ab,False,1775433600,12,positif,0.9774,netral,tanpa_emoji,positif,soraya
D5i5XHUArr4,user_2e541ee2437c,False,1775433600,13,positif,0.955,positif,positif,positif,soraya
D5i5XHUArr4,user_56cbf18dff24,False,1775433600,22,positif,0.996,positif,tanpa_emoji,positif,soraya
D5i5XHUArr4,user_7045e6fec90a,False,1775433600,140,positif,0.8168,netral,tanpa_emoji,positif,soraya
D5i5XHUArr4,user_95ce9a551957,True,1775433600,4,negatif,0.8436,netral,tanpa_emoji,negatif,soraya
D5i5XHUArr4,user_ca25f30b84c1,True,1775433600,1,negatif,0.7001,netral,tanpa_emoji,negatif,soraya
D5i5XHUArr4,user_7045e6fec90a,True,1775433600,1,netral,0.9825,negatif,netral,netral,soraya
D5i5XHUArr4,user_249b8c4d3532,True,1775433600,1,netral,0.9932,netral,tanpa_emoji,netral,soraya
D5i5XHUArr4,user_d38412345fec,True,1775433600,1,positif,0.9753,positif,tanpa_emoji,positif,soraya
D5i5XHUArr4,user_7045e6fec90a,True,1775433600,1,negatif,0.8022,netral,tanpa_emoji,negatif,soraya
D5i5XHUArr4,user_d38412345fec,True,1775433600,0,positif,0.9033,positif,tanpa_emoji,positif,soraya
D5i5XHUArr4,user_d38412345fec,True,1775433600,0,positif,0.9821,positif,tanpa_emoji,positif,soraya
D5i5XHUArr4,user_7045e6fec90a,True,1775433600,2,positif,0.7579,netral,tanpa_emoji,positif,soraya
D5i5XHUArr4,user_d38412345fec,True,1775433600,0,positif,0.6161,positif,netral,positif,soraya
D5i5XHUArr4,user_7045e6fec90a,True,1778025600,0,negatif,0.8822,positif,tanpa_emoji,negatif,soraya
D5i5XHUArr4,user_9ef3ec4cb51d,True,1780704000,0,negatif,0.4966,netral,tanpa_emoji,negatif,soraya
D5i5XHUArr4,user_a43b118f5ebd,False,1775433600,11,positif,0.974,positif,tanpa_emoji,positif,soraya
D5i5XHUArr4,user_7a840ee0f60a,False,1775433600,54,positif,0.977,positif,positif,positif,soraya
D5i5XHUArr4,user_dd19e76c2370,True,1775433600,0,positif,0.9966,positif,tanpa_emoji,positif,soraya
D5i5XHUArr4,user_7a840ee0f60a,True,1778025600,0,negatif,0.6386,netral,tanpa_emoji,negatif,soraya
D5i5XHUArr4,user_ff559e8c97c1,True,1775433600,0,positif,0.9923,positif,tanpa_emoji,positif,soraya
D5i5XHUArr4,user_7a840ee0f60a,True,1778025600,0,positif,0.6482,positif,positif,positif,soraya
D5i5XHUArr4,user_9ef3ec4cb51d,True,1780704000,0,negatif,0.4966,netral,tanpa_emoji,negatif,soraya
D5i5XHUArr4,user_55bd8bf63802,False,1775433600,64,negatif,0.7295,netral,tanpa_emoji,negatif,soraya
D5i5XHUArr4,user_93bdc894c3b5,True,1775433600,6,negatif,0.9983,positif,tanpa_emoji,negatif,soraya
D5i5XHUArr4,user_bc7ad7b60fc3,True,1775433600,7,negatif,0.9622,netral,tanpa_emoji,negatif,soraya
D5i5XHUArr4,user_eb076ffec693,True,1775433600,0,netral,0.903,netral,tanpa_emoji,netral,soraya
D5i5XHUArr4,user_d8f334908307,True,1775433600,0,negatif,0.9799,netral,tanpa_emoji,negatif,soraya
D5i5XHUArr4,user_a9e0d0d7c106,True,1775433600,5,negatif,0.968,netral,tanpa_emoji,negatif,soraya
D5i5XHUArr4,user_bc7ad7b60fc3,True,1775433600,4,positif,0.9953,positif,tanpa_emoji,positif,soraya
D5i5XHUArr4,user_e9cac1871a72,True,1775433600,0,negatif,0.9985,netral,tanpa_emoji,negatif,soraya
D5i5XHUArr4,user_9ef3ec4cb51d,True,1780704000,0,negatif,0.4966,netral,tanpa_emoji,negatif,soraya
D5i5XHUArr4,user_55bd8bf63802,True,1780704000,0,negatif,0.7033,netral,tanpa_emoji,negatif,soraya
D5i5XHUArr4,user_6e9b63b721b3,False,1775433600,6,positif,0.4923,netral,tanpa_emoji,positif,soraya
D5i5XHUArr4,user_7a0bf28849d9,False,1775433600,12,negatif,0.995,netral,netral,negatif,soraya
D5i5XHUArr4,user_836ea1f4d91f,False,1775433600,8,positif,0.9873,positif,tanpa_emoji,positif,soraya
D5i5XHUArr4,user_06e1f9cc6f5d,False,1775433600,10,positif,0.9826,positif,netral,positif,soraya
D5i5XHUArr4,user_5dc9f2fe4cf2,False,1775433600,6,positif,0.9975,netral,tanpa_emoji,positif,soraya
D5i5XHUArr4,user_3d34c55d822e,False,1775433600,2,positif,0.9417,positif,positif,positif,soraya
D5i5XHUArr4,user_ab227ebf7085,False,1775433600,2,negatif,0.5033,netral,negatif,negatif,soraya
D5i5XHUArr4,user_24d60c6971b0,False,1775433600,3,positif,0.9852,positif,positif,positif,soraya
D5i5XHUArr4,user_9388f0d5c66f,False,1775433600,1,positif,0.9959,positif,positif,positif,soraya
D5i5XHUArr4,user_16ba7a4dd75a,False,1775433600,3,netral,0.4494,positif,positif,positif,soraya
D5i5XHUArr4,user_6bf356a8bb09,False,1775433600,1,positif,0.9842,netral,tanpa_emoji,positif,soraya
D5i5XHUArr4,user_f0652a332a9d,False,1775433600,1,positif,0.9948,positif,tanpa_emoji,positif,soraya
D5i5XHUArr4,user_b74e33f6539c,False,1775433600,1,positif,0.9426,positif,tanpa_emoji,positif,soraya
D5i5XHUArr4,user_88efea84f85b,False,1775433600,5,positif,0.9938,positif,positif,positif,soraya
D5i5XHUArr4,user_98b674715480,False,1775433600,2,negatif,0.9546,netral,tanpa_emoji,negatif,soraya
D5i5XHUArr4,user_733b2a9d3e1f,False,1775433600,1,positif,0.9536,positif,positif,positif,soraya
D5i5XHUArr4,user_9a397e69c1e2,False,1775433600,10,positif,0.5711,netral,tanpa_emoji,positif,soraya
D5i5XHUArr4,user_9ef3ec4cb51d,True,1780704000,0,negatif,0.4966,netral,tanpa_emoji,negatif,soraya
D5i5XHUArr4,user_6c2daa851f3e,False,1775433600,1,positif,0.996,positif,tanpa_emoji,positif,soraya
D5i5XHUArr4,user_5482bff6c080,False,1775433600,1,positif,0.9972,positif,tanpa_emoji,positif,soraya
D5i5XHUArr4,user_4b3093554c6a,False,1775433600,1,positif,0.9866,positif,positif,positif,soraya
D5i5XHUArr4,user_4c6682a4909c,False,1775433600,5,netral,0.871,netral,tanpa_emoji,netral,soraya
D5i5XHUArr4,user_d998583a3215,False,1775433600,0,positif,0.9425,negatif,tanpa_emoji,positif,soraya
D5i5XHUArr4,user_8cf01b3565b8,False,1775433600,1,positif,0.9875,positif,tanpa_emoji,positif,soraya
D5i5XHUArr4,user_36d3e366b089,False,1775433600,1,positif,0.998,positif,positif,positif,soraya
D5i5XHUArr4,user_9ccfccbfa40b,False,1775433600,1,positif,0.9884,positif,tanpa_emoji,positif,soraya
D5i5XHUArr4,user_0aefb00439b6,False,1785974400,0,positif,0.986,positif,tanpa_emoji,positif,soraya
D5i5XHUArr4,user_e17ea7763638,False,1775433600,1,positif,0.5996,positif,positif,positif,soraya
D5i5XHUArr4,user_b5884b62e37b,False,1775433600,1,positif,0.5594,positif,tanpa_emoji,positif,soraya
D5i5XHUArr4,user_5b9dd50d33c9,False,1775433600,10,negatif,0.7598,netral,tanpa_emoji,negatif,soraya
D5i5XHUArr4,user_7a741ed7627b,False,1785974400,0,positif,0.9947,positif,positif,positif,soraya
D5i5XHUArr4,user_e2e3909936b7,False,1775433600,1,positif,0.9458,positif,tanpa_emoji,positif,soraya
D5i5XHUArr4,user_6fcd1b5edfb1,False,1775433600,0,positif,0.9838,positif,positif,positif,soraya
D5i5XHUArr4,user_402521b0a72d,False,1785974400,0,positif,0.9865,positif,netral,positif,soraya
D5i5XHUArr4,user_f4810e3169ce,False,1775433600,0,positif,0.6013,netral,tanpa_emoji,positif,soraya
D5i5XHUArr4,user_c6405c969622,False,1775433600,1,netral,0.8414,netral,tanpa_emoji,netral,soraya
D5i5XHUArr4,user_6ea2ea1545cc,False,1775433600,0,negatif,0.8397,positif,positif,negatif,soraya
D5i5XHUArr4,user_00c63f0a3b98,False,1775433600,4,negatif,0.7042,positif,positif,negatif,soraya
D5i5XHUArr4,user_43dd65462568,False,1775433600,1,negatif,0.7669,negatif,netral,negatif,soraya
D5i5XHUArr4,user_59da8b4af1af,False,1775433600,0,netral,0.6792,netral,tanpa_emoji,netral,soraya
D5i5XHUArr4,user_4fa0aae5704a,False,1775433600,0,positif,0.9111,positif,positif,positif,soraya
D5i5XHUArr4,user_e77479cc5780,False,1775433600,0,negatif,0.5287,netral,tanpa_emoji,negatif,soraya
D5i5XHUArr4,user_c6c0cccba9e8,False,1775433600,1,positif,0.9562,positif,tanpa_emoji,positif,soraya
D5i5XHUArr4,user_2cb426daa8a6,False,1775433600,0,positif,0.9818,positif,tanpa_emoji,positif,soraya
D5i5XHUArr4,user_d11bd2b86574,False,1775433600,2,positif,0.9158,positif,positif,positif,soraya
D5i5XHUArr4,user_7298a9379e74,False,1775433600,2,positif,0.9504,netral,tanpa_emoji,positif,soraya
D5i5XHUArr4,user_bcbabe392b1a,False,1775433600,0,netral,0.5495,positif,tanpa_emoji,netral,soraya
D5i5XHUArr4,user_5e95e035fe56,False,1775433600,1,negatif,0.7231,netral,tanpa_emoji,negatif,soraya
D5i5XHUArr4,user_4cc858da7e4f,False,1775433600,15,netral,0.8699,netral,netral,netral,soraya
D5i5XHUArr4,user_1eb774739fb2,True,1775433600,2,negatif,0.9931,netral,netral,netral,soraya
D5i5XHUArr4,user_17937f97b5e6,True,1775433600,1,netral,0.6605,netral,netral,netral,soraya
D5i5XHUArr4,user_c5d12e471e46,False,1775433600,9,negatif,0.494,netral,positif,positif,soraya
D5i5XHUArr4,user_bc7ad7b60fc3,True,1775433600,0,negatif,0.9639,netral,tanpa_emoji,negatif,soraya
D5i5XHUArr4,user_c5d12e471e46,True,1778025600,0,netral,0.9309,positif,positif,netral,soraya
D5i5XHUArr4,user_b90da4bc2ddc,False,1775433600,0,positif,0.8474,positif,tanpa_emoji,positif,soraya
D5i5XHUArr4,user_f5565331d9a4,False,1775433600,0,positif,0.4905,positif,tanpa_emoji,positif,soraya
D5i5XHUArr4,user_d7ced14665b0,False,1775433600,0,negatif,0.5667,netral,tanpa_emoji,negatif,soraya
D5i5XHUArr4,user_88c478f9623f,False,1775433600,0,positif,0.5933,positif,positif,positif,soraya
D5i5XHUArr4,user_f0381cd19d5f,False,1775433600,0,positif,0.47,positif,tanpa_emoji,positif,soraya
D5i5XHUArr4,user_8a69b101a379,False,1775433600,0,positif,0.9987,positif,tanpa_emoji,positif,soraya
D5i5XHUArr4,user_e46374319f5a,False,1785974400,0,positif,0.9554,positif,tanpa_emoji,positif,soraya
D5i5XHUArr4,user_ff88ae3e7da5,False,1775433600,0,negatif,0.7475,netral,netral,negatif,soraya
D5i5XHUArr4,user_bc38db1ddfeb,False,1775433600,2,positif,0.965,positif,tanpa_emoji,positif,soraya
D5i5XHUArr4,user_a0cbee90453f,False,1775433600,0,negatif,0.55,netral,tanpa_emoji,negatif,soraya
D5i5XHUArr4,user_1c0ffe6ae5e6,False,1775433600,2,negatif,0.9801,netral,netral,negatif,soraya
D5i5XHUArr4,user_8c97f7ae61ce,False,1775433600,0,positif,0.993,positif,positif,positif,soraya
D5i5XHUArr4,user_d902177e6ab4,False,1788652800,0,positif,0.9975,positif,tanpa_emoji,positif,soraya
D5i5XHUArr4,user_e7ec4b15a0ba,False,1775433600,0,negatif,0.8797,netral,tanpa_emoji,negatif,soraya
D5i5XHUArr4,user_8b34352ee018,False,1775433600,2,positif,0.8678,positif,positif,positif,soraya
D5i5XHUArr4,user_0771bf0ce3ad,False,1775433600,0,positif,0.9963,positif,positif,positif,soraya
D5i5XHUArr4,user_97fd178bf6ed,False,1775433600,9,positif,0.9918,positif,tanpa_emoji,positif,soraya
D5i5XHUArr4,user_b7a58408569e,True,1775433600,3,positif,0.9144,netral,tanpa_emoji,positif,soraya
D5i5XHUArr4,user_6ea2ea1545cc,True,1775433600,0,netral,0.9683,netral,tanpa_emoji,netral,soraya
D5i5XHUArr4,user_68826be1a529,False,1775433600,1,positif,0.9592,positif,positif,positif,soraya
D5i5XHUArr4,user_529095968fe6,False,1775433600,2,netral,0.9839,positif,positif,netral,soraya
D5i5XHUArr4,user_f8dfdcf79a68,False,1789430400,0,negatif,0.9956,netral,tanpa_emoji,negatif,soraya
D5i5XHUArr4,user_0f1c9121a33f,False,1775433600,0,positif,0.5531,positif,tanpa_emoji,positif,soraya
D5i5XHUArr4,user_7db0311cbc83,False,1775433600,1,negatif,0.945,netral,netral,negatif,soraya
D5i5XHUArr4,user_c43c8269fc96,False,1775433600,0,negatif,0.997,positif,tanpa_emoji,negatif,soraya
D5i5XHUArr4,user_9c9df4f2014d,False,1775433600,0,positif,0.974,positif,tanpa_emoji,positif,soraya
D5i5XHUArr4,user_007c511883d3,False,1775433600,0,negatif,0.9061,netral,tanpa_emoji,negatif,soraya
D5i5XHUArr4,user_ae1cbb71dd00,False,1775433600,1,negatif,0.6645,netral,tanpa_emoji,negatif,soraya
D5i5XHUArr4,user_52c2744bd193,False,1778025600,1,negatif,0.9872,negatif,tanpa_emoji,negatif,soraya
D5i5XHUArr4,user_fe482c3b140b,False,1775433600,0,netral,0.9403,netral,tanpa_emoji,netral,soraya
D5i5XHUArr4,user_996f77881040,False,1775433600,4,negatif,0.8082,netral,netral,negatif,soraya
D5i5XHUArr4,user_79e3904a7f2f,False,1775433600,0,netral,0.9038,netral,netral,netral,soraya
D5i5XHUArr4,user_8c4db179c6da,False,1775433600,0,negatif,0.8796,netral,netral,negatif,soraya
D5i5XHUArr4,user_e46374319f5a,False,1785974400,0,positif,0.9985,positif,positif,positif,soraya
D5i5XHUArr4,user_e197ec90798a,False,1775433600,0,negatif,0.667,positif,tanpa_emoji,negatif,soraya
D5i5XHUArr4,user_257b370b1ce6,False,1785974400,0,positif,0.4982,netral,tanpa_emoji,positif,soraya
D5i5XHUArr4,user_72b15c8eac8e,False,1775433600,0,negatif,0.6988,positif,tanpa_emoji,negatif,soraya
D5i5XHUArr4,user_f23f5ff51d55,False,1775433600,1,positif,0.9459,positif,positif,positif,soraya
D5i5XHUArr4,user_249b8c4d3532,True,1775433600,1,negatif,0.9928,netral,tanpa_emoji,negatif,soraya
D5i5XHUArr4,user_17937f97b5e6,False,1775433600,2,netral,0.6364,netral,tanpa_emoji,netral,soraya
D5i5XHUArr4,user_ad3f1c470370,False,1775433600,0,positif,0.9893,positif,tanpa_emoji,positif,soraya
D5i5XHUArr4,user_62042f6045c7,False,1775433600,0,positif,0.9079,positif,tanpa_emoji,positif,soraya
D5i5XHUArr4,user_4d237b1475a2,False,1775433600,1,negatif,0.8333,positif,positif,positif,soraya
D5i5XHUArr4,user_e070725653c0,False,1775433600,8,negatif,0.9673,positif,netral,negatif,soraya
D5i5XHUArr4,user_423a98a40e44,True,1775433600,1,positif,0.9459,negatif,tanpa_emoji,positif,soraya
D5i5XHUArr4,user_92ff0a352788,False,1775433600,0,negatif,0.9259,positif,positif,positif,soraya
D5i5XHUArr4,user_53e3718bbdbc,False,1775433600,0,netral,0.9687,netral,tanpa_emoji,netral,soraya
D5i5XHUArr4,user_f14ed22c0726,False,1778025600,0,positif,0.9935,positif,netral,positif,soraya
D5i5XHUArr4,user_9ef3ec4cb51d,True,1780704000,0,negatif,0.4966,netral,tanpa_emoji,negatif,soraya
D5i5XHUArr4,user_00931dd5679f,False,1775433600,0,negatif,0.9497,netral,tanpa_emoji,negatif,soraya
D5i5XHUArr4,user_4e912473028f,False,1775433600,0,negatif,0.8387,netral,tanpa_emoji,negatif,soraya
D5i5XHUArr4,user_834b140ca3d3,False,1775433600,0,negatif,0.7588,positif,tanpa_emoji,negatif,soraya
D5i5XHUArr4,user_73761745bdd3,False,1775433600,0,positif,0.4946,negatif,tanpa_emoji,positif,soraya
D5i5XHUArr4,user_3c3e7d5b0044,False,1789430400,1,positif,0.8738,positif,tanpa_emoji,positif,soraya
D5i5XHUArr4,user_b6f8fbc81f78,False,1775433600,0,negatif,0.5105,positif,tanpa_emoji,negatif,soraya
D5i5XHUArr4,user_19f5fc8e62ba,False,1775433600,1,positif,0.8812,positif,tanpa_emoji,positif,soraya
D5i5XHUArr4,user_2c21b5e9a9bc,False,1775433600,6,negatif,0.8711,netral,tanpa_emoji,negatif,soraya
D5i5XHUArr4,user_97fd178bf6ed,True,1775433600,2,negatif,0.373,netral,tanpa_emoji,negatif,soraya
D5i5XHUArr4,user_519daae62835,False,1775433600,0,positif,0.8816,netral,netral,positif,soraya
D5i5XHUArr4,user_8113bd67d380,False,1775433600,1,negatif,0.8493,positif,tanpa_emoji,negatif,soraya
D5i5XHUArr4,user_fc20a938e5e9,True,1775433600,1,positif,0.9672,positif,tanpa_emoji,positif,soraya
D5i5XHUArr4,user_b64d2dd79827,False,1775433600,5,netral,0.9907,netral,tanpa_emoji,netral,soraya
D5i5XHUArr4,user_b64d2dd79827,False,1775433600,1,netral,0.9592,netral,tanpa_emoji,netral,soraya
D5i5XHUArr4,user_643d4ae4871a,False,1775433600,0,negatif,0.9285,netral,tanpa_emoji,negatif,soraya
D5i5XHUArr4,user_608d599d1710,False,1775433600,0,negatif,0.9816,netral,netral,negatif,soraya
D5i5XHUArr4,user_dfcc355b9fab,False,1783296000,0,negatif,0.7864,positif,positif,negatif,soraya
D5i5XHUArr4,user_b94904233ed4,False,1775433600,0,netral,0.9726,negatif,tanpa_emoji,netral,soraya
D5i5XHUArr4,user_52b72b51127f,False,1775433600,1,negatif,0.9904,netral,tanpa_emoji,negatif,soraya
D5i5XHUArr4,user_a0cbee90453f,False,1775433600,0,negatif,0.5631,netral,tanpa_emoji,negatif,soraya
D5i5XHUArr4,user_4e332c47b660,False,1775433600,0,negatif,0.7964,netral,tanpa_emoji,negatif,soraya
D5i5XHUArr4,user_826fbc764252,False,1775433600,0,negatif,0.5341,netral,tanpa_emoji,negatif,soraya
D5i5XHUArr4,user_a5301b1a2e7b,False,1778025600,0,positif,0.9826,positif,tanpa_emoji,positif,soraya
D5i5XHUArr4,user_9ef3ec4cb51d,True,1780704000,0,negatif,0.4966,netral,tanpa_emoji,negatif,soraya
D5i5XHUArr4,user_79bd9d7dcb58,False,1775433600,0,negatif,0.9404,netral,tanpa_emoji,negatif,soraya
D5i5XHUArr4,user_8dc8836fc570,False,1775433600,1,negatif,0.6395,netral,tanpa_emoji,negatif,soraya
D5i5XHUArr4,user_7af063aa27c5,False,1775433600,1,negatif,0.9671,netral,tanpa_emoji,negatif,soraya
D5i5XHUArr4,user_430699cb0c08,False,1775433600,0,positif,0.9355,positif,tanpa_emoji,positif,soraya
D5i5XHUArr4,user_524c01b5f4e4,False,1775433600,0,positif,0.8036,netral,tanpa_emoji,positif,soraya
D5i5XHUArr4,user_d600e0620ff2,False,1785974400,0,negatif,0.9575,netral,tanpa_emoji,negatif,soraya
D5i5XHUArr4,user_1b45ccd77345,False,1775433600,0,positif,0.9933,positif,tanpa_emoji,positif,soraya
D5i5XHUArr4,user_11c55e75c824,False,1775433600,3,negatif,0.7257,netral,tanpa_emoji,negatif,soraya
D5i5XHUArr4,user_001d24e9b098,True,1775433600,0,negatif,0.855,positif,tanpa_emoji,negatif,soraya
D5i5XHUArr4,user_64308dc75153,False,1775433600,0,negatif,0.9498,positif,positif,negatif,soraya
D5i5XHUArr4,user_3468bce8eb98,False,1775433600,2,positif,0.7469,positif,positif,positif,soraya
D5i5XHUArr4,user_486f8b626b03,True,1775433600,2,positif,0.9931,positif,positif,positif,soraya
D5i5XHUArr4,user_17937f97b5e6,True,1775433600,1,netral,0.6605,netral,netral,netral,soraya
D5i5XHUArr4,user_09c3b96fda76,False,1775433600,0,negatif,0.48,netral,tanpa_emoji,negatif,soraya
D5i5XHUArr4,user_bc0de6093a55,False,1775433600,0,netral,0.6532,positif,positif,netral,soraya
D5i5XHUArr4,user_5a5fe623e4f8,False,1775433600,0,positif,0.9659,netral,tanpa_emoji,positif,soraya
D5i5XHUArr4,user_bc7ad7b60fc3,True,1775433600,0,negatif,0.9634,netral,tanpa_emoji,negatif,soraya
D5i5XHUArr4,user_1f0f87d9f982,False,1775433600,0,netral,0.75,netral,tanpa_emoji,netral,soraya
D5i5XHUArr4,user_a2d65ea37f61,False,1775433600,1,negatif,0.9672,netral,tanpa_emoji,negatif,soraya
D5i5XHUArr4,user_4e2346a6890a,False,1775433600,1,negatif,0.9723,netral,netral,netral,soraya
D5i5XHUArr4,user_6a82a65e5a09,False,1775433600,0,negatif,0.7529,netral,tanpa_emoji,negatif,soraya
D5i5XHUArr4,user_022ddad3caac,False,1775433600,0,negatif,0.9445,netral,tanpa_emoji,negatif,soraya
D5i5XHUArr4,user_5db06db13f18,False,1775433600,2,negatif,0.7385,netral,tanpa_emoji,negatif,soraya
D5i5XHUArr4,user_c2ddeea3bf13,True,1775433600,1,negatif,0.9724,negatif,netral,negatif,soraya
D5i5XHUArr4,user_17937f97b5e6,True,1775433600,1,netral,0.6364,netral,tanpa_emoji,netral,soraya
D5i5XHUArr4,user_f91a4c067cf2,True,1775433600,1,negatif,0.5044,negatif,tanpa_emoji,negatif,soraya
D5i5XHUArr4,user_0dd597a0c8f5,False,1791198000,0,negatif,0.9314,positif,tanpa_emoji,negatif,soraya
D5i5XHUArr4,user_f1adee2fffca,False,1775433600,0,netral,0.9607,netral,tanpa_emoji,netral,soraya
D5i5XHUArr4,user_83253be1a4b8,False,1775433600,0,positif,0.7931,netral,tanpa_emoji,positif,soraya
D5i5XHUArr4,user_5438064a7682,False,1780704000,0,negatif,0.8435,netral,tanpa_emoji,negatif,soraya
D5i5XHUArr4,user_9ef3ec4cb51d,True,1780704000,0,negatif,0.4966,netral,tanpa_emoji,negatif,soraya
D5i5XHUArr4,user_2dc3de3bab06,False,1775433600,0,negatif,0.8878,netral,tanpa_emoji,negatif,soraya
D5i5XHUArr4,user_d11f0a3c3015,True,1775433600,0,netral,0.5258,netral,tanpa_emoji,netral,soraya
D5i5XHUArr4,user_577e7d7e7cc8,False,1775433600,0,negatif,0.7566,netral,tanpa_emoji,negatif,soraya
D5i5XHUArr4,user_ad077e37fd62,False,1778025600,1,netral,0.9896,netral,tanpa_emoji,netral,soraya
D5i5XHUArr4,user_9ef3ec4cb51d,True,1780704000,0,negatif,0.4966,netral,tanpa_emoji,negatif,soraya
D5i5XHUArr4,user_ea659d9e8b88,False,1775433600,0,positif,0.9972,positif,positif,positif,soraya
D5i5XHUArr4,user_a4f5c133a9e8,True,1775433600,0,negatif,0.882,netral,netral,negatif,soraya
D5i5XHUArr4,user_ea659d9e8b88,True,1778025600,0,negatif,0.6556,netral,tanpa_emoji,negatif,soraya
D5i5XHUArr4,user_4c927c12ad16,False,1775433600,3,positif,0.9924,positif,positif,positif,soraya
D5i5XHUArr4,user_a0675906cb8f,True,1783296000,0,negatif,0.9827,netral,tanpa_emoji,negatif,soraya
D5i5XHUArr4,user_232e72a099d7,False,1775433600,0,positif,0.9849,positif,tanpa_emoji,positif,soraya
D5i5XHUArr4,user_48d8163ddd3a,False,1775433600,1,positif,0.5416,netral,tanpa_emoji,positif,soraya
D5i5XHUArr4,user_2b4b31d2f5d1,True,1775433600,0,negatif,0.8972,netral,tanpa_emoji,negatif,soraya
D5i5XHUArr4,user_fea7964834bd,False,1775433600,1,negatif,0.6853,netral,netral,netral,soraya
D5i5XHUArr4,user_57f72f2830a5,False,1775433600,0,negatif,0.9856,netral,tanpa_emoji,negatif,soraya
D5i5XHUArr4,user_e2c283223cd8,False,1775433600,0,negatif,0.7085,netral,tanpa_emoji,negatif,soraya
D5i5XHUArr4,user_1037d9c558c4,False,1775433600,2,positif,0.4884,netral,tanpa_emoji,positif,soraya
D5i5XHUArr4,user_79d885b5823d,True,1775433600,1,positif,0.9635,positif,tanpa_emoji,positif,soraya
D5i5XHUArr4,user_b21ed19f5594,False,1775433600,0,positif,0.9972,positif,tanpa_emoji,positif,soraya
D5i5XHUArr4,user_8eb0c5a643a5,False,1775433600,0,negatif,0.9548,netral,tanpa_emoji,negatif,soraya
D5i5XHUArr4,user_6216be3d68ae,False,1775433600,1,negatif,0.9233,netral,netral,negatif,soraya
D5i5XHUArr4,user_7fc642a174de,False,1783296000,0,negatif,0.9847,netral,tanpa_emoji,negatif,soraya
D5i5XHUArr4,user_c2807249226b,False,1775433600,0,negatif,0.9811,netral,tanpa_emoji,negatif,soraya
D5i5XHUArr4,user_ee2e7044886b,False,1775433600,0,negatif,0.6169,negatif,tanpa_emoji,negatif,soraya
D5i5XHUArr4,user_9836cb11e295,False,1775433600,2,negatif,0.7743,positif,positif,negatif,soraya
D5i5XHUArr4,user_69bad71a350a,False,1775433600,0,negatif,0.9607,netral,tanpa_emoji,negatif,soraya
D5i5XHUArr4,user_aea3322c54f3,False,1775433600,0,positif,0.9807,netral,tanpa_emoji,positif,soraya
D5i5XHUArr4,user_be1406d6ea13,True,1775433600,0,netral,0.4803,netral,tanpa_emoji,netral,soraya
D5i5XHUArr4,user_03332cfa44d4,False,1775433600,0,positif,0.9885,positif,tanpa_emoji,positif,soraya
D5i5XHUArr4,user_f73d340df703,False,1775433600,0,negatif,0.7839,positif,tanpa_emoji,negatif,soraya
D5i5XHUArr4,user_fc20a938e5e9,False,1775433600,1,negatif,0.9904,negatif,tanpa_emoji,negatif,soraya
D5i5XHUArr4,user_c2ddeea3bf13,False,1775433600,2,negatif,0.9967,negatif,tanpa_emoji,negatif,soraya
D5i5XHUArr4,user_93bdc894c3b5,True,1775433600,1,negatif,0.9975,positif,tanpa_emoji,negatif,soraya
D5i5XHUArr4,user_79d885b5823d,True,1775433600,1,negatif,0.923,netral,tanpa_emoji,negatif,soraya
D5i5XHUArr4,user_1b45ccd77345,False,1775433600,0,positif,0.887,positif,tanpa_emoji,positif,soraya
D5i5XHUArr4,user_08d33a1ebc67,False,1775433600,1,negatif,0.9715,netral,tanpa_emoji,negatif,soraya
D5i5XHUArr4,user_16ba7a4dd75a,True,1775433600,1,positif,0.7103,positif,positif,positif,soraya
D5i5XHUArr4,user_627d58c76ea4,True,1775433600,1,netral,0.6172,netral,tanpa_emoji,netral,soraya
D5i5XHUArr4,user_17937f97b5e6,True,1775433600,1,netral,0.6605,netral,netral,netral,soraya
D5i5XHUArr4,user_810d8695c1a2,True,1775433600,1,positif,0.9883,netral,tanpa_emoji,positif,soraya
D5i5XHUArr4,user_3c800960de8a,False,1775433600,0,netral,0.5677,netral,tanpa_emoji,netral,soraya
D5i5XHUArr4,user_86a3a0ba4291,False,1775433600,0,negatif,0.8375,netral,tanpa_emoji,negatif,soraya
D5i5XHUArr4,user_aebb70497b96,False,1775433600,0,negatif,0.9964,netral,tanpa_emoji,negatif,soraya
D5i5XHUArr4,user_3fce42713c86,False,1775433600,0,negatif,0.9958,netral,netral,negatif,soraya
D5i5XHUArr4,user_3768d7e876f2,False,1775433600,0,netral,0.8239,netral,tanpa_emoji,netral,soraya
D5i5XHUArr4,user_3a99ff571e85,False,1775433600,0,negatif,0.9936,positif,tanpa_emoji,negatif,soraya
D5i5XHUArr4,user_627d58c76ea4,False,1775433600,1,positif,0.5062,negatif,netral,positif,soraya
D5i5XHUArr4,user_79d885b5823d,True,1775433600,1,positif,0.9724,negatif,tanpa_emoji,positif,soraya
D5i5XHUArr4,user_627d58c76ea4,True,1775433600,1,negatif,0.8436,negatif,netral,negatif,soraya
D5i5XHUArr4,user_17937f97b5e6,True,1775433600,1,netral,0.6605,netral,netral,netral,soraya
D5i5XHUArr4,user_7045e6fec90a,False,1775433600,40,positif,0.5672,netral,tanpa_emoji,positif,soraya
D5i5XHUArr4,user_89a61d4c5844,True,1775433600,4,netral,0.5545,netral,tanpa_emoji,netral,soraya
D5i5XHUArr4,user_93bdc894c3b5,True,1775433600,2,negatif,0.9945,positif,tanpa_emoji,negatif,soraya
D5i5XHUArr4,user_47a2351ae99b,True,1775433600,1,negatif,0.9957,netral,tanpa_emoji,negatif,soraya
D5i5XHUArr4,user_9fce9b78502d,True,1775433600,1,negatif,0.7718,positif,netral,negatif,soraya
D5i5XHUArr4,user_97fd178bf6ed,True,1775433600,1,negatif,0.9225,netral,tanpa_emoji,negatif,soraya
D5i5XHUArr4,user_cf9c38184e5f,True,1775433600,1,netral,0.4287,netral,tanpa_emoji,netral,soraya
D5i5XHUArr4,user_66e6b77d0b85,True,1775433600,1,negatif,0.9901,netral,netral,negatif,soraya
D5i5XHUArr4,user_7045e6fec90a,True,1775433600,1,negatif,0.8191,netral,tanpa_emoji,negatif,soraya
D5i5XHUArr4,user_17937f97b5e6,True,1775433600,1,netral,0.6364,netral,tanpa_emoji,netral,soraya
D5i5XHUArr4,user_e202e1dfe557,True,1775433600,1,negatif,0.9986,netral,tanpa_emoji,negatif,soraya
D5i5XHUArr4,user_dd50741ecd8b,False,1775433600,0,positif,0.9886,negatif,negatif,positif,soraya
D5i5XHUArr4,user_068214ce2621,False,1775433600,0,negatif,0.9877,netral,tanpa_emoji,negatif,soraya
D5i5XHUArr4,user_9699f647f74b,False,1775433600,1,negatif,0.9768,netral,tanpa_emoji,negatif,soraya
D5i5XHUArr4,user_6e1b5875153f,False,1775433600,0,positif,0.7053,positif,tanpa_emoji,positif,soraya
D5i5XHUArr4,user_7045e6fec90a,False,1775433600,8,negatif,0.9914,netral,netral,negatif,soraya
D5i5XHUArr4,user_93bdc894c3b5,True,1775433600,3,positif,0.997,positif,tanpa_emoji,positif,soraya
D5i5XHUArr4,user_627d58c76ea4,True,1775433600,3,positif,0.5337,netral,netral,positif,soraya
D5i5XHUArr4,user_17937f97b5e6,True,1775433600,1,netral,0.6364,netral,tanpa_emoji,netral,soraya
D5i5XHUArr4,user_77591fc0271b,True,1775433600,1,negatif,0.821,netral,tanpa_emoji,negatif,soraya
D5i5XHUArr4,user_627d58c76ea4,True,1775433600,3,negatif,0.9916,positif,tanpa_emoji,negatif,soraya
D5i5XHUArr4,user_7045e6fec90a,True,1775433600,0,netral,0.8805,netral,tanpa_emoji,netral,soraya
D5i5XHUArr4,user_2396bb8dd954,True,1778025600,0,negatif,0.9986,negatif,tanpa_emoji,negatif,soraya
D5i5XHUArr4,user_159ad9c0dd9d,False,1775433600,0,negatif,0.986,positif,tanpa_emoji,negatif,soraya
D5i5XHUArr4,user_9145626b9137,False,1778025600,0,negatif,0.9968,negatif,netral,negatif,soraya
D5i5XHUArr4,user_9ef3ec4cb51d,True,1780704000,0,negatif,0.4966,netral,tanpa_emoji,negatif,soraya
D5i5XHUArr4,user_e4b8e7aae4cc,False,1778025600,0,negatif,0.9842,positif,netral,negatif,soraya
D5i5XHUArr4,user_9ef3ec4cb51d,True,1780704000,0,negatif,0.4966,netral,tanpa_emoji,negatif,soraya
D5i5XHUArr4,user_5d3f34a906d6,False,1775433600,0,negatif,0.5942,netral,tanpa_emoji,negatif,soraya
D5i5XHUArr4,user_2ea4fb8eb6f0,False,1775433600,0,negatif,0.9973,positif,tanpa_emoji,negatif,soraya
D5i5XHUArr4,user_30e8bb6c53af,False,1775433600,0,negatif,0.9917,netral,tanpa_emoji,negatif,soraya
D5i5XHUArr4,user_6c049644b24e,False,1775433600,0,negatif,0.9035,netral,tanpa_emoji,negatif,soraya
D5i5XHUArr4,user_65e59430c70a,False,1775433600,0,negatif,0.9989,negatif,tanpa_emoji,negatif,soraya
D5i5XHUArr4,user_5cad964d5089,False,1775433600,0,negatif,0.8469,negatif,tanpa_emoji,negatif,soraya
D5i5XHUArr4,user_50a6ba85e710,False,1775433600,0,negatif,0.875,negatif,negatif,negatif,soraya
D5i5XHUArr4,user_cd7c08676b52,False,1785974400,0,negatif,0.9095,negatif,negatif,negatif,soraya
D5i5XHUArr4,user_06e1f9cc6f5d,False,1775433600,1,negatif,0.6645,netral,tanpa_emoji,negatif,soraya
D5i5XHUArr4,user_1ccfd8a54f74,False,1775433600,0,negatif,0.8191,negatif,negatif,negatif,soraya
D5i5XHUArr4,user_a5d36cf8253e,True,1775433600,0,negatif,0.6749,negatif,tanpa_emoji,negatif,soraya
D5i5XHUArr4,user_1ccfd8a54f74,True,1775433600,0,netral,0.723,positif,tanpa_emoji,netral,soraya
D5i5XHUArr4,user_a3d44377bd7f,False,1775433600,0,negatif,0.8115,negatif,netral,negatif,soraya
IKm7yQLorPo,user_ad1e36e4a30a,False,1759708800,12,positif,0.9716,netral,tanpa_emoji,positif,soraya
IKm7yQLorPo,user_6a1d6cd50dd6,False,1759708800,5,positif,0.9872,netral,tanpa_emoji,positif,soraya
IKm7yQLorPo,user_cb0653e6a6f6,False,1759708800,0,positif,0.6847,netral,tanpa_emoji,positif,soraya
IKm7yQLorPo,user_2c0811558eff,False,1759708800,0,negatif,0.9734,negatif,tanpa_emoji,negatif,soraya
IKm7yQLorPo,user_8c4b8da5f43a,False,1759708800,0,negatif,0.913,netral,tanpa_emoji,negatif,soraya
IKm7yQLorPo,user_77581295fac6,False,1759708800,3,negatif,0.9987,netral,tanpa_emoji,negatif,soraya
IKm7yQLorPo,user_00d3e8336f37,False,1759708800,0,negatif,0.5458,positif,tanpa_emoji,negatif,soraya
IKm7yQLorPo,user_f611081f53b4,True,1759708800,1,negatif,0.9428,netral,tanpa_emoji,negatif,soraya
IKm7yQLorPo,user_aea7b1adbdb6,False,1759708800,5,netral,0.4965,netral,netral,netral,soraya
IKm7yQLorPo,user_d523908a8052,True,1759708800,2,positif,0.8888,positif,tanpa_emoji,positif,soraya
IKm7yQLorPo,user_aea7b1adbdb6,True,1759708800,5,netral,0.8542,netral,tanpa_emoji,netral,soraya
IKm7yQLorPo,user_d523908a8052,True,1759708800,0,netral,0.9502,netral,tanpa_emoji,netral,soraya
IKm7yQLorPo,user_9908a13def0e,True,1759708800,0,netral,0.9919,netral,netral,netral,soraya
IKm7yQLorPo,user_aea7b1adbdb6,True,1759708800,0,netral,0.4616,netral,netral,netral,soraya
LWdoRl6Lt-g,user_8675bdb29b6a,False,1759708800,11,positif,0.5021,positif,positif,positif,soraya
LWdoRl6Lt-g,user_659dd56debaf,False,1759708800,177,positif,0.788,netral,netral,positif,soraya
LWdoRl6Lt-g,user_fede6b43440d,True,1759708800,7,negatif,0.9625,netral,tanpa_emoji,negatif,soraya
LWdoRl6Lt-g,user_1f7ef644c50b,True,1759708800,3,negatif,0.8639,netral,tanpa_emoji,negatif,soraya
LWdoRl6Lt-g,user_0ad97797b81a,True,1759708800,2,positif,0.9258,netral,tanpa_emoji,positif,soraya
LWdoRl6Lt-g,user_bfd31b140dda,True,1759708800,1,netral,0.8428,netral,tanpa_emoji,netral,soraya
LWdoRl6Lt-g,user_3ec6e191e200,True,1759708800,1,positif,0.9815,netral,tanpa_emoji,positif,soraya
LWdoRl6Lt-g,user_6a2b02b40fcf,True,1759708800,1,positif,0.9956,positif,tanpa_emoji,positif,soraya
LWdoRl6Lt-g,user_170c1a613f6c,True,1759708800,1,positif,0.9913,positif,tanpa_emoji,positif,soraya
LWdoRl6Lt-g,user_d3a5c163109b,True,1759708800,0,negatif,0.9882,negatif,tanpa_emoji,negatif,soraya
LWdoRl6Lt-g,user_dfcc997fe8ad,True,1759708800,0,negatif,0.9931,negatif,tanpa_emoji,negatif,soraya
LWdoRl6Lt-g,user_04cc943bfc0b,True,1759708800,0,netral,0.9148,netral,tanpa_emoji,netral,soraya
LWdoRl6Lt-g,user_ce8e32bf0f99,True,1759708800,0,positif,0.6741,netral,tanpa_emoji,positif,soraya
LWdoRl6Lt-g,user_a67a574a71f3,True,1759708800,0,negatif,0.7845,negatif,tanpa_emoji,negatif,soraya
LWdoRl6Lt-g,user_ac5c87779dc9,True,1759708800,0,negatif,0.5428,netral,tanpa_emoji,negatif,soraya
LWdoRl6Lt-g,user_6a5255b1a9ad,True,1759708800,0,positif,0.9668,positif,tanpa_emoji,positif,soraya
LWdoRl6Lt-g,user_3de4b999c282,True,1759708800,7,negatif,0.4744,positif,tanpa_emoji,negatif,soraya
LWdoRl6Lt-g,user_21037f5f84cf,False,1759708800,32,positif,0.9941,positif,tanpa_emoji,positif,soraya
LWdoRl6Lt-g,user_2cf01edd31fc,False,1759708800,31,positif,0.9793,positif,tanpa_emoji,positif,soraya
LWdoRl6Lt-g,user_81a6432b7a25,False,1759708800,10,positif,0.9955,positif,positif,positif,soraya
LWdoRl6Lt-g,user_07b1b2602a07,False,1759708800,2,positif,0.9827,netral,tanpa_emoji,positif,soraya
LWdoRl6Lt-g,user_1b35bbbb369a,False,1759708800,0,positif,0.9827,positif,positif,positif,soraya
LWdoRl6Lt-g,user_d7c43590e614,False,1759708800,61,positif,0.9591,negatif,netral,positif,soraya
LWdoRl6Lt-g,user_24e384eaa3df,True,1759708800,2,positif,0.5219,netral,tanpa_emoji,positif,soraya
LWdoRl6Lt-g,user_b4a2bceddfde,True,1759708800,2,negatif,0.9857,netral,tanpa_emoji,negatif,soraya
LWdoRl6Lt-g,user_c67362c609f4,False,1759708800,3,positif,0.5214,positif,tanpa_emoji,positif,soraya
LWdoRl6Lt-g,user_585ae9541b08,False,1759708800,0,positif,0.8758,positif,tanpa_emoji,positif,soraya
LWdoRl6Lt-g,user_ebd0f96f9a44,False,1759708800,4,positif,0.9931,positif,positif,positif,soraya
LWdoRl6Lt-g,user_941dd871f22d,False,1759708800,0,positif,0.9167,netral,tanpa_emoji,positif,soraya
LWdoRl6Lt-g,user_5085695edb9a,False,1759708800,4,positif,0.9746,positif,positif,positif,soraya
LWdoRl6Lt-g,user_25c1da953158,False,1759708800,5,netral,0.9106,netral,tanpa_emoji,netral,soraya
LWdoRl6Lt-g,user_10c3bcf9cfc4,False,1759708800,1,positif,0.9293,netral,tanpa_emoji,positif,soraya
LWdoRl6Lt-g,user_e1ac51a718c2,False,1759708800,0,positif,0.9981,positif,positif,positif,soraya
LWdoRl6Lt-g,user_2a8c688d0911,False,1759708800,3,negatif,0.5008,positif,positif,positif,soraya
LWdoRl6Lt-g,user_c9f0d204e740,False,1759708800,10,positif,0.999,positif,tanpa_emoji,positif,soraya
LWdoRl6Lt-g,user_7902dc57e7ef,False,1759708800,3,positif,0.4156,positif,positif,positif,soraya
LWdoRl6Lt-g,user_63e647b6c5ef,False,1759708800,0,positif,0.9964,positif,tanpa_emoji,positif,soraya
LWdoRl6Lt-g,user_24c3aee2cded,False,1759708800,1,positif,0.4921,positif,tanpa_emoji,positif,soraya
LWdoRl6Lt-g,user_ce9fbbfaa211,False,1759708800,1,positif,0.9819,positif,tanpa_emoji,positif,soraya
LWdoRl6Lt-g,user_ef435bb1189d,False,1759708800,1,positif,0.9972,positif,positif,positif,soraya
LWdoRl6Lt-g,user_6b23cb9e1546,False,1775433600,0,positif,0.998,positif,tanpa_emoji,positif,soraya
LWdoRl6Lt-g,user_1ddb38f86629,False,1759708800,0,positif,0.9913,positif,tanpa_emoji,positif,soraya
LWdoRl6Lt-g,user_c7e554e72f8f,False,1759708800,1,negatif,0.9821,positif,positif,negatif,soraya
LWdoRl6Lt-g,user_a3af6f95a7cf,False,1759708800,0,netral,0.6357,positif,positif,netral,soraya
LWdoRl6Lt-g,user_fab7609c117b,False,1759708800,0,positif,0.8187,positif,positif,positif,soraya
LWdoRl6Lt-g,user_d28e679eacbe,False,1759708800,0,positif,0.7328,positif,positif,positif,soraya
LWdoRl6Lt-g,user_8ca09d3b6d23,False,1759708800,1,positif,0.9934,positif,positif,positif,soraya
LWdoRl6Lt-g,user_7a21e5a3ffb0,False,1759708800,0,negatif,0.9969,positif,tanpa_emoji,negatif,soraya
LWdoRl6Lt-g,user_df985bf8b8b9,False,1759708800,0,positif,0.8948,netral,tanpa_emoji,positif,soraya
LWdoRl6Lt-g,user_2475783e4fef,False,1759708800,0,positif,0.6462,positif,tanpa_emoji,positif,soraya
LWdoRl6Lt-g,user_d4b9fce5b0b9,False,1759708800,0,negatif,0.5711,netral,tanpa_emoji,negatif,soraya
LWdoRl6Lt-g,user_855ec1e5ade4,False,1759708800,0,positif,0.9929,positif,tanpa_emoji,positif,soraya
LWdoRl6Lt-g,user_bd21e562628e,False,1759708800,0,positif,0.9817,positif,positif,positif,soraya
LWdoRl6Lt-g,user_ba07a51e7d8e,False,1759708800,3,negatif,0.9964,netral,tanpa_emoji,negatif,soraya
LWdoRl6Lt-g,user_ebb3626ff51d,False,1759708800,0,positif,0.8715,netral,tanpa_emoji,positif,soraya
LWdoRl6Lt-g,user_40680d302f01,False,1759708800,0,negatif,0.6098,netral,tanpa_emoji,negatif,soraya
LWdoRl6Lt-g,user_8967796b0648,False,1759708800,2,positif,0.9907,positif,tanpa_emoji,positif,soraya
LWdoRl6Lt-g,user_c1a24bb64992,False,1759708800,0,negatif,0.9881,positif,tanpa_emoji,negatif,soraya
LWdoRl6Lt-g,user_f8a33cac489d,False,1759708800,0,positif,0.9505,netral,tanpa_emoji,positif,soraya
LWdoRl6Lt-g,user_f36e822fa522,False,1759708800,0,negatif,0.8801,positif,positif,negatif,soraya
LWdoRl6Lt-g,user_94c9fdfa5017,False,1759708800,0,negatif,0.8286,netral,tanpa_emoji,negatif,soraya
LWdoRl6Lt-g,user_bc08fdeb52fc,False,1759708800,0,netral,0.9874,netral,tanpa_emoji,netral,soraya
LWdoRl6Lt-g,user_c9bc499b0eed,False,1759708800,0,positif,0.9732,positif,tanpa_emoji,positif,soraya
LWdoRl6Lt-g,user_722e8ff52625,False,1770336000,0,negatif,0.9693,positif,tanpa_emoji,negatif,soraya
LWdoRl6Lt-g,user_6699e610c26b,False,1759708800,0,negatif,0.99,netral,tanpa_emoji,negatif,soraya
LWdoRl6Lt-g,user_f628ecbca12b,False,1759708800,0,positif,0.988,positif,positif,positif,soraya
LWdoRl6Lt-g,user_305a8a8d2c05,False,1759708800,0,negatif,0.9692,netral,tanpa_emoji,negatif,soraya
LWdoRl6Lt-g,user_32fc97edbe8a,False,1759708800,0,negatif,0.4401,positif,positif,positif,soraya
LWdoRl6Lt-g,user_90ffae2e0c48,False,1759708800,0,negatif,0.9783,netral,tanpa_emoji,negatif,soraya
LWdoRl6Lt-g,user_22d37086b242,False,1759708800,0,netral,0.3919,netral,tanpa_emoji,netral,soraya
LWdoRl6Lt-g,user_e35c8ddaae2d,False,1759708800,3,negatif,0.5312,netral,netral,negatif,soraya
LWdoRl6Lt-g,user_d63e4d594bed,False,1759708800,1,negatif,0.6791,positif,positif,negatif,soraya
LWdoRl6Lt-g,user_3cdf0e4818d5,False,1759708800,2,positif,0.9914,netral,tanpa_emoji,positif,soraya
LWdoRl6Lt-g,user_7da0fff55e10,True,1759708800,0,netral,0.6102,netral,tanpa_emoji,netral,soraya
LWdoRl6Lt-g,user_7a21e5a3ffb0,False,1759708800,0,negatif,0.9038,positif,tanpa_emoji,negatif,soraya
LWdoRl6Lt-g,user_a4c01524a780,False,1759708800,7,positif,0.6562,positif,tanpa_emoji,positif,soraya
LWdoRl6Lt-g,user_24e384eaa3df,True,1759708800,1,negatif,0.9931,netral,tanpa_emoji,negatif,soraya
LWdoRl6Lt-g,user_c2ceadbf796a,False,1759708800,0,negatif,0.9652,netral,tanpa_emoji,negatif,soraya
LWdoRl6Lt-g,user_d7048b44b330,False,1759708800,0,netral,0.8963,netral,netral,netral,soraya
LWdoRl6Lt-g,user_b5895b3cbfda,False,1759708800,1,negatif,0.949,netral,tanpa_emoji,negatif,soraya
LWdoRl6Lt-g,user_954b0f404515,False,1759708800,0,negatif,0.8105,netral,netral,negatif,soraya
LWdoRl6Lt-g,user_cbf5cf318d6a,False,1759708800,0,positif,0.423,netral,tanpa_emoji,positif,soraya
LWdoRl6Lt-g,user_d0b2667ee7b8,False,1759708800,30,positif,0.9978,positif,positif,positif,soraya
LWdoRl6Lt-g,user_70dc1b15f94d,True,1759708800,0,positif,0.9897,positif,tanpa_emoji,positif,soraya
LWdoRl6Lt-g,user_77e0d6e014e5,False,1759708800,0,negatif,0.5705,positif,tanpa_emoji,negatif,soraya
LWdoRl6Lt-g,user_a9ef75a4d1e7,False,1759708800,0,negatif,0.9984,negatif,tanpa_emoji,negatif,soraya
LWdoRl6Lt-g,user_575c7234850c,False,1759708800,5,positif,0.9977,positif,tanpa_emoji,positif,soraya
LWdoRl6Lt-g,user_dca873533339,True,1759708800,0,negatif,0.9921,netral,tanpa_emoji,negatif,soraya
LWdoRl6Lt-g,user_24e384eaa3df,True,1759708800,0,positif,0.7564,netral,tanpa_emoji,positif,soraya
LWdoRl6Lt-g,user_f8bbc55fb701,False,1759708800,0,negatif,0.557,netral,tanpa_emoji,negatif,soraya
LWdoRl6Lt-g,user_0fe86a3f240e,True,1759708800,0,netral,0.7929,netral,tanpa_emoji,netral,soraya
LWdoRl6Lt-g,user_2873dde25729,False,1759708800,0,negatif,0.9873,netral,tanpa_emoji,negatif,soraya
LWdoRl6Lt-g,user_0f85b14d4caa,False,1759708800,46,positif,0.8998,positif,tanpa_emoji,positif,soraya
LWdoRl6Lt-g,user_0dea9cf49460,True,1759708800,0,negatif,0.6675,positif,tanpa_emoji,negatif,soraya
LWdoRl6Lt-g,user_a386b4c2040b,True,1759708800,0,positif,0.5343,positif,tanpa_emoji,positif,soraya
LWdoRl6Lt-g,user_0f85b14d4caa,True,1759708800,1,positif,0.9962,positif,tanpa_emoji,positif,soraya
LWdoRl6Lt-g,user_c322afa09845,True,1759708800,0,positif,0.7097,netral,tanpa_emoji,positif,soraya
LWdoRl6Lt-g,user_f5a33801004d,False,1759708800,0,negatif,0.9894,netral,netral,negatif,soraya
LWdoRl6Lt-g,user_2ea4fb8eb6f0,False,1759708800,1,positif,0.9943,positif,positif,positif,soraya
LWdoRl6Lt-g,user_aea3432ed90d,True,1759708800,0,negatif,0.9716,netral,tanpa_emoji,negatif,soraya
LWdoRl6Lt-g,user_f0a503f19b31,False,1759708800,1,positif,0.9959,positif,tanpa_emoji,positif,soraya
LWdoRl6Lt-g,user_2c4d678bdec3,False,1759708800,2,negatif,0.5794,netral,netral,negatif,soraya
LWdoRl6Lt-g,user_b2fcccf9635b,False,1759708800,1,positif,0.5856,positif,tanpa_emoji,positif,soraya
LWdoRl6Lt-g,user_5e24681963e2,True,1759708800,0,positif,0.9974,netral,tanpa_emoji,positif,soraya
LWdoRl6Lt-g,user_a8668a508c10,False,1759708800,3,negatif,0.9377,negatif,netral,negatif,soraya
LWdoRl6Lt-g,user_1272c6db8239,True,1759708800,3,positif,0.5922,netral,tanpa_emoji,positif,soraya
LWdoRl6Lt-g,user_5e24681963e2,True,1759708800,1,netral,0.9566,netral,tanpa_emoji,netral,soraya
LWdoRl6Lt-g,user_662b8c573e1b,True,1759708800,1,negatif,0.9707,positif,positif,negatif,soraya
LWdoRl6Lt-g,user_53adcdd84060,True,1759708800,0,negatif,0.9448,netral,tanpa_emoji,negatif,soraya
LWdoRl6Lt-g,user_77581295fac6,False,1759708800,0,negatif,0.9975,positif,netral,negatif,soraya
LWdoRl6Lt-g,user_2baeb4e089df,False,1759708800,0,negatif,0.892,netral,tanpa_emoji,negatif,soraya
LWdoRl6Lt-g,user_69d509285dbb,True,1759708800,1,negatif,0.8602,netral,tanpa_emoji,negatif,soraya
LWdoRl6Lt-g,user_b0c8e97d0ab0,True,1759708800,1,negatif,0.9899,netral,tanpa_emoji,negatif,soraya
LWdoRl6Lt-g,user_d38045d890c5,True,1759708800,0,negatif,0.9582,netral,tanpa_emoji,negatif,soraya
LWdoRl6Lt-g,user_56596f47ce3f,True,1759708800,0,negatif,0.966,positif,tanpa_emoji,negatif,soraya
LWdoRl6Lt-g,user_d7c43590e614,True,1759708800,0,negatif,0.8569,netral,tanpa_emoji,negatif,soraya
LWdoRl6Lt-g,user_5e24681963e2,True,1759708800,0,negatif,0.8665,netral,tanpa_emoji,negatif,soraya
LWdoRl6Lt-g,user_305a8a8d2c05,True,1759708800,0,negatif,0.9339,negatif,netral,negatif,soraya
LWdoRl6Lt-g,user_b3a4b93d9f3a,False,1759708800,0,negatif,0.9674,negatif,positif,negatif,soraya
LWdoRl6Lt-g,user_48a02cc613aa,True,1759708800,0,negatif,0.9846,netral,tanpa_emoji,negatif,soraya
LWdoRl6Lt-g,user_b3a4b93d9f3a,True,1759708800,0,positif,0.7681,negatif,netral,positif,soraya
LWdoRl6Lt-g,user_0fe86a3f240e,True,1759708800,0,negatif,0.8386,netral,tanpa_emoji,negatif,soraya
LWdoRl6Lt-g,user_2518009d73f8,False,1759708800,6,positif,0.995,positif,tanpa_emoji,positif,soraya
LWdoRl6Lt-g,user_24e384eaa3df,True,1759708800,1,positif,0.909,positif,tanpa_emoji,positif,soraya
LWdoRl6Lt-g,user_3ec6e191e200,True,1759708800,0,netral,0.9268,netral,tanpa_emoji,netral,soraya
NnryGVjzuso,user_409dfc479011,False,1762387200,95,positif,0.987,positif,positif,positif,soraya
NnryGVjzuso,user_4d5512701489,True,1764979200,0,positif,0.9987,positif,tanpa_emoji,positif,soraya
NnryGVjzuso,user_38a92e5245ec,False,1762387200,34,netral,0.5343,positif,positif,positif,soraya
NnryGVjzuso,user_f2a65615a493,False,1762387200,48,positif,0.9774,positif,positif,positif,soraya
NnryGVjzuso,user_423d4696e08a,True,1762387200,4,negatif,0.999,netral,tanpa_emoji,negatif,soraya
NnryGVjzuso,user_84b13ae768a7,True,1762387200,1,netral,0.7042,netral,tanpa_emoji,netral,soraya
NnryGVjzuso,user_5de65d867815,True,1770336000,0,netral,0.9785,netral,tanpa_emoji,netral,soraya
NnryGVjzuso,user_eff6d0c14484,False,1762387200,53,negatif,0.6486,netral,tanpa_emoji,negatif,soraya
NnryGVjzuso,user_ec30aec77738,False,1762387200,43,netral,0.7729,netral,netral,netral,soraya
NnryGVjzuso,user_28d26b41e7a3,True,1762387200,5,negatif,0.9586,netral,tanpa_emoji,negatif,soraya
NnryGVjzuso,user_bea27982db2f,True,1772755200,0,negatif,0.4503,netral,tanpa_emoji,negatif,soraya
NnryGVjzuso,user_6223372ae1b1,False,1762387200,26,positif,0.9954,negatif,tanpa_emoji,positif,soraya
NnryGVjzuso,user_3fa22acf4b86,True,1762387200,4,positif,0.7178,positif,tanpa_emoji,positif,soraya
NnryGVjzuso,user_adc1c9100075,True,1762387200,1,netral,0.5123,positif,tanpa_emoji,netral,soraya
NnryGVjzuso,user_ad1cf36110b9,False,1762387200,13,negatif,0.9235,positif,positif,negatif,soraya
NnryGVjzuso,user_fd172901596a,False,1762387200,5,positif,0.5689,positif,tanpa_emoji,positif,soraya
NnryGVjzuso,user_423d4696e08a,False,1762387200,3,netral,0.9364,netral,tanpa_emoji,netral,soraya
NnryGVjzuso,user_6223372ae1b1,False,1762387200,2,negatif,0.6398,negatif,netral,negatif,soraya
NnryGVjzuso,user_015b112190b5,False,1762387200,6,negatif,0.9939,positif,positif,negatif,soraya
NnryGVjzuso,user_3ea43b055ddf,False,1762387200,4,negatif,0.901,netral,tanpa_emoji,negatif,soraya
NnryGVjzuso,user_8b5d71ddf252,False,1762387200,6,positif,0.993,positif,positif,positif,soraya
NnryGVjzuso,user_2310b08e818c,False,1762387200,6,positif,0.8507,positif,tanpa_emoji,positif,soraya
NnryGVjzuso,user_a23ae0f82206,False,1762387200,4,positif,0.9298,netral,tanpa_emoji,positif,soraya
NnryGVjzuso,user_f5e117c1ce51,False,1762387200,6,netral,0.8849,netral,tanpa_emoji,netral,soraya
NnryGVjzuso,user_ec963a0e2d4b,False,1762387200,6,negatif,0.9961,positif,positif,negatif,soraya
NnryGVjzuso,user_c7e1f9991028,False,1762387200,30,netral,0.803,netral,netral,netral,soraya
NnryGVjzuso,user_423d4696e08a,True,1762387200,2,negatif,0.9906,netral,tanpa_emoji,negatif,soraya
NnryGVjzuso,user_74de0158d174,False,1762387200,2,positif,0.5845,netral,tanpa_emoji,positif,soraya
NnryGVjzuso,user_2a6b8ab6027b,False,1762387200,2,positif,0.9911,positif,positif,positif,soraya
NnryGVjzuso,user_a83b3562c5cf,False,1762387200,2,positif,0.9988,positif,netral,positif,soraya
NnryGVjzuso,user_e8aca8a2623a,False,1762387200,1,negatif,0.4632,positif,positif,positif,soraya
NnryGVjzuso,user_e70e6dd8acca,False,1762387200,3,negatif,0.9987,negatif,tanpa_emoji,negatif,soraya
NnryGVjzuso,user_5bc756a9117c,False,1762387200,2,negatif,0.9939,positif,positif,negatif,soraya
NnryGVjzuso,user_aa7c01daab75,False,1762387200,1,negatif,0.9282,netral,tanpa_emoji,negatif,soraya
NnryGVjzuso,user_b256c71d1f94,False,1764979200,1,positif,0.9949,positif,tanpa_emoji,positif,soraya
NnryGVjzuso,user_ed9f06da1e3c,False,1762387200,2,negatif,0.7984,netral,tanpa_emoji,negatif,soraya
NnryGVjzuso,user_b7a58408569e,False,1762387200,1,netral,0.9557,netral,tanpa_emoji,netral,soraya
NnryGVjzuso,user_574c93bda09f,False,1762387200,1,negatif,0.989,positif,positif,negatif,soraya
NnryGVjzuso,user_4925e7700da9,False,1762387200,0,positif,0.996,netral,positif,positif,soraya
NnryGVjzuso,user_feb499520b43,False,1764979200,1,negatif,0.8888,netral,tanpa_emoji,negatif,soraya
NnryGVjzuso,user_050d0fe92618,False,1762387200,2,positif,0.9253,positif,tanpa_emoji,positif,soraya
NnryGVjzuso,user_5e42f3cb2ed5,False,1762387200,0,positif,0.9971,netral,tanpa_emoji,positif,soraya
NnryGVjzuso,user_2f68282fed20,False,1764979200,0,netral,0.6322,netral,tanpa_emoji,netral,soraya
NnryGVjzuso,user_0b4225c13ade,False,1764979200,0,positif,0.9838,netral,tanpa_emoji,positif,soraya
NnryGVjzuso,user_dadf534e58a0,False,1762387200,1,negatif,0.5577,netral,tanpa_emoji,negatif,soraya
NnryGVjzuso,user_2286ac3c91b7,False,1764979200,0,negatif,0.9988,netral,tanpa_emoji,negatif,soraya
NnryGVjzuso,user_049b7591bdc3,False,1762387200,2,netral,0.4409,positif,positif,positif,soraya
NnryGVjzuso,user_219522595279,False,1762387200,2,positif,0.479,netral,tanpa_emoji,positif,soraya
NnryGVjzuso,user_47fbd79d0e86,False,1767657600,0,positif,0.9754,negatif,tanpa_emoji,positif,soraya
NnryGVjzuso,user_d63ccef408ec,False,1762387200,1,negatif,0.9946,netral,positif,negatif,soraya
NnryGVjzuso,user_3a11f6851ad2,False,1762387200,0,positif,0.95,negatif,tanpa_emoji,positif,soraya
NnryGVjzuso,user_54d7341f3633,False,1764979200,0,positif,0.9343,positif,tanpa_emoji,positif,soraya
NnryGVjzuso,user_563e476269b4,False,1762387200,1,positif,0.9961,positif,positif,positif,soraya
NnryGVjzuso,user_fef4e0ada861,False,1762387200,1,positif,0.4926,netral,tanpa_emoji,positif,soraya
NnryGVjzuso,user_f70072023a8c,False,1762387200,1,negatif,0.5633,netral,tanpa_emoji,negatif,soraya
NnryGVjzuso,user_1aa9df06318f,False,1762387200,6,positif,0.9031,positif,tanpa_emoji,positif,soraya
NnryGVjzuso,user_4d5512701489,True,1764979200,0,positif,0.9359,netral,tanpa_emoji,positif,soraya
NnryGVjzuso,user_77fc6e60e89b,False,1764979200,0,netral,0.922,positif,positif,netral,soraya
NnryGVjzuso,user_fe6467534f20,False,1764979200,0,negatif,0.6761,netral,tanpa_emoji,negatif,soraya
NnryGVjzuso,user_16ba7a4dd75a,False,1762387200,1,negatif,0.612,positif,positif,negatif,soraya
NnryGVjzuso,user_65fac1293053,False,1762387200,1,positif,0.9733,positif,positif,positif,soraya
NnryGVjzuso,user_d9a359131fe1,False,1762387200,2,netral,0.9691,positif,positif,netral,soraya
NnryGVjzuso,user_6e25e18c0327,False,1764979200,0,netral,0.4987,positif,positif,positif,soraya
NnryGVjzuso,user_077a0a75c6b4,False,1762387200,0,netral,0.8903,netral,tanpa_emoji,netral,soraya
NnryGVjzuso,user_c4ea604df275,False,1762387200,0,positif,0.9929,positif,tanpa_emoji,positif,soraya
NnryGVjzuso,user_2cd33e8cc2cc,False,1762387200,0,positif,0.9958,positif,positif,positif,soraya
NnryGVjzuso,user_0ee629d6d95c,False,1764979200,0,positif,0.9896,positif,positif,positif,soraya
NnryGVjzuso,user_4e6c48bb7146,False,1762387200,1,negatif,0.9965,positif,netral,negatif,soraya
NnryGVjzuso,user_6beffd6bc98d,False,1762387200,0,positif,0.9217,positif,tanpa_emoji,positif,soraya
NnryGVjzuso,user_44ff0f457476,False,1762387200,0,positif,0.9973,netral,netral,positif,soraya
NnryGVjzuso,user_34e20a2f07c3,False,1764979200,0,positif,0.9932,netral,netral,positif,soraya
NnryGVjzuso,user_97fd178bf6ed,False,1762387200,1,negatif,0.9977,netral,tanpa_emoji,negatif,soraya
NnryGVjzuso,user_c911dca0d81c,False,1762387200,5,positif,0.9882,positif,tanpa_emoji,positif,soraya
NnryGVjzuso,user_f9096902e4e8,True,1762387200,3,positif,0.6374,netral,tanpa_emoji,positif,soraya
NnryGVjzuso,user_1544f3c38e69,False,1762387200,0,positif,0.9819,positif,tanpa_emoji,positif,soraya
NnryGVjzuso,user_3f2ea2910c11,False,1762387200,0,positif,0.4526,netral,tanpa_emoji,positif,soraya
NnryGVjzuso,user_031ce304a3e4,False,1770336000,0,negatif,0.985,netral,tanpa_emoji,negatif,soraya
NnryGVjzuso,user_f01b3c01dce5,False,1764979200,0,negatif,0.9977,netral,tanpa_emoji,negatif,soraya
NnryGVjzuso,user_646654ef8f9c,False,1762387200,3,negatif,0.8741,netral,tanpa_emoji,negatif,soraya
NnryGVjzuso,user_da719413c83e,False,1762387200,1,negatif,0.9582,netral,tanpa_emoji,negatif,soraya
NnryGVjzuso,user_56cbf18dff24,False,1762387200,0,positif,0.9405,positif,tanpa_emoji,positif,soraya
NnryGVjzuso,user_010874983d27,False,1764979200,0,positif,0.9898,positif,tanpa_emoji,positif,soraya
NnryGVjzuso,user_943a7bcee52d,False,1762387200,6,positif,0.9964,netral,tanpa_emoji,positif,soraya
NnryGVjzuso,user_dce1713240be,True,1762387200,1,negatif,0.9949,netral,tanpa_emoji,negatif,soraya
NnryGVjzuso,user_db8332293f7b,False,1762387200,1,negatif,0.8146,positif,positif,negatif,soraya
NnryGVjzuso,user_7cce501dcc53,False,1762387200,1,negatif,0.9957,netral,netral,negatif,soraya
NnryGVjzuso,user_9ae1b3cc0142,False,1764979200,0,negatif,0.9924,netral,netral,negatif,soraya
NnryGVjzuso,user_f4a01613ceff,False,1764979200,0,positif,0.5844,positif,positif,positif,soraya
NnryGVjzuso,user_117fad7559f4,False,1762387200,1,negatif,0.7837,positif,positif,negatif,soraya
NnryGVjzuso,user_946a33abfa64,False,1762387200,1,negatif,0.9419,netral,tanpa_emoji,negatif,soraya
NnryGVjzuso,user_3170ce97e735,False,1762387200,0,netral,0.7519,netral,tanpa_emoji,netral,soraya
NnryGVjzuso,user_2615eefcdd40,False,1764979200,0,positif,0.9377,netral,tanpa_emoji,positif,soraya
NnryGVjzuso,user_a7ceba4f7f5b,False,1762387200,1,positif,0.994,positif,tanpa_emoji,positif,soraya
NnryGVjzuso,user_0f293f1232bf,False,1762387200,0,negatif,0.9739,netral,tanpa_emoji,negatif,soraya
NnryGVjzuso,user_a50329204488,False,1762387200,9,positif,0.7735,netral,tanpa_emoji,positif,soraya
NnryGVjzuso,user_e161d1369fb0,True,1762387200,0,negatif,0.5079,netral,tanpa_emoji,negatif,soraya
NnryGVjzuso,user_b7df7996a3c7,False,1762387200,0,negatif,0.9984,netral,tanpa_emoji,negatif,soraya
NnryGVjzuso,user_a41b181ac8ec,False,1764979200,0,positif,0.9879,positif,tanpa_emoji,positif,soraya
NnryGVjzuso,user_25eea107bc69,False,1764979200,0,positif,0.8389,netral,tanpa_emoji,positif,soraya
NnryGVjzuso,user_4df1134fc0ef,False,1764979200,1,positif,0.6726,netral,tanpa_emoji,positif,soraya
NnryGVjzuso,user_2518009d73f8,False,1764979200,0,positif,0.4588,netral,tanpa_emoji,positif,soraya
NnryGVjzuso,user_5457eee9a2e8,False,1762387200,1,positif,0.8587,netral,tanpa_emoji,positif,soraya
NnryGVjzuso,user_824c724cbb63,False,1762387200,1,negatif,0.8055,netral,tanpa_emoji,negatif,soraya
NnryGVjzuso,user_bd2080ed9f8a,False,1762387200,1,positif,0.7228,netral,netral,positif,soraya
NnryGVjzuso,user_7e6c4d1d105d,False,1764979200,0,negatif,0.9966,positif,tanpa_emoji,negatif,soraya
NnryGVjzuso,user_2b13505f58f5,False,1764979200,0,positif,0.975,positif,positif,positif,soraya
NnryGVjzuso,user_4db68f67e9ec,False,1762387200,0,positif,0.9956,positif,positif,positif,soraya
NnryGVjzuso,user_6bb1f8f1c8af,False,1764979200,0,positif,0.9956,positif,tanpa_emoji,positif,soraya
NnryGVjzuso,user_09a08e01c30e,False,1762387200,1,netral,0.7833,netral,tanpa_emoji,netral,soraya
NnryGVjzuso,user_698952e47749,False,1762387200,0,negatif,0.6842,netral,tanpa_emoji,negatif,soraya
NnryGVjzuso,user_cf2f29bff51b,False,1762387200,1,negatif,0.5867,positif,tanpa_emoji,negatif,soraya
NnryGVjzuso,user_abbe57ebf9f4,False,1764979200,0,netral,0.6441,positif,positif,netral,soraya
NnryGVjzuso,user_28515b029e6b,False,1762387200,0,negatif,0.9849,positif,tanpa_emoji,negatif,soraya
NnryGVjzuso,user_c771ef961828,False,1762387200,3,positif,0.7827,netral,tanpa_emoji,positif,soraya
NnryGVjzuso,user_818f09320d9f,True,1764979200,0,positif,0.5587,netral,tanpa_emoji,positif,soraya
NnryGVjzuso,user_7a6e5abcf537,False,1767657600,0,positif,0.452,netral,tanpa_emoji,positif,soraya
NnryGVjzuso,user_82efa69130aa,False,1762387200,1,positif,0.9722,positif,tanpa_emoji,positif,soraya
NnryGVjzuso,user_cdf5740d57f3,False,1762387200,1,negatif,0.8548,netral,tanpa_emoji,negatif,soraya
NnryGVjzuso,user_e17ea7763638,False,1762387200,1,negatif,0.9984,netral,tanpa_emoji,negatif,soraya
NnryGVjzuso,user_067933838300,False,1762387200,0,positif,0.8149,netral,tanpa_emoji,positif,soraya
NnryGVjzuso,user_89ad6b6c6c5c,False,1770336000,0,positif,0.9902,positif,tanpa_emoji,positif,soraya
NnryGVjzuso,user_ccb71ac2f998,False,1762387200,2,negatif,0.8488,negatif,tanpa_emoji,negatif,soraya
NnryGVjzuso,user_6223372ae1b1,True,1762387200,1,negatif,0.9138,netral,tanpa_emoji,negatif,soraya
NnryGVjzuso,user_c1424fde6b93,False,1764979200,0,netral,0.8656,netral,tanpa_emoji,netral,soraya
NnryGVjzuso,user_ac029ebf6b56,False,1762387200,0,negatif,0.574,positif,tanpa_emoji,negatif,soraya
NnryGVjzuso,user_820ddbe24801,False,1762387200,0,positif,0.9174,netral,tanpa_emoji,positif,soraya
NnryGVjzuso,user_4837489f5c59,False,1762387200,0,positif,0.9647,netral,tanpa_emoji,positif,soraya
NnryGVjzuso,user_4137e873cb04,False,1762387200,1,negatif,0.8885,netral,tanpa_emoji,negatif,soraya
NnryGVjzuso,user_0aabb40afdfb,False,1764979200,0,negatif,0.811,positif,positif,negatif,soraya
NnryGVjzuso,user_26a23e9c1411,False,1762387200,0,positif,0.9837,positif,tanpa_emoji,positif,soraya
NnryGVjzuso,user_82ce6cd90b64,False,1764979200,0,netral,0.6621,positif,tanpa_emoji,netral,soraya
NnryGVjzuso,user_7093c53623bf,False,1764979200,0,negatif,0.9909,positif,tanpa_emoji,negatif,soraya
NnryGVjzuso,user_3fa22acf4b86,False,1762387200,1,positif,0.9964,positif,tanpa_emoji,positif,soraya
NnryGVjzuso,user_adc1c9100075,True,1762387200,0,negatif,0.6625,netral,tanpa_emoji,negatif,soraya
NnryGVjzuso,user_d009544964cc,False,1772755200,0,positif,0.8812,positif,tanpa_emoji,positif,soraya
NnryGVjzuso,user_3a2c54c90e51,False,1764979200,0,negatif,0.5206,netral,tanpa_emoji,negatif,soraya
NnryGVjzuso,user_17937f97b5e6,False,1762387200,1,netral,0.6364,netral,tanpa_emoji,netral,soraya
NnryGVjzuso,user_f7fc3076ee7a,False,1762387200,0,negatif,0.8624,netral,tanpa_emoji,negatif,soraya
NnryGVjzuso,user_816f9ad8f51d,False,1764979200,0,negatif,0.8372,netral,tanpa_emoji,negatif,soraya
NnryGVjzuso,user_4b9c7ea7b89f,False,1762387200,0,negatif,0.6233,positif,positif,negatif,soraya
NnryGVjzuso,user_8365f168e570,False,1762387200,0,netral,0.6195,netral,tanpa_emoji,netral,soraya
NnryGVjzuso,user_d94bf1ac28f9,False,1770336000,0,negatif,0.9592,netral,tanpa_emoji,negatif,soraya
NnryGVjzuso,user_73d5d71af13b,False,1762387200,1,negatif,0.984,netral,tanpa_emoji,negatif,soraya
NnryGVjzuso,user_93bdc894c3b5,True,1762387200,1,netral,0.5467,netral,tanpa_emoji,netral,soraya
NnryGVjzuso,user_bda3fc152bb0,False,1762387200,3,positif,0.9138,positif,positif,positif,soraya
NnryGVjzuso,user_29f0c43833b9,True,1762387200,1,negatif,0.9869,netral,tanpa_emoji,negatif,soraya
NnryGVjzuso,user_f3ef8d8e2260,False,1762387200,1,negatif,0.9383,netral,tanpa_emoji,negatif,soraya
NnryGVjzuso,user_82efa69130aa,False,1762387200,1,netral,0.8352,netral,tanpa_emoji,netral,soraya
NnryGVjzuso,user_1e8068f4b208,False,1762387200,1,negatif,0.9265,netral,tanpa_emoji,negatif,soraya
NnryGVjzuso,user_423d4696e08a,True,1762387200,2,positif,0.5035,negatif,tanpa_emoji,positif,soraya
NnryGVjzuso,user_a66021f9b8b7,False,1762387200,1,negatif,0.9969,netral,tanpa_emoji,negatif,soraya
NnryGVjzuso,user_859212754ca3,False,1762387200,0,netral,0.8241,netral,tanpa_emoji,netral,soraya
NnryGVjzuso,user_b847e1ad80c7,False,1764979200,0,netral,0.8563,negatif,tanpa_emoji,netral,soraya
NnryGVjzuso,user_051afb298050,False,1762387200,1,positif,0.87,netral,tanpa_emoji,positif,soraya
NnryGVjzuso,user_943a7bcee52d,True,1762387200,2,positif,0.8382,netral,tanpa_emoji,positif,soraya
NnryGVjzuso,user_e018adeedc34,False,1762387200,0,negatif,0.9125,netral,tanpa_emoji,negatif,soraya
NnryGVjzuso,user_ad85ee202b11,False,1762387200,0,positif,0.9815,positif,positif,positif,soraya
NnryGVjzuso,user_b0a8f45118b8,False,1762387200,1,negatif,0.6179,positif,tanpa_emoji,negatif,soraya
NnryGVjzuso,user_423d4696e08a,True,1762387200,0,negatif,0.9969,negatif,tanpa_emoji,negatif,soraya
NnryGVjzuso,user_ef522da0d1fd,False,1764979200,0,negatif,0.9853,netral,tanpa_emoji,negatif,soraya
NnryGVjzuso,user_dbf7e351b178,False,1762387200,7,positif,0.9829,positif,tanpa_emoji,positif,soraya
NnryGVjzuso,user_423d4696e08a,True,1762387200,2,negatif,0.9963,negatif,netral,negatif,soraya
NnryGVjzuso,user_adc1c9100075,True,1762387200,4,positif,0.7519,netral,tanpa_emoji,positif,soraya
NnryGVjzuso,user_77d8bf0cfe75,True,1762387200,1,negatif,0.998,negatif,tanpa_emoji,negatif,soraya
NnryGVjzuso,user_adc1c9100075,True,1762387200,1,positif,0.8407,positif,tanpa_emoji,positif,soraya
NnryGVjzuso,user_17937f97b5e6,True,1762387200,2,negatif,0.7163,netral,tanpa_emoji,negatif,soraya
NnryGVjzuso,user_cc8f5c345cbd,False,1762387200,2,negatif,0.6211,netral,tanpa_emoji,negatif,soraya
NnryGVjzuso,user_f45526d345d6,False,1764979200,0,negatif,0.9896,netral,tanpa_emoji,negatif,soraya
NnryGVjzuso,user_cedf44ec3e9d,False,1764979200,0,negatif,0.948,netral,tanpa_emoji,negatif,soraya
NnryGVjzuso,user_fdde577f6fda,False,1762387200,0,negatif,0.9975,netral,netral,negatif,soraya
NnryGVjzuso,user_c04bd8fc93df,False,1762387200,0,negatif,0.9879,positif,netral,negatif,soraya
NnryGVjzuso,user_12e17a2b3e1d,False,1762387200,0,negatif,0.9661,netral,tanpa_emoji,negatif,soraya
NnryGVjzuso,user_ad1e36e4a30a,False,1762387200,4,negatif,0.7078,netral,tanpa_emoji,negatif,soraya
NnryGVjzuso,user_b7a58408569e,True,1762387200,1,netral,0.8384,netral,tanpa_emoji,netral,soraya
NnryGVjzuso,user_423d4696e08a,True,1762387200,0,negatif,0.9961,negatif,tanpa_emoji,negatif,soraya
NnryGVjzuso,user_1e851b8be5bb,False,1762387200,1,negatif,0.5931,positif,tanpa_emoji,negatif,soraya
NnryGVjzuso,user_b68757f18845,True,1762387200,0,netral,0.9903,netral,netral,netral,soraya
NnryGVjzuso,user_17937f97b5e6,True,1762387200,0,netral,0.6364,netral,tanpa_emoji,netral,soraya
NnryGVjzuso,user_11db73875a51,False,1762387200,1,negatif,0.9158,netral,tanpa_emoji,negatif,soraya
NnryGVjzuso,user_423d4696e08a,True,1762387200,0,negatif,0.9968,negatif,tanpa_emoji,negatif,soraya
NnryGVjzuso,user_79fedea4f250,False,1762387200,0,negatif,0.9993,positif,netral,negatif,soraya
NnryGVjzuso,user_eca878d7a853,False,1764979200,0,negatif,0.9856,netral,tanpa_emoji,negatif,soraya
NnryGVjzuso,user_a7aad154d73a,False,1762387200,2,positif,0.9936,positif,positif,positif,soraya
NnryGVjzuso,user_92a6780ff067,False,1762387200,5,negatif,0.9925,negatif,tanpa_emoji,negatif,soraya
NnryGVjzuso,user_646722889b59,True,1762387200,1,positif,0.9958,positif,positif,positif,soraya
NnryGVjzuso,user_17937f97b5e6,True,1762387200,1,netral,0.6364,netral,tanpa_emoji,netral,soraya
NnryGVjzuso,user_2d99eaec3081,True,1762387200,0,negatif,0.4689,netral,tanpa_emoji,negatif,soraya
NnryGVjzuso,user_f9d99abf5e7a,False,1762387200,0,negatif,0.5434,netral,tanpa_emoji,negatif,soraya
NnryGVjzuso,user_bbafaea166b4,False,1762387200,0,negatif,0.6639,netral,tanpa_emoji,negatif,soraya
NnryGVjzuso,user_423d4696e08a,True,1762387200,0,positif,0.8537,positif,netral,positif,soraya
NnryGVjzuso,user_86b3dfce77f9,False,1762387200,3,positif,0.5029,netral,tanpa_emoji,positif,soraya
NnryGVjzuso,user_97fd178bf6ed,True,1762387200,1,negatif,0.9657,netral,tanpa_emoji,negatif,soraya
NnryGVjzuso,user_208d89ba0895,True,1762387200,0,negatif,0.7849,netral,netral,negatif,soraya
NnryGVjzuso,user_17937f97b5e6,True,1762387200,0,negatif,0.7163,netral,tanpa_emoji,negatif,soraya
NnryGVjzuso,user_1a79821c0948,False,1764979200,1,negatif,0.7378,netral,tanpa_emoji,negatif,soraya
NnryGVjzuso,user_bc157d1ba4c7,True,1764979200,0,negatif,0.4712,netral,tanpa_emoji,negatif,soraya
NnryGVjzuso,user_731f3b28fe3c,False,1764979200,0,negatif,0.9982,netral,tanpa_emoji,negatif,soraya
NnryGVjzuso,user_b0ccc7db6fc0,False,1767657600,0,positif,0.7958,netral,netral,positif,soraya
NnryGVjzuso,user_423d4696e08a,False,1762387200,4,negatif,0.9855,negatif,tanpa_emoji,negatif,soraya
NnryGVjzuso,user_97fd178bf6ed,True,1762387200,2,negatif,0.9932,netral,tanpa_emoji,negatif,soraya
NnryGVjzuso,user_657b050ea301,False,1764979200,1,netral,0.5048,netral,tanpa_emoji,netral,soraya
NnryGVjzuso,user_4347b895faae,False,1764979200,1,negatif,0.9966,negatif,tanpa_emoji,negatif,soraya
NnryGVjzuso,user_11038d20dfe4,False,1764979200,0,negatif,0.7901,positif,tanpa_emoji,negatif,soraya
NnryGVjzuso,user_897e72b02087,False,1762387200,2,negatif,0.9567,negatif,tanpa_emoji,negatif,soraya
NnryGVjzuso,user_beae0194f25e,True,1762387200,1,negatif,0.9897,negatif,netral,negatif,soraya
NnryGVjzuso,user_17937f97b5e6,True,1762387200,1,negatif,0.7163,netral,tanpa_emoji,negatif,soraya
NnryGVjzuso,user_4c55f1369146,False,1764979200,0,negatif,0.9901,negatif,tanpa_emoji,negatif,soraya
NnryGVjzuso,user_240fba6e03e9,True,1767657600,0,negatif,0.8911,netral,netral,negatif,soraya
NnryGVjzuso,user_a7b497420e29,False,1762387200,0,negatif,0.6219,negatif,netral,negatif,soraya
NnryGVjzuso,user_10a0adebdd9f,False,1764979200,0,negatif,0.9993,netral,positif,negatif,soraya
NnryGVjzuso,user_8862ab72de5c,False,1762387200,1,negatif,0.8661,netral,tanpa_emoji,negatif,soraya
NnryGVjzuso,user_97fd178bf6ed,True,1762387200,1,positif,0.5067,positif,tanpa_emoji,positif,soraya
NnryGVjzuso,user_423d4696e08a,True,1762387200,0,negatif,0.8922,netral,tanpa_emoji,negatif,soraya
NnryGVjzuso,user_90dff054642f,False,1762387200,2,negatif,0.9109,netral,tanpa_emoji,negatif,soraya
NnryGVjzuso,user_f3ef8d8e2260,True,1762387200,1,netral,0.6695,netral,tanpa_emoji,netral,soraya
NnryGVjzuso,user_93bdc894c3b5,True,1762387200,1,netral,0.925,netral,tanpa_emoji,netral,soraya
NnryGVjzuso,user_423d4696e08a,True,1762387200,1,negatif,0.6969,netral,tanpa_emoji,negatif,soraya
NnryGVjzuso,user_009393498251,False,1762387200,1,negatif,0.8541,netral,tanpa_emoji,negatif,soraya
NnryGVjzuso,user_a83b3562c5cf,True,1762387200,0,netral,0.8967,netral,tanpa_emoji,netral,soraya
NnryGVjzuso,user_aab2b0735137,False,1762387200,1,negatif,0.9948,netral,tanpa_emoji,negatif,soraya
NnryGVjzuso,user_5bc32a62c603,False,1762387200,1,netral,0.9781,netral,tanpa_emoji,netral,soraya
NnryGVjzuso,user_4160c8f6b342,True,1762387200,1,negatif,0.9079,netral,tanpa_emoji,negatif,soraya
NnryGVjzuso,user_ce9343cc017a,True,1762387200,1,negatif,0.9983,netral,netral,negatif,soraya
NnryGVjzuso,user_9f12c71e8cc2,True,1762387200,1,netral,0.9901,netral,tanpa_emoji,netral,soraya
NnryGVjzuso,user_17937f97b5e6,True,1762387200,1,netral,0.6364,netral,tanpa_emoji,netral,soraya
NnryGVjzuso,user_654454905426,False,1762387200,0,negatif,0.9858,negatif,tanpa_emoji,negatif,soraya
NnryGVjzuso,user_423d4696e08a,True,1762387200,0,negatif,0.434,netral,tanpa_emoji,negatif,soraya
NnryGVjzuso,user_b0edb8d81143,False,1775433600,0,negatif,0.9989,netral,tanpa_emoji,negatif,soraya
NnryGVjzuso,user_d1d9788fbfb8,False,1762387200,0,negatif,0.641,netral,tanpa_emoji,negatif,soraya
NnryGVjzuso,user_c84d6b278998,False,1762387200,1,negatif,0.4612,netral,tanpa_emoji,negatif,soraya
NnryGVjzuso,user_3ccd4cecf518,False,1785974400,0,negatif,0.9826,netral,tanpa_emoji,negatif,soraya
NnryGVjzuso,user_b0edb8d81143,False,1775433600,0,netral,0.6336,netral,tanpa_emoji,netral,soraya
NnryGVjzuso,user_71607b6b2d2f,False,1762387200,0,negatif,0.8959,netral,tanpa_emoji,negatif,soraya
NnryGVjzuso,user_b0edb8d81143,False,1775433600,0,negatif,0.9878,netral,tanpa_emoji,negatif,soraya
NnryGVjzuso,user_263cb906a8ea,False,1762387200,1,netral,0.8949,netral,tanpa_emoji,netral,soraya
NnryGVjzuso,user_0f17cc5080d4,False,1764979200,0,netral,0.8903,netral,tanpa_emoji,netral,soraya
W3OiJi8UyUk,user_b3d624026441,False,1696550400,30,positif,0.9841,positif,positif,positif,soraya
W3OiJi8UyUk,user_1e0c1726d054,False,1696550400,112,positif,0.9964,positif,positif,positif,soraya
W3OiJi8UyUk,user_552dd356a1eb,False,1696550400,34,positif,0.9776,positif,positif,positif,soraya
W3OiJi8UyUk,user_34d67ea779b8,False,1696550400,8,negatif,0.9988,netral,netral,negatif,soraya
W3OiJi8UyUk,user_2ae4dd0fe565,False,1696550400,8,negatif,0.9959,netral,tanpa_emoji,negatif,soraya
W3OiJi8UyUk,user_834f52745e40,False,1696550400,11,positif,0.9928,netral,tanpa_emoji,positif,soraya
W3OiJi8UyUk,user_4709ac8b6474,False,1696550400,6,negatif,0.9658,netral,netral,negatif,soraya
W3OiJi8UyUk,user_e1ab5e89c740,False,1696550400,19,positif,0.8735,positif,positif,positif,soraya
W3OiJi8UyUk,user_f23f5ff51d55,False,1696550400,8,positif,0.9977,positif,tanpa_emoji,positif,soraya
W3OiJi8UyUk,user_a83b3562c5cf,False,1696550400,60,positif,0.9968,positif,positif,positif,soraya
W3OiJi8UyUk,user_e0e6e5c30876,True,1696550400,2,netral,0.8802,netral,tanpa_emoji,netral,soraya
W3OiJi8UyUk,user_26a23e9c1411,False,1696550400,22,positif,0.9903,positif,tanpa_emoji,positif,soraya
W3OiJi8UyUk,user_0cabf5bd26f6,True,1696550400,0,negatif,0.6763,netral,tanpa_emoji,negatif,soraya
W3OiJi8UyUk,user_5c46fe5fa05d,False,1696550400,19,negatif,0.9984,netral,tanpa_emoji,negatif,soraya
W3OiJi8UyUk,user_dc0726529164,False,1696550400,390,positif,0.9961,positif,positif,positif,soraya
W3OiJi8UyUk,user_2fb45f96d693,True,1696550400,4,negatif,0.9903,negatif,negatif,negatif,soraya
W3OiJi8UyUk,user_a6ce20257cec,True,1696550400,1,netral,0.9354,netral,tanpa_emoji,netral,soraya
W3OiJi8UyUk,user_45dbdc1b53b5,True,1696550400,1,positif,0.9936,positif,tanpa_emoji,positif,soraya
W3OiJi8UyUk,user_6a2112758bad,True,1696550400,1,negatif,0.8991,netral,netral,netral,soraya
W3OiJi8UyUk,user_1b3e9b40ab3c,True,1696550400,0,negatif,0.983,netral,netral,netral,soraya
W3OiJi8UyUk,user_e0e6e5c30876,True,1696550400,2,negatif,0.5671,netral,tanpa_emoji,negatif,soraya
W3OiJi8UyUk,user_26607ecb451a,True,1696550400,2,negatif,0.6182,positif,tanpa_emoji,negatif,soraya
W3OiJi8UyUk,user_dc0726529164,True,1696550400,0,negatif,0.7618,netral,netral,negatif,soraya
W3OiJi8UyUk,user_28da04808ea5,False,1696550400,35,positif,0.9945,positif,tanpa_emoji,positif,soraya
W3OiJi8UyUk,user_6ea2ea1545cc,True,1696550400,0,negatif,0.7738,netral,tanpa_emoji,negatif,soraya
W3OiJi8UyUk,user_e0e6e5c30876,True,1696550400,0,netral,0.9288,netral,tanpa_emoji,netral,soraya
W3OiJi8UyUk,user_4c6afe6aa983,False,1696550400,21,positif,0.9976,positif,positif,positif,soraya
W3OiJi8UyUk,user_cc83c856f20e,False,1696550400,11,positif,0.9569,netral,tanpa_emoji,positif,soraya
W3OiJi8UyUk,user_2bb7b98aa9a4,False,1696550400,6,negatif,0.7715,positif,tanpa_emoji,negatif,soraya
W3OiJi8UyUk,user_89a2ffbb565f,False,1696550400,5,negatif,0.4808,netral,tanpa_emoji,negatif,soraya
W3OiJi8UyUk,user_fad8f81f3ac5,False,1696550400,7,positif,0.8084,positif,positif,positif,soraya
W3OiJi8UyUk,user_1a3bee45811b,False,1696550400,17,netral,0.882,positif,netral,netral,soraya
W3OiJi8UyUk,user_6ea2ea1545cc,True,1696550400,2,negatif,0.9201,positif,tanpa_emoji,negatif,soraya
W3OiJi8UyUk,user_2d7e55c7b352,False,1696550400,185,positif,0.7581,positif,positif,positif,soraya
W3OiJi8UyUk,user_b073660d0791,True,1696550400,1,negatif,0.7677,negatif,tanpa_emoji,negatif,soraya
W3OiJi8UyUk,user_2d7e55c7b352,True,1696550400,2,negatif,0.7094,netral,tanpa_emoji,negatif,soraya
W3OiJi8UyUk,user_de083e314d34,False,1696550400,5,netral,0.4672,positif,positif,positif,soraya
W3OiJi8UyUk,user_5b8b0615d44c,False,1696550400,3,positif,0.4395,positif,tanpa_emoji,positif,soraya
W3OiJi8UyUk,user_bc2463b25231,False,1696550400,13,positif,0.8467,negatif,netral,positif,soraya
W3OiJi8UyUk,user_9d01c0dd1a12,False,1696550400,7,positif,0.9055,positif,positif,positif,soraya
W3OiJi8UyUk,user_c4682df53b0c,False,1696550400,6,positif,0.8105,positif,tanpa_emoji,positif,soraya
W3OiJi8UyUk,user_50da81a82343,False,1696550400,278,positif,0.9827,positif,tanpa_emoji,positif,soraya
W3OiJi8UyUk,user_dec3a3f6d7c5,True,1696550400,6,positif,0.8256,positif,netral,positif,soraya
W3OiJi8UyUk,user_9e7ddf9cde25,True,1696550400,1,positif,0.9474,netral,tanpa_emoji,positif,soraya
W3OiJi8UyUk,user_e0e6e5c30876,True,1696550400,5,netral,0.8802,netral,tanpa_emoji,netral,soraya
W3OiJi8UyUk,user_7de5493dc57d,True,1696550400,0,netral,0.9812,netral,tanpa_emoji,netral,soraya
W3OiJi8UyUk,user_d7c6c4f5f04a,False,1696550400,4,positif,0.7781,positif,positif,positif,soraya
W3OiJi8UyUk,user_db6bc9cb0047,False,1696550400,5,positif,0.9475,positif,positif,positif,soraya
W3OiJi8UyUk,user_718d377d330b,False,1696550400,5,positif,0.9979,positif,tanpa_emoji,positif,soraya
W3OiJi8UyUk,user_816f1628e7ad,False,1696550400,4,netral,0.7081,netral,tanpa_emoji,netral,soraya
W3OiJi8UyUk,user_f8cdcca332fe,False,1696550400,3,positif,0.9162,netral,tanpa_emoji,positif,soraya
W3OiJi8UyUk,user_a4b61ac7df4d,False,1696550400,5,positif,0.9978,positif,positif,positif,soraya
W3OiJi8UyUk,user_ae8d0a9fb70d,False,1696550400,55,positif,0.9545,positif,netral,positif,soraya
W3OiJi8UyUk,user_62f56d1b7c6d,True,1696550400,1,negatif,0.9771,netral,tanpa_emoji,negatif,soraya
W3OiJi8UyUk,user_62f56d1b7c6d,True,1696550400,1,negatif,0.9949,netral,tanpa_emoji,negatif,soraya
W3OiJi8UyUk,user_777effe1bbd3,True,1696550400,2,netral,0.9809,netral,tanpa_emoji,netral,soraya
W3OiJi8UyUk,user_a75177fb4bb2,False,1696550400,5,negatif,0.9741,negatif,tanpa_emoji,negatif,soraya
W3OiJi8UyUk,user_625bc936b8c0,False,1728172800,2,positif,0.9017,netral,netral,positif,soraya
W3OiJi8UyUk,user_7f765a6aeff4,False,1696550400,2,positif,0.3471,netral,tanpa_emoji,positif,soraya
W3OiJi8UyUk,user_b525f6724ce5,False,1696550400,152,positif,0.9531,positif,positif,positif,soraya
W3OiJi8UyUk,user_e0e6e5c30876,True,1696550400,3,netral,0.8802,netral,tanpa_emoji,netral,soraya
W3OiJi8UyUk,user_b525f6724ce5,True,1696550400,1,netral,0.9706,netral,tanpa_emoji,netral,soraya
W3OiJi8UyUk,user_845bf40bace6,True,1696550400,0,negatif,0.704,positif,positif,positif,soraya
W3OiJi8UyUk,user_845bf40bace6,True,1696550400,0,positif,0.6716,netral,tanpa_emoji,positif,soraya
W3OiJi8UyUk,user_845bf40bace6,True,1696550400,0,positif,0.6716,netral,tanpa_emoji,positif,soraya
W3OiJi8UyUk,user_845bf40bace6,True,1696550400,0,negatif,0.9005,positif,positif,positif,soraya
W3OiJi8UyUk,user_845bf40bace6,True,1696550400,0,negatif,0.5351,positif,positif,positif,soraya
W3OiJi8UyUk,user_845bf40bace6,True,1696550400,0,negatif,0.9005,positif,positif,positif,soraya
W3OiJi8UyUk,user_845bf40bace6,True,1696550400,0,negatif,0.7615,positif,positif,positif,soraya
W3OiJi8UyUk,user_845bf40bace6,True,1696550400,0,negatif,0.9005,positif,positif,positif,soraya
W3OiJi8UyUk,user_845bf40bace6,True,1696550400,0,negatif,0.941,positif,positif,positif,soraya
W3OiJi8UyUk,user_95063f0e527d,True,1696550400,1,negatif,0.8892,netral,tanpa_emoji,negatif,soraya
W3OiJi8UyUk,user_845bf40bace6,True,1696550400,0,netral,0.9604,netral,tanpa_emoji,netral,soraya
W3OiJi8UyUk,user_845bf40bace6,True,1696550400,0,positif,0.6716,netral,tanpa_emoji,positif,soraya
W3OiJi8UyUk,user_a09d1c22f059,True,1696550400,1,negatif,0.986,netral,tanpa_emoji,negatif,soraya
W3OiJi8UyUk,user_46cdcc4c000f,False,1696550400,4,positif,0.9748,positif,tanpa_emoji,positif,soraya
W3OiJi8UyUk,user_6941313d47a2,False,1696550400,19,positif,0.996,netral,tanpa_emoji,positif,soraya
W3OiJi8UyUk,user_c6d9d1e717be,False,1696550400,3,negatif,0.9977,netral,netral,negatif,soraya
W3OiJi8UyUk,user_b75378d3077d,False,1696550400,15,positif,0.9963,positif,tanpa_emoji,positif,soraya
W3OiJi8UyUk,user_f58279b1bc79,False,1696550400,2,positif,0.9304,positif,netral,positif,soraya
W3OiJi8UyUk,user_3a87c206a14b,False,1696550400,2,positif,0.9942,positif,positif,positif,soraya
W3OiJi8UyUk,user_feb499520b43,False,1696550400,3,negatif,0.7076,netral,tanpa_emoji,negatif,soraya
W3OiJi8UyUk,user_0d45001146c2,False,1696550400,2,negatif,0.9852,positif,tanpa_emoji,negatif,soraya
W3OiJi8UyUk,user_64f9e8d42433,False,1696550400,2,positif,0.994,positif,positif,positif,soraya
W3OiJi8UyUk,user_ed9bd0f5cb79,False,1696550400,2,positif,0.8297,netral,tanpa_emoji,positif,soraya
W3OiJi8UyUk,user_4a9975cc08be,False,1696550400,2,positif,0.7095,positif,netral,positif,soraya
W3OiJi8UyUk,user_990e67762beb,False,1696550400,3,positif,0.9956,positif,tanpa_emoji,positif,soraya
W3OiJi8UyUk,user_8ef6c57454f8,False,1696550400,2,positif,0.9719,netral,tanpa_emoji,positif,soraya
W3OiJi8UyUk,user_94e62a996c31,False,1696550400,2,negatif,0.9739,netral,tanpa_emoji,negatif,soraya
W3OiJi8UyUk,user_26f5660966ca,False,1696550400,2,positif,0.9973,positif,positif,positif,soraya
W3OiJi8UyUk,user_30fe2de8982b,False,1696550400,2,positif,0.9811,positif,tanpa_emoji,positif,soraya
W3OiJi8UyUk,user_5e026981597a,False,1696550400,2,negatif,0.9963,negatif,tanpa_emoji,negatif,soraya
W3OiJi8UyUk,user_909862512fe8,False,1696550400,2,netral,0.685,positif,positif,netral,soraya
W3OiJi8UyUk,user_3f7aa0507141,False,1696550400,2,positif,0.9772,netral,tanpa_emoji,positif,soraya
W3OiJi8UyUk,user_67b62b99d716,False,1696550400,2,negatif,0.9908,positif,positif,negatif,soraya
W3OiJi8UyUk,user_33d2735dd234,False,1696550400,2,positif,0.9394,negatif,netral,positif,soraya
W3OiJi8UyUk,user_bfeb90435505,False,1696550400,1,positif,0.6991,netral,tanpa_emoji,positif,soraya
W3OiJi8UyUk,user_c31c9409aa01,False,1696550400,3,negatif,0.5098,netral,netral,negatif,soraya
W3OiJi8UyUk,user_a0ca20a11c6c,False,1696550400,1,negatif,0.7786,netral,tanpa_emoji,negatif,soraya
W3OiJi8UyUk,user_762c3269b8ee,False,1696550400,2,negatif,0.9989,netral,positif,negatif,soraya
W3OiJi8UyUk,user_c74231eb87c3,False,1696550400,2,positif,0.9957,positif,netral,positif,soraya
W3OiJi8UyUk,user_87d576388dbd,False,1696550400,2,positif,0.9934,positif,positif,positif,soraya
W3OiJi8UyUk,user_c0b9e8498bce,False,1696550400,1,positif,0.9029,netral,tanpa_emoji,positif,soraya
W3OiJi8UyUk,user_88ac835935b2,False,1696550400,7,positif,0.9593,positif,positif,positif,soraya
W3OiJi8UyUk,user_6ea2ea1545cc,True,1696550400,0,negatif,0.9963,netral,tanpa_emoji,negatif,soraya
W3OiJi8UyUk,user_a424b1572607,False,1696550400,2,positif,0.9424,positif,tanpa_emoji,positif,soraya
W3OiJi8UyUk,user_84974d88ac2f,False,1696550400,3,negatif,0.9925,positif,netral,negatif,soraya
W3OiJi8UyUk,user_ad210d452d8c,False,1696550400,2,positif,0.6478,positif,tanpa_emoji,positif,soraya
W3OiJi8UyUk,user_c428debcd59a,False,1696550400,26,positif,0.994,positif,tanpa_emoji,positif,soraya
W3OiJi8UyUk,user_b66d2142a79c,False,1696550400,1,positif,0.9563,positif,tanpa_emoji,positif,soraya
W3OiJi8UyUk,user_d9d6a6aa6cd3,False,1696550400,2,negatif,0.7311,positif,positif,negatif,soraya
W3OiJi8UyUk,user_57bf50f10738,False,1696550400,2,positif,0.9709,positif,tanpa_emoji,positif,soraya
W3OiJi8UyUk,user_d2e0c4a1e158,False,1696550400,17,negatif,0.9945,positif,tanpa_emoji,negatif,soraya
W3OiJi8UyUk,user_e0e6e5c30876,True,1696550400,0,netral,0.9288,netral,tanpa_emoji,netral,soraya
W3OiJi8UyUk,user_abc591db1825,True,1696550400,0,negatif,0.8796,netral,tanpa_emoji,negatif,soraya
W3OiJi8UyUk,user_061182e0bcad,False,1696550400,2,negatif,0.489,netral,positif,positif,soraya
W3OiJi8UyUk,user_e6d95dd790f8,False,1696550400,2,negatif,0.9955,negatif,netral,negatif,soraya
W3OiJi8UyUk,user_3902236c8a2e,False,1696550400,2,positif,0.9792,positif,tanpa_emoji,positif,soraya
W3OiJi8UyUk,user_5f83b941909e,False,1696550400,2,positif,0.9847,netral,tanpa_emoji,positif,soraya
W3OiJi8UyUk,user_2fa64ae8f3d6,False,1696550400,1,positif,0.6779,netral,tanpa_emoji,positif,soraya
W3OiJi8UyUk,user_5e1f34f2fd79,False,1696550400,2,positif,0.9817,netral,tanpa_emoji,positif,soraya
W3OiJi8UyUk,user_62fec1d3fddb,False,1696550400,2,positif,0.9951,positif,tanpa_emoji,positif,soraya
W3OiJi8UyUk,user_511c2d7403e6,False,1696550400,37,positif,0.964,positif,netral,positif,soraya
W3OiJi8UyUk,user_e0e6e5c30876,True,1696550400,1,netral,0.8802,netral,tanpa_emoji,netral,soraya
W3OiJi8UyUk,user_2b0e3b03168f,False,1696550400,1,positif,0.9691,positif,tanpa_emoji,positif,soraya
W3OiJi8UyUk,user_908d651c2b82,False,1696550400,5,positif,0.9681,netral,netral,positif,soraya
W3OiJi8UyUk,user_1471c665c39b,True,1696550400,0,positif,0.6412,positif,tanpa_emoji,positif,soraya
W3OiJi8UyUk,user_3b88d02f025c,False,1696550400,2,negatif,0.999,negatif,tanpa_emoji,negatif,soraya
W3OiJi8UyUk,user_b5472163e76c,False,1696550400,3,positif,0.9974,positif,positif,positif,soraya
W3OiJi8UyUk,user_19f5fc8e62ba,False,1696550400,2,negatif,0.6404,positif,tanpa_emoji,negatif,soraya
W3OiJi8UyUk,user_6b158a9ada15,False,1696550400,12,negatif,0.9679,netral,tanpa_emoji,negatif,soraya
W3OiJi8UyUk,user_6cee71a2af60,False,1696550400,1,positif,0.9949,netral,tanpa_emoji,positif,soraya
W3OiJi8UyUk,user_7504cd929417,False,1696550400,6,negatif,0.9522,positif,positif,negatif,soraya
W3OiJi8UyUk,user_c2058c7765da,True,1696550400,0,positif,0.8613,netral,tanpa_emoji,positif,soraya
W3OiJi8UyUk,user_b0c724658428,False,1696550400,1,positif,0.9447,positif,positif,positif,soraya
W3OiJi8UyUk,user_ec963a0e2d4b,False,1696550400,9,negatif,0.6023,netral,positif,negatif,soraya
W3OiJi8UyUk,user_cb34c25e8f82,False,1696550400,2,negatif,0.7566,netral,netral,negatif,soraya
W3OiJi8UyUk,user_816f1628e7ad,False,1696550400,12,negatif,0.5152,netral,tanpa_emoji,negatif,soraya
W3OiJi8UyUk,user_0ba50c5611f4,True,1696550400,1,positif,0.7197,positif,netral,positif,soraya
W3OiJi8UyUk,user_816f1628e7ad,True,1696550400,0,netral,0.9798,positif,positif,netral,soraya
W3OiJi8UyUk,user_6a505666199b,False,1696550400,2,positif,0.9913,positif,tanpa_emoji,positif,soraya
W3OiJi8UyUk,user_8ee8b69e57b3,False,1696550400,3,negatif,0.7728,netral,tanpa_emoji,negatif,soraya
W3OiJi8UyUk,user_56937325937c,False,1696550400,1,positif,0.619,positif,tanpa_emoji,positif,soraya
W3OiJi8UyUk,user_91fbe4392467,False,1759708800,3,negatif,0.6281,netral,tanpa_emoji,negatif,soraya
W3OiJi8UyUk,user_ab867a21d7b2,False,1696550400,1,negatif,0.6564,netral,tanpa_emoji,negatif,soraya
W3OiJi8UyUk,user_e934a2c45e37,False,1696550400,6,positif,0.9967,positif,netral,positif,soraya
W3OiJi8UyUk,user_69f5c190ad24,False,1696550400,2,positif,0.9845,positif,tanpa_emoji,positif,soraya
W3OiJi8UyUk,user_ede2fbfcf947,False,1696550400,3,positif,0.9845,positif,tanpa_emoji,positif,soraya
W3OiJi8UyUk,user_6ea2ea1545cc,True,1696550400,0,positif,0.7101,netral,tanpa_emoji,positif,soraya
W3OiJi8UyUk,user_30f9ab9d57f2,False,1696550400,1,positif,0.6653,positif,positif,positif,soraya
W3OiJi8UyUk,user_89ab9532d4ff,False,1696550400,4,positif,0.9968,positif,positif,positif,soraya
W3OiJi8UyUk,user_6ea2ea1545cc,True,1696550400,0,negatif,0.4413,netral,tanpa_emoji,negatif,soraya
W3OiJi8UyUk,user_8c6c28dc2bad,False,1696550400,1,positif,0.9582,netral,tanpa_emoji,positif,soraya
W3OiJi8UyUk,user_b7a58408569e,False,1696550400,54,positif,0.9509,positif,tanpa_emoji,positif,soraya
W3OiJi8UyUk,user_b36840ee4dd6,True,1696550400,6,negatif,0.9945,netral,tanpa_emoji,negatif,soraya
W3OiJi8UyUk,user_834f52745e40,True,1696550400,0,negatif,0.5571,positif,netral,negatif,soraya
W3OiJi8UyUk,user_f23f5ff51d55,True,1696550400,2,positif,0.9804,positif,tanpa_emoji,positif,soraya
W3OiJi8UyUk,user_6ea2ea1545cc,True,1696550400,0,positif,0.7762,netral,tanpa_emoji,positif,soraya
W3OiJi8UyUk,user_e0e6e5c30876,True,1696550400,0,netral,0.8802,netral,tanpa_emoji,netral,soraya
W3OiJi8UyUk,user_a68cdd378a3a,False,1696550400,1,negatif,0.9483,netral,tanpa_emoji,negatif,soraya
W3OiJi8UyUk,user_7191be743e7c,False,1696550400,4,negatif,0.9363,netral,netral,negatif,soraya
W3OiJi8UyUk,user_6ea2ea1545cc,True,1696550400,2,netral,0.8389,netral,tanpa_emoji,netral,soraya
W3OiJi8UyUk,user_9e7ddf9cde25,False,1696550400,1,negatif,0.8777,positif,tanpa_emoji,negatif,soraya
W3OiJi8UyUk,user_593542003874,False,1696550400,150,positif,0.9974,positif,positif,positif,soraya
W3OiJi8UyUk,user_cdf5740d57f3,True,1696550400,4,negatif,0.718,positif,tanpa_emoji,negatif,soraya
W3OiJi8UyUk,user_07c0bed4c529,True,1696550400,1,negatif,0.9843,positif,tanpa_emoji,negatif,soraya
W3OiJi8UyUk,user_cdf5740d57f3,True,1696550400,3,positif,0.5607,netral,tanpa_emoji,positif,soraya
W3OiJi8UyUk,user_252fc72a84b2,True,1696550400,2,positif,0.896,positif,netral,positif,soraya
W3OiJi8UyUk,user_bd464a50b598,True,1696550400,2,positif,0.5675,netral,tanpa_emoji,positif,soraya
W3OiJi8UyUk,user_593542003874,True,1696550400,0,netral,0.7145,positif,positif,netral,soraya
W3OiJi8UyUk,user_e0e6e5c30876,True,1696550400,0,netral,0.8802,netral,tanpa_emoji,netral,soraya
W3OiJi8UyUk,user_777effe1bbd3,True,1696550400,0,negatif,0.6266,positif,tanpa_emoji,negatif,soraya
W3OiJi8UyUk,user_1b7e111a21b2,True,1696550400,0,negatif,0.9586,netral,tanpa_emoji,negatif,soraya
W3OiJi8UyUk,user_1b7e111a21b2,True,1696550400,0,negatif,0.9586,netral,tanpa_emoji,negatif,soraya
W3OiJi8UyUk,user_3cf47aefbd09,True,1696550400,0,negatif,0.9988,positif,tanpa_emoji,negatif,soraya
W3OiJi8UyUk,user_90638bc310af,True,1696550400,0,positif,0.4914,negatif,tanpa_emoji,positif,soraya
W3OiJi8UyUk,user_c7866bd970c9,True,1696550400,0,positif,0.862,positif,tanpa_emoji,positif,soraya
W3OiJi8UyUk,user_6ea2ea1545cc,True,1696550400,10,positif,0.9965,positif,tanpa_emoji,positif,soraya
W3OiJi8UyUk,user_ed7872a7b5d4,True,1696550400,3,positif,0.7033,netral,tanpa_emoji,positif,soraya
W3OiJi8UyUk,user_8577e9517106,True,1696550400,2,netral,0.989,netral,tanpa_emoji,netral,soraya
W3OiJi8UyUk,user_c8989f85223c,False,1696550400,1,negatif,0.9985,negatif,tanpa_emoji,negatif,soraya
W3OiJi8UyUk,user_424b2124f1e8,False,1696550400,9,positif,0.7496,netral,tanpa_emoji,positif,soraya
W3OiJi8UyUk,user_4872aed51d13,True,1696550400,0,positif,0.6278,netral,tanpa_emoji,positif,soraya
W3OiJi8UyUk,user_b525f6724ce5,True,1696550400,0,netral,0.9815,netral,tanpa_emoji,netral,soraya
W3OiJi8UyUk,user_f5e2668762d0,False,1696550400,1,netral,0.4201,positif,positif,positif,soraya
W3OiJi8UyUk,user_168ff9e2d474,False,1696550400,3,positif,0.9846,netral,tanpa_emoji,positif,soraya
W3OiJi8UyUk,user_59b2165c4335,True,1696550400,0,positif,0.3543,netral,tanpa_emoji,positif,soraya
W3OiJi8UyUk,user_6f2f0517b32f,True,1696550400,0,netral,0.5121,netral,netral,netral,soraya
W3OiJi8UyUk,user_69b013f3779e,False,1696550400,1,positif,0.9855,positif,tanpa_emoji,positif,soraya
W3OiJi8UyUk,user_d93fc21d993b,False,1696550400,3,positif,0.7607,positif,tanpa_emoji,positif,soraya
W3OiJi8UyUk,user_f6a9be686134,True,1696550400,0,netral,0.9328,positif,tanpa_emoji,netral,soraya
W3OiJi8UyUk,user_a318152dfd65,False,1696550400,1,negatif,0.9639,netral,positif,negatif,soraya
W3OiJi8UyUk,user_117fad7559f4,False,1696550400,7,negatif,0.9911,netral,netral,negatif,soraya
W3OiJi8UyUk,user_208d89ba0895,True,1696550400,1,negatif,0.9974,positif,tanpa_emoji,negatif,soraya
W3OiJi8UyUk,user_117fad7559f4,True,1696550400,2,netral,0.888,netral,tanpa_emoji,netral,soraya
W3OiJi8UyUk,user_834f52745e40,True,1696550400,1,negatif,0.3764,netral,tanpa_emoji,negatif,soraya
W3OiJi8UyUk,user_117fad7559f4,True,1696550400,0,positif,0.954,positif,tanpa_emoji,positif,soraya
W3OiJi8UyUk,user_16bebfe8ccfb,True,1696550400,0,negatif,0.9978,netral,tanpa_emoji,negatif,soraya
W3OiJi8UyUk,user_b213ed384366,False,1696550400,1,negatif,0.9359,netral,netral,negatif,soraya
W3OiJi8UyUk,user_aa339e34cafd,False,1696550400,5,positif,0.9859,positif,positif,positif,soraya
W3OiJi8UyUk,user_e859c9617350,True,1696550400,0,negatif,0.8843,netral,tanpa_emoji,negatif,soraya
W3OiJi8UyUk,user_aa339e34cafd,True,1696550400,0,netral,0.5414,positif,positif,positif,soraya
W3OiJi8UyUk,user_e859c9617350,True,1696550400,0,negatif,0.4935,netral,netral,negatif,soraya
W3OiJi8UyUk,user_aa339e34cafd,True,1696550400,0,negatif,0.9221,netral,tanpa_emoji,negatif,soraya
W3OiJi8UyUk,user_6ea2ea1545cc,True,1696550400,0,negatif,0.8417,netral,tanpa_emoji,negatif,soraya
W3OiJi8UyUk,user_e859c9617350,True,1696550400,0,negatif,0.5315,netral,tanpa_emoji,negatif,soraya
W3OiJi8UyUk,user_94933d7d9328,False,1696550400,1,positif,0.9791,positif,tanpa_emoji,positif,soraya
W3OiJi8UyUk,user_73b8088df934,False,1696550400,14,positif,0.998,positif,tanpa_emoji,positif,soraya
W3OiJi8UyUk,user_df44855c8bf5,False,1696550400,1,positif,0.9746,positif,positif,positif,soraya
W3OiJi8UyUk,user_68aaa63b7882,False,1696550400,5,positif,0.9666,positif,positif,positif,soraya
W3OiJi8UyUk,user_6ea2ea1545cc,True,1696550400,0,positif,0.9311,netral,tanpa_emoji,positif,soraya
W3OiJi8UyUk,user_16e8215e3ec8,False,1696550400,1,negatif,0.8922,positif,tanpa_emoji,negatif,soraya
W3OiJi8UyUk,user_f43d97ea0551,False,1696550400,5,negatif,0.9948,positif,positif,negatif,soraya
W3OiJi8UyUk,user_35b0aa7ae57e,True,1696550400,0,negatif,0.6098,netral,tanpa_emoji,negatif,soraya
W3OiJi8UyUk,user_27c8d5ac1125,True,1696550400,0,netral,0.9887,netral,tanpa_emoji,netral,soraya
W3OiJi8UyUk,user_6ea2ea1545cc,True,1696550400,0,positif,0.9352,negatif,netral,positif,soraya
W3OiJi8UyUk,user_f43d97ea0551,True,1696550400,1,negatif,0.9551,netral,positif,negatif,soraya
W3OiJi8UyUk,user_58f570bab92c,False,1696550400,0,positif,0.9531,netral,tanpa_emoji,positif,soraya
W3OiJi8UyUk,user_e7cc0173d8e9,False,1696550400,3,positif,0.9493,positif,tanpa_emoji,positif,soraya
W3OiJi8UyUk,user_6f77e5e8d36d,True,1696550400,0,negatif,0.9809,positif,tanpa_emoji,negatif,soraya
W3OiJi8UyUk,user_b19744850c0d,True,1696550400,0,positif,0.6784,netral,tanpa_emoji,positif,soraya
W3OiJi8UyUk,user_834f52745e40,True,1696550400,0,positif,0.6104,positif,positif,positif,soraya
W3OiJi8UyUk,user_d7d7e1127192,False,1696550400,0,negatif,0.8585,netral,tanpa_emoji,negatif,soraya
W3OiJi8UyUk,user_2b74c2adfd83,False,1696550400,3,netral,0.5452,netral,tanpa_emoji,netral,soraya
W3OiJi8UyUk,user_1307e3de15d5,True,1696550400,1,negatif,0.8963,netral,netral,negatif,soraya
W3OiJi8UyUk,user_2a9cb3291277,True,1696550400,0,netral,0.656,netral,tanpa_emoji,netral,soraya
W3OiJi8UyUk,user_3d70ffc4091e,True,1696550400,0,negatif,0.8026,netral,tanpa_emoji,negatif,soraya
W3OiJi8UyUk,user_6bd6d7487512,False,1696550400,1,netral,0.7105,netral,tanpa_emoji,netral,soraya
W3OiJi8UyUk,user_5bad942a84b8,False,1696550400,4,negatif,0.968,netral,tanpa_emoji,negatif,soraya
W3OiJi8UyUk,user_364bcfddaeea,True,1728172800,0,negatif,0.9971,negatif,tanpa_emoji,negatif,soraya
W3OiJi8UyUk,user_5bad942a84b8,True,1728172800,0,negatif,0.9952,netral,netral,negatif,soraya
W3OiJi8UyUk,user_364bcfddaeea,True,1728172800,0,negatif,0.9819,netral,tanpa_emoji,negatif,soraya
W3OiJi8UyUk,user_16330e1b2236,False,1696550400,0,negatif,0.9971,netral,tanpa_emoji,negatif,soraya
W3OiJi8UyUk,user_570c4125451b,False,1696550400,5,positif,0.9747,positif,tanpa_emoji,positif,soraya
W3OiJi8UyUk,user_6ea2ea1545cc,True,1696550400,1,positif,0.586,positif,tanpa_emoji,positif,soraya
W3OiJi8UyUk,user_741f312cb6c9,False,1696550400,2,positif,0.9979,positif,tanpa_emoji,positif,soraya
W3OiJi8UyUk,user_19cdbbbe1a6f,False,1696550400,4,negatif,0.66,netral,tanpa_emoji,negatif,soraya
W3OiJi8UyUk,user_5967081609ad,False,1696550400,1,positif,0.9727,positif,tanpa_emoji,positif,soraya
W3OiJi8UyUk,user_57218c6d0ff7,False,1696550400,1,negatif,0.6314,positif,negatif,negatif,soraya
W3OiJi8UyUk,user_edce21128fc7,False,1696550400,2,negatif,0.8578,netral,tanpa_emoji,negatif,soraya
W3OiJi8UyUk,user_e2281a771519,False,1696550400,1,positif,0.9833,netral,tanpa_emoji,positif,soraya
W3OiJi8UyUk,user_36e48ff60ec5,False,1696550400,2,positif,0.9726,netral,tanpa_emoji,positif,soraya
W3OiJi8UyUk,user_239f84f67c1a,False,1696550400,2,negatif,0.9444,netral,tanpa_emoji,negatif,soraya
W3OiJi8UyUk,user_d79de2f280fb,False,1696550400,1,netral,0.7203,netral,tanpa_emoji,netral,soraya
W3OiJi8UyUk,user_2e91da92b4a3,False,1696550400,0,netral,0.9765,positif,positif,netral,soraya
W3OiJi8UyUk,user_b99fbee0e4ec,False,1696550400,1,positif,0.9786,positif,tanpa_emoji,positif,soraya
W3OiJi8UyUk,user_98ff1fce08ea,False,1696550400,0,negatif,0.8433,positif,positif,negatif,soraya
W3OiJi8UyUk,user_f2bda354c59c,False,1696550400,1,positif,0.5676,positif,netral,positif,soraya
W3OiJi8UyUk,user_7d74f4ebf4dd,False,1696550400,0,positif,0.998,positif,positif,positif,soraya
W3OiJi8UyUk,user_1db52166fdf2,False,1696550400,1,positif,0.6491,netral,tanpa_emoji,positif,soraya
W3OiJi8UyUk,user_49371006056c,False,1696550400,0,negatif,0.6184,positif,positif,negatif,soraya
W3OiJi8UyUk,user_1c418319d7ad,False,1696550400,0,negatif,0.8995,positif,positif,negatif,soraya
W3OiJi8UyUk,user_281278d582d6,False,1696550400,0,netral,0.8903,netral,tanpa_emoji,netral,soraya
W3OiJi8UyUk,user_ca0758d76cf9,False,1696550400,2,positif,0.9897,positif,positif,positif,soraya
W3OiJi8UyUk,user_659bf8074b7d,False,1696550400,0,negatif,0.8458,negatif,tanpa_emoji,negatif,soraya
W3OiJi8UyUk,user_c501eecf08a6,False,1696550400,0,negatif,0.9908,negatif,tanpa_emoji,negatif,soraya
W3OiJi8UyUk,user_e6ec3d530be4,False,1696550400,1,positif,0.7592,positif,tanpa_emoji,positif,soraya
W3OiJi8UyUk,user_ae6c99963c02,False,1696550400,1,positif,0.981,positif,positif,positif,soraya
W3OiJi8UyUk,user_2e2c2bf441ae,False,1696550400,0,netral,0.958,netral,tanpa_emoji,netral,soraya
W3OiJi8UyUk,user_0bffc7b06998,False,1696550400,0,positif,0.9798,positif,tanpa_emoji,positif,soraya
W3OiJi8UyUk,user_72cdcdbbacb4,False,1696550400,2,positif,0.9936,positif,tanpa_emoji,positif,soraya
W3OiJi8UyUk,user_6475fcd303e8,False,1696550400,0,positif,0.646,positif,positif,positif,soraya
W3OiJi8UyUk,user_64c74c0b4ff0,False,1696550400,1,positif,0.9948,positif,positif,positif,soraya
W3OiJi8UyUk,user_31a1ded75719,False,1696550400,0,negatif,0.9155,positif,tanpa_emoji,negatif,soraya
W3OiJi8UyUk,user_f981ed004f14,False,1728172800,1,netral,0.9415,positif,tanpa_emoji,netral,soraya
W3OiJi8UyUk,user_0b6a6d9e95b7,False,1696550400,0,negatif,0.7859,netral,tanpa_emoji,negatif,soraya
W3OiJi8UyUk,user_8e259c49705f,False,1696550400,1,positif,0.9175,positif,tanpa_emoji,positif,soraya
W3OiJi8UyUk,user_27fcd936e003,False,1696550400,1,negatif,0.9944,netral,tanpa_emoji,negatif,soraya
W3OiJi8UyUk,user_8ca8b6a2d2df,False,1696550400,2,netral,0.8769,positif,tanpa_emoji,netral,soraya
W3OiJi8UyUk,user_2b988e7a7817,False,1696550400,0,negatif,0.7081,netral,tanpa_emoji,negatif,soraya
W3OiJi8UyUk,user_bff658dc7653,False,1696550400,0,positif,0.9411,netral,netral,positif,soraya
W3OiJi8UyUk,user_9b460462ac37,False,1696550400,0,positif,0.9644,netral,tanpa_emoji,positif,soraya
W3OiJi8UyUk,user_9075baba1540,False,1696550400,0,negatif,0.9402,netral,tanpa_emoji,negatif,soraya
W3OiJi8UyUk,user_307f172ae472,False,1696550400,0,netral,0.6336,netral,netral,netral,soraya
W3OiJi8UyUk,user_a85c1fb7f095,False,1696550400,0,negatif,0.683,netral,tanpa_emoji,negatif,soraya
W3OiJi8UyUk,user_b213ed384366,False,1696550400,0,negatif,0.9267,negatif,tanpa_emoji,negatif,soraya
W3OiJi8UyUk,user_67878228eefc,False,1696550400,0,negatif,0.871,netral,tanpa_emoji,negatif,soraya
W3OiJi8UyUk,user_1761b14a2765,False,1696550400,0,netral,0.7825,netral,tanpa_emoji,netral,soraya
W3OiJi8UyUk,user_8918d383dd20,False,1696550400,0,negatif,0.5924,positif,tanpa_emoji,negatif,soraya
W3OiJi8UyUk,user_6ab1326d046c,False,1696550400,1,negatif,0.8765,netral,tanpa_emoji,negatif,soraya
W3OiJi8UyUk,user_0c0ed9bc0b3c,False,1696550400,0,negatif,0.9264,netral,tanpa_emoji,negatif,soraya
W3OiJi8UyUk,user_c54b4d5e359b,False,1696550400,1,negatif,0.9951,positif,netral,negatif,soraya
W3OiJi8UyUk,user_c96ff4ae6ddb,False,1696550400,0,netral,0.8762,netral,tanpa_emoji,netral,soraya
W3OiJi8UyUk,user_a8974ea360d3,False,1696550400,0,positif,0.7762,netral,tanpa_emoji,positif,soraya
W3OiJi8UyUk,user_bd464a50b598,False,1696550400,0,negatif,0.9943,negatif,tanpa_emoji,negatif,soraya
W3OiJi8UyUk,user_8dffdd839876,False,1696550400,0,positif,0.9611,positif,tanpa_emoji,positif,soraya
W3OiJi8UyUk,user_c955516c5f28,False,1696550400,0,negatif,0.9795,positif,positif,negatif,soraya
W3OiJi8UyUk,user_926072efd4fe,False,1696550400,1,positif,0.8827,netral,tanpa_emoji,positif,soraya
W3OiJi8UyUk,user_ac14bb9c1a5a,False,1696550400,0,positif,0.9568,netral,tanpa_emoji,positif,soraya
W3OiJi8UyUk,user_d14ea1296243,False,1696550400,0,positif,0.9799,positif,tanpa_emoji,positif,soraya
W3OiJi8UyUk,user_0f59ce449f15,False,1728172800,0,netral,0.9854,netral,tanpa_emoji,netral,soraya
W3OiJi8UyUk,user_a0d5ff3bf7ed,False,1696550400,1,positif,0.9831,positif,positif,positif,soraya
W3OiJi8UyUk,user_127fccbc7cb5,False,1696550400,1,positif,0.9907,positif,tanpa_emoji,positif,soraya
W3OiJi8UyUk,user_a25aff60929b,False,1696550400,1,positif,0.5005,netral,tanpa_emoji,positif,soraya
W3OiJi8UyUk,user_c8ab062945a4,False,1696550400,1,netral,0.9713,positif,positif,netral,soraya
W3OiJi8UyUk,user_641c475a040b,False,1696550400,1,positif,0.9891,positif,tanpa_emoji,positif,soraya
W3OiJi8UyUk,user_c2d7358a63d8,False,1696550400,1,positif,0.9964,positif,positif,positif,soraya
W3OiJi8UyUk,user_09a371194a0f,False,1696550400,0,negatif,0.8302,positif,positif,negatif,soraya
W3OiJi8UyUk,user_d22a1498d301,False,1696550400,0,negatif,0.6643,positif,positif,negatif,soraya
W3OiJi8UyUk,user_b3b2c33f688a,False,1696550400,0,negatif,0.8875,netral,tanpa_emoji,negatif,soraya
W3OiJi8UyUk,user_fcb4927f09d0,False,1696550400,0,negatif,0.8867,negatif,tanpa_emoji,negatif,soraya
W3OiJi8UyUk,user_168f91e06a29,False,1696550400,0,positif,0.7139,netral,tanpa_emoji,positif,soraya
W3OiJi8UyUk,user_c1aa0205741e,False,1696550400,1,negatif,0.9964,netral,tanpa_emoji,negatif,soraya
W3OiJi8UyUk,user_c3c5780a6f65,False,1767657600,2,netral,0.6007,positif,tanpa_emoji,netral,soraya
W3OiJi8UyUk,user_4bb4be3f3ab2,False,1696550400,0,positif,0.9686,positif,positif,positif,soraya
W3OiJi8UyUk,user_9fee0fed1907,False,1696550400,0,negatif,0.9893,netral,tanpa_emoji,negatif,soraya
W3OiJi8UyUk,user_2aaa3f9c5d8f,False,1696550400,0,positif,0.9588,positif,positif,positif,soraya
W3OiJi8UyUk,user_17b4f7e244ad,False,1696550400,0,positif,0.8016,negatif,tanpa_emoji,positif,soraya
W3OiJi8UyUk,user_631678bc34ff,False,1696550400,0,positif,0.894,positif,tanpa_emoji,positif,soraya
W3OiJi8UyUk,user_f72822401761,False,1696550400,0,negatif,0.5963,positif,tanpa_emoji,negatif,soraya
W3OiJi8UyUk,user_ae93cf95c4a3,False,1696550400,0,positif,0.5052,netral,tanpa_emoji,positif,soraya
W3OiJi8UyUk,user_2fc88c829d8d,False,1696550400,0,negatif,0.9838,negatif,tanpa_emoji,negatif,soraya
W3OiJi8UyUk,user_47d46f82a1db,False,1696550400,1,positif,0.4489,positif,tanpa_emoji,positif,soraya
W3OiJi8UyUk,user_a10e943adc12,False,1696550400,0,negatif,0.6218,netral,tanpa_emoji,negatif,soraya
W3OiJi8UyUk,user_de6975fcda39,False,1696550400,0,positif,0.9903,positif,tanpa_emoji,positif,soraya
W3OiJi8UyUk,user_80009b762ba7,False,1696550400,1,positif,0.9388,netral,tanpa_emoji,positif,soraya
W3OiJi8UyUk,user_634dc52fa582,False,1696550400,1,negatif,0.9972,negatif,tanpa_emoji,negatif,soraya
W3OiJi8UyUk,user_b11fca3f56f6,False,1696550400,0,positif,0.9755,positif,tanpa_emoji,positif,soraya
W3OiJi8UyUk,user_e6049f9cdc4c,False,1696550400,0,negatif,0.9097,negatif,tanpa_emoji,negatif,soraya
W3OiJi8UyUk,user_fc4d6ae61ac8,False,1696550400,0,negatif,0.4543,netral,tanpa_emoji,negatif,soraya
W3OiJi8UyUk,user_1f93a32f1ab5,False,1696550400,1,netral,0.892,netral,tanpa_emoji,netral,soraya
W3OiJi8UyUk,user_76b6abe6e580,False,1696550400,0,positif,0.979,positif,tanpa_emoji,positif,soraya
W3OiJi8UyUk,user_3353cdda30a3,False,1696550400,0,negatif,0.9483,netral,tanpa_emoji,negatif,soraya
W3OiJi8UyUk,user_ffac920d09b9,False,1696550400,0,positif,0.9197,netral,tanpa_emoji,positif,soraya
W3OiJi8UyUk,user_7c5629def01a,False,1696550400,0,negatif,0.9988,negatif,tanpa_emoji,negatif,soraya
W3OiJi8UyUk,user_aeb4128c03ea,False,1696550400,0,positif,0.9962,positif,tanpa_emoji,positif,soraya
W3OiJi8UyUk,user_f3bdd83ad476,False,1696550400,0,negatif,0.5091,negatif,tanpa_emoji,negatif,soraya
W3OiJi8UyUk,user_5f240cea611e,False,1696550400,0,negatif,0.9589,netral,tanpa_emoji,negatif,soraya
W3OiJi8UyUk,user_63e3f0982c65,False,1696550400,0,positif,0.6858,positif,tanpa_emoji,positif,soraya
W3OiJi8UyUk,user_75dfd16078e3,False,1696550400,0,negatif,0.8705,positif,tanpa_emoji,negatif,soraya
W3OiJi8UyUk,user_a2a46244c10f,False,1696550400,2,negatif,0.579,positif,tanpa_emoji,negatif,soraya
W3OiJi8UyUk,user_144a0a1c8567,False,1696550400,0,netral,0.9782,netral,netral,netral,soraya
W3OiJi8UyUk,user_accf3cb01e68,False,1696550400,0,negatif,0.8004,netral,tanpa_emoji,negatif,soraya
W3OiJi8UyUk,user_7a83d064eda7,False,1696550400,0,netral,0.4836,netral,tanpa_emoji,netral,soraya
W3OiJi8UyUk,user_51f897f7b663,False,1759708800,2,netral,0.7978,netral,tanpa_emoji,netral,soraya
W3OiJi8UyUk,user_d389922ae8e9,False,1696550400,0,positif,0.9903,positif,tanpa_emoji,positif,soraya
W3OiJi8UyUk,user_1f0a303c13dc,False,1696550400,1,negatif,0.7968,positif,tanpa_emoji,negatif,soraya
W3OiJi8UyUk,user_c38ce33c1b76,False,1696550400,0,netral,0.5913,netral,tanpa_emoji,netral,soraya
W3OiJi8UyUk,user_b4b43727a3ad,False,1696550400,0,positif,0.9962,positif,tanpa_emoji,positif,soraya
W3OiJi8UyUk,user_5a82756c01af,False,1696550400,0,positif,0.4418,netral,tanpa_emoji,positif,soraya
W3OiJi8UyUk,user_49a11f784045,False,1696550400,1,positif,0.921,positif,tanpa_emoji,positif,soraya
W3OiJi8UyUk,user_f70072023a8c,False,1696550400,0,positif,0.7689,netral,netral,positif,soraya
W3OiJi8UyUk,user_cd33cbb96295,False,1696550400,0,negatif,0.9823,netral,tanpa_emoji,negatif,soraya
W3OiJi8UyUk,user_d2f776b6b367,False,1696550400,1,positif,0.9889,positif,positif,positif,soraya
W3OiJi8UyUk,user_2d2f0209651e,False,1696550400,0,negatif,0.4152,netral,tanpa_emoji,negatif,soraya
W3OiJi8UyUk,user_4e14b185c23e,False,1696550400,0,positif,0.9628,positif,tanpa_emoji,positif,soraya
W3OiJi8UyUk,user_7f0d62922004,False,1696550400,0,negatif,0.4863,netral,tanpa_emoji,negatif,soraya
W3OiJi8UyUk,user_c328571229ec,False,1696550400,1,positif,0.9779,positif,netral,positif,soraya
W3OiJi8UyUk,user_d5d37e363b6f,False,1696550400,0,negatif,0.38,positif,positif,positif,soraya
W3OiJi8UyUk,user_5f8545e9c3f1,False,1696550400,1,positif,0.9919,netral,tanpa_emoji,positif,soraya
W3OiJi8UyUk,user_99c42674b34d,False,1696550400,1,positif,0.6188,negatif,negatif,positif,soraya
W3OiJi8UyUk,user_c5602bf15b90,False,1696550400,0,positif,0.9608,positif,tanpa_emoji,positif,soraya
W3OiJi8UyUk,user_9058b58319c1,False,1696550400,1,positif,0.9949,positif,tanpa_emoji,positif,soraya
W3OiJi8UyUk,user_0bd8cb69fd38,False,1696550400,2,positif,0.9974,netral,tanpa_emoji,positif,soraya
W3OiJi8UyUk,user_c31f31aab6e8,False,1696550400,0,negatif,0.7481,netral,tanpa_emoji,negatif,soraya
W3OiJi8UyUk,user_a9ed02d68534,False,1696550400,0,negatif,0.7453,netral,tanpa_emoji,negatif,soraya
W3OiJi8UyUk,user_3087a44f7c2a,False,1696550400,0,positif,0.9861,positif,tanpa_emoji,positif,soraya
W3OiJi8UyUk,user_abdbcf1d841f,False,1696550400,0,negatif,0.9675,netral,tanpa_emoji,negatif,soraya
W3OiJi8UyUk,user_0796203ecaff,False,1696550400,0,positif,0.9792,positif,tanpa_emoji,positif,soraya
W3OiJi8UyUk,user_323846e302fb,False,1696550400,0,positif,0.3804,netral,tanpa_emoji,positif,soraya
W3OiJi8UyUk,user_f257694cc632,False,1696550400,0,netral,0.8352,netral,tanpa_emoji,netral,soraya
W3OiJi8UyUk,user_981de6eebca3,False,1696550400,0,positif,0.9937,positif,tanpa_emoji,positif,soraya
W3OiJi8UyUk,user_9d2b02ad70bb,False,1696550400,0,negatif,0.9912,positif,tanpa_emoji,negatif,soraya
W3OiJi8UyUk,user_23751789b10d,False,1696550400,0,negatif,0.9115,positif,tanpa_emoji,negatif,soraya
W3OiJi8UyUk,user_c3e717c7ea69,False,1696550400,0,positif,0.6746,netral,netral,positif,soraya
W3OiJi8UyUk,user_f9e8c873493d,False,1696550400,0,negatif,0.9898,negatif,tanpa_emoji,negatif,soraya
W3OiJi8UyUk,user_ed351b844e23,False,1696550400,0,negatif,0.9886,netral,tanpa_emoji,negatif,soraya
W3OiJi8UyUk,user_2815845fb643,False,1696550400,0,positif,0.9462,positif,tanpa_emoji,positif,soraya
W3OiJi8UyUk,user_37fa9f2b7809,False,1696550400,1,positif,0.996,positif,tanpa_emoji,positif,soraya
W3OiJi8UyUk,user_789119773381,False,1696550400,0,positif,0.9607,netral,tanpa_emoji,positif,soraya
W3OiJi8UyUk,user_406bd2df0f35,False,1696550400,0,positif,0.995,positif,tanpa_emoji,positif,soraya
W3OiJi8UyUk,user_0449c1b56bc2,False,1696550400,0,positif,0.998,positif,positif,positif,soraya
W3OiJi8UyUk,user_7c0b407ae31a,False,1696550400,0,netral,0.7316,netral,tanpa_emoji,netral,soraya
W3OiJi8UyUk,user_7a473eaff948,False,1696550400,0,positif,0.9155,netral,tanpa_emoji,positif,soraya
W3OiJi8UyUk,user_659bf8074b7d,False,1696550400,0,negatif,0.9955,negatif,tanpa_emoji,negatif,soraya
W3OiJi8UyUk,user_0b6e800a8315,False,1696550400,2,positif,0.9972,netral,tanpa_emoji,positif,soraya
W3OiJi8UyUk,user_20154fbff199,False,1759708800,0,positif,0.6615,positif,tanpa_emoji,positif,soraya
W3OiJi8UyUk,user_2c8c3eee22f8,False,1696550400,1,positif,0.5563,netral,tanpa_emoji,positif,soraya
W3OiJi8UyUk,user_f23f5ff51d55,False,1696550400,0,positif,0.9948,positif,tanpa_emoji,positif,soraya
W3OiJi8UyUk,user_f0c1e2984337,False,1696550400,0,negatif,0.9968,netral,tanpa_emoji,negatif,soraya
W3OiJi8UyUk,user_f34c76b98ca0,False,1696550400,1,negatif,0.9963,netral,tanpa_emoji,negatif,soraya
W3OiJi8UyUk,user_c817883dbea6,False,1696550400,0,negatif,0.8918,netral,tanpa_emoji,negatif,soraya
W3OiJi8UyUk,user_6e1d342e1fa6,False,1696550400,1,positif,0.9917,positif,tanpa_emoji,positif,soraya
W3OiJi8UyUk,user_fc6d1a231799,False,1696550400,0,positif,0.7924,netral,netral,positif,soraya
W3OiJi8UyUk,user_a36100e14d69,False,1696550400,0,positif,0.7127,positif,positif,positif,soraya
W3OiJi8UyUk,user_57e93adbb5f4,False,1696550400,0,positif,0.9919,positif,positif,positif,soraya
W3OiJi8UyUk,user_032193136a73,False,1696550400,0,negatif,0.9992,netral,netral,negatif,soraya
W3OiJi8UyUk,user_f490da5fbec3,False,1696550400,0,positif,0.9969,netral,tanpa_emoji,positif,soraya
W3OiJi8UyUk,user_43c1232fee5b,False,1696550400,0,positif,0.9906,positif,tanpa_emoji,positif,soraya
W3OiJi8UyUk,user_656f883c9f7f,False,1696550400,0,negatif,0.9308,netral,tanpa_emoji,negatif,soraya
W3OiJi8UyUk,user_2a28d763e9b9,False,1696550400,0,positif,0.9865,positif,tanpa_emoji,positif,soraya
W3OiJi8UyUk,user_4871a80271b8,False,1696550400,0,negatif,0.9985,negatif,tanpa_emoji,negatif,soraya
W3OiJi8UyUk,user_5c38b5c42de4,False,1696550400,1,positif,0.9966,positif,tanpa_emoji,positif,soraya
W3OiJi8UyUk,user_375b0dfa20d2,False,1696550400,0,negatif,0.972,netral,netral,negatif,soraya
W3OiJi8UyUk,user_64389944dfd7,False,1696550400,1,negatif,0.4258,netral,tanpa_emoji,negatif,soraya
W3OiJi8UyUk,user_18d5d40884b8,False,1728172800,0,negatif,0.9807,netral,tanpa_emoji,negatif,soraya
W3OiJi8UyUk,user_39e818f44f7e,False,1696550400,0,positif,0.9963,positif,tanpa_emoji,positif,soraya
W3OiJi8UyUk,user_fd34ef7e0418,False,1696550400,0,negatif,0.928,netral,tanpa_emoji,negatif,soraya
W3OiJi8UyUk,user_8e9e7ab60b71,False,1696550400,0,positif,0.9404,positif,tanpa_emoji,positif,soraya
W3OiJi8UyUk,user_a90c914c2424,False,1696550400,0,negatif,0.4209,positif,positif,positif,soraya
W3OiJi8UyUk,user_85b34c07f690,False,1696550400,0,netral,0.4614,netral,tanpa_emoji,netral,soraya
W3OiJi8UyUk,user_3a95f5e57beb,False,1759708800,1,netral,0.4621,netral,netral,netral,soraya
W3OiJi8UyUk,user_17392e7393d2,False,1696550400,0,negatif,0.9929,netral,tanpa_emoji,negatif,soraya
W3OiJi8UyUk,user_5598ec91484f,False,1696550400,0,negatif,0.5626,netral,tanpa_emoji,negatif,soraya
W3OiJi8UyUk,user_281278d582d6,False,1696550400,0,negatif,0.7892,positif,tanpa_emoji,negatif,soraya
W3OiJi8UyUk,user_731f3b28fe3c,False,1696550400,0,negatif,0.7742,netral,tanpa_emoji,negatif,soraya
W3OiJi8UyUk,user_750d2fa53a38,False,1696550400,0,negatif,0.9955,positif,netral,negatif,soraya
W3OiJi8UyUk,user_7f3306f2d7d4,False,1696550400,0,negatif,0.6401,positif,tanpa_emoji,negatif,soraya
W3OiJi8UyUk,user_d40107cbcf1b,False,1696550400,1,negatif,0.7589,netral,tanpa_emoji,negatif,soraya
W3OiJi8UyUk,user_8113f97d2d1a,False,1696550400,0,negatif,0.6119,netral,tanpa_emoji,negatif,soraya
W3OiJi8UyUk,user_6307b86f7f46,False,1696550400,2,negatif,0.9831,positif,netral,negatif,soraya
W3OiJi8UyUk,user_41315d651c28,False,1696550400,0,negatif,0.6761,netral,tanpa_emoji,negatif,soraya
W3OiJi8UyUk,user_d3a0f25ff185,False,1696550400,0,negatif,0.982,netral,tanpa_emoji,negatif,soraya
W3OiJi8UyUk,user_69ff57692225,False,1696550400,0,negatif,0.4735,netral,tanpa_emoji,negatif,soraya
W3OiJi8UyUk,user_73046c1ad254,False,1696550400,0,positif,0.9773,netral,tanpa_emoji,positif,soraya
W3OiJi8UyUk,user_5be591b0adcc,False,1696550400,0,positif,0.8868,netral,tanpa_emoji,positif,soraya
W3OiJi8UyUk,user_dfa3ce6edfc0,False,1696550400,1,negatif,0.8215,positif,tanpa_emoji,negatif,soraya
W3OiJi8UyUk,user_43c1232fee5b,False,1696550400,0,positif,0.9985,positif,tanpa_emoji,positif,soraya
W3OiJi8UyUk,user_bca0f6051531,False,1696550400,0,negatif,0.773,negatif,netral,negatif,soraya
W3OiJi8UyUk,user_a550204143e0,False,1696550400,0,negatif,0.7391,positif,positif,negatif,soraya
W3OiJi8UyUk,user_e6e46b596165,False,1696550400,0,positif,0.9931,positif,tanpa_emoji,positif,soraya
W3OiJi8UyUk,user_9593782e1f5a,False,1696550400,0,negatif,0.7235,netral,netral,negatif,soraya
W3OiJi8UyUk,user_cea89c026192,False,1696550400,0,negatif,0.9877,positif,tanpa_emoji,negatif,soraya
W3OiJi8UyUk,user_f65d3d5ad533,False,1696550400,1,negatif,0.9063,positif,positif,negatif,soraya
W3OiJi8UyUk,user_efeb96877ec3,False,1696550400,0,negatif,0.9607,netral,tanpa_emoji,negatif,soraya
W3OiJi8UyUk,user_5adeb746a25f,False,1696550400,0,positif,0.847,netral,tanpa_emoji,positif,soraya
W3OiJi8UyUk,user_6238791a5ebe,False,1696550400,0,positif,0.9244,netral,tanpa_emoji,positif,soraya
W3OiJi8UyUk,user_fa62a8f150e3,False,1696550400,0,positif,0.9916,positif,tanpa_emoji,positif,soraya
W3OiJi8UyUk,user_d519783e8b5d,False,1696550400,0,negatif,0.9216,negatif,netral,negatif,soraya
W3OiJi8UyUk,user_cf374256ebc7,False,1696550400,0,negatif,0.6404,positif,tanpa_emoji,negatif,soraya
W3OiJi8UyUk,user_dec3a3f6d7c5,False,1696550400,0,negatif,0.9531,netral,netral,negatif,soraya
W3OiJi8UyUk,user_6d5c8522442b,False,1696550400,0,positif,0.9683,positif,positif,positif,soraya
W3OiJi8UyUk,user_b4ea2abadb45,False,1696550400,0,negatif,0.7615,positif,positif,negatif,soraya
W3OiJi8UyUk,user_17f823563dbf,False,1696550400,1,positif,0.9649,positif,tanpa_emoji,positif,soraya
W3OiJi8UyUk,user_5024e191f4c0,False,1696550400,0,positif,0.4971,positif,tanpa_emoji,positif,soraya
W3OiJi8UyUk,user_43ed515761a3,False,1696550400,0,positif,0.9931,positif,positif,positif,soraya
W3OiJi8UyUk,user_bb6899154c72,False,1696550400,0,netral,0.8159,netral,tanpa_emoji,netral,soraya
W3OiJi8UyUk,user_979f720a0c23,False,1696550400,2,positif,0.8742,netral,tanpa_emoji,positif,soraya
W3OiJi8UyUk,user_35ec648fe533,False,1696550400,0,positif,0.5952,netral,netral,positif,soraya
W3OiJi8UyUk,user_2a9cb3291277,False,1696550400,2,positif,0.9382,netral,tanpa_emoji,positif,soraya
W3OiJi8UyUk,user_7a6e45990520,False,1696550400,1,negatif,0.9972,positif,tanpa_emoji,negatif,soraya
W3OiJi8UyUk,user_9d301dbc9b81,False,1696550400,0,positif,0.9978,positif,tanpa_emoji,positif,soraya
W3OiJi8UyUk,user_749d0b425c39,False,1696550400,0,positif,0.9618,netral,tanpa_emoji,positif,soraya
W3OiJi8UyUk,user_4d5a84746ae9,False,1696550400,0,positif,0.9037,netral,tanpa_emoji,positif,soraya
W3OiJi8UyUk,user_0ddc5059fd5a,False,1696550400,1,negatif,0.9722,positif,tanpa_emoji,negatif,soraya
W3OiJi8UyUk,user_407b318e5d85,False,1696550400,0,positif,0.681,positif,tanpa_emoji,positif,soraya
W3OiJi8UyUk,user_a5cc01a70af0,False,1696550400,0,positif,0.5271,positif,positif,positif,soraya
W3OiJi8UyUk,user_e564cdfed56b,False,1696550400,0,positif,0.9913,positif,tanpa_emoji,positif,soraya
W3OiJi8UyUk,user_a9480393fc89,False,1696550400,0,positif,0.7335,positif,tanpa_emoji,positif,soraya
W3OiJi8UyUk,user_da719413c83e,False,1696550400,0,negatif,0.8043,netral,tanpa_emoji,negatif,soraya
W3OiJi8UyUk,user_ecf59e90eda8,False,1696550400,0,positif,0.9916,positif,tanpa_emoji,positif,soraya
W3OiJi8UyUk,user_1279c7617333,False,1696550400,0,negatif,0.9244,netral,netral,negatif,soraya
W3OiJi8UyUk,user_97a534691a2b,False,1696550400,1,positif,0.9778,positif,netral,positif,soraya
W3OiJi8UyUk,user_2ec9d764ae2f,False,1696550400,1,positif,0.9199,positif,positif,positif,soraya
W3OiJi8UyUk,user_4f5e81007c88,False,1728172800,0,positif,0.9957,netral,tanpa_emoji,positif,soraya
W3OiJi8UyUk,user_61e90a3d2b0b,False,1696550400,0,netral,0.9849,netral,tanpa_emoji,netral,soraya
W3OiJi8UyUk,user_775d69441424,False,1696550400,0,negatif,0.9953,netral,netral,negatif,soraya
W3OiJi8UyUk,user_41480d6a4fb1,False,1696550400,0,netral,0.7877,netral,tanpa_emoji,netral,soraya
W3OiJi8UyUk,user_9f0c58ef8853,False,1696550400,0,negatif,0.9822,netral,netral,negatif,soraya
W3OiJi8UyUk,user_12bcccaeaa8c,False,1696550400,0,positif,0.9925,positif,positif,positif,soraya
W3OiJi8UyUk,user_bf7df76d697b,False,1696550400,0,positif,0.9939,positif,tanpa_emoji,positif,soraya
W3OiJi8UyUk,user_52ab906fe9c9,False,1728172800,0,netral,0.7828,netral,tanpa_emoji,netral,soraya
W3OiJi8UyUk,user_a23ac2fcdf3d,False,1696550400,0,negatif,0.9167,netral,netral,negatif,soraya
W3OiJi8UyUk,user_427ee95d3fee,False,1696550400,0,negatif,0.6301,netral,tanpa_emoji,negatif,soraya
W3OiJi8UyUk,user_f265a418dc9b,False,1696550400,0,positif,0.9962,positif,positif,positif,soraya
W3OiJi8UyUk,user_28454ad8aa3f,False,1696550400,0,negatif,0.9844,netral,netral,negatif,soraya
W3OiJi8UyUk,user_a7a70b61700a,False,1696550400,0,positif,0.9754,positif,tanpa_emoji,positif,soraya
W3OiJi8UyUk,user_9380ac108272,False,1728172800,0,positif,0.9875,positif,netral,positif,soraya
W3OiJi8UyUk,user_5ba93fcca4fc,False,1696550400,0,negatif,0.9883,netral,netral,negatif,soraya
W3OiJi8UyUk,user_ffea92493e0d,False,1696550400,0,negatif,0.9817,positif,tanpa_emoji,negatif,soraya
W3OiJi8UyUk,user_2833138d798f,False,1696550400,0,netral,0.5295,netral,tanpa_emoji,netral,soraya
W3OiJi8UyUk,user_d57fe4da2056,False,1696550400,1,positif,0.5508,netral,tanpa_emoji,positif,soraya
W3OiJi8UyUk,user_67bef43da774,False,1696550400,1,positif,0.9219,positif,tanpa_emoji,positif,soraya
W3OiJi8UyUk,user_966d597299e5,False,1696550400,0,negatif,0.7176,netral,tanpa_emoji,negatif,soraya
W3OiJi8UyUk,user_fdc11de7192c,False,1696550400,0,negatif,0.9666,netral,netral,negatif,soraya
W3OiJi8UyUk,user_7a1e14757e36,False,1696550400,1,negatif,0.9346,positif,tanpa_emoji,negatif,soraya
W3OiJi8UyUk,user_9df4038dbf7b,False,1696550400,1,negatif,0.9712,netral,netral,negatif,soraya
W3OiJi8UyUk,user_712f2ecdd1b7,False,1696550400,0,negatif,0.9536,netral,netral,negatif,soraya
W3OiJi8UyUk,user_de41b0cac315,False,1696550400,0,positif,0.8728,netral,netral,positif,soraya
W3OiJi8UyUk,user_628b85b08181,False,1696550400,0,netral,0.9249,netral,tanpa_emoji,netral,soraya
W3OiJi8UyUk,user_4eaac6bd3ddc,False,1696550400,0,negatif,0.5372,positif,positif,positif,soraya
W3OiJi8UyUk,user_bfc165b6cca9,False,1696550400,0,positif,0.9942,positif,positif,positif,soraya
W3OiJi8UyUk,user_f9b001c01497,False,1696550400,0,positif,0.9956,positif,tanpa_emoji,positif,soraya
W3OiJi8UyUk,user_0e959c69a0b2,False,1696550400,1,positif,0.9379,netral,tanpa_emoji,positif,soraya
W3OiJi8UyUk,user_6d69fdf3b455,False,1696550400,0,negatif,0.6297,positif,tanpa_emoji,negatif,soraya
W3OiJi8UyUk,user_1471c665c39b,False,1696550400,1,positif,0.9981,netral,tanpa_emoji,positif,soraya
W3OiJi8UyUk,user_7d2cc90c982d,False,1696550400,0,positif,0.8924,positif,tanpa_emoji,positif,soraya
W3OiJi8UyUk,user_c1d7997c6d33,False,1759708800,0,negatif,0.7846,positif,positif,positif,soraya
W3OiJi8UyUk,user_7f67b25467f2,False,1728172800,0,negatif,0.8917,netral,tanpa_emoji,negatif,soraya
W3OiJi8UyUk,user_4bb644092652,False,1696550400,0,negatif,0.9921,netral,tanpa_emoji,negatif,soraya
W3OiJi8UyUk,user_a8d8cf3c75a6,False,1696550400,0,positif,0.9497,positif,positif,positif,soraya
W3OiJi8UyUk,user_0ba08fea2645,False,1696550400,1,negatif,0.9215,netral,tanpa_emoji,negatif,soraya
W3OiJi8UyUk,user_d8be1d2553f6,False,1696550400,0,positif,0.9853,netral,tanpa_emoji,positif,soraya
W3OiJi8UyUk,user_00c95aaea975,False,1696550400,0,negatif,0.9674,positif,positif,positif,soraya
W3OiJi8UyUk,user_b41b9087bf7d,False,1696550400,0,negatif,0.6863,positif,netral,negatif,soraya
W3OiJi8UyUk,user_7760edf33325,False,1696550400,0,positif,0.9896,positif,positif,positif,soraya
W3OiJi8UyUk,user_d4db63340344,False,1728172800,0,netral,0.9717,netral,tanpa_emoji,netral,soraya
W3OiJi8UyUk,user_c15a54effb97,False,1696550400,0,negatif,0.862,netral,tanpa_emoji,negatif,soraya
W3OiJi8UyUk,user_ca89c38b02c5,False,1696550400,1,negatif,0.7119,negatif,tanpa_emoji,negatif,soraya
W3OiJi8UyUk,user_4b23749173dc,False,1696550400,0,negatif,0.6935,netral,tanpa_emoji,negatif,soraya
WPljV8uKnYk,user_de962f6e9745,False,1759708800,0,positif,0.7967,netral,tanpa_emoji,positif,soraya
WPljV8uKnYk,user_860c50a40630,False,1759708800,3,negatif,0.9953,netral,tanpa_emoji,negatif,soraya
WPljV8uKnYk,user_b7b046fec64f,False,1759708800,1,negatif,0.9967,netral,tanpa_emoji,negatif,soraya
WPljV8uKnYk,user_38923589f8f1,False,1759708800,1,positif,0.7079,netral,tanpa_emoji,positif,soraya
WPljV8uKnYk,user_37a320eb3eee,False,1759708800,2,positif,0.9049,positif,positif,positif,soraya
WPljV8uKnYk,user_17937f97b5e6,False,1759708800,1,netral,0.6364,netral,tanpa_emoji,netral,soraya
WPljV8uKnYk,user_b56dccb6e72f,False,1759708800,2,negatif,0.9399,netral,tanpa_emoji,negatif,soraya
WPljV8uKnYk,user_1e258fb3af6b,False,1772755200,0,negatif,0.7771,netral,tanpa_emoji,negatif,soraya
WPljV8uKnYk,user_d098389c6795,False,1759708800,9,negatif,0.9507,positif,tanpa_emoji,negatif,soraya
WPljV8uKnYk,user_a131a0ddd105,True,1759708800,1,negatif,0.6914,netral,netral,negatif,soraya
WPljV8uKnYk,user_d8220089f133,True,1764979200,0,negatif,0.5046,netral,tanpa_emoji,negatif,soraya
WPljV8uKnYk,user_eff6777d62b8,False,1759708800,0,negatif,0.9217,negatif,tanpa_emoji,negatif,soraya
WPljV8uKnYk,user_ef38efafea99,False,1759708800,0,negatif,0.8114,netral,tanpa_emoji,negatif,soraya
WPljV8uKnYk,user_de250b2257d0,False,1764979200,0,negatif,0.9673,negatif,netral,negatif,soraya
WPljV8uKnYk,user_a1003974ac70,False,1759708800,1,positif,0.9912,netral,netral,positif,soraya
WPljV8uKnYk,user_5174ee9925bd,True,1759708800,0,positif,0.9329,netral,netral,positif,soraya
WPljV8uKnYk,user_ac4d5e0a74c2,False,1759708800,0,netral,0.5332,negatif,tanpa_emoji,netral,soraya
WPljV8uKnYk,user_42b591733232,True,1759708800,0,negatif,0.9771,netral,tanpa_emoji,negatif,soraya
WPljV8uKnYk,user_014cb172d622,False,1759708800,0,negatif,0.9983,negatif,netral,negatif,soraya
WPljV8uKnYk,user_413f2223d433,True,1759708800,0,netral,0.9525,netral,tanpa_emoji,netral,soraya
WPljV8uKnYk,user_7a4478ff303f,False,1759708800,0,negatif,0.9983,netral,tanpa_emoji,negatif,soraya
_vHlSlQ5QOY,user_6e34209d6b61,False,1696550400,39,positif,0.8843,negatif,tanpa_emoji,positif,soraya
_vHlSlQ5QOY,user_d0ec9d5a3404,True,1696550400,1,positif,0.968,positif,tanpa_emoji,positif,soraya
_vHlSlQ5QOY,user_de083e314d34,False,1696550400,13,positif,0.7558,netral,tanpa_emoji,positif,soraya
_vHlSlQ5QOY,user_710fe2fd95c2,False,1696550400,17,positif,0.848,positif,positif,positif,soraya
_vHlSlQ5QOY,user_8735ee55821e,False,1696550400,22,positif,0.9984,netral,positif,positif,soraya
_vHlSlQ5QOY,user_7504cd929417,False,1696550400,13,positif,0.9662,positif,positif,positif,soraya
_vHlSlQ5QOY,user_49e62ef3ad25,False,1696550400,9,positif,0.9953,positif,positif,positif,soraya
_vHlSlQ5QOY,user_b525f6724ce5,False,1696550400,61,positif,0.7631,positif,positif,positif,soraya
_vHlSlQ5QOY,user_29a5f77bee79,True,1696550400,0,negatif,0.7187,netral,tanpa_emoji,negatif,soraya
_vHlSlQ5QOY,user_db8526bca7b3,False,1696550400,9,positif,0.7905,positif,tanpa_emoji,positif,soraya
_vHlSlQ5QOY,user_9e6539f056d9,False,1696550400,10,positif,0.9941,positif,tanpa_emoji,positif,soraya
_vHlSlQ5QOY,user_b9cd8ac72e9f,False,1696550400,5,positif,0.9463,positif,tanpa_emoji,positif,soraya
_vHlSlQ5QOY,user_13b775b3d47c,False,1696550400,5,positif,0.9507,positif,positif,positif,soraya
_vHlSlQ5QOY,user_7a840ee0f60a,False,1696550400,7,negatif,0.997,positif,positif,negatif,soraya
_vHlSlQ5QOY,user_3a8109e64253,False,1696550400,4,negatif,0.7037,positif,tanpa_emoji,negatif,soraya
_vHlSlQ5QOY,user_b32046122317,False,1696550400,4,negatif,0.9051,negatif,positif,negatif,soraya
_vHlSlQ5QOY,user_93a711c5232d,False,1696550400,10,positif,0.996,positif,positif,positif,soraya
_vHlSlQ5QOY,user_71c4a960f2ac,False,1696550400,4,negatif,0.9416,netral,tanpa_emoji,negatif,soraya
_vHlSlQ5QOY,user_6ea2ea1545cc,False,1696550400,8,positif,0.9945,positif,tanpa_emoji,positif,soraya
_vHlSlQ5QOY,user_117fad7559f4,False,1696550400,5,positif,0.9963,positif,tanpa_emoji,positif,soraya
_vHlSlQ5QOY,user_eeec22439ac5,False,1696550400,5,positif,0.9875,netral,netral,positif,soraya
_vHlSlQ5QOY,user_d523d4f0704b,False,1696550400,19,positif,0.9328,positif,tanpa_emoji,positif,soraya
_vHlSlQ5QOY,user_109d610dc81f,False,1696550400,6,positif,0.9885,positif,tanpa_emoji,positif,soraya
_vHlSlQ5QOY,user_364bd39f5a77,False,1696550400,5,positif,0.9967,positif,tanpa_emoji,positif,soraya
_vHlSlQ5QOY,user_bec08bbd781d,False,1696550400,7,negatif,0.9959,positif,positif,negatif,soraya
_vHlSlQ5QOY,user_cebf8d3b822d,False,1696550400,2,negatif,0.9537,negatif,tanpa_emoji,negatif,soraya
_vHlSlQ5QOY,user_ed351b844e23,False,1696550400,3,negatif,0.5706,positif,tanpa_emoji,negatif,soraya
_vHlSlQ5QOY,user_9d7747734295,False,1696550400,4,positif,0.9858,negatif,tanpa_emoji,positif,soraya
_vHlSlQ5QOY,user_55619a866652,False,1696550400,3,negatif,0.9797,netral,tanpa_emoji,negatif,soraya
_vHlSlQ5QOY,user_afca398e5d3b,False,1696550400,3,negatif,0.8564,netral,tanpa_emoji,negatif,soraya
_vHlSlQ5QOY,user_a2f13bc5d221,False,1696550400,2,negatif,0.9271,positif,tanpa_emoji,negatif,soraya
_vHlSlQ5QOY,user_f0026ae64392,False,1696550400,4,positif,0.9189,positif,positif,positif,soraya
_vHlSlQ5QOY,user_e161d1369fb0,False,1696550400,4,positif,0.9984,positif,positif,positif,soraya
_vHlSlQ5QOY,user_7f765a6aeff4,False,1696550400,165,positif,0.9915,positif,positif,positif,soraya
_vHlSlQ5QOY,user_6ea2ea1545cc,True,1696550400,4,negatif,0.9395,netral,tanpa_emoji,negatif,soraya
_vHlSlQ5QOY,user_63e16bb2cf84,True,1696550400,1,negatif,0.9947,netral,tanpa_emoji,negatif,soraya
_vHlSlQ5QOY,user_7f765a6aeff4,True,1696550400,1,negatif,0.995,negatif,tanpa_emoji,negatif,soraya
_vHlSlQ5QOY,user_11166d6c2cdd,True,1696550400,1,netral,0.9256,netral,tanpa_emoji,netral,soraya
_vHlSlQ5QOY,user_7f765a6aeff4,True,1696550400,1,negatif,0.9894,netral,tanpa_emoji,negatif,soraya
_vHlSlQ5QOY,user_63e16bb2cf84,True,1696550400,1,negatif,0.9715,positif,tanpa_emoji,negatif,soraya
_vHlSlQ5QOY,user_07f9350eba63,True,1696550400,0,negatif,0.9126,netral,tanpa_emoji,negatif,soraya
_vHlSlQ5QOY,user_15ca52795a05,True,1696550400,0,negatif,0.9981,positif,tanpa_emoji,negatif,soraya
_vHlSlQ5QOY,user_fad8f81f3ac5,True,1696550400,5,positif,0.9576,positif,positif,positif,soraya
_vHlSlQ5QOY,user_7f765a6aeff4,True,1696550400,3,negatif,0.9539,netral,tanpa_emoji,negatif,soraya
_vHlSlQ5QOY,user_636217e0e79a,False,1696550400,28,positif,0.9786,positif,positif,positif,soraya
_vHlSlQ5QOY,user_0b4199cb7d54,False,1696550400,4,positif,0.995,netral,tanpa_emoji,positif,soraya
_vHlSlQ5QOY,user_345bc2631485,False,1696550400,3,positif,0.997,positif,tanpa_emoji,positif,soraya
_vHlSlQ5QOY,user_c534b106eee0,False,1696550400,3,positif,0.9331,netral,netral,positif,soraya
_vHlSlQ5QOY,user_b3aca3ec29b3,False,1696550400,3,negatif,0.7464,netral,netral,negatif,soraya
_vHlSlQ5QOY,user_5294bb31f40a,False,1696550400,3,negatif,0.9702,positif,tanpa_emoji,negatif,soraya
_vHlSlQ5QOY,user_fac8fad6fef6,False,1696550400,3,positif,0.9518,positif,positif,positif,soraya
_vHlSlQ5QOY,user_e8c5a80e8440,False,1696550400,3,positif,0.994,negatif,tanpa_emoji,positif,soraya
_vHlSlQ5QOY,user_1e912eb54383,False,1696550400,3,positif,0.922,netral,tanpa_emoji,positif,soraya
_vHlSlQ5QOY,user_2b1c714c124d,False,1696550400,2,negatif,0.994,negatif,tanpa_emoji,negatif,soraya
_vHlSlQ5QOY,user_63aa91d9d2ff,False,1696550400,2,positif,0.9981,negatif,tanpa_emoji,positif,soraya
_vHlSlQ5QOY,user_d63df18d6696,False,1696550400,37,positif,0.9974,negatif,tanpa_emoji,positif,soraya
_vHlSlQ5QOY,user_feb499520b43,False,1696550400,2,negatif,0.8472,netral,tanpa_emoji,negatif,soraya
_vHlSlQ5QOY,user_656f883c9f7f,False,1696550400,1,negatif,0.9705,netral,tanpa_emoji,negatif,soraya
_vHlSlQ5QOY,user_306f814641cb,False,1696550400,2,positif,0.9817,positif,tanpa_emoji,positif,soraya
_vHlSlQ5QOY,user_fbfe9c2e521f,False,1696550400,2,positif,0.9962,positif,positif,positif,soraya
_vHlSlQ5QOY,user_f622c8cd1b35,False,1696550400,3,positif,0.9854,netral,netral,positif,soraya
_vHlSlQ5QOY,user_60f035fa6eee,False,1696550400,5,negatif,0.9317,positif,positif,negatif,soraya
_vHlSlQ5QOY,user_c0142daa9acc,False,1696550400,0,netral,0.8196,netral,tanpa_emoji,netral,soraya
_vHlSlQ5QOY,user_db3d446fcbd5,False,1696550400,3,positif,0.5312,positif,positif,positif,soraya
_vHlSlQ5QOY,user_e6049f9cdc4c,False,1696550400,1,negatif,0.9833,negatif,tanpa_emoji,negatif,soraya
_vHlSlQ5QOY,user_a79bbcbbf9fb,False,1696550400,258,positif,0.554,netral,tanpa_emoji,positif,soraya
_vHlSlQ5QOY,user_be9039d9b33a,True,1696550400,2,negatif,0.8969,netral,netral,negatif,soraya
_vHlSlQ5QOY,user_437858b0858b,True,1696550400,1,negatif,0.9976,negatif,tanpa_emoji,negatif,soraya
_vHlSlQ5QOY,user_8504329c1db3,True,1696550400,1,negatif,0.9936,netral,tanpa_emoji,negatif,soraya
_vHlSlQ5QOY,user_07f9350eba63,True,1696550400,0,netral,0.5959,netral,tanpa_emoji,netral,soraya
_vHlSlQ5QOY,user_a2e656953ff3,True,1696550400,1,negatif,0.8511,negatif,netral,negatif,soraya
_vHlSlQ5QOY,user_b3c28242a7d0,True,1696550400,1,positif,0.8838,positif,netral,positif,soraya
_vHlSlQ5QOY,user_63e16bb2cf84,True,1696550400,0,negatif,0.5525,netral,tanpa_emoji,negatif,soraya
_vHlSlQ5QOY,user_3d70ffc4091e,True,1696550400,0,negatif,0.9966,positif,netral,negatif,soraya
_vHlSlQ5QOY,user_dabda2797cc6,True,1696550400,0,positif,0.9023,netral,tanpa_emoji,positif,soraya
_vHlSlQ5QOY,user_cb2772946cd2,True,1696550400,0,positif,0.6873,netral,tanpa_emoji,positif,soraya
_vHlSlQ5QOY,user_0612bbf9bcbc,True,1696550400,0,positif,0.9672,positif,netral,positif,soraya
_vHlSlQ5QOY,user_84f20abde965,True,1696550400,0,negatif,0.7019,negatif,tanpa_emoji,negatif,soraya
_vHlSlQ5QOY,user_1d9cd0296083,True,1696550400,0,negatif,0.9974,netral,netral,negatif,soraya
_vHlSlQ5QOY,user_684d20d2fce9,True,1696550400,0,negatif,0.9856,netral,tanpa_emoji,negatif,soraya
_vHlSlQ5QOY,user_2437a78cbe36,True,1696550400,0,negatif,0.9978,netral,tanpa_emoji,negatif,soraya
_vHlSlQ5QOY,user_63e16bb2cf84,True,1696550400,0,negatif,0.7702,positif,tanpa_emoji,negatif,soraya
_vHlSlQ5QOY,user_da37e11c2fa5,True,1696550400,0,positif,0.6213,positif,netral,positif,soraya
_vHlSlQ5QOY,user_11166d6c2cdd,True,1696550400,0,negatif,0.6943,netral,tanpa_emoji,negatif,soraya
_vHlSlQ5QOY,user_8f8407dba59d,True,1696550400,0,positif,0.5945,positif,tanpa_emoji,positif,soraya
_vHlSlQ5QOY,user_d17fbe72d9fd,True,1696550400,0,netral,0.9109,netral,tanpa_emoji,netral,soraya
_vHlSlQ5QOY,user_653962f942af,True,1696550400,0,negatif,0.7189,netral,netral,negatif,soraya
_vHlSlQ5QOY,user_436f998a43a4,True,1696550400,0,negatif,0.769,netral,tanpa_emoji,negatif,soraya
_vHlSlQ5QOY,user_de745c544c98,True,1696550400,0,negatif,0.9943,positif,tanpa_emoji,negatif,soraya
_vHlSlQ5QOY,user_be8a5f1d56cd,True,1696550400,0,negatif,0.9731,netral,tanpa_emoji,negatif,soraya
_vHlSlQ5QOY,user_11f10705e6cb,True,1696550400,0,negatif,0.9948,netral,tanpa_emoji,negatif,soraya
_vHlSlQ5QOY,user_e2ba43ca511a,True,1696550400,0,negatif,0.9909,negatif,tanpa_emoji,negatif,soraya
_vHlSlQ5QOY,user_12375113c969,True,1696550400,0,negatif,0.9467,netral,tanpa_emoji,negatif,soraya
_vHlSlQ5QOY,user_6197839d8034,True,1696550400,0,negatif,0.9911,netral,tanpa_emoji,negatif,soraya
_vHlSlQ5QOY,user_fe398fb9f754,True,1696550400,0,negatif,0.9963,netral,tanpa_emoji,negatif,soraya
_vHlSlQ5QOY,user_cad611a2c733,True,1696550400,17,negatif,0.9842,netral,netral,negatif,soraya
_vHlSlQ5QOY,user_e76d3fe25b00,True,1696550400,2,netral,0.5805,positif,tanpa_emoji,netral,soraya
_vHlSlQ5QOY,user_53a2b2d54140,True,1696550400,0,netral,0.9075,netral,tanpa_emoji,netral,soraya
_vHlSlQ5QOY,user_5a4f637f5559,True,1696550400,1,netral,0.8181,netral,tanpa_emoji,netral,soraya
_vHlSlQ5QOY,user_436f998a43a4,True,1696550400,0,positif,0.5478,positif,tanpa_emoji,positif,soraya
_vHlSlQ5QOY,user_5044f7ec04bd,True,1696550400,0,negatif,0.9916,netral,tanpa_emoji,negatif,soraya
_vHlSlQ5QOY,user_12375113c969,True,1696550400,0,netral,0.9929,netral,tanpa_emoji,netral,soraya
_vHlSlQ5QOY,user_06edadcae0b3,True,1696550400,13,netral,0.981,netral,tanpa_emoji,netral,soraya
_vHlSlQ5QOY,user_cad611a2c733,True,1696550400,4,negatif,0.6708,negatif,netral,negatif,soraya
_vHlSlQ5QOY,user_387e536fdd00,True,1696550400,1,negatif,0.9706,netral,tanpa_emoji,negatif,soraya
_vHlSlQ5QOY,user_6ea2ea1545cc,True,1696550400,2,netral,0.8545,netral,tanpa_emoji,netral,soraya
_vHlSlQ5QOY,user_387e536fdd00,True,1696550400,1,negatif,0.9087,positif,tanpa_emoji,negatif,soraya
_vHlSlQ5QOY,user_6ea2ea1545cc,True,1696550400,1,negatif,0.3693,positif,tanpa_emoji,negatif,soraya
_vHlSlQ5QOY,user_dabda2797cc6,True,1696550400,2,negatif,0.9875,positif,tanpa_emoji,negatif,soraya
_vHlSlQ5QOY,user_1e41c46c473e,True,1696550400,0,netral,0.9107,negatif,tanpa_emoji,netral,soraya
_vHlSlQ5QOY,user_1b7e111a21b2,True,1696550400,0,negatif,0.7704,positif,tanpa_emoji,negatif,soraya
_vHlSlQ5QOY,user_b525f6724ce5,True,1696550400,0,positif,0.9632,positif,tanpa_emoji,positif,soraya
_vHlSlQ5QOY,user_63e16bb2cf84,True,1696550400,0,negatif,0.8776,netral,tanpa_emoji,negatif,soraya
_vHlSlQ5QOY,user_a10e943adc12,False,1696550400,2,positif,0.9887,positif,tanpa_emoji,positif,soraya
_vHlSlQ5QOY,user_db44fa3d9639,False,1696550400,1,positif,0.9987,positif,positif,positif,soraya
_vHlSlQ5QOY,user_b9b97550f4f4,False,1696550400,3,positif,0.9966,positif,positif,positif,soraya
_vHlSlQ5QOY,user_3f31a6057b09,False,1696550400,0,positif,0.9858,positif,tanpa_emoji,positif,soraya
_vHlSlQ5QOY,user_ec3bd4a488cc,False,1696550400,81,positif,0.963,positif,tanpa_emoji,positif,soraya
_vHlSlQ5QOY,user_6ea2ea1545cc,True,1696550400,1,negatif,0.8133,positif,tanpa_emoji,negatif,soraya
_vHlSlQ5QOY,user_63e16bb2cf84,True,1696550400,0,negatif,0.9973,positif,tanpa_emoji,negatif,soraya
_vHlSlQ5QOY,user_ec3bd4a488cc,True,1696550400,1,netral,0.9033,netral,tanpa_emoji,netral,soraya
_vHlSlQ5QOY,user_0aa2d05722dd,False,1696550400,1,positif,0.9976,negatif,tanpa_emoji,positif,soraya
_vHlSlQ5QOY,user_c86cc5e5d234,False,1696550400,1,positif,0.9978,positif,tanpa_emoji,positif,soraya
_vHlSlQ5QOY,user_c6bf7f97fd6e,False,1696550400,2,negatif,0.9776,netral,tanpa_emoji,negatif,soraya
_vHlSlQ5QOY,user_0e91e6777117,False,1696550400,1,positif,0.9965,positif,positif,positif,soraya
_vHlSlQ5QOY,user_6feb9eab5a10,False,1696550400,0,positif,0.9884,positif,tanpa_emoji,positif,soraya
_vHlSlQ5QOY,user_619eeeaf2d67,False,1696550400,1,positif,0.8651,positif,tanpa_emoji,positif,soraya
_vHlSlQ5QOY,user_7d3f365df14e,False,1696550400,3,negatif,0.5273,positif,positif,positif,soraya
_vHlSlQ5QOY,user_990e67762beb,False,1696550400,0,positif,0.9931,positif,tanpa_emoji,positif,soraya
_vHlSlQ5QOY,user_ad75b23691a1,False,1696550400,0,negatif,0.6577,netral,tanpa_emoji,negatif,soraya
_vHlSlQ5QOY,user_8707f27e94c5,False,1696550400,1,positif,0.8909,netral,tanpa_emoji,positif,soraya
_vHlSlQ5QOY,user_21a06d4682a9,False,1696550400,0,positif,0.9325,positif,positif,positif,soraya
_vHlSlQ5QOY,user_91aee82fa247,False,1696550400,0,positif,0.9969,negatif,tanpa_emoji,positif,soraya
_vHlSlQ5QOY,user_13968481cad7,False,1696550400,0,netral,0.6651,netral,tanpa_emoji,netral,soraya
_vHlSlQ5QOY,user_cb7c0625ca0f,False,1696550400,2,positif,0.994,positif,tanpa_emoji,positif,soraya
_vHlSlQ5QOY,user_47d6990e3983,False,1696550400,2,positif,0.5711,positif,netral,positif,soraya
_vHlSlQ5QOY,user_e8c5a80e8440,False,1696550400,0,negatif,0.9424,positif,tanpa_emoji,negatif,soraya
_vHlSlQ5QOY,user_e187971fa437,False,1696550400,1,positif,0.9921,positif,tanpa_emoji,positif,soraya
_vHlSlQ5QOY,user_7a1b0bdf8e5f,False,1696550400,1,positif,0.3746,netral,netral,positif,soraya
_vHlSlQ5QOY,user_6aa188b06b2f,False,1696550400,0,negatif,0.9648,netral,tanpa_emoji,negatif,soraya
_vHlSlQ5QOY,user_e3a3fec1764d,False,1696550400,0,negatif,0.475,positif,positif,positif,soraya
_vHlSlQ5QOY,user_d8b62214b6e4,False,1696550400,1,negatif,0.9842,positif,tanpa_emoji,negatif,soraya
_vHlSlQ5QOY,user_a7cef846f547,False,1696550400,0,positif,0.967,negatif,tanpa_emoji,positif,soraya
_vHlSlQ5QOY,user_f1ef58e12c86,False,1696550400,1,negatif,0.8852,positif,tanpa_emoji,negatif,soraya
_vHlSlQ5QOY,user_e30b742ddc30,False,1696550400,1,positif,0.6267,positif,tanpa_emoji,positif,soraya
_vHlSlQ5QOY,user_72efc2254b12,False,1696550400,1,positif,0.9928,positif,tanpa_emoji,positif,soraya
_vHlSlQ5QOY,user_3e540426d00b,False,1696550400,0,positif,0.9945,positif,tanpa_emoji,positif,soraya
_vHlSlQ5QOY,user_910feef0f2c9,False,1696550400,3,netral,0.4492,positif,positif,positif,soraya
_vHlSlQ5QOY,user_f562817a6d1a,False,1696550400,2,negatif,0.9189,positif,tanpa_emoji,negatif,soraya
_vHlSlQ5QOY,user_219522595279,False,1696550400,2,negatif,0.9915,positif,netral,negatif,soraya
_vHlSlQ5QOY,user_7ee2b02550a3,False,1696550400,0,positif,0.9939,positif,tanpa_emoji,positif,soraya
_vHlSlQ5QOY,user_425179bd37a8,False,1696550400,0,positif,0.9795,positif,netral,positif,soraya
_vHlSlQ5QOY,user_8d5de5f415c0,False,1696550400,0,negatif,0.627,netral,tanpa_emoji,negatif,soraya
_vHlSlQ5QOY,user_c4682df53b0c,False,1696550400,2,negatif,0.8966,netral,tanpa_emoji,negatif,soraya
_vHlSlQ5QOY,user_327e51721915,False,1696550400,1,positif,0.9849,positif,tanpa_emoji,positif,soraya
_vHlSlQ5QOY,user_6867f2d8ec79,False,1696550400,0,positif,0.9908,positif,tanpa_emoji,positif,soraya
_vHlSlQ5QOY,user_b572fee1cc39,False,1696550400,0,negatif,0.9924,negatif,tanpa_emoji,negatif,soraya
_vHlSlQ5QOY,user_4459a8652ab7,False,1696550400,0,negatif,0.9876,netral,tanpa_emoji,negatif,soraya
_vHlSlQ5QOY,user_043b72386e84,False,1696550400,1,positif,0.994,positif,tanpa_emoji,positif,soraya
_vHlSlQ5QOY,user_2232b454600d,False,1696550400,0,positif,0.9706,positif,tanpa_emoji,positif,soraya
_vHlSlQ5QOY,user_bcc30da93bd0,False,1696550400,1,positif,0.8336,negatif,tanpa_emoji,positif,soraya
_vHlSlQ5QOY,user_2a42c014e6a4,False,1696550400,0,negatif,0.7077,positif,positif,negatif,soraya
_vHlSlQ5QOY,user_a774c628ae9e,False,1696550400,0,positif,0.9979,positif,tanpa_emoji,positif,soraya
_vHlSlQ5QOY,user_a456a50be40b,False,1696550400,0,negatif,0.7865,netral,tanpa_emoji,negatif,soraya
_vHlSlQ5QOY,user_2e1b9052c22b,False,1696550400,0,positif,0.9927,positif,positif,positif,soraya
_vHlSlQ5QOY,user_2829b47b238a,False,1696550400,0,positif,0.9978,positif,positif,positif,soraya
_vHlSlQ5QOY,user_cd5e1dc5f325,False,1696550400,0,positif,0.9704,positif,positif,positif,soraya
_vHlSlQ5QOY,user_6378472002cf,False,1696550400,0,positif,0.985,positif,positif,positif,soraya
_vHlSlQ5QOY,user_a870d8ffd19b,False,1696550400,0,positif,0.9416,netral,tanpa_emoji,positif,soraya
_vHlSlQ5QOY,user_23e79147a631,False,1696550400,0,positif,0.5668,netral,tanpa_emoji,positif,soraya
_vHlSlQ5QOY,user_eab4e26460f4,False,1696550400,0,positif,0.9736,positif,tanpa_emoji,positif,soraya
_vHlSlQ5QOY,user_a8bc6b52d221,False,1696550400,0,positif,0.9702,positif,tanpa_emoji,positif,soraya
_vHlSlQ5QOY,user_c76fdb973114,False,1696550400,0,positif,0.6709,positif,netral,positif,soraya
_vHlSlQ5QOY,user_13c165974eb9,False,1696550400,0,positif,0.997,positif,tanpa_emoji,positif,soraya
_vHlSlQ5QOY,user_ef8c14596359,False,1696550400,8,positif,0.9899,netral,tanpa_emoji,positif,soraya
_vHlSlQ5QOY,user_98085710ca62,True,1696550400,0,negatif,0.659,netral,tanpa_emoji,negatif,soraya
_vHlSlQ5QOY,user_d5df6cecdff6,False,1696550400,0,negatif,0.7459,positif,netral,negatif,soraya
_vHlSlQ5QOY,user_a9374fe8e516,False,1728172800,0,positif,0.9816,positif,positif,positif,soraya
_vHlSlQ5QOY,user_90f3d6b5a7d8,False,1696550400,0,positif,0.9872,positif,tanpa_emoji,positif,soraya
_vHlSlQ5QOY,user_814dd5d7a342,False,1696550400,0,positif,0.9862,positif,tanpa_emoji,positif,soraya
_vHlSlQ5QOY,user_d7e2775df0ac,False,1696550400,0,netral,0.5351,positif,positif,positif,soraya
_vHlSlQ5QOY,user_ab0ba91fc467,False,1696550400,0,positif,0.988,positif,tanpa_emoji,positif,soraya
_vHlSlQ5QOY,user_cffd424df48b,False,1696550400,0,positif,0.9968,positif,tanpa_emoji,positif,soraya
_vHlSlQ5QOY,user_50b761e44a5b,False,1696550400,0,negatif,0.7843,netral,tanpa_emoji,negatif,soraya
_vHlSlQ5QOY,user_65247943a813,False,1696550400,0,negatif,0.9384,netral,netral,negatif,soraya
_vHlSlQ5QOY,user_bad2c11afe6b,False,1696550400,1,positif,0.7099,netral,tanpa_emoji,positif,soraya
_vHlSlQ5QOY,user_44b03774d129,False,1759708800,0,positif,0.9852,positif,positif,positif,soraya
_vHlSlQ5QOY,user_4f0099c330e9,False,1696550400,0,negatif,0.7982,netral,tanpa_emoji,negatif,soraya
_vHlSlQ5QOY,user_d62343a062fa,False,1696550400,0,positif,0.9951,positif,positif,positif,soraya
_vHlSlQ5QOY,user_d287f23b2667,False,1696550400,0,negatif,0.4993,netral,tanpa_emoji,negatif,soraya
_vHlSlQ5QOY,user_922781ab4799,False,1696550400,0,negatif,0.7279,netral,tanpa_emoji,negatif,soraya
_vHlSlQ5QOY,user_b4b4078778b0,False,1696550400,21,positif,0.9969,positif,positif,positif,soraya
_vHlSlQ5QOY,user_02a57b5bb362,True,1696550400,1,negatif,0.6501,netral,tanpa_emoji,negatif,soraya
_vHlSlQ5QOY,user_b4b4078778b0,True,1696550400,1,netral,0.8921,netral,netral,netral,soraya
_vHlSlQ5QOY,user_7f98dadf1d56,False,1696550400,0,positif,0.9827,positif,tanpa_emoji,positif,soraya
_vHlSlQ5QOY,user_b634a58291a7,False,1696550400,0,positif,0.989,positif,positif,positif,soraya
_vHlSlQ5QOY,user_278fd7e411d1,False,1696550400,0,negatif,0.9639,netral,tanpa_emoji,negatif,soraya
_vHlSlQ5QOY,user_cb5d5f838f71,False,1696550400,0,positif,0.9968,positif,tanpa_emoji,positif,soraya
_vHlSlQ5QOY,user_9545e42a286d,False,1696550400,0,positif,0.9747,positif,tanpa_emoji,positif,soraya
_vHlSlQ5QOY,user_fa3a4efeca54,False,1696550400,0,positif,0.9893,positif,tanpa_emoji,positif,soraya
_vHlSlQ5QOY,user_bf5d98dab333,False,1696550400,0,positif,0.9938,positif,tanpa_emoji,positif,soraya
_vHlSlQ5QOY,user_837ba27b6960,False,1696550400,0,positif,0.596,positif,tanpa_emoji,positif,soraya
_vHlSlQ5QOY,user_c0b9e8498bce,False,1696550400,0,positif,0.9033,positif,tanpa_emoji,positif,soraya
_vHlSlQ5QOY,user_95e6bc8aa533,False,1696550400,0,netral,0.9578,netral,tanpa_emoji,netral,soraya
_vHlSlQ5QOY,user_48f8a804bb15,False,1696550400,0,negatif,0.5575,netral,tanpa_emoji,negatif,soraya
_vHlSlQ5QOY,user_3a100131669e,False,1696550400,0,positif,0.9614,netral,tanpa_emoji,positif,soraya
_vHlSlQ5QOY,user_304e31033d6a,False,1696550400,1,negatif,0.9286,positif,tanpa_emoji,negatif,soraya
_vHlSlQ5QOY,user_c77d53b86007,False,1696550400,1,netral,0.8352,netral,tanpa_emoji,netral,soraya
_vHlSlQ5QOY,user_e1ab5e89c740,False,1696550400,15,negatif,0.7806,positif,positif,negatif,soraya
_vHlSlQ5QOY,user_6ea2ea1545cc,True,1696550400,0,positif,0.5639,netral,tanpa_emoji,positif,soraya
_vHlSlQ5QOY,user_a862e39868c2,True,1696550400,0,netral,0.9957,netral,tanpa_emoji,netral,soraya
_vHlSlQ5QOY,user_f62cecefb870,False,1696550400,0,positif,0.9903,positif,netral,positif,soraya
_vHlSlQ5QOY,user_0ed8e71dbaaa,False,1696550400,5,positif,0.7442,positif,tanpa_emoji,positif,soraya
_vHlSlQ5QOY,user_6ea2ea1545cc,True,1696550400,0,negatif,0.9976,netral,tanpa_emoji,negatif,soraya
_vHlSlQ5QOY,user_dd3a682939d3,False,1696550400,0,positif,0.5273,positif,positif,positif,soraya
_vHlSlQ5QOY,user_5c0e5a1f1373,False,1696550400,1,positif,0.9578,positif,positif,positif,soraya
_vHlSlQ5QOY,user_28eafeb0022f,False,1696550400,1,positif,0.6014,netral,tanpa_emoji,positif,soraya
_vHlSlQ5QOY,user_56cbf18dff24,False,1696550400,0,negatif,0.9974,positif,tanpa_emoji,negatif,soraya
_vHlSlQ5QOY,user_83c225e1b452,False,1696550400,0,netral,0.5725,netral,tanpa_emoji,netral,soraya
_vHlSlQ5QOY,user_a9e350cf5516,False,1696550400,0,positif,0.9629,netral,tanpa_emoji,positif,soraya
_vHlSlQ5QOY,user_c9f0d204e740,False,1696550400,0,positif,0.9957,positif,tanpa_emoji,positif,soraya
_vHlSlQ5QOY,user_1aab9c23388d,False,1696550400,1,negatif,0.9918,netral,tanpa_emoji,negatif,soraya
_vHlSlQ5QOY,user_3d6faef40505,False,1696550400,0,negatif,0.9771,netral,tanpa_emoji,negatif,soraya
_vHlSlQ5QOY,user_c4be2394b900,False,1696550400,0,negatif,0.9986,positif,tanpa_emoji,negatif,soraya
_vHlSlQ5QOY,user_a43d702e47a8,False,1696550400,0,negatif,0.6983,positif,tanpa_emoji,negatif,soraya
_vHlSlQ5QOY,user_0dff8c4c0cd7,False,1696550400,0,positif,0.935,positif,positif,positif,soraya
_vHlSlQ5QOY,user_44b83698cfe0,False,1696550400,0,negatif,0.5068,positif,tanpa_emoji,negatif,soraya
_vHlSlQ5QOY,user_97245908f9ee,False,1696550400,0,positif,0.9314,netral,tanpa_emoji,positif,soraya
_vHlSlQ5QOY,user_f63071e1cf8a,False,1696550400,0,positif,0.9654,positif,positif,positif,soraya
_vHlSlQ5QOY,user_ccd5e2768ccb,False,1696550400,0,positif,0.9967,positif,tanpa_emoji,positif,soraya
_vHlSlQ5QOY,user_5a76176f2875,False,1696550400,0,positif,0.5496,netral,tanpa_emoji,positif,soraya
_vHlSlQ5QOY,user_f5f3fadcf886,False,1696550400,0,positif,0.7809,positif,tanpa_emoji,positif,soraya
_vHlSlQ5QOY,user_92e9f61b802d,False,1696550400,0,positif,0.93,positif,tanpa_emoji,positif,soraya
_vHlSlQ5QOY,user_2e3a45b74801,False,1696550400,0,negatif,0.5907,netral,netral,negatif,soraya
_vHlSlQ5QOY,user_30e54d5d37ce,False,1696550400,0,positif,0.7901,netral,tanpa_emoji,positif,soraya
_vHlSlQ5QOY,user_db6bc9cb0047,False,1696550400,0,positif,0.9815,positif,netral,positif,soraya
_vHlSlQ5QOY,user_87d576388dbd,False,1696550400,0,positif,0.9918,positif,tanpa_emoji,positif,soraya
_vHlSlQ5QOY,user_e76d3fe25b00,False,1696550400,0,negatif,0.5376,netral,tanpa_emoji,negatif,soraya
_vHlSlQ5QOY,user_adf64a32f330,False,1696550400,0,negatif,0.9926,netral,tanpa_emoji,negatif,soraya
_vHlSlQ5QOY,user_b7a58408569e,False,1696550400,36,positif,0.9957,positif,tanpa_emoji,positif,soraya
_vHlSlQ5QOY,user_4c83e470828f,True,1696550400,1,positif,0.5112,positif,tanpa_emoji,positif,soraya
_vHlSlQ5QOY,user_84b03889723d,True,1696550400,0,negatif,0.9957,positif,tanpa_emoji,negatif,soraya
_vHlSlQ5QOY,user_b7a58408569e,True,1696550400,0,negatif,0.9907,netral,tanpa_emoji,negatif,soraya
_vHlSlQ5QOY,user_63e16bb2cf84,True,1696550400,0,positif,0.8872,positif,tanpa_emoji,positif,soraya
_vHlSlQ5QOY,user_1f2d83a5d6a5,False,1696550400,0,positif,0.8501,netral,tanpa_emoji,positif,soraya
_vHlSlQ5QOY,user_c465b67b8dd6,False,1696550400,0,negatif,0.7601,netral,netral,negatif,soraya
_vHlSlQ5QOY,user_70f4f8e5098a,False,1696550400,0,positif,0.9913,positif,tanpa_emoji,positif,soraya
_vHlSlQ5QOY,user_54eab1924829,False,1696550400,1,negatif,0.9711,positif,tanpa_emoji,negatif,soraya
_vHlSlQ5QOY,user_4cb6ac0fe3ad,False,1728172800,0,negatif,0.9454,positif,tanpa_emoji,negatif,soraya
_vHlSlQ5QOY,user_15291710c68b,False,1696550400,0,positif,0.9895,positif,tanpa_emoji,positif,soraya
_vHlSlQ5QOY,user_97f6ba611988,False,1696550400,0,negatif,0.6334,positif,tanpa_emoji,negatif,soraya
_vHlSlQ5QOY,user_4535f7f5a8d5,False,1696550400,0,negatif,0.9442,netral,tanpa_emoji,negatif,soraya
_vHlSlQ5QOY,user_b20d980f06ba,False,1696550400,0,negatif,0.999,negatif,tanpa_emoji,negatif,soraya
_vHlSlQ5QOY,user_fc4d6ae61ac8,False,1696550400,0,negatif,0.6677,netral,tanpa_emoji,negatif,soraya
_vHlSlQ5QOY,user_6b158a9ada15,False,1696550400,0,negatif,0.7378,netral,tanpa_emoji,negatif,soraya
_vHlSlQ5QOY,user_f7275a735d9a,False,1728172800,0,negatif,0.9005,positif,positif,positif,soraya
_vHlSlQ5QOY,user_f7275a735d9a,False,1728172800,0,negatif,0.9293,positif,positif,positif,soraya
_vHlSlQ5QOY,user_239f756665f4,False,1696550400,1,negatif,0.9934,negatif,netral,negatif,soraya
_vHlSlQ5QOY,user_63bcde4c93d7,True,1696550400,0,netral,0.6439,netral,tanpa_emoji,netral,soraya
_vHlSlQ5QOY,user_244ace926cbc,False,1696550400,0,negatif,0.9343,positif,positif,positif,soraya
_vHlSlQ5QOY,user_c7e6881b7ee2,False,1696550400,0,netral,0.8277,netral,tanpa_emoji,netral,soraya
_vHlSlQ5QOY,user_032193136a73,False,1696550400,0,negatif,0.8512,netral,tanpa_emoji,negatif,soraya
_vHlSlQ5QOY,user_dddd8da1e724,False,1696550400,0,netral,0.7659,positif,positif,netral,soraya
_vHlSlQ5QOY,user_63bcde4c93d7,False,1696550400,0,negatif,0.7475,netral,tanpa_emoji,negatif,soraya
_vHlSlQ5QOY,user_09723759aaa5,False,1696550400,0,negatif,0.9901,positif,positif,negatif,soraya
_vHlSlQ5QOY,user_fa62a8f150e3,False,1696550400,0,negatif,0.9273,positif,positif,positif,soraya
_vHlSlQ5QOY,user_36c2561c515c,False,1696550400,0,positif,0.9773,netral,tanpa_emoji,positif,soraya
_vHlSlQ5QOY,user_144584392842,False,1696550400,0,positif,0.9632,positif,tanpa_emoji,positif,soraya
_vHlSlQ5QOY,user_076a98751e07,False,1696550400,0,negatif,0.9976,positif,netral,negatif,soraya
_vHlSlQ5QOY,user_d16f0159798f,False,1696550400,0,negatif,0.9957,netral,tanpa_emoji,negatif,soraya
_vHlSlQ5QOY,user_13968481cad7,False,1696550400,0,netral,0.6651,netral,tanpa_emoji,netral,soraya
_vHlSlQ5QOY,user_f7275a735d9a,False,1728172800,0,negatif,0.9005,positif,positif,positif,soraya
_vHlSlQ5QOY,user_13968481cad7,False,1696550400,1,netral,0.6651,netral,tanpa_emoji,netral,soraya
_vHlSlQ5QOY,user_9500217cb24e,False,1696550400,1,negatif,0.8942,netral,tanpa_emoji,negatif,soraya
_vHlSlQ5QOY,user_0be9831420d1,False,1696550400,0,positif,0.987,positif,tanpa_emoji,positif,soraya
_vHlSlQ5QOY,user_f6d3abf77112,False,1696550400,0,positif,0.8983,positif,tanpa_emoji,positif,soraya
_vHlSlQ5QOY,user_de745c544c98,False,1696550400,0,positif,0.968,netral,tanpa_emoji,positif,soraya
_vHlSlQ5QOY,user_cb2ad50f3950,False,1696550400,0,negatif,0.9913,netral,tanpa_emoji,negatif,soraya
_vHlSlQ5QOY,user_c35aa4cdab2f,False,1728172800,0,netral,0.8761,positif,positif,netral,soraya
_vHlSlQ5QOY,user_96e32e9c5437,False,1696550400,0,positif,0.9531,positif,tanpa_emoji,positif,soraya
_vHlSlQ5QOY,user_d6ef22e72f8f,False,1696550400,1,negatif,0.9284,netral,tanpa_emoji,negatif,soraya
_vHlSlQ5QOY,user_3c4cd58be5b5,False,1696550400,0,positif,0.8555,netral,tanpa_emoji,positif,soraya
_vHlSlQ5QOY,user_a862e39868c2,False,1696550400,0,positif,0.9165,netral,tanpa_emoji,positif,soraya
_vHlSlQ5QOY,user_1e5eec699af6,False,1696550400,10,positif,0.9868,positif,netral,positif,soraya
_vHlSlQ5QOY,user_5de65d867815,True,1696550400,1,negatif,0.9981,positif,positif,negatif,soraya
_vHlSlQ5QOY,user_bd73432544b3,True,1696550400,0,negatif,0.7409,positif,positif,negatif,soraya
_vHlSlQ5QOY,user_1e5eec699af6,True,1696550400,0,negatif,0.9637,netral,netral,negatif,soraya
_vHlSlQ5QOY,user_02ba5c4db6c4,False,1696550400,0,netral,0.6364,netral,tanpa_emoji,netral,soraya
_vHlSlQ5QOY,user_11c55e75c824,False,1696550400,0,negatif,0.8209,negatif,tanpa_emoji,negatif,soraya
_vHlSlQ5QOY,user_69f94889d4bf,False,1696550400,0,positif,0.9746,positif,tanpa_emoji,positif,soraya
_vHlSlQ5QOY,user_4d147990fe60,False,1696550400,0,negatif,0.9967,netral,netral,negatif,soraya
_vHlSlQ5QOY,user_789119773381,False,1696550400,0,negatif,0.9588,netral,tanpa_emoji,negatif,soraya
_vHlSlQ5QOY,user_5bffd583ab31,False,1696550400,0,negatif,0.9729,positif,positif,negatif,soraya
_vHlSlQ5QOY,user_8d8c740297ea,False,1696550400,0,positif,0.8061,positif,netral,positif,soraya
_vHlSlQ5QOY,user_1e55086cd87e,False,1696550400,0,positif,0.9962,positif,positif,positif,soraya
_vHlSlQ5QOY,user_7f838e1f1e2f,True,1696550400,0,negatif,0.6167,netral,tanpa_emoji,negatif,soraya
_vHlSlQ5QOY,user_87b6ea6cedd1,False,1696550400,0,positif,0.9166,positif,positif,positif,soraya
_vHlSlQ5QOY,user_424be662bf74,False,1696550400,1,positif,0.8973,positif,tanpa_emoji,positif,soraya
_vHlSlQ5QOY,user_731f3b28fe3c,False,1696550400,0,negatif,0.9972,netral,tanpa_emoji,negatif,soraya
_vHlSlQ5QOY,user_278ead97b38e,False,1696550400,0,negatif,0.9962,negatif,negatif,negatif,soraya
_vHlSlQ5QOY,user_c1962fe23904,False,1696550400,0,negatif,0.5337,netral,tanpa_emoji,negatif,soraya
_vHlSlQ5QOY,user_574dc29a276b,False,1696550400,0,negatif,0.9641,positif,tanpa_emoji,negatif,soraya
_vHlSlQ5QOY,user_b82d8f1db9c9,False,1696550400,0,positif,0.9765,netral,netral,positif,soraya
_vHlSlQ5QOY,user_503787ebc533,False,1696550400,0,positif,0.9245,positif,tanpa_emoji,positif,soraya
_vHlSlQ5QOY,user_ca4845812c11,False,1696550400,0,negatif,0.9977,negatif,netral,negatif,soraya
_vHlSlQ5QOY,user_74c7d50aaddc,False,1696550400,0,netral,0.5879,netral,tanpa_emoji,netral,soraya
_vHlSlQ5QOY,user_e8c5a80e8440,True,1696550400,0,negatif,0.8418,negatif,negatif,negatif,soraya
_vHlSlQ5QOY,user_08be4e18823e,False,1696550400,0,positif,0.5742,netral,tanpa_emoji,positif,soraya
_vHlSlQ5QOY,user_b7f49b3964fa,False,1696550400,0,positif,0.9817,positif,tanpa_emoji,positif,soraya
_vHlSlQ5QOY,user_c39d21bc6394,False,1696550400,0,negatif,0.8811,positif,tanpa_emoji,negatif,soraya
_vHlSlQ5QOY,user_56da14e56ca4,False,1696550400,0,positif,0.9984,positif,positif,positif,soraya
_vHlSlQ5QOY,user_0b8081202579,False,1696550400,1,negatif,0.9051,netral,tanpa_emoji,negatif,soraya
_vHlSlQ5QOY,user_9846b7ff618d,False,1696550400,0,negatif,0.8282,netral,tanpa_emoji,negatif,soraya
_vHlSlQ5QOY,user_d58f16b31c88,False,1728172800,0,negatif,0.9919,positif,tanpa_emoji,negatif,soraya
_vHlSlQ5QOY,user_525a706d9c73,False,1696550400,0,positif,0.7396,positif,netral,positif,soraya
_vHlSlQ5QOY,user_2a79fb96cc94,False,1696550400,0,negatif,0.997,positif,tanpa_emoji,negatif,soraya
_vHlSlQ5QOY,user_7458491c2638,False,1696550400,1,positif,0.9915,positif,positif,positif,soraya
_vHlSlQ5QOY,user_40ea2ba9dcd4,False,1696550400,1,netral,0.6863,netral,tanpa_emoji,netral,soraya
_vHlSlQ5QOY,user_93ede1562b9e,False,1775433600,0,negatif,0.9686,positif,positif,positif,soraya
_vHlSlQ5QOY,user_e4ce72fa00c2,False,1696550400,0,positif,0.7746,positif,positif,positif,soraya
_vHlSlQ5QOY,user_785976d7dc12,False,1696550400,1,negatif,0.7172,netral,tanpa_emoji,negatif,soraya
_vHlSlQ5QOY,user_6c8b2c641fb5,False,1696550400,0,negatif,0.6351,positif,tanpa_emoji,negatif,soraya
_vHlSlQ5QOY,user_f84bdc65c23d,False,1696550400,0,positif,0.947,positif,tanpa_emoji,positif,soraya
_vHlSlQ5QOY,user_25802bde4f88,False,1696550400,0,negatif,0.9826,netral,netral,negatif,soraya
_vHlSlQ5QOY,user_9ce60fa066fd,False,1696550400,0,positif,0.9689,positif,positif,positif,soraya
_vHlSlQ5QOY,user_ad14aa0e7305,False,1696550400,1,negatif,0.996,netral,tanpa_emoji,negatif,soraya
_vHlSlQ5QOY,user_0a3839d1ae57,False,1696550400,0,positif,0.9803,positif,positif,positif,soraya
_vHlSlQ5QOY,user_088a5ac24406,False,1696550400,0,negatif,0.4946,netral,tanpa_emoji,negatif,soraya
_vHlSlQ5QOY,user_73b7b755f68c,False,1696550400,0,positif,0.8974,netral,tanpa_emoji,positif,soraya
_vHlSlQ5QOY,user_0b35d918bc3e,False,1696550400,0,negatif,0.9907,positif,tanpa_emoji,negatif,soraya
_vHlSlQ5QOY,user_94dab3c67b34,False,1696550400,0,netral,0.8013,netral,tanpa_emoji,netral,soraya
_vHlSlQ5QOY,user_552dca41b90b,False,1696550400,0,negatif,0.9969,positif,tanpa_emoji,negatif,soraya
_vHlSlQ5QOY,user_db6d8ee2da57,False,1696550400,0,positif,0.8417,positif,netral,positif,soraya
_vHlSlQ5QOY,user_b525f6724ce5,True,1696550400,0,negatif,0.918,negatif,positif,negatif,soraya
_vHlSlQ5QOY,user_8dcd82fdf314,False,1696550400,0,positif,0.9954,positif,positif,positif,soraya
_vHlSlQ5QOY,user_7f0dc165f0a4,False,1696550400,0,negatif,0.9829,netral,netral,negatif,soraya
_vHlSlQ5QOY,user_1e2d762d05ae,False,1696550400,0,positif,0.9903,positif,tanpa_emoji,positif,soraya
_vHlSlQ5QOY,user_0fb78053a6e4,False,1696550400,0,negatif,0.9089,negatif,tanpa_emoji,negatif,soraya
_vHlSlQ5QOY,user_2ab573a14643,False,1696550400,0,negatif,0.9984,negatif,tanpa_emoji,negatif,soraya
_vHlSlQ5QOY,user_8e80063ff1c5,False,1728172800,0,negatif,0.4328,positif,tanpa_emoji,negatif,soraya
_vHlSlQ5QOY,user_e6d5e2405597,False,1696550400,0,netral,0.8836,negatif,tanpa_emoji,netral,soraya
_vHlSlQ5QOY,user_d50ca4b63b86,False,1696550400,0,positif,0.965,netral,tanpa_emoji,positif,soraya
_vHlSlQ5QOY,user_dd72825c9bd4,False,1696550400,1,negatif,0.9949,netral,netral,negatif,soraya
_vHlSlQ5QOY,user_ccadfab3d6ec,False,1728172800,0,negatif,0.7396,netral,tanpa_emoji,negatif,soraya
_vHlSlQ5QOY,user_b947c816160b,False,1696550400,0,negatif,0.9934,netral,netral,negatif,soraya
_vHlSlQ5QOY,user_cd5e1dc5f325,False,1696550400,0,positif,0.3948,positif,positif,positif,soraya
_vHlSlQ5QOY,user_750e3d9b343d,False,1696550400,0,positif,0.9734,positif,tanpa_emoji,positif,soraya
_vHlSlQ5QOY,user_f8341aa24a00,False,1696550400,2,negatif,0.9897,netral,tanpa_emoji,negatif,soraya
_vHlSlQ5QOY,user_306f814641cb,True,1696550400,1,negatif,0.9988,positif,tanpa_emoji,negatif,soraya
_vHlSlQ5QOY,user_4add833f2d78,False,1696550400,0,negatif,0.9846,positif,netral,negatif,soraya
_vHlSlQ5QOY,user_5604bada09d3,False,1696550400,0,negatif,0.9739,netral,tanpa_emoji,negatif,soraya
_vHlSlQ5QOY,user_b7a58408569e,True,1696550400,0,negatif,0.9676,netral,netral,negatif,soraya
_vHlSlQ5QOY,user_ab064d8dc255,False,1696550400,0,positif,0.8924,positif,tanpa_emoji,positif,soraya
_vHlSlQ5QOY,user_a8ede3304db6,False,1696550400,0,negatif,0.9484,positif,netral,negatif,soraya
_vHlSlQ5QOY,user_27ee74143078,False,1696550400,0,positif,0.9025,positif,positif,positif,soraya
_vHlSlQ5QOY,user_b3c28242a7d0,False,1696550400,1,negatif,0.9927,netral,netral,negatif,soraya
_vHlSlQ5QOY,user_38de9a8c4afd,False,1696550400,0,negatif,0.9455,netral,tanpa_emoji,negatif,soraya
_vHlSlQ5QOY,user_ad59b87ba668,False,1696550400,0,negatif,0.9939,positif,tanpa_emoji,negatif,soraya
_vHlSlQ5QOY,user_8ea4c161a49f,False,1696550400,9,negatif,0.4957,netral,positif,positif,soraya
_vHlSlQ5QOY,user_2496770fb8c0,True,1696550400,1,negatif,0.9379,netral,tanpa_emoji,negatif,soraya
_vHlSlQ5QOY,user_6ea2ea1545cc,True,1696550400,1,netral,0.8203,netral,tanpa_emoji,netral,soraya
_vHlSlQ5QOY,user_f9d5a7bcbec3,True,1696550400,0,netral,0.5676,netral,tanpa_emoji,netral,soraya
_vHlSlQ5QOY,user_8ea4c161a49f,True,1696550400,0,negatif,0.4981,netral,tanpa_emoji,negatif,soraya
_vHlSlQ5QOY,user_663ff6ea4ec1,False,1696550400,0,positif,0.8455,positif,netral,positif,soraya
_vHlSlQ5QOY,user_cdf5740d57f3,False,1696550400,0,positif,0.9734,positif,tanpa_emoji,positif,soraya
_vHlSlQ5QOY,user_2d041545052c,False,1696550400,0,netral,0.9938,netral,tanpa_emoji,netral,soraya
_vHlSlQ5QOY,user_9f4a2ce8fd49,False,1696550400,9,positif,0.8582,positif,positif,positif,soraya
_vHlSlQ5QOY,user_47334977fa57,False,1696550400,1,positif,0.5005,netral,tanpa_emoji,positif,soraya
_vHlSlQ5QOY,user_7b0d6690594c,False,1696550400,1,netral,0.921,netral,tanpa_emoji,netral,soraya
_vHlSlQ5QOY,user_053f9cf18f73,False,1696550400,0,negatif,0.9937,netral,tanpa_emoji,negatif,soraya
_vHlSlQ5QOY,user_b7a58408569e,True,1696550400,0,negatif,0.8396,netral,tanpa_emoji,negatif,soraya
_vHlSlQ5QOY,user_a8435f1d7d57,False,1696550400,0,positif,0.6847,netral,tanpa_emoji,positif,soraya
_vHlSlQ5QOY,user_9cb2b7dbc6c8,False,1696550400,0,negatif,0.9938,netral,netral,negatif,soraya
_vHlSlQ5QOY,user_3e846134637a,False,1696550400,0,netral,0.6404,netral,tanpa_emoji,netral,soraya
_vHlSlQ5QOY,user_04cf9173a423,False,1696550400,0,positif,0.9976,positif,tanpa_emoji,positif,soraya
_vHlSlQ5QOY,user_10c3357eb98a,True,1696550400,0,negatif,0.6478,netral,tanpa_emoji,negatif,soraya
_vHlSlQ5QOY,user_26c67c41c7d0,False,1696550400,0,netral,0.986,netral,tanpa_emoji,netral,soraya
_vHlSlQ5QOY,user_60e7ea23167d,False,1696550400,0,negatif,0.5419,netral,tanpa_emoji,negatif,soraya
_vHlSlQ5QOY,user_157887813c00,False,1728172800,0,negatif,0.8427,positif,tanpa_emoji,negatif,soraya
_vHlSlQ5QOY,user_ed858a1ec29e,False,1696550400,1,positif,0.9952,positif,tanpa_emoji,positif,soraya
_vHlSlQ5QOY,user_4d362c16fe1e,True,1696550400,0,negatif,0.9598,netral,tanpa_emoji,negatif,soraya
_vHlSlQ5QOY,user_007a3fbc30f0,False,1696550400,0,negatif,0.4963,netral,tanpa_emoji,negatif,soraya
_vHlSlQ5QOY,user_11166d6c2cdd,False,1696550400,0,negatif,0.9232,netral,tanpa_emoji,negatif,soraya
_vHlSlQ5QOY,user_997e1e63b836,False,1696550400,0,netral,0.5344,netral,tanpa_emoji,netral,soraya
_vHlSlQ5QOY,user_1fe0ea392976,True,1696550400,0,netral,0.9287,netral,tanpa_emoji,netral,soraya
_vHlSlQ5QOY,user_ff413db8c22d,False,1696550400,1,positif,0.8811,positif,positif,positif,soraya
_vHlSlQ5QOY,user_b37c0651d97b,False,1696550400,0,positif,0.9747,positif,tanpa_emoji,positif,soraya
_vHlSlQ5QOY,user_7ac0f92fb77b,False,1696550400,0,negatif,0.5043,positif,tanpa_emoji,negatif,soraya
_vHlSlQ5QOY,user_5de65d867815,False,1696550400,0,negatif,0.794,netral,netral,negatif,soraya
_vHlSlQ5QOY,user_d72fc5418994,False,1696550400,0,positif,0.6371,positif,tanpa_emoji,positif,soraya
_vHlSlQ5QOY,user_4ceaed7d711f,False,1696550400,0,positif,0.8429,netral,tanpa_emoji,positif,soraya
_vHlSlQ5QOY,user_45423ed3af4b,False,1696550400,0,positif,0.9904,negatif,tanpa_emoji,positif,soraya
_vHlSlQ5QOY,user_236b503f9269,False,1696550400,0,negatif,0.9505,netral,tanpa_emoji,negatif,soraya
_vHlSlQ5QOY,user_933f139f2b69,False,1696550400,0,netral,0.9719,netral,tanpa_emoji,netral,soraya
_vHlSlQ5QOY,user_6cee71a2af60,False,1696550400,0,negatif,0.987,netral,netral,negatif,soraya
_vHlSlQ5QOY,user_14b4e9a7dd58,False,1696550400,0,positif,0.6274,positif,tanpa_emoji,positif,soraya
_vHlSlQ5QOY,user_5b3e8f3e05d3,False,1696550400,0,negatif,0.9831,netral,netral,negatif,soraya
_vHlSlQ5QOY,user_7455774943f9,False,1696550400,0,positif,0.9862,positif,positif,positif,soraya
_vHlSlQ5QOY,user_5de65d867815,False,1696550400,1,negatif,0.9977,netral,netral,negatif,soraya
_vHlSlQ5QOY,user_07f9350eba63,True,1696550400,0,positif,0.6391,netral,tanpa_emoji,positif,soraya
_vHlSlQ5QOY,user_5de65d867815,True,1696550400,0,negatif,0.9454,positif,netral,negatif,soraya
_vHlSlQ5QOY,user_2b8f1414d9f6,False,1696550400,1,negatif,0.8273,negatif,tanpa_emoji,negatif,soraya
_vHlSlQ5QOY,user_47eac304fcd7,False,1696550400,0,negatif,0.9984,positif,tanpa_emoji,negatif,soraya
_vHlSlQ5QOY,user_8c278c3f22fb,False,1696550400,0,netral,0.5971,netral,tanpa_emoji,netral,soraya
_vHlSlQ5QOY,user_0e0095a4a388,False,1696550400,0,negatif,0.9984,netral,tanpa_emoji,negatif,soraya
_vHlSlQ5QOY,user_5dd76a4b2a49,False,1696550400,0,negatif,0.9945,positif,tanpa_emoji,negatif,soraya
_vHlSlQ5QOY,user_20546f098151,False,1696550400,0,netral,0.5928,netral,tanpa_emoji,netral,soraya
_vHlSlQ5QOY,user_ef3dae49d254,False,1696550400,0,negatif,0.9986,netral,netral,negatif,soraya
_vHlSlQ5QOY,user_111e7493664e,False,1728172800,0,positif,0.4805,netral,tanpa_emoji,positif,soraya
_vHlSlQ5QOY,user_d59e8ddc79f2,False,1696550400,0,negatif,0.5597,netral,tanpa_emoji,negatif,soraya
_vHlSlQ5QOY,user_6ab90134c2db,False,1728172800,0,positif,0.9404,positif,tanpa_emoji,positif,soraya
_vHlSlQ5QOY,user_d94f679aa73c,False,1696550400,0,negatif,0.5514,negatif,tanpa_emoji,negatif,soraya
_vHlSlQ5QOY,user_a7d02aedba01,False,1696550400,0,positif,0.9847,netral,tanpa_emoji,positif,soraya
_vHlSlQ5QOY,user_50a483b25b43,False,1696550400,2,positif,0.9921,positif,netral,positif,soraya
_vHlSlQ5QOY,user_a9e350cf5516,True,1696550400,1,negatif,0.6223,positif,tanpa_emoji,negatif,soraya
_vHlSlQ5QOY,user_50a483b25b43,True,1696550400,0,netral,0.9835,netral,tanpa_emoji,netral,soraya
_vHlSlQ5QOY,user_4d8e1646aa14,False,1696550400,0,positif,0.572,netral,tanpa_emoji,positif,soraya
_vHlSlQ5QOY,user_0fc2a5b4f398,False,1696550400,0,negatif,0.9519,netral,tanpa_emoji,negatif,soraya
_vHlSlQ5QOY,user_2f1847ec83b1,False,1767657600,0,positif,0.6885,negatif,tanpa_emoji,positif,soraya
_vHlSlQ5QOY,user_53137686afd7,False,1696550400,0,positif,0.8061,positif,tanpa_emoji,positif,soraya
_vHlSlQ5QOY,user_74cb64fb55fd,False,1696550400,0,negatif,0.8703,negatif,tanpa_emoji,negatif,soraya
_vHlSlQ5QOY,user_e187971fa437,True,1696550400,1,negatif,0.9946,netral,netral,negatif,soraya
_vHlSlQ5QOY,user_74cb64fb55fd,True,1696550400,0,negatif,0.9933,netral,netral,negatif,soraya
_vHlSlQ5QOY,user_250e6e301e26,False,1696550400,0,negatif,0.9853,positif,tanpa_emoji,negatif,soraya
_vHlSlQ5QOY,user_c90b0c1d7fd1,False,1696550400,0,negatif,0.7708,netral,tanpa_emoji,negatif,soraya
_vHlSlQ5QOY,user_e6dc82d0894c,True,1696550400,0,negatif,0.9206,positif,tanpa_emoji,negatif,soraya
_vHlSlQ5QOY,user_184ce0ff472c,False,1696550400,5,positif,0.8586,netral,tanpa_emoji,positif,soraya
_vHlSlQ5QOY,user_6c8b2c641fb5,True,1696550400,0,netral,0.9083,netral,tanpa_emoji,netral,soraya
_vHlSlQ5QOY,user_0d8c9237e5e3,False,1696550400,0,positif,0.9658,positif,tanpa_emoji,positif,soraya
_vHlSlQ5QOY,user_de745c544c98,False,1696550400,0,negatif,0.9884,positif,tanpa_emoji,negatif,soraya
_vHlSlQ5QOY,user_3891b0476632,False,1696550400,0,negatif,0.7685,netral,tanpa_emoji,negatif,soraya
_vHlSlQ5QOY,user_720af4e8194a,False,1696550400,0,positif,0.5942,positif,tanpa_emoji,positif,soraya
_vHlSlQ5QOY,user_3d70ffc4091e,True,1696550400,0,negatif,0.787,netral,tanpa_emoji,negatif,soraya
_vHlSlQ5QOY,user_e6ec3d530be4,False,1696550400,0,negatif,0.5182,netral,tanpa_emoji,negatif,soraya
_vHlSlQ5QOY,user_a47d5253145c,False,1696550400,0,negatif,0.9962,negatif,tanpa_emoji,negatif,soraya
_vHlSlQ5QOY,user_30339a1ae5aa,False,1696550400,0,negatif,0.6303,netral,netral,negatif,soraya
_vHlSlQ5QOY,user_6aa6121a5a75,False,1696550400,0,positif,0.9827,positif,tanpa_emoji,positif,soraya
_vHlSlQ5QOY,user_3d70ffc4091e,True,1696550400,0,positif,0.5661,netral,tanpa_emoji,positif,soraya
_vHlSlQ5QOY,user_d3e89bfdca54,False,1696550400,0,negatif,0.9985,netral,tanpa_emoji,negatif,soraya
_vHlSlQ5QOY,user_90d1020a9a00,False,1696550400,0,positif,0.6281,netral,tanpa_emoji,positif,soraya
_vHlSlQ5QOY,user_6bfbeca0a229,False,1696550400,0,negatif,0.9972,positif,tanpa_emoji,negatif,soraya
_vHlSlQ5QOY,user_8ee8b69e57b3,False,1696550400,1,negatif,0.4738,netral,tanpa_emoji,negatif,soraya
_vHlSlQ5QOY,user_5de65d867815,True,1696550400,0,netral,0.9321,negatif,tanpa_emoji,netral,soraya
_vHlSlQ5QOY,user_ff3df040c800,False,1696550400,0,negatif,0.991,netral,tanpa_emoji,negatif,soraya
_vHlSlQ5QOY,user_28575b57f51c,False,1696550400,0,netral,0.5942,negatif,tanpa_emoji,netral,soraya
_vHlSlQ5QOY,user_20993bb2f33f,False,1696550400,0,positif,0.9951,netral,tanpa_emoji,positif,soraya
_vHlSlQ5QOY,user_8c30e4503677,False,1696550400,1,negatif,0.9964,positif,tanpa_emoji,negatif,soraya
_vHlSlQ5QOY,user_a91c263383ff,False,1696550400,0,negatif,0.9952,netral,tanpa_emoji,negatif,soraya
_vHlSlQ5QOY,user_aedf5dce8da1,False,1696550400,0,netral,0.8596,netral,tanpa_emoji,netral,soraya
_vHlSlQ5QOY,user_ab89ae09e1d9,False,1728172800,0,negatif,0.9717,netral,tanpa_emoji,negatif,soraya
_vHlSlQ5QOY,user_ab89ae09e1d9,False,1728172800,0,negatif,0.9717,netral,tanpa_emoji,negatif,soraya
_vHlSlQ5QOY,user_3680160ce031,False,1696550400,1,negatif,0.9989,netral,tanpa_emoji,negatif,soraya
_vHlSlQ5QOY,user_2a126b0ec176,False,1696550400,0,negatif,0.9103,netral,tanpa_emoji,negatif,soraya
_vHlSlQ5QOY,user_55619a866652,False,1696550400,0,negatif,0.8863,netral,tanpa_emoji,negatif,soraya
_vHlSlQ5QOY,user_2496770fb8c0,False,1696550400,0,negatif,0.9984,netral,tanpa_emoji,negatif,soraya
_vHlSlQ5QOY,user_fddb0783b387,False,1696550400,0,negatif,0.6786,netral,tanpa_emoji,negatif,soraya
_vHlSlQ5QOY,user_17218408af50,False,1696550400,0,negatif,0.9913,netral,netral,negatif,soraya
_vHlSlQ5QOY,user_93ede1562b9e,False,1775433600,0,negatif,0.9032,netral,tanpa_emoji,negatif,soraya
_vHlSlQ5QOY,user_d35f0ac55a37,False,1696550400,0,positif,0.9984,netral,netral,netral,soraya
_vHlSlQ5QOY,user_26147ddc6e56,False,1696550400,0,negatif,0.8085,netral,tanpa_emoji,negatif,soraya
_vHlSlQ5QOY,user_58d2bb85d64a,False,1696550400,0,negatif,0.7822,netral,tanpa_emoji,negatif,soraya
_vHlSlQ5QOY,user_c9dcf0820c91,False,1696550400,0,negatif,0.8278,negatif,tanpa_emoji,negatif,soraya
_vHlSlQ5QOY,user_9f9d9b381b3b,False,1696550400,0,negatif,0.9953,netral,netral,negatif,soraya
_vHlSlQ5QOY,user_84a06912e88e,False,1696550400,0,negatif,0.9991,netral,netral,negatif,soraya
_vHlSlQ5QOY,user_e2ba43ca511a,False,1696550400,0,negatif,0.9406,netral,tanpa_emoji,negatif,soraya
_vHlSlQ5QOY,user_338725b856c5,False,1696550400,1,positif,0.923,positif,tanpa_emoji,positif,soraya
_vHlSlQ5QOY,user_4009892cb2ac,False,1696550400,0,netral,0.4257,netral,tanpa_emoji,netral,soraya
_vHlSlQ5QOY,user_458a33376e55,False,1696550400,0,negatif,0.995,negatif,tanpa_emoji,negatif,soraya
_vHlSlQ5QOY,user_b837cf21e587,False,1696550400,0,positif,0.7997,positif,positif,positif,soraya
_vHlSlQ5QOY,user_4b47455fb147,False,1696550400,0,negatif,0.9197,netral,tanpa_emoji,negatif,soraya
_vHlSlQ5QOY,user_8926ff776762,False,1728172800,0,negatif,0.9989,netral,netral,negatif,soraya
_vHlSlQ5QOY,user_52d689e243cc,False,1696550400,0,negatif,0.87,netral,tanpa_emoji,negatif,soraya
_vHlSlQ5QOY,user_e6eabaebdbf3,False,1696550400,0,negatif,0.9566,negatif,tanpa_emoji,negatif,soraya
_vHlSlQ5QOY,user_46d3e0f3b8a2,False,1696550400,0,negatif,0.9953,negatif,tanpa_emoji,negatif,soraya
_vHlSlQ5QOY,user_30cabd007bf8,False,1696550400,0,negatif,0.9951,negatif,tanpa_emoji,negatif,soraya
_vHlSlQ5QOY,user_6d31dd73e912,False,1696550400,0,positif,0.7843,negatif,tanpa_emoji,positif,soraya
_vHlSlQ5QOY,user_aa0c53888fb7,False,1696550400,0,negatif,0.9636,netral,tanpa_emoji,negatif,soraya
_vHlSlQ5QOY,user_a8610d4bacfd,False,1696550400,0,negatif,0.9988,negatif,negatif,negatif,soraya
_vHlSlQ5QOY,user_2fe0fd447fb4,False,1696550400,0,negatif,0.9818,positif,tanpa_emoji,negatif,soraya
_vHlSlQ5QOY,user_9fee0fed1907,False,1696550400,0,negatif,0.9942,positif,tanpa_emoji,negatif,soraya
_vHlSlQ5QOY,user_7182ed25f44d,False,1696550400,0,negatif,0.9988,netral,tanpa_emoji,negatif,soraya
arzxhCdn4PM,user_62200ab286e5,False,1696550400,90,positif,0.9977,netral,positif,positif,soraya
arzxhCdn4PM,user_ddf3f85abbca,False,1696550400,13,positif,0.9908,positif,netral,positif,soraya
arzxhCdn4PM,user_546133a19ccc,False,1696550400,67,positif,0.9862,positif,positif,positif,soraya
arzxhCdn4PM,user_772593a92c12,False,1696550400,356,positif,0.997,positif,tanpa_emoji,positif,soraya
arzxhCdn4PM,user_65209d50a3e7,True,1696550400,4,positif,0.9965,negatif,tanpa_emoji,positif,soraya
arzxhCdn4PM,user_982b04c9775b,True,1696550400,0,netral,0.4958,netral,tanpa_emoji,netral,soraya
arzxhCdn4PM,user_07f9350eba63,True,1696550400,1,negatif,0.9672,negatif,tanpa_emoji,negatif,soraya
arzxhCdn4PM,user_1a26e5ebf2b8,True,1728172800,0,negatif,0.8224,positif,tanpa_emoji,negatif,soraya
arzxhCdn4PM,user_07f9350eba63,True,1728172800,0,netral,0.944,netral,tanpa_emoji,netral,soraya
arzxhCdn4PM,user_e0cd891c6de4,True,1696550400,0,positif,0.9956,netral,tanpa_emoji,positif,soraya
arzxhCdn4PM,user_2269c106915e,True,1696550400,0,negatif,0.9574,netral,tanpa_emoji,negatif,soraya
arzxhCdn4PM,user_07f9350eba63,True,1696550400,0,negatif,0.7362,netral,tanpa_emoji,negatif,soraya
arzxhCdn4PM,user_74c304f400e8,False,1696550400,14,netral,0.5625,positif,positif,positif,soraya
arzxhCdn4PM,user_ff413db8c22d,False,1696550400,13,netral,0.6229,positif,positif,netral,soraya
arzxhCdn4PM,user_27fcd936e003,False,1696550400,486,positif,0.9965,positif,tanpa_emoji,positif,soraya
arzxhCdn4PM,user_7f08a10e8df8,True,1696550400,17,negatif,0.9861,netral,tanpa_emoji,negatif,soraya
arzxhCdn4PM,user_2efb5c7d4ffd,True,1696550400,1,netral,0.7253,negatif,tanpa_emoji,netral,soraya
arzxhCdn4PM,user_2549ce332cd2,True,1696550400,14,negatif,0.984,netral,netral,negatif,soraya
arzxhCdn4PM,user_b1d486fb3360,True,1696550400,3,negatif,0.9465,netral,tanpa_emoji,negatif,soraya
arzxhCdn4PM,user_d6db7305473c,True,1696550400,22,negatif,0.9024,netral,tanpa_emoji,negatif,soraya
arzxhCdn4PM,user_fe5a03c4035a,True,1696550400,4,negatif,0.9589,netral,tanpa_emoji,negatif,soraya
arzxhCdn4PM,user_b72d665ec92d,True,1696550400,0,netral,0.8038,positif,tanpa_emoji,netral,soraya
arzxhCdn4PM,user_26491ff1de01,True,1696550400,1,negatif,0.9561,netral,tanpa_emoji,negatif,soraya
arzxhCdn4PM,user_2dd46bc46775,True,1696550400,1,netral,0.8967,netral,tanpa_emoji,netral,soraya
arzxhCdn4PM,user_26491ff1de01,True,1696550400,0,negatif,0.9523,negatif,tanpa_emoji,negatif,soraya
arzxhCdn4PM,user_1a26e5ebf2b8,True,1728172800,0,netral,0.6033,netral,tanpa_emoji,netral,soraya
arzxhCdn4PM,user_39fd2797728d,True,1696550400,0,negatif,0.6193,netral,tanpa_emoji,negatif,soraya
arzxhCdn4PM,user_60f34ffd393f,True,1696550400,0,positif,0.6194,positif,tanpa_emoji,positif,soraya
arzxhCdn4PM,user_982b04c9775b,True,1696550400,2,positif,0.739,netral,tanpa_emoji,positif,soraya
arzxhCdn4PM,user_c954047f2c05,True,1696550400,0,negatif,0.9465,netral,netral,negatif,soraya
arzxhCdn4PM,user_a0b37caf06c8,True,1696550400,1,negatif,0.8272,positif,tanpa_emoji,negatif,soraya
arzxhCdn4PM,user_734f9d3bf91e,True,1696550400,0,netral,0.9283,netral,tanpa_emoji,netral,soraya
arzxhCdn4PM,user_6d47a4321768,True,1696550400,1,negatif,0.6308,netral,tanpa_emoji,negatif,soraya
arzxhCdn4PM,user_4ff78499c625,True,1696550400,1,positif,0.7941,positif,tanpa_emoji,positif,soraya
arzxhCdn4PM,user_081ea0d91adf,True,1696550400,0,netral,0.5166,netral,tanpa_emoji,netral,soraya
arzxhCdn4PM,user_f22312e11e0d,True,1696550400,0,negatif,0.998,positif,tanpa_emoji,negatif,soraya
arzxhCdn4PM,user_c6ec12412b0e,True,1696550400,0,negatif,0.517,netral,tanpa_emoji,negatif,soraya
arzxhCdn4PM,user_d22056134d84,True,1696550400,0,negatif,0.958,netral,tanpa_emoji,negatif,soraya
arzxhCdn4PM,user_b3d624026441,False,1696550400,12,positif,0.998,positif,positif,positif,soraya
arzxhCdn4PM,user_e2be1dac1b9f,False,1696550400,52,positif,0.8726,positif,positif,positif,soraya
arzxhCdn4PM,user_7f765a6aeff4,False,1696550400,9,positif,0.9753,netral,tanpa_emoji,positif,soraya
arzxhCdn4PM,user_0c500d5cef19,False,1696550400,13,negatif,0.5038,positif,tanpa_emoji,negatif,soraya
arzxhCdn4PM,user_516b7a3580c6,False,1696550400,5,netral,0.8882,positif,positif,netral,soraya
arzxhCdn4PM,user_418391a1e39d,False,1696550400,111,positif,0.9948,positif,positif,positif,soraya
arzxhCdn4PM,user_3219c9e555ce,True,1696550400,2,negatif,0.7603,netral,tanpa_emoji,negatif,soraya
arzxhCdn4PM,user_ff3ae093b132,False,1696550400,62,positif,0.9966,positif,positif,positif,soraya
arzxhCdn4PM,user_a011f57443a1,True,1696550400,0,negatif,0.7846,positif,positif,positif,soraya
arzxhCdn4PM,user_78d361a3594e,False,1696550400,11,negatif,0.9979,negatif,tanpa_emoji,negatif,soraya
arzxhCdn4PM,user_53ed6603438f,False,1696550400,10,negatif,0.923,positif,positif,negatif,soraya
arzxhCdn4PM,user_956afd9281a5,False,1696550400,5,netral,0.9036,positif,positif,netral,soraya
arzxhCdn4PM,user_ed9bd0f5cb79,False,1696550400,8,positif,0.9483,netral,tanpa_emoji,positif,soraya
arzxhCdn4PM,user_b634a58291a7,False,1696550400,15,positif,0.9987,positif,positif,positif,soraya
arzxhCdn4PM,user_d76af621a9ce,False,1696550400,55,positif,0.985,positif,positif,positif,soraya
arzxhCdn4PM,user_d2efab8c7352,False,1696550400,7,positif,0.9693,positif,positif,positif,soraya
arzxhCdn4PM,user_316a77e43c4d,False,1696550400,67,positif,0.9876,positif,tanpa_emoji,positif,soraya
arzxhCdn4PM,user_114e036e3445,True,1696550400,1,negatif,0.9328,netral,tanpa_emoji,negatif,soraya
arzxhCdn4PM,user_423d4696e08a,True,1696550400,0,positif,0.7169,netral,tanpa_emoji,positif,soraya
arzxhCdn4PM,user_982b04c9775b,True,1696550400,1,negatif,0.8572,negatif,tanpa_emoji,negatif,soraya
arzxhCdn4PM,user_9942c41816d3,True,1696550400,0,negatif,0.8373,netral,tanpa_emoji,negatif,soraya
arzxhCdn4PM,user_5a3e7ee46d99,True,1696550400,0,negatif,0.8615,netral,tanpa_emoji,negatif,soraya
arzxhCdn4PM,user_35b0aa7ae57e,True,1696550400,0,negatif,0.8953,netral,tanpa_emoji,negatif,soraya
arzxhCdn4PM,user_0a779311ef70,False,1696550400,11,positif,0.9844,positif,tanpa_emoji,positif,soraya
arzxhCdn4PM,user_fed4728031bd,False,1696550400,10,negatif,0.9423,positif,netral,negatif,soraya
arzxhCdn4PM,user_721b339a3165,False,1696550400,17,positif,0.6802,positif,positif,positif,soraya
arzxhCdn4PM,user_2fb6ab2f5246,True,1696550400,2,negatif,0.5375,positif,tanpa_emoji,negatif,soraya
arzxhCdn4PM,user_364b854af186,False,1696550400,8,positif,0.9936,positif,positif,positif,soraya
arzxhCdn4PM,user_b7a58408569e,False,1696550400,5,positif,0.9859,positif,tanpa_emoji,positif,soraya
arzxhCdn4PM,user_2acd066aba9d,False,1696550400,34,netral,0.7165,positif,positif,netral,soraya
arzxhCdn4PM,user_6ea2ea1545cc,True,1696550400,3,netral,0.6716,netral,tanpa_emoji,netral,soraya
arzxhCdn4PM,user_2acd066aba9d,True,1696550400,0,netral,0.9901,netral,tanpa_emoji,netral,soraya
arzxhCdn4PM,user_7f19e9da49ea,True,1696550400,3,netral,0.9891,netral,tanpa_emoji,netral,soraya
arzxhCdn4PM,user_2acd066aba9d,True,1696550400,0,negatif,0.845,netral,tanpa_emoji,negatif,soraya
arzxhCdn4PM,user_0da4613e837b,False,1696550400,5,positif,0.8934,positif,positif,positif,soraya
arzxhCdn4PM,user_bb4b585e8cd6,False,1696550400,12,positif,0.9221,positif,positif,positif,soraya
arzxhCdn4PM,user_eeae6d25d091,False,1696550400,5,positif,0.9514,positif,tanpa_emoji,positif,soraya
arzxhCdn4PM,user_b3849ed13b08,False,1696550400,3,positif,0.8159,netral,tanpa_emoji,positif,soraya
arzxhCdn4PM,user_e2320d824d47,False,1696550400,5,positif,0.8107,positif,positif,positif,soraya
arzxhCdn4PM,user_b9f35c752c1d,False,1696550400,12,positif,0.962,positif,positif,positif,soraya
arzxhCdn4PM,user_54185b5ef59b,False,1696550400,3,positif,0.7688,positif,positif,positif,soraya
arzxhCdn4PM,user_7edce86410b5,False,1696550400,6,positif,0.9926,positif,positif,positif,soraya
arzxhCdn4PM,user_3b6c1a977571,False,1696550400,5,positif,0.783,positif,positif,positif,soraya
arzxhCdn4PM,user_818f25d6dbc4,False,1696550400,4,negatif,0.9092,negatif,netral,negatif,soraya
arzxhCdn4PM,user_74a4619671b6,False,1696550400,7,negatif,0.9947,positif,positif,negatif,soraya
arzxhCdn4PM,user_ec963a0e2d4b,False,1696550400,6,negatif,0.9981,netral,positif,negatif,soraya
arzxhCdn4PM,user_488da14ad3f7,False,1696550400,3,positif,0.9856,positif,positif,positif,soraya
arzxhCdn4PM,user_826efa49c95b,False,1696550400,4,netral,0.4076,positif,positif,positif,soraya
arzxhCdn4PM,user_a023e6480b1a,False,1696550400,81,positif,0.9924,positif,tanpa_emoji,positif,soraya
arzxhCdn4PM,user_4507a978c6a6,True,1696550400,3,negatif,0.9751,netral,tanpa_emoji,negatif,soraya
arzxhCdn4PM,user_9ab8fe4628c3,True,1696550400,1,positif,0.9147,positif,tanpa_emoji,positif,soraya
arzxhCdn4PM,user_982b04c9775b,True,1696550400,1,negatif,0.8998,netral,tanpa_emoji,negatif,soraya
arzxhCdn4PM,user_9ab8fe4628c3,True,1696550400,0,netral,0.9604,netral,tanpa_emoji,netral,soraya
arzxhCdn4PM,user_b907b6db8f0e,False,1728172800,2,positif,0.9774,positif,positif,positif,soraya
arzxhCdn4PM,user_dd220c6b2d68,False,1696550400,4,positif,0.9961,positif,positif,positif,soraya
arzxhCdn4PM,user_f7607e262863,False,1696550400,4,positif,0.9977,netral,tanpa_emoji,positif,soraya
arzxhCdn4PM,user_2597cfa072f5,False,1696550400,3,positif,0.988,negatif,tanpa_emoji,positif,soraya
arzxhCdn4PM,user_f077dffad04a,False,1696550400,5,positif,0.9271,positif,positif,positif,soraya
arzxhCdn4PM,user_bfd0a04c0feb,False,1696550400,3,positif,0.9974,positif,positif,positif,soraya
arzxhCdn4PM,user_d176a45df16b,False,1696550400,3,positif,0.9052,positif,tanpa_emoji,positif,soraya
arzxhCdn4PM,user_dbae364d24c9,False,1696550400,3,positif,0.5528,netral,tanpa_emoji,positif,soraya
arzxhCdn4PM,user_1a3bee45811b,False,1696550400,11,positif,0.9962,netral,tanpa_emoji,positif,soraya
arzxhCdn4PM,user_ce99cd653c84,False,1696550400,4,netral,0.9496,positif,tanpa_emoji,netral,soraya
arzxhCdn4PM,user_d6fdc7aaf2a0,False,1696550400,3,positif,0.9862,positif,positif,positif,soraya
arzxhCdn4PM,user_ab867a21d7b2,False,1696550400,13,positif,0.7876,netral,netral,positif,soraya
arzxhCdn4PM,user_d3480d47bf05,False,1696550400,2,positif,0.931,netral,tanpa_emoji,positif,soraya
arzxhCdn4PM,user_d6392ad4e7f1,False,1696550400,2,positif,0.8159,positif,positif,positif,soraya
arzxhCdn4PM,user_00dbaf2557a0,False,1696550400,3,positif,0.996,positif,tanpa_emoji,positif,soraya
arzxhCdn4PM,user_a5f8f5a1ce0f,False,1696550400,2,negatif,0.9994,negatif,tanpa_emoji,negatif,soraya
arzxhCdn4PM,user_9c0ee5184037,False,1696550400,2,positif,0.903,positif,positif,positif,soraya
arzxhCdn4PM,user_2d641f758c54,False,1696550400,2,positif,0.9228,positif,positif,positif,soraya
arzxhCdn4PM,user_057b6af5330e,False,1696550400,40,positif,0.9756,positif,netral,positif,soraya
arzxhCdn4PM,user_62200ab286e5,True,1696550400,7,positif,0.9755,positif,tanpa_emoji,positif,soraya
arzxhCdn4PM,user_a1697e385f83,True,1696550400,0,netral,0.8991,negatif,tanpa_emoji,netral,soraya
arzxhCdn4PM,user_a1697e385f83,True,1696550400,5,netral,0.4248,netral,tanpa_emoji,netral,soraya
arzxhCdn4PM,user_5809fbf2ddfe,False,1696550400,2,negatif,0.7544,positif,tanpa_emoji,negatif,soraya
arzxhCdn4PM,user_d42b6dd32c29,False,1696550400,2,negatif,0.9989,netral,tanpa_emoji,negatif,soraya
arzxhCdn4PM,user_b283ec92b193,False,1696550400,2,positif,0.9867,positif,tanpa_emoji,positif,soraya
arzxhCdn4PM,user_33a9cf08772b,False,1696550400,6,positif,0.7347,positif,netral,positif,soraya
arzxhCdn4PM,user_6ea2ea1545cc,True,1696550400,0,netral,0.8477,netral,tanpa_emoji,netral,soraya
arzxhCdn4PM,user_956afd9281a5,False,1696550400,2,positif,0.9475,positif,positif,positif,soraya
arzxhCdn4PM,user_feb499520b43,False,1696550400,12,positif,0.9797,positif,positif,positif,soraya
arzxhCdn4PM,user_201a9a5f89a9,True,1696550400,0,positif,0.6022,netral,tanpa_emoji,positif,soraya
arzxhCdn4PM,user_d33b170564e3,False,1696550400,2,positif,0.4453,netral,tanpa_emoji,positif,soraya
arzxhCdn4PM,user_68aaa63b7882,False,1696550400,12,positif,0.9943,positif,positif,positif,soraya
arzxhCdn4PM,user_5a1bf75719f5,False,1696550400,2,positif,0.989,positif,positif,positif,soraya
arzxhCdn4PM,user_7a840ee0f60a,False,1696550400,8,netral,0.5446,positif,positif,positif,soraya
arzxhCdn4PM,user_eaafda274347,False,1696550400,2,positif,0.984,positif,tanpa_emoji,positif,soraya
arzxhCdn4PM,user_e187971fa437,False,1696550400,11,positif,0.8853,positif,positif,positif,soraya
arzxhCdn4PM,user_423d4696e08a,True,1696550400,0,negatif,0.7468,positif,tanpa_emoji,negatif,soraya
arzxhCdn4PM,user_5ef4ba421224,False,1696550400,2,positif,0.9946,positif,positif,positif,soraya
arzxhCdn4PM,user_815e7b7a60a7,False,1696550400,5,positif,0.9957,positif,tanpa_emoji,positif,soraya
arzxhCdn4PM,user_44c23919dcb1,True,1696550400,0,negatif,0.8388,netral,tanpa_emoji,negatif,soraya
arzxhCdn4PM,user_5c0e5a1f1373,False,1696550400,2,positif,0.9792,positif,tanpa_emoji,positif,soraya
arzxhCdn4PM,user_816f1628e7ad,False,1696550400,6,positif,0.8826,netral,tanpa_emoji,positif,soraya
arzxhCdn4PM,user_fd6c384099f4,True,1696550400,1,netral,0.9846,netral,tanpa_emoji,netral,soraya
arzxhCdn4PM,user_117fad7559f4,False,1696550400,2,negatif,0.5345,positif,tanpa_emoji,negatif,soraya
arzxhCdn4PM,user_56cfd83e4781,False,1696550400,1,positif,0.4469,positif,positif,positif,soraya
arzxhCdn4PM,user_e08896449560,False,1696550400,5,netral,0.8446,positif,positif,netral,soraya
arzxhCdn4PM,user_2aeab5f552a9,True,1696550400,0,positif,0.6477,positif,tanpa_emoji,positif,soraya
arzxhCdn4PM,user_ac1aca1b3ab0,False,1696550400,1,positif,0.9886,netral,tanpa_emoji,positif,soraya
arzxhCdn4PM,user_d6392ad4e7f1,False,1696550400,3,positif,0.8311,positif,tanpa_emoji,positif,soraya
arzxhCdn4PM,user_58c92e163751,False,1696550400,1,positif,0.6709,netral,tanpa_emoji,positif,soraya
arzxhCdn4PM,user_f3d3cbc5fcd7,False,1696550400,4,positif,0.8504,positif,positif,positif,soraya
arzxhCdn4PM,user_985ac4c3edd5,False,1696550400,1,negatif,0.9629,netral,tanpa_emoji,negatif,soraya
arzxhCdn4PM,user_58e9c6251d31,False,1696550400,24,negatif,0.9968,negatif,netral,negatif,soraya
arzxhCdn4PM,user_7a840ee0f60a,True,1696550400,0,netral,0.6359,netral,netral,netral,soraya
arzxhCdn4PM,user_eaea85875302,True,1696550400,0,positif,0.893,netral,tanpa_emoji,positif,soraya
arzxhCdn4PM,user_423d4696e08a,True,1696550400,0,negatif,0.9978,netral,tanpa_emoji,negatif,soraya
arzxhCdn4PM,user_e08eca576df7,False,1696550400,1,negatif,0.7603,positif,positif,negatif,soraya
arzxhCdn4PM,user_0037d86bfe98,False,1696550400,3,positif,0.9922,positif,netral,positif,soraya
arzxhCdn4PM,user_8d28152f0b28,True,1696550400,1,negatif,0.7632,netral,tanpa_emoji,negatif,soraya
arzxhCdn4PM,user_d74e5b03153a,False,1696550400,2,positif,0.8985,positif,positif,positif,soraya
arzxhCdn4PM,user_0042b3c36044,False,1696550400,4,positif,0.9082,positif,tanpa_emoji,positif,soraya
arzxhCdn4PM,user_1461f54e7207,True,1696550400,0,negatif,0.7371,netral,tanpa_emoji,negatif,soraya
arzxhCdn4PM,user_905fac6b869f,False,1696550400,1,positif,0.9674,positif,positif,positif,soraya
arzxhCdn4PM,user_d2b0d2c2094d,False,1696550400,2,positif,0.9945,netral,tanpa_emoji,positif,soraya
arzxhCdn4PM,user_2c8c3eee22f8,True,1696550400,0,negatif,0.5094,positif,tanpa_emoji,negatif,soraya
arzxhCdn4PM,user_bb4bf5d3f95d,True,1696550400,0,netral,0.984,netral,tanpa_emoji,netral,soraya
arzxhCdn4PM,user_c5f6f991e5f8,False,1696550400,2,positif,0.7475,positif,positif,positif,soraya
arzxhCdn4PM,user_de083e314d34,False,1696550400,3,positif,0.8924,positif,positif,positif,soraya
arzxhCdn4PM,user_a13ae3c3bafc,True,1696550400,0,negatif,0.5846,netral,tanpa_emoji,negatif,soraya
arzxhCdn4PM,user_003a9646ea12,False,1696550400,1,netral,0.5824,netral,tanpa_emoji,netral,soraya
arzxhCdn4PM,user_b5656f1e9a8f,False,1696550400,20,netral,0.5635,positif,positif,positif,soraya
arzxhCdn4PM,user_8349c50f5bc2,True,1696550400,0,negatif,0.8576,netral,tanpa_emoji,negatif,soraya
arzxhCdn4PM,user_eced63975573,True,1696550400,0,negatif,0.8885,netral,netral,negatif,soraya
arzxhCdn4PM,user_3a66249258ce,True,1696550400,0,negatif,0.8778,netral,tanpa_emoji,negatif,soraya
arzxhCdn4PM,user_8ef6c57454f8,False,1696550400,1,positif,0.9927,positif,tanpa_emoji,positif,soraya
arzxhCdn4PM,user_6a218a44110b,False,1696550400,3,positif,0.9874,positif,tanpa_emoji,positif,soraya
arzxhCdn4PM,user_529655c66449,True,1696550400,0,netral,0.878,netral,tanpa_emoji,netral,soraya
arzxhCdn4PM,user_97a8a2237b50,True,1696550400,0,negatif,0.7608,netral,tanpa_emoji,negatif,soraya
arzxhCdn4PM,user_6a218a44110b,True,1696550400,0,netral,0.9878,netral,tanpa_emoji,netral,soraya
arzxhCdn4PM,user_76515f64380b,False,1696550400,1,positif,0.9732,positif,tanpa_emoji,positif,soraya
arzxhCdn4PM,user_b4dba936a425,False,1696550400,6,netral,0.6252,positif,positif,netral,soraya
arzxhCdn4PM,user_d04ab55c757e,True,1696550400,2,negatif,0.7016,netral,tanpa_emoji,negatif,soraya
arzxhCdn4PM,user_270e49637294,False,1696550400,1,positif,0.9967,positif,tanpa_emoji,positif,soraya
arzxhCdn4PM,user_2b9bfd284fce,False,1696550400,6,positif,0.9977,positif,tanpa_emoji,positif,soraya
arzxhCdn4PM,user_d95b145ff239,True,1696550400,1,negatif,0.9985,positif,tanpa_emoji,negatif,soraya
arzxhCdn4PM,user_bb4e28ae82df,True,1696550400,0,negatif,0.8269,netral,tanpa_emoji,negatif,soraya
arzxhCdn4PM,user_423d4696e08a,True,1696550400,0,negatif,0.9918,positif,tanpa_emoji,negatif,soraya
arzxhCdn4PM,user_2b9bfd284fce,True,1696550400,1,netral,0.9094,positif,tanpa_emoji,netral,soraya
arzxhCdn4PM,user_fd646331ed73,True,1696550400,0,negatif,0.9958,netral,tanpa_emoji,negatif,soraya
arzxhCdn4PM,user_fd646331ed73,True,1696550400,0,negatif,0.9961,positif,positif,negatif,soraya
arzxhCdn4PM,user_c66762875bca,False,1696550400,1,positif,0.9974,netral,tanpa_emoji,positif,soraya
arzxhCdn4PM,user_b525f6724ce5,False,1696550400,3,positif,0.9479,positif,netral,positif,soraya
arzxhCdn4PM,user_eaafda274347,True,1696550400,0,negatif,0.9391,netral,tanpa_emoji,negatif,soraya
arzxhCdn4PM,user_fd646331ed73,True,1696550400,0,netral,0.8984,netral,tanpa_emoji,netral,soraya
arzxhCdn4PM,user_eaafda274347,True,1696550400,0,netral,0.506,netral,tanpa_emoji,netral,soraya
arzxhCdn4PM,user_eaafda274347,True,1696550400,0,netral,0.8494,netral,tanpa_emoji,netral,soraya
arzxhCdn4PM,user_fd646331ed73,True,1696550400,0,netral,0.5495,negatif,tanpa_emoji,netral,soraya
arzxhCdn4PM,user_b525f6724ce5,True,1696550400,0,netral,0.7716,netral,tanpa_emoji,netral,soraya
arzxhCdn4PM,user_06d9136131ff,False,1696550400,1,positif,0.8539,positif,tanpa_emoji,positif,soraya
arzxhCdn4PM,user_bd4e3847cd24,False,1696550400,6,positif,0.9775,positif,positif,positif,soraya
arzxhCdn4PM,user_8d28152f0b28,True,1696550400,0,negatif,0.9772,netral,netral,negatif,soraya
arzxhCdn4PM,user_5ce36767c99a,True,1696550400,0,positif,0.9885,positif,tanpa_emoji,positif,soraya
arzxhCdn4PM,user_0e6a948dc21c,False,1696550400,1,positif,0.7865,positif,tanpa_emoji,positif,soraya
arzxhCdn4PM,user_208d89ba0895,False,1696550400,3,positif,0.8138,netral,positif,positif,soraya
arzxhCdn4PM,user_2255a283f14d,False,1696550400,1,negatif,0.5735,positif,positif,positif,soraya
arzxhCdn4PM,user_219ad5fde274,False,1696550400,3,negatif,0.9673,negatif,tanpa_emoji,negatif,soraya
arzxhCdn4PM,user_fd646331ed73,True,1696550400,0,negatif,0.9981,netral,tanpa_emoji,negatif,soraya
arzxhCdn4PM,user_c2ddeea3bf13,True,1696550400,0,negatif,0.9982,negatif,tanpa_emoji,negatif,soraya
arzxhCdn4PM,user_fd646331ed73,True,1696550400,0,negatif,0.8897,netral,tanpa_emoji,negatif,soraya
arzxhCdn4PM,user_c2ddeea3bf13,True,1696550400,0,negatif,0.9262,negatif,tanpa_emoji,negatif,soraya
arzxhCdn4PM,user_fd646331ed73,True,1696550400,0,negatif,0.5742,negatif,tanpa_emoji,negatif,soraya
arzxhCdn4PM,user_fd646331ed73,True,1696550400,0,negatif,0.5713,netral,tanpa_emoji,negatif,soraya
arzxhCdn4PM,user_4e03f52feaa2,False,1696550400,1,negatif,0.9911,netral,netral,negatif,soraya
arzxhCdn4PM,user_fb8bc3408046,False,1696550400,1,positif,0.6953,positif,positif,positif,soraya
arzxhCdn4PM,user_4102c99e13f2,False,1696550400,1,netral,0.8903,netral,tanpa_emoji,netral,soraya
arzxhCdn4PM,user_23bbc2cdb1f5,False,1696550400,1,positif,0.775,netral,tanpa_emoji,positif,soraya
arzxhCdn4PM,user_be59a566eadb,False,1696550400,1,negatif,0.7126,netral,tanpa_emoji,negatif,soraya
arzxhCdn4PM,user_e01e1d6defe7,False,1696550400,1,netral,0.7501,netral,tanpa_emoji,netral,soraya
arzxhCdn4PM,user_2318ae914e8a,False,1696550400,1,positif,0.8108,positif,positif,positif,soraya
arzxhCdn4PM,user_2e63461a8874,False,1696550400,1,positif,0.7464,netral,tanpa_emoji,positif,soraya
arzxhCdn4PM,user_075c71f552ef,False,1696550400,1,negatif,0.5012,netral,tanpa_emoji,negatif,soraya
arzxhCdn4PM,user_61088ec28c41,False,1696550400,1,negatif,0.9173,netral,netral,negatif,soraya
arzxhCdn4PM,user_f2c834367ee6,False,1696550400,1,negatif,0.9273,positif,positif,positif,soraya
arzxhCdn4PM,user_5b678f917160,False,1696550400,1,positif,0.998,netral,positif,positif,soraya
arzxhCdn4PM,user_b93f93e4fb2d,False,1696550400,1,positif,0.9761,positif,positif,positif,soraya
arzxhCdn4PM,user_5954a130ff18,False,1696550400,1,negatif,0.9261,netral,netral,negatif,soraya
arzxhCdn4PM,user_35b6b1debf39,False,1696550400,1,positif,0.9924,netral,tanpa_emoji,positif,soraya
arzxhCdn4PM,user_f9e8c873493d,False,1696550400,1,positif,0.9973,positif,tanpa_emoji,positif,soraya
arzxhCdn4PM,user_61364ff9f743,False,1696550400,1,positif,0.9562,negatif,netral,positif,soraya
arzxhCdn4PM,user_e0e6e5c30876,False,1696550400,1,negatif,0.6664,netral,tanpa_emoji,negatif,soraya
arzxhCdn4PM,user_e7fdbd2cea3a,False,1696550400,1,negatif,0.8558,negatif,tanpa_emoji,negatif,soraya
arzxhCdn4PM,user_228ffbc79b75,False,1696550400,1,positif,0.9733,netral,tanpa_emoji,positif,soraya
arzxhCdn4PM,user_27d5590c260b,False,1696550400,1,positif,0.9855,positif,netral,positif,soraya
arzxhCdn4PM,user_e070725653c0,False,1696550400,1,positif,0.9941,positif,tanpa_emoji,positif,soraya
arzxhCdn4PM,user_74c0405f6260,False,1696550400,1,positif,0.9926,positif,tanpa_emoji,positif,soraya
arzxhCdn4PM,user_fad8f81f3ac5,False,1696550400,1,positif,0.9978,positif,positif,positif,soraya
arzxhCdn4PM,user_99945887be59,False,1696550400,1,negatif,0.9991,negatif,tanpa_emoji,negatif,soraya
arzxhCdn4PM,user_88601f9700f4,False,1696550400,1,positif,0.9899,positif,tanpa_emoji,positif,soraya
arzxhCdn4PM,user_73a7884c28c3,False,1696550400,0,netral,0.5447,positif,positif,positif,soraya
arzxhCdn4PM,user_1f59756521b3,False,1696550400,1,positif,0.9886,positif,tanpa_emoji,positif,soraya
arzxhCdn4PM,user_3a95f5e57beb,False,1759708800,1,netral,0.4621,netral,netral,netral,soraya
arzxhCdn4PM,user_0544721b9f34,False,1696550400,2,negatif,0.6777,netral,tanpa_emoji,negatif,soraya
arzxhCdn4PM,user_a38df6713a08,False,1759708800,1,positif,0.7447,netral,tanpa_emoji,positif,soraya
arzxhCdn4PM,user_4a2a4cd9a6c8,False,1696550400,1,positif,0.9822,positif,tanpa_emoji,positif,soraya
arzxhCdn4PM,user_291e2dbf0457,False,1696550400,0,positif,0.9712,netral,tanpa_emoji,positif,soraya
arzxhCdn4PM,user_f21d4ef4a88b,False,1696550400,1,negatif,0.996,negatif,netral,negatif,soraya
arzxhCdn4PM,user_f5e8dd196c37,False,1696550400,0,positif,0.9617,positif,positif,positif,soraya
arzxhCdn4PM,user_87e8c1669b4e,False,1696550400,1,positif,0.5969,netral,netral,positif,soraya
arzxhCdn4PM,user_757f0af732dc,False,1696550400,0,positif,0.9952,netral,tanpa_emoji,positif,soraya
arzxhCdn4PM,user_9fbbf471331d,False,1696550400,1,positif,0.9558,positif,tanpa_emoji,positif,soraya
arzxhCdn4PM,user_831ed0dd2491,False,1696550400,1,negatif,0.526,positif,tanpa_emoji,negatif,soraya
arzxhCdn4PM,user_419abd7a7cfd,False,1696550400,1,negatif,0.9951,positif,tanpa_emoji,negatif,soraya
arzxhCdn4PM,user_08f151ffbb53,False,1696550400,1,positif,0.9642,positif,tanpa_emoji,positif,soraya
arzxhCdn4PM,user_c62ed9361199,False,1696550400,0,negatif,0.9979,positif,positif,negatif,soraya
arzxhCdn4PM,user_fa35cc064372,False,1696550400,0,positif,0.8977,netral,tanpa_emoji,positif,soraya
arzxhCdn4PM,user_100323063109,False,1696550400,0,negatif,0.9979,positif,positif,negatif,soraya
arzxhCdn4PM,user_6d188133760f,False,1696550400,0,negatif,0.9777,netral,positif,negatif,soraya
arzxhCdn4PM,user_42c8dc9292cc,False,1696550400,0,netral,0.9806,netral,tanpa_emoji,netral,soraya
arzxhCdn4PM,user_e4d66ef1c177,False,1696550400,0,positif,0.8263,netral,tanpa_emoji,positif,soraya
arzxhCdn4PM,user_a5dce913160b,False,1696550400,0,negatif,0.8549,netral,tanpa_emoji,negatif,soraya
arzxhCdn4PM,user_6f2f0517b32f,False,1696550400,1,netral,0.4959,netral,tanpa_emoji,netral,soraya
arzxhCdn4PM,user_d14ea1296243,False,1696550400,0,netral,0.7814,netral,tanpa_emoji,netral,soraya
arzxhCdn4PM,user_6db45dae772e,False,1696550400,0,negatif,0.9974,negatif,tanpa_emoji,negatif,soraya
arzxhCdn4PM,user_f282dc8b79fe,False,1696550400,0,negatif,0.9983,negatif,netral,negatif,soraya
arzxhCdn4PM,user_f23f5ff51d55,False,1696550400,1,positif,0.5227,positif,positif,positif,soraya
arzxhCdn4PM,user_99088bbc2172,False,1696550400,0,negatif,0.9483,netral,tanpa_emoji,negatif,soraya
arzxhCdn4PM,user_96c5844c24e3,False,1696550400,1,negatif,0.9178,netral,tanpa_emoji,negatif,soraya
arzxhCdn4PM,user_6e7b94606dcc,False,1696550400,0,negatif,0.8898,positif,positif,negatif,soraya
arzxhCdn4PM,user_70b4aaeff7c0,False,1696550400,1,positif,0.9971,positif,tanpa_emoji,positif,soraya
arzxhCdn4PM,user_f07fb161edca,False,1696550400,1,positif,0.9907,netral,tanpa_emoji,positif,soraya
arzxhCdn4PM,user_4e24c566ba4c,False,1696550400,0,negatif,0.9988,netral,tanpa_emoji,negatif,soraya
arzxhCdn4PM,user_41150afb3913,False,1696550400,0,negatif,0.949,netral,tanpa_emoji,negatif,soraya
arzxhCdn4PM,user_fa932ec5f469,False,1696550400,1,positif,0.9882,positif,tanpa_emoji,positif,soraya
arzxhCdn4PM,user_2437a78cbe36,False,1696550400,0,negatif,0.9068,netral,tanpa_emoji,negatif,soraya
arzxhCdn4PM,user_e0764fd4b8df,False,1696550400,0,netral,0.6709,netral,tanpa_emoji,netral,soraya
arzxhCdn4PM,user_910feef0f2c9,False,1696550400,3,positif,0.7935,positif,positif,positif,soraya
arzxhCdn4PM,user_0df85b2dab9f,False,1696550400,1,positif,0.605,negatif,tanpa_emoji,positif,soraya
arzxhCdn4PM,user_c547ce18f78f,False,1696550400,0,negatif,0.9981,negatif,tanpa_emoji,negatif,soraya
arzxhCdn4PM,user_15fe84c7dbe6,False,1696550400,0,positif,0.9635,positif,tanpa_emoji,positif,soraya
arzxhCdn4PM,user_aa87a4e6a4df,False,1696550400,0,positif,0.8586,positif,positif,positif,soraya
arzxhCdn4PM,user_78c1c0fd5391,False,1696550400,0,negatif,0.9339,positif,positif,negatif,soraya
arzxhCdn4PM,user_731b820e2110,False,1696550400,0,negatif,0.9939,netral,tanpa_emoji,negatif,soraya
arzxhCdn4PM,user_ba93816eeb16,False,1696550400,0,positif,0.9983,netral,tanpa_emoji,positif,soraya
arzxhCdn4PM,user_c1ac8dba89b8,False,1696550400,0,negatif,0.9044,netral,tanpa_emoji,negatif,soraya
arzxhCdn4PM,user_77e20d2a568f,False,1696550400,1,positif,0.5803,netral,tanpa_emoji,positif,soraya
arzxhCdn4PM,user_948a15f488db,False,1696550400,0,negatif,0.7865,netral,tanpa_emoji,negatif,soraya
arzxhCdn4PM,user_6963402ff88c,False,1696550400,0,negatif,0.4855,positif,positif,positif,soraya
arzxhCdn4PM,user_a01f107c6ff6,False,1696550400,1,positif,0.6637,positif,tanpa_emoji,positif,soraya
arzxhCdn4PM,user_3ad956b41fad,False,1696550400,0,netral,0.567,netral,tanpa_emoji,netral,soraya
arzxhCdn4PM,user_28eafeb0022f,False,1696550400,1,negatif,0.9954,netral,tanpa_emoji,negatif,soraya
arzxhCdn4PM,user_89cc721f8371,False,1696550400,0,negatif,0.9845,netral,positif,negatif,soraya
arzxhCdn4PM,user_d9d6a6aa6cd3,False,1696550400,0,positif,0.9481,positif,tanpa_emoji,positif,soraya
arzxhCdn4PM,user_8fd23bc01a59,False,1696550400,0,positif,0.9404,positif,tanpa_emoji,positif,soraya
arzxhCdn4PM,user_117fad7559f4,False,1696550400,0,negatif,0.9992,netral,tanpa_emoji,negatif,soraya
arzxhCdn4PM,user_880236578073,False,1696550400,0,negatif,0.9182,negatif,tanpa_emoji,negatif,soraya
arzxhCdn4PM,user_0956136cb316,False,1696550400,0,netral,0.9516,netral,tanpa_emoji,netral,soraya
arzxhCdn4PM,user_5eab26dfc1a3,False,1696550400,0,negatif,0.8738,netral,tanpa_emoji,negatif,soraya
arzxhCdn4PM,user_821c0a11156c,False,1696550400,0,negatif,0.7551,netral,tanpa_emoji,negatif,soraya
arzxhCdn4PM,user_409dfc479011,False,1696550400,0,netral,0.6783,positif,positif,netral,soraya
arzxhCdn4PM,user_4706c1df12e1,False,1696550400,0,positif,0.5004,positif,tanpa_emoji,positif,soraya
arzxhCdn4PM,user_b288bbf57589,False,1696550400,0,negatif,0.7983,netral,tanpa_emoji,negatif,soraya
arzxhCdn4PM,user_c78302e302a1,False,1696550400,0,positif,0.9322,positif,tanpa_emoji,positif,soraya
arzxhCdn4PM,user_13a624f4724a,False,1696550400,0,negatif,0.9842,netral,tanpa_emoji,negatif,soraya
arzxhCdn4PM,user_c225c511239a,False,1696550400,0,negatif,0.8421,positif,netral,negatif,soraya
arzxhCdn4PM,user_d6fdaafe70dd,False,1696550400,0,positif,0.9663,positif,tanpa_emoji,positif,soraya
arzxhCdn4PM,user_ade20091b9fc,False,1696550400,1,positif,0.9588,positif,tanpa_emoji,positif,soraya
arzxhCdn4PM,user_25192ffc2b16,False,1696550400,0,positif,0.6173,netral,tanpa_emoji,positif,soraya
arzxhCdn4PM,user_515aae807b72,False,1696550400,0,negatif,0.8637,negatif,tanpa_emoji,negatif,soraya
arzxhCdn4PM,user_02519ad25cc8,False,1696550400,0,positif,0.8352,positif,positif,positif,soraya
arzxhCdn4PM,user_faa086fec6a5,False,1696550400,0,negatif,0.5897,netral,tanpa_emoji,negatif,soraya
arzxhCdn4PM,user_2b9bfd284fce,False,1696550400,0,negatif,0.9195,netral,tanpa_emoji,negatif,soraya
arzxhCdn4PM,user_8ca8b6a2d2df,False,1696550400,0,negatif,0.97,netral,tanpa_emoji,negatif,soraya
arzxhCdn4PM,user_b3b2c33f688a,False,1696550400,0,negatif,0.9722,netral,tanpa_emoji,negatif,soraya
arzxhCdn4PM,user_016890339cd8,False,1696550400,0,negatif,0.9483,netral,tanpa_emoji,negatif,soraya
arzxhCdn4PM,user_6c6af07e5845,False,1696550400,0,negatif,0.7865,netral,tanpa_emoji,negatif,soraya
arzxhCdn4PM,user_3353cdda30a3,False,1696550400,1,negatif,0.7865,netral,tanpa_emoji,negatif,soraya
arzxhCdn4PM,user_e518bb7378b7,False,1696550400,0,negatif,0.9714,negatif,netral,negatif,soraya
arzxhCdn4PM,user_0fa5312442e5,False,1696550400,0,negatif,0.5102,netral,netral,negatif,soraya
arzxhCdn4PM,user_fe6467534f20,False,1696550400,0,negatif,0.8985,netral,tanpa_emoji,negatif,soraya
arzxhCdn4PM,user_eaf1a951761b,False,1696550400,0,negatif,0.9624,negatif,tanpa_emoji,negatif,soraya
arzxhCdn4PM,user_3ac5ca1f012a,False,1696550400,0,positif,0.9349,netral,tanpa_emoji,positif,soraya
arzxhCdn4PM,user_48539b599f13,False,1696550400,0,negatif,0.5581,positif,positif,positif,soraya
arzxhCdn4PM,user_40d7161ad905,False,1696550400,0,positif,0.8496,netral,tanpa_emoji,positif,soraya
arzxhCdn4PM,user_edef5b367bf5,False,1696550400,0,negatif,0.6341,netral,tanpa_emoji,negatif,soraya
arzxhCdn4PM,user_65fc46d7417b,False,1696550400,0,negatif,0.9073,netral,tanpa_emoji,negatif,soraya
arzxhCdn4PM,user_3087a44f7c2a,False,1696550400,1,negatif,0.4278,positif,positif,positif,soraya
arzxhCdn4PM,user_fed4728031bd,False,1696550400,0,positif,0.9755,positif,tanpa_emoji,positif,soraya
arzxhCdn4PM,user_3217f923a26b,False,1696550400,1,negatif,0.9864,netral,tanpa_emoji,negatif,soraya
arzxhCdn4PM,user_6df1a1e38f7a,False,1696550400,1,negatif,0.9989,netral,tanpa_emoji,negatif,soraya
arzxhCdn4PM,user_92d6c65164e4,False,1696550400,0,positif,0.6218,netral,tanpa_emoji,positif,soraya
arzxhCdn4PM,user_5e669cb6ba6f,False,1728172800,1,negatif,0.9949,positif,tanpa_emoji,negatif,soraya
arzxhCdn4PM,user_12f86b234007,False,1696550400,0,positif,0.9008,positif,tanpa_emoji,positif,soraya
arzxhCdn4PM,user_5a0768f45c7d,False,1696550400,1,negatif,0.8461,netral,tanpa_emoji,negatif,soraya
arzxhCdn4PM,user_8d4eb7a5a239,False,1696550400,1,negatif,0.9701,netral,netral,negatif,soraya
arzxhCdn4PM,user_a9e350cf5516,False,1696550400,1,negatif,0.6514,netral,tanpa_emoji,negatif,soraya
arzxhCdn4PM,user_cdf5740d57f3,False,1696550400,1,positif,0.5863,netral,tanpa_emoji,positif,soraya
arzxhCdn4PM,user_185a939a2993,False,1696550400,0,negatif,0.9713,negatif,tanpa_emoji,negatif,soraya
arzxhCdn4PM,user_25b1d537f295,False,1696550400,0,negatif,0.9721,positif,positif,negatif,soraya
arzxhCdn4PM,user_282d467af3cf,False,1696550400,0,positif,0.8902,positif,tanpa_emoji,positif,soraya
arzxhCdn4PM,user_f5d58d03c91b,False,1696550400,0,positif,0.463,netral,tanpa_emoji,positif,soraya
arzxhCdn4PM,user_8e91dd797e0a,False,1696550400,0,negatif,0.731,netral,tanpa_emoji,negatif,soraya
arzxhCdn4PM,user_92c0ef31eb98,False,1696550400,1,positif,0.9824,positif,tanpa_emoji,positif,soraya
arzxhCdn4PM,user_3d88e4770102,False,1696550400,1,negatif,0.9885,netral,tanpa_emoji,negatif,soraya
arzxhCdn4PM,user_58df1b65c72d,False,1696550400,0,positif,0.883,positif,positif,positif,soraya
arzxhCdn4PM,user_fe7593090523,False,1696550400,0,negatif,0.938,netral,tanpa_emoji,negatif,soraya
arzxhCdn4PM,user_fe3206ee19a0,False,1696550400,0,negatif,0.9957,netral,netral,negatif,soraya
arzxhCdn4PM,user_1279c7617333,False,1696550400,0,netral,0.8849,netral,tanpa_emoji,netral,soraya
arzxhCdn4PM,user_d7e2775df0ac,False,1696550400,1,netral,0.476,positif,positif,positif,soraya
arzxhCdn4PM,user_4098ae980f55,False,1696550400,0,positif,0.9022,positif,positif,positif,soraya
arzxhCdn4PM,user_e9ba6e7e1729,False,1696550400,0,positif,0.9978,netral,tanpa_emoji,positif,soraya
arzxhCdn4PM,user_436def3ee4d6,False,1696550400,0,negatif,0.7182,netral,tanpa_emoji,negatif,soraya
arzxhCdn4PM,user_61dcd460d899,False,1696550400,0,positif,0.9976,positif,positif,positif,soraya
arzxhCdn4PM,user_55c347891767,False,1696550400,0,positif,0.9386,positif,tanpa_emoji,positif,soraya
arzxhCdn4PM,user_1b7e111a21b2,False,1696550400,0,netral,0.8582,netral,tanpa_emoji,netral,soraya
arzxhCdn4PM,user_80ef1f1f8140,False,1696550400,0,positif,0.72,netral,netral,positif,soraya
arzxhCdn4PM,user_6709cd75d1a6,False,1696550400,0,netral,0.7664,netral,tanpa_emoji,netral,soraya
arzxhCdn4PM,user_e7c527c8d3fe,False,1696550400,0,positif,0.989,positif,positif,positif,soraya
arzxhCdn4PM,user_0924bf5b5351,False,1696550400,0,positif,0.9665,positif,tanpa_emoji,positif,soraya
arzxhCdn4PM,user_d8d516f124ae,False,1696550400,0,positif,0.9962,positif,tanpa_emoji,positif,soraya
arzxhCdn4PM,user_d6d37a7b7cb5,False,1696550400,0,negatif,0.9989,netral,tanpa_emoji,negatif,soraya
arzxhCdn4PM,user_69f5c190ad24,False,1696550400,0,positif,0.7533,netral,tanpa_emoji,positif,soraya
arzxhCdn4PM,user_83365bea3e0a,False,1696550400,0,positif,0.9676,netral,tanpa_emoji,positif,soraya
arzxhCdn4PM,user_31757338a735,False,1696550400,0,positif,0.5149,positif,tanpa_emoji,positif,soraya
arzxhCdn4PM,user_008e3eefe49b,False,1696550400,0,negatif,0.9907,netral,tanpa_emoji,negatif,soraya
arzxhCdn4PM,user_ae93cf95c4a3,False,1696550400,1,positif,0.8863,positif,tanpa_emoji,positif,soraya
arzxhCdn4PM,user_be80b15d3a65,False,1696550400,0,positif,0.9638,positif,positif,positif,soraya
arzxhCdn4PM,user_aea0bec60a6d,False,1696550400,1,netral,0.4946,negatif,tanpa_emoji,netral,soraya
arzxhCdn4PM,user_890bda827474,False,1696550400,0,negatif,0.9978,netral,tanpa_emoji,negatif,soraya
arzxhCdn4PM,user_4d6f5be562ea,False,1696550400,1,negatif,0.5193,netral,tanpa_emoji,negatif,soraya
arzxhCdn4PM,user_72e214550327,False,1696550400,0,negatif,0.9975,positif,netral,negatif,soraya
arzxhCdn4PM,user_2a85889801b5,False,1696550400,0,positif,0.6062,positif,tanpa_emoji,positif,soraya
arzxhCdn4PM,user_aeb16de00a3f,False,1696550400,0,negatif,0.6108,netral,tanpa_emoji,negatif,soraya
arzxhCdn4PM,user_b05340ec2065,False,1696550400,0,netral,0.6641,netral,tanpa_emoji,netral,soraya
arzxhCdn4PM,user_5eab26dfc1a3,False,1696550400,0,netral,0.6326,netral,tanpa_emoji,netral,soraya
arzxhCdn4PM,user_37f80ba86639,False,1696550400,0,positif,0.9748,positif,tanpa_emoji,positif,soraya
arzxhCdn4PM,user_520f0ff60cfb,False,1696550400,0,positif,0.9986,positif,tanpa_emoji,positif,soraya
arzxhCdn4PM,user_84b13ae768a7,False,1696550400,0,positif,0.996,netral,tanpa_emoji,positif,soraya
arzxhCdn4PM,user_1a695a6f3b2a,False,1696550400,0,positif,0.9921,positif,tanpa_emoji,positif,soraya
arzxhCdn4PM,user_c892bfaf47d1,False,1696550400,0,netral,0.4418,positif,positif,positif,soraya
arzxhCdn4PM,user_abbe57ebf9f4,False,1696550400,1,negatif,0.8587,positif,positif,negatif,soraya
arzxhCdn4PM,user_8b2fa3d2cf37,False,1696550400,0,negatif,0.7965,netral,tanpa_emoji,negatif,soraya
arzxhCdn4PM,user_68fa3448bd71,False,1696550400,0,positif,0.9822,positif,tanpa_emoji,positif,soraya
arzxhCdn4PM,user_e137bc33fc92,False,1696550400,0,negatif,0.8687,netral,tanpa_emoji,negatif,soraya
arzxhCdn4PM,user_3f5d2575474a,False,1696550400,0,positif,0.9822,positif,tanpa_emoji,positif,soraya
arzxhCdn4PM,user_effa1003a832,False,1696550400,0,positif,0.9822,positif,tanpa_emoji,positif,soraya
arzxhCdn4PM,user_216a9b4b0111,False,1696550400,0,positif,0.9963,netral,tanpa_emoji,positif,soraya
arzxhCdn4PM,user_f4e28d07d74c,False,1696550400,0,positif,0.9632,positif,netral,positif,soraya
arzxhCdn4PM,user_8a44f0667798,False,1696550400,1,positif,0.54,positif,tanpa_emoji,positif,soraya
arzxhCdn4PM,user_d6de53c5549d,False,1696550400,0,positif,0.9971,positif,tanpa_emoji,positif,soraya
arzxhCdn4PM,user_21bc68b2fce1,False,1696550400,0,negatif,0.9322,netral,netral,negatif,soraya
arzxhCdn4PM,user_e6049f9cdc4c,False,1696550400,0,negatif,0.8584,netral,netral,negatif,soraya
arzxhCdn4PM,user_2fe80b9bf0ef,False,1696550400,0,positif,0.9961,positif,tanpa_emoji,positif,soraya
arzxhCdn4PM,user_aac903d79464,False,1696550400,0,positif,0.8032,positif,tanpa_emoji,positif,soraya
arzxhCdn4PM,user_e4343bee61c7,False,1696550400,1,positif,0.9936,positif,tanpa_emoji,positif,soraya
arzxhCdn4PM,user_323846e302fb,False,1696550400,0,negatif,0.3617,netral,tanpa_emoji,negatif,soraya
arzxhCdn4PM,user_58860419d6c6,False,1696550400,0,negatif,0.9928,netral,tanpa_emoji,negatif,soraya
arzxhCdn4PM,user_88ccf7efb03d,False,1696550400,0,positif,0.9975,negatif,tanpa_emoji,positif,soraya
arzxhCdn4PM,user_5575d59b9501,False,1696550400,0,positif,0.9962,positif,tanpa_emoji,positif,soraya
arzxhCdn4PM,user_62a3052a4a77,False,1696550400,1,positif,0.7123,positif,tanpa_emoji,positif,soraya
arzxhCdn4PM,user_9b3d8ab7f77e,False,1696550400,0,negatif,0.9501,netral,tanpa_emoji,negatif,soraya
arzxhCdn4PM,user_00ac5aec70b1,False,1696550400,0,negatif,0.827,netral,netral,negatif,soraya
arzxhCdn4PM,user_88b89f28d694,False,1696550400,0,positif,0.867,netral,tanpa_emoji,positif,soraya
arzxhCdn4PM,user_e8729305bac6,False,1696550400,0,positif,0.9991,positif,tanpa_emoji,positif,soraya
arzxhCdn4PM,user_26c4c02307e7,False,1696550400,0,negatif,0.6413,negatif,tanpa_emoji,negatif,soraya
arzxhCdn4PM,user_03680c5d6964,False,1696550400,1,positif,0.922,negatif,tanpa_emoji,positif,soraya
arzxhCdn4PM,user_166425cc81e9,False,1696550400,0,netral,0.69,netral,tanpa_emoji,netral,soraya
arzxhCdn4PM,user_c1e48d8e61c1,False,1696550400,0,negatif,0.978,negatif,tanpa_emoji,negatif,soraya
arzxhCdn4PM,user_1810fba86495,False,1696550400,0,positif,0.9982,positif,tanpa_emoji,positif,soraya
arzxhCdn4PM,user_a0cd1f8f5d96,False,1696550400,0,negatif,0.9929,negatif,tanpa_emoji,negatif,soraya
arzxhCdn4PM,user_02d76505266c,False,1696550400,0,negatif,0.7132,positif,positif,negatif,soraya
arzxhCdn4PM,user_551407f5558b,False,1696550400,0,negatif,0.5369,netral,tanpa_emoji,negatif,soraya
arzxhCdn4PM,user_0ff0da21e375,False,1696550400,0,negatif,0.9948,netral,tanpa_emoji,negatif,soraya
arzxhCdn4PM,user_f4622e2e3d6e,False,1696550400,0,negatif,0.605,netral,tanpa_emoji,negatif,soraya
arzxhCdn4PM,user_f435e8cdf8ac,False,1696550400,0,netral,0.5051,netral,tanpa_emoji,netral,soraya
arzxhCdn4PM,user_93c7c1a61b2b,False,1696550400,1,positif,0.9885,positif,tanpa_emoji,positif,soraya
arzxhCdn4PM,user_8aa258c4c138,False,1696550400,0,positif,0.9612,positif,tanpa_emoji,positif,soraya
arzxhCdn4PM,user_7953bdf06196,False,1696550400,0,netral,0.7686,netral,tanpa_emoji,netral,soraya
arzxhCdn4PM,user_52d689e243cc,False,1696550400,0,negatif,0.9383,netral,tanpa_emoji,negatif,soraya
arzxhCdn4PM,user_1e2f6b5bfc8d,False,1696550400,0,positif,0.6564,netral,tanpa_emoji,positif,soraya
arzxhCdn4PM,user_4c39dfc963b0,False,1696550400,0,positif,0.9723,positif,tanpa_emoji,positif,soraya
arzxhCdn4PM,user_9240d0d41e83,False,1696550400,0,netral,0.6621,positif,tanpa_emoji,netral,soraya
arzxhCdn4PM,user_02b031c4ab13,False,1696550400,1,negatif,0.5834,netral,tanpa_emoji,negatif,soraya
arzxhCdn4PM,user_99cc47d37428,False,1696550400,0,positif,0.9873,positif,tanpa_emoji,positif,soraya
arzxhCdn4PM,user_a6391e15921f,False,1696550400,0,negatif,0.719,netral,tanpa_emoji,negatif,soraya
arzxhCdn4PM,user_068946b7e198,False,1696550400,0,negatif,0.7805,positif,positif,negatif,soraya
arzxhCdn4PM,user_5f4f077e505f,False,1696550400,0,negatif,0.8977,negatif,tanpa_emoji,negatif,soraya
arzxhCdn4PM,user_f8b46fcf189a,False,1696550400,0,negatif,0.9896,netral,tanpa_emoji,negatif,soraya
arzxhCdn4PM,user_ebb18b8467e3,False,1696550400,1,positif,0.9952,positif,positif,positif,soraya
arzxhCdn4PM,user_f2d57d53f6c3,False,1696550400,0,negatif,0.9299,netral,tanpa_emoji,negatif,soraya
arzxhCdn4PM,user_f1c074a795ad,False,1696550400,0,positif,0.9893,positif,tanpa_emoji,positif,soraya
arzxhCdn4PM,user_706264abdc9d,False,1696550400,0,negatif,0.7795,positif,positif,negatif,soraya
arzxhCdn4PM,user_dc720f18bef5,False,1696550400,0,netral,0.6207,netral,tanpa_emoji,netral,soraya
arzxhCdn4PM,user_799170f7de86,False,1696550400,0,positif,0.919,positif,tanpa_emoji,positif,soraya
arzxhCdn4PM,user_f25a6b66127f,False,1696550400,0,negatif,0.7846,positif,positif,positif,soraya
arzxhCdn4PM,user_bd31da3b9b38,False,1696550400,0,negatif,0.9273,positif,positif,positif,soraya
arzxhCdn4PM,user_fbf7e7fb5dbf,False,1696550400,0,negatif,0.9892,netral,netral,negatif,soraya
arzxhCdn4PM,user_f991c8e5a4db,False,1696550400,0,netral,0.8292,netral,tanpa_emoji,netral,soraya
arzxhCdn4PM,user_37890b18e0f5,False,1696550400,0,negatif,0.9808,netral,tanpa_emoji,negatif,soraya
arzxhCdn4PM,user_fae980402786,False,1696550400,0,positif,0.9991,positif,positif,positif,soraya
arzxhCdn4PM,user_555bb6e18464,False,1696550400,0,positif,0.6989,netral,tanpa_emoji,positif,soraya
arzxhCdn4PM,user_372a507dab18,False,1696550400,0,negatif,0.7837,positif,tanpa_emoji,negatif,soraya
arzxhCdn4PM,user_168c07836162,False,1696550400,0,positif,0.9755,positif,tanpa_emoji,positif,soraya
arzxhCdn4PM,user_78bb3bf5e951,False,1696550400,0,positif,0.9929,positif,tanpa_emoji,positif,soraya
arzxhCdn4PM,user_e60cae344e6e,False,1696550400,0,positif,0.9973,positif,tanpa_emoji,positif,soraya
arzxhCdn4PM,user_943a2969f697,False,1696550400,0,netral,0.9801,netral,tanpa_emoji,netral,soraya
arzxhCdn4PM,user_a023d5611677,False,1696550400,0,negatif,0.8173,netral,tanpa_emoji,negatif,soraya
arzxhCdn4PM,user_e60ae993f6ba,False,1696550400,0,negatif,0.9488,netral,tanpa_emoji,negatif,soraya
arzxhCdn4PM,user_f07a575ac41b,False,1696550400,0,negatif,0.8893,netral,tanpa_emoji,negatif,soraya
arzxhCdn4PM,user_d8b1de607226,False,1696550400,0,negatif,0.9441,netral,tanpa_emoji,negatif,soraya
arzxhCdn4PM,user_98e31f5d69bf,False,1696550400,0,negatif,0.7405,netral,tanpa_emoji,negatif,soraya
arzxhCdn4PM,user_c4218e51c494,False,1696550400,0,netral,0.9965,netral,tanpa_emoji,netral,soraya
arzxhCdn4PM,user_46d9b2eb39e8,False,1696550400,0,negatif,0.9327,positif,tanpa_emoji,negatif,soraya
arzxhCdn4PM,user_fc93af41aecb,False,1696550400,0,positif,0.9832,netral,netral,positif,soraya
arzxhCdn4PM,user_d979bb340afd,False,1696550400,2,negatif,0.5624,positif,netral,negatif,soraya
arzxhCdn4PM,user_e6d95dd790f8,False,1696550400,0,negatif,0.9654,netral,netral,negatif,soraya
arzxhCdn4PM,user_4e941f8f334c,False,1696550400,0,negatif,0.5236,negatif,tanpa_emoji,negatif,soraya
arzxhCdn4PM,user_5dfa170e3cd1,False,1696550400,0,positif,0.9066,negatif,netral,positif,soraya
arzxhCdn4PM,user_0d45001146c2,False,1696550400,0,negatif,0.9987,negatif,positif,negatif,soraya
arzxhCdn4PM,user_c38acbea2505,False,1696550400,0,positif,0.9829,netral,tanpa_emoji,positif,soraya
arzxhCdn4PM,user_d642c802bd6f,False,1696550400,0,positif,0.9815,positif,tanpa_emoji,positif,soraya
arzxhCdn4PM,user_527be731f0f2,False,1696550400,0,positif,0.4564,netral,tanpa_emoji,positif,soraya
arzxhCdn4PM,user_8b4313a281eb,False,1696550400,1,positif,0.9937,positif,netral,positif,soraya
arzxhCdn4PM,user_6987e386eb35,False,1696550400,1,negatif,0.52,netral,tanpa_emoji,negatif,soraya
arzxhCdn4PM,user_9e3d17847c56,False,1696550400,0,netral,0.9849,netral,tanpa_emoji,netral,soraya
arzxhCdn4PM,user_9f5e06c5b0ea,False,1696550400,0,netral,0.9907,netral,tanpa_emoji,netral,soraya
arzxhCdn4PM,user_c06ba13138c4,False,1696550400,0,netral,0.9849,netral,tanpa_emoji,netral,soraya
arzxhCdn4PM,user_825c070b9aa1,False,1696550400,0,netral,0.9849,netral,tanpa_emoji,netral,soraya
arzxhCdn4PM,user_8dcc50922603,False,1775433600,0,positif,0.9981,positif,tanpa_emoji,positif,soraya
arzxhCdn4PM,user_30be41afb170,False,1696550400,0,negatif,0.8903,netral,tanpa_emoji,negatif,soraya
arzxhCdn4PM,user_6e0314f52ac8,False,1696550400,0,netral,0.4882,netral,tanpa_emoji,netral,soraya
arzxhCdn4PM,user_e25f67aabd91,False,1696550400,0,negatif,0.8218,netral,tanpa_emoji,negatif,soraya
arzxhCdn4PM,user_243748586c66,False,1696550400,0,negatif,0.6488,netral,tanpa_emoji,negatif,soraya
arzxhCdn4PM,user_4545b6408fd5,False,1696550400,0,netral,0.7013,netral,tanpa_emoji,netral,soraya
arzxhCdn4PM,user_c54f9f326776,False,1696550400,0,positif,0.975,positif,tanpa_emoji,positif,soraya
arzxhCdn4PM,user_d5e709b3210e,False,1696550400,0,netral,0.9562,netral,tanpa_emoji,netral,soraya
arzxhCdn4PM,user_c42caf4b292b,False,1696550400,1,netral,0.5581,netral,tanpa_emoji,netral,soraya
arzxhCdn4PM,user_fec9253d5ad0,False,1696550400,1,negatif,0.5449,netral,tanpa_emoji,negatif,soraya
arzxhCdn4PM,user_61190aaeff29,False,1696550400,0,negatif,0.6176,netral,tanpa_emoji,negatif,soraya
arzxhCdn4PM,user_4ef3a03f9c0e,False,1696550400,0,positif,0.9734,netral,tanpa_emoji,positif,soraya
arzxhCdn4PM,user_d6db7305473c,True,1696550400,0,negatif,0.9434,netral,tanpa_emoji,negatif,soraya
arzxhCdn4PM,user_32c016494241,False,1696550400,0,positif,0.8401,positif,tanpa_emoji,positif,soraya
arzxhCdn4PM,user_012c8b130025,False,1696550400,0,positif,0.9797,positif,tanpa_emoji,positif,soraya
arzxhCdn4PM,user_3a95f5e57beb,False,1759708800,1,negatif,0.7149,netral,netral,negatif,soraya
arzxhCdn4PM,user_809367073e17,False,1696550400,0,netral,0.5932,netral,tanpa_emoji,netral,soraya
arzxhCdn4PM,user_1c7f010847a5,False,1696550400,0,negatif,0.6486,netral,tanpa_emoji,negatif,soraya
arzxhCdn4PM,user_cfc6fbecc7a2,False,1696550400,0,positif,0.6264,positif,positif,positif,soraya
arzxhCdn4PM,user_6a86f3f009c9,False,1696550400,1,positif,0.9838,positif,positif,positif,soraya
arzxhCdn4PM,user_a3f94ff6e8d9,False,1696550400,0,positif,0.9572,positif,positif,positif,soraya
arzxhCdn4PM,user_441f1c36dab9,False,1696550400,0,positif,0.9895,positif,tanpa_emoji,positif,soraya
arzxhCdn4PM,user_7019d86de109,False,1696550400,0,netral,0.6195,netral,tanpa_emoji,netral,soraya
arzxhCdn4PM,user_e7a94b9fd717,False,1696550400,0,netral,0.9249,netral,tanpa_emoji,netral,soraya
arzxhCdn4PM,user_1b8aa5143cf9,False,1696550400,0,netral,0.9249,netral,tanpa_emoji,netral,soraya
arzxhCdn4PM,user_5cf06351c55c,False,1696550400,0,negatif,0.9843,positif,tanpa_emoji,negatif,soraya
arzxhCdn4PM,user_cd33cbb96295,False,1696550400,0,negatif,0.7915,netral,tanpa_emoji,negatif,soraya
arzxhCdn4PM,user_003a9646ea12,False,1696550400,1,negatif,0.8002,netral,tanpa_emoji,negatif,soraya
arzxhCdn4PM,user_1b7e111a21b2,True,1696550400,0,negatif,0.7659,netral,netral,netral,soraya
arzxhCdn4PM,user_ae989677f3b7,False,1696550400,0,negatif,0.8991,netral,netral,netral,soraya
arzxhCdn4PM,user_c658b5c10a4d,False,1696550400,0,negatif,0.9624,netral,tanpa_emoji,negatif,soraya
arzxhCdn4PM,user_9321afda2afe,False,1696550400,1,positif,0.9905,negatif,tanpa_emoji,positif,soraya
arzxhCdn4PM,user_3fa4b79e4022,False,1696550400,0,netral,0.4949,netral,tanpa_emoji,netral,soraya
arzxhCdn4PM,user_c5d32a751863,False,1696550400,0,netral,0.6089,netral,tanpa_emoji,netral,soraya
arzxhCdn4PM,user_0f0c0391c377,False,1696550400,0,positif,0.9974,positif,positif,positif,soraya
arzxhCdn4PM,user_cd5386b78a94,False,1696550400,0,positif,0.901,positif,netral,positif,soraya
arzxhCdn4PM,user_e9a9a1d6b30a,False,1696550400,1,negatif,0.8039,netral,tanpa_emoji,negatif,soraya
arzxhCdn4PM,user_b352d5b55a20,False,1696550400,0,negatif,0.9546,netral,tanpa_emoji,negatif,soraya
arzxhCdn4PM,user_5d580d03b115,False,1696550400,0,netral,0.9357,netral,tanpa_emoji,netral,soraya
arzxhCdn4PM,user_b7ecf82cb68f,False,1696550400,0,netral,0.9689,netral,tanpa_emoji,netral,soraya
arzxhCdn4PM,user_e78ec5855842,False,1696550400,0,negatif,0.7088,netral,tanpa_emoji,negatif,soraya
arzxhCdn4PM,user_e4ca86e65d78,False,1696550400,0,negatif,0.9899,netral,tanpa_emoji,negatif,soraya
cF7Z1RLKlu0,user_bb813099abae,False,1767657600,62,positif,0.5713,positif,netral,positif,soraya
cF7Z1RLKlu0,user_87d69b37ae1f,False,1767657600,23,positif,0.9799,positif,tanpa_emoji,positif,soraya
cF7Z1RLKlu0,user_09d7eef13721,False,1767657600,18,positif,0.964,positif,tanpa_emoji,positif,soraya
cF7Z1RLKlu0,user_0e70313610fd,False,1767657600,34,netral,0.7643,netral,tanpa_emoji,netral,soraya
cF7Z1RLKlu0,user_c6a19c670702,False,1767657600,8,negatif,0.9577,netral,tanpa_emoji,negatif,soraya
cF7Z1RLKlu0,user_4d401e4d2eae,False,1767657600,9,positif,0.9129,positif,tanpa_emoji,positif,soraya
cF7Z1RLKlu0,user_b2f25d9a8bff,False,1767657600,6,positif,0.8969,positif,netral,positif,soraya
cF7Z1RLKlu0,user_28eafeb0022f,False,1767657600,25,negatif,0.9496,netral,tanpa_emoji,negatif,soraya
cF7Z1RLKlu0,user_c39ce3049f21,True,1767657600,1,negatif,0.9967,netral,tanpa_emoji,negatif,soraya
cF7Z1RLKlu0,user_97fd178bf6ed,True,1767657600,0,netral,0.4755,positif,tanpa_emoji,netral,soraya
cF7Z1RLKlu0,user_46a6156fda4b,True,1767657600,0,negatif,0.9981,netral,tanpa_emoji,negatif,soraya
cF7Z1RLKlu0,user_98056fb67b7c,True,1767657600,0,negatif,0.9949,positif,positif,negatif,soraya
cF7Z1RLKlu0,user_14ae79b86851,False,1767657600,6,netral,0.9578,netral,tanpa_emoji,netral,soraya
cF7Z1RLKlu0,user_e070725653c0,False,1767657600,8,positif,0.9771,positif,netral,positif,soraya
cF7Z1RLKlu0,user_943a7bcee52d,False,1767657600,13,netral,0.9433,netral,tanpa_emoji,netral,soraya
cF7Z1RLKlu0,user_06694f645acd,False,1767657600,5,positif,0.9979,positif,positif,positif,soraya
cF7Z1RLKlu0,user_0dd1854a6c6d,False,1767657600,2,positif,0.8048,positif,positif,positif,soraya
cF7Z1RLKlu0,user_7989036a08c5,False,1767657600,96,positif,0.884,netral,netral,positif,soraya
cF7Z1RLKlu0,user_9a323d80368c,True,1767657600,21,negatif,0.5015,netral,tanpa_emoji,negatif,soraya
cF7Z1RLKlu0,user_0c21d2c73f2a,True,1767657600,11,netral,0.9916,netral,tanpa_emoji,netral,soraya
cF7Z1RLKlu0,user_06b092eb0193,True,1767657600,1,negatif,0.9063,netral,tanpa_emoji,negatif,soraya
cF7Z1RLKlu0,user_9a323d80368c,True,1767657600,1,netral,0.8144,negatif,tanpa_emoji,netral,soraya
cF7Z1RLKlu0,user_0c21d2c73f2a,True,1767657600,5,netral,0.9919,netral,tanpa_emoji,netral,soraya
cF7Z1RLKlu0,user_c29f2bf3cab3,True,1767657600,5,positif,0.7198,positif,tanpa_emoji,positif,soraya
cF7Z1RLKlu0,user_a934fb9490c2,True,1767657600,5,negatif,0.7231,netral,netral,negatif,soraya
cF7Z1RLKlu0,user_2085813e949b,True,1767657600,7,negatif,0.908,netral,netral,negatif,soraya
cF7Z1RLKlu0,user_53e903be9510,True,1767657600,4,positif,0.9819,positif,tanpa_emoji,positif,soraya
cF7Z1RLKlu0,user_6848d7555c8f,True,1767657600,2,negatif,0.4896,netral,tanpa_emoji,negatif,soraya
cF7Z1RLKlu0,user_4d5512701489,True,1767657600,1,positif,0.9904,positif,tanpa_emoji,positif,soraya
cF7Z1RLKlu0,user_75d56603598a,True,1767657600,0,netral,0.7225,netral,tanpa_emoji,netral,soraya
cF7Z1RLKlu0,user_3cdbd6cc84a8,True,1767657600,0,negatif,0.5742,netral,tanpa_emoji,negatif,soraya
cF7Z1RLKlu0,user_3cdbd6cc84a8,True,1767657600,0,negatif,0.4062,netral,tanpa_emoji,negatif,soraya
cF7Z1RLKlu0,user_5e8d98c464c0,True,1770336000,0,negatif,0.9404,positif,netral,negatif,soraya
cF7Z1RLKlu0,user_3da7d3a60ae9,True,1775433600,0,positif,0.9569,netral,tanpa_emoji,positif,soraya
cF7Z1RLKlu0,user_cdf5740d57f3,False,1767657600,2,positif,0.853,netral,tanpa_emoji,positif,soraya
cF7Z1RLKlu0,user_f43d97ea0551,False,1767657600,2,positif,0.9878,positif,positif,positif,soraya
cF7Z1RLKlu0,user_fc6d1a231799,False,1767657600,2,negatif,0.9058,positif,tanpa_emoji,negatif,soraya
cF7Z1RLKlu0,user_ddc49a2a1ad3,False,1767657600,1,positif,0.7896,positif,positif,positif,soraya
cF7Z1RLKlu0,user_ec963a0e2d4b,False,1767657600,4,negatif,0.9965,netral,positif,negatif,soraya
cF7Z1RLKlu0,user_dea297b60f0e,False,1767657600,2,positif,0.822,netral,tanpa_emoji,positif,soraya
cF7Z1RLKlu0,user_6438bdd7dfba,False,1767657600,28,negatif,0.8954,negatif,netral,negatif,soraya
cF7Z1RLKlu0,user_5d5286a420a7,True,1767657600,4,positif,0.571,netral,tanpa_emoji,positif,soraya
cF7Z1RLKlu0,user_1a26e5ebf2b8,True,1767657600,2,negatif,0.9979,netral,tanpa_emoji,negatif,soraya
cF7Z1RLKlu0,user_598980e57f79,True,1767657600,2,negatif,0.8541,negatif,netral,negatif,soraya
cF7Z1RLKlu0,user_b6069e182fc0,True,1767657600,0,negatif,0.8401,negatif,tanpa_emoji,negatif,soraya
cF7Z1RLKlu0,user_0b40f9fa3759,True,1767657600,1,negatif,0.976,netral,tanpa_emoji,negatif,soraya
cF7Z1RLKlu0,user_67703cddd3ca,True,1767657600,1,positif,0.7998,netral,tanpa_emoji,positif,soraya
cF7Z1RLKlu0,user_a35ca6cd5664,True,1767657600,1,negatif,0.9498,netral,tanpa_emoji,negatif,soraya
cF7Z1RLKlu0,user_f254a4f082d7,True,1767657600,0,positif,0.7148,netral,tanpa_emoji,positif,soraya
cF7Z1RLKlu0,user_ce9343cc017a,True,1767657600,0,negatif,0.7622,negatif,tanpa_emoji,negatif,soraya
cF7Z1RLKlu0,user_8fb41459e43c,True,1767657600,0,negatif,0.554,netral,tanpa_emoji,negatif,soraya
cF7Z1RLKlu0,user_04a378761a0b,False,1767657600,3,netral,0.9444,positif,positif,netral,soraya
cF7Z1RLKlu0,user_5916d901e4af,False,1772755200,0,positif,0.4911,positif,positif,positif,soraya
cF7Z1RLKlu0,user_8dd2d5400773,False,1767657600,1,positif,0.3997,netral,tanpa_emoji,positif,soraya
cF7Z1RLKlu0,user_89f514ea14b5,False,1767657600,0,negatif,0.4989,positif,tanpa_emoji,negatif,soraya
cF7Z1RLKlu0,user_6bc4e04db1ce,False,1767657600,3,negatif,0.9982,netral,positif,negatif,soraya
cF7Z1RLKlu0,user_23239add8e9d,False,1767657600,1,negatif,0.5596,netral,tanpa_emoji,negatif,soraya
cF7Z1RLKlu0,user_a550204143e0,False,1767657600,0,positif,0.6743,positif,positif,positif,soraya
cF7Z1RLKlu0,user_d0b2667ee7b8,False,1767657600,1,positif,0.9908,positif,tanpa_emoji,positif,soraya
cF7Z1RLKlu0,user_5c5da61f88d6,False,1767657600,1,positif,0.7142,netral,tanpa_emoji,positif,soraya
cF7Z1RLKlu0,user_1c19c1da6f5d,False,1767657600,1,positif,0.9667,netral,tanpa_emoji,positif,soraya
cF7Z1RLKlu0,user_31905d147b24,False,1767657600,6,negatif,0.9991,netral,tanpa_emoji,negatif,soraya
cF7Z1RLKlu0,user_f1e74fabde26,True,1767657600,1,negatif,0.9831,positif,positif,negatif,soraya
cF7Z1RLKlu0,user_5a7c9b5a504e,False,1767657600,2,positif,0.9856,positif,positif,positif,soraya
cF7Z1RLKlu0,user_0a3cc7dd1ba2,False,1767657600,1,negatif,0.8191,positif,tanpa_emoji,negatif,soraya
cF7Z1RLKlu0,user_f4e28d07d74c,False,1767657600,1,positif,0.9676,positif,positif,positif,soraya
cF7Z1RLKlu0,user_50944df2c625,False,1767657600,8,positif,0.9982,positif,tanpa_emoji,positif,soraya
cF7Z1RLKlu0,user_2122f121307d,False,1767657600,0,negatif,0.8574,positif,tanpa_emoji,negatif,soraya
cF7Z1RLKlu0,user_ad3f1c470370,False,1767657600,0,positif,0.9962,positif,tanpa_emoji,positif,soraya
cF7Z1RLKlu0,user_9ab8fe4628c3,False,1767657600,1,negatif,0.849,positif,positif,negatif,soraya
cF7Z1RLKlu0,user_44992e71404d,False,1767657600,0,positif,0.9841,positif,tanpa_emoji,positif,soraya
cF7Z1RLKlu0,user_81fbdb7feb30,False,1767657600,0,positif,0.9613,netral,tanpa_emoji,positif,soraya
cF7Z1RLKlu0,user_574c93bda09f,False,1767657600,0,positif,0.9904,positif,positif,positif,soraya
cF7Z1RLKlu0,user_87dee59f58be,False,1767657600,1,negatif,0.8011,positif,tanpa_emoji,negatif,soraya
cF7Z1RLKlu0,user_e6d388e6cbaa,False,1767657600,0,positif,0.9817,positif,tanpa_emoji,positif,soraya
cF7Z1RLKlu0,user_7ffda13aa3ed,False,1767657600,0,negatif,0.9969,netral,tanpa_emoji,negatif,soraya
cF7Z1RLKlu0,user_5c743e04b053,False,1767657600,0,positif,0.9047,positif,tanpa_emoji,positif,soraya
cF7Z1RLKlu0,user_e62d896997e2,False,1767657600,0,negatif,0.8929,netral,tanpa_emoji,negatif,soraya
cF7Z1RLKlu0,user_257b370b1ce6,False,1767657600,0,positif,0.9134,positif,tanpa_emoji,positif,soraya
cF7Z1RLKlu0,user_ae25e2f7ebd7,False,1767657600,0,netral,0.8903,netral,tanpa_emoji,netral,soraya
cF7Z1RLKlu0,user_d4c662f848fd,False,1767657600,0,positif,0.9883,positif,tanpa_emoji,positif,soraya
cF7Z1RLKlu0,user_2cb426daa8a6,False,1767657600,0,positif,0.7876,positif,tanpa_emoji,positif,soraya
cF7Z1RLKlu0,user_e2f3803a53a5,False,1767657600,1,negatif,0.6659,positif,positif,negatif,soraya
cF7Z1RLKlu0,user_826769a405a2,False,1767657600,0,positif,0.5884,netral,netral,positif,soraya
cF7Z1RLKlu0,user_4137e873cb04,False,1767657600,0,positif,0.5676,positif,positif,positif,soraya
cF7Z1RLKlu0,user_118d4ac5ec0b,False,1767657600,1,negatif,0.973,positif,positif,negatif,soraya
cF7Z1RLKlu0,user_e3d36fa616db,False,1767657600,0,negatif,0.9566,negatif,tanpa_emoji,negatif,soraya
cF7Z1RLKlu0,user_56cbf18dff24,False,1767657600,0,positif,0.9898,positif,tanpa_emoji,positif,soraya
cF7Z1RLKlu0,user_2bc324461e85,False,1767657600,0,positif,0.9912,positif,tanpa_emoji,positif,soraya
cF7Z1RLKlu0,user_117fad7559f4,False,1767657600,0,positif,0.8711,positif,positif,positif,soraya
cF7Z1RLKlu0,user_a86a5ad0d47f,False,1767657600,0,negatif,0.9563,netral,tanpa_emoji,negatif,soraya
cF7Z1RLKlu0,user_28b927a2e9cf,False,1767657600,0,negatif,0.957,negatif,tanpa_emoji,negatif,soraya
cF7Z1RLKlu0,user_2080ab40bbe9,False,1767657600,0,positif,0.801,positif,tanpa_emoji,positif,soraya
cF7Z1RLKlu0,user_e595e3749970,False,1767657600,0,netral,0.4518,positif,positif,positif,soraya
cF7Z1RLKlu0,user_2c21b5e9a9bc,False,1767657600,19,positif,0.8608,netral,tanpa_emoji,positif,soraya
cF7Z1RLKlu0,user_946df54f0fd3,True,1767657600,5,positif,0.9783,positif,tanpa_emoji,positif,soraya
cF7Z1RLKlu0,user_645a4abdfbac,True,1767657600,2,netral,0.7723,netral,tanpa_emoji,netral,soraya
cF7Z1RLKlu0,user_11347d3d77a7,False,1767657600,0,negatif,0.9321,netral,netral,negatif,soraya
cF7Z1RLKlu0,user_563e476269b4,False,1767657600,0,positif,0.9962,positif,positif,positif,soraya
cF7Z1RLKlu0,user_8c4c91d3d71c,False,1772755200,0,positif,0.9628,netral,tanpa_emoji,positif,soraya
cF7Z1RLKlu0,user_2bbc8c470604,False,1767657600,0,negatif,0.9889,positif,tanpa_emoji,negatif,soraya
cF7Z1RLKlu0,user_fdd0f7692b52,False,1767657600,0,positif,0.8643,positif,tanpa_emoji,positif,soraya
cF7Z1RLKlu0,user_88f9f1405fd6,False,1767657600,0,netral,0.8644,netral,tanpa_emoji,netral,soraya
cF7Z1RLKlu0,user_a1e62656aa0c,False,1767657600,2,negatif,0.9783,negatif,tanpa_emoji,negatif,soraya
cF7Z1RLKlu0,user_5e95e035fe56,False,1767657600,0,positif,0.9757,positif,tanpa_emoji,positif,soraya
cF7Z1RLKlu0,user_d37bdfe5f26e,False,1767657600,0,positif,0.5275,positif,tanpa_emoji,positif,soraya
cF7Z1RLKlu0,user_458530cc6b97,False,1767657600,2,positif,0.9414,netral,tanpa_emoji,positif,soraya
cF7Z1RLKlu0,user_67a5df5815ef,True,1767657600,0,negatif,0.7823,netral,tanpa_emoji,negatif,soraya
cF7Z1RLKlu0,user_8dd9f713c189,False,1770336000,0,positif,0.9983,positif,positif,positif,soraya
cF7Z1RLKlu0,user_b847e1ad80c7,False,1767657600,0,netral,0.7484,netral,tanpa_emoji,netral,soraya
cF7Z1RLKlu0,user_240fba6e03e9,False,1767657600,0,negatif,0.7063,netral,netral,negatif,soraya
cF7Z1RLKlu0,user_f795b6729af6,False,1767657600,0,negatif,0.805,netral,netral,negatif,soraya
cF7Z1RLKlu0,user_59c0e81a5b54,False,1767657600,1,negatif,0.8747,netral,tanpa_emoji,negatif,soraya
cF7Z1RLKlu0,user_adc1c9100075,True,1767657600,0,netral,0.9831,netral,tanpa_emoji,netral,soraya
cF7Z1RLKlu0,user_221d26d07cc0,False,1767657600,0,netral,0.5224,netral,netral,netral,soraya
cF7Z1RLKlu0,user_a8e42af40c6b,False,1770336000,0,netral,0.7583,netral,tanpa_emoji,netral,soraya
cF7Z1RLKlu0,user_b667139a4472,False,1767657600,0,netral,0.9742,netral,tanpa_emoji,netral,soraya
cF7Z1RLKlu0,user_77d8bf0cfe75,False,1767657600,0,negatif,0.8609,positif,netral,negatif,soraya
cF7Z1RLKlu0,user_4ebe5a825732,False,1767657600,0,negatif,0.996,netral,tanpa_emoji,negatif,soraya
cF7Z1RLKlu0,user_916c10691f13,False,1767657600,0,negatif,0.9949,netral,netral,negatif,soraya
cF7Z1RLKlu0,user_365131a59add,False,1767657600,0,negatif,0.8868,netral,netral,netral,soraya
cF7Z1RLKlu0,user_4d9e3ba454dd,False,1767657600,0,positif,0.5437,positif,netral,positif,soraya
cF7Z1RLKlu0,user_117af7396a7c,False,1767657600,1,negatif,0.9385,netral,netral,negatif,soraya
cF7Z1RLKlu0,user_fa078f2168c4,False,1767657600,0,negatif,0.4525,netral,netral,negatif,soraya
cF7Z1RLKlu0,user_54eab1924829,False,1767657600,0,positif,0.9975,positif,tanpa_emoji,positif,soraya
cF7Z1RLKlu0,user_be2e08fcc6cb,False,1767657600,0,negatif,0.6278,negatif,tanpa_emoji,negatif,soraya
cF7Z1RLKlu0,user_665ed1b54bf2,False,1770336000,0,netral,0.7511,netral,tanpa_emoji,netral,soraya
cF7Z1RLKlu0,user_3b5ad5df41af,False,1767657600,0,negatif,0.7659,netral,tanpa_emoji,negatif,soraya
cF7Z1RLKlu0,user_7a840ee0f60a,False,1767657600,1,negatif,0.9729,netral,tanpa_emoji,negatif,soraya
cF7Z1RLKlu0,user_1f6a883cf1f4,True,1767657600,0,netral,0.7,netral,netral,netral,soraya
cF7Z1RLKlu0,user_5de65d867815,False,1770336000,0,negatif,0.9949,positif,netral,negatif,soraya
cF7Z1RLKlu0,user_927d75cbb462,False,1767657600,0,negatif,0.5801,netral,tanpa_emoji,negatif,soraya
cF7Z1RLKlu0,user_e7675341d928,True,1767657600,0,negatif,0.8828,negatif,tanpa_emoji,negatif,soraya
cF7Z1RLKlu0,user_e29398dda887,False,1770336000,0,negatif,0.994,negatif,tanpa_emoji,negatif,soraya
cF7Z1RLKlu0,user_3891b0476632,False,1770336000,0,negatif,0.9379,negatif,tanpa_emoji,negatif,soraya
cF7Z1RLKlu0,user_3c616b68f640,False,1767657600,0,negatif,0.9839,negatif,tanpa_emoji,negatif,soraya
cF7Z1RLKlu0,user_bbafaea166b4,False,1767657600,0,negatif,0.9779,negatif,tanpa_emoji,negatif,soraya
cF7Z1RLKlu0,user_c78685ff7536,False,1767657600,0,netral,0.8516,netral,tanpa_emoji,netral,soraya
cF7Z1RLKlu0,user_290c3ce1b5c3,False,1767657600,0,positif,0.9502,netral,netral,positif,soraya
cF7Z1RLKlu0,user_1d1a1e636f77,False,1767657600,3,negatif,0.8716,netral,tanpa_emoji,negatif,soraya
cF7Z1RLKlu0,user_75b30922da26,True,1767657600,0,positif,0.9752,positif,tanpa_emoji,positif,soraya
cF7Z1RLKlu0,user_1d1a1e636f77,True,1767657600,0,positif,0.7582,netral,tanpa_emoji,positif,soraya
cF7Z1RLKlu0,user_1c80c2541b31,True,1767657600,0,netral,0.5793,netral,tanpa_emoji,netral,soraya
cF7Z1RLKlu0,user_1d1a1e636f77,True,1767657600,0,netral,0.5851,netral,tanpa_emoji,netral,soraya
cF7Z1RLKlu0,user_0f293f1232bf,False,1767657600,0,negatif,0.9025,netral,tanpa_emoji,negatif,soraya
cF7Z1RLKlu0,user_53fb2d263689,True,1767657600,0,negatif,0.5297,netral,tanpa_emoji,negatif,soraya
cF7Z1RLKlu0,user_0f293f1232bf,True,1767657600,0,negatif,0.6435,netral,tanpa_emoji,negatif,soraya
cF7Z1RLKlu0,user_53fb2d263689,True,1767657600,0,netral,0.5581,negatif,tanpa_emoji,netral,soraya
cF7Z1RLKlu0,user_05b5adafdba5,False,1767657600,0,negatif,0.8823,positif,positif,negatif,soraya
cF7Z1RLKlu0,user_12994f44fb74,False,1767657600,0,negatif,0.9957,netral,netral,negatif,soraya
cF7Z1RLKlu0,user_f7dc3d97d5e2,False,1767657600,0,negatif,0.9089,netral,tanpa_emoji,negatif,soraya
cF7Z1RLKlu0,user_cd5a24b86859,True,1767657600,0,negatif,0.9942,netral,tanpa_emoji,negatif,soraya
cF7Z1RLKlu0,user_b1528091cc9f,False,1767657600,0,negatif,0.9985,netral,netral,negatif,soraya
cF7Z1RLKlu0,user_707a867de185,True,1767657600,0,negatif,0.9555,netral,tanpa_emoji,negatif,soraya
cF7Z1RLKlu0,user_eb4cd1dc28f2,False,1767657600,0,negatif,0.9966,netral,tanpa_emoji,negatif,soraya
cF7Z1RLKlu0,user_debea05e6c88,False,1767657600,0,negatif,0.8685,negatif,tanpa_emoji,negatif,soraya
cF7Z1RLKlu0,user_fcb91c3b7f02,True,1767657600,0,negatif,0.9726,netral,netral,negatif,soraya
cF7Z1RLKlu0,user_f507f35cea15,False,1767657600,0,netral,0.8898,netral,tanpa_emoji,netral,soraya
cF7Z1RLKlu0,user_b634a58291a7,False,1767657600,0,positif,0.9169,positif,tanpa_emoji,positif,soraya
cF7Z1RLKlu0,user_40af8a64e1d0,False,1767657600,0,negatif,0.8384,netral,netral,netral,soraya
cF7Z1RLKlu0,user_f08897b8d4cd,False,1767657600,1,positif,0.7488,positif,tanpa_emoji,positif,soraya
cF7Z1RLKlu0,user_97fd178bf6ed,True,1767657600,0,positif,0.8613,netral,tanpa_emoji,positif,soraya
cF7Z1RLKlu0,user_dd690aa72a44,True,1767657600,0,negatif,0.8763,netral,tanpa_emoji,negatif,soraya
cF7Z1RLKlu0,user_cd5a24b86859,True,1767657600,0,negatif,0.8739,netral,tanpa_emoji,negatif,soraya
cF7Z1RLKlu0,user_033c83848cae,False,1767657600,1,negatif,0.6344,netral,tanpa_emoji,negatif,soraya
cF7Z1RLKlu0,user_7b787d0f8666,True,1767657600,0,negatif,0.9449,netral,tanpa_emoji,negatif,soraya
cF7Z1RLKlu0,user_033c83848cae,True,1767657600,0,netral,0.9828,netral,tanpa_emoji,netral,soraya
cF7Z1RLKlu0,user_51b866b43080,True,1767657600,0,positif,0.8888,positif,tanpa_emoji,positif,soraya
cF7Z1RLKlu0,user_b0631fac6aa8,False,1767657600,0,positif,0.9042,positif,positif,positif,soraya
cF7Z1RLKlu0,user_c2aaa2c58e63,False,1770336000,0,positif,0.7849,netral,tanpa_emoji,positif,soraya
cF7Z1RLKlu0,user_b4305a8fba54,False,1767657600,1,negatif,0.9762,netral,tanpa_emoji,negatif,soraya
cF7Z1RLKlu0,user_e2190c0fbdf8,True,1767657600,1,negatif,0.9815,netral,tanpa_emoji,negatif,soraya
cF7Z1RLKlu0,user_b4305a8fba54,True,1767657600,1,negatif,0.4164,positif,netral,negatif,soraya
cF7Z1RLKlu0,user_8dc8836fc570,False,1767657600,0,negatif,0.9979,negatif,negatif,negatif,soraya
cF7Z1RLKlu0,user_9f12c71e8cc2,True,1767657600,0,negatif,0.9948,netral,tanpa_emoji,negatif,soraya
cF7Z1RLKlu0,user_ae28ef754f1b,False,1767657600,0,negatif,0.9965,positif,netral,negatif,soraya
cF7Z1RLKlu0,user_290c3ce1b5c3,False,1767657600,0,negatif,0.4973,positif,tanpa_emoji,negatif,soraya
cF7Z1RLKlu0,user_7f9690e39dd3,False,1770336000,0,negatif,0.9824,negatif,tanpa_emoji,negatif,soraya
cF7Z1RLKlu0,user_6aa584890c7f,False,1767657600,0,positif,0.9047,netral,tanpa_emoji,positif,soraya
cF7Z1RLKlu0,user_4bb8d6053336,False,1767657600,0,negatif,0.9985,netral,tanpa_emoji,negatif,soraya
cF7Z1RLKlu0,user_f888d238ce09,False,1770336000,0,negatif,0.9964,negatif,tanpa_emoji,negatif,soraya
cF7Z1RLKlu0,user_91de1f055e6c,False,1767657600,0,negatif,0.999,netral,tanpa_emoji,negatif,soraya
cF7Z1RLKlu0,user_7a6e5abcf537,False,1767657600,0,negatif,0.9001,positif,netral,negatif,soraya
cF7Z1RLKlu0,user_208d89ba0895,True,1767657600,0,negatif,0.4059,netral,tanpa_emoji,negatif,soraya
cF7Z1RLKlu0,user_4f7743c1c9b9,False,1767657600,0,negatif,0.9985,negatif,tanpa_emoji,negatif,soraya
gc81ZkY-Kg8,user_3e8146548e0c,False,1728172800,45,negatif,0.9966,negatif,netral,negatif,soraya
gc81ZkY-Kg8,user_f799fa600f99,False,1728172800,30,netral,0.6607,netral,tanpa_emoji,netral,soraya
gc81ZkY-Kg8,user_940b9b6d285a,False,1728172800,26,negatif,0.9826,netral,netral,negatif,soraya
gc81ZkY-Kg8,user_fc5262a0e4fb,False,1728172800,23,positif,0.7469,positif,tanpa_emoji,positif,soraya
gc81ZkY-Kg8,user_6e174c7c3507,False,1728172800,11,negatif,0.9991,netral,netral,negatif,soraya
gc81ZkY-Kg8,user_cb2f11569496,False,1728172800,9,positif,0.7697,positif,netral,positif,soraya
gc81ZkY-Kg8,user_dcc9755e26ef,False,1728172800,71,positif,0.7148,netral,tanpa_emoji,positif,soraya
gc81ZkY-Kg8,user_8af412e1d341,True,1728172800,8,negatif,0.7443,netral,tanpa_emoji,negatif,soraya
gc81ZkY-Kg8,user_250e9321b5ba,True,1728172800,4,negatif,0.9923,netral,tanpa_emoji,negatif,soraya
gc81ZkY-Kg8,user_cb2f11569496,True,1728172800,4,positif,0.7697,positif,netral,positif,soraya
gc81ZkY-Kg8,user_e0304a03fe14,True,1728172800,0,negatif,0.8612,netral,tanpa_emoji,negatif,soraya
gc81ZkY-Kg8,user_e0304a03fe14,True,1728172800,0,negatif,0.9857,netral,tanpa_emoji,negatif,soraya
gc81ZkY-Kg8,user_820daa8ef3ed,True,1728172800,0,positif,0.4555,netral,tanpa_emoji,positif,soraya
gc81ZkY-Kg8,user_b57f5b0e07c8,True,1728172800,0,netral,0.803,netral,tanpa_emoji,netral,soraya
gc81ZkY-Kg8,user_e0304a03fe14,True,1728172800,0,negatif,0.9969,netral,tanpa_emoji,negatif,soraya
gc81ZkY-Kg8,user_b57f5b0e07c8,True,1728172800,0,negatif,0.9952,netral,tanpa_emoji,negatif,soraya
gc81ZkY-Kg8,user_3dd53ffd849c,True,1728172800,0,negatif,0.9938,negatif,netral,negatif,soraya
gc81ZkY-Kg8,user_3dd53ffd849c,True,1728172800,0,negatif,0.9616,negatif,netral,negatif,soraya
gc81ZkY-Kg8,user_ece9a3187707,True,1728172800,0,netral,0.7554,netral,netral,netral,soraya
gc81ZkY-Kg8,user_08e0c83c01c7,True,1728172800,0,negatif,0.9752,negatif,netral,negatif,soraya
gc81ZkY-Kg8,user_3216f1324d1e,True,1728172800,0,negatif,0.9972,netral,tanpa_emoji,negatif,soraya
gc81ZkY-Kg8,user_de49b907dd50,False,1728172800,3,negatif,0.9469,positif,netral,negatif,soraya
gc81ZkY-Kg8,user_50de3231e4f5,False,1728172800,37,negatif,0.9988,netral,netral,negatif,soraya
gc81ZkY-Kg8,user_c902eb850342,True,1728172800,3,negatif,0.8014,netral,netral,negatif,soraya
gc81ZkY-Kg8,user_7392df41fa17,True,1728172800,1,negatif,0.9956,netral,netral,negatif,soraya
gc81ZkY-Kg8,user_3b2198a33108,False,1728172800,7,negatif,0.9988,netral,tanpa_emoji,negatif,soraya
gc81ZkY-Kg8,user_d574697be301,False,1728172800,6,positif,0.9457,netral,tanpa_emoji,positif,soraya
gc81ZkY-Kg8,user_38c9b76e320f,False,1728172800,6,negatif,0.4932,positif,tanpa_emoji,negatif,soraya
gc81ZkY-Kg8,user_129475509e09,False,1728172800,1,negatif,0.9965,negatif,netral,negatif,soraya
gc81ZkY-Kg8,user_faea15f00189,False,1728172800,3,negatif,0.9973,netral,tanpa_emoji,negatif,soraya
gc81ZkY-Kg8,user_fdc034a235a7,False,1728172800,11,positif,0.8023,netral,netral,positif,soraya
gc81ZkY-Kg8,user_c309215d2b67,True,1728172800,1,negatif,0.9988,positif,positif,negatif,soraya
gc81ZkY-Kg8,user_dea297b60f0e,False,1728172800,3,positif,0.9908,positif,tanpa_emoji,positif,soraya
gc81ZkY-Kg8,user_9a0375f315fc,False,1728172800,4,negatif,0.9666,netral,netral,negatif,soraya
gc81ZkY-Kg8,user_bdec0336780c,False,1728172800,6,negatif,0.9909,negatif,netral,negatif,soraya
gc81ZkY-Kg8,user_c01b6235b149,True,1728172800,3,negatif,0.9974,netral,tanpa_emoji,negatif,soraya
gc81ZkY-Kg8,user_e91d66d73e37,False,1728172800,5,netral,0.6216,netral,netral,netral,soraya
gc81ZkY-Kg8,user_312ffd9f06cc,False,1728172800,4,negatif,0.791,netral,tanpa_emoji,negatif,soraya
gc81ZkY-Kg8,user_e8c663155d8a,False,1728172800,2,negatif,0.9885,negatif,netral,negatif,soraya
gc81ZkY-Kg8,user_c688ada7197a,False,1728172800,1,negatif,0.599,netral,tanpa_emoji,negatif,soraya
gc81ZkY-Kg8,user_911f13f44e5b,False,1728172800,3,positif,0.992,netral,tanpa_emoji,positif,soraya
gc81ZkY-Kg8,user_bb5f8c9cae67,False,1728172800,0,netral,0.8174,netral,tanpa_emoji,netral,soraya
gc81ZkY-Kg8,user_215ace279f48,False,1728172800,1,negatif,0.9983,netral,netral,negatif,soraya
gc81ZkY-Kg8,user_312ffd9f06cc,False,1728172800,1,positif,0.8346,netral,tanpa_emoji,positif,soraya
gc81ZkY-Kg8,user_adb37cbebb9e,False,1728172800,0,negatif,0.989,positif,tanpa_emoji,negatif,soraya
gc81ZkY-Kg8,user_54215f2bd993,False,1728172800,0,negatif,0.7233,netral,tanpa_emoji,negatif,soraya
gc81ZkY-Kg8,user_47b8ccc6d353,False,1772755200,0,netral,0.7809,netral,tanpa_emoji,netral,soraya
gc81ZkY-Kg8,user_51c0d338ac1d,False,1728172800,1,positif,0.7711,netral,netral,positif,soraya
gc81ZkY-Kg8,user_53128166deaf,False,1728172800,0,positif,0.9429,positif,positif,positif,soraya
gc81ZkY-Kg8,user_cbf2b50d0e65,False,1728172800,1,positif,0.9717,netral,netral,positif,soraya
gc81ZkY-Kg8,user_1eab8f4da2cd,False,1728172800,0,negatif,0.9717,negatif,netral,negatif,soraya
gc81ZkY-Kg8,user_4d8c4ef2257f,False,1728172800,4,positif,0.9944,positif,tanpa_emoji,positif,soraya
gc81ZkY-Kg8,user_3d1602a6dab2,False,1728172800,0,positif,0.8154,netral,tanpa_emoji,positif,soraya
gc81ZkY-Kg8,user_b723b51d266a,False,1728172800,0,negatif,0.7309,netral,netral,negatif,soraya
gc81ZkY-Kg8,user_2d87764b22ad,False,1728172800,0,negatif,0.9888,netral,tanpa_emoji,negatif,soraya
gc81ZkY-Kg8,user_ea683e8cd813,False,1728172800,0,negatif,0.5875,positif,tanpa_emoji,negatif,soraya
gc81ZkY-Kg8,user_4b74a959ffb3,False,1728172800,0,negatif,0.7651,negatif,tanpa_emoji,negatif,soraya
gc81ZkY-Kg8,user_03c66aa1c65a,False,1728172800,0,negatif,0.9454,netral,netral,negatif,soraya
gc81ZkY-Kg8,user_e0304a03fe14,False,1728172800,0,negatif,0.4012,netral,tanpa_emoji,negatif,soraya
gc81ZkY-Kg8,user_68fbc58be269,False,1728172800,0,netral,0.8706,netral,netral,netral,soraya
gc81ZkY-Kg8,user_260609e67845,False,1728172800,3,negatif,0.9948,positif,tanpa_emoji,negatif,soraya
gc81ZkY-Kg8,user_8ec1db9056ae,False,1728172800,0,negatif,0.9989,positif,netral,negatif,soraya
gc81ZkY-Kg8,user_7392df41fa17,False,1728172800,0,negatif,0.9881,netral,tanpa_emoji,negatif,soraya
gc81ZkY-Kg8,user_e4ce72fa00c2,False,1728172800,0,positif,0.7877,netral,tanpa_emoji,positif,soraya
gc81ZkY-Kg8,user_e661b10ecb7d,False,1728172800,6,netral,0.8055,negatif,tanpa_emoji,netral,soraya
gc81ZkY-Kg8,user_a75afe2cf607,True,1728172800,0,netral,0.5714,netral,tanpa_emoji,netral,soraya
gc81ZkY-Kg8,user_68f65dcf2b5e,True,1728172800,0,netral,0.9169,netral,tanpa_emoji,netral,soraya
gc81ZkY-Kg8,user_a11648e89a14,False,1728172800,0,negatif,0.997,netral,netral,negatif,soraya
gc81ZkY-Kg8,user_c4feb5d2d84f,False,1728172800,2,negatif,0.9993,negatif,tanpa_emoji,negatif,soraya
gc81ZkY-Kg8,user_6fa895e8d8f3,False,1728172800,0,negatif,0.5678,netral,netral,negatif,soraya
gc81ZkY-Kg8,user_3549f7e7bf75,False,1728172800,0,negatif,0.9958,netral,netral,negatif,soraya
gc81ZkY-Kg8,user_1a80b92fe552,False,1728172800,0,negatif,0.8675,netral,netral,negatif,soraya
gc81ZkY-Kg8,user_a4d60996ad7f,False,1728172800,0,negatif,0.999,netral,tanpa_emoji,negatif,soraya
gc81ZkY-Kg8,user_d5d301d8facc,False,1728172800,0,negatif,0.972,netral,tanpa_emoji,negatif,soraya
gc81ZkY-Kg8,user_7f9abadeeb88,False,1728172800,0,negatif,0.9991,netral,netral,negatif,soraya
gc81ZkY-Kg8,user_5f142363c36c,False,1728172800,0,positif,0.7838,netral,tanpa_emoji,positif,soraya
gc81ZkY-Kg8,user_2f140a2ab752,False,1728172800,6,negatif,0.996,positif,tanpa_emoji,negatif,soraya
gc81ZkY-Kg8,user_46f9db59d906,True,1728172800,1,negatif,0.9279,netral,tanpa_emoji,negatif,soraya
gc81ZkY-Kg8,user_21cda4dab370,True,1728172800,0,netral,0.9432,netral,tanpa_emoji,netral,soraya
gc81ZkY-Kg8,user_46f9db59d906,True,1728172800,1,negatif,0.9455,positif,tanpa_emoji,negatif,soraya
gc81ZkY-Kg8,user_22491ba3edac,False,1728172800,1,netral,0.699,netral,tanpa_emoji,netral,soraya
ky6MO1r3UVg,user_03d56f774773,False,1728172800,74,negatif,0.997,netral,netral,negatif,soraya
ky6MO1r3UVg,user_51f6bb526f15,False,1728172800,278,negatif,0.9323,netral,tanpa_emoji,negatif,soraya
ky6MO1r3UVg,user_8124f4fdd524,True,1728172800,32,negatif,0.5978,netral,netral,negatif,soraya
ky6MO1r3UVg,user_6287b8742af7,True,1728172800,0,netral,0.8584,netral,netral,netral,soraya
ky6MO1r3UVg,user_f7b248ec43ca,True,1728172800,8,negatif,0.9549,netral,netral,negatif,soraya
ky6MO1r3UVg,user_f0c88992a67d,True,1728172800,4,negatif,0.9989,netral,netral,negatif,soraya
ky6MO1r3UVg,user_7f21ba819c58,True,1728172800,2,negatif,0.9934,netral,netral,netral,soraya
ky6MO1r3UVg,user_ed10e52b36ef,True,1728172800,0,negatif,0.9089,netral,tanpa_emoji,negatif,soraya
ky6MO1r3UVg,user_be0b6b883a90,True,1728172800,0,negatif,0.9378,netral,tanpa_emoji,negatif,soraya
ky6MO1r3UVg,user_f1414478ae5b,False,1728172800,48,negatif,0.6571,netral,tanpa_emoji,negatif,soraya
ky6MO1r3UVg,user_76dcd70b3707,False,1728172800,244,negatif,0.4063,netral,netral,negatif,soraya
ky6MO1r3UVg,user_b400c8c1fb61,True,1728172800,3,positif,0.9772,netral,tanpa_emoji,positif,soraya
ky6MO1r3UVg,user_e6545c0321e2,False,1728172800,29,negatif,0.6474,netral,tanpa_emoji,negatif,soraya
ky6MO1r3UVg,user_effb4eba8757,False,1728172800,162,negatif,0.9933,netral,tanpa_emoji,negatif,soraya
ky6MO1r3UVg,user_81ba919eef19,True,1728172800,12,netral,0.5017,netral,tanpa_emoji,netral,soraya
ky6MO1r3UVg,user_8b24d7993856,False,1728172800,33,negatif,0.988,netral,netral,negatif,soraya
ky6MO1r3UVg,user_1c8500cbbbb7,False,1728172800,65,positif,0.9368,positif,positif,positif,soraya
ky6MO1r3UVg,user_a60051a01337,False,1728172800,104,negatif,0.9931,netral,netral,negatif,soraya
ky6MO1r3UVg,user_01868ed14544,True,1728172800,2,positif,0.9579,netral,tanpa_emoji,positif,soraya
ky6MO1r3UVg,user_8b9b92f68077,False,1728172800,104,negatif,0.9964,netral,tanpa_emoji,negatif,soraya
ky6MO1r3UVg,user_c783f83e5214,True,1728172800,0,negatif,0.9973,netral,netral,negatif,soraya
ky6MO1r3UVg,user_fb0852519152,False,1728172800,43,positif,0.4694,positif,positif,positif,soraya
ky6MO1r3UVg,user_1a7aaf6b8dd9,True,1728172800,0,negatif,0.6051,negatif,tanpa_emoji,negatif,soraya
ky6MO1r3UVg,user_8bce398feff4,False,1728172800,26,negatif,0.9429,netral,tanpa_emoji,negatif,soraya
ky6MO1r3UVg,user_cd003f9a848f,False,1728172800,13,positif,0.9955,positif,tanpa_emoji,positif,soraya
ky6MO1r3UVg,user_99fa6f853d0e,False,1728172800,24,negatif,0.9297,netral,tanpa_emoji,negatif,soraya
ky6MO1r3UVg,user_f21504ba7a49,False,1728172800,5,positif,0.9696,netral,netral,positif,soraya
ky6MO1r3UVg,user_cddbda1979af,False,1728172800,30,negatif,0.6182,netral,netral,negatif,soraya
ky6MO1r3UVg,user_5735ea7a3f48,False,1728172800,8,negatif,0.8947,netral,netral,negatif,soraya
ky6MO1r3UVg,user_01e0de38b381,False,1728172800,5,positif,0.8746,netral,tanpa_emoji,positif,soraya
ky6MO1r3UVg,user_40c47c563025,False,1728172800,3,positif,0.9872,positif,positif,positif,soraya
ky6MO1r3UVg,user_f0c88992a67d,False,1728172800,6,positif,0.7047,netral,tanpa_emoji,positif,soraya
ky6MO1r3UVg,user_1b9c87e3d606,False,1728172800,2,negatif,0.9016,netral,tanpa_emoji,negatif,soraya
ky6MO1r3UVg,user_2a3f7b53495d,False,1728172800,3,negatif,0.9969,netral,tanpa_emoji,negatif,soraya
ky6MO1r3UVg,user_1b7e111a21b2,False,1728172800,7,negatif,0.9967,negatif,tanpa_emoji,negatif,soraya
ky6MO1r3UVg,user_f7a25fd6ab37,False,1728172800,1,negatif,0.979,negatif,tanpa_emoji,negatif,soraya
ky6MO1r3UVg,user_246d4972a77d,False,1728172800,2,negatif,0.9839,negatif,negatif,negatif,soraya
ky6MO1r3UVg,user_f6e0b266823e,False,1728172800,2,negatif,0.6656,positif,tanpa_emoji,negatif,soraya
ky6MO1r3UVg,user_f99a66cd3afd,False,1728172800,0,positif,0.9973,positif,tanpa_emoji,positif,soraya
ky6MO1r3UVg,user_bcd314edb5a6,False,1728172800,2,negatif,0.8416,netral,tanpa_emoji,negatif,soraya
ky6MO1r3UVg,user_e53e014c40f9,False,1728172800,1,negatif,0.6065,netral,tanpa_emoji,negatif,soraya
ky6MO1r3UVg,user_554beb5038be,False,1728172800,1,negatif,0.5557,positif,positif,positif,soraya
ky6MO1r3UVg,user_0038f4bec9e5,False,1728172800,0,positif,0.9423,netral,netral,positif,soraya
ky6MO1r3UVg,user_c44e3695314d,False,1728172800,0,positif,0.9546,negatif,netral,positif,soraya
ky6MO1r3UVg,user_84d2cbbae370,False,1728172800,0,positif,0.9288,netral,tanpa_emoji,positif,soraya
ky6MO1r3UVg,user_e881fb5291b7,False,1728172800,1,negatif,0.9884,netral,tanpa_emoji,negatif,soraya
ky6MO1r3UVg,user_7f844f9065c7,False,1728172800,0,positif,0.9825,positif,tanpa_emoji,positif,soraya
ky6MO1r3UVg,user_6fa895e8d8f3,False,1728172800,0,negatif,0.546,netral,tanpa_emoji,negatif,soraya
ky6MO1r3UVg,user_cba6de442c45,False,1728172800,3,negatif,0.6219,netral,netral,negatif,soraya
ky6MO1r3UVg,user_a40e4b58cba2,False,1728172800,0,positif,0.9569,positif,tanpa_emoji,positif,soraya
ky6MO1r3UVg,user_342fb696c6bd,False,1728172800,0,negatif,0.9978,negatif,tanpa_emoji,negatif,soraya
ky6MO1r3UVg,user_0bf7714f9dfd,False,1728172800,0,positif,0.582,netral,tanpa_emoji,positif,soraya
ky6MO1r3UVg,user_702b9be32018,False,1728172800,0,negatif,0.698,positif,positif,negatif,soraya
ky6MO1r3UVg,user_45a9994ebbf2,False,1728172800,1,negatif,0.9989,positif,netral,negatif,soraya
ky6MO1r3UVg,user_4aa727dcc4df,False,1728172800,1,negatif,0.9965,netral,netral,negatif,soraya
ky6MO1r3UVg,user_ba20841eac1b,False,1728172800,0,negatif,0.481,netral,tanpa_emoji,negatif,soraya
ky6MO1r3UVg,user_ea17980aa789,False,1728172800,0,positif,0.8919,positif,positif,positif,soraya
ky6MO1r3UVg,user_9b98d79e9d4e,False,1728172800,1,negatif,0.9393,netral,tanpa_emoji,negatif,soraya
ky6MO1r3UVg,user_77285010b598,False,1728172800,0,negatif,0.5333,netral,netral,negatif,soraya
ky6MO1r3UVg,user_c783f83e5214,False,1728172800,0,negatif,0.9925,positif,netral,negatif,soraya
ky6MO1r3UVg,user_21005ddb7437,False,1728172800,0,negatif,0.9973,netral,netral,negatif,soraya
ky6MO1r3UVg,user_2e8ed390bbac,False,1728172800,0,negatif,0.5723,netral,netral,negatif,soraya
ky6MO1r3UVg,user_c642aec38306,False,1728172800,0,negatif,0.9956,netral,tanpa_emoji,negatif,soraya
ky6MO1r3UVg,user_1c37b62d2b95,False,1728172800,0,negatif,0.9915,netral,tanpa_emoji,negatif,soraya
ky6MO1r3UVg,user_40225c1615a1,False,1728172800,0,negatif,0.9969,netral,tanpa_emoji,negatif,soraya
ky6MO1r3UVg,user_0685fcd95f29,False,1728172800,0,negatif,0.9682,netral,netral,negatif,soraya
ky6MO1r3UVg,user_0fd95b41cb28,False,1728172800,0,positif,0.8612,netral,netral,positif,soraya
ky6MO1r3UVg,user_d99c1ef53471,False,1728172800,1,negatif,0.8916,netral,tanpa_emoji,negatif,soraya
ky6MO1r3UVg,user_3055e0e0f8e9,False,1728172800,0,negatif,0.505,netral,netral,negatif,soraya
ky6MO1r3UVg,user_064757c8e617,False,1728172800,0,negatif,0.9924,netral,tanpa_emoji,negatif,soraya
ky6MO1r3UVg,user_a4482605db82,False,1728172800,0,negatif,0.9684,netral,tanpa_emoji,negatif,soraya
ky6MO1r3UVg,user_69e735d05351,False,1728172800,0,negatif,0.9895,netral,netral,negatif,soraya
ky6MO1r3UVg,user_7efd4c6265e7,False,1728172800,0,negatif,0.9969,netral,netral,negatif,soraya
ky6MO1r3UVg,user_3da74649652c,False,1728172800,1,negatif,0.7298,netral,netral,negatif,soraya
ky6MO1r3UVg,user_2c205c220a7a,False,1728172800,0,negatif,0.5532,netral,netral,negatif,soraya
ky6MO1r3UVg,user_a79d0d2bec44,False,1728172800,0,negatif,0.964,netral,tanpa_emoji,negatif,soraya
ky6MO1r3UVg,user_00931dd5679f,False,1728172800,0,positif,0.9377,netral,netral,positif,soraya
ky6MO1r3UVg,user_78adde86233c,False,1728172800,0,netral,0.9412,netral,tanpa_emoji,netral,soraya
ky6MO1r3UVg,user_bb8e2acf400f,True,1728172800,0,negatif,0.5447,netral,tanpa_emoji,negatif,soraya
ky6MO1r3UVg,user_d2a04f688c3c,False,1728172800,0,negatif,0.9683,netral,netral,negatif,soraya
ky6MO1r3UVg,user_614f6dc09cb8,False,1728172800,4,negatif,0.9979,netral,netral,negatif,soraya
ky6MO1r3UVg,user_30bed8976a52,False,1728172800,0,netral,0.9192,netral,tanpa_emoji,netral,soraya
ky6MO1r3UVg,user_ad1e36e4a30a,False,1728172800,8,negatif,0.8085,netral,tanpa_emoji,negatif,soraya
ky6MO1r3UVg,user_1a26e5ebf2b8,True,1728172800,0,negatif,0.9203,netral,netral,netral,soraya
ky6MO1r3UVg,user_1157bfef6601,False,1728172800,9,negatif,0.9738,netral,tanpa_emoji,negatif,soraya
ky6MO1r3UVg,user_f6e0b266823e,True,1728172800,0,negatif,0.8935,netral,netral,negatif,soraya
ky6MO1r3UVg,user_5fbd104ba16f,False,1728172800,0,negatif,0.9851,negatif,netral,negatif,soraya
ky6MO1r3UVg,user_8ec045f6fc6e,False,1728172800,0,positif,0.9722,netral,netral,positif,soraya
ky6MO1r3UVg,user_7b05d65ae340,False,1728172800,0,negatif,0.9853,netral,netral,negatif,soraya
ky6MO1r3UVg,user_2654dae03873,False,1728172800,0,negatif,0.5485,netral,tanpa_emoji,negatif,soraya
ky6MO1r3UVg,user_5d34ac5f084d,False,1728172800,0,negatif,0.9462,positif,netral,negatif,soraya
ky6MO1r3UVg,user_432ef68c9ad4,False,1728172800,1,netral,0.9752,netral,tanpa_emoji,netral,soraya
ky6MO1r3UVg,user_d9ef10b1445b,False,1728172800,0,negatif,0.5044,netral,netral,negatif,soraya
ky6MO1r3UVg,user_f7d0539e6641,False,1728172800,0,negatif,0.8238,netral,netral,negatif,soraya
ky6MO1r3UVg,user_efa736bb8e5e,False,1728172800,0,negatif,0.9973,netral,tanpa_emoji,negatif,soraya
ky6MO1r3UVg,user_f62bb9fd5dee,False,1728172800,1,positif,0.4362,netral,tanpa_emoji,positif,soraya
ky6MO1r3UVg,user_874469fe631a,False,1728172800,0,netral,0.5734,netral,tanpa_emoji,netral,soraya
ky6MO1r3UVg,user_4b74a959ffb3,False,1728172800,0,positif,0.598,netral,tanpa_emoji,positif,soraya
ky6MO1r3UVg,user_8728065c9eb6,False,1728172800,0,negatif,0.9759,netral,netral,negatif,soraya
ky6MO1r3UVg,user_bcfbe5e730bd,False,1728172800,0,negatif,0.9628,positif,tanpa_emoji,negatif,soraya
ky6MO1r3UVg,user_b861cb9f5393,False,1728172800,0,negatif,0.9983,netral,tanpa_emoji,negatif,soraya
ky6MO1r3UVg,user_02ba5c4db6c4,False,1728172800,5,netral,0.6364,netral,tanpa_emoji,netral,soraya
ky6MO1r3UVg,user_a5356b52f6d9,False,1728172800,0,positif,0.9725,netral,netral,positif,soraya
ky6MO1r3UVg,user_a4ed085e90a0,False,1728172800,0,negatif,0.9846,netral,netral,negatif,soraya
ky6MO1r3UVg,user_987dee5f7980,False,1728172800,0,negatif,0.7796,netral,netral,negatif,soraya
ky6MO1r3UVg,user_02290afaee8b,False,1728172800,0,negatif,0.5776,positif,positif,positif,soraya
ky6MO1r3UVg,user_f2bdced2d39b,False,1728172800,2,positif,0.6195,positif,tanpa_emoji,positif,soraya
ky6MO1r3UVg,user_ee1ba65da4c3,False,1728172800,0,negatif,0.8041,netral,netral,negatif,soraya
ky6MO1r3UVg,user_032f49af93fb,False,1728172800,0,negatif,0.986,netral,netral,negatif,soraya
ky6MO1r3UVg,user_e6bc158e5f47,False,1728172800,0,negatif,0.9918,negatif,tanpa_emoji,negatif,soraya
ky6MO1r3UVg,user_63e69170106f,False,1728172800,0,negatif,0.9895,positif,tanpa_emoji,negatif,soraya
ky6MO1r3UVg,user_96688ea40c12,False,1728172800,0,negatif,0.9921,netral,netral,negatif,soraya
ky6MO1r3UVg,user_650dac1b434c,False,1728172800,1,negatif,0.9978,netral,netral,negatif,soraya
ky6MO1r3UVg,user_9984f419ddf3,False,1728172800,1,negatif,0.9982,netral,netral,negatif,soraya
ky6MO1r3UVg,user_8b20fa8b2ed3,False,1728172800,0,negatif,0.8066,negatif,tanpa_emoji,negatif,soraya
ky6MO1r3UVg,user_c975aa8940c5,False,1728172800,0,netral,0.5705,netral,tanpa_emoji,netral,soraya
ky6MO1r3UVg,user_80f9613e23cf,False,1728172800,0,negatif,0.9767,negatif,tanpa_emoji,negatif,soraya
ky6MO1r3UVg,user_1c380988f080,False,1728172800,0,negatif,0.9915,netral,tanpa_emoji,negatif,soraya
ky6MO1r3UVg,user_1a7aaf6b8dd9,False,1728172800,0,negatif,0.9748,negatif,netral,negatif,soraya
ky6MO1r3UVg,user_b7aa4aa9f741,False,1728172800,0,negatif,0.9873,netral,netral,negatif,soraya
ky6MO1r3UVg,user_a960d1b3a95a,False,1728172800,4,negatif,0.9905,positif,tanpa_emoji,negatif,soraya
ky6MO1r3UVg,user_4a64dc528f9b,False,1728172800,0,negatif,0.8977,positif,tanpa_emoji,negatif,soraya
ky6MO1r3UVg,user_b3a6f740a4a2,False,1728172800,0,negatif,0.9963,netral,tanpa_emoji,negatif,soraya
ky6MO1r3UVg,user_2031ed9abfb2,False,1728172800,0,netral,0.5457,netral,netral,netral,soraya
ky6MO1r3UVg,user_59467282999d,False,1728172800,0,negatif,0.9386,netral,netral,negatif,soraya
ky6MO1r3UVg,user_48a739f8b6f7,False,1728172800,0,negatif,0.7981,netral,netral,negatif,soraya
ky6MO1r3UVg,user_1ee4d7cfffcb,False,1728172800,0,netral,0.6687,netral,tanpa_emoji,netral,soraya
ky6MO1r3UVg,user_5835fbe396d1,False,1728172800,0,negatif,0.9575,netral,tanpa_emoji,negatif,soraya
ky6MO1r3UVg,user_5835fbe396d1,True,1728172800,0,negatif,0.9987,netral,netral,negatif,soraya
ky6MO1r3UVg,user_b3af300ed8c2,False,1728172800,0,negatif,0.9951,netral,netral,negatif,soraya
ky6MO1r3UVg,user_cab059a06c17,False,1728172800,0,negatif,0.9991,netral,netral,negatif,soraya
ky6MO1r3UVg,user_6895beecc9d3,False,1728172800,0,negatif,0.9492,negatif,tanpa_emoji,negatif,soraya
ky6MO1r3UVg,user_2ae43a023d7e,True,1728172800,0,netral,0.884,netral,tanpa_emoji,netral,soraya
ky6MO1r3UVg,user_6895beecc9d3,True,1728172800,0,netral,0.9704,netral,tanpa_emoji,netral,soraya
ky6MO1r3UVg,user_626eca6de4d1,False,1728172800,0,negatif,0.9867,netral,netral,negatif,soraya
ky6MO1r3UVg,user_9bd1abd0cd98,False,1728172800,0,negatif,0.998,netral,tanpa_emoji,negatif,soraya
ky6MO1r3UVg,user_dbe1e1cdd61f,False,1728172800,0,negatif,0.999,negatif,negatif,negatif,soraya
ky6MO1r3UVg,user_09baeadfa450,False,1728172800,0,negatif,0.9913,negatif,tanpa_emoji,negatif,soraya
ky6MO1r3UVg,user_29522ad37f91,False,1728172800,0,negatif,0.9979,negatif,tanpa_emoji,negatif,soraya
ky6MO1r3UVg,user_4de73e973c2d,True,1728172800,0,negatif,0.9934,netral,tanpa_emoji,negatif,soraya
ky6MO1r3UVg,user_83000e02eb29,False,1728172800,0,negatif,0.9838,netral,tanpa_emoji,negatif,soraya
ky6MO1r3UVg,user_9bffc9d84bc1,False,1728172800,0,negatif,0.9888,netral,tanpa_emoji,negatif,soraya
ky6MO1r3UVg,user_9984f419ddf3,True,1728172800,1,negatif,0.9961,netral,tanpa_emoji,negatif,soraya
ky6MO1r3UVg,user_78ddbbff8062,True,1728172800,0,negatif,0.8689,netral,tanpa_emoji,negatif,soraya
ky6MO1r3UVg,user_1879bc2a284c,False,1728172800,0,negatif,0.9337,netral,tanpa_emoji,negatif,soraya
ky6MO1r3UVg,user_392f606ddb4a,False,1728172800,0,negatif,0.9995,negatif,tanpa_emoji,negatif,soraya
ky6MO1r3UVg,user_908c4c6b3b2c,True,1728172800,0,negatif,0.618,netral,tanpa_emoji,negatif,soraya
u16-sKOCTUo,user_4d54f6734999,False,1770336000,86,positif,0.993,positif,positif,positif,soraya
u16-sKOCTUo,user_2229d38154c3,False,1770336000,90,positif,0.5323,negatif,tanpa_emoji,positif,soraya
u16-sKOCTUo,user_593542003874,False,1770336000,252,positif,0.9843,positif,tanpa_emoji,positif,soraya
u16-sKOCTUo,user_9cf08f94360d,True,1770336000,9,negatif,0.9431,netral,tanpa_emoji,negatif,soraya
u16-sKOCTUo,user_0a958d96fc3f,True,1770336000,4,negatif,0.9882,negatif,tanpa_emoji,negatif,soraya
u16-sKOCTUo,user_35f8b2316f84,True,1772755200,3,netral,0.8178,positif,tanpa_emoji,netral,soraya
u16-sKOCTUo,user_e28f35b177f3,True,1775433600,1,netral,0.9852,netral,tanpa_emoji,netral,soraya
u16-sKOCTUo,user_ac8083dfe5d9,True,1770336000,4,negatif,0.9881,netral,tanpa_emoji,negatif,soraya
u16-sKOCTUo,user_75672a44329f,True,1770336000,3,negatif,0.9918,netral,tanpa_emoji,negatif,soraya
u16-sKOCTUo,user_2e4f0452ab7f,True,1772755200,2,negatif,0.9977,positif,positif,negatif,soraya
u16-sKOCTUo,user_17937f97b5e6,True,1775433600,1,netral,0.6364,netral,tanpa_emoji,netral,soraya
u16-sKOCTUo,user_28eafeb0022f,False,1770336000,351,positif,0.9957,netral,tanpa_emoji,positif,soraya
u16-sKOCTUo,user_8a8e4ff427f4,True,1770336000,13,positif,0.818,netral,tanpa_emoji,positif,soraya
u16-sKOCTUo,user_941503c5da27,True,1770336000,2,negatif,0.9346,netral,netral,negatif,soraya
u16-sKOCTUo,user_9eb458de7b1d,True,1770336000,2,negatif,0.8915,positif,netral,negatif,soraya
u16-sKOCTUo,user_eb4cd1dc28f2,True,1770336000,6,positif,0.8626,positif,positif,positif,soraya
u16-sKOCTUo,user_f51ec0798e6d,True,1770336000,4,positif,0.6456,netral,tanpa_emoji,positif,soraya
u16-sKOCTUo,user_8ea0d14a57c3,True,1770336000,4,netral,0.504,netral,netral,netral,soraya
u16-sKOCTUo,user_4373d4908ee8,True,1770336000,3,negatif,0.997,netral,tanpa_emoji,negatif,soraya
u16-sKOCTUo,user_c6af6d6285fb,True,1770336000,3,negatif,0.8442,netral,tanpa_emoji,negatif,soraya
u16-sKOCTUo,user_f8025f8df694,True,1770336000,3,negatif,0.8775,netral,tanpa_emoji,negatif,soraya
u16-sKOCTUo,user_3da7d3a60ae9,True,1770336000,2,negatif,0.9569,netral,tanpa_emoji,negatif,soraya
u16-sKOCTUo,user_f733b1c9cb7f,True,1770336000,1,negatif,0.9301,netral,tanpa_emoji,negatif,soraya
u16-sKOCTUo,user_b97ff30b3f01,True,1770336000,1,negatif,0.9982,negatif,tanpa_emoji,negatif,soraya
u16-sKOCTUo,user_8ea0d14a57c3,True,1770336000,1,negatif,0.9802,negatif,tanpa_emoji,negatif,soraya
u16-sKOCTUo,user_46c0ce118bc1,True,1770336000,1,negatif,0.9991,negatif,tanpa_emoji,negatif,soraya
u16-sKOCTUo,user_e37599ce760d,True,1772755200,1,negatif,0.9293,positif,positif,positif,soraya
u16-sKOCTUo,user_c221fe01c202,True,1772755200,1,negatif,0.7486,positif,positif,positif,soraya
u16-sKOCTUo,user_2e4f0452ab7f,True,1772755200,1,negatif,0.6945,netral,tanpa_emoji,negatif,soraya
u16-sKOCTUo,user_17937f97b5e6,True,1775433600,1,netral,0.6364,netral,tanpa_emoji,netral,soraya
u16-sKOCTUo,user_617a2df75d4c,True,1775433600,1,negatif,0.9938,negatif,tanpa_emoji,negatif,soraya
u16-sKOCTUo,user_4c28b9a35eba,True,1778025600,1,negatif,0.995,netral,tanpa_emoji,negatif,soraya
u16-sKOCTUo,user_b68757f18845,True,1770336000,4,negatif,0.6911,negatif,tanpa_emoji,negatif,soraya
u16-sKOCTUo,user_222f58e71dfb,True,1770336000,3,negatif,0.7907,positif,tanpa_emoji,negatif,soraya
u16-sKOCTUo,user_c9fd9aa90b3e,True,1770336000,1,negatif,0.9126,positif,positif,negatif,soraya
u16-sKOCTUo,user_dcc76109f391,True,1772755200,1,positif,0.6284,positif,tanpa_emoji,positif,soraya
u16-sKOCTUo,user_d96a2e60ecbe,False,1770336000,22,negatif,0.9409,positif,tanpa_emoji,negatif,soraya
u16-sKOCTUo,user_eca878d7a853,False,1770336000,26,netral,0.7984,netral,tanpa_emoji,netral,soraya
u16-sKOCTUo,user_e070725653c0,False,1770336000,177,positif,0.9804,positif,positif,positif,soraya
u16-sKOCTUo,user_aafc9af123ba,True,1772755200,3,negatif,0.8843,negatif,tanpa_emoji,negatif,soraya
u16-sKOCTUo,user_17937f97b5e6,True,1775433600,1,netral,0.6364,netral,tanpa_emoji,netral,soraya
u16-sKOCTUo,user_acd171882fde,False,1770336000,16,positif,0.5184,netral,tanpa_emoji,positif,soraya
u16-sKOCTUo,user_79fedea4f250,False,1770336000,11,positif,0.6934,netral,tanpa_emoji,positif,soraya
u16-sKOCTUo,user_373dcb047442,False,1770336000,59,positif,0.9525,netral,tanpa_emoji,positif,soraya
u16-sKOCTUo,user_5f96681091ea,True,1770336000,3,negatif,0.9899,negatif,tanpa_emoji,negatif,soraya
u16-sKOCTUo,user_2f9d5a2be1a1,True,1770336000,10,positif,0.6086,positif,tanpa_emoji,positif,soraya
u16-sKOCTUo,user_5f96681091ea,True,1770336000,2,negatif,0.66,netral,tanpa_emoji,negatif,soraya
u16-sKOCTUo,user_2f9d5a2be1a1,True,1770336000,4,positif,0.4757,positif,tanpa_emoji,positif,soraya
u16-sKOCTUo,user_8a46f0ccf3a9,True,1772755200,1,negatif,0.5586,negatif,tanpa_emoji,negatif,soraya
u16-sKOCTUo,user_5f96681091ea,True,1772755200,1,negatif,0.5945,netral,tanpa_emoji,negatif,soraya
u16-sKOCTUo,user_280a403033cb,False,1775433600,2,positif,0.9746,positif,tanpa_emoji,positif,soraya
u16-sKOCTUo,user_2229d38154c3,False,1770336000,43,negatif,0.9938,positif,tanpa_emoji,negatif,soraya
u16-sKOCTUo,user_07ba312cccad,True,1770336000,5,negatif,0.604,netral,tanpa_emoji,negatif,soraya
u16-sKOCTUo,user_78a8ec09cfbb,False,1775433600,2,negatif,0.8984,netral,tanpa_emoji,negatif,soraya
u16-sKOCTUo,user_56216f8e70f4,False,1770336000,8,positif,0.993,netral,netral,positif,soraya
u16-sKOCTUo,user_0100470e7c05,False,1770336000,36,positif,0.8184,positif,positif,positif,soraya
u16-sKOCTUo,user_15bc096cba24,True,1770336000,0,negatif,0.6547,netral,tanpa_emoji,negatif,soraya
u16-sKOCTUo,user_27a532b465c2,False,1775433600,3,positif,0.9963,positif,positif,positif,soraya
u16-sKOCTUo,user_a23f75e5eab6,False,1770336000,5,positif,0.9985,positif,positif,positif,soraya
u16-sKOCTUo,user_1c9d9dffd0a6,False,1770336000,3,positif,0.9833,positif,positif,positif,soraya
u16-sKOCTUo,user_7a840ee0f60a,False,1770336000,3,negatif,0.9937,positif,positif,negatif,soraya
u16-sKOCTUo,user_e17ea7763638,False,1770336000,6,positif,0.7828,positif,positif,positif,soraya
u16-sKOCTUo,user_ec963a0e2d4b,False,1770336000,7,negatif,0.9923,positif,positif,negatif,soraya
u16-sKOCTUo,user_6983f811ac7c,False,1775433600,2,positif,0.9963,positif,positif,positif,soraya
u16-sKOCTUo,user_068214ce2621,False,1775433600,1,netral,0.6947,positif,positif,netral,soraya
u16-sKOCTUo,user_a01ae9a96df5,False,1770336000,2,positif,0.9843,positif,tanpa_emoji,positif,soraya
u16-sKOCTUo,user_c2b83f720708,False,1770336000,3,positif,0.9987,positif,tanpa_emoji,positif,soraya
u16-sKOCTUo,user_113790fac5ed,False,1775433600,1,positif,0.9964,positif,positif,positif,soraya
u16-sKOCTUo,user_e17ea7763638,False,1770336000,15,positif,0.9706,positif,positif,positif,soraya
u16-sKOCTUo,user_4fa0aae5704a,False,1772755200,2,positif,0.9974,positif,positif,positif,soraya
u16-sKOCTUo,user_1686104f4fb1,False,1775433600,1,positif,0.4858,positif,tanpa_emoji,positif,soraya
u16-sKOCTUo,user_86685625c362,False,1772755200,3,positif,0.9984,positif,tanpa_emoji,positif,soraya
u16-sKOCTUo,user_c90dc0afed56,False,1770336000,2,positif,0.9581,positif,tanpa_emoji,positif,soraya
u16-sKOCTUo,user_b78748f36d8e,False,1770336000,89,positif,0.9657,positif,tanpa_emoji,positif,soraya
u16-sKOCTUo,user_043fdcfc2cdd,True,1770336000,6,netral,0.4375,positif,tanpa_emoji,netral,soraya
u16-sKOCTUo,user_9c163c1c7038,True,1770336000,6,netral,0.9934,netral,tanpa_emoji,netral,soraya
u16-sKOCTUo,user_45cfe2e44aaa,True,1770336000,5,positif,0.4389,negatif,tanpa_emoji,positif,soraya
u16-sKOCTUo,user_a0c996a84d0e,True,1772755200,5,netral,0.5667,netral,tanpa_emoji,netral,soraya
u16-sKOCTUo,user_6114c96dec64,True,1772755200,7,negatif,0.8499,netral,tanpa_emoji,negatif,soraya
u16-sKOCTUo,user_0fcdc86277a5,True,1775433600,2,negatif,0.6095,netral,tanpa_emoji,negatif,soraya
u16-sKOCTUo,user_e28f35b177f3,True,1775433600,1,negatif,0.9401,negatif,tanpa_emoji,negatif,soraya
u16-sKOCTUo,user_2d011d4e9ef7,False,1770336000,2,positif,0.986,positif,tanpa_emoji,positif,soraya
u16-sKOCTUo,user_1d0345fb74e1,False,1775433600,1,positif,0.9817,netral,tanpa_emoji,positif,soraya
u16-sKOCTUo,user_65d6a3f2122d,False,1770336000,2,positif,0.9522,positif,positif,positif,soraya
u16-sKOCTUo,user_10ee33a7fbac,False,1778025600,1,negatif,0.6338,positif,tanpa_emoji,negatif,soraya
u16-sKOCTUo,user_ec193d57d81a,False,1775433600,1,positif,0.8379,positif,tanpa_emoji,positif,soraya
u16-sKOCTUo,user_599172ae83db,False,1770336000,2,positif,0.994,positif,tanpa_emoji,positif,soraya
u16-sKOCTUo,user_ebc2cb6a9e71,False,1770336000,2,positif,0.9799,positif,positif,positif,soraya
u16-sKOCTUo,user_54331815230e,False,1770336000,15,positif,0.9845,positif,positif,positif,soraya
u16-sKOCTUo,user_34f7aff694cd,True,1772755200,0,negatif,0.9461,netral,tanpa_emoji,negatif,soraya
u16-sKOCTUo,user_54331815230e,True,1772755200,0,negatif,0.8592,netral,tanpa_emoji,negatif,soraya
u16-sKOCTUo,user_d14ea1296243,False,1770336000,2,positif,0.9696,netral,netral,positif,soraya
u16-sKOCTUo,user_e2e3909936b7,False,1775433600,1,positif,0.9872,positif,tanpa_emoji,positif,soraya
u16-sKOCTUo,user_8383a7e3fd5c,False,1770336000,1,negatif,0.9663,positif,tanpa_emoji,negatif,soraya
u16-sKOCTUo,user_3b6be22b8630,False,1770336000,1,positif,0.9974,positif,tanpa_emoji,positif,soraya
u16-sKOCTUo,user_1302757f1a3b,False,1770336000,1,netral,0.8654,positif,positif,netral,soraya
u16-sKOCTUo,user_403e0fe1c7a7,False,1770336000,1,positif,0.9931,positif,tanpa_emoji,positif,soraya
u16-sKOCTUo,user_33ca099a6abd,False,1770336000,2,negatif,0.9102,netral,tanpa_emoji,negatif,soraya
u16-sKOCTUo,user_b4c5e5d74010,False,1770336000,1,positif,0.5372,netral,tanpa_emoji,positif,soraya
u16-sKOCTUo,user_e5317a14a6ca,False,1770336000,1,positif,0.9938,positif,tanpa_emoji,positif,soraya
u16-sKOCTUo,user_ab3b039e2aac,False,1770336000,1,netral,0.9726,netral,tanpa_emoji,netral,soraya
u16-sKOCTUo,user_1686104f4fb1,False,1775433600,1,netral,0.6406,netral,tanpa_emoji,netral,soraya
u16-sKOCTUo,user_fd0d73f9bf71,False,1770336000,1,positif,0.9001,positif,netral,positif,soraya
u16-sKOCTUo,user_75c6000bb186,False,1770336000,7,negatif,0.9988,netral,netral,negatif,soraya
u16-sKOCTUo,user_624134ee6989,False,1770336000,1,positif,0.862,positif,positif,positif,soraya
u16-sKOCTUo,user_ade15c1dcce8,False,1770336000,1,positif,0.8127,netral,tanpa_emoji,positif,soraya
u16-sKOCTUo,user_c1e120ee9074,False,1775433600,1,positif,0.9971,positif,tanpa_emoji,positif,soraya
u16-sKOCTUo,user_85a88eb377c7,False,1775433600,0,positif,0.5722,positif,positif,positif,soraya
u16-sKOCTUo,user_67e23d2ba06f,False,1770336000,1,positif,0.8799,netral,tanpa_emoji,positif,soraya
u16-sKOCTUo,user_e315cfbc7d47,False,1770336000,1,positif,0.9618,netral,tanpa_emoji,positif,soraya
u16-sKOCTUo,user_f6e1d876a6d2,False,1770336000,0,positif,0.9876,positif,tanpa_emoji,positif,soraya
u16-sKOCTUo,user_a398e0e4ea50,False,1772755200,0,positif,0.9954,positif,tanpa_emoji,positif,soraya
u16-sKOCTUo,user_86cfd2822e32,False,1770336000,18,positif,0.9916,positif,positif,positif,soraya
u16-sKOCTUo,user_813fd027a207,True,1772755200,0,negatif,0.8084,positif,netral,negatif,soraya
u16-sKOCTUo,user_17937f97b5e6,True,1775433600,0,netral,0.6364,netral,tanpa_emoji,netral,soraya
u16-sKOCTUo,user_234037025d83,False,1770336000,0,positif,0.6071,positif,positif,positif,soraya
u16-sKOCTUo,user_8b3917f1b319,False,1775433600,1,negatif,0.8321,netral,tanpa_emoji,negatif,soraya
u16-sKOCTUo,user_8cc6f4f7b0d3,False,1770336000,1,positif,0.9635,positif,positif,positif,soraya
u16-sKOCTUo,user_4c47ad2d3846,False,1770336000,0,negatif,0.5096,positif,positif,positif,soraya
u16-sKOCTUo,user_3a0b6bc569c4,False,1770336000,0,negatif,0.5564,netral,netral,negatif,soraya
u16-sKOCTUo,user_d467dc02cc12,False,1785974400,0,positif,0.9968,positif,tanpa_emoji,positif,soraya
u16-sKOCTUo,user_844c214c2ae5,False,1772755200,0,positif,0.977,positif,positif,positif,soraya
u16-sKOCTUo,user_00a2b369f505,False,1770336000,1,positif,0.9814,positif,tanpa_emoji,positif,soraya
u16-sKOCTUo,user_654f487a7299,False,1770336000,1,negatif,0.8252,positif,positif,negatif,soraya
u16-sKOCTUo,user_ee63f3545848,False,1770336000,0,positif,0.9016,positif,positif,positif,soraya
u16-sKOCTUo,user_92a6780ff067,False,1770336000,5,positif,0.9878,positif,positif,positif,soraya
u16-sKOCTUo,user_303f4a1026eb,True,1770336000,0,netral,0.8768,negatif,tanpa_emoji,netral,soraya
u16-sKOCTUo,user_a9e5c90a740d,False,1770336000,1,netral,0.6484,positif,positif,netral,soraya
u16-sKOCTUo,user_4bb48b5e867a,False,1770336000,1,positif,0.9974,netral,tanpa_emoji,positif,soraya
u16-sKOCTUo,user_985600781c5d,False,1772755200,0,positif,0.9931,positif,positif,positif,soraya
u16-sKOCTUo,user_1ddaa465bc21,False,1770336000,0,positif,0.8755,netral,tanpa_emoji,positif,soraya
u16-sKOCTUo,user_e40d6345f803,False,1772755200,0,positif,0.8292,positif,positif,positif,soraya
u16-sKOCTUo,user_3c1615a7d782,False,1770336000,1,positif,0.9835,positif,positif,positif,soraya
u16-sKOCTUo,user_e956267fa81e,False,1770336000,0,negatif,0.999,negatif,tanpa_emoji,negatif,soraya
u16-sKOCTUo,user_8605c6b35171,False,1770336000,1,netral,0.717,netral,tanpa_emoji,netral,soraya
u16-sKOCTUo,user_db12fa43d1a6,False,1770336000,0,positif,0.9609,positif,tanpa_emoji,positif,soraya
u16-sKOCTUo,user_cbf293ab85fe,False,1770336000,0,positif,0.994,positif,tanpa_emoji,positif,soraya
u16-sKOCTUo,user_5e8de80b55b6,False,1770336000,0,positif,0.9891,positif,tanpa_emoji,positif,soraya
u16-sKOCTUo,user_923da5cc0368,False,1770336000,4,negatif,0.8515,netral,netral,negatif,soraya
u16-sKOCTUo,user_0f04c0f8c0cf,False,1770336000,0,positif,0.9008,positif,tanpa_emoji,positif,soraya
u16-sKOCTUo,user_7cc80d897772,False,1772755200,0,positif,0.9943,positif,positif,positif,soraya
u16-sKOCTUo,user_462503b1b1b4,False,1770336000,0,positif,0.9044,positif,tanpa_emoji,positif,soraya
u16-sKOCTUo,user_531dc4d7d768,False,1772755200,0,negatif,0.9907,netral,tanpa_emoji,negatif,soraya
u16-sKOCTUo,user_a520bb40ca6a,False,1770336000,1,netral,0.4526,positif,positif,positif,soraya
u16-sKOCTUo,user_ca7db1198582,False,1772755200,0,negatif,0.9687,netral,tanpa_emoji,negatif,soraya
u16-sKOCTUo,user_3490490976c4,False,1770336000,0,positif,0.9844,positif,positif,positif,soraya
u16-sKOCTUo,user_7031f01005bd,False,1770336000,0,positif,0.9645,positif,tanpa_emoji,positif,soraya
u16-sKOCTUo,user_4f9833b3be98,False,1770336000,0,positif,0.9987,positif,positif,positif,soraya
u16-sKOCTUo,user_22c8a9412a99,False,1772755200,0,positif,0.8751,positif,tanpa_emoji,positif,soraya
u16-sKOCTUo,user_d1e8dbdbc2ab,False,1770336000,0,netral,0.8864,positif,tanpa_emoji,netral,soraya
u16-sKOCTUo,user_2d1ba081f975,False,1770336000,0,positif,0.5942,netral,netral,positif,soraya
u16-sKOCTUo,user_53aef70cc618,False,1775433600,0,positif,0.9,positif,tanpa_emoji,positif,soraya
u16-sKOCTUo,user_231e54ebe78d,False,1770336000,1,positif,0.9677,positif,netral,positif,soraya
u16-sKOCTUo,user_66fa8bc99c94,False,1772755200,0,negatif,0.8469,netral,tanpa_emoji,negatif,soraya
u16-sKOCTUo,user_b2de55db6362,False,1772755200,0,positif,0.8541,positif,positif,positif,soraya
u16-sKOCTUo,user_519daae62835,False,1770336000,1,positif,0.5981,netral,netral,positif,soraya
u16-sKOCTUo,user_605aa0d2fbd5,False,1770336000,0,netral,0.463,positif,positif,positif,soraya
u16-sKOCTUo,user_85fd3bfb4679,False,1772755200,0,positif,0.7731,positif,tanpa_emoji,positif,soraya
u16-sKOCTUo,user_54a984454e43,False,1770336000,0,netral,0.8903,netral,tanpa_emoji,netral,soraya
u16-sKOCTUo,user_f2c8e6fd82ac,False,1772755200,0,netral,0.9445,positif,positif,netral,soraya
u16-sKOCTUo,user_1d6f61116fa1,False,1772755200,0,negatif,0.9986,netral,tanpa_emoji,negatif,soraya
u16-sKOCTUo,user_f51ec0798e6d,False,1770336000,0,positif,0.8768,netral,tanpa_emoji,positif,soraya
u16-sKOCTUo,user_957d446f8a6d,False,1770336000,0,positif,0.853,positif,tanpa_emoji,positif,soraya
u16-sKOCTUo,user_e36b9cd215bc,False,1770336000,1,netral,0.4178,netral,tanpa_emoji,netral,soraya
u16-sKOCTUo,user_b4350d75b705,False,1770336000,0,positif,0.9845,positif,positif,positif,soraya
u16-sKOCTUo,user_dd4f31a90fff,False,1772755200,0,negatif,0.5307,netral,tanpa_emoji,negatif,soraya
u16-sKOCTUo,user_b7df7996a3c7,False,1770336000,0,positif,0.8415,positif,tanpa_emoji,positif,soraya
u16-sKOCTUo,user_1b74cad40c57,False,1770336000,0,negatif,0.9603,positif,tanpa_emoji,negatif,soraya
u16-sKOCTUo,user_d51adb4a2b74,False,1770336000,0,netral,0.9833,netral,tanpa_emoji,netral,soraya
u16-sKOCTUo,user_2e4f0452ab7f,False,1772755200,0,netral,0.7175,positif,positif,netral,soraya
u16-sKOCTUo,user_fb44891c5fd1,False,1772755200,0,positif,0.9936,positif,positif,positif,soraya
u16-sKOCTUo,user_2cfaae4fe4bd,False,1770336000,0,negatif,0.683,netral,tanpa_emoji,negatif,soraya
u16-sKOCTUo,user_1005cb588ae1,False,1770336000,0,positif,0.985,positif,tanpa_emoji,positif,soraya
u16-sKOCTUo,user_48539b599f13,False,1770336000,0,netral,0.5099,positif,positif,positif,soraya
u16-sKOCTUo,user_488fe9a38aef,False,1772755200,0,positif,0.9805,positif,tanpa_emoji,positif,soraya
u16-sKOCTUo,user_c47778d3abe1,False,1770336000,0,positif,0.9782,positif,positif,positif,soraya
u16-sKOCTUo,user_9f26e17d42e4,False,1770336000,0,positif,0.9929,positif,tanpa_emoji,positif,soraya
u16-sKOCTUo,user_f7da763c6a47,False,1770336000,0,positif,0.9619,netral,tanpa_emoji,positif,soraya
u16-sKOCTUo,user_9dd05914478e,False,1770336000,0,negatif,0.9982,netral,tanpa_emoji,negatif,soraya
u16-sKOCTUo,user_9fa1947ef0e4,False,1770336000,1,positif,0.4726,positif,tanpa_emoji,positif,soraya
u16-sKOCTUo,user_ccdbba46bd4f,False,1772755200,0,positif,0.9972,positif,tanpa_emoji,positif,soraya
u16-sKOCTUo,user_d16f438d47d6,False,1770336000,0,positif,0.9263,positif,positif,positif,soraya
u16-sKOCTUo,user_8be1e2a9b851,False,1770336000,0,positif,0.9822,positif,tanpa_emoji,positif,soraya
u16-sKOCTUo,user_aa546eb85d0c,False,1770336000,1,negatif,0.8443,netral,tanpa_emoji,negatif,soraya
u16-sKOCTUo,user_889e52993125,False,1770336000,0,negatif,0.848,netral,tanpa_emoji,negatif,soraya
u16-sKOCTUo,user_3f2ea2910c11,False,1770336000,4,netral,0.4737,positif,positif,positif,soraya
u16-sKOCTUo,user_e5cb65388fc1,True,1770336000,0,negatif,0.7171,positif,tanpa_emoji,negatif,soraya
u16-sKOCTUo,user_5e45aeafaa43,False,1770336000,0,negatif,0.9717,positif,positif,negatif,soraya
u16-sKOCTUo,user_7302ca515ad8,False,1770336000,0,positif,0.9962,positif,tanpa_emoji,positif,soraya
u16-sKOCTUo,user_6d85e2d58fe9,False,1770336000,0,positif,0.5354,positif,positif,positif,soraya
u16-sKOCTUo,user_72b15c8eac8e,False,1775433600,1,negatif,0.9649,netral,tanpa_emoji,negatif,soraya
u16-sKOCTUo,user_864901f5f717,False,1772755200,0,positif,0.9915,positif,tanpa_emoji,positif,soraya
u16-sKOCTUo,user_574b9ed3b4bc,False,1775433600,0,negatif,0.9977,netral,tanpa_emoji,negatif,soraya
u16-sKOCTUo,user_a7ceba4f7f5b,False,1770336000,0,netral,0.5416,netral,tanpa_emoji,netral,soraya
u16-sKOCTUo,user_aa87a4e6a4df,False,1770336000,0,positif,0.9937,positif,tanpa_emoji,positif,soraya
u16-sKOCTUo,user_749d0b425c39,False,1770336000,0,positif,0.9816,positif,positif,positif,soraya
u16-sKOCTUo,user_870164780b99,False,1772755200,0,negatif,0.7019,netral,tanpa_emoji,negatif,soraya
u16-sKOCTUo,user_e8d3772a319a,False,1770336000,0,positif,0.9936,positif,netral,positif,soraya
u16-sKOCTUo,user_a8668a508c10,False,1772755200,0,positif,0.9942,positif,netral,positif,soraya
u16-sKOCTUo,user_d967bb15a36c,False,1770336000,0,negatif,0.4815,positif,tanpa_emoji,negatif,soraya
u16-sKOCTUo,user_a9ad68dc7fcd,False,1770336000,0,netral,0.9789,netral,tanpa_emoji,netral,soraya
u16-sKOCTUo,user_aaa7516917f9,False,1770336000,0,positif,0.9923,positif,positif,positif,soraya
u16-sKOCTUo,user_c1d4b91a3202,False,1770336000,0,positif,0.8496,positif,tanpa_emoji,positif,soraya
u16-sKOCTUo,user_5786dbc04f58,False,1770336000,23,negatif,0.8804,netral,netral,negatif,soraya
u16-sKOCTUo,user_749d0b425c39,True,1770336000,3,negatif,0.761,netral,tanpa_emoji,negatif,soraya
u16-sKOCTUo,user_5786dbc04f58,True,1770336000,2,netral,0.7252,netral,tanpa_emoji,netral,soraya
u16-sKOCTUo,user_2c21b5e9a9bc,True,1772755200,0,negatif,0.6691,netral,tanpa_emoji,negatif,soraya
u16-sKOCTUo,user_5786dbc04f58,True,1772755200,0,netral,0.8039,netral,netral,netral,soraya
u16-sKOCTUo,user_17937f97b5e6,True,1775433600,0,netral,0.6605,netral,netral,netral,soraya
u16-sKOCTUo,user_aecfbe93b74c,False,1770336000,0,negatif,0.8813,positif,positif,negatif,soraya
u16-sKOCTUo,user_9de0fdedaa74,False,1770336000,1,negatif,0.6151,netral,tanpa_emoji,negatif,soraya
u16-sKOCTUo,user_368d382230ce,False,1770336000,0,negatif,0.9851,negatif,tanpa_emoji,negatif,soraya
u16-sKOCTUo,user_7ee2b02550a3,False,1770336000,0,positif,0.9821,positif,tanpa_emoji,positif,soraya
u16-sKOCTUo,user_3cc548443a12,False,1770336000,0,positif,0.9792,positif,tanpa_emoji,positif,soraya
u16-sKOCTUo,user_3cde9389f6f4,False,1770336000,0,negatif,0.9705,positif,tanpa_emoji,negatif,soraya
u16-sKOCTUo,user_c6a608e1ee2d,False,1770336000,0,positif,0.9393,positif,positif,positif,soraya
u16-sKOCTUo,user_bf93d85d0098,False,1770336000,0,negatif,0.9079,netral,tanpa_emoji,negatif,soraya
u16-sKOCTUo,user_b9e828da8773,False,1770336000,0,negatif,0.5832,positif,tanpa_emoji,negatif,soraya
u16-sKOCTUo,user_1fd76c0f1c7b,False,1770336000,0,positif,0.9779,netral,tanpa_emoji,positif,soraya
u16-sKOCTUo,user_311f7bd32209,False,1770336000,0,positif,0.886,netral,tanpa_emoji,positif,soraya
u16-sKOCTUo,user_49e6ca082c79,False,1770336000,17,positif,0.9437,netral,tanpa_emoji,positif,soraya
u16-sKOCTUo,user_1ab52715180c,True,1770336000,0,positif,0.8679,positif,positif,positif,soraya
u16-sKOCTUo,user_49e6ca082c79,True,1770336000,2,positif,0.9312,positif,tanpa_emoji,positif,soraya
u16-sKOCTUo,user_97e8edf768d8,True,1770336000,0,negatif,0.8625,netral,tanpa_emoji,negatif,soraya
u16-sKOCTUo,user_49e6ca082c79,True,1770336000,1,positif,0.9391,netral,tanpa_emoji,positif,soraya
u16-sKOCTUo,user_17937f97b5e6,True,1775433600,0,netral,0.6364,netral,tanpa_emoji,netral,soraya
u16-sKOCTUo,user_68686e06378f,False,1772755200,0,positif,0.9501,positif,tanpa_emoji,positif,soraya
u16-sKOCTUo,user_10e40a800e4a,False,1772755200,0,positif,0.9955,negatif,tanpa_emoji,positif,soraya
u16-sKOCTUo,user_04785621ad8b,False,1770336000,0,negatif,0.961,netral,netral,negatif,soraya
u16-sKOCTUo,user_685c9155354e,False,1770336000,0,positif,0.9568,positif,tanpa_emoji,positif,soraya
u16-sKOCTUo,user_0138d401c605,False,1770336000,1,negatif,0.8926,netral,tanpa_emoji,negatif,soraya
u16-sKOCTUo,user_ce8b408af879,False,1785974400,0,negatif,0.922,positif,tanpa_emoji,negatif,soraya
u16-sKOCTUo,user_460dfbaddb92,False,1772755200,1,netral,0.4875,negatif,negatif,negatif,soraya
u16-sKOCTUo,user_b026137d8d13,False,1770336000,6,positif,0.9485,netral,tanpa_emoji,positif,soraya
u16-sKOCTUo,user_07ba312cccad,True,1770336000,1,positif,0.9858,positif,tanpa_emoji,positif,soraya
u16-sKOCTUo,user_ad7167ddd5ac,False,1770336000,0,negatif,0.9529,netral,netral,negatif,soraya
u16-sKOCTUo,user_75d2ccdbac58,False,1775433600,0,negatif,0.5394,positif,netral,negatif,soraya
u16-sKOCTUo,user_fe358975c784,False,1770336000,0,positif,0.9945,positif,tanpa_emoji,positif,soraya
u16-sKOCTUo,user_d63ccef408ec,False,1772755200,2,negatif,0.9797,netral,tanpa_emoji,negatif,soraya
u16-sKOCTUo,user_cd9e35c97a33,True,1772755200,0,netral,0.99,netral,tanpa_emoji,netral,soraya
u16-sKOCTUo,user_2080ab40bbe9,False,1770336000,6,positif,0.9592,positif,tanpa_emoji,positif,soraya
u16-sKOCTUo,user_59f4681309b5,False,1770336000,0,positif,0.9942,positif,tanpa_emoji,positif,soraya
u16-sKOCTUo,user_19d9a8e10992,False,1770336000,0,positif,0.9937,positif,tanpa_emoji,positif,soraya
u16-sKOCTUo,user_6b418137932f,False,1770336000,0,negatif,0.9941,netral,netral,negatif,soraya
u16-sKOCTUo,user_f93b1f84cac7,False,1772755200,0,positif,0.5926,positif,tanpa_emoji,positif,soraya
u16-sKOCTUo,user_fd490ae44e23,False,1770336000,0,positif,0.9914,positif,tanpa_emoji,positif,soraya
u16-sKOCTUo,user_0df3953c0df9,False,1770336000,0,positif,0.8362,positif,tanpa_emoji,positif,soraya
u16-sKOCTUo,user_e788e00fe1a3,False,1772755200,0,negatif,0.9839,positif,netral,negatif,soraya
u16-sKOCTUo,user_6ea98b360f04,False,1770336000,0,negatif,0.5474,positif,tanpa_emoji,negatif,soraya
u16-sKOCTUo,user_abbe57ebf9f4,False,1770336000,1,netral,0.8115,netral,tanpa_emoji,netral,soraya
u16-sKOCTUo,user_2cab5d0cffa7,False,1770336000,0,negatif,0.9521,netral,tanpa_emoji,negatif,soraya
u16-sKOCTUo,user_4959df9e8b10,False,1770336000,1,negatif,0.9401,positif,tanpa_emoji,negatif,soraya
u16-sKOCTUo,user_9f950ba92931,False,1770336000,0,negatif,0.9977,positif,tanpa_emoji,negatif,soraya
u16-sKOCTUo,user_2fde6ac85d27,False,1770336000,0,negatif,0.5115,positif,netral,negatif,soraya
u16-sKOCTUo,user_64d2d332f209,False,1770336000,0,positif,0.9872,netral,tanpa_emoji,positif,soraya
u16-sKOCTUo,user_6b50f438ced8,False,1770336000,1,netral,0.9043,netral,netral,netral,soraya
u16-sKOCTUo,user_a467d3e13a4a,False,1770336000,0,negatif,0.7625,positif,positif,negatif,soraya
u16-sKOCTUo,user_40312df60f0b,False,1775433600,0,positif,0.9894,netral,tanpa_emoji,positif,soraya
u16-sKOCTUo,user_f82c17f7a107,False,1772755200,0,negatif,0.6548,positif,positif,negatif,soraya
u16-sKOCTUo,user_f23f5ff51d55,False,1775433600,3,positif,0.7924,positif,tanpa_emoji,positif,soraya
u16-sKOCTUo,user_618ab2a3df5c,True,1775433600,1,positif,0.489,positif,tanpa_emoji,positif,soraya
u16-sKOCTUo,user_d4e8545787e2,False,1770336000,0,negatif,0.9816,positif,tanpa_emoji,negatif,soraya
u16-sKOCTUo,user_77c93df69434,False,1770336000,0,positif,0.9963,netral,tanpa_emoji,positif,soraya
u16-sKOCTUo,user_5e2f7c6cc24c,False,1770336000,0,positif,0.9959,positif,tanpa_emoji,positif,soraya
u16-sKOCTUo,user_b0654a31f05e,False,1770336000,1,positif,0.9269,positif,tanpa_emoji,positif,soraya
u16-sKOCTUo,user_7cc80d897772,False,1772755200,0,positif,0.9943,positif,positif,positif,soraya
u16-sKOCTUo,user_d73cef9a2d02,False,1770336000,0,positif,0.9659,netral,tanpa_emoji,positif,soraya
u16-sKOCTUo,user_2e4f0452ab7f,False,1772755200,0,positif,0.9919,netral,tanpa_emoji,positif,soraya
u16-sKOCTUo,user_b2f25d9a8bff,False,1770336000,0,negatif,0.8542,positif,tanpa_emoji,negatif,soraya
u16-sKOCTUo,user_897cdf2fc3d7,False,1770336000,0,positif,0.9286,positif,tanpa_emoji,positif,soraya
u16-sKOCTUo,user_66a337baf161,False,1772755200,0,positif,0.9868,positif,tanpa_emoji,positif,soraya
u16-sKOCTUo,user_e212765a61b1,False,1770336000,0,negatif,0.9923,negatif,netral,negatif,soraya
u16-sKOCTUo,user_d54845d4c63d,False,1772755200,0,positif,0.9964,positif,positif,positif,soraya
u16-sKOCTUo,user_5c8b70552248,False,1770336000,0,positif,0.9136,positif,tanpa_emoji,positif,soraya
u16-sKOCTUo,user_c4cf7a993c01,False,1770336000,0,positif,0.9884,positif,positif,positif,soraya
u16-sKOCTUo,user_0a3cc7dd1ba2,False,1770336000,1,negatif,0.7986,positif,tanpa_emoji,negatif,soraya
u16-sKOCTUo,user_28ce9f32d3b1,False,1775433600,0,netral,0.7925,netral,tanpa_emoji,netral,soraya
u16-sKOCTUo,user_0315eb07de77,False,1772755200,0,positif,0.9425,positif,tanpa_emoji,positif,soraya
u16-sKOCTUo,user_47cd82fb38b8,False,1772755200,0,negatif,0.77,netral,tanpa_emoji,negatif,soraya
u16-sKOCTUo,user_2e4f0452ab7f,False,1772755200,0,negatif,0.9581,netral,tanpa_emoji,negatif,soraya
u16-sKOCTUo,user_d3974418289f,False,1772755200,0,positif,0.7529,positif,netral,positif,soraya
u16-sKOCTUo,user_f5e594d6a771,False,1770336000,0,positif,0.9944,positif,positif,positif,soraya
u16-sKOCTUo,user_670d7cbf2dea,False,1770336000,0,netral,0.6913,netral,tanpa_emoji,netral,soraya
u16-sKOCTUo,user_fdb37f8502ce,False,1770336000,0,negatif,0.9345,netral,tanpa_emoji,negatif,soraya
u16-sKOCTUo,user_9e80bc8669d1,False,1770336000,0,negatif,0.9176,netral,tanpa_emoji,negatif,soraya
u16-sKOCTUo,user_ba07a51e7d8e,False,1770336000,0,positif,0.9211,netral,tanpa_emoji,positif,soraya
u16-sKOCTUo,user_49a0825c18d4,False,1770336000,0,positif,0.7971,positif,netral,positif,soraya
u16-sKOCTUo,user_f6082306ff38,False,1770336000,0,netral,0.7286,netral,tanpa_emoji,netral,soraya
u16-sKOCTUo,user_0ea621c2ce6f,False,1770336000,0,negatif,0.564,positif,tanpa_emoji,negatif,soraya
u16-sKOCTUo,user_5e667cff5ce0,False,1770336000,0,netral,0.5283,negatif,tanpa_emoji,netral,soraya
u16-sKOCTUo,user_9bbb5fee0b1a,False,1772755200,0,negatif,0.7641,positif,positif,positif,soraya
u16-sKOCTUo,user_4a704b4df979,False,1778025600,0,negatif,0.9803,positif,tanpa_emoji,negatif,soraya
u16-sKOCTUo,user_5a798fb2c87a,False,1770336000,0,positif,0.9181,positif,tanpa_emoji,positif,soraya
u16-sKOCTUo,user_98ad7b1567f2,False,1775433600,1,negatif,0.5679,positif,netral,negatif,soraya
u16-sKOCTUo,user_cd023b68e12c,False,1770336000,0,positif,0.8892,positif,tanpa_emoji,positif,soraya
u16-sKOCTUo,user_6b0038194a11,False,1770336000,0,negatif,0.6626,netral,tanpa_emoji,negatif,soraya
u16-sKOCTUo,user_17937f97b5e6,False,1775433600,2,netral,0.6605,netral,netral,netral,soraya
u16-sKOCTUo,user_4664b48777a5,False,1770336000,2,positif,0.9705,netral,tanpa_emoji,positif,soraya
u16-sKOCTUo,user_fc4e2088d7a2,False,1772755200,0,positif,0.9802,positif,positif,positif,soraya
u16-sKOCTUo,user_52139912433f,False,1770336000,0,positif,0.7984,netral,tanpa_emoji,positif,soraya
u16-sKOCTUo,user_ac2cb89e6f2c,False,1770336000,0,negatif,0.7507,netral,tanpa_emoji,negatif,soraya
u16-sKOCTUo,user_698596756144,False,1770336000,0,negatif,0.6024,netral,tanpa_emoji,negatif,soraya
u16-sKOCTUo,user_381c4dc191a4,False,1770336000,0,positif,0.9294,positif,tanpa_emoji,positif,soraya
u16-sKOCTUo,user_8686d82fbe5e,False,1772755200,0,negatif,0.6927,positif,positif,negatif,soraya
u16-sKOCTUo,user_0e65879dfd0e,False,1770336000,0,negatif,0.9538,netral,tanpa_emoji,negatif,soraya
u16-sKOCTUo,user_5b8792f8cfe9,False,1772755200,0,negatif,0.921,netral,tanpa_emoji,negatif,soraya
u16-sKOCTUo,user_7a6052ff73d8,False,1770336000,0,negatif,0.9856,positif,positif,positif,soraya
u16-sKOCTUo,user_fc72a363dd9d,False,1770336000,1,negatif,0.811,netral,tanpa_emoji,negatif,soraya
u16-sKOCTUo,user_c55eeee53992,False,1770336000,0,netral,0.725,netral,tanpa_emoji,netral,soraya
u16-sKOCTUo,user_12a22eda2687,False,1770336000,0,positif,0.6054,positif,tanpa_emoji,positif,soraya
u16-sKOCTUo,user_cbaf12243180,False,1770336000,0,positif,0.9789,positif,positif,positif,soraya
u16-sKOCTUo,user_d2b2ff894c4f,False,1772755200,0,negatif,0.9093,positif,positif,positif,soraya
u16-sKOCTUo,user_1d5f203b4d18,False,1770336000,0,positif,0.6918,netral,tanpa_emoji,positif,soraya
u16-sKOCTUo,user_480739aa8dc0,False,1770336000,0,positif,0.6796,positif,tanpa_emoji,positif,soraya
u16-sKOCTUo,user_81833d893e13,False,1775433600,0,positif,0.9964,positif,positif,positif,soraya
u16-sKOCTUo,user_41315d651c28,False,1770336000,0,negatif,0.9916,positif,positif,negatif,soraya
u16-sKOCTUo,user_6a71dc4fbef8,False,1770336000,0,positif,0.7123,positif,tanpa_emoji,positif,soraya
u16-sKOCTUo,user_3332f9036504,False,1770336000,0,positif,0.6715,netral,tanpa_emoji,positif,soraya
u16-sKOCTUo,user_74e84e445b62,False,1772755200,0,negatif,0.785,positif,tanpa_emoji,negatif,soraya
u16-sKOCTUo,user_78338e9a9bdd,False,1772755200,0,negatif,0.9271,netral,tanpa_emoji,negatif,soraya
u16-sKOCTUo,user_1482eb8f474b,False,1770336000,0,positif,0.8567,positif,netral,positif,soraya
u16-sKOCTUo,user_2f786f3f1cc0,False,1772755200,0,positif,0.7669,positif,positif,positif,soraya
u16-sKOCTUo,user_d93b397d4276,False,1770336000,8,negatif,0.6356,positif,netral,negatif,soraya
u16-sKOCTUo,user_0cdad41e9721,True,1770336000,0,negatif,0.9787,positif,positif,negatif,soraya
u16-sKOCTUo,user_2b7223bdb31f,True,1770336000,0,negatif,0.5589,negatif,tanpa_emoji,negatif,soraya
u16-sKOCTUo,user_17937f97b5e6,True,1775433600,0,netral,0.6605,netral,netral,netral,soraya
u16-sKOCTUo,user_8cc6f4f7b0d3,False,1770336000,2,positif,0.7646,positif,positif,positif,soraya
u16-sKOCTUo,user_34ae8915e9df,False,1770336000,0,negatif,0.9926,netral,netral,negatif,soraya
u16-sKOCTUo,user_f888d238ce09,False,1770336000,0,positif,0.9832,positif,tanpa_emoji,positif,soraya
u16-sKOCTUo,user_77a967d85d42,False,1772755200,0,positif,0.9394,positif,tanpa_emoji,positif,soraya
u16-sKOCTUo,user_c80e9f4e25c5,False,1778025600,0,netral,0.8643,netral,tanpa_emoji,netral,soraya
u16-sKOCTUo,user_2c037a827f64,False,1770336000,1,netral,0.5854,positif,positif,positif,soraya
u16-sKOCTUo,user_bce907186c9a,False,1772755200,0,negatif,0.7179,netral,tanpa_emoji,negatif,soraya
u16-sKOCTUo,user_9d0ec4309583,False,1770336000,0,negatif,0.4789,netral,netral,negatif,soraya
u16-sKOCTUo,user_4252ec1a285e,False,1770336000,0,negatif,0.826,positif,tanpa_emoji,negatif,soraya
u16-sKOCTUo,user_eed100f8172d,False,1775433600,0,positif,0.5197,positif,tanpa_emoji,positif,soraya
u16-sKOCTUo,user_ef350d76b4e3,False,1770336000,1,positif,0.4794,netral,tanpa_emoji,positif,soraya
u16-sKOCTUo,user_d553832d4fe2,False,1775433600,1,negatif,0.6071,netral,tanpa_emoji,negatif,soraya
u16-sKOCTUo,user_7edffb664cc0,False,1772755200,0,negatif,0.7864,netral,tanpa_emoji,negatif,soraya
u16-sKOCTUo,user_dd5d717437de,False,1770336000,1,positif,0.7915,netral,tanpa_emoji,positif,soraya
u16-sKOCTUo,user_2d1ba081f975,True,1770336000,0,netral,0.9286,netral,tanpa_emoji,netral,soraya
u16-sKOCTUo,user_892e6fc7afb5,False,1770336000,0,positif,0.9086,netral,tanpa_emoji,positif,soraya
u16-sKOCTUo,user_1206420600de,False,1772755200,0,negatif,0.9237,netral,tanpa_emoji,negatif,soraya
u16-sKOCTUo,user_a8f61dffb84b,True,1775433600,0,netral,0.9247,netral,tanpa_emoji,netral,soraya
u16-sKOCTUo,user_8cf3bffe4a89,False,1770336000,0,negatif,0.7783,netral,tanpa_emoji,negatif,soraya
u16-sKOCTUo,user_2f3ca3300652,False,1775433600,1,negatif,0.9947,netral,tanpa_emoji,negatif,soraya
u16-sKOCTUo,user_4aabdcb244b2,False,1770336000,0,negatif,0.7641,positif,positif,positif,soraya
u16-sKOCTUo,user_bf78d60e03a4,False,1770336000,1,negatif,0.9675,netral,tanpa_emoji,negatif,soraya
u16-sKOCTUo,user_3dee7e0e51f4,False,1770336000,0,negatif,0.9985,negatif,tanpa_emoji,negatif,soraya
u16-sKOCTUo,user_9c1393d0a76f,False,1772755200,0,positif,0.5551,netral,tanpa_emoji,positif,soraya
u16-sKOCTUo,user_517766c0ae05,False,1770336000,0,negatif,0.9273,positif,positif,positif,soraya
u16-sKOCTUo,user_12469b011b54,False,1772755200,0,negatif,0.9969,netral,tanpa_emoji,negatif,soraya
u16-sKOCTUo,user_7c16494d1b9e,False,1770336000,0,positif,0.6797,positif,positif,positif,soraya
u16-sKOCTUo,user_b631f9a2b50a,False,1770336000,0,negatif,0.9978,netral,tanpa_emoji,negatif,soraya
u16-sKOCTUo,user_67609d223d2b,False,1770336000,0,negatif,0.9965,netral,tanpa_emoji,negatif,soraya
u16-sKOCTUo,user_e76cde198333,False,1772755200,0,negatif,0.9026,netral,tanpa_emoji,negatif,soraya
u16-sKOCTUo,user_351ea77cbe79,False,1785974400,0,positif,0.9861,positif,positif,positif,soraya
u16-sKOCTUo,user_652f3c3185c2,False,1772755200,0,negatif,0.931,positif,positif,negatif,soraya
u16-sKOCTUo,user_652f3c3185c2,True,1772755200,1,netral,0.9866,netral,tanpa_emoji,netral,soraya
u16-sKOCTUo,user_060fc8727748,False,1775433600,1,negatif,0.9438,netral,tanpa_emoji,negatif,soraya
u16-sKOCTUo,user_6c190e2f1659,False,1772755200,0,negatif,0.6673,netral,tanpa_emoji,negatif,soraya
u16-sKOCTUo,user_99c0f62639e4,False,1772755200,0,positif,0.5784,positif,netral,positif,soraya
u16-sKOCTUo,user_263137199c32,False,1772755200,0,netral,0.5226,netral,netral,netral,soraya
u16-sKOCTUo,user_e0b6fada1181,False,1772755200,0,netral,0.4642,netral,tanpa_emoji,netral,soraya
u16-sKOCTUo,user_1b92f8c96032,False,1770336000,0,positif,0.9777,netral,tanpa_emoji,positif,soraya
u16-sKOCTUo,user_797a41de5ece,False,1770336000,3,positif,0.9229,netral,tanpa_emoji,positif,soraya
u16-sKOCTUo,user_28eafeb0022f,True,1770336000,0,positif,0.989,negatif,tanpa_emoji,positif,soraya
u16-sKOCTUo,user_051afb298050,True,1770336000,0,positif,0.9422,netral,tanpa_emoji,positif,soraya
u16-sKOCTUo,user_618915bc6264,False,1775433600,0,netral,0.8096,netral,tanpa_emoji,netral,soraya
u16-sKOCTUo,user_a4765d73bd5b,False,1770336000,0,positif,0.9816,positif,netral,positif,soraya
u16-sKOCTUo,user_273bd37c2238,False,1770336000,0,negatif,0.6538,netral,tanpa_emoji,negatif,soraya
u16-sKOCTUo,user_ff9a22b1df44,False,1775433600,0,netral,0.5663,positif,tanpa_emoji,netral,soraya
u16-sKOCTUo,user_2cabf1bc196b,False,1770336000,0,negatif,0.9565,netral,netral,negatif,soraya
u16-sKOCTUo,user_790ddef6d6f1,False,1772755200,1,positif,0.955,negatif,netral,positif,soraya
u16-sKOCTUo,user_67804a65fcd6,False,1770336000,0,netral,0.912,netral,tanpa_emoji,netral,soraya
u16-sKOCTUo,user_9b0c9db193d6,False,1770336000,0,netral,0.3903,netral,tanpa_emoji,netral,soraya
u16-sKOCTUo,user_d4538dc26871,False,1770336000,1,negatif,0.7492,netral,tanpa_emoji,negatif,soraya
u16-sKOCTUo,user_8ea106568a5a,False,1770336000,0,negatif,0.8864,negatif,tanpa_emoji,negatif,soraya
u16-sKOCTUo,user_23e500a41f8d,False,1772755200,0,negatif,0.7933,positif,positif,negatif,soraya
u16-sKOCTUo,user_b1ce01ca435b,False,1770336000,1,negatif,0.9963,netral,tanpa_emoji,negatif,soraya
u16-sKOCTUo,user_25c0a171f32e,False,1772755200,0,negatif,0.6304,netral,tanpa_emoji,negatif,soraya
u16-sKOCTUo,user_6a6558aabf16,False,1770336000,0,positif,0.6928,netral,tanpa_emoji,positif,soraya
u16-sKOCTUo,user_2e4f0452ab7f,False,1772755200,0,negatif,0.502,positif,positif,positif,soraya
u16-sKOCTUo,user_2b78438af9db,False,1770336000,1,negatif,0.9891,netral,tanpa_emoji,negatif,soraya
u16-sKOCTUo,user_6147272f0436,False,1770336000,0,negatif,0.6812,negatif,tanpa_emoji,negatif,soraya
u16-sKOCTUo,user_2aa6a7075476,False,1775433600,1,negatif,0.9818,negatif,tanpa_emoji,negatif,soraya
u16-sKOCTUo,user_906fae245c2a,False,1770336000,0,negatif,0.6985,netral,tanpa_emoji,negatif,soraya
u16-sKOCTUo,user_60e3e53f8ff1,False,1775433600,1,negatif,0.7345,netral,tanpa_emoji,negatif,soraya
u16-sKOCTUo,user_81b1652677f5,False,1772755200,2,negatif,0.923,netral,tanpa_emoji,negatif,soraya
u16-sKOCTUo,user_e5cb65388fc1,False,1770336000,0,negatif,0.9978,netral,tanpa_emoji,negatif,soraya
u16-sKOCTUo,user_617a2df75d4c,False,1775433600,2,negatif,0.9869,negatif,tanpa_emoji,negatif,soraya
u16-sKOCTUo,user_7f6206c06d3c,False,1770336000,1,negatif,0.9718,netral,tanpa_emoji,negatif,soraya
u16-sKOCTUo,user_88189c23a29b,False,1772755200,0,positif,0.6095,negatif,tanpa_emoji,positif,soraya
u16-sKOCTUo,user_dfa1b3b4c224,False,1770336000,0,negatif,0.9741,netral,tanpa_emoji,negatif,soraya
u16-sKOCTUo,user_5ef1d656cb40,False,1775433600,0,negatif,0.756,netral,netral,negatif,soraya
u16-sKOCTUo,user_75c23f04fb40,False,1772755200,0,positif,0.9073,positif,tanpa_emoji,positif,soraya
u16-sKOCTUo,user_07a55618aab2,False,1772755200,0,netral,0.5698,netral,netral,netral,soraya
u16-sKOCTUo,user_1f6a883cf1f4,False,1770336000,0,negatif,0.9968,netral,tanpa_emoji,negatif,soraya
u16-sKOCTUo,user_11ae47fc5939,False,1770336000,0,netral,0.7231,netral,tanpa_emoji,netral,soraya
u16-sKOCTUo,user_ee0226815375,False,1775433600,1,negatif,0.9879,netral,tanpa_emoji,negatif,soraya
u16-sKOCTUo,user_86af4c5e1124,False,1770336000,4,negatif,0.8346,netral,netral,negatif,soraya
u16-sKOCTUo,user_c01e5a1b38d1,True,1772755200,0,negatif,0.9875,netral,netral,netral,soraya
u16-sKOCTUo,user_17937f97b5e6,True,1775433600,0,netral,0.6364,netral,tanpa_emoji,netral,soraya
u16-sKOCTUo,user_90dff054642f,False,1770336000,2,positif,0.6567,positif,positif,positif,soraya
u16-sKOCTUo,user_7c4942d3b68a,True,1770336000,1,negatif,0.941,positif,positif,positif,soraya
u16-sKOCTUo,user_242209df95ea,True,1770336000,0,positif,0.7559,netral,tanpa_emoji,positif,soraya
u16-sKOCTUo,user_17937f97b5e6,True,1775433600,0,netral,0.6364,netral,tanpa_emoji,netral,soraya
u16-sKOCTUo,user_7becdf475c36,False,1775433600,0,netral,0.4889,netral,tanpa_emoji,netral,soraya
u16-sKOCTUo,user_7c209c2b779e,False,1770336000,0,netral,0.6504,netral,netral,netral,soraya
u16-sKOCTUo,user_542b15352fe4,False,1770336000,0,negatif,0.9893,positif,tanpa_emoji,negatif,soraya
u16-sKOCTUo,user_bd4e7055d04b,False,1770336000,0,negatif,0.8648,netral,netral,negatif,soraya
u16-sKOCTUo,user_17d955f0bcb8,False,1770336000,0,negatif,0.6586,netral,tanpa_emoji,negatif,soraya
u16-sKOCTUo,user_627acc49fbf3,False,1770336000,0,positif,0.996,netral,tanpa_emoji,positif,soraya
u16-sKOCTUo,user_94056e03a771,False,1770336000,0,positif,0.6451,positif,tanpa_emoji,positif,soraya
u16-sKOCTUo,user_ba4233184427,False,1770336000,0,negatif,0.9003,positif,tanpa_emoji,negatif,soraya
u16-sKOCTUo,user_78faf2dd0995,False,1770336000,0,positif,0.6533,positif,tanpa_emoji,positif,soraya
u16-sKOCTUo,user_cd2ee5f5ef17,False,1770336000,1,negatif,0.5913,netral,tanpa_emoji,negatif,soraya
u16-sKOCTUo,user_45cfe2e44aaa,True,1770336000,0,negatif,0.5759,netral,tanpa_emoji,negatif,soraya
u16-sKOCTUo,user_943a7bcee52d,False,1770336000,3,netral,0.9433,netral,tanpa_emoji,netral,soraya
u16-sKOCTUo,user_051afb298050,True,1770336000,0,negatif,0.6575,negatif,tanpa_emoji,negatif,soraya
u16-sKOCTUo,user_990e67762beb,False,1770336000,0,negatif,0.6733,netral,tanpa_emoji,negatif,soraya
u16-sKOCTUo,user_71607b6b2d2f,False,1770336000,0,positif,0.8475,positif,tanpa_emoji,positif,soraya
u16-sKOCTUo,user_f5c3cdd60824,False,1772755200,0,positif,0.6619,positif,tanpa_emoji,positif,soraya
u16-sKOCTUo,user_1707725026ef,False,1770336000,0,negatif,0.6924,netral,tanpa_emoji,negatif,soraya
u16-sKOCTUo,user_5786dbc04f58,False,1770336000,2,negatif,0.6725,positif,tanpa_emoji,negatif,soraya
u16-sKOCTUo,user_1af0943a26cb,True,1770336000,0,negatif,0.5016,positif,tanpa_emoji,negatif,soraya
u16-sKOCTUo,user_62a281335ff5,False,1770336000,0,negatif,0.9573,netral,tanpa_emoji,negatif,soraya
u16-sKOCTUo,user_68319c8247df,False,1770336000,0,positif,0.9917,positif,tanpa_emoji,positif,soraya
u16-sKOCTUo,user_b4559e61cf09,False,1770336000,0,negatif,0.6399,netral,tanpa_emoji,negatif,soraya
u16-sKOCTUo,user_f733b1c9cb7f,False,1770336000,0,negatif,0.9992,netral,tanpa_emoji,negatif,soraya
u16-sKOCTUo,user_86b3dfce77f9,False,1770336000,0,negatif,0.9956,netral,tanpa_emoji,negatif,soraya
u16-sKOCTUo,user_a95d1ffc7773,False,1770336000,0,negatif,0.7684,negatif,tanpa_emoji,negatif,soraya
u16-sKOCTUo,user_c4bc6513077a,False,1770336000,7,netral,0.508,netral,netral,netral,soraya
u16-sKOCTUo,user_17937f97b5e6,True,1775433600,2,netral,0.6364,netral,tanpa_emoji,netral,soraya
u16-sKOCTUo,user_b9c0feb48611,True,1770336000,0,netral,0.7489,netral,tanpa_emoji,netral,soraya
u16-sKOCTUo,user_a2a9f319b055,False,1770336000,0,negatif,0.9842,netral,tanpa_emoji,negatif,soraya
u16-sKOCTUo,user_9cb78b9ea7ba,False,1770336000,0,positif,0.973,positif,tanpa_emoji,positif,soraya
u16-sKOCTUo,user_a5dce913160b,False,1772755200,0,negatif,0.6105,negatif,tanpa_emoji,negatif,soraya
u16-sKOCTUo,user_4dd1edd8f99f,False,1770336000,1,negatif,0.9824,netral,tanpa_emoji,negatif,soraya
u16-sKOCTUo,user_55a37513d7d4,False,1770336000,0,positif,0.8926,netral,tanpa_emoji,positif,soraya
u16-sKOCTUo,user_e1c54933d5ee,False,1772755200,0,negatif,0.9736,netral,tanpa_emoji,negatif,soraya
u16-sKOCTUo,user_b847e1ad80c7,False,1770336000,0,negatif,0.9836,netral,tanpa_emoji,negatif,soraya
u16-sKOCTUo,user_d4df0dea89b5,False,1770336000,0,positif,0.904,positif,tanpa_emoji,positif,soraya
u16-sKOCTUo,user_5d13a528ddff,False,1770336000,0,netral,0.7555,netral,tanpa_emoji,netral,soraya
u16-sKOCTUo,user_7f6a0a3c468c,True,1770336000,0,negatif,0.5053,netral,tanpa_emoji,negatif,soraya
u16-sKOCTUo,user_7a085a24a746,False,1770336000,0,negatif,0.9968,negatif,tanpa_emoji,negatif,soraya
u16-sKOCTUo,user_67d52131ee69,False,1770336000,0,negatif,0.7188,netral,tanpa_emoji,negatif,soraya
u16-sKOCTUo,user_3ab29126bb57,False,1770336000,3,positif,0.9358,negatif,tanpa_emoji,positif,soraya
u16-sKOCTUo,user_fe20c3f17a2f,True,1770336000,1,positif,0.9883,positif,netral,positif,soraya
u16-sKOCTUo,user_3ab29126bb57,True,1770336000,1,positif,0.5461,netral,tanpa_emoji,positif,soraya
u16-sKOCTUo,user_fe20c3f17a2f,True,1770336000,0,positif,0.983,positif,tanpa_emoji,positif,soraya
u16-sKOCTUo,user_17937f97b5e6,True,1775433600,0,netral,0.6605,netral,netral,netral,soraya
u16-sKOCTUo,user_e2c60038310c,False,1770336000,0,positif,0.9877,positif,tanpa_emoji,positif,soraya
u16-sKOCTUo,user_6d60f04672fb,False,1770336000,1,positif,0.6373,netral,tanpa_emoji,positif,soraya
u16-sKOCTUo,user_0ecc114adc31,False,1770336000,5,negatif,0.9954,netral,tanpa_emoji,negatif,soraya
u16-sKOCTUo,user_55390c3e1de3,True,1770336000,0,negatif,0.9984,negatif,tanpa_emoji,negatif,soraya
u16-sKOCTUo,user_5d5b7e8da5ef,False,1772755200,0,netral,0.9257,netral,tanpa_emoji,netral,soraya
u16-sKOCTUo,user_a2b66335cc87,False,1770336000,1,negatif,0.9983,negatif,netral,negatif,soraya
u16-sKOCTUo,user_daf7a62ae97a,False,1775433600,0,negatif,0.4543,netral,tanpa_emoji,negatif,soraya
u16-sKOCTUo,user_881773d6116c,False,1770336000,0,negatif,0.9163,positif,tanpa_emoji,negatif,soraya
u16-sKOCTUo,user_94c2b7a05983,False,1770336000,0,positif,0.7883,positif,netral,positif,soraya
u16-sKOCTUo,user_a4f5c133a9e8,True,1770336000,1,negatif,0.8419,netral,tanpa_emoji,negatif,soraya
u16-sKOCTUo,user_b1b82ce52596,False,1770336000,0,negatif,0.9301,netral,tanpa_emoji,negatif,soraya
u16-sKOCTUo,user_964dc73f1bc8,False,1770336000,0,negatif,0.9743,netral,tanpa_emoji,negatif,soraya
u16-sKOCTUo,user_682ebcb08213,False,1772755200,0,netral,0.5696,netral,netral,netral,soraya
u16-sKOCTUo,user_58279b177b64,False,1770336000,0,netral,0.7486,netral,tanpa_emoji,netral,soraya
u16-sKOCTUo,user_0c3adbf9c8a8,False,1770336000,0,netral,0.8006,netral,tanpa_emoji,netral,soraya
u16-sKOCTUo,user_5fd4d248aa8d,False,1770336000,0,negatif,0.9876,netral,tanpa_emoji,negatif,soraya
u16-sKOCTUo,user_47618b6751d8,False,1770336000,0,negatif,0.8118,negatif,tanpa_emoji,negatif,soraya
u16-sKOCTUo,user_a7dce9df1d58,False,1770336000,0,negatif,0.9613,netral,tanpa_emoji,negatif,soraya
u16-sKOCTUo,user_cb37303c663d,False,1770336000,0,negatif,0.9505,netral,netral,negatif,soraya
u16-sKOCTUo,user_3f5cb7b1f13f,False,1770336000,3,positif,0.5624,netral,tanpa_emoji,positif,soraya
u16-sKOCTUo,user_031ce304a3e4,False,1770336000,0,negatif,0.9017,netral,tanpa_emoji,negatif,soraya
u16-sKOCTUo,user_384048d0ec31,False,1772755200,0,negatif,0.7413,netral,tanpa_emoji,negatif,soraya
u16-sKOCTUo,user_deb41554e84c,False,1772755200,0,netral,0.9332,netral,tanpa_emoji,netral,soraya
u16-sKOCTUo,user_8dd7ce812f60,False,1770336000,0,negatif,0.7402,netral,tanpa_emoji,negatif,soraya
u16-sKOCTUo,user_d14adc425845,False,1770336000,0,negatif,0.8798,netral,netral,negatif,soraya
u16-sKOCTUo,user_ebaeba9d54fc,False,1770336000,0,negatif,0.9938,negatif,netral,negatif,soraya
u16-sKOCTUo,user_7d9ccaac8def,False,1772755200,1,negatif,0.7103,netral,tanpa_emoji,negatif,soraya
u16-sKOCTUo,user_8dc8836fc570,False,1772755200,0,negatif,0.9941,netral,tanpa_emoji,negatif,soraya
u16-sKOCTUo,user_deee97078d6b,False,1772755200,0,negatif,0.9408,netral,netral,negatif,soraya
u16-sKOCTUo,user_78d518ed5eb4,False,1770336000,0,negatif,0.971,netral,tanpa_emoji,negatif,soraya
u16-sKOCTUo,user_39c43d88f657,False,1770336000,0,negatif,0.6755,netral,tanpa_emoji,negatif,soraya
u16-sKOCTUo,user_3dedc9b9da2b,False,1770336000,0,negatif,0.4931,netral,tanpa_emoji,negatif,soraya
u16-sKOCTUo,user_75714defead3,False,1770336000,0,negatif,0.9132,netral,tanpa_emoji,negatif,soraya
u16-sKOCTUo,user_14ed6b4ac86f,False,1770336000,0,negatif,0.9132,netral,tanpa_emoji,negatif,soraya
u16-sKOCTUo,user_7d88515c8785,False,1772755200,1,negatif,0.9958,negatif,tanpa_emoji,negatif,soraya
u16-sKOCTUo,user_a611a69f67bc,False,1770336000,1,negatif,0.9929,netral,tanpa_emoji,negatif,soraya
u16-sKOCTUo,user_dc9d10c812f5,False,1770336000,0,negatif,0.9907,negatif,netral,negatif,soraya
u16-sKOCTUo,user_61b04d63c5da,True,1770336000,0,negatif,0.7473,netral,tanpa_emoji,negatif,soraya
u16-sKOCTUo,user_271dc2f06277,False,1770336000,0,netral,0.9383,netral,tanpa_emoji,netral,soraya
u16-sKOCTUo,user_aa9e5af9964c,False,1770336000,0,negatif,0.984,netral,tanpa_emoji,negatif,soraya
u16-sKOCTUo,user_1deae310c3cd,False,1772755200,0,negatif,0.997,netral,tanpa_emoji,negatif,soraya
u16-sKOCTUo,user_b98c517f4fbd,False,1770336000,0,negatif,0.6372,netral,tanpa_emoji,negatif,soraya
u16-sKOCTUo,user_10e632095e34,False,1772755200,0,positif,0.977,positif,tanpa_emoji,positif,soraya
u16-sKOCTUo,user_051b91ffff84,False,1772755200,0,netral,0.9302,netral,netral,netral,soraya
u16-sKOCTUo,user_953de6791541,False,1772755200,0,negatif,0.465,netral,tanpa_emoji,negatif,soraya
u16-sKOCTUo,user_953de6791541,True,1772755200,0,positif,0.8636,positif,tanpa_emoji,positif,soraya
u16-sKOCTUo,user_5824bfcda17b,False,1770336000,0,negatif,0.9914,netral,netral,negatif,soraya
u16-sKOCTUo,user_abf4e6ce3069,False,1770336000,0,negatif,0.7787,netral,tanpa_emoji,negatif,soraya
xSMw6AWHHKY,user_55a4e28020d6,False,1759708800,6,positif,0.6058,netral,tanpa_emoji,positif,soraya
xSMw6AWHHKY,user_3cf5ead32c87,False,1759708800,4,positif,0.9939,positif,tanpa_emoji,positif,soraya
xSMw6AWHHKY,user_a8dc111c1b77,False,1759708800,2,negatif,0.9925,positif,netral,negatif,soraya
xSMw6AWHHKY,user_2fb3b8b2c38e,False,1759708800,1,netral,0.4809,positif,positif,positif,soraya
xSMw6AWHHKY,user_9770371c60d6,False,1759708800,1,negatif,0.8831,netral,tanpa_emoji,negatif,soraya
xSMw6AWHHKY,user_4a6a09d7a835,False,1759708800,1,negatif,0.9915,netral,tanpa_emoji,negatif,soraya
xSMw6AWHHKY,user_9127f3664c27,False,1759708800,2,negatif,0.996,netral,tanpa_emoji,negatif,soraya
xSMw6AWHHKY,user_ad1e36e4a30a,False,1759708800,3,negatif,0.9699,netral,netral,negatif,soraya
xSMw6AWHHKY,user_7b00211504c5,False,1759708800,2,negatif,0.6318,netral,tanpa_emoji,negatif,soraya
xSMw6AWHHKY,user_807ba28de634,False,1759708800,2,netral,0.6646,netral,tanpa_emoji,netral,soraya
xSMw6AWHHKY,user_413668d6ebea,False,1759708800,2,negatif,0.7287,negatif,tanpa_emoji,negatif,soraya
xSMw6AWHHKY,user_17937f97b5e6,False,1759708800,1,netral,0.6364,netral,tanpa_emoji,netral,soraya
xSMw6AWHHKY,user_0d5d1891a9e8,False,1759708800,2,negatif,0.8805,netral,tanpa_emoji,negatif,soraya
xSMw6AWHHKY,user_c68cb7d063ba,False,1759708800,1,netral,0.99,netral,tanpa_emoji,netral,soraya
xSMw6AWHHKY,user_3d70ffc4091e,False,1759708800,2,negatif,0.7235,netral,tanpa_emoji,negatif,soraya
xSMw6AWHHKY,user_d27a447f9590,False,1759708800,2,negatif,0.9103,netral,tanpa_emoji,negatif,soraya
xSMw6AWHHKY,user_b507748c447f,False,1759708800,2,positif,0.7075,netral,tanpa_emoji,positif,soraya
xSMw6AWHHKY,user_efc4f2d7f1fc,True,1767657600,0,negatif,0.9793,netral,netral,negatif,soraya
xSMw6AWHHKY,user_9f636aae797c,False,1759708800,10,negatif,0.9457,netral,tanpa_emoji,negatif,soraya
xSMw6AWHHKY,user_d523908a8052,True,1759708800,4,negatif,0.5799,netral,tanpa_emoji,negatif,soraya
xSMw6AWHHKY,user_0bf77c0f2fa9,True,1759708800,3,negatif,0.998,positif,tanpa_emoji,negatif,soraya
xSMw6AWHHKY,user_d03c9a9563f5,False,1759708800,3,negatif,0.7137,negatif,tanpa_emoji,negatif,soraya
xSMw6AWHHKY,user_b46d066e6f47,True,1759708800,2,netral,0.3711,positif,tanpa_emoji,netral,soraya
xSMw6AWHHKY,user_d4b9fce5b0b9,True,1759708800,2,negatif,0.9975,netral,tanpa_emoji,negatif,soraya
xSMw6AWHHKY,user_5babedeccf81,False,1759708800,1,negatif,0.8436,negatif,tanpa_emoji,negatif,soraya
xSMw6AWHHKY,user_5babedeccf81,True,1759708800,1,netral,0.4819,netral,netral,netral,soraya
xSMw6AWHHKY,user_17937f97b5e6,True,1759708800,1,netral,0.6364,netral,tanpa_emoji,netral,soraya
xSMw6AWHHKY,user_1a64ccb6c985,False,1759708800,3,negatif,0.5366,netral,tanpa_emoji,negatif,soraya
xSMw6AWHHKY,user_1f723474b4f5,True,1759708800,1,netral,0.8561,netral,netral,netral,soraya
xSMw6AWHHKY,user_17937f97b5e6,True,1759708800,1,netral,0.6364,netral,tanpa_emoji,netral,soraya
xSMw6AWHHKY,user_c0b112dbe43e,False,1759708800,2,negatif,0.8803,netral,tanpa_emoji,negatif,soraya
xSMw6AWHHKY,user_f6873ad51f1e,True,1759708800,2,negatif,0.9789,negatif,tanpa_emoji,negatif,soraya
xSMw6AWHHKY,user_c0b112dbe43e,True,1759708800,2,netral,0.6646,netral,tanpa_emoji,netral,soraya
xSMw6AWHHKY,user_24e384eaa3df,True,1759708800,2,netral,0.5644,netral,tanpa_emoji,netral,soraya
xSMw6AWHHKY,user_ff99ec45cb07,False,1759708800,2,negatif,0.9982,netral,tanpa_emoji,negatif,soraya
